timestamp,recon_error,threshold
2023-01-01 23:00:00,0.031220254,0.004686
2023-01-02 00:00:00,0.031077472,0.004686
2023-01-02 01:00:00,0.031231329,0.004686
2023-01-02 02:00:00,0.031349532,0.004686
2023-01-02 03:00:00,0.03134876,0.004686
2023-01-02 04:00:00,0.031843916,0.004686
2023-01-02 05:00:00,0.030985901,0.004686
2023-01-02 06:00:00,0.030331971,0.004686
2023-01-02 07:00:00,0.029088134,0.004686
2023-01-02 08:00:00,0.029559748,0.004686
2023-01-02 09:00:00,0.031636324,0.004686
2023-01-02 10:00:00,0.030546151,0.004686
2023-01-02 11:00:00,0.03239007,0.004686
2023-01-02 12:00:00,0.034134153,0.004686
2023-01-02 13:00:00,0.035361633,0.004686
2023-01-02 14:00:00,0.03763497,0.004686
2023-01-02 15:00:00,0.0375316,0.004686
2023-01-02 16:00:00,0.035694115,0.004686
2023-01-02 17:00:00,0.03426509,0.004686
2023-01-02 18:00:00,0.034437336,0.004686
2023-01-02 19:00:00,0.03421534,0.004686
2023-01-02 20:00:00,0.032565176,0.004686
2023-01-02 21:00:00,0.032000408,0.004686
2023-01-02 22:00:00,0.031605005,0.004686
2023-01-02 23:00:00,0.0312238,0.004686
2023-01-03 00:00:00,0.031437382,0.004686
2023-01-03 01:00:00,0.031286612,0.004686
2023-01-03 02:00:00,0.031411372,0.004686
2023-01-03 03:00:00,0.031027205,0.004686
2023-01-03 04:00:00,0.029864447,0.004686
2023-01-03 05:00:00,0.029774345,0.004686
2023-01-03 06:00:00,0.02969059,0.004686
2023-01-03 07:00:00,0.029725319,0.004686
2023-01-03 08:00:00,0.031342123,0.004686
2023-01-03 09:00:00,0.033075724,0.004686
2023-01-03 10:00:00,0.032583654,0.004686
2023-01-03 11:00:00,0.033914234,0.004686
2023-01-03 12:00:00,0.034237113,0.004686
2023-01-03 13:00:00,0.037111983,0.004686
2023-01-03 14:00:00,0.03762155,0.004686
2023-01-03 15:00:00,0.038276024,0.004686
2023-01-03 16:00:00,0.037775412,0.004686
2023-01-03 17:00:00,0.036376003,0.004686
2023-01-03 18:00:00,0.036308806,0.004686
2023-01-03 19:00:00,0.036392696,0.004686
2023-01-03 20:00:00,0.03605923,0.004686
2023-01-03 21:00:00,0.03754187,0.004686
2023-01-03 22:00:00,0.038693167,0.004686
2023-01-03 23:00:00,0.038570996,0.004686
2023-01-04 00:00:00,0.039160263,0.004686
2023-01-04 01:00:00,0.03906954,0.004686
2023-01-04 02:00:00,0.039379317,0.004686
2023-01-04 03:00:00,0.040132876,0.004686
2023-01-04 04:00:00,0.039235864,0.004686
2023-01-04 05:00:00,0.038577165,0.004686
2023-01-04 06:00:00,0.037891474,0.004686
2023-01-04 07:00:00,0.038679186,0.004686
2023-01-04 08:00:00,0.039456878,0.004686
2023-01-04 09:00:00,0.039526027,0.004686
2023-01-04 10:00:00,0.039383706,0.004686
2023-01-04 11:00:00,0.040488824,0.004686
2023-01-04 12:00:00,0.04170928,0.004686
2023-01-04 13:00:00,0.043511897,0.004686
2023-01-04 14:00:00,0.042913657,0.004686
2023-01-04 15:00:00,0.0423671,0.004686
2023-01-04 16:00:00,0.042368133,0.004686
2023-01-04 17:00:00,0.040243115,0.004686
2023-01-04 18:00:00,0.03952773,0.004686
2023-01-04 19:00:00,0.039521813,0.004686
2023-01-04 20:00:00,0.03998499,0.004686
2023-01-04 21:00:00,0.04076438,0.004686
2023-01-04 22:00:00,0.039835777,0.004686
2023-01-04 23:00:00,0.038835768,0.004686
2023-01-05 00:00:00,0.039874513,0.004686
2023-01-05 01:00:00,0.038314614,0.004686
2023-01-05 02:00:00,0.038087036,0.004686
2023-01-05 03:00:00,0.03866148,0.004686
2023-01-05 04:00:00,0.03847612,0.004686
2023-01-05 05:00:00,0.040415704,0.004686
2023-01-05 06:00:00,0.039746966,0.004686
2023-01-05 07:00:00,0.04036452,0.004686
2023-01-05 08:00:00,0.039816216,0.004686
2023-01-05 09:00:00,0.038165398,0.004686
2023-01-05 10:00:00,0.036780924,0.004686
2023-01-05 11:00:00,0.03620073,0.004686
2023-01-05 12:00:00,0.037065703,0.004686
2023-01-05 13:00:00,0.037458934,0.004686
2023-01-05 14:00:00,0.03873183,0.004686
2023-01-05 15:00:00,0.038366456,0.004686
2023-01-05 16:00:00,0.0354276,0.004686
2023-01-05 17:00:00,0.033856764,0.004686
2023-01-05 18:00:00,0.030207375,0.004686
2023-01-05 19:00:00,0.030757714,0.004686
2023-01-05 20:00:00,0.030373076,0.004686
2023-01-05 21:00:00,0.027935699,0.004686
2023-01-05 22:00:00,0.02766055,0.004686
2023-01-05 23:00:00,0.02618529,0.004686
2023-01-06 00:00:00,0.02612852,0.004686
2023-01-06 01:00:00,0.02581671,0.004686
2023-01-06 02:00:00,0.025381668,0.004686
2023-01-06 03:00:00,0.025828116,0.004686
2023-01-06 04:00:00,0.023875248,0.004686
2023-01-06 05:00:00,0.02233607,0.004686
2023-01-06 06:00:00,0.018471671,0.004686
2023-01-06 07:00:00,0.016562082,0.004686
2023-01-06 08:00:00,0.015627064,0.004686
2023-01-06 09:00:00,0.016236354,0.004686
2023-01-06 10:00:00,0.016103126,0.004686
2023-01-06 11:00:00,0.016139532,0.004686
2023-01-06 12:00:00,0.016215436,0.004686
2023-01-06 13:00:00,0.017452316,0.004686
2023-01-06 14:00:00,0.018659804,0.004686
2023-01-06 15:00:00,0.019905051,0.004686
2023-01-06 16:00:00,0.021230668,0.004686
2023-01-06 17:00:00,0.022556357,0.004686
2023-01-06 18:00:00,0.023608917,0.004686
2023-01-06 19:00:00,0.024661096,0.004686
2023-01-06 20:00:00,0.025453718,0.004686
2023-01-06 21:00:00,0.025492964,0.004686
2023-01-06 22:00:00,0.025498083,0.004686
2023-01-06 23:00:00,0.026075834,0.004686
2023-01-07 00:00:00,0.026897121,0.004686
2023-01-07 01:00:00,0.028118987,0.004686
2023-01-07 02:00:00,0.027827187,0.004686
2023-01-07 03:00:00,0.02878246,0.004686
2023-01-07 04:00:00,0.030715736,0.004686
2023-01-07 05:00:00,0.031850077,0.004686
2023-01-07 06:00:00,0.0316627,0.004686
2023-01-07 07:00:00,0.031839557,0.004686
2023-01-07 08:00:00,0.033697788,0.004686
2023-01-07 09:00:00,0.033985537,0.004686
2023-01-07 10:00:00,0.036156636,0.004686
2023-01-07 11:00:00,0.03652721,0.004686
2023-01-07 12:00:00,0.03881287,0.004686
2023-01-07 13:00:00,0.03917985,0.004686
2023-01-07 14:00:00,0.038090106,0.004686
2023-01-07 15:00:00,0.03725088,0.004686
2023-01-07 16:00:00,0.03599382,0.004686
2023-01-07 17:00:00,0.034191933,0.004686
2023-01-07 18:00:00,0.032092318,0.004686
2023-01-07 19:00:00,0.030069094,0.004686
2023-01-07 20:00:00,0.028269427,0.004686
2023-01-07 21:00:00,0.027652854,0.004686
2023-01-07 22:00:00,0.026740845,0.004686
2023-01-07 23:00:00,0.026355315,0.004686
2023-01-08 00:00:00,0.02744938,0.004686
2023-01-08 01:00:00,0.028786335,0.004686
2023-01-08 02:00:00,0.027090091,0.004686
2023-01-08 03:00:00,0.026792612,0.004686
2023-01-08 04:00:00,0.026907211,0.004686
2023-01-08 05:00:00,0.026447546,0.004686
2023-01-08 06:00:00,0.02534256,0.004686
2023-01-08 07:00:00,0.025916055,0.004686
2023-01-08 08:00:00,0.028357042,0.004686
2023-01-08 09:00:00,0.027685361,0.004686
2023-01-08 10:00:00,0.02764356,0.004686
2023-01-08 11:00:00,0.0290245,0.004686
2023-01-08 12:00:00,0.029404325,0.004686
2023-01-08 13:00:00,0.030071307,0.004686
2023-01-08 14:00:00,0.0318186,0.004686
2023-01-08 15:00:00,0.03257668,0.004686
2023-01-08 16:00:00,0.031505093,0.004686
2023-01-08 17:00:00,0.031005677,0.004686
2023-01-08 18:00:00,0.029188734,0.004686
2023-01-08 19:00:00,0.028378623,0.004686
2023-01-08 20:00:00,0.028196348,0.004686
2023-01-08 21:00:00,0.029003777,0.004686
2023-01-08 22:00:00,0.029239008,0.004686
2023-01-08 23:00:00,0.029456075,0.004686
2023-01-09 00:00:00,0.030024825,0.004686
2023-01-09 01:00:00,0.030680493,0.004686
2023-01-09 02:00:00,0.03166943,0.004686
2023-01-09 03:00:00,0.03227761,0.004686
2023-01-09 04:00:00,0.033312693,0.004686
2023-01-09 05:00:00,0.033492304,0.004686
2023-01-09 06:00:00,0.033198256,0.004686
2023-01-09 07:00:00,0.033002794,0.004686
2023-01-09 08:00:00,0.032937165,0.004686
2023-01-09 09:00:00,0.032657478,0.004686
2023-01-09 10:00:00,0.031857707,0.004686
2023-01-09 11:00:00,0.032294616,0.004686
2023-01-09 12:00:00,0.032644268,0.004686
2023-01-09 13:00:00,0.034018543,0.004686
2023-01-09 14:00:00,0.03555405,0.004686
2023-01-09 15:00:00,0.035637364,0.004686
2023-01-09 16:00:00,0.035186972,0.004686
2023-01-09 17:00:00,0.034043767,0.004686
2023-01-09 18:00:00,0.032605838,0.004686
2023-01-09 19:00:00,0.032463577,0.004686
2023-01-09 20:00:00,0.03211608,0.004686
2023-01-09 21:00:00,0.03192208,0.004686
2023-01-09 22:00:00,0.03116466,0.004686
2023-01-09 23:00:00,0.030088104,0.004686
2023-01-10 00:00:00,0.02918732,0.004686
2023-01-10 01:00:00,0.028021209,0.004686
2023-01-10 02:00:00,0.027319107,0.004686
2023-01-10 03:00:00,0.02638426,0.004686
2023-01-10 04:00:00,0.0262183,0.004686
2023-01-10 05:00:00,0.024260096,0.004686
2023-01-10 06:00:00,0.023730941,0.004686
2023-01-10 07:00:00,0.023559999,0.004686
2023-01-10 08:00:00,0.022965401,0.004686
2023-01-10 09:00:00,0.023382684,0.004686
2023-01-10 10:00:00,0.024634393,0.004686
2023-01-10 11:00:00,0.025347335,0.004686
2023-01-10 12:00:00,0.02664202,0.004686
2023-01-10 13:00:00,0.025617486,0.004686
2023-01-10 14:00:00,0.023714172,0.004686
2023-01-10 15:00:00,0.02219632,0.004686
2023-01-10 16:00:00,0.020340592,0.004686
2023-01-10 17:00:00,0.019585142,0.004686
2023-01-10 18:00:00,0.019659678,0.004686
2023-01-10 19:00:00,0.019759167,0.004686
2023-01-10 20:00:00,0.020116832,0.004686
2023-01-10 21:00:00,0.020041132,0.004686
2023-01-10 22:00:00,0.02020038,0.004686
2023-01-10 23:00:00,0.020637492,0.004686
2023-01-11 00:00:00,0.020778026,0.004686
2023-01-11 01:00:00,0.020800909,0.004686
2023-01-11 02:00:00,0.021912815,0.004686
2023-01-11 03:00:00,0.02306944,0.004686
2023-01-11 04:00:00,0.023533776,0.004686
2023-01-11 05:00:00,0.023949247,0.004686
2023-01-11 06:00:00,0.023354117,0.004686
2023-01-11 07:00:00,0.023211028,0.004686
2023-01-11 08:00:00,0.023113538,0.004686
2023-01-11 09:00:00,0.022140505,0.004686
2023-01-11 10:00:00,0.022346899,0.004686
2023-01-11 11:00:00,0.023626756,0.004686
2023-01-11 12:00:00,0.024892293,0.004686
2023-01-11 13:00:00,0.026318513,0.004686
2023-01-11 14:00:00,0.027288713,0.004686
2023-01-11 15:00:00,0.027086018,0.004686
2023-01-11 16:00:00,0.026397798,0.004686
2023-01-11 17:00:00,0.025366643,0.004686
2023-01-11 18:00:00,0.024408655,0.004686
2023-01-11 19:00:00,0.023460446,0.004686
2023-01-11 20:00:00,0.025050025,0.004686
2023-01-11 21:00:00,0.02473264,0.004686
2023-01-11 22:00:00,0.025050897,0.004686
2023-01-11 23:00:00,0.025536451,0.004686
2023-01-12 00:00:00,0.024753414,0.004686
2023-01-12 01:00:00,0.024995992,0.004686
2023-01-12 02:00:00,0.02647157,0.004686
2023-01-12 03:00:00,0.026539845,0.004686
2023-01-12 04:00:00,0.027669875,0.004686
2023-01-12 05:00:00,0.029861348,0.004686
2023-01-12 06:00:00,0.029022217,0.004686
2023-01-12 07:00:00,0.029164307,0.004686
2023-01-12 08:00:00,0.02966416,0.004686
2023-01-12 09:00:00,0.032163627,0.004686
2023-01-12 10:00:00,0.032324765,0.004686
2023-01-12 11:00:00,0.03061088,0.004686
2023-01-12 12:00:00,0.029793173,0.004686
2023-01-12 13:00:00,0.028738907,0.004686
2023-01-12 14:00:00,0.026711533,0.004686
2023-01-12 15:00:00,0.02729983,0.004686
2023-01-12 16:00:00,0.026611593,0.004686
2023-01-12 17:00:00,0.027753735,0.004686
2023-01-12 18:00:00,0.025777385,0.004686
2023-01-12 19:00:00,0.025329458,0.004686
2023-01-12 20:00:00,0.02799531,0.004686
2023-01-12 21:00:00,0.027682532,0.004686
2023-01-12 22:00:00,0.027775707,0.004686
2023-01-12 23:00:00,0.028915783,0.004686
2023-01-13 00:00:00,0.029545698,0.004686
2023-01-13 01:00:00,0.02975575,0.004686
2023-01-13 02:00:00,0.030282209,0.004686
2023-01-13 03:00:00,0.032524325,0.004686
2023-01-13 04:00:00,0.03455799,0.004686
2023-01-13 05:00:00,0.034499165,0.004686
2023-01-13 06:00:00,0.033504777,0.004686
2023-01-13 07:00:00,0.0341679,0.004686
2023-01-13 08:00:00,0.034765568,0.004686
2023-01-13 09:00:00,0.034151092,0.004686
2023-01-13 10:00:00,0.033818558,0.004686
2023-01-13 11:00:00,0.035627097,0.004686
2023-01-13 12:00:00,0.037800986,0.004686
2023-01-13 13:00:00,0.038119126,0.004686
2023-01-13 14:00:00,0.0390435,0.004686
2023-01-13 15:00:00,0.038883362,0.004686
2023-01-13 16:00:00,0.03771901,0.004686
2023-01-13 17:00:00,0.0372819,0.004686
2023-01-13 18:00:00,0.035959356,0.004686
2023-01-13 19:00:00,0.035388645,0.004686
2023-01-13 20:00:00,0.03425092,0.004686
2023-01-13 21:00:00,0.034155447,0.004686
2023-01-13 22:00:00,0.030944543,0.004686
2023-01-13 23:00:00,0.031226296,0.004686
2023-01-14 00:00:00,0.030515477,0.004686
2023-01-14 01:00:00,0.029957127,0.004686
2023-01-14 02:00:00,0.02998138,0.004686
2023-01-14 03:00:00,0.029413775,0.004686
2023-01-14 04:00:00,0.029440314,0.004686
2023-01-14 05:00:00,0.027994942,0.004686
2023-01-14 06:00:00,0.026070764,0.004686
2023-01-14 07:00:00,0.0238107,0.004686
2023-01-14 08:00:00,0.02288592,0.004686
2023-01-14 09:00:00,0.021507459,0.004686
2023-01-14 10:00:00,0.022382058,0.004686
2023-01-14 11:00:00,0.023293063,0.004686
2023-01-14 12:00:00,0.024312746,0.004686
2023-01-14 13:00:00,0.025366746,0.004686
2023-01-14 14:00:00,0.024445478,0.004686
2023-01-14 15:00:00,0.023572922,0.004686
2023-01-14 16:00:00,0.023113558,0.004686
2023-01-14 17:00:00,0.022590382,0.004686
2023-01-14 18:00:00,0.021556994,0.004686
2023-01-14 19:00:00,0.02155004,0.004686
2023-01-14 20:00:00,0.021846902,0.004686
2023-01-14 21:00:00,0.021814145,0.004686
2023-01-14 22:00:00,0.021917762,0.004686
2023-01-14 23:00:00,0.022853486,0.004686
2023-01-15 00:00:00,0.02312141,0.004686
2023-01-15 01:00:00,0.023950921,0.004686
2023-01-15 02:00:00,0.024405267,0.004686
2023-01-15 03:00:00,0.024773816,0.004686
2023-01-15 04:00:00,0.025296671,0.004686
2023-01-15 05:00:00,0.025642855,0.004686
2023-01-15 06:00:00,0.026476927,0.004686
2023-01-15 07:00:00,0.02745802,0.004686
2023-01-15 08:00:00,0.02917826,0.004686
2023-01-15 09:00:00,0.029389055,0.004686
2023-01-15 10:00:00,0.030675326,0.004686
2023-01-15 11:00:00,0.033486836,0.004686
2023-01-15 12:00:00,0.031803206,0.004686
2023-01-15 13:00:00,0.031943016,0.004686
2023-01-15 14:00:00,0.03178707,0.004686
2023-01-15 15:00:00,0.031886842,0.004686
2023-01-15 16:00:00,0.03050223,0.004686
2023-01-15 17:00:00,0.029602401,0.004686
2023-01-15 18:00:00,0.026631055,0.004686
2023-01-15 19:00:00,0.026027894,0.004686
2023-01-15 20:00:00,0.026081048,0.004686
2023-01-15 21:00:00,0.024897965,0.004686
2023-01-15 22:00:00,0.024951937,0.004686
2023-01-15 23:00:00,0.024108961,0.004686
2023-01-16 00:00:00,0.023571227,0.004686
2023-01-16 01:00:00,0.023385612,0.004686
2023-01-16 02:00:00,0.023342043,0.004686
2023-01-16 03:00:00,0.02252872,0.004686
2023-01-16 04:00:00,0.023509422,0.004686
2023-01-16 05:00:00,0.022872904,0.004686
2023-01-16 06:00:00,0.021851566,0.004686
2023-01-16 07:00:00,0.021180442,0.004686
2023-01-16 08:00:00,0.020863742,0.004686
2023-01-16 09:00:00,0.021730253,0.004686
2023-01-16 10:00:00,0.023646869,0.004686
2023-01-16 11:00:00,0.023842245,0.004686
2023-01-16 12:00:00,0.026990462,0.004686
2023-01-16 13:00:00,0.027631344,0.004686
2023-01-16 14:00:00,0.028409185,0.004686
2023-01-16 15:00:00,0.02918737,0.004686
2023-01-16 16:00:00,0.02951236,0.004686
2023-01-16 17:00:00,0.027204461,0.004686
2023-01-16 18:00:00,0.029508047,0.004686
2023-01-16 19:00:00,0.030380573,0.004686
2023-01-16 20:00:00,0.028289342,0.004686
2023-01-16 21:00:00,0.029863983,0.004686
2023-01-16 22:00:00,0.029536506,0.004686
2023-01-16 23:00:00,0.02904121,0.004686
2023-01-17 00:00:00,0.02969396,0.004686
2023-01-17 01:00:00,0.029048732,0.004686
2023-01-17 02:00:00,0.029317882,0.004686
2023-01-17 03:00:00,0.02939863,0.004686
2023-01-17 04:00:00,0.02953874,0.004686
2023-01-17 05:00:00,0.029104885,0.004686
2023-01-17 06:00:00,0.028406847,0.004686
2023-01-17 07:00:00,0.028496446,0.004686
2023-01-17 08:00:00,0.028320508,0.004686
2023-01-17 09:00:00,0.028704373,0.004686
2023-01-17 10:00:00,0.027997814,0.004686
2023-01-17 11:00:00,0.02840493,0.004686
2023-01-17 12:00:00,0.02869182,0.004686
2023-01-17 13:00:00,0.02899412,0.004686
2023-01-17 14:00:00,0.02865462,0.004686
2023-01-17 15:00:00,0.028069915,0.004686
2023-01-17 16:00:00,0.02744325,0.004686
2023-01-17 17:00:00,0.025474466,0.004686
2023-01-17 18:00:00,0.024266846,0.004686
2023-01-17 19:00:00,0.02354499,0.004686
2023-01-17 20:00:00,0.023804396,0.004686
2023-01-17 21:00:00,0.024086561,0.004686
2023-01-17 22:00:00,0.024661673,0.004686
2023-01-17 23:00:00,0.025028978,0.004686
2023-01-18 00:00:00,0.025687858,0.004686
2023-01-18 01:00:00,0.02559968,0.004686
2023-01-18 02:00:00,0.026202032,0.004686
2023-01-18 03:00:00,0.026550815,0.004686
2023-01-18 04:00:00,0.027241962,0.004686
2023-01-18 05:00:00,0.026463345,0.004686
2023-01-18 06:00:00,0.025299698,0.004686
2023-01-18 07:00:00,0.023974637,0.004686
2023-01-18 08:00:00,0.02323899,0.004686
2023-01-18 09:00:00,0.022245783,0.004686
2023-01-18 10:00:00,0.020962106,0.004686
2023-01-18 11:00:00,0.019722296,0.004686
2023-01-18 12:00:00,0.018927779,0.004686
2023-01-18 13:00:00,0.01803581,0.004686
2023-01-18 14:00:00,0.016882574,0.004686
2023-01-18 15:00:00,0.015414877,0.004686
2023-01-18 16:00:00,0.014183955,0.004686
2023-01-18 17:00:00,0.012818077,0.004686
2023-01-18 18:00:00,0.011422813,0.004686
2023-01-18 19:00:00,0.01015232,0.004686
2023-01-18 20:00:00,0.009321312,0.004686
2023-01-18 21:00:00,0.008530837,0.004686
2023-01-18 22:00:00,0.007851163,0.004686
2023-01-18 23:00:00,0.007293472,0.004686
2023-01-19 00:00:00,0.0066769677,0.004686
2023-01-19 01:00:00,0.0058790715,0.004686
2023-01-19 02:00:00,0.0049841045,0.004686
2023-01-19 03:00:00,0.004890046,0.004686
2023-01-19 04:00:00,0.0048186965,0.004686
2023-01-19 05:00:00,0.0049348697,0.004686
2023-01-19 06:00:00,0.005368503,0.004686
2023-01-19 07:00:00,0.0068709957,0.004686
2023-01-19 08:00:00,0.008597552,0.004686
2023-01-19 09:00:00,0.010511889,0.004686
2023-01-19 10:00:00,0.012060416,0.004686
2023-01-19 11:00:00,0.013038532,0.004686
2023-01-19 12:00:00,0.014723921,0.004686
2023-01-19 13:00:00,0.015569245,0.004686
2023-01-19 14:00:00,0.016419675,0.004686
2023-01-19 15:00:00,0.017425528,0.004686
2023-01-19 16:00:00,0.018730555,0.004686
2023-01-19 17:00:00,0.020116491,0.004686
2023-01-19 18:00:00,0.0212006,0.004686
2023-01-19 19:00:00,0.022275936,0.004686
2023-01-19 20:00:00,0.023289077,0.004686
2023-01-19 21:00:00,0.024087124,0.004686
2023-01-19 22:00:00,0.025234355,0.004686
2023-01-19 23:00:00,0.02654217,0.004686
2023-01-20 00:00:00,0.027592584,0.004686
2023-01-20 01:00:00,0.02925362,0.004686
2023-01-20 02:00:00,0.030774103,0.004686
2023-01-20 03:00:00,0.030987471,0.004686
2023-01-20 04:00:00,0.03131499,0.004686
2023-01-20 05:00:00,0.032967772,0.004686
2023-01-20 06:00:00,0.032216396,0.004686
2023-01-20 07:00:00,0.033521477,0.004686
2023-01-20 08:00:00,0.03361659,0.004686
2023-01-20 09:00:00,0.032606374,0.004686
2023-01-20 10:00:00,0.03229893,0.004686
2023-01-20 11:00:00,0.03381049,0.004686
2023-01-20 12:00:00,0.033909738,0.004686
2023-01-20 13:00:00,0.03612449,0.004686
2023-01-20 14:00:00,0.036469158,0.004686
2023-01-20 15:00:00,0.03595309,0.004686
2023-01-20 16:00:00,0.03652813,0.004686
2023-01-20 17:00:00,0.036807373,0.004686
2023-01-20 18:00:00,0.03467673,0.004686
2023-01-20 19:00:00,0.034276225,0.004686
2023-01-20 20:00:00,0.035159636,0.004686
2023-01-20 21:00:00,0.03445475,0.004686
2023-01-20 22:00:00,0.035122488,0.004686
2023-01-20 23:00:00,0.033796825,0.004686
2023-01-21 00:00:00,0.033520687,0.004686
2023-01-21 01:00:00,0.034295235,0.004686
2023-01-21 02:00:00,0.03544643,0.004686
2023-01-21 03:00:00,0.03398712,0.004686
2023-01-21 04:00:00,0.033614606,0.004686
2023-01-21 05:00:00,0.03256979,0.004686
2023-01-21 06:00:00,0.032260116,0.004686
2023-01-21 07:00:00,0.030995449,0.004686
2023-01-21 08:00:00,0.030186357,0.004686
2023-01-21 09:00:00,0.030898916,0.004686
2023-01-21 10:00:00,0.03127568,0.004686
2023-01-21 11:00:00,0.032630283,0.004686
2023-01-21 12:00:00,0.032179482,0.004686
2023-01-21 13:00:00,0.032936625,0.004686
2023-01-21 14:00:00,0.034488708,0.004686
2023-01-21 15:00:00,0.033396773,0.004686
2023-01-21 16:00:00,0.03387264,0.004686
2023-01-21 17:00:00,0.03323986,0.004686
2023-01-21 18:00:00,0.0322273,0.004686
2023-01-21 19:00:00,0.032106277,0.004686
2023-01-21 20:00:00,0.032517944,0.004686
2023-01-21 21:00:00,0.032484114,0.004686
2023-01-21 22:00:00,0.032230463,0.004686
2023-01-21 23:00:00,0.033177774,0.004686
2023-01-22 00:00:00,0.034497235,0.004686
2023-01-22 01:00:00,0.033043582,0.004686
2023-01-22 02:00:00,0.03247312,0.004686
2023-01-22 03:00:00,0.031099785,0.004686
2023-01-22 04:00:00,0.031558756,0.004686
2023-01-22 05:00:00,0.030057129,0.004686
2023-01-22 06:00:00,0.029479127,0.004686
2023-01-22 07:00:00,0.029626748,0.004686
2023-01-22 08:00:00,0.029285232,0.004686
2023-01-22 09:00:00,0.029309174,0.004686
2023-01-22 10:00:00,0.028523121,0.004686
2023-01-22 11:00:00,0.030418653,0.004686
2023-01-22 12:00:00,0.032895837,0.004686
2023-01-22 13:00:00,0.03365806,0.004686
2023-01-22 14:00:00,0.036115143,0.004686
2023-01-22 15:00:00,0.03657865,0.004686
2023-01-22 16:00:00,0.035395235,0.004686
2023-01-22 17:00:00,0.033852644,0.004686
2023-01-22 18:00:00,0.032915223,0.004686
2023-01-22 19:00:00,0.030570079,0.004686
2023-01-22 20:00:00,0.032054715,0.004686
2023-01-22 21:00:00,0.032894824,0.004686
2023-01-22 22:00:00,0.033092264,0.004686
2023-01-22 23:00:00,0.034829404,0.004686
2023-01-23 00:00:00,0.035415284,0.004686
2023-01-23 01:00:00,0.035366,0.004686
2023-01-23 02:00:00,0.03691027,0.004686
2023-01-23 03:00:00,0.03595254,0.004686
2023-01-23 04:00:00,0.035842028,0.004686
2023-01-23 05:00:00,0.035260435,0.004686
2023-01-23 06:00:00,0.034982905,0.004686
2023-01-23 07:00:00,0.03458833,0.004686
2023-01-23 08:00:00,0.034771208,0.004686
2023-01-23 09:00:00,0.034195103,0.004686
2023-01-23 10:00:00,0.034098253,0.004686
2023-01-23 11:00:00,0.03665044,0.004686
2023-01-23 12:00:00,0.03734688,0.004686
2023-01-23 13:00:00,0.03839292,0.004686
2023-01-23 14:00:00,0.037721466,0.004686
2023-01-23 15:00:00,0.03800123,0.004686
2023-01-23 16:00:00,0.037472423,0.004686
2023-01-23 17:00:00,0.038082305,0.004686
2023-01-23 18:00:00,0.03515678,0.004686
2023-01-23 19:00:00,0.035822112,0.004686
2023-01-23 20:00:00,0.03386385,0.004686
2023-01-23 21:00:00,0.036341123,0.004686
2023-01-23 22:00:00,0.036189772,0.004686
2023-01-23 23:00:00,0.037551515,0.004686
2023-01-24 00:00:00,0.03695769,0.004686
2023-01-24 01:00:00,0.038163908,0.004686
2023-01-24 02:00:00,0.03872181,0.004686
2023-01-24 03:00:00,0.039015576,0.004686
2023-01-24 04:00:00,0.036977965,0.004686
2023-01-24 05:00:00,0.036528863,0.004686
2023-01-24 06:00:00,0.036128324,0.004686
2023-01-24 07:00:00,0.034816552,0.004686
2023-01-24 08:00:00,0.0348061,0.004686
2023-01-24 09:00:00,0.035558328,0.004686
2023-01-24 10:00:00,0.03602363,0.004686
2023-01-24 11:00:00,0.035471387,0.004686
2023-01-24 12:00:00,0.035170577,0.004686
2023-01-24 13:00:00,0.036514882,0.004686
2023-01-24 14:00:00,0.0375177,0.004686
2023-01-24 15:00:00,0.03736922,0.004686
2023-01-24 16:00:00,0.036439616,0.004686
2023-01-24 17:00:00,0.036167692,0.004686
2023-01-24 18:00:00,0.035745196,0.004686
2023-01-24 19:00:00,0.035729606,0.004686
2023-01-24 20:00:00,0.033962257,0.004686
2023-01-24 21:00:00,0.036269862,0.004686
2023-01-24 22:00:00,0.036563933,0.004686
2023-01-24 23:00:00,0.037790854,0.004686
2023-01-25 00:00:00,0.037581485,0.004686
2023-01-25 01:00:00,0.03712874,0.004686
2023-01-25 02:00:00,0.036786806,0.004686
2023-01-25 03:00:00,0.036906693,0.004686
2023-01-25 04:00:00,0.036332116,0.004686
2023-01-25 05:00:00,0.035068043,0.004686
2023-01-25 06:00:00,0.03423177,0.004686
2023-01-25 07:00:00,0.03504129,0.004686
2023-01-25 08:00:00,0.034936633,0.004686
2023-01-25 09:00:00,0.035240788,0.004686
2023-01-25 10:00:00,0.035327535,0.004686
2023-01-25 11:00:00,0.03485843,0.004686
2023-01-25 12:00:00,0.035069317,0.004686
2023-01-25 13:00:00,0.036113385,0.004686
2023-01-25 14:00:00,0.036681212,0.004686
2023-01-25 15:00:00,0.036516294,0.004686
2023-01-25 16:00:00,0.03599502,0.004686
2023-01-25 17:00:00,0.03385913,0.004686
2023-01-25 18:00:00,0.033384938,0.004686
2023-01-25 19:00:00,0.03385701,0.004686
2023-01-25 20:00:00,0.032211345,0.004686
2023-01-25 21:00:00,0.034227084,0.004686
2023-01-25 22:00:00,0.03257122,0.004686
2023-01-25 23:00:00,0.030692797,0.004686
2023-01-26 00:00:00,0.029283963,0.004686
2023-01-26 01:00:00,0.027238319,0.004686
2023-01-26 02:00:00,0.026717229,0.004686
2023-01-26 03:00:00,0.027060334,0.004686
2023-01-26 04:00:00,0.026747247,0.004686
2023-01-26 05:00:00,0.027450863,0.004686
2023-01-26 06:00:00,0.027184494,0.004686
2023-01-26 07:00:00,0.02754247,0.004686
2023-01-26 08:00:00,0.027970802,0.004686
2023-01-26 09:00:00,0.02754754,0.004686
2023-01-26 10:00:00,0.027984662,0.004686
2023-01-26 11:00:00,0.02784855,0.004686
2023-01-26 12:00:00,0.027392166,0.004686
2023-01-26 13:00:00,0.028830811,0.004686
2023-01-26 14:00:00,0.028090345,0.004686
2023-01-26 15:00:00,0.027114026,0.004686
2023-01-26 16:00:00,0.026749214,0.004686
2023-01-26 17:00:00,0.026179802,0.004686
2023-01-26 18:00:00,0.025729265,0.004686
2023-01-26 19:00:00,0.024304377,0.004686
2023-01-26 20:00:00,0.025747878,0.004686
2023-01-26 21:00:00,0.027028598,0.004686
2023-01-26 22:00:00,0.026557883,0.004686
2023-01-26 23:00:00,0.026104903,0.004686
2023-01-27 00:00:00,0.025856044,0.004686
2023-01-27 01:00:00,0.025396843,0.004686
2023-01-27 02:00:00,0.024896331,0.004686
2023-01-27 03:00:00,0.024809875,0.004686
2023-01-27 04:00:00,0.025653154,0.004686
2023-01-27 05:00:00,0.026849382,0.004686
2023-01-27 06:00:00,0.026891576,0.004686
2023-01-27 07:00:00,0.02661149,0.004686
2023-01-27 08:00:00,0.02754608,0.004686
2023-01-27 09:00:00,0.02716371,0.004686
2023-01-27 10:00:00,0.027000614,0.004686
2023-01-27 11:00:00,0.026655328,0.004686
2023-01-27 12:00:00,0.028469596,0.004686
2023-01-27 13:00:00,0.02959166,0.004686
2023-01-27 14:00:00,0.02911523,0.004686
2023-01-27 15:00:00,0.02811597,0.004686
2023-01-27 16:00:00,0.028059527,0.004686
2023-01-27 17:00:00,0.027763655,0.004686
2023-01-27 18:00:00,0.026779577,0.004686
2023-01-27 19:00:00,0.026016135,0.004686
2023-01-27 20:00:00,0.027313152,0.004686
2023-01-27 21:00:00,0.027641399,0.004686
2023-01-27 22:00:00,0.02772878,0.004686
2023-01-27 23:00:00,0.028298534,0.004686
2023-01-28 00:00:00,0.027616013,0.004686
2023-01-28 01:00:00,0.026767068,0.004686
2023-01-28 02:00:00,0.027522791,0.004686
2023-01-28 03:00:00,0.02851279,0.004686
2023-01-28 04:00:00,0.028019885,0.004686
2023-01-28 05:00:00,0.02818413,0.004686
2023-01-28 06:00:00,0.026144553,0.004686
2023-01-28 07:00:00,0.026017854,0.004686
2023-01-28 08:00:00,0.025321752,0.004686
2023-01-28 09:00:00,0.022805711,0.004686
2023-01-28 10:00:00,0.022446657,0.004686
2023-01-28 11:00:00,0.021584924,0.004686
2023-01-28 12:00:00,0.020511435,0.004686
2023-01-28 13:00:00,0.019660367,0.004686
2023-01-28 14:00:00,0.017662682,0.004686
2023-01-28 15:00:00,0.016350996,0.004686
2023-01-28 16:00:00,0.014393885,0.004686
2023-01-28 17:00:00,0.0141884275,0.004686
2023-01-28 18:00:00,0.011827658,0.004686
2023-01-28 19:00:00,0.010010243,0.004686
2023-01-28 20:00:00,0.009690262,0.004686
2023-01-28 21:00:00,0.009613786,0.004686
2023-01-28 22:00:00,0.0095304735,0.004686
2023-01-28 23:00:00,0.0094909705,0.004686
2023-01-29 00:00:00,0.009636967,0.004686
2023-01-29 01:00:00,0.009487502,0.004686
2023-01-29 02:00:00,0.009784245,0.004686
2023-01-29 03:00:00,0.010115624,0.004686
2023-01-29 04:00:00,0.009708092,0.004686
2023-01-29 05:00:00,0.009920414,0.004686
2023-01-29 06:00:00,0.009837385,0.004686
2023-01-29 07:00:00,0.010621296,0.004686
2023-01-29 08:00:00,0.010942136,0.004686
2023-01-29 09:00:00,0.011786079,0.004686
2023-01-29 10:00:00,0.012178258,0.004686
2023-01-29 11:00:00,0.012712404,0.004686
2023-01-29 12:00:00,0.01328144,0.004686
2023-01-29 13:00:00,0.013763378,0.004686
2023-01-29 14:00:00,0.014441198,0.004686
2023-01-29 15:00:00,0.013876369,0.004686
2023-01-29 16:00:00,0.014555263,0.004686
2023-01-29 17:00:00,0.014261399,0.004686
2023-01-29 18:00:00,0.014508637,0.004686
2023-01-29 19:00:00,0.014755885,0.004686
2023-01-29 20:00:00,0.015104589,0.004686
2023-01-29 21:00:00,0.01558611,0.004686
2023-01-29 22:00:00,0.016459553,0.004686
2023-01-29 23:00:00,0.016692057,0.004686
2023-01-30 00:00:00,0.0178016,0.004686
2023-01-30 01:00:00,0.01855163,0.004686
2023-01-30 02:00:00,0.019537652,0.004686
2023-01-30 03:00:00,0.019908423,0.004686
2023-01-30 04:00:00,0.020351319,0.004686
2023-01-30 05:00:00,0.020412795,0.004686
2023-01-30 06:00:00,0.020860225,0.004686
2023-01-30 07:00:00,0.021106372,0.004686
2023-01-30 08:00:00,0.021547433,0.004686
2023-01-30 09:00:00,0.022073917,0.004686
2023-01-30 10:00:00,0.022739312,0.004686
2023-01-30 11:00:00,0.024711654,0.004686
2023-01-30 12:00:00,0.026430443,0.004686
2023-01-30 13:00:00,0.02710111,0.004686
2023-01-30 14:00:00,0.028166246,0.004686
2023-01-30 15:00:00,0.028782215,0.004686
2023-01-30 16:00:00,0.029235618,0.004686
2023-01-30 17:00:00,0.02846542,0.004686
2023-01-30 18:00:00,0.029428307,0.004686
2023-01-30 19:00:00,0.029095907,0.004686
2023-01-30 20:00:00,0.030669684,0.004686
2023-01-30 21:00:00,0.03086404,0.004686
2023-01-30 22:00:00,0.030782802,0.004686
2023-01-30 23:00:00,0.030704347,0.004686
2023-01-31 00:00:00,0.028791007,0.004686
2023-01-31 01:00:00,0.029979983,0.004686
2023-01-31 02:00:00,0.030071508,0.004686
2023-01-31 03:00:00,0.029787969,0.004686
2023-01-31 04:00:00,0.02999018,0.004686
2023-01-31 05:00:00,0.029534401,0.004686
2023-01-31 06:00:00,0.02924747,0.004686
2023-01-31 07:00:00,0.030318541,0.004686
2023-01-31 08:00:00,0.03033101,0.004686
2023-01-31 09:00:00,0.029525349,0.004686
2023-01-31 10:00:00,0.029602898,0.004686
2023-01-31 11:00:00,0.030750688,0.004686
2023-01-31 12:00:00,0.031133007,0.004686
2023-01-31 13:00:00,0.031561114,0.004686
2023-01-31 14:00:00,0.031536836,0.004686
2023-01-31 15:00:00,0.03009076,0.004686
2023-01-31 16:00:00,0.02943303,0.004686
2023-01-31 17:00:00,0.027450817,0.004686
2023-01-31 18:00:00,0.027605383,0.004686
2023-01-31 19:00:00,0.026136804,0.004686
2023-01-31 20:00:00,0.026411623,0.004686
2023-01-31 21:00:00,0.026267335,0.004686
2023-01-31 22:00:00,0.025873523,0.004686
2023-01-31 23:00:00,0.025468694,0.004686
2023-02-01 00:00:00,0.025432851,0.004686
2023-02-01 01:00:00,0.026415322,0.004686
2023-02-01 02:00:00,0.026578702,0.004686
2023-02-01 03:00:00,0.026811682,0.004686
2023-02-01 04:00:00,0.0277344,0.004686
2023-02-01 05:00:00,0.027329935,0.004686
2023-02-01 06:00:00,0.02734655,0.004686
2023-02-01 07:00:00,0.026870942,0.004686
2023-02-01 08:00:00,0.028030613,0.004686
2023-02-01 09:00:00,0.028372698,0.004686
2023-02-01 10:00:00,0.02826269,0.004686
2023-02-01 11:00:00,0.027448568,0.004686
2023-02-01 12:00:00,0.029143615,0.004686
2023-02-01 13:00:00,0.029455086,0.004686
2023-02-01 14:00:00,0.02894426,0.004686
2023-02-01 15:00:00,0.027926452,0.004686
2023-02-01 16:00:00,0.027013797,0.004686
2023-02-01 17:00:00,0.025601445,0.004686
2023-02-01 18:00:00,0.023934465,0.004686
2023-02-01 19:00:00,0.022733677,0.004686
2023-02-01 20:00:00,0.023066733,0.004686
2023-02-01 21:00:00,0.023245493,0.004686
2023-02-01 22:00:00,0.022623625,0.004686
2023-02-01 23:00:00,0.023028595,0.004686
2023-02-02 00:00:00,0.023275614,0.004686
2023-02-02 01:00:00,0.02367064,0.004686
2023-02-02 02:00:00,0.024501849,0.004686
2023-02-02 03:00:00,0.025383435,0.004686
2023-02-02 04:00:00,0.026545724,0.004686
2023-02-02 05:00:00,0.027025023,0.004686
2023-02-02 06:00:00,0.026163187,0.004686
2023-02-02 07:00:00,0.026138563,0.004686
2023-02-02 08:00:00,0.027854217,0.004686
2023-02-02 09:00:00,0.02861816,0.004686
2023-02-02 10:00:00,0.028526383,0.004686
2023-02-02 11:00:00,0.028528547,0.004686
2023-02-02 12:00:00,0.02887827,0.004686
2023-02-02 13:00:00,0.028791046,0.004686
2023-02-02 14:00:00,0.030788919,0.004686
2023-02-02 15:00:00,0.030915642,0.004686
2023-02-02 16:00:00,0.028633475,0.004686
2023-02-02 17:00:00,0.027553996,0.004686
2023-02-02 18:00:00,0.02695063,0.004686
2023-02-02 19:00:00,0.024889953,0.004686
2023-02-02 20:00:00,0.025872098,0.004686
2023-02-02 21:00:00,0.024846587,0.004686
2023-02-02 22:00:00,0.02416319,0.004686
2023-02-02 23:00:00,0.024053719,0.004686
2023-02-03 00:00:00,0.025159014,0.004686
2023-02-03 01:00:00,0.025043583,0.004686
2023-02-03 02:00:00,0.025320467,0.004686
2023-02-03 03:00:00,0.02739723,0.004686
2023-02-03 04:00:00,0.027443264,0.004686
2023-02-03 05:00:00,0.027364705,0.004686
2023-02-03 06:00:00,0.026967645,0.004686
2023-02-03 07:00:00,0.025395982,0.004686
2023-02-03 08:00:00,0.024964666,0.004686
2023-02-03 09:00:00,0.024362603,0.004686
2023-02-03 10:00:00,0.023668498,0.004686
2023-02-03 11:00:00,0.023759196,0.004686
2023-02-03 12:00:00,0.025093488,0.004686
2023-02-03 13:00:00,0.027941018,0.004686
2023-02-03 14:00:00,0.02700839,0.004686
2023-02-03 15:00:00,0.024353398,0.004686
2023-02-03 16:00:00,0.022864567,0.004686
2023-02-03 17:00:00,0.021992177,0.004686
2023-02-03 18:00:00,0.022061557,0.004686
2023-02-03 19:00:00,0.022296734,0.004686
2023-02-03 20:00:00,0.021669865,0.004686
2023-02-03 21:00:00,0.021946877,0.004686
2023-02-03 22:00:00,0.02160534,0.004686
2023-02-03 23:00:00,0.02181645,0.004686
2023-02-04 00:00:00,0.022293737,0.004686
2023-02-04 01:00:00,0.021860594,0.004686
2023-02-04 02:00:00,0.022976466,0.004686
2023-02-04 03:00:00,0.024810473,0.004686
2023-02-04 04:00:00,0.024247441,0.004686
2023-02-04 05:00:00,0.022607923,0.004686
2023-02-04 06:00:00,0.020687789,0.004686
2023-02-04 07:00:00,0.019220637,0.004686
2023-02-04 08:00:00,0.019150324,0.004686
2023-02-04 09:00:00,0.02010143,0.004686
2023-02-04 10:00:00,0.020241264,0.004686
2023-02-04 11:00:00,0.02059871,0.004686
2023-02-04 12:00:00,0.020462599,0.004686
2023-02-04 13:00:00,0.019696938,0.004686
2023-02-04 14:00:00,0.016828109,0.004686
2023-02-04 15:00:00,0.016146721,0.004686
2023-02-04 16:00:00,0.015619306,0.004686
2023-02-04 17:00:00,0.015619159,0.004686
2023-02-04 18:00:00,0.014992943,0.004686
2023-02-04 19:00:00,0.014473205,0.004686
2023-02-04 20:00:00,0.014225656,0.004686
2023-02-04 21:00:00,0.014132995,0.004686
2023-02-04 22:00:00,0.013922277,0.004686
2023-02-04 23:00:00,0.014150313,0.004686
2023-02-05 00:00:00,0.014748476,0.004686
2023-02-05 01:00:00,0.014754971,0.004686
2023-02-05 02:00:00,0.015275197,0.004686
2023-02-05 03:00:00,0.015887387,0.004686
2023-02-05 04:00:00,0.015599089,0.004686
2023-02-05 05:00:00,0.015773797,0.004686
2023-02-05 06:00:00,0.016603999,0.004686
2023-02-05 07:00:00,0.016746486,0.004686
2023-02-05 08:00:00,0.016965074,0.004686
2023-02-05 09:00:00,0.01865456,0.004686
2023-02-05 10:00:00,0.01932499,0.004686
2023-02-05 11:00:00,0.020029195,0.004686
2023-02-05 12:00:00,0.02113424,0.004686
2023-02-05 13:00:00,0.0212814,0.004686
2023-02-05 14:00:00,0.022736134,0.004686
2023-02-05 15:00:00,0.022150239,0.004686
2023-02-05 16:00:00,0.021086838,0.004686
2023-02-05 17:00:00,0.021229753,0.004686
2023-02-05 18:00:00,0.02023743,0.004686
2023-02-05 19:00:00,0.019912217,0.004686
2023-02-05 20:00:00,0.020712279,0.004686
2023-02-05 21:00:00,0.020862525,0.004686
2023-02-05 22:00:00,0.021475509,0.004686
2023-02-05 23:00:00,0.021472098,0.004686
2023-02-06 00:00:00,0.021560192,0.004686
2023-02-06 01:00:00,0.022948615,0.004686
2023-02-06 02:00:00,0.023477793,0.004686
2023-02-06 03:00:00,0.024009435,0.004686
2023-02-06 04:00:00,0.024770148,0.004686
2023-02-06 05:00:00,0.025433458,0.004686
2023-02-06 06:00:00,0.025451608,0.004686
2023-02-06 07:00:00,0.025262231,0.004686
2023-02-06 08:00:00,0.024922978,0.004686
2023-02-06 09:00:00,0.025050592,0.004686
2023-02-06 10:00:00,0.025953261,0.004686
2023-02-06 11:00:00,0.02749283,0.004686
2023-02-06 12:00:00,0.027749922,0.004686
2023-02-06 13:00:00,0.029412528,0.004686
2023-02-06 14:00:00,0.029629571,0.004686
2023-02-06 15:00:00,0.029880041,0.004686
2023-02-06 16:00:00,0.028486649,0.004686
2023-02-06 17:00:00,0.028176,0.004686
2023-02-06 18:00:00,0.028335197,0.004686
2023-02-06 19:00:00,0.02853012,0.004686
2023-02-06 20:00:00,0.02836966,0.004686
2023-02-06 21:00:00,0.028815772,0.004686
2023-02-06 22:00:00,0.028204113,0.004686
2023-02-06 23:00:00,0.028261192,0.004686
2023-02-07 00:00:00,0.029061815,0.004686
2023-02-07 01:00:00,0.029042063,0.004686
2023-02-07 02:00:00,0.029260797,0.004686
2023-02-07 03:00:00,0.029776003,0.004686
2023-02-07 04:00:00,0.028546564,0.004686
2023-02-07 05:00:00,0.026714085,0.004686
2023-02-07 06:00:00,0.025520487,0.004686
2023-02-07 07:00:00,0.024553765,0.004686
2023-02-07 08:00:00,0.024317019,0.004686
2023-02-07 09:00:00,0.024063474,0.004686
2023-02-07 10:00:00,0.025100637,0.004686
2023-02-07 11:00:00,0.027579263,0.004686
2023-02-07 12:00:00,0.02878267,0.004686
2023-02-07 13:00:00,0.03364855,0.004686
2023-02-07 14:00:00,0.035171703,0.004686
2023-02-07 15:00:00,0.03533686,0.004686
2023-02-07 16:00:00,0.035178266,0.004686
2023-02-07 17:00:00,0.03195464,0.004686
2023-02-07 18:00:00,0.030689722,0.004686
2023-02-07 19:00:00,0.029305635,0.004686
2023-02-07 20:00:00,0.028205201,0.004686
2023-02-07 21:00:00,0.02942896,0.004686
2023-02-07 22:00:00,0.028950252,0.004686
2023-02-07 23:00:00,0.028593294,0.004686
2023-02-08 00:00:00,0.028181868,0.004686
2023-02-08 01:00:00,0.02810672,0.004686
2023-02-08 02:00:00,0.027207157,0.004686
2023-02-08 03:00:00,0.026801625,0.004686
2023-02-08 04:00:00,0.025924476,0.004686
2023-02-08 05:00:00,0.023820778,0.004686
2023-02-08 06:00:00,0.023328342,0.004686
2023-02-08 07:00:00,0.023762314,0.004686
2023-02-08 08:00:00,0.023606872,0.004686
2023-02-08 09:00:00,0.024065113,0.004686
2023-02-08 10:00:00,0.024433468,0.004686
2023-02-08 11:00:00,0.024505226,0.004686
2023-02-08 12:00:00,0.025932392,0.004686
2023-02-08 13:00:00,0.026810268,0.004686
2023-02-08 14:00:00,0.027309796,0.004686
2023-02-08 15:00:00,0.02856877,0.004686
2023-02-08 16:00:00,0.026612138,0.004686
2023-02-08 17:00:00,0.025929343,0.004686
2023-02-08 18:00:00,0.025058983,0.004686
2023-02-08 19:00:00,0.025696052,0.004686
2023-02-08 20:00:00,0.026317138,0.004686
2023-02-08 21:00:00,0.027071506,0.004686
2023-02-08 22:00:00,0.028641734,0.004686
2023-02-08 23:00:00,0.03053345,0.004686
2023-02-09 00:00:00,0.031481765,0.004686
2023-02-09 01:00:00,0.03196208,0.004686
2023-02-09 02:00:00,0.03240623,0.004686
2023-02-09 03:00:00,0.030932479,0.004686
2023-02-09 04:00:00,0.0309064,0.004686
2023-02-09 05:00:00,0.02923503,0.004686
2023-02-09 06:00:00,0.028775813,0.004686
2023-02-09 07:00:00,0.027361602,0.004686
2023-02-09 08:00:00,0.027477834,0.004686
2023-02-09 09:00:00,0.029402275,0.004686
2023-02-09 10:00:00,0.028813992,0.004686
2023-02-09 11:00:00,0.03153086,0.004686
2023-02-09 12:00:00,0.033639316,0.004686
2023-02-09 13:00:00,0.035312053,0.004686
2023-02-09 14:00:00,0.037403915,0.004686
2023-02-09 15:00:00,0.039444838,0.004686
2023-02-09 16:00:00,0.039605167,0.004686
2023-02-09 17:00:00,0.039178513,0.004686
2023-02-09 18:00:00,0.03876864,0.004686
2023-02-09 19:00:00,0.037218925,0.004686
2023-02-09 20:00:00,0.03717588,0.004686
2023-02-09 21:00:00,0.041286614,0.004686
2023-02-09 22:00:00,0.044238187,0.004686
2023-02-09 23:00:00,0.042563166,0.004686
2023-02-10 00:00:00,0.041567437,0.004686
2023-02-10 01:00:00,0.0418341,0.004686
2023-02-10 02:00:00,0.040709116,0.004686
2023-02-10 03:00:00,0.03970347,0.004686
2023-02-10 04:00:00,0.03723443,0.004686
2023-02-10 05:00:00,0.03567461,0.004686
2023-02-10 06:00:00,0.034847204,0.004686
2023-02-10 07:00:00,0.032431167,0.004686
2023-02-10 08:00:00,0.03328277,0.004686
2023-02-10 09:00:00,0.034091096,0.004686
2023-02-10 10:00:00,0.033760957,0.004686
2023-02-10 11:00:00,0.035252027,0.004686
2023-02-10 12:00:00,0.03680855,0.004686
2023-02-10 13:00:00,0.0390749,0.004686
2023-02-10 14:00:00,0.03853455,0.004686
2023-02-10 15:00:00,0.040290676,0.004686
2023-02-10 16:00:00,0.040469095,0.004686
2023-02-10 17:00:00,0.03851914,0.004686
2023-02-10 18:00:00,0.037937894,0.004686
2023-02-10 19:00:00,0.037198573,0.004686
2023-02-10 20:00:00,0.037259486,0.004686
2023-02-10 21:00:00,0.039088413,0.004686
2023-02-10 22:00:00,0.040608827,0.004686
2023-02-10 23:00:00,0.04133962,0.004686
2023-02-11 00:00:00,0.041300688,0.004686
2023-02-11 01:00:00,0.04069171,0.004686
2023-02-11 02:00:00,0.040300496,0.004686
2023-02-11 03:00:00,0.038985077,0.004686
2023-02-11 04:00:00,0.0376507,0.004686
2023-02-11 05:00:00,0.035643455,0.004686
2023-02-11 06:00:00,0.03674569,0.004686
2023-02-11 07:00:00,0.03555911,0.004686
2023-02-11 08:00:00,0.03442962,0.004686
2023-02-11 09:00:00,0.035109267,0.004686
2023-02-11 10:00:00,0.035058778,0.004686
2023-02-11 11:00:00,0.035742864,0.004686
2023-02-11 12:00:00,0.03585213,0.004686
2023-02-11 13:00:00,0.038785245,0.004686
2023-02-11 14:00:00,0.038328953,0.004686
2023-02-11 15:00:00,0.0385246,0.004686
2023-02-11 16:00:00,0.03841947,0.004686
2023-02-11 17:00:00,0.03752342,0.004686
2023-02-11 18:00:00,0.035275918,0.004686
2023-02-11 19:00:00,0.035164755,0.004686
2023-02-11 20:00:00,0.03497503,0.004686
2023-02-11 21:00:00,0.034856383,0.004686
2023-02-11 22:00:00,0.038018562,0.004686
2023-02-11 23:00:00,0.03917835,0.004686
2023-02-12 00:00:00,0.03875407,0.004686
2023-02-12 01:00:00,0.03840292,0.004686
2023-02-12 02:00:00,0.03712706,0.004686
2023-02-12 03:00:00,0.036709085,0.004686
2023-02-12 04:00:00,0.035641205,0.004686
2023-02-12 05:00:00,0.034703683,0.004686
2023-02-12 06:00:00,0.034099903,0.004686
2023-02-12 07:00:00,0.033702195,0.004686
2023-02-12 08:00:00,0.034193613,0.004686
2023-02-12 09:00:00,0.034523364,0.004686
2023-02-12 10:00:00,0.035337847,0.004686
2023-02-12 11:00:00,0.03641483,0.004686
2023-02-12 12:00:00,0.037213296,0.004686
2023-02-12 13:00:00,0.038395893,0.004686
2023-02-12 14:00:00,0.03911095,0.004686
2023-02-12 15:00:00,0.03920051,0.004686
2023-02-12 16:00:00,0.03876271,0.004686
2023-02-12 17:00:00,0.038305998,0.004686
2023-02-12 18:00:00,0.038910173,0.004686
2023-02-12 19:00:00,0.040335853,0.004686
2023-02-12 20:00:00,0.040177684,0.004686
2023-02-12 21:00:00,0.04152659,0.004686
2023-02-12 22:00:00,0.04220971,0.004686
2023-02-12 23:00:00,0.042109687,0.004686
2023-02-13 00:00:00,0.042269666,0.004686
2023-02-13 01:00:00,0.042468946,0.004686
2023-02-13 02:00:00,0.04255219,0.004686
2023-02-13 03:00:00,0.042845253,0.004686
2023-02-13 04:00:00,0.04184849,0.004686
2023-02-13 05:00:00,0.041298974,0.004686
2023-02-13 06:00:00,0.04047355,0.004686
2023-02-13 07:00:00,0.038961537,0.004686
2023-02-13 08:00:00,0.03867044,0.004686
2023-02-13 09:00:00,0.039169714,0.004686
2023-02-13 10:00:00,0.0409474,0.004686
2023-02-13 11:00:00,0.0434722,0.004686
2023-02-13 12:00:00,0.04526498,0.004686
2023-02-13 13:00:00,0.047665633,0.004686
2023-02-13 14:00:00,0.04878726,0.004686
2023-02-13 15:00:00,0.048596382,0.004686
2023-02-13 16:00:00,0.04828405,0.004686
2023-02-13 17:00:00,0.047701687,0.004686
2023-02-13 18:00:00,0.044917632,0.004686
2023-02-13 19:00:00,0.04430381,0.004686
2023-02-13 20:00:00,0.043553438,0.004686
2023-02-13 21:00:00,0.043517284,0.004686
2023-02-13 22:00:00,0.04348765,0.004686
2023-02-13 23:00:00,0.04303046,0.004686
2023-02-14 00:00:00,0.043224666,0.004686
2023-02-14 01:00:00,0.04313317,0.004686
2023-02-14 02:00:00,0.043287985,0.004686
2023-02-14 03:00:00,0.04442103,0.004686
2023-02-14 04:00:00,0.043550752,0.004686
2023-02-14 05:00:00,0.040379126,0.004686
2023-02-14 06:00:00,0.03672757,0.004686
2023-02-14 07:00:00,0.035442576,0.004686
2023-02-14 08:00:00,0.036302578,0.004686
2023-02-14 09:00:00,0.036743205,0.004686
2023-02-14 10:00:00,0.036374316,0.004686
2023-02-14 11:00:00,0.03850249,0.004686
2023-02-14 12:00:00,0.03877832,0.004686
2023-02-14 13:00:00,0.043145474,0.004686
2023-02-14 14:00:00,0.048430327,0.004686
2023-02-14 15:00:00,0.0501347,0.004686
2023-02-14 16:00:00,0.05009326,0.004686
2023-02-14 17:00:00,0.04780767,0.004686
2023-02-14 18:00:00,0.04685512,0.004686
2023-02-14 19:00:00,0.044791058,0.004686
2023-02-14 20:00:00,0.043685112,0.004686
2023-02-14 21:00:00,0.04438293,0.004686
2023-02-14 22:00:00,0.0446719,0.004686
2023-02-14 23:00:00,0.04449542,0.004686
2023-02-15 00:00:00,0.0439905,0.004686
2023-02-15 01:00:00,0.04492943,0.004686
2023-02-15 02:00:00,0.04551594,0.004686
2023-02-15 03:00:00,0.04609469,0.004686
2023-02-15 04:00:00,0.044593826,0.004686
2023-02-15 05:00:00,0.042144243,0.004686
2023-02-15 06:00:00,0.03904502,0.004686
2023-02-15 07:00:00,0.037510447,0.004686
2023-02-15 08:00:00,0.0375669,0.004686
2023-02-15 09:00:00,0.03739875,0.004686
2023-02-15 10:00:00,0.03904932,0.004686
2023-02-15 11:00:00,0.038073838,0.004686
2023-02-15 12:00:00,0.03833506,0.004686
2023-02-15 13:00:00,0.038083818,0.004686
2023-02-15 14:00:00,0.038496856,0.004686
2023-02-15 15:00:00,0.040240917,0.004686
2023-02-15 16:00:00,0.040622644,0.004686
2023-02-15 17:00:00,0.04161353,0.004686
2023-02-15 18:00:00,0.037310172,0.004686
2023-02-15 19:00:00,0.039245665,0.004686
2023-02-15 20:00:00,0.038413033,0.004686
2023-02-15 21:00:00,0.038146943,0.004686
2023-02-15 22:00:00,0.03785068,0.004686
2023-02-15 23:00:00,0.03692846,0.004686
2023-02-16 00:00:00,0.035383895,0.004686
2023-02-16 01:00:00,0.034486096,0.004686
2023-02-16 02:00:00,0.03333173,0.004686
2023-02-16 03:00:00,0.03250538,0.004686
2023-02-16 04:00:00,0.031260744,0.004686
2023-02-16 05:00:00,0.030570602,0.004686
2023-02-16 06:00:00,0.029549807,0.004686
2023-02-16 07:00:00,0.026685603,0.004686
2023-02-16 08:00:00,0.02627227,0.004686
2023-02-16 09:00:00,0.02594732,0.004686
2023-02-16 10:00:00,0.026917264,0.004686
2023-02-16 11:00:00,0.027481237,0.004686
2023-02-16 12:00:00,0.027710814,0.004686
2023-02-16 13:00:00,0.028184503,0.004686
2023-02-16 14:00:00,0.028059538,0.004686
2023-02-16 15:00:00,0.026465397,0.004686
2023-02-16 16:00:00,0.024970831,0.004686
2023-02-16 17:00:00,0.024693346,0.004686
2023-02-16 18:00:00,0.02420007,0.004686
2023-02-16 19:00:00,0.023645777,0.004686
2023-02-16 20:00:00,0.023219699,0.004686
2023-02-16 21:00:00,0.023893751,0.004686
2023-02-16 22:00:00,0.024270609,0.004686
2023-02-16 23:00:00,0.024312485,0.004686
2023-02-17 00:00:00,0.023866815,0.004686
2023-02-17 01:00:00,0.023230385,0.004686
2023-02-17 02:00:00,0.02248717,0.004686
2023-02-17 03:00:00,0.022086177,0.004686
2023-02-17 04:00:00,0.020744117,0.004686
2023-02-17 05:00:00,0.01961382,0.004686
2023-02-17 06:00:00,0.021017937,0.004686
2023-02-17 07:00:00,0.021729901,0.004686
2023-02-17 08:00:00,0.020994578,0.004686
2023-02-17 09:00:00,0.020597905,0.004686
2023-02-17 10:00:00,0.019630658,0.004686
2023-02-17 11:00:00,0.018003352,0.004686
2023-02-17 12:00:00,0.01764242,0.004686
2023-02-17 13:00:00,0.01916761,0.004686
2023-02-17 14:00:00,0.018279592,0.004686
2023-02-17 15:00:00,0.017725164,0.004686
2023-02-17 16:00:00,0.017205294,0.004686
2023-02-17 17:00:00,0.017069496,0.004686
2023-02-17 18:00:00,0.015313189,0.004686
2023-02-17 19:00:00,0.014749822,0.004686
2023-02-17 20:00:00,0.014893071,0.004686
2023-02-17 21:00:00,0.014726742,0.004686
2023-02-17 22:00:00,0.014797712,0.004686
2023-02-17 23:00:00,0.014947177,0.004686
2023-02-18 00:00:00,0.014929636,0.004686
2023-02-18 01:00:00,0.014956615,0.004686
2023-02-18 02:00:00,0.015167843,0.004686
2023-02-18 03:00:00,0.015458202,0.004686
2023-02-18 04:00:00,0.01570803,0.004686
2023-02-18 05:00:00,0.01566368,0.004686
2023-02-18 06:00:00,0.015926372,0.004686
2023-02-18 07:00:00,0.016644094,0.004686
2023-02-18 08:00:00,0.017384358,0.004686
2023-02-18 09:00:00,0.01708229,0.004686
2023-02-18 10:00:00,0.016577413,0.004686
2023-02-18 11:00:00,0.01593089,0.004686
2023-02-18 12:00:00,0.01575899,0.004686
2023-02-18 13:00:00,0.015761387,0.004686
2023-02-18 14:00:00,0.015830858,0.004686
2023-02-18 15:00:00,0.015905645,0.004686
2023-02-18 16:00:00,0.01592844,0.004686
2023-02-18 17:00:00,0.016207013,0.004686
2023-02-18 18:00:00,0.015810082,0.004686
2023-02-18 19:00:00,0.01558425,0.004686
2023-02-18 20:00:00,0.015261355,0.004686
2023-02-18 21:00:00,0.014975916,0.004686
2023-02-18 22:00:00,0.0147963045,0.004686
2023-02-18 23:00:00,0.014751296,0.004686
2023-02-19 00:00:00,0.014710602,0.004686
2023-02-19 01:00:00,0.014556618,0.004686
2023-02-19 02:00:00,0.014500173,0.004686
2023-02-19 03:00:00,0.014547911,0.004686
2023-02-19 04:00:00,0.014293438,0.004686
2023-02-19 05:00:00,0.014172817,0.004686
2023-02-19 06:00:00,0.014180343,0.004686
2023-02-19 07:00:00,0.014251468,0.004686
2023-02-19 08:00:00,0.014268834,0.004686
2023-02-19 09:00:00,0.014034898,0.004686
2023-02-19 10:00:00,0.014135222,0.004686
2023-02-19 11:00:00,0.014151655,0.004686
2023-02-19 12:00:00,0.01403765,0.004686
2023-02-19 13:00:00,0.013763842,0.004686
2023-02-19 14:00:00,0.013718216,0.004686
2023-02-19 15:00:00,0.013829544,0.004686
2023-02-19 16:00:00,0.0138964495,0.004686
2023-02-19 17:00:00,0.01391148,0.004686
2023-02-19 18:00:00,0.013706815,0.004686
2023-02-19 19:00:00,0.013590879,0.004686
2023-02-19 20:00:00,0.013479236,0.004686
2023-02-19 21:00:00,0.0133794695,0.004686
2023-02-19 22:00:00,0.013354031,0.004686
2023-02-19 23:00:00,0.013264199,0.004686
2023-02-20 00:00:00,0.0132064475,0.004686
2023-02-20 01:00:00,0.013067791,0.004686
2023-02-20 02:00:00,0.012933389,0.004686
2023-02-20 03:00:00,0.01286138,0.004686
2023-02-20 04:00:00,0.012665202,0.004686
2023-02-20 05:00:00,0.012306841,0.004686
2023-02-20 06:00:00,0.012143059,0.004686
2023-02-20 07:00:00,0.0120874895,0.004686
2023-02-20 08:00:00,0.012186853,0.004686
2023-02-20 09:00:00,0.012330768,0.004686
2023-02-20 10:00:00,0.012606166,0.004686
2023-02-20 11:00:00,0.012896452,0.004686
2023-02-20 12:00:00,0.013172855,0.004686
2023-02-20 13:00:00,0.01329453,0.004686
2023-02-20 14:00:00,0.01337703,0.004686
2023-02-20 15:00:00,0.0136808595,0.004686
2023-02-20 16:00:00,0.014109288,0.004686
2023-02-20 17:00:00,0.014384166,0.004686
2023-02-20 18:00:00,0.014510629,0.004686
2023-02-20 19:00:00,0.014575669,0.004686
2023-02-20 20:00:00,0.014604249,0.004686
2023-02-20 21:00:00,0.014570312,0.004686
2023-02-20 22:00:00,0.014600849,0.004686
2023-02-20 23:00:00,0.014470129,0.004686
2023-02-21 00:00:00,0.014383316,0.004686
2023-02-21 01:00:00,0.014369085,0.004686
2023-02-21 02:00:00,0.014347305,0.004686
2023-02-21 03:00:00,0.014374456,0.004686
2023-02-21 04:00:00,0.014228557,0.004686
2023-02-21 05:00:00,0.014105172,0.004686
2023-02-21 06:00:00,0.0142957,0.004686
2023-02-21 07:00:00,0.014332788,0.004686
2023-02-21 08:00:00,0.014641306,0.004686
2023-02-21 09:00:00,0.014873554,0.004686
2023-02-21 10:00:00,0.014389323,0.004686
2023-02-21 11:00:00,0.014103839,0.004686
2023-02-21 12:00:00,0.013973822,0.004686
2023-02-21 13:00:00,0.013913764,0.004686
2023-02-21 14:00:00,0.0139056,0.004686
2023-02-21 15:00:00,0.014135873,0.004686
2023-02-21 16:00:00,0.014393608,0.004686
2023-02-21 17:00:00,0.014462376,0.004686
2023-02-21 18:00:00,0.014416303,0.004686
2023-02-21 19:00:00,0.014275585,0.004686
2023-02-21 20:00:00,0.014004477,0.004686
2023-02-21 21:00:00,0.013720694,0.004686
2023-02-21 22:00:00,0.013591621,0.004686
2023-02-21 23:00:00,0.013465671,0.004686
2023-02-22 00:00:00,0.013430748,0.004686
2023-02-22 01:00:00,0.013363503,0.004686
2023-02-22 02:00:00,0.013285838,0.004686
2023-02-22 03:00:00,0.013101714,0.004686
2023-02-22 04:00:00,0.012897747,0.004686
2023-02-22 05:00:00,0.012734011,0.004686
2023-02-22 06:00:00,0.012817467,0.004686
2023-02-22 07:00:00,0.012691557,0.004686
2023-02-22 08:00:00,0.012699789,0.004686
2023-02-22 09:00:00,0.012505124,0.004686
2023-02-22 10:00:00,0.01255485,0.004686
2023-02-22 11:00:00,0.012497992,0.004686
2023-02-22 12:00:00,0.012216806,0.004686
2023-02-22 13:00:00,0.0120574385,0.004686
2023-02-22 14:00:00,0.011844235,0.004686
2023-02-22 15:00:00,0.011975368,0.004686
2023-02-22 16:00:00,0.011991099,0.004686
2023-02-22 17:00:00,0.012057992,0.004686
2023-02-22 18:00:00,0.012016849,0.004686
2023-02-22 19:00:00,0.012030543,0.004686
2023-02-22 20:00:00,0.0119578075,0.004686
2023-02-22 21:00:00,0.011947785,0.004686
2023-02-22 22:00:00,0.011967451,0.004686
2023-02-22 23:00:00,0.012084783,0.004686
2023-02-23 00:00:00,0.012208743,0.004686
2023-02-23 01:00:00,0.01242138,0.004686
2023-02-23 02:00:00,0.012665966,0.004686
2023-02-23 03:00:00,0.01274369,0.004686
2023-02-23 04:00:00,0.0128241405,0.004686
2023-02-23 05:00:00,0.013106402,0.004686
2023-02-23 06:00:00,0.013327598,0.004686
2023-02-23 07:00:00,0.014018138,0.004686
2023-02-23 08:00:00,0.014949718,0.004686
2023-02-23 09:00:00,0.016099583,0.004686
2023-02-23 10:00:00,0.0148022985,0.004686
2023-02-23 11:00:00,0.013406227,0.004686
2023-02-23 12:00:00,0.012758556,0.004686
2023-02-23 13:00:00,0.012409489,0.004686
2023-02-23 14:00:00,0.012159442,0.004686
2023-02-23 15:00:00,0.012277543,0.004686
2023-02-23 16:00:00,0.0124330055,0.004686
2023-02-23 17:00:00,0.012498558,0.004686
2023-02-23 18:00:00,0.012357404,0.004686
2023-02-23 19:00:00,0.012299995,0.004686
2023-02-23 20:00:00,0.012251851,0.004686
2023-02-23 21:00:00,0.012036286,0.004686
2023-02-23 22:00:00,0.012038771,0.004686
2023-02-23 23:00:00,0.012100613,0.004686
2023-02-24 00:00:00,0.012131135,0.004686
2023-02-24 01:00:00,0.012135399,0.004686
2023-02-24 02:00:00,0.012120577,0.004686
2023-02-24 03:00:00,0.012276685,0.004686
2023-02-24 04:00:00,0.012016324,0.004686
2023-02-24 05:00:00,0.011887804,0.004686
2023-02-24 06:00:00,0.01185501,0.004686
2023-02-24 07:00:00,0.011965037,0.004686
2023-02-24 08:00:00,0.012198121,0.004686
2023-02-24 09:00:00,0.012096584,0.004686
2023-02-24 10:00:00,0.012042438,0.004686
2023-02-24 11:00:00,0.01184803,0.004686
2023-02-24 12:00:00,0.011543889,0.004686
2023-02-24 13:00:00,0.011573509,0.004686
2023-02-24 14:00:00,0.011566498,0.004686
2023-02-24 15:00:00,0.011638805,0.004686
2023-02-24 16:00:00,0.011609367,0.004686
2023-02-24 17:00:00,0.0116198845,0.004686
2023-02-24 18:00:00,0.011375133,0.004686
2023-02-24 19:00:00,0.011190619,0.004686
2023-02-24 20:00:00,0.011022145,0.004686
2023-02-24 21:00:00,0.010722826,0.004686
2023-02-24 22:00:00,0.010558323,0.004686
2023-02-24 23:00:00,0.010554094,0.004686
2023-02-25 00:00:00,0.010474327,0.004686
2023-02-25 01:00:00,0.01041148,0.004686
2023-02-25 02:00:00,0.010307912,0.004686
2023-02-25 03:00:00,0.010290748,0.004686
2023-02-25 04:00:00,0.009953419,0.004686
2023-02-25 05:00:00,0.00988614,0.004686
2023-02-25 06:00:00,0.009896024,0.004686
2023-02-25 07:00:00,0.009994844,0.004686
2023-02-25 08:00:00,0.010247252,0.004686
2023-02-25 09:00:00,0.010220429,0.004686
2023-02-25 10:00:00,0.010003712,0.004686
2023-02-25 11:00:00,0.009558009,0.004686
2023-02-25 12:00:00,0.009121955,0.004686
2023-02-25 13:00:00,0.009230814,0.004686
2023-02-25 14:00:00,0.00950354,0.004686
2023-02-25 15:00:00,0.009372689,0.004686
2023-02-25 16:00:00,0.009355388,0.004686
2023-02-25 17:00:00,0.009326916,0.004686
2023-02-25 18:00:00,0.009151982,0.004686
2023-02-25 19:00:00,0.008979721,0.004686
2023-02-25 20:00:00,0.008761508,0.004686
2023-02-25 21:00:00,0.008509674,0.004686
2023-02-25 22:00:00,0.008330771,0.004686
2023-02-25 23:00:00,0.008175333,0.004686
2023-02-26 00:00:00,0.008017998,0.004686
2023-02-26 01:00:00,0.007840159,0.004686
2023-02-26 02:00:00,0.0077243727,0.004686
2023-02-26 03:00:00,0.007583817,0.004686
2023-02-26 04:00:00,0.0072862157,0.004686
2023-02-26 05:00:00,0.007134541,0.004686
2023-02-26 06:00:00,0.006981691,0.004686
2023-02-26 07:00:00,0.006868071,0.004686
2023-02-26 08:00:00,0.006850289,0.004686
2023-02-26 09:00:00,0.006758527,0.004686
2023-02-26 10:00:00,0.0065847044,0.004686
2023-02-26 11:00:00,0.006667553,0.004686
2023-02-26 12:00:00,0.006346262,0.004686
2023-02-26 13:00:00,0.0057401103,0.004686
2023-02-26 14:00:00,0.0057598436,0.004686
2023-02-26 15:00:00,0.0057952753,0.004686
2023-02-26 16:00:00,0.00579355,0.004686
2023-02-26 17:00:00,0.0058126263,0.004686
2023-02-26 18:00:00,0.005795015,0.004686
2023-02-26 19:00:00,0.0057505295,0.004686
2023-02-26 20:00:00,0.005714456,0.004686
2023-02-26 21:00:00,0.0056875697,0.004686
2023-02-26 22:00:00,0.0057142535,0.004686
2023-02-26 23:00:00,0.0056316336,0.004686
2023-02-27 00:00:00,0.00556754,0.004686
2023-02-27 01:00:00,0.005564699,0.004686
2023-02-27 02:00:00,0.005522967,0.004686
2023-02-27 03:00:00,0.005556099,0.004686
2023-02-27 04:00:00,0.005511628,0.004686
2023-02-27 05:00:00,0.005309162,0.004686
2023-02-27 06:00:00,0.005508835,0.004686
2023-02-27 07:00:00,0.0056605604,0.004686
2023-02-27 08:00:00,0.006124989,0.004686
2023-02-27 09:00:00,0.0066292337,0.004686
2023-02-27 10:00:00,0.0065874313,0.004686
2023-02-27 11:00:00,0.0066594016,0.004686
2023-02-27 12:00:00,0.0067151017,0.004686
2023-02-27 13:00:00,0.006700006,0.004686
2023-02-27 14:00:00,0.006709409,0.004686
2023-02-27 15:00:00,0.0069544865,0.004686
2023-02-27 16:00:00,0.0072402814,0.004686
2023-02-27 17:00:00,0.0074544083,0.004686
2023-02-27 18:00:00,0.00755615,0.004686
2023-02-27 19:00:00,0.007557298,0.004686
2023-02-27 20:00:00,0.0075760293,0.004686
2023-02-27 21:00:00,0.0076149087,0.004686
2023-02-27 22:00:00,0.0076725828,0.004686
2023-02-27 23:00:00,0.007617411,0.004686
2023-02-28 00:00:00,0.0075627407,0.004686
2023-02-28 01:00:00,0.0076069217,0.004686
2023-02-28 02:00:00,0.00752876,0.004686
2023-02-28 03:00:00,0.007538435,0.004686
2023-02-28 04:00:00,0.007275535,0.004686
2023-02-28 05:00:00,0.0073900092,0.004686
2023-02-28 06:00:00,0.007389294,0.004686
2023-02-28 07:00:00,0.007503279,0.004686
2023-02-28 08:00:00,0.007770164,0.004686
2023-02-28 09:00:00,0.008055422,0.004686
2023-02-28 10:00:00,0.008316028,0.004686
2023-02-28 11:00:00,0.0077249897,0.004686
2023-02-28 12:00:00,0.007568376,0.004686
2023-02-28 13:00:00,0.007782437,0.004686
2023-02-28 14:00:00,0.0077936,0.004686
2023-02-28 15:00:00,0.008105898,0.004686
2023-02-28 16:00:00,0.008339988,0.004686
2023-02-28 17:00:00,0.008540826,0.004686
2023-02-28 18:00:00,0.00862298,0.004686
2023-02-28 19:00:00,0.008662959,0.004686
2023-02-28 20:00:00,0.00859617,0.004686
2023-02-28 21:00:00,0.008598691,0.004686
2023-02-28 22:00:00,0.008613526,0.004686
2023-02-28 23:00:00,0.008620374,0.004686
2023-03-01 00:00:00,0.008724247,0.004686
2023-03-01 01:00:00,0.008874789,0.004686
2023-03-01 02:00:00,0.008963116,0.004686
2023-03-01 03:00:00,0.008984576,0.004686
2023-03-01 04:00:00,0.0089948075,0.004686
2023-03-01 05:00:00,0.009208506,0.004686
2023-03-01 06:00:00,0.009505136,0.004686
2023-03-01 07:00:00,0.0096835205,0.004686
2023-03-01 08:00:00,0.0099165235,0.004686
2023-03-01 09:00:00,0.010023093,0.004686
2023-03-01 10:00:00,0.009814346,0.004686
2023-03-01 11:00:00,0.009388344,0.004686
2023-03-01 12:00:00,0.010334609,0.004686
2023-03-01 13:00:00,0.010734651,0.004686
2023-03-01 14:00:00,0.0116646895,0.004686
2023-03-01 15:00:00,0.013023151,0.004686
2023-03-01 16:00:00,0.014338033,0.004686
2023-03-01 17:00:00,0.015567961,0.004686
2023-03-01 18:00:00,0.016871633,0.004686
2023-03-01 19:00:00,0.01805162,0.004686
2023-03-01 20:00:00,0.019261252,0.004686
2023-03-01 21:00:00,0.020489907,0.004686
2023-03-01 22:00:00,0.021574548,0.004686
2023-03-01 23:00:00,0.023445357,0.004686
2023-03-02 00:00:00,0.02662322,0.004686
2023-03-02 01:00:00,0.028465128,0.004686
2023-03-02 02:00:00,0.03045826,0.004686
2023-03-02 03:00:00,0.031764753,0.004686
2023-03-02 04:00:00,0.033118766,0.004686
2023-03-02 05:00:00,0.03377438,0.004686
2023-03-02 06:00:00,0.034795262,0.004686
2023-03-02 07:00:00,0.034351967,0.004686
2023-03-02 08:00:00,0.03411542,0.004686
2023-03-02 09:00:00,0.036426,0.004686
2023-03-02 10:00:00,0.03912344,0.004686
2023-03-02 11:00:00,0.039900392,0.004686
2023-03-02 12:00:00,0.04056358,0.004686
2023-03-02 13:00:00,0.041368727,0.004686
2023-03-02 14:00:00,0.044187844,0.004686
2023-03-02 15:00:00,0.054663498,0.004686
2023-03-02 16:00:00,0.05469819,0.004686
2023-03-02 17:00:00,0.052175965,0.004686
2023-03-02 18:00:00,0.050706815,0.004686
2023-03-02 19:00:00,0.052643515,0.004686
2023-03-02 20:00:00,0.05262627,0.004686
2023-03-02 21:00:00,0.052202236,0.004686
2023-03-02 22:00:00,0.051553477,0.004686
2023-03-02 23:00:00,0.050737955,0.004686
2023-03-03 00:00:00,0.050462335,0.004686
2023-03-03 01:00:00,0.049421903,0.004686
2023-03-03 02:00:00,0.04828971,0.004686
2023-03-03 03:00:00,0.047198046,0.004686
2023-03-03 04:00:00,0.042029925,0.004686
2023-03-03 05:00:00,0.04094913,0.004686
2023-03-03 06:00:00,0.037620157,0.004686
2023-03-03 07:00:00,0.036597855,0.004686
2023-03-03 08:00:00,0.034846585,0.004686
2023-03-03 09:00:00,0.03614451,0.004686
2023-03-03 10:00:00,0.036994223,0.004686
2023-03-03 11:00:00,0.037301198,0.004686
2023-03-03 12:00:00,0.039181355,0.004686
2023-03-03 13:00:00,0.042422876,0.004686
2023-03-03 14:00:00,0.049287383,0.004686
2023-03-03 15:00:00,0.052122846,0.004686
2023-03-03 16:00:00,0.051936124,0.004686
2023-03-03 17:00:00,0.05092372,0.004686
2023-03-03 18:00:00,0.04964668,0.004686
2023-03-03 19:00:00,0.04833984,0.004686
2023-03-03 20:00:00,0.047883775,0.004686
2023-03-03 21:00:00,0.047008324,0.004686
2023-03-03 22:00:00,0.046520248,0.004686
2023-03-03 23:00:00,0.045986887,0.004686
2023-03-04 00:00:00,0.04638353,0.004686
2023-03-04 01:00:00,0.04623624,0.004686
2023-03-04 02:00:00,0.045024507,0.004686
2023-03-04 03:00:00,0.04333534,0.004686
2023-03-04 04:00:00,0.040804457,0.004686
2023-03-04 05:00:00,0.03834365,0.004686
2023-03-04 06:00:00,0.03548,0.004686
2023-03-04 07:00:00,0.032664645,0.004686
2023-03-04 08:00:00,0.029608853,0.004686
2023-03-04 09:00:00,0.028922433,0.004686
2023-03-04 10:00:00,0.029340379,0.004686
2023-03-04 11:00:00,0.029857835,0.004686
2023-03-04 12:00:00,0.029669035,0.004686
2023-03-04 13:00:00,0.030094346,0.004686
2023-03-04 14:00:00,0.031760376,0.004686
2023-03-04 15:00:00,0.032360747,0.004686
2023-03-04 16:00:00,0.032040775,0.004686
2023-03-04 17:00:00,0.029202912,0.004686
2023-03-04 18:00:00,0.028669734,0.004686
2023-03-04 19:00:00,0.02887113,0.004686
2023-03-04 20:00:00,0.029007208,0.004686
2023-03-04 21:00:00,0.03607621,0.004686
2023-03-04 22:00:00,0.039213385,0.004686
2023-03-04 23:00:00,0.039950825,0.004686
2023-03-05 00:00:00,0.040228005,0.004686
2023-03-05 01:00:00,0.04041208,0.004686
2023-03-05 02:00:00,0.03693311,0.004686
2023-03-05 03:00:00,0.035177544,0.004686
2023-03-05 04:00:00,0.03271734,0.004686
2023-03-05 05:00:00,0.033016745,0.004686
2023-03-05 06:00:00,0.033145595,0.004686
2023-03-05 07:00:00,0.033329487,0.004686
2023-03-05 08:00:00,0.033220254,0.004686
2023-03-05 09:00:00,0.034674987,0.004686
2023-03-05 10:00:00,0.036258105,0.004686
2023-03-05 11:00:00,0.037310854,0.004686
2023-03-05 12:00:00,0.037658934,0.004686
2023-03-05 13:00:00,0.03869367,0.004686
2023-03-05 14:00:00,0.03970398,0.004686
2023-03-05 15:00:00,0.03998394,0.004686
2023-03-05 16:00:00,0.038710218,0.004686
2023-03-05 17:00:00,0.040957347,0.004686
2023-03-05 18:00:00,0.043633964,0.004686
2023-03-05 19:00:00,0.046299398,0.004686
2023-03-05 20:00:00,0.049074214,0.004686
2023-03-05 21:00:00,0.051616434,0.004686
2023-03-05 22:00:00,0.051407166,0.004686
2023-03-05 23:00:00,0.05183372,0.004686
2023-03-06 00:00:00,0.05085083,0.004686
2023-03-06 01:00:00,0.05050172,0.004686
2023-03-06 02:00:00,0.05020787,0.004686
2023-03-06 03:00:00,0.050272577,0.004686
2023-03-06 04:00:00,0.049646996,0.004686
2023-03-06 05:00:00,0.04908498,0.004686
2023-03-06 06:00:00,0.04916792,0.004686
2023-03-06 07:00:00,0.049277708,0.004686
2023-03-06 08:00:00,0.050508097,0.004686
2023-03-06 09:00:00,0.05132271,0.004686
2023-03-06 10:00:00,0.05176184,0.004686
2023-03-06 11:00:00,0.052107394,0.004686
2023-03-06 12:00:00,0.053324264,0.004686
2023-03-06 13:00:00,0.054691266,0.004686
2023-03-06 14:00:00,0.055329163,0.004686
2023-03-06 15:00:00,0.055203702,0.004686
2023-03-06 16:00:00,0.055205572,0.004686
2023-03-06 17:00:00,0.052624352,0.004686
2023-03-06 18:00:00,0.051891964,0.004686
2023-03-06 19:00:00,0.051294055,0.004686
2023-03-06 20:00:00,0.050489027,0.004686
2023-03-06 21:00:00,0.04934731,0.004686
2023-03-06 22:00:00,0.048461925,0.004686
2023-03-06 23:00:00,0.04764424,0.004686
2023-03-07 00:00:00,0.0472672,0.004686
2023-03-07 01:00:00,0.047175545,0.004686
2023-03-07 02:00:00,0.047130875,0.004686
2023-03-07 03:00:00,0.047272395,0.004686
2023-03-07 04:00:00,0.048185475,0.004686
2023-03-07 05:00:00,0.04930945,0.004686
2023-03-07 06:00:00,0.04962412,0.004686
2023-03-07 07:00:00,0.05013639,0.004686
2023-03-07 08:00:00,0.050687928,0.004686
2023-03-07 09:00:00,0.051605072,0.004686
2023-03-07 10:00:00,0.05290281,0.004686
2023-03-07 11:00:00,0.05370913,0.004686
2023-03-07 12:00:00,0.054143343,0.004686
2023-03-07 13:00:00,0.05429597,0.004686
2023-03-07 14:00:00,0.05404253,0.004686
2023-03-07 15:00:00,0.05409621,0.004686
2023-03-07 16:00:00,0.052935336,0.004686
2023-03-07 17:00:00,0.0508517,0.004686
2023-03-07 18:00:00,0.045782175,0.004686
2023-03-07 19:00:00,0.043337606,0.004686
2023-03-07 20:00:00,0.040822342,0.004686
2023-03-07 21:00:00,0.03855821,0.004686
2023-03-07 22:00:00,0.03616506,0.004686
2023-03-07 23:00:00,0.033654433,0.004686
2023-03-08 00:00:00,0.031288564,0.004686
2023-03-08 01:00:00,0.028973527,0.004686
2023-03-08 02:00:00,0.026377954,0.004686
2023-03-08 03:00:00,0.024336057,0.004686
2023-03-08 04:00:00,0.022050848,0.004686
2023-03-08 05:00:00,0.020593874,0.004686
2023-03-08 06:00:00,0.019301845,0.004686
2023-03-08 07:00:00,0.017572902,0.004686
2023-03-08 08:00:00,0.016232274,0.004686
2023-03-08 09:00:00,0.014520939,0.004686
2023-03-08 10:00:00,0.0115336515,0.004686
2023-03-08 11:00:00,0.00894862,0.004686
2023-03-08 12:00:00,0.007418344,0.004686
2023-03-08 13:00:00,0.0068549407,0.004686
2023-03-08 14:00:00,0.0068996516,0.004686
2023-03-08 15:00:00,0.0068508997,0.004686
2023-03-08 16:00:00,0.0069017634,0.004686
2023-03-08 17:00:00,0.0068703997,0.004686
2023-03-08 18:00:00,0.006703298,0.004686
2023-03-08 19:00:00,0.0065509444,0.004686
2023-03-08 20:00:00,0.006473885,0.004686
2023-03-08 21:00:00,0.0064712837,0.004686
2023-03-08 22:00:00,0.006470524,0.004686
2023-03-08 23:00:00,0.006608514,0.004686
2023-03-09 00:00:00,0.0067868032,0.004686
2023-03-09 01:00:00,0.0070114015,0.004686
2023-03-09 02:00:00,0.007299439,0.004686
2023-03-09 03:00:00,0.007566052,0.004686
2023-03-09 04:00:00,0.007707281,0.004686
2023-03-09 05:00:00,0.0076620313,0.004686
2023-03-09 06:00:00,0.00801148,0.004686
2023-03-09 07:00:00,0.008168347,0.004686
2023-03-09 08:00:00,0.008624757,0.004686
2023-03-09 09:00:00,0.00914302,0.004686
2023-03-09 10:00:00,0.009022428,0.004686
2023-03-09 11:00:00,0.009270777,0.004686
2023-03-09 12:00:00,0.009651322,0.004686
2023-03-09 13:00:00,0.010189122,0.004686
2023-03-09 14:00:00,0.010752227,0.004686
2023-03-09 15:00:00,0.011338661,0.004686
2023-03-09 16:00:00,0.011767313,0.004686
2023-03-09 17:00:00,0.012164269,0.004686
2023-03-09 18:00:00,0.012312496,0.004686
2023-03-09 19:00:00,0.012403911,0.004686
2023-03-09 20:00:00,0.012458515,0.004686
2023-03-09 21:00:00,0.012233753,0.004686
2023-03-09 22:00:00,0.01240656,0.004686
2023-03-09 23:00:00,0.012636468,0.004686
2023-03-10 00:00:00,0.012943601,0.004686
2023-03-10 01:00:00,0.0131103555,0.004686
2023-03-10 02:00:00,0.013348147,0.004686
2023-03-10 03:00:00,0.013317635,0.004686
2023-03-10 04:00:00,0.0131436,0.004686
2023-03-10 05:00:00,0.013154115,0.004686
2023-03-10 06:00:00,0.013330029,0.004686
2023-03-10 07:00:00,0.013422743,0.004686
2023-03-10 08:00:00,0.013704115,0.004686
2023-03-10 09:00:00,0.013455062,0.004686
2023-03-10 10:00:00,0.013238223,0.004686
2023-03-10 11:00:00,0.013500925,0.004686
2023-03-10 12:00:00,0.013790488,0.004686
2023-03-10 13:00:00,0.0132536,0.004686
2023-03-10 14:00:00,0.013148148,0.004686
2023-03-10 15:00:00,0.013398569,0.004686
2023-03-10 16:00:00,0.013588905,0.004686
2023-03-10 17:00:00,0.013526462,0.004686
2023-03-10 18:00:00,0.013253257,0.004686
2023-03-10 19:00:00,0.012898201,0.004686
2023-03-10 20:00:00,0.012430656,0.004686
2023-03-10 21:00:00,0.0117779905,0.004686
2023-03-10 22:00:00,0.011443301,0.004686
2023-03-10 23:00:00,0.011252924,0.004686
2023-03-11 00:00:00,0.0108938385,0.004686
2023-03-11 01:00:00,0.010517898,0.004686
2023-03-11 02:00:00,0.010136764,0.004686
2023-03-11 03:00:00,0.009778218,0.004686
2023-03-11 04:00:00,0.009480903,0.004686
2023-03-11 05:00:00,0.009220704,0.004686
2023-03-11 06:00:00,0.009032918,0.004686
2023-03-11 07:00:00,0.008996212,0.004686
2023-03-11 08:00:00,0.009185152,0.004686
2023-03-11 09:00:00,0.00908521,0.004686
2023-03-11 10:00:00,0.008542113,0.004686
2023-03-11 11:00:00,0.007969398,0.004686
2023-03-11 12:00:00,0.007662307,0.004686
2023-03-11 13:00:00,0.0075090304,0.004686
2023-03-11 14:00:00,0.007440718,0.004686
2023-03-11 15:00:00,0.007299641,0.004686
2023-03-11 16:00:00,0.007150964,0.004686
2023-03-11 17:00:00,0.007068785,0.004686
2023-03-11 18:00:00,0.0068531684,0.004686
2023-03-11 19:00:00,0.0067127743,0.004686
2023-03-11 20:00:00,0.0065501067,0.004686
2023-03-11 21:00:00,0.006357784,0.004686
2023-03-11 22:00:00,0.006178128,0.004686
2023-03-11 23:00:00,0.0060540903,0.004686
2023-03-12 00:00:00,0.0058898907,0.004686
2023-03-12 01:00:00,0.0057846312,0.004686
2023-03-12 02:00:00,0.0056749037,0.004686
2023-03-12 03:00:00,0.0055468488,0.004686
2023-03-12 04:00:00,0.005512151,0.004686
2023-03-12 05:00:00,0.005493861,0.004686
2023-03-12 06:00:00,0.0056826877,0.004686
2023-03-12 07:00:00,0.0058739823,0.004686
2023-03-12 08:00:00,0.005799887,0.004686
2023-03-12 09:00:00,0.005749532,0.004686
2023-03-12 10:00:00,0.005747006,0.004686
2023-03-12 11:00:00,0.0055663697,0.004686
2023-03-12 12:00:00,0.005452907,0.004686
2023-03-12 13:00:00,0.0057014483,0.004686
2023-03-12 14:00:00,0.006031667,0.004686
2023-03-12 15:00:00,0.0063247164,0.004686
2023-03-12 16:00:00,0.0066339346,0.004686
2023-03-12 17:00:00,0.006939794,0.004686
2023-03-12 18:00:00,0.0072721774,0.004686
2023-03-12 19:00:00,0.007594438,0.004686
2023-03-12 20:00:00,0.007891467,0.004686
2023-03-12 21:00:00,0.008242299,0.004686
2023-03-12 22:00:00,0.008665863,0.004686
2023-03-12 23:00:00,0.008993888,0.004686
2023-03-13 00:00:00,0.009383785,0.004686
2023-03-13 01:00:00,0.009793602,0.004686
2023-03-13 02:00:00,0.010237995,0.004686
2023-03-13 03:00:00,0.010519815,0.004686
2023-03-13 04:00:00,0.010821236,0.004686
2023-03-13 05:00:00,0.011118154,0.004686
2023-03-13 06:00:00,0.011542484,0.004686
2023-03-13 07:00:00,0.0120156305,0.004686
2023-03-13 08:00:00,0.012425431,0.004686
2023-03-13 09:00:00,0.012648018,0.004686
2023-03-13 10:00:00,0.0133378,0.004686
2023-03-13 11:00:00,0.014254317,0.004686
2023-03-13 12:00:00,0.014622359,0.004686
2023-03-13 13:00:00,0.0139819225,0.004686
2023-03-13 14:00:00,0.014456887,0.004686
2023-03-13 15:00:00,0.015581748,0.004686
2023-03-13 16:00:00,0.016550466,0.004686
2023-03-13 17:00:00,0.016767943,0.004686
2023-03-13 18:00:00,0.016938765,0.004686
2023-03-13 19:00:00,0.01694978,0.004686
2023-03-13 20:00:00,0.016777378,0.004686
2023-03-13 21:00:00,0.015685968,0.004686
2023-03-13 22:00:00,0.015804606,0.004686
2023-03-13 23:00:00,0.016226616,0.004686
2023-03-14 00:00:00,0.016510654,0.004686
2023-03-14 01:00:00,0.016644323,0.004686
2023-03-14 02:00:00,0.016478173,0.004686
2023-03-14 03:00:00,0.016417079,0.004686
2023-03-14 04:00:00,0.016302856,0.004686
2023-03-14 05:00:00,0.016173493,0.004686
2023-03-14 06:00:00,0.016147347,0.004686
2023-03-14 07:00:00,0.01592618,0.004686
2023-03-14 08:00:00,0.015771551,0.004686
2023-03-14 09:00:00,0.015411222,0.004686
2023-03-14 10:00:00,0.014943433,0.004686
2023-03-14 11:00:00,0.014939657,0.004686
2023-03-14 12:00:00,0.0150843365,0.004686
2023-03-14 13:00:00,0.015329012,0.004686
2023-03-14 14:00:00,0.016050383,0.004686
2023-03-14 15:00:00,0.015527643,0.004686
2023-03-14 16:00:00,0.014900001,0.004686
2023-03-14 17:00:00,0.016063876,0.004686
2023-03-14 18:00:00,0.016874405,0.004686
2023-03-14 19:00:00,0.017805647,0.004686
2023-03-14 20:00:00,0.01865775,0.004686
2023-03-14 21:00:00,0.019131197,0.004686
2023-03-14 22:00:00,0.019567985,0.004686
2023-03-14 23:00:00,0.01998463,0.004686
2023-03-15 00:00:00,0.021101234,0.004686
2023-03-15 01:00:00,0.02273303,0.004686
2023-03-15 02:00:00,0.024227187,0.004686
2023-03-15 03:00:00,0.02531205,0.004686
2023-03-15 04:00:00,0.026266577,0.004686
2023-03-15 05:00:00,0.027744856,0.004686
2023-03-15 06:00:00,0.02956896,0.004686
2023-03-15 07:00:00,0.031937145,0.004686
2023-03-15 08:00:00,0.032792572,0.004686
2023-03-15 09:00:00,0.03499216,0.004686
2023-03-15 10:00:00,0.03666651,0.004686
2023-03-15 11:00:00,0.03597039,0.004686
2023-03-15 12:00:00,0.03769244,0.004686
2023-03-15 13:00:00,0.038684115,0.004686
2023-03-15 14:00:00,0.038149215,0.004686
2023-03-15 15:00:00,0.03713687,0.004686
2023-03-15 16:00:00,0.03715798,0.004686
2023-03-15 17:00:00,0.035846535,0.004686
2023-03-15 18:00:00,0.034386512,0.004686
2023-03-15 19:00:00,0.0328514,0.004686
2023-03-15 20:00:00,0.03178326,0.004686
2023-03-15 21:00:00,0.031004386,0.004686
2023-03-15 22:00:00,0.030255135,0.004686
2023-03-15 23:00:00,0.028710304,0.004686
2023-03-16 00:00:00,0.027115233,0.004686
2023-03-16 01:00:00,0.025373438,0.004686
2023-03-16 02:00:00,0.02373093,0.004686
2023-03-16 03:00:00,0.022257114,0.004686
2023-03-16 04:00:00,0.020167222,0.004686
2023-03-16 05:00:00,0.019086579,0.004686
2023-03-16 06:00:00,0.017607154,0.004686
2023-03-16 07:00:00,0.016325468,0.004686
2023-03-16 08:00:00,0.014967982,0.004686
2023-03-16 09:00:00,0.01381045,0.004686
2023-03-16 10:00:00,0.012649708,0.004686
2023-03-16 11:00:00,0.012304702,0.004686
2023-03-16 12:00:00,0.011282585,0.004686
2023-03-16 13:00:00,0.010516562,0.004686
2023-03-16 14:00:00,0.00990466,0.004686
2023-03-16 15:00:00,0.009337588,0.004686
2023-03-16 16:00:00,0.009105498,0.004686
2023-03-16 17:00:00,0.0094516445,0.004686
2023-03-16 18:00:00,0.009696909,0.004686
2023-03-16 19:00:00,0.0099050645,0.004686
2023-03-16 20:00:00,0.010085634,0.004686
2023-03-16 21:00:00,0.010296566,0.004686
2023-03-16 22:00:00,0.010582031,0.004686
2023-03-16 23:00:00,0.010745291,0.004686
2023-03-17 00:00:00,0.010991705,0.004686
2023-03-17 01:00:00,0.01122931,0.004686
2023-03-17 02:00:00,0.011372384,0.004686
2023-03-17 03:00:00,0.011406822,0.004686
2023-03-17 04:00:00,0.01137036,0.004686
2023-03-17 05:00:00,0.011413603,0.004686
2023-03-17 06:00:00,0.011774227,0.004686
2023-03-17 07:00:00,0.012229784,0.004686
2023-03-17 08:00:00,0.01268256,0.004686
2023-03-17 09:00:00,0.013048307,0.004686
2023-03-17 10:00:00,0.012786138,0.004686
2023-03-17 11:00:00,0.012329766,0.004686
2023-03-17 12:00:00,0.012212308,0.004686
2023-03-17 13:00:00,0.012462058,0.004686
2023-03-17 14:00:00,0.012784484,0.004686
2023-03-17 15:00:00,0.013412559,0.004686
2023-03-17 16:00:00,0.014034679,0.004686
2023-03-17 17:00:00,0.014449307,0.004686
2023-03-17 18:00:00,0.014604122,0.004686
2023-03-17 19:00:00,0.014784672,0.004686
2023-03-17 20:00:00,0.014844976,0.004686
2023-03-17 21:00:00,0.01493621,0.004686
2023-03-17 22:00:00,0.015052641,0.004686
2023-03-17 23:00:00,0.015268386,0.004686
2023-03-18 00:00:00,0.015481632,0.004686
2023-03-18 01:00:00,0.015629193,0.004686
2023-03-18 02:00:00,0.01576058,0.004686
2023-03-18 03:00:00,0.015800502,0.004686
2023-03-18 04:00:00,0.015784578,0.004686
2023-03-18 05:00:00,0.016006801,0.004686
2023-03-18 06:00:00,0.016285028,0.004686
2023-03-18 07:00:00,0.016684985,0.004686
2023-03-18 08:00:00,0.01719902,0.004686
2023-03-18 09:00:00,0.017667769,0.004686
2023-03-18 10:00:00,0.01785895,0.004686
2023-03-18 11:00:00,0.0174232,0.004686
2023-03-18 12:00:00,0.017173266,0.004686
2023-03-18 13:00:00,0.017398002,0.004686
2023-03-18 14:00:00,0.017268866,0.004686
2023-03-18 15:00:00,0.017643878,0.004686
2023-03-18 16:00:00,0.018178254,0.004686
2023-03-18 17:00:00,0.019958695,0.004686
2023-03-18 18:00:00,0.018846806,0.004686
2023-03-18 19:00:00,0.018638127,0.004686
2023-03-18 20:00:00,0.018488377,0.004686
2023-03-18 21:00:00,0.018292567,0.004686
2023-03-18 22:00:00,0.018166738,0.004686
2023-03-18 23:00:00,0.018300904,0.004686
2023-03-19 00:00:00,0.018340059,0.004686
2023-03-19 01:00:00,0.018392637,0.004686
2023-03-19 02:00:00,0.01838993,0.004686
2023-03-19 03:00:00,0.018188095,0.004686
2023-03-19 04:00:00,0.018014332,0.004686
2023-03-19 05:00:00,0.01804032,0.004686
2023-03-19 06:00:00,0.018351592,0.004686
2023-03-19 07:00:00,0.018753929,0.004686
2023-03-19 08:00:00,0.018765815,0.004686
2023-03-19 09:00:00,0.018615134,0.004686
2023-03-19 10:00:00,0.017989423,0.004686
2023-03-19 11:00:00,0.017064076,0.004686
2023-03-19 12:00:00,0.016585791,0.004686
2023-03-19 13:00:00,0.016178474,0.004686
2023-03-19 14:00:00,0.01591768,0.004686
2023-03-19 15:00:00,0.015823564,0.004686
2023-03-19 16:00:00,0.015668018,0.004686
2023-03-19 17:00:00,0.015747616,0.004686
2023-03-19 18:00:00,0.015676519,0.004686
2023-03-19 19:00:00,0.015619261,0.004686
2023-03-19 20:00:00,0.015567206,0.004686
2023-03-19 21:00:00,0.015573266,0.004686
2023-03-19 22:00:00,0.015597456,0.004686
2023-03-19 23:00:00,0.015665825,0.004686
2023-03-20 00:00:00,0.015684675,0.004686
2023-03-20 01:00:00,0.015703753,0.004686
2023-03-20 02:00:00,0.015686493,0.004686
2023-03-20 03:00:00,0.015621125,0.004686
2023-03-20 04:00:00,0.015630044,0.004686
2023-03-20 05:00:00,0.015650248,0.004686
2023-03-20 06:00:00,0.015987359,0.004686
2023-03-20 07:00:00,0.016376663,0.004686
2023-03-20 08:00:00,0.016387852,0.004686
2023-03-20 09:00:00,0.015784482,0.004686
2023-03-20 10:00:00,0.01543199,0.004686
2023-03-20 11:00:00,0.014884615,0.004686
2023-03-20 12:00:00,0.014586414,0.004686
2023-03-20 13:00:00,0.014242093,0.004686
2023-03-20 14:00:00,0.014127245,0.004686
2023-03-20 15:00:00,0.014243346,0.004686
2023-03-20 16:00:00,0.014326548,0.004686
2023-03-20 17:00:00,0.014359324,0.004686
2023-03-20 18:00:00,0.014332696,0.004686
2023-03-20 19:00:00,0.014357498,0.004686
2023-03-20 20:00:00,0.014237504,0.004686
2023-03-20 21:00:00,0.0135236485,0.004686
2023-03-20 22:00:00,0.013522328,0.004686
2023-03-20 23:00:00,0.0136856595,0.004686
2023-03-21 00:00:00,0.01378688,0.004686
2023-03-21 01:00:00,0.013858779,0.004686
2023-03-21 02:00:00,0.013866929,0.004686
2023-03-21 03:00:00,0.013697637,0.004686
2023-03-21 04:00:00,0.013375343,0.004686
2023-03-21 05:00:00,0.013145717,0.004686
2023-03-21 06:00:00,0.013138608,0.004686
2023-03-21 07:00:00,0.013202458,0.004686
2023-03-21 08:00:00,0.013617685,0.004686
2023-03-21 09:00:00,0.013986541,0.004686
2023-03-21 10:00:00,0.013992397,0.004686
2023-03-21 11:00:00,0.014069208,0.004686
2023-03-21 12:00:00,0.0139272725,0.004686
2023-03-21 13:00:00,0.014037279,0.004686
2023-03-21 14:00:00,0.014625599,0.004686
2023-03-21 15:00:00,0.01525702,0.004686
2023-03-21 16:00:00,0.01613651,0.004686
2023-03-21 17:00:00,0.01688641,0.004686
2023-03-21 18:00:00,0.017806679,0.004686
2023-03-21 19:00:00,0.01830763,0.004686
2023-03-21 20:00:00,0.019152194,0.004686
2023-03-21 21:00:00,0.019405903,0.004686
2023-03-21 22:00:00,0.01968405,0.004686
2023-03-21 23:00:00,0.020003455,0.004686
2023-03-22 00:00:00,0.020429995,0.004686
2023-03-22 01:00:00,0.020882348,0.004686
2023-03-22 02:00:00,0.021580448,0.004686
2023-03-22 03:00:00,0.021477897,0.004686
2023-03-22 04:00:00,0.022144781,0.004686
2023-03-22 05:00:00,0.02291395,0.004686
2023-03-22 06:00:00,0.023721386,0.004686
2023-03-22 07:00:00,0.02448317,0.004686
2023-03-22 08:00:00,0.025026228,0.004686
2023-03-22 09:00:00,0.02566468,0.004686
2023-03-22 10:00:00,0.025721736,0.004686
2023-03-22 11:00:00,0.024465429,0.004686
2023-03-22 12:00:00,0.02516882,0.004686
2023-03-22 13:00:00,0.026299966,0.004686
2023-03-22 14:00:00,0.026443236,0.004686
2023-03-22 15:00:00,0.026524147,0.004686
2023-03-22 16:00:00,0.024650669,0.004686
2023-03-22 17:00:00,0.023474842,0.004686
2023-03-22 18:00:00,0.02238837,0.004686
2023-03-22 19:00:00,0.02175528,0.004686
2023-03-22 20:00:00,0.021066684,0.004686
2023-03-22 21:00:00,0.021158079,0.004686
2023-03-22 22:00:00,0.021183439,0.004686
2023-03-22 23:00:00,0.021661054,0.004686
2023-03-23 00:00:00,0.02180762,0.004686
2023-03-23 01:00:00,0.021912046,0.004686
2023-03-23 02:00:00,0.021284211,0.004686
2023-03-23 03:00:00,0.022470962,0.004686
2023-03-23 04:00:00,0.020321688,0.004686
2023-03-23 05:00:00,0.01945453,0.004686
2023-03-23 06:00:00,0.019882878,0.004686
2023-03-23 07:00:00,0.020017162,0.004686
2023-03-23 08:00:00,0.020575183,0.004686
2023-03-23 09:00:00,0.020580357,0.004686
2023-03-23 10:00:00,0.02023362,0.004686
2023-03-23 11:00:00,0.020527016,0.004686
2023-03-23 12:00:00,0.01991743,0.004686
2023-03-23 13:00:00,0.017985478,0.004686
2023-03-23 14:00:00,0.01678249,0.004686
2023-03-23 15:00:00,0.016434062,0.004686
2023-03-23 16:00:00,0.016213896,0.004686
2023-03-23 17:00:00,0.016525257,0.004686
2023-03-23 18:00:00,0.01708365,0.004686
2023-03-23 19:00:00,0.016494468,0.004686
2023-03-23 20:00:00,0.015911605,0.004686
2023-03-23 21:00:00,0.01540899,0.004686
2023-03-23 22:00:00,0.015621473,0.004686
2023-03-23 23:00:00,0.015896283,0.004686
2023-03-24 00:00:00,0.01614887,0.004686
2023-03-24 01:00:00,0.016260851,0.004686
2023-03-24 02:00:00,0.016347744,0.004686
2023-03-24 03:00:00,0.016141977,0.004686
2023-03-24 04:00:00,0.0161512,0.004686
2023-03-24 05:00:00,0.01613449,0.004686
2023-03-24 06:00:00,0.016392473,0.004686
2023-03-24 07:00:00,0.01656313,0.004686
2023-03-24 08:00:00,0.017325385,0.004686
2023-03-24 09:00:00,0.017160382,0.004686
2023-03-24 10:00:00,0.015922278,0.004686
2023-03-24 11:00:00,0.015548902,0.004686
2023-03-24 12:00:00,0.016062148,0.004686
2023-03-24 13:00:00,0.016131895,0.004686
2023-03-24 14:00:00,0.01621454,0.004686
2023-03-24 15:00:00,0.016278919,0.004686
2023-03-24 16:00:00,0.016680274,0.004686
2023-03-24 17:00:00,0.017383294,0.004686
2023-03-24 18:00:00,0.0178216,0.004686
2023-03-24 19:00:00,0.017800592,0.004686
2023-03-24 20:00:00,0.017733851,0.004686
2023-03-24 21:00:00,0.017365403,0.004686
2023-03-24 22:00:00,0.017352214,0.004686
2023-03-24 23:00:00,0.017508658,0.004686
2023-03-25 00:00:00,0.017407412,0.004686
2023-03-25 01:00:00,0.017457472,0.004686
2023-03-25 02:00:00,0.017475246,0.004686
2023-03-25 03:00:00,0.017468479,0.004686
2023-03-25 04:00:00,0.016962724,0.004686
2023-03-25 05:00:00,0.016531317,0.004686
2023-03-25 06:00:00,0.016492596,0.004686
2023-03-25 07:00:00,0.016448425,0.004686
2023-03-25 08:00:00,0.01669343,0.004686
2023-03-25 09:00:00,0.016622918,0.004686
2023-03-25 10:00:00,0.01655068,0.004686
2023-03-25 11:00:00,0.01737874,0.004686
2023-03-25 12:00:00,0.016970668,0.004686
2023-03-25 13:00:00,0.016168538,0.004686
2023-03-25 14:00:00,0.015440644,0.004686
2023-03-25 15:00:00,0.015405993,0.004686
2023-03-25 16:00:00,0.015545196,0.004686
2023-03-25 17:00:00,0.016093928,0.004686
2023-03-25 18:00:00,0.015971448,0.004686
2023-03-25 19:00:00,0.015879782,0.004686
2023-03-25 20:00:00,0.015690265,0.004686
2023-03-25 21:00:00,0.015513403,0.004686
2023-03-25 22:00:00,0.015460674,0.004686
2023-03-25 23:00:00,0.015448278,0.004686
2023-03-26 00:00:00,0.015518326,0.004686
2023-03-26 01:00:00,0.015611442,0.004686
2023-03-26 02:00:00,0.015513727,0.004686
2023-03-26 03:00:00,0.015420745,0.004686
2023-03-26 04:00:00,0.015367532,0.004686
2023-03-26 05:00:00,0.015876563,0.004686
2023-03-26 06:00:00,0.016368961,0.004686
2023-03-26 07:00:00,0.016548006,0.004686
2023-03-26 08:00:00,0.016364664,0.004686
2023-03-26 09:00:00,0.01721275,0.004686
2023-03-26 10:00:00,0.017223015,0.004686
2023-03-26 11:00:00,0.015584722,0.004686
2023-03-26 12:00:00,0.014920724,0.004686
2023-03-26 13:00:00,0.0142499395,0.004686
2023-03-26 14:00:00,0.013580816,0.004686
2023-03-26 15:00:00,0.01316672,0.004686
2023-03-26 16:00:00,0.013123603,0.004686
2023-03-26 17:00:00,0.0130138835,0.004686
2023-03-26 18:00:00,0.012745757,0.004686
2023-03-26 19:00:00,0.01259103,0.004686
2023-03-26 20:00:00,0.012530371,0.004686
2023-03-26 21:00:00,0.01246469,0.004686
2023-03-26 22:00:00,0.011966154,0.004686
2023-03-26 23:00:00,0.011843029,0.004686
2023-03-27 00:00:00,0.011702484,0.004686
2023-03-27 01:00:00,0.011581076,0.004686
2023-03-27 02:00:00,0.011412593,0.004686
2023-03-27 03:00:00,0.011070179,0.004686
2023-03-27 04:00:00,0.010679319,0.004686
2023-03-27 05:00:00,0.010910601,0.004686
2023-03-27 06:00:00,0.011588192,0.004686
2023-03-27 07:00:00,0.0130428225,0.004686
2023-03-27 08:00:00,0.013921314,0.004686
2023-03-27 09:00:00,0.014787671,0.004686
2023-03-27 10:00:00,0.015442788,0.004686
2023-03-27 11:00:00,0.015598596,0.004686
2023-03-27 12:00:00,0.015956327,0.004686
2023-03-27 13:00:00,0.015802978,0.004686
2023-03-27 14:00:00,0.016070161,0.004686
2023-03-27 15:00:00,0.016231896,0.004686
2023-03-27 16:00:00,0.016855009,0.004686
2023-03-27 17:00:00,0.017245552,0.004686
2023-03-27 18:00:00,0.01749563,0.004686
2023-03-27 19:00:00,0.017508758,0.004686
2023-03-27 20:00:00,0.017283432,0.004686
2023-03-27 21:00:00,0.018371772,0.004686
2023-03-27 22:00:00,0.01936484,0.004686
2023-03-27 23:00:00,0.020434098,0.004686
2023-03-28 00:00:00,0.021056022,0.004686
2023-03-28 01:00:00,0.021648241,0.004686
2023-03-28 02:00:00,0.022928428,0.004686
2023-03-28 03:00:00,0.024405707,0.004686
2023-03-28 04:00:00,0.024652338,0.004686
2023-03-28 05:00:00,0.021185981,0.004686
2023-03-28 06:00:00,0.021218551,0.004686
2023-03-28 07:00:00,0.020591732,0.004686
2023-03-28 08:00:00,0.021758173,0.004686
2023-03-28 09:00:00,0.028291063,0.004686
2023-03-28 10:00:00,0.028606704,0.004686
2023-03-28 11:00:00,0.032012247,0.004686
2023-03-28 12:00:00,0.034411885,0.004686
2023-03-28 13:00:00,0.03520135,0.004686
2023-03-28 14:00:00,0.03557122,0.004686
2023-03-28 15:00:00,0.033920053,0.004686
2023-03-28 16:00:00,0.03392177,0.004686
2023-03-28 17:00:00,0.034610275,0.004686
2023-03-28 18:00:00,0.03516309,0.004686
2023-03-28 19:00:00,0.035774298,0.004686
2023-03-28 20:00:00,0.03617013,0.004686
2023-03-28 21:00:00,0.036529202,0.004686
2023-03-28 22:00:00,0.037068296,0.004686
2023-03-28 23:00:00,0.03743771,0.004686
2023-03-29 00:00:00,0.037605383,0.004686
2023-03-29 01:00:00,0.036758993,0.004686
2023-03-29 02:00:00,0.036492307,0.004686
2023-03-29 03:00:00,0.032951377,0.004686
2023-03-29 04:00:00,0.031357687,0.004686
2023-03-29 05:00:00,0.030390797,0.004686
2023-03-29 06:00:00,0.031187229,0.004686
2023-03-29 07:00:00,0.03222833,0.004686
2023-03-29 08:00:00,0.033060934,0.004686
2023-03-29 09:00:00,0.035601467,0.004686
2023-03-29 10:00:00,0.03596153,0.004686
2023-03-29 11:00:00,0.03616758,0.004686
2023-03-29 12:00:00,0.035586964,0.004686
2023-03-29 13:00:00,0.03626242,0.004686
2023-03-29 14:00:00,0.040958907,0.004686
2023-03-29 15:00:00,0.043607973,0.004686
2023-03-29 16:00:00,0.042227756,0.004686
2023-03-29 17:00:00,0.03959065,0.004686
2023-03-29 18:00:00,0.039343413,0.004686
2023-03-29 19:00:00,0.038609263,0.004686
2023-03-29 20:00:00,0.037264276,0.004686
2023-03-29 21:00:00,0.036588486,0.004686
2023-03-29 22:00:00,0.035726808,0.004686
2023-03-29 23:00:00,0.035156302,0.004686
2023-03-30 00:00:00,0.0347704,0.004686
2023-03-30 01:00:00,0.034348086,0.004686
2023-03-30 02:00:00,0.03391632,0.004686
2023-03-30 03:00:00,0.032591395,0.004686
2023-03-30 04:00:00,0.03171419,0.004686
2023-03-30 05:00:00,0.031416282,0.004686
2023-03-30 06:00:00,0.031317238,0.004686
2023-03-30 07:00:00,0.033319436,0.004686
2023-03-30 08:00:00,0.033801854,0.004686
2023-03-30 09:00:00,0.034330882,0.004686
2023-03-30 10:00:00,0.034775745,0.004686
2023-03-30 11:00:00,0.03392261,0.004686
2023-03-30 12:00:00,0.033213615,0.004686
2023-03-30 13:00:00,0.032945473,0.004686
2023-03-30 14:00:00,0.032067277,0.004686
2023-03-30 15:00:00,0.028410753,0.004686
2023-03-30 16:00:00,0.026848704,0.004686
2023-03-30 17:00:00,0.025994703,0.004686
2023-03-30 18:00:00,0.025619006,0.004686
2023-03-30 19:00:00,0.025498549,0.004686
2023-03-30 20:00:00,0.02549202,0.004686
2023-03-30 21:00:00,0.026241435,0.004686
2023-03-30 22:00:00,0.026857456,0.004686
2023-03-30 23:00:00,0.027017618,0.004686
2023-03-31 00:00:00,0.026381629,0.004686
2023-03-31 01:00:00,0.02557649,0.004686
2023-03-31 02:00:00,0.024311667,0.004686
2023-03-31 03:00:00,0.02146005,0.004686
2023-03-31 04:00:00,0.018491648,0.004686
2023-03-31 05:00:00,0.01617605,0.004686
2023-03-31 06:00:00,0.016500283,0.004686
2023-03-31 07:00:00,0.016842091,0.004686
2023-03-31 08:00:00,0.01651131,0.004686
2023-03-31 09:00:00,0.01646107,0.004686
2023-03-31 10:00:00,0.017935446,0.004686
2023-03-31 11:00:00,0.017810762,0.004686
2023-03-31 12:00:00,0.014955644,0.004686
2023-03-31 13:00:00,0.014688839,0.004686
2023-03-31 14:00:00,0.014606049,0.004686
2023-03-31 15:00:00,0.015108425,0.004686
2023-03-31 16:00:00,0.016274812,0.004686
2023-03-31 17:00:00,0.017004108,0.004686
2023-03-31 18:00:00,0.017933453,0.004686
2023-03-31 19:00:00,0.018863924,0.004686
2023-03-31 20:00:00,0.019350577,0.004686
2023-03-31 21:00:00,0.020364165,0.004686
2023-03-31 22:00:00,0.021752456,0.004686
2023-03-31 23:00:00,0.023173375,0.004686
2023-04-01 00:00:00,0.024859145,0.004686
2023-04-01 01:00:00,0.025918346,0.004686
2023-04-01 02:00:00,0.027220687,0.004686
2023-04-01 03:00:00,0.027937714,0.004686
2023-04-01 04:00:00,0.028863197,0.004686
2023-04-01 05:00:00,0.02965486,0.004686
2023-04-01 06:00:00,0.03058561,0.004686
2023-04-01 07:00:00,0.031532202,0.004686
2023-04-01 08:00:00,0.032742225,0.004686
2023-04-01 09:00:00,0.033780087,0.004686
2023-04-01 10:00:00,0.03358002,0.004686
2023-04-01 11:00:00,0.03250627,0.004686
2023-04-01 12:00:00,0.03202062,0.004686
2023-04-01 13:00:00,0.03205963,0.004686
2023-04-01 14:00:00,0.03250379,0.004686
2023-04-01 15:00:00,0.034783192,0.004686
2023-04-01 16:00:00,0.033939976,0.004686
2023-04-01 17:00:00,0.033456102,0.004686
2023-04-01 18:00:00,0.033355445,0.004686
2023-04-01 19:00:00,0.033057753,0.004686
2023-04-01 20:00:00,0.032511313,0.004686
2023-04-01 21:00:00,0.0317937,0.004686
2023-04-01 22:00:00,0.03123351,0.004686
2023-04-01 23:00:00,0.03127879,0.004686
2023-04-02 00:00:00,0.031039815,0.004686
2023-04-02 01:00:00,0.030614885,0.004686
2023-04-02 02:00:00,0.030413665,0.004686
2023-04-02 03:00:00,0.030392975,0.004686
2023-04-02 04:00:00,0.030366007,0.004686
2023-04-02 05:00:00,0.030303553,0.004686
2023-04-02 06:00:00,0.030804886,0.004686
2023-04-02 07:00:00,0.03206082,0.004686
2023-04-02 08:00:00,0.034363218,0.004686
2023-04-02 09:00:00,0.036421232,0.004686
2023-04-02 10:00:00,0.037541825,0.004686
2023-04-02 11:00:00,0.03794149,0.004686
2023-04-02 12:00:00,0.038167622,0.004686
2023-04-02 13:00:00,0.03699626,0.004686
2023-04-02 14:00:00,0.037092224,0.004686
2023-04-02 15:00:00,0.036841854,0.004686
2023-04-02 16:00:00,0.036120016,0.004686
2023-04-02 17:00:00,0.03376629,0.004686
2023-04-02 18:00:00,0.033526663,0.004686
2023-04-02 19:00:00,0.031927172,0.004686
2023-04-02 20:00:00,0.030717807,0.004686
2023-04-02 21:00:00,0.029748736,0.004686
2023-04-02 22:00:00,0.028489877,0.004686
2023-04-02 23:00:00,0.027405586,0.004686
2023-04-03 00:00:00,0.025989842,0.004686
2023-04-03 01:00:00,0.025034897,0.004686
2023-04-03 02:00:00,0.023402615,0.004686
2023-04-03 03:00:00,0.022804039,0.004686
2023-04-03 04:00:00,0.022911027,0.004686
2023-04-03 05:00:00,0.02307402,0.004686
2023-04-03 06:00:00,0.023246465,0.004686
2023-04-03 07:00:00,0.023450477,0.004686
2023-04-03 08:00:00,0.023212109,0.004686
2023-04-03 09:00:00,0.021690356,0.004686
2023-04-03 10:00:00,0.02324841,0.004686
2023-04-03 11:00:00,0.027767759,0.004686
2023-04-03 12:00:00,0.02866413,0.004686
2023-04-03 13:00:00,0.029704105,0.004686
2023-04-03 14:00:00,0.029000752,0.004686
2023-04-03 15:00:00,0.02777966,0.004686
2023-04-03 16:00:00,0.028350007,0.004686
2023-04-03 17:00:00,0.029094538,0.004686
2023-04-03 18:00:00,0.028004378,0.004686
2023-04-03 19:00:00,0.028475173,0.004686
2023-04-03 20:00:00,0.028994191,0.004686
2023-04-03 21:00:00,0.02886431,0.004686
2023-04-03 22:00:00,0.028297005,0.004686
2023-04-03 23:00:00,0.028397612,0.004686
2023-04-04 00:00:00,0.028484805,0.004686
2023-04-04 01:00:00,0.028568706,0.004686
2023-04-04 02:00:00,0.02864805,0.004686
2023-04-04 03:00:00,0.027551657,0.004686
2023-04-04 04:00:00,0.027143119,0.004686
2023-04-04 05:00:00,0.027027123,0.004686
2023-04-04 06:00:00,0.027028807,0.004686
2023-04-04 07:00:00,0.02622132,0.004686
2023-04-04 08:00:00,0.02897147,0.004686
2023-04-04 09:00:00,0.024189346,0.004686
2023-04-04 10:00:00,0.023972018,0.004686
2023-04-04 11:00:00,0.028736817,0.004686
2023-04-04 12:00:00,0.03064147,0.004686
2023-04-04 13:00:00,0.02852004,0.004686
2023-04-04 14:00:00,0.026034154,0.004686
2023-04-04 15:00:00,0.027156014,0.004686
2023-04-04 16:00:00,0.029081201,0.004686
2023-04-04 17:00:00,0.029300263,0.004686
2023-04-04 18:00:00,0.029525975,0.004686
2023-04-04 19:00:00,0.029948793,0.004686
2023-04-04 20:00:00,0.030214326,0.004686
2023-04-04 21:00:00,0.030882273,0.004686
2023-04-04 22:00:00,0.030712837,0.004686
2023-04-04 23:00:00,0.03046903,0.004686
2023-04-05 00:00:00,0.029742371,0.004686
2023-04-05 01:00:00,0.029645914,0.004686
2023-04-05 02:00:00,0.029291091,0.004686
2023-04-05 03:00:00,0.027290095,0.004686
2023-04-05 04:00:00,0.02560558,0.004686
2023-04-05 05:00:00,0.023149868,0.004686
2023-04-05 06:00:00,0.022469092,0.004686
2023-04-05 07:00:00,0.022245578,0.004686
2023-04-05 08:00:00,0.022795014,0.004686
2023-04-05 09:00:00,0.023747744,0.004686
2023-04-05 10:00:00,0.024305722,0.004686
2023-04-05 11:00:00,0.030124607,0.004686
2023-04-05 12:00:00,0.032099884,0.004686
2023-04-05 13:00:00,0.033494238,0.004686
2023-04-05 14:00:00,0.032726347,0.004686
2023-04-05 15:00:00,0.032478034,0.004686
2023-04-05 16:00:00,0.03235698,0.004686
2023-04-05 17:00:00,0.032501884,0.004686
2023-04-05 18:00:00,0.032267895,0.004686
2023-04-05 19:00:00,0.0325084,0.004686
2023-04-05 20:00:00,0.03315383,0.004686
2023-04-05 21:00:00,0.03377882,0.004686
2023-04-05 22:00:00,0.03356803,0.004686
2023-04-05 23:00:00,0.03354273,0.004686
2023-04-06 00:00:00,0.03381914,0.004686
2023-04-06 01:00:00,0.034551755,0.004686
2023-04-06 02:00:00,0.034614626,0.004686
2023-04-06 03:00:00,0.031974494,0.004686
2023-04-06 04:00:00,0.030539254,0.004686
2023-04-06 05:00:00,0.027271476,0.004686
2023-04-06 06:00:00,0.025262015,0.004686
2023-04-06 07:00:00,0.025415193,0.004686
2023-04-06 08:00:00,0.02758365,0.004686
2023-04-06 09:00:00,0.02892433,0.004686
2023-04-06 10:00:00,0.029410344,0.004686
2023-04-06 11:00:00,0.028758615,0.004686
2023-04-06 12:00:00,0.028463064,0.004686
2023-04-06 13:00:00,0.029783085,0.004686
2023-04-06 14:00:00,0.031371497,0.004686
2023-04-06 15:00:00,0.031954464,0.004686
2023-04-06 16:00:00,0.031961817,0.004686
2023-04-06 17:00:00,0.031938724,0.004686
2023-04-06 18:00:00,0.03184655,0.004686
2023-04-06 19:00:00,0.03303523,0.004686
2023-04-06 20:00:00,0.034420703,0.004686
2023-04-06 21:00:00,0.03556804,0.004686
2023-04-06 22:00:00,0.036705215,0.004686
2023-04-06 23:00:00,0.038117856,0.004686
2023-04-07 00:00:00,0.039549936,0.004686
2023-04-07 01:00:00,0.03982053,0.004686
2023-04-07 02:00:00,0.039852567,0.004686
2023-04-07 03:00:00,0.039323017,0.004686
2023-04-07 04:00:00,0.038544863,0.004686
2023-04-07 05:00:00,0.03615199,0.004686
2023-04-07 06:00:00,0.033612095,0.004686
2023-04-07 07:00:00,0.032736804,0.004686
2023-04-07 08:00:00,0.03229042,0.004686
2023-04-07 09:00:00,0.03322462,0.004686
2023-04-07 10:00:00,0.039350178,0.004686
2023-04-07 11:00:00,0.04256548,0.004686
2023-04-07 12:00:00,0.042351965,0.004686
2023-04-07 13:00:00,0.043570586,0.004686
2023-04-07 14:00:00,0.043992396,0.004686
2023-04-07 15:00:00,0.0435221,0.004686
2023-04-07 16:00:00,0.043748748,0.004686
2023-04-07 17:00:00,0.043775443,0.004686
2023-04-07 18:00:00,0.04326987,0.004686
2023-04-07 19:00:00,0.042201407,0.004686
2023-04-07 20:00:00,0.04014663,0.004686
2023-04-07 21:00:00,0.038588278,0.004686
2023-04-07 22:00:00,0.036623403,0.004686
2023-04-07 23:00:00,0.03542045,0.004686
2023-04-08 00:00:00,0.03371785,0.004686
2023-04-08 01:00:00,0.032201,0.004686
2023-04-08 02:00:00,0.03026831,0.004686
2023-04-08 03:00:00,0.028305674,0.004686
2023-04-08 04:00:00,0.026699087,0.004686
2023-04-08 05:00:00,0.025380526,0.004686
2023-04-08 06:00:00,0.024078628,0.004686
2023-04-08 07:00:00,0.022707712,0.004686
2023-04-08 08:00:00,0.021864096,0.004686
2023-04-08 09:00:00,0.021095501,0.004686
2023-04-08 10:00:00,0.01975215,0.004686
2023-04-08 11:00:00,0.018854331,0.004686
2023-04-08 12:00:00,0.019250602,0.004686
2023-04-08 13:00:00,0.01957092,0.004686
2023-04-08 14:00:00,0.01757066,0.004686
2023-04-08 15:00:00,0.016467802,0.004686
2023-04-08 16:00:00,0.015755836,0.004686
2023-04-08 17:00:00,0.01549744,0.004686
2023-04-08 18:00:00,0.016101155,0.004686
2023-04-08 19:00:00,0.017321814,0.004686
2023-04-08 20:00:00,0.018014187,0.004686
2023-04-08 21:00:00,0.019405145,0.004686
2023-04-08 22:00:00,0.02089444,0.004686
2023-04-08 23:00:00,0.022414276,0.004686
2023-04-09 00:00:00,0.02317665,0.004686
2023-04-09 01:00:00,0.024018494,0.004686
2023-04-09 02:00:00,0.025411053,0.004686
2023-04-09 03:00:00,0.026400233,0.004686
2023-04-09 04:00:00,0.028001038,0.004686
2023-04-09 05:00:00,0.029314224,0.004686
2023-04-09 06:00:00,0.031065352,0.004686
2023-04-09 07:00:00,0.031565085,0.004686
2023-04-09 08:00:00,0.03161627,0.004686
2023-04-09 09:00:00,0.03227665,0.004686
2023-04-09 10:00:00,0.033859927,0.004686
2023-04-09 11:00:00,0.036048237,0.004686
2023-04-09 12:00:00,0.037641052,0.004686
2023-04-09 13:00:00,0.03810712,0.004686
2023-04-09 14:00:00,0.037531666,0.004686
2023-04-09 15:00:00,0.037530757,0.004686
2023-04-09 16:00:00,0.03772096,0.004686
2023-04-09 17:00:00,0.037119746,0.004686
2023-04-09 18:00:00,0.036667734,0.004686
2023-04-09 19:00:00,0.03670563,0.004686
2023-04-09 20:00:00,0.036628485,0.004686
2023-04-09 21:00:00,0.03633717,0.004686
2023-04-09 22:00:00,0.035084944,0.004686
2023-04-09 23:00:00,0.033924814,0.004686
2023-04-10 00:00:00,0.032201104,0.004686
2023-04-10 01:00:00,0.029560376,0.004686
2023-04-10 02:00:00,0.027685393,0.004686
2023-04-10 03:00:00,0.026952166,0.004686
2023-04-10 04:00:00,0.026911385,0.004686
2023-04-10 05:00:00,0.026958672,0.004686
2023-04-10 06:00:00,0.02721977,0.004686
2023-04-10 07:00:00,0.028057437,0.004686
2023-04-10 08:00:00,0.028255887,0.004686
2023-04-10 09:00:00,0.029289862,0.004686
2023-04-10 10:00:00,0.030830394,0.004686
2023-04-10 11:00:00,0.030522082,0.004686
2023-04-10 12:00:00,0.031494413,0.004686
2023-04-10 13:00:00,0.031125035,0.004686
2023-04-10 14:00:00,0.031337667,0.004686
2023-04-10 15:00:00,0.030925889,0.004686
2023-04-10 16:00:00,0.03176067,0.004686
2023-04-10 17:00:00,0.030067759,0.004686
2023-04-10 18:00:00,0.028050534,0.004686
2023-04-10 19:00:00,0.026409866,0.004686
2023-04-10 20:00:00,0.024506206,0.004686
2023-04-10 21:00:00,0.023912875,0.004686
2023-04-10 22:00:00,0.023511691,0.004686
2023-04-10 23:00:00,0.023500718,0.004686
2023-04-11 00:00:00,0.023690075,0.004686
2023-04-11 01:00:00,0.0233453,0.004686
2023-04-11 02:00:00,0.022762608,0.004686
2023-04-11 03:00:00,0.02074196,0.004686
2023-04-11 04:00:00,0.019366212,0.004686
2023-04-11 05:00:00,0.018387062,0.004686
2023-04-11 06:00:00,0.017608987,0.004686
2023-04-11 07:00:00,0.018481646,0.004686
2023-04-11 08:00:00,0.018265232,0.004686
2023-04-11 09:00:00,0.017537003,0.004686
2023-04-11 10:00:00,0.017138015,0.004686
2023-04-11 11:00:00,0.016364265,0.004686
2023-04-11 12:00:00,0.016467134,0.004686
2023-04-11 13:00:00,0.0145197315,0.004686
2023-04-11 14:00:00,0.014197009,0.004686
2023-04-11 15:00:00,0.014182116,0.004686
2023-04-11 16:00:00,0.015316754,0.004686
2023-04-11 17:00:00,0.016484894,0.004686
2023-04-11 18:00:00,0.017876584,0.004686
2023-04-11 19:00:00,0.019334173,0.004686
2023-04-11 20:00:00,0.020659242,0.004686
2023-04-11 21:00:00,0.02190089,0.004686
2023-04-11 22:00:00,0.023018077,0.004686
2023-04-11 23:00:00,0.02414622,0.004686
2023-04-12 00:00:00,0.024586337,0.004686
2023-04-12 01:00:00,0.025212577,0.004686
2023-04-12 02:00:00,0.026410632,0.004686
2023-04-12 03:00:00,0.027423311,0.004686
2023-04-12 04:00:00,0.027657798,0.004686
2023-04-12 05:00:00,0.028245656,0.004686
2023-04-12 06:00:00,0.028759466,0.004686
2023-04-12 07:00:00,0.030170742,0.004686
2023-04-12 08:00:00,0.030084811,0.004686
2023-04-12 09:00:00,0.029279362,0.004686
2023-04-12 10:00:00,0.028103685,0.004686
2023-04-12 11:00:00,0.02629229,0.004686
2023-04-12 12:00:00,0.024832215,0.004686
2023-04-12 13:00:00,0.023972591,0.004686
2023-04-12 14:00:00,0.023280475,0.004686
2023-04-12 15:00:00,0.022655044,0.004686
2023-04-12 16:00:00,0.02166322,0.004686
2023-04-12 17:00:00,0.020996783,0.004686
2023-04-12 18:00:00,0.019669998,0.004686
2023-04-12 19:00:00,0.018289777,0.004686
2023-04-12 20:00:00,0.017142909,0.004686
2023-04-12 21:00:00,0.016346516,0.004686
2023-04-12 22:00:00,0.015453446,0.004686
2023-04-12 23:00:00,0.014623957,0.004686
2023-04-13 00:00:00,0.013723197,0.004686
2023-04-13 01:00:00,0.01271529,0.004686
2023-04-13 02:00:00,0.011062139,0.004686
2023-04-13 03:00:00,0.008930859,0.004686
2023-04-13 04:00:00,0.00874249,0.004686
2023-04-13 05:00:00,0.008859513,0.004686
2023-04-13 06:00:00,0.009074361,0.004686
2023-04-13 07:00:00,0.008904447,0.004686
2023-04-13 08:00:00,0.008859252,0.004686
2023-04-13 09:00:00,0.009186425,0.004686
2023-04-13 10:00:00,0.00916393,0.004686
2023-04-13 11:00:00,0.009553307,0.004686
2023-04-13 12:00:00,0.010001836,0.004686
2023-04-13 13:00:00,0.0102111725,0.004686
2023-04-13 14:00:00,0.010753785,0.004686
2023-04-13 15:00:00,0.010611082,0.004686
2023-04-13 16:00:00,0.01099567,0.004686
2023-04-13 17:00:00,0.010764976,0.004686
2023-04-13 18:00:00,0.010833874,0.004686
2023-04-13 19:00:00,0.010782063,0.004686
2023-04-13 20:00:00,0.010814366,0.004686
2023-04-13 21:00:00,0.010839167,0.004686
2023-04-13 22:00:00,0.010626357,0.004686
2023-04-13 23:00:00,0.010481506,0.004686
2023-04-14 00:00:00,0.010580007,0.004686
2023-04-14 01:00:00,0.010368657,0.004686
2023-04-14 02:00:00,0.0102254255,0.004686
2023-04-14 03:00:00,0.00992723,0.004686
2023-04-14 04:00:00,0.0097564,0.004686
2023-04-14 05:00:00,0.009788979,0.004686
2023-04-14 06:00:00,0.010241267,0.004686
2023-04-14 07:00:00,0.010092979,0.004686
2023-04-14 08:00:00,0.009644345,0.004686
2023-04-14 09:00:00,0.009902635,0.004686
2023-04-14 10:00:00,0.011874645,0.004686
2023-04-14 11:00:00,0.0122711025,0.004686
2023-04-14 12:00:00,0.010571804,0.004686
2023-04-14 13:00:00,0.01070019,0.004686
2023-04-14 14:00:00,0.011158676,0.004686
2023-04-14 15:00:00,0.011371337,0.004686
2023-04-14 16:00:00,0.012227252,0.004686
2023-04-14 17:00:00,0.013246602,0.004686
2023-04-14 18:00:00,0.013965986,0.004686
2023-04-14 19:00:00,0.014267036,0.004686
2023-04-14 20:00:00,0.014623125,0.004686
2023-04-14 21:00:00,0.014904442,0.004686
2023-04-14 22:00:00,0.015053846,0.004686
2023-04-14 23:00:00,0.015142117,0.004686
2023-04-15 00:00:00,0.015140724,0.004686
2023-04-15 01:00:00,0.0150053315,0.004686
2023-04-15 02:00:00,0.014861324,0.004686
2023-04-15 03:00:00,0.01462874,0.004686
2023-04-15 04:00:00,0.014298125,0.004686
2023-04-15 05:00:00,0.0145825995,0.004686
2023-04-15 06:00:00,0.01431048,0.004686
2023-04-15 07:00:00,0.014924508,0.004686
2023-04-15 08:00:00,0.015701158,0.004686
2023-04-15 09:00:00,0.016071575,0.004686
2023-04-15 10:00:00,0.014568771,0.004686
2023-04-15 11:00:00,0.012399266,0.004686
2023-04-15 12:00:00,0.013165386,0.004686
2023-04-15 13:00:00,0.01122034,0.004686
2023-04-15 14:00:00,0.009664033,0.004686
2023-04-15 15:00:00,0.008608202,0.004686
2023-04-15 16:00:00,0.008403374,0.004686
2023-04-15 17:00:00,0.008220678,0.004686
2023-04-15 18:00:00,0.008283556,0.004686
2023-04-15 19:00:00,0.008367661,0.004686
2023-04-15 20:00:00,0.00858217,0.004686
2023-04-15 21:00:00,0.008749561,0.004686
2023-04-15 22:00:00,0.008836518,0.004686
2023-04-15 23:00:00,0.0089509655,0.004686
2023-04-16 00:00:00,0.008981583,0.004686
2023-04-16 01:00:00,0.008816687,0.004686
2023-04-16 02:00:00,0.008546645,0.004686
2023-04-16 03:00:00,0.008597883,0.004686
2023-04-16 04:00:00,0.008726682,0.004686
2023-04-16 05:00:00,0.009138406,0.004686
2023-04-16 06:00:00,0.00955538,0.004686
2023-04-16 07:00:00,0.009654761,0.004686
2023-04-16 08:00:00,0.008888693,0.004686
2023-04-16 09:00:00,0.008529025,0.004686
2023-04-16 10:00:00,0.008360614,0.004686
2023-04-16 11:00:00,0.008161259,0.004686
2023-04-16 12:00:00,0.008105128,0.004686
2023-04-16 13:00:00,0.008057341,0.004686
2023-04-16 14:00:00,0.008082552,0.004686
2023-04-16 15:00:00,0.008153073,0.004686
2023-04-16 16:00:00,0.008204177,0.004686
2023-04-16 17:00:00,0.008333079,0.004686
2023-04-16 18:00:00,0.008360376,0.004686
2023-04-16 19:00:00,0.0083789565,0.004686
2023-04-16 20:00:00,0.008350365,0.004686
2023-04-16 21:00:00,0.008484297,0.004686
2023-04-16 22:00:00,0.00855608,0.004686
2023-04-16 23:00:00,0.0088336,0.004686
2023-04-17 00:00:00,0.009190223,0.004686
2023-04-17 01:00:00,0.009137166,0.004686
2023-04-17 02:00:00,0.009095966,0.004686
2023-04-17 03:00:00,0.009015095,0.004686
2023-04-17 04:00:00,0.009003872,0.004686
2023-04-17 05:00:00,0.009077016,0.004686
2023-04-17 06:00:00,0.009323493,0.004686
2023-04-17 07:00:00,0.009177699,0.004686
2023-04-17 08:00:00,0.00909506,0.004686
2023-04-17 09:00:00,0.009420514,0.004686
2023-04-17 10:00:00,0.009557207,0.004686
2023-04-17 11:00:00,0.009842803,0.004686
2023-04-17 12:00:00,0.009912102,0.004686
2023-04-17 13:00:00,0.010024696,0.004686
2023-04-17 14:00:00,0.010008558,0.004686
2023-04-17 15:00:00,0.010176599,0.004686
2023-04-17 16:00:00,0.010250698,0.004686
2023-04-17 17:00:00,0.010537245,0.004686
2023-04-17 18:00:00,0.010822529,0.004686
2023-04-17 19:00:00,0.0110119805,0.004686
2023-04-17 20:00:00,0.011121938,0.004686
2023-04-17 21:00:00,0.011256773,0.004686
2023-04-17 22:00:00,0.011451844,0.004686
2023-04-17 23:00:00,0.011680758,0.004686
2023-04-18 00:00:00,0.012099931,0.004686
2023-04-18 01:00:00,0.012123996,0.004686
2023-04-18 02:00:00,0.011992678,0.004686
2023-04-18 03:00:00,0.011738102,0.004686
2023-04-18 04:00:00,0.011787104,0.004686
2023-04-18 05:00:00,0.011831612,0.004686
2023-04-18 06:00:00,0.012126953,0.004686
2023-04-18 07:00:00,0.011989726,0.004686
2023-04-18 08:00:00,0.012040366,0.004686
2023-04-18 09:00:00,0.012258057,0.004686
2023-04-18 10:00:00,0.012896964,0.004686
2023-04-18 11:00:00,0.013371101,0.004686
2023-04-18 12:00:00,0.013505309,0.004686
2023-04-18 13:00:00,0.013340469,0.004686
2023-04-18 14:00:00,0.01419349,0.004686
2023-04-18 15:00:00,0.014145792,0.004686
2023-04-18 16:00:00,0.0154503845,0.004686
2023-04-18 17:00:00,0.015685312,0.004686
2023-04-18 18:00:00,0.017223392,0.004686
2023-04-18 19:00:00,0.017396633,0.004686
2023-04-18 20:00:00,0.01825667,0.004686
2023-04-18 21:00:00,0.018977977,0.004686
2023-04-18 22:00:00,0.020698177,0.004686
2023-04-18 23:00:00,0.021630444,0.004686
2023-04-19 00:00:00,0.021875469,0.004686
2023-04-19 01:00:00,0.021911655,0.004686
2023-04-19 02:00:00,0.023271259,0.004686
2023-04-19 03:00:00,0.02343671,0.004686
2023-04-19 04:00:00,0.024848122,0.004686
2023-04-19 05:00:00,0.02636024,0.004686
2023-04-19 06:00:00,0.028384138,0.004686
2023-04-19 07:00:00,0.030549632,0.004686
2023-04-19 08:00:00,0.030678611,0.004686
2023-04-19 09:00:00,0.03312524,0.004686
2023-04-19 10:00:00,0.034351483,0.004686
2023-04-19 11:00:00,0.03561425,0.004686
2023-04-19 12:00:00,0.036363732,0.004686
2023-04-19 13:00:00,0.03713496,0.004686
2023-04-19 14:00:00,0.036126215,0.004686
2023-04-19 15:00:00,0.036641028,0.004686
2023-04-19 16:00:00,0.034231737,0.004686
2023-04-19 17:00:00,0.03593307,0.004686
2023-04-19 18:00:00,0.03471946,0.004686
2023-04-19 19:00:00,0.03635206,0.004686
2023-04-19 20:00:00,0.03761723,0.004686
2023-04-19 21:00:00,0.038292427,0.004686
2023-04-19 22:00:00,0.03833093,0.004686
2023-04-19 23:00:00,0.03990194,0.004686
2023-04-20 00:00:00,0.040220194,0.004686
2023-04-20 01:00:00,0.039807823,0.004686
2023-04-20 02:00:00,0.04063258,0.004686
2023-04-20 03:00:00,0.041506,0.004686
2023-04-20 04:00:00,0.03902469,0.004686
2023-04-20 05:00:00,0.03609754,0.004686
2023-04-20 06:00:00,0.03449491,0.004686
2023-04-20 07:00:00,0.032580223,0.004686
2023-04-20 08:00:00,0.03339782,0.004686
2023-04-20 09:00:00,0.035242707,0.004686
2023-04-20 10:00:00,0.035682246,0.004686
2023-04-20 11:00:00,0.039956752,0.004686
2023-04-20 12:00:00,0.03990732,0.004686
2023-04-20 13:00:00,0.048056655,0.004686
2023-04-20 14:00:00,0.049208883,0.004686
2023-04-20 15:00:00,0.048460007,0.004686
2023-04-20 16:00:00,0.04907747,0.004686
2023-04-20 17:00:00,0.04932581,0.004686
2023-04-20 18:00:00,0.050449066,0.004686
2023-04-20 19:00:00,0.050050195,0.004686
2023-04-20 20:00:00,0.049752064,0.004686
2023-04-20 21:00:00,0.04937744,0.004686
2023-04-20 22:00:00,0.049700975,0.004686
2023-04-20 23:00:00,0.049417507,0.004686
2023-04-21 00:00:00,0.04882813,0.004686
2023-04-21 01:00:00,0.04913658,0.004686
2023-04-21 02:00:00,0.049020626,0.004686
2023-04-21 03:00:00,0.0489087,0.004686
2023-04-21 04:00:00,0.049061123,0.004686
2023-04-21 05:00:00,0.048635706,0.004686
2023-04-21 06:00:00,0.046911813,0.004686
2023-04-21 07:00:00,0.0479463,0.004686
2023-04-21 08:00:00,0.050483894,0.004686
2023-04-21 09:00:00,0.04931756,0.004686
2023-04-21 10:00:00,0.053842593,0.004686
2023-04-21 11:00:00,0.047273394,0.004686
2023-04-21 12:00:00,0.04668979,0.004686
2023-04-21 13:00:00,0.047484748,0.004686
2023-04-21 14:00:00,0.046739805,0.004686
2023-04-21 15:00:00,0.046147525,0.004686
2023-04-21 16:00:00,0.044420846,0.004686
2023-04-21 17:00:00,0.042362235,0.004686
2023-04-21 18:00:00,0.04162088,0.004686
2023-04-21 19:00:00,0.038150124,0.004686
2023-04-21 20:00:00,0.037709825,0.004686
2023-04-21 21:00:00,0.03728348,0.004686
2023-04-21 22:00:00,0.036713384,0.004686
2023-04-21 23:00:00,0.036583286,0.004686
2023-04-22 00:00:00,0.03629899,0.004686
2023-04-22 01:00:00,0.03476889,0.004686
2023-04-22 02:00:00,0.033703513,0.004686
2023-04-22 03:00:00,0.032212507,0.004686
2023-04-22 04:00:00,0.03113748,0.004686
2023-04-22 05:00:00,0.029563077,0.004686
2023-04-22 06:00:00,0.028222632,0.004686
2023-04-22 07:00:00,0.026688984,0.004686
2023-04-22 08:00:00,0.025432618,0.004686
2023-04-22 09:00:00,0.024210911,0.004686
2023-04-22 10:00:00,0.026449116,0.004686
2023-04-22 11:00:00,0.026269335,0.004686
2023-04-22 12:00:00,0.027831467,0.004686
2023-04-22 13:00:00,0.027477434,0.004686
2023-04-22 14:00:00,0.02801408,0.004686
2023-04-22 15:00:00,0.028808514,0.004686
2023-04-22 16:00:00,0.02841605,0.004686
2023-04-22 17:00:00,0.027052175,0.004686
2023-04-22 18:00:00,0.026650762,0.004686
2023-04-22 19:00:00,0.026174929,0.004686
2023-04-22 20:00:00,0.025839662,0.004686
2023-04-22 21:00:00,0.02624813,0.004686
2023-04-22 22:00:00,0.02527891,0.004686
2023-04-22 23:00:00,0.025968408,0.004686
2023-04-23 00:00:00,0.024955962,0.004686
2023-04-23 01:00:00,0.02396783,0.004686
2023-04-23 02:00:00,0.023453625,0.004686
2023-04-23 03:00:00,0.023209816,0.004686
2023-04-23 04:00:00,0.022024598,0.004686
2023-04-23 05:00:00,0.02240661,0.004686
2023-04-23 06:00:00,0.022731632,0.004686
2023-04-23 07:00:00,0.024449894,0.004686
2023-04-23 08:00:00,0.023825772,0.004686
2023-04-23 09:00:00,0.023763582,0.004686
2023-04-23 10:00:00,0.023257537,0.004686
2023-04-23 11:00:00,0.019059788,0.004686
2023-04-23 12:00:00,0.01617707,0.004686
2023-04-23 13:00:00,0.01591191,0.004686
2023-04-23 14:00:00,0.015886895,0.004686
2023-04-23 15:00:00,0.017020622,0.004686
2023-04-23 16:00:00,0.016992206,0.004686
2023-04-23 17:00:00,0.017840063,0.004686
2023-04-23 18:00:00,0.018661516,0.004686
2023-04-23 19:00:00,0.018336464,0.004686
2023-04-23 20:00:00,0.01803759,0.004686
2023-04-23 21:00:00,0.01794199,0.004686
2023-04-23 22:00:00,0.018020803,0.004686
2023-04-23 23:00:00,0.018099332,0.004686
2023-04-24 00:00:00,0.017859627,0.004686
2023-04-24 01:00:00,0.01748248,0.004686
2023-04-24 02:00:00,0.017684398,0.004686
2023-04-24 03:00:00,0.018367121,0.004686
2023-04-24 04:00:00,0.01878417,0.004686
2023-04-24 05:00:00,0.019535081,0.004686
2023-04-24 06:00:00,0.019946955,0.004686
2023-04-24 07:00:00,0.020172065,0.004686
2023-04-24 08:00:00,0.020698491,0.004686
2023-04-24 09:00:00,0.020598756,0.004686
2023-04-24 10:00:00,0.021750385,0.004686
2023-04-24 11:00:00,0.021922823,0.004686
2023-04-24 12:00:00,0.022125486,0.004686
2023-04-24 13:00:00,0.021142116,0.004686
2023-04-24 14:00:00,0.021051867,0.004686
2023-04-24 15:00:00,0.02108479,0.004686
2023-04-24 16:00:00,0.020987691,0.004686
2023-04-24 17:00:00,0.021940248,0.004686
2023-04-24 18:00:00,0.021786066,0.004686
2023-04-24 19:00:00,0.023525232,0.004686
2023-04-24 20:00:00,0.02291146,0.004686
2023-04-24 21:00:00,0.024610527,0.004686
2023-04-24 22:00:00,0.02514024,0.004686
2023-04-24 23:00:00,0.02569516,0.004686
2023-04-25 00:00:00,0.026104499,0.004686
2023-04-25 01:00:00,0.02664022,0.004686
2023-04-25 02:00:00,0.028135037,0.004686
2023-04-25 03:00:00,0.029423963,0.004686
2023-04-25 04:00:00,0.0304694,0.004686
2023-04-25 05:00:00,0.031612962,0.004686
2023-04-25 06:00:00,0.03327712,0.004686
2023-04-25 07:00:00,0.034594838,0.004686
2023-04-25 08:00:00,0.03733982,0.004686
2023-04-25 09:00:00,0.037897028,0.004686
2023-04-25 10:00:00,0.037353583,0.004686
2023-04-25 11:00:00,0.037168797,0.004686
2023-04-25 12:00:00,0.0372162,0.004686
2023-04-25 13:00:00,0.037543274,0.004686
2023-04-25 14:00:00,0.03732431,0.004686
2023-04-25 15:00:00,0.036244415,0.004686
2023-04-25 16:00:00,0.03581188,0.004686
2023-04-25 17:00:00,0.0358577,0.004686
2023-04-25 18:00:00,0.036147296,0.004686
2023-04-25 19:00:00,0.03611437,0.004686
2023-04-25 20:00:00,0.036706366,0.004686
2023-04-25 21:00:00,0.036232445,0.004686
2023-04-25 22:00:00,0.03722593,0.004686
2023-04-25 23:00:00,0.03757342,0.004686
2023-04-26 00:00:00,0.037747588,0.004686
2023-04-26 01:00:00,0.03735467,0.004686
2023-04-26 02:00:00,0.037323747,0.004686
2023-04-26 03:00:00,0.037547015,0.004686
2023-04-26 04:00:00,0.03742345,0.004686
2023-04-26 05:00:00,0.036413215,0.004686
2023-04-26 06:00:00,0.036035478,0.004686
2023-04-26 07:00:00,0.031844538,0.004686
2023-04-26 08:00:00,0.04187647,0.004686
2023-04-26 09:00:00,0.04409794,0.004686
2023-04-26 10:00:00,0.044509485,0.004686
2023-04-26 11:00:00,0.044099227,0.004686
2023-04-26 12:00:00,0.04439569,0.004686
2023-04-26 13:00:00,0.043666452,0.004686
2023-04-26 14:00:00,0.04373062,0.004686
2023-04-26 15:00:00,0.042159054,0.004686
2023-04-26 16:00:00,0.040868536,0.004686
2023-04-26 17:00:00,0.04072773,0.004686
2023-04-26 18:00:00,0.040278126,0.004686
2023-04-26 19:00:00,0.040078525,0.004686
2023-04-26 20:00:00,0.040002435,0.004686
2023-04-26 21:00:00,0.040084206,0.004686
2023-04-26 22:00:00,0.03943075,0.004686
2023-04-26 23:00:00,0.039382763,0.004686
2023-04-27 00:00:00,0.037656,0.004686
2023-04-27 01:00:00,0.03782595,0.004686
2023-04-27 02:00:00,0.037721686,0.004686
2023-04-27 03:00:00,0.03725738,0.004686
2023-04-27 04:00:00,0.035257455,0.004686
2023-04-27 05:00:00,0.029455917,0.004686
2023-04-27 06:00:00,0.029837083,0.004686
2023-04-27 07:00:00,0.029612841,0.004686
2023-04-27 08:00:00,0.031073146,0.004686
2023-04-27 09:00:00,0.032473084,0.004686
2023-04-27 10:00:00,0.03405084,0.004686
2023-04-27 11:00:00,0.03649171,0.004686
2023-04-27 12:00:00,0.039166734,0.004686
2023-04-27 13:00:00,0.037920102,0.004686
2023-04-27 14:00:00,0.042000316,0.004686
2023-04-27 15:00:00,0.04154668,0.004686
2023-04-27 16:00:00,0.041132517,0.004686
2023-04-27 17:00:00,0.03977488,0.004686
2023-04-27 18:00:00,0.03698436,0.004686
2023-04-27 19:00:00,0.037376486,0.004686
2023-04-27 20:00:00,0.036327,0.004686
2023-04-27 21:00:00,0.035079915,0.004686
2023-04-27 22:00:00,0.034960773,0.004686
2023-04-27 23:00:00,0.03451429,0.004686
2023-04-28 00:00:00,0.033489253,0.004686
2023-04-28 01:00:00,0.03236778,0.004686
2023-04-28 02:00:00,0.03151706,0.004686
2023-04-28 03:00:00,0.030184528,0.004686
2023-04-28 04:00:00,0.030198796,0.004686
2023-04-28 05:00:00,0.033170342,0.004686
2023-04-28 06:00:00,0.03249909,0.004686
2023-04-28 07:00:00,0.032288864,0.004686
2023-04-28 08:00:00,0.03026869,0.004686
2023-04-28 09:00:00,0.031388354,0.004686
2023-04-28 10:00:00,0.028293727,0.004686
2023-04-28 11:00:00,0.027991623,0.004686
2023-04-28 12:00:00,0.029927863,0.004686
2023-04-28 13:00:00,0.029146634,0.004686
2023-04-28 14:00:00,0.028951049,0.004686
2023-04-28 15:00:00,0.02815344,0.004686
2023-04-28 16:00:00,0.027948555,0.004686
2023-04-28 17:00:00,0.028306648,0.004686
2023-04-28 18:00:00,0.02857404,0.004686
2023-04-28 19:00:00,0.028205076,0.004686
2023-04-28 20:00:00,0.027492957,0.004686
2023-04-28 21:00:00,0.02797108,0.004686
2023-04-28 22:00:00,0.028382357,0.004686
2023-04-28 23:00:00,0.028393256,0.004686
2023-04-29 00:00:00,0.028546777,0.004686
2023-04-29 01:00:00,0.028446434,0.004686
2023-04-29 02:00:00,0.027514739,0.004686
2023-04-29 03:00:00,0.026294557,0.004686
2023-04-29 04:00:00,0.025262235,0.004686
2023-04-29 05:00:00,0.02430678,0.004686
2023-04-29 06:00:00,0.023565968,0.004686
2023-04-29 07:00:00,0.02191293,0.004686
2023-04-29 08:00:00,0.021859115,0.004686
2023-04-29 09:00:00,0.021251203,0.004686
2023-04-29 10:00:00,0.021464055,0.004686
2023-04-29 11:00:00,0.021208508,0.004686
2023-04-29 12:00:00,0.020893214,0.004686
2023-04-29 13:00:00,0.021015836,0.004686
2023-04-29 14:00:00,0.020558195,0.004686
2023-04-29 15:00:00,0.020560555,0.004686
2023-04-29 16:00:00,0.02015111,0.004686
2023-04-29 17:00:00,0.020028854,0.004686
2023-04-29 18:00:00,0.019775493,0.004686
2023-04-29 19:00:00,0.019370342,0.004686
2023-04-29 20:00:00,0.0195441,0.004686
2023-04-29 21:00:00,0.01882346,0.004686
2023-04-29 22:00:00,0.018962357,0.004686
2023-04-29 23:00:00,0.019171407,0.004686
2023-04-30 00:00:00,0.018041851,0.004686
2023-04-30 01:00:00,0.01708348,0.004686
2023-04-30 02:00:00,0.016179247,0.004686
2023-04-30 03:00:00,0.016061258,0.004686
2023-04-30 04:00:00,0.015812963,0.004686
2023-04-30 05:00:00,0.015660672,0.004686
2023-04-30 06:00:00,0.015136006,0.004686
2023-04-30 07:00:00,0.014887352,0.004686
2023-04-30 08:00:00,0.015331884,0.004686
2023-04-30 09:00:00,0.014700469,0.004686
2023-04-30 10:00:00,0.016877575,0.004686
2023-04-30 11:00:00,0.015245724,0.004686
2023-04-30 12:00:00,0.01530163,0.004686
2023-04-30 13:00:00,0.015150474,0.004686
2023-04-30 14:00:00,0.014970742,0.004686
2023-04-30 15:00:00,0.016191417,0.004686
2023-04-30 16:00:00,0.016011251,0.004686
2023-04-30 17:00:00,0.016226845,0.004686
2023-04-30 18:00:00,0.016762244,0.004686
2023-04-30 19:00:00,0.01678476,0.004686
2023-04-30 20:00:00,0.017014686,0.004686
2023-04-30 21:00:00,0.017035972,0.004686
2023-04-30 22:00:00,0.017527161,0.004686
2023-04-30 23:00:00,0.017822051,0.004686
2023-05-01 00:00:00,0.017728865,0.004686
2023-05-01 01:00:00,0.017635684,0.004686
2023-05-01 02:00:00,0.017652482,0.004686
2023-05-01 03:00:00,0.0180459,0.004686
2023-05-01 04:00:00,0.01795199,0.004686
2023-05-01 05:00:00,0.018618539,0.004686
2023-05-01 06:00:00,0.019534063,0.004686
2023-05-01 07:00:00,0.019751009,0.004686
2023-05-01 08:00:00,0.019813472,0.004686
2023-05-01 09:00:00,0.018710196,0.004686
2023-05-01 10:00:00,0.018129587,0.004686
2023-05-01 11:00:00,0.017768715,0.004686
2023-05-01 12:00:00,0.01764642,0.004686
2023-05-01 13:00:00,0.017019494,0.004686
2023-05-01 14:00:00,0.01700101,0.004686
2023-05-01 15:00:00,0.017452883,0.004686
2023-05-01 16:00:00,0.01755992,0.004686
2023-05-01 17:00:00,0.018427165,0.004686
2023-05-01 18:00:00,0.018614553,0.004686
2023-05-01 19:00:00,0.019646268,0.004686
2023-05-01 20:00:00,0.019441184,0.004686
2023-05-01 21:00:00,0.020625254,0.004686
2023-05-01 22:00:00,0.021272432,0.004686
2023-05-01 23:00:00,0.021806179,0.004686
2023-05-02 00:00:00,0.021897301,0.004686
2023-05-02 01:00:00,0.021984514,0.004686
2023-05-02 02:00:00,0.022787282,0.004686
2023-05-02 03:00:00,0.023882018,0.004686
2023-05-02 04:00:00,0.024424585,0.004686
2023-05-02 05:00:00,0.025097359,0.004686
2023-05-02 06:00:00,0.025696969,0.004686
2023-05-02 07:00:00,0.026074246,0.004686
2023-05-02 08:00:00,0.026789641,0.004686
2023-05-02 09:00:00,0.0273275,0.004686
2023-05-02 10:00:00,0.028593069,0.004686
2023-05-02 11:00:00,0.028835775,0.004686
2023-05-02 12:00:00,0.02870632,0.004686
2023-05-02 13:00:00,0.028740771,0.004686
2023-05-02 14:00:00,0.028095547,0.004686
2023-05-02 15:00:00,0.026742378,0.004686
2023-05-02 16:00:00,0.026846271,0.004686
2023-05-02 17:00:00,0.026995542,0.004686
2023-05-02 18:00:00,0.027326737,0.004686
2023-05-02 19:00:00,0.027311383,0.004686
2023-05-02 20:00:00,0.027345156,0.004686
2023-05-02 21:00:00,0.027059995,0.004686
2023-05-02 22:00:00,0.027843596,0.004686
2023-05-02 23:00:00,0.027881008,0.004686
2023-05-03 00:00:00,0.0275257,0.004686
2023-05-03 01:00:00,0.027606806,0.004686
2023-05-03 02:00:00,0.027969124,0.004686
2023-05-03 03:00:00,0.028381698,0.004686
2023-05-03 04:00:00,0.028583698,0.004686
2023-05-03 05:00:00,0.028233018,0.004686
2023-05-03 06:00:00,0.028233955,0.004686
2023-05-03 07:00:00,0.028722787,0.004686
2023-05-03 08:00:00,0.030405896,0.004686
2023-05-03 09:00:00,0.031575117,0.004686
2023-05-03 10:00:00,0.03411442,0.004686
2023-05-03 11:00:00,0.034699704,0.004686
2023-05-03 12:00:00,0.03511893,0.004686
2023-05-03 13:00:00,0.03478653,0.004686
2023-05-03 14:00:00,0.03317786,0.004686
2023-05-03 15:00:00,0.03183296,0.004686
2023-05-03 16:00:00,0.031078413,0.004686
2023-05-03 17:00:00,0.0317624,0.004686
2023-05-03 18:00:00,0.03005009,0.004686
2023-05-03 19:00:00,0.03151221,0.004686
2023-05-03 20:00:00,0.03144334,0.004686
2023-05-03 21:00:00,0.03124741,0.004686
2023-05-03 22:00:00,0.030679764,0.004686
2023-05-03 23:00:00,0.03143223,0.004686
2023-05-04 00:00:00,0.030805476,0.004686
2023-05-04 01:00:00,0.031167716,0.004686
2023-05-04 02:00:00,0.03157177,0.004686
2023-05-04 03:00:00,0.031950917,0.004686
2023-05-04 04:00:00,0.031351205,0.004686
2023-05-04 05:00:00,0.028867679,0.004686
2023-05-04 06:00:00,0.031115945,0.004686
2023-05-04 07:00:00,0.032112863,0.004686
2023-05-04 08:00:00,0.032987773,0.004686
2023-05-04 09:00:00,0.034842048,0.004686
2023-05-04 10:00:00,0.03378103,0.004686
2023-05-04 11:00:00,0.03311617,0.004686
2023-05-04 12:00:00,0.035596367,0.004686
2023-05-04 13:00:00,0.036486134,0.004686
2023-05-04 14:00:00,0.03643914,0.004686
2023-05-04 15:00:00,0.033216044,0.004686
2023-05-04 16:00:00,0.03321409,0.004686
2023-05-04 17:00:00,0.034284532,0.004686
2023-05-04 18:00:00,0.03428237,0.004686
2023-05-04 19:00:00,0.0327738,0.004686
2023-05-04 20:00:00,0.032111548,0.004686
2023-05-04 21:00:00,0.031889692,0.004686
2023-05-04 22:00:00,0.03120452,0.004686
2023-05-04 23:00:00,0.03033326,0.004686
2023-05-05 00:00:00,0.029430991,0.004686
2023-05-05 01:00:00,0.028014401,0.004686
2023-05-05 02:00:00,0.02598411,0.004686
2023-05-05 03:00:00,0.023989422,0.004686
2023-05-05 04:00:00,0.023167424,0.004686
2023-05-05 05:00:00,0.02369339,0.004686
2023-05-05 06:00:00,0.023576692,0.004686
2023-05-05 07:00:00,0.025418948,0.004686
2023-05-05 08:00:00,0.023601802,0.004686
2023-05-05 09:00:00,0.021795256,0.004686
2023-05-05 10:00:00,0.021717422,0.004686
2023-05-05 11:00:00,0.02088917,0.004686
2023-05-05 12:00:00,0.019387886,0.004686
2023-05-05 13:00:00,0.018276775,0.004686
2023-05-05 14:00:00,0.018599967,0.004686
2023-05-05 15:00:00,0.019772021,0.004686
2023-05-05 16:00:00,0.020629605,0.004686
2023-05-05 17:00:00,0.020938002,0.004686
2023-05-05 18:00:00,0.021534799,0.004686
2023-05-05 19:00:00,0.021293642,0.004686
2023-05-05 20:00:00,0.021648781,0.004686
2023-05-05 21:00:00,0.021639552,0.004686
2023-05-05 22:00:00,0.021740241,0.004686
2023-05-05 23:00:00,0.022031255,0.004686
2023-05-06 00:00:00,0.021985212,0.004686
2023-05-06 01:00:00,0.021995276,0.004686
2023-05-06 02:00:00,0.021710591,0.004686
2023-05-06 03:00:00,0.021651186,0.004686
2023-05-06 04:00:00,0.022755213,0.004686
2023-05-06 05:00:00,0.02294486,0.004686
2023-05-06 06:00:00,0.023657577,0.004686
2023-05-06 07:00:00,0.0238036,0.004686
2023-05-06 08:00:00,0.02413766,0.004686
2023-05-06 09:00:00,0.022511633,0.004686
2023-05-06 10:00:00,0.020047538,0.004686
2023-05-06 11:00:00,0.01866938,0.004686
2023-05-06 12:00:00,0.016505798,0.004686
2023-05-06 13:00:00,0.015559342,0.004686
2023-05-06 14:00:00,0.015463786,0.004686
2023-05-06 15:00:00,0.016794406,0.004686
2023-05-06 16:00:00,0.016545067,0.004686
2023-05-06 17:00:00,0.017213026,0.004686
2023-05-06 18:00:00,0.01817583,0.004686
2023-05-06 19:00:00,0.01822447,0.004686
2023-05-06 20:00:00,0.018026903,0.004686
2023-05-06 21:00:00,0.018231247,0.004686
2023-05-06 22:00:00,0.017914115,0.004686
2023-05-06 23:00:00,0.018605083,0.004686
2023-05-07 00:00:00,0.017958878,0.004686
2023-05-07 01:00:00,0.018310623,0.004686
2023-05-07 02:00:00,0.017850135,0.004686
2023-05-07 03:00:00,0.019291533,0.004686
2023-05-07 04:00:00,0.019982174,0.004686
2023-05-07 05:00:00,0.02188596,0.004686
2023-05-07 06:00:00,0.021072976,0.004686
2023-05-07 07:00:00,0.019387603,0.004686
2023-05-07 08:00:00,0.017358657,0.004686
2023-05-07 09:00:00,0.017796803,0.004686
2023-05-07 10:00:00,0.016806293,0.004686
2023-05-07 11:00:00,0.016384462,0.004686
2023-05-07 12:00:00,0.01667414,0.004686
2023-05-07 13:00:00,0.01690161,0.004686
2023-05-07 14:00:00,0.017139323,0.004686
2023-05-07 15:00:00,0.017596964,0.004686
2023-05-07 16:00:00,0.020230649,0.004686
2023-05-07 17:00:00,0.020590244,0.004686
2023-05-07 18:00:00,0.021101005,0.004686
2023-05-07 19:00:00,0.021172361,0.004686
2023-05-07 20:00:00,0.020995514,0.004686
2023-05-07 21:00:00,0.021406401,0.004686
2023-05-07 22:00:00,0.02165902,0.004686
2023-05-07 23:00:00,0.02162403,0.004686
2023-05-08 00:00:00,0.021394383,0.004686
2023-05-08 01:00:00,0.021206308,0.004686
2023-05-08 02:00:00,0.02150843,0.004686
2023-05-08 03:00:00,0.02184786,0.004686
2023-05-08 04:00:00,0.021627447,0.004686
2023-05-08 05:00:00,0.022013295,0.004686
2023-05-08 06:00:00,0.0215709,0.004686
2023-05-08 07:00:00,0.021672674,0.004686
2023-05-08 08:00:00,0.021539398,0.004686
2023-05-08 09:00:00,0.021251226,0.004686
2023-05-08 10:00:00,0.020016091,0.004686
2023-05-08 11:00:00,0.019620921,0.004686
2023-05-08 12:00:00,0.018532585,0.004686
2023-05-08 13:00:00,0.017542612,0.004686
2023-05-08 14:00:00,0.016420985,0.004686
2023-05-08 15:00:00,0.016526725,0.004686
2023-05-08 16:00:00,0.015703589,0.004686
2023-05-08 17:00:00,0.01562669,0.004686
2023-05-08 18:00:00,0.016231267,0.004686
2023-05-08 19:00:00,0.016199665,0.004686
2023-05-08 20:00:00,0.016216211,0.004686
2023-05-08 21:00:00,0.016055865,0.004686
2023-05-08 22:00:00,0.016212245,0.004686
2023-05-08 23:00:00,0.016226143,0.004686
2023-05-09 00:00:00,0.016043656,0.004686
2023-05-09 01:00:00,0.01604415,0.004686
2023-05-09 02:00:00,0.015977522,0.004686
2023-05-09 03:00:00,0.01690627,0.004686
2023-05-09 04:00:00,0.01648177,0.004686
2023-05-09 05:00:00,0.015714468,0.004686
2023-05-09 06:00:00,0.015548671,0.004686
2023-05-09 07:00:00,0.015372176,0.004686
2023-05-09 08:00:00,0.0154486075,0.004686
2023-05-09 09:00:00,0.015878906,0.004686
2023-05-09 10:00:00,0.016986148,0.004686
2023-05-09 11:00:00,0.016226452,0.004686
2023-05-09 12:00:00,0.016086569,0.004686
2023-05-09 13:00:00,0.016372409,0.004686
2023-05-09 14:00:00,0.01651117,0.004686
2023-05-09 15:00:00,0.017186632,0.004686
2023-05-09 16:00:00,0.016705839,0.004686
2023-05-09 17:00:00,0.017105142,0.004686
2023-05-09 18:00:00,0.017216401,0.004686
2023-05-09 19:00:00,0.017418602,0.004686
2023-05-09 20:00:00,0.017298957,0.004686
2023-05-09 21:00:00,0.017418047,0.004686
2023-05-09 22:00:00,0.017771192,0.004686
2023-05-09 23:00:00,0.017340912,0.004686
2023-05-10 00:00:00,0.017221125,0.004686
2023-05-10 01:00:00,0.017124316,0.004686
2023-05-10 02:00:00,0.017004315,0.004686
2023-05-10 03:00:00,0.01649478,0.004686
2023-05-10 04:00:00,0.016893687,0.004686
2023-05-10 05:00:00,0.017016621,0.004686
2023-05-10 06:00:00,0.016707718,0.004686
2023-05-10 07:00:00,0.015891407,0.004686
2023-05-10 08:00:00,0.015553326,0.004686
2023-05-10 09:00:00,0.015325947,0.004686
2023-05-10 10:00:00,0.015673406,0.004686
2023-05-10 11:00:00,0.015270321,0.004686
2023-05-10 12:00:00,0.014530003,0.004686
2023-05-10 13:00:00,0.013831117,0.004686
2023-05-10 14:00:00,0.013602231,0.004686
2023-05-10 15:00:00,0.01404393,0.004686
2023-05-10 16:00:00,0.013836111,0.004686
2023-05-10 17:00:00,0.013966965,0.004686
2023-05-10 18:00:00,0.014378276,0.004686
2023-05-10 19:00:00,0.014469526,0.004686
2023-05-10 20:00:00,0.014811655,0.004686
2023-05-10 21:00:00,0.014901518,0.004686
2023-05-10 22:00:00,0.015161709,0.004686
2023-05-10 23:00:00,0.015302925,0.004686
2023-05-11 00:00:00,0.015321033,0.004686
2023-05-11 01:00:00,0.015402286,0.004686
2023-05-11 02:00:00,0.016634291,0.004686
2023-05-11 03:00:00,0.017101217,0.004686
2023-05-11 04:00:00,0.016837608,0.004686
2023-05-11 05:00:00,0.017031094,0.004686
2023-05-11 06:00:00,0.017370898,0.004686
2023-05-11 07:00:00,0.017179623,0.004686
2023-05-11 08:00:00,0.017578913,0.004686
2023-05-11 09:00:00,0.01758788,0.004686
2023-05-11 10:00:00,0.018058477,0.004686
2023-05-11 11:00:00,0.01799685,0.004686
2023-05-11 12:00:00,0.017485656,0.004686
2023-05-11 13:00:00,0.018546754,0.004686
2023-05-11 14:00:00,0.017819632,0.004686
2023-05-11 15:00:00,0.018518236,0.004686
2023-05-11 16:00:00,0.018719109,0.004686
2023-05-11 17:00:00,0.02065003,0.004686
2023-05-11 18:00:00,0.020777788,0.004686
2023-05-11 19:00:00,0.022578454,0.004686
2023-05-11 20:00:00,0.022609456,0.004686
2023-05-11 21:00:00,0.024384629,0.004686
2023-05-11 22:00:00,0.024885941,0.004686
2023-05-11 23:00:00,0.025417466,0.004686
2023-05-12 00:00:00,0.025598923,0.004686
2023-05-12 01:00:00,0.026709523,0.004686
2023-05-12 02:00:00,0.026639905,0.004686
2023-05-12 03:00:00,0.028404273,0.004686
2023-05-12 04:00:00,0.029934794,0.004686
2023-05-12 05:00:00,0.03114618,0.004686
2023-05-12 06:00:00,0.031494144,0.004686
2023-05-12 07:00:00,0.032881796,0.004686
2023-05-12 08:00:00,0.032314807,0.004686
2023-05-12 09:00:00,0.033730377,0.004686
2023-05-12 10:00:00,0.033055644,0.004686
2023-05-12 11:00:00,0.03305842,0.004686
2023-05-12 12:00:00,0.033437166,0.004686
2023-05-12 13:00:00,0.031797774,0.004686
2023-05-12 14:00:00,0.032048132,0.004686
2023-05-12 15:00:00,0.029834652,0.004686
2023-05-12 16:00:00,0.029976824,0.004686
2023-05-12 17:00:00,0.028650723,0.004686
2023-05-12 18:00:00,0.029971693,0.004686
2023-05-12 19:00:00,0.028179476,0.004686
2023-05-12 20:00:00,0.028414536,0.004686
2023-05-12 21:00:00,0.027404288,0.004686
2023-05-12 22:00:00,0.028349934,0.004686
2023-05-12 23:00:00,0.028428791,0.004686
2023-05-13 00:00:00,0.029088065,0.004686
2023-05-13 01:00:00,0.028516589,0.004686
2023-05-13 02:00:00,0.02834238,0.004686
2023-05-13 03:00:00,0.028637128,0.004686
2023-05-13 04:00:00,0.02662316,0.004686
2023-05-13 05:00:00,0.025545359,0.004686
2023-05-13 06:00:00,0.02492823,0.004686
2023-05-13 07:00:00,0.025008561,0.004686
2023-05-13 08:00:00,0.025706995,0.004686
2023-05-13 09:00:00,0.027638229,0.004686
2023-05-13 10:00:00,0.030063735,0.004686
2023-05-13 11:00:00,0.0297995,0.004686
2023-05-13 12:00:00,0.03061009,0.004686
2023-05-13 13:00:00,0.03174127,0.004686
2023-05-13 14:00:00,0.03024186,0.004686
2023-05-13 15:00:00,0.03164109,0.004686
2023-05-13 16:00:00,0.029044937,0.004686
2023-05-13 17:00:00,0.02968145,0.004686
2023-05-13 18:00:00,0.028759174,0.004686
2023-05-13 19:00:00,0.027703205,0.004686
2023-05-13 20:00:00,0.027119292,0.004686
2023-05-13 21:00:00,0.027685782,0.004686
2023-05-13 22:00:00,0.027347755,0.004686
2023-05-13 23:00:00,0.027522363,0.004686
2023-05-14 00:00:00,0.027220147,0.004686
2023-05-14 01:00:00,0.02737152,0.004686
2023-05-14 02:00:00,0.027347175,0.004686
2023-05-14 03:00:00,0.027554642,0.004686
2023-05-14 04:00:00,0.0274495,0.004686
2023-05-14 05:00:00,0.026764695,0.004686
2023-05-14 06:00:00,0.025610514,0.004686
2023-05-14 07:00:00,0.027165463,0.004686
2023-05-14 08:00:00,0.02724126,0.004686
2023-05-14 09:00:00,0.026669843,0.004686
2023-05-14 10:00:00,0.026864698,0.004686
2023-05-14 11:00:00,0.027004033,0.004686
2023-05-14 12:00:00,0.028108366,0.004686
2023-05-14 13:00:00,0.029891226,0.004686
2023-05-14 14:00:00,0.029180882,0.004686
2023-05-14 15:00:00,0.028198197,0.004686
2023-05-14 16:00:00,0.028142823,0.004686
2023-05-14 17:00:00,0.029048814,0.004686
2023-05-14 18:00:00,0.028714495,0.004686
2023-05-14 19:00:00,0.028303066,0.004686
2023-05-14 20:00:00,0.02828761,0.004686
2023-05-14 21:00:00,0.026881661,0.004686
2023-05-14 22:00:00,0.026104484,0.004686
2023-05-14 23:00:00,0.025686147,0.004686
2023-05-15 00:00:00,0.023752706,0.004686
2023-05-15 01:00:00,0.022750326,0.004686
2023-05-15 02:00:00,0.022367258,0.004686
2023-05-15 03:00:00,0.022528637,0.004686
2023-05-15 04:00:00,0.021416763,0.004686
2023-05-15 05:00:00,0.020947132,0.004686
2023-05-15 06:00:00,0.022592232,0.004686
2023-05-15 07:00:00,0.022638522,0.004686
2023-05-15 08:00:00,0.023325318,0.004686
2023-05-15 09:00:00,0.023651002,0.004686
2023-05-15 10:00:00,0.024765443,0.004686
2023-05-15 11:00:00,0.025192887,0.004686
2023-05-15 12:00:00,0.025594516,0.004686
2023-05-15 13:00:00,0.024515351,0.004686
2023-05-15 14:00:00,0.023213953,0.004686
2023-05-15 15:00:00,0.023117622,0.004686
2023-05-15 16:00:00,0.024255125,0.004686
2023-05-15 17:00:00,0.024264911,0.004686
2023-05-15 18:00:00,0.02459498,0.004686
2023-05-15 19:00:00,0.025475059,0.004686
2023-05-15 20:00:00,0.025865065,0.004686
2023-05-15 21:00:00,0.025893237,0.004686
2023-05-15 22:00:00,0.026039887,0.004686
2023-05-15 23:00:00,0.02732491,0.004686
2023-05-16 00:00:00,0.027470468,0.004686
2023-05-16 01:00:00,0.026992373,0.004686
2023-05-16 02:00:00,0.028142001,0.004686
2023-05-16 03:00:00,0.028500784,0.004686
2023-05-16 04:00:00,0.029649343,0.004686
2023-05-16 05:00:00,0.029825438,0.004686
2023-05-16 06:00:00,0.030031024,0.004686
2023-05-16 07:00:00,0.030764455,0.004686
2023-05-16 08:00:00,0.030607194,0.004686
2023-05-16 09:00:00,0.029424578,0.004686
2023-05-16 10:00:00,0.031123374,0.004686
2023-05-16 11:00:00,0.031073825,0.004686
2023-05-16 12:00:00,0.032065157,0.004686
2023-05-16 13:00:00,0.032822,0.004686
2023-05-16 14:00:00,0.031971227,0.004686
2023-05-16 15:00:00,0.03170919,0.004686
2023-05-16 16:00:00,0.030257713,0.004686
2023-05-16 17:00:00,0.031303808,0.004686
2023-05-16 18:00:00,0.0308516,0.004686
2023-05-16 19:00:00,0.031786766,0.004686
2023-05-16 20:00:00,0.031977214,0.004686
2023-05-16 21:00:00,0.033247184,0.004686
2023-05-16 22:00:00,0.035013698,0.004686
2023-05-16 23:00:00,0.035386253,0.004686
2023-05-17 00:00:00,0.03572404,0.004686
2023-05-17 01:00:00,0.03620162,0.004686
2023-05-17 02:00:00,0.036172118,0.004686
2023-05-17 03:00:00,0.036376033,0.004686
2023-05-17 04:00:00,0.037084628,0.004686
2023-05-17 05:00:00,0.03787265,0.004686
2023-05-17 06:00:00,0.037558537,0.004686
2023-05-17 07:00:00,0.03725607,0.004686
2023-05-17 08:00:00,0.036528535,0.004686
2023-05-17 09:00:00,0.03874606,0.004686
2023-05-17 10:00:00,0.039592084,0.004686
2023-05-17 11:00:00,0.039687738,0.004686
2023-05-17 12:00:00,0.040359885,0.004686
2023-05-17 13:00:00,0.040082615,0.004686
2023-05-17 14:00:00,0.039902996,0.004686
2023-05-17 15:00:00,0.037405945,0.004686
2023-05-17 16:00:00,0.036907922,0.004686
2023-05-17 17:00:00,0.037678715,0.004686
2023-05-17 18:00:00,0.03740326,0.004686
2023-05-17 19:00:00,0.03765822,0.004686
2023-05-17 20:00:00,0.03801976,0.004686
2023-05-17 21:00:00,0.03729087,0.004686
2023-05-17 22:00:00,0.03733827,0.004686
2023-05-17 23:00:00,0.03830215,0.004686
2023-05-18 00:00:00,0.037763212,0.004686
2023-05-18 01:00:00,0.037506014,0.004686
2023-05-18 02:00:00,0.037371483,0.004686
2023-05-18 03:00:00,0.0372905,0.004686
2023-05-18 04:00:00,0.037563927,0.004686
2023-05-18 05:00:00,0.0369159,0.004686
2023-05-18 06:00:00,0.030358251,0.004686
2023-05-18 07:00:00,0.03273379,0.004686
2023-05-18 08:00:00,0.03237215,0.004686
2023-05-18 09:00:00,0.034047905,0.004686
2023-05-18 10:00:00,0.034641337,0.004686
2023-05-18 11:00:00,0.0356077,0.004686
2023-05-18 12:00:00,0.035559516,0.004686
2023-05-18 13:00:00,0.039672036,0.004686
2023-05-18 14:00:00,0.038542632,0.004686
2023-05-18 15:00:00,0.037000027,0.004686
2023-05-18 16:00:00,0.03737404,0.004686
2023-05-18 17:00:00,0.036476,0.004686
2023-05-18 18:00:00,0.03855361,0.004686
2023-05-18 19:00:00,0.036075767,0.004686
2023-05-18 20:00:00,0.034989335,0.004686
2023-05-18 21:00:00,0.035439912,0.004686
2023-05-18 22:00:00,0.03434854,0.004686
2023-05-18 23:00:00,0.034420904,0.004686
2023-05-19 00:00:00,0.03470691,0.004686
2023-05-19 01:00:00,0.034331374,0.004686
2023-05-19 02:00:00,0.03346966,0.004686
2023-05-19 03:00:00,0.03327913,0.004686
2023-05-19 04:00:00,0.029294692,0.004686
2023-05-19 05:00:00,0.030492637,0.004686
2023-05-19 06:00:00,0.029569864,0.004686
2023-05-19 07:00:00,0.031178117,0.004686
2023-05-19 08:00:00,0.030863067,0.004686
2023-05-19 09:00:00,0.032248594,0.004686
2023-05-19 10:00:00,0.033515226,0.004686
2023-05-19 11:00:00,0.033618264,0.004686
2023-05-19 12:00:00,0.03436354,0.004686
2023-05-19 13:00:00,0.037618104,0.004686
2023-05-19 14:00:00,0.03668295,0.004686
2023-05-19 15:00:00,0.03586899,0.004686
2023-05-19 16:00:00,0.03371377,0.004686
2023-05-19 17:00:00,0.035040695,0.004686
2023-05-19 18:00:00,0.034692008,0.004686
2023-05-19 19:00:00,0.033916004,0.004686
2023-05-19 20:00:00,0.032474395,0.004686
2023-05-19 21:00:00,0.03141664,0.004686
2023-05-19 22:00:00,0.030612411,0.004686
2023-05-19 23:00:00,0.029430786,0.004686
2023-05-20 00:00:00,0.027796758,0.004686
2023-05-20 01:00:00,0.025789617,0.004686
2023-05-20 02:00:00,0.024615083,0.004686
2023-05-20 03:00:00,0.023298303,0.004686
2023-05-20 04:00:00,0.02273181,0.004686
2023-05-20 05:00:00,0.02295496,0.004686
2023-05-20 06:00:00,0.021669341,0.004686
2023-05-20 07:00:00,0.024476226,0.004686
2023-05-20 08:00:00,0.020846823,0.004686
2023-05-20 09:00:00,0.02111734,0.004686
2023-05-20 10:00:00,0.01909658,0.004686
2023-05-20 11:00:00,0.016854692,0.004686
2023-05-20 12:00:00,0.016152335,0.004686
2023-05-20 13:00:00,0.015977481,0.004686
2023-05-20 14:00:00,0.015891457,0.004686
2023-05-20 15:00:00,0.016030207,0.004686
2023-05-20 16:00:00,0.017488685,0.004686
2023-05-20 17:00:00,0.01917335,0.004686
2023-05-20 18:00:00,0.01943153,0.004686
2023-05-20 19:00:00,0.019198343,0.004686
2023-05-20 20:00:00,0.0189225,0.004686
2023-05-20 21:00:00,0.018594516,0.004686
2023-05-20 22:00:00,0.019188281,0.004686
2023-05-20 23:00:00,0.018414399,0.004686
2023-05-21 00:00:00,0.018173618,0.004686
2023-05-21 01:00:00,0.01819634,0.004686
2023-05-21 02:00:00,0.018165486,0.004686
2023-05-21 03:00:00,0.018260876,0.004686
2023-05-21 04:00:00,0.018618822,0.004686
2023-05-21 05:00:00,0.01878343,0.004686
2023-05-21 06:00:00,0.020047747,0.004686
2023-05-21 07:00:00,0.02176478,0.004686
2023-05-21 08:00:00,0.022381542,0.004686
2023-05-21 09:00:00,0.02559219,0.004686
2023-05-21 10:00:00,0.020629944,0.004686
2023-05-21 11:00:00,0.020216526,0.004686
2023-05-21 12:00:00,0.01986907,0.004686
2023-05-21 13:00:00,0.019544357,0.004686
2023-05-21 14:00:00,0.020920781,0.004686
2023-05-21 15:00:00,0.02099065,0.004686
2023-05-21 16:00:00,0.02318745,0.004686
2023-05-21 17:00:00,0.023611708,0.004686
2023-05-21 18:00:00,0.024055429,0.004686
2023-05-21 19:00:00,0.02353331,0.004686
2023-05-21 20:00:00,0.023710333,0.004686
2023-05-21 21:00:00,0.024212524,0.004686
2023-05-21 22:00:00,0.02438315,0.004686
2023-05-21 23:00:00,0.024503324,0.004686
2023-05-22 00:00:00,0.024550006,0.004686
2023-05-22 01:00:00,0.024441764,0.004686
2023-05-22 02:00:00,0.0244675,0.004686
2023-05-22 03:00:00,0.02460027,0.004686
2023-05-22 04:00:00,0.02413901,0.004686
2023-05-22 05:00:00,0.02402694,0.004686
2023-05-22 06:00:00,0.024254113,0.004686
2023-05-22 07:00:00,0.02447631,0.004686
2023-05-22 08:00:00,0.024642186,0.004686
2023-05-22 09:00:00,0.02495484,0.004686
2023-05-22 10:00:00,0.026516927,0.004686
2023-05-22 11:00:00,0.026368184,0.004686
2023-05-22 12:00:00,0.025146924,0.004686
2023-05-22 13:00:00,0.025051022,0.004686
2023-05-22 14:00:00,0.025784211,0.004686
2023-05-22 15:00:00,0.026825054,0.004686
2023-05-22 16:00:00,0.026849112,0.004686
2023-05-22 17:00:00,0.026839558,0.004686
2023-05-22 18:00:00,0.026243024,0.004686
2023-05-22 19:00:00,0.026191818,0.004686
2023-05-22 20:00:00,0.025986565,0.004686
2023-05-22 21:00:00,0.026055492,0.004686
2023-05-22 22:00:00,0.026017645,0.004686
2023-05-22 23:00:00,0.026089191,0.004686
2023-05-23 00:00:00,0.025978152,0.004686
2023-05-23 01:00:00,0.025634144,0.004686
2023-05-23 02:00:00,0.02573603,0.004686
2023-05-23 03:00:00,0.025826199,0.004686
2023-05-23 04:00:00,0.02489981,0.004686
2023-05-23 05:00:00,0.024567747,0.004686
2023-05-23 06:00:00,0.024718609,0.004686
2023-05-23 07:00:00,0.024072705,0.004686
2023-05-23 08:00:00,0.022950742,0.004686
2023-05-23 09:00:00,0.020679686,0.004686
2023-05-23 10:00:00,0.018043648,0.004686
2023-05-23 11:00:00,0.015150469,0.004686
2023-05-23 12:00:00,0.013915351,0.004686
2023-05-23 13:00:00,0.012590787,0.004686
2023-05-23 14:00:00,0.011851835,0.004686
2023-05-23 15:00:00,0.011724033,0.004686
2023-05-23 16:00:00,0.011344499,0.004686
2023-05-23 17:00:00,0.0113488175,0.004686
2023-05-23 18:00:00,0.01168388,0.004686
2023-05-23 19:00:00,0.011840056,0.004686
2023-05-23 20:00:00,0.01182184,0.004686
2023-05-23 21:00:00,0.011993056,0.004686
2023-05-23 22:00:00,0.012172787,0.004686
2023-05-23 23:00:00,0.01230413,0.004686
2023-05-24 00:00:00,0.01242621,0.004686
2023-05-24 01:00:00,0.012517003,0.004686
2023-05-24 02:00:00,0.012469738,0.004686
2023-05-24 03:00:00,0.012225527,0.004686
2023-05-24 04:00:00,0.011926484,0.004686
2023-05-24 05:00:00,0.012371511,0.004686
2023-05-24 06:00:00,0.0142139895,0.004686
2023-05-24 07:00:00,0.013425069,0.004686
2023-05-24 08:00:00,0.012117157,0.004686
2023-05-24 09:00:00,0.012138835,0.004686
2023-05-24 10:00:00,0.012275673,0.004686
2023-05-24 11:00:00,0.012231401,0.004686
2023-05-24 12:00:00,0.011634942,0.004686
2023-05-24 13:00:00,0.011196037,0.004686
2023-05-24 14:00:00,0.01136105,0.004686
2023-05-24 15:00:00,0.0117425425,0.004686
2023-05-24 16:00:00,0.012970669,0.004686
2023-05-24 17:00:00,0.013792994,0.004686
2023-05-24 18:00:00,0.014733252,0.004686
2023-05-24 19:00:00,0.015458301,0.004686
2023-05-24 20:00:00,0.015807662,0.004686
2023-05-24 21:00:00,0.016173704,0.004686
2023-05-24 22:00:00,0.016431715,0.004686
2023-05-24 23:00:00,0.016933957,0.004686
2023-05-25 00:00:00,0.01717525,0.004686
2023-05-25 01:00:00,0.017058674,0.004686
2023-05-25 02:00:00,0.016927447,0.004686
2023-05-25 03:00:00,0.016923089,0.004686
2023-05-25 04:00:00,0.017392859,0.004686
2023-05-25 05:00:00,0.01799684,0.004686
2023-05-25 06:00:00,0.0181434,0.004686
2023-05-25 07:00:00,0.019001534,0.004686
2023-05-25 08:00:00,0.01994191,0.004686
2023-05-25 09:00:00,0.0202259,0.004686
2023-05-25 10:00:00,0.020770662,0.004686
2023-05-25 11:00:00,0.020487715,0.004686
2023-05-25 12:00:00,0.020055352,0.004686
2023-05-25 13:00:00,0.020397538,0.004686
2023-05-25 14:00:00,0.018035388,0.004686
2023-05-25 15:00:00,0.018035114,0.004686
2023-05-25 16:00:00,0.0188118,0.004686
2023-05-25 17:00:00,0.019666677,0.004686
2023-05-25 18:00:00,0.02065329,0.004686
2023-05-25 19:00:00,0.021063719,0.004686
2023-05-25 20:00:00,0.021227935,0.004686
2023-05-25 21:00:00,0.02135786,0.004686
2023-05-25 22:00:00,0.02125813,0.004686
2023-05-25 23:00:00,0.021247266,0.004686
2023-05-26 00:00:00,0.021333179,0.004686
2023-05-26 01:00:00,0.021265533,0.004686
2023-05-26 02:00:00,0.021038901,0.004686
2023-05-26 03:00:00,0.02153768,0.004686
2023-05-26 04:00:00,0.022143902,0.004686
2023-05-26 05:00:00,0.023411587,0.004686
2023-05-26 06:00:00,0.024291078,0.004686
2023-05-26 07:00:00,0.024853224,0.004686
2023-05-26 08:00:00,0.025545526,0.004686
2023-05-26 09:00:00,0.025673015,0.004686
2023-05-26 10:00:00,0.025711356,0.004686
2023-05-26 11:00:00,0.02502912,0.004686
2023-05-26 12:00:00,0.024191787,0.004686
2023-05-26 13:00:00,0.022915445,0.004686
2023-05-26 14:00:00,0.021316338,0.004686
2023-05-26 15:00:00,0.01934485,0.004686
2023-05-26 16:00:00,0.021398643,0.004686
2023-05-26 17:00:00,0.022845088,0.004686
2023-05-26 18:00:00,0.023003576,0.004686
2023-05-26 19:00:00,0.023688085,0.004686
2023-05-26 20:00:00,0.023638492,0.004686
2023-05-26 21:00:00,0.024214298,0.004686
2023-05-26 22:00:00,0.025253413,0.004686
2023-05-26 23:00:00,0.02514548,0.004686
2023-05-27 00:00:00,0.024800546,0.004686
2023-05-27 01:00:00,0.024357952,0.004686
2023-05-27 02:00:00,0.024085842,0.004686
2023-05-27 03:00:00,0.023972474,0.004686
2023-05-27 04:00:00,0.024307312,0.004686
2023-05-27 05:00:00,0.02505846,0.004686
2023-05-27 06:00:00,0.025354616,0.004686
2023-05-27 07:00:00,0.025924444,0.004686
2023-05-27 08:00:00,0.026407996,0.004686
2023-05-27 09:00:00,0.026539145,0.004686
2023-05-27 10:00:00,0.026347335,0.004686
2023-05-27 11:00:00,0.025689289,0.004686
2023-05-27 12:00:00,0.024771573,0.004686
2023-05-27 13:00:00,0.024074528,0.004686
2023-05-27 14:00:00,0.023697801,0.004686
2023-05-27 15:00:00,0.024428517,0.004686
2023-05-27 16:00:00,0.027494602,0.004686
2023-05-27 17:00:00,0.028699286,0.004686
2023-05-27 18:00:00,0.029048165,0.004686
2023-05-27 19:00:00,0.027586436,0.004686
2023-05-27 20:00:00,0.027090725,0.004686
2023-05-27 21:00:00,0.02718071,0.004686
2023-05-27 22:00:00,0.027331892,0.004686
2023-05-27 23:00:00,0.027166314,0.004686
2023-05-28 00:00:00,0.026797641,0.004686
2023-05-28 01:00:00,0.026429653,0.004686
2023-05-28 02:00:00,0.025862912,0.004686
2023-05-28 03:00:00,0.025777165,0.004686
2023-05-28 04:00:00,0.026089393,0.004686
2023-05-28 05:00:00,0.026806977,0.004686
2023-05-28 06:00:00,0.027456634,0.004686
2023-05-28 07:00:00,0.028247721,0.004686
2023-05-28 08:00:00,0.029044373,0.004686
2023-05-28 09:00:00,0.029391395,0.004686
2023-05-28 10:00:00,0.029437963,0.004686
2023-05-28 11:00:00,0.028224172,0.004686
2023-05-28 12:00:00,0.02692464,0.004686
2023-05-28 13:00:00,0.026292669,0.004686
2023-05-28 14:00:00,0.02605066,0.004686
2023-05-28 15:00:00,0.026353095,0.004686
2023-05-28 16:00:00,0.029406091,0.004686
2023-05-28 17:00:00,0.030725619,0.004686
2023-05-28 18:00:00,0.030678084,0.004686
2023-05-28 19:00:00,0.029966556,0.004686
2023-05-28 20:00:00,0.029428663,0.004686
2023-05-28 21:00:00,0.028744636,0.004686
2023-05-28 22:00:00,0.028490555,0.004686
2023-05-28 23:00:00,0.026732603,0.004686
2023-05-29 00:00:00,0.025694791,0.004686
2023-05-29 01:00:00,0.025159894,0.004686
2023-05-29 02:00:00,0.024435563,0.004686
2023-05-29 03:00:00,0.024910599,0.004686
2023-05-29 04:00:00,0.027050609,0.004686
2023-05-29 05:00:00,0.028771468,0.004686
2023-05-29 06:00:00,0.029753366,0.004686
2023-05-29 07:00:00,0.030379044,0.004686
2023-05-29 08:00:00,0.030948019,0.004686
2023-05-29 09:00:00,0.029681602,0.004686
2023-05-29 10:00:00,0.025897395,0.004686
2023-05-29 11:00:00,0.024878742,0.004686
2023-05-29 12:00:00,0.02370102,0.004686
2023-05-29 13:00:00,0.023634464,0.004686
2023-05-29 14:00:00,0.023573993,0.004686
2023-05-29 15:00:00,0.02350424,0.004686
2023-05-29 16:00:00,0.025528092,0.004686
2023-05-29 17:00:00,0.026499705,0.004686
2023-05-29 18:00:00,0.02699163,0.004686
2023-05-29 19:00:00,0.027346645,0.004686
2023-05-29 20:00:00,0.02711903,0.004686
2023-05-29 21:00:00,0.027165176,0.004686
2023-05-29 22:00:00,0.027087452,0.004686
2023-05-29 23:00:00,0.026944732,0.004686
2023-05-30 00:00:00,0.026910288,0.004686
2023-05-30 01:00:00,0.026833031,0.004686
2023-05-30 02:00:00,0.026980288,0.004686
2023-05-30 03:00:00,0.027496794,0.004686
2023-05-30 04:00:00,0.027315686,0.004686
2023-05-30 05:00:00,0.027696416,0.004686
2023-05-30 06:00:00,0.028126618,0.004686
2023-05-30 07:00:00,0.030744573,0.004686
2023-05-30 08:00:00,0.030088833,0.004686
2023-05-30 09:00:00,0.028274892,0.004686
2023-05-30 10:00:00,0.026792746,0.004686
2023-05-30 11:00:00,0.023834817,0.004686
2023-05-30 12:00:00,0.022026433,0.004686
2023-05-30 13:00:00,0.021255795,0.004686
2023-05-30 14:00:00,0.02068736,0.004686
2023-05-30 15:00:00,0.02053826,0.004686
2023-05-30 16:00:00,0.02249435,0.004686
2023-05-30 17:00:00,0.023890667,0.004686
2023-05-30 18:00:00,0.02487269,0.004686
2023-05-30 19:00:00,0.026268337,0.004686
2023-05-30 20:00:00,0.026798626,0.004686
2023-05-30 21:00:00,0.027468981,0.004686
2023-05-30 22:00:00,0.027705818,0.004686
2023-05-30 23:00:00,0.027650746,0.004686
2023-05-31 00:00:00,0.027645366,0.004686
2023-05-31 01:00:00,0.02743879,0.004686
2023-05-31 02:00:00,0.027542263,0.004686
2023-05-31 03:00:00,0.028609088,0.004686
2023-05-31 04:00:00,0.029389612,0.004686
2023-05-31 05:00:00,0.029941501,0.004686
2023-05-31 06:00:00,0.030512711,0.004686
2023-05-31 07:00:00,0.030818425,0.004686
2023-05-31 08:00:00,0.031834267,0.004686
2023-05-31 09:00:00,0.032115467,0.004686
2023-05-31 10:00:00,0.03106539,0.004686
2023-05-31 11:00:00,0.028389435,0.004686
2023-05-31 12:00:00,0.023872616,0.004686
2023-05-31 13:00:00,0.022662915,0.004686
2023-05-31 14:00:00,0.022075545,0.004686
2023-05-31 15:00:00,0.022380942,0.004686
2023-05-31 16:00:00,0.02392829,0.004686
2023-05-31 17:00:00,0.026185276,0.004686
2023-05-31 18:00:00,0.028016685,0.004686
2023-05-31 19:00:00,0.029617399,0.004686
2023-05-31 20:00:00,0.030415477,0.004686
2023-05-31 21:00:00,0.031026406,0.004686
2023-05-31 22:00:00,0.031989496,0.004686
2023-05-31 23:00:00,0.032045864,0.004686
2023-06-01 00:00:00,0.032262225,0.004686
2023-06-01 01:00:00,0.032165434,0.004686
2023-06-01 02:00:00,0.032319613,0.004686
2023-06-01 03:00:00,0.032835588,0.004686
2023-06-01 04:00:00,0.033607267,0.004686
2023-06-01 05:00:00,0.034704372,0.004686
2023-06-01 06:00:00,0.035428766,0.004686
2023-06-01 07:00:00,0.03549928,0.004686
2023-06-01 08:00:00,0.0360578,0.004686
2023-06-01 09:00:00,0.03534875,0.004686
2023-06-01 10:00:00,0.034019798,0.004686
2023-06-01 11:00:00,0.03342814,0.004686
2023-06-01 12:00:00,0.03154351,0.004686
2023-06-01 13:00:00,0.026075257,0.004686
2023-06-01 14:00:00,0.024786793,0.004686
2023-06-01 15:00:00,0.024689168,0.004686
2023-06-01 16:00:00,0.02650512,0.004686
2023-06-01 17:00:00,0.028115729,0.004686
2023-06-01 18:00:00,0.028856063,0.004686
2023-06-01 19:00:00,0.029579507,0.004686
2023-06-01 20:00:00,0.029935481,0.004686
2023-06-01 21:00:00,0.030269535,0.004686
2023-06-01 22:00:00,0.030828664,0.004686
2023-06-01 23:00:00,0.031213673,0.004686
2023-06-02 00:00:00,0.0314702,0.004686
2023-06-02 01:00:00,0.031237751,0.004686
2023-06-02 02:00:00,0.031190004,0.004686
2023-06-02 03:00:00,0.031743944,0.004686
2023-06-02 04:00:00,0.032071218,0.004686
2023-06-02 05:00:00,0.032444667,0.004686
2023-06-02 06:00:00,0.032687526,0.004686
2023-06-02 07:00:00,0.03217524,0.004686
2023-06-02 08:00:00,0.032147255,0.004686
2023-06-02 09:00:00,0.031080212,0.004686
2023-06-02 10:00:00,0.029811926,0.004686
2023-06-02 11:00:00,0.028102685,0.004686
2023-06-02 12:00:00,0.026559697,0.004686
2023-06-02 13:00:00,0.025184702,0.004686
2023-06-02 14:00:00,0.023777215,0.004686
2023-06-02 15:00:00,0.021502512,0.004686
2023-06-02 16:00:00,0.024420638,0.004686
2023-06-02 17:00:00,0.02638994,0.004686
2023-06-02 18:00:00,0.026598025,0.004686
2023-06-02 19:00:00,0.025092902,0.004686
2023-06-02 20:00:00,0.025015095,0.004686
2023-06-02 21:00:00,0.025137996,0.004686
2023-06-02 22:00:00,0.025332626,0.004686
2023-06-02 23:00:00,0.02519149,0.004686
2023-06-03 00:00:00,0.024737708,0.004686
2023-06-03 01:00:00,0.024251463,0.004686
2023-06-03 02:00:00,0.02389382,0.004686
2023-06-03 03:00:00,0.023978442,0.004686
2023-06-03 04:00:00,0.024116302,0.004686
2023-06-03 05:00:00,0.024777269,0.004686
2023-06-03 06:00:00,0.024912715,0.004686
2023-06-03 07:00:00,0.025614996,0.004686
2023-06-03 08:00:00,0.026454097,0.004686
2023-06-03 09:00:00,0.026733462,0.004686
2023-06-03 10:00:00,0.026778754,0.004686
2023-06-03 11:00:00,0.026012754,0.004686
2023-06-03 12:00:00,0.025179034,0.004686
2023-06-03 13:00:00,0.02501096,0.004686
2023-06-03 14:00:00,0.024935227,0.004686
2023-06-03 15:00:00,0.025115633,0.004686
2023-06-03 16:00:00,0.02763233,0.004686
2023-06-03 17:00:00,0.02820607,0.004686
2023-06-03 18:00:00,0.02849629,0.004686
2023-06-03 19:00:00,0.026607722,0.004686
2023-06-03 20:00:00,0.026561955,0.004686
2023-06-03 21:00:00,0.026659606,0.004686
2023-06-03 22:00:00,0.026836742,0.004686
2023-06-03 23:00:00,0.026841935,0.004686
2023-06-04 00:00:00,0.026439104,0.004686
2023-06-04 01:00:00,0.026022805,0.004686
2023-06-04 02:00:00,0.025897453,0.004686
2023-06-04 03:00:00,0.026110731,0.004686
2023-06-04 04:00:00,0.02628736,0.004686
2023-06-04 05:00:00,0.026783258,0.004686
2023-06-04 06:00:00,0.027266126,0.004686
2023-06-04 07:00:00,0.027882645,0.004686
2023-06-04 08:00:00,0.027875913,0.004686
2023-06-04 09:00:00,0.026919113,0.004686
2023-06-04 10:00:00,0.025840234,0.004686
2023-06-04 11:00:00,0.02697264,0.004686
2023-06-04 12:00:00,0.027873363,0.004686
2023-06-04 13:00:00,0.028030999,0.004686
2023-06-04 14:00:00,0.027874807,0.004686
2023-06-04 15:00:00,0.029537609,0.004686
2023-06-04 16:00:00,0.03087817,0.004686
2023-06-04 17:00:00,0.031848997,0.004686
2023-06-04 18:00:00,0.032262944,0.004686
2023-06-04 19:00:00,0.030748663,0.004686
2023-06-04 20:00:00,0.03038033,0.004686
2023-06-04 21:00:00,0.029736122,0.004686
2023-06-04 22:00:00,0.028785933,0.004686
2023-06-04 23:00:00,0.02696295,0.004686
2023-06-05 00:00:00,0.025701309,0.004686
2023-06-05 01:00:00,0.024971433,0.004686
2023-06-05 02:00:00,0.024752524,0.004686
2023-06-05 03:00:00,0.025978385,0.004686
2023-06-05 04:00:00,0.028309522,0.004686
2023-06-05 05:00:00,0.029286813,0.004686
2023-06-05 06:00:00,0.029992877,0.004686
2023-06-05 07:00:00,0.03074851,0.004686
2023-06-05 08:00:00,0.031661067,0.004686
2023-06-05 09:00:00,0.032405537,0.004686
2023-06-05 10:00:00,0.033475757,0.004686
2023-06-05 11:00:00,0.03343161,0.004686
2023-06-05 12:00:00,0.032252498,0.004686
2023-06-05 13:00:00,0.030946407,0.004686
2023-06-05 14:00:00,0.030525634,0.004686
2023-06-05 15:00:00,0.031929627,0.004686
2023-06-05 16:00:00,0.032856423,0.004686
2023-06-05 17:00:00,0.035341185,0.004686
2023-06-05 18:00:00,0.035930585,0.004686
2023-06-05 19:00:00,0.03505135,0.004686
2023-06-05 20:00:00,0.0342478,0.004686
2023-06-05 21:00:00,0.03290691,0.004686
2023-06-05 22:00:00,0.03197009,0.004686
2023-06-05 23:00:00,0.031550247,0.004686
2023-06-06 00:00:00,0.031406134,0.004686
2023-06-06 01:00:00,0.031183407,0.004686
2023-06-06 02:00:00,0.0311847,0.004686
2023-06-06 03:00:00,0.032228474,0.004686
2023-06-06 04:00:00,0.032671727,0.004686
2023-06-06 05:00:00,0.035476625,0.004686
2023-06-06 06:00:00,0.035969593,0.004686
2023-06-06 07:00:00,0.036024492,0.004686
2023-06-06 08:00:00,0.034855172,0.004686
2023-06-06 09:00:00,0.030918341,0.004686
2023-06-06 10:00:00,0.029325793,0.004686
2023-06-06 11:00:00,0.028389655,0.004686
2023-06-06 12:00:00,0.026277814,0.004686
2023-06-06 13:00:00,0.025400506,0.004686
2023-06-06 14:00:00,0.02509839,0.004686
2023-06-06 15:00:00,0.024364773,0.004686
2023-06-06 16:00:00,0.024810364,0.004686
2023-06-06 17:00:00,0.025392728,0.004686
2023-06-06 18:00:00,0.024641508,0.004686
2023-06-06 19:00:00,0.024910297,0.004686
2023-06-06 20:00:00,0.024782859,0.004686
2023-06-06 21:00:00,0.024903467,0.004686
2023-06-06 22:00:00,0.025326371,0.004686
2023-06-06 23:00:00,0.025215615,0.004686
2023-06-07 00:00:00,0.025269961,0.004686
2023-06-07 01:00:00,0.025141692,0.004686
2023-06-07 02:00:00,0.024926582,0.004686
2023-06-07 03:00:00,0.02499023,0.004686
2023-06-07 04:00:00,0.024825152,0.004686
2023-06-07 05:00:00,0.025573153,0.004686
2023-06-07 06:00:00,0.025287202,0.004686
2023-06-07 07:00:00,0.025392853,0.004686
2023-06-07 08:00:00,0.02491195,0.004686
2023-06-07 09:00:00,0.022593886,0.004686
2023-06-07 10:00:00,0.01977294,0.004686
2023-06-07 11:00:00,0.017735148,0.004686
2023-06-07 12:00:00,0.018279908,0.004686
2023-06-07 13:00:00,0.018541753,0.004686
2023-06-07 14:00:00,0.018278794,0.004686
2023-06-07 15:00:00,0.01806392,0.004686
2023-06-07 16:00:00,0.018077573,0.004686
2023-06-07 17:00:00,0.019143602,0.004686
2023-06-07 18:00:00,0.019582685,0.004686
2023-06-07 19:00:00,0.019924158,0.004686
2023-06-07 20:00:00,0.019968936,0.004686
2023-06-07 21:00:00,0.020107292,0.004686
2023-06-07 22:00:00,0.02054531,0.004686
2023-06-07 23:00:00,0.02057061,0.004686
2023-06-08 00:00:00,0.020840399,0.004686
2023-06-08 01:00:00,0.020894177,0.004686
2023-06-08 02:00:00,0.020758307,0.004686
2023-06-08 03:00:00,0.02113585,0.004686
2023-06-08 04:00:00,0.020956524,0.004686
2023-06-08 05:00:00,0.021691874,0.004686
2023-06-08 06:00:00,0.022178603,0.004686
2023-06-08 07:00:00,0.023047667,0.004686
2023-06-08 08:00:00,0.021766864,0.004686
2023-06-08 09:00:00,0.021129789,0.004686
2023-06-08 10:00:00,0.02019438,0.004686
2023-06-08 11:00:00,0.019743852,0.004686
2023-06-08 12:00:00,0.01926713,0.004686
2023-06-08 13:00:00,0.019442825,0.004686
2023-06-08 14:00:00,0.02075977,0.004686
2023-06-08 15:00:00,0.020893103,0.004686
2023-06-08 16:00:00,0.020744829,0.004686
2023-06-08 17:00:00,0.021725342,0.004686
2023-06-08 18:00:00,0.021686118,0.004686
2023-06-08 19:00:00,0.021803431,0.004686
2023-06-08 20:00:00,0.021880655,0.004686
2023-06-08 21:00:00,0.022053976,0.004686
2023-06-08 22:00:00,0.022060305,0.004686
2023-06-08 23:00:00,0.02219398,0.004686
2023-06-09 00:00:00,0.02232576,0.004686
2023-06-09 01:00:00,0.022183686,0.004686
2023-06-09 02:00:00,0.021915874,0.004686
2023-06-09 03:00:00,0.021978505,0.004686
2023-06-09 04:00:00,0.02238396,0.004686
2023-06-09 05:00:00,0.023439094,0.004686
2023-06-09 06:00:00,0.024498831,0.004686
2023-06-09 07:00:00,0.024918852,0.004686
2023-06-09 08:00:00,0.024221301,0.004686
2023-06-09 09:00:00,0.022618067,0.004686
2023-06-09 10:00:00,0.021198593,0.004686
2023-06-09 11:00:00,0.020868046,0.004686
2023-06-09 12:00:00,0.020349639,0.004686
2023-06-09 13:00:00,0.020575278,0.004686
2023-06-09 14:00:00,0.022402504,0.004686
2023-06-09 15:00:00,0.024748884,0.004686
2023-06-09 16:00:00,0.027035946,0.004686
2023-06-09 17:00:00,0.029295905,0.004686
2023-06-09 18:00:00,0.031106621,0.004686
2023-06-09 19:00:00,0.03154634,0.004686
2023-06-09 20:00:00,0.03210759,0.004686
2023-06-09 21:00:00,0.032600664,0.004686
2023-06-09 22:00:00,0.033344653,0.004686
2023-06-09 23:00:00,0.033572502,0.004686
2023-06-10 00:00:00,0.033532694,0.004686
2023-06-10 01:00:00,0.033096995,0.004686
2023-06-10 02:00:00,0.03246715,0.004686
2023-06-10 03:00:00,0.03246142,0.004686
2023-06-10 04:00:00,0.033830844,0.004686
2023-06-10 05:00:00,0.03522768,0.004686
2023-06-10 06:00:00,0.036190588,0.004686
2023-06-10 07:00:00,0.03636673,0.004686
2023-06-10 08:00:00,0.036032774,0.004686
2023-06-10 09:00:00,0.033871297,0.004686
2023-06-10 10:00:00,0.030946149,0.004686
2023-06-10 11:00:00,0.02786583,0.004686
2023-06-10 12:00:00,0.026388258,0.004686
2023-06-10 13:00:00,0.025164451,0.004686
2023-06-10 14:00:00,0.02547444,0.004686
2023-06-10 15:00:00,0.026185825,0.004686
2023-06-10 16:00:00,0.028217284,0.004686
2023-06-10 17:00:00,0.029520964,0.004686
2023-06-10 18:00:00,0.03081601,0.004686
2023-06-10 19:00:00,0.030871462,0.004686
2023-06-10 20:00:00,0.03114441,0.004686
2023-06-10 21:00:00,0.031368177,0.004686
2023-06-10 22:00:00,0.03219042,0.004686
2023-06-10 23:00:00,0.03208182,0.004686
2023-06-11 00:00:00,0.03157073,0.004686
2023-06-11 01:00:00,0.031223148,0.004686
2023-06-11 02:00:00,0.031052701,0.004686
2023-06-11 03:00:00,0.032385748,0.004686
2023-06-11 04:00:00,0.033361413,0.004686
2023-06-11 05:00:00,0.034974992,0.004686
2023-06-11 06:00:00,0.036301322,0.004686
2023-06-11 07:00:00,0.03660246,0.004686
2023-06-11 08:00:00,0.03338105,0.004686
2023-06-11 09:00:00,0.026348075,0.004686
2023-06-11 10:00:00,0.026637586,0.004686
2023-06-11 11:00:00,0.029243464,0.004686
2023-06-11 12:00:00,0.027283303,0.004686
2023-06-11 13:00:00,0.025941197,0.004686
2023-06-11 14:00:00,0.026113687,0.004686
2023-06-11 15:00:00,0.026421383,0.004686
2023-06-11 16:00:00,0.02772123,0.004686
2023-06-11 17:00:00,0.028561251,0.004686
2023-06-11 18:00:00,0.029240577,0.004686
2023-06-11 19:00:00,0.028652875,0.004686
2023-06-11 20:00:00,0.028548973,0.004686
2023-06-11 21:00:00,0.02868249,0.004686
2023-06-11 22:00:00,0.029041892,0.004686
2023-06-11 23:00:00,0.029072654,0.004686
2023-06-12 00:00:00,0.029150719,0.004686
2023-06-12 01:00:00,0.029022688,0.004686
2023-06-12 02:00:00,0.029075189,0.004686
2023-06-12 03:00:00,0.029832087,0.004686
2023-06-12 04:00:00,0.029427838,0.004686
2023-06-12 05:00:00,0.029117953,0.004686
2023-06-12 06:00:00,0.029185604,0.004686
2023-06-12 07:00:00,0.02981454,0.004686
2023-06-12 08:00:00,0.030576883,0.004686
2023-06-12 09:00:00,0.031717494,0.004686
2023-06-12 10:00:00,0.032783657,0.004686
2023-06-12 11:00:00,0.0325513,0.004686
2023-06-12 12:00:00,0.032743677,0.004686
2023-06-12 13:00:00,0.032814097,0.004686
2023-06-12 14:00:00,0.032116584,0.004686
2023-06-12 15:00:00,0.03203457,0.004686
2023-06-12 16:00:00,0.032943923,0.004686
2023-06-12 17:00:00,0.03382087,0.004686
2023-06-12 18:00:00,0.034899816,0.004686
2023-06-12 19:00:00,0.034011524,0.004686
2023-06-12 20:00:00,0.033796504,0.004686
2023-06-12 21:00:00,0.03384532,0.004686
2023-06-12 22:00:00,0.034009296,0.004686
2023-06-12 23:00:00,0.034039155,0.004686
2023-06-13 00:00:00,0.033973265,0.004686
2023-06-13 01:00:00,0.033877652,0.004686
2023-06-13 02:00:00,0.03413896,0.004686
2023-06-13 03:00:00,0.03501812,0.004686
2023-06-13 04:00:00,0.03471076,0.004686
2023-06-13 05:00:00,0.034508493,0.004686
2023-06-13 06:00:00,0.034384035,0.004686
2023-06-13 07:00:00,0.033731926,0.004686
2023-06-13 08:00:00,0.03278058,0.004686
2023-06-13 09:00:00,0.031581014,0.004686
2023-06-13 10:00:00,0.03130832,0.004686
2023-06-13 11:00:00,0.031411476,0.004686
2023-06-13 12:00:00,0.03037725,0.004686
2023-06-13 13:00:00,0.029398829,0.004686
2023-06-13 14:00:00,0.028514478,0.004686
2023-06-13 15:00:00,0.028629355,0.004686
2023-06-13 16:00:00,0.02928311,0.004686
2023-06-13 17:00:00,0.030267205,0.004686
2023-06-13 18:00:00,0.031494733,0.004686
2023-06-13 19:00:00,0.03101609,0.004686
2023-06-13 20:00:00,0.030943664,0.004686
2023-06-13 21:00:00,0.031106558,0.004686
2023-06-13 22:00:00,0.031565957,0.004686
2023-06-13 23:00:00,0.031381924,0.004686
2023-06-14 00:00:00,0.031534914,0.004686
2023-06-14 01:00:00,0.031552676,0.004686
2023-06-14 02:00:00,0.03165446,0.004686
2023-06-14 03:00:00,0.032763667,0.004686
2023-06-14 04:00:00,0.03307749,0.004686
2023-06-14 05:00:00,0.0365415,0.004686
2023-06-14 06:00:00,0.03733319,0.004686
2023-06-14 07:00:00,0.037173208,0.004686
2023-06-14 08:00:00,0.036701854,0.004686
2023-06-14 09:00:00,0.030732168,0.004686
2023-06-14 10:00:00,0.026694968,0.004686
2023-06-14 11:00:00,0.024573702,0.004686
2023-06-14 12:00:00,0.02277248,0.004686
2023-06-14 13:00:00,0.021467524,0.004686
2023-06-14 14:00:00,0.020238115,0.004686
2023-06-14 15:00:00,0.019414054,0.004686
2023-06-14 16:00:00,0.019892942,0.004686
2023-06-14 17:00:00,0.019779915,0.004686
2023-06-14 18:00:00,0.019914526,0.004686
2023-06-14 19:00:00,0.020215297,0.004686
2023-06-14 20:00:00,0.020163823,0.004686
2023-06-14 21:00:00,0.02031709,0.004686
2023-06-14 22:00:00,0.02052038,0.004686
2023-06-14 23:00:00,0.020643692,0.004686
2023-06-15 00:00:00,0.0207902,0.004686
2023-06-15 01:00:00,0.020863226,0.004686
2023-06-15 02:00:00,0.020959413,0.004686
2023-06-15 03:00:00,0.021748811,0.004686
2023-06-15 04:00:00,0.023902932,0.004686
2023-06-15 05:00:00,0.02664542,0.004686
2023-06-15 06:00:00,0.027815618,0.004686
2023-06-15 07:00:00,0.027459074,0.004686
2023-06-15 08:00:00,0.023279065,0.004686
2023-06-15 09:00:00,0.019449532,0.004686
2023-06-15 10:00:00,0.019366812,0.004686
2023-06-15 11:00:00,0.020669702,0.004686
2023-06-15 12:00:00,0.021998594,0.004686
2023-06-15 13:00:00,0.022621343,0.004686
2023-06-15 14:00:00,0.02296454,0.004686
2023-06-15 15:00:00,0.023189977,0.004686
2023-06-15 16:00:00,0.025159508,0.004686
2023-06-15 17:00:00,0.02762997,0.004686
2023-06-15 18:00:00,0.028801722,0.004686
2023-06-15 19:00:00,0.030093044,0.004686
2023-06-15 20:00:00,0.030745266,0.004686
2023-06-15 21:00:00,0.031373844,0.004686
2023-06-15 22:00:00,0.031966668,0.004686
2023-06-15 23:00:00,0.032319512,0.004686
2023-06-16 00:00:00,0.032534823,0.004686
2023-06-16 01:00:00,0.032352038,0.004686
2023-06-16 02:00:00,0.03199816,0.004686
2023-06-16 03:00:00,0.03234023,0.004686
2023-06-16 04:00:00,0.033017162,0.004686
2023-06-16 05:00:00,0.03396344,0.004686
2023-06-16 06:00:00,0.034731332,0.004686
2023-06-16 07:00:00,0.03466536,0.004686
2023-06-16 08:00:00,0.03459761,0.004686
2023-06-16 09:00:00,0.032263808,0.004686
2023-06-16 10:00:00,0.0320805,0.004686
2023-06-16 11:00:00,0.03335158,0.004686
2023-06-16 12:00:00,0.03161279,0.004686
2023-06-16 13:00:00,0.025325961,0.004686
2023-06-16 14:00:00,0.024050884,0.004686
2023-06-16 15:00:00,0.023609119,0.004686
2023-06-16 16:00:00,0.02605554,0.004686
2023-06-16 17:00:00,0.028122367,0.004686
2023-06-16 18:00:00,0.029703103,0.004686
2023-06-16 19:00:00,0.029666994,0.004686
2023-06-16 20:00:00,0.030116701,0.004686
2023-06-16 21:00:00,0.030478146,0.004686
2023-06-16 22:00:00,0.031211138,0.004686
2023-06-16 23:00:00,0.031529717,0.004686
2023-06-17 00:00:00,0.03160952,0.004686
2023-06-17 01:00:00,0.031604223,0.004686
2023-06-17 02:00:00,0.031608135,0.004686
2023-06-17 03:00:00,0.032155834,0.004686
2023-06-17 04:00:00,0.03248485,0.004686
2023-06-17 05:00:00,0.032962546,0.004686
2023-06-17 06:00:00,0.033616684,0.004686
2023-06-17 07:00:00,0.033856098,0.004686
2023-06-17 08:00:00,0.033998996,0.004686
2023-06-17 09:00:00,0.03351233,0.004686
2023-06-17 10:00:00,0.03137105,0.004686
2023-06-17 11:00:00,0.028030178,0.004686
2023-06-17 12:00:00,0.026301034,0.004686
2023-06-17 13:00:00,0.026613206,0.004686
2023-06-17 14:00:00,0.023416586,0.004686
2023-06-17 15:00:00,0.024370747,0.004686
2023-06-17 16:00:00,0.025796663,0.004686
2023-06-17 17:00:00,0.027464686,0.004686
2023-06-17 18:00:00,0.029336024,0.004686
2023-06-17 19:00:00,0.029151069,0.004686
2023-06-17 20:00:00,0.029186562,0.004686
2023-06-17 21:00:00,0.029131481,0.004686
2023-06-17 22:00:00,0.029929275,0.004686
2023-06-17 23:00:00,0.029902447,0.004686
2023-06-18 00:00:00,0.02986936,0.004686
2023-06-18 01:00:00,0.029641284,0.004686
2023-06-18 02:00:00,0.029855749,0.004686
2023-06-18 03:00:00,0.030474702,0.004686
2023-06-18 04:00:00,0.031031014,0.004686
2023-06-18 05:00:00,0.031920407,0.004686
2023-06-18 06:00:00,0.0327024,0.004686
2023-06-18 07:00:00,0.033238295,0.004686
2023-06-18 08:00:00,0.033154234,0.004686
2023-06-18 09:00:00,0.031752463,0.004686
2023-06-18 10:00:00,0.029049836,0.004686
2023-06-18 11:00:00,0.026411658,0.004686
2023-06-18 12:00:00,0.025863523,0.004686
2023-06-18 13:00:00,0.026194107,0.004686
2023-06-18 14:00:00,0.025683923,0.004686
2023-06-18 15:00:00,0.02609534,0.004686
2023-06-18 16:00:00,0.027789224,0.004686
2023-06-18 17:00:00,0.028732734,0.004686
2023-06-18 18:00:00,0.02987175,0.004686
2023-06-18 19:00:00,0.02948419,0.004686
2023-06-18 20:00:00,0.02897481,0.004686
2023-06-18 21:00:00,0.029200912,0.004686
2023-06-18 22:00:00,0.029645024,0.004686
2023-06-18 23:00:00,0.029732874,0.004686
2023-06-19 00:00:00,0.029795151,0.004686
2023-06-19 01:00:00,0.029809523,0.004686
2023-06-19 02:00:00,0.029896123,0.004686
2023-06-19 03:00:00,0.030696798,0.004686
2023-06-19 04:00:00,0.030282542,0.004686
2023-06-19 05:00:00,0.030119164,0.004686
2023-06-19 06:00:00,0.030053765,0.004686
2023-06-19 07:00:00,0.03025306,0.004686
2023-06-19 08:00:00,0.030631386,0.004686
2023-06-19 09:00:00,0.030758688,0.004686
2023-06-19 10:00:00,0.03176934,0.004686
2023-06-19 11:00:00,0.031053668,0.004686
2023-06-19 12:00:00,0.029844308,0.004686
2023-06-19 13:00:00,0.028577752,0.004686
2023-06-19 14:00:00,0.027960796,0.004686
2023-06-19 15:00:00,0.028222403,0.004686
2023-06-19 16:00:00,0.029951122,0.004686
2023-06-19 17:00:00,0.03101457,0.004686
2023-06-19 18:00:00,0.031645104,0.004686
2023-06-19 19:00:00,0.030683957,0.004686
2023-06-19 20:00:00,0.030358532,0.004686
2023-06-19 21:00:00,0.030107794,0.004686
2023-06-19 22:00:00,0.02992688,0.004686
2023-06-19 23:00:00,0.029768353,0.004686
2023-06-20 00:00:00,0.029703297,0.004686
2023-06-20 01:00:00,0.029565144,0.004686
2023-06-20 02:00:00,0.029711893,0.004686
2023-06-20 03:00:00,0.029958436,0.004686
2023-06-20 04:00:00,0.02916732,0.004686
2023-06-20 05:00:00,0.028565789,0.004686
2023-06-20 06:00:00,0.028084002,0.004686
2023-06-20 07:00:00,0.027594771,0.004686
2023-06-20 08:00:00,0.02667938,0.004686
2023-06-20 09:00:00,0.026831029,0.004686
2023-06-20 10:00:00,0.028216934,0.004686
2023-06-20 11:00:00,0.030816846,0.004686
2023-06-20 12:00:00,0.031675365,0.004686
2023-06-20 13:00:00,0.031665035,0.004686
2023-06-20 14:00:00,0.031150961,0.004686
2023-06-20 15:00:00,0.031431366,0.004686
2023-06-20 16:00:00,0.03339349,0.004686
2023-06-20 17:00:00,0.035186864,0.004686
2023-06-20 18:00:00,0.035681553,0.004686
2023-06-20 19:00:00,0.03497456,0.004686
2023-06-20 20:00:00,0.034745853,0.004686
2023-06-20 21:00:00,0.034649555,0.004686
2023-06-20 22:00:00,0.034548353,0.004686
2023-06-20 23:00:00,0.034590226,0.004686
2023-06-21 00:00:00,0.034619164,0.004686
2023-06-21 01:00:00,0.034592707,0.004686
2023-06-21 02:00:00,0.034640633,0.004686
2023-06-21 03:00:00,0.035048936,0.004686
2023-06-21 04:00:00,0.034576464,0.004686
2023-06-21 05:00:00,0.03415851,0.004686
2023-06-21 06:00:00,0.033467136,0.004686
2023-06-21 07:00:00,0.031377733,0.004686
2023-06-21 08:00:00,0.031124748,0.004686
2023-06-21 09:00:00,0.031002222,0.004686
2023-06-21 10:00:00,0.029683402,0.004686
2023-06-21 11:00:00,0.02745834,0.004686
2023-06-21 12:00:00,0.026196854,0.004686
2023-06-21 13:00:00,0.026028827,0.004686
2023-06-21 14:00:00,0.025815086,0.004686
2023-06-21 15:00:00,0.025370698,0.004686
2023-06-21 16:00:00,0.026045293,0.004686
2023-06-21 17:00:00,0.026892003,0.004686
2023-06-21 18:00:00,0.02791706,0.004686
2023-06-21 19:00:00,0.027347475,0.004686
2023-06-21 20:00:00,0.027299888,0.004686
2023-06-21 21:00:00,0.027210373,0.004686
2023-06-21 22:00:00,0.027476247,0.004686
2023-06-21 23:00:00,0.027582312,0.004686
2023-06-22 00:00:00,0.027563963,0.004686
2023-06-22 01:00:00,0.027666304,0.004686
2023-06-22 02:00:00,0.027671816,0.004686
2023-06-22 03:00:00,0.028145438,0.004686
2023-06-22 04:00:00,0.0284408,0.004686
2023-06-22 05:00:00,0.028318517,0.004686
2023-06-22 06:00:00,0.029340543,0.004686
2023-06-22 07:00:00,0.02990126,0.004686
2023-06-22 08:00:00,0.029228097,0.004686
2023-06-22 09:00:00,0.027728237,0.004686
2023-06-22 10:00:00,0.029171556,0.004686
2023-06-22 11:00:00,0.030859627,0.004686
2023-06-22 12:00:00,0.03047248,0.004686
2023-06-22 13:00:00,0.030739238,0.004686
2023-06-22 14:00:00,0.031263147,0.004686
2023-06-22 15:00:00,0.031718113,0.004686
2023-06-22 16:00:00,0.03291488,0.004686
2023-06-22 17:00:00,0.03352737,0.004686
2023-06-22 18:00:00,0.033840127,0.004686
2023-06-22 19:00:00,0.03292178,0.004686
2023-06-22 20:00:00,0.03266374,0.004686
2023-06-22 21:00:00,0.032691423,0.004686
2023-06-22 22:00:00,0.03247844,0.004686
2023-06-22 23:00:00,0.032647196,0.004686
2023-06-23 00:00:00,0.032843806,0.004686
2023-06-23 01:00:00,0.032954503,0.004686
2023-06-23 02:00:00,0.033047277,0.004686
2023-06-23 03:00:00,0.03363061,0.004686
2023-06-23 04:00:00,0.034429993,0.004686
2023-06-23 05:00:00,0.03450128,0.004686
2023-06-23 06:00:00,0.0332703,0.004686
2023-06-23 07:00:00,0.031738047,0.004686
2023-06-23 08:00:00,0.02956189,0.004686
2023-06-23 09:00:00,0.026478529,0.004686
2023-06-23 10:00:00,0.023080805,0.004686
2023-06-23 11:00:00,0.020125648,0.004686
2023-06-23 12:00:00,0.018876312,0.004686
2023-06-23 13:00:00,0.017296394,0.004686
2023-06-23 14:00:00,0.015386199,0.004686
2023-06-23 15:00:00,0.014421466,0.004686
2023-06-23 16:00:00,0.014036076,0.004686
2023-06-23 17:00:00,0.015295385,0.004686
2023-06-23 18:00:00,0.015506336,0.004686
2023-06-23 19:00:00,0.014447232,0.004686
2023-06-23 20:00:00,0.014360667,0.004686
2023-06-23 21:00:00,0.014386275,0.004686
2023-06-23 22:00:00,0.014687358,0.004686
2023-06-23 23:00:00,0.014906036,0.004686
2023-06-24 00:00:00,0.015237844,0.004686
2023-06-24 01:00:00,0.015492299,0.004686
2023-06-24 02:00:00,0.016299466,0.004686
2023-06-24 03:00:00,0.018049464,0.004686
2023-06-24 04:00:00,0.020611495,0.004686
2023-06-24 05:00:00,0.023038128,0.004686
2023-06-24 06:00:00,0.023606189,0.004686
2023-06-24 07:00:00,0.022277376,0.004686
2023-06-24 08:00:00,0.020093653,0.004686
2023-06-24 09:00:00,0.018668909,0.004686
2023-06-24 10:00:00,0.018821115,0.004686
2023-06-24 11:00:00,0.019958394,0.004686
2023-06-24 12:00:00,0.020106586,0.004686
2023-06-24 13:00:00,0.020738274,0.004686
2023-06-24 14:00:00,0.021652613,0.004686
2023-06-24 15:00:00,0.022565749,0.004686
2023-06-24 16:00:00,0.02444136,0.004686
2023-06-24 17:00:00,0.025598587,0.004686
2023-06-24 18:00:00,0.026463358,0.004686
2023-06-24 19:00:00,0.025825938,0.004686
2023-06-24 20:00:00,0.024326764,0.004686
2023-06-24 21:00:00,0.026060406,0.004686
2023-06-24 22:00:00,0.028529273,0.004686
2023-06-24 23:00:00,0.028585127,0.004686
2023-06-25 00:00:00,0.02813663,0.004686
2023-06-25 01:00:00,0.027243057,0.004686
2023-06-25 02:00:00,0.027329432,0.004686
2023-06-25 03:00:00,0.028576463,0.004686
2023-06-25 04:00:00,0.028221678,0.004686
2023-06-25 05:00:00,0.02800131,0.004686
2023-06-25 06:00:00,0.027637264,0.004686
2023-06-25 07:00:00,0.02718162,0.004686
2023-06-25 08:00:00,0.027373485,0.004686
2023-06-25 09:00:00,0.028403552,0.004686
2023-06-25 10:00:00,0.03087541,0.004686
2023-06-25 11:00:00,0.032381743,0.004686
2023-06-25 12:00:00,0.031730108,0.004686
2023-06-25 13:00:00,0.03130794,0.004686
2023-06-25 14:00:00,0.031534024,0.004686
2023-06-25 15:00:00,0.032968845,0.004686
2023-06-25 16:00:00,0.033792086,0.004686
2023-06-25 17:00:00,0.034724433,0.004686
2023-06-25 18:00:00,0.035447776,0.004686
2023-06-25 19:00:00,0.034579314,0.004686
2023-06-25 20:00:00,0.034206036,0.004686
2023-06-25 21:00:00,0.03603605,0.004686
2023-06-25 22:00:00,0.03512247,0.004686
2023-06-25 23:00:00,0.035059135,0.004686
2023-06-26 00:00:00,0.03456281,0.004686
2023-06-26 01:00:00,0.033720642,0.004686
2023-06-26 02:00:00,0.034767997,0.004686
2023-06-26 03:00:00,0.033646747,0.004686
2023-06-26 04:00:00,0.033276554,0.004686
2023-06-26 05:00:00,0.0331091,0.004686
2023-06-26 06:00:00,0.03337956,0.004686
2023-06-26 07:00:00,0.034401704,0.004686
2023-06-26 08:00:00,0.035470903,0.004686
2023-06-26 09:00:00,0.036351524,0.004686
2023-06-26 10:00:00,0.037904147,0.004686
2023-06-26 11:00:00,0.03888435,0.004686
2023-06-26 12:00:00,0.03857063,0.004686
2023-06-26 13:00:00,0.037154905,0.004686
2023-06-26 14:00:00,0.03600831,0.004686
2023-06-26 15:00:00,0.035083912,0.004686
2023-06-26 16:00:00,0.03583846,0.004686
2023-06-26 17:00:00,0.03619189,0.004686
2023-06-26 18:00:00,0.036252633,0.004686
2023-06-26 19:00:00,0.036744673,0.004686
2023-06-26 20:00:00,0.03720043,0.004686
2023-06-26 21:00:00,0.03578168,0.004686
2023-06-26 22:00:00,0.0353716,0.004686
2023-06-26 23:00:00,0.03486784,0.004686
2023-06-27 00:00:00,0.036055174,0.004686
2023-06-27 01:00:00,0.036012713,0.004686
2023-06-27 02:00:00,0.03550506,0.004686
2023-06-27 03:00:00,0.03637207,0.004686
2023-06-27 04:00:00,0.037265193,0.004686
2023-06-27 05:00:00,0.036750656,0.004686
2023-06-27 06:00:00,0.035915803,0.004686
2023-06-27 07:00:00,0.034852684,0.004686
2023-06-27 08:00:00,0.03366044,0.004686
2023-06-27 09:00:00,0.032301974,0.004686
2023-06-27 10:00:00,0.030916126,0.004686
2023-06-27 11:00:00,0.03022003,0.004686
2023-06-27 12:00:00,0.02934435,0.004686
2023-06-27 13:00:00,0.028810563,0.004686
2023-06-27 14:00:00,0.029453045,0.004686
2023-06-27 15:00:00,0.029158667,0.004686
2023-06-27 16:00:00,0.02929939,0.004686
2023-06-27 17:00:00,0.02944118,0.004686
2023-06-27 18:00:00,0.028961757,0.004686
2023-06-27 19:00:00,0.027356606,0.004686
2023-06-27 20:00:00,0.02726348,0.004686
2023-06-27 21:00:00,0.027355146,0.004686
2023-06-27 22:00:00,0.027233878,0.004686
2023-06-27 23:00:00,0.026853632,0.004686
2023-06-28 00:00:00,0.025702024,0.004686
2023-06-28 01:00:00,0.025536137,0.004686
2023-06-28 02:00:00,0.024895497,0.004686
2023-06-28 03:00:00,0.024453858,0.004686
2023-06-28 04:00:00,0.024107326,0.004686
2023-06-28 05:00:00,0.026299993,0.004686
2023-06-28 06:00:00,0.030469265,0.004686
2023-06-28 07:00:00,0.027174843,0.004686
2023-06-28 08:00:00,0.022629976,0.004686
2023-06-28 09:00:00,0.019701036,0.004686
2023-06-28 10:00:00,0.018807767,0.004686
2023-06-28 11:00:00,0.019342238,0.004686
2023-06-28 12:00:00,0.018908814,0.004686
2023-06-28 13:00:00,0.017936796,0.004686
2023-06-28 14:00:00,0.018389305,0.004686
2023-06-28 15:00:00,0.01805468,0.004686
2023-06-28 16:00:00,0.019077547,0.004686
2023-06-28 17:00:00,0.019873913,0.004686
2023-06-28 18:00:00,0.019970136,0.004686
2023-06-28 19:00:00,0.019885013,0.004686
2023-06-28 20:00:00,0.019734146,0.004686
2023-06-28 21:00:00,0.020869829,0.004686
2023-06-28 22:00:00,0.021142635,0.004686
2023-06-28 23:00:00,0.021323724,0.004686
2023-06-29 00:00:00,0.021509435,0.004686
2023-06-29 01:00:00,0.021622188,0.004686
2023-06-29 02:00:00,0.021734474,0.004686
2023-06-29 03:00:00,0.021714104,0.004686
2023-06-29 04:00:00,0.022104032,0.004686
2023-06-29 05:00:00,0.022310326,0.004686
2023-06-29 06:00:00,0.022589685,0.004686
2023-06-29 07:00:00,0.022936018,0.004686
2023-06-29 08:00:00,0.023647258,0.004686
2023-06-29 09:00:00,0.024854107,0.004686
2023-06-29 10:00:00,0.025245985,0.004686
2023-06-29 11:00:00,0.024400387,0.004686
2023-06-29 12:00:00,0.02418097,0.004686
2023-06-29 13:00:00,0.024298284,0.004686
2023-06-29 14:00:00,0.02418108,0.004686
2023-06-29 15:00:00,0.023119329,0.004686
2023-06-29 16:00:00,0.023805331,0.004686
2023-06-29 17:00:00,0.024823854,0.004686
2023-06-29 18:00:00,0.024723954,0.004686
2023-06-29 19:00:00,0.023756864,0.004686
2023-06-29 20:00:00,0.02373479,0.004686
2023-06-29 21:00:00,0.023380946,0.004686
2023-06-29 22:00:00,0.02384776,0.004686
2023-06-29 23:00:00,0.024135977,0.004686
2023-06-30 00:00:00,0.024194568,0.004686
2023-06-30 01:00:00,0.024003316,0.004686
2023-06-30 02:00:00,0.023431707,0.004686
2023-06-30 03:00:00,0.023491722,0.004686
2023-06-30 04:00:00,0.023217684,0.004686
2023-06-30 05:00:00,0.025189389,0.004686
2023-06-30 06:00:00,0.025180127,0.004686
2023-06-30 07:00:00,0.024171477,0.004686
2023-06-30 08:00:00,0.021292027,0.004686
2023-06-30 09:00:00,0.016890313,0.004686
2023-06-30 10:00:00,0.013745117,0.004686
2023-06-30 11:00:00,0.013153921,0.004686
2023-06-30 12:00:00,0.013250019,0.004686
2023-06-30 13:00:00,0.013665133,0.004686
2023-06-30 14:00:00,0.011569337,0.004686
2023-06-30 15:00:00,0.010767126,0.004686
2023-06-30 16:00:00,0.011103419,0.004686
2023-06-30 17:00:00,0.012048282,0.004686
2023-06-30 18:00:00,0.012518879,0.004686
2023-06-30 19:00:00,0.012078204,0.004686
2023-06-30 20:00:00,0.012121321,0.004686
2023-06-30 21:00:00,0.012216373,0.004686
2023-06-30 22:00:00,0.013250156,0.004686
2023-06-30 23:00:00,0.014026497,0.004686
2023-07-01 00:00:00,0.014694912,0.004686
2023-07-01 01:00:00,0.014731417,0.004686
2023-07-01 02:00:00,0.015795741,0.004686
2023-07-01 03:00:00,0.017009605,0.004686
2023-07-01 04:00:00,0.018254437,0.004686
2023-07-01 05:00:00,0.0189669,0.004686
2023-07-01 06:00:00,0.019264437,0.004686
2023-07-01 07:00:00,0.019982548,0.004686
2023-07-01 08:00:00,0.01982577,0.004686
2023-07-01 09:00:00,0.019223312,0.004686
2023-07-01 10:00:00,0.019458134,0.004686
2023-07-01 11:00:00,0.019928902,0.004686
2023-07-01 12:00:00,0.02001647,0.004686
2023-07-01 13:00:00,0.01986009,0.004686
2023-07-01 14:00:00,0.020117423,0.004686
2023-07-01 15:00:00,0.021096066,0.004686
2023-07-01 16:00:00,0.021330243,0.004686
2023-07-01 17:00:00,0.021404365,0.004686
2023-07-01 18:00:00,0.022529986,0.004686
2023-07-01 19:00:00,0.021232678,0.004686
2023-07-01 20:00:00,0.02129932,0.004686
2023-07-01 21:00:00,0.021284413,0.004686
2023-07-01 22:00:00,0.022255704,0.004686
2023-07-01 23:00:00,0.02200256,0.004686
2023-07-02 00:00:00,0.022550112,0.004686
2023-07-02 01:00:00,0.023711238,0.004686
2023-07-02 02:00:00,0.023970066,0.004686
2023-07-02 03:00:00,0.024520248,0.004686
2023-07-02 04:00:00,0.025088059,0.004686
2023-07-02 05:00:00,0.025637126,0.004686
2023-07-02 06:00:00,0.025706423,0.004686
2023-07-02 07:00:00,0.024543392,0.004686
2023-07-02 08:00:00,0.021764506,0.004686
2023-07-02 09:00:00,0.02130725,0.004686
2023-07-02 10:00:00,0.022121618,0.004686
2023-07-02 11:00:00,0.022356674,0.004686
2023-07-02 12:00:00,0.020564465,0.004686
2023-07-02 13:00:00,0.019282943,0.004686
2023-07-02 14:00:00,0.022003643,0.004686
2023-07-02 15:00:00,0.025949698,0.004686
2023-07-02 16:00:00,0.027052652,0.004686
2023-07-02 17:00:00,0.027629338,0.004686
2023-07-02 18:00:00,0.02797825,0.004686
2023-07-02 19:00:00,0.02188484,0.004686
2023-07-02 20:00:00,0.022932807,0.004686
2023-07-02 21:00:00,0.026367273,0.004686
2023-07-02 22:00:00,0.025417635,0.004686
2023-07-02 23:00:00,0.023816546,0.004686
2023-07-03 00:00:00,0.023431953,0.004686
2023-07-03 01:00:00,0.023123855,0.004686
2023-07-03 02:00:00,0.023086105,0.004686
2023-07-03 03:00:00,0.02370991,0.004686
2023-07-03 04:00:00,0.02403778,0.004686
2023-07-03 05:00:00,0.025465399,0.004686
2023-07-03 06:00:00,0.024395216,0.004686
2023-07-03 07:00:00,0.024117317,0.004686
2023-07-03 08:00:00,0.022779228,0.004686
2023-07-03 09:00:00,0.021739498,0.004686
2023-07-03 10:00:00,0.021885255,0.004686
2023-07-03 11:00:00,0.022693045,0.004686
2023-07-03 12:00:00,0.021847654,0.004686
2023-07-03 13:00:00,0.02176985,0.004686
2023-07-03 14:00:00,0.02215582,0.004686
2023-07-03 15:00:00,0.022936268,0.004686
2023-07-03 16:00:00,0.023152426,0.004686
2023-07-03 17:00:00,0.023553988,0.004686
2023-07-03 18:00:00,0.023799973,0.004686
2023-07-03 19:00:00,0.022211375,0.004686
2023-07-03 20:00:00,0.022047678,0.004686
2023-07-03 21:00:00,0.021716157,0.004686
2023-07-03 22:00:00,0.02237152,0.004686
2023-07-03 23:00:00,0.022652991,0.004686
2023-07-04 00:00:00,0.022743985,0.004686
2023-07-04 01:00:00,0.022812234,0.004686
2023-07-04 02:00:00,0.02277276,0.004686
2023-07-04 03:00:00,0.023071226,0.004686
2023-07-04 04:00:00,0.022728896,0.004686
2023-07-04 05:00:00,0.023152245,0.004686
2023-07-04 06:00:00,0.02426588,0.004686
2023-07-04 07:00:00,0.024283847,0.004686
2023-07-04 08:00:00,0.023681855,0.004686
2023-07-04 09:00:00,0.022629332,0.004686
2023-07-04 10:00:00,0.022146005,0.004686
2023-07-04 11:00:00,0.023787258,0.004686
2023-07-04 12:00:00,0.023975398,0.004686
2023-07-04 13:00:00,0.024117282,0.004686
2023-07-04 14:00:00,0.026117431,0.004686
2023-07-04 15:00:00,0.02756256,0.004686
2023-07-04 16:00:00,0.028006524,0.004686
2023-07-04 17:00:00,0.02913693,0.004686
2023-07-04 18:00:00,0.030185403,0.004686
2023-07-04 19:00:00,0.029157935,0.004686
2023-07-04 20:00:00,0.029101348,0.004686
2023-07-04 21:00:00,0.030448558,0.004686
2023-07-04 22:00:00,0.03201045,0.004686
2023-07-04 23:00:00,0.03307471,0.004686
2023-07-05 00:00:00,0.03342659,0.004686
2023-07-05 01:00:00,0.030390745,0.004686
2023-07-05 02:00:00,0.03134842,0.004686
2023-07-05 03:00:00,0.032848757,0.004686
2023-07-05 04:00:00,0.035568543,0.004686
2023-07-05 05:00:00,0.036354434,0.004686
2023-07-05 06:00:00,0.036749944,0.004686
2023-07-05 07:00:00,0.03690285,0.004686
2023-07-05 08:00:00,0.034173585,0.004686
2023-07-05 09:00:00,0.027849557,0.004686
2023-07-05 10:00:00,0.024339357,0.004686
2023-07-05 11:00:00,0.023073366,0.004686
2023-07-05 12:00:00,0.022137512,0.004686
2023-07-05 13:00:00,0.021131195,0.004686
2023-07-05 14:00:00,0.020671966,0.004686
2023-07-05 15:00:00,0.01931968,0.004686
2023-07-05 16:00:00,0.020176005,0.004686
2023-07-05 17:00:00,0.020691734,0.004686
2023-07-05 18:00:00,0.020651443,0.004686
2023-07-05 19:00:00,0.019722119,0.004686
2023-07-05 20:00:00,0.019631129,0.004686
2023-07-05 21:00:00,0.01958352,0.004686
2023-07-05 22:00:00,0.020994198,0.004686
2023-07-05 23:00:00,0.020926662,0.004686
2023-07-06 00:00:00,0.020951627,0.004686
2023-07-06 01:00:00,0.02060189,0.004686
2023-07-06 02:00:00,0.02148764,0.004686
2023-07-06 03:00:00,0.020839207,0.004686
2023-07-06 04:00:00,0.021148227,0.004686
2023-07-06 05:00:00,0.022030659,0.004686
2023-07-06 06:00:00,0.02279732,0.004686
2023-07-06 07:00:00,0.022387467,0.004686
2023-07-06 08:00:00,0.023261793,0.004686
2023-07-06 09:00:00,0.024257122,0.004686
2023-07-06 10:00:00,0.027483426,0.004686
2023-07-06 11:00:00,0.024127347,0.004686
2023-07-06 12:00:00,0.022723071,0.004686
2023-07-06 13:00:00,0.022698654,0.004686
2023-07-06 14:00:00,0.023614118,0.004686
2023-07-06 15:00:00,0.024596175,0.004686
2023-07-06 16:00:00,0.027184155,0.004686
2023-07-06 17:00:00,0.028777871,0.004686
2023-07-06 18:00:00,0.030190568,0.004686
2023-07-06 19:00:00,0.029967705,0.004686
2023-07-06 20:00:00,0.02933481,0.004686
2023-07-06 21:00:00,0.031030014,0.004686
2023-07-06 22:00:00,0.030925514,0.004686
2023-07-06 23:00:00,0.029699251,0.004686
2023-07-07 00:00:00,0.028179739,0.004686
2023-07-07 01:00:00,0.02785409,0.004686
2023-07-07 02:00:00,0.027574012,0.004686
2023-07-07 03:00:00,0.02842839,0.004686
2023-07-07 04:00:00,0.029125566,0.004686
2023-07-07 05:00:00,0.030990157,0.004686
2023-07-07 06:00:00,0.03213868,0.004686
2023-07-07 07:00:00,0.032821905,0.004686
2023-07-07 08:00:00,0.033012304,0.004686
2023-07-07 09:00:00,0.03328715,0.004686
2023-07-07 10:00:00,0.032984857,0.004686
2023-07-07 11:00:00,0.032618232,0.004686
2023-07-07 12:00:00,0.032139562,0.004686
2023-07-07 13:00:00,0.03149387,0.004686
2023-07-07 14:00:00,0.030882021,0.004686
2023-07-07 15:00:00,0.031647835,0.004686
2023-07-07 16:00:00,0.034327786,0.004686
2023-07-07 17:00:00,0.036996797,0.004686
2023-07-07 18:00:00,0.039324574,0.004686
2023-07-07 19:00:00,0.039851878,0.004686
2023-07-07 20:00:00,0.03998942,0.004686
2023-07-07 21:00:00,0.039483946,0.004686
2023-07-07 22:00:00,0.04008729,0.004686
2023-07-07 23:00:00,0.040856156,0.004686
2023-07-08 00:00:00,0.041020334,0.004686
2023-07-08 01:00:00,0.039807342,0.004686
2023-07-08 02:00:00,0.040255487,0.004686
2023-07-08 03:00:00,0.041538186,0.004686
2023-07-08 04:00:00,0.043499894,0.004686
2023-07-08 05:00:00,0.0441596,0.004686
2023-07-08 06:00:00,0.04425374,0.004686
2023-07-08 07:00:00,0.04373811,0.004686
2023-07-08 08:00:00,0.042874046,0.004686
2023-07-08 09:00:00,0.04136129,0.004686
2023-07-08 10:00:00,0.038571868,0.004686
2023-07-08 11:00:00,0.0366549,0.004686
2023-07-08 12:00:00,0.035370942,0.004686
2023-07-08 13:00:00,0.033607256,0.004686
2023-07-08 14:00:00,0.032056667,0.004686
2023-07-08 15:00:00,0.031560287,0.004686
2023-07-08 16:00:00,0.032986566,0.004686
2023-07-08 17:00:00,0.034295674,0.004686
2023-07-08 18:00:00,0.035960283,0.004686
2023-07-08 19:00:00,0.036848594,0.004686
2023-07-08 20:00:00,0.03676968,0.004686
2023-07-08 21:00:00,0.036657356,0.004686
2023-07-08 22:00:00,0.037490107,0.004686
2023-07-08 23:00:00,0.036811836,0.004686
2023-07-09 00:00:00,0.035721324,0.004686
2023-07-09 01:00:00,0.034950554,0.004686
2023-07-09 02:00:00,0.03583819,0.004686
2023-07-09 03:00:00,0.03878413,0.004686
2023-07-09 04:00:00,0.039475597,0.004686
2023-07-09 05:00:00,0.040478434,0.004686
2023-07-09 06:00:00,0.041057438,0.004686
2023-07-09 07:00:00,0.04222068,0.004686
2023-07-09 08:00:00,0.043060087,0.004686
2023-07-09 09:00:00,0.04027644,0.004686
2023-07-09 10:00:00,0.042519454,0.004686
2023-07-09 11:00:00,0.04091938,0.004686
2023-07-09 12:00:00,0.03723469,0.004686
2023-07-09 13:00:00,0.03629221,0.004686
2023-07-09 14:00:00,0.03538409,0.004686
2023-07-09 15:00:00,0.035805978,0.004686
2023-07-09 16:00:00,0.037044615,0.004686
2023-07-09 17:00:00,0.037911274,0.004686
2023-07-09 18:00:00,0.03871422,0.004686
2023-07-09 19:00:00,0.038919907,0.004686
2023-07-09 20:00:00,0.03777948,0.004686
2023-07-09 21:00:00,0.03757112,0.004686
2023-07-09 22:00:00,0.03760828,0.004686
2023-07-09 23:00:00,0.037749555,0.004686
2023-07-10 00:00:00,0.037907433,0.004686
2023-07-10 01:00:00,0.037916757,0.004686
2023-07-10 02:00:00,0.038357556,0.004686
2023-07-10 03:00:00,0.039373763,0.004686
2023-07-10 04:00:00,0.0391286,0.004686
2023-07-10 05:00:00,0.03875204,0.004686
2023-07-10 06:00:00,0.03827133,0.004686
2023-07-10 07:00:00,0.03804149,0.004686
2023-07-10 08:00:00,0.037649605,0.004686
2023-07-10 09:00:00,0.037854128,0.004686
2023-07-10 10:00:00,0.03911606,0.004686
2023-07-10 11:00:00,0.039793752,0.004686
2023-07-10 12:00:00,0.039940834,0.004686
2023-07-10 13:00:00,0.03843418,0.004686
2023-07-10 14:00:00,0.03692545,0.004686
2023-07-10 15:00:00,0.03781607,0.004686
2023-07-10 16:00:00,0.03877898,0.004686
2023-07-10 17:00:00,0.039354786,0.004686
2023-07-10 18:00:00,0.04014904,0.004686
2023-07-10 19:00:00,0.03863981,0.004686
2023-07-10 20:00:00,0.037503846,0.004686
2023-07-10 21:00:00,0.03701947,0.004686
2023-07-10 22:00:00,0.03663188,0.004686
2023-07-10 23:00:00,0.036499985,0.004686
2023-07-11 00:00:00,0.03772912,0.004686
2023-07-11 01:00:00,0.038071044,0.004686
2023-07-11 02:00:00,0.038061257,0.004686
2023-07-11 03:00:00,0.038570724,0.004686
2023-07-11 04:00:00,0.038520444,0.004686
2023-07-11 05:00:00,0.03773294,0.004686
2023-07-11 06:00:00,0.037504237,0.004686
2023-07-11 07:00:00,0.03643406,0.004686
2023-07-11 08:00:00,0.03552482,0.004686
2023-07-11 09:00:00,0.035585325,0.004686
2023-07-11 10:00:00,0.037489254,0.004686
2023-07-11 11:00:00,0.03920673,0.004686
2023-07-11 12:00:00,0.03982391,0.004686
2023-07-11 13:00:00,0.040119793,0.004686
2023-07-11 14:00:00,0.0395837,0.004686
2023-07-11 15:00:00,0.041629408,0.004686
2023-07-11 16:00:00,0.04386328,0.004686
2023-07-11 17:00:00,0.04634841,0.004686
2023-07-11 18:00:00,0.047616433,0.004686
2023-07-11 19:00:00,0.047211982,0.004686
2023-07-11 20:00:00,0.04642264,0.004686
2023-07-11 21:00:00,0.04631162,0.004686
2023-07-11 22:00:00,0.046098348,0.004686
2023-07-11 23:00:00,0.045595203,0.004686
2023-07-12 00:00:00,0.045590635,0.004686
2023-07-12 01:00:00,0.04584356,0.004686
2023-07-12 02:00:00,0.045931518,0.004686
2023-07-12 03:00:00,0.046337426,0.004686
2023-07-12 04:00:00,0.046613634,0.004686
2023-07-12 05:00:00,0.046578355,0.004686
2023-07-12 06:00:00,0.045973677,0.004686
2023-07-12 07:00:00,0.044765953,0.004686
2023-07-12 08:00:00,0.043538637,0.004686
2023-07-12 09:00:00,0.041186932,0.004686
2023-07-12 10:00:00,0.039868068,0.004686
2023-07-12 11:00:00,0.03853364,0.004686
2023-07-12 12:00:00,0.035925705,0.004686
2023-07-12 13:00:00,0.033893526,0.004686
2023-07-12 14:00:00,0.032295994,0.004686
2023-07-12 15:00:00,0.030999862,0.004686
2023-07-12 16:00:00,0.030970475,0.004686
2023-07-12 17:00:00,0.031341694,0.004686
2023-07-12 18:00:00,0.03202238,0.004686
2023-07-12 19:00:00,0.032178845,0.004686
2023-07-12 20:00:00,0.032284208,0.004686
2023-07-12 21:00:00,0.032262836,0.004686
2023-07-12 22:00:00,0.03150128,0.004686
2023-07-12 23:00:00,0.030899186,0.004686
2023-07-13 00:00:00,0.031114617,0.004686
2023-07-13 01:00:00,0.03141081,0.004686
2023-07-13 02:00:00,0.031685658,0.004686
2023-07-13 03:00:00,0.032074887,0.004686
2023-07-13 04:00:00,0.032706726,0.004686
2023-07-13 05:00:00,0.033160925,0.004686
2023-07-13 06:00:00,0.034559775,0.004686
2023-07-13 07:00:00,0.03445148,0.004686
2023-07-13 08:00:00,0.032332756,0.004686
2023-07-13 09:00:00,0.029390518,0.004686
2023-07-13 10:00:00,0.026576323,0.004686
2023-07-13 11:00:00,0.025915718,0.004686
2023-07-13 12:00:00,0.02597416,0.004686
2023-07-13 13:00:00,0.025265532,0.004686
2023-07-13 14:00:00,0.024392089,0.004686
2023-07-13 15:00:00,0.024277266,0.004686
2023-07-13 16:00:00,0.02466583,0.004686
2023-07-13 17:00:00,0.025166871,0.004686
2023-07-13 18:00:00,0.025779266,0.004686
2023-07-13 19:00:00,0.025293013,0.004686
2023-07-13 20:00:00,0.025291838,0.004686
2023-07-13 21:00:00,0.024325699,0.004686
2023-07-13 22:00:00,0.024581507,0.004686
2023-07-13 23:00:00,0.024978908,0.004686
2023-07-14 00:00:00,0.026825082,0.004686
2023-07-14 01:00:00,0.026884975,0.004686
2023-07-14 02:00:00,0.026703617,0.004686
2023-07-14 03:00:00,0.02693192,0.004686
2023-07-14 04:00:00,0.027716259,0.004686
2023-07-14 05:00:00,0.028674232,0.004686
2023-07-14 06:00:00,0.028765222,0.004686
2023-07-14 07:00:00,0.027806716,0.004686
2023-07-14 08:00:00,0.025588162,0.004686
2023-07-14 09:00:00,0.023319157,0.004686
2023-07-14 10:00:00,0.023492247,0.004686
2023-07-14 11:00:00,0.022220887,0.004686
2023-07-14 12:00:00,0.022084406,0.004686
2023-07-14 13:00:00,0.023011785,0.004686
2023-07-14 14:00:00,0.024130689,0.004686
2023-07-14 15:00:00,0.025676383,0.004686
2023-07-14 16:00:00,0.02736214,0.004686
2023-07-14 17:00:00,0.029060807,0.004686
2023-07-14 18:00:00,0.030803114,0.004686
2023-07-14 19:00:00,0.031323712,0.004686
2023-07-14 20:00:00,0.031580634,0.004686
2023-07-14 21:00:00,0.031102775,0.004686
2023-07-14 22:00:00,0.032438915,0.004686
2023-07-14 23:00:00,0.0332723,0.004686
2023-07-15 00:00:00,0.03384817,0.004686
2023-07-15 01:00:00,0.033176973,0.004686
2023-07-15 02:00:00,0.03300891,0.004686
2023-07-15 03:00:00,0.03424422,0.004686
2023-07-15 04:00:00,0.03561654,0.004686
2023-07-15 05:00:00,0.03668507,0.004686
2023-07-15 06:00:00,0.03767633,0.004686
2023-07-15 07:00:00,0.03694179,0.004686
2023-07-15 08:00:00,0.0331298,0.004686
2023-07-15 09:00:00,0.029349824,0.004686
2023-07-15 10:00:00,0.028845247,0.004686
2023-07-15 11:00:00,0.03065979,0.004686
2023-07-15 12:00:00,0.03198472,0.004686
2023-07-15 13:00:00,0.030414786,0.004686
2023-07-15 14:00:00,0.028445356,0.004686
2023-07-15 15:00:00,0.026569575,0.004686
2023-07-15 16:00:00,0.025260253,0.004686
2023-07-15 17:00:00,0.024988601,0.004686
2023-07-15 18:00:00,0.025123207,0.004686
2023-07-15 19:00:00,0.024603318,0.004686
2023-07-15 20:00:00,0.024473378,0.004686
2023-07-15 21:00:00,0.024450477,0.004686
2023-07-15 22:00:00,0.02543204,0.004686
2023-07-15 23:00:00,0.026577493,0.004686
2023-07-16 00:00:00,0.027588267,0.004686
2023-07-16 01:00:00,0.028179226,0.004686
2023-07-16 02:00:00,0.03003045,0.004686
2023-07-16 03:00:00,0.031688266,0.004686
2023-07-16 04:00:00,0.033095807,0.004686
2023-07-16 05:00:00,0.033810593,0.004686
2023-07-16 06:00:00,0.033935193,0.004686
2023-07-16 07:00:00,0.033129085,0.004686
2023-07-16 08:00:00,0.03143547,0.004686
2023-07-16 09:00:00,0.029574199,0.004686
2023-07-16 10:00:00,0.031364147,0.004686
2023-07-16 11:00:00,0.03401441,0.004686
2023-07-16 12:00:00,0.03553433,0.004686
2023-07-16 13:00:00,0.036228087,0.004686
2023-07-16 14:00:00,0.036632754,0.004686
2023-07-16 15:00:00,0.037243657,0.004686
2023-07-16 16:00:00,0.037862632,0.004686
2023-07-16 17:00:00,0.038880263,0.004686
2023-07-16 18:00:00,0.040054932,0.004686
2023-07-16 19:00:00,0.04088647,0.004686
2023-07-16 20:00:00,0.041627817,0.004686
2023-07-16 21:00:00,0.041715644,0.004686
2023-07-16 22:00:00,0.04286234,0.004686
2023-07-16 23:00:00,0.042307273,0.004686
2023-07-17 00:00:00,0.04205527,0.004686
2023-07-17 01:00:00,0.041788843,0.004686
2023-07-17 02:00:00,0.041812245,0.004686
2023-07-17 03:00:00,0.041602213,0.004686
2023-07-17 04:00:00,0.041032385,0.004686
2023-07-17 05:00:00,0.040366426,0.004686
2023-07-17 06:00:00,0.04012664,0.004686
2023-07-17 07:00:00,0.039795097,0.004686
2023-07-17 08:00:00,0.04501202,0.004686
2023-07-17 09:00:00,0.044905942,0.004686
2023-07-17 10:00:00,0.044223066,0.004686
2023-07-17 11:00:00,0.04419172,0.004686
2023-07-17 12:00:00,0.04385491,0.004686
2023-07-17 13:00:00,0.04366113,0.004686
2023-07-17 14:00:00,0.043790173,0.004686
2023-07-17 15:00:00,0.044199478,0.004686
2023-07-17 16:00:00,0.045886338,0.004686
2023-07-17 17:00:00,0.045606617,0.004686
2023-07-17 18:00:00,0.044501595,0.004686
2023-07-17 19:00:00,0.04247398,0.004686
2023-07-17 20:00:00,0.03955146,0.004686
2023-07-17 21:00:00,0.040912136,0.004686
2023-07-17 22:00:00,0.037728008,0.004686
2023-07-17 23:00:00,0.037108257,0.004686
2023-07-18 00:00:00,0.036814578,0.004686
2023-07-18 01:00:00,0.036154218,0.004686
2023-07-18 02:00:00,0.035510283,0.004686
2023-07-18 03:00:00,0.035423156,0.004686
2023-07-18 04:00:00,0.035082124,0.004686
2023-07-18 05:00:00,0.033166207,0.004686
2023-07-18 06:00:00,0.032183696,0.004686
2023-07-18 07:00:00,0.03069027,0.004686
2023-07-18 08:00:00,0.029878628,0.004686
2023-07-18 09:00:00,0.029177215,0.004686
2023-07-18 10:00:00,0.028894247,0.004686
2023-07-18 11:00:00,0.029760387,0.004686
2023-07-18 12:00:00,0.030556021,0.004686
2023-07-18 13:00:00,0.03025051,0.004686
2023-07-18 14:00:00,0.029815566,0.004686
2023-07-18 15:00:00,0.031288505,0.004686
2023-07-18 16:00:00,0.032357335,0.004686
2023-07-18 17:00:00,0.03390548,0.004686
2023-07-18 18:00:00,0.03514837,0.004686
2023-07-18 19:00:00,0.034250673,0.004686
2023-07-18 20:00:00,0.03396272,0.004686
2023-07-18 21:00:00,0.033886228,0.004686
2023-07-18 22:00:00,0.03405244,0.004686
2023-07-18 23:00:00,0.03432766,0.004686
2023-07-19 00:00:00,0.034356777,0.004686
2023-07-19 01:00:00,0.034141336,0.004686
2023-07-19 02:00:00,0.033810098,0.004686
2023-07-19 03:00:00,0.034843836,0.004686
2023-07-19 04:00:00,0.03546389,0.004686
2023-07-19 05:00:00,0.03896463,0.004686
2023-07-19 06:00:00,0.039274838,0.004686
2023-07-19 07:00:00,0.038640153,0.004686
2023-07-19 08:00:00,0.03786522,0.004686
2023-07-19 09:00:00,0.035719562,0.004686
2023-07-19 10:00:00,0.036449764,0.004686
2023-07-19 11:00:00,0.03228323,0.004686
2023-07-19 12:00:00,0.03020485,0.004686
2023-07-19 13:00:00,0.028296039,0.004686
2023-07-19 14:00:00,0.027530145,0.004686
2023-07-19 15:00:00,0.026293028,0.004686
2023-07-19 16:00:00,0.025928259,0.004686
2023-07-19 17:00:00,0.027025133,0.004686
2023-07-19 18:00:00,0.02709545,0.004686
2023-07-19 19:00:00,0.027148241,0.004686
2023-07-19 20:00:00,0.026975323,0.004686
2023-07-19 21:00:00,0.026742917,0.004686
2023-07-19 22:00:00,0.02635865,0.004686
2023-07-19 23:00:00,0.02643021,0.004686
2023-07-20 00:00:00,0.026587507,0.004686
2023-07-20 01:00:00,0.02657925,0.004686
2023-07-20 02:00:00,0.026577383,0.004686
2023-07-20 03:00:00,0.026277898,0.004686
2023-07-20 04:00:00,0.026265334,0.004686
2023-07-20 05:00:00,0.026841734,0.004686
2023-07-20 06:00:00,0.026561944,0.004686
2023-07-20 07:00:00,0.02495059,0.004686
2023-07-20 08:00:00,0.023372404,0.004686
2023-07-20 09:00:00,0.020568328,0.004686
2023-07-20 10:00:00,0.018063636,0.004686
2023-07-20 11:00:00,0.018397463,0.004686
2023-07-20 12:00:00,0.01799244,0.004686
2023-07-20 13:00:00,0.018520696,0.004686
2023-07-20 14:00:00,0.018622445,0.004686
2023-07-20 15:00:00,0.018738369,0.004686
2023-07-20 16:00:00,0.018972153,0.004686
2023-07-20 17:00:00,0.020334508,0.004686
2023-07-20 18:00:00,0.020355497,0.004686
2023-07-20 19:00:00,0.01975357,0.004686
2023-07-20 20:00:00,0.019724037,0.004686
2023-07-20 21:00:00,0.02001395,0.004686
2023-07-20 22:00:00,0.020318987,0.004686
2023-07-20 23:00:00,0.020550378,0.004686
2023-07-21 00:00:00,0.020790363,0.004686
2023-07-21 01:00:00,0.021554241,0.004686
2023-07-21 02:00:00,0.021487111,0.004686
2023-07-21 03:00:00,0.020904593,0.004686
2023-07-21 04:00:00,0.02112479,0.004686
2023-07-21 05:00:00,0.022354266,0.004686
2023-07-21 06:00:00,0.022547213,0.004686
2023-07-21 07:00:00,0.023231573,0.004686
2023-07-21 08:00:00,0.021832457,0.004686
2023-07-21 09:00:00,0.020928476,0.004686
2023-07-21 10:00:00,0.021392757,0.004686
2023-07-21 11:00:00,0.020726955,0.004686
2023-07-21 12:00:00,0.02084107,0.004686
2023-07-21 13:00:00,0.020504303,0.004686
2023-07-21 14:00:00,0.01850365,0.004686
2023-07-21 15:00:00,0.017872969,0.004686
2023-07-21 16:00:00,0.018721174,0.004686
2023-07-21 17:00:00,0.0190853,0.004686
2023-07-21 18:00:00,0.019361567,0.004686
2023-07-21 19:00:00,0.020632513,0.004686
2023-07-21 20:00:00,0.020594077,0.004686
2023-07-21 21:00:00,0.020526925,0.004686
2023-07-21 22:00:00,0.020954533,0.004686
2023-07-21 23:00:00,0.021059465,0.004686
2023-07-22 00:00:00,0.020966845,0.004686
2023-07-22 01:00:00,0.022448068,0.004686
2023-07-22 02:00:00,0.022519017,0.004686
2023-07-22 03:00:00,0.0218015,0.004686
2023-07-22 04:00:00,0.022341527,0.004686
2023-07-22 05:00:00,0.022253625,0.004686
2023-07-22 06:00:00,0.022414472,0.004686
2023-07-22 07:00:00,0.022991538,0.004686
2023-07-22 08:00:00,0.02330718,0.004686
2023-07-22 09:00:00,0.023208601,0.004686
2023-07-22 10:00:00,0.021741405,0.004686
2023-07-22 11:00:00,0.021311777,0.004686
2023-07-22 12:00:00,0.021794638,0.004686
2023-07-22 13:00:00,0.022813378,0.004686
2023-07-22 14:00:00,0.023723012,0.004686
2023-07-22 15:00:00,0.0243506,0.004686
2023-07-22 16:00:00,0.026079895,0.004686
2023-07-22 17:00:00,0.026632698,0.004686
2023-07-22 18:00:00,0.028449837,0.004686
2023-07-22 19:00:00,0.026893388,0.004686
2023-07-22 20:00:00,0.028350597,0.004686
2023-07-22 21:00:00,0.027869979,0.004686
2023-07-22 22:00:00,0.02759346,0.004686
2023-07-22 23:00:00,0.026716566,0.004686
2023-07-23 00:00:00,0.027750334,0.004686
2023-07-23 01:00:00,0.028105738,0.004686
2023-07-23 02:00:00,0.029345267,0.004686
2023-07-23 03:00:00,0.029580472,0.004686
2023-07-23 04:00:00,0.029525312,0.004686
2023-07-23 05:00:00,0.030210136,0.004686
2023-07-23 06:00:00,0.030914126,0.004686
2023-07-23 07:00:00,0.03201874,0.004686
2023-07-23 08:00:00,0.030857822,0.004686
2023-07-23 09:00:00,0.02787603,0.004686
2023-07-23 10:00:00,0.026690414,0.004686
2023-07-23 11:00:00,0.029503558,0.004686
2023-07-23 12:00:00,0.028706681,0.004686
2023-07-23 13:00:00,0.024303881,0.004686
2023-07-23 14:00:00,0.024106711,0.004686
2023-07-23 15:00:00,0.024907483,0.004686
2023-07-23 16:00:00,0.024495883,0.004686
2023-07-23 17:00:00,0.0249401,0.004686
2023-07-23 18:00:00,0.024783961,0.004686
2023-07-23 19:00:00,0.026938131,0.004686
2023-07-23 20:00:00,0.029115733,0.004686
2023-07-23 21:00:00,0.027806232,0.004686
2023-07-23 22:00:00,0.027555052,0.004686
2023-07-23 23:00:00,0.026457353,0.004686
2023-07-24 00:00:00,0.025745986,0.004686
2023-07-24 01:00:00,0.025449412,0.004686
2023-07-24 02:00:00,0.02481115,0.004686
2023-07-24 03:00:00,0.023929156,0.004686
2023-07-24 04:00:00,0.024215197,0.004686
2023-07-24 05:00:00,0.02470086,0.004686
2023-07-24 06:00:00,0.024406582,0.004686
2023-07-24 07:00:00,0.02265802,0.004686
2023-07-24 08:00:00,0.022373706,0.004686
2023-07-24 09:00:00,0.022512453,0.004686
2023-07-24 10:00:00,0.02375255,0.004686
2023-07-24 11:00:00,0.024130814,0.004686
2023-07-24 12:00:00,0.024533536,0.004686
2023-07-24 13:00:00,0.024632875,0.004686
2023-07-24 14:00:00,0.02438406,0.004686
2023-07-24 15:00:00,0.02455751,0.004686
2023-07-24 16:00:00,0.025344875,0.004686
2023-07-24 17:00:00,0.025830014,0.004686
2023-07-24 18:00:00,0.025999507,0.004686
2023-07-24 19:00:00,0.025294371,0.004686
2023-07-24 20:00:00,0.025092274,0.004686
2023-07-24 21:00:00,0.025116542,0.004686
2023-07-24 22:00:00,0.025230723,0.004686
2023-07-24 23:00:00,0.025375122,0.004686
2023-07-25 00:00:00,0.025394233,0.004686
2023-07-25 01:00:00,0.025131488,0.004686
2023-07-25 02:00:00,0.024950573,0.004686
2023-07-25 03:00:00,0.026210256,0.004686
2023-07-25 04:00:00,0.026241925,0.004686
2023-07-25 05:00:00,0.02607065,0.004686
2023-07-25 06:00:00,0.025861338,0.004686
2023-07-25 07:00:00,0.024732642,0.004686
2023-07-25 08:00:00,0.02381403,0.004686
2023-07-25 09:00:00,0.022864379,0.004686
2023-07-25 10:00:00,0.021846434,0.004686
2023-07-25 11:00:00,0.02033929,0.004686
2023-07-25 12:00:00,0.019529331,0.004686
2023-07-25 13:00:00,0.019506177,0.004686
2023-07-25 14:00:00,0.019908208,0.004686
2023-07-25 15:00:00,0.01989405,0.004686
2023-07-25 16:00:00,0.019165197,0.004686
2023-07-25 17:00:00,0.019245131,0.004686
2023-07-25 18:00:00,0.019316511,0.004686
2023-07-25 19:00:00,0.019307537,0.004686
2023-07-25 20:00:00,0.019022366,0.004686
2023-07-25 21:00:00,0.019394336,0.004686
2023-07-25 22:00:00,0.021344775,0.004686
2023-07-25 23:00:00,0.021462662,0.004686
2023-07-26 00:00:00,0.021430688,0.004686
2023-07-26 01:00:00,0.020749219,0.004686
2023-07-26 02:00:00,0.019837698,0.004686
2023-07-26 03:00:00,0.019886669,0.004686
2023-07-26 04:00:00,0.020347029,0.004686
2023-07-26 05:00:00,0.020489804,0.004686
2023-07-26 06:00:00,0.020361265,0.004686
2023-07-26 07:00:00,0.020094696,0.004686
2023-07-26 08:00:00,0.020461095,0.004686
2023-07-26 09:00:00,0.020391362,0.004686
2023-07-26 10:00:00,0.021380609,0.004686
2023-07-26 11:00:00,0.021504225,0.004686
2023-07-26 12:00:00,0.021090582,0.004686
2023-07-26 13:00:00,0.021820897,0.004686
2023-07-26 14:00:00,0.022176169,0.004686
2023-07-26 15:00:00,0.02216745,0.004686
2023-07-26 16:00:00,0.023083178,0.004686
2023-07-26 17:00:00,0.023289448,0.004686
2023-07-26 18:00:00,0.02258162,0.004686
2023-07-26 19:00:00,0.02187358,0.004686
2023-07-26 20:00:00,0.021612749,0.004686
2023-07-26 21:00:00,0.023218688,0.004686
2023-07-26 22:00:00,0.022296458,0.004686
2023-07-26 23:00:00,0.022472741,0.004686
2023-07-27 00:00:00,0.0225912,0.004686
2023-07-27 01:00:00,0.022395892,0.004686
2023-07-27 02:00:00,0.02226367,0.004686
2023-07-27 03:00:00,0.02247471,0.004686
2023-07-27 04:00:00,0.02286714,0.004686
2023-07-27 05:00:00,0.02310456,0.004686
2023-07-27 06:00:00,0.023159957,0.004686
2023-07-27 07:00:00,0.02368073,0.004686
2023-07-27 08:00:00,0.023029352,0.004686
2023-07-27 09:00:00,0.022403354,0.004686
2023-07-27 10:00:00,0.021829197,0.004686
2023-07-27 11:00:00,0.021841194,0.004686
2023-07-27 12:00:00,0.021528237,0.004686
2023-07-27 13:00:00,0.017908363,0.004686
2023-07-27 14:00:00,0.017932989,0.004686
2023-07-27 15:00:00,0.01761896,0.004686
2023-07-27 16:00:00,0.017260509,0.004686
2023-07-27 17:00:00,0.018200487,0.004686
2023-07-27 18:00:00,0.018449986,0.004686
2023-07-27 19:00:00,0.016761832,0.004686
2023-07-27 20:00:00,0.016468428,0.004686
2023-07-27 21:00:00,0.0150087075,0.004686
2023-07-27 22:00:00,0.015989946,0.004686
2023-07-27 23:00:00,0.016422737,0.004686
2023-07-28 00:00:00,0.016659264,0.004686
2023-07-28 01:00:00,0.01663046,0.004686
2023-07-28 02:00:00,0.016627375,0.004686
2023-07-28 03:00:00,0.015949924,0.004686
2023-07-28 04:00:00,0.017026844,0.004686
2023-07-28 05:00:00,0.017027369,0.004686
2023-07-28 06:00:00,0.018102713,0.004686
2023-07-28 07:00:00,0.018190794,0.004686
2023-07-28 08:00:00,0.019071981,0.004686
2023-07-28 09:00:00,0.018248327,0.004686
2023-07-28 10:00:00,0.016759433,0.004686
2023-07-28 11:00:00,0.01673148,0.004686
2023-07-28 12:00:00,0.016770571,0.004686
2023-07-28 13:00:00,0.016972955,0.004686
2023-07-28 14:00:00,0.017487073,0.004686
2023-07-28 15:00:00,0.017753296,0.004686
2023-07-28 16:00:00,0.018669447,0.004686
2023-07-28 17:00:00,0.019625546,0.004686
2023-07-28 18:00:00,0.02031861,0.004686
2023-07-28 19:00:00,0.0197157,0.004686
2023-07-28 20:00:00,0.019181157,0.004686
2023-07-28 21:00:00,0.019812528,0.004686
2023-07-28 22:00:00,0.020712934,0.004686
2023-07-28 23:00:00,0.023438755,0.004686
2023-07-29 00:00:00,0.023489436,0.004686
2023-07-29 01:00:00,0.023209175,0.004686
2023-07-29 02:00:00,0.022771072,0.004686
2023-07-29 03:00:00,0.022417465,0.004686
2023-07-29 04:00:00,0.022031153,0.004686
2023-07-29 05:00:00,0.023315417,0.004686
2023-07-29 06:00:00,0.023037225,0.004686
2023-07-29 07:00:00,0.02305728,0.004686
2023-07-29 08:00:00,0.022481723,0.004686
2023-07-29 09:00:00,0.022225874,0.004686
2023-07-29 10:00:00,0.021371994,0.004686
2023-07-29 11:00:00,0.021061625,0.004686
2023-07-29 12:00:00,0.021319626,0.004686
2023-07-29 13:00:00,0.021045784,0.004686
2023-07-29 14:00:00,0.022424338,0.004686
2023-07-29 15:00:00,0.023813667,0.004686
2023-07-29 16:00:00,0.02595178,0.004686
2023-07-29 17:00:00,0.02740941,0.004686
2023-07-29 18:00:00,0.030195363,0.004686
2023-07-29 19:00:00,0.030957643,0.004686
2023-07-29 20:00:00,0.02949941,0.004686
2023-07-29 21:00:00,0.029946715,0.004686
2023-07-29 22:00:00,0.031006755,0.004686
2023-07-29 23:00:00,0.030980757,0.004686
2023-07-30 00:00:00,0.030942341,0.004686
2023-07-30 01:00:00,0.030671924,0.004686
2023-07-30 02:00:00,0.02891629,0.004686
2023-07-30 03:00:00,0.030965233,0.004686
2023-07-30 04:00:00,0.031623892,0.004686
2023-07-30 05:00:00,0.03151371,0.004686
2023-07-30 06:00:00,0.03151066,0.004686
2023-07-30 07:00:00,0.031434577,0.004686
2023-07-30 08:00:00,0.03239006,0.004686
2023-07-30 09:00:00,0.030753555,0.004686
2023-07-30 10:00:00,0.027685497,0.004686
2023-07-30 11:00:00,0.0287433,0.004686
2023-07-30 12:00:00,0.026569234,0.004686
2023-07-30 13:00:00,0.023179462,0.004686
2023-07-30 14:00:00,0.024790194,0.004686
2023-07-30 15:00:00,0.024904333,0.004686
2023-07-30 16:00:00,0.027376119,0.004686
2023-07-30 17:00:00,0.028868193,0.004686
2023-07-30 18:00:00,0.02937532,0.004686
2023-07-30 19:00:00,0.027961047,0.004686
2023-07-30 20:00:00,0.026843945,0.004686
2023-07-30 21:00:00,0.026713498,0.004686
2023-07-30 22:00:00,0.027238406,0.004686
2023-07-30 23:00:00,0.02455909,0.004686
2023-07-31 00:00:00,0.024240991,0.004686
2023-07-31 01:00:00,0.023558233,0.004686
2023-07-31 02:00:00,0.02309036,0.004686
2023-07-31 03:00:00,0.023009785,0.004686
2023-07-31 04:00:00,0.022167496,0.004686
2023-07-31 05:00:00,0.023007968,0.004686
2023-07-31 06:00:00,0.021798985,0.004686
2023-07-31 07:00:00,0.021246467,0.004686
2023-07-31 08:00:00,0.021194497,0.004686
2023-07-31 09:00:00,0.020311568,0.004686
2023-07-31 10:00:00,0.02089265,0.004686
2023-07-31 11:00:00,0.021059152,0.004686
2023-07-31 12:00:00,0.02217761,0.004686
2023-07-31 13:00:00,0.021151856,0.004686
2023-07-31 14:00:00,0.020209167,0.004686
2023-07-31 15:00:00,0.020795347,0.004686
2023-07-31 16:00:00,0.020629218,0.004686
2023-07-31 17:00:00,0.020940304,0.004686
2023-07-31 18:00:00,0.020703932,0.004686
2023-07-31 19:00:00,0.02044178,0.004686
2023-07-31 20:00:00,0.020019164,0.004686
2023-07-31 21:00:00,0.019851053,0.004686
2023-07-31 22:00:00,0.0197265,0.004686
2023-07-31 23:00:00,0.019715942,0.004686
2023-08-01 00:00:00,0.020657955,0.004686
2023-08-01 01:00:00,0.02094025,0.004686
2023-08-01 02:00:00,0.020684708,0.004686
2023-08-01 03:00:00,0.020720603,0.004686
2023-08-01 04:00:00,0.02045075,0.004686
2023-08-01 05:00:00,0.02076168,0.004686
2023-08-01 06:00:00,0.021769164,0.004686
2023-08-01 07:00:00,0.021156767,0.004686
2023-08-01 08:00:00,0.020940324,0.004686
2023-08-01 09:00:00,0.02182268,0.004686
2023-08-01 10:00:00,0.02120787,0.004686
2023-08-01 11:00:00,0.021676712,0.004686
2023-08-01 12:00:00,0.022128217,0.004686
2023-08-01 13:00:00,0.02166287,0.004686
2023-08-01 14:00:00,0.022707153,0.004686
2023-08-01 15:00:00,0.023280311,0.004686
2023-08-01 16:00:00,0.02394717,0.004686
2023-08-01 17:00:00,0.025147488,0.004686
2023-08-01 18:00:00,0.025307825,0.004686
2023-08-01 19:00:00,0.027732773,0.004686
2023-08-01 20:00:00,0.026695099,0.004686
2023-08-01 21:00:00,0.0270007,0.004686
2023-08-01 22:00:00,0.027368652,0.004686
2023-08-01 23:00:00,0.02791161,0.004686
2023-08-02 00:00:00,0.028196108,0.004686
2023-08-02 01:00:00,0.027945774,0.004686
2023-08-02 02:00:00,0.026944965,0.004686
2023-08-02 03:00:00,0.026574168,0.004686
2023-08-02 04:00:00,0.028763853,0.004686
2023-08-02 05:00:00,0.029457282,0.004686
2023-08-02 06:00:00,0.029453121,0.004686
2023-08-02 07:00:00,0.029648544,0.004686
2023-08-02 08:00:00,0.029135296,0.004686
2023-08-02 09:00:00,0.027087292,0.004686
2023-08-02 10:00:00,0.027362129,0.004686
2023-08-02 11:00:00,0.026594082,0.004686
2023-08-02 12:00:00,0.021435756,0.004686
2023-08-02 13:00:00,0.02029478,0.004686
2023-08-02 14:00:00,0.02254099,0.004686
2023-08-02 15:00:00,0.021038055,0.004686
2023-08-02 16:00:00,0.01982381,0.004686
2023-08-02 17:00:00,0.018989524,0.004686
2023-08-02 18:00:00,0.021227712,0.004686
2023-08-02 19:00:00,0.023128472,0.004686
2023-08-02 20:00:00,0.022927957,0.004686
2023-08-02 21:00:00,0.023032758,0.004686
2023-08-02 22:00:00,0.023097472,0.004686
2023-08-02 23:00:00,0.023372987,0.004686
2023-08-03 00:00:00,0.023716575,0.004686
2023-08-03 01:00:00,0.024074446,0.004686
2023-08-03 02:00:00,0.024358494,0.004686
2023-08-03 03:00:00,0.025673069,0.004686
2023-08-03 04:00:00,0.025900338,0.004686
2023-08-03 05:00:00,0.02548852,0.004686
2023-08-03 06:00:00,0.025045538,0.004686
2023-08-03 07:00:00,0.023788331,0.004686
2023-08-03 08:00:00,0.024525233,0.004686
2023-08-03 09:00:00,0.022540437,0.004686
2023-08-03 10:00:00,0.020208895,0.004686
2023-08-03 11:00:00,0.0191924,0.004686
2023-08-03 12:00:00,0.020804167,0.004686
2023-08-03 13:00:00,0.020797282,0.004686
2023-08-03 14:00:00,0.020436736,0.004686
2023-08-03 15:00:00,0.022413617,0.004686
2023-08-03 16:00:00,0.022749986,0.004686
2023-08-03 17:00:00,0.022626182,0.004686
2023-08-03 18:00:00,0.023797104,0.004686
2023-08-03 19:00:00,0.02399309,0.004686
2023-08-03 20:00:00,0.023929177,0.004686
2023-08-03 21:00:00,0.024504067,0.004686
2023-08-03 22:00:00,0.024903616,0.004686
2023-08-03 23:00:00,0.025091667,0.004686
2023-08-04 00:00:00,0.024621699,0.004686
2023-08-04 01:00:00,0.024483848,0.004686
2023-08-04 02:00:00,0.026256323,0.004686
2023-08-04 03:00:00,0.02545028,0.004686
2023-08-04 04:00:00,0.025360404,0.004686
2023-08-04 05:00:00,0.025254555,0.004686
2023-08-04 06:00:00,0.025068369,0.004686
2023-08-04 07:00:00,0.024527168,0.004686
2023-08-04 08:00:00,0.02440407,0.004686
2023-08-04 09:00:00,0.024521748,0.004686
2023-08-04 10:00:00,0.024694638,0.004686
2023-08-04 11:00:00,0.025085965,0.004686
2023-08-04 12:00:00,0.024832193,0.004686
2023-08-04 13:00:00,0.024487965,0.004686
2023-08-04 14:00:00,0.023288734,0.004686
2023-08-04 15:00:00,0.022293456,0.004686
2023-08-04 16:00:00,0.023834538,0.004686
2023-08-04 17:00:00,0.024555255,0.004686
2023-08-04 18:00:00,0.025346208,0.004686
2023-08-04 19:00:00,0.02307587,0.004686
2023-08-04 20:00:00,0.02239873,0.004686
2023-08-04 21:00:00,0.023172604,0.004686
2023-08-04 22:00:00,0.023373501,0.004686
2023-08-04 23:00:00,0.023333661,0.004686
2023-08-05 00:00:00,0.023235697,0.004686
2023-08-05 01:00:00,0.02323889,0.004686
2023-08-05 02:00:00,0.023303378,0.004686
2023-08-05 03:00:00,0.023267359,0.004686
2023-08-05 04:00:00,0.023103544,0.004686
2023-08-05 05:00:00,0.02289668,0.004686
2023-08-05 06:00:00,0.02307949,0.004686
2023-08-05 07:00:00,0.023371296,0.004686
2023-08-05 08:00:00,0.023126062,0.004686
2023-08-05 09:00:00,0.023433687,0.004686
2023-08-05 10:00:00,0.024980158,0.004686
2023-08-05 11:00:00,0.025709672,0.004686
2023-08-05 12:00:00,0.025021752,0.004686
2023-08-05 13:00:00,0.025990503,0.004686
2023-08-05 14:00:00,0.026521418,0.004686
2023-08-05 15:00:00,0.026463984,0.004686
2023-08-05 16:00:00,0.029666083,0.004686
2023-08-05 17:00:00,0.029538533,0.004686
2023-08-05 18:00:00,0.029190848,0.004686
2023-08-05 19:00:00,0.02824733,0.004686
2023-08-05 20:00:00,0.02806374,0.004686
2023-08-05 21:00:00,0.02802176,0.004686
2023-08-05 22:00:00,0.02804418,0.004686
2023-08-05 23:00:00,0.028175253,0.004686
2023-08-06 00:00:00,0.027840376,0.004686
2023-08-06 01:00:00,0.028419098,0.004686
2023-08-06 02:00:00,0.028411372,0.004686
2023-08-06 03:00:00,0.028941851,0.004686
2023-08-06 04:00:00,0.029261462,0.004686
2023-08-06 05:00:00,0.029454531,0.004686
2023-08-06 06:00:00,0.029255034,0.004686
2023-08-06 07:00:00,0.029295547,0.004686
2023-08-06 08:00:00,0.029359113,0.004686
2023-08-06 09:00:00,0.029739125,0.004686
2023-08-06 10:00:00,0.028550223,0.004686
2023-08-06 11:00:00,0.027103137,0.004686
2023-08-06 12:00:00,0.026145998,0.004686
2023-08-06 13:00:00,0.02629643,0.004686
2023-08-06 14:00:00,0.02418303,0.004686
2023-08-06 15:00:00,0.023176545,0.004686
2023-08-06 16:00:00,0.02451896,0.004686
2023-08-06 17:00:00,0.024687555,0.004686
2023-08-06 18:00:00,0.023990562,0.004686
2023-08-06 19:00:00,0.023948617,0.004686
2023-08-06 20:00:00,0.024878183,0.004686
2023-08-06 21:00:00,0.022630509,0.004686
2023-08-06 22:00:00,0.022285199,0.004686
2023-08-06 23:00:00,0.0221567,0.004686
2023-08-07 00:00:00,0.022304203,0.004686
2023-08-07 01:00:00,0.023542197,0.004686
2023-08-07 02:00:00,0.023287015,0.004686
2023-08-07 03:00:00,0.023373093,0.004686
2023-08-07 04:00:00,0.0232115,0.004686
2023-08-07 05:00:00,0.024471762,0.004686
2023-08-07 06:00:00,0.024694594,0.004686
2023-08-07 07:00:00,0.024986241,0.004686
2023-08-07 08:00:00,0.024440186,0.004686
2023-08-07 09:00:00,0.023824872,0.004686
2023-08-07 10:00:00,0.024615651,0.004686
2023-08-07 11:00:00,0.023957077,0.004686
2023-08-07 12:00:00,0.023866193,0.004686
2023-08-07 13:00:00,0.02283511,0.004686
2023-08-07 14:00:00,0.023688782,0.004686
2023-08-07 15:00:00,0.024261989,0.004686
2023-08-07 16:00:00,0.025738934,0.004686
2023-08-07 17:00:00,0.025991239,0.004686
2023-08-07 18:00:00,0.026211618,0.004686
2023-08-07 19:00:00,0.026558042,0.004686
2023-08-07 20:00:00,0.02624232,0.004686
2023-08-07 21:00:00,0.025994685,0.004686
2023-08-07 22:00:00,0.026119899,0.004686
2023-08-07 23:00:00,0.02839121,0.004686
2023-08-08 00:00:00,0.027594633,0.004686
2023-08-08 01:00:00,0.025958715,0.004686
2023-08-08 02:00:00,0.027155818,0.004686
2023-08-08 03:00:00,0.029096458,0.004686
2023-08-08 04:00:00,0.028536757,0.004686
2023-08-08 05:00:00,0.026940677,0.004686
2023-08-08 06:00:00,0.026806405,0.004686
2023-08-08 07:00:00,0.027526101,0.004686
2023-08-08 08:00:00,0.027967157,0.004686
2023-08-08 09:00:00,0.027336773,0.004686
2023-08-08 10:00:00,0.026608726,0.004686
2023-08-08 11:00:00,0.027422003,0.004686
2023-08-08 12:00:00,0.027550297,0.004686
2023-08-08 13:00:00,0.027409967,0.004686
2023-08-08 14:00:00,0.02823063,0.004686
2023-08-08 15:00:00,0.028356258,0.004686
2023-08-08 16:00:00,0.028595716,0.004686
2023-08-08 17:00:00,0.02865724,0.004686
2023-08-08 18:00:00,0.029033277,0.004686
2023-08-08 19:00:00,0.027620675,0.004686
2023-08-08 20:00:00,0.026738325,0.004686
2023-08-08 21:00:00,0.026516829,0.004686
2023-08-08 22:00:00,0.027175717,0.004686
2023-08-08 23:00:00,0.025559807,0.004686
2023-08-09 00:00:00,0.02555935,0.004686
2023-08-09 01:00:00,0.02517101,0.004686
2023-08-09 02:00:00,0.025891706,0.004686
2023-08-09 03:00:00,0.026036106,0.004686
2023-08-09 04:00:00,0.026463805,0.004686
2023-08-09 05:00:00,0.026922284,0.004686
2023-08-09 06:00:00,0.02778677,0.004686
2023-08-09 07:00:00,0.028838083,0.004686
2023-08-09 08:00:00,0.028784964,0.004686
2023-08-09 09:00:00,0.027404722,0.004686
2023-08-09 10:00:00,0.026112728,0.004686
2023-08-09 11:00:00,0.025001697,0.004686
2023-08-09 12:00:00,0.020682616,0.004686
2023-08-09 13:00:00,0.019163987,0.004686
2023-08-09 14:00:00,0.01948632,0.004686
2023-08-09 15:00:00,0.019474257,0.004686
2023-08-09 16:00:00,0.020459156,0.004686
2023-08-09 17:00:00,0.020858781,0.004686
2023-08-09 18:00:00,0.02068702,0.004686
2023-08-09 19:00:00,0.02096505,0.004686
2023-08-09 20:00:00,0.021525243,0.004686
2023-08-09 21:00:00,0.021851169,0.004686
2023-08-09 22:00:00,0.021963682,0.004686
2023-08-09 23:00:00,0.02255794,0.004686
2023-08-10 00:00:00,0.022784285,0.004686
2023-08-10 01:00:00,0.02299926,0.004686
2023-08-10 02:00:00,0.022892468,0.004686
2023-08-10 03:00:00,0.023859432,0.004686
2023-08-10 04:00:00,0.023695543,0.004686
2023-08-10 05:00:00,0.02378869,0.004686
2023-08-10 06:00:00,0.023458065,0.004686
2023-08-10 07:00:00,0.022795124,0.004686
2023-08-10 08:00:00,0.023613485,0.004686
2023-08-10 09:00:00,0.02412618,0.004686
2023-08-10 10:00:00,0.024357118,0.004686
2023-08-10 11:00:00,0.023395333,0.004686
2023-08-10 12:00:00,0.024259023,0.004686
2023-08-10 13:00:00,0.024996638,0.004686
2023-08-10 14:00:00,0.027079368,0.004686
2023-08-10 15:00:00,0.026444318,0.004686
2023-08-10 16:00:00,0.02888484,0.004686
2023-08-10 17:00:00,0.03182007,0.004686
2023-08-10 18:00:00,0.03231934,0.004686
2023-08-10 19:00:00,0.03051995,0.004686
2023-08-10 20:00:00,0.032011285,0.004686
2023-08-10 21:00:00,0.032172702,0.004686
2023-08-10 22:00:00,0.032780018,0.004686
2023-08-10 23:00:00,0.032971144,0.004686
2023-08-11 00:00:00,0.03266829,0.004686
2023-08-11 01:00:00,0.032008193,0.004686
2023-08-11 02:00:00,0.03338186,0.004686
2023-08-11 03:00:00,0.032383572,0.004686
2023-08-11 04:00:00,0.033182997,0.004686
2023-08-11 05:00:00,0.03281078,0.004686
2023-08-11 06:00:00,0.032997157,0.004686
2023-08-11 07:00:00,0.03380175,0.004686
2023-08-11 08:00:00,0.034566127,0.004686
2023-08-11 09:00:00,0.034719415,0.004686
2023-08-11 10:00:00,0.034328528,0.004686
2023-08-11 11:00:00,0.034329057,0.004686
2023-08-11 12:00:00,0.034116045,0.004686
2023-08-11 13:00:00,0.034384012,0.004686
2023-08-11 14:00:00,0.03474039,0.004686
2023-08-11 15:00:00,0.03505451,0.004686
2023-08-11 16:00:00,0.037414286,0.004686
2023-08-11 17:00:00,0.03999514,0.004686
2023-08-11 18:00:00,0.04023058,0.004686
2023-08-11 19:00:00,0.04101384,0.004686
2023-08-11 20:00:00,0.04002365,0.004686
2023-08-11 21:00:00,0.039778404,0.004686
2023-08-11 22:00:00,0.04013366,0.004686
2023-08-11 23:00:00,0.040186703,0.004686
2023-08-12 00:00:00,0.040194936,0.004686
2023-08-12 01:00:00,0.0398688,0.004686
2023-08-12 02:00:00,0.0396999,0.004686
2023-08-12 03:00:00,0.041759122,0.004686
2023-08-12 04:00:00,0.040427435,0.004686
2023-08-12 05:00:00,0.04068985,0.004686
2023-08-12 06:00:00,0.040759686,0.004686
2023-08-12 07:00:00,0.040642288,0.004686
2023-08-12 08:00:00,0.040388286,0.004686
2023-08-12 09:00:00,0.03977389,0.004686
2023-08-12 10:00:00,0.038627002,0.004686
2023-08-12 11:00:00,0.035960928,0.004686
2023-08-12 12:00:00,0.03364985,0.004686
2023-08-12 13:00:00,0.03185807,0.004686
2023-08-12 14:00:00,0.031580225,0.004686
2023-08-12 15:00:00,0.03297909,0.004686
2023-08-12 16:00:00,0.03331361,0.004686
2023-08-12 17:00:00,0.03352498,0.004686
2023-08-12 18:00:00,0.033839993,0.004686
2023-08-12 19:00:00,0.032481913,0.004686
2023-08-12 20:00:00,0.03169869,0.004686
2023-08-12 21:00:00,0.031367067,0.004686
2023-08-12 22:00:00,0.031221997,0.004686
2023-08-12 23:00:00,0.03121388,0.004686
2023-08-13 00:00:00,0.031170947,0.004686
2023-08-13 01:00:00,0.031179328,0.004686
2023-08-13 02:00:00,0.031013163,0.004686
2023-08-13 03:00:00,0.030850893,0.004686
2023-08-13 04:00:00,0.0310734,0.004686
2023-08-13 05:00:00,0.031787835,0.004686
2023-08-13 06:00:00,0.032146104,0.004686
2023-08-13 07:00:00,0.031923782,0.004686
2023-08-13 08:00:00,0.03173383,0.004686
2023-08-13 09:00:00,0.027645659,0.004686
2023-08-13 10:00:00,0.02524558,0.004686
2023-08-13 11:00:00,0.02625859,0.004686
2023-08-13 12:00:00,0.028807383,0.004686
2023-08-13 13:00:00,0.02718758,0.004686
2023-08-13 14:00:00,0.025785366,0.004686
2023-08-13 15:00:00,0.026693787,0.004686
2023-08-13 16:00:00,0.027813705,0.004686
2023-08-13 17:00:00,0.028710179,0.004686
2023-08-13 18:00:00,0.030237393,0.004686
2023-08-13 19:00:00,0.028660042,0.004686
2023-08-13 20:00:00,0.02790904,0.004686
2023-08-13 21:00:00,0.027278824,0.004686
2023-08-13 22:00:00,0.02736436,0.004686
2023-08-13 23:00:00,0.027295647,0.004686
2023-08-14 00:00:00,0.027130533,0.004686
2023-08-14 01:00:00,0.0266241,0.004686
2023-08-14 02:00:00,0.0264459,0.004686
2023-08-14 03:00:00,0.027532566,0.004686
2023-08-14 04:00:00,0.028923737,0.004686
2023-08-14 05:00:00,0.028819833,0.004686
2023-08-14 06:00:00,0.028799858,0.004686
2023-08-14 07:00:00,0.030251985,0.004686
2023-08-14 08:00:00,0.029829351,0.004686
2023-08-14 09:00:00,0.028762572,0.004686
2023-08-14 10:00:00,0.031071577,0.004686
2023-08-14 11:00:00,0.03433992,0.004686
2023-08-14 12:00:00,0.036241595,0.004686
2023-08-14 13:00:00,0.037474066,0.004686
2023-08-14 14:00:00,0.0379601,0.004686
2023-08-14 15:00:00,0.038404033,0.004686
2023-08-14 16:00:00,0.038943954,0.004686
2023-08-14 17:00:00,0.03921308,0.004686
2023-08-14 18:00:00,0.040077653,0.004686
2023-08-14 19:00:00,0.03943109,0.004686
2023-08-14 20:00:00,0.03670338,0.004686
2023-08-14 21:00:00,0.034772065,0.004686
2023-08-14 22:00:00,0.03547805,0.004686
2023-08-14 23:00:00,0.03587325,0.004686
2023-08-15 00:00:00,0.035936754,0.004686
2023-08-15 01:00:00,0.035994947,0.004686
2023-08-15 02:00:00,0.03525781,0.004686
2023-08-15 03:00:00,0.035877176,0.004686
2023-08-15 04:00:00,0.036068723,0.004686
2023-08-15 05:00:00,0.034820717,0.004686
2023-08-15 06:00:00,0.035213448,0.004686
2023-08-15 07:00:00,0.03453937,0.004686
2023-08-15 08:00:00,0.0346388,0.004686
2023-08-15 09:00:00,0.035150535,0.004686
2023-08-15 10:00:00,0.034577757,0.004686
2023-08-15 11:00:00,0.033926077,0.004686
2023-08-15 12:00:00,0.03271274,0.004686
2023-08-15 13:00:00,0.032026157,0.004686
2023-08-15 14:00:00,0.03136598,0.004686
2023-08-15 15:00:00,0.030779356,0.004686
2023-08-15 16:00:00,0.031563517,0.004686
2023-08-15 17:00:00,0.032171976,0.004686
2023-08-15 18:00:00,0.03253497,0.004686
2023-08-15 19:00:00,0.031242734,0.004686
2023-08-15 20:00:00,0.030706361,0.004686
2023-08-15 21:00:00,0.03076126,0.004686
2023-08-15 22:00:00,0.030808263,0.004686
2023-08-15 23:00:00,0.030783806,0.004686
2023-08-16 00:00:00,0.030703457,0.004686
2023-08-16 01:00:00,0.030194124,0.004686
2023-08-16 02:00:00,0.030165486,0.004686
2023-08-16 03:00:00,0.030508036,0.004686
2023-08-16 04:00:00,0.030296752,0.004686
2023-08-16 05:00:00,0.030809583,0.004686
2023-08-16 06:00:00,0.031044513,0.004686
2023-08-16 07:00:00,0.029649634,0.004686
2023-08-16 08:00:00,0.027608877,0.004686
2023-08-16 09:00:00,0.024721734,0.004686
2023-08-16 10:00:00,0.024358135,0.004686
2023-08-16 11:00:00,0.02519317,0.004686
2023-08-16 12:00:00,0.025584837,0.004686
2023-08-16 13:00:00,0.02582438,0.004686
2023-08-16 14:00:00,0.026661333,0.004686
2023-08-16 15:00:00,0.028019696,0.004686
2023-08-16 16:00:00,0.02982237,0.004686
2023-08-16 17:00:00,0.03148083,0.004686
2023-08-16 18:00:00,0.032497987,0.004686
2023-08-16 19:00:00,0.032223307,0.004686
2023-08-16 20:00:00,0.032215506,0.004686
2023-08-16 21:00:00,0.032234166,0.004686
2023-08-16 22:00:00,0.032386463,0.004686
2023-08-16 23:00:00,0.032636948,0.004686
2023-08-17 00:00:00,0.032773905,0.004686
2023-08-17 01:00:00,0.03296726,0.004686
2023-08-17 02:00:00,0.033010356,0.004686
2023-08-17 03:00:00,0.03291825,0.004686
2023-08-17 04:00:00,0.033123083,0.004686
2023-08-17 05:00:00,0.033496864,0.004686
2023-08-17 06:00:00,0.03368672,0.004686
2023-08-17 07:00:00,0.03282497,0.004686
2023-08-17 08:00:00,0.030589217,0.004686
2023-08-17 09:00:00,0.029010586,0.004686
2023-08-17 10:00:00,0.028928094,0.004686
2023-08-17 11:00:00,0.028168345,0.004686
2023-08-17 12:00:00,0.027463488,0.004686
2023-08-17 13:00:00,0.027354242,0.004686
2023-08-17 14:00:00,0.026056616,0.004686
2023-08-17 15:00:00,0.025188498,0.004686
2023-08-17 16:00:00,0.026532799,0.004686
2023-08-17 17:00:00,0.027882362,0.004686
2023-08-17 18:00:00,0.028679524,0.004686
2023-08-17 19:00:00,0.02897727,0.004686
2023-08-17 20:00:00,0.029392105,0.004686
2023-08-17 21:00:00,0.03248797,0.004686
2023-08-17 22:00:00,0.03272203,0.004686
2023-08-17 23:00:00,0.033022337,0.004686
2023-08-18 00:00:00,0.03325402,0.004686
2023-08-18 01:00:00,0.033487525,0.004686
2023-08-18 02:00:00,0.033384237,0.004686
2023-08-18 03:00:00,0.033449665,0.004686
2023-08-18 04:00:00,0.03238949,0.004686
2023-08-18 05:00:00,0.031823613,0.004686
2023-08-18 06:00:00,0.03126167,0.004686
2023-08-18 07:00:00,0.03133986,0.004686
2023-08-18 08:00:00,0.03243768,0.004686
2023-08-18 09:00:00,0.033437513,0.004686
2023-08-18 10:00:00,0.032383446,0.004686
2023-08-18 11:00:00,0.031915274,0.004686
2023-08-18 12:00:00,0.032537255,0.004686
2023-08-18 13:00:00,0.034025706,0.004686
2023-08-18 14:00:00,0.034440607,0.004686
2023-08-18 15:00:00,0.034984685,0.004686
2023-08-18 16:00:00,0.03866624,0.004686
2023-08-18 17:00:00,0.041672066,0.004686
2023-08-18 18:00:00,0.04313839,0.004686
2023-08-18 19:00:00,0.04321805,0.004686
2023-08-18 20:00:00,0.042718463,0.004686
2023-08-18 21:00:00,0.042809904,0.004686
2023-08-18 22:00:00,0.043257844,0.004686
2023-08-18 23:00:00,0.043451637,0.004686
2023-08-19 00:00:00,0.043560904,0.004686
2023-08-19 01:00:00,0.04340095,0.004686
2023-08-19 02:00:00,0.043104507,0.004686
2023-08-19 03:00:00,0.043656226,0.004686
2023-08-19 04:00:00,0.043898214,0.004686
2023-08-19 05:00:00,0.045062855,0.004686
2023-08-19 06:00:00,0.04559011,0.004686
2023-08-19 07:00:00,0.04542496,0.004686
2023-08-19 08:00:00,0.044544846,0.004686
2023-08-19 09:00:00,0.044060126,0.004686
2023-08-19 10:00:00,0.041835308,0.004686
2023-08-19 11:00:00,0.03851274,0.004686
2023-08-19 12:00:00,0.03626021,0.004686
2023-08-19 13:00:00,0.03408328,0.004686
2023-08-19 14:00:00,0.031660795,0.004686
2023-08-19 15:00:00,0.030986972,0.004686
2023-08-19 16:00:00,0.03029045,0.004686
2023-08-19 17:00:00,0.030470159,0.004686
2023-08-19 18:00:00,0.031127473,0.004686
2023-08-19 19:00:00,0.03143988,0.004686
2023-08-19 20:00:00,0.03087629,0.004686
2023-08-19 21:00:00,0.031207925,0.004686
2023-08-19 22:00:00,0.032214135,0.004686
2023-08-19 23:00:00,0.032482646,0.004686
2023-08-20 00:00:00,0.03251052,0.004686
2023-08-20 01:00:00,0.03256083,0.004686
2023-08-20 02:00:00,0.032659672,0.004686
2023-08-20 03:00:00,0.03355414,0.004686
2023-08-20 04:00:00,0.03449418,0.004686
2023-08-20 05:00:00,0.03582543,0.004686
2023-08-20 06:00:00,0.03623397,0.004686
2023-08-20 07:00:00,0.036491364,0.004686
2023-08-20 08:00:00,0.03462071,0.004686
2023-08-20 09:00:00,0.032492764,0.004686
2023-08-20 10:00:00,0.03143741,0.004686
2023-08-20 11:00:00,0.02987335,0.004686
2023-08-20 12:00:00,0.02921408,0.004686
2023-08-20 13:00:00,0.029787965,0.004686
2023-08-20 14:00:00,0.029143877,0.004686
2023-08-20 15:00:00,0.02986003,0.004686
2023-08-20 16:00:00,0.03170282,0.004686
2023-08-20 17:00:00,0.03328756,0.004686
2023-08-20 18:00:00,0.034844715,0.004686
2023-08-20 19:00:00,0.03526828,0.004686
2023-08-20 20:00:00,0.034058306,0.004686
2023-08-20 21:00:00,0.033118527,0.004686
2023-08-20 22:00:00,0.03290872,0.004686
2023-08-20 23:00:00,0.032986045,0.004686
2023-08-21 00:00:00,0.033319447,0.004686
2023-08-21 01:00:00,0.03347495,0.004686
2023-08-21 02:00:00,0.033415645,0.004686
2023-08-21 03:00:00,0.03416898,0.004686
2023-08-21 04:00:00,0.034164306,0.004686
2023-08-21 05:00:00,0.03497361,0.004686
2023-08-21 06:00:00,0.035794962,0.004686
2023-08-21 07:00:00,0.036615353,0.004686
2023-08-21 08:00:00,0.035911355,0.004686
2023-08-21 09:00:00,0.035239898,0.004686
2023-08-21 10:00:00,0.035423324,0.004686
2023-08-21 11:00:00,0.035625197,0.004686
2023-08-21 12:00:00,0.035183664,0.004686
2023-08-21 13:00:00,0.03512633,0.004686
2023-08-21 14:00:00,0.035961594,0.004686
2023-08-21 15:00:00,0.037524924,0.004686
2023-08-21 16:00:00,0.03883255,0.004686
2023-08-21 17:00:00,0.040893793,0.004686
2023-08-21 18:00:00,0.042418282,0.004686
2023-08-21 19:00:00,0.04279324,0.004686
2023-08-21 20:00:00,0.04183966,0.004686
2023-08-21 21:00:00,0.041515138,0.004686
2023-08-21 22:00:00,0.04136685,0.004686
2023-08-21 23:00:00,0.041523483,0.004686
2023-08-22 00:00:00,0.04164476,0.004686
2023-08-22 01:00:00,0.042002134,0.004686
2023-08-22 02:00:00,0.042326972,0.004686
2023-08-22 03:00:00,0.04103883,0.004686
2023-08-22 04:00:00,0.04138132,0.004686
2023-08-22 05:00:00,0.040921163,0.004686
2023-08-22 06:00:00,0.04053642,0.004686
2023-08-22 07:00:00,0.040108204,0.004686
2023-08-22 08:00:00,0.03945961,0.004686
2023-08-22 09:00:00,0.040231306,0.004686
2023-08-22 10:00:00,0.041210175,0.004686
2023-08-22 11:00:00,0.04195352,0.004686
2023-08-22 12:00:00,0.039409265,0.004686
2023-08-22 13:00:00,0.03736087,0.004686
2023-08-22 14:00:00,0.037751462,0.004686
2023-08-22 15:00:00,0.03684988,0.004686
2023-08-22 16:00:00,0.037743896,0.004686
2023-08-22 17:00:00,0.039022125,0.004686
2023-08-22 18:00:00,0.039778788,0.004686
2023-08-22 19:00:00,0.039287873,0.004686
2023-08-22 20:00:00,0.03903344,0.004686
2023-08-22 21:00:00,0.038920492,0.004686
2023-08-22 22:00:00,0.038821895,0.004686
2023-08-22 23:00:00,0.039045017,0.004686
2023-08-23 00:00:00,0.039230306,0.004686
2023-08-23 01:00:00,0.03835763,0.004686
2023-08-23 02:00:00,0.037557963,0.004686
2023-08-23 03:00:00,0.037824754,0.004686
2023-08-23 04:00:00,0.038155995,0.004686
2023-08-23 05:00:00,0.03836863,0.004686
2023-08-23 06:00:00,0.0382099,0.004686
2023-08-23 07:00:00,0.03725575,0.004686
2023-08-23 08:00:00,0.035366256,0.004686
2023-08-23 09:00:00,0.034990452,0.004686
2023-08-23 10:00:00,0.035505347,0.004686
2023-08-23 11:00:00,0.03599243,0.004686
2023-08-23 12:00:00,0.03431956,0.004686
2023-08-23 13:00:00,0.033112887,0.004686
2023-08-23 14:00:00,0.03344306,0.004686
2023-08-23 15:00:00,0.03437903,0.004686
2023-08-23 16:00:00,0.036512185,0.004686
2023-08-23 17:00:00,0.03910466,0.004686
2023-08-23 18:00:00,0.04008911,0.004686
2023-08-23 19:00:00,0.039354477,0.004686
2023-08-23 20:00:00,0.039036743,0.004686
2023-08-23 21:00:00,0.039100967,0.004686
2023-08-23 22:00:00,0.039232213,0.004686
2023-08-23 23:00:00,0.038897015,0.004686
2023-08-24 00:00:00,0.038679793,0.004686
2023-08-24 01:00:00,0.03919904,0.004686
2023-08-24 02:00:00,0.040910434,0.004686
2023-08-24 03:00:00,0.040231854,0.004686
2023-08-24 04:00:00,0.03893573,0.004686
2023-08-24 05:00:00,0.039013382,0.004686
2023-08-24 06:00:00,0.03848036,0.004686
2023-08-24 07:00:00,0.037736878,0.004686
2023-08-24 08:00:00,0.03660351,0.004686
2023-08-24 09:00:00,0.035952326,0.004686
2023-08-24 10:00:00,0.03453972,0.004686
2023-08-24 11:00:00,0.032931946,0.004686
2023-08-24 12:00:00,0.03164774,0.004686
2023-08-24 13:00:00,0.030804867,0.004686
2023-08-24 14:00:00,0.029512286,0.004686
2023-08-24 15:00:00,0.028810797,0.004686
2023-08-24 16:00:00,0.02922437,0.004686
2023-08-24 17:00:00,0.030143134,0.004686
2023-08-24 18:00:00,0.031158702,0.004686
2023-08-24 19:00:00,0.03170113,0.004686
2023-08-24 20:00:00,0.030742358,0.004686
2023-08-24 21:00:00,0.030552212,0.004686
2023-08-24 22:00:00,0.031068139,0.004686
2023-08-24 23:00:00,0.031854186,0.004686
2023-08-25 00:00:00,0.031848848,0.004686
2023-08-25 01:00:00,0.03180023,0.004686
2023-08-25 02:00:00,0.031252537,0.004686
2023-08-25 03:00:00,0.031215455,0.004686
2023-08-25 04:00:00,0.03181667,0.004686
2023-08-25 05:00:00,0.031666193,0.004686
2023-08-25 06:00:00,0.031022705,0.004686
2023-08-25 07:00:00,0.030660065,0.004686
2023-08-25 08:00:00,0.030364659,0.004686
2023-08-25 09:00:00,0.028754912,0.004686
2023-08-25 10:00:00,0.027533555,0.004686
2023-08-25 11:00:00,0.026365167,0.004686
2023-08-25 12:00:00,0.025274716,0.004686
2023-08-25 13:00:00,0.024764825,0.004686
2023-08-25 14:00:00,0.024698427,0.004686
2023-08-25 15:00:00,0.025404565,0.004686
2023-08-25 16:00:00,0.027563002,0.004686
2023-08-25 17:00:00,0.029024241,0.004686
2023-08-25 18:00:00,0.030127494,0.004686
2023-08-25 19:00:00,0.030280538,0.004686
2023-08-25 20:00:00,0.030207498,0.004686
2023-08-25 21:00:00,0.030265851,0.004686
2023-08-25 22:00:00,0.030416759,0.004686
2023-08-25 23:00:00,0.030433983,0.004686
2023-08-26 00:00:00,0.03060959,0.004686
2023-08-26 01:00:00,0.03189476,0.004686
2023-08-26 02:00:00,0.032116324,0.004686
2023-08-26 03:00:00,0.032120727,0.004686
2023-08-26 04:00:00,0.03246087,0.004686
2023-08-26 05:00:00,0.031916086,0.004686
2023-08-26 06:00:00,0.031873304,0.004686
2023-08-26 07:00:00,0.03212332,0.004686
2023-08-26 08:00:00,0.03059554,0.004686
2023-08-26 09:00:00,0.028812565,0.004686
2023-08-26 10:00:00,0.02652905,0.004686
2023-08-26 11:00:00,0.025486179,0.004686
2023-08-26 12:00:00,0.02543738,0.004686
2023-08-26 13:00:00,0.025865115,0.004686
2023-08-26 14:00:00,0.024602085,0.004686
2023-08-26 15:00:00,0.0228292,0.004686
2023-08-26 16:00:00,0.024199644,0.004686
2023-08-26 17:00:00,0.025334403,0.004686
2023-08-26 18:00:00,0.02698899,0.004686
2023-08-26 19:00:00,0.02716348,0.004686
2023-08-26 20:00:00,0.024793124,0.004686
2023-08-26 21:00:00,0.024822317,0.004686
2023-08-26 22:00:00,0.025962565,0.004686
2023-08-26 23:00:00,0.026426252,0.004686
2023-08-27 00:00:00,0.026463132,0.004686
2023-08-27 01:00:00,0.026302205,0.004686
2023-08-27 02:00:00,0.02627382,0.004686
2023-08-27 03:00:00,0.026508477,0.004686
2023-08-27 04:00:00,0.026742345,0.004686
2023-08-27 05:00:00,0.02704011,0.004686
2023-08-27 06:00:00,0.027083013,0.004686
2023-08-27 07:00:00,0.026871528,0.004686
2023-08-27 08:00:00,0.0268324,0.004686
2023-08-27 09:00:00,0.026333213,0.004686
2023-08-27 10:00:00,0.02662244,0.004686
2023-08-27 11:00:00,0.02684199,0.004686
2023-08-27 12:00:00,0.026207967,0.004686
2023-08-27 13:00:00,0.025186738,0.004686
2023-08-27 14:00:00,0.024655957,0.004686
2023-08-27 15:00:00,0.024871,0.004686
2023-08-27 16:00:00,0.025184382,0.004686
2023-08-27 17:00:00,0.025017386,0.004686
2023-08-27 18:00:00,0.026709266,0.004686
2023-08-27 19:00:00,0.025043247,0.004686
2023-08-27 20:00:00,0.024480512,0.004686
2023-08-27 21:00:00,0.0240005,0.004686
2023-08-27 22:00:00,0.02362947,0.004686
2023-08-27 23:00:00,0.02478785,0.004686
2023-08-28 00:00:00,0.024879713,0.004686
2023-08-28 01:00:00,0.02451325,0.004686
2023-08-28 02:00:00,0.024615023,0.004686
2023-08-28 03:00:00,0.026509503,0.004686
2023-08-28 04:00:00,0.02783995,0.004686
2023-08-28 05:00:00,0.027509457,0.004686
2023-08-28 06:00:00,0.027104791,0.004686
2023-08-28 07:00:00,0.027054336,0.004686
2023-08-28 08:00:00,0.027737973,0.004686
2023-08-28 09:00:00,0.027456013,0.004686
2023-08-28 10:00:00,0.026744781,0.004686
2023-08-28 11:00:00,0.026863024,0.004686
2023-08-28 12:00:00,0.026858373,0.004686
2023-08-28 13:00:00,0.026815115,0.004686
2023-08-28 14:00:00,0.02740038,0.004686
2023-08-28 15:00:00,0.027481273,0.004686
2023-08-28 16:00:00,0.027575275,0.004686
2023-08-28 17:00:00,0.028772114,0.004686
2023-08-28 18:00:00,0.028501807,0.004686
2023-08-28 19:00:00,0.02726221,0.004686
2023-08-28 20:00:00,0.027014751,0.004686
2023-08-28 21:00:00,0.026734414,0.004686
2023-08-28 22:00:00,0.025963593,0.004686
2023-08-28 23:00:00,0.024343872,0.004686
2023-08-29 00:00:00,0.023931593,0.004686
2023-08-29 01:00:00,0.02368278,0.004686
2023-08-29 02:00:00,0.02387085,0.004686
2023-08-29 03:00:00,0.024175426,0.004686
2023-08-29 04:00:00,0.02330133,0.004686
2023-08-29 05:00:00,0.023755897,0.004686
2023-08-29 06:00:00,0.023935424,0.004686
2023-08-29 07:00:00,0.023907403,0.004686
2023-08-29 08:00:00,0.022423582,0.004686
2023-08-29 09:00:00,0.022219826,0.004686
2023-08-29 10:00:00,0.022527074,0.004686
2023-08-29 11:00:00,0.022824783,0.004686
2023-08-29 12:00:00,0.022061197,0.004686
2023-08-29 13:00:00,0.02183597,0.004686
2023-08-29 14:00:00,0.021434274,0.004686
2023-08-29 15:00:00,0.02200924,0.004686
2023-08-29 16:00:00,0.023945345,0.004686
2023-08-29 17:00:00,0.023806084,0.004686
2023-08-29 18:00:00,0.02258136,0.004686
2023-08-29 19:00:00,0.022712125,0.004686
2023-08-29 20:00:00,0.022651019,0.004686
2023-08-29 21:00:00,0.022831969,0.004686
2023-08-29 22:00:00,0.022745658,0.004686
2023-08-29 23:00:00,0.023178328,0.004686
2023-08-30 00:00:00,0.02338232,0.004686
2023-08-30 01:00:00,0.022974322,0.004686
2023-08-30 02:00:00,0.022521736,0.004686
2023-08-30 03:00:00,0.022571273,0.004686
2023-08-30 04:00:00,0.023308868,0.004686
2023-08-30 05:00:00,0.023563726,0.004686
2023-08-30 06:00:00,0.023909943,0.004686
2023-08-30 07:00:00,0.022645807,0.004686
2023-08-30 08:00:00,0.022297552,0.004686
2023-08-30 09:00:00,0.022180382,0.004686
2023-08-30 10:00:00,0.022488639,0.004686
2023-08-30 11:00:00,0.022555146,0.004686
2023-08-30 12:00:00,0.022352017,0.004686
2023-08-30 13:00:00,0.022181172,0.004686
2023-08-30 14:00:00,0.022041578,0.004686
2023-08-30 15:00:00,0.022687443,0.004686
2023-08-30 16:00:00,0.023223156,0.004686
2023-08-30 17:00:00,0.02433743,0.004686
2023-08-30 18:00:00,0.02485919,0.004686
2023-08-30 19:00:00,0.025241511,0.004686
2023-08-30 20:00:00,0.025384484,0.004686
2023-08-30 21:00:00,0.02527245,0.004686
2023-08-30 22:00:00,0.02591916,0.004686
2023-08-30 23:00:00,0.025908638,0.004686
2023-08-31 00:00:00,0.025653355,0.004686
2023-08-31 01:00:00,0.025364537,0.004686
2023-08-31 02:00:00,0.025586016,0.004686
2023-08-31 03:00:00,0.025879078,0.004686
2023-08-31 04:00:00,0.026804095,0.004686
2023-08-31 05:00:00,0.027084371,0.004686
2023-08-31 06:00:00,0.026607031,0.004686
2023-08-31 07:00:00,0.026098162,0.004686
2023-08-31 08:00:00,0.026070382,0.004686
2023-08-31 09:00:00,0.026036019,0.004686
2023-08-31 10:00:00,0.024679296,0.004686
2023-08-31 11:00:00,0.022716284,0.004686
2023-08-31 12:00:00,0.02321857,0.004686
2023-08-31 13:00:00,0.022117235,0.004686
2023-08-31 14:00:00,0.021066887,0.004686
2023-08-31 15:00:00,0.021211404,0.004686
2023-08-31 16:00:00,0.022075595,0.004686
2023-08-31 17:00:00,0.021444222,0.004686
2023-08-31 18:00:00,0.022011222,0.004686
2023-08-31 19:00:00,0.023810895,0.004686
2023-08-31 20:00:00,0.023406599,0.004686
2023-08-31 21:00:00,0.023464851,0.004686
2023-08-31 22:00:00,0.024028243,0.004686
2023-08-31 23:00:00,0.024372699,0.004686
2023-09-01 00:00:00,0.025298208,0.004686
2023-09-01 01:00:00,0.025771411,0.004686
2023-09-01 02:00:00,0.026754247,0.004686
2023-09-01 03:00:00,0.026720129,0.004686
2023-09-01 04:00:00,0.026597722,0.004686
2023-09-01 05:00:00,0.028771032,0.004686
2023-09-01 06:00:00,0.030437782,0.004686
2023-09-01 07:00:00,0.03149499,0.004686
2023-09-01 08:00:00,0.03195844,0.004686
2023-09-01 09:00:00,0.0323248,0.004686
2023-09-01 10:00:00,0.031027205,0.004686
2023-09-01 11:00:00,0.025787145,0.004686
2023-09-01 12:00:00,0.026720455,0.004686
2023-09-01 13:00:00,0.025754128,0.004686
2023-09-01 14:00:00,0.02472425,0.004686
2023-09-01 15:00:00,0.024222698,0.004686
2023-09-01 16:00:00,0.02542993,0.004686
2023-09-01 17:00:00,0.02718646,0.004686
2023-09-01 18:00:00,0.029579666,0.004686
2023-09-01 19:00:00,0.025511302,0.004686
2023-09-01 20:00:00,0.024904886,0.004686
2023-09-01 21:00:00,0.024953429,0.004686
2023-09-01 22:00:00,0.025668854,0.004686
2023-09-01 23:00:00,0.026628463,0.004686
2023-09-02 00:00:00,0.025590431,0.004686
2023-09-02 01:00:00,0.02571581,0.004686
2023-09-02 02:00:00,0.025928618,0.004686
2023-09-02 03:00:00,0.02690863,0.004686
2023-09-02 04:00:00,0.029570336,0.004686
2023-09-02 05:00:00,0.026621617,0.004686
2023-09-02 06:00:00,0.02500219,0.004686
2023-09-02 07:00:00,0.025167366,0.004686
2023-09-02 08:00:00,0.025338382,0.004686
2023-09-02 09:00:00,0.025438558,0.004686
2023-09-02 10:00:00,0.025940489,0.004686
2023-09-02 11:00:00,0.02671104,0.004686
2023-09-02 12:00:00,0.02773103,0.004686
2023-09-02 13:00:00,0.026542166,0.004686
2023-09-02 14:00:00,0.02716696,0.004686
2023-09-02 15:00:00,0.02765686,0.004686
2023-09-02 16:00:00,0.03179747,0.004686
2023-09-02 17:00:00,0.03108281,0.004686
2023-09-02 18:00:00,0.031023327,0.004686
2023-09-02 19:00:00,0.032080915,0.004686
2023-09-02 20:00:00,0.030876704,0.004686
2023-09-02 21:00:00,0.029537262,0.004686
2023-09-02 22:00:00,0.030277558,0.004686
2023-09-02 23:00:00,0.030006992,0.004686
2023-09-03 00:00:00,0.030020613,0.004686
2023-09-03 01:00:00,0.030115265,0.004686
2023-09-03 02:00:00,0.03093084,0.004686
2023-09-03 03:00:00,0.03225947,0.004686
2023-09-03 04:00:00,0.031011444,0.004686
2023-09-03 05:00:00,0.030570578,0.004686
2023-09-03 06:00:00,0.031010034,0.004686
2023-09-03 07:00:00,0.031324152,0.004686
2023-09-03 08:00:00,0.03157947,0.004686
2023-09-03 09:00:00,0.031715326,0.004686
2023-09-03 10:00:00,0.03158784,0.004686
2023-09-03 11:00:00,0.03054014,0.004686
2023-09-03 12:00:00,0.029728787,0.004686
2023-09-03 13:00:00,0.028738493,0.004686
2023-09-03 14:00:00,0.02791775,0.004686
2023-09-03 15:00:00,0.02882147,0.004686
2023-09-03 16:00:00,0.030457478,0.004686
2023-09-03 17:00:00,0.030737557,0.004686
2023-09-03 18:00:00,0.03323196,0.004686
2023-09-03 19:00:00,0.030539662,0.004686
2023-09-03 20:00:00,0.029777832,0.004686
2023-09-03 21:00:00,0.02937017,0.004686
2023-09-03 22:00:00,0.02944117,0.004686
2023-09-03 23:00:00,0.029404044,0.004686
2023-09-04 00:00:00,0.030354144,0.004686
2023-09-04 01:00:00,0.030039286,0.004686
2023-09-04 02:00:00,0.028900377,0.004686
2023-09-04 03:00:00,0.029739743,0.004686
2023-09-04 04:00:00,0.03069159,0.004686
2023-09-04 05:00:00,0.030686935,0.004686
2023-09-04 06:00:00,0.031291798,0.004686
2023-09-04 07:00:00,0.03127381,0.004686
2023-09-04 08:00:00,0.031560387,0.004686
2023-09-04 09:00:00,0.031788502,0.004686
2023-09-04 10:00:00,0.032154106,0.004686
2023-09-04 11:00:00,0.033403993,0.004686
2023-09-04 12:00:00,0.032917187,0.004686
2023-09-04 13:00:00,0.032622058,0.004686
2023-09-04 14:00:00,0.033298224,0.004686
2023-09-04 15:00:00,0.03591152,0.004686
2023-09-04 16:00:00,0.037485097,0.004686
2023-09-04 17:00:00,0.038978465,0.004686
2023-09-04 18:00:00,0.037329983,0.004686
2023-09-04 19:00:00,0.036153045,0.004686
2023-09-04 20:00:00,0.035890173,0.004686
2023-09-04 21:00:00,0.036544148,0.004686
2023-09-04 22:00:00,0.036514137,0.004686
2023-09-04 23:00:00,0.036401503,0.004686
2023-09-05 00:00:00,0.035578582,0.004686
2023-09-05 01:00:00,0.035225905,0.004686
2023-09-05 02:00:00,0.035567813,0.004686
2023-09-05 03:00:00,0.036168322,0.004686
2023-09-05 04:00:00,0.035765022,0.004686
2023-09-05 05:00:00,0.03648539,0.004686
2023-09-05 06:00:00,0.03648984,0.004686
2023-09-05 07:00:00,0.036843054,0.004686
2023-09-05 08:00:00,0.036258083,0.004686
2023-09-05 09:00:00,0.035683833,0.004686
2023-09-05 10:00:00,0.034801062,0.004686
2023-09-05 11:00:00,0.034144018,0.004686
2023-09-05 12:00:00,0.033750966,0.004686
2023-09-05 13:00:00,0.033385176,0.004686
2023-09-05 14:00:00,0.033249367,0.004686
2023-09-05 15:00:00,0.034939744,0.004686
2023-09-05 16:00:00,0.03666442,0.004686
2023-09-05 17:00:00,0.038033906,0.004686
2023-09-05 18:00:00,0.03752099,0.004686
2023-09-05 19:00:00,0.036432054,0.004686
2023-09-05 20:00:00,0.03632128,0.004686
2023-09-05 21:00:00,0.03607243,0.004686
2023-09-05 22:00:00,0.036258996,0.004686
2023-09-05 23:00:00,0.0367078,0.004686
2023-09-06 00:00:00,0.036639843,0.004686
2023-09-06 01:00:00,0.036341853,0.004686
2023-09-06 02:00:00,0.03653,0.004686
2023-09-06 03:00:00,0.03646312,0.004686
2023-09-06 04:00:00,0.03635726,0.004686
2023-09-06 05:00:00,0.036600593,0.004686
2023-09-06 06:00:00,0.036888663,0.004686
2023-09-06 07:00:00,0.036999047,0.004686
2023-09-06 08:00:00,0.03644239,0.004686
2023-09-06 09:00:00,0.035365995,0.004686
2023-09-06 10:00:00,0.033754334,0.004686
2023-09-06 11:00:00,0.032536097,0.004686
2023-09-06 12:00:00,0.03118948,0.004686
2023-09-06 13:00:00,0.030178385,0.004686
2023-09-06 14:00:00,0.029627323,0.004686
2023-09-06 15:00:00,0.03070236,0.004686
2023-09-06 16:00:00,0.032011457,0.004686
2023-09-06 17:00:00,0.03334219,0.004686
2023-09-06 18:00:00,0.033980798,0.004686
2023-09-06 19:00:00,0.03344393,0.004686
2023-09-06 20:00:00,0.033477727,0.004686
2023-09-06 21:00:00,0.03378679,0.004686
2023-09-06 22:00:00,0.035033036,0.004686
2023-09-06 23:00:00,0.03491991,0.004686
2023-09-07 00:00:00,0.03495864,0.004686
2023-09-07 01:00:00,0.03491519,0.004686
2023-09-07 02:00:00,0.035603426,0.004686
2023-09-07 03:00:00,0.035287138,0.004686
2023-09-07 04:00:00,0.034628466,0.004686
2023-09-07 05:00:00,0.035012882,0.004686
2023-09-07 06:00:00,0.035215322,0.004686
2023-09-07 07:00:00,0.036133286,0.004686
2023-09-07 08:00:00,0.03623077,0.004686
2023-09-07 09:00:00,0.03609671,0.004686
2023-09-07 10:00:00,0.03527828,0.004686
2023-09-07 11:00:00,0.03397165,0.004686
2023-09-07 12:00:00,0.03253994,0.004686
2023-09-07 13:00:00,0.03114093,0.004686
2023-09-07 14:00:00,0.030535672,0.004686
2023-09-07 15:00:00,0.032045536,0.004686
2023-09-07 16:00:00,0.033098876,0.004686
2023-09-07 17:00:00,0.034474067,0.004686
2023-09-07 18:00:00,0.03507754,0.004686
2023-09-07 19:00:00,0.03440051,0.004686
2023-09-07 20:00:00,0.033394776,0.004686
2023-09-07 21:00:00,0.035174105,0.004686
2023-09-07 22:00:00,0.03344639,0.004686
2023-09-07 23:00:00,0.0338009,0.004686
2023-09-08 00:00:00,0.033982728,0.004686
2023-09-08 01:00:00,0.035550397,0.004686
2023-09-08 02:00:00,0.034783535,0.004686
2023-09-08 03:00:00,0.036927685,0.004686
2023-09-08 04:00:00,0.0347281,0.004686
2023-09-08 05:00:00,0.03391119,0.004686
2023-09-08 06:00:00,0.0339499,0.004686
2023-09-08 07:00:00,0.034187615,0.004686
2023-09-08 08:00:00,0.034181267,0.004686
2023-09-08 09:00:00,0.03418112,0.004686
2023-09-08 10:00:00,0.034080572,0.004686
2023-09-08 11:00:00,0.034181792,0.004686
2023-09-08 12:00:00,0.03454801,0.004686
2023-09-08 13:00:00,0.03492082,0.004686
2023-09-08 14:00:00,0.03550214,0.004686
2023-09-08 15:00:00,0.0374618,0.004686
2023-09-08 16:00:00,0.038906246,0.004686
2023-09-08 17:00:00,0.03926336,0.004686
2023-09-08 18:00:00,0.03910634,0.004686
2023-09-08 19:00:00,0.039147444,0.004686
2023-09-08 20:00:00,0.037740484,0.004686
2023-09-08 21:00:00,0.037132766,0.004686
2023-09-08 22:00:00,0.037033584,0.004686
2023-09-08 23:00:00,0.036850404,0.004686
2023-09-09 00:00:00,0.037650168,0.004686
2023-09-09 01:00:00,0.03674235,0.004686
2023-09-09 02:00:00,0.036997434,0.004686
2023-09-09 03:00:00,0.03731891,0.004686
2023-09-09 04:00:00,0.037384607,0.004686
2023-09-09 05:00:00,0.0373671,0.004686
2023-09-09 06:00:00,0.03741745,0.004686
2023-09-09 07:00:00,0.037493493,0.004686
2023-09-09 08:00:00,0.03806727,0.004686
2023-09-09 09:00:00,0.03715962,0.004686
2023-09-09 10:00:00,0.035609264,0.004686
2023-09-09 11:00:00,0.033656083,0.004686
2023-09-09 12:00:00,0.03265987,0.004686
2023-09-09 13:00:00,0.031795785,0.004686
2023-09-09 14:00:00,0.031485368,0.004686
2023-09-09 15:00:00,0.034146547,0.004686
2023-09-09 16:00:00,0.035332084,0.004686
2023-09-09 17:00:00,0.035857387,0.004686
2023-09-09 18:00:00,0.03650731,0.004686
2023-09-09 19:00:00,0.035885785,0.004686
2023-09-09 20:00:00,0.035072528,0.004686
2023-09-09 21:00:00,0.03434462,0.004686
2023-09-09 22:00:00,0.033985443,0.004686
2023-09-09 23:00:00,0.03411386,0.004686
2023-09-10 00:00:00,0.035151787,0.004686
2023-09-10 01:00:00,0.034979355,0.004686
2023-09-10 02:00:00,0.03487093,0.004686
2023-09-10 03:00:00,0.035130735,0.004686
2023-09-10 04:00:00,0.03520031,0.004686
2023-09-10 05:00:00,0.035311475,0.004686
2023-09-10 06:00:00,0.03600949,0.004686
2023-09-10 07:00:00,0.036324803,0.004686
2023-09-10 08:00:00,0.03613431,0.004686
2023-09-10 09:00:00,0.036448516,0.004686
2023-09-10 10:00:00,0.03583404,0.004686
2023-09-10 11:00:00,0.034259673,0.004686
2023-09-10 12:00:00,0.033560757,0.004686
2023-09-10 13:00:00,0.033081498,0.004686
2023-09-10 14:00:00,0.0327728,0.004686
2023-09-10 15:00:00,0.034937743,0.004686
2023-09-10 16:00:00,0.036434334,0.004686
2023-09-10 17:00:00,0.037534747,0.004686
2023-09-10 18:00:00,0.037752464,0.004686
2023-09-10 19:00:00,0.0370357,0.004686
2023-09-10 20:00:00,0.035707045,0.004686
2023-09-10 21:00:00,0.03481287,0.004686
2023-09-10 22:00:00,0.034611385,0.004686
2023-09-10 23:00:00,0.03452281,0.004686
2023-09-11 00:00:00,0.03446811,0.004686
2023-09-11 01:00:00,0.034413002,0.004686
2023-09-11 02:00:00,0.034358706,0.004686
2023-09-11 03:00:00,0.034746148,0.004686
2023-09-11 04:00:00,0.034987926,0.004686
2023-09-11 05:00:00,0.03545085,0.004686
2023-09-11 06:00:00,0.036100868,0.004686
2023-09-11 07:00:00,0.035936527,0.004686
2023-09-11 08:00:00,0.035814084,0.004686
2023-09-11 09:00:00,0.03659102,0.004686
2023-09-11 10:00:00,0.036542475,0.004686
2023-09-11 11:00:00,0.036708836,0.004686
2023-09-11 12:00:00,0.036841195,0.004686
2023-09-11 13:00:00,0.03659725,0.004686
2023-09-11 14:00:00,0.036526382,0.004686
2023-09-11 15:00:00,0.038849197,0.004686
2023-09-11 16:00:00,0.040228125,0.004686
2023-09-11 17:00:00,0.040982965,0.004686
2023-09-11 18:00:00,0.041194964,0.004686
2023-09-11 19:00:00,0.04041568,0.004686
2023-09-11 20:00:00,0.040454127,0.004686
2023-09-11 21:00:00,0.040001303,0.004686
2023-09-11 22:00:00,0.040333066,0.004686
2023-09-11 23:00:00,0.04030994,0.004686
2023-09-12 00:00:00,0.040058453,0.004686
2023-09-12 01:00:00,0.039888717,0.004686
2023-09-12 02:00:00,0.040230487,0.004686
2023-09-12 03:00:00,0.040916786,0.004686
2023-09-12 04:00:00,0.041294202,0.004686
2023-09-12 05:00:00,0.041576218,0.004686
2023-09-12 06:00:00,0.0411496,0.004686
2023-09-12 07:00:00,0.04044226,0.004686
2023-09-12 08:00:00,0.040008314,0.004686
2023-09-12 09:00:00,0.039541323,0.004686
2023-09-12 10:00:00,0.039013494,0.004686
2023-09-12 11:00:00,0.03824934,0.004686
2023-09-12 12:00:00,0.036836453,0.004686
2023-09-12 13:00:00,0.03583234,0.004686
2023-09-12 14:00:00,0.035216335,0.004686
2023-09-12 15:00:00,0.036581006,0.004686
2023-09-12 16:00:00,0.03860893,0.004686
2023-09-12 17:00:00,0.03948891,0.004686
2023-09-12 18:00:00,0.03947727,0.004686
2023-09-12 19:00:00,0.039022274,0.004686
2023-09-12 20:00:00,0.037907686,0.004686
2023-09-12 21:00:00,0.03803362,0.004686
2023-09-12 22:00:00,0.038013514,0.004686
2023-09-12 23:00:00,0.03841881,0.004686
2023-09-13 00:00:00,0.038725276,0.004686
2023-09-13 01:00:00,0.03881856,0.004686
2023-09-13 02:00:00,0.03869261,0.004686
2023-09-13 03:00:00,0.038537584,0.004686
2023-09-13 04:00:00,0.038395453,0.004686
2023-09-13 05:00:00,0.038141143,0.004686
2023-09-13 06:00:00,0.038095802,0.004686
2023-09-13 07:00:00,0.037755203,0.004686
2023-09-13 08:00:00,0.036633037,0.004686
2023-09-13 09:00:00,0.034915462,0.004686
2023-09-13 10:00:00,0.032679424,0.004686
2023-09-13 11:00:00,0.030183554,0.004686
2023-09-13 12:00:00,0.028686471,0.004686
2023-09-13 13:00:00,0.026992353,0.004686
2023-09-13 14:00:00,0.025345866,0.004686
2023-09-13 15:00:00,0.02434277,0.004686
2023-09-13 16:00:00,0.024356715,0.004686
2023-09-13 17:00:00,0.02536603,0.004686
2023-09-13 18:00:00,0.02536038,0.004686
2023-09-13 19:00:00,0.025334219,0.004686
2023-09-13 20:00:00,0.025095124,0.004686
2023-09-13 21:00:00,0.025395669,0.004686
2023-09-13 22:00:00,0.025738461,0.004686
2023-09-13 23:00:00,0.026275171,0.004686
2023-09-14 00:00:00,0.026320042,0.004686
2023-09-14 01:00:00,0.026296772,0.004686
2023-09-14 02:00:00,0.026179358,0.004686
2023-09-14 03:00:00,0.026720975,0.004686
2023-09-14 04:00:00,0.027002497,0.004686
2023-09-14 05:00:00,0.026318131,0.004686
2023-09-14 06:00:00,0.02598706,0.004686
2023-09-14 07:00:00,0.025427442,0.004686
2023-09-14 08:00:00,0.024900425,0.004686
2023-09-14 09:00:00,0.024069427,0.004686
2023-09-14 10:00:00,0.024754588,0.004686
2023-09-14 11:00:00,0.024987383,0.004686
2023-09-14 12:00:00,0.024459595,0.004686
2023-09-14 13:00:00,0.02343576,0.004686
2023-09-14 14:00:00,0.02310446,0.004686
2023-09-14 15:00:00,0.023292039,0.004686
2023-09-14 16:00:00,0.02559999,0.004686
2023-09-14 17:00:00,0.025769869,0.004686
2023-09-14 18:00:00,0.026279952,0.004686
2023-09-14 19:00:00,0.025323523,0.004686
2023-09-14 20:00:00,0.024768509,0.004686
2023-09-14 21:00:00,0.024807373,0.004686
2023-09-14 22:00:00,0.024813816,0.004686
2023-09-14 23:00:00,0.024798274,0.004686
2023-09-15 00:00:00,0.024913378,0.004686
2023-09-15 01:00:00,0.025287936,0.004686
2023-09-15 02:00:00,0.025032055,0.004686
2023-09-15 03:00:00,0.024202175,0.004686
2023-09-15 04:00:00,0.024184188,0.004686
2023-09-15 05:00:00,0.024465183,0.004686
2023-09-15 06:00:00,0.024674417,0.004686
2023-09-15 07:00:00,0.024982244,0.004686
2023-09-15 08:00:00,0.025008492,0.004686
2023-09-15 09:00:00,0.024816973,0.004686
2023-09-15 10:00:00,0.02353194,0.004686
2023-09-15 11:00:00,0.02279296,0.004686
2023-09-15 12:00:00,0.022712247,0.004686
2023-09-15 13:00:00,0.023215823,0.004686
2023-09-15 14:00:00,0.02341569,0.004686
2023-09-15 15:00:00,0.024326444,0.004686
2023-09-15 16:00:00,0.026962783,0.004686
2023-09-15 17:00:00,0.027405664,0.004686
2023-09-15 18:00:00,0.027618997,0.004686
2023-09-15 19:00:00,0.027006377,0.004686
2023-09-15 20:00:00,0.026701506,0.004686
2023-09-15 21:00:00,0.02649769,0.004686
2023-09-15 22:00:00,0.026585039,0.004686
2023-09-15 23:00:00,0.026697436,0.004686
2023-09-16 00:00:00,0.027061425,0.004686
2023-09-16 01:00:00,0.02718011,0.004686
2023-09-16 02:00:00,0.027572526,0.004686
2023-09-16 03:00:00,0.028133266,0.004686
2023-09-16 04:00:00,0.028199365,0.004686
2023-09-16 05:00:00,0.027565766,0.004686
2023-09-16 06:00:00,0.02787074,0.004686
2023-09-16 07:00:00,0.028398426,0.004686
2023-09-16 08:00:00,0.02905896,0.004686
2023-09-16 09:00:00,0.028803837,0.004686
2023-09-16 10:00:00,0.028665444,0.004686
2023-09-16 11:00:00,0.028282685,0.004686
2023-09-16 12:00:00,0.0279405,0.004686
2023-09-16 13:00:00,0.027713034,0.004686
2023-09-16 14:00:00,0.028070344,0.004686
2023-09-16 15:00:00,0.030576603,0.004686
2023-09-16 16:00:00,0.031554326,0.004686
2023-09-16 17:00:00,0.032168046,0.004686
2023-09-16 18:00:00,0.03248038,0.004686
2023-09-16 19:00:00,0.032228217,0.004686
2023-09-16 20:00:00,0.031381074,0.004686
2023-09-16 21:00:00,0.031069655,0.004686
2023-09-16 22:00:00,0.031145621,0.004686
2023-09-16 23:00:00,0.031615,0.004686
2023-09-17 00:00:00,0.03196371,0.004686
2023-09-17 01:00:00,0.033395097,0.004686
2023-09-17 02:00:00,0.033227317,0.004686
2023-09-17 03:00:00,0.033558544,0.004686
2023-09-17 04:00:00,0.033930086,0.004686
2023-09-17 05:00:00,0.03425561,0.004686
2023-09-17 06:00:00,0.034960747,0.004686
2023-09-17 07:00:00,0.035572205,0.004686
2023-09-17 08:00:00,0.035534456,0.004686
2023-09-17 09:00:00,0.035606816,0.004686
2023-09-17 10:00:00,0.03517794,0.004686
2023-09-17 11:00:00,0.034540337,0.004686
2023-09-17 12:00:00,0.033749517,0.004686
2023-09-17 13:00:00,0.03305754,0.004686
2023-09-17 14:00:00,0.032570448,0.004686
2023-09-17 15:00:00,0.03426012,0.004686
2023-09-17 16:00:00,0.035294957,0.004686
2023-09-17 17:00:00,0.035848003,0.004686
2023-09-17 18:00:00,0.035794046,0.004686
2023-09-17 19:00:00,0.035133403,0.004686
2023-09-17 20:00:00,0.033906583,0.004686
2023-09-17 21:00:00,0.03322043,0.004686
2023-09-17 22:00:00,0.033287197,0.004686
2023-09-17 23:00:00,0.033174127,0.004686
2023-09-18 00:00:00,0.033096123,0.004686
2023-09-18 01:00:00,0.03301935,0.004686
2023-09-18 02:00:00,0.033183217,0.004686
2023-09-18 03:00:00,0.033629127,0.004686
2023-09-18 04:00:00,0.033679567,0.004686
2023-09-18 05:00:00,0.03391749,0.004686
2023-09-18 06:00:00,0.034637198,0.004686
2023-09-18 07:00:00,0.03463597,0.004686
2023-09-18 08:00:00,0.034077253,0.004686
2023-09-18 09:00:00,0.03297922,0.004686
2023-09-18 10:00:00,0.03231712,0.004686
2023-09-18 11:00:00,0.03012127,0.004686
2023-09-18 12:00:00,0.029060144,0.004686
2023-09-18 13:00:00,0.027392508,0.004686
2023-09-18 14:00:00,0.026333742,0.004686
2023-09-18 15:00:00,0.025942612,0.004686
2023-09-18 16:00:00,0.027284946,0.004686
2023-09-18 17:00:00,0.028517485,0.004686
2023-09-18 18:00:00,0.029818673,0.004686
2023-09-18 19:00:00,0.0283448,0.004686
2023-09-18 20:00:00,0.026233837,0.004686
2023-09-18 21:00:00,0.026037306,0.004686
2023-09-18 22:00:00,0.026677804,0.004686
2023-09-18 23:00:00,0.02686034,0.004686
2023-09-19 00:00:00,0.026794057,0.004686
2023-09-19 01:00:00,0.02646834,0.004686
2023-09-19 02:00:00,0.026046155,0.004686
2023-09-19 03:00:00,0.02617127,0.004686
2023-09-19 04:00:00,0.02642331,0.004686
2023-09-19 05:00:00,0.026546346,0.004686
2023-09-19 06:00:00,0.026202435,0.004686
2023-09-19 07:00:00,0.026076192,0.004686
2023-09-19 08:00:00,0.025196431,0.004686
2023-09-19 09:00:00,0.024723358,0.004686
2023-09-19 10:00:00,0.02464821,0.004686
2023-09-19 11:00:00,0.024731161,0.004686
2023-09-19 12:00:00,0.025210558,0.004686
2023-09-19 13:00:00,0.0241951,0.004686
2023-09-19 14:00:00,0.024274705,0.004686
2023-09-19 15:00:00,0.024425877,0.004686
2023-09-19 16:00:00,0.024921883,0.004686
2023-09-19 17:00:00,0.026774174,0.004686
2023-09-19 18:00:00,0.028433068,0.004686
2023-09-19 19:00:00,0.07510122,0.004686
2023-09-19 20:00:00,0.09698438,0.004686
2023-09-19 21:00:00,0.10738809,0.004686
2023-09-19 22:00:00,0.11784882,0.004686
2023-09-19 23:00:00,0.12422891,0.004686
2023-09-20 00:00:00,0.13268901,0.004686
2023-09-20 01:00:00,0.13815108,0.004686
2023-09-20 02:00:00,0.14358906,0.004686
2023-09-20 03:00:00,0.15089042,0.004686
2023-09-20 04:00:00,0.15767509,0.004686
2023-09-20 05:00:00,0.16078457,0.004686
2023-09-20 06:00:00,0.15771966,0.004686
2023-09-20 07:00:00,0.15687239,0.004686
2023-09-20 08:00:00,0.15653515,0.004686
2023-09-20 09:00:00,0.15660049,0.004686
2023-09-20 10:00:00,0.15400209,0.004686
2023-09-20 11:00:00,0.14807352,0.004686
2023-09-20 12:00:00,0.1437425,0.004686
2023-09-20 13:00:00,0.13962889,0.004686
2023-09-20 14:00:00,0.13826077,0.004686
2023-09-20 15:00:00,0.1399315,0.004686
2023-09-20 16:00:00,0.14111076,0.004686
2023-09-20 17:00:00,0.14422528,0.004686
2023-09-20 18:00:00,0.14488414,0.004686
2023-09-20 19:00:00,0.10495434,0.004686
2023-09-20 20:00:00,0.08779017,0.004686
2023-09-20 21:00:00,0.08242076,0.004686
2023-09-20 22:00:00,0.07454903,0.004686
2023-09-20 23:00:00,0.06916622,0.004686
2023-09-21 00:00:00,0.06275374,0.004686
2023-09-21 01:00:00,0.05811341,0.004686
2023-09-21 02:00:00,0.050003882,0.004686
2023-09-21 03:00:00,0.04319624,0.004686
2023-09-21 04:00:00,0.036567707,0.004686
2023-09-21 05:00:00,0.030988246,0.004686
2023-09-21 06:00:00,0.030908491,0.004686
2023-09-21 07:00:00,0.030869495,0.004686
2023-09-21 08:00:00,0.031014564,0.004686
2023-09-21 09:00:00,0.030948035,0.004686
2023-09-21 10:00:00,0.028771719,0.004686
2023-09-21 11:00:00,0.026978008,0.004686
2023-09-21 12:00:00,0.024620559,0.004686
2023-09-21 13:00:00,0.023195902,0.004686
2023-09-21 14:00:00,0.023035483,0.004686
2023-09-21 15:00:00,0.022937369,0.004686
2023-09-21 16:00:00,0.024746709,0.004686
2023-09-21 17:00:00,0.025703799,0.004686
2023-09-21 18:00:00,0.026939863,0.004686
2023-09-21 19:00:00,0.025129883,0.004686
2023-09-21 20:00:00,0.024426322,0.004686
2023-09-21 21:00:00,0.024319267,0.004686
2023-09-21 22:00:00,0.024534797,0.004686
2023-09-21 23:00:00,0.024775995,0.004686
2023-09-22 00:00:00,0.024995742,0.004686
2023-09-22 01:00:00,0.025204979,0.004686
2023-09-22 02:00:00,0.025908126,0.004686
2023-09-22 03:00:00,0.025581656,0.004686
2023-09-22 04:00:00,0.02521995,0.004686
2023-09-22 05:00:00,0.026922788,0.004686
2023-09-22 06:00:00,0.027040819,0.004686
2023-09-22 07:00:00,0.026902813,0.004686
2023-09-22 08:00:00,0.026656002,0.004686
2023-09-22 09:00:00,0.02610809,0.004686
2023-09-22 10:00:00,0.025125967,0.004686
2023-09-22 11:00:00,0.025183916,0.004686
2023-09-22 12:00:00,0.024940608,0.004686
2023-09-22 13:00:00,0.023169229,0.004686
2023-09-22 14:00:00,0.023360785,0.004686
2023-09-22 15:00:00,0.023474736,0.004686
2023-09-22 16:00:00,0.02493843,0.004686
2023-09-22 17:00:00,0.027456483,0.004686
2023-09-22 18:00:00,0.026575997,0.004686
2023-09-22 19:00:00,0.0260623,0.004686
2023-09-22 20:00:00,0.025627313,0.004686
2023-09-22 21:00:00,0.025190584,0.004686
2023-09-22 22:00:00,0.025270507,0.004686
2023-09-22 23:00:00,0.025242597,0.004686
2023-09-23 00:00:00,0.025144495,0.004686
2023-09-23 01:00:00,0.025089588,0.004686
2023-09-23 02:00:00,0.025900055,0.004686
2023-09-23 03:00:00,0.027080737,0.004686
2023-09-23 04:00:00,0.026163504,0.004686
2023-09-23 05:00:00,0.023809684,0.004686
2023-09-23 06:00:00,0.023715049,0.004686
2023-09-23 07:00:00,0.023825645,0.004686
2023-09-23 08:00:00,0.023790618,0.004686
2023-09-23 09:00:00,0.023308748,0.004686
2023-09-23 10:00:00,0.022979788,0.004686
2023-09-23 11:00:00,0.023059096,0.004686
2023-09-23 12:00:00,0.022338968,0.004686
2023-09-23 13:00:00,0.02198556,0.004686
2023-09-23 14:00:00,0.023000436,0.004686
2023-09-23 15:00:00,0.023052396,0.004686
2023-09-23 16:00:00,0.024155913,0.004686
2023-09-23 17:00:00,0.022876207,0.004686
2023-09-23 18:00:00,0.024160057,0.004686
2023-09-23 19:00:00,0.024045434,0.004686
2023-09-23 20:00:00,0.023329837,0.004686
2023-09-23 21:00:00,0.024516959,0.004686
2023-09-23 22:00:00,0.02438924,0.004686
2023-09-23 23:00:00,0.025128216,0.004686
2023-09-24 00:00:00,0.025014276,0.004686
2023-09-24 01:00:00,0.024861725,0.004686
2023-09-24 02:00:00,0.024540303,0.004686
2023-09-24 03:00:00,0.02492203,0.004686
2023-09-24 04:00:00,0.025627194,0.004686
2023-09-24 05:00:00,0.025859056,0.004686
2023-09-24 06:00:00,0.026584994,0.004686
2023-09-24 07:00:00,0.026649205,0.004686
2023-09-24 08:00:00,0.026644526,0.004686
2023-09-24 09:00:00,0.027531667,0.004686
2023-09-24 10:00:00,0.027088217,0.004686
2023-09-24 11:00:00,0.026714258,0.004686
2023-09-24 12:00:00,0.028014604,0.004686
2023-09-24 13:00:00,0.027586885,0.004686
2023-09-24 14:00:00,0.02632912,0.004686
2023-09-24 15:00:00,0.028269961,0.004686
2023-09-24 16:00:00,0.029415995,0.004686
2023-09-24 17:00:00,0.032034673,0.004686
2023-09-24 18:00:00,0.030334167,0.004686
2023-09-24 19:00:00,0.028531488,0.004686
2023-09-24 20:00:00,0.028982753,0.004686
2023-09-24 21:00:00,0.029794438,0.004686
2023-09-24 22:00:00,0.028996574,0.004686
2023-09-24 23:00:00,0.029907616,0.004686
2023-09-25 00:00:00,0.029553525,0.004686
2023-09-25 01:00:00,0.029768359,0.004686
2023-09-25 02:00:00,0.03106124,0.004686
2023-09-25 03:00:00,0.030631723,0.004686
2023-09-25 04:00:00,0.030786602,0.004686
2023-09-25 05:00:00,0.031632043,0.004686
2023-09-25 06:00:00,0.030635698,0.004686
2023-09-25 07:00:00,0.030810677,0.004686
2023-09-25 08:00:00,0.031064782,0.004686
2023-09-25 09:00:00,0.031142894,0.004686
2023-09-25 10:00:00,0.031235311,0.004686
2023-09-25 11:00:00,0.031579968,0.004686
2023-09-25 12:00:00,0.032135725,0.004686
2023-09-25 13:00:00,0.033267327,0.004686
2023-09-25 14:00:00,0.034790836,0.004686
2023-09-25 15:00:00,0.035262242,0.004686
2023-09-25 16:00:00,0.038159385,0.004686
2023-09-25 17:00:00,0.03277991,0.004686
2023-09-25 18:00:00,0.03191567,0.004686
2023-09-25 19:00:00,0.031566508,0.004686
2023-09-25 20:00:00,0.03204799,0.004686
2023-09-25 21:00:00,0.030882172,0.004686
2023-09-25 22:00:00,0.03079907,0.004686
2023-09-25 23:00:00,0.029920433,0.004686
2023-09-26 00:00:00,0.030795306,0.004686
2023-09-26 01:00:00,0.029702991,0.004686
2023-09-26 02:00:00,0.027907304,0.004686
2023-09-26 03:00:00,0.03037306,0.004686
2023-09-26 04:00:00,0.029415872,0.004686
2023-09-26 05:00:00,0.02759919,0.004686
2023-09-26 06:00:00,0.027086806,0.004686
2023-09-26 07:00:00,0.02803731,0.004686
2023-09-26 08:00:00,0.02884892,0.004686
2023-09-26 09:00:00,0.029228048,0.004686
2023-09-26 10:00:00,0.028598709,0.004686
2023-09-26 11:00:00,0.027818035,0.004686
2023-09-26 12:00:00,0.027303005,0.004686
2023-09-26 13:00:00,0.026973436,0.004686
2023-09-26 14:00:00,0.027650062,0.004686
2023-09-26 15:00:00,0.02932414,0.004686
2023-09-26 16:00:00,0.029083002,0.004686
2023-09-26 17:00:00,0.02952057,0.004686
2023-09-26 18:00:00,0.030990368,0.004686
2023-09-26 19:00:00,0.030874308,0.004686
2023-09-26 20:00:00,0.030468332,0.004686
2023-09-26 21:00:00,0.030970372,0.004686
2023-09-26 22:00:00,0.03132783,0.004686
2023-09-26 23:00:00,0.031503297,0.004686
2023-09-27 00:00:00,0.031607278,0.004686
2023-09-27 01:00:00,0.032195628,0.004686
2023-09-27 02:00:00,0.032952264,0.004686
2023-09-27 03:00:00,0.031776614,0.004686
2023-09-27 04:00:00,0.033188645,0.004686
2023-09-27 05:00:00,0.03455939,0.004686
2023-09-27 06:00:00,0.032595553,0.004686
2023-09-27 07:00:00,0.030742798,0.004686
2023-09-27 08:00:00,0.031920955,0.004686
2023-09-27 09:00:00,0.03165052,0.004686
2023-09-27 10:00:00,0.031202693,0.004686
2023-09-27 11:00:00,0.03017236,0.004686
2023-09-27 12:00:00,0.029380653,0.004686
2023-09-27 13:00:00,0.02915954,0.004686
2023-09-27 14:00:00,0.0308638,0.004686
2023-09-27 15:00:00,0.031968083,0.004686
2023-09-27 16:00:00,0.032467857,0.004686
2023-09-27 17:00:00,0.031533338,0.004686
2023-09-27 18:00:00,0.030900912,0.004686
2023-09-27 19:00:00,0.030650426,0.004686
2023-09-27 20:00:00,0.029880418,0.004686
2023-09-27 21:00:00,0.029826561,0.004686
2023-09-27 22:00:00,0.030104786,0.004686
2023-09-27 23:00:00,0.030484501,0.004686
2023-09-28 00:00:00,0.03046281,0.004686
2023-09-28 01:00:00,0.030074928,0.004686
2023-09-28 02:00:00,0.03194281,0.004686
2023-09-28 03:00:00,0.032999925,0.004686
2023-09-28 04:00:00,0.031392004,0.004686
2023-09-28 05:00:00,0.03156854,0.004686
2023-09-28 06:00:00,0.032493595,0.004686
2023-09-28 07:00:00,0.034282688,0.004686
2023-09-28 08:00:00,0.03269644,0.004686
2023-09-28 09:00:00,0.0319246,0.004686
2023-09-28 10:00:00,0.03081951,0.004686
2023-09-28 11:00:00,0.030481365,0.004686
2023-09-28 12:00:00,0.029765047,0.004686
2023-09-28 13:00:00,0.029272683,0.004686
2023-09-28 14:00:00,0.03023411,0.004686
2023-09-28 15:00:00,0.03170359,0.004686
2023-09-28 16:00:00,0.032375693,0.004686
2023-09-28 17:00:00,0.03263221,0.004686
2023-09-28 18:00:00,0.032284204,0.004686
2023-09-28 19:00:00,0.030686453,0.004686
2023-09-28 20:00:00,0.030257173,0.004686
2023-09-28 21:00:00,0.030594163,0.004686
2023-09-28 22:00:00,0.030798951,0.004686
2023-09-28 23:00:00,0.031020956,0.004686
2023-09-29 00:00:00,0.031455614,0.004686
2023-09-29 01:00:00,0.033491258,0.004686
2023-09-29 02:00:00,0.032249514,0.004686
2023-09-29 03:00:00,0.03220112,0.004686
2023-09-29 04:00:00,0.032368027,0.004686
2023-09-29 05:00:00,0.032753658,0.004686
2023-09-29 06:00:00,0.034358975,0.004686
2023-09-29 07:00:00,0.033184912,0.004686
2023-09-29 08:00:00,0.030352876,0.004686
2023-09-29 09:00:00,0.029575827,0.004686
2023-09-29 10:00:00,0.029114392,0.004686
2023-09-29 11:00:00,0.028241994,0.004686
2023-09-29 12:00:00,0.027063854,0.004686
2023-09-29 13:00:00,0.026189953,0.004686
2023-09-29 14:00:00,0.025910966,0.004686
2023-09-29 15:00:00,0.026291339,0.004686
2023-09-29 16:00:00,0.028212793,0.004686
2023-09-29 17:00:00,0.028738486,0.004686
2023-09-29 18:00:00,0.030905982,0.004686
2023-09-29 19:00:00,0.030254714,0.004686
2023-09-29 20:00:00,0.02896447,0.004686
2023-09-29 21:00:00,0.028367626,0.004686
2023-09-29 22:00:00,0.028637718,0.004686
2023-09-29 23:00:00,0.029035894,0.004686
2023-09-30 00:00:00,0.02910054,0.004686
2023-09-30 01:00:00,0.028326688,0.004686
2023-09-30 02:00:00,0.02867394,0.004686
2023-09-30 03:00:00,0.029076936,0.004686
2023-09-30 04:00:00,0.029104257,0.004686
2023-09-30 05:00:00,0.029021623,0.004686
2023-09-30 06:00:00,0.029052533,0.004686
2023-09-30 07:00:00,0.028841777,0.004686
2023-09-30 08:00:00,0.029192165,0.004686
2023-09-30 09:00:00,0.028941037,0.004686
2023-09-30 10:00:00,0.027155746,0.004686
2023-09-30 11:00:00,0.025824698,0.004686
2023-09-30 12:00:00,0.025259547,0.004686
2023-09-30 13:00:00,0.025340876,0.004686
2023-09-30 14:00:00,0.024883414,0.004686
2023-09-30 15:00:00,0.025743643,0.004686
2023-09-30 16:00:00,0.028169401,0.004686
2023-09-30 17:00:00,0.030404817,0.004686
2023-09-30 18:00:00,0.027615434,0.004686
2023-09-30 19:00:00,0.026831849,0.004686
2023-09-30 20:00:00,0.027996115,0.004686
2023-09-30 21:00:00,0.027594391,0.004686
2023-09-30 22:00:00,0.02737012,0.004686
2023-09-30 23:00:00,0.029063795,0.004686
2023-10-01 00:00:00,0.030317023,0.004686
2023-10-01 01:00:00,0.030200751,0.004686
2023-10-01 02:00:00,0.029623484,0.004686
2023-10-01 03:00:00,0.03017098,0.004686
2023-10-01 04:00:00,0.030162487,0.004686
2023-10-01 05:00:00,0.03032868,0.004686
2023-10-01 06:00:00,0.031263653,0.004686
2023-10-01 07:00:00,0.031298045,0.004686
2023-10-01 08:00:00,0.031104403,0.004686
2023-10-01 09:00:00,0.031369463,0.004686
2023-10-01 10:00:00,0.030650333,0.004686
2023-10-01 11:00:00,0.031861827,0.004686
2023-10-01 12:00:00,0.032082435,0.004686
2023-10-01 13:00:00,0.032652885,0.004686
2023-10-01 14:00:00,0.035091687,0.004686
2023-10-01 15:00:00,0.037103824,0.004686
2023-10-01 16:00:00,0.035693064,0.004686
2023-10-01 17:00:00,0.03343713,0.004686
2023-10-01 18:00:00,0.033594638,0.004686
2023-10-01 19:00:00,0.034118254,0.004686
2023-10-01 20:00:00,0.031027077,0.004686
2023-10-01 21:00:00,0.03094463,0.004686
2023-10-01 22:00:00,0.03168879,0.004686
2023-10-01 23:00:00,0.029892514,0.004686
2023-10-02 00:00:00,0.028567439,0.004686
2023-10-02 01:00:00,0.030730775,0.004686
2023-10-02 02:00:00,0.0296712,0.004686
2023-10-02 03:00:00,0.029240487,0.004686
2023-10-02 04:00:00,0.030448174,0.004686
2023-10-02 05:00:00,0.028937787,0.004686
2023-10-02 06:00:00,0.027399804,0.004686
2023-10-02 07:00:00,0.027989995,0.004686
2023-10-02 08:00:00,0.028643526,0.004686
2023-10-02 09:00:00,0.029258529,0.004686
2023-10-02 10:00:00,0.029409893,0.004686
2023-10-02 11:00:00,0.028860657,0.004686
2023-10-02 12:00:00,0.02865843,0.004686
2023-10-02 13:00:00,0.028506685,0.004686
2023-10-02 14:00:00,0.028710034,0.004686
2023-10-02 15:00:00,0.030738773,0.004686
2023-10-02 16:00:00,0.031538107,0.004686
2023-10-02 17:00:00,0.03160632,0.004686
2023-10-02 18:00:00,0.031828515,0.004686
2023-10-02 19:00:00,0.030729715,0.004686
2023-10-02 20:00:00,0.030149825,0.004686
2023-10-02 21:00:00,0.029900333,0.004686
2023-10-02 22:00:00,0.030341512,0.004686
2023-10-02 23:00:00,0.031096997,0.004686
2023-10-03 00:00:00,0.03073297,0.004686
2023-10-03 01:00:00,0.03028718,0.004686
2023-10-03 02:00:00,0.03268944,0.004686
2023-10-03 03:00:00,0.030960202,0.004686
2023-10-03 04:00:00,0.030821858,0.004686
2023-10-03 05:00:00,0.030695751,0.004686
2023-10-03 06:00:00,0.029025199,0.004686
2023-10-03 07:00:00,0.029708745,0.004686
2023-10-03 08:00:00,0.03002104,0.004686
2023-10-03 09:00:00,0.029870396,0.004686
2023-10-03 10:00:00,0.029155381,0.004686
2023-10-03 11:00:00,0.028096436,0.004686
2023-10-03 12:00:00,0.026944373,0.004686
2023-10-03 13:00:00,0.02538366,0.004686
2023-10-03 14:00:00,0.025538877,0.004686
2023-10-03 15:00:00,0.0247241,0.004686
2023-10-03 16:00:00,0.023955962,0.004686
2023-10-03 17:00:00,0.024035743,0.004686
2023-10-03 18:00:00,0.024797289,0.004686
2023-10-03 19:00:00,0.025515307,0.004686
2023-10-03 20:00:00,0.026024936,0.004686
2023-10-03 21:00:00,0.025562242,0.004686
2023-10-03 22:00:00,0.02597794,0.004686
2023-10-03 23:00:00,0.02667119,0.004686
2023-10-04 00:00:00,0.027309977,0.004686
2023-10-04 01:00:00,0.028105365,0.004686
2023-10-04 02:00:00,0.027996784,0.004686
2023-10-04 03:00:00,0.028354732,0.004686
2023-10-04 04:00:00,0.028698675,0.004686
2023-10-04 05:00:00,0.029863873,0.004686
2023-10-04 06:00:00,0.03182857,0.004686
2023-10-04 07:00:00,0.033504046,0.004686
2023-10-04 08:00:00,0.033206165,0.004686
2023-10-04 09:00:00,0.033277087,0.004686
2023-10-04 10:00:00,0.033732776,0.004686
2023-10-04 11:00:00,0.034329977,0.004686
2023-10-04 12:00:00,0.035675306,0.004686
2023-10-04 13:00:00,0.03738861,0.004686
2023-10-04 14:00:00,0.034721266,0.004686
2023-10-04 15:00:00,0.033472937,0.004686
2023-10-04 16:00:00,0.033640247,0.004686
2023-10-04 17:00:00,0.034410067,0.004686
2023-10-04 18:00:00,0.036172897,0.004686
2023-10-04 19:00:00,0.03425312,0.004686
2023-10-04 20:00:00,0.0326787,0.004686
2023-10-04 21:00:00,0.03380747,0.004686
2023-10-04 22:00:00,0.033266034,0.004686
2023-10-04 23:00:00,0.033866495,0.004686
2023-10-05 00:00:00,0.036137767,0.004686
2023-10-05 01:00:00,0.0354168,0.004686
2023-10-05 02:00:00,0.033822007,0.004686
2023-10-05 03:00:00,0.033818945,0.004686
2023-10-05 04:00:00,0.035647485,0.004686
2023-10-05 05:00:00,0.035170164,0.004686
2023-10-05 06:00:00,0.03492242,0.004686
2023-10-05 07:00:00,0.032754645,0.004686
2023-10-05 08:00:00,0.030546663,0.004686
2023-10-05 09:00:00,0.03048997,0.004686
2023-10-05 10:00:00,0.030838665,0.004686
2023-10-05 11:00:00,0.031607147,0.004686
2023-10-05 12:00:00,0.033145737,0.004686
2023-10-05 13:00:00,0.03549906,0.004686
2023-10-05 14:00:00,0.036527995,0.004686
2023-10-05 15:00:00,0.03587157,0.004686
2023-10-05 16:00:00,0.033984125,0.004686
2023-10-05 17:00:00,0.03208793,0.004686
2023-10-05 18:00:00,0.03308271,0.004686
2023-10-05 19:00:00,0.032014288,0.004686
2023-10-05 20:00:00,0.030846206,0.004686
2023-10-05 21:00:00,0.03199012,0.004686
2023-10-05 22:00:00,0.032146953,0.004686
2023-10-05 23:00:00,0.031700794,0.004686
2023-10-06 00:00:00,0.033247307,0.004686
2023-10-06 01:00:00,0.032913275,0.004686
2023-10-06 02:00:00,0.032052558,0.004686
2023-10-06 03:00:00,0.033810902,0.004686
2023-10-06 04:00:00,0.032766752,0.004686
2023-10-06 05:00:00,0.031066773,0.004686
2023-10-06 06:00:00,0.029818585,0.004686
2023-10-06 07:00:00,0.030282047,0.004686
2023-10-06 08:00:00,0.03090194,0.004686
2023-10-06 09:00:00,0.031453814,0.004686
2023-10-06 10:00:00,0.032775752,0.004686
2023-10-06 11:00:00,0.032887973,0.004686
2023-10-06 12:00:00,0.03185598,0.004686
2023-10-06 13:00:00,0.031629972,0.004686
2023-10-06 14:00:00,0.033387378,0.004686
2023-10-06 15:00:00,0.03520388,0.004686
2023-10-06 16:00:00,0.03734741,0.004686
2023-10-06 17:00:00,0.036342446,0.004686
2023-10-06 18:00:00,0.035333082,0.004686
2023-10-06 19:00:00,0.032872062,0.004686
2023-10-06 20:00:00,0.032893755,0.004686
2023-10-06 21:00:00,0.033159744,0.004686
2023-10-06 22:00:00,0.032570623,0.004686
2023-10-06 23:00:00,0.033170342,0.004686
2023-10-07 00:00:00,0.034235753,0.004686
2023-10-07 01:00:00,0.035456337,0.004686
2023-10-07 02:00:00,0.036416866,0.004686
2023-10-07 03:00:00,0.036106527,0.004686
2023-10-07 04:00:00,0.035003804,0.004686
2023-10-07 05:00:00,0.032947704,0.004686
2023-10-07 06:00:00,0.031683873,0.004686
2023-10-07 07:00:00,0.029842528,0.004686
2023-10-07 08:00:00,0.029588344,0.004686
2023-10-07 09:00:00,0.02978815,0.004686
2023-10-07 10:00:00,0.030027652,0.004686
2023-10-07 11:00:00,0.02984938,0.004686
2023-10-07 12:00:00,0.03082588,0.004686
2023-10-07 13:00:00,0.030591575,0.004686
2023-10-07 14:00:00,0.029318428,0.004686
2023-10-07 15:00:00,0.030260542,0.004686
2023-10-07 16:00:00,0.032043103,0.004686
2023-10-07 17:00:00,0.03162975,0.004686
2023-10-07 18:00:00,0.031067304,0.004686
2023-10-07 19:00:00,0.028698085,0.004686
2023-10-07 20:00:00,0.02877159,0.004686
2023-10-07 21:00:00,0.02763327,0.004686
2023-10-07 22:00:00,0.028388299,0.004686
2023-10-07 23:00:00,0.029417615,0.004686
2023-10-08 00:00:00,0.029555717,0.004686
2023-10-08 01:00:00,0.030465791,0.004686
2023-10-08 02:00:00,0.029572086,0.004686
2023-10-08 03:00:00,0.029664138,0.004686
2023-10-08 04:00:00,0.028791798,0.004686
2023-10-08 05:00:00,0.03027001,0.004686
2023-10-08 06:00:00,0.032103118,0.004686
2023-10-08 07:00:00,0.03215356,0.004686
2023-10-08 08:00:00,0.029786492,0.004686
2023-10-08 09:00:00,0.030378887,0.004686
2023-10-08 10:00:00,0.030850977,0.004686
2023-10-08 11:00:00,0.030357994,0.004686
2023-10-08 12:00:00,0.029932743,0.004686
2023-10-08 13:00:00,0.029935548,0.004686
2023-10-08 14:00:00,0.030768625,0.004686
2023-10-08 15:00:00,0.03203019,0.004686
2023-10-08 16:00:00,0.033389494,0.004686
2023-10-08 17:00:00,0.032970853,0.004686
2023-10-08 18:00:00,0.031356744,0.004686
2023-10-08 19:00:00,0.028853066,0.004686
2023-10-08 20:00:00,0.02831258,0.004686
2023-10-08 21:00:00,0.028341819,0.004686
2023-10-08 22:00:00,0.029302802,0.004686
2023-10-08 23:00:00,0.029629638,0.004686
2023-10-09 00:00:00,0.026724815,0.004686
2023-10-09 01:00:00,0.026107946,0.004686
2023-10-09 02:00:00,0.027579727,0.004686
2023-10-09 03:00:00,0.029215468,0.004686
2023-10-09 04:00:00,0.028299138,0.004686
2023-10-09 05:00:00,0.026729576,0.004686
2023-10-09 06:00:00,0.02607647,0.004686
2023-10-09 07:00:00,0.026663259,0.004686
2023-10-09 08:00:00,0.027270677,0.004686
2023-10-09 09:00:00,0.02813554,0.004686
2023-10-09 10:00:00,0.028734846,0.004686
2023-10-09 11:00:00,0.028471438,0.004686
2023-10-09 12:00:00,0.028564302,0.004686
2023-10-09 13:00:00,0.028558116,0.004686
2023-10-09 14:00:00,0.028934894,0.004686
2023-10-09 15:00:00,0.02920999,0.004686
2023-10-09 16:00:00,0.029898288,0.004686
2023-10-09 17:00:00,0.030796334,0.004686
2023-10-09 18:00:00,0.029662946,0.004686
2023-10-09 19:00:00,0.028507432,0.004686
2023-10-09 20:00:00,0.027945394,0.004686
2023-10-09 21:00:00,0.028278582,0.004686
2023-10-09 22:00:00,0.028149849,0.004686
2023-10-09 23:00:00,0.026671264,0.004686
2023-10-10 00:00:00,0.027053688,0.004686
2023-10-10 01:00:00,0.028683376,0.004686
2023-10-10 02:00:00,0.027322074,0.004686
2023-10-10 03:00:00,0.028282605,0.004686
2023-10-10 04:00:00,0.02992551,0.004686
2023-10-10 05:00:00,0.027925279,0.004686
2023-10-10 06:00:00,0.029621031,0.004686
2023-10-10 07:00:00,0.032453887,0.004686
2023-10-10 08:00:00,0.0344971,0.004686
2023-10-10 09:00:00,0.033819117,0.004686
2023-10-10 10:00:00,0.032158624,0.004686
2023-10-10 11:00:00,0.032458175,0.004686
2023-10-10 12:00:00,0.03282515,0.004686
2023-10-10 13:00:00,0.032561004,0.004686
2023-10-10 14:00:00,0.03294356,0.004686
2023-10-10 15:00:00,0.034081277,0.004686
2023-10-10 16:00:00,0.036201715,0.004686
2023-10-10 17:00:00,0.036912557,0.004686
2023-10-10 18:00:00,0.03477918,0.004686
2023-10-10 19:00:00,0.03406053,0.004686
2023-10-10 20:00:00,0.0337168,0.004686
2023-10-10 21:00:00,0.034254212,0.004686
2023-10-10 22:00:00,0.034846287,0.004686
2023-10-10 23:00:00,0.037230544,0.004686
2023-10-11 00:00:00,0.037220597,0.004686
2023-10-11 01:00:00,0.037174933,0.004686
2023-10-11 02:00:00,0.03878531,0.004686
2023-10-11 03:00:00,0.04014691,0.004686
2023-10-11 04:00:00,0.040724806,0.004686
2023-10-11 05:00:00,0.04200105,0.004686
2023-10-11 06:00:00,0.041881777,0.004686
2023-10-11 07:00:00,0.0416355,0.004686
2023-10-11 08:00:00,0.040428814,0.004686
2023-10-11 09:00:00,0.03856666,0.004686
2023-10-11 10:00:00,0.03722848,0.004686
2023-10-11 11:00:00,0.037572537,0.004686
2023-10-11 12:00:00,0.0379845,0.004686
2023-10-11 13:00:00,0.03877112,0.004686
2023-10-11 14:00:00,0.03999989,0.004686
2023-10-11 15:00:00,0.04187203,0.004686
2023-10-11 16:00:00,0.04225181,0.004686
2023-10-11 17:00:00,0.04210123,0.004686
2023-10-11 18:00:00,0.040285125,0.004686
2023-10-11 19:00:00,0.037785325,0.004686
2023-10-11 20:00:00,0.038461346,0.004686
2023-10-11 21:00:00,0.040571235,0.004686
2023-10-11 22:00:00,0.040988658,0.004686
2023-10-11 23:00:00,0.038874686,0.004686
2023-10-12 00:00:00,0.040138926,0.004686
2023-10-12 01:00:00,0.043552846,0.004686
2023-10-12 02:00:00,0.04473681,0.004686
2023-10-12 03:00:00,0.044885896,0.004686
2023-10-12 04:00:00,0.0436514,0.004686
2023-10-12 05:00:00,0.042064667,0.004686
2023-10-12 06:00:00,0.040490493,0.004686
2023-10-12 07:00:00,0.03897485,0.004686
2023-10-12 08:00:00,0.03982717,0.004686
2023-10-12 09:00:00,0.039886747,0.004686
2023-10-12 10:00:00,0.03956014,0.004686
2023-10-12 11:00:00,0.040123425,0.004686
2023-10-12 12:00:00,0.03922336,0.004686
2023-10-12 13:00:00,0.03754953,0.004686
2023-10-12 14:00:00,0.03801569,0.004686
2023-10-12 15:00:00,0.039274015,0.004686
2023-10-12 16:00:00,0.039982393,0.004686
2023-10-12 17:00:00,0.0372562,0.004686
2023-10-12 18:00:00,0.034332305,0.004686
2023-10-12 19:00:00,0.033494025,0.004686
2023-10-12 20:00:00,0.032842208,0.004686
2023-10-12 21:00:00,0.033175513,0.004686
2023-10-12 22:00:00,0.03385038,0.004686
2023-10-12 23:00:00,0.035234742,0.004686
2023-10-13 00:00:00,0.03813248,0.004686
2023-10-13 01:00:00,0.03752122,0.004686
2023-10-13 02:00:00,0.032569963,0.004686
2023-10-13 03:00:00,0.029913193,0.004686
2023-10-13 04:00:00,0.031786676,0.004686
2023-10-13 05:00:00,0.034391083,0.004686
2023-10-13 06:00:00,0.037733745,0.004686
2023-10-13 07:00:00,0.03893601,0.004686
2023-10-13 08:00:00,0.034644794,0.004686
2023-10-13 09:00:00,0.031995997,0.004686
2023-10-13 10:00:00,0.033114865,0.004686
2023-10-13 11:00:00,0.03474955,0.004686
2023-10-13 12:00:00,0.036639165,0.004686
2023-10-13 13:00:00,0.03899472,0.004686
2023-10-13 14:00:00,0.03888028,0.004686
2023-10-13 15:00:00,0.038029633,0.004686
2023-10-13 16:00:00,0.036335472,0.004686
2023-10-13 17:00:00,0.03642105,0.004686
2023-10-13 18:00:00,0.036632996,0.004686
2023-10-13 19:00:00,0.03714935,0.004686
2023-10-13 20:00:00,0.038460862,0.004686
2023-10-13 21:00:00,0.03511211,0.004686
2023-10-13 22:00:00,0.03392909,0.004686
2023-10-13 23:00:00,0.034444455,0.004686
2023-10-14 00:00:00,0.035035253,0.004686
2023-10-14 01:00:00,0.036146715,0.004686
2023-10-14 02:00:00,0.03899618,0.004686
2023-10-14 03:00:00,0.04277612,0.004686
2023-10-14 04:00:00,0.041606992,0.004686
2023-10-14 05:00:00,0.0373967,0.004686
2023-10-14 06:00:00,0.036449414,0.004686
2023-10-14 07:00:00,0.036799002,0.004686
2023-10-14 08:00:00,0.035928514,0.004686
2023-10-14 09:00:00,0.034642443,0.004686
2023-10-14 10:00:00,0.033086263,0.004686
2023-10-14 11:00:00,0.031468187,0.004686
2023-10-14 12:00:00,0.030290153,0.004686
2023-10-14 13:00:00,0.029458867,0.004686
2023-10-14 14:00:00,0.028337315,0.004686
2023-10-14 15:00:00,0.027766882,0.004686
2023-10-14 16:00:00,0.028513644,0.004686
2023-10-14 17:00:00,0.02971141,0.004686
2023-10-14 18:00:00,0.028988332,0.004686
2023-10-14 19:00:00,0.027214043,0.004686
2023-10-14 20:00:00,0.026051551,0.004686
2023-10-14 21:00:00,0.026390264,0.004686
2023-10-14 22:00:00,0.02733153,0.004686
2023-10-14 23:00:00,0.02644914,0.004686
2023-10-15 00:00:00,0.026884796,0.004686
2023-10-15 01:00:00,0.0262166,0.004686
2023-10-15 02:00:00,0.026189454,0.004686
2023-10-15 03:00:00,0.026086492,0.004686
2023-10-15 04:00:00,0.026954837,0.004686
2023-10-15 05:00:00,0.02636373,0.004686
2023-10-15 06:00:00,0.024534885,0.004686
2023-10-15 07:00:00,0.024650661,0.004686
2023-10-15 08:00:00,0.024291586,0.004686
2023-10-15 09:00:00,0.024505237,0.004686
2023-10-15 10:00:00,0.024418974,0.004686
2023-10-15 11:00:00,0.024492614,0.004686
2023-10-15 12:00:00,0.026929496,0.004686
2023-10-15 13:00:00,0.026016241,0.004686
2023-10-15 14:00:00,0.025599817,0.004686
2023-10-15 15:00:00,0.026337905,0.004686
2023-10-15 16:00:00,0.028916508,0.004686
2023-10-15 17:00:00,0.024883997,0.004686
2023-10-15 18:00:00,0.024495315,0.004686
2023-10-15 19:00:00,0.024947053,0.004686
2023-10-15 20:00:00,0.025873406,0.004686
2023-10-15 21:00:00,0.02504677,0.004686
2023-10-15 22:00:00,0.024844294,0.004686
2023-10-15 23:00:00,0.025891611,0.004686
2023-10-16 00:00:00,0.026874429,0.004686
2023-10-16 01:00:00,0.027730174,0.004686
2023-10-16 02:00:00,0.027505588,0.004686
2023-10-16 03:00:00,0.026445238,0.004686
2023-10-16 04:00:00,0.025929127,0.004686
2023-10-16 05:00:00,0.026493851,0.004686
2023-10-16 06:00:00,0.026144011,0.004686
2023-10-16 07:00:00,0.025017418,0.004686
2023-10-16 08:00:00,0.025795031,0.004686
2023-10-16 09:00:00,0.027084237,0.004686
2023-10-16 10:00:00,0.028302887,0.004686
2023-10-16 11:00:00,0.028816864,0.004686
2023-10-16 12:00:00,0.030515406,0.004686
2023-10-16 13:00:00,0.03199127,0.004686
2023-10-16 14:00:00,0.0315849,0.004686
2023-10-16 15:00:00,0.03435632,0.004686
2023-10-16 16:00:00,0.03314692,0.004686
2023-10-16 17:00:00,0.031098938,0.004686
2023-10-16 18:00:00,0.030139126,0.004686
2023-10-16 19:00:00,0.030283822,0.004686
2023-10-16 20:00:00,0.031261306,0.004686
2023-10-16 21:00:00,0.03220315,0.004686
2023-10-16 22:00:00,0.03274148,0.004686
2023-10-16 23:00:00,0.034185607,0.004686
2023-10-17 00:00:00,0.033464823,0.004686
2023-10-17 01:00:00,0.03425046,0.004686
2023-10-17 02:00:00,0.033920288,0.004686
2023-10-17 03:00:00,0.03262785,0.004686
2023-10-17 04:00:00,0.032116715,0.004686
2023-10-17 05:00:00,0.03218667,0.004686
2023-10-17 06:00:00,0.032521967,0.004686
2023-10-17 07:00:00,0.03215605,0.004686
2023-10-17 08:00:00,0.03153175,0.004686
2023-10-17 09:00:00,0.031069623,0.004686
2023-10-17 10:00:00,0.032112878,0.004686
2023-10-17 11:00:00,0.03216839,0.004686
2023-10-17 12:00:00,0.032211695,0.004686
2023-10-17 13:00:00,0.032424625,0.004686
2023-10-17 14:00:00,0.034400333,0.004686
2023-10-17 15:00:00,0.03457179,0.004686
2023-10-17 16:00:00,0.0334043,0.004686
2023-10-17 17:00:00,0.031526733,0.004686
2023-10-17 18:00:00,0.030954404,0.004686
2023-10-17 19:00:00,0.029464025,0.004686
2023-10-17 20:00:00,0.0292336,0.004686
2023-10-17 21:00:00,0.028524619,0.004686
2023-10-17 22:00:00,0.027408758,0.004686
2023-10-17 23:00:00,0.02693038,0.004686
2023-10-18 00:00:00,0.027852096,0.004686
2023-10-18 01:00:00,0.027315164,0.004686
2023-10-18 02:00:00,0.02605626,0.004686
2023-10-18 03:00:00,0.026716866,0.004686
2023-10-18 04:00:00,0.026465666,0.004686
2023-10-18 05:00:00,0.026377227,0.004686
2023-10-18 06:00:00,0.026811657,0.004686
2023-10-18 07:00:00,0.025863709,0.004686
2023-10-18 08:00:00,0.027181821,0.004686
2023-10-18 09:00:00,0.026608612,0.004686
2023-10-18 10:00:00,0.025182333,0.004686
2023-10-18 11:00:00,0.024652097,0.004686
2023-10-18 12:00:00,0.024693845,0.004686
2023-10-18 13:00:00,0.024822108,0.004686
2023-10-18 14:00:00,0.02665632,0.004686
2023-10-18 15:00:00,0.028316464,0.004686
2023-10-18 16:00:00,0.030008491,0.004686
2023-10-18 17:00:00,0.028214987,0.004686
2023-10-18 18:00:00,0.027152345,0.004686
2023-10-18 19:00:00,0.027138285,0.004686
2023-10-18 20:00:00,0.028338792,0.004686
2023-10-18 21:00:00,0.028797243,0.004686
2023-10-18 22:00:00,0.028939284,0.004686
2023-10-18 23:00:00,0.02968185,0.004686
2023-10-19 00:00:00,0.030497933,0.004686
2023-10-19 01:00:00,0.03283524,0.004686
2023-10-19 02:00:00,0.03415598,0.004686
2023-10-19 03:00:00,0.034483466,0.004686
2023-10-19 04:00:00,0.034752082,0.004686
2023-10-19 05:00:00,0.034311205,0.004686
2023-10-19 06:00:00,0.03455512,0.004686
2023-10-19 07:00:00,0.03370384,0.004686
2023-10-19 08:00:00,0.032335043,0.004686
2023-10-19 09:00:00,0.03211584,0.004686
2023-10-19 10:00:00,0.031911224,0.004686
2023-10-19 11:00:00,0.03310015,0.004686
2023-10-19 12:00:00,0.03539088,0.004686
2023-10-19 13:00:00,0.03772244,0.004686
2023-10-19 14:00:00,0.037681926,0.004686
2023-10-19 15:00:00,0.03717614,0.004686
2023-10-19 16:00:00,0.03542269,0.004686
2023-10-19 17:00:00,0.035759196,0.004686
2023-10-19 18:00:00,0.034482624,0.004686
2023-10-19 19:00:00,0.03407049,0.004686
2023-10-19 20:00:00,0.033890095,0.004686
2023-10-19 21:00:00,0.033298284,0.004686
2023-10-19 22:00:00,0.031886224,0.004686
2023-10-19 23:00:00,0.03243754,0.004686
2023-10-20 00:00:00,0.033850703,0.004686
2023-10-20 01:00:00,0.032832522,0.004686
2023-10-20 02:00:00,0.033673517,0.004686
2023-10-20 03:00:00,0.03461067,0.004686
2023-10-20 04:00:00,0.034129053,0.004686
2023-10-20 05:00:00,0.032289594,0.004686
2023-10-20 06:00:00,0.03226107,0.004686
2023-10-20 07:00:00,0.03144041,0.004686
2023-10-20 08:00:00,0.029898373,0.004686
2023-10-20 09:00:00,0.02988417,0.004686
2023-10-20 10:00:00,0.028271545,0.004686
2023-10-20 11:00:00,0.029450791,0.004686
2023-10-20 12:00:00,0.03079326,0.004686
2023-10-20 13:00:00,0.0315168,0.004686
2023-10-20 14:00:00,0.031900022,0.004686
2023-10-20 15:00:00,0.031332567,0.004686
2023-10-20 16:00:00,0.031205272,0.004686
2023-10-20 17:00:00,0.031006387,0.004686
2023-10-20 18:00:00,0.029977184,0.004686
2023-10-20 19:00:00,0.029231887,0.004686
2023-10-20 20:00:00,0.028189052,0.004686
2023-10-20 21:00:00,0.02704617,0.004686
2023-10-20 22:00:00,0.027562939,0.004686
2023-10-20 23:00:00,0.02711047,0.004686
2023-10-21 00:00:00,0.028466834,0.004686
2023-10-21 01:00:00,0.029130742,0.004686
2023-10-21 02:00:00,0.02975154,0.004686
2023-10-21 03:00:00,0.030852927,0.004686
2023-10-21 04:00:00,0.030390702,0.004686
2023-10-21 05:00:00,0.02879252,0.004686
2023-10-21 06:00:00,0.02848358,0.004686
2023-10-21 07:00:00,0.027408142,0.004686
2023-10-21 08:00:00,0.025745405,0.004686
2023-10-21 09:00:00,0.025931053,0.004686
2023-10-21 10:00:00,0.025817484,0.004686
2023-10-21 11:00:00,0.02626407,0.004686
2023-10-21 12:00:00,0.02808663,0.004686
2023-10-21 13:00:00,0.029074186,0.004686
2023-10-21 14:00:00,0.029733138,0.004686
2023-10-21 15:00:00,0.029627511,0.004686
2023-10-21 16:00:00,0.029524865,0.004686
2023-10-21 17:00:00,0.029359486,0.004686
2023-10-21 18:00:00,0.029366367,0.004686
2023-10-21 19:00:00,0.027455516,0.004686
2023-10-21 20:00:00,0.026727399,0.004686
2023-10-21 21:00:00,0.026204506,0.004686
2023-10-21 22:00:00,0.0258437,0.004686
2023-10-21 23:00:00,0.025624933,0.004686
2023-10-22 00:00:00,0.026480498,0.004686
2023-10-22 01:00:00,0.027889099,0.004686
2023-10-22 02:00:00,0.027206047,0.004686
2023-10-22 03:00:00,0.026651433,0.004686
2023-10-22 04:00:00,0.02774606,0.004686
2023-10-22 05:00:00,0.026611315,0.004686
2023-10-22 06:00:00,0.025810216,0.004686
2023-10-22 07:00:00,0.02579066,0.004686
2023-10-22 08:00:00,0.026201656,0.004686
2023-10-22 09:00:00,0.02577863,0.004686
2023-10-22 10:00:00,0.025922494,0.004686
2023-10-22 11:00:00,0.025658665,0.004686
2023-10-22 12:00:00,0.026615331,0.004686
2023-10-22 13:00:00,0.027424512,0.004686
2023-10-22 14:00:00,0.028005173,0.004686
2023-10-22 15:00:00,0.02851298,0.004686
2023-10-22 16:00:00,0.028755967,0.004686
2023-10-22 17:00:00,0.028904464,0.004686
2023-10-22 18:00:00,0.026649144,0.004686
2023-10-22 19:00:00,0.025472421,0.004686
2023-10-22 20:00:00,0.025395075,0.004686
2023-10-22 21:00:00,0.025810491,0.004686
2023-10-22 22:00:00,0.026161075,0.004686
2023-10-22 23:00:00,0.026699066,0.004686
2023-10-23 00:00:00,0.026280636,0.004686
2023-10-23 01:00:00,0.025869284,0.004686
2023-10-23 02:00:00,0.026358098,0.004686
2023-10-23 03:00:00,0.02627515,0.004686
2023-10-23 04:00:00,0.026717545,0.004686
2023-10-23 05:00:00,0.027008045,0.004686
2023-10-23 06:00:00,0.026778765,0.004686
2023-10-23 07:00:00,0.027029151,0.004686
2023-10-23 08:00:00,0.027332015,0.004686
2023-10-23 09:00:00,0.02817898,0.004686
2023-10-23 10:00:00,0.030072646,0.004686
2023-10-23 11:00:00,0.03118158,0.004686
2023-10-23 12:00:00,0.031507947,0.004686
2023-10-23 13:00:00,0.032322887,0.004686
2023-10-23 14:00:00,0.03250323,0.004686
2023-10-23 15:00:00,0.033095937,0.004686
2023-10-23 16:00:00,0.033005215,0.004686
2023-10-23 17:00:00,0.032601453,0.004686
2023-10-23 18:00:00,0.032190613,0.004686
2023-10-23 19:00:00,0.032215334,0.004686
2023-10-23 20:00:00,0.031902663,0.004686
2023-10-23 21:00:00,0.032019913,0.004686
2023-10-23 22:00:00,0.032182712,0.004686
2023-10-23 23:00:00,0.032152645,0.004686
2023-10-24 00:00:00,0.03285535,0.004686
2023-10-24 01:00:00,0.033196647,0.004686
2023-10-24 02:00:00,0.032456033,0.004686
2023-10-24 03:00:00,0.03235776,0.004686
2023-10-24 04:00:00,0.032821212,0.004686
2023-10-24 05:00:00,0.03256695,0.004686
2023-10-24 06:00:00,0.032279536,0.004686
2023-10-24 07:00:00,0.032308325,0.004686
2023-10-24 08:00:00,0.031686574,0.004686
2023-10-24 09:00:00,0.029492911,0.004686
2023-10-24 10:00:00,0.028869834,0.004686
2023-10-24 11:00:00,0.03178154,0.004686
2023-10-24 12:00:00,0.034430042,0.004686
2023-10-24 13:00:00,0.034039583,0.004686
2023-10-24 14:00:00,0.034713235,0.004686
2023-10-24 15:00:00,0.03515634,0.004686
2023-10-24 16:00:00,0.034731492,0.004686
2023-10-24 17:00:00,0.032840703,0.004686
2023-10-24 18:00:00,0.032046083,0.004686
2023-10-24 19:00:00,0.030587235,0.004686
2023-10-24 20:00:00,0.032441813,0.004686
2023-10-24 21:00:00,0.03299301,0.004686
2023-10-24 22:00:00,0.03321722,0.004686
2023-10-24 23:00:00,0.032423146,0.004686
2023-10-25 00:00:00,0.032559443,0.004686
2023-10-25 01:00:00,0.033351105,0.004686
2023-10-25 02:00:00,0.034070846,0.004686
2023-10-25 03:00:00,0.034467746,0.004686
2023-10-25 04:00:00,0.032672625,0.004686
2023-10-25 05:00:00,0.031901374,0.004686
2023-10-25 06:00:00,0.03228536,0.004686
2023-10-25 07:00:00,0.0317779,0.004686
2023-10-25 08:00:00,0.03160756,0.004686
2023-10-25 09:00:00,0.031201286,0.004686
2023-10-25 10:00:00,0.031932008,0.004686
2023-10-25 11:00:00,0.03197294,0.004686
2023-10-25 12:00:00,0.033399884,0.004686
2023-10-25 13:00:00,0.03517376,0.004686
2023-10-25 14:00:00,0.036864996,0.004686
2023-10-25 15:00:00,0.036985356,0.004686
2023-10-25 16:00:00,0.037359558,0.004686
2023-10-25 17:00:00,0.034668293,0.004686
2023-10-25 18:00:00,0.03411865,0.004686
2023-10-25 19:00:00,0.034920745,0.004686
2023-10-25 20:00:00,0.035125896,0.004686
2023-10-25 21:00:00,0.036308862,0.004686
2023-10-25 22:00:00,0.036131367,0.004686
2023-10-25 23:00:00,0.035561472,0.004686
2023-10-26 00:00:00,0.034594487,0.004686
2023-10-26 01:00:00,0.034906153,0.004686
2023-10-26 02:00:00,0.03546587,0.004686
2023-10-26 03:00:00,0.03530912,0.004686
2023-10-26 04:00:00,0.03507877,0.004686
2023-10-26 05:00:00,0.03444408,0.004686
2023-10-26 06:00:00,0.03369574,0.004686
2023-10-26 07:00:00,0.03324497,0.004686
2023-10-26 08:00:00,0.032012302,0.004686
2023-10-26 09:00:00,0.030787025,0.004686
2023-10-26 10:00:00,0.031165294,0.004686
2023-10-26 11:00:00,0.032394644,0.004686
2023-10-26 12:00:00,0.033384822,0.004686
2023-10-26 13:00:00,0.033985116,0.004686
2023-10-26 14:00:00,0.034004785,0.004686
2023-10-26 15:00:00,0.03403435,0.004686
2023-10-26 16:00:00,0.03324861,0.004686
2023-10-26 17:00:00,0.033960704,0.004686
2023-10-26 18:00:00,0.032861218,0.004686
2023-10-26 19:00:00,0.031318385,0.004686
2023-10-26 20:00:00,0.031072037,0.004686
2023-10-26 21:00:00,0.031084526,0.004686
2023-10-26 22:00:00,0.030792147,0.004686
2023-10-26 23:00:00,0.031021193,0.004686
2023-10-27 00:00:00,0.03216248,0.004686
2023-10-27 01:00:00,0.03186876,0.004686
2023-10-27 02:00:00,0.030900009,0.004686
2023-10-27 03:00:00,0.028777687,0.004686
2023-10-27 04:00:00,0.027538495,0.004686
2023-10-27 05:00:00,0.026367877,0.004686
2023-10-27 06:00:00,0.026360385,0.004686
2023-10-27 07:00:00,0.025582485,0.004686
2023-10-27 08:00:00,0.025542974,0.004686
2023-10-27 09:00:00,0.026387373,0.004686
2023-10-27 10:00:00,0.02766299,0.004686
2023-10-27 11:00:00,0.027584916,0.004686
2023-10-27 12:00:00,0.027866017,0.004686
2023-10-27 13:00:00,0.027996166,0.004686
2023-10-27 14:00:00,0.02755544,0.004686
2023-10-27 15:00:00,0.026688747,0.004686
2023-10-27 16:00:00,0.027543815,0.004686
2023-10-27 17:00:00,0.02884255,0.004686
2023-10-27 18:00:00,0.030196495,0.004686
2023-10-27 19:00:00,0.030584328,0.004686
2023-10-27 20:00:00,0.030605732,0.004686
2023-10-27 21:00:00,0.030743914,0.004686
2023-10-27 22:00:00,0.031223973,0.004686
2023-10-27 23:00:00,0.03171628,0.004686
2023-10-28 00:00:00,0.03204537,0.004686
2023-10-28 01:00:00,0.032305714,0.004686
2023-10-28 02:00:00,0.033070862,0.004686
2023-10-28 03:00:00,0.034885313,0.004686
2023-10-28 04:00:00,0.035315912,0.004686
2023-10-28 05:00:00,0.037548408,0.004686
2023-10-28 06:00:00,0.035283767,0.004686
2023-10-28 07:00:00,0.034750752,0.004686
2023-10-28 08:00:00,0.03402694,0.004686
2023-10-28 09:00:00,0.033607334,0.004686
2023-10-28 10:00:00,0.03322244,0.004686
2023-10-28 11:00:00,0.03336043,0.004686
2023-10-28 12:00:00,0.032934822,0.004686
2023-10-28 13:00:00,0.03406353,0.004686
2023-10-28 14:00:00,0.034379285,0.004686
2023-10-28 15:00:00,0.03377897,0.004686
2023-10-28 16:00:00,0.033535633,0.004686
2023-10-28 17:00:00,0.03201446,0.004686
2023-10-28 18:00:00,0.030605253,0.004686
2023-10-28 19:00:00,0.028579757,0.004686
2023-10-28 20:00:00,0.028147778,0.004686
2023-10-28 21:00:00,0.026278686,0.004686
2023-10-28 22:00:00,0.02577589,0.004686
2023-10-28 23:00:00,0.025644114,0.004686
2023-10-29 00:00:00,0.026420366,0.004686
2023-10-29 01:00:00,0.027527152,0.004686
2023-10-29 02:00:00,0.02647302,0.004686
2023-10-29 03:00:00,0.02714085,0.004686
2023-10-29 04:00:00,0.027552674,0.004686
2023-10-29 05:00:00,0.0250263,0.004686
2023-10-29 06:00:00,0.024496164,0.004686
2023-10-29 07:00:00,0.023592006,0.004686
2023-10-29 08:00:00,0.023065386,0.004686
2023-10-29 09:00:00,0.02278782,0.004686
2023-10-29 10:00:00,0.023194533,0.004686
2023-10-29 11:00:00,0.023185233,0.004686
2023-10-29 12:00:00,0.022633715,0.004686
2023-10-29 13:00:00,0.022912215,0.004686
2023-10-29 14:00:00,0.023657145,0.004686
2023-10-29 15:00:00,0.025755877,0.004686
2023-10-29 16:00:00,0.025674399,0.004686
2023-10-29 17:00:00,0.02549322,0.004686
2023-10-29 18:00:00,0.022594497,0.004686
2023-10-29 19:00:00,0.022648552,0.004686
2023-10-29 20:00:00,0.022496542,0.004686
2023-10-29 21:00:00,0.022616588,0.004686
2023-10-29 22:00:00,0.022641947,0.004686
2023-10-29 23:00:00,0.023428291,0.004686
2023-10-30 00:00:00,0.022957714,0.004686
2023-10-30 01:00:00,0.022345569,0.004686
2023-10-30 02:00:00,0.022739105,0.004686
2023-10-30 03:00:00,0.022672871,0.004686
2023-10-30 04:00:00,0.022619555,0.004686
2023-10-30 05:00:00,0.023333566,0.004686
2023-10-30 06:00:00,0.023707125,0.004686
2023-10-30 07:00:00,0.024324965,0.004686
2023-10-30 08:00:00,0.024719832,0.004686
2023-10-30 09:00:00,0.025465287,0.004686
2023-10-30 10:00:00,0.026475023,0.004686
2023-10-30 11:00:00,0.026574826,0.004686
2023-10-30 12:00:00,0.026737321,0.004686
2023-10-30 13:00:00,0.028113095,0.004686
2023-10-30 14:00:00,0.028263245,0.004686
2023-10-30 15:00:00,0.029160956,0.004686
2023-10-30 16:00:00,0.029475141,0.004686
2023-10-30 17:00:00,0.030148536,0.004686
2023-10-30 18:00:00,0.030250344,0.004686
2023-10-30 19:00:00,0.030714152,0.004686
2023-10-30 20:00:00,0.02938898,0.004686
2023-10-30 21:00:00,0.028886707,0.004686
2023-10-30 22:00:00,0.028925778,0.004686
2023-10-30 23:00:00,0.02926303,0.004686
2023-10-31 00:00:00,0.029769527,0.004686
2023-10-31 01:00:00,0.028979931,0.004686
2023-10-31 02:00:00,0.028655853,0.004686
2023-10-31 03:00:00,0.028161678,0.004686
2023-10-31 04:00:00,0.030048281,0.004686
2023-10-31 05:00:00,0.029350461,0.004686
2023-10-31 06:00:00,0.028712766,0.004686
2023-10-31 07:00:00,0.028418891,0.004686
2023-10-31 08:00:00,0.027190937,0.004686
2023-10-31 09:00:00,0.025975276,0.004686
2023-10-31 10:00:00,0.0247822,0.004686
2023-10-31 11:00:00,0.025611194,0.004686
2023-10-31 12:00:00,0.027223269,0.004686
2023-10-31 13:00:00,0.02785401,0.004686
2023-10-31 14:00:00,0.028255625,0.004686
2023-10-31 15:00:00,0.029691434,0.004686
2023-10-31 16:00:00,0.031027403,0.004686
2023-10-31 17:00:00,0.030013347,0.004686
2023-10-31 18:00:00,0.030201716,0.004686
2023-10-31 19:00:00,0.030259514,0.004686
2023-10-31 20:00:00,0.030265857,0.004686
2023-10-31 21:00:00,0.030393649,0.004686
2023-10-31 22:00:00,0.030935992,0.004686
2023-10-31 23:00:00,0.03098669,0.004686
2023-11-01 00:00:00,0.031884443,0.004686
2023-11-01 01:00:00,0.03291246,0.004686
2023-11-01 02:00:00,0.033846494,0.004686
2023-11-01 03:00:00,0.034666542,0.004686
2023-11-01 04:00:00,0.03481519,0.004686
2023-11-01 05:00:00,0.034503166,0.004686
2023-11-01 06:00:00,0.03532144,0.004686
2023-11-01 07:00:00,0.035864744,0.004686
2023-11-01 08:00:00,0.03687109,0.004686
2023-11-01 09:00:00,0.03603931,0.004686
2023-11-01 10:00:00,0.035946745,0.004686
2023-11-01 11:00:00,0.03679212,0.004686
2023-11-01 12:00:00,0.0378957,0.004686
2023-11-01 13:00:00,0.04080761,0.004686
2023-11-01 14:00:00,0.041991483,0.004686
2023-11-01 15:00:00,0.042093713,0.004686
2023-11-01 16:00:00,0.041646108,0.004686
2023-11-01 17:00:00,0.04061783,0.004686
2023-11-01 18:00:00,0.03899379,0.004686
2023-11-01 19:00:00,0.037363324,0.004686
2023-11-01 20:00:00,0.036527712,0.004686
2023-11-01 21:00:00,0.03644061,0.004686
2023-11-01 22:00:00,0.037126858,0.004686
2023-11-01 23:00:00,0.036244236,0.004686
2023-11-02 00:00:00,0.036026813,0.004686
2023-11-02 01:00:00,0.035982188,0.004686
2023-11-02 02:00:00,0.03599119,0.004686
2023-11-02 03:00:00,0.03610815,0.004686
2023-11-02 04:00:00,0.035873797,0.004686
2023-11-02 05:00:00,0.035137907,0.004686
2023-11-02 06:00:00,0.03365696,0.004686
2023-11-02 07:00:00,0.032895554,0.004686
2023-11-02 08:00:00,0.032051053,0.004686
2023-11-02 09:00:00,0.032527607,0.004686
2023-11-02 10:00:00,0.031114457,0.004686
2023-11-02 11:00:00,0.03126996,0.004686
2023-11-02 12:00:00,0.033499453,0.004686
2023-11-02 13:00:00,0.034035143,0.004686
2023-11-02 14:00:00,0.03391064,0.004686
2023-11-02 15:00:00,0.033686202,0.004686
2023-11-02 16:00:00,0.03282545,0.004686
2023-11-02 17:00:00,0.032669935,0.004686
2023-11-02 18:00:00,0.03185409,0.004686
2023-11-02 19:00:00,0.030845523,0.004686
2023-11-02 20:00:00,0.03182672,0.004686
2023-11-02 21:00:00,0.03177863,0.004686
2023-11-02 22:00:00,0.029639049,0.004686
2023-11-02 23:00:00,0.03049713,0.004686
2023-11-03 00:00:00,0.02862431,0.004686
2023-11-03 01:00:00,0.029062266,0.004686
2023-11-03 02:00:00,0.02949413,0.004686
2023-11-03 03:00:00,0.029586542,0.004686
2023-11-03 04:00:00,0.031125776,0.004686
2023-11-03 05:00:00,0.0335637,0.004686
2023-11-03 06:00:00,0.03468451,0.004686
2023-11-03 07:00:00,0.034680095,0.004686
2023-11-03 08:00:00,0.033654597,0.004686
2023-11-03 09:00:00,0.030978587,0.004686
2023-11-03 10:00:00,0.032331668,0.004686
2023-11-03 11:00:00,0.03357893,0.004686
2023-11-03 12:00:00,0.03460075,0.004686
2023-11-03 13:00:00,0.037018146,0.004686
2023-11-03 14:00:00,0.03881044,0.004686
2023-11-03 15:00:00,0.038128663,0.004686
2023-11-03 16:00:00,0.038796604,0.004686
2023-11-03 17:00:00,0.037669152,0.004686
2023-11-03 18:00:00,0.03603029,0.004686
2023-11-03 19:00:00,0.03668346,0.004686
2023-11-03 20:00:00,0.03636304,0.004686
2023-11-03 21:00:00,0.03746438,0.004686
2023-11-03 22:00:00,0.03590738,0.004686
2023-11-03 23:00:00,0.037920088,0.004686
2023-11-04 00:00:00,0.037607204,0.004686
2023-11-04 01:00:00,0.037517644,0.004686
2023-11-04 02:00:00,0.037647434,0.004686
2023-11-04 03:00:00,0.037585225,0.004686
2023-11-04 04:00:00,0.03757876,0.004686
2023-11-04 05:00:00,0.036988135,0.004686
2023-11-04 06:00:00,0.035359792,0.004686
2023-11-04 07:00:00,0.034582205,0.004686
2023-11-04 08:00:00,0.03374418,0.004686
2023-11-04 09:00:00,0.032297652,0.004686
2023-11-04 10:00:00,0.03160588,0.004686
2023-11-04 11:00:00,0.032089487,0.004686
2023-11-04 12:00:00,0.032332793,0.004686
2023-11-04 13:00:00,0.033558268,0.004686
2023-11-04 14:00:00,0.0339339,0.004686
2023-11-04 15:00:00,0.03322474,0.004686
2023-11-04 16:00:00,0.032281246,0.004686
2023-11-04 17:00:00,0.031106276,0.004686
2023-11-04 18:00:00,0.029595332,0.004686
2023-11-04 19:00:00,0.027748875,0.004686
2023-11-04 20:00:00,0.026216518,0.004686
2023-11-04 21:00:00,0.026756188,0.004686
2023-11-04 22:00:00,0.025066726,0.004686
2023-11-04 23:00:00,0.025676552,0.004686
2023-11-05 00:00:00,0.026410403,0.004686
2023-11-05 01:00:00,0.026059434,0.004686
2023-11-05 02:00:00,0.025337359,0.004686
2023-11-05 03:00:00,0.025750015,0.004686
2023-11-05 04:00:00,0.026268847,0.004686
2023-11-05 05:00:00,0.026013175,0.004686
2023-11-05 06:00:00,0.024430797,0.004686
2023-11-05 07:00:00,0.024057174,0.004686
2023-11-05 08:00:00,0.024499621,0.004686
2023-11-05 09:00:00,0.024105743,0.004686
2023-11-05 10:00:00,0.024084587,0.004686
2023-11-05 11:00:00,0.025028434,0.004686
2023-11-05 12:00:00,0.025962774,0.004686
2023-11-05 13:00:00,0.026979402,0.004686
2023-11-05 14:00:00,0.027457876,0.004686
2023-11-05 15:00:00,0.02779808,0.004686
2023-11-05 16:00:00,0.02803327,0.004686
2023-11-05 17:00:00,0.027193554,0.004686
2023-11-05 18:00:00,0.026367577,0.004686
2023-11-05 19:00:00,0.025507135,0.004686
2023-11-05 20:00:00,0.025009396,0.004686
2023-11-05 21:00:00,0.024953853,0.004686
2023-11-05 22:00:00,0.024859548,0.004686
2023-11-05 23:00:00,0.025068328,0.004686
2023-11-06 00:00:00,0.025450286,0.004686
2023-11-06 01:00:00,0.025450662,0.004686
2023-11-06 02:00:00,0.025191164,0.004686
2023-11-06 03:00:00,0.02450034,0.004686
2023-11-06 04:00:00,0.024860581,0.004686
2023-11-06 05:00:00,0.024945473,0.004686
2023-11-06 06:00:00,0.023722935,0.004686
2023-11-06 07:00:00,0.023909073,0.004686
2023-11-06 08:00:00,0.025031002,0.004686
2023-11-06 09:00:00,0.026236195,0.004686
2023-11-06 10:00:00,0.026373312,0.004686
2023-11-06 11:00:00,0.026837293,0.004686
2023-11-06 12:00:00,0.02785635,0.004686
2023-11-06 13:00:00,0.028294394,0.004686
2023-11-06 14:00:00,0.028888607,0.004686
2023-11-06 15:00:00,0.029400349,0.004686
2023-11-06 16:00:00,0.029638696,0.004686
2023-11-06 17:00:00,0.029720135,0.004686
2023-11-06 18:00:00,0.029416274,0.004686
2023-11-06 19:00:00,0.029737672,0.004686
2023-11-06 20:00:00,0.029761303,0.004686
2023-11-06 21:00:00,0.030405877,0.004686
2023-11-06 22:00:00,0.030663904,0.004686
2023-11-06 23:00:00,0.029642964,0.004686
2023-11-07 00:00:00,0.030473277,0.004686
2023-11-07 01:00:00,0.030980123,0.004686
2023-11-07 02:00:00,0.03208744,0.004686
2023-11-07 03:00:00,0.032802366,0.004686
2023-11-07 04:00:00,0.033421714,0.004686
2023-11-07 05:00:00,0.03607056,0.004686
2023-11-07 06:00:00,0.03793307,0.004686
2023-11-07 07:00:00,0.038132407,0.004686
2023-11-07 08:00:00,0.03809657,0.004686
2023-11-07 09:00:00,0.036546987,0.004686
2023-11-07 10:00:00,0.03708649,0.004686
2023-11-07 11:00:00,0.03756281,0.004686
2023-11-07 12:00:00,0.037836034,0.004686
2023-11-07 13:00:00,0.039219715,0.004686
2023-11-07 14:00:00,0.040409807,0.004686
2023-11-07 15:00:00,0.040703915,0.004686
2023-11-07 16:00:00,0.040204197,0.004686
2023-11-07 17:00:00,0.03922614,0.004686
2023-11-07 18:00:00,0.038654782,0.004686
2023-11-07 19:00:00,0.037373044,0.004686
2023-11-07 20:00:00,0.035498064,0.004686
2023-11-07 21:00:00,0.03614028,0.004686
2023-11-07 22:00:00,0.0387957,0.004686
2023-11-07 23:00:00,0.03818178,0.004686
2023-11-08 00:00:00,0.036508307,0.004686
2023-11-08 01:00:00,0.038150966,0.004686
2023-11-08 02:00:00,0.03740909,0.004686
2023-11-08 03:00:00,0.03686801,0.004686
2023-11-08 04:00:00,0.03796126,0.004686
2023-11-08 05:00:00,0.038461182,0.004686
2023-11-08 06:00:00,0.03717147,0.004686
2023-11-08 07:00:00,0.036849268,0.004686
2023-11-08 08:00:00,0.03644061,0.004686
2023-11-08 09:00:00,0.03590839,0.004686
2023-11-08 10:00:00,0.03535119,0.004686
2023-11-08 11:00:00,0.035585437,0.004686
2023-11-08 12:00:00,0.036364418,0.004686
2023-11-08 13:00:00,0.037367586,0.004686
2023-11-08 14:00:00,0.03789986,0.004686
2023-11-08 15:00:00,0.03840564,0.004686
2023-11-08 16:00:00,0.03795663,0.004686
2023-11-08 17:00:00,0.036921382,0.004686
2023-11-08 18:00:00,0.03615225,0.004686
2023-11-08 19:00:00,0.033734668,0.004686
2023-11-08 20:00:00,0.03483115,0.004686
2023-11-08 21:00:00,0.035544116,0.004686
2023-11-08 22:00:00,0.03634435,0.004686
2023-11-08 23:00:00,0.037792284,0.004686
2023-11-09 00:00:00,0.03688266,0.004686
2023-11-09 01:00:00,0.036644697,0.004686
2023-11-09 02:00:00,0.03714387,0.004686
2023-11-09 03:00:00,0.037683293,0.004686
2023-11-09 04:00:00,0.038280513,0.004686
2023-11-09 05:00:00,0.03744631,0.004686
2023-11-09 06:00:00,0.037464824,0.004686
2023-11-09 07:00:00,0.03640899,0.004686
2023-11-09 08:00:00,0.036575083,0.004686
2023-11-09 09:00:00,0.03595239,0.004686
2023-11-09 10:00:00,0.03503795,0.004686
2023-11-09 11:00:00,0.03504506,0.004686
2023-11-09 12:00:00,0.036142338,0.004686
2023-11-09 13:00:00,0.037151515,0.004686
2023-11-09 14:00:00,0.03960858,0.004686
2023-11-09 15:00:00,0.04072532,0.004686
2023-11-09 16:00:00,0.039659925,0.004686
2023-11-09 17:00:00,0.03764916,0.004686
2023-11-09 18:00:00,0.0369393,0.004686
2023-11-09 19:00:00,0.03621093,0.004686
2023-11-09 20:00:00,0.037287183,0.004686
2023-11-09 21:00:00,0.035382643,0.004686
2023-11-09 22:00:00,0.03953505,0.004686
2023-11-09 23:00:00,0.040301584,0.004686
2023-11-10 00:00:00,0.04108588,0.004686
2023-11-10 01:00:00,0.04099495,0.004686
2023-11-10 02:00:00,0.04055366,0.004686
2023-11-10 03:00:00,0.040834792,0.004686
2023-11-10 04:00:00,0.041697424,0.004686
2023-11-10 05:00:00,0.04022784,0.004686
2023-11-10 06:00:00,0.03881568,0.004686
2023-11-10 07:00:00,0.03771222,0.004686
2023-11-10 08:00:00,0.03744599,0.004686
2023-11-10 09:00:00,0.036257584,0.004686
2023-11-10 10:00:00,0.03600022,0.004686
2023-11-10 11:00:00,0.036782186,0.004686
2023-11-10 12:00:00,0.03805635,0.004686
2023-11-10 13:00:00,0.03881951,0.004686
2023-11-10 14:00:00,0.039602928,0.004686
2023-11-10 15:00:00,0.04035046,0.004686
2023-11-10 16:00:00,0.039366696,0.004686
2023-11-10 17:00:00,0.03829067,0.004686
2023-11-10 18:00:00,0.037397817,0.004686
2023-11-10 19:00:00,0.035088617,0.004686
2023-11-10 20:00:00,0.034647718,0.004686
2023-11-10 21:00:00,0.034793854,0.004686
2023-11-10 22:00:00,0.036949437,0.004686
2023-11-10 23:00:00,0.03655159,0.004686
2023-11-11 00:00:00,0.036537383,0.004686
2023-11-11 01:00:00,0.035512734,0.004686
2023-11-11 02:00:00,0.03696357,0.004686
2023-11-11 03:00:00,0.036523264,0.004686
2023-11-11 04:00:00,0.035708375,0.004686
2023-11-11 05:00:00,0.0349687,0.004686
2023-11-11 06:00:00,0.03363674,0.004686
2023-11-11 07:00:00,0.033133607,0.004686
2023-11-11 08:00:00,0.031589795,0.004686
2023-11-11 09:00:00,0.02961295,0.004686
2023-11-11 10:00:00,0.028555004,0.004686
2023-11-11 11:00:00,0.027888637,0.004686
2023-11-11 12:00:00,0.029015698,0.004686
2023-11-11 13:00:00,0.029232092,0.004686
2023-11-11 14:00:00,0.029929774,0.004686
2023-11-11 15:00:00,0.03042944,0.004686
2023-11-11 16:00:00,0.030226825,0.004686
2023-11-11 17:00:00,0.028970262,0.004686
2023-11-11 18:00:00,0.027778417,0.004686
2023-11-11 19:00:00,0.026307689,0.004686
2023-11-11 20:00:00,0.023873372,0.004686
2023-11-11 21:00:00,0.023359146,0.004686
2023-11-11 22:00:00,0.023557981,0.004686
2023-11-11 23:00:00,0.02300512,0.004686
2023-11-12 00:00:00,0.023826186,0.004686
2023-11-12 01:00:00,0.023372801,0.004686
2023-11-12 02:00:00,0.023422303,0.004686
2023-11-12 03:00:00,0.023030832,0.004686
2023-11-12 04:00:00,0.022531923,0.004686
2023-11-12 05:00:00,0.022791343,0.004686
2023-11-12 06:00:00,0.02196397,0.004686
2023-11-12 07:00:00,0.021185663,0.004686
2023-11-12 08:00:00,0.021251677,0.004686
2023-11-12 09:00:00,0.0209353,0.004686
2023-11-12 10:00:00,0.0205746,0.004686
2023-11-12 11:00:00,0.021384768,0.004686
2023-11-12 12:00:00,0.021329727,0.004686
2023-11-12 13:00:00,0.02350196,0.004686
2023-11-12 14:00:00,0.023111217,0.004686
2023-11-12 15:00:00,0.0238387,0.004686
2023-11-12 16:00:00,0.022525191,0.004686
2023-11-12 17:00:00,0.021910125,0.004686
2023-11-12 18:00:00,0.021507477,0.004686
2023-11-12 19:00:00,0.020685636,0.004686
2023-11-12 20:00:00,0.020331638,0.004686
2023-11-12 21:00:00,0.020570328,0.004686
2023-11-12 22:00:00,0.020934561,0.004686
2023-11-12 23:00:00,0.021520961,0.004686
2023-11-13 00:00:00,0.021889202,0.004686
2023-11-13 01:00:00,0.0215941,0.004686
2023-11-13 02:00:00,0.02158258,0.004686
2023-11-13 03:00:00,0.021815147,0.004686
2023-11-13 04:00:00,0.022713406,0.004686
2023-11-13 05:00:00,0.023154402,0.004686
2023-11-13 06:00:00,0.022761986,0.004686
2023-11-13 07:00:00,0.02396511,0.004686
2023-11-13 08:00:00,0.024410479,0.004686
2023-11-13 09:00:00,0.025212446,0.004686
2023-11-13 10:00:00,0.026726546,0.004686
2023-11-13 11:00:00,0.028219167,0.004686
2023-11-13 12:00:00,0.029987512,0.004686
2023-11-13 13:00:00,0.030869897,0.004686
2023-11-13 14:00:00,0.032264367,0.004686
2023-11-13 15:00:00,0.032875177,0.004686
2023-11-13 16:00:00,0.033466987,0.004686
2023-11-13 17:00:00,0.034604177,0.004686
2023-11-13 18:00:00,0.03359667,0.004686
2023-11-13 19:00:00,0.033740632,0.004686
2023-11-13 20:00:00,0.032448202,0.004686
2023-11-13 21:00:00,0.03416694,0.004686
2023-11-13 22:00:00,0.037179753,0.004686
2023-11-13 23:00:00,0.037994877,0.004686
2023-11-14 00:00:00,0.038332,0.004686
2023-11-14 01:00:00,0.038222212,0.004686
2023-11-14 02:00:00,0.037272263,0.004686
2023-11-14 03:00:00,0.038090058,0.004686
2023-11-14 04:00:00,0.037431393,0.004686
2023-11-14 05:00:00,0.036907148,0.004686
2023-11-14 06:00:00,0.03531353,0.004686
2023-11-14 07:00:00,0.034439173,0.004686
2023-11-14 08:00:00,0.034780357,0.004686
2023-11-14 09:00:00,0.035606377,0.004686
2023-11-14 10:00:00,0.035432868,0.004686
2023-11-14 11:00:00,0.03623249,0.004686
2023-11-14 12:00:00,0.034526877,0.004686
2023-11-14 13:00:00,0.03318319,0.004686
2023-11-14 14:00:00,0.03273142,0.004686
2023-11-14 15:00:00,0.03226441,0.004686
2023-11-14 16:00:00,0.031546075,0.004686
2023-11-14 17:00:00,0.030556416,0.004686
2023-11-14 18:00:00,0.030378725,0.004686
2023-11-14 19:00:00,0.030463722,0.004686
2023-11-14 20:00:00,0.029905064,0.004686
2023-11-14 21:00:00,0.029021503,0.004686
2023-11-14 22:00:00,0.0294352,0.004686
2023-11-14 23:00:00,0.029506475,0.004686
2023-11-15 00:00:00,0.031016003,0.004686
2023-11-15 01:00:00,0.030842196,0.004686
2023-11-15 02:00:00,0.03166434,0.004686
2023-11-15 03:00:00,0.03300393,0.004686
2023-11-15 04:00:00,0.034577556,0.004686
2023-11-15 05:00:00,0.035346504,0.004686
2023-11-15 06:00:00,0.03707259,0.004686
2023-11-15 07:00:00,0.039670605,0.004686
2023-11-15 08:00:00,0.038743347,0.004686
2023-11-15 09:00:00,0.037603527,0.004686
2023-11-15 10:00:00,0.037304617,0.004686
2023-11-15 11:00:00,0.03721452,0.004686
2023-11-15 12:00:00,0.039211523,0.004686
2023-11-15 13:00:00,0.039352357,0.004686
2023-11-15 14:00:00,0.040614694,0.004686
2023-11-15 15:00:00,0.040386025,0.004686
2023-11-15 16:00:00,0.039828986,0.004686
2023-11-15 17:00:00,0.038782813,0.004686
2023-11-15 18:00:00,0.03745787,0.004686
2023-11-15 19:00:00,0.036340274,0.004686
2023-11-15 20:00:00,0.036308315,0.004686
2023-11-15 21:00:00,0.036061622,0.004686
2023-11-15 22:00:00,0.036344845,0.004686
2023-11-15 23:00:00,0.037307303,0.004686
2023-11-16 00:00:00,0.036470704,0.004686
2023-11-16 01:00:00,0.03733122,0.004686
2023-11-16 02:00:00,0.036966994,0.004686
2023-11-16 03:00:00,0.037137393,0.004686
2023-11-16 04:00:00,0.036939938,0.004686
2023-11-16 05:00:00,0.036231622,0.004686
2023-11-16 06:00:00,0.034220763,0.004686
2023-11-16 07:00:00,0.033022754,0.004686
2023-11-16 08:00:00,0.035465,0.004686
2023-11-16 09:00:00,0.035841998,0.004686
2023-11-16 10:00:00,0.033776112,0.004686
2023-11-16 11:00:00,0.033554856,0.004686
2023-11-16 12:00:00,0.0345889,0.004686
2023-11-16 13:00:00,0.039787095,0.004686
2023-11-16 14:00:00,0.039834965,0.004686
2023-11-16 15:00:00,0.0400709,0.004686
2023-11-16 16:00:00,0.040264253,0.004686
2023-11-16 17:00:00,0.037084702,0.004686
2023-11-16 18:00:00,0.035414446,0.004686
2023-11-16 19:00:00,0.033195045,0.004686
2023-11-16 20:00:00,0.036629498,0.004686
2023-11-16 21:00:00,0.039335623,0.004686
2023-11-16 22:00:00,0.038250264,0.004686
2023-11-16 23:00:00,0.039894328,0.004686
2023-11-17 00:00:00,0.0408204,0.004686
2023-11-17 01:00:00,0.04119636,0.004686
2023-11-17 02:00:00,0.039211452,0.004686
2023-11-17 03:00:00,0.03900784,0.004686
2023-11-17 04:00:00,0.038696066,0.004686
2023-11-17 05:00:00,0.03761114,0.004686
2023-11-17 06:00:00,0.03626161,0.004686
2023-11-17 07:00:00,0.034991316,0.004686
2023-11-17 08:00:00,0.033663724,0.004686
2023-11-17 09:00:00,0.032326903,0.004686
2023-11-17 10:00:00,0.031785976,0.004686
2023-11-17 11:00:00,0.03206661,0.004686
2023-11-17 12:00:00,0.033395268,0.004686
2023-11-17 13:00:00,0.036492467,0.004686
2023-11-17 14:00:00,0.038282294,0.004686
2023-11-17 15:00:00,0.038787577,0.004686
2023-11-17 16:00:00,0.037181135,0.004686
2023-11-17 17:00:00,0.03691318,0.004686
2023-11-17 18:00:00,0.036792446,0.004686
2023-11-17 19:00:00,0.03666067,0.004686
2023-11-17 20:00:00,0.03626086,0.004686
2023-11-17 21:00:00,0.03593479,0.004686
2023-11-17 22:00:00,0.03597547,0.004686
2023-11-17 23:00:00,0.036972135,0.004686
2023-11-18 00:00:00,0.037589204,0.004686
2023-11-18 01:00:00,0.036555078,0.004686
2023-11-18 02:00:00,0.03718843,0.004686
2023-11-18 03:00:00,0.035399113,0.004686
2023-11-18 04:00:00,0.03596037,0.004686
2023-11-18 05:00:00,0.035713185,0.004686
2023-11-18 06:00:00,0.034524813,0.004686
2023-11-18 07:00:00,0.032724936,0.004686
2023-11-18 08:00:00,0.032037497,0.004686
2023-11-18 09:00:00,0.030351719,0.004686
2023-11-18 10:00:00,0.029272927,0.004686
2023-11-18 11:00:00,0.029232578,0.004686
2023-11-18 12:00:00,0.030647447,0.004686
2023-11-18 13:00:00,0.03141381,0.004686
2023-11-18 14:00:00,0.031119429,0.004686
2023-11-18 15:00:00,0.031687424,0.004686
2023-11-18 16:00:00,0.030406456,0.004686
2023-11-18 17:00:00,0.02959888,0.004686
2023-11-18 18:00:00,0.026444672,0.004686
2023-11-18 19:00:00,0.02517261,0.004686
2023-11-18 20:00:00,0.024251528,0.004686
2023-11-18 21:00:00,0.027670074,0.004686
2023-11-18 22:00:00,0.02702737,0.004686
2023-11-18 23:00:00,0.02700512,0.004686
2023-11-19 00:00:00,0.028962977,0.004686
2023-11-19 01:00:00,0.027312186,0.004686
2023-11-19 02:00:00,0.02678149,0.004686
2023-11-19 03:00:00,0.027956177,0.004686
2023-11-19 04:00:00,0.027348338,0.004686
2023-11-19 05:00:00,0.027576992,0.004686
2023-11-19 06:00:00,0.026316736,0.004686
2023-11-19 07:00:00,0.027002918,0.004686
2023-11-19 08:00:00,0.02552687,0.004686
2023-11-19 09:00:00,0.024724012,0.004686
2023-11-19 10:00:00,0.02453663,0.004686
2023-11-19 11:00:00,0.026013294,0.004686
2023-11-19 12:00:00,0.02807771,0.004686
2023-11-19 13:00:00,0.02900921,0.004686
2023-11-19 14:00:00,0.029174635,0.004686
2023-11-19 15:00:00,0.029725745,0.004686
2023-11-19 16:00:00,0.028906059,0.004686
2023-11-19 17:00:00,0.028871864,0.004686
2023-11-19 18:00:00,0.02864751,0.004686
2023-11-19 19:00:00,0.026895305,0.004686
2023-11-19 20:00:00,0.026188223,0.004686
2023-11-19 21:00:00,0.026363686,0.004686
2023-11-19 22:00:00,0.026637804,0.004686
2023-11-19 23:00:00,0.026540317,0.004686
2023-11-20 00:00:00,0.027029572,0.004686
2023-11-20 01:00:00,0.026911564,0.004686
2023-11-20 02:00:00,0.027497513,0.004686
2023-11-20 03:00:00,0.027694553,0.004686
2023-11-20 04:00:00,0.028190743,0.004686
2023-11-20 05:00:00,0.029085638,0.004686
2023-11-20 06:00:00,0.028631661,0.004686
2023-11-20 07:00:00,0.029599534,0.004686
2023-11-20 08:00:00,0.030987358,0.004686
2023-11-20 09:00:00,0.031608548,0.004686
2023-11-20 10:00:00,0.03279325,0.004686
2023-11-20 11:00:00,0.033817027,0.004686
2023-11-20 12:00:00,0.0339318,0.004686
2023-11-20 13:00:00,0.0358639,0.004686
2023-11-20 14:00:00,0.037095673,0.004686
2023-11-20 15:00:00,0.03744728,0.004686
2023-11-20 16:00:00,0.037074637,0.004686
2023-11-20 17:00:00,0.037451323,0.004686
2023-11-20 18:00:00,0.035980277,0.004686
2023-11-20 19:00:00,0.035840463,0.004686
2023-11-20 20:00:00,0.036588985,0.004686
2023-11-20 21:00:00,0.03777459,0.004686
2023-11-20 22:00:00,0.0387585,0.004686
2023-11-20 23:00:00,0.03857072,0.004686
2023-11-21 00:00:00,0.036869872,0.004686
2023-11-21 01:00:00,0.03738179,0.004686
2023-11-21 02:00:00,0.03790292,0.004686
2023-11-21 03:00:00,0.037146397,0.004686
2023-11-21 04:00:00,0.03764614,0.004686
2023-11-21 05:00:00,0.037511095,0.004686
2023-11-21 06:00:00,0.03677422,0.004686
2023-11-21 07:00:00,0.037409425,0.004686
2023-11-21 08:00:00,0.037140984,0.004686
2023-11-21 09:00:00,0.036023512,0.004686
2023-11-21 10:00:00,0.03344201,0.004686
2023-11-21 11:00:00,0.033856224,0.004686
2023-11-21 12:00:00,0.03527066,0.004686
2023-11-21 13:00:00,0.035514545,0.004686
2023-11-21 14:00:00,0.0356943,0.004686
2023-11-21 15:00:00,0.034819875,0.004686
2023-11-21 16:00:00,0.03396692,0.004686
2023-11-21 17:00:00,0.03264566,0.004686
2023-11-21 18:00:00,0.03121026,0.004686
2023-11-21 19:00:00,0.029061336,0.004686
2023-11-21 20:00:00,0.02731642,0.004686
2023-11-21 21:00:00,0.02764119,0.004686
2023-11-21 22:00:00,0.026466332,0.004686
2023-11-21 23:00:00,0.02574514,0.004686
2023-11-22 00:00:00,0.025856415,0.004686
2023-11-22 01:00:00,0.024518382,0.004686
2023-11-22 02:00:00,0.024098482,0.004686
2023-11-22 03:00:00,0.023308855,0.004686
2023-11-22 04:00:00,0.021747544,0.004686
2023-11-22 05:00:00,0.019644644,0.004686
2023-11-22 06:00:00,0.016665211,0.004686
2023-11-22 07:00:00,0.0147635685,0.004686
2023-11-22 08:00:00,0.012397602,0.004686
2023-11-22 09:00:00,0.010454011,0.004686
2023-11-22 10:00:00,0.009448313,0.004686
2023-11-22 11:00:00,0.008430148,0.004686
2023-11-22 12:00:00,0.008108881,0.004686
2023-11-22 13:00:00,0.00806937,0.004686
2023-11-22 14:00:00,0.008490069,0.004686
2023-11-22 15:00:00,0.008974288,0.004686
2023-11-22 16:00:00,0.009804257,0.004686
2023-11-22 17:00:00,0.010873804,0.004686
2023-11-22 18:00:00,0.011639277,0.004686
2023-11-22 19:00:00,0.012386329,0.004686
2023-11-22 20:00:00,0.013215996,0.004686
2023-11-22 21:00:00,0.014232575,0.004686
2023-11-22 22:00:00,0.015211514,0.004686
2023-11-22 23:00:00,0.016527716,0.004686
2023-11-23 00:00:00,0.01892643,0.004686
2023-11-23 01:00:00,0.019316124,0.004686
2023-11-23 02:00:00,0.021662356,0.004686
2023-11-23 03:00:00,0.022859305,0.004686
2023-11-23 04:00:00,0.02289459,0.004686
2023-11-23 05:00:00,0.024893295,0.004686
2023-11-23 06:00:00,0.02452398,0.004686
2023-11-23 07:00:00,0.02496908,0.004686
2023-11-23 08:00:00,0.0256773,0.004686
2023-11-23 09:00:00,0.025670523,0.004686
2023-11-23 10:00:00,0.02808565,0.004686
2023-11-23 11:00:00,0.029952167,0.004686
2023-11-23 12:00:00,0.031164244,0.004686
2023-11-23 13:00:00,0.031068869,0.004686
2023-11-23 14:00:00,0.032878347,0.004686
2023-11-23 15:00:00,0.035665106,0.004686
2023-11-23 16:00:00,0.03421487,0.004686
2023-11-23 17:00:00,0.0336829,0.004686
2023-11-23 18:00:00,0.032955285,0.004686
2023-11-23 19:00:00,0.03155811,0.004686
2023-11-23 20:00:00,0.032222588,0.004686
2023-11-23 21:00:00,0.03381979,0.004686
2023-11-23 22:00:00,0.03496221,0.004686
2023-11-23 23:00:00,0.03580004,0.004686
2023-11-24 00:00:00,0.03410891,0.004686
2023-11-24 01:00:00,0.03526457,0.004686
2023-11-24 02:00:00,0.032794405,0.004686
2023-11-24 03:00:00,0.03319198,0.004686
2023-11-24 04:00:00,0.033416945,0.004686
2023-11-24 05:00:00,0.033643417,0.004686
2023-11-24 06:00:00,0.033660688,0.004686
2023-11-24 07:00:00,0.033999063,0.004686
2023-11-24 08:00:00,0.03471148,0.004686
2023-11-24 09:00:00,0.03355681,0.004686
2023-11-24 10:00:00,0.03398554,0.004686
2023-11-24 11:00:00,0.033332948,0.004686
2023-11-24 12:00:00,0.034490075,0.004686
2023-11-24 13:00:00,0.03441359,0.004686
2023-11-24 14:00:00,0.03298788,0.004686
2023-11-24 15:00:00,0.029635943,0.004686
2023-11-24 16:00:00,0.030567175,0.004686
2023-11-24 17:00:00,0.030081544,0.004686
2023-11-24 18:00:00,0.029451657,0.004686
2023-11-24 19:00:00,0.028725969,0.004686
2023-11-24 20:00:00,0.029010203,0.004686
2023-11-24 21:00:00,0.030841494,0.004686
2023-11-24 22:00:00,0.031383563,0.004686
2023-11-24 23:00:00,0.027407346,0.004686
2023-11-25 00:00:00,0.026974484,0.004686
2023-11-25 01:00:00,0.028892891,0.004686
2023-11-25 02:00:00,0.029466636,0.004686
2023-11-25 03:00:00,0.028184729,0.004686
2023-11-25 04:00:00,0.02805462,0.004686
2023-11-25 05:00:00,0.030887725,0.004686
2023-11-25 06:00:00,0.029069774,0.004686
2023-11-25 07:00:00,0.027593981,0.004686
2023-11-25 08:00:00,0.026463045,0.004686
2023-11-25 09:00:00,0.027348466,0.004686
2023-11-25 10:00:00,0.024577353,0.004686
2023-11-25 11:00:00,0.023745442,0.004686
2023-11-25 12:00:00,0.025249979,0.004686
2023-11-25 13:00:00,0.024720047,0.004686
2023-11-25 14:00:00,0.025737794,0.004686
2023-11-25 15:00:00,0.024456345,0.004686
2023-11-25 16:00:00,0.023734026,0.004686
2023-11-25 17:00:00,0.022838654,0.004686
2023-11-25 18:00:00,0.021557324,0.004686
2023-11-25 19:00:00,0.018509788,0.004686
2023-11-25 20:00:00,0.017794002,0.004686
2023-11-25 21:00:00,0.018021004,0.004686
2023-11-25 22:00:00,0.017431766,0.004686
2023-11-25 23:00:00,0.017353859,0.004686
2023-11-26 00:00:00,0.018012742,0.004686
2023-11-26 01:00:00,0.018399017,0.004686
2023-11-26 02:00:00,0.0181911,0.004686
2023-11-26 03:00:00,0.017989729,0.004686
2023-11-26 04:00:00,0.01818837,0.004686
2023-11-26 05:00:00,0.01729068,0.004686
2023-11-26 06:00:00,0.017786335,0.004686
2023-11-26 07:00:00,0.016646376,0.004686
2023-11-26 08:00:00,0.01699987,0.004686
2023-11-26 09:00:00,0.016046159,0.004686
2023-11-26 10:00:00,0.01709921,0.004686
2023-11-26 11:00:00,0.017922202,0.004686
2023-11-26 12:00:00,0.016960623,0.004686
2023-11-26 13:00:00,0.017600851,0.004686
2023-11-26 14:00:00,0.01901575,0.004686
2023-11-26 15:00:00,0.01732321,0.004686
2023-11-26 16:00:00,0.018238546,0.004686
2023-11-26 17:00:00,0.018177407,0.004686
2023-11-26 18:00:00,0.017242264,0.004686
2023-11-26 19:00:00,0.016962608,0.004686
2023-11-26 20:00:00,0.016662953,0.004686
2023-11-26 21:00:00,0.016747756,0.004686
2023-11-26 22:00:00,0.016802423,0.004686
2023-11-26 23:00:00,0.017034473,0.004686
2023-11-27 00:00:00,0.016141217,0.004686
2023-11-27 01:00:00,0.0170454,0.004686
2023-11-27 02:00:00,0.016569674,0.004686
2023-11-27 03:00:00,0.016650716,0.004686
2023-11-27 04:00:00,0.017391482,0.004686
2023-11-27 05:00:00,0.017859643,0.004686
2023-11-27 06:00:00,0.017670795,0.004686
2023-11-27 07:00:00,0.0186435,0.004686
2023-11-27 08:00:00,0.019088918,0.004686
2023-11-27 09:00:00,0.019506222,0.004686
2023-11-27 10:00:00,0.020087587,0.004686
2023-11-27 11:00:00,0.022114316,0.004686
2023-11-27 12:00:00,0.023303548,0.004686
2023-11-27 13:00:00,0.025184141,0.004686
2023-11-27 14:00:00,0.026765596,0.004686
2023-11-27 15:00:00,0.027258018,0.004686
2023-11-27 16:00:00,0.028166546,0.004686
2023-11-27 17:00:00,0.030817866,0.004686
2023-11-27 18:00:00,0.030289881,0.004686
2023-11-27 19:00:00,0.030058611,0.004686
2023-11-27 20:00:00,0.031176757,0.004686
2023-11-27 21:00:00,0.031827614,0.004686
2023-11-27 22:00:00,0.03274067,0.004686
2023-11-27 23:00:00,0.033998933,0.004686
2023-11-28 00:00:00,0.03454439,0.004686
2023-11-28 01:00:00,0.031488433,0.004686
2023-11-28 02:00:00,0.032197323,0.004686
2023-11-28 03:00:00,0.031557146,0.004686
2023-11-28 04:00:00,0.03139015,0.004686
2023-11-28 05:00:00,0.032696847,0.004686
2023-11-28 06:00:00,0.0307247,0.004686
2023-11-28 07:00:00,0.03218675,0.004686
2023-11-28 08:00:00,0.033091925,0.004686
2023-11-28 09:00:00,0.03299202,0.004686
2023-11-28 10:00:00,0.03368611,0.004686
2023-11-28 11:00:00,0.033285383,0.004686
2023-11-28 12:00:00,0.033746492,0.004686
2023-11-28 13:00:00,0.034334287,0.004686
2023-11-28 14:00:00,0.03489628,0.004686
2023-11-28 15:00:00,0.03465951,0.004686
2023-11-28 16:00:00,0.034877293,0.004686
2023-11-28 17:00:00,0.034554195,0.004686
2023-11-28 18:00:00,0.033159077,0.004686
2023-11-28 19:00:00,0.0318473,0.004686
2023-11-28 20:00:00,0.03390321,0.004686
2023-11-28 21:00:00,0.03415995,0.004686
2023-11-28 22:00:00,0.033744536,0.004686
2023-11-28 23:00:00,0.034455158,0.004686
2023-11-29 00:00:00,0.034366485,0.004686
2023-11-29 01:00:00,0.035693977,0.004686
2023-11-29 02:00:00,0.035804864,0.004686
2023-11-29 03:00:00,0.033499017,0.004686
2023-11-29 04:00:00,0.032020364,0.004686
2023-11-29 05:00:00,0.0327735,0.004686
2023-11-29 06:00:00,0.031168763,0.004686
2023-11-29 07:00:00,0.031133728,0.004686
2023-11-29 08:00:00,0.03240991,0.004686
2023-11-29 09:00:00,0.032977886,0.004686
2023-11-29 10:00:00,0.033509787,0.004686
2023-11-29 11:00:00,0.03320712,0.004686
2023-11-29 12:00:00,0.03394585,0.004686
2023-11-29 13:00:00,0.033721726,0.004686
2023-11-29 14:00:00,0.03399649,0.004686
2023-11-29 15:00:00,0.034158103,0.004686
2023-11-29 16:00:00,0.033113796,0.004686
2023-11-29 17:00:00,0.03308612,0.004686
2023-11-29 18:00:00,0.03405422,0.004686
2023-11-29 19:00:00,0.034122463,0.004686
2023-11-29 20:00:00,0.03339885,0.004686
2023-11-29 21:00:00,0.034292035,0.004686
2023-11-29 22:00:00,0.036603406,0.004686
2023-11-29 23:00:00,0.036286697,0.004686
2023-11-30 00:00:00,0.035493333,0.004686
2023-11-30 01:00:00,0.03563043,0.004686
2023-11-30 02:00:00,0.035088725,0.004686
2023-11-30 03:00:00,0.034576554,0.004686
2023-11-30 04:00:00,0.033358965,0.004686
2023-11-30 05:00:00,0.03369937,0.004686
2023-11-30 06:00:00,0.03174031,0.004686
2023-11-30 07:00:00,0.033561945,0.004686
2023-11-30 08:00:00,0.03334826,0.004686
2023-11-30 09:00:00,0.034542914,0.004686
2023-11-30 10:00:00,0.03417858,0.004686
2023-11-30 11:00:00,0.033556167,0.004686
2023-11-30 12:00:00,0.034877058,0.004686
2023-11-30 13:00:00,0.035057798,0.004686
2023-11-30 14:00:00,0.036556855,0.004686
2023-11-30 15:00:00,0.036623437,0.004686
2023-11-30 16:00:00,0.034709465,0.004686
2023-11-30 17:00:00,0.03389654,0.004686
2023-11-30 18:00:00,0.03307243,0.004686
2023-11-30 19:00:00,0.033461288,0.004686
2023-11-30 20:00:00,0.03351974,0.004686
2023-11-30 21:00:00,0.03407742,0.004686
2023-11-30 22:00:00,0.035664987,0.004686
2023-11-30 23:00:00,0.03686964,0.004686
2023-12-01 00:00:00,0.036464576,0.004686
2023-12-01 01:00:00,0.03577342,0.004686
2023-12-01 02:00:00,0.036212392,0.004686
2023-12-01 03:00:00,0.035659283,0.004686
2023-12-01 04:00:00,0.033151045,0.004686
2023-12-01 05:00:00,0.03474194,0.004686
2023-12-01 06:00:00,0.033491224,0.004686
2023-12-01 07:00:00,0.03432438,0.004686
2023-12-01 08:00:00,0.03431857,0.004686
2023-12-01 09:00:00,0.034361456,0.004686
2023-12-01 10:00:00,0.034730718,0.004686
2023-12-01 11:00:00,0.033967055,0.004686
2023-12-01 12:00:00,0.035338346,0.004686
2023-12-01 13:00:00,0.035961278,0.004686
2023-12-01 14:00:00,0.037512388,0.004686
2023-12-01 15:00:00,0.037466392,0.004686
2023-12-01 16:00:00,0.036488976,0.004686
2023-12-01 17:00:00,0.035407294,0.004686
2023-12-01 18:00:00,0.035817225,0.004686
2023-12-01 19:00:00,0.033424627,0.004686
2023-12-01 20:00:00,0.03398757,0.004686
2023-12-01 21:00:00,0.034515873,0.004686
2023-12-01 22:00:00,0.03684177,0.004686
2023-12-01 23:00:00,0.035689984,0.004686
2023-12-02 00:00:00,0.035275463,0.004686
2023-12-02 01:00:00,0.0370895,0.004686
2023-12-02 02:00:00,0.03621895,0.004686
2023-12-02 03:00:00,0.03343473,0.004686
2023-12-02 04:00:00,0.031676456,0.004686
2023-12-02 05:00:00,0.03232091,0.004686
2023-12-02 06:00:00,0.030634053,0.004686
2023-12-02 07:00:00,0.030271895,0.004686
2023-12-02 08:00:00,0.029385302,0.004686
2023-12-02 09:00:00,0.02979822,0.004686
2023-12-02 10:00:00,0.029540977,0.004686
2023-12-02 11:00:00,0.026854867,0.004686
2023-12-02 12:00:00,0.029216077,0.004686
2023-12-02 13:00:00,0.028639825,0.004686
2023-12-02 14:00:00,0.029502,0.004686
2023-12-02 15:00:00,0.029646652,0.004686
2023-12-02 16:00:00,0.02911217,0.004686
2023-12-02 17:00:00,0.027834918,0.004686
2023-12-02 18:00:00,0.026319766,0.004686
2023-12-02 19:00:00,0.023788558,0.004686
2023-12-02 20:00:00,0.026401205,0.004686
2023-12-02 21:00:00,0.027003601,0.004686
2023-12-02 22:00:00,0.027502384,0.004686
2023-12-02 23:00:00,0.02583353,0.004686
2023-12-03 00:00:00,0.027020719,0.004686
2023-12-03 01:00:00,0.026570214,0.004686
2023-12-03 02:00:00,0.026344283,0.004686
2023-12-03 03:00:00,0.026257709,0.004686
2023-12-03 04:00:00,0.023939988,0.004686
2023-12-03 05:00:00,0.023460383,0.004686
2023-12-03 06:00:00,0.021856787,0.004686
2023-12-03 07:00:00,0.022619057,0.004686
2023-12-03 08:00:00,0.0231407,0.004686
2023-12-03 09:00:00,0.02200173,0.004686
2023-12-03 10:00:00,0.021588102,0.004686
2023-12-03 11:00:00,0.022239463,0.004686
2023-12-03 12:00:00,0.023886058,0.004686
2023-12-03 13:00:00,0.023697784,0.004686
2023-12-03 14:00:00,0.023479668,0.004686
2023-12-03 15:00:00,0.0253239,0.004686
2023-12-03 16:00:00,0.024736067,0.004686
2023-12-03 17:00:00,0.024805985,0.004686
2023-12-03 18:00:00,0.022869153,0.004686
2023-12-03 19:00:00,0.02245228,0.004686
2023-12-03 20:00:00,0.024100134,0.004686
2023-12-03 21:00:00,0.025830677,0.004686
2023-12-03 22:00:00,0.025472477,0.004686
2023-12-03 23:00:00,0.024075026,0.004686
2023-12-04 00:00:00,0.02552279,0.004686
2023-12-04 01:00:00,0.025826383,0.004686
2023-12-04 02:00:00,0.025624476,0.004686
2023-12-04 03:00:00,0.02630698,0.004686
2023-12-04 04:00:00,0.025564343,0.004686
2023-12-04 05:00:00,0.024223156,0.004686
2023-12-04 06:00:00,0.025162874,0.004686
2023-12-04 07:00:00,0.02464504,0.004686
2023-12-04 08:00:00,0.024342863,0.004686
2023-12-04 09:00:00,0.026393972,0.004686
2023-12-04 10:00:00,0.02671634,0.004686
2023-12-04 11:00:00,0.028820451,0.004686
2023-12-04 12:00:00,0.031026073,0.004686
2023-12-04 13:00:00,0.03190173,0.004686
2023-12-04 14:00:00,0.03339084,0.004686
2023-12-04 15:00:00,0.035020325,0.004686
2023-12-04 16:00:00,0.036104955,0.004686
2023-12-04 17:00:00,0.036038645,0.004686
2023-12-04 18:00:00,0.035853904,0.004686
2023-12-04 19:00:00,0.03327952,0.004686
2023-12-04 20:00:00,0.03390327,0.004686
2023-12-04 21:00:00,0.034731563,0.004686
2023-12-04 22:00:00,0.03648927,0.004686
2023-12-04 23:00:00,0.03672282,0.004686
2023-12-05 00:00:00,0.036373332,0.004686
2023-12-05 01:00:00,0.035975423,0.004686
2023-12-05 02:00:00,0.03439164,0.004686
2023-12-05 03:00:00,0.032966103,0.004686
2023-12-05 04:00:00,0.03390152,0.004686
2023-12-05 05:00:00,0.033436727,0.004686
2023-12-05 06:00:00,0.031686056,0.004686
2023-12-05 07:00:00,0.033894572,0.004686
2023-12-05 08:00:00,0.033857603,0.004686
2023-12-05 09:00:00,0.034247413,0.004686
2023-12-05 10:00:00,0.035764817,0.004686
2023-12-05 11:00:00,0.03557147,0.004686
2023-12-05 12:00:00,0.034736793,0.004686
2023-12-05 13:00:00,0.035566296,0.004686
2023-12-05 14:00:00,0.036137715,0.004686
2023-12-05 15:00:00,0.036442146,0.004686
2023-12-05 16:00:00,0.036319453,0.004686
2023-12-05 17:00:00,0.036705315,0.004686
2023-12-05 18:00:00,0.035503548,0.004686
2023-12-05 19:00:00,0.034715634,0.004686
2023-12-05 20:00:00,0.033927117,0.004686
2023-12-05 21:00:00,0.034966353,0.004686
2023-12-05 22:00:00,0.035798963,0.004686
2023-12-05 23:00:00,0.03208278,0.004686
2023-12-06 00:00:00,0.030805,0.004686
2023-12-06 01:00:00,0.030130472,0.004686
2023-12-06 02:00:00,0.031154476,0.004686
2023-12-06 03:00:00,0.030456405,0.004686
2023-12-06 04:00:00,0.031994503,0.004686
2023-12-06 05:00:00,0.03160684,0.004686
2023-12-06 06:00:00,0.03149102,0.004686
2023-12-06 07:00:00,0.030962128,0.004686
2023-12-06 08:00:00,0.031344876,0.004686
2023-12-06 09:00:00,0.03221243,0.004686
2023-12-06 10:00:00,0.03167385,0.004686
2023-12-06 11:00:00,0.031615537,0.004686
2023-12-06 12:00:00,0.052793387,0.004686
2023-12-06 13:00:00,0.05258742,0.004686
2023-12-06 14:00:00,0.055433024,0.004686
2023-12-06 15:00:00,0.05621379,0.004686
2023-12-06 16:00:00,0.055649716,0.004686
2023-12-06 17:00:00,0.055134796,0.004686
2023-12-06 18:00:00,0.055450313,0.004686
2023-12-06 19:00:00,0.05524939,0.004686
2023-12-06 20:00:00,0.05516007,0.004686
2023-12-06 21:00:00,0.054371454,0.004686
2023-12-06 22:00:00,0.05541321,0.004686
2023-12-06 23:00:00,0.055960655,0.004686
2023-12-07 00:00:00,0.05493789,0.004686
2023-12-07 01:00:00,0.055891342,0.004686
2023-12-07 02:00:00,0.055871792,0.004686
2023-12-07 03:00:00,0.056762546,0.004686
2023-12-07 04:00:00,0.056669977,0.004686
2023-12-07 05:00:00,0.056776624,0.004686
2023-12-07 06:00:00,0.057040602,0.004686
2023-12-07 07:00:00,0.05719574,0.004686
2023-12-07 08:00:00,0.058908988,0.004686
2023-12-07 09:00:00,0.059407838,0.004686
2023-12-07 10:00:00,0.06043858,0.004686
2023-12-07 11:00:00,0.05931199,0.004686
2023-12-07 12:00:00,0.03703624,0.004686
2023-12-07 13:00:00,0.03393002,0.004686
2023-12-07 14:00:00,0.034960847,0.004686
2023-12-07 15:00:00,0.035230007,0.004686
2023-12-07 16:00:00,0.032264274,0.004686
2023-12-07 17:00:00,0.03335733,0.004686
2023-12-07 18:00:00,0.031453986,0.004686
2023-12-07 19:00:00,0.028519733,0.004686
2023-12-07 20:00:00,0.032423362,0.004686
2023-12-07 21:00:00,0.03218735,0.004686
2023-12-07 22:00:00,0.0323632,0.004686
2023-12-07 23:00:00,0.030285645,0.004686
2023-12-08 00:00:00,0.031185042,0.004686
2023-12-08 01:00:00,0.031314954,0.004686
2023-12-08 02:00:00,0.03190776,0.004686
2023-12-08 03:00:00,0.03207608,0.004686
2023-12-08 04:00:00,0.033141762,0.004686
2023-12-08 05:00:00,0.03192326,0.004686
2023-12-08 06:00:00,0.031241199,0.004686
2023-12-08 07:00:00,0.03247713,0.004686
2023-12-08 08:00:00,0.033213582,0.004686
2023-12-08 09:00:00,0.033426173,0.004686
2023-12-08 10:00:00,0.034228,0.004686
2023-12-08 11:00:00,0.033447757,0.004686
2023-12-08 12:00:00,0.034260545,0.004686
2023-12-08 13:00:00,0.035637222,0.004686
2023-12-08 14:00:00,0.036807127,0.004686
2023-12-08 15:00:00,0.036933266,0.004686
2023-12-08 16:00:00,0.03631476,0.004686
2023-12-08 17:00:00,0.03527363,0.004686
2023-12-08 18:00:00,0.03562592,0.004686
2023-12-08 19:00:00,0.033341188,0.004686
2023-12-08 20:00:00,0.03493374,0.004686
2023-12-08 21:00:00,0.03642446,0.004686
2023-12-08 22:00:00,0.038456395,0.004686
2023-12-08 23:00:00,0.037438016,0.004686
2023-12-09 00:00:00,0.03799463,0.004686
2023-12-09 01:00:00,0.037126232,0.004686
2023-12-09 02:00:00,0.037237268,0.004686
2023-12-09 03:00:00,0.035744116,0.004686
2023-12-09 04:00:00,0.03368934,0.004686
2023-12-09 05:00:00,0.033363946,0.004686
2023-12-09 06:00:00,0.031165386,0.004686
2023-12-09 07:00:00,0.030542362,0.004686
2023-12-09 08:00:00,0.03088518,0.004686
2023-12-09 09:00:00,0.030132012,0.004686
2023-12-09 10:00:00,0.02841184,0.004686
2023-12-09 11:00:00,0.028924592,0.004686
2023-12-09 12:00:00,0.029289147,0.004686
2023-12-09 13:00:00,0.029290233,0.004686
2023-12-09 14:00:00,0.028344316,0.004686
2023-12-09 15:00:00,0.026651165,0.004686
2023-12-09 16:00:00,0.025505569,0.004686
2023-12-09 17:00:00,0.024187295,0.004686
2023-12-09 18:00:00,0.02147706,0.004686
2023-12-09 19:00:00,0.02040277,0.004686
2023-12-09 20:00:00,0.018873727,0.004686
2023-12-09 21:00:00,0.019548079,0.004686
2023-12-09 22:00:00,0.01893477,0.004686
2023-12-09 23:00:00,0.017695094,0.004686
2023-12-10 00:00:00,0.017990991,0.004686
2023-12-10 01:00:00,0.018043997,0.004686
2023-12-10 02:00:00,0.018700069,0.004686
2023-12-10 03:00:00,0.01794409,0.004686
2023-12-10 04:00:00,0.018389829,0.004686
2023-12-10 05:00:00,0.018181771,0.004686
2023-12-10 06:00:00,0.01676821,0.004686
2023-12-10 07:00:00,0.017812438,0.004686
2023-12-10 08:00:00,0.017891226,0.004686
2023-12-10 09:00:00,0.016219774,0.004686
2023-12-10 10:00:00,0.016670464,0.004686
2023-12-10 11:00:00,0.016832298,0.004686
2023-12-10 12:00:00,0.017575458,0.004686
2023-12-10 13:00:00,0.018250784,0.004686
2023-12-10 14:00:00,0.016957775,0.004686
2023-12-10 15:00:00,0.017602112,0.004686
2023-12-10 16:00:00,0.019139184,0.004686
2023-12-10 17:00:00,0.018634807,0.004686
2023-12-10 18:00:00,0.017340345,0.004686
2023-12-10 19:00:00,0.016516153,0.004686
2023-12-10 20:00:00,0.016912166,0.004686
2023-12-10 21:00:00,0.016842855,0.004686
2023-12-10 22:00:00,0.015796004,0.004686
2023-12-10 23:00:00,0.01700094,0.004686
2023-12-11 00:00:00,0.01634734,0.004686
2023-12-11 01:00:00,0.0157396,0.004686
2023-12-11 02:00:00,0.016644064,0.004686
2023-12-11 03:00:00,0.01683228,0.004686
2023-12-11 04:00:00,0.016970685,0.004686
2023-12-11 05:00:00,0.017213685,0.004686
2023-12-11 06:00:00,0.017241191,0.004686
2023-12-11 07:00:00,0.01761301,0.004686
2023-12-11 08:00:00,0.018324148,0.004686
2023-12-11 09:00:00,0.018664774,0.004686
2023-12-11 10:00:00,0.019117946,0.004686
2023-12-11 11:00:00,0.019423971,0.004686
2023-12-11 12:00:00,0.020207254,0.004686
2023-12-11 13:00:00,0.021044102,0.004686
2023-12-11 14:00:00,0.021673094,0.004686
2023-12-11 15:00:00,0.022302937,0.004686
2023-12-11 16:00:00,0.023901105,0.004686
2023-12-11 17:00:00,0.02130164,0.004686
2023-12-11 18:00:00,0.021297589,0.004686
2023-12-11 19:00:00,0.021882115,0.004686
2023-12-11 20:00:00,0.022201404,0.004686
2023-12-11 21:00:00,0.02354298,0.004686
2023-12-11 22:00:00,0.023582533,0.004686
2023-12-11 23:00:00,0.022468453,0.004686
2023-12-12 00:00:00,0.023046877,0.004686
2023-12-12 01:00:00,0.023609651,0.004686
2023-12-12 02:00:00,0.02333838,0.004686
2023-12-12 03:00:00,0.022704482,0.004686
2023-12-12 04:00:00,0.023127392,0.004686
2023-12-12 05:00:00,0.023003658,0.004686
2023-12-12 06:00:00,0.020319909,0.004686
2023-12-12 07:00:00,0.02073827,0.004686
2023-12-12 08:00:00,0.019785954,0.004686
2023-12-12 09:00:00,0.019249883,0.004686
2023-12-12 10:00:00,0.019237086,0.004686
2023-12-12 11:00:00,0.019413717,0.004686
2023-12-12 12:00:00,0.020820482,0.004686
2023-12-12 13:00:00,0.022795614,0.004686
2023-12-12 14:00:00,0.02232866,0.004686
2023-12-12 15:00:00,0.023348408,0.004686
2023-12-12 16:00:00,0.024205372,0.004686
2023-12-12 17:00:00,0.024437595,0.004686
2023-12-12 18:00:00,0.024594827,0.004686
2023-12-12 19:00:00,0.026178837,0.004686
2023-12-12 20:00:00,0.02640508,0.004686
2023-12-12 21:00:00,0.025835603,0.004686
2023-12-12 22:00:00,0.027289096,0.004686
2023-12-12 23:00:00,0.028665164,0.004686
2023-12-13 00:00:00,0.029699478,0.004686
2023-12-13 01:00:00,0.029823668,0.004686
2023-12-13 02:00:00,0.031843968,0.004686
2023-12-13 03:00:00,0.031825792,0.004686
2023-12-13 04:00:00,0.031804603,0.004686
2023-12-13 05:00:00,0.03243574,0.004686
2023-12-13 06:00:00,0.033352327,0.004686
2023-12-13 07:00:00,0.034124445,0.004686
2023-12-13 08:00:00,0.03742361,0.004686
2023-12-13 09:00:00,0.038933855,0.004686
2023-12-13 10:00:00,0.04111097,0.004686
2023-12-13 11:00:00,0.04141863,0.004686
2023-12-13 12:00:00,0.04241782,0.004686
2023-12-13 13:00:00,0.04298681,0.004686
2023-12-13 14:00:00,0.043587234,0.004686
2023-12-13 15:00:00,0.04366737,0.004686
2023-12-13 16:00:00,0.04345342,0.004686
2023-12-13 17:00:00,0.04257248,0.004686
2023-12-13 18:00:00,0.04075599,0.004686
2023-12-13 19:00:00,0.039588314,0.004686
2023-12-13 20:00:00,0.039122026,0.004686
2023-12-13 21:00:00,0.040655147,0.004686
2023-12-13 22:00:00,0.040988922,0.004686
2023-12-13 23:00:00,0.041070424,0.004686
2023-12-14 00:00:00,0.038920134,0.004686
2023-12-14 01:00:00,0.038084384,0.004686
2023-12-14 02:00:00,0.037845407,0.004686
2023-12-14 03:00:00,0.03848999,0.004686
2023-12-14 04:00:00,0.03834703,0.004686
2023-12-14 05:00:00,0.038245957,0.004686
2023-12-14 06:00:00,0.037141167,0.004686
2023-12-14 07:00:00,0.036138814,0.004686
2023-12-14 08:00:00,0.036659174,0.004686
2023-12-14 09:00:00,0.038025595,0.004686
2023-12-14 10:00:00,0.038217418,0.004686
2023-12-14 11:00:00,0.03733862,0.004686
2023-12-14 12:00:00,0.039114483,0.004686
2023-12-14 13:00:00,0.04047878,0.004686
2023-12-14 14:00:00,0.041332792,0.004686
2023-12-14 15:00:00,0.041693095,0.004686
2023-12-14 16:00:00,0.04137156,0.004686
2023-12-14 17:00:00,0.03975931,0.004686
2023-12-14 18:00:00,0.0382014,0.004686
2023-12-14 19:00:00,0.038768854,0.004686
2023-12-14 20:00:00,0.03891623,0.004686
2023-12-14 21:00:00,0.039499186,0.004686
2023-12-14 22:00:00,0.039798424,0.004686
2023-12-14 23:00:00,0.040374275,0.004686
2023-12-15 00:00:00,0.041193835,0.004686
2023-12-15 01:00:00,0.04073227,0.004686
2023-12-15 02:00:00,0.039851125,0.004686
2023-12-15 03:00:00,0.039164934,0.004686
2023-12-15 04:00:00,0.03741501,0.004686
2023-12-15 05:00:00,0.038503688,0.004686
2023-12-15 06:00:00,0.03773767,0.004686
2023-12-15 07:00:00,0.038545035,0.004686
2023-12-15 08:00:00,0.036980614,0.004686
2023-12-15 09:00:00,0.038435765,0.004686
2023-12-15 10:00:00,0.037862662,0.004686
2023-12-15 11:00:00,0.037062094,0.004686
2023-12-15 12:00:00,0.039315462,0.004686
2023-12-15 13:00:00,0.040784035,0.004686
2023-12-15 14:00:00,0.04142924,0.004686
2023-12-15 15:00:00,0.041636813,0.004686
2023-12-15 16:00:00,0.041346088,0.004686
2023-12-15 17:00:00,0.04113881,0.004686
2023-12-15 18:00:00,0.039665427,0.004686
2023-12-15 19:00:00,0.039166704,0.004686
2023-12-15 20:00:00,0.03829035,0.004686
2023-12-15 21:00:00,0.038776625,0.004686
2023-12-15 22:00:00,0.03845968,0.004686
2023-12-15 23:00:00,0.04126648,0.004686
2023-12-16 00:00:00,0.041001383,0.004686
2023-12-16 01:00:00,0.039855883,0.004686
2023-12-16 02:00:00,0.04022717,0.004686
2023-12-16 03:00:00,0.039542705,0.004686
2023-12-16 04:00:00,0.03987561,0.004686
2023-12-16 05:00:00,0.0386807,0.004686
2023-12-16 06:00:00,0.0381251,0.004686
2023-12-16 07:00:00,0.037887406,0.004686
2023-12-16 08:00:00,0.03728305,0.004686
2023-12-16 09:00:00,0.036589246,0.004686
2023-12-16 10:00:00,0.03451886,0.004686
2023-12-16 11:00:00,0.034920305,0.004686
2023-12-16 12:00:00,0.037694313,0.004686
2023-12-16 13:00:00,0.038888045,0.004686
2023-12-16 14:00:00,0.041536707,0.004686
2023-12-16 15:00:00,0.04155076,0.004686
2023-12-16 16:00:00,0.041584093,0.004686
2023-12-16 17:00:00,0.04059559,0.004686
2023-12-16 18:00:00,0.039372902,0.004686
2023-12-16 19:00:00,0.037600152,0.004686
2023-12-16 20:00:00,0.03724293,0.004686
2023-12-16 21:00:00,0.037723783,0.004686
2023-12-16 22:00:00,0.03769127,0.004686
2023-12-16 23:00:00,0.03748641,0.004686
2023-12-17 00:00:00,0.03706627,0.004686
2023-12-17 01:00:00,0.03739881,0.004686
2023-12-17 02:00:00,0.037029527,0.004686
2023-12-17 03:00:00,0.03589153,0.004686
2023-12-17 04:00:00,0.035929505,0.004686
2023-12-17 05:00:00,0.035591703,0.004686
2023-12-17 06:00:00,0.03445968,0.004686
2023-12-17 07:00:00,0.03385317,0.004686
2023-12-17 08:00:00,0.033851076,0.004686
2023-12-17 09:00:00,0.02988474,0.004686
2023-12-17 10:00:00,0.02939478,0.004686
2023-12-17 11:00:00,0.02975795,0.004686
2023-12-17 12:00:00,0.030471487,0.004686
2023-12-17 13:00:00,0.032982953,0.004686
2023-12-17 14:00:00,0.035909045,0.004686
2023-12-17 15:00:00,0.037067026,0.004686
2023-12-17 16:00:00,0.03558176,0.004686
2023-12-17 17:00:00,0.03501024,0.004686
2023-12-17 18:00:00,0.033123706,0.004686
2023-12-17 19:00:00,0.033118233,0.004686
2023-12-17 20:00:00,0.031488605,0.004686
2023-12-17 21:00:00,0.032259714,0.004686
2023-12-17 22:00:00,0.033657674,0.004686
2023-12-17 23:00:00,0.034874693,0.004686
2023-12-18 00:00:00,0.035877213,0.004686
2023-12-18 01:00:00,0.035477072,0.004686
2023-12-18 02:00:00,0.03600328,0.004686
2023-12-18 03:00:00,0.035905953,0.004686
2023-12-18 04:00:00,0.035278782,0.004686
2023-12-18 05:00:00,0.03477399,0.004686
2023-12-18 06:00:00,0.034353126,0.004686
2023-12-18 07:00:00,0.034020383,0.004686
2023-12-18 08:00:00,0.035154458,0.004686
2023-12-18 09:00:00,0.035018206,0.004686
2023-12-18 10:00:00,0.034317482,0.004686
2023-12-18 11:00:00,0.03392952,0.004686
2023-12-18 12:00:00,0.03459647,0.004686
2023-12-18 13:00:00,0.03534742,0.004686
2023-12-18 14:00:00,0.036445778,0.004686
2023-12-18 15:00:00,0.03622028,0.004686
2023-12-18 16:00:00,0.03661094,0.004686
2023-12-18 17:00:00,0.03535581,0.004686
2023-12-18 18:00:00,0.03417865,0.004686
2023-12-18 19:00:00,0.03377145,0.004686
2023-12-18 20:00:00,0.033010907,0.004686
2023-12-18 21:00:00,0.033772666,0.004686
2023-12-18 22:00:00,0.035544366,0.004686
2023-12-18 23:00:00,0.033985253,0.004686
2023-12-19 00:00:00,0.03322131,0.004686
2023-12-19 01:00:00,0.03376593,0.004686
2023-12-19 02:00:00,0.034711685,0.004686
2023-12-19 03:00:00,0.034447215,0.004686
2023-12-19 04:00:00,0.035320465,0.004686
2023-12-19 05:00:00,0.03453953,0.004686
2023-12-19 06:00:00,0.033780232,0.004686
2023-12-19 07:00:00,0.032846052,0.004686
2023-12-19 08:00:00,0.034652784,0.004686
2023-12-19 09:00:00,0.034263257,0.004686
2023-12-19 10:00:00,0.034561273,0.004686
2023-12-19 11:00:00,0.03522968,0.004686
2023-12-19 12:00:00,0.03513881,0.004686
2023-12-19 13:00:00,0.03654178,0.004686
2023-12-19 14:00:00,0.03776341,0.004686
2023-12-19 15:00:00,0.0376089,0.004686
2023-12-19 16:00:00,0.037272852,0.004686
2023-12-19 17:00:00,0.036869064,0.004686
2023-12-19 18:00:00,0.03715288,0.004686
2023-12-19 19:00:00,0.03563933,0.004686
2023-12-19 20:00:00,0.03381007,0.004686
2023-12-19 21:00:00,0.03491058,0.004686
2023-12-19 22:00:00,0.037854835,0.004686
2023-12-19 23:00:00,0.03813236,0.004686
2023-12-20 00:00:00,0.03802179,0.004686
2023-12-20 01:00:00,0.036676053,0.004686
2023-12-20 02:00:00,0.03552749,0.004686
2023-12-20 03:00:00,0.03590789,0.004686
2023-12-20 04:00:00,0.03623216,0.004686
2023-12-20 05:00:00,0.037051123,0.004686
2023-12-20 06:00:00,0.03554885,0.004686
2023-12-20 07:00:00,0.036989927,0.004686
2023-12-20 08:00:00,0.03560868,0.004686
2023-12-20 09:00:00,0.03681118,0.004686
2023-12-20 10:00:00,0.03675087,0.004686
2023-12-20 11:00:00,0.036082014,0.004686
2023-12-20 12:00:00,0.038557608,0.004686
2023-12-20 13:00:00,0.04007997,0.004686
2023-12-20 14:00:00,0.040854584,0.004686
2023-12-20 15:00:00,0.040952396,0.004686
2023-12-20 16:00:00,0.04023856,0.004686
2023-12-20 17:00:00,0.040610887,0.004686
2023-12-20 18:00:00,0.039371505,0.004686
2023-12-20 19:00:00,0.038365055,0.004686
2023-12-20 20:00:00,0.03829961,0.004686
2023-12-20 21:00:00,0.03983467,0.004686
2023-12-20 22:00:00,0.04041893,0.004686
2023-12-20 23:00:00,0.04059768,0.004686
2023-12-21 00:00:00,0.03929728,0.004686
2023-12-21 01:00:00,0.038560085,0.004686
2023-12-21 02:00:00,0.039146136,0.004686
2023-12-21 03:00:00,0.040162884,0.004686
2023-12-21 04:00:00,0.040241215,0.004686
2023-12-21 05:00:00,0.039188795,0.004686
2023-12-21 06:00:00,0.039847706,0.004686
2023-12-21 07:00:00,0.04024269,0.004686
2023-12-21 08:00:00,0.039907414,0.004686
2023-12-21 09:00:00,0.040775206,0.004686
2023-12-21 10:00:00,0.04120861,0.004686
2023-12-21 11:00:00,0.039034083,0.004686
2023-12-21 12:00:00,0.04147732,0.004686
2023-12-21 13:00:00,0.043161854,0.004686
2023-12-21 14:00:00,0.044519585,0.004686
2023-12-21 15:00:00,0.044779178,0.004686
2023-12-21 16:00:00,0.04526733,0.004686
2023-12-21 17:00:00,0.043433614,0.004686
2023-12-21 18:00:00,0.043153677,0.004686
2023-12-21 19:00:00,0.042363565,0.004686
2023-12-21 20:00:00,0.04248715,0.004686
2023-12-21 21:00:00,0.044105604,0.004686
2023-12-21 22:00:00,0.045226187,0.004686
2023-12-21 23:00:00,0.044658836,0.004686
2023-12-22 00:00:00,0.045576073,0.004686
2023-12-22 01:00:00,0.044199165,0.004686
2023-12-22 02:00:00,0.04211273,0.004686
2023-12-22 03:00:00,0.041901108,0.004686
2023-12-22 04:00:00,0.04157629,0.004686
2023-12-22 05:00:00,0.041437134,0.004686
2023-12-22 06:00:00,0.040647384,0.004686
2023-12-22 07:00:00,0.04069513,0.004686
2023-12-22 08:00:00,0.037629142,0.004686
2023-12-22 09:00:00,0.039488934,0.004686
2023-12-22 10:00:00,0.039839067,0.004686
2023-12-22 11:00:00,0.038612273,0.004686
2023-12-22 12:00:00,0.040973555,0.004686
2023-12-22 13:00:00,0.042916857,0.004686
2023-12-22 14:00:00,0.044502493,0.004686
2023-12-22 15:00:00,0.045129135,0.004686
2023-12-22 16:00:00,0.044715755,0.004686
2023-12-22 17:00:00,0.043967072,0.004686
2023-12-22 18:00:00,0.043578185,0.004686
2023-12-22 19:00:00,0.04379043,0.004686
2023-12-22 20:00:00,0.04237083,0.004686
2023-12-22 21:00:00,0.043006383,0.004686
2023-12-22 22:00:00,0.04451606,0.004686
2023-12-22 23:00:00,0.044481218,0.004686
2023-12-23 00:00:00,0.044623386,0.004686
2023-12-23 01:00:00,0.04457158,0.004686
2023-12-23 02:00:00,0.043748245,0.004686
2023-12-23 03:00:00,0.043384276,0.004686
2023-12-23 04:00:00,0.042533223,0.004686
2023-12-23 05:00:00,0.04142703,0.004686
2023-12-23 06:00:00,0.04079809,0.004686
2023-12-23 07:00:00,0.04025942,0.004686
2023-12-23 08:00:00,0.03851747,0.004686
2023-12-23 09:00:00,0.038309522,0.004686
2023-12-23 10:00:00,0.03773705,0.004686
2023-12-23 11:00:00,0.03777761,0.004686
2023-12-23 12:00:00,0.04144072,0.004686
2023-12-23 13:00:00,0.042002633,0.004686
2023-12-23 14:00:00,0.044128753,0.004686
2023-12-23 15:00:00,0.044105016,0.004686
2023-12-23 16:00:00,0.044117298,0.004686
2023-12-23 17:00:00,0.04370502,0.004686
2023-12-23 18:00:00,0.042529862,0.004686
2023-12-23 19:00:00,0.041903507,0.004686
2023-12-23 20:00:00,0.04009981,0.004686
2023-12-23 21:00:00,0.040965207,0.004686
2023-12-23 22:00:00,0.040742997,0.004686
2023-12-23 23:00:00,0.04217927,0.004686
2023-12-24 00:00:00,0.042377595,0.004686
2023-12-24 01:00:00,0.04289814,0.004686
2023-12-24 02:00:00,0.042793088,0.004686
2023-12-24 03:00:00,0.04229451,0.004686
2023-12-24 04:00:00,0.042138845,0.004686
2023-12-24 05:00:00,0.039935943,0.004686
2023-12-24 06:00:00,0.037955873,0.004686
2023-12-24 07:00:00,0.03728281,0.004686
2023-12-24 08:00:00,0.036392953,0.004686
2023-12-24 09:00:00,0.035222717,0.004686
2023-12-24 10:00:00,0.035253767,0.004686
2023-12-24 11:00:00,0.036384,0.004686
2023-12-24 12:00:00,0.037787486,0.004686
2023-12-24 13:00:00,0.04041717,0.004686
2023-12-24 14:00:00,0.04221159,0.004686
2023-12-24 15:00:00,0.041930895,0.004686
2023-12-24 16:00:00,0.041468687,0.004686
2023-12-24 17:00:00,0.042223666,0.004686
2023-12-24 18:00:00,0.04019147,0.004686
2023-12-24 19:00:00,0.038560256,0.004686
2023-12-24 20:00:00,0.037890635,0.004686
2023-12-24 21:00:00,0.039248668,0.004686
2023-12-24 22:00:00,0.038848575,0.004686
2023-12-24 23:00:00,0.039873753,0.004686
2023-12-25 00:00:00,0.040500905,0.004686
2023-12-25 01:00:00,0.0384018,0.004686
2023-12-25 02:00:00,0.03927974,0.004686
2023-12-25 03:00:00,0.03938895,0.004686
2023-12-25 04:00:00,0.039932624,0.004686
2023-12-25 05:00:00,0.039433565,0.004686
2023-12-25 06:00:00,0.03812406,0.004686
2023-12-25 07:00:00,0.03863547,0.004686
2023-12-25 08:00:00,0.037788287,0.004686
2023-12-25 09:00:00,0.036745876,0.004686
2023-12-25 10:00:00,0.037366632,0.004686
2023-12-25 11:00:00,0.037486117,0.004686
2023-12-25 12:00:00,0.040020756,0.004686
2023-12-25 13:00:00,0.04229445,0.004686
2023-12-25 14:00:00,0.042580113,0.004686
2023-12-25 15:00:00,0.04219151,0.004686
2023-12-25 16:00:00,0.04272201,0.004686
2023-12-25 17:00:00,0.0423756,0.004686
2023-12-25 18:00:00,0.04173416,0.004686
2023-12-25 19:00:00,0.04148398,0.004686
2023-12-25 20:00:00,0.040137913,0.004686
2023-12-25 21:00:00,0.040980067,0.004686
2023-12-25 22:00:00,0.0413175,0.004686
2023-12-25 23:00:00,0.043105148,0.004686
2023-12-26 00:00:00,0.043307748,0.004686
2023-12-26 01:00:00,0.04148094,0.004686
2023-12-26 02:00:00,0.04160686,0.004686
2023-12-26 03:00:00,0.040562816,0.004686
2023-12-26 04:00:00,0.04081867,0.004686
2023-12-26 05:00:00,0.040832505,0.004686
2023-12-26 06:00:00,0.040018618,0.004686
2023-12-26 07:00:00,0.04052501,0.004686
2023-12-26 08:00:00,0.040467378,0.004686
2023-12-26 09:00:00,0.039509457,0.004686
2023-12-26 10:00:00,0.038286347,0.004686
2023-12-26 11:00:00,0.037358545,0.004686
2023-12-26 12:00:00,0.03881623,0.004686
2023-12-26 13:00:00,0.039712496,0.004686
2023-12-26 14:00:00,0.040680047,0.004686
2023-12-26 15:00:00,0.04075692,0.004686
2023-12-26 16:00:00,0.04070628,0.004686
2023-12-26 17:00:00,0.039941046,0.004686
2023-12-26 18:00:00,0.039944816,0.004686
2023-12-26 19:00:00,0.037968528,0.004686
2023-12-26 20:00:00,0.037374444,0.004686
2023-12-26 21:00:00,0.038070288,0.004686
2023-12-26 22:00:00,0.03928832,0.004686
2023-12-26 23:00:00,0.038986485,0.004686
2023-12-27 00:00:00,0.039198056,0.004686
2023-12-27 01:00:00,0.037509855,0.004686
2023-12-27 02:00:00,0.038940992,0.004686
2023-12-27 03:00:00,0.037815034,0.004686
2023-12-27 04:00:00,0.038784977,0.004686
2023-12-27 05:00:00,0.038530134,0.004686
2023-12-27 06:00:00,0.03720408,0.004686
2023-12-27 07:00:00,0.038766682,0.004686
2023-12-27 08:00:00,0.039072312,0.004686
2023-12-27 09:00:00,0.03808147,0.004686
2023-12-27 10:00:00,0.037119545,0.004686
2023-12-27 11:00:00,0.03783751,0.004686
2023-12-27 12:00:00,0.03896082,0.004686
2023-12-27 13:00:00,0.040885672,0.004686
2023-12-27 14:00:00,0.042545117,0.004686
2023-12-27 15:00:00,0.042716913,0.004686
2023-12-27 16:00:00,0.043066066,0.004686
2023-12-27 17:00:00,0.041635554,0.004686
2023-12-27 18:00:00,0.039688237,0.004686
2023-12-27 19:00:00,0.039160643,0.004686
2023-12-27 20:00:00,0.03908899,0.004686
2023-12-27 21:00:00,0.03909272,0.004686
2023-12-27 22:00:00,0.039619483,0.004686
2023-12-27 23:00:00,0.04011561,0.004686
2023-12-28 00:00:00,0.03988416,0.004686
2023-12-28 01:00:00,0.039543755,0.004686
2023-12-28 02:00:00,0.04009434,0.004686
2023-12-28 03:00:00,0.039585404,0.004686
2023-12-28 04:00:00,0.040614445,0.004686
2023-12-28 05:00:00,0.03976765,0.004686
2023-12-28 06:00:00,0.039582476,0.004686
2023-12-28 07:00:00,0.04029912,0.004686
2023-12-28 08:00:00,0.041365013,0.004686
2023-12-28 09:00:00,0.039906424,0.004686
2023-12-28 10:00:00,0.038361497,0.004686
2023-12-28 11:00:00,0.039564148,0.004686
2023-12-28 12:00:00,0.039511465,0.004686
2023-12-28 13:00:00,0.041372348,0.004686
2023-12-28 14:00:00,0.04306477,0.004686
2023-12-28 15:00:00,0.044900794,0.004686
2023-12-28 16:00:00,0.044015005,0.004686
2023-12-28 17:00:00,0.043761842,0.004686
2023-12-28 18:00:00,0.041257888,0.004686
2023-12-28 19:00:00,0.04047144,0.004686
2023-12-28 20:00:00,0.04136967,0.004686
2023-12-28 21:00:00,0.041474026,0.004686
2023-12-28 22:00:00,0.042107742,0.004686
2023-12-28 23:00:00,0.041640006,0.004686
2023-12-29 00:00:00,0.04212662,0.004686
2023-12-29 01:00:00,0.042530403,0.004686
2023-12-29 02:00:00,0.04409377,0.004686
2023-12-29 03:00:00,0.044105403,0.004686
2023-12-29 04:00:00,0.043995254,0.004686
2023-12-29 05:00:00,0.042843144,0.004686
2023-12-29 06:00:00,0.043533064,0.004686
2023-12-29 07:00:00,0.043818753,0.004686
2023-12-29 08:00:00,0.043363273,0.004686
2023-12-29 09:00:00,0.042084448,0.004686
2023-12-29 10:00:00,0.04265684,0.004686
2023-12-29 11:00:00,0.042581365,0.004686
2023-12-29 12:00:00,0.042564563,0.004686
2023-12-29 13:00:00,0.045717828,0.004686
2023-12-29 14:00:00,0.047188077,0.004686
2023-12-29 15:00:00,0.047825526,0.004686
2023-12-29 16:00:00,0.04790722,0.004686
2023-12-29 17:00:00,0.047002282,0.004686
2023-12-29 18:00:00,0.046864457,0.004686
2023-12-29 19:00:00,0.04641948,0.004686
2023-12-29 20:00:00,0.04531087,0.004686
2023-12-29 21:00:00,0.045762464,0.004686
2023-12-29 22:00:00,0.045112506,0.004686
2023-12-29 23:00:00,0.046753194,0.004686
2023-12-30 00:00:00,0.046473224,0.004686
2023-12-30 01:00:00,0.044357184,0.004686
2023-12-30 02:00:00,0.044676684,0.004686
2023-12-30 03:00:00,0.045508474,0.004686
2023-12-30 04:00:00,0.044565026,0.004686
2023-12-30 05:00:00,0.04396238,0.004686
2023-12-30 06:00:00,0.043253236,0.004686
2023-12-30 07:00:00,0.041518282,0.004686
2023-12-30 08:00:00,0.039980635,0.004686
2023-12-30 09:00:00,0.03784726,0.004686
2023-12-30 10:00:00,0.037779033,0.004686
2023-12-30 11:00:00,0.03731896,0.004686
2023-12-30 12:00:00,0.03884706,0.004686
2023-12-30 13:00:00,0.040862903,0.004686
2023-12-30 14:00:00,0.042235117,0.004686
2023-12-30 15:00:00,0.04227511,0.004686
2023-12-30 16:00:00,0.041467205,0.004686
2023-12-30 17:00:00,0.04038365,0.004686
2023-12-30 18:00:00,0.038789775,0.004686
2023-12-30 19:00:00,0.037179206,0.004686
2023-12-30 20:00:00,0.036970638,0.004686
2023-12-30 21:00:00,0.037248414,0.004686
2023-12-30 22:00:00,0.036477026,0.004686
2023-12-30 23:00:00,0.038140398,0.004686
2023-12-31 00:00:00,0.038121562,0.004686
2023-12-31 01:00:00,0.03803161,0.004686
2023-12-31 02:00:00,0.036619805,0.004686
2023-12-31 03:00:00,0.035857525,0.004686
2023-12-31 04:00:00,0.03665501,0.004686
2023-12-31 05:00:00,0.036800653,0.004686
2023-12-31 06:00:00,0.0351352,0.004686
2023-12-31 07:00:00,0.034523107,0.004686
2023-12-31 08:00:00,0.033341493,0.004686
2023-12-31 09:00:00,0.0329816,0.004686
2023-12-31 10:00:00,0.033125795,0.004686
2023-12-31 11:00:00,0.034248438,0.004686
2023-12-31 12:00:00,0.036232155,0.004686
2023-12-31 13:00:00,0.038437292,0.004686
2023-12-31 14:00:00,0.04069444,0.004686
2023-12-31 15:00:00,0.041426506,0.004686
2023-12-31 16:00:00,0.04054818,0.004686
2023-12-31 17:00:00,0.039960068,0.004686
2023-12-31 18:00:00,0.038898125,0.004686
2023-12-31 19:00:00,0.036627192,0.004686
2023-12-31 20:00:00,0.037252136,0.004686
2023-12-31 21:00:00,0.03757612,0.004686
2023-12-31 22:00:00,0.03920142,0.004686
