timestamp,recon_error,threshold
2023-01-02 00:00:00,580694.25,0.013141058051660928
2023-01-02 01:00:00,580694.25,0.013141058051660928
2023-01-02 02:00:00,580694.3125,0.013141058051660928
2023-01-02 03:00:00,580694.3125,0.013141058051660928
2023-01-02 04:00:00,580694.3125,0.013141058051660928
2023-01-02 05:00:00,580694.3125,0.013141058051660928
2023-01-02 06:00:00,580694.3125,0.013141058051660928
2023-01-02 07:00:00,580694.3125,0.013141058051660928
2023-01-02 08:00:00,580694.3125,0.013141058051660928
2023-01-02 09:00:00,580694.3125,0.013141058051660928
2023-01-02 10:00:00,580694.375,0.013141058051660928
2023-01-02 11:00:00,580694.375,0.013141058051660928
2023-01-02 12:00:00,580694.375,0.013141058051660928
2023-01-02 13:00:00,580694.375,0.013141058051660928
2023-01-02 14:00:00,580694.375,0.013141058051660928
2023-01-02 15:00:00,580694.375,0.013141058051660928
2023-01-02 16:00:00,580694.375,0.013141058051660928
2023-01-02 17:00:00,580694.4375,0.013141058051660928
2023-01-02 18:00:00,580694.4375,0.013141058051660928
2023-01-02 19:00:00,580694.4375,0.013141058051660928
2023-01-02 20:00:00,580694.4375,0.013141058051660928
2023-01-02 21:00:00,580694.4375,0.013141058051660928
2023-01-02 22:00:00,580694.4375,0.013141058051660928
2023-01-02 23:00:00,580694.5,0.013141058051660928
2023-01-03 00:00:00,580694.5,0.013141058051660928
2023-01-03 01:00:00,580694.5,0.013141058051660928
2023-01-03 02:00:00,580694.5,0.013141058051660928
2023-01-03 03:00:00,580694.5,0.013141058051660928
2023-01-03 04:00:00,580694.5,0.013141058051660928
2023-01-03 05:00:00,580694.5,0.013141058051660928
2023-01-03 06:00:00,580694.5,0.013141058051660928
2023-01-03 07:00:00,580694.5,0.013141058051660928
2023-01-03 08:00:00,580694.5625,0.013141058051660928
2023-01-03 09:00:00,580694.5625,0.013141058051660928
2023-01-03 10:00:00,580694.5625,0.013141058051660928
2023-01-03 11:00:00,580694.5625,0.013141058051660928
2023-01-03 12:00:00,580694.5625,0.013141058051660928
2023-01-03 13:00:00,580694.625,0.013141058051660928
2023-01-03 14:00:00,580694.625,0.013141058051660928
2023-01-03 15:00:00,580694.625,0.013141058051660928
2023-01-03 16:00:00,580694.625,0.013141058051660928
2023-01-03 17:00:00,580694.625,0.013141058051660928
2023-01-03 18:00:00,580694.625,0.013141058051660928
2023-01-03 19:00:00,580694.625,0.013141058051660928
2023-01-03 20:00:00,580694.6875,0.013141058051660928
2023-01-03 21:00:00,580694.6875,0.013141058051660928
2023-01-03 22:00:00,580694.6875,0.013141058051660928
2023-01-03 23:00:00,580694.6875,0.013141058051660928
2023-01-04 00:00:00,580694.6875,0.013141058051660928
2023-01-04 01:00:00,580694.6875,0.013141058051660928
2023-01-04 02:00:00,580694.75,0.013141058051660928
2023-01-04 03:00:00,580694.75,0.013141058051660928
2023-01-04 04:00:00,580694.75,0.013141058051660928
2023-01-04 05:00:00,580694.75,0.013141058051660928
2023-01-04 06:00:00,580694.75,0.013141058051660928
2023-01-04 07:00:00,580694.75,0.013141058051660928
2023-01-04 08:00:00,580694.75,0.013141058051660928
2023-01-04 09:00:00,580694.75,0.013141058051660928
2023-01-04 10:00:00,580694.8125,0.013141058051660928
2023-01-04 11:00:00,580694.8125,0.013141058051660928
2023-01-04 12:00:00,580694.8125,0.013141058051660928
2023-01-04 13:00:00,580694.8125,0.013141058051660928
2023-01-04 14:00:00,580694.8125,0.013141058051660928
2023-01-04 15:00:00,580694.8125,0.013141058051660928
2023-01-04 16:00:00,580694.8125,0.013141058051660928
2023-01-04 17:00:00,580694.8125,0.013141058051660928
2023-01-04 18:00:00,580694.8125,0.013141058051660928
2023-01-04 19:00:00,580694.8125,0.013141058051660928
2023-01-04 20:00:00,580694.875,0.013141058051660928
2023-01-04 21:00:00,580694.875,0.013141058051660928
2023-01-04 22:00:00,580694.875,0.013141058051660928
2023-01-04 23:00:00,580695.0,0.013141058051660928
2023-01-05 00:00:00,580695.0,0.013141058051660928
2023-01-05 01:00:00,580695.0,0.013141058051660928
2023-01-05 02:00:00,580695.0,0.013141058051660928
2023-01-05 03:00:00,580695.0,0.013141058051660928
2023-01-05 04:00:00,580695.0,0.013141058051660928
2023-01-05 05:00:00,580695.0,0.013141058051660928
2023-01-05 06:00:00,580695.0,0.013141058051660928
2023-01-05 07:00:00,580695.0,0.013141058051660928
2023-01-05 08:00:00,580695.0,0.013141058051660928
2023-01-05 09:00:00,580695.0,0.013141058051660928
2023-01-05 10:00:00,580695.0625,0.013141058051660928
2023-01-05 11:00:00,580695.0625,0.013141058051660928
2023-01-05 12:00:00,580695.125,0.013141058051660928
2023-01-05 13:00:00,580695.125,0.013141058051660928
2023-01-05 14:00:00,580695.125,0.013141058051660928
2023-01-05 15:00:00,580695.125,0.013141058051660928
2023-01-05 16:00:00,580695.125,0.013141058051660928
2023-01-05 17:00:00,580695.125,0.013141058051660928
2023-01-05 18:00:00,580695.125,0.013141058051660928
2023-01-05 19:00:00,580695.125,0.013141058051660928
2023-01-05 20:00:00,580695.125,0.013141058051660928
2023-01-05 21:00:00,580695.125,0.013141058051660928
2023-01-05 22:00:00,580695.1875,0.013141058051660928
2023-01-05 23:00:00,580695.1875,0.013141058051660928
2023-01-06 00:00:00,580695.1875,0.013141058051660928
2023-01-06 01:00:00,580695.1875,0.013141058051660928
2023-01-06 02:00:00,580695.25,0.013141058051660928
2023-01-06 03:00:00,580695.25,0.013141058051660928
2023-01-06 04:00:00,580695.25,0.013141058051660928
2023-01-06 05:00:00,580695.25,0.013141058051660928
2023-01-06 06:00:00,580695.25,0.013141058051660928
2023-01-06 07:00:00,580695.25,0.013141058051660928
2023-01-06 08:00:00,580695.25,0.013141058051660928
2023-01-06 09:00:00,580695.25,0.013141058051660928
2023-01-06 10:00:00,580695.25,0.013141058051660928
2023-01-06 11:00:00,580695.25,0.013141058051660928
2023-01-06 12:00:00,580695.25,0.013141058051660928
2023-01-06 13:00:00,580695.3125,0.013141058051660928
2023-01-06 14:00:00,580695.3125,0.013141058051660928
2023-01-06 15:00:00,580695.375,0.013141058051660928
2023-01-06 16:00:00,580695.375,0.013141058051660928
2023-01-06 17:00:00,580695.375,0.013141058051660928
2023-01-06 18:00:00,580695.375,0.013141058051660928
2023-01-06 19:00:00,580695.375,0.013141058051660928
2023-01-06 20:00:00,580695.375,0.013141058051660928
2023-01-06 21:00:00,580695.375,0.013141058051660928
2023-01-06 22:00:00,580695.375,0.013141058051660928
2023-01-06 23:00:00,580695.4375,0.013141058051660928
2023-01-07 00:00:00,580695.4375,0.013141058051660928
2023-01-07 01:00:00,580695.4375,0.013141058051660928
2023-01-07 02:00:00,580695.4375,0.013141058051660928
2023-01-07 03:00:00,580695.5,0.013141058051660928
2023-01-07 04:00:00,580695.5,0.013141058051660928
2023-01-07 05:00:00,580695.5,0.013141058051660928
2023-01-07 06:00:00,580695.5,0.013141058051660928
2023-01-07 07:00:00,580695.5,0.013141058051660928
2023-01-07 08:00:00,580695.5,0.013141058051660928
2023-01-07 09:00:00,580695.5,0.013141058051660928
2023-01-07 10:00:00,580695.5,0.013141058051660928
2023-01-07 11:00:00,580695.5,0.013141058051660928
2023-01-07 12:00:00,580695.5,0.013141058051660928
2023-01-07 13:00:00,580695.5,0.013141058051660928
2023-01-07 14:00:00,580695.5625,0.013141058051660928
2023-01-07 15:00:00,580695.5625,0.013141058051660928
2023-01-07 16:00:00,580695.625,0.013141058051660928
2023-01-07 17:00:00,580695.625,0.013141058051660928
2023-01-07 18:00:00,580695.625,0.013141058051660928
2023-01-07 19:00:00,580695.625,0.013141058051660928
2023-01-07 20:00:00,580695.625,0.013141058051660928
2023-01-07 21:00:00,580695.625,0.013141058051660928
2023-01-07 22:00:00,580695.625,0.013141058051660928
2023-01-07 23:00:00,580695.625,0.013141058051660928
2023-01-08 00:00:00,580695.625,0.013141058051660928
2023-01-08 01:00:00,580695.6875,0.013141058051660928
2023-01-08 02:00:00,580695.625,0.013141058051660928
2023-01-08 03:00:00,580695.6875,0.013141058051660928
2023-01-08 04:00:00,580695.75,0.013141058051660928
2023-01-08 05:00:00,580695.75,0.013141058051660928
2023-01-08 06:00:00,580695.75,0.013141058051660928
2023-01-08 07:00:00,580695.75,0.013141058051660928
2023-01-08 08:00:00,580695.75,0.013141058051660928
2023-01-08 09:00:00,580695.75,0.013141058051660928
2023-01-08 10:00:00,580695.75,0.013141058051660928
2023-01-08 11:00:00,580695.75,0.013141058051660928
2023-01-08 12:00:00,580695.75,0.013141058051660928
2023-01-08 13:00:00,580695.8125,0.013141058051660928
2023-01-08 14:00:00,580695.8125,0.013141058051660928
2023-01-08 15:00:00,580695.8125,0.013141058051660928
2023-01-08 16:00:00,580695.8125,0.013141058051660928
2023-01-08 17:00:00,580695.8125,0.013141058051660928
2023-01-08 18:00:00,580695.875,0.013141058051660928
2023-01-08 19:00:00,580695.875,0.013141058051660928
2023-01-08 20:00:00,580695.875,0.013141058051660928
2023-01-08 21:00:00,580695.875,0.013141058051660928
2023-01-08 22:00:00,580695.875,0.013141058051660928
2023-01-08 23:00:00,580695.875,0.013141058051660928
2023-01-09 00:00:00,580695.875,0.013141058051660928
2023-01-09 01:00:00,580695.875,0.013141058051660928
2023-01-09 02:00:00,580695.9375,0.013141058051660928
2023-01-09 03:00:00,580695.9375,0.013141058051660928
2023-01-09 04:00:00,580695.9375,0.013141058051660928
2023-01-09 05:00:00,580695.9375,0.013141058051660928
2023-01-09 06:00:00,580695.9375,0.013141058051660928
2023-01-09 07:00:00,580696.0,0.013141058051660928
2023-01-09 08:00:00,580696.0,0.013141058051660928
2023-01-09 09:00:00,580696.0,0.013141058051660928
2023-01-09 10:00:00,580696.0,0.013141058051660928
2023-01-09 11:00:00,580696.0,0.013141058051660928
2023-01-09 12:00:00,580696.0,0.013141058051660928
2023-01-09 13:00:00,580696.0,0.013141058051660928
2023-01-09 14:00:00,580696.125,0.013141058051660928
2023-01-09 15:00:00,580696.125,0.013141058051660928
2023-01-09 16:00:00,580696.125,0.013141058051660928
2023-01-09 17:00:00,580696.125,0.013141058051660928
2023-01-09 18:00:00,580696.125,0.013141058051660928
2023-01-09 19:00:00,580696.125,0.013141058051660928
2023-01-09 20:00:00,580696.125,0.013141058051660928
2023-01-09 21:00:00,580696.125,0.013141058051660928
2023-01-09 22:00:00,580696.125,0.013141058051660928
2023-01-09 23:00:00,580696.125,0.013141058051660928
2023-01-10 00:00:00,580696.1875,0.013141058051660928
2023-01-10 01:00:00,580696.1875,0.013141058051660928
2023-01-10 02:00:00,580696.1875,0.013141058051660928
2023-01-10 03:00:00,580696.1875,0.013141058051660928
2023-01-10 04:00:00,580696.1875,0.013141058051660928
2023-01-10 05:00:00,580696.25,0.013141058051660928
2023-01-10 06:00:00,580696.25,0.013141058051660928
2023-01-10 07:00:00,580696.25,0.013141058051660928
2023-01-10 08:00:00,580696.25,0.013141058051660928
2023-01-10 09:00:00,580696.25,0.013141058051660928
2023-01-10 10:00:00,580696.3125,0.013141058051660928
2023-01-10 11:00:00,580696.3125,0.013141058051660928
2023-01-10 12:00:00,580696.3125,0.013141058051660928
2023-01-10 13:00:00,580696.3125,0.013141058051660928
2023-01-10 14:00:00,580696.3125,0.013141058051660928
2023-01-10 15:00:00,580696.3125,0.013141058051660928
2023-01-10 16:00:00,580696.375,0.013141058051660928
2023-01-10 17:00:00,580696.375,0.013141058051660928
2023-01-10 18:00:00,580696.375,0.013141058051660928
2023-01-10 19:00:00,580696.375,0.013141058051660928
2023-01-10 20:00:00,580696.375,0.013141058051660928
2023-01-10 21:00:00,580696.375,0.013141058051660928
2023-01-10 22:00:00,580696.375,0.013141058051660928
2023-01-10 23:00:00,580696.375,0.013141058051660928
2023-01-11 00:00:00,580696.4375,0.013141058051660928
2023-01-11 01:00:00,580696.4375,0.013141058051660928
2023-01-11 02:00:00,580696.4375,0.013141058051660928
2023-01-11 03:00:00,580696.4375,0.013141058051660928
2023-01-11 04:00:00,580696.4375,0.013141058051660928
2023-01-11 05:00:00,580696.4375,0.013141058051660928
2023-01-11 06:00:00,580696.4375,0.013141058051660928
2023-01-11 07:00:00,580696.4375,0.013141058051660928
2023-01-11 08:00:00,580696.4375,0.013141058051660928
2023-01-11 09:00:00,580696.4375,0.013141058051660928
2023-01-11 10:00:00,580696.5,0.013141058051660928
2023-01-11 11:00:00,580696.5,0.013141058051660928
2023-01-11 12:00:00,580696.5,0.013141058051660928
2023-01-11 13:00:00,580696.5,0.013141058051660928
2023-01-11 14:00:00,580696.5625,0.013141058051660928
2023-01-11 15:00:00,580696.5625,0.013141058051660928
2023-01-11 16:00:00,580696.5625,0.013141058051660928
2023-01-11 17:00:00,580696.5625,0.013141058051660928
2023-01-11 18:00:00,580696.5625,0.013141058051660928
2023-01-11 19:00:00,580696.5625,0.013141058051660928
2023-01-11 20:00:00,580696.5625,0.013141058051660928
2023-01-11 21:00:00,580696.5625,0.013141058051660928
2023-01-11 22:00:00,580696.5625,0.013141058051660928
2023-01-11 23:00:00,580696.625,0.013141058051660928
2023-01-12 00:00:00,580696.625,0.013141058051660928
2023-01-12 01:00:00,580696.6875,0.013141058051660928
2023-01-12 02:00:00,580696.6875,0.013141058051660928
2023-01-12 03:00:00,580696.6875,0.013141058051660928
2023-01-12 04:00:00,580696.6875,0.013141058051660928
2023-01-12 05:00:00,580696.6875,0.013141058051660928
2023-01-12 06:00:00,580696.6875,0.013141058051660928
2023-01-12 07:00:00,580696.6875,0.013141058051660928
2023-01-12 08:00:00,580696.6875,0.013141058051660928
2023-01-12 09:00:00,580696.6875,0.013141058051660928
2023-01-12 10:00:00,580696.75,0.013141058051660928
2023-01-12 11:00:00,580696.75,0.013141058051660928
2023-01-12 12:00:00,580696.75,0.013141058051660928
2023-01-12 13:00:00,580696.75,0.013141058051660928
2023-01-12 14:00:00,580696.8125,0.013141058051660928
2023-01-12 15:00:00,580696.8125,0.013141058051660928
2023-01-12 16:00:00,580696.8125,0.013141058051660928
2023-01-12 17:00:00,580696.8125,0.013141058051660928
2023-01-12 18:00:00,580696.8125,0.013141058051660928
2023-01-12 19:00:00,580696.8125,0.013141058051660928
2023-01-12 20:00:00,580696.8125,0.013141058051660928
2023-01-12 21:00:00,580696.8125,0.013141058051660928
2023-01-12 22:00:00,580696.8125,0.013141058051660928
2023-01-12 23:00:00,580696.8125,0.013141058051660928
2023-01-13 00:00:00,580696.875,0.013141058051660928
2023-01-13 01:00:00,580696.875,0.013141058051660928
2023-01-13 02:00:00,580696.875,0.013141058051660928
2023-01-13 03:00:00,580696.9375,0.013141058051660928
2023-01-13 04:00:00,580696.9375,0.013141058051660928
2023-01-13 05:00:00,580696.9375,0.013141058051660928
2023-01-13 06:00:00,580696.9375,0.013141058051660928
2023-01-13 07:00:00,580696.9375,0.013141058051660928
2023-01-13 08:00:00,580696.9375,0.013141058051660928
2023-01-13 09:00:00,580696.9375,0.013141058051660928
2023-01-13 10:00:00,580697.0,0.013141058051660928
2023-01-13 11:00:00,580697.0,0.013141058051660928
2023-01-13 12:00:00,580697.0,0.013141058051660928
2023-01-13 13:00:00,580697.0,0.013141058051660928
2023-01-13 14:00:00,580697.0,0.013141058051660928
2023-01-13 15:00:00,580697.0625,0.013141058051660928
2023-01-13 16:00:00,580697.0625,0.013141058051660928
2023-01-13 17:00:00,580697.0625,0.013141058051660928
2023-01-13 18:00:00,580697.0625,0.013141058051660928
2023-01-13 19:00:00,580697.0625,0.013141058051660928
2023-01-13 20:00:00,580697.0625,0.013141058051660928
2023-01-13 21:00:00,580697.0625,0.013141058051660928
2023-01-13 22:00:00,580697.0625,0.013141058051660928
2023-01-13 23:00:00,580697.0625,0.013141058051660928
2023-01-14 00:00:00,580697.1875,0.013141058051660928
2023-01-14 01:00:00,580697.1875,0.013141058051660928
2023-01-14 02:00:00,580697.1875,0.013141058051660928
2023-01-14 03:00:00,580697.1875,0.013141058051660928
2023-01-14 04:00:00,580697.1875,0.013141058051660928
2023-01-14 05:00:00,580697.25,0.013141058051660928
2023-01-14 06:00:00,580697.25,0.013141058051660928
2023-01-14 07:00:00,580697.25,0.013141058051660928
2023-01-14 08:00:00,580697.25,0.013141058051660928
2023-01-14 09:00:00,580697.25,0.013141058051660928
2023-01-14 10:00:00,580697.25,0.013141058051660928
2023-01-14 11:00:00,580697.25,0.013141058051660928
2023-01-14 12:00:00,580697.25,0.013141058051660928
2023-01-14 13:00:00,580697.25,0.013141058051660928
2023-01-14 14:00:00,580697.3125,0.013141058051660928
2023-01-14 15:00:00,580697.3125,0.013141058051660928
2023-01-14 16:00:00,580697.375,0.013141058051660928
2023-01-14 17:00:00,580697.375,0.013141058051660928
2023-01-14 18:00:00,580697.375,0.013141058051660928
2023-01-14 19:00:00,580697.375,0.013141058051660928
2023-01-14 20:00:00,580697.375,0.013141058051660928
2023-01-14 21:00:00,580697.375,0.013141058051660928
2023-01-14 22:00:00,580697.375,0.013141058051660928
2023-01-14 23:00:00,580697.4375,0.013141058051660928
2023-01-15 00:00:00,580697.4375,0.013141058051660928
2023-01-15 01:00:00,580697.4375,0.013141058051660928
2023-01-15 02:00:00,580697.4375,0.013141058051660928
2023-01-15 03:00:00,580697.4375,0.013141058051660928
2023-01-15 04:00:00,580697.4375,0.013141058051660928
2023-01-15 05:00:00,580697.5,0.013141058051660928
2023-01-15 06:00:00,580697.5,0.013141058051660928
2023-01-15 07:00:00,580697.5,0.013141058051660928
2023-01-15 08:00:00,580697.5,0.013141058051660928
2023-01-15 09:00:00,580697.5,0.013141058051660928
2023-01-15 10:00:00,580697.5,0.013141058051660928
2023-01-15 11:00:00,580697.5625,0.013141058051660928
2023-01-15 12:00:00,580697.5625,0.013141058051660928
2023-01-15 13:00:00,580697.5625,0.013141058051660928
2023-01-15 14:00:00,580697.5625,0.013141058051660928
2023-01-15 15:00:00,580697.5625,0.013141058051660928
2023-01-15 16:00:00,580697.5625,0.013141058051660928
2023-01-15 17:00:00,580697.625,0.013141058051660928
2023-01-15 18:00:00,580697.625,0.013141058051660928
2023-01-15 19:00:00,580697.625,0.013141058051660928
2023-01-15 20:00:00,580697.625,0.013141058051660928
2023-01-15 21:00:00,580697.625,0.013141058051660928
2023-01-15 22:00:00,580697.625,0.013141058051660928
2023-01-15 23:00:00,580697.6875,0.013141058051660928
2023-01-16 00:00:00,580697.6875,0.013141058051660928
2023-01-16 01:00:00,580697.6875,0.013141058051660928
2023-01-16 02:00:00,580697.6875,0.013141058051660928
2023-01-16 03:00:00,580697.6875,0.013141058051660928
2023-01-16 04:00:00,580697.6875,0.013141058051660928
2023-01-16 05:00:00,580697.6875,0.013141058051660928
2023-01-16 06:00:00,580697.6875,0.013141058051660928
2023-01-16 07:00:00,580697.6875,0.013141058051660928
2023-01-16 08:00:00,580697.75,0.013141058051660928
2023-01-16 09:00:00,580697.75,0.013141058051660928
2023-01-16 10:00:00,580697.75,0.013141058051660928
2023-01-16 11:00:00,580697.75,0.013141058051660928
2023-01-16 12:00:00,580697.8125,0.013141058051660928
2023-01-16 13:00:00,580697.8125,0.013141058051660928
2023-01-16 14:00:00,580697.8125,0.013141058051660928
2023-01-16 15:00:00,580697.8125,0.013141058051660928
2023-01-16 16:00:00,580697.8125,0.013141058051660928
2023-01-16 17:00:00,580697.875,0.013141058051660928
2023-01-16 18:00:00,580697.875,0.013141058051660928
2023-01-16 19:00:00,580697.875,0.013141058051660928
2023-01-16 20:00:00,580697.875,0.013141058051660928
2023-01-16 21:00:00,580697.875,0.013141058051660928
2023-01-16 22:00:00,580697.875,0.013141058051660928
2023-01-16 23:00:00,580697.9375,0.013141058051660928
2023-01-17 00:00:00,580697.9375,0.013141058051660928
2023-01-17 01:00:00,580697.9375,0.013141058051660928
2023-01-17 02:00:00,580697.9375,0.013141058051660928
2023-01-17 03:00:00,580697.9375,0.013141058051660928
2023-01-17 04:00:00,580697.9375,0.013141058051660928
2023-01-17 05:00:00,580697.9375,0.013141058051660928
2023-01-17 06:00:00,580697.9375,0.013141058051660928
2023-01-17 07:00:00,580698.0,0.013141058051660928
2023-01-17 08:00:00,580698.0,0.013141058051660928
2023-01-17 09:00:00,580698.0,0.013141058051660928
2023-01-17 10:00:00,580698.0,0.013141058051660928
2023-01-17 11:00:00,580698.0,0.013141058051660928
2023-01-17 12:00:00,580698.0,0.013141058051660928
2023-01-17 13:00:00,580698.0,0.013141058051660928
2023-01-17 14:00:00,580698.0,0.013141058051660928
2023-01-17 15:00:00,580698.0,0.013141058051660928
2023-01-17 16:00:00,580698.0625,0.013141058051660928
2023-01-17 17:00:00,580698.0625,0.013141058051660928
2023-01-17 18:00:00,580698.0625,0.013141058051660928
2023-01-17 19:00:00,580698.125,0.013141058051660928
2023-01-17 20:00:00,580698.125,0.013141058051660928
2023-01-17 21:00:00,580698.125,0.013141058051660928
2023-01-17 22:00:00,580698.125,0.013141058051660928
2023-01-17 23:00:00,580698.125,0.013141058051660928
2023-01-18 00:00:00,580698.125,0.013141058051660928
2023-01-18 01:00:00,580698.125,0.013141058051660928
2023-01-18 02:00:00,580698.125,0.013141058051660928
2023-01-18 03:00:00,580698.125,0.013141058051660928
2023-01-18 04:00:00,580698.1875,0.013141058051660928
2023-01-18 05:00:00,580698.1875,0.013141058051660928
2023-01-18 06:00:00,580698.3125,0.013141058051660928
2023-01-18 07:00:00,580698.3125,0.013141058051660928
2023-01-18 08:00:00,580698.3125,0.013141058051660928
2023-01-18 09:00:00,580698.3125,0.013141058051660928
2023-01-18 10:00:00,580698.3125,0.013141058051660928
2023-01-18 11:00:00,580698.3125,0.013141058051660928
2023-01-18 12:00:00,580698.3125,0.013141058051660928
2023-01-18 13:00:00,580698.3125,0.013141058051660928
2023-01-18 14:00:00,580698.375,0.013141058051660928
2023-01-18 15:00:00,580698.375,0.013141058051660928
2023-01-18 16:00:00,580698.375,0.013141058051660928
2023-01-18 17:00:00,580698.375,0.013141058051660928
2023-01-18 18:00:00,580698.4375,0.013141058051660928
2023-01-18 19:00:00,580698.4375,0.013141058051660928
2023-01-18 20:00:00,580698.4375,0.013141058051660928
2023-01-18 21:00:00,580698.4375,0.013141058051660928
2023-01-18 22:00:00,580698.4375,0.013141058051660928
2023-01-18 23:00:00,580698.4375,0.013141058051660928
2023-01-19 00:00:00,580698.4375,0.013141058051660928
2023-01-19 01:00:00,580698.4375,0.013141058051660928
2023-01-19 02:00:00,580698.5,0.013141058051660928
2023-01-19 03:00:00,580698.5,0.013141058051660928
2023-01-19 04:00:00,580698.5,0.013141058051660928
2023-01-19 05:00:00,580698.5625,0.013141058051660928
2023-01-19 06:00:00,580698.5625,0.013141058051660928
2023-01-19 07:00:00,580698.5625,0.013141058051660928
2023-01-19 08:00:00,580698.5625,0.013141058051660928
2023-01-19 09:00:00,580698.5625,0.013141058051660928
2023-01-19 10:00:00,580698.5625,0.013141058051660928
2023-01-19 11:00:00,580698.625,0.013141058051660928
2023-01-19 12:00:00,580698.625,0.013141058051660928
2023-01-19 13:00:00,580698.6875,0.013141058051660928
2023-01-19 14:00:00,580698.6875,0.013141058051660928
2023-01-19 15:00:00,580698.6875,0.013141058051660928
2023-01-19 16:00:00,580698.6875,0.013141058051660928
2023-01-19 17:00:00,580698.6875,0.013141058051660928
2023-01-19 18:00:00,580698.6875,0.013141058051660928
2023-01-19 19:00:00,580698.6875,0.013141058051660928
2023-01-19 20:00:00,580698.6875,0.013141058051660928
2023-01-19 21:00:00,580698.6875,0.013141058051660928
2023-01-19 22:00:00,580698.6875,0.013141058051660928
2023-01-19 23:00:00,580698.75,0.013141058051660928
2023-01-20 00:00:00,580698.75,0.013141058051660928
2023-01-20 01:00:00,580698.8125,0.013141058051660928
2023-01-20 02:00:00,580698.8125,0.013141058051660928
2023-01-20 03:00:00,580698.8125,0.013141058051660928
2023-01-20 04:00:00,580698.8125,0.013141058051660928
2023-01-20 05:00:00,580698.8125,0.013141058051660928
2023-01-20 06:00:00,580698.8125,0.013141058051660928
2023-01-20 07:00:00,580698.8125,0.013141058051660928
2023-01-20 08:00:00,580698.875,0.013141058051660928
2023-01-20 09:00:00,580698.875,0.013141058051660928
2023-01-20 10:00:00,580698.875,0.013141058051660928
2023-01-20 11:00:00,580698.9375,0.013141058051660928
2023-01-20 12:00:00,580698.9375,0.013141058051660928
2023-01-20 13:00:00,580698.9375,0.013141058051660928
2023-01-20 14:00:00,580698.9375,0.013141058051660928
2023-01-20 15:00:00,580698.9375,0.013141058051660928
2023-01-20 16:00:00,580698.9375,0.013141058051660928
2023-01-20 17:00:00,580699.0,0.013141058051660928
2023-01-20 18:00:00,580699.0,0.013141058051660928
2023-01-20 19:00:00,580699.0,0.013141058051660928
2023-01-20 20:00:00,580699.0,0.013141058051660928
2023-01-20 21:00:00,580699.0625,0.013141058051660928
2023-01-20 22:00:00,580699.0625,0.013141058051660928
2023-01-20 23:00:00,580699.0,0.013141058051660928
2023-01-21 00:00:00,580699.0625,0.013141058051660928
2023-01-21 01:00:00,580699.0625,0.013141058051660928
2023-01-21 02:00:00,580699.0625,0.013141058051660928
2023-01-21 03:00:00,580699.0625,0.013141058051660928
2023-01-21 04:00:00,580699.0625,0.013141058051660928
2023-01-21 05:00:00,580699.0625,0.013141058051660928
2023-01-21 06:00:00,580699.125,0.013141058051660928
2023-01-21 07:00:00,580699.125,0.013141058051660928
2023-01-21 08:00:00,580699.125,0.013141058051660928
2023-01-21 09:00:00,580699.1875,0.013141058051660928
2023-01-21 10:00:00,580699.1875,0.013141058051660928
2023-01-21 11:00:00,580699.1875,0.013141058051660928
2023-01-21 12:00:00,580699.1875,0.013141058051660928
2023-01-21 13:00:00,580699.1875,0.013141058051660928
2023-01-21 14:00:00,580699.1875,0.013141058051660928
2023-01-21 15:00:00,580699.25,0.013141058051660928
2023-01-21 16:00:00,580699.25,0.013141058051660928
2023-01-21 17:00:00,580699.25,0.013141058051660928
2023-01-21 18:00:00,580699.25,0.013141058051660928
2023-01-21 19:00:00,580699.25,0.013141058051660928
2023-01-21 20:00:00,580699.3125,0.013141058051660928
2023-01-21 21:00:00,580699.3125,0.013141058051660928
2023-01-21 22:00:00,580699.3125,0.013141058051660928
2023-01-21 23:00:00,580699.3125,0.013141058051660928
2023-01-22 00:00:00,580699.3125,0.013141058051660928
2023-01-22 01:00:00,580699.4375,0.013141058051660928
2023-01-22 02:00:00,580699.4375,0.013141058051660928
2023-01-22 03:00:00,580699.4375,0.013141058051660928
2023-01-22 04:00:00,580699.4375,0.013141058051660928
2023-01-22 05:00:00,580699.4375,0.013141058051660928
2023-01-22 06:00:00,580699.5,0.013141058051660928
2023-01-22 07:00:00,580699.5,0.013141058051660928
2023-01-22 08:00:00,580699.5,0.013141058051660928
2023-01-22 09:00:00,580699.5,0.013141058051660928
2023-01-22 10:00:00,580699.5,0.013141058051660928
2023-01-22 11:00:00,580699.5625,0.013141058051660928
2023-01-22 12:00:00,580699.5625,0.013141058051660928
2023-01-22 13:00:00,580699.5625,0.013141058051660928
2023-01-22 14:00:00,580699.5625,0.013141058051660928
2023-01-22 15:00:00,580699.5625,0.013141058051660928
2023-01-22 16:00:00,580699.5625,0.013141058051660928
2023-01-22 17:00:00,580699.5625,0.013141058051660928
2023-01-22 18:00:00,580699.625,0.013141058051660928
2023-01-22 19:00:00,580699.625,0.013141058051660928
2023-01-22 20:00:00,580699.625,0.013141058051660928
2023-01-22 21:00:00,580699.625,0.013141058051660928
2023-01-22 22:00:00,580699.625,0.013141058051660928
2023-01-22 23:00:00,580699.625,0.013141058051660928
2023-01-23 00:00:00,580699.625,0.013141058051660928
2023-01-23 01:00:00,580699.6875,0.013141058051660928
2023-01-23 02:00:00,580699.6875,0.013141058051660928
2023-01-23 03:00:00,580699.6875,0.013141058051660928
2023-01-23 04:00:00,580699.6875,0.013141058051660928
2023-01-23 05:00:00,580699.6875,0.013141058051660928
2023-01-23 06:00:00,580699.6875,0.013141058051660928
2023-01-23 07:00:00,580699.75,0.013141058051660928
2023-01-23 08:00:00,580699.75,0.013141058051660928
2023-01-23 09:00:00,580699.75,0.013141058051660928
2023-01-23 10:00:00,580699.75,0.013141058051660928
2023-01-23 11:00:00,580699.75,0.013141058051660928
2023-01-23 12:00:00,580699.75,0.013141058051660928
2023-01-23 13:00:00,580699.8125,0.013141058051660928
2023-01-23 14:00:00,580699.75,0.013141058051660928
2023-01-23 15:00:00,580699.8125,0.013141058051660928
2023-01-23 16:00:00,580699.8125,0.013141058051660928
2023-01-23 17:00:00,580699.875,0.013141058051660928
2023-01-23 18:00:00,580699.875,0.013141058051660928
2023-01-23 19:00:00,580699.875,0.013141058051660928
2023-01-23 20:00:00,580699.875,0.013141058051660928
2023-01-23 21:00:00,580699.875,0.013141058051660928
2023-01-23 22:00:00,580699.875,0.013141058051660928
2023-01-23 23:00:00,580699.875,0.013141058051660928
2023-01-24 00:00:00,580699.875,0.013141058051660928
2023-01-24 01:00:00,580699.9375,0.013141058051660928
2023-01-24 02:00:00,580699.9375,0.013141058051660928
2023-01-24 03:00:00,580699.9375,0.013141058051660928
2023-01-24 04:00:00,580700.0,0.013141058051660928
2023-01-24 05:00:00,580700.0,0.013141058051660928
2023-01-24 06:00:00,580700.0,0.013141058051660928
2023-01-24 07:00:00,580700.0,0.013141058051660928
2023-01-24 08:00:00,580700.0,0.013141058051660928
2023-01-24 09:00:00,580700.0,0.013141058051660928
2023-01-24 10:00:00,580700.0,0.013141058051660928
2023-01-24 11:00:00,580700.0,0.013141058051660928
2023-01-24 12:00:00,580700.0625,0.013141058051660928
2023-01-24 13:00:00,580700.0625,0.013141058051660928
2023-01-24 14:00:00,580700.0625,0.013141058051660928
2023-01-24 15:00:00,580700.125,0.013141058051660928
2023-01-24 16:00:00,580700.125,0.013141058051660928
2023-01-24 17:00:00,580700.125,0.013141058051660928
2023-01-24 18:00:00,580700.125,0.013141058051660928
2023-01-24 19:00:00,580700.125,0.013141058051660928
2023-01-24 20:00:00,580700.1875,0.013141058051660928
2023-01-24 21:00:00,580700.1875,0.013141058051660928
2023-01-24 22:00:00,580700.1875,0.013141058051660928
2023-01-24 23:00:00,580700.1875,0.013141058051660928
2023-01-25 00:00:00,580700.1875,0.013141058051660928
2023-01-25 01:00:00,580700.25,0.013141058051660928
2023-01-25 02:00:00,580700.25,0.013141058051660928
2023-01-25 03:00:00,580700.25,0.013141058051660928
2023-01-25 04:00:00,580700.25,0.013141058051660928
2023-01-25 05:00:00,580700.25,0.013141058051660928
2023-01-25 06:00:00,580700.25,0.013141058051660928
2023-01-25 07:00:00,580700.25,0.013141058051660928
2023-01-25 08:00:00,580700.25,0.013141058051660928
2023-01-25 09:00:00,580700.25,0.013141058051660928
2023-01-25 10:00:00,580700.3125,0.013141058051660928
2023-01-25 11:00:00,580700.3125,0.013141058051660928
2023-01-25 12:00:00,580700.375,0.013141058051660928
2023-01-25 13:00:00,580700.375,0.013141058051660928
2023-01-25 14:00:00,580700.375,0.013141058051660928
2023-01-25 15:00:00,580700.375,0.013141058051660928
2023-01-25 16:00:00,580700.375,0.013141058051660928
2023-01-25 17:00:00,580700.375,0.013141058051660928
2023-01-25 18:00:00,580700.375,0.013141058051660928
2023-01-25 19:00:00,580700.375,0.013141058051660928
2023-01-25 20:00:00,580700.375,0.013141058051660928
2023-01-25 21:00:00,580700.4375,0.013141058051660928
2023-01-25 22:00:00,580700.4375,0.013141058051660928
2023-01-25 23:00:00,580700.5625,0.013141058051660928
2023-01-26 00:00:00,580700.5625,0.013141058051660928
2023-01-26 01:00:00,580700.5625,0.013141058051660928
2023-01-26 02:00:00,580700.5625,0.013141058051660928
2023-01-26 03:00:00,580700.5625,0.013141058051660928
2023-01-26 04:00:00,580700.5625,0.013141058051660928
2023-01-26 05:00:00,580700.5625,0.013141058051660928
2023-01-26 06:00:00,580700.625,0.013141058051660928
2023-01-26 07:00:00,580700.625,0.013141058051660928
2023-01-26 08:00:00,580700.625,0.013141058051660928
2023-01-26 09:00:00,580700.625,0.013141058051660928
2023-01-26 10:00:00,580700.625,0.013141058051660928
2023-01-26 11:00:00,580700.625,0.013141058051660928
2023-01-26 12:00:00,580700.6875,0.013141058051660928
2023-01-26 13:00:00,580700.6875,0.013141058051660928
2023-01-26 14:00:00,580700.6875,0.013141058051660928
2023-01-26 15:00:00,580700.6875,0.013141058051660928
2023-01-26 16:00:00,580700.6875,0.013141058051660928
2023-01-26 17:00:00,580700.6875,0.013141058051660928
2023-01-26 18:00:00,580700.75,0.013141058051660928
2023-01-26 19:00:00,580700.75,0.013141058051660928
2023-01-26 20:00:00,580700.75,0.013141058051660928
2023-01-26 21:00:00,580700.75,0.013141058051660928
2023-01-26 22:00:00,580700.8125,0.013141058051660928
2023-01-26 23:00:00,580700.8125,0.013141058051660928
2023-01-27 00:00:00,580700.8125,0.013141058051660928
2023-01-27 01:00:00,580700.8125,0.013141058051660928
2023-01-27 02:00:00,580700.8125,0.013141058051660928
2023-01-27 03:00:00,580700.8125,0.013141058051660928
2023-01-27 04:00:00,580700.875,0.013141058051660928
2023-01-27 05:00:00,580700.875,0.013141058051660928
2023-01-27 06:00:00,580700.875,0.013141058051660928
2023-01-27 07:00:00,580700.875,0.013141058051660928
2023-01-27 08:00:00,580700.875,0.013141058051660928
2023-01-27 09:00:00,580700.875,0.013141058051660928
2023-01-27 10:00:00,580700.875,0.013141058051660928
2023-01-27 11:00:00,580700.9375,0.013141058051660928
2023-01-27 12:00:00,580700.9375,0.013141058051660928
2023-01-27 13:00:00,580700.9375,0.013141058051660928
2023-01-27 14:00:00,580700.9375,0.013141058051660928
2023-01-27 15:00:00,580701.0,0.013141058051660928
2023-01-27 16:00:00,580701.0,0.013141058051660928
2023-01-27 17:00:00,580701.0,0.013141058051660928
2023-01-27 18:00:00,580701.0,0.013141058051660928
2023-01-27 19:00:00,580701.0625,0.013141058051660928
2023-01-27 20:00:00,580701.0625,0.013141058051660928
2023-01-27 21:00:00,580701.0625,0.013141058051660928
2023-01-27 22:00:00,580701.0625,0.013141058051660928
2023-01-27 23:00:00,580701.0625,0.013141058051660928
2023-01-28 00:00:00,580701.0625,0.013141058051660928
2023-01-28 01:00:00,580701.125,0.013141058051660928
2023-01-28 02:00:00,580701.125,0.013141058051660928
2023-01-28 03:00:00,580701.125,0.013141058051660928
2023-01-28 04:00:00,580701.125,0.013141058051660928
2023-01-28 05:00:00,580701.125,0.013141058051660928
2023-01-28 06:00:00,580701.1875,0.013141058051660928
2023-01-28 07:00:00,580701.1875,0.013141058051660928
2023-01-28 08:00:00,580701.1875,0.013141058051660928
2023-01-28 09:00:00,580701.1875,0.013141058051660928
2023-01-28 10:00:00,580701.1875,0.013141058051660928
2023-01-28 11:00:00,580701.1875,0.013141058051660928
2023-01-28 12:00:00,580701.1875,0.013141058051660928
2023-01-28 13:00:00,580701.1875,0.013141058051660928
2023-01-28 14:00:00,580701.1875,0.013141058051660928
2023-01-28 15:00:00,580701.1875,0.013141058051660928
2023-01-28 16:00:00,580701.25,0.013141058051660928
2023-01-28 17:00:00,580701.25,0.013141058051660928
2023-01-28 18:00:00,580701.3125,0.013141058051660928
2023-01-28 19:00:00,580701.3125,0.013141058051660928
2023-01-28 20:00:00,580701.3125,0.013141058051660928
2023-01-28 21:00:00,580701.3125,0.013141058051660928
2023-01-28 22:00:00,580701.3125,0.013141058051660928
2023-01-28 23:00:00,580701.3125,0.013141058051660928
2023-01-29 00:00:00,580701.3125,0.013141058051660928
2023-01-29 01:00:00,580701.3125,0.013141058051660928
2023-01-29 02:00:00,580701.3125,0.013141058051660928
2023-01-29 03:00:00,580701.375,0.013141058051660928
2023-01-29 04:00:00,580701.4375,0.013141058051660928
2023-01-29 05:00:00,580701.4375,0.013141058051660928
2023-01-29 06:00:00,580701.4375,0.013141058051660928
2023-01-29 07:00:00,580701.4375,0.013141058051660928
2023-01-29 08:00:00,580701.4375,0.013141058051660928
2023-01-29 09:00:00,580701.4375,0.013141058051660928
2023-01-29 10:00:00,580701.4375,0.013141058051660928
2023-01-29 11:00:00,580701.5,0.013141058051660928
2023-01-29 12:00:00,580701.5,0.013141058051660928
2023-01-29 13:00:00,580701.5625,0.013141058051660928
2023-01-29 14:00:00,580701.5625,0.013141058051660928
2023-01-29 15:00:00,580701.5625,0.013141058051660928
2023-01-29 16:00:00,580701.5625,0.013141058051660928
2023-01-29 17:00:00,580701.5625,0.013141058051660928
2023-01-29 18:00:00,580701.5625,0.013141058051660928
2023-01-29 19:00:00,580701.5625,0.013141058051660928
2023-01-29 20:00:00,580701.5625,0.013141058051660928
2023-01-29 21:00:00,580701.6875,0.013141058051660928
2023-01-29 22:00:00,580701.6875,0.013141058051660928
2023-01-29 23:00:00,580701.6875,0.013141058051660928
2023-01-30 00:00:00,580701.75,0.013141058051660928
2023-01-30 01:00:00,580701.75,0.013141058051660928
2023-01-30 02:00:00,580701.75,0.013141058051660928
2023-01-30 03:00:00,580701.75,0.013141058051660928
2023-01-30 04:00:00,580701.75,0.013141058051660928
2023-01-30 05:00:00,580701.75,0.013141058051660928
2023-01-30 06:00:00,580701.8125,0.013141058051660928
2023-01-30 07:00:00,580701.8125,0.013141058051660928
2023-01-30 08:00:00,580701.875,0.013141058051660928
2023-01-30 09:00:00,580701.875,0.013141058051660928
2023-01-30 10:00:00,580701.875,0.013141058051660928
2023-01-30 11:00:00,580701.875,0.013141058051660928
2023-01-30 12:00:00,580701.875,0.013141058051660928
2023-01-30 13:00:00,580701.875,0.013141058051660928
2023-01-30 14:00:00,580701.875,0.013141058051660928
2023-01-30 15:00:00,580701.875,0.013141058051660928
2023-01-30 16:00:00,580701.875,0.013141058051660928
2023-01-30 17:00:00,580701.9375,0.013141058051660928
2023-01-30 18:00:00,580702.0,0.013141058051660928
2023-01-30 19:00:00,580702.0,0.013141058051660928
2023-01-30 20:00:00,580702.0,0.013141058051660928
2023-01-30 21:00:00,580702.0,0.013141058051660928
2023-01-30 22:00:00,580702.0,0.013141058051660928
2023-01-30 23:00:00,580702.0,0.013141058051660928
2023-01-31 00:00:00,580702.0,0.013141058051660928
2023-01-31 01:00:00,580702.0,0.013141058051660928
2023-01-31 02:00:00,580702.0,0.013141058051660928
2023-01-31 03:00:00,580702.0,0.013141058051660928
2023-01-31 04:00:00,580702.0,0.013141058051660928
2023-01-31 05:00:00,580702.0625,0.013141058051660928
2023-01-31 06:00:00,580702.125,0.013141058051660928
2023-01-31 07:00:00,580702.125,0.013141058051660928
2023-01-31 08:00:00,580702.125,0.013141058051660928
2023-01-31 09:00:00,580702.125,0.013141058051660928
2023-01-31 10:00:00,580702.125,0.013141058051660928
2023-01-31 11:00:00,580702.1875,0.013141058051660928
2023-01-31 12:00:00,580702.1875,0.013141058051660928
2023-01-31 13:00:00,580702.125,0.013141058051660928
2023-01-31 14:00:00,580702.1875,0.013141058051660928
2023-01-31 15:00:00,580702.1875,0.013141058051660928
2023-01-31 16:00:00,580702.1875,0.013141058051660928
2023-01-31 17:00:00,580702.1875,0.013141058051660928
2023-01-31 18:00:00,580702.25,0.013141058051660928
2023-01-31 19:00:00,580702.25,0.013141058051660928
2023-01-31 20:00:00,580702.25,0.013141058051660928
2023-01-31 21:00:00,580702.25,0.013141058051660928
2023-01-31 22:00:00,580702.25,0.013141058051660928
2023-01-31 23:00:00,580702.25,0.013141058051660928
2023-02-01 00:00:00,580702.3125,0.013141058051660928
2023-02-01 01:00:00,580702.3125,0.013141058051660928
2023-02-01 02:00:00,580702.3125,0.013141058051660928
2023-02-01 03:00:00,580702.3125,0.013141058051660928
2023-02-01 04:00:00,580702.375,0.013141058051660928
2023-02-01 05:00:00,580702.375,0.013141058051660928
2023-02-01 06:00:00,580702.375,0.013141058051660928
2023-02-01 07:00:00,580702.375,0.013141058051660928
2023-02-01 08:00:00,580702.375,0.013141058051660928
2023-02-01 09:00:00,580702.375,0.013141058051660928
2023-02-01 10:00:00,580702.4375,0.013141058051660928
2023-02-01 11:00:00,580702.4375,0.013141058051660928
2023-02-01 12:00:00,580702.4375,0.013141058051660928
2023-02-01 13:00:00,580702.4375,0.013141058051660928
2023-02-01 14:00:00,580702.4375,0.013141058051660928
2023-02-01 15:00:00,580702.4375,0.013141058051660928
2023-02-01 16:00:00,580702.4375,0.013141058051660928
2023-02-01 17:00:00,580702.5,0.013141058051660928
2023-02-01 18:00:00,580702.5,0.013141058051660928
2023-02-01 19:00:00,580702.5,0.013141058051660928
2023-02-01 20:00:00,580702.5,0.013141058051660928
2023-02-01 21:00:00,580702.5625,0.013141058051660928
2023-02-01 22:00:00,580702.5625,0.013141058051660928
2023-02-01 23:00:00,580702.5625,0.013141058051660928
2023-02-02 00:00:00,580702.5625,0.013141058051660928
2023-02-02 01:00:00,580702.625,0.013141058051660928
2023-02-02 02:00:00,580702.625,0.013141058051660928
2023-02-02 03:00:00,580702.625,0.013141058051660928
2023-02-02 04:00:00,580702.625,0.013141058051660928
2023-02-02 05:00:00,580702.625,0.013141058051660928
2023-02-02 06:00:00,580702.625,0.013141058051660928
2023-02-02 07:00:00,580702.6875,0.013141058051660928
2023-02-02 08:00:00,580702.6875,0.013141058051660928
2023-02-02 09:00:00,580702.6875,0.013141058051660928
2023-02-02 10:00:00,580702.6875,0.013141058051660928
2023-02-02 11:00:00,580702.8125,0.013141058051660928
2023-02-02 12:00:00,580702.8125,0.013141058051660928
2023-02-02 13:00:00,580702.8125,0.013141058051660928
2023-02-02 14:00:00,580702.8125,0.013141058051660928
2023-02-02 15:00:00,580702.8125,0.013141058051660928
2023-02-02 16:00:00,580702.8125,0.013141058051660928
2023-02-02 17:00:00,580702.8125,0.013141058051660928
2023-02-02 18:00:00,580702.8125,0.013141058051660928
2023-02-02 19:00:00,580702.8125,0.013141058051660928
2023-02-02 20:00:00,580702.8125,0.013141058051660928
2023-02-02 21:00:00,580702.875,0.013141058051660928
2023-02-02 22:00:00,580702.875,0.013141058051660928
2023-02-02 23:00:00,580702.9375,0.013141058051660928
2023-02-03 00:00:00,580702.9375,0.013141058051660928
2023-02-03 01:00:00,580702.9375,0.013141058051660928
2023-02-03 02:00:00,580702.9375,0.013141058051660928
2023-02-03 03:00:00,580702.9375,0.013141058051660928
2023-02-03 04:00:00,580702.9375,0.013141058051660928
2023-02-03 05:00:00,580702.9375,0.013141058051660928
2023-02-03 06:00:00,580702.9375,0.013141058051660928
2023-02-03 07:00:00,580703.0,0.013141058051660928
2023-02-03 08:00:00,580703.0,0.013141058051660928
2023-02-03 09:00:00,580703.0625,0.013141058051660928
2023-02-03 10:00:00,580703.0625,0.013141058051660928
2023-02-03 11:00:00,580703.0625,0.013141058051660928
2023-02-03 12:00:00,580703.0625,0.013141058051660928
2023-02-03 13:00:00,580703.0625,0.013141058051660928
2023-02-03 14:00:00,580703.0625,0.013141058051660928
2023-02-03 15:00:00,580703.0625,0.013141058051660928
2023-02-03 16:00:00,580703.125,0.013141058051660928
2023-02-03 17:00:00,580703.125,0.013141058051660928
2023-02-03 18:00:00,580703.125,0.013141058051660928
2023-02-03 19:00:00,580703.1875,0.013141058051660928
2023-02-03 20:00:00,580703.1875,0.013141058051660928
2023-02-03 21:00:00,580703.1875,0.013141058051660928
2023-02-03 22:00:00,580703.1875,0.013141058051660928
2023-02-03 23:00:00,580703.1875,0.013141058051660928
2023-02-04 00:00:00,580703.1875,0.013141058051660928
2023-02-04 01:00:00,580703.1875,0.013141058051660928
2023-02-04 02:00:00,580703.1875,0.013141058051660928
2023-02-04 03:00:00,580703.1875,0.013141058051660928
2023-02-04 04:00:00,580703.25,0.013141058051660928
2023-02-04 05:00:00,580703.25,0.013141058051660928
2023-02-04 06:00:00,580703.3125,0.013141058051660928
2023-02-04 07:00:00,580703.3125,0.013141058051660928
2023-02-04 08:00:00,580703.3125,0.013141058051660928
2023-02-04 09:00:00,580703.3125,0.013141058051660928
2023-02-04 10:00:00,580703.3125,0.013141058051660928
2023-02-04 11:00:00,580703.3125,0.013141058051660928
2023-02-04 12:00:00,580703.375,0.013141058051660928
2023-02-04 13:00:00,580703.375,0.013141058051660928
2023-02-04 14:00:00,580703.4375,0.013141058051660928
2023-02-04 15:00:00,580703.4375,0.013141058051660928
2023-02-04 16:00:00,580703.4375,0.013141058051660928
2023-02-04 17:00:00,580703.4375,0.013141058051660928
2023-02-04 18:00:00,580703.4375,0.013141058051660928
2023-02-04 19:00:00,580703.4375,0.013141058051660928
2023-02-04 20:00:00,580703.4375,0.013141058051660928
2023-02-04 21:00:00,580703.4375,0.013141058051660928
2023-02-04 22:00:00,580703.4375,0.013141058051660928
2023-02-04 23:00:00,580703.5,0.013141058051660928
2023-02-05 00:00:00,580703.5,0.013141058051660928
2023-02-05 01:00:00,580703.5625,0.013141058051660928
2023-02-05 02:00:00,580703.5625,0.013141058051660928
2023-02-05 03:00:00,580703.5625,0.013141058051660928
2023-02-05 04:00:00,580703.5625,0.013141058051660928
2023-02-05 05:00:00,580703.5625,0.013141058051660928
2023-02-05 06:00:00,580703.5625,0.013141058051660928
2023-02-05 07:00:00,580703.5625,0.013141058051660928
2023-02-05 08:00:00,580703.5625,0.013141058051660928
2023-02-05 09:00:00,580703.625,0.013141058051660928
2023-02-05 10:00:00,580703.625,0.013141058051660928
2023-02-05 11:00:00,580703.6875,0.013141058051660928
2023-02-05 12:00:00,580703.6875,0.013141058051660928
2023-02-05 13:00:00,580703.6875,0.013141058051660928
2023-02-05 14:00:00,580703.6875,0.013141058051660928
2023-02-05 15:00:00,580703.6875,0.013141058051660928
2023-02-05 16:00:00,580703.6875,0.013141058051660928
2023-02-05 17:00:00,580703.75,0.013141058051660928
2023-02-05 18:00:00,580703.75,0.013141058051660928
2023-02-05 19:00:00,580703.75,0.013141058051660928
2023-02-05 20:00:00,580703.75,0.013141058051660928
2023-02-05 21:00:00,580703.75,0.013141058051660928
2023-02-05 22:00:00,580703.75,0.013141058051660928
2023-02-05 23:00:00,580703.8125,0.013141058051660928
2023-02-06 00:00:00,580703.8125,0.013141058051660928
2023-02-06 01:00:00,580703.8125,0.013141058051660928
2023-02-06 02:00:00,580703.8125,0.013141058051660928
2023-02-06 03:00:00,580703.8125,0.013141058051660928
2023-02-06 04:00:00,580703.8125,0.013141058051660928
2023-02-06 05:00:00,580703.9375,0.013141058051660928
2023-02-06 06:00:00,580703.9375,0.013141058051660928
2023-02-06 07:00:00,580703.9375,0.013141058051660928
2023-02-06 08:00:00,580704.0,0.013141058051660928
2023-02-06 09:00:00,580704.0,0.013141058051660928
2023-02-06 10:00:00,580704.0,0.013141058051660928
2023-02-06 11:00:00,580704.0,0.013141058051660928
2023-02-06 12:00:00,580704.0,0.013141058051660928
2023-02-06 13:00:00,580704.0,0.013141058051660928
2023-02-06 14:00:00,580704.0625,0.013141058051660928
2023-02-06 15:00:00,580704.0625,0.013141058051660928
2023-02-06 16:00:00,580704.0625,0.013141058051660928
2023-02-06 17:00:00,580704.0625,0.013141058051660928
2023-02-06 18:00:00,580704.0625,0.013141058051660928
2023-02-06 19:00:00,580704.0625,0.013141058051660928
2023-02-06 20:00:00,580704.125,0.013141058051660928
2023-02-06 21:00:00,580704.125,0.013141058051660928
2023-02-06 22:00:00,580704.125,0.013141058051660928
2023-02-06 23:00:00,580704.125,0.013141058051660928
2023-02-07 00:00:00,580704.1875,0.013141058051660928
2023-02-07 01:00:00,580704.1875,0.013141058051660928
2023-02-07 02:00:00,580704.1875,0.013141058051660928
2023-02-07 03:00:00,580704.1875,0.013141058051660928
2023-02-07 04:00:00,580704.1875,0.013141058051660928
2023-02-07 05:00:00,580704.25,0.013141058051660928
2023-02-07 06:00:00,580704.25,0.013141058051660928
2023-02-07 07:00:00,580704.25,0.013141058051660928
2023-02-07 08:00:00,580704.25,0.013141058051660928
2023-02-07 09:00:00,580704.25,0.013141058051660928
2023-02-07 10:00:00,580704.3125,0.013141058051660928
2023-02-07 11:00:00,580704.3125,0.013141058051660928
2023-02-07 12:00:00,580704.3125,0.013141058051660928
2023-02-07 13:00:00,580704.3125,0.013141058051660928
2023-02-07 14:00:00,580704.375,0.013141058051660928
2023-02-07 15:00:00,580704.375,0.013141058051660928
2023-02-07 16:00:00,580704.375,0.013141058051660928
2023-02-07 17:00:00,580704.375,0.013141058051660928
2023-02-07 18:00:00,580704.375,0.013141058051660928
2023-02-07 19:00:00,580704.375,0.013141058051660928
2023-02-07 20:00:00,580704.4375,0.013141058051660928
2023-02-07 21:00:00,580704.4375,0.013141058051660928
2023-02-07 22:00:00,580704.4375,0.013141058051660928
2023-02-07 23:00:00,580704.4375,0.013141058051660928
2023-02-08 00:00:00,580704.4375,0.013141058051660928
2023-02-08 01:00:00,580704.5,0.013141058051660928
2023-02-08 02:00:00,580704.5,0.013141058051660928
2023-02-08 03:00:00,580704.5,0.013141058051660928
2023-02-08 04:00:00,580704.5,0.013141058051660928
2023-02-08 05:00:00,580704.5,0.013141058051660928
2023-02-08 06:00:00,580704.5,0.013141058051660928
2023-02-08 07:00:00,580704.5,0.013141058051660928
2023-02-08 08:00:00,580704.5,0.013141058051660928
2023-02-08 09:00:00,580704.5625,0.013141058051660928
2023-02-08 10:00:00,580704.625,0.013141058051660928
2023-02-08 11:00:00,580704.625,0.013141058051660928
2023-02-08 12:00:00,580704.625,0.013141058051660928
2023-02-08 13:00:00,580704.625,0.013141058051660928
2023-02-08 14:00:00,580704.625,0.013141058051660928
2023-02-08 15:00:00,580704.625,0.013141058051660928
2023-02-08 16:00:00,580704.6875,0.013141058051660928
2023-02-08 17:00:00,580704.6875,0.013141058051660928
2023-02-08 18:00:00,580704.75,0.013141058051660928
2023-02-08 19:00:00,580704.75,0.013141058051660928
2023-02-08 20:00:00,580704.75,0.013141058051660928
2023-02-08 21:00:00,580704.75,0.013141058051660928
2023-02-08 22:00:00,580704.75,0.013141058051660928
2023-02-08 23:00:00,580704.75,0.013141058051660928
2023-02-09 00:00:00,580704.75,0.013141058051660928
2023-02-09 01:00:00,580704.8125,0.013141058051660928
2023-02-09 02:00:00,580704.8125,0.013141058051660928
2023-02-09 03:00:00,580704.875,0.013141058051660928
2023-02-09 04:00:00,580704.875,0.013141058051660928
2023-02-09 05:00:00,580704.875,0.013141058051660928
2023-02-09 06:00:00,580704.875,0.013141058051660928
2023-02-09 07:00:00,580704.875,0.013141058051660928
2023-02-09 08:00:00,580704.9375,0.013141058051660928
2023-02-09 09:00:00,580704.9375,0.013141058051660928
2023-02-09 10:00:00,580704.9375,0.013141058051660928
2023-02-09 11:00:00,580704.9375,0.013141058051660928
2023-02-09 12:00:00,580705.0625,0.013141058051660928
2023-02-09 13:00:00,580705.0625,0.013141058051660928
2023-02-09 14:00:00,580705.0625,0.013141058051660928
2023-02-09 15:00:00,580705.0625,0.013141058051660928
2023-02-09 16:00:00,580705.0625,0.013141058051660928
2023-02-09 17:00:00,580705.0625,0.013141058051660928
2023-02-09 18:00:00,580705.0625,0.013141058051660928
2023-02-09 19:00:00,580705.125,0.013141058051660928
2023-02-09 20:00:00,580705.1875,0.013141058051660928
2023-02-09 21:00:00,580705.1875,0.013141058051660928
2023-02-09 22:00:00,580705.1875,0.013141058051660928
2023-02-09 23:00:00,580705.1875,0.013141058051660928
2023-02-10 00:00:00,580705.1875,0.013141058051660928
2023-02-10 01:00:00,580705.1875,0.013141058051660928
2023-02-10 02:00:00,580705.1875,0.013141058051660928
2023-02-10 03:00:00,580705.25,0.013141058051660928
2023-02-10 04:00:00,580705.25,0.013141058051660928
2023-02-10 05:00:00,580705.25,0.013141058051660928
2023-02-10 06:00:00,580705.3125,0.013141058051660928
2023-02-10 07:00:00,580705.3125,0.013141058051660928
2023-02-10 08:00:00,580705.3125,0.013141058051660928
2023-02-10 09:00:00,580705.3125,0.013141058051660928
2023-02-10 10:00:00,580705.3125,0.013141058051660928
2023-02-10 11:00:00,580705.375,0.013141058051660928
2023-02-10 12:00:00,580705.375,0.013141058051660928
2023-02-10 13:00:00,580705.375,0.013141058051660928
2023-02-10 14:00:00,580705.375,0.013141058051660928
2023-02-10 15:00:00,580705.375,0.013141058051660928
2023-02-10 16:00:00,580705.4375,0.013141058051660928
2023-02-10 17:00:00,580705.4375,0.013141058051660928
2023-02-10 18:00:00,580705.4375,0.013141058051660928
2023-02-10 19:00:00,580705.4375,0.013141058051660928
2023-02-10 20:00:00,580705.4375,0.013141058051660928
2023-02-10 21:00:00,580705.5,0.013141058051660928
2023-02-10 22:00:00,580705.5,0.013141058051660928
2023-02-10 23:00:00,580705.5,0.013141058051660928
2023-02-11 00:00:00,580705.5,0.013141058051660928
2023-02-11 01:00:00,580705.5,0.013141058051660928
2023-02-11 02:00:00,580705.5625,0.013141058051660928
2023-02-11 03:00:00,580705.5625,0.013141058051660928
2023-02-11 04:00:00,580705.5625,0.013141058051660928
2023-02-11 05:00:00,580705.5625,0.013141058051660928
2023-02-11 06:00:00,580705.625,0.013141058051660928
2023-02-11 07:00:00,580705.625,0.013141058051660928
2023-02-11 08:00:00,580705.625,0.013141058051660928
2023-02-11 09:00:00,580705.625,0.013141058051660928
2023-02-11 10:00:00,580705.625,0.013141058051660928
2023-02-11 11:00:00,580705.625,0.013141058051660928
2023-02-11 12:00:00,580705.6875,0.013141058051660928
2023-02-11 13:00:00,580705.6875,0.013141058051660928
2023-02-11 14:00:00,580705.6875,0.013141058051660928
2023-02-11 15:00:00,580705.75,0.013141058051660928
2023-02-11 16:00:00,580705.75,0.013141058051660928
2023-02-11 17:00:00,580705.75,0.013141058051660928
2023-02-11 18:00:00,580705.75,0.013141058051660928
2023-02-11 19:00:00,580705.8125,0.013141058051660928
2023-02-11 20:00:00,580705.8125,0.013141058051660928
2023-02-11 21:00:00,580705.8125,0.013141058051660928
2023-02-11 22:00:00,580705.8125,0.013141058051660928
2023-02-11 23:00:00,580705.8125,0.013141058051660928
2023-02-12 00:00:00,580705.875,0.013141058051660928
2023-02-12 01:00:00,580705.875,0.013141058051660928
2023-02-12 02:00:00,580705.875,0.013141058051660928
2023-02-12 03:00:00,580705.875,0.013141058051660928
2023-02-12 04:00:00,580705.875,0.013141058051660928
2023-02-12 05:00:00,580705.9375,0.013141058051660928
2023-02-12 06:00:00,580705.9375,0.013141058051660928
2023-02-12 07:00:00,580705.9375,0.013141058051660928
2023-02-12 08:00:00,580705.9375,0.013141058051660928
2023-02-12 09:00:00,580705.9375,0.013141058051660928
2023-02-12 10:00:00,580705.9375,0.013141058051660928
2023-02-12 11:00:00,580706.0,0.013141058051660928
2023-02-12 12:00:00,580706.0,0.013141058051660928
2023-02-12 13:00:00,580706.0,0.013141058051660928
2023-02-12 14:00:00,580706.0,0.013141058051660928
2023-02-12 15:00:00,580706.0,0.013141058051660928
2023-02-12 16:00:00,580706.0625,0.013141058051660928
2023-02-12 17:00:00,580706.0625,0.013141058051660928
2023-02-12 18:00:00,580706.0625,0.013141058051660928
2023-02-12 19:00:00,580706.0625,0.013141058051660928
2023-02-12 20:00:00,580706.0625,0.013141058051660928
2023-02-12 21:00:00,580706.0625,0.013141058051660928
2023-02-12 22:00:00,580706.0625,0.013141058051660928
2023-02-12 23:00:00,580706.25,0.013141058051660928
2023-02-13 00:00:00,580706.25,0.013141058051660928
2023-02-13 01:00:00,580706.25,0.013141058051660928
2023-02-13 02:00:00,580706.25,0.013141058051660928
2023-02-13 03:00:00,580706.25,0.013141058051660928
2023-02-13 04:00:00,580706.25,0.013141058051660928
2023-02-13 05:00:00,580706.25,0.013141058051660928
2023-02-13 06:00:00,580706.25,0.013141058051660928
2023-02-13 07:00:00,580706.25,0.013141058051660928
2023-02-13 08:00:00,580706.3125,0.013141058051660928
2023-02-13 09:00:00,580706.3125,0.013141058051660928
2023-02-13 10:00:00,580706.375,0.013141058051660928
2023-02-13 11:00:00,580706.375,0.013141058051660928
2023-02-13 12:00:00,580706.375,0.013141058051660928
2023-02-13 13:00:00,580706.375,0.013141058051660928
2023-02-13 14:00:00,580706.375,0.013141058051660928
2023-02-13 15:00:00,580706.375,0.013141058051660928
2023-02-13 16:00:00,580706.375,0.013141058051660928
2023-02-13 17:00:00,580706.375,0.013141058051660928
2023-02-13 18:00:00,580706.4375,0.013141058051660928
2023-02-13 19:00:00,580706.4375,0.013141058051660928
2023-02-13 20:00:00,580706.5,0.013141058051660928
2023-02-13 21:00:00,580706.5,0.013141058051660928
2023-02-13 22:00:00,580706.5,0.013141058051660928
2023-02-13 23:00:00,580706.5,0.013141058051660928
2023-02-14 00:00:00,580706.5,0.013141058051660928
2023-02-14 01:00:00,580706.5625,0.013141058051660928
2023-02-14 02:00:00,580706.5625,0.013141058051660928
2023-02-14 03:00:00,580706.5625,0.013141058051660928
2023-02-14 04:00:00,580706.5625,0.013141058051660928
2023-02-14 05:00:00,580706.625,0.013141058051660928
2023-02-14 06:00:00,580706.625,0.013141058051660928
2023-02-14 07:00:00,580706.625,0.013141058051660928
2023-02-14 08:00:00,580706.625,0.013141058051660928
2023-02-14 09:00:00,580706.625,0.013141058051660928
2023-02-14 10:00:00,580706.625,0.013141058051660928
2023-02-14 11:00:00,580706.625,0.013141058051660928
2023-02-14 12:00:00,580706.6875,0.013141058051660928
2023-02-14 13:00:00,580706.75,0.013141058051660928
2023-02-14 14:00:00,580706.75,0.013141058051660928
2023-02-14 15:00:00,580706.75,0.013141058051660928
2023-02-14 16:00:00,580706.75,0.013141058051660928
2023-02-14 17:00:00,580706.75,0.013141058051660928
2023-02-14 18:00:00,580706.75,0.013141058051660928
2023-02-14 19:00:00,580706.75,0.013141058051660928
2023-02-14 20:00:00,580706.8125,0.013141058051660928
2023-02-14 21:00:00,580706.8125,0.013141058051660928
2023-02-14 22:00:00,580706.8125,0.013141058051660928
2023-02-14 23:00:00,580706.8125,0.013141058051660928
2023-02-15 00:00:00,580706.875,0.013141058051660928
2023-02-15 01:00:00,580706.875,0.013141058051660928
2023-02-15 02:00:00,580706.875,0.013141058051660928
2023-02-15 03:00:00,580706.875,0.013141058051660928
2023-02-15 04:00:00,580706.9375,0.013141058051660928
2023-02-15 05:00:00,580706.9375,0.013141058051660928
2023-02-15 06:00:00,580706.9375,0.013141058051660928
2023-02-15 07:00:00,580706.9375,0.013141058051660928
2023-02-15 08:00:00,580706.9375,0.013141058051660928
2023-02-15 09:00:00,580706.9375,0.013141058051660928
2023-02-15 10:00:00,580707.0,0.013141058051660928
2023-02-15 11:00:00,580707.0,0.013141058051660928
2023-02-15 12:00:00,580707.0,0.013141058051660928
2023-02-15 13:00:00,580707.0,0.013141058051660928
2023-02-15 14:00:00,580707.0,0.013141058051660928
2023-02-15 15:00:00,580707.0625,0.013141058051660928
2023-02-15 16:00:00,580707.0625,0.013141058051660928
2023-02-15 17:00:00,580707.0625,0.013141058051660928
2023-02-15 18:00:00,580707.125,0.013141058051660928
2023-02-15 19:00:00,580707.125,0.013141058051660928
2023-02-15 20:00:00,580707.125,0.013141058051660928
2023-02-15 21:00:00,580707.125,0.013141058051660928
2023-02-15 22:00:00,580707.125,0.013141058051660928
2023-02-15 23:00:00,580707.125,0.013141058051660928
2023-02-16 00:00:00,580707.125,0.013141058051660928
2023-02-16 01:00:00,580707.25,0.013141058051660928
2023-02-16 02:00:00,580707.25,0.013141058051660928
2023-02-16 03:00:00,580707.25,0.013141058051660928
2023-02-16 04:00:00,580707.25,0.013141058051660928
2023-02-16 05:00:00,580707.25,0.013141058051660928
2023-02-16 06:00:00,580707.25,0.013141058051660928
2023-02-16 07:00:00,580707.25,0.013141058051660928
2023-02-16 08:00:00,580707.3125,0.013141058051660928
2023-02-16 09:00:00,580707.375,0.013141058051660928
2023-02-16 10:00:00,580707.375,0.013141058051660928
2023-02-16 11:00:00,580707.375,0.013141058051660928
2023-02-16 12:00:00,580707.375,0.013141058051660928
2023-02-16 13:00:00,580707.375,0.013141058051660928
2023-02-16 14:00:00,580707.4375,0.013141058051660928
2023-02-16 15:00:00,580707.4375,0.013141058051660928
2023-02-16 16:00:00,580707.4375,0.013141058051660928
2023-02-16 17:00:00,580707.4375,0.013141058051660928
2023-02-16 18:00:00,580707.4375,0.013141058051660928
2023-02-16 19:00:00,580707.4375,0.013141058051660928
2023-02-16 20:00:00,580707.5,0.013141058051660928
2023-02-16 21:00:00,580707.5,0.013141058051660928
2023-02-16 22:00:00,580707.5,0.013141058051660928
2023-02-16 23:00:00,580707.5625,0.013141058051660928
2023-02-17 00:00:00,580707.5625,0.013141058051660928
2023-02-17 01:00:00,580707.5625,0.013141058051660928
2023-02-17 02:00:00,580707.5625,0.013141058051660928
2023-02-17 03:00:00,580707.5625,0.013141058051660928
2023-02-17 04:00:00,580707.5625,0.013141058051660928
2023-02-17 05:00:00,580707.5625,0.013141058051660928
2023-02-17 06:00:00,580707.625,0.013141058051660928
2023-02-17 07:00:00,580707.625,0.013141058051660928
2023-02-17 08:00:00,580707.625,0.013141058051660928
2023-02-17 09:00:00,580707.625,0.013141058051660928
2023-02-17 10:00:00,580707.625,0.013141058051660928
2023-02-17 11:00:00,580707.6875,0.013141058051660928
2023-02-17 12:00:00,580707.6875,0.013141058051660928
2023-02-17 13:00:00,580707.6875,0.013141058051660928
2023-02-17 14:00:00,580707.6875,0.013141058051660928
2023-02-17 15:00:00,580707.6875,0.013141058051660928
2023-02-17 16:00:00,580707.6875,0.013141058051660928
2023-02-17 17:00:00,580707.6875,0.013141058051660928
2023-02-17 18:00:00,580707.6875,0.013141058051660928
2023-02-17 19:00:00,580707.75,0.013141058051660928
2023-02-17 20:00:00,580707.75,0.013141058051660928
2023-02-17 21:00:00,580707.8125,0.013141058051660928
2023-02-17 22:00:00,580707.8125,0.013141058051660928
2023-02-17 23:00:00,580707.8125,0.013141058051660928
2023-02-18 00:00:00,580707.8125,0.013141058051660928
2023-02-18 01:00:00,580707.8125,0.013141058051660928
2023-02-18 02:00:00,580707.8125,0.013141058051660928
2023-02-18 03:00:00,580707.875,0.013141058051660928
2023-02-18 04:00:00,580707.875,0.013141058051660928
2023-02-18 05:00:00,580707.875,0.013141058051660928
2023-02-18 06:00:00,580707.9375,0.013141058051660928
2023-02-18 07:00:00,580707.9375,0.013141058051660928
2023-02-18 08:00:00,580707.9375,0.013141058051660928
2023-02-18 09:00:00,580707.9375,0.013141058051660928
2023-02-18 10:00:00,580707.9375,0.013141058051660928
2023-02-18 11:00:00,580707.9375,0.013141058051660928
2023-02-18 12:00:00,580708.0,0.013141058051660928
2023-02-18 13:00:00,580708.0,0.013141058051660928
2023-02-18 14:00:00,580708.0625,0.013141058051660928
2023-02-18 15:00:00,580708.0625,0.013141058051660928
2023-02-18 16:00:00,580708.0625,0.013141058051660928
2023-02-18 17:00:00,580708.0625,0.013141058051660928
2023-02-18 18:00:00,580708.0625,0.013141058051660928
2023-02-18 19:00:00,580708.0625,0.013141058051660928
2023-02-18 20:00:00,580708.0625,0.013141058051660928
2023-02-18 21:00:00,580708.125,0.013141058051660928
2023-02-18 22:00:00,580708.125,0.013141058051660928
2023-02-18 23:00:00,580708.1875,0.013141058051660928
2023-02-19 00:00:00,580708.1875,0.013141058051660928
2023-02-19 01:00:00,580708.1875,0.013141058051660928
2023-02-19 02:00:00,580708.1875,0.013141058051660928
2023-02-19 03:00:00,580708.1875,0.013141058051660928
2023-02-19 04:00:00,580708.1875,0.013141058051660928
2023-02-19 05:00:00,580708.1875,0.013141058051660928
2023-02-19 06:00:00,580708.1875,0.013141058051660928
2023-02-19 07:00:00,580708.25,0.013141058051660928
2023-02-19 08:00:00,580708.375,0.013141058051660928
2023-02-19 09:00:00,580708.375,0.013141058051660928
2023-02-19 10:00:00,580708.375,0.013141058051660928
2023-02-19 11:00:00,580708.375,0.013141058051660928
2023-02-19 12:00:00,580708.375,0.013141058051660928
2023-02-19 13:00:00,580708.375,0.013141058051660928
2023-02-19 14:00:00,580708.375,0.013141058051660928
2023-02-19 15:00:00,580708.4375,0.013141058051660928
2023-02-19 16:00:00,580708.4375,0.013141058051660928
2023-02-19 17:00:00,580708.4375,0.013141058051660928
2023-02-19 18:00:00,580708.5,0.013141058051660928
2023-02-19 19:00:00,580708.5,0.013141058051660928
2023-02-19 20:00:00,580708.5,0.013141058051660928
2023-02-19 21:00:00,580708.5,0.013141058051660928
2023-02-19 22:00:00,580708.5,0.013141058051660928
2023-02-19 23:00:00,580708.5625,0.013141058051660928
2023-02-20 00:00:00,580708.5625,0.013141058051660928
2023-02-20 01:00:00,580708.5625,0.013141058051660928
2023-02-20 02:00:00,580708.5625,0.013141058051660928
2023-02-20 03:00:00,580708.5625,0.013141058051660928
2023-02-20 04:00:00,580708.5625,0.013141058051660928
2023-02-20 05:00:00,580708.625,0.013141058051660928
2023-02-20 06:00:00,580708.625,0.013141058051660928
2023-02-20 07:00:00,580708.625,0.013141058051660928
2023-02-20 08:00:00,580708.625,0.013141058051660928
2023-02-20 09:00:00,580708.625,0.013141058051660928
2023-02-20 10:00:00,580708.6875,0.013141058051660928
2023-02-20 11:00:00,580708.6875,0.013141058051660928
2023-02-20 12:00:00,580708.6875,0.013141058051660928
2023-02-20 13:00:00,580708.6875,0.013141058051660928
2023-02-20 14:00:00,580708.75,0.013141058051660928
2023-02-20 15:00:00,580708.75,0.013141058051660928
2023-02-20 16:00:00,580708.75,0.013141058051660928
2023-02-20 17:00:00,580708.75,0.013141058051660928
2023-02-20 18:00:00,580708.8125,0.013141058051660928
2023-02-20 19:00:00,580708.8125,0.013141058051660928
2023-02-20 20:00:00,580708.8125,0.013141058051660928
2023-02-20 21:00:00,580708.8125,0.013141058051660928
2023-02-20 22:00:00,580708.8125,0.013141058051660928
2023-02-20 23:00:00,580708.8125,0.013141058051660928
2023-02-21 00:00:00,580708.8125,0.013141058051660928
2023-02-21 01:00:00,580708.875,0.013141058051660928
2023-02-21 02:00:00,580708.875,0.013141058051660928
2023-02-21 03:00:00,580708.875,0.013141058051660928
2023-02-21 04:00:00,580708.9375,0.013141058051660928
2023-02-21 05:00:00,580708.9375,0.013141058051660928
2023-02-21 06:00:00,580708.9375,0.013141058051660928
2023-02-21 07:00:00,580708.9375,0.013141058051660928
2023-02-21 08:00:00,580709.0,0.013141058051660928
2023-02-21 09:00:00,580709.0,0.013141058051660928
2023-02-21 10:00:00,580709.0,0.013141058051660928
2023-02-21 11:00:00,580709.0,0.013141058051660928
2023-02-21 12:00:00,580709.0,0.013141058051660928
2023-02-21 13:00:00,580709.0625,0.013141058051660928
2023-02-21 14:00:00,580709.0625,0.013141058051660928
2023-02-21 15:00:00,580709.0625,0.013141058051660928
2023-02-21 16:00:00,580709.125,0.013141058051660928
2023-02-21 17:00:00,580709.125,0.013141058051660928
2023-02-21 18:00:00,580709.125,0.013141058051660928
2023-02-21 19:00:00,580709.125,0.013141058051660928
2023-02-21 20:00:00,580709.125,0.013141058051660928
2023-02-21 21:00:00,580709.125,0.013141058051660928
2023-02-21 22:00:00,580709.125,0.013141058051660928
2023-02-21 23:00:00,580709.125,0.013141058051660928
2023-02-22 00:00:00,580709.125,0.013141058051660928
2023-02-22 01:00:00,580709.125,0.013141058051660928
2023-02-22 02:00:00,580709.1875,0.013141058051660928
2023-02-22 03:00:00,580709.25,0.013141058051660928
2023-02-22 04:00:00,580709.25,0.013141058051660928
2023-02-22 05:00:00,580709.25,0.013141058051660928
2023-02-22 06:00:00,580709.25,0.013141058051660928
2023-02-22 07:00:00,580709.25,0.013141058051660928
2023-02-22 08:00:00,580709.25,0.013141058051660928
2023-02-22 09:00:00,580709.25,0.013141058051660928
2023-02-22 10:00:00,580709.25,0.013141058051660928
2023-02-22 11:00:00,580709.3125,0.013141058051660928
2023-02-22 12:00:00,580709.375,0.013141058051660928
2023-02-22 13:00:00,580709.375,0.013141058051660928
2023-02-22 14:00:00,580709.375,0.013141058051660928
2023-02-22 15:00:00,580709.375,0.013141058051660928
2023-02-22 16:00:00,580709.375,0.013141058051660928
2023-02-22 17:00:00,580709.375,0.013141058051660928
2023-02-22 18:00:00,580709.5,0.013141058051660928
2023-02-22 19:00:00,580709.5,0.013141058051660928
2023-02-22 20:00:00,580709.5625,0.013141058051660928
2023-02-22 21:00:00,580709.5,0.013141058051660928
2023-02-22 22:00:00,580709.5625,0.013141058051660928
2023-02-22 23:00:00,580709.5625,0.013141058051660928
2023-02-23 00:00:00,580709.5625,0.013141058051660928
2023-02-23 01:00:00,580709.5625,0.013141058051660928
2023-02-23 02:00:00,580709.5625,0.013141058051660928
2023-02-23 03:00:00,580709.625,0.013141058051660928
2023-02-23 04:00:00,580709.6875,0.013141058051660928
2023-02-23 05:00:00,580709.6875,0.013141058051660928
2023-02-23 06:00:00,580709.6875,0.013141058051660928
2023-02-23 07:00:00,580709.6875,0.013141058051660928
2023-02-23 08:00:00,580709.6875,0.013141058051660928
2023-02-23 09:00:00,580709.6875,0.013141058051660928
2023-02-23 10:00:00,580709.6875,0.013141058051660928
2023-02-23 11:00:00,580709.75,0.013141058051660928
2023-02-23 12:00:00,580709.75,0.013141058051660928
2023-02-23 13:00:00,580709.8125,0.013141058051660928
2023-02-23 14:00:00,580709.8125,0.013141058051660928
2023-02-23 15:00:00,580709.8125,0.013141058051660928
2023-02-23 16:00:00,580709.8125,0.013141058051660928
2023-02-23 17:00:00,580709.8125,0.013141058051660928
2023-02-23 18:00:00,580709.8125,0.013141058051660928
2023-02-23 19:00:00,580709.8125,0.013141058051660928
2023-02-23 20:00:00,580709.8125,0.013141058051660928
2023-02-23 21:00:00,580709.875,0.013141058051660928
2023-02-23 22:00:00,580709.875,0.013141058051660928
2023-02-23 23:00:00,580709.9375,0.013141058051660928
2023-02-24 00:00:00,580709.9375,0.013141058051660928
2023-02-24 01:00:00,580709.9375,0.013141058051660928
2023-02-24 02:00:00,580709.9375,0.013141058051660928
2023-02-24 03:00:00,580709.9375,0.013141058051660928
2023-02-24 04:00:00,580709.9375,0.013141058051660928
2023-02-24 05:00:00,580709.9375,0.013141058051660928
2023-02-24 06:00:00,580710.0,0.013141058051660928
2023-02-24 07:00:00,580710.0,0.013141058051660928
2023-02-24 08:00:00,580710.0,0.013141058051660928
2023-02-24 09:00:00,580710.0625,0.013141058051660928
2023-02-24 10:00:00,580710.0625,0.013141058051660928
2023-02-24 11:00:00,580710.0625,0.013141058051660928
2023-02-24 12:00:00,580710.0625,0.013141058051660928
2023-02-24 13:00:00,580710.125,0.013141058051660928
2023-02-24 14:00:00,580710.125,0.013141058051660928
2023-02-24 15:00:00,580710.125,0.013141058051660928
2023-02-24 16:00:00,580710.125,0.013141058051660928
2023-02-24 17:00:00,580710.125,0.013141058051660928
2023-02-24 18:00:00,580710.1875,0.013141058051660928
2023-02-24 19:00:00,580710.1875,0.013141058051660928
2023-02-24 20:00:00,580710.1875,0.013141058051660928
2023-02-24 21:00:00,580710.1875,0.013141058051660928
2023-02-24 22:00:00,580710.1875,0.013141058051660928
2023-02-24 23:00:00,580710.1875,0.013141058051660928
2023-02-25 00:00:00,580710.25,0.013141058051660928
2023-02-25 01:00:00,580710.25,0.013141058051660928
2023-02-25 02:00:00,580710.25,0.013141058051660928
2023-02-25 03:00:00,580710.25,0.013141058051660928
2023-02-25 04:00:00,580710.3125,0.013141058051660928
2023-02-25 05:00:00,580710.3125,0.013141058051660928
2023-02-25 06:00:00,580710.3125,0.013141058051660928
2023-02-25 07:00:00,580710.3125,0.013141058051660928
2023-02-25 08:00:00,580710.375,0.013141058051660928
2023-02-25 09:00:00,580710.375,0.013141058051660928
2023-02-25 10:00:00,580710.375,0.013141058051660928
2023-02-25 11:00:00,580710.375,0.013141058051660928
2023-02-25 12:00:00,580710.375,0.013141058051660928
2023-02-25 13:00:00,580710.375,0.013141058051660928
2023-02-25 14:00:00,580710.4375,0.013141058051660928
2023-02-25 15:00:00,580710.4375,0.013141058051660928
2023-02-25 16:00:00,580710.4375,0.013141058051660928
2023-02-25 17:00:00,580710.5,0.013141058051660928
2023-02-25 18:00:00,580710.5,0.013141058051660928
2023-02-25 19:00:00,580710.5,0.013141058051660928
2023-02-25 20:00:00,580710.625,0.013141058051660928
2023-02-25 21:00:00,580710.625,0.013141058051660928
2023-02-25 22:00:00,580710.625,0.013141058051660928
2023-02-25 23:00:00,580710.625,0.013141058051660928
2023-02-26 00:00:00,580710.625,0.013141058051660928
2023-02-26 01:00:00,580710.625,0.013141058051660928
2023-02-26 02:00:00,580710.6875,0.013141058051660928
2023-02-26 03:00:00,580710.6875,0.013141058051660928
2023-02-26 04:00:00,580710.6875,0.013141058051660928
2023-02-26 05:00:00,580710.75,0.013141058051660928
2023-02-26 06:00:00,580710.75,0.013141058051660928
2023-02-26 07:00:00,580710.75,0.013141058051660928
2023-02-26 08:00:00,580710.75,0.013141058051660928
2023-02-26 09:00:00,580710.75,0.013141058051660928
2023-02-26 10:00:00,580710.75,0.013141058051660928
2023-02-26 11:00:00,580710.75,0.013141058051660928
2023-02-26 12:00:00,580710.75,0.013141058051660928
2023-02-26 13:00:00,580710.8125,0.013141058051660928
2023-02-26 14:00:00,580710.8125,0.013141058051660928
2023-02-26 15:00:00,580710.875,0.013141058051660928
2023-02-26 16:00:00,580710.875,0.013141058051660928
2023-02-26 17:00:00,580710.875,0.013141058051660928
2023-02-26 18:00:00,580710.875,0.013141058051660928
2023-02-26 19:00:00,580710.875,0.013141058051660928
2023-02-26 20:00:00,580710.875,0.013141058051660928
2023-02-26 21:00:00,580710.875,0.013141058051660928
2023-02-26 22:00:00,580710.9375,0.013141058051660928
2023-02-26 23:00:00,580711.0,0.013141058051660928
2023-02-27 00:00:00,580711.0,0.013141058051660928
2023-02-27 01:00:00,580711.0,0.013141058051660928
2023-02-27 02:00:00,580711.0,0.013141058051660928
2023-02-27 03:00:00,580711.0,0.013141058051660928
2023-02-27 04:00:00,580711.0,0.013141058051660928
2023-02-27 05:00:00,580711.0625,0.013141058051660928
2023-02-27 06:00:00,580711.0625,0.013141058051660928
2023-02-27 07:00:00,580711.125,0.013141058051660928
2023-02-27 08:00:00,580711.125,0.013141058051660928
2023-02-27 09:00:00,580711.125,0.013141058051660928
2023-02-27 10:00:00,580711.125,0.013141058051660928
2023-02-27 11:00:00,580711.125,0.013141058051660928
2023-02-27 12:00:00,580711.125,0.013141058051660928
2023-02-27 13:00:00,580711.125,0.013141058051660928
2023-02-27 14:00:00,580711.25,0.013141058051660928
2023-02-27 15:00:00,580711.25,0.013141058051660928
2023-02-27 16:00:00,580711.25,0.013141058051660928
2023-02-27 17:00:00,580711.25,0.013141058051660928
2023-02-27 18:00:00,580711.25,0.013141058051660928
2023-02-27 19:00:00,580711.25,0.013141058051660928
2023-02-27 20:00:00,580711.25,0.013141058051660928
2023-02-27 21:00:00,580711.3125,0.013141058051660928
2023-02-27 22:00:00,580711.3125,0.013141058051660928
2023-02-27 23:00:00,580711.375,0.013141058051660928
2023-02-28 00:00:00,580711.375,0.013141058051660928
2023-02-28 01:00:00,580711.375,0.013141058051660928
2023-02-28 02:00:00,580711.375,0.013141058051660928
2023-02-28 03:00:00,580711.375,0.013141058051660928
2023-02-28 04:00:00,580711.375,0.013141058051660928
2023-02-28 05:00:00,580711.375,0.013141058051660928
2023-02-28 06:00:00,580711.4375,0.013141058051660928
2023-02-28 07:00:00,580711.5,0.013141058051660928
2023-02-28 08:00:00,580711.5,0.013141058051660928
2023-02-28 09:00:00,580711.5,0.013141058051660928
2023-02-28 10:00:00,580711.5,0.013141058051660928
2023-02-28 11:00:00,580711.5,0.013141058051660928
2023-02-28 12:00:00,580711.5,0.013141058051660928
2023-02-28 13:00:00,580711.5625,0.013141058051660928
2023-02-28 14:00:00,580711.5625,0.013141058051660928
2023-02-28 15:00:00,580711.5625,0.013141058051660928
2023-02-28 16:00:00,580711.625,0.013141058051660928
2023-02-28 17:00:00,580711.625,0.013141058051660928
2023-02-28 18:00:00,580711.625,0.013141058051660928
2023-02-28 19:00:00,580711.625,0.013141058051660928
2023-02-28 20:00:00,580711.625,0.013141058051660928
2023-02-28 21:00:00,580711.75,0.013141058051660928
2023-02-28 22:00:00,580711.75,0.013141058051660928
2023-02-28 23:00:00,580711.75,0.013141058051660928
2023-03-01 00:00:00,580711.75,0.013141058051660928
2023-03-01 01:00:00,580711.8125,0.013141058051660928
2023-03-01 02:00:00,580711.8125,0.013141058051660928
2023-03-01 03:00:00,580711.8125,0.013141058051660928
2023-03-01 04:00:00,580711.8125,0.013141058051660928
2023-03-01 05:00:00,580711.8125,0.013141058051660928
2023-03-01 06:00:00,580711.875,0.013141058051660928
2023-03-01 07:00:00,580711.875,0.013141058051660928
2023-03-01 08:00:00,580711.875,0.013141058051660928
2023-03-01 09:00:00,580711.9375,0.013141058051660928
2023-03-01 10:00:00,580711.9375,0.013141058051660928
2023-03-01 11:00:00,580711.9375,0.013141058051660928
2023-03-01 12:00:00,580711.9375,0.013141058051660928
2023-03-01 13:00:00,580712.0,0.013141058051660928
2023-03-01 14:00:00,580712.0,0.013141058051660928
2023-03-01 15:00:00,580712.0,0.013141058051660928
2023-03-01 16:00:00,580712.0,0.013141058051660928
2023-03-01 17:00:00,580712.0625,0.013141058051660928
2023-03-01 18:00:00,580712.0625,0.013141058051660928
2023-03-01 19:00:00,580712.0625,0.013141058051660928
2023-03-01 20:00:00,580712.0625,0.013141058051660928
2023-03-01 21:00:00,580712.125,0.013141058051660928
2023-03-01 22:00:00,580712.125,0.013141058051660928
2023-03-01 23:00:00,580712.125,0.013141058051660928
2023-03-02 00:00:00,580712.1875,0.013141058051660928
2023-03-02 01:00:00,580712.1875,0.013141058051660928
2023-03-02 02:00:00,580712.1875,0.013141058051660928
2023-03-02 03:00:00,580712.1875,0.013141058051660928
2023-03-02 04:00:00,580712.1875,0.013141058051660928
2023-03-02 05:00:00,580712.25,0.013141058051660928
2023-03-02 06:00:00,580712.25,0.013141058051660928
2023-03-02 07:00:00,580712.3125,0.013141058051660928
2023-03-02 08:00:00,580712.3125,0.013141058051660928
2023-03-02 09:00:00,580712.3125,0.013141058051660928
2023-03-02 10:00:00,580712.3125,0.013141058051660928
2023-03-02 11:00:00,580712.3125,0.013141058051660928
2023-03-02 12:00:00,580712.375,0.013141058051660928
2023-03-02 13:00:00,580712.375,0.013141058051660928
2023-03-02 14:00:00,580712.375,0.013141058051660928
2023-03-02 15:00:00,580712.375,0.013141058051660928
2023-03-02 16:00:00,580712.4375,0.013141058051660928
2023-03-02 17:00:00,580712.4375,0.013141058051660928
2023-03-02 18:00:00,580712.4375,0.013141058051660928
2023-03-02 19:00:00,580712.4375,0.013141058051660928
2023-03-02 20:00:00,580712.4375,0.013141058051660928
2023-03-02 21:00:00,580712.4375,0.013141058051660928
2023-03-02 22:00:00,580712.4375,0.013141058051660928
2023-03-02 23:00:00,580712.5,0.013141058051660928
2023-03-03 00:00:00,580712.5625,0.013141058051660928
2023-03-03 01:00:00,580712.5625,0.013141058051660928
2023-03-03 02:00:00,580712.5625,0.013141058051660928
2023-03-03 03:00:00,580712.5625,0.013141058051660928
2023-03-03 04:00:00,580712.5625,0.013141058051660928
2023-03-03 05:00:00,580712.5625,0.013141058051660928
2023-03-03 06:00:00,580712.5625,0.013141058051660928
2023-03-03 07:00:00,580712.625,0.013141058051660928
2023-03-03 08:00:00,580712.6875,0.013141058051660928
2023-03-03 09:00:00,580712.6875,0.013141058051660928
2023-03-03 10:00:00,580712.6875,0.013141058051660928
2023-03-03 11:00:00,580712.6875,0.013141058051660928
2023-03-03 12:00:00,580712.6875,0.013141058051660928
2023-03-03 13:00:00,580712.6875,0.013141058051660928
2023-03-03 14:00:00,580712.6875,0.013141058051660928
2023-03-03 15:00:00,580712.6875,0.013141058051660928
2023-03-03 16:00:00,580712.875,0.013141058051660928
2023-03-03 17:00:00,580712.875,0.013141058051660928
2023-03-03 18:00:00,580712.875,0.013141058051660928
2023-03-03 19:00:00,580712.875,0.013141058051660928
2023-03-03 20:00:00,580712.875,0.013141058051660928
2023-03-03 21:00:00,580712.875,0.013141058051660928
2023-03-03 22:00:00,580712.9375,0.013141058051660928
2023-03-03 23:00:00,580712.9375,0.013141058051660928
2023-03-04 00:00:00,580712.9375,0.013141058051660928
2023-03-04 01:00:00,580713.0,0.013141058051660928
2023-03-04 02:00:00,580713.0,0.013141058051660928
2023-03-04 03:00:00,580713.0,0.013141058051660928
2023-03-04 04:00:00,580713.0,0.013141058051660928
2023-03-04 05:00:00,580713.0,0.013141058051660928
2023-03-04 06:00:00,580713.0,0.013141058051660928
2023-03-04 07:00:00,580713.0625,0.013141058051660928
2023-03-04 08:00:00,580713.125,0.013141058051660928
2023-03-04 09:00:00,580713.125,0.013141058051660928
2023-03-04 10:00:00,580713.125,0.013141058051660928
2023-03-04 11:00:00,580713.125,0.013141058051660928
2023-03-04 12:00:00,580713.125,0.013141058051660928
2023-03-04 13:00:00,580713.125,0.013141058051660928
2023-03-04 14:00:00,580713.1875,0.013141058051660928
2023-03-04 15:00:00,580713.1875,0.013141058051660928
2023-03-04 16:00:00,580713.1875,0.013141058051660928
2023-03-04 17:00:00,580713.25,0.013141058051660928
2023-03-04 18:00:00,580713.25,0.013141058051660928
2023-03-04 19:00:00,580713.25,0.013141058051660928
2023-03-04 20:00:00,580713.25,0.013141058051660928
2023-03-04 21:00:00,580713.25,0.013141058051660928
2023-03-04 22:00:00,580713.3125,0.013141058051660928
2023-03-04 23:00:00,580713.3125,0.013141058051660928
2023-03-05 00:00:00,580713.3125,0.013141058051660928
2023-03-05 01:00:00,580713.375,0.013141058051660928
2023-03-05 02:00:00,580713.375,0.013141058051660928
2023-03-05 03:00:00,580713.375,0.013141058051660928
2023-03-05 04:00:00,580713.375,0.013141058051660928
2023-03-05 05:00:00,580713.375,0.013141058051660928
2023-03-05 06:00:00,580713.375,0.013141058051660928
2023-03-05 07:00:00,580713.4375,0.013141058051660928
2023-03-05 08:00:00,580713.4375,0.013141058051660928
2023-03-05 09:00:00,580713.4375,0.013141058051660928
2023-03-05 10:00:00,580713.5,0.013141058051660928
2023-03-05 11:00:00,580713.5,0.013141058051660928
2023-03-05 12:00:00,580713.5,0.013141058051660928
2023-03-05 13:00:00,580713.5,0.013141058051660928
2023-03-05 14:00:00,580713.5,0.013141058051660928
2023-03-05 15:00:00,580713.5625,0.013141058051660928
2023-03-05 16:00:00,580713.5625,0.013141058051660928
2023-03-05 17:00:00,580713.5625,0.013141058051660928
2023-03-05 18:00:00,580713.5625,0.013141058051660928
2023-03-05 19:00:00,580713.625,0.013141058051660928
2023-03-05 20:00:00,580713.625,0.013141058051660928
2023-03-05 21:00:00,580713.625,0.013141058051660928
2023-03-05 22:00:00,580713.6875,0.013141058051660928
2023-03-05 23:00:00,580713.6875,0.013141058051660928
2023-03-06 00:00:00,580713.6875,0.013141058051660928
2023-03-06 01:00:00,580713.6875,0.013141058051660928
2023-03-06 02:00:00,580713.6875,0.013141058051660928
2023-03-06 03:00:00,580713.6875,0.013141058051660928
2023-03-06 04:00:00,580713.75,0.013141058051660928
2023-03-06 05:00:00,580713.75,0.013141058051660928
2023-03-06 06:00:00,580713.75,0.013141058051660928
2023-03-06 07:00:00,580713.75,0.013141058051660928
2023-03-06 08:00:00,580713.8125,0.013141058051660928
2023-03-06 09:00:00,580713.8125,0.013141058051660928
2023-03-06 10:00:00,580713.8125,0.013141058051660928
2023-03-06 11:00:00,580713.8125,0.013141058051660928
2023-03-06 12:00:00,580713.875,0.013141058051660928
2023-03-06 13:00:00,580713.875,0.013141058051660928
2023-03-06 14:00:00,580713.875,0.013141058051660928
2023-03-06 15:00:00,580713.875,0.013141058051660928
2023-03-06 16:00:00,580713.875,0.013141058051660928
2023-03-06 17:00:00,580714.0,0.013141058051660928
2023-03-06 18:00:00,580714.0,0.013141058051660928
2023-03-06 19:00:00,580714.0,0.013141058051660928
2023-03-06 20:00:00,580714.0,0.013141058051660928
2023-03-06 21:00:00,580714.0625,0.013141058051660928
2023-03-06 22:00:00,580714.0625,0.013141058051660928
2023-03-06 23:00:00,580714.0625,0.013141058051660928
2023-03-07 00:00:00,580714.0625,0.013141058051660928
2023-03-07 01:00:00,580714.0625,0.013141058051660928
2023-03-07 02:00:00,580714.0625,0.013141058051660928
2023-03-07 03:00:00,580714.125,0.013141058051660928
2023-03-07 04:00:00,580714.125,0.013141058051660928
2023-03-07 05:00:00,580714.1875,0.013141058051660928
2023-03-07 06:00:00,580714.1875,0.013141058051660928
2023-03-07 07:00:00,580714.1875,0.013141058051660928
2023-03-07 08:00:00,580714.1875,0.013141058051660928
2023-03-07 09:00:00,580714.1875,0.013141058051660928
2023-03-07 10:00:00,580714.1875,0.013141058051660928
2023-03-07 11:00:00,580714.25,0.013141058051660928
2023-03-07 12:00:00,580714.25,0.013141058051660928
2023-03-07 13:00:00,580714.3125,0.013141058051660928
2023-03-07 14:00:00,580714.3125,0.013141058051660928
2023-03-07 15:00:00,580714.3125,0.013141058051660928
2023-03-07 16:00:00,580714.3125,0.013141058051660928
2023-03-07 17:00:00,580714.3125,0.013141058051660928
2023-03-07 18:00:00,580714.3125,0.013141058051660928
2023-03-07 19:00:00,580714.3125,0.013141058051660928
2023-03-07 20:00:00,580714.375,0.013141058051660928
2023-03-07 21:00:00,580714.4375,0.013141058051660928
2023-03-07 22:00:00,580714.4375,0.013141058051660928
2023-03-07 23:00:00,580714.4375,0.013141058051660928
2023-03-08 00:00:00,580714.4375,0.013141058051660928
2023-03-08 01:00:00,580714.4375,0.013141058051660928
2023-03-08 02:00:00,580714.4375,0.013141058051660928
2023-03-08 03:00:00,580714.4375,0.013141058051660928
2023-03-08 04:00:00,580714.5,0.013141058051660928
2023-03-08 05:00:00,580714.5,0.013141058051660928
2023-03-08 06:00:00,580714.5,0.013141058051660928
2023-03-08 07:00:00,580714.5625,0.013141058051660928
2023-03-08 08:00:00,580714.5625,0.013141058051660928
2023-03-08 09:00:00,580714.5625,0.013141058051660928
2023-03-08 10:00:00,580714.5625,0.013141058051660928
2023-03-08 11:00:00,580714.5625,0.013141058051660928
2023-03-08 12:00:00,580714.5625,0.013141058051660928
2023-03-08 13:00:00,580714.625,0.013141058051660928
2023-03-08 14:00:00,580714.6875,0.013141058051660928
2023-03-08 15:00:00,580714.6875,0.013141058051660928
2023-03-08 16:00:00,580714.6875,0.013141058051660928
2023-03-08 17:00:00,580714.6875,0.013141058051660928
2023-03-08 18:00:00,580714.6875,0.013141058051660928
2023-03-08 19:00:00,580714.6875,0.013141058051660928
2023-03-08 20:00:00,580714.6875,0.013141058051660928
2023-03-08 21:00:00,580714.6875,0.013141058051660928
2023-03-08 22:00:00,580714.75,0.013141058051660928
2023-03-08 23:00:00,580714.75,0.013141058051660928
2023-03-09 00:00:00,580714.75,0.013141058051660928
2023-03-09 01:00:00,580714.8125,0.013141058051660928
2023-03-09 02:00:00,580714.8125,0.013141058051660928
2023-03-09 03:00:00,580714.8125,0.013141058051660928
2023-03-09 04:00:00,580714.8125,0.013141058051660928
2023-03-09 05:00:00,580714.875,0.013141058051660928
2023-03-09 06:00:00,580714.875,0.013141058051660928
2023-03-09 07:00:00,580714.875,0.013141058051660928
2023-03-09 08:00:00,580714.875,0.013141058051660928
2023-03-09 09:00:00,580714.875,0.013141058051660928
2023-03-09 10:00:00,580714.9375,0.013141058051660928
2023-03-09 11:00:00,580714.9375,0.013141058051660928
2023-03-09 12:00:00,580714.9375,0.013141058051660928
2023-03-09 13:00:00,580714.9375,0.013141058051660928
2023-03-09 14:00:00,580715.0,0.013141058051660928
2023-03-09 15:00:00,580715.0,0.013141058051660928
2023-03-09 16:00:00,580715.0,0.013141058051660928
2023-03-09 17:00:00,580715.125,0.013141058051660928
2023-03-09 18:00:00,580715.125,0.013141058051660928
2023-03-09 19:00:00,580715.125,0.013141058051660928
2023-03-09 20:00:00,580715.125,0.013141058051660928
2023-03-09 21:00:00,580715.125,0.013141058051660928
2023-03-09 22:00:00,580715.1875,0.013141058051660928
2023-03-09 23:00:00,580715.1875,0.013141058051660928
2023-03-10 00:00:00,580715.1875,0.013141058051660928
2023-03-10 01:00:00,580715.1875,0.013141058051660928
2023-03-10 02:00:00,580715.1875,0.013141058051660928
2023-03-10 03:00:00,580715.25,0.013141058051660928
2023-03-10 04:00:00,580715.25,0.013141058051660928
2023-03-10 05:00:00,580715.25,0.013141058051660928
2023-03-10 06:00:00,580715.25,0.013141058051660928
2023-03-10 07:00:00,580715.3125,0.013141058051660928
2023-03-10 08:00:00,580715.3125,0.013141058051660928
2023-03-10 09:00:00,580715.375,0.013141058051660928
2023-03-10 10:00:00,580715.375,0.013141058051660928
2023-03-10 11:00:00,580715.375,0.013141058051660928
2023-03-10 12:00:00,580715.375,0.013141058051660928
2023-03-10 13:00:00,580715.375,0.013141058051660928
2023-03-10 14:00:00,580715.375,0.013141058051660928
2023-03-10 15:00:00,580715.4375,0.013141058051660928
2023-03-10 16:00:00,580715.4375,0.013141058051660928
2023-03-10 17:00:00,580715.5,0.013141058051660928
2023-03-10 18:00:00,580715.5,0.013141058051660928
2023-03-10 19:00:00,580715.5,0.013141058051660928
2023-03-10 20:00:00,580715.5,0.013141058051660928
2023-03-10 21:00:00,580715.5,0.013141058051660928
2023-03-10 22:00:00,580715.5,0.013141058051660928
2023-03-10 23:00:00,580715.5,0.013141058051660928
2023-03-11 00:00:00,580715.5,0.013141058051660928
2023-03-11 01:00:00,580715.5,0.013141058051660928
2023-03-11 02:00:00,580715.5625,0.013141058051660928
2023-03-11 03:00:00,580715.5625,0.013141058051660928
2023-03-11 04:00:00,580715.625,0.013141058051660928
2023-03-11 05:00:00,580715.625,0.013141058051660928
2023-03-11 06:00:00,580715.625,0.013141058051660928
2023-03-11 07:00:00,580715.625,0.013141058051660928
2023-03-11 08:00:00,580715.625,0.013141058051660928
2023-03-11 09:00:00,580715.625,0.013141058051660928
2023-03-11 10:00:00,580715.75,0.013141058051660928
2023-03-11 11:00:00,580715.75,0.013141058051660928
2023-03-11 12:00:00,580715.75,0.013141058051660928
2023-03-11 13:00:00,580715.75,0.013141058051660928
2023-03-11 14:00:00,580715.75,0.013141058051660928
2023-03-11 15:00:00,580715.75,0.013141058051660928
2023-03-11 16:00:00,580715.8125,0.013141058051660928
2023-03-11 17:00:00,580715.8125,0.013141058051660928
2023-03-11 18:00:00,580715.8125,0.013141058051660928
2023-03-11 19:00:00,580715.875,0.013141058051660928
2023-03-11 20:00:00,580715.875,0.013141058051660928
2023-03-11 21:00:00,580715.875,0.013141058051660928
2023-03-11 22:00:00,580715.875,0.013141058051660928
2023-03-11 23:00:00,580715.875,0.013141058051660928
2023-03-12 00:00:00,580715.875,0.013141058051660928
2023-03-12 01:00:00,580716.0,0.013141058051660928
2023-03-12 02:00:00,580716.0,0.013141058051660928
2023-03-12 03:00:00,580716.0,0.013141058051660928
2023-03-12 04:00:00,580716.0,0.013141058051660928
2023-03-12 05:00:00,580716.0,0.013141058051660928
2023-03-12 06:00:00,580716.0,0.013141058051660928
2023-03-12 07:00:00,580716.0625,0.013141058051660928
2023-03-12 08:00:00,580716.0625,0.013141058051660928
2023-03-12 09:00:00,580716.125,0.013141058051660928
2023-03-12 10:00:00,580716.125,0.013141058051660928
2023-03-12 11:00:00,580716.125,0.013141058051660928
2023-03-12 12:00:00,580716.125,0.013141058051660928
2023-03-12 13:00:00,580716.125,0.013141058051660928
2023-03-12 14:00:00,580716.125,0.013141058051660928
2023-03-12 15:00:00,580716.125,0.013141058051660928
2023-03-12 16:00:00,580716.3125,0.013141058051660928
2023-03-12 17:00:00,580716.3125,0.013141058051660928
2023-03-12 18:00:00,580716.3125,0.013141058051660928
2023-03-12 19:00:00,580716.3125,0.013141058051660928
2023-03-12 20:00:00,580716.3125,0.013141058051660928
2023-03-12 21:00:00,580716.3125,0.013141058051660928
2023-03-12 22:00:00,580716.3125,0.013141058051660928
2023-03-12 23:00:00,580716.375,0.013141058051660928
2023-03-13 00:00:00,580716.375,0.013141058051660928
2023-03-13 01:00:00,580716.375,0.013141058051660928
2023-03-13 02:00:00,580716.375,0.013141058051660928
2023-03-13 03:00:00,580716.4375,0.013141058051660928
2023-03-13 04:00:00,580716.4375,0.013141058051660928
2023-03-13 05:00:00,580716.4375,0.013141058051660928
2023-03-13 06:00:00,580716.4375,0.013141058051660928
2023-03-13 07:00:00,580716.5,0.013141058051660928
2023-03-13 08:00:00,580716.5,0.013141058051660928
2023-03-13 09:00:00,580716.5,0.013141058051660928
2023-03-13 10:00:00,580716.5,0.013141058051660928
2023-03-13 11:00:00,580716.5625,0.013141058051660928
2023-03-13 12:00:00,580716.5625,0.013141058051660928
2023-03-13 13:00:00,580716.5625,0.013141058051660928
2023-03-13 14:00:00,580716.5625,0.013141058051660928
2023-03-13 15:00:00,580716.5625,0.013141058051660928
2023-03-13 16:00:00,580716.625,0.013141058051660928
2023-03-13 17:00:00,580716.625,0.013141058051660928
2023-03-13 18:00:00,580716.625,0.013141058051660928
2023-03-13 19:00:00,580716.6875,0.013141058051660928
2023-03-13 20:00:00,580716.6875,0.013141058051660928
2023-03-13 21:00:00,580716.6875,0.013141058051660928
2023-03-13 22:00:00,580716.6875,0.013141058051660928
2023-03-13 23:00:00,580716.6875,0.013141058051660928
2023-03-14 00:00:00,580716.75,0.013141058051660928
2023-03-14 01:00:00,580716.75,0.013141058051660928
2023-03-14 02:00:00,580716.75,0.013141058051660928
2023-03-14 03:00:00,580716.75,0.013141058051660928
2023-03-14 04:00:00,580716.75,0.013141058051660928
2023-03-14 05:00:00,580716.8125,0.013141058051660928
2023-03-14 06:00:00,580716.875,0.013141058051660928
2023-03-14 07:00:00,580716.875,0.013141058051660928
2023-03-14 08:00:00,580716.875,0.013141058051660928
2023-03-14 09:00:00,580716.875,0.013141058051660928
2023-03-14 10:00:00,580716.875,0.013141058051660928
2023-03-14 11:00:00,580716.9375,0.013141058051660928
2023-03-14 12:00:00,580716.9375,0.013141058051660928
2023-03-14 13:00:00,580716.9375,0.013141058051660928
2023-03-14 14:00:00,580716.9375,0.013141058051660928
2023-03-14 15:00:00,580716.9375,0.013141058051660928
2023-03-14 16:00:00,580717.0,0.013141058051660928
2023-03-14 17:00:00,580717.0,0.013141058051660928
2023-03-14 18:00:00,580717.0625,0.013141058051660928
2023-03-14 19:00:00,580717.0625,0.013141058051660928
2023-03-14 20:00:00,580717.0625,0.013141058051660928
2023-03-14 21:00:00,580717.0625,0.013141058051660928
2023-03-14 22:00:00,580717.0625,0.013141058051660928
2023-03-14 23:00:00,580717.0625,0.013141058051660928
2023-03-15 00:00:00,580717.125,0.013141058051660928
2023-03-15 01:00:00,580717.125,0.013141058051660928
2023-03-15 02:00:00,580717.125,0.013141058051660928
2023-03-15 03:00:00,580717.125,0.013141058051660928
2023-03-15 04:00:00,580717.1875,0.013141058051660928
2023-03-15 05:00:00,580717.1875,0.013141058051660928
2023-03-15 06:00:00,580717.1875,0.013141058051660928
2023-03-15 07:00:00,580717.1875,0.013141058051660928
2023-03-15 08:00:00,580717.1875,0.013141058051660928
2023-03-15 09:00:00,580717.1875,0.013141058051660928
2023-03-15 10:00:00,580717.3125,0.013141058051660928
2023-03-15 11:00:00,580717.3125,0.013141058051660928
2023-03-15 12:00:00,580717.3125,0.013141058051660928
2023-03-15 13:00:00,580717.375,0.013141058051660928
2023-03-15 14:00:00,580717.375,0.013141058051660928
2023-03-15 15:00:00,580717.375,0.013141058051660928
2023-03-15 16:00:00,580717.375,0.013141058051660928
2023-03-15 17:00:00,580717.375,0.013141058051660928
2023-03-15 18:00:00,580717.4375,0.013141058051660928
2023-03-15 19:00:00,580717.4375,0.013141058051660928
2023-03-15 20:00:00,580717.4375,0.013141058051660928
2023-03-15 21:00:00,580717.4375,0.013141058051660928
2023-03-15 22:00:00,580717.5,0.013141058051660928
2023-03-15 23:00:00,580717.5,0.013141058051660928
2023-03-16 00:00:00,580717.5,0.013141058051660928
2023-03-16 01:00:00,580717.5,0.013141058051660928
2023-03-16 02:00:00,580717.5,0.013141058051660928
2023-03-16 03:00:00,580717.5,0.013141058051660928
2023-03-16 04:00:00,580717.5,0.013141058051660928
2023-03-16 05:00:00,580717.5625,0.013141058051660928
2023-03-16 06:00:00,580717.625,0.013141058051660928
2023-03-16 07:00:00,580717.625,0.013141058051660928
2023-03-16 08:00:00,580717.625,0.013141058051660928
2023-03-16 09:00:00,580717.625,0.013141058051660928
2023-03-16 10:00:00,580717.625,0.013141058051660928
2023-03-16 11:00:00,580717.625,0.013141058051660928
2023-03-16 12:00:00,580717.6875,0.013141058051660928
2023-03-16 13:00:00,580717.6875,0.013141058051660928
2023-03-16 14:00:00,580717.6875,0.013141058051660928
2023-03-16 15:00:00,580717.6875,0.013141058051660928
2023-03-16 16:00:00,580717.75,0.013141058051660928
2023-03-16 17:00:00,580717.75,0.013141058051660928
2023-03-16 18:00:00,580717.75,0.013141058051660928
2023-03-16 19:00:00,580717.75,0.013141058051660928
2023-03-16 20:00:00,580717.75,0.013141058051660928
2023-03-16 21:00:00,580717.75,0.013141058051660928
2023-03-16 22:00:00,580717.75,0.013141058051660928
2023-03-16 23:00:00,580717.8125,0.013141058051660928
2023-03-17 00:00:00,580717.875,0.013141058051660928
2023-03-17 01:00:00,580717.875,0.013141058051660928
2023-03-17 02:00:00,580717.875,0.013141058051660928
2023-03-17 03:00:00,580717.875,0.013141058051660928
2023-03-17 04:00:00,580717.875,0.013141058051660928
2023-03-17 05:00:00,580717.875,0.013141058051660928
2023-03-17 06:00:00,580717.875,0.013141058051660928
2023-03-17 07:00:00,580717.875,0.013141058051660928
2023-03-17 08:00:00,580717.9375,0.013141058051660928
2023-03-17 09:00:00,580717.9375,0.013141058051660928
2023-03-17 10:00:00,580718.0,0.013141058051660928
2023-03-17 11:00:00,580718.0,0.013141058051660928
2023-03-17 12:00:00,580718.0,0.013141058051660928
2023-03-17 13:00:00,580718.0,0.013141058051660928
2023-03-17 14:00:00,580718.0,0.013141058051660928
2023-03-17 15:00:00,580718.0625,0.013141058051660928
2023-03-17 16:00:00,580718.0625,0.013141058051660928
2023-03-17 17:00:00,580718.0625,0.013141058051660928
2023-03-17 18:00:00,580718.0625,0.013141058051660928
2023-03-17 19:00:00,580718.0625,0.013141058051660928
2023-03-17 20:00:00,580718.0625,0.013141058051660928
2023-03-17 21:00:00,580718.125,0.013141058051660928
2023-03-17 22:00:00,580718.125,0.013141058051660928
2023-03-17 23:00:00,580718.125,0.013141058051660928
2023-03-18 00:00:00,580718.125,0.013141058051660928
2023-03-18 01:00:00,580718.125,0.013141058051660928
2023-03-18 02:00:00,580718.125,0.013141058051660928
2023-03-18 03:00:00,580718.1875,0.013141058051660928
2023-03-18 04:00:00,580718.1875,0.013141058051660928
2023-03-18 05:00:00,580718.1875,0.013141058051660928
2023-03-18 06:00:00,580718.1875,0.013141058051660928
2023-03-18 07:00:00,580718.25,0.013141058051660928
2023-03-18 08:00:00,580718.25,0.013141058051660928
2023-03-18 09:00:00,580718.25,0.013141058051660928
2023-03-18 10:00:00,580718.25,0.013141058051660928
2023-03-18 11:00:00,580718.25,0.013141058051660928
2023-03-18 12:00:00,580718.3125,0.013141058051660928
2023-03-18 13:00:00,580718.3125,0.013141058051660928
2023-03-18 14:00:00,580718.3125,0.013141058051660928
2023-03-18 15:00:00,580718.3125,0.013141058051660928
2023-03-18 16:00:00,580718.3125,0.013141058051660928
2023-03-18 17:00:00,580718.3125,0.013141058051660928
2023-03-18 18:00:00,580718.4375,0.013141058051660928
2023-03-18 19:00:00,580718.4375,0.013141058051660928
2023-03-18 20:00:00,580718.5,0.013141058051660928
2023-03-18 21:00:00,580718.5,0.013141058051660928
2023-03-18 22:00:00,580718.5,0.013141058051660928
2023-03-18 23:00:00,580718.5,0.013141058051660928
2023-03-19 00:00:00,580718.5625,0.013141058051660928
2023-03-19 01:00:00,580718.5625,0.013141058051660928
2023-03-19 02:00:00,580718.5625,0.013141058051660928
2023-03-19 03:00:00,580718.5625,0.013141058051660928
2023-03-19 04:00:00,580718.5625,0.013141058051660928
2023-03-19 05:00:00,580718.625,0.013141058051660928
2023-03-19 06:00:00,580718.625,0.013141058051660928
2023-03-19 07:00:00,580718.625,0.013141058051660928
2023-03-19 08:00:00,580718.625,0.013141058051660928
2023-03-19 09:00:00,580718.625,0.013141058051660928
2023-03-19 10:00:00,580718.6875,0.013141058051660928
2023-03-19 11:00:00,580718.6875,0.013141058051660928
2023-03-19 12:00:00,580718.6875,0.013141058051660928
2023-03-19 13:00:00,580718.6875,0.013141058051660928
2023-03-19 14:00:00,580718.6875,0.013141058051660928
2023-03-19 15:00:00,580718.6875,0.013141058051660928
2023-03-19 16:00:00,580718.6875,0.013141058051660928
2023-03-19 17:00:00,580718.75,0.013141058051660928
2023-03-19 18:00:00,580718.75,0.013141058051660928
2023-03-19 19:00:00,580718.75,0.013141058051660928
2023-03-19 20:00:00,580718.75,0.013141058051660928
2023-03-19 21:00:00,580718.8125,0.013141058051660928
2023-03-19 22:00:00,580718.8125,0.013141058051660928
2023-03-19 23:00:00,580718.8125,0.013141058051660928
2023-03-20 00:00:00,580718.8125,0.013141058051660928
2023-03-20 01:00:00,580718.8125,0.013141058051660928
2023-03-20 02:00:00,580718.8125,0.013141058051660928
2023-03-20 03:00:00,580718.8125,0.013141058051660928
2023-03-20 04:00:00,580718.8125,0.013141058051660928
2023-03-20 05:00:00,580718.875,0.013141058051660928
2023-03-20 06:00:00,580718.875,0.013141058051660928
2023-03-20 07:00:00,580718.9375,0.013141058051660928
2023-03-20 08:00:00,580718.9375,0.013141058051660928
2023-03-20 09:00:00,580718.9375,0.013141058051660928
2023-03-20 10:00:00,580718.9375,0.013141058051660928
2023-03-20 11:00:00,580718.9375,0.013141058051660928
2023-03-20 12:00:00,580718.9375,0.013141058051660928
2023-03-20 13:00:00,580718.9375,0.013141058051660928
2023-03-20 14:00:00,580719.0625,0.013141058051660928
2023-03-20 15:00:00,580719.0625,0.013141058051660928
2023-03-20 16:00:00,580719.0625,0.013141058051660928
2023-03-20 17:00:00,580719.0625,0.013141058051660928
2023-03-20 18:00:00,580719.0625,0.013141058051660928
2023-03-20 19:00:00,580719.0625,0.013141058051660928
2023-03-20 20:00:00,580719.0625,0.013141058051660928
2023-03-20 21:00:00,580719.0625,0.013141058051660928
2023-03-20 22:00:00,580719.125,0.013141058051660928
2023-03-20 23:00:00,580719.125,0.013141058051660928
2023-03-21 00:00:00,580719.125,0.013141058051660928
2023-03-21 01:00:00,580719.1875,0.013141058051660928
2023-03-21 02:00:00,580719.1875,0.013141058051660928
2023-03-21 03:00:00,580719.1875,0.013141058051660928
2023-03-21 04:00:00,580719.1875,0.013141058051660928
2023-03-21 05:00:00,580719.1875,0.013141058051660928
2023-03-21 06:00:00,580719.25,0.013141058051660928
2023-03-21 07:00:00,580719.25,0.013141058051660928
2023-03-21 08:00:00,580719.25,0.013141058051660928
2023-03-21 09:00:00,580719.25,0.013141058051660928
2023-03-21 10:00:00,580719.3125,0.013141058051660928
2023-03-21 11:00:00,580719.3125,0.013141058051660928
2023-03-21 12:00:00,580719.3125,0.013141058051660928
2023-03-21 13:00:00,580719.3125,0.013141058051660928
2023-03-21 14:00:00,580719.3125,0.013141058051660928
2023-03-21 15:00:00,580719.3125,0.013141058051660928
2023-03-21 16:00:00,580719.3125,0.013141058051660928
2023-03-21 17:00:00,580719.3125,0.013141058051660928
2023-03-21 18:00:00,580719.375,0.013141058051660928
2023-03-21 19:00:00,580719.4375,0.013141058051660928
2023-03-21 20:00:00,580719.4375,0.013141058051660928
2023-03-21 21:00:00,580719.4375,0.013141058051660928
2023-03-21 22:00:00,580719.4375,0.013141058051660928
2023-03-21 23:00:00,580719.4375,0.013141058051660928
2023-03-22 00:00:00,580719.4375,0.013141058051660928
2023-03-22 01:00:00,580719.4375,0.013141058051660928
2023-03-22 02:00:00,580719.5625,0.013141058051660928
2023-03-22 03:00:00,580719.5625,0.013141058051660928
2023-03-22 04:00:00,580719.625,0.013141058051660928
2023-03-22 05:00:00,580719.625,0.013141058051660928
2023-03-22 06:00:00,580719.625,0.013141058051660928
2023-03-22 07:00:00,580719.625,0.013141058051660928
2023-03-22 08:00:00,580719.625,0.013141058051660928
2023-03-22 09:00:00,580719.625,0.013141058051660928
2023-03-22 10:00:00,580719.6875,0.013141058051660928
2023-03-22 11:00:00,580719.6875,0.013141058051660928
2023-03-22 12:00:00,580719.6875,0.013141058051660928
2023-03-22 13:00:00,580719.6875,0.013141058051660928
2023-03-22 14:00:00,580719.6875,0.013141058051660928
2023-03-22 15:00:00,580719.75,0.013141058051660928
2023-03-22 16:00:00,580719.75,0.013141058051660928
2023-03-22 17:00:00,580719.75,0.013141058051660928
2023-03-22 18:00:00,580719.75,0.013141058051660928
2023-03-22 19:00:00,580719.75,0.013141058051660928
2023-03-22 20:00:00,580719.75,0.013141058051660928
2023-03-22 21:00:00,580719.8125,0.013141058051660928
2023-03-22 22:00:00,580719.8125,0.013141058051660928
2023-03-22 23:00:00,580719.8125,0.013141058051660928
2023-03-23 00:00:00,580719.875,0.013141058051660928
2023-03-23 01:00:00,580719.875,0.013141058051660928
2023-03-23 02:00:00,580719.875,0.013141058051660928
2023-03-23 03:00:00,580719.875,0.013141058051660928
2023-03-23 04:00:00,580719.875,0.013141058051660928
2023-03-23 05:00:00,580719.875,0.013141058051660928
2023-03-23 06:00:00,580719.9375,0.013141058051660928
2023-03-23 07:00:00,580719.9375,0.013141058051660928
2023-03-23 08:00:00,580719.9375,0.013141058051660928
2023-03-23 09:00:00,580719.9375,0.013141058051660928
2023-03-23 10:00:00,580719.9375,0.013141058051660928
2023-03-23 11:00:00,580719.9375,0.013141058051660928
2023-03-23 12:00:00,580720.0,0.013141058051660928
2023-03-23 13:00:00,580720.0,0.013141058051660928
2023-03-23 14:00:00,580720.0625,0.013141058051660928
2023-03-23 15:00:00,580720.0625,0.013141058051660928
2023-03-23 16:00:00,580720.0625,0.013141058051660928
2023-03-23 17:00:00,580720.0625,0.013141058051660928
2023-03-23 18:00:00,580720.0625,0.013141058051660928
2023-03-23 19:00:00,580720.125,0.013141058051660928
2023-03-23 20:00:00,580720.125,0.013141058051660928
2023-03-23 21:00:00,580720.125,0.013141058051660928
2023-03-23 22:00:00,580720.125,0.013141058051660928
2023-03-23 23:00:00,580720.1875,0.013141058051660928
2023-03-24 00:00:00,580720.1875,0.013141058051660928
2023-03-24 01:00:00,580720.1875,0.013141058051660928
2023-03-24 02:00:00,580720.1875,0.013141058051660928
2023-03-24 03:00:00,580720.1875,0.013141058051660928
2023-03-24 04:00:00,580720.25,0.013141058051660928
2023-03-24 05:00:00,580720.25,0.013141058051660928
2023-03-24 06:00:00,580720.25,0.013141058051660928
2023-03-24 07:00:00,580720.25,0.013141058051660928
2023-03-24 08:00:00,580720.25,0.013141058051660928
2023-03-24 09:00:00,580720.25,0.013141058051660928
2023-03-24 10:00:00,580720.25,0.013141058051660928
2023-03-24 11:00:00,580720.3125,0.013141058051660928
2023-03-24 12:00:00,580720.3125,0.013141058051660928
2023-03-24 13:00:00,580720.3125,0.013141058051660928
2023-03-24 14:00:00,580720.3125,0.013141058051660928
2023-03-24 15:00:00,580720.375,0.013141058051660928
2023-03-24 16:00:00,580720.375,0.013141058051660928
2023-03-24 17:00:00,580720.375,0.013141058051660928
2023-03-24 18:00:00,580720.375,0.013141058051660928
2023-03-24 19:00:00,580720.375,0.013141058051660928
2023-03-24 20:00:00,580720.375,0.013141058051660928
2023-03-24 21:00:00,580720.375,0.013141058051660928
2023-03-24 22:00:00,580720.375,0.013141058051660928
2023-03-24 23:00:00,580720.4375,0.013141058051660928
2023-03-25 00:00:00,580720.5,0.013141058051660928
2023-03-25 01:00:00,580720.5,0.013141058051660928
2023-03-25 02:00:00,580720.5,0.013141058051660928
2023-03-25 03:00:00,580720.5,0.013141058051660928
2023-03-25 04:00:00,580720.5,0.013141058051660928
2023-03-25 05:00:00,580720.5,0.013141058051660928
2023-03-25 06:00:00,580720.5,0.013141058051660928
2023-03-25 07:00:00,580720.5625,0.013141058051660928
2023-03-25 08:00:00,580720.6875,0.013141058051660928
2023-03-25 09:00:00,580720.6875,0.013141058051660928
2023-03-25 10:00:00,580720.6875,0.013141058051660928
2023-03-25 11:00:00,580720.6875,0.013141058051660928
2023-03-25 12:00:00,580720.6875,0.013141058051660928
2023-03-25 13:00:00,580720.6875,0.013141058051660928
2023-03-25 14:00:00,580720.6875,0.013141058051660928
2023-03-25 15:00:00,580720.6875,0.013141058051660928
2023-03-25 16:00:00,580720.75,0.013141058051660928
2023-03-25 17:00:00,580720.75,0.013141058051660928
2023-03-25 18:00:00,580720.8125,0.013141058051660928
2023-03-25 19:00:00,580720.8125,0.013141058051660928
2023-03-25 20:00:00,580720.8125,0.013141058051660928
2023-03-25 21:00:00,580720.8125,0.013141058051660928
2023-03-25 22:00:00,580720.8125,0.013141058051660928
2023-03-25 23:00:00,580720.875,0.013141058051660928
2023-03-26 00:00:00,580720.875,0.013141058051660928
2023-03-26 01:00:00,580720.875,0.013141058051660928
2023-03-26 02:00:00,580720.875,0.013141058051660928
2023-03-26 03:00:00,580720.9375,0.013141058051660928
2023-03-26 04:00:00,580720.9375,0.013141058051660928
2023-03-26 05:00:00,580720.9375,0.013141058051660928
2023-03-26 06:00:00,580720.9375,0.013141058051660928
2023-03-26 07:00:00,580720.9375,0.013141058051660928
2023-03-26 08:00:00,580720.9375,0.013141058051660928
2023-03-26 09:00:00,580720.9375,0.013141058051660928
2023-03-26 10:00:00,580721.0,0.013141058051660928
2023-03-26 11:00:00,580721.0625,0.013141058051660928
2023-03-26 12:00:00,580721.0625,0.013141058051660928
2023-03-26 13:00:00,580721.0625,0.013141058051660928
2023-03-26 14:00:00,580721.0625,0.013141058051660928
2023-03-26 15:00:00,580721.0625,0.013141058051660928
2023-03-26 16:00:00,580721.0625,0.013141058051660928
2023-03-26 17:00:00,580721.0625,0.013141058051660928
2023-03-26 18:00:00,580721.125,0.013141058051660928
2023-03-26 19:00:00,580721.125,0.013141058051660928
2023-03-26 20:00:00,580721.125,0.013141058051660928
2023-03-26 21:00:00,580721.1875,0.013141058051660928
2023-03-26 22:00:00,580721.1875,0.013141058051660928
2023-03-26 23:00:00,580721.1875,0.013141058051660928
2023-03-27 00:00:00,580721.1875,0.013141058051660928
2023-03-27 01:00:00,580721.1875,0.013141058051660928
2023-03-27 02:00:00,580721.1875,0.013141058051660928
2023-03-27 03:00:00,580721.25,0.013141058051660928
2023-03-27 04:00:00,580721.25,0.013141058051660928
2023-03-27 05:00:00,580721.25,0.013141058051660928
2023-03-27 06:00:00,580721.25,0.013141058051660928
2023-03-27 07:00:00,580721.25,0.013141058051660928
2023-03-27 08:00:00,580721.3125,0.013141058051660928
2023-03-27 09:00:00,580721.3125,0.013141058051660928
2023-03-27 10:00:00,580721.3125,0.013141058051660928
2023-03-27 11:00:00,580721.3125,0.013141058051660928
2023-03-27 12:00:00,580721.3125,0.013141058051660928
2023-03-27 13:00:00,580721.375,0.013141058051660928
2023-03-27 14:00:00,580721.375,0.013141058051660928
2023-03-27 15:00:00,580721.4375,0.013141058051660928
2023-03-27 16:00:00,580721.4375,0.013141058051660928
2023-03-27 17:00:00,580721.4375,0.013141058051660928
2023-03-27 18:00:00,580721.4375,0.013141058051660928
2023-03-27 19:00:00,580721.4375,0.013141058051660928
2023-03-27 20:00:00,580721.4375,0.013141058051660928
2023-03-27 21:00:00,580721.4375,0.013141058051660928
2023-03-27 22:00:00,580721.5,0.013141058051660928
2023-03-27 23:00:00,580721.5,0.013141058051660928
2023-03-28 00:00:00,580721.5,0.013141058051660928
2023-03-28 01:00:00,580721.5625,0.013141058051660928
2023-03-28 02:00:00,580721.5625,0.013141058051660928
2023-03-28 03:00:00,580721.5625,0.013141058051660928
2023-03-28 04:00:00,580721.625,0.013141058051660928
2023-03-28 05:00:00,580721.625,0.013141058051660928
2023-03-28 06:00:00,580721.625,0.013141058051660928
2023-03-28 07:00:00,580721.625,0.013141058051660928
2023-03-28 08:00:00,580721.625,0.013141058051660928
2023-03-28 09:00:00,580721.625,0.013141058051660928
2023-03-28 10:00:00,580721.6875,0.013141058051660928
2023-03-28 11:00:00,580721.6875,0.013141058051660928
2023-03-28 12:00:00,580721.6875,0.013141058051660928
2023-03-28 13:00:00,580721.6875,0.013141058051660928
2023-03-28 14:00:00,580721.8125,0.013141058051660928
2023-03-28 15:00:00,580721.8125,0.013141058051660928
2023-03-28 16:00:00,580721.8125,0.013141058051660928
2023-03-28 17:00:00,580721.8125,0.013141058051660928
2023-03-28 18:00:00,580721.8125,0.013141058051660928
2023-03-28 19:00:00,580721.875,0.013141058051660928
2023-03-28 20:00:00,580721.875,0.013141058051660928
2023-03-28 21:00:00,580721.875,0.013141058051660928
2023-03-28 22:00:00,580721.875,0.013141058051660928
2023-03-28 23:00:00,580721.875,0.013141058051660928
2023-03-29 00:00:00,580721.9375,0.013141058051660928
2023-03-29 01:00:00,580721.9375,0.013141058051660928
2023-03-29 02:00:00,580721.9375,0.013141058051660928
2023-03-29 03:00:00,580722.0,0.013141058051660928
2023-03-29 04:00:00,580722.0,0.013141058051660928
2023-03-29 05:00:00,580722.0,0.013141058051660928
2023-03-29 06:00:00,580722.0,0.013141058051660928
2023-03-29 07:00:00,580722.0,0.013141058051660928
2023-03-29 08:00:00,580722.0,0.013141058051660928
2023-03-29 09:00:00,580722.0,0.013141058051660928
2023-03-29 10:00:00,580722.0,0.013141058051660928
2023-03-29 11:00:00,580722.0625,0.013141058051660928
2023-03-29 12:00:00,580722.0625,0.013141058051660928
2023-03-29 13:00:00,580722.125,0.013141058051660928
2023-03-29 14:00:00,580722.125,0.013141058051660928
2023-03-29 15:00:00,580722.125,0.013141058051660928
2023-03-29 16:00:00,580722.125,0.013141058051660928
2023-03-29 17:00:00,580722.125,0.013141058051660928
2023-03-29 18:00:00,580722.125,0.013141058051660928
2023-03-29 19:00:00,580722.1875,0.013141058051660928
2023-03-29 20:00:00,580722.1875,0.013141058051660928
2023-03-29 21:00:00,580722.1875,0.013141058051660928
2023-03-29 22:00:00,580722.25,0.013141058051660928
2023-03-29 23:00:00,580722.25,0.013141058051660928
2023-03-30 00:00:00,580722.25,0.013141058051660928
2023-03-30 01:00:00,580722.25,0.013141058051660928
2023-03-30 02:00:00,580722.25,0.013141058051660928
2023-03-30 03:00:00,580722.25,0.013141058051660928
2023-03-30 04:00:00,580722.25,0.013141058051660928
2023-03-30 05:00:00,580722.3125,0.013141058051660928
2023-03-30 06:00:00,580722.3125,0.013141058051660928
2023-03-30 07:00:00,580722.3125,0.013141058051660928
2023-03-30 08:00:00,580722.375,0.013141058051660928
2023-03-30 09:00:00,580722.375,0.013141058051660928
2023-03-30 10:00:00,580722.375,0.013141058051660928
2023-03-30 11:00:00,580722.375,0.013141058051660928
2023-03-30 12:00:00,580722.4375,0.013141058051660928
2023-03-30 13:00:00,580722.4375,0.013141058051660928
2023-03-30 14:00:00,580722.4375,0.013141058051660928
2023-03-30 15:00:00,580722.4375,0.013141058051660928
2023-03-30 16:00:00,580722.5,0.013141058051660928
2023-03-30 17:00:00,580722.5,0.013141058051660928
2023-03-30 18:00:00,580722.5,0.013141058051660928
2023-03-30 19:00:00,580722.5,0.013141058051660928
2023-03-30 20:00:00,580722.5,0.013141058051660928
2023-03-30 21:00:00,580722.5,0.013141058051660928
2023-03-30 22:00:00,580722.5,0.013141058051660928
2023-03-30 23:00:00,580722.5625,0.013141058051660928
2023-03-31 00:00:00,580722.5625,0.013141058051660928
2023-03-31 01:00:00,580722.625,0.013141058051660928
2023-03-31 02:00:00,580722.625,0.013141058051660928
2023-03-31 03:00:00,580722.625,0.013141058051660928
2023-03-31 04:00:00,580722.625,0.013141058051660928
2023-03-31 05:00:00,580722.625,0.013141058051660928
2023-03-31 06:00:00,580722.625,0.013141058051660928
2023-03-31 07:00:00,580722.625,0.013141058051660928
2023-03-31 08:00:00,580722.6875,0.013141058051660928
2023-03-31 09:00:00,580722.6875,0.013141058051660928
2023-03-31 10:00:00,580722.6875,0.013141058051660928
2023-03-31 11:00:00,580722.75,0.013141058051660928
2023-03-31 12:00:00,580722.75,0.013141058051660928
2023-03-31 13:00:00,580722.75,0.013141058051660928
2023-03-31 14:00:00,580722.75,0.013141058051660928
2023-03-31 15:00:00,580722.75,0.013141058051660928
2023-03-31 16:00:00,580722.8125,0.013141058051660928
2023-03-31 17:00:00,580722.8125,0.013141058051660928
2023-03-31 18:00:00,580722.8125,0.013141058051660928
2023-03-31 19:00:00,580722.8125,0.013141058051660928
2023-03-31 20:00:00,580722.8125,0.013141058051660928
2023-03-31 21:00:00,580722.9375,0.013141058051660928
2023-03-31 22:00:00,580722.9375,0.013141058051660928
2023-03-31 23:00:00,580722.9375,0.013141058051660928
2023-04-01 00:00:00,580722.9375,0.013141058051660928
2023-04-01 01:00:00,580722.9375,0.013141058051660928
2023-04-01 02:00:00,580723.0,0.013141058051660928
2023-04-01 03:00:00,580723.0,0.013141058051660928
2023-04-01 04:00:00,580723.0,0.013141058051660928
2023-04-01 05:00:00,580723.0625,0.013141058051660928
2023-04-01 06:00:00,580723.0625,0.013141058051660928
2023-04-01 07:00:00,580723.0625,0.013141058051660928
2023-04-01 08:00:00,580723.0625,0.013141058051660928
2023-04-01 09:00:00,580723.0625,0.013141058051660928
2023-04-01 10:00:00,580723.0625,0.013141058051660928
2023-04-01 11:00:00,580723.125,0.013141058051660928
2023-04-01 12:00:00,580723.125,0.013141058051660928
2023-04-01 13:00:00,580723.125,0.013141058051660928
2023-04-01 14:00:00,580723.125,0.013141058051660928
2023-04-01 15:00:00,580723.125,0.013141058051660928
2023-04-01 16:00:00,580723.1875,0.013141058051660928
2023-04-01 17:00:00,580723.1875,0.013141058051660928
2023-04-01 18:00:00,580723.25,0.013141058051660928
2023-04-01 19:00:00,580723.25,0.013141058051660928
2023-04-01 20:00:00,580723.25,0.013141058051660928
2023-04-01 21:00:00,580723.25,0.013141058051660928
2023-04-01 22:00:00,580723.25,0.013141058051660928
2023-04-01 23:00:00,580723.3125,0.013141058051660928
2023-04-02 00:00:00,580723.3125,0.013141058051660928
2023-04-02 01:00:00,580723.3125,0.013141058051660928
2023-04-02 02:00:00,580723.3125,0.013141058051660928
2023-04-02 03:00:00,580723.3125,0.013141058051660928
2023-04-02 04:00:00,580723.375,0.013141058051660928
2023-04-02 05:00:00,580723.375,0.013141058051660928
2023-04-02 06:00:00,580723.375,0.013141058051660928
2023-04-02 07:00:00,580723.4375,0.013141058051660928
2023-04-02 08:00:00,580723.4375,0.013141058051660928
2023-04-02 09:00:00,580723.4375,0.013141058051660928
2023-04-02 10:00:00,580723.4375,0.013141058051660928
2023-04-02 11:00:00,580723.4375,0.013141058051660928
2023-04-02 12:00:00,580723.4375,0.013141058051660928
2023-04-02 13:00:00,580723.4375,0.013141058051660928
2023-04-02 14:00:00,580723.5,0.013141058051660928
2023-04-02 15:00:00,580723.5,0.013141058051660928
2023-04-02 16:00:00,580723.5,0.013141058051660928
2023-04-02 17:00:00,580723.5,0.013141058051660928
2023-04-02 18:00:00,580723.5625,0.013141058051660928
2023-04-02 19:00:00,580723.5625,0.013141058051660928
2023-04-02 20:00:00,580723.5625,0.013141058051660928
2023-04-02 21:00:00,580723.5625,0.013141058051660928
2023-04-02 22:00:00,580723.5625,0.013141058051660928
2023-04-02 23:00:00,580723.5625,0.013141058051660928
2023-04-03 00:00:00,580723.5625,0.013141058051660928
2023-04-03 01:00:00,580723.625,0.013141058051660928
2023-04-03 02:00:00,580723.625,0.013141058051660928
2023-04-03 03:00:00,580723.6875,0.013141058051660928
2023-04-03 04:00:00,580723.6875,0.013141058051660928
2023-04-03 05:00:00,580723.6875,0.013141058051660928
2023-04-03 06:00:00,580723.6875,0.013141058051660928
2023-04-03 07:00:00,580723.6875,0.013141058051660928
2023-04-03 08:00:00,580723.6875,0.013141058051660928
2023-04-03 09:00:00,580723.6875,0.013141058051660928
2023-04-03 10:00:00,580723.75,0.013141058051660928
2023-04-03 11:00:00,580723.8125,0.013141058051660928
2023-04-03 12:00:00,580723.8125,0.013141058051660928
2023-04-03 13:00:00,580723.8125,0.013141058051660928
2023-04-03 14:00:00,580723.8125,0.013141058051660928
2023-04-03 15:00:00,580723.8125,0.013141058051660928
2023-04-03 16:00:00,580723.8125,0.013141058051660928
2023-04-03 17:00:00,580723.8125,0.013141058051660928
2023-04-03 18:00:00,580723.8125,0.013141058051660928
2023-04-03 19:00:00,580723.875,0.013141058051660928
2023-04-03 20:00:00,580723.9375,0.013141058051660928
2023-04-03 21:00:00,580723.9375,0.013141058051660928
2023-04-03 22:00:00,580723.9375,0.013141058051660928
2023-04-03 23:00:00,580723.9375,0.013141058051660928
2023-04-04 00:00:00,580723.9375,0.013141058051660928
2023-04-04 01:00:00,580723.9375,0.013141058051660928
2023-04-04 02:00:00,580724.0625,0.013141058051660928
2023-04-04 03:00:00,580724.0625,0.013141058051660928
2023-04-04 04:00:00,580724.0625,0.013141058051660928
2023-04-04 05:00:00,580724.0625,0.013141058051660928
2023-04-04 06:00:00,580724.125,0.013141058051660928
2023-04-04 07:00:00,580724.125,0.013141058051660928
2023-04-04 08:00:00,580724.125,0.013141058051660928
2023-04-04 09:00:00,580724.125,0.013141058051660928
2023-04-04 10:00:00,580724.125,0.013141058051660928
2023-04-04 11:00:00,580724.125,0.013141058051660928
2023-04-04 12:00:00,580724.25,0.013141058051660928
2023-04-04 13:00:00,580724.25,0.013141058051660928
2023-04-04 14:00:00,580724.25,0.013141058051660928
2023-04-04 15:00:00,580724.25,0.013141058051660928
2023-04-04 16:00:00,580724.25,0.013141058051660928
2023-04-04 17:00:00,580724.25,0.013141058051660928
2023-04-04 18:00:00,580724.25,0.013141058051660928
2023-04-04 19:00:00,580724.3125,0.013141058051660928
2023-04-04 20:00:00,580724.3125,0.013141058051660928
2023-04-04 21:00:00,580724.3125,0.013141058051660928
2023-04-04 22:00:00,580724.3125,0.013141058051660928
2023-04-04 23:00:00,580724.375,0.013141058051660928
2023-04-05 00:00:00,580724.375,0.013141058051660928
2023-04-05 01:00:00,580724.375,0.013141058051660928
2023-04-05 02:00:00,580724.375,0.013141058051660928
2023-04-05 03:00:00,580724.4375,0.013141058051660928
2023-04-05 04:00:00,580724.4375,0.013141058051660928
2023-04-05 05:00:00,580724.4375,0.013141058051660928
2023-04-05 06:00:00,580724.4375,0.013141058051660928
2023-04-05 07:00:00,580724.4375,0.013141058051660928
2023-04-05 08:00:00,580724.5,0.013141058051660928
2023-04-05 09:00:00,580724.5,0.013141058051660928
2023-04-05 10:00:00,580724.5,0.013141058051660928
2023-04-05 11:00:00,580724.5,0.013141058051660928
2023-04-05 12:00:00,580724.5,0.013141058051660928
2023-04-05 13:00:00,580724.5625,0.013141058051660928
2023-04-05 14:00:00,580724.5625,0.013141058051660928
2023-04-05 15:00:00,580724.625,0.013141058051660928
2023-04-05 16:00:00,580724.625,0.013141058051660928
2023-04-05 17:00:00,580724.625,0.013141058051660928
2023-04-05 18:00:00,580724.625,0.013141058051660928
2023-04-05 19:00:00,580724.625,0.013141058051660928
2023-04-05 20:00:00,580724.625,0.013141058051660928
2023-04-05 21:00:00,580724.6875,0.013141058051660928
2023-04-05 22:00:00,580724.6875,0.013141058051660928
2023-04-05 23:00:00,580724.6875,0.013141058051660928
2023-04-06 00:00:00,580724.6875,0.013141058051660928
2023-04-06 01:00:00,580724.75,0.013141058051660928
2023-04-06 02:00:00,580724.75,0.013141058051660928
2023-04-06 03:00:00,580724.75,0.013141058051660928
2023-04-06 04:00:00,580724.8125,0.013141058051660928
2023-04-06 05:00:00,580724.8125,0.013141058051660928
2023-04-06 06:00:00,580724.8125,0.013141058051660928
2023-04-06 07:00:00,580724.8125,0.013141058051660928
2023-04-06 08:00:00,580724.8125,0.013141058051660928
2023-04-06 09:00:00,580724.875,0.013141058051660928
2023-04-06 10:00:00,580724.875,0.013141058051660928
2023-04-06 11:00:00,580724.875,0.013141058051660928
2023-04-06 12:00:00,580724.875,0.013141058051660928
2023-04-06 13:00:00,580724.9375,0.013141058051660928
2023-04-06 14:00:00,580724.9375,0.013141058051660928
2023-04-06 15:00:00,580724.9375,0.013141058051660928
2023-04-06 16:00:00,580725.0,0.013141058051660928
2023-04-06 17:00:00,580724.9375,0.013141058051660928
2023-04-06 18:00:00,580725.0,0.013141058051660928
2023-04-06 19:00:00,580725.0,0.013141058051660928
2023-04-06 20:00:00,580725.0,0.013141058051660928
2023-04-06 21:00:00,580725.0,0.013141058051660928
2023-04-06 22:00:00,580725.0,0.013141058051660928
2023-04-06 23:00:00,580725.0625,0.013141058051660928
2023-04-07 00:00:00,580725.0625,0.013141058051660928
2023-04-07 01:00:00,580725.0625,0.013141058051660928
2023-04-07 02:00:00,580725.1875,0.013141058051660928
2023-04-07 03:00:00,580725.1875,0.013141058051660928
2023-04-07 04:00:00,580725.1875,0.013141058051660928
2023-04-07 05:00:00,580725.1875,0.013141058051660928
2023-04-07 06:00:00,580725.1875,0.013141058051660928
2023-04-07 07:00:00,580725.1875,0.013141058051660928
2023-04-07 08:00:00,580725.1875,0.013141058051660928
2023-04-07 09:00:00,580725.25,0.013141058051660928
2023-04-07 10:00:00,580725.25,0.013141058051660928
2023-04-07 11:00:00,580725.3125,0.013141058051660928
2023-04-07 12:00:00,580725.3125,0.013141058051660928
2023-04-07 13:00:00,580725.3125,0.013141058051660928
2023-04-07 14:00:00,580725.3125,0.013141058051660928
2023-04-07 15:00:00,580725.3125,0.013141058051660928
2023-04-07 16:00:00,580725.3125,0.013141058051660928
2023-04-07 17:00:00,580725.375,0.013141058051660928
2023-04-07 18:00:00,580725.375,0.013141058051660928
2023-04-07 19:00:00,580725.4375,0.013141058051660928
2023-04-07 20:00:00,580725.4375,0.013141058051660928
2023-04-07 21:00:00,580725.4375,0.013141058051660928
2023-04-07 22:00:00,580725.4375,0.013141058051660928
2023-04-07 23:00:00,580725.4375,0.013141058051660928
2023-04-08 00:00:00,580725.4375,0.013141058051660928
2023-04-08 01:00:00,580725.4375,0.013141058051660928
2023-04-08 02:00:00,580725.5,0.013141058051660928
2023-04-08 03:00:00,580725.5625,0.013141058051660928
2023-04-08 04:00:00,580725.5625,0.013141058051660928
2023-04-08 05:00:00,580725.5625,0.013141058051660928
2023-04-08 06:00:00,580725.5625,0.013141058051660928
2023-04-08 07:00:00,580725.5625,0.013141058051660928
2023-04-08 08:00:00,580725.5625,0.013141058051660928
2023-04-08 09:00:00,580725.625,0.013141058051660928
2023-04-08 10:00:00,580725.625,0.013141058051660928
2023-04-08 11:00:00,580725.6875,0.013141058051660928
2023-04-08 12:00:00,580725.6875,0.013141058051660928
2023-04-08 13:00:00,580725.6875,0.013141058051660928
2023-04-08 14:00:00,580725.6875,0.013141058051660928
2023-04-08 15:00:00,580725.6875,0.013141058051660928
2023-04-08 16:00:00,580725.6875,0.013141058051660928
2023-04-08 17:00:00,580725.6875,0.013141058051660928
2023-04-08 18:00:00,580725.6875,0.013141058051660928
2023-04-08 19:00:00,580725.75,0.013141058051660928
2023-04-08 20:00:00,580725.8125,0.013141058051660928
2023-04-08 21:00:00,580725.8125,0.013141058051660928
2023-04-08 22:00:00,580725.8125,0.013141058051660928
2023-04-08 23:00:00,580725.8125,0.013141058051660928
2023-04-09 00:00:00,580725.8125,0.013141058051660928
2023-04-09 01:00:00,580725.8125,0.013141058051660928
2023-04-09 02:00:00,580725.875,0.013141058051660928
2023-04-09 03:00:00,580725.875,0.013141058051660928
2023-04-09 04:00:00,580725.875,0.013141058051660928
2023-04-09 05:00:00,580725.9375,0.013141058051660928
2023-04-09 06:00:00,580725.9375,0.013141058051660928
2023-04-09 07:00:00,580725.9375,0.013141058051660928
2023-04-09 08:00:00,580725.9375,0.013141058051660928
2023-04-09 09:00:00,580725.9375,0.013141058051660928
2023-04-09 10:00:00,580725.9375,0.013141058051660928
2023-04-09 11:00:00,580726.0,0.013141058051660928
2023-04-09 12:00:00,580726.0,0.013141058051660928
2023-04-09 13:00:00,580726.0625,0.013141058051660928
2023-04-09 14:00:00,580726.0625,0.013141058051660928
2023-04-09 15:00:00,580726.0625,0.013141058051660928
2023-04-09 16:00:00,580726.0625,0.013141058051660928
2023-04-09 17:00:00,580726.0625,0.013141058051660928
2023-04-09 18:00:00,580726.125,0.013141058051660928
2023-04-09 19:00:00,580726.125,0.013141058051660928
2023-04-09 20:00:00,580726.125,0.013141058051660928
2023-04-09 21:00:00,580726.125,0.013141058051660928
2023-04-09 22:00:00,580726.125,0.013141058051660928
2023-04-09 23:00:00,580726.25,0.013141058051660928
2023-04-10 00:00:00,580726.25,0.013141058051660928
2023-04-10 01:00:00,580726.25,0.013141058051660928
2023-04-10 02:00:00,580726.25,0.013141058051660928
2023-04-10 03:00:00,580726.25,0.013141058051660928
2023-04-10 04:00:00,580726.25,0.013141058051660928
2023-04-10 05:00:00,580726.25,0.013141058051660928
2023-04-10 06:00:00,580726.3125,0.013141058051660928
2023-04-10 07:00:00,580726.3125,0.013141058051660928
2023-04-10 08:00:00,580726.3125,0.013141058051660928
2023-04-10 09:00:00,580726.3125,0.013141058051660928
2023-04-10 10:00:00,580726.3125,0.013141058051660928
2023-04-10 11:00:00,580726.375,0.013141058051660928
2023-04-10 12:00:00,580726.4375,0.013141058051660928
2023-04-10 13:00:00,580726.375,0.013141058051660928
2023-04-10 14:00:00,580726.4375,0.013141058051660928
2023-04-10 15:00:00,580726.4375,0.013141058051660928
2023-04-10 16:00:00,580726.4375,0.013141058051660928
2023-04-10 17:00:00,580726.4375,0.013141058051660928
2023-04-10 18:00:00,580726.5,0.013141058051660928
2023-04-10 19:00:00,580726.5,0.013141058051660928
2023-04-10 20:00:00,580726.5,0.013141058051660928
2023-04-10 21:00:00,580726.5,0.013141058051660928
2023-04-10 22:00:00,580726.5625,0.013141058051660928
2023-04-10 23:00:00,580726.5625,0.013141058051660928
2023-04-11 00:00:00,580726.5625,0.013141058051660928
2023-04-11 01:00:00,580726.5625,0.013141058051660928
2023-04-11 02:00:00,580726.625,0.013141058051660928
2023-04-11 03:00:00,580726.625,0.013141058051660928
2023-04-11 04:00:00,580726.625,0.013141058051660928
2023-04-11 05:00:00,580726.625,0.013141058051660928
2023-04-11 06:00:00,580726.625,0.013141058051660928
2023-04-11 07:00:00,580726.6875,0.013141058051660928
2023-04-11 08:00:00,580726.6875,0.013141058051660928
2023-04-11 09:00:00,580726.6875,0.013141058051660928
2023-04-11 10:00:00,580726.6875,0.013141058051660928
2023-04-11 11:00:00,580726.75,0.013141058051660928
2023-04-11 12:00:00,580726.75,0.013141058051660928
2023-04-11 13:00:00,580726.75,0.013141058051660928
2023-04-11 14:00:00,580726.75,0.013141058051660928
2023-04-11 15:00:00,580726.75,0.013141058051660928
2023-04-11 16:00:00,580726.75,0.013141058051660928
2023-04-11 17:00:00,580726.8125,0.013141058051660928
2023-04-11 18:00:00,580726.8125,0.013141058051660928
2023-04-11 19:00:00,580726.875,0.013141058051660928
2023-04-11 20:00:00,580726.875,0.013141058051660928
2023-04-11 21:00:00,580726.875,0.013141058051660928
2023-04-11 22:00:00,580726.875,0.013141058051660928
2023-04-11 23:00:00,580726.875,0.013141058051660928
2023-04-12 00:00:00,580726.875,0.013141058051660928
2023-04-12 01:00:00,580726.9375,0.013141058051660928
2023-04-12 02:00:00,580726.9375,0.013141058051660928
2023-04-12 03:00:00,580727.0,0.013141058051660928
2023-04-12 04:00:00,580727.0,0.013141058051660928
2023-04-12 05:00:00,580727.0,0.013141058051660928
2023-04-12 06:00:00,580727.0,0.013141058051660928
2023-04-12 07:00:00,580727.0,0.013141058051660928
2023-04-12 08:00:00,580727.0,0.013141058051660928
2023-04-12 09:00:00,580727.0,0.013141058051660928
2023-04-12 10:00:00,580727.0625,0.013141058051660928
2023-04-12 11:00:00,580727.125,0.013141058051660928
2023-04-12 12:00:00,580727.125,0.013141058051660928
2023-04-12 13:00:00,580727.125,0.013141058051660928
2023-04-12 14:00:00,580727.125,0.013141058051660928
2023-04-12 15:00:00,580727.125,0.013141058051660928
2023-04-12 16:00:00,580727.125,0.013141058051660928
2023-04-12 17:00:00,580727.1875,0.013141058051660928
2023-04-12 18:00:00,580727.1875,0.013141058051660928
2023-04-12 19:00:00,580727.1875,0.013141058051660928
2023-04-12 20:00:00,580727.1875,0.013141058051660928
2023-04-12 21:00:00,580727.25,0.013141058051660928
2023-04-12 22:00:00,580727.25,0.013141058051660928
2023-04-12 23:00:00,580727.25,0.013141058051660928
2023-04-13 00:00:00,580727.25,0.013141058051660928
2023-04-13 01:00:00,580727.25,0.013141058051660928
2023-04-13 02:00:00,580727.25,0.013141058051660928
2023-04-13 03:00:00,580727.25,0.013141058051660928
2023-04-13 04:00:00,580727.25,0.013141058051660928
2023-04-13 05:00:00,580727.375,0.013141058051660928
2023-04-13 06:00:00,580727.4375,0.013141058051660928
2023-04-13 07:00:00,580727.4375,0.013141058051660928
2023-04-13 08:00:00,580727.4375,0.013141058051660928
2023-04-13 09:00:00,580727.4375,0.013141058051660928
2023-04-13 10:00:00,580727.4375,0.013141058051660928
2023-04-13 11:00:00,580727.4375,0.013141058051660928
2023-04-13 12:00:00,580727.5,0.013141058051660928
2023-04-13 13:00:00,580727.5,0.013141058051660928
2023-04-13 14:00:00,580727.5,0.013141058051660928
2023-04-13 15:00:00,580727.5625,0.013141058051660928
2023-04-13 16:00:00,580727.5625,0.013141058051660928
2023-04-13 17:00:00,580727.5625,0.013141058051660928
2023-04-13 18:00:00,580727.5625,0.013141058051660928
2023-04-13 19:00:00,580727.625,0.013141058051660928
2023-04-13 20:00:00,580727.625,0.013141058051660928
2023-04-13 21:00:00,580727.625,0.013141058051660928
2023-04-13 22:00:00,580727.625,0.013141058051660928
2023-04-13 23:00:00,580727.625,0.013141058051660928
2023-04-14 00:00:00,580727.625,0.013141058051660928
2023-04-14 01:00:00,580727.6875,0.013141058051660928
2023-04-14 02:00:00,580727.6875,0.013141058051660928
2023-04-14 03:00:00,580727.6875,0.013141058051660928
2023-04-14 04:00:00,580727.6875,0.013141058051660928
2023-04-14 05:00:00,580727.6875,0.013141058051660928
2023-04-14 06:00:00,580727.75,0.013141058051660928
2023-04-14 07:00:00,580727.75,0.013141058051660928
2023-04-14 08:00:00,580727.8125,0.013141058051660928
2023-04-14 09:00:00,580727.8125,0.013141058051660928
2023-04-14 10:00:00,580727.8125,0.013141058051660928
2023-04-14 11:00:00,580727.8125,0.013141058051660928
2023-04-14 12:00:00,580727.8125,0.013141058051660928
2023-04-14 13:00:00,580727.875,0.013141058051660928
2023-04-14 14:00:00,580727.875,0.013141058051660928
2023-04-14 15:00:00,580727.875,0.013141058051660928
2023-04-14 16:00:00,580727.875,0.013141058051660928
2023-04-14 17:00:00,580727.875,0.013141058051660928
2023-04-14 18:00:00,580727.875,0.013141058051660928
2023-04-14 19:00:00,580727.9375,0.013141058051660928
2023-04-14 20:00:00,580727.9375,0.013141058051660928
2023-04-14 21:00:00,580728.0,0.013141058051660928
2023-04-14 22:00:00,580728.0,0.013141058051660928
2023-04-14 23:00:00,580728.0,0.013141058051660928
2023-04-15 00:00:00,580728.0,0.013141058051660928
2023-04-15 01:00:00,580728.0625,0.013141058051660928
2023-04-15 02:00:00,580728.0625,0.013141058051660928
2023-04-15 03:00:00,580728.0625,0.013141058051660928
2023-04-15 04:00:00,580728.0625,0.013141058051660928
2023-04-15 05:00:00,580728.125,0.013141058051660928
2023-04-15 06:00:00,580728.125,0.013141058051660928
2023-04-15 07:00:00,580728.125,0.013141058051660928
2023-04-15 08:00:00,580728.1875,0.013141058051660928
2023-04-15 09:00:00,580728.1875,0.013141058051660928
2023-04-15 10:00:00,580728.1875,0.013141058051660928
2023-04-15 11:00:00,580728.1875,0.013141058051660928
2023-04-15 12:00:00,580728.1875,0.013141058051660928
2023-04-15 13:00:00,580728.1875,0.013141058051660928
2023-04-15 14:00:00,580728.25,0.013141058051660928
2023-04-15 15:00:00,580728.25,0.013141058051660928
2023-04-15 16:00:00,580728.25,0.013141058051660928
2023-04-15 17:00:00,580728.25,0.013141058051660928
2023-04-15 18:00:00,580728.3125,0.013141058051660928
2023-04-15 19:00:00,580728.3125,0.013141058051660928
2023-04-15 20:00:00,580728.3125,0.013141058051660928
2023-04-15 21:00:00,580728.3125,0.013141058051660928
2023-04-15 22:00:00,580728.3125,0.013141058051660928
2023-04-15 23:00:00,580728.3125,0.013141058051660928
2023-04-16 00:00:00,580728.3125,0.013141058051660928
2023-04-16 01:00:00,580728.375,0.013141058051660928
2023-04-16 02:00:00,580728.5,0.013141058051660928
2023-04-16 03:00:00,580728.5,0.013141058051660928
2023-04-16 04:00:00,580728.5,0.013141058051660928
2023-04-16 05:00:00,580728.5,0.013141058051660928
2023-04-16 06:00:00,580728.5,0.013141058051660928
2023-04-16 07:00:00,580728.5,0.013141058051660928
2023-04-16 08:00:00,580728.5,0.013141058051660928
2023-04-16 09:00:00,580728.5625,0.013141058051660928
2023-04-16 10:00:00,580728.625,0.013141058051660928
2023-04-16 11:00:00,580728.625,0.013141058051660928
2023-04-16 12:00:00,580728.625,0.013141058051660928
2023-04-16 13:00:00,580728.625,0.013141058051660928
2023-04-16 14:00:00,580728.625,0.013141058051660928
2023-04-16 15:00:00,580728.625,0.013141058051660928
2023-04-16 16:00:00,580728.625,0.013141058051660928
2023-04-16 17:00:00,580728.625,0.013141058051660928
2023-04-16 18:00:00,580728.6875,0.013141058051660928
2023-04-16 19:00:00,580728.75,0.013141058051660928
2023-04-16 20:00:00,580728.75,0.013141058051660928
2023-04-16 21:00:00,580728.75,0.013141058051660928
2023-04-16 22:00:00,580728.75,0.013141058051660928
2023-04-16 23:00:00,580728.75,0.013141058051660928
2023-04-17 00:00:00,580728.8125,0.013141058051660928
2023-04-17 01:00:00,580728.8125,0.013141058051660928
2023-04-17 02:00:00,580728.875,0.013141058051660928
2023-04-17 03:00:00,580728.875,0.013141058051660928
2023-04-17 04:00:00,580728.875,0.013141058051660928
2023-04-17 05:00:00,580728.875,0.013141058051660928
2023-04-17 06:00:00,580728.875,0.013141058051660928
2023-04-17 07:00:00,580728.875,0.013141058051660928
2023-04-17 08:00:00,580728.875,0.013141058051660928
2023-04-17 09:00:00,580728.875,0.013141058051660928
2023-04-17 10:00:00,580728.9375,0.013141058051660928
2023-04-17 11:00:00,580729.0,0.013141058051660928
2023-04-17 12:00:00,580729.0,0.013141058051660928
2023-04-17 13:00:00,580729.0,0.013141058051660928
2023-04-17 14:00:00,580729.0,0.013141058051660928
2023-04-17 15:00:00,580729.0,0.013141058051660928
2023-04-17 16:00:00,580729.0,0.013141058051660928
2023-04-17 17:00:00,580729.0,0.013141058051660928
2023-04-17 18:00:00,580729.0625,0.013141058051660928
2023-04-17 19:00:00,580729.0625,0.013141058051660928
2023-04-17 20:00:00,580729.0625,0.013141058051660928
2023-04-17 21:00:00,580729.125,0.013141058051660928
2023-04-17 22:00:00,580729.125,0.013141058051660928
2023-04-17 23:00:00,580729.125,0.013141058051660928
2023-04-18 00:00:00,580729.125,0.013141058051660928
2023-04-18 01:00:00,580729.125,0.013141058051660928
2023-04-18 02:00:00,580729.1875,0.013141058051660928
2023-04-18 03:00:00,580729.1875,0.013141058051660928
2023-04-18 04:00:00,580729.1875,0.013141058051660928
2023-04-18 05:00:00,580729.1875,0.013141058051660928
2023-04-18 06:00:00,580729.1875,0.013141058051660928
2023-04-18 07:00:00,580729.25,0.013141058051660928
2023-04-18 08:00:00,580729.25,0.013141058051660928
2023-04-18 09:00:00,580729.25,0.013141058051660928
2023-04-18 10:00:00,580729.25,0.013141058051660928
2023-04-18 11:00:00,580729.25,0.013141058051660928
2023-04-18 12:00:00,580729.3125,0.013141058051660928
2023-04-18 13:00:00,580729.3125,0.013141058051660928
2023-04-18 14:00:00,580729.375,0.013141058051660928
2023-04-18 15:00:00,580729.375,0.013141058051660928
2023-04-18 16:00:00,580729.375,0.013141058051660928
2023-04-18 17:00:00,580729.375,0.013141058051660928
2023-04-18 18:00:00,580729.375,0.013141058051660928
2023-04-18 19:00:00,580729.375,0.013141058051660928
2023-04-18 20:00:00,580729.4375,0.013141058051660928
2023-04-18 21:00:00,580729.4375,0.013141058051660928
2023-04-18 22:00:00,580729.4375,0.013141058051660928
2023-04-18 23:00:00,580729.4375,0.013141058051660928
2023-04-19 00:00:00,580729.5,0.013141058051660928
2023-04-19 01:00:00,580729.5,0.013141058051660928
2023-04-19 02:00:00,580729.625,0.013141058051660928
2023-04-19 03:00:00,580729.625,0.013141058051660928
2023-04-19 04:00:00,580729.625,0.013141058051660928
2023-04-19 05:00:00,580729.625,0.013141058051660928
2023-04-19 06:00:00,580729.6875,0.013141058051660928
2023-04-19 07:00:00,580729.6875,0.013141058051660928
2023-04-19 08:00:00,580729.6875,0.013141058051660928
2023-04-19 09:00:00,580729.6875,0.013141058051660928
2023-04-19 10:00:00,580729.6875,0.013141058051660928
2023-04-19 11:00:00,580729.75,0.013141058051660928
2023-04-19 12:00:00,580729.75,0.013141058051660928
2023-04-19 13:00:00,580729.8125,0.013141058051660928
2023-04-19 14:00:00,580729.8125,0.013141058051660928
2023-04-19 15:00:00,580729.8125,0.013141058051660928
2023-04-19 16:00:00,580729.8125,0.013141058051660928
2023-04-19 17:00:00,580729.8125,0.013141058051660928
2023-04-19 18:00:00,580729.8125,0.013141058051660928
2023-04-19 19:00:00,580729.875,0.013141058051660928
2023-04-19 20:00:00,580729.875,0.013141058051660928
2023-04-19 21:00:00,580729.9375,0.013141058051660928
2023-04-19 22:00:00,580729.9375,0.013141058051660928
2023-04-19 23:00:00,580729.9375,0.013141058051660928
2023-04-20 00:00:00,580729.9375,0.013141058051660928
2023-04-20 01:00:00,580729.9375,0.013141058051660928
2023-04-20 02:00:00,580729.9375,0.013141058051660928
2023-04-20 03:00:00,580729.9375,0.013141058051660928
2023-04-20 04:00:00,580730.0,0.013141058051660928
2023-04-20 05:00:00,580730.0625,0.013141058051660928
2023-04-20 06:00:00,580730.0625,0.013141058051660928
2023-04-20 07:00:00,580730.0625,0.013141058051660928
2023-04-20 08:00:00,580730.0625,0.013141058051660928
2023-04-20 09:00:00,580730.0625,0.013141058051660928
2023-04-20 10:00:00,580730.125,0.013141058051660928
2023-04-20 11:00:00,580730.125,0.013141058051660928
2023-04-20 12:00:00,580730.125,0.013141058051660928
2023-04-20 13:00:00,580730.125,0.013141058051660928
2023-04-20 14:00:00,580730.1875,0.013141058051660928
2023-04-20 15:00:00,580730.1875,0.013141058051660928
2023-04-20 16:00:00,580730.1875,0.013141058051660928
2023-04-20 17:00:00,580730.1875,0.013141058051660928
2023-04-20 18:00:00,580730.1875,0.013141058051660928
2023-04-20 19:00:00,580730.1875,0.013141058051660928
2023-04-20 20:00:00,580730.25,0.013141058051660928
2023-04-20 21:00:00,580730.25,0.013141058051660928
2023-04-20 22:00:00,580730.25,0.013141058051660928
2023-04-20 23:00:00,580730.25,0.013141058051660928
2023-04-21 00:00:00,580730.25,0.013141058051660928
2023-04-21 01:00:00,580730.25,0.013141058051660928
2023-04-21 02:00:00,580730.25,0.013141058051660928
2023-04-21 03:00:00,580730.25,0.013141058051660928
2023-04-21 04:00:00,580730.25,0.013141058051660928
2023-04-21 05:00:00,580730.25,0.013141058051660928
2023-04-21 06:00:00,580730.25,0.013141058051660928
2023-04-21 07:00:00,580730.25,0.013141058051660928
2023-04-21 08:00:00,580730.25,0.013141058051660928
2023-04-21 09:00:00,580730.3125,0.013141058051660928
2023-04-21 10:00:00,580730.25,0.013141058051660928
2023-04-21 11:00:00,580730.25,0.013141058051660928
2023-04-21 12:00:00,580730.25,0.013141058051660928
2023-04-21 13:00:00,580730.25,0.013141058051660928
2023-04-21 14:00:00,580730.25,0.013141058051660928
2023-04-21 15:00:00,580730.25,0.013141058051660928
2023-04-21 16:00:00,580730.25,0.013141058051660928
2023-04-21 17:00:00,580730.25,0.013141058051660928
2023-04-21 18:00:00,580730.25,0.013141058051660928
2023-04-21 19:00:00,580730.25,0.013141058051660928
2023-04-21 20:00:00,580730.25,0.013141058051660928
2023-04-21 21:00:00,580730.25,0.013141058051660928
2023-04-21 22:00:00,580730.25,0.013141058051660928
2023-04-21 23:00:00,580730.25,0.013141058051660928
2023-04-22 00:00:00,580730.25,0.013141058051660928
2023-04-22 01:00:00,580730.25,0.013141058051660928
2023-04-22 02:00:00,580730.25,0.013141058051660928
2023-04-22 03:00:00,580730.25,0.013141058051660928
2023-04-22 04:00:00,580730.25,0.013141058051660928
2023-04-22 05:00:00,580730.25,0.013141058051660928
2023-04-22 06:00:00,580730.25,0.013141058051660928
2023-04-22 07:00:00,580730.25,0.013141058051660928
2023-04-22 08:00:00,580730.25,0.013141058051660928
2023-04-22 09:00:00,580730.25,0.013141058051660928
2023-04-22 10:00:00,580730.25,0.013141058051660928
2023-04-22 11:00:00,580730.25,0.013141058051660928
2023-04-22 12:00:00,580730.25,0.013141058051660928
2023-04-22 13:00:00,580730.25,0.013141058051660928
2023-04-22 14:00:00,580730.25,0.013141058051660928
2023-04-22 15:00:00,580730.25,0.013141058051660928
2023-04-22 16:00:00,580730.25,0.013141058051660928
2023-04-22 17:00:00,580730.25,0.013141058051660928
2023-04-22 18:00:00,580730.25,0.013141058051660928
2023-04-22 19:00:00,580730.25,0.013141058051660928
2023-04-22 20:00:00,580730.25,0.013141058051660928
2023-04-22 21:00:00,580730.25,0.013141058051660928
2023-04-22 22:00:00,580730.25,0.013141058051660928
2023-04-22 23:00:00,580730.25,0.013141058051660928
2023-04-23 00:00:00,580730.25,0.013141058051660928
2023-04-23 01:00:00,580730.25,0.013141058051660928
2023-04-23 02:00:00,580730.25,0.013141058051660928
2023-04-23 03:00:00,580730.25,0.013141058051660928
2023-04-23 04:00:00,580730.25,0.013141058051660928
2023-04-23 05:00:00,580730.25,0.013141058051660928
2023-04-23 06:00:00,580730.25,0.013141058051660928
2023-04-23 07:00:00,580730.25,0.013141058051660928
2023-04-23 08:00:00,580730.25,0.013141058051660928
2023-04-23 09:00:00,580730.25,0.013141058051660928
2023-04-23 10:00:00,580730.25,0.013141058051660928
2023-04-23 11:00:00,580730.25,0.013141058051660928
2023-04-23 12:00:00,580730.25,0.013141058051660928
2023-04-23 13:00:00,580730.25,0.013141058051660928
2023-04-23 14:00:00,580730.25,0.013141058051660928
2023-04-23 15:00:00,580730.25,0.013141058051660928
2023-04-23 16:00:00,580730.25,0.013141058051660928
2023-04-23 17:00:00,580730.25,0.013141058051660928
2023-04-23 18:00:00,580730.25,0.013141058051660928
2023-04-23 19:00:00,580730.25,0.013141058051660928
2023-04-23 20:00:00,580730.25,0.013141058051660928
2023-04-23 21:00:00,580730.25,0.013141058051660928
2023-04-23 22:00:00,580730.25,0.013141058051660928
2023-04-23 23:00:00,580730.25,0.013141058051660928
2023-04-24 00:00:00,580730.25,0.013141058051660928
2023-04-24 01:00:00,580730.25,0.013141058051660928
2023-04-24 02:00:00,580730.25,0.013141058051660928
2023-04-24 03:00:00,580730.25,0.013141058051660928
2023-04-24 04:00:00,580730.25,0.013141058051660928
2023-04-24 05:00:00,580730.25,0.013141058051660928
2023-04-24 06:00:00,580730.25,0.013141058051660928
2023-04-24 07:00:00,580730.25,0.013141058051660928
2023-04-24 08:00:00,580730.25,0.013141058051660928
2023-04-24 09:00:00,580730.25,0.013141058051660928
2023-04-24 10:00:00,580730.25,0.013141058051660928
2023-04-24 11:00:00,580730.25,0.013141058051660928
2023-04-24 12:00:00,580730.25,0.013141058051660928
2023-04-24 13:00:00,580730.25,0.013141058051660928
2023-04-24 14:00:00,580730.25,0.013141058051660928
2023-04-24 15:00:00,580730.25,0.013141058051660928
2023-04-24 16:00:00,580730.25,0.013141058051660928
2023-04-24 17:00:00,580730.25,0.013141058051660928
2023-04-24 18:00:00,580730.25,0.013141058051660928
2023-04-24 19:00:00,580730.25,0.013141058051660928
2023-04-24 20:00:00,580730.25,0.013141058051660928
2023-04-24 21:00:00,580730.25,0.013141058051660928
2023-04-24 22:00:00,580730.25,0.013141058051660928
2023-04-24 23:00:00,580730.25,0.013141058051660928
2023-04-25 00:00:00,580730.25,0.013141058051660928
2023-04-25 01:00:00,580730.25,0.013141058051660928
2023-04-25 02:00:00,580730.25,0.013141058051660928
2023-04-25 03:00:00,580730.25,0.013141058051660928
2023-04-25 04:00:00,580730.25,0.013141058051660928
2023-04-25 05:00:00,580730.3125,0.013141058051660928
2023-04-25 06:00:00,580730.25,0.013141058051660928
2023-04-25 07:00:00,580730.3125,0.013141058051660928
2023-04-25 08:00:00,580730.3125,0.013141058051660928
2023-04-25 09:00:00,580730.3125,0.013141058051660928
2023-04-25 10:00:00,580730.3125,0.013141058051660928
2023-04-25 11:00:00,580730.3125,0.013141058051660928
2023-04-25 12:00:00,580730.25,0.013141058051660928
2023-04-25 13:00:00,580730.25,0.013141058051660928
2023-04-25 14:00:00,580730.25,0.013141058051660928
2023-04-25 15:00:00,580730.25,0.013141058051660928
2023-04-25 16:00:00,580730.25,0.013141058051660928
2023-04-25 17:00:00,580730.25,0.013141058051660928
2023-04-25 18:00:00,580730.25,0.013141058051660928
2023-04-25 19:00:00,580730.25,0.013141058051660928
2023-04-25 20:00:00,580730.25,0.013141058051660928
2023-04-25 21:00:00,580730.25,0.013141058051660928
2023-04-25 22:00:00,580730.25,0.013141058051660928
2023-04-25 23:00:00,580730.25,0.013141058051660928
2023-04-26 00:00:00,580730.25,0.013141058051660928
2023-04-26 01:00:00,580730.25,0.013141058051660928
2023-04-26 02:00:00,580730.3125,0.013141058051660928
2023-04-26 03:00:00,580730.3125,0.013141058051660928
2023-04-26 04:00:00,580730.3125,0.013141058051660928
2023-04-26 05:00:00,580730.3125,0.013141058051660928
2023-04-26 06:00:00,580730.3125,0.013141058051660928
2023-04-26 07:00:00,580730.3125,0.013141058051660928
2023-04-26 08:00:00,580730.3125,0.013141058051660928
2023-04-26 09:00:00,580730.3125,0.013141058051660928
2023-04-26 10:00:00,580730.3125,0.013141058051660928
2023-04-26 11:00:00,580730.3125,0.013141058051660928
2023-04-26 12:00:00,580730.25,0.013141058051660928
2023-04-26 13:00:00,580730.25,0.013141058051660928
2023-04-26 14:00:00,580730.25,0.013141058051660928
2023-04-26 15:00:00,580730.25,0.013141058051660928
2023-04-26 16:00:00,580730.25,0.013141058051660928
2023-04-26 17:00:00,580730.25,0.013141058051660928
2023-04-26 18:00:00,580730.25,0.013141058051660928
2023-04-26 19:00:00,580730.25,0.013141058051660928
2023-04-26 20:00:00,580730.25,0.013141058051660928
2023-04-26 21:00:00,580730.25,0.013141058051660928
2023-04-26 22:00:00,580730.25,0.013141058051660928
2023-04-26 23:00:00,580730.25,0.013141058051660928
2023-04-27 00:00:00,580730.25,0.013141058051660928
2023-04-27 01:00:00,580730.25,0.013141058051660928
2023-04-27 02:00:00,580730.25,0.013141058051660928
2023-04-27 03:00:00,580730.25,0.013141058051660928
2023-04-27 04:00:00,580730.3125,0.013141058051660928
2023-04-27 05:00:00,580730.25,0.013141058051660928
2023-04-27 06:00:00,580730.3125,0.013141058051660928
2023-04-27 07:00:00,580730.3125,0.013141058051660928
2023-04-27 08:00:00,580730.3125,0.013141058051660928
2023-04-27 09:00:00,580730.3125,0.013141058051660928
2023-04-27 10:00:00,580730.3125,0.013141058051660928
2023-04-27 11:00:00,580730.3125,0.013141058051660928
2023-04-27 12:00:00,580730.3125,0.013141058051660928
2023-04-27 13:00:00,580730.3125,0.013141058051660928
2023-04-27 14:00:00,580730.25,0.013141058051660928
2023-04-27 15:00:00,580730.25,0.013141058051660928
2023-04-27 16:00:00,580730.25,0.013141058051660928
2023-04-27 17:00:00,580730.25,0.013141058051660928
2023-04-27 18:00:00,580730.25,0.013141058051660928
2023-04-27 19:00:00,580730.25,0.013141058051660928
2023-04-27 20:00:00,580730.25,0.013141058051660928
2023-04-27 21:00:00,580730.25,0.013141058051660928
2023-04-27 22:00:00,580730.3125,0.013141058051660928
2023-04-27 23:00:00,580730.3125,0.013141058051660928
2023-04-28 00:00:00,580730.3125,0.013141058051660928
2023-04-28 01:00:00,580730.25,0.013141058051660928
2023-04-28 02:00:00,580730.3125,0.013141058051660928
2023-04-28 03:00:00,580730.3125,0.013141058051660928
2023-04-28 04:00:00,580730.3125,0.013141058051660928
2023-04-28 05:00:00,580730.3125,0.013141058051660928
2023-04-28 06:00:00,580730.3125,0.013141058051660928
2023-04-28 07:00:00,580730.3125,0.013141058051660928
2023-04-28 08:00:00,580730.3125,0.013141058051660928
2023-04-28 09:00:00,580730.3125,0.013141058051660928
2023-04-28 10:00:00,580730.3125,0.013141058051660928
2023-04-28 11:00:00,580730.3125,0.013141058051660928
2023-04-28 12:00:00,580730.25,0.013141058051660928
2023-04-28 13:00:00,580730.25,0.013141058051660928
2023-04-28 14:00:00,580730.25,0.013141058051660928
2023-04-28 15:00:00,580730.25,0.013141058051660928
2023-04-28 16:00:00,580730.25,0.013141058051660928
2023-04-28 17:00:00,580730.25,0.013141058051660928
2023-04-28 18:00:00,580730.25,0.013141058051660928
2023-04-28 19:00:00,580730.25,0.013141058051660928
2023-04-28 20:00:00,580730.25,0.013141058051660928
2023-04-28 21:00:00,580730.25,0.013141058051660928
2023-04-28 22:00:00,580730.25,0.013141058051660928
2023-04-28 23:00:00,580730.25,0.013141058051660928
2023-04-29 00:00:00,580730.25,0.013141058051660928
2023-04-29 01:00:00,580730.25,0.013141058051660928
2023-04-29 02:00:00,580730.25,0.013141058051660928
2023-04-29 03:00:00,580730.25,0.013141058051660928
2023-04-29 04:00:00,580730.25,0.013141058051660928
2023-04-29 05:00:00,580730.25,0.013141058051660928
2023-04-29 06:00:00,580730.25,0.013141058051660928
2023-04-29 07:00:00,580730.25,0.013141058051660928
2023-04-29 08:00:00,580730.25,0.013141058051660928
2023-04-29 09:00:00,580730.25,0.013141058051660928
2023-04-29 10:00:00,580730.25,0.013141058051660928
2023-04-29 11:00:00,580730.25,0.013141058051660928
2023-04-29 12:00:00,580730.25,0.013141058051660928
2023-04-29 13:00:00,580730.3125,0.013141058051660928
2023-04-29 14:00:00,580730.3125,0.013141058051660928
2023-04-29 15:00:00,580730.3125,0.013141058051660928
2023-04-29 16:00:00,580730.3125,0.013141058051660928
2023-04-29 17:00:00,580730.3125,0.013141058051660928
2023-04-29 18:00:00,580730.3125,0.013141058051660928
2023-04-29 19:00:00,580730.3125,0.013141058051660928
2023-04-29 20:00:00,580730.3125,0.013141058051660928
2023-04-29 21:00:00,580730.3125,0.013141058051660928
2023-04-29 22:00:00,580730.3125,0.013141058051660928
2023-04-29 23:00:00,580730.3125,0.013141058051660928
2023-04-30 00:00:00,580730.3125,0.013141058051660928
2023-04-30 01:00:00,580730.3125,0.013141058051660928
2023-04-30 02:00:00,580730.3125,0.013141058051660928
2023-04-30 03:00:00,580730.3125,0.013141058051660928
2023-04-30 04:00:00,580730.3125,0.013141058051660928
2023-04-30 05:00:00,580730.3125,0.013141058051660928
2023-04-30 06:00:00,580730.3125,0.013141058051660928
2023-04-30 07:00:00,580730.3125,0.013141058051660928
2023-04-30 08:00:00,580730.3125,0.013141058051660928
2023-04-30 09:00:00,580730.3125,0.013141058051660928
2023-04-30 10:00:00,580730.3125,0.013141058051660928
2023-04-30 11:00:00,580730.3125,0.013141058051660928
2023-04-30 12:00:00,580730.3125,0.013141058051660928
2023-04-30 13:00:00,580730.3125,0.013141058051660928
2023-04-30 14:00:00,580730.3125,0.013141058051660928
2023-04-30 15:00:00,580730.3125,0.013141058051660928
2023-04-30 16:00:00,580730.3125,0.013141058051660928
2023-04-30 17:00:00,580730.3125,0.013141058051660928
2023-04-30 18:00:00,580730.3125,0.013141058051660928
2023-04-30 19:00:00,580730.3125,0.013141058051660928
2023-04-30 20:00:00,580730.3125,0.013141058051660928
2023-04-30 21:00:00,580730.3125,0.013141058051660928
2023-04-30 22:00:00,580730.3125,0.013141058051660928
2023-04-30 23:00:00,580730.3125,0.013141058051660928
2023-05-01 00:00:00,580730.3125,0.013141058051660928
2023-05-01 01:00:00,580730.3125,0.013141058051660928
2023-05-01 02:00:00,580730.3125,0.013141058051660928
2023-05-01 03:00:00,580730.3125,0.013141058051660928
2023-05-01 04:00:00,580730.3125,0.013141058051660928
2023-05-01 05:00:00,580730.3125,0.013141058051660928
2023-05-01 06:00:00,580730.3125,0.013141058051660928
2023-05-01 07:00:00,580730.3125,0.013141058051660928
2023-05-01 08:00:00,580730.375,0.013141058051660928
2023-05-01 09:00:00,580730.375,0.013141058051660928
2023-05-01 10:00:00,580730.375,0.013141058051660928
2023-05-01 11:00:00,580730.375,0.013141058051660928
2023-05-01 12:00:00,580730.375,0.013141058051660928
2023-05-01 13:00:00,580730.375,0.013141058051660928
2023-05-01 14:00:00,580730.375,0.013141058051660928
2023-05-01 15:00:00,580730.375,0.013141058051660928
2023-05-01 16:00:00,580730.375,0.013141058051660928
2023-05-01 17:00:00,580730.375,0.013141058051660928
2023-05-01 18:00:00,580730.375,0.013141058051660928
2023-05-01 19:00:00,580730.375,0.013141058051660928
2023-05-01 20:00:00,580730.375,0.013141058051660928
2023-05-01 21:00:00,580730.375,0.013141058051660928
2023-05-01 22:00:00,580730.375,0.013141058051660928
2023-05-01 23:00:00,580730.375,0.013141058051660928
2023-05-02 00:00:00,580730.375,0.013141058051660928
2023-05-02 01:00:00,580730.375,0.013141058051660928
2023-05-02 02:00:00,580730.375,0.013141058051660928
2023-05-02 03:00:00,580730.375,0.013141058051660928
2023-05-02 04:00:00,580730.375,0.013141058051660928
2023-05-02 05:00:00,580730.375,0.013141058051660928
2023-05-02 06:00:00,580730.375,0.013141058051660928
2023-05-02 07:00:00,580730.375,0.013141058051660928
2023-05-02 08:00:00,580730.375,0.013141058051660928
2023-05-02 09:00:00,580730.375,0.013141058051660928
2023-05-02 10:00:00,580730.375,0.013141058051660928
2023-05-02 11:00:00,580730.375,0.013141058051660928
2023-05-02 12:00:00,580730.375,0.013141058051660928
2023-05-02 13:00:00,580730.375,0.013141058051660928
2023-05-02 14:00:00,580730.375,0.013141058051660928
2023-05-02 15:00:00,580730.375,0.013141058051660928
2023-05-02 16:00:00,580730.375,0.013141058051660928
2023-05-02 17:00:00,580730.375,0.013141058051660928
2023-05-02 18:00:00,580730.375,0.013141058051660928
2023-05-02 19:00:00,580730.4375,0.013141058051660928
2023-05-02 20:00:00,580730.4375,0.013141058051660928
2023-05-02 21:00:00,580730.4375,0.013141058051660928
2023-05-02 22:00:00,580730.4375,0.013141058051660928
2023-05-02 23:00:00,580730.4375,0.013141058051660928
2023-05-03 00:00:00,580730.4375,0.013141058051660928
2023-05-03 01:00:00,580730.4375,0.013141058051660928
2023-05-03 02:00:00,580730.4375,0.013141058051660928
2023-05-03 03:00:00,580730.4375,0.013141058051660928
2023-05-03 04:00:00,580730.4375,0.013141058051660928
2023-05-03 05:00:00,580730.4375,0.013141058051660928
2023-05-03 06:00:00,580730.4375,0.013141058051660928
2023-05-03 07:00:00,580730.4375,0.013141058051660928
2023-05-03 08:00:00,580730.4375,0.013141058051660928
2023-05-03 09:00:00,580730.4375,0.013141058051660928
2023-05-03 10:00:00,580730.4375,0.013141058051660928
2023-05-03 11:00:00,580730.4375,0.013141058051660928
2023-05-03 12:00:00,580730.4375,0.013141058051660928
2023-05-03 13:00:00,580730.4375,0.013141058051660928
2023-05-03 14:00:00,580730.4375,0.013141058051660928
2023-05-03 15:00:00,580730.4375,0.013141058051660928
2023-05-03 16:00:00,580730.4375,0.013141058051660928
2023-05-03 17:00:00,580730.4375,0.013141058051660928
2023-05-03 18:00:00,580730.4375,0.013141058051660928
2023-05-03 19:00:00,580730.4375,0.013141058051660928
2023-05-03 20:00:00,580730.4375,0.013141058051660928
2023-05-03 21:00:00,580730.5,0.013141058051660928
2023-05-03 22:00:00,580730.5,0.013141058051660928
2023-05-03 23:00:00,580730.5625,0.013141058051660928
2023-05-04 00:00:00,580730.5625,0.013141058051660928
2023-05-04 01:00:00,580730.5625,0.013141058051660928
2023-05-04 02:00:00,580730.5625,0.013141058051660928
2023-05-04 03:00:00,580730.5625,0.013141058051660928
2023-05-04 04:00:00,580730.5625,0.013141058051660928
2023-05-04 05:00:00,580730.5625,0.013141058051660928
2023-05-04 06:00:00,580730.5625,0.013141058051660928
2023-05-04 07:00:00,580730.5625,0.013141058051660928
2023-05-04 08:00:00,580730.5625,0.013141058051660928
2023-05-04 09:00:00,580730.5625,0.013141058051660928
2023-05-04 10:00:00,580730.5625,0.013141058051660928
2023-05-04 11:00:00,580730.5625,0.013141058051660928
2023-05-04 12:00:00,580730.5625,0.013141058051660928
2023-05-04 13:00:00,580730.5625,0.013141058051660928
2023-05-04 14:00:00,580730.5625,0.013141058051660928
2023-05-04 15:00:00,580730.5625,0.013141058051660928
2023-05-04 16:00:00,580730.5625,0.013141058051660928
2023-05-04 17:00:00,580730.5625,0.013141058051660928
2023-05-04 18:00:00,580730.5625,0.013141058051660928
2023-05-04 19:00:00,580730.5625,0.013141058051660928
2023-05-04 20:00:00,580730.5625,0.013141058051660928
2023-05-04 21:00:00,580730.5625,0.013141058051660928
2023-05-04 22:00:00,580730.5625,0.013141058051660928
2023-05-04 23:00:00,580730.625,0.013141058051660928
2023-05-05 00:00:00,580730.75,0.013141058051660928
2023-05-05 01:00:00,580730.75,0.013141058051660928
2023-05-05 02:00:00,580730.75,0.013141058051660928
2023-05-05 03:00:00,580730.75,0.013141058051660928
2023-05-05 04:00:00,580730.75,0.013141058051660928
2023-05-05 05:00:00,580730.75,0.013141058051660928
2023-05-05 06:00:00,580730.75,0.013141058051660928
2023-05-05 07:00:00,580730.75,0.013141058051660928
2023-05-05 08:00:00,580730.75,0.013141058051660928
2023-05-05 09:00:00,580730.75,0.013141058051660928
2023-05-05 10:00:00,580730.75,0.013141058051660928
2023-05-05 11:00:00,580730.75,0.013141058051660928
2023-05-05 12:00:00,580730.75,0.013141058051660928
2023-05-05 13:00:00,580730.75,0.013141058051660928
2023-05-05 14:00:00,580730.75,0.013141058051660928
2023-05-05 15:00:00,580730.75,0.013141058051660928
2023-05-05 16:00:00,580730.75,0.013141058051660928
2023-05-05 17:00:00,580730.8125,0.013141058051660928
2023-05-05 18:00:00,580730.75,0.013141058051660928
2023-05-05 19:00:00,580730.8125,0.013141058051660928
2023-05-05 20:00:00,580730.8125,0.013141058051660928
2023-05-05 21:00:00,580730.8125,0.013141058051660928
2023-05-05 22:00:00,580730.8125,0.013141058051660928
2023-05-05 23:00:00,580730.8125,0.013141058051660928
2023-05-06 00:00:00,580730.8125,0.013141058051660928
2023-05-06 01:00:00,580730.875,0.013141058051660928
2023-05-06 02:00:00,580730.875,0.013141058051660928
2023-05-06 03:00:00,580730.875,0.013141058051660928
2023-05-06 04:00:00,580730.875,0.013141058051660928
2023-05-06 05:00:00,580730.875,0.013141058051660928
2023-05-06 06:00:00,580730.875,0.013141058051660928
2023-05-06 07:00:00,580730.875,0.013141058051660928
2023-05-06 08:00:00,580730.875,0.013141058051660928
2023-05-06 09:00:00,580730.875,0.013141058051660928
2023-05-06 10:00:00,580730.875,0.013141058051660928
2023-05-06 11:00:00,580730.875,0.013141058051660928
2023-05-06 12:00:00,580730.875,0.013141058051660928
2023-05-06 13:00:00,580730.875,0.013141058051660928
2023-05-06 14:00:00,580730.875,0.013141058051660928
2023-05-06 15:00:00,580730.875,0.013141058051660928
2023-05-06 16:00:00,580730.9375,0.013141058051660928
2023-05-06 17:00:00,580730.9375,0.013141058051660928
2023-05-06 18:00:00,580730.9375,0.013141058051660928
2023-05-06 19:00:00,580730.9375,0.013141058051660928
2023-05-06 20:00:00,580730.9375,0.013141058051660928
2023-05-06 21:00:00,580730.9375,0.013141058051660928
2023-05-06 22:00:00,580731.0,0.013141058051660928
2023-05-06 23:00:00,580731.0,0.013141058051660928
2023-05-07 00:00:00,580731.0,0.013141058051660928
2023-05-07 01:00:00,580731.0,0.013141058051660928
2023-05-07 02:00:00,580731.0,0.013141058051660928
2023-05-07 03:00:00,580731.0,0.013141058051660928
2023-05-07 04:00:00,580731.0,0.013141058051660928
2023-05-07 05:00:00,580731.0,0.013141058051660928
2023-05-07 06:00:00,580731.0,0.013141058051660928
2023-05-07 07:00:00,580731.0,0.013141058051660928
2023-05-07 08:00:00,580731.0625,0.013141058051660928
2023-05-07 09:00:00,580731.0625,0.013141058051660928
2023-05-07 10:00:00,580731.0625,0.013141058051660928
2023-05-07 11:00:00,580731.125,0.013141058051660928
2023-05-07 12:00:00,580731.125,0.013141058051660928
2023-05-07 13:00:00,580731.125,0.013141058051660928
2023-05-07 14:00:00,580731.125,0.013141058051660928
2023-05-07 15:00:00,580731.125,0.013141058051660928
2023-05-07 16:00:00,580731.125,0.013141058051660928
2023-05-07 17:00:00,580731.125,0.013141058051660928
2023-05-07 18:00:00,580731.125,0.013141058051660928
2023-05-07 19:00:00,580731.125,0.013141058051660928
2023-05-07 20:00:00,580731.1875,0.013141058051660928
2023-05-07 21:00:00,580731.25,0.013141058051660928
2023-05-07 22:00:00,580731.25,0.013141058051660928
2023-05-07 23:00:00,580731.25,0.013141058051660928
2023-05-08 00:00:00,580731.25,0.013141058051660928
2023-05-08 01:00:00,580731.25,0.013141058051660928
2023-05-08 02:00:00,580731.25,0.013141058051660928
2023-05-08 03:00:00,580731.25,0.013141058051660928
2023-05-08 04:00:00,580731.25,0.013141058051660928
2023-05-08 05:00:00,580731.25,0.013141058051660928
2023-05-08 06:00:00,580731.25,0.013141058051660928
2023-05-08 07:00:00,580731.25,0.013141058051660928
2023-05-08 08:00:00,580731.25,0.013141058051660928
2023-05-08 09:00:00,580731.3125,0.013141058051660928
2023-05-08 10:00:00,580731.375,0.013141058051660928
2023-05-08 11:00:00,580731.3125,0.013141058051660928
2023-05-08 12:00:00,580731.375,0.013141058051660928
2023-05-08 13:00:00,580731.375,0.013141058051660928
2023-05-08 14:00:00,580731.375,0.013141058051660928
2023-05-08 15:00:00,580731.375,0.013141058051660928
2023-05-08 16:00:00,580731.375,0.013141058051660928
2023-05-08 17:00:00,580731.375,0.013141058051660928
2023-05-08 18:00:00,580731.375,0.013141058051660928
2023-05-08 19:00:00,580731.375,0.013141058051660928
2023-05-08 20:00:00,580731.375,0.013141058051660928
2023-05-08 21:00:00,580731.375,0.013141058051660928
2023-05-08 22:00:00,580731.4375,0.013141058051660928
2023-05-08 23:00:00,580731.4375,0.013141058051660928
2023-05-09 00:00:00,580731.4375,0.013141058051660928
2023-05-09 01:00:00,580731.4375,0.013141058051660928
2023-05-09 02:00:00,580731.5,0.013141058051660928
2023-05-09 03:00:00,580731.5,0.013141058051660928
2023-05-09 04:00:00,580731.5,0.013141058051660928
2023-05-09 05:00:00,580731.5,0.013141058051660928
2023-05-09 06:00:00,580731.5,0.013141058051660928
2023-05-09 07:00:00,580731.5,0.013141058051660928
2023-05-09 08:00:00,580731.5,0.013141058051660928
2023-05-09 09:00:00,580731.5,0.013141058051660928
2023-05-09 10:00:00,580731.625,0.013141058051660928
2023-05-09 11:00:00,580731.625,0.013141058051660928
2023-05-09 12:00:00,580731.625,0.013141058051660928
2023-05-09 13:00:00,580731.625,0.013141058051660928
2023-05-09 14:00:00,580731.625,0.013141058051660928
2023-05-09 15:00:00,580731.625,0.013141058051660928
2023-05-09 16:00:00,580731.625,0.013141058051660928
2023-05-09 17:00:00,580731.625,0.013141058051660928
2023-05-09 18:00:00,580731.625,0.013141058051660928
2023-05-09 19:00:00,580731.625,0.013141058051660928
2023-05-09 20:00:00,580731.625,0.013141058051660928
2023-05-09 21:00:00,580731.6875,0.013141058051660928
2023-05-09 22:00:00,580731.6875,0.013141058051660928
2023-05-09 23:00:00,580731.6875,0.013141058051660928
2023-05-10 00:00:00,580731.6875,0.013141058051660928
2023-05-10 01:00:00,580731.75,0.013141058051660928
2023-05-10 02:00:00,580731.75,0.013141058051660928
2023-05-10 03:00:00,580731.75,0.013141058051660928
2023-05-10 04:00:00,580731.75,0.013141058051660928
2023-05-10 05:00:00,580731.75,0.013141058051660928
2023-05-10 06:00:00,580731.75,0.013141058051660928
2023-05-10 07:00:00,580731.875,0.013141058051660928
2023-05-10 08:00:00,580731.875,0.013141058051660928
2023-05-10 09:00:00,580731.875,0.013141058051660928
2023-05-10 10:00:00,580731.875,0.013141058051660928
2023-05-10 11:00:00,580731.9375,0.013141058051660928
2023-05-10 12:00:00,580731.9375,0.013141058051660928
2023-05-10 13:00:00,580731.9375,0.013141058051660928
2023-05-10 14:00:00,580731.9375,0.013141058051660928
2023-05-10 15:00:00,580731.9375,0.013141058051660928
2023-05-10 16:00:00,580732.0,0.013141058051660928
2023-05-10 17:00:00,580732.0,0.013141058051660928
2023-05-10 18:00:00,580732.0625,0.013141058051660928
2023-05-10 19:00:00,580732.0625,0.013141058051660928
2023-05-10 20:00:00,580732.0625,0.013141058051660928
2023-05-10 21:00:00,580732.0625,0.013141058051660928
2023-05-10 22:00:00,580732.0625,0.013141058051660928
2023-05-10 23:00:00,580732.0625,0.013141058051660928
2023-05-11 00:00:00,580732.0625,0.013141058051660928
2023-05-11 01:00:00,580732.0625,0.013141058051660928
2023-05-11 02:00:00,580732.1875,0.013141058051660928
2023-05-11 03:00:00,580732.1875,0.013141058051660928
2023-05-11 04:00:00,580732.1875,0.013141058051660928
2023-05-11 05:00:00,580732.1875,0.013141058051660928
2023-05-11 06:00:00,580732.1875,0.013141058051660928
2023-05-11 07:00:00,580732.1875,0.013141058051660928
2023-05-11 08:00:00,580732.1875,0.013141058051660928
2023-05-11 09:00:00,580732.1875,0.013141058051660928
2023-05-11 10:00:00,580732.25,0.013141058051660928
2023-05-11 11:00:00,580732.25,0.013141058051660928
2023-05-11 12:00:00,580732.25,0.013141058051660928
2023-05-11 13:00:00,580732.25,0.013141058051660928
2023-05-11 14:00:00,580732.3125,0.013141058051660928
2023-05-11 15:00:00,580732.3125,0.013141058051660928
2023-05-11 16:00:00,580732.3125,0.013141058051660928
2023-05-11 17:00:00,580732.3125,0.013141058051660928
2023-05-11 18:00:00,580732.3125,0.013141058051660928
2023-05-11 19:00:00,580732.375,0.013141058051660928
2023-05-11 20:00:00,580732.4375,0.013141058051660928
2023-05-11 21:00:00,580732.4375,0.013141058051660928
2023-05-11 22:00:00,580732.4375,0.013141058051660928
2023-05-11 23:00:00,580732.4375,0.013141058051660928
2023-05-12 00:00:00,580732.4375,0.013141058051660928
2023-05-12 01:00:00,580732.4375,0.013141058051660928
2023-05-12 02:00:00,580732.4375,0.013141058051660928
2023-05-12 03:00:00,580732.5,0.013141058051660928
2023-05-12 04:00:00,580732.5,0.013141058051660928
2023-05-12 05:00:00,580732.5,0.013141058051660928
2023-05-12 06:00:00,580732.5,0.013141058051660928
2023-05-12 07:00:00,580732.5625,0.013141058051660928
2023-05-12 08:00:00,580732.5625,0.013141058051660928
2023-05-12 09:00:00,580732.5625,0.013141058051660928
2023-05-12 10:00:00,580732.625,0.013141058051660928
2023-05-12 11:00:00,580732.625,0.013141058051660928
2023-05-12 12:00:00,580732.625,0.013141058051660928
2023-05-12 13:00:00,580732.625,0.013141058051660928
2023-05-12 14:00:00,580732.625,0.013141058051660928
2023-05-12 15:00:00,580732.6875,0.013141058051660928
2023-05-12 16:00:00,580732.6875,0.013141058051660928
2023-05-12 17:00:00,580732.6875,0.013141058051660928
2023-05-12 18:00:00,580732.6875,0.013141058051660928
2023-05-12 19:00:00,580732.75,0.013141058051660928
2023-05-12 20:00:00,580732.75,0.013141058051660928
2023-05-12 21:00:00,580732.8125,0.013141058051660928
2023-05-12 22:00:00,580732.8125,0.013141058051660928
2023-05-12 23:00:00,580732.8125,0.013141058051660928
2023-05-13 00:00:00,580732.8125,0.013141058051660928
2023-05-13 01:00:00,580732.8125,0.013141058051660928
2023-05-13 02:00:00,580732.8125,0.013141058051660928
2023-05-13 03:00:00,580732.875,0.013141058051660928
2023-05-13 04:00:00,580732.875,0.013141058051660928
2023-05-13 05:00:00,580733.0,0.013141058051660928
2023-05-13 06:00:00,580733.0,0.013141058051660928
2023-05-13 07:00:00,580733.0,0.013141058051660928
2023-05-13 08:00:00,580733.0,0.013141058051660928
2023-05-13 09:00:00,580733.0,0.013141058051660928
2023-05-13 10:00:00,580733.0625,0.013141058051660928
2023-05-13 11:00:00,580733.0625,0.013141058051660928
2023-05-13 12:00:00,580733.0625,0.013141058051660928
2023-05-13 13:00:00,580733.0625,0.013141058051660928
2023-05-13 14:00:00,580733.125,0.013141058051660928
2023-05-13 15:00:00,580733.125,0.013141058051660928
2023-05-13 16:00:00,580733.125,0.013141058051660928
2023-05-13 17:00:00,580733.125,0.013141058051660928
2023-05-13 18:00:00,580733.125,0.013141058051660928
2023-05-13 19:00:00,580733.25,0.013141058051660928
2023-05-13 20:00:00,580733.25,0.013141058051660928
2023-05-13 21:00:00,580733.25,0.013141058051660928
2023-05-13 22:00:00,580733.25,0.013141058051660928
2023-05-13 23:00:00,580733.25,0.013141058051660928
2023-05-14 00:00:00,580733.3125,0.013141058051660928
2023-05-14 01:00:00,580733.3125,0.013141058051660928
2023-05-14 02:00:00,580733.3125,0.013141058051660928
2023-05-14 03:00:00,580733.375,0.013141058051660928
2023-05-14 04:00:00,580733.375,0.013141058051660928
2023-05-14 05:00:00,580733.375,0.013141058051660928
2023-05-14 06:00:00,580733.4375,0.013141058051660928
2023-05-14 07:00:00,580733.4375,0.013141058051660928
2023-05-14 08:00:00,580733.4375,0.013141058051660928
2023-05-14 09:00:00,580733.4375,0.013141058051660928
2023-05-14 10:00:00,580733.5,0.013141058051660928
2023-05-14 11:00:00,580733.5,0.013141058051660928
2023-05-14 12:00:00,580733.5,0.013141058051660928
2023-05-14 13:00:00,580733.5,0.013141058051660928
2023-05-14 14:00:00,580733.5,0.013141058051660928
2023-05-14 15:00:00,580733.5625,0.013141058051660928
2023-05-14 16:00:00,580733.5625,0.013141058051660928
2023-05-14 17:00:00,580733.625,0.013141058051660928
2023-05-14 18:00:00,580733.625,0.013141058051660928
2023-05-14 19:00:00,580733.625,0.013141058051660928
2023-05-14 20:00:00,580733.6875,0.013141058051660928
2023-05-14 21:00:00,580733.6875,0.013141058051660928
2023-05-14 22:00:00,580733.6875,0.013141058051660928
2023-05-14 23:00:00,580733.6875,0.013141058051660928
2023-05-15 00:00:00,580733.75,0.013141058051660928
2023-05-15 01:00:00,580733.75,0.013141058051660928
2023-05-15 02:00:00,580733.75,0.013141058051660928
2023-05-15 03:00:00,580733.75,0.013141058051660928
2023-05-15 04:00:00,580733.8125,0.013141058051660928
2023-05-15 05:00:00,580733.8125,0.013141058051660928
2023-05-15 06:00:00,580733.8125,0.013141058051660928
2023-05-15 07:00:00,580733.875,0.013141058051660928
2023-05-15 08:00:00,580733.875,0.013141058051660928
2023-05-15 09:00:00,580733.875,0.013141058051660928
2023-05-15 10:00:00,580733.875,0.013141058051660928
2023-05-15 11:00:00,580733.875,0.013141058051660928
2023-05-15 12:00:00,580733.9375,0.013141058051660928
2023-05-15 13:00:00,580734.0,0.013141058051660928
2023-05-15 14:00:00,580734.0,0.013141058051660928
2023-05-15 15:00:00,580734.0,0.013141058051660928
2023-05-15 16:00:00,580734.0,0.013141058051660928
2023-05-15 17:00:00,580734.125,0.013141058051660928
2023-05-15 18:00:00,580734.125,0.013141058051660928
2023-05-15 19:00:00,580734.125,0.013141058051660928
2023-05-15 20:00:00,580734.125,0.013141058051660928
2023-05-15 21:00:00,580734.1875,0.013141058051660928
2023-05-15 22:00:00,580734.1875,0.013141058051660928
2023-05-15 23:00:00,580734.25,0.013141058051660928
2023-05-16 00:00:00,580734.25,0.013141058051660928
2023-05-16 01:00:00,580734.25,0.013141058051660928
2023-05-16 02:00:00,580734.25,0.013141058051660928
2023-05-16 03:00:00,580734.25,0.013141058051660928
2023-05-16 04:00:00,580734.3125,0.013141058051660928
2023-05-16 05:00:00,580734.3125,0.013141058051660928
2023-05-16 06:00:00,580734.375,0.013141058051660928
2023-05-16 07:00:00,580734.375,0.013141058051660928
2023-05-16 08:00:00,580734.4375,0.013141058051660928
2023-05-16 09:00:00,580734.4375,0.013141058051660928
2023-05-16 10:00:00,580734.4375,0.013141058051660928
2023-05-16 11:00:00,580734.4375,0.013141058051660928
2023-05-16 12:00:00,580734.5,0.013141058051660928
2023-05-16 13:00:00,580734.5,0.013141058051660928
2023-05-16 14:00:00,580734.5,0.013141058051660928
2023-05-16 15:00:00,580734.5625,0.013141058051660928
2023-05-16 16:00:00,580734.5625,0.013141058051660928
2023-05-16 17:00:00,580734.5625,0.013141058051660928
2023-05-16 18:00:00,580734.625,0.013141058051660928
2023-05-16 19:00:00,580734.625,0.013141058051660928
2023-05-16 20:00:00,580734.625,0.013141058051660928
2023-05-16 21:00:00,580734.6875,0.013141058051660928
2023-05-16 22:00:00,580734.6875,0.013141058051660928
2023-05-16 23:00:00,580734.6875,0.013141058051660928
2023-05-17 00:00:00,580734.6875,0.013141058051660928
2023-05-17 01:00:00,580734.75,0.013141058051660928
2023-05-17 02:00:00,580734.8125,0.013141058051660928
2023-05-17 03:00:00,580734.8125,0.013141058051660928
2023-05-17 04:00:00,580734.8125,0.013141058051660928
2023-05-17 05:00:00,580734.8125,0.013141058051660928
2023-05-17 06:00:00,580734.875,0.013141058051660928
2023-05-17 07:00:00,580734.875,0.013141058051660928
2023-05-17 08:00:00,580734.9375,0.013141058051660928
2023-05-17 09:00:00,580734.9375,0.013141058051660928
2023-05-17 10:00:00,580734.9375,0.013141058051660928
2023-05-17 11:00:00,580735.0,0.013141058051660928
2023-05-17 12:00:00,580735.0,0.013141058051660928
2023-05-17 13:00:00,580735.0,0.013141058051660928
2023-05-17 14:00:00,580735.0,0.013141058051660928
2023-05-17 15:00:00,580735.0625,0.013141058051660928
2023-05-17 16:00:00,580735.0625,0.013141058051660928
2023-05-17 17:00:00,580735.0625,0.013141058051660928
2023-05-17 18:00:00,580735.125,0.013141058051660928
2023-05-17 19:00:00,580735.125,0.013141058051660928
2023-05-17 20:00:00,580735.25,0.013141058051660928
2023-05-17 21:00:00,580735.25,0.013141058051660928
2023-05-17 22:00:00,580735.25,0.013141058051660928
2023-05-17 23:00:00,580735.3125,0.013141058051660928
2023-05-18 00:00:00,580735.375,0.013141058051660928
2023-05-18 01:00:00,580735.375,0.013141058051660928
2023-05-18 02:00:00,580735.375,0.013141058051660928
2023-05-18 03:00:00,580735.375,0.013141058051660928
2023-05-18 04:00:00,580735.4375,0.013141058051660928
2023-05-18 05:00:00,580735.4375,0.013141058051660928
2023-05-18 06:00:00,580735.4375,0.013141058051660928
2023-05-18 07:00:00,580735.4375,0.013141058051660928
2023-05-18 08:00:00,580735.5,0.013141058051660928
2023-05-18 09:00:00,580735.5,0.013141058051660928
2023-05-18 10:00:00,580735.5,0.013141058051660928
2023-05-18 11:00:00,580735.5,0.013141058051660928
2023-05-18 12:00:00,580735.5625,0.013141058051660928
2023-05-18 13:00:00,580735.625,0.013141058051660928
2023-05-18 14:00:00,580735.625,0.013141058051660928
2023-05-18 15:00:00,580735.625,0.013141058051660928
2023-05-18 16:00:00,580735.625,0.013141058051660928
2023-05-18 17:00:00,580735.6875,0.013141058051660928
2023-05-18 18:00:00,580735.6875,0.013141058051660928
2023-05-18 19:00:00,580735.75,0.013141058051660928
2023-05-18 20:00:00,580735.75,0.013141058051660928
2023-05-18 21:00:00,580735.8125,0.013141058051660928
2023-05-18 22:00:00,580735.8125,0.013141058051660928
2023-05-18 23:00:00,580735.8125,0.013141058051660928
2023-05-19 00:00:00,580735.8125,0.013141058051660928
2023-05-19 01:00:00,580735.875,0.013141058051660928
2023-05-19 02:00:00,580735.875,0.013141058051660928
2023-05-19 03:00:00,580735.875,0.013141058051660928
2023-05-19 04:00:00,580735.9375,0.013141058051660928
2023-05-19 05:00:00,580735.9375,0.013141058051660928
2023-05-19 06:00:00,580736.0,0.013141058051660928
2023-05-19 07:00:00,580736.0,0.013141058051660928
2023-05-19 08:00:00,580736.0,0.013141058051660928
2023-05-19 09:00:00,580736.0625,0.013141058051660928
2023-05-19 10:00:00,580736.0625,0.013141058051660928
2023-05-19 11:00:00,580736.125,0.013141058051660928
2023-05-19 12:00:00,580736.125,0.013141058051660928
2023-05-19 13:00:00,580736.125,0.013141058051660928
2023-05-19 14:00:00,580736.1875,0.013141058051660928
2023-05-19 15:00:00,580736.1875,0.013141058051660928
2023-05-19 16:00:00,580736.1875,0.013141058051660928
2023-05-19 17:00:00,580736.3125,0.013141058051660928
2023-05-19 18:00:00,580736.3125,0.013141058051660928
2023-05-19 19:00:00,580736.3125,0.013141058051660928
2023-05-19 20:00:00,580736.3125,0.013141058051660928
2023-05-19 21:00:00,580736.4375,0.013141058051660928
2023-05-19 22:00:00,580736.4375,0.013141058051660928
2023-05-19 23:00:00,580736.4375,0.013141058051660928
2023-05-20 00:00:00,580736.4375,0.013141058051660928
2023-05-20 01:00:00,580736.5,0.013141058051660928
2023-05-20 02:00:00,580736.5,0.013141058051660928
2023-05-20 03:00:00,580736.5625,0.013141058051660928
2023-05-20 04:00:00,580736.5625,0.013141058051660928
2023-05-20 05:00:00,580736.5625,0.013141058051660928
2023-05-20 06:00:00,580736.625,0.013141058051660928
2023-05-20 07:00:00,580736.625,0.013141058051660928
2023-05-20 08:00:00,580736.625,0.013141058051660928
2023-05-20 09:00:00,580736.6875,0.013141058051660928
2023-05-20 10:00:00,580736.6875,0.013141058051660928
2023-05-20 11:00:00,580736.75,0.013141058051660928
2023-05-20 12:00:00,580736.75,0.013141058051660928
2023-05-20 13:00:00,580736.75,0.013141058051660928
2023-05-20 14:00:00,580736.8125,0.013141058051660928
2023-05-20 15:00:00,580736.8125,0.013141058051660928
2023-05-20 16:00:00,580736.875,0.013141058051660928
2023-05-20 17:00:00,580736.875,0.013141058051660928
2023-05-20 18:00:00,580736.9375,0.013141058051660928
2023-05-20 19:00:00,580736.9375,0.013141058051660928
2023-05-20 20:00:00,580736.9375,0.013141058051660928
2023-05-20 21:00:00,580737.0,0.013141058051660928
2023-05-20 22:00:00,580737.0,0.013141058051660928
2023-05-20 23:00:00,580737.0625,0.013141058051660928
2023-05-21 00:00:00,580737.0625,0.013141058051660928
2023-05-21 01:00:00,580737.0625,0.013141058051660928
2023-05-21 02:00:00,580737.125,0.013141058051660928
2023-05-21 03:00:00,580737.125,0.013141058051660928
2023-05-21 04:00:00,580737.1875,0.013141058051660928
2023-05-21 05:00:00,580737.1875,0.013141058051660928
2023-05-21 06:00:00,580737.25,0.013141058051660928
2023-05-21 07:00:00,580737.25,0.013141058051660928
2023-05-21 08:00:00,580737.3125,0.013141058051660928
2023-05-21 09:00:00,580737.3125,0.013141058051660928
2023-05-21 10:00:00,580737.3125,0.013141058051660928
2023-05-21 11:00:00,580737.4375,0.013141058051660928
2023-05-21 12:00:00,580737.4375,0.013141058051660928
2023-05-21 13:00:00,580737.5,0.013141058051660928
2023-05-21 14:00:00,580737.5,0.013141058051660928
2023-05-21 15:00:00,580737.5,0.013141058051660928
2023-05-21 16:00:00,580737.5625,0.013141058051660928
2023-05-21 17:00:00,580737.5625,0.013141058051660928
2023-05-21 18:00:00,580737.625,0.013141058051660928
2023-05-21 19:00:00,580737.625,0.013141058051660928
2023-05-21 20:00:00,580737.625,0.013141058051660928
2023-05-21 21:00:00,580737.6875,0.013141058051660928
2023-05-21 22:00:00,580737.75,0.013141058051660928
2023-05-21 23:00:00,580737.75,0.013141058051660928
2023-05-22 00:00:00,580737.75,0.013141058051660928
2023-05-22 01:00:00,580737.8125,0.013141058051660928
2023-05-22 02:00:00,580737.8125,0.013141058051660928
2023-05-22 03:00:00,580737.875,0.013141058051660928
2023-05-22 04:00:00,580737.875,0.013141058051660928
2023-05-22 05:00:00,580737.875,0.013141058051660928
2023-05-22 06:00:00,580737.9375,0.013141058051660928
2023-05-22 07:00:00,580738.0,0.013141058051660928
2023-05-22 08:00:00,580738.0,0.013141058051660928
2023-05-22 09:00:00,580738.0,0.013141058051660928
2023-05-22 10:00:00,580738.0,0.013141058051660928
2023-05-22 11:00:00,580738.0625,0.013141058051660928
2023-05-22 12:00:00,580738.125,0.013141058051660928
2023-05-22 13:00:00,580738.125,0.013141058051660928
2023-05-22 14:00:00,580738.1875,0.013141058051660928
2023-05-22 15:00:00,580738.1875,0.013141058051660928
2023-05-22 16:00:00,580738.1875,0.013141058051660928
2023-05-22 17:00:00,580738.25,0.013141058051660928
2023-05-22 18:00:00,580738.25,0.013141058051660928
2023-05-22 19:00:00,580738.3125,0.013141058051660928
2023-05-22 20:00:00,580738.3125,0.013141058051660928
2023-05-22 21:00:00,580738.3125,0.013141058051660928
2023-05-22 22:00:00,580738.375,0.013141058051660928
2023-05-22 23:00:00,580738.4375,0.013141058051660928
2023-05-23 00:00:00,580738.4375,0.013141058051660928
2023-05-23 01:00:00,580738.5625,0.013141058051660928
2023-05-23 02:00:00,580738.5625,0.013141058051660928
2023-05-23 03:00:00,580738.5625,0.013141058051660928
2023-05-23 04:00:00,580738.625,0.013141058051660928
2023-05-23 05:00:00,580738.625,0.013141058051660928
2023-05-23 06:00:00,580738.6875,0.013141058051660928
2023-05-23 07:00:00,580738.6875,0.013141058051660928
2023-05-23 08:00:00,580738.75,0.013141058051660928
2023-05-23 09:00:00,580738.75,0.013141058051660928
2023-05-23 10:00:00,580738.75,0.013141058051660928
2023-05-23 11:00:00,580738.8125,0.013141058051660928
2023-05-23 12:00:00,580738.8125,0.013141058051660928
2023-05-23 13:00:00,580738.875,0.013141058051660928
2023-05-23 14:00:00,580738.875,0.013141058051660928
2023-05-23 15:00:00,580738.9375,0.013141058051660928
2023-05-23 16:00:00,580738.9375,0.013141058051660928
2023-05-23 17:00:00,580739.0,0.013141058051660928
2023-05-23 18:00:00,580739.0,0.013141058051660928
2023-05-23 19:00:00,580739.0625,0.013141058051660928
2023-05-23 20:00:00,580739.0625,0.013141058051660928
2023-05-23 21:00:00,580739.125,0.013141058051660928
2023-05-23 22:00:00,580739.125,0.013141058051660928
2023-05-23 23:00:00,580739.125,0.013141058051660928
2023-05-24 00:00:00,580739.1875,0.013141058051660928
2023-05-24 01:00:00,580739.1875,0.013141058051660928
2023-05-24 02:00:00,580739.25,0.013141058051660928
2023-05-24 03:00:00,580739.3125,0.013141058051660928
2023-05-24 04:00:00,580739.3125,0.013141058051660928
2023-05-24 05:00:00,580739.375,0.013141058051660928
2023-05-24 06:00:00,580739.375,0.013141058051660928
2023-05-24 07:00:00,580739.4375,0.013141058051660928
2023-05-24 08:00:00,580739.4375,0.013141058051660928
2023-05-24 09:00:00,580739.4375,0.013141058051660928
2023-05-24 10:00:00,580739.5,0.013141058051660928
2023-05-24 11:00:00,580739.5625,0.013141058051660928
2023-05-24 12:00:00,580739.5625,0.013141058051660928
2023-05-24 13:00:00,580739.5625,0.013141058051660928
2023-05-24 14:00:00,580739.6875,0.013141058051660928
2023-05-24 15:00:00,580739.75,0.013141058051660928
2023-05-24 16:00:00,580739.75,0.013141058051660928
2023-05-24 17:00:00,580739.8125,0.013141058051660928
2023-05-24 18:00:00,580739.8125,0.013141058051660928
2023-05-24 19:00:00,580739.875,0.013141058051660928
2023-05-24 20:00:00,580739.875,0.013141058051660928
2023-05-24 21:00:00,580739.9375,0.013141058051660928
2023-05-24 22:00:00,580739.9375,0.013141058051660928
2023-05-24 23:00:00,580739.9375,0.013141058051660928
2023-05-25 00:00:00,580740.0,0.013141058051660928
2023-05-25 01:00:00,580740.0625,0.013141058051660928
2023-05-25 02:00:00,580740.125,0.013141058051660928
2023-05-25 03:00:00,580740.125,0.013141058051660928
2023-05-25 04:00:00,580740.125,0.013141058051660928
2023-05-25 05:00:00,580740.25,0.013141058051660928
2023-05-25 06:00:00,580740.25,0.013141058051660928
2023-05-25 07:00:00,580740.25,0.013141058051660928
2023-05-25 08:00:00,580740.3125,0.013141058051660928
2023-05-25 09:00:00,580740.3125,0.013141058051660928
2023-05-25 10:00:00,580740.375,0.013141058051660928
2023-05-25 11:00:00,580740.375,0.013141058051660928
2023-05-25 12:00:00,580740.375,0.013141058051660928
2023-05-25 13:00:00,580740.4375,0.013141058051660928
2023-05-25 14:00:00,580740.5,0.013141058051660928
2023-05-25 15:00:00,580740.5,0.013141058051660928
2023-05-25 16:00:00,580740.5625,0.013141058051660928
2023-05-25 17:00:00,580740.625,0.013141058051660928
2023-05-25 18:00:00,580740.625,0.013141058051660928
2023-05-25 19:00:00,580740.6875,0.013141058051660928
2023-05-25 20:00:00,580740.6875,0.013141058051660928
2023-05-25 21:00:00,580740.6875,0.013141058051660928
2023-05-25 22:00:00,580740.8125,0.013141058051660928
2023-05-25 23:00:00,580740.875,0.013141058051660928
2023-05-26 00:00:00,580740.875,0.013141058051660928
2023-05-26 01:00:00,580740.9375,0.013141058051660928
2023-05-26 02:00:00,580740.9375,0.013141058051660928
2023-05-26 03:00:00,580741.0,0.013141058051660928
2023-05-26 04:00:00,580741.0625,0.013141058051660928
2023-05-26 05:00:00,580741.0625,0.013141058051660928
2023-05-26 06:00:00,580741.125,0.013141058051660928
2023-05-26 07:00:00,580741.125,0.013141058051660928
2023-05-26 08:00:00,580741.1875,0.013141058051660928
2023-05-26 09:00:00,580741.1875,0.013141058051660928
2023-05-26 10:00:00,580741.1875,0.013141058051660928
2023-05-26 11:00:00,580741.25,0.013141058051660928
2023-05-26 12:00:00,580741.3125,0.013141058051660928
2023-05-26 13:00:00,580741.3125,0.013141058051660928
2023-05-26 14:00:00,580741.375,0.013141058051660928
2023-05-26 15:00:00,580741.4375,0.013141058051660928
2023-05-26 16:00:00,580741.4375,0.013141058051660928
2023-05-26 17:00:00,580741.5,0.013141058051660928
2023-05-26 18:00:00,580741.5,0.013141058051660928
2023-05-26 19:00:00,580741.5,0.013141058051660928
2023-05-26 20:00:00,580741.5625,0.013141058051660928
2023-05-26 21:00:00,580741.625,0.013141058051660928
2023-05-26 22:00:00,580741.625,0.013141058051660928
2023-05-26 23:00:00,580741.6875,0.013141058051660928
2023-05-27 00:00:00,580741.6875,0.013141058051660928
2023-05-27 01:00:00,580741.75,0.013141058051660928
2023-05-27 02:00:00,580741.8125,0.013141058051660928
2023-05-27 03:00:00,580741.8125,0.013141058051660928
2023-05-27 04:00:00,580741.9375,0.013141058051660928
2023-05-27 05:00:00,580742.0,0.013141058051660928
2023-05-27 06:00:00,580742.0,0.013141058051660928
2023-05-27 07:00:00,580742.0,0.013141058051660928
2023-05-27 08:00:00,580742.0625,0.013141058051660928
2023-05-27 09:00:00,580742.0625,0.013141058051660928
2023-05-27 10:00:00,580742.125,0.013141058051660928
2023-05-27 11:00:00,580742.125,0.013141058051660928
2023-05-27 12:00:00,580742.1875,0.013141058051660928
2023-05-27 13:00:00,580742.25,0.013141058051660928
2023-05-27 14:00:00,580742.3125,0.013141058051660928
2023-05-27 15:00:00,580742.3125,0.013141058051660928
2023-05-27 16:00:00,580742.375,0.013141058051660928
2023-05-27 17:00:00,580742.375,0.013141058051660928
2023-05-27 18:00:00,580742.4375,0.013141058051660928
2023-05-27 19:00:00,580742.4375,0.013141058051660928
2023-05-27 20:00:00,580742.5,0.013141058051660928
2023-05-27 21:00:00,580742.5,0.013141058051660928
2023-05-27 22:00:00,580742.5625,0.013141058051660928
2023-05-27 23:00:00,580742.625,0.013141058051660928
2023-05-28 00:00:00,580742.625,0.013141058051660928
2023-05-28 01:00:00,580742.6875,0.013141058051660928
2023-05-28 02:00:00,580742.75,0.013141058051660928
2023-05-28 03:00:00,580742.75,0.013141058051660928
2023-05-28 04:00:00,580742.75,0.013141058051660928
2023-05-28 05:00:00,580742.8125,0.013141058051660928
2023-05-28 06:00:00,580742.875,0.013141058051660928
2023-05-28 07:00:00,580742.875,0.013141058051660928
2023-05-28 08:00:00,580742.875,0.013141058051660928
2023-05-28 09:00:00,580743.0625,0.013141058051660928
2023-05-28 10:00:00,580743.0625,0.013141058051660928
2023-05-28 11:00:00,580743.125,0.013141058051660928
2023-05-28 12:00:00,580743.125,0.013141058051660928
2023-05-28 13:00:00,580743.1875,0.013141058051660928
2023-05-28 14:00:00,580743.1875,0.013141058051660928
2023-05-28 15:00:00,580743.25,0.013141058051660928
2023-05-28 16:00:00,580743.3125,0.013141058051660928
2023-05-28 17:00:00,580743.3125,0.013141058051660928
2023-05-28 18:00:00,580743.3125,0.013141058051660928
2023-05-28 19:00:00,580743.4375,0.013141058051660928
2023-05-28 20:00:00,580743.4375,0.013141058051660928
2023-05-28 21:00:00,580743.4375,0.013141058051660928
2023-05-28 22:00:00,580743.5,0.013141058051660928
2023-05-28 23:00:00,580743.5625,0.013141058051660928
2023-05-29 00:00:00,580743.5625,0.013141058051660928
2023-05-29 01:00:00,580743.5625,0.013141058051660928
2023-05-29 02:00:00,580743.625,0.013141058051660928
2023-05-29 03:00:00,580743.6875,0.013141058051660928
2023-05-29 04:00:00,580743.6875,0.013141058051660928
2023-05-29 05:00:00,580743.75,0.013141058051660928
2023-05-29 06:00:00,580743.8125,0.013141058051660928
2023-05-29 07:00:00,580743.8125,0.013141058051660928
2023-05-29 08:00:00,580743.875,0.013141058051660928
2023-05-29 09:00:00,580743.875,0.013141058051660928
2023-05-29 10:00:00,580743.9375,0.013141058051660928
2023-05-29 11:00:00,580744.0,0.013141058051660928
2023-05-29 12:00:00,580744.0,0.013141058051660928
2023-05-29 13:00:00,580744.0625,0.013141058051660928
2023-05-29 14:00:00,580744.0625,0.013141058051660928
2023-05-29 15:00:00,580744.1875,0.013141058051660928
2023-05-29 16:00:00,580744.25,0.013141058051660928
2023-05-29 17:00:00,580744.25,0.013141058051660928
2023-05-29 18:00:00,580744.3125,0.013141058051660928
2023-05-29 19:00:00,580744.375,0.013141058051660928
2023-05-29 20:00:00,580744.375,0.013141058051660928
2023-05-29 21:00:00,580744.375,0.013141058051660928
2023-05-29 22:00:00,580744.5,0.013141058051660928
2023-05-29 23:00:00,580744.5,0.013141058051660928
2023-05-30 00:00:00,580744.5625,0.013141058051660928
2023-05-30 01:00:00,580744.5625,0.013141058051660928
2023-05-30 02:00:00,580744.625,0.013141058051660928
2023-05-30 03:00:00,580744.6875,0.013141058051660928
2023-05-30 04:00:00,580744.6875,0.013141058051660928
2023-05-30 05:00:00,580744.75,0.013141058051660928
2023-05-30 06:00:00,580744.75,0.013141058051660928
2023-05-30 07:00:00,580744.8125,0.013141058051660928
2023-05-30 08:00:00,580744.875,0.013141058051660928
2023-05-30 09:00:00,580744.875,0.013141058051660928
2023-05-30 10:00:00,580744.9375,0.013141058051660928
2023-05-30 11:00:00,580745.0,0.013141058051660928
2023-05-30 12:00:00,580745.0,0.013141058051660928
2023-05-30 13:00:00,580745.0625,0.013141058051660928
2023-05-30 14:00:00,580745.0625,0.013141058051660928
2023-05-30 15:00:00,580745.125,0.013141058051660928
2023-05-30 16:00:00,580745.125,0.013141058051660928
2023-05-30 17:00:00,580745.1875,0.013141058051660928
2023-05-30 18:00:00,580745.3125,0.013141058051660928
2023-05-30 19:00:00,580745.3125,0.013141058051660928
2023-05-30 20:00:00,580745.375,0.013141058051660928
2023-05-30 21:00:00,580745.4375,0.013141058051660928
2023-05-30 22:00:00,580745.4375,0.013141058051660928
2023-05-30 23:00:00,580745.5,0.013141058051660928
2023-05-31 00:00:00,580745.5,0.013141058051660928
2023-05-31 01:00:00,580745.5625,0.013141058051660928
2023-05-31 02:00:00,580745.5625,0.013141058051660928
2023-05-31 03:00:00,580745.625,0.013141058051660928
2023-05-31 04:00:00,580745.6875,0.013141058051660928
2023-05-31 05:00:00,580745.6875,0.013141058051660928
2023-05-31 06:00:00,580745.75,0.013141058051660928
2023-05-31 07:00:00,580745.8125,0.013141058051660928
2023-05-31 08:00:00,580745.8125,0.013141058051660928
2023-05-31 09:00:00,580745.875,0.013141058051660928
2023-05-31 10:00:00,580745.875,0.013141058051660928
2023-05-31 11:00:00,580745.9375,0.013141058051660928
2023-05-31 12:00:00,580745.9375,0.013141058051660928
2023-05-31 13:00:00,580746.0625,0.013141058051660928
2023-05-31 14:00:00,580746.0625,0.013141058051660928
2023-05-31 15:00:00,580746.0625,0.013141058051660928
2023-05-31 16:00:00,580746.125,0.013141058051660928
2023-05-31 17:00:00,580746.1875,0.013141058051660928
2023-05-31 18:00:00,580746.1875,0.013141058051660928
2023-05-31 19:00:00,580746.25,0.013141058051660928
2023-05-31 20:00:00,580746.25,0.013141058051660928
2023-05-31 21:00:00,580746.375,0.013141058051660928
2023-05-31 22:00:00,580746.4375,0.013141058051660928
2023-05-31 23:00:00,580746.5,0.013141058051660928
2023-06-01 00:00:00,580746.5,0.013141058051660928
2023-06-01 01:00:00,580746.5625,0.013141058051660928
2023-06-01 02:00:00,580746.625,0.013141058051660928
2023-06-01 03:00:00,580746.625,0.013141058051660928
2023-06-01 04:00:00,580746.6875,0.013141058051660928
2023-06-01 05:00:00,580746.75,0.013141058051660928
2023-06-01 06:00:00,580746.75,0.013141058051660928
2023-06-01 07:00:00,580746.75,0.013141058051660928
2023-06-01 08:00:00,580746.8125,0.013141058051660928
2023-06-01 09:00:00,580746.875,0.013141058051660928
2023-06-01 10:00:00,580746.875,0.013141058051660928
2023-06-01 11:00:00,580746.9375,0.013141058051660928
2023-06-01 12:00:00,580747.0,0.013141058051660928
2023-06-01 13:00:00,580747.0,0.013141058051660928
2023-06-01 14:00:00,580747.0,0.013141058051660928
2023-06-01 15:00:00,580747.0625,0.013141058051660928
2023-06-01 16:00:00,580747.0625,0.013141058051660928
2023-06-01 17:00:00,580747.125,0.013141058051660928
2023-06-01 18:00:00,580747.125,0.013141058051660928
2023-06-01 19:00:00,580747.125,0.013141058051660928
2023-06-01 20:00:00,580747.1875,0.013141058051660928
2023-06-01 21:00:00,580747.1875,0.013141058051660928
2023-06-01 22:00:00,580747.25,0.013141058051660928
2023-06-01 23:00:00,580747.25,0.013141058051660928
2023-06-02 00:00:00,580747.25,0.013141058051660928
2023-06-02 01:00:00,580747.25,0.013141058051660928
2023-06-02 02:00:00,580747.25,0.013141058051660928
2023-06-02 03:00:00,580747.25,0.013141058051660928
2023-06-02 04:00:00,580747.25,0.013141058051660928
2023-06-02 05:00:00,580747.25,0.013141058051660928
2023-06-02 06:00:00,580747.25,0.013141058051660928
2023-06-02 07:00:00,580747.25,0.013141058051660928
2023-06-02 08:00:00,580747.25,0.013141058051660928
2023-06-02 09:00:00,580747.25,0.013141058051660928
2023-06-02 10:00:00,580747.25,0.013141058051660928
2023-06-02 11:00:00,580747.25,0.013141058051660928
2023-06-02 12:00:00,580747.25,0.013141058051660928
2023-06-02 13:00:00,580747.25,0.013141058051660928
2023-06-02 14:00:00,580747.25,0.013141058051660928
2023-06-02 15:00:00,580747.25,0.013141058051660928
2023-06-02 16:00:00,580747.25,0.013141058051660928
2023-06-02 17:00:00,580747.25,0.013141058051660928
2023-06-02 18:00:00,580747.25,0.013141058051660928
2023-06-02 19:00:00,580747.25,0.013141058051660928
2023-06-02 20:00:00,580747.25,0.013141058051660928
2023-06-02 21:00:00,580747.25,0.013141058051660928
2023-06-02 22:00:00,580747.25,0.013141058051660928
2023-06-02 23:00:00,580747.25,0.013141058051660928
2023-06-03 00:00:00,580747.25,0.013141058051660928
2023-06-03 01:00:00,580747.25,0.013141058051660928
2023-06-03 02:00:00,580747.25,0.013141058051660928
2023-06-03 03:00:00,580747.25,0.013141058051660928
2023-06-03 04:00:00,580747.25,0.013141058051660928
2023-06-03 05:00:00,580747.25,0.013141058051660928
2023-06-03 06:00:00,580747.25,0.013141058051660928
2023-06-03 07:00:00,580747.25,0.013141058051660928
2023-06-03 08:00:00,580747.25,0.013141058051660928
2023-06-03 09:00:00,580747.25,0.013141058051660928
2023-06-03 10:00:00,580747.25,0.013141058051660928
2023-06-03 11:00:00,580747.25,0.013141058051660928
2023-06-03 12:00:00,580747.25,0.013141058051660928
2023-06-03 13:00:00,580747.25,0.013141058051660928
2023-06-03 14:00:00,580747.25,0.013141058051660928
2023-06-03 15:00:00,580747.25,0.013141058051660928
2023-06-03 16:00:00,580747.25,0.013141058051660928
2023-06-03 17:00:00,580747.25,0.013141058051660928
2023-06-03 18:00:00,580747.25,0.013141058051660928
2023-06-03 19:00:00,580747.25,0.013141058051660928
2023-06-03 20:00:00,580747.25,0.013141058051660928
2023-06-03 21:00:00,580747.25,0.013141058051660928
2023-06-03 22:00:00,580747.25,0.013141058051660928
2023-06-03 23:00:00,580747.3125,0.013141058051660928
2023-06-04 00:00:00,580747.3125,0.013141058051660928
2023-06-04 01:00:00,580747.25,0.013141058051660928
2023-06-04 02:00:00,580747.25,0.013141058051660928
2023-06-04 03:00:00,580747.25,0.013141058051660928
2023-06-04 04:00:00,580747.25,0.013141058051660928
2023-06-04 05:00:00,580747.25,0.013141058051660928
2023-06-04 06:00:00,580747.25,0.013141058051660928
2023-06-04 07:00:00,580747.25,0.013141058051660928
2023-06-04 08:00:00,580747.25,0.013141058051660928
2023-06-04 09:00:00,580747.25,0.013141058051660928
2023-06-04 10:00:00,580747.25,0.013141058051660928
2023-06-04 11:00:00,580747.25,0.013141058051660928
2023-06-04 12:00:00,580747.25,0.013141058051660928
2023-06-04 13:00:00,580747.25,0.013141058051660928
2023-06-04 14:00:00,580747.25,0.013141058051660928
2023-06-04 15:00:00,580747.25,0.013141058051660928
2023-06-04 16:00:00,580747.25,0.013141058051660928
2023-06-04 17:00:00,580747.25,0.013141058051660928
2023-06-04 18:00:00,580747.25,0.013141058051660928
2023-06-04 19:00:00,580747.25,0.013141058051660928
2023-06-04 20:00:00,580747.25,0.013141058051660928
2023-06-04 21:00:00,580747.3125,0.013141058051660928
2023-06-04 22:00:00,580747.3125,0.013141058051660928
2023-06-04 23:00:00,580747.3125,0.013141058051660928
2023-06-05 00:00:00,580747.25,0.013141058051660928
2023-06-05 01:00:00,580747.3125,0.013141058051660928
2023-06-05 02:00:00,580747.25,0.013141058051660928
2023-06-05 03:00:00,580747.25,0.013141058051660928
2023-06-05 04:00:00,580747.25,0.013141058051660928
2023-06-05 05:00:00,580747.25,0.013141058051660928
2023-06-05 06:00:00,580747.25,0.013141058051660928
2023-06-05 07:00:00,580747.25,0.013141058051660928
2023-06-05 08:00:00,580747.25,0.013141058051660928
2023-06-05 09:00:00,580747.25,0.013141058051660928
2023-06-05 10:00:00,580747.25,0.013141058051660928
2023-06-05 11:00:00,580747.25,0.013141058051660928
2023-06-05 12:00:00,580747.25,0.013141058051660928
2023-06-05 13:00:00,580747.25,0.013141058051660928
2023-06-05 14:00:00,580747.25,0.013141058051660928
2023-06-05 15:00:00,580747.25,0.013141058051660928
2023-06-05 16:00:00,580747.25,0.013141058051660928
2023-06-05 17:00:00,580747.25,0.013141058051660928
2023-06-05 18:00:00,580747.25,0.013141058051660928
2023-06-05 19:00:00,580747.25,0.013141058051660928
2023-06-05 20:00:00,580747.25,0.013141058051660928
2023-06-05 21:00:00,580747.25,0.013141058051660928
2023-06-05 22:00:00,580747.25,0.013141058051660928
2023-06-05 23:00:00,580747.25,0.013141058051660928
2023-06-06 00:00:00,580747.25,0.013141058051660928
2023-06-06 01:00:00,580747.25,0.013141058051660928
2023-06-06 02:00:00,580747.25,0.013141058051660928
2023-06-06 03:00:00,580747.25,0.013141058051660928
2023-06-06 04:00:00,580747.25,0.013141058051660928
2023-06-06 05:00:00,580747.25,0.013141058051660928
2023-06-06 06:00:00,580747.25,0.013141058051660928
2023-06-06 07:00:00,580747.25,0.013141058051660928
2023-06-06 08:00:00,580747.25,0.013141058051660928
2023-06-06 09:00:00,580747.25,0.013141058051660928
2023-06-06 10:00:00,580747.25,0.013141058051660928
2023-06-06 11:00:00,580747.25,0.013141058051660928
2023-06-06 12:00:00,580747.25,0.013141058051660928
2023-06-06 13:00:00,580747.25,0.013141058051660928
2023-06-06 14:00:00,580747.25,0.013141058051660928
2023-06-06 15:00:00,580747.25,0.013141058051660928
2023-06-06 16:00:00,580747.25,0.013141058051660928
2023-06-06 17:00:00,580747.25,0.013141058051660928
2023-06-06 18:00:00,580747.25,0.013141058051660928
2023-06-06 19:00:00,580747.25,0.013141058051660928
2023-06-06 20:00:00,580747.25,0.013141058051660928
2023-06-06 21:00:00,580747.25,0.013141058051660928
2023-06-06 22:00:00,580747.25,0.013141058051660928
2023-06-06 23:00:00,580747.25,0.013141058051660928
2023-06-07 00:00:00,580747.25,0.013141058051660928
2023-06-07 01:00:00,580747.25,0.013141058051660928
2023-06-07 02:00:00,580747.25,0.013141058051660928
2023-06-07 03:00:00,580747.25,0.013141058051660928
2023-06-07 04:00:00,580747.25,0.013141058051660928
2023-06-07 05:00:00,580747.25,0.013141058051660928
2023-06-07 06:00:00,580747.25,0.013141058051660928
2023-06-07 07:00:00,580747.25,0.013141058051660928
2023-06-07 08:00:00,580747.25,0.013141058051660928
2023-06-07 09:00:00,580747.25,0.013141058051660928
2023-06-07 10:00:00,580747.25,0.013141058051660928
2023-06-07 11:00:00,580747.25,0.013141058051660928
2023-06-07 12:00:00,580747.25,0.013141058051660928
2023-06-07 13:00:00,580747.25,0.013141058051660928
2023-06-07 14:00:00,580747.25,0.013141058051660928
2023-06-07 15:00:00,580747.25,0.013141058051660928
2023-06-07 16:00:00,580747.25,0.013141058051660928
2023-06-07 17:00:00,580747.25,0.013141058051660928
2023-06-07 18:00:00,580747.25,0.013141058051660928
2023-06-07 19:00:00,580747.25,0.013141058051660928
2023-06-07 20:00:00,580747.25,0.013141058051660928
2023-06-07 21:00:00,580747.25,0.013141058051660928
2023-06-07 22:00:00,580747.25,0.013141058051660928
2023-06-07 23:00:00,580747.25,0.013141058051660928
2023-06-08 00:00:00,580747.25,0.013141058051660928
2023-06-08 01:00:00,580747.25,0.013141058051660928
2023-06-08 02:00:00,580747.25,0.013141058051660928
2023-06-08 03:00:00,580747.25,0.013141058051660928
2023-06-08 04:00:00,580747.25,0.013141058051660928
2023-06-08 05:00:00,580747.25,0.013141058051660928
2023-06-08 06:00:00,580747.25,0.013141058051660928
2023-06-08 07:00:00,580747.25,0.013141058051660928
2023-06-08 08:00:00,580747.25,0.013141058051660928
2023-06-08 09:00:00,580747.25,0.013141058051660928
2023-06-08 10:00:00,580747.25,0.013141058051660928
2023-06-08 11:00:00,580747.25,0.013141058051660928
2023-06-08 12:00:00,580747.25,0.013141058051660928
2023-06-08 13:00:00,580747.25,0.013141058051660928
2023-06-08 14:00:00,580747.25,0.013141058051660928
2023-06-08 15:00:00,580747.25,0.013141058051660928
2023-06-08 16:00:00,580747.25,0.013141058051660928
2023-06-08 17:00:00,580747.25,0.013141058051660928
2023-06-08 18:00:00,580747.25,0.013141058051660928
2023-06-08 19:00:00,580747.25,0.013141058051660928
2023-06-08 20:00:00,580747.25,0.013141058051660928
2023-06-08 21:00:00,580747.25,0.013141058051660928
2023-06-08 22:00:00,580747.25,0.013141058051660928
2023-06-08 23:00:00,580747.25,0.013141058051660928
2023-06-09 00:00:00,580747.25,0.013141058051660928
2023-06-09 01:00:00,580747.25,0.013141058051660928
2023-06-09 02:00:00,580747.25,0.013141058051660928
2023-06-09 03:00:00,580747.25,0.013141058051660928
2023-06-09 04:00:00,580747.25,0.013141058051660928
2023-06-09 05:00:00,580747.25,0.013141058051660928
2023-06-09 06:00:00,580747.25,0.013141058051660928
2023-06-09 07:00:00,580747.25,0.013141058051660928
2023-06-09 08:00:00,580747.25,0.013141058051660928
2023-06-09 09:00:00,580747.25,0.013141058051660928
2023-06-09 10:00:00,580747.25,0.013141058051660928
2023-06-09 11:00:00,580747.25,0.013141058051660928
2023-06-09 12:00:00,580747.25,0.013141058051660928
2023-06-09 13:00:00,580747.25,0.013141058051660928
2023-06-09 14:00:00,580747.25,0.013141058051660928
2023-06-09 15:00:00,580747.25,0.013141058051660928
2023-06-09 16:00:00,580747.25,0.013141058051660928
2023-06-09 17:00:00,580747.25,0.013141058051660928
2023-06-09 18:00:00,580747.25,0.013141058051660928
2023-06-09 19:00:00,580747.25,0.013141058051660928
2023-06-09 20:00:00,580747.25,0.013141058051660928
2023-06-09 21:00:00,580747.25,0.013141058051660928
2023-06-09 22:00:00,580747.25,0.013141058051660928
2023-06-09 23:00:00,580747.25,0.013141058051660928
2023-06-10 00:00:00,580747.25,0.013141058051660928
2023-06-10 01:00:00,580747.25,0.013141058051660928
2023-06-10 02:00:00,580747.25,0.013141058051660928
2023-06-10 03:00:00,580747.25,0.013141058051660928
2023-06-10 04:00:00,580747.25,0.013141058051660928
2023-06-10 05:00:00,580747.25,0.013141058051660928
2023-06-10 06:00:00,580747.25,0.013141058051660928
2023-06-10 07:00:00,580747.25,0.013141058051660928
2023-06-10 08:00:00,580747.25,0.013141058051660928
2023-06-10 09:00:00,580747.25,0.013141058051660928
2023-06-10 10:00:00,580747.25,0.013141058051660928
2023-06-10 11:00:00,580747.25,0.013141058051660928
2023-06-10 12:00:00,580747.25,0.013141058051660928
2023-06-10 13:00:00,580747.25,0.013141058051660928
2023-06-10 14:00:00,580747.25,0.013141058051660928
2023-06-10 15:00:00,580747.25,0.013141058051660928
2023-06-10 16:00:00,580747.25,0.013141058051660928
2023-06-10 17:00:00,580747.25,0.013141058051660928
2023-06-10 18:00:00,580747.25,0.013141058051660928
2023-06-10 19:00:00,580747.25,0.013141058051660928
2023-06-10 20:00:00,580747.25,0.013141058051660928
2023-06-10 21:00:00,580747.25,0.013141058051660928
2023-06-10 22:00:00,580747.25,0.013141058051660928
2023-06-10 23:00:00,580747.25,0.013141058051660928
2023-06-11 00:00:00,580747.25,0.013141058051660928
2023-06-11 01:00:00,580747.25,0.013141058051660928
2023-06-11 02:00:00,580747.25,0.013141058051660928
2023-06-11 03:00:00,580747.25,0.013141058051660928
2023-06-11 04:00:00,580747.25,0.013141058051660928
2023-06-11 05:00:00,580747.25,0.013141058051660928
2023-06-11 06:00:00,580747.25,0.013141058051660928
2023-06-11 07:00:00,580747.25,0.013141058051660928
2023-06-11 08:00:00,580747.25,0.013141058051660928
2023-06-11 09:00:00,580747.25,0.013141058051660928
2023-06-11 10:00:00,580747.25,0.013141058051660928
2023-06-11 11:00:00,580747.25,0.013141058051660928
2023-06-11 12:00:00,580747.25,0.013141058051660928
2023-06-11 13:00:00,580747.25,0.013141058051660928
2023-06-11 14:00:00,580747.25,0.013141058051660928
2023-06-11 15:00:00,580747.25,0.013141058051660928
2023-06-11 16:00:00,580747.25,0.013141058051660928
2023-06-11 17:00:00,580747.3125,0.013141058051660928
2023-06-11 18:00:00,580747.3125,0.013141058051660928
2023-06-11 19:00:00,580747.3125,0.013141058051660928
2023-06-11 20:00:00,580747.25,0.013141058051660928
2023-06-11 21:00:00,580747.25,0.013141058051660928
2023-06-11 22:00:00,580747.25,0.013141058051660928
2023-06-11 23:00:00,580747.3125,0.013141058051660928
2023-06-12 00:00:00,580747.25,0.013141058051660928
2023-06-12 01:00:00,580747.25,0.013141058051660928
2023-06-12 02:00:00,580747.25,0.013141058051660928
2023-06-12 03:00:00,580747.25,0.013141058051660928
2023-06-12 04:00:00,580747.25,0.013141058051660928
2023-06-12 05:00:00,580747.25,0.013141058051660928
2023-06-12 06:00:00,580747.25,0.013141058051660928
2023-06-12 07:00:00,580747.25,0.013141058051660928
2023-06-12 08:00:00,580747.25,0.013141058051660928
2023-06-12 09:00:00,580747.25,0.013141058051660928
2023-06-12 10:00:00,580747.25,0.013141058051660928
2023-06-12 11:00:00,580747.25,0.013141058051660928
2023-06-12 12:00:00,580747.25,0.013141058051660928
2023-06-12 13:00:00,580747.25,0.013141058051660928
2023-06-12 14:00:00,580747.25,0.013141058051660928
2023-06-12 15:00:00,580747.25,0.013141058051660928
2023-06-12 16:00:00,580747.25,0.013141058051660928
2023-06-12 17:00:00,580747.25,0.013141058051660928
2023-06-12 18:00:00,580747.25,0.013141058051660928
2023-06-12 19:00:00,580747.25,0.013141058051660928
2023-06-12 20:00:00,580747.25,0.013141058051660928
2023-06-12 21:00:00,580747.25,0.013141058051660928
2023-06-12 22:00:00,580747.25,0.013141058051660928
2023-06-12 23:00:00,580747.25,0.013141058051660928
2023-06-13 00:00:00,580747.25,0.013141058051660928
2023-06-13 01:00:00,580747.25,0.013141058051660928
2023-06-13 02:00:00,580747.25,0.013141058051660928
2023-06-13 03:00:00,580747.25,0.013141058051660928
2023-06-13 04:00:00,580747.25,0.013141058051660928
2023-06-13 05:00:00,580747.25,0.013141058051660928
2023-06-13 06:00:00,580747.25,0.013141058051660928
2023-06-13 07:00:00,580747.25,0.013141058051660928
2023-06-13 08:00:00,580747.25,0.013141058051660928
2023-06-13 09:00:00,580747.25,0.013141058051660928
2023-06-13 10:00:00,580747.25,0.013141058051660928
2023-06-13 11:00:00,580747.25,0.013141058051660928
2023-06-13 12:00:00,580747.25,0.013141058051660928
2023-06-13 13:00:00,580747.25,0.013141058051660928
2023-06-13 14:00:00,580747.25,0.013141058051660928
2023-06-13 15:00:00,580747.25,0.013141058051660928
2023-06-13 16:00:00,580747.25,0.013141058051660928
2023-06-13 17:00:00,580747.25,0.013141058051660928
2023-06-13 18:00:00,580747.25,0.013141058051660928
2023-06-13 19:00:00,580747.25,0.013141058051660928
2023-06-13 20:00:00,580747.25,0.013141058051660928
2023-06-13 21:00:00,580747.25,0.013141058051660928
2023-06-13 22:00:00,580747.25,0.013141058051660928
2023-06-13 23:00:00,580747.25,0.013141058051660928
2023-06-14 00:00:00,580747.3125,0.013141058051660928
2023-06-14 01:00:00,580747.25,0.013141058051660928
2023-06-14 02:00:00,580747.25,0.013141058051660928
2023-06-14 03:00:00,580747.25,0.013141058051660928
2023-06-14 04:00:00,580747.25,0.013141058051660928
2023-06-14 05:00:00,580747.25,0.013141058051660928
2023-06-14 06:00:00,580747.25,0.013141058051660928
2023-06-14 07:00:00,580747.25,0.013141058051660928
2023-06-14 08:00:00,580747.25,0.013141058051660928
2023-06-14 09:00:00,580747.25,0.013141058051660928
2023-06-14 10:00:00,580747.25,0.013141058051660928
2023-06-14 11:00:00,580747.25,0.013141058051660928
2023-06-14 12:00:00,580747.25,0.013141058051660928
2023-06-14 13:00:00,580747.25,0.013141058051660928
2023-06-14 14:00:00,580747.25,0.013141058051660928
2023-06-14 15:00:00,580747.25,0.013141058051660928
2023-06-14 16:00:00,580747.3125,0.013141058051660928
2023-06-14 17:00:00,580747.25,0.013141058051660928
2023-06-14 18:00:00,580747.25,0.013141058051660928
2023-06-14 19:00:00,580747.25,0.013141058051660928
2023-06-14 20:00:00,580747.25,0.013141058051660928
2023-06-14 21:00:00,580747.25,0.013141058051660928
2023-06-14 22:00:00,580747.25,0.013141058051660928
2023-06-14 23:00:00,580747.25,0.013141058051660928
2023-06-15 00:00:00,580747.25,0.013141058051660928
2023-06-15 01:00:00,580747.25,0.013141058051660928
2023-06-15 02:00:00,580747.25,0.013141058051660928
2023-06-15 03:00:00,580747.25,0.013141058051660928
2023-06-15 04:00:00,580747.25,0.013141058051660928
2023-06-15 05:00:00,580747.25,0.013141058051660928
2023-06-15 06:00:00,580747.25,0.013141058051660928
2023-06-15 07:00:00,580747.25,0.013141058051660928
2023-06-15 08:00:00,580747.25,0.013141058051660928
2023-06-15 09:00:00,580747.25,0.013141058051660928
2023-06-15 10:00:00,580747.25,0.013141058051660928
2023-06-15 11:00:00,580747.25,0.013141058051660928
2023-06-15 12:00:00,580747.25,0.013141058051660928
2023-06-15 13:00:00,580747.25,0.013141058051660928
2023-06-15 14:00:00,580747.25,0.013141058051660928
2023-06-15 15:00:00,580747.25,0.013141058051660928
2023-06-15 16:00:00,580747.25,0.013141058051660928
2023-06-15 17:00:00,580747.25,0.013141058051660928
2023-06-15 18:00:00,580747.25,0.013141058051660928
2023-06-15 19:00:00,580747.25,0.013141058051660928
2023-06-15 20:00:00,580747.25,0.013141058051660928
2023-06-15 21:00:00,580747.25,0.013141058051660928
2023-06-15 22:00:00,580747.25,0.013141058051660928
2023-06-15 23:00:00,580747.3125,0.013141058051660928
2023-06-16 00:00:00,580747.25,0.013141058051660928
2023-06-16 01:00:00,580747.25,0.013141058051660928
2023-06-16 02:00:00,580747.25,0.013141058051660928
2023-06-16 03:00:00,580747.3125,0.013141058051660928
2023-06-16 04:00:00,580747.25,0.013141058051660928
2023-06-16 05:00:00,580747.25,0.013141058051660928
2023-06-16 06:00:00,580747.25,0.013141058051660928
2023-06-16 07:00:00,580747.25,0.013141058051660928
2023-06-16 08:00:00,580747.25,0.013141058051660928
2023-06-16 09:00:00,580747.25,0.013141058051660928
2023-06-16 10:00:00,580747.25,0.013141058051660928
2023-06-16 11:00:00,580747.25,0.013141058051660928
2023-06-16 12:00:00,580747.25,0.013141058051660928
2023-06-16 13:00:00,580747.25,0.013141058051660928
2023-06-16 14:00:00,580747.25,0.013141058051660928
2023-06-16 15:00:00,580747.25,0.013141058051660928
2023-06-16 16:00:00,580747.25,0.013141058051660928
2023-06-16 17:00:00,580747.25,0.013141058051660928
2023-06-16 18:00:00,580747.25,0.013141058051660928
2023-06-16 19:00:00,580747.25,0.013141058051660928
2023-06-16 20:00:00,580747.25,0.013141058051660928
2023-06-16 21:00:00,580747.25,0.013141058051660928
2023-06-16 22:00:00,580747.25,0.013141058051660928
2023-06-16 23:00:00,580747.25,0.013141058051660928
2023-06-17 00:00:00,580747.25,0.013141058051660928
2023-06-17 01:00:00,580747.25,0.013141058051660928
2023-06-17 02:00:00,580747.3125,0.013141058051660928
2023-06-17 03:00:00,580747.3125,0.013141058051660928
2023-06-17 04:00:00,580747.3125,0.013141058051660928
2023-06-17 05:00:00,580747.3125,0.013141058051660928
2023-06-17 06:00:00,580747.3125,0.013141058051660928
2023-06-17 07:00:00,580747.3125,0.013141058051660928
2023-06-17 08:00:00,580747.3125,0.013141058051660928
2023-06-17 09:00:00,580747.3125,0.013141058051660928
2023-06-17 10:00:00,580747.3125,0.013141058051660928
2023-06-17 11:00:00,580747.3125,0.013141058051660928
2023-06-17 12:00:00,580747.3125,0.013141058051660928
2023-06-17 13:00:00,580747.3125,0.013141058051660928
2023-06-17 14:00:00,580747.3125,0.013141058051660928
2023-06-17 15:00:00,580747.3125,0.013141058051660928
2023-06-17 16:00:00,580747.3125,0.013141058051660928
2023-06-17 17:00:00,580747.3125,0.013141058051660928
2023-06-17 18:00:00,580747.3125,0.013141058051660928
2023-06-17 19:00:00,580747.3125,0.013141058051660928
2023-06-17 20:00:00,580747.3125,0.013141058051660928
2023-06-17 21:00:00,580747.3125,0.013141058051660928
2023-06-17 22:00:00,580747.3125,0.013141058051660928
2023-06-17 23:00:00,580747.3125,0.013141058051660928
2023-06-18 00:00:00,580747.3125,0.013141058051660928
2023-06-18 01:00:00,580747.3125,0.013141058051660928
2023-06-18 02:00:00,580747.3125,0.013141058051660928
2023-06-18 03:00:00,580747.375,0.013141058051660928
2023-06-18 04:00:00,580747.3125,0.013141058051660928
2023-06-18 05:00:00,580747.375,0.013141058051660928
2023-06-18 06:00:00,580747.3125,0.013141058051660928
2023-06-18 07:00:00,580747.3125,0.013141058051660928
2023-06-18 08:00:00,580747.3125,0.013141058051660928
2023-06-18 09:00:00,580747.3125,0.013141058051660928
2023-06-18 10:00:00,580747.3125,0.013141058051660928
2023-06-18 11:00:00,580747.375,0.013141058051660928
2023-06-18 12:00:00,580747.3125,0.013141058051660928
2023-06-18 13:00:00,580747.375,0.013141058051660928
2023-06-18 14:00:00,580747.375,0.013141058051660928
2023-06-18 15:00:00,580747.375,0.013141058051660928
2023-06-18 16:00:00,580747.3125,0.013141058051660928
2023-06-18 17:00:00,580747.3125,0.013141058051660928
2023-06-18 18:00:00,580747.3125,0.013141058051660928
2023-06-18 19:00:00,580747.3125,0.013141058051660928
2023-06-18 20:00:00,580747.3125,0.013141058051660928
2023-06-18 21:00:00,580747.3125,0.013141058051660928
2023-06-18 22:00:00,580747.3125,0.013141058051660928
2023-06-18 23:00:00,580747.375,0.013141058051660928
2023-06-19 00:00:00,580747.375,0.013141058051660928
2023-06-19 01:00:00,580747.3125,0.013141058051660928
2023-06-19 02:00:00,580747.375,0.013141058051660928
2023-06-19 03:00:00,580747.375,0.013141058051660928
2023-06-19 04:00:00,580747.375,0.013141058051660928
2023-06-19 05:00:00,580747.3125,0.013141058051660928
2023-06-19 06:00:00,580747.375,0.013141058051660928
2023-06-19 07:00:00,580747.3125,0.013141058051660928
2023-06-19 08:00:00,580747.3125,0.013141058051660928
2023-06-19 09:00:00,580747.3125,0.013141058051660928
2023-06-19 10:00:00,580747.3125,0.013141058051660928
2023-06-19 11:00:00,580747.3125,0.013141058051660928
2023-06-19 12:00:00,580747.3125,0.013141058051660928
2023-06-19 13:00:00,580747.3125,0.013141058051660928
2023-06-19 14:00:00,580747.3125,0.013141058051660928
2023-06-19 15:00:00,580747.3125,0.013141058051660928
2023-06-19 16:00:00,580747.3125,0.013141058051660928
2023-06-19 17:00:00,580747.3125,0.013141058051660928
2023-06-19 18:00:00,580747.3125,0.013141058051660928
2023-06-19 19:00:00,580747.3125,0.013141058051660928
2023-06-19 20:00:00,580747.3125,0.013141058051660928
2023-06-19 21:00:00,580747.3125,0.013141058051660928
2023-06-19 22:00:00,580747.3125,0.013141058051660928
2023-06-19 23:00:00,580747.3125,0.013141058051660928
2023-06-20 00:00:00,580747.3125,0.013141058051660928
2023-06-20 01:00:00,580747.3125,0.013141058051660928
2023-06-20 02:00:00,580747.3125,0.013141058051660928
2023-06-20 03:00:00,580747.375,0.013141058051660928
2023-06-20 04:00:00,580747.3125,0.013141058051660928
2023-06-20 05:00:00,580747.3125,0.013141058051660928
2023-06-20 06:00:00,580747.3125,0.013141058051660928
2023-06-20 07:00:00,580747.3125,0.013141058051660928
2023-06-20 08:00:00,580747.3125,0.013141058051660928
2023-06-20 09:00:00,580747.3125,0.013141058051660928
2023-06-20 10:00:00,580747.3125,0.013141058051660928
2023-06-20 11:00:00,580747.3125,0.013141058051660928
2023-06-20 12:00:00,580747.3125,0.013141058051660928
2023-06-20 13:00:00,580747.3125,0.013141058051660928
2023-06-20 14:00:00,580747.3125,0.013141058051660928
2023-06-20 15:00:00,580747.3125,0.013141058051660928
2023-06-20 16:00:00,580747.3125,0.013141058051660928
2023-06-20 17:00:00,580747.3125,0.013141058051660928
2023-06-20 18:00:00,580747.3125,0.013141058051660928
2023-06-20 19:00:00,580747.3125,0.013141058051660928
2023-06-20 20:00:00,580747.3125,0.013141058051660928
2023-06-20 21:00:00,580747.3125,0.013141058051660928
2023-06-20 22:00:00,580747.375,0.013141058051660928
2023-06-20 23:00:00,580747.3125,0.013141058051660928
2023-06-21 00:00:00,580747.3125,0.013141058051660928
2023-06-21 01:00:00,580747.3125,0.013141058051660928
2023-06-21 02:00:00,580747.3125,0.013141058051660928
2023-06-21 03:00:00,580747.3125,0.013141058051660928
2023-06-21 04:00:00,580747.3125,0.013141058051660928
2023-06-21 05:00:00,580747.3125,0.013141058051660928
2023-06-21 06:00:00,580747.3125,0.013141058051660928
2023-06-21 07:00:00,580747.3125,0.013141058051660928
2023-06-21 08:00:00,580747.3125,0.013141058051660928
2023-06-21 09:00:00,580747.3125,0.013141058051660928
2023-06-21 10:00:00,580747.3125,0.013141058051660928
2023-06-21 11:00:00,580747.3125,0.013141058051660928
2023-06-21 12:00:00,580747.3125,0.013141058051660928
2023-06-21 13:00:00,580747.3125,0.013141058051660928
2023-06-21 14:00:00,580747.3125,0.013141058051660928
2023-06-21 15:00:00,580747.3125,0.013141058051660928
2023-06-21 16:00:00,580747.25,0.013141058051660928
2023-06-21 17:00:00,580747.3125,0.013141058051660928
2023-06-21 18:00:00,580747.375,0.013141058051660928
2023-06-21 19:00:00,580747.375,0.013141058051660928
2023-06-21 20:00:00,580747.375,0.013141058051660928
2023-06-21 21:00:00,580747.375,0.013141058051660928
2023-06-21 22:00:00,580747.375,0.013141058051660928
2023-06-21 23:00:00,580747.375,0.013141058051660928
2023-06-22 00:00:00,580747.375,0.013141058051660928
2023-06-22 01:00:00,580747.3125,0.013141058051660928
2023-06-22 02:00:00,580747.375,0.013141058051660928
2023-06-22 03:00:00,580747.375,0.013141058051660928
2023-06-22 04:00:00,580747.375,0.013141058051660928
2023-06-22 05:00:00,580747.375,0.013141058051660928
2023-06-22 06:00:00,580747.375,0.013141058051660928
2023-06-22 07:00:00,580747.375,0.013141058051660928
2023-06-22 08:00:00,580747.375,0.013141058051660928
2023-06-22 09:00:00,580747.375,0.013141058051660928
2023-06-22 10:00:00,580747.375,0.013141058051660928
2023-06-22 11:00:00,580747.375,0.013141058051660928
2023-06-22 12:00:00,580747.375,0.013141058051660928
2023-06-22 13:00:00,580747.375,0.013141058051660928
2023-06-22 14:00:00,580747.375,0.013141058051660928
2023-06-22 15:00:00,580747.375,0.013141058051660928
2023-06-22 16:00:00,580747.375,0.013141058051660928
2023-06-22 17:00:00,580747.375,0.013141058051660928
2023-06-22 18:00:00,580747.375,0.013141058051660928
2023-06-22 19:00:00,580747.375,0.013141058051660928
2023-06-22 20:00:00,580747.375,0.013141058051660928
2023-06-22 21:00:00,580747.375,0.013141058051660928
2023-06-22 22:00:00,580747.375,0.013141058051660928
2023-06-22 23:00:00,580747.375,0.013141058051660928
2023-06-23 00:00:00,580747.375,0.013141058051660928
2023-06-23 01:00:00,580747.375,0.013141058051660928
2023-06-23 02:00:00,580747.375,0.013141058051660928
2023-06-23 03:00:00,580747.375,0.013141058051660928
2023-06-23 04:00:00,580747.375,0.013141058051660928
2023-06-23 05:00:00,580747.375,0.013141058051660928
2023-06-23 06:00:00,580747.375,0.013141058051660928
2023-06-23 07:00:00,580747.375,0.013141058051660928
2023-06-23 08:00:00,580747.375,0.013141058051660928
2023-06-23 09:00:00,580747.375,0.013141058051660928
2023-06-23 10:00:00,580747.375,0.013141058051660928
2023-06-23 11:00:00,580747.375,0.013141058051660928
2023-06-23 12:00:00,580747.375,0.013141058051660928
2023-06-23 13:00:00,580747.375,0.013141058051660928
2023-06-23 14:00:00,580747.375,0.013141058051660928
2023-06-23 15:00:00,580755.625,0.013141058051660928
2023-06-23 16:00:00,580763.8125,0.013141058051660928
2023-06-23 17:00:00,580772.0,0.013141058051660928
2023-06-23 18:00:00,580780.25,0.013141058051660928
2023-06-23 19:00:00,580788.5,0.013141058051660928
2023-06-23 20:00:00,580796.75,0.013141058051660928
2023-06-23 21:00:00,580805.0,0.013141058051660928
2023-06-23 22:00:00,580813.1875,0.013141058051660928
2023-06-23 23:00:00,580821.4375,0.013141058051660928
2023-06-24 00:00:00,580829.625,0.013141058051660928
2023-06-24 01:00:00,580837.875,0.013141058051660928
2023-06-24 02:00:00,580846.1875,0.013141058051660928
2023-06-24 03:00:00,580854.375,0.013141058051660928
2023-06-24 04:00:00,580862.5625,0.013141058051660928
2023-06-24 05:00:00,580870.875,0.013141058051660928
2023-06-24 06:00:00,580879.0,0.013141058051660928
2023-06-24 07:00:00,580887.375,0.013141058051660928
2023-06-24 08:00:00,580895.5625,0.013141058051660928
2023-06-24 09:00:00,580903.75,0.013141058051660928
2023-06-24 10:00:00,580912.0,0.013141058051660928
2023-06-24 11:00:00,580920.1875,0.013141058051660928
2023-06-24 12:00:00,580928.4375,0.013141058051660928
2023-06-24 13:00:00,580936.6875,0.013141058051660928
2023-06-24 14:00:00,580944.9375,0.013141058051660928
2023-06-24 15:00:00,580946.375,0.013141058051660928
2023-06-24 16:00:00,580947.875,0.013141058051660928
2023-06-24 17:00:00,580949.3125,0.013141058051660928
2023-06-24 18:00:00,580950.75,0.013141058051660928
2023-06-24 19:00:00,580952.25,0.013141058051660928
2023-06-24 20:00:00,580953.75,0.013141058051660928
2023-06-24 21:00:00,580955.1875,0.013141058051660928
2023-06-24 22:00:00,580956.75,0.013141058051660928
2023-06-24 23:00:00,580958.1875,0.013141058051660928
2023-06-25 00:00:00,580959.625,0.013141058051660928
2023-06-25 01:00:00,580961.125,0.013141058051660928
2023-06-25 02:00:00,580962.5625,0.013141058051660928
2023-06-25 03:00:00,580964.0,0.013141058051660928
2023-06-25 04:00:00,580965.5625,0.013141058051660928
2023-06-25 05:00:00,580967.0625,0.013141058051660928
2023-06-25 06:00:00,580968.5,0.013141058051660928
2023-06-25 07:00:00,580970.0,0.013141058051660928
2023-06-25 08:00:00,580971.4375,0.013141058051660928
2023-06-25 09:00:00,580972.9375,0.013141058051660928
2023-06-25 10:00:00,580974.5,0.013141058051660928
2023-06-25 11:00:00,580975.9375,0.013141058051660928
2023-06-25 12:00:00,580977.375,0.013141058051660928
2023-06-25 13:00:00,580979.0,0.013141058051660928
2023-06-25 14:00:00,580980.4375,0.013141058051660928
2023-06-25 15:00:00,580980.4375,0.013141058051660928
2023-06-25 16:00:00,580980.5,0.013141058051660928
2023-06-25 17:00:00,580980.5625,0.013141058051660928
2023-06-25 18:00:00,580980.5625,0.013141058051660928
2023-06-25 19:00:00,580980.5625,0.013141058051660928
2023-06-25 20:00:00,580980.5625,0.013141058051660928
2023-06-25 21:00:00,580980.625,0.013141058051660928
2023-06-25 22:00:00,580980.6875,0.013141058051660928
2023-06-25 23:00:00,580980.6875,0.013141058051660928
2023-06-26 00:00:00,580980.6875,0.013141058051660928
2023-06-26 01:00:00,580980.8125,0.013141058051660928
2023-06-26 02:00:00,580980.8125,0.013141058051660928
2023-06-26 03:00:00,580980.875,0.013141058051660928
2023-06-26 04:00:00,580980.9375,0.013141058051660928
2023-06-26 05:00:00,580980.9375,0.013141058051660928
2023-06-26 06:00:00,580980.9375,0.013141058051660928
2023-06-26 07:00:00,580981.0,0.013141058051660928
2023-06-26 08:00:00,580981.0,0.013141058051660928
2023-06-26 09:00:00,580981.0625,0.013141058051660928
2023-06-26 10:00:00,580981.0625,0.013141058051660928
2023-06-26 11:00:00,580981.0625,0.013141058051660928
2023-06-26 12:00:00,580981.1875,0.013141058051660928
2023-06-26 13:00:00,580981.25,0.013141058051660928
2023-06-26 14:00:00,580981.25,0.013141058051660928
2023-06-26 15:00:00,580981.3125,0.013141058051660928
2023-06-26 16:00:00,580981.375,0.013141058051660928
2023-06-26 17:00:00,580981.375,0.013141058051660928
2023-06-26 18:00:00,580981.375,0.013141058051660928
2023-06-26 19:00:00,580981.375,0.013141058051660928
2023-06-26 20:00:00,580981.5,0.013141058051660928
2023-06-26 21:00:00,580981.5,0.013141058051660928
2023-06-26 22:00:00,580981.5,0.013141058051660928
2023-06-26 23:00:00,580981.5,0.013141058051660928
2023-06-27 00:00:00,580981.5625,0.013141058051660928
2023-06-27 01:00:00,580981.625,0.013141058051660928
2023-06-27 02:00:00,580981.6875,0.013141058051660928
2023-06-27 03:00:00,580981.75,0.013141058051660928
2023-06-27 04:00:00,580981.75,0.013141058051660928
2023-06-27 05:00:00,580981.75,0.013141058051660928
2023-06-27 06:00:00,580981.75,0.013141058051660928
2023-06-27 07:00:00,580981.875,0.013141058051660928
2023-06-27 08:00:00,580981.875,0.013141058051660928
2023-06-27 09:00:00,580981.875,0.013141058051660928
2023-06-27 10:00:00,580981.875,0.013141058051660928
2023-06-27 11:00:00,580982.0,0.013141058051660928
2023-06-27 12:00:00,580982.0,0.013141058051660928
2023-06-27 13:00:00,580982.0,0.013141058051660928
2023-06-27 14:00:00,580982.125,0.013141058051660928
2023-06-27 15:00:00,580982.125,0.013141058051660928
2023-06-27 16:00:00,580982.125,0.013141058051660928
2023-06-27 17:00:00,580982.25,0.013141058051660928
2023-06-27 18:00:00,580982.25,0.013141058051660928
2023-06-27 19:00:00,580982.3125,0.013141058051660928
2023-06-27 20:00:00,580982.3125,0.013141058051660928
2023-06-27 21:00:00,580982.3125,0.013141058051660928
2023-06-27 22:00:00,580982.375,0.013141058051660928
2023-06-27 23:00:00,580982.4375,0.013141058051660928
2023-06-28 00:00:00,580982.5,0.013141058051660928
2023-06-28 01:00:00,580982.5625,0.013141058051660928
2023-06-28 02:00:00,580982.5625,0.013141058051660928
2023-06-28 03:00:00,580982.625,0.013141058051660928
2023-06-28 04:00:00,580982.6875,0.013141058051660928
2023-06-28 05:00:00,580982.6875,0.013141058051660928
2023-06-28 06:00:00,580982.75,0.013141058051660928
2023-06-28 07:00:00,580982.8125,0.013141058051660928
2023-06-28 08:00:00,580982.8125,0.013141058051660928
2023-06-28 09:00:00,580982.8125,0.013141058051660928
2023-06-28 10:00:00,580982.9375,0.013141058051660928
2023-06-28 11:00:00,580982.9375,0.013141058051660928
2023-06-28 12:00:00,580983.0,0.013141058051660928
2023-06-28 13:00:00,580983.0625,0.013141058051660928
2023-06-28 14:00:00,580983.125,0.013141058051660928
2023-06-28 15:00:00,580983.1875,0.013141058051660928
2023-06-28 16:00:00,580983.1875,0.013141058051660928
2023-06-28 17:00:00,580983.25,0.013141058051660928
2023-06-28 18:00:00,580983.375,0.013141058051660928
2023-06-28 19:00:00,580983.375,0.013141058051660928
2023-06-28 20:00:00,580983.4375,0.013141058051660928
2023-06-28 21:00:00,580983.5,0.013141058051660928
2023-06-28 22:00:00,580983.5,0.013141058051660928
2023-06-28 23:00:00,580983.625,0.013141058051660928
2023-06-29 00:00:00,580983.625,0.013141058051660928
2023-06-29 01:00:00,580983.6875,0.013141058051660928
2023-06-29 02:00:00,580983.75,0.013141058051660928
2023-06-29 03:00:00,580983.75,0.013141058051660928
2023-06-29 04:00:00,580983.8125,0.013141058051660928
2023-06-29 05:00:00,580983.875,0.013141058051660928
2023-06-29 06:00:00,580983.875,0.013141058051660928
2023-06-29 07:00:00,580983.9375,0.013141058051660928
2023-06-29 08:00:00,580984.0,0.013141058051660928
2023-06-29 09:00:00,580984.0625,0.013141058051660928
2023-06-29 10:00:00,580984.125,0.013141058051660928
2023-06-29 11:00:00,580984.125,0.013141058051660928
2023-06-29 12:00:00,580984.25,0.013141058051660928
2023-06-29 13:00:00,580984.25,0.013141058051660928
2023-06-29 14:00:00,580984.25,0.013141058051660928
2023-06-29 15:00:00,580984.3125,0.013141058051660928
2023-06-29 16:00:00,580984.375,0.013141058051660928
2023-06-29 17:00:00,580984.5,0.013141058051660928
2023-06-29 18:00:00,580984.5625,0.013141058051660928
2023-06-29 19:00:00,580984.5625,0.013141058051660928
2023-06-29 20:00:00,580984.5625,0.013141058051660928
2023-06-29 21:00:00,580984.6875,0.013141058051660928
2023-06-29 22:00:00,580984.6875,0.013141058051660928
2023-06-29 23:00:00,580984.75,0.013141058051660928
2023-06-30 00:00:00,580984.8125,0.013141058051660928
2023-06-30 01:00:00,580984.875,0.013141058051660928
2023-06-30 02:00:00,580984.875,0.013141058051660928
2023-06-30 03:00:00,580984.9375,0.013141058051660928
2023-06-30 04:00:00,580984.9375,0.013141058051660928
2023-06-30 05:00:00,580985.0,0.013141058051660928
2023-06-30 06:00:00,580985.0625,0.013141058051660928
2023-06-30 07:00:00,580985.0625,0.013141058051660928
2023-06-30 08:00:00,580985.125,0.013141058051660928
2023-06-30 09:00:00,580985.1875,0.013141058051660928
2023-06-30 10:00:00,580985.25,0.013141058051660928
2023-06-30 11:00:00,580985.3125,0.013141058051660928
2023-06-30 12:00:00,580985.375,0.013141058051660928
2023-06-30 13:00:00,580985.4375,0.013141058051660928
2023-06-30 14:00:00,580985.4375,0.013141058051660928
2023-06-30 15:00:00,580985.5,0.013141058051660928
2023-06-30 16:00:00,580985.625,0.013141058051660928
2023-06-30 17:00:00,580985.6875,0.013141058051660928
2023-06-30 18:00:00,580985.75,0.013141058051660928
2023-06-30 19:00:00,580985.75,0.013141058051660928
2023-06-30 20:00:00,580985.8125,0.013141058051660928
2023-06-30 21:00:00,580985.875,0.013141058051660928
2023-06-30 22:00:00,580985.9375,0.013141058051660928
2023-06-30 23:00:00,580986.0,0.013141058051660928
2023-07-01 00:00:00,580986.0625,0.013141058051660928
2023-07-01 01:00:00,580986.125,0.013141058051660928
2023-07-01 02:00:00,580986.1875,0.013141058051660928
2023-07-01 03:00:00,580986.25,0.013141058051660928
2023-07-01 04:00:00,580986.3125,0.013141058051660928
2023-07-01 05:00:00,580986.375,0.013141058051660928
2023-07-01 06:00:00,580986.375,0.013141058051660928
2023-07-01 07:00:00,580986.5,0.013141058051660928
2023-07-01 08:00:00,580986.5,0.013141058051660928
2023-07-01 09:00:00,580986.625,0.013141058051660928
2023-07-01 10:00:00,580986.625,0.013141058051660928
2023-07-01 11:00:00,580986.75,0.013141058051660928
2023-07-01 12:00:00,580986.8125,0.013141058051660928
2023-07-01 13:00:00,580986.875,0.013141058051660928
2023-07-01 14:00:00,580986.9375,0.013141058051660928
2023-07-01 15:00:00,580987.0,0.013141058051660928
2023-07-01 16:00:00,580987.0625,0.013141058051660928
2023-07-01 17:00:00,580987.0625,0.013141058051660928
2023-07-01 18:00:00,580987.125,0.013141058051660928
2023-07-01 19:00:00,580987.1875,0.013141058051660928
2023-07-01 20:00:00,580987.1875,0.013141058051660928
2023-07-01 21:00:00,580987.3125,0.013141058051660928
2023-07-01 22:00:00,580987.375,0.013141058051660928
2023-07-01 23:00:00,580987.4375,0.013141058051660928
2023-07-02 00:00:00,580987.4375,0.013141058051660928
2023-07-02 01:00:00,580987.5,0.013141058051660928
2023-07-02 02:00:00,580987.5625,0.013141058051660928
2023-07-02 03:00:00,580987.6875,0.013141058051660928
2023-07-02 04:00:00,580987.6875,0.013141058051660928
2023-07-02 05:00:00,580987.6875,0.013141058051660928
2023-07-02 06:00:00,580987.875,0.013141058051660928
2023-07-02 07:00:00,580987.875,0.013141058051660928
2023-07-02 08:00:00,580988.0,0.013141058051660928
2023-07-02 09:00:00,580988.0,0.013141058051660928
2023-07-02 10:00:00,580988.0625,0.013141058051660928
2023-07-02 11:00:00,580988.125,0.013141058051660928
2023-07-02 12:00:00,580988.1875,0.013141058051660928
2023-07-02 13:00:00,580988.25,0.013141058051660928
2023-07-02 14:00:00,580988.3125,0.013141058051660928
2023-07-02 15:00:00,580988.375,0.013141058051660928
2023-07-02 16:00:00,580988.375,0.013141058051660928
2023-07-02 17:00:00,580988.5,0.013141058051660928
2023-07-02 18:00:00,580988.5,0.013141058051660928
2023-07-02 19:00:00,580988.5625,0.013141058051660928
2023-07-02 20:00:00,580988.625,0.013141058051660928
2023-07-02 21:00:00,580988.625,0.013141058051660928
2023-07-02 22:00:00,580988.75,0.013141058051660928
2023-07-02 23:00:00,580988.75,0.013141058051660928
2023-07-03 00:00:00,580988.8125,0.013141058051660928
2023-07-03 01:00:00,580988.875,0.013141058051660928
2023-07-03 02:00:00,580988.875,0.013141058051660928
2023-07-03 03:00:00,580989.0625,0.013141058051660928
2023-07-03 04:00:00,580989.0625,0.013141058051660928
2023-07-03 05:00:00,580989.1875,0.013141058051660928
2023-07-03 06:00:00,580989.1875,0.013141058051660928
2023-07-03 07:00:00,580989.25,0.013141058051660928
2023-07-03 08:00:00,580989.3125,0.013141058051660928
2023-07-03 09:00:00,580989.3125,0.013141058051660928
2023-07-03 10:00:00,580989.4375,0.013141058051660928
2023-07-03 11:00:00,580989.4375,0.013141058051660928
2023-07-03 12:00:00,580989.5,0.013141058051660928
2023-07-03 13:00:00,580989.5625,0.013141058051660928
2023-07-03 14:00:00,580989.625,0.013141058051660928
2023-07-03 15:00:00,580989.6875,0.013141058051660928
2023-07-03 16:00:00,580989.75,0.013141058051660928
2023-07-03 17:00:00,580989.8125,0.013141058051660928
2023-07-03 18:00:00,580989.8125,0.013141058051660928
2023-07-03 19:00:00,580989.9375,0.013141058051660928
2023-07-03 20:00:00,580989.9375,0.013141058051660928
2023-07-03 21:00:00,580990.125,0.013141058051660928
2023-07-03 22:00:00,580990.125,0.013141058051660928
2023-07-03 23:00:00,580990.1875,0.013141058051660928
2023-07-04 00:00:00,580990.25,0.013141058051660928
2023-07-04 01:00:00,580990.25,0.013141058051660928
2023-07-04 02:00:00,580990.375,0.013141058051660928
2023-07-04 03:00:00,580990.375,0.013141058051660928
2023-07-04 04:00:00,580990.4375,0.013141058051660928
2023-07-04 05:00:00,580990.5,0.013141058051660928
2023-07-04 06:00:00,580990.5625,0.013141058051660928
2023-07-04 07:00:00,580990.625,0.013141058051660928
2023-07-04 08:00:00,580990.625,0.013141058051660928
2023-07-04 09:00:00,580990.75,0.013141058051660928
2023-07-04 10:00:00,580990.75,0.013141058051660928
2023-07-04 11:00:00,580990.8125,0.013141058051660928
2023-07-04 12:00:00,580990.875,0.013141058051660928
2023-07-04 13:00:00,580990.9375,0.013141058051660928
2023-07-04 14:00:00,580991.0,0.013141058051660928
2023-07-04 15:00:00,580991.0625,0.013141058051660928
2023-07-04 16:00:00,580991.125,0.013141058051660928
2023-07-04 17:00:00,580991.25,0.013141058051660928
2023-07-04 18:00:00,580991.25,0.013141058051660928
2023-07-04 19:00:00,580991.3125,0.013141058051660928
2023-07-04 20:00:00,580991.375,0.013141058051660928
2023-07-04 21:00:00,580991.4375,0.013141058051660928
2023-07-04 22:00:00,580991.5,0.013141058051660928
2023-07-04 23:00:00,580991.5,0.013141058051660928
2023-07-05 00:00:00,580991.625,0.013141058051660928
2023-07-05 01:00:00,580991.6875,0.013141058051660928
2023-07-05 02:00:00,580991.75,0.013141058051660928
2023-07-05 03:00:00,580991.8125,0.013141058051660928
2023-07-05 04:00:00,580991.8125,0.013141058051660928
2023-07-05 05:00:00,580991.9375,0.013141058051660928
2023-07-05 06:00:00,580991.9375,0.013141058051660928
2023-07-05 07:00:00,580992.0,0.013141058051660928
2023-07-05 08:00:00,580992.0625,0.013141058051660928
2023-07-05 09:00:00,580992.125,0.013141058051660928
2023-07-05 10:00:00,580992.1875,0.013141058051660928
2023-07-05 11:00:00,580992.3125,0.013141058051660928
2023-07-05 12:00:00,580992.375,0.013141058051660928
2023-07-05 13:00:00,580992.375,0.013141058051660928
2023-07-05 14:00:00,580992.5,0.013141058051660928
2023-07-05 15:00:00,580992.5625,0.013141058051660928
2023-07-05 16:00:00,580992.625,0.013141058051660928
2023-07-05 17:00:00,580992.625,0.013141058051660928
2023-07-05 18:00:00,580992.75,0.013141058051660928
2023-07-05 19:00:00,580992.8125,0.013141058051660928
2023-07-05 20:00:00,580992.875,0.013141058051660928
2023-07-05 21:00:00,580992.9375,0.013141058051660928
2023-07-05 22:00:00,580993.0,0.013141058051660928
2023-07-05 23:00:00,580993.0625,0.013141058051660928
2023-07-06 00:00:00,580993.125,0.013141058051660928
2023-07-06 01:00:00,580993.125,0.013141058051660928
2023-07-06 02:00:00,580993.25,0.013141058051660928
2023-07-06 03:00:00,580993.25,0.013141058051660928
2023-07-06 04:00:00,580993.4375,0.013141058051660928
2023-07-06 05:00:00,580993.4375,0.013141058051660928
2023-07-06 06:00:00,580993.5625,0.013141058051660928
2023-07-06 07:00:00,580993.5625,0.013141058051660928
2023-07-06 08:00:00,580993.6875,0.013141058051660928
2023-07-06 09:00:00,580993.75,0.013141058051660928
2023-07-06 10:00:00,580993.8125,0.013141058051660928
2023-07-06 11:00:00,580993.875,0.013141058051660928
2023-07-06 12:00:00,580993.9375,0.013141058051660928
2023-07-06 13:00:00,580994.0,0.013141058051660928
2023-07-06 14:00:00,580994.0625,0.013141058051660928
2023-07-06 15:00:00,580994.125,0.013141058051660928
2023-07-06 16:00:00,580994.1875,0.013141058051660928
2023-07-06 17:00:00,580994.25,0.013141058051660928
2023-07-06 18:00:00,580994.3125,0.013141058051660928
2023-07-06 19:00:00,580994.4375,0.013141058051660928
2023-07-06 20:00:00,580994.4375,0.013141058051660928
2023-07-06 21:00:00,580994.625,0.013141058051660928
2023-07-06 22:00:00,580994.625,0.013141058051660928
2023-07-06 23:00:00,580994.6875,0.013141058051660928
2023-07-07 00:00:00,580994.75,0.013141058051660928
2023-07-07 01:00:00,580994.875,0.013141058051660928
2023-07-07 02:00:00,580994.875,0.013141058051660928
2023-07-07 03:00:00,580995.0,0.013141058051660928
2023-07-07 04:00:00,580995.0,0.013141058051660928
2023-07-07 05:00:00,580995.125,0.013141058051660928
2023-07-07 06:00:00,580995.1875,0.013141058051660928
2023-07-07 07:00:00,580995.25,0.013141058051660928
2023-07-07 08:00:00,580995.3125,0.013141058051660928
2023-07-07 09:00:00,580995.375,0.013141058051660928
2023-07-07 10:00:00,580995.4375,0.013141058051660928
2023-07-07 11:00:00,580995.5,0.013141058051660928
2023-07-07 12:00:00,580995.5625,0.013141058051660928
2023-07-07 13:00:00,580995.5625,0.013141058051660928
2023-07-07 14:00:00,580995.75,0.013141058051660928
2023-07-07 15:00:00,580995.8125,0.013141058051660928
2023-07-07 16:00:00,580995.875,0.013141058051660928
2023-07-07 17:00:00,580995.9375,0.013141058051660928
2023-07-07 18:00:00,580996.0,0.013141058051660928
2023-07-07 19:00:00,580996.0625,0.013141058051660928
2023-07-07 20:00:00,580996.125,0.013141058051660928
2023-07-07 21:00:00,580996.1875,0.013141058051660928
2023-07-07 22:00:00,580996.25,0.013141058051660928
2023-07-07 23:00:00,580996.3125,0.013141058051660928
2023-07-08 00:00:00,580996.375,0.013141058051660928
2023-07-08 01:00:00,580996.4375,0.013141058051660928
2023-07-08 02:00:00,580996.5,0.013141058051660928
2023-07-08 03:00:00,580996.5625,0.013141058051660928
2023-07-08 04:00:00,580996.6875,0.013141058051660928
2023-07-08 05:00:00,580996.6875,0.013141058051660928
2023-07-08 06:00:00,580996.875,0.013141058051660928
2023-07-08 07:00:00,580996.9375,0.013141058051660928
2023-07-08 08:00:00,580997.0,0.013141058051660928
2023-07-08 09:00:00,580997.0,0.013141058051660928
2023-07-08 10:00:00,580997.125,0.013141058051660928
2023-07-08 11:00:00,580997.125,0.013141058051660928
2023-07-08 12:00:00,580997.25,0.013141058051660928
2023-07-08 13:00:00,580997.25,0.013141058051660928
2023-07-08 14:00:00,580997.375,0.013141058051660928
2023-07-08 15:00:00,580997.375,0.013141058051660928
2023-07-08 16:00:00,580997.5,0.013141058051660928
2023-07-08 17:00:00,580997.5,0.013141058051660928
2023-07-08 18:00:00,580997.625,0.013141058051660928
2023-07-08 19:00:00,580997.625,0.013141058051660928
2023-07-08 20:00:00,580997.75,0.013141058051660928
2023-07-08 21:00:00,580997.8125,0.013141058051660928
2023-07-08 22:00:00,580997.9375,0.013141058051660928
2023-07-08 23:00:00,580998.0,0.013141058051660928
2023-07-09 00:00:00,580998.125,0.013141058051660928
2023-07-09 01:00:00,580998.125,0.013141058051660928
2023-07-09 02:00:00,580998.1875,0.013141058051660928
2023-07-09 03:00:00,580998.3125,0.013141058051660928
2023-07-09 04:00:00,580998.3125,0.013141058051660928
2023-07-09 05:00:00,580998.4375,0.013141058051660928
2023-07-09 06:00:00,580998.4375,0.013141058051660928
2023-07-09 07:00:00,580998.5625,0.013141058051660928
2023-07-09 08:00:00,580998.5625,0.013141058051660928
2023-07-09 09:00:00,580998.6875,0.013141058051660928
2023-07-09 10:00:00,580998.75,0.013141058051660928
2023-07-09 11:00:00,580998.8125,0.013141058051660928
2023-07-09 12:00:00,580998.875,0.013141058051660928
2023-07-09 13:00:00,580998.9375,0.013141058051660928
2023-07-09 14:00:00,580999.0625,0.013141058051660928
2023-07-09 15:00:00,580999.125,0.013141058051660928
2023-07-09 16:00:00,580999.25,0.013141058051660928
2023-07-09 17:00:00,580999.25,0.013141058051660928
2023-07-09 18:00:00,580999.375,0.013141058051660928
2023-07-09 19:00:00,580999.375,0.013141058051660928
2023-07-09 20:00:00,580999.5,0.013141058051660928
2023-07-09 21:00:00,580999.5625,0.013141058051660928
2023-07-09 22:00:00,580999.625,0.013141058051660928
2023-07-09 23:00:00,580999.6875,0.013141058051660928
2023-07-10 00:00:00,580999.75,0.013141058051660928
2023-07-10 01:00:00,580999.8125,0.013141058051660928
2023-07-10 02:00:00,580999.875,0.013141058051660928
2023-07-10 03:00:00,580999.9375,0.013141058051660928
2023-07-10 04:00:00,581000.0,0.013141058051660928
2023-07-10 05:00:00,581000.0625,0.013141058051660928
2023-07-10 06:00:00,581000.25,0.013141058051660928
2023-07-10 07:00:00,581000.25,0.013141058051660928
2023-07-10 08:00:00,581000.375,0.013141058051660928
2023-07-10 09:00:00,581000.375,0.013141058051660928
2023-07-10 10:00:00,581000.5,0.013141058051660928
2023-07-10 11:00:00,581000.5625,0.013141058051660928
2023-07-10 12:00:00,581000.625,0.013141058051660928
2023-07-10 13:00:00,581000.6875,0.013141058051660928
2023-07-10 14:00:00,581000.75,0.013141058051660928
2023-07-10 15:00:00,581000.8125,0.013141058051660928
2023-07-10 16:00:00,581000.875,0.013141058051660928
2023-07-10 17:00:00,581000.9375,0.013141058051660928
2023-07-10 18:00:00,581001.0,0.013141058051660928
2023-07-10 19:00:00,581001.0625,0.013141058051660928
2023-07-10 20:00:00,581001.125,0.013141058051660928
2023-07-10 21:00:00,581001.1875,0.013141058051660928
2023-07-10 22:00:00,581001.3125,0.013141058051660928
2023-07-10 23:00:00,581001.375,0.013141058051660928
2023-07-11 00:00:00,581001.4375,0.013141058051660928
2023-07-11 01:00:00,581001.5,0.013141058051660928
2023-07-11 02:00:00,581001.625,0.013141058051660928
2023-07-11 03:00:00,581001.625,0.013141058051660928
2023-07-11 04:00:00,581001.75,0.013141058051660928
2023-07-11 05:00:00,581001.8125,0.013141058051660928
2023-07-11 06:00:00,581001.875,0.013141058051660928
2023-07-11 07:00:00,581001.9375,0.013141058051660928
2023-07-11 08:00:00,581002.0,0.013141058051660928
2023-07-11 09:00:00,581002.125,0.013141058051660928
2023-07-11 10:00:00,581002.125,0.013141058051660928
2023-07-11 11:00:00,581002.25,0.013141058051660928
2023-07-11 12:00:00,581002.25,0.013141058051660928
2023-07-11 13:00:00,581002.4375,0.013141058051660928
2023-07-11 14:00:00,581002.4375,0.013141058051660928
2023-07-11 15:00:00,581002.5625,0.013141058051660928
2023-07-11 16:00:00,581002.625,0.013141058051660928
2023-07-11 17:00:00,581002.6875,0.013141058051660928
2023-07-11 18:00:00,581002.8125,0.013141058051660928
2023-07-11 19:00:00,581002.8125,0.013141058051660928
2023-07-11 20:00:00,581002.9375,0.013141058051660928
2023-07-11 21:00:00,581003.0,0.013141058051660928
2023-07-11 22:00:00,581003.0625,0.013141058051660928
2023-07-11 23:00:00,581003.125,0.013141058051660928
2023-07-12 00:00:00,581003.1875,0.013141058051660928
2023-07-12 01:00:00,581003.3125,0.013141058051660928
2023-07-12 02:00:00,581003.3125,0.013141058051660928
2023-07-12 03:00:00,581003.5,0.013141058051660928
2023-07-12 04:00:00,581003.5,0.013141058051660928
2023-07-12 05:00:00,581003.625,0.013141058051660928
2023-07-12 06:00:00,581003.625,0.013141058051660928
2023-07-12 07:00:00,581003.75,0.013141058051660928
2023-07-12 08:00:00,581003.8125,0.013141058051660928
2023-07-12 09:00:00,581003.875,0.013141058051660928
2023-07-12 10:00:00,581004.0,0.013141058051660928
2023-07-12 11:00:00,581004.0,0.013141058051660928
2023-07-12 12:00:00,581004.125,0.013141058051660928
2023-07-12 13:00:00,581004.1875,0.013141058051660928
2023-07-12 14:00:00,581004.25,0.013141058051660928
2023-07-12 15:00:00,581004.3125,0.013141058051660928
2023-07-12 16:00:00,581004.375,0.013141058051660928
2023-07-12 17:00:00,581004.4375,0.013141058051660928
2023-07-12 18:00:00,581004.5,0.013141058051660928
2023-07-12 19:00:00,581004.625,0.013141058051660928
2023-07-12 20:00:00,581004.6875,0.013141058051660928
2023-07-12 21:00:00,581004.8125,0.013141058051660928
2023-07-12 22:00:00,581004.875,0.013141058051660928
2023-07-12 23:00:00,581004.875,0.013141058051660928
2023-07-13 00:00:00,581005.0,0.013141058051660928
2023-07-13 01:00:00,581005.0625,0.013141058051660928
2023-07-13 02:00:00,581005.125,0.013141058051660928
2023-07-13 03:00:00,581005.1875,0.013141058051660928
2023-07-13 04:00:00,581005.25,0.013141058051660928
2023-07-13 05:00:00,581005.3125,0.013141058051660928
2023-07-13 06:00:00,581005.4375,0.013141058051660928
2023-07-13 07:00:00,581005.4375,0.013141058051660928
2023-07-13 08:00:00,581005.5625,0.013141058051660928
2023-07-13 09:00:00,581005.625,0.013141058051660928
2023-07-13 10:00:00,581005.75,0.013141058051660928
2023-07-13 11:00:00,581005.8125,0.013141058051660928
2023-07-13 12:00:00,581005.875,0.013141058051660928
2023-07-13 13:00:00,581005.9375,0.013141058051660928
2023-07-13 14:00:00,581006.0,0.013141058051660928
2023-07-13 15:00:00,581006.0625,0.013141058051660928
2023-07-13 16:00:00,581006.125,0.013141058051660928
2023-07-13 17:00:00,581006.1875,0.013141058051660928
2023-07-13 18:00:00,581006.25,0.013141058051660928
2023-07-13 19:00:00,581006.375,0.013141058051660928
2023-07-13 20:00:00,581006.4375,0.013141058051660928
2023-07-13 21:00:00,581006.5,0.013141058051660928
2023-07-13 22:00:00,581006.625,0.013141058051660928
2023-07-13 23:00:00,581006.625,0.013141058051660928
2023-07-14 00:00:00,581006.75,0.013141058051660928
2023-07-14 01:00:00,581006.75,0.013141058051660928
2023-07-14 02:00:00,581006.9375,0.013141058051660928
2023-07-14 03:00:00,581006.9375,0.013141058051660928
2023-07-14 04:00:00,581007.0625,0.013141058051660928
2023-07-14 05:00:00,581007.0625,0.013141058051660928
2023-07-14 06:00:00,581007.1875,0.013141058051660928
2023-07-14 07:00:00,581007.1875,0.013141058051660928
2023-07-14 08:00:00,581007.3125,0.013141058051660928
2023-07-14 09:00:00,581007.3125,0.013141058051660928
2023-07-14 10:00:00,581007.4375,0.013141058051660928
2023-07-14 11:00:00,581007.5,0.013141058051660928
2023-07-14 12:00:00,581007.5625,0.013141058051660928
2023-07-14 13:00:00,581007.6875,0.013141058051660928
2023-07-14 14:00:00,581007.6875,0.013141058051660928
2023-07-14 15:00:00,581007.75,0.013141058051660928
2023-07-14 16:00:00,581007.875,0.013141058051660928
2023-07-14 17:00:00,581008.0,0.013141058051660928
2023-07-14 18:00:00,581008.125,0.013141058051660928
2023-07-14 19:00:00,581008.125,0.013141058051660928
2023-07-14 20:00:00,581008.25,0.013141058051660928
2023-07-14 21:00:00,581008.25,0.013141058051660928
2023-07-14 22:00:00,581008.375,0.013141058051660928
2023-07-14 23:00:00,581008.375,0.013141058051660928
2023-07-15 00:00:00,581008.5,0.013141058051660928
2023-07-15 01:00:00,581008.5,0.013141058051660928
2023-07-15 02:00:00,581008.625,0.013141058051660928
2023-07-15 03:00:00,581008.6875,0.013141058051660928
2023-07-15 04:00:00,581008.75,0.013141058051660928
2023-07-15 05:00:00,581008.875,0.013141058051660928
2023-07-15 06:00:00,581008.875,0.013141058051660928
2023-07-15 07:00:00,581009.0,0.013141058051660928
2023-07-15 08:00:00,581009.0,0.013141058051660928
2023-07-15 09:00:00,581009.1875,0.013141058051660928
2023-07-15 10:00:00,581009.25,0.013141058051660928
2023-07-15 11:00:00,581009.3125,0.013141058051660928
2023-07-15 12:00:00,581009.3125,0.013141058051660928
2023-07-15 13:00:00,581009.4375,0.013141058051660928
2023-07-15 14:00:00,581009.5,0.013141058051660928
2023-07-15 15:00:00,581009.5625,0.013141058051660928
2023-07-15 16:00:00,581009.625,0.013141058051660928
2023-07-15 17:00:00,581009.75,0.013141058051660928
2023-07-15 18:00:00,599248.375,0.013141058051660928
2023-07-15 19:00:00,617479.8125,0.013141058051660928
2023-07-15 20:00:00,635710.9375,0.013141058051660928
2023-07-15 21:00:00,653941.9375,0.013141058051660928
2023-07-15 22:00:00,672172.9375,0.013141058051660928
2023-07-15 23:00:00,690404.0,0.013141058051660928
2023-07-16 00:00:00,708635.0,0.013141058051660928
2023-07-16 01:00:00,726866.0,0.013141058051660928
2023-07-16 02:00:00,745097.125,0.013141058051660928
2023-07-16 03:00:00,763328.3125,0.013141058051660928
2023-07-16 04:00:00,781559.4375,0.013141058051660928
2023-07-16 05:00:00,799790.5,0.013141058051660928
2023-07-16 06:00:00,818021.6875,0.013141058051660928
2023-07-16 07:00:00,836252.75,0.013141058051660928
2023-07-16 08:00:00,854483.75,0.013141058051660928
2023-07-16 09:00:00,872714.6875,0.013141058051660928
2023-07-16 10:00:00,890945.75,0.013141058051660928
2023-07-16 11:00:00,909176.8125,0.013141058051660928
2023-07-16 12:00:00,927407.8125,0.013141058051660928
2023-07-16 13:00:00,945638.9375,0.013141058051660928
2023-07-16 14:00:00,963869.9375,0.013141058051660928
2023-07-16 15:00:00,982101.0,0.013141058051660928
2023-07-16 16:00:00,1000332.3125,0.013141058051660928
2023-07-16 17:00:00,1018561.4375,0.013141058051660928
2023-07-16 18:00:00,1018561.4375,0.013141058051660928
2023-07-16 19:00:00,1018561.5625,0.013141058051660928
2023-07-16 20:00:00,1018561.5625,0.013141058051660928
2023-07-16 21:00:00,1018561.6875,0.013141058051660928
2023-07-16 22:00:00,1018561.6875,0.013141058051660928
2023-07-16 23:00:00,1018561.8125,0.013141058051660928
2023-07-17 00:00:00,1018561.9375,0.013141058051660928
2023-07-17 01:00:00,1018561.9375,0.013141058051660928
2023-07-17 02:00:00,1018561.9375,0.013141058051660928
2023-07-17 03:00:00,1018562.0625,0.013141058051660928
2023-07-17 04:00:00,1018562.1875,0.013141058051660928
2023-07-17 05:00:00,1018562.1875,0.013141058051660928
2023-07-17 06:00:00,1018562.1875,0.013141058051660928
2023-07-17 07:00:00,1018562.3125,0.013141058051660928
2023-07-17 08:00:00,1018562.5,0.013141058051660928
2023-07-17 09:00:00,1018562.5,0.013141058051660928
2023-07-17 10:00:00,1018562.625,0.013141058051660928
2023-07-17 11:00:00,1018562.75,0.013141058051660928
2023-07-17 12:00:00,1018562.75,0.013141058051660928
2023-07-17 13:00:00,1018562.75,0.013141058051660928
2023-07-17 14:00:00,1018562.9375,0.013141058051660928
2023-07-17 15:00:00,1018563.0,0.013141058051660928
2023-07-17 16:00:00,1018563.125,0.013141058051660928
2023-07-17 17:00:00,1018563.125,0.013141058051660928
2023-07-17 18:00:00,1018563.25,0.013141058051660928
2023-07-17 19:00:00,1018563.25,0.013141058051660928
2023-07-17 20:00:00,1018563.3125,0.013141058051660928
2023-07-17 21:00:00,1018563.375,0.013141058051660928
2023-07-17 22:00:00,1018563.5,0.013141058051660928
2023-07-17 23:00:00,1018563.625,0.013141058051660928
2023-07-18 00:00:00,1018563.75,0.013141058051660928
2023-07-18 01:00:00,1018563.8125,0.013141058051660928
2023-07-18 02:00:00,1018563.8125,0.013141058051660928
2023-07-18 03:00:00,1018563.9375,0.013141058051660928
2023-07-18 04:00:00,1018564.0625,0.013141058051660928
2023-07-18 05:00:00,1018564.0625,0.013141058051660928
2023-07-18 06:00:00,1018564.1875,0.013141058051660928
2023-07-18 07:00:00,1018564.25,0.013141058051660928
2023-07-18 08:00:00,1018564.3125,0.013141058051660928
2023-07-18 09:00:00,1018564.4375,0.013141058051660928
2023-07-18 10:00:00,1018564.5,0.013141058051660928
2023-07-18 11:00:00,1018564.5625,0.013141058051660928
2023-07-18 12:00:00,1018564.5625,0.013141058051660928
2023-07-18 13:00:00,1018564.8125,0.013141058051660928
2023-07-18 14:00:00,1018564.875,0.013141058051660928
2023-07-18 15:00:00,1018564.875,0.013141058051660928
2023-07-18 16:00:00,1018565.0,0.013141058051660928
2023-07-18 17:00:00,1018565.0625,0.013141058051660928
2023-07-18 18:00:00,1018565.1875,0.013141058051660928
2023-07-18 19:00:00,1018565.25,0.013141058051660928
2023-07-18 20:00:00,1018565.3125,0.013141058051660928
2023-07-18 21:00:00,1018565.375,0.013141058051660928
2023-07-18 22:00:00,1018565.4375,0.013141058051660928
2023-07-18 23:00:00,1018565.5625,0.013141058051660928
2023-07-19 00:00:00,1018565.625,0.013141058051660928
2023-07-19 01:00:00,1018565.6875,0.013141058051660928
2023-07-19 02:00:00,1018565.75,0.013141058051660928
2023-07-19 03:00:00,1018565.875,0.013141058051660928
2023-07-19 04:00:00,1018565.9375,0.013141058051660928
2023-07-19 05:00:00,1018566.0,0.013141058051660928
2023-07-19 06:00:00,1018566.125,0.013141058051660928
2023-07-19 07:00:00,1018566.125,0.013141058051660928
2023-07-19 08:00:00,1018566.3125,0.013141058051660928
2023-07-19 09:00:00,1018566.3125,0.013141058051660928
2023-07-19 10:00:00,1018566.375,0.013141058051660928
2023-07-19 11:00:00,1018566.4375,0.013141058051660928
2023-07-19 12:00:00,1018566.5625,0.013141058051660928
2023-07-19 13:00:00,1018566.625,0.013141058051660928
2023-07-19 14:00:00,1018566.6875,0.013141058051660928
2023-07-19 15:00:00,1018566.8125,0.013141058051660928
2023-07-19 16:00:00,1018566.8125,0.013141058051660928
2023-07-19 17:00:00,1018567.0,0.013141058051660928
2023-07-19 18:00:00,1018567.125,0.013141058051660928
2023-07-19 19:00:00,1018567.125,0.013141058051660928
2023-07-19 20:00:00,1018567.1875,0.013141058051660928
2023-07-19 21:00:00,1018567.3125,0.013141058051660928
2023-07-19 22:00:00,1018567.375,0.013141058051660928
2023-07-19 23:00:00,1018567.375,0.013141058051660928
2023-07-20 00:00:00,1018567.5,0.013141058051660928
2023-07-20 01:00:00,1018567.625,0.013141058051660928
2023-07-20 02:00:00,1018567.625,0.013141058051660928
2023-07-20 03:00:00,1018567.75,0.013141058051660928
2023-07-20 04:00:00,1018567.875,0.013141058051660928
2023-07-20 05:00:00,1018567.875,0.013141058051660928
2023-07-20 06:00:00,1018568.125,0.013141058051660928
2023-07-20 07:00:00,1018568.125,0.013141058051660928
2023-07-20 08:00:00,1018568.1875,0.013141058051660928
2023-07-20 09:00:00,1018568.3125,0.013141058051660928
2023-07-20 10:00:00,1018568.375,0.013141058051660928
2023-07-20 11:00:00,1018568.4375,0.013141058051660928
2023-07-20 12:00:00,1018568.5625,0.013141058051660928
2023-07-20 13:00:00,1018568.625,0.013141058051660928
2023-07-20 14:00:00,1018568.6875,0.013141058051660928
2023-07-20 15:00:00,1018568.75,0.013141058051660928
2023-07-20 16:00:00,1018568.875,0.013141058051660928
2023-07-20 17:00:00,1018568.9375,0.013141058051660928
2023-07-20 18:00:00,1018568.9375,0.013141058051660928
2023-07-20 19:00:00,1018569.1875,0.013141058051660928
2023-07-20 20:00:00,1018569.25,0.013141058051660928
2023-07-20 21:00:00,1018569.25,0.013141058051660928
2023-07-20 22:00:00,1018569.375,0.013141058051660928
2023-07-20 23:00:00,1018569.4375,0.013141058051660928
2023-07-21 00:00:00,1018569.5,0.013141058051660928
2023-07-21 01:00:00,1018569.5625,0.013141058051660928
2023-07-21 02:00:00,1018569.6875,0.013141058051660928
2023-07-21 03:00:00,1018569.75,0.013141058051660928
2023-07-21 04:00:00,1018569.8125,0.013141058051660928
2023-07-21 05:00:00,1018569.875,0.013141058051660928
2023-07-21 06:00:00,1018570.0,0.013141058051660928
2023-07-21 07:00:00,1018570.0,0.013141058051660928
2023-07-21 08:00:00,1018570.125,0.013141058051660928
2023-07-21 09:00:00,1018570.1875,0.013141058051660928
2023-07-21 10:00:00,1018570.3125,0.013141058051660928
2023-07-21 11:00:00,1018570.4375,0.013141058051660928
2023-07-21 12:00:00,1018570.5,0.013141058051660928
2023-07-21 13:00:00,1018570.5,0.013141058051660928
2023-07-21 14:00:00,1018570.6875,0.013141058051660928
2023-07-21 15:00:00,1018570.6875,0.013141058051660928
2023-07-21 16:00:00,1018570.75,0.013141058051660928
2023-07-21 17:00:00,1018570.8125,0.013141058051660928
2023-07-21 18:00:00,1018570.9375,0.013141058051660928
2023-07-21 19:00:00,1018570.9375,0.013141058051660928
2023-07-21 20:00:00,1018571.0625,0.013141058051660928
2023-07-21 21:00:00,1018571.1875,0.013141058051660928
2023-07-21 22:00:00,1018571.1875,0.013141058051660928
2023-07-21 23:00:00,1018571.25,0.013141058051660928
2023-07-22 00:00:00,1018571.3125,0.013141058051660928
2023-07-22 01:00:00,1018571.5,0.013141058051660928
2023-07-22 02:00:00,1018571.5,0.013141058051660928
2023-07-22 03:00:00,1018571.625,0.013141058051660928
2023-07-22 04:00:00,1018571.75,0.013141058051660928
2023-07-22 05:00:00,1018571.8125,0.013141058051660928
2023-07-22 06:00:00,1018571.8125,0.013141058051660928
2023-07-22 07:00:00,1018572.0,0.013141058051660928
2023-07-22 08:00:00,1018572.0,0.013141058051660928
2023-07-22 09:00:00,1018572.125,0.013141058051660928
2023-07-22 10:00:00,1018572.1875,0.013141058051660928
2023-07-22 11:00:00,1018572.25,0.013141058051660928
2023-07-22 12:00:00,1018572.25,0.013141058051660928
2023-07-22 13:00:00,1018572.375,0.013141058051660928
2023-07-22 14:00:00,1018572.5625,0.013141058051660928
2023-07-22 15:00:00,1018572.5625,0.013141058051660928
2023-07-22 16:00:00,1018572.625,0.013141058051660928
2023-07-22 17:00:00,1018572.75,0.013141058051660928
2023-07-22 18:00:00,1018572.8125,0.013141058051660928
2023-07-22 19:00:00,1018572.8125,0.013141058051660928
2023-07-22 20:00:00,1018573.0625,0.013141058051660928
2023-07-22 21:00:00,1018573.0625,0.013141058051660928
2023-07-22 22:00:00,1018573.1875,0.013141058051660928
2023-07-22 23:00:00,1018573.25,0.013141058051660928
2023-07-23 00:00:00,1018573.3125,0.013141058051660928
2023-07-23 01:00:00,1018573.3125,0.013141058051660928
2023-07-23 02:00:00,1018573.4375,0.013141058051660928
2023-07-23 03:00:00,1018573.5,0.013141058051660928
2023-07-23 04:00:00,1018573.5625,0.013141058051660928
2023-07-23 05:00:00,1018573.5625,0.013141058051660928
2023-07-23 06:00:00,1018573.8125,0.013141058051660928
2023-07-23 07:00:00,1018573.875,0.013141058051660928
2023-07-23 08:00:00,1018573.9375,0.013141058051660928
2023-07-23 09:00:00,1018574.0625,0.013141058051660928
2023-07-23 10:00:00,1018574.125,0.013141058051660928
2023-07-23 11:00:00,1018574.1875,0.013141058051660928
2023-07-23 12:00:00,1018574.25,0.013141058051660928
2023-07-23 13:00:00,1018574.3125,0.013141058051660928
2023-07-23 14:00:00,1018574.4375,0.013141058051660928
2023-07-23 15:00:00,1018574.5,0.013141058051660928
2023-07-23 16:00:00,1018574.5625,0.013141058051660928
2023-07-23 17:00:00,1018574.625,0.013141058051660928
2023-07-23 18:00:00,1018574.8125,0.013141058051660928
2023-07-23 19:00:00,1018574.8125,0.013141058051660928
2023-07-23 20:00:00,1018574.9375,0.013141058051660928
2023-07-23 21:00:00,1018575.0625,0.013141058051660928
2023-07-23 22:00:00,1018575.0625,0.013141058051660928
2023-07-23 23:00:00,1018575.125,0.013141058051660928
2023-07-24 00:00:00,1018575.1875,0.013141058051660928
2023-07-24 01:00:00,1018575.3125,0.013141058051660928
2023-07-24 02:00:00,1018575.375,0.013141058051660928
2023-07-24 03:00:00,1018575.4375,0.013141058051660928
2023-07-24 04:00:00,1018575.5625,0.013141058051660928
2023-07-24 05:00:00,1018575.625,0.013141058051660928
2023-07-24 06:00:00,1018575.6875,0.013141058051660928
2023-07-24 07:00:00,1018575.75,0.013141058051660928
2023-07-24 08:00:00,1018575.8125,0.013141058051660928
2023-07-24 09:00:00,1018575.9375,0.013141058051660928
2023-07-24 10:00:00,1018576.0,0.013141058051660928
2023-07-24 11:00:00,1018576.125,0.013141058051660928
2023-07-24 12:00:00,1018576.1875,0.013141058051660928
2023-07-24 13:00:00,1018576.25,0.013141058051660928
2023-07-24 14:00:00,1018576.375,0.013141058051660928
2023-07-24 15:00:00,1018576.375,0.013141058051660928
2023-07-24 16:00:00,1018576.4375,0.013141058051660928
2023-07-24 17:00:00,1018576.5,0.013141058051660928
2023-07-24 18:00:00,1018576.625,0.013141058051660928
2023-07-24 19:00:00,1018576.6875,0.013141058051660928
2023-07-24 20:00:00,1018576.75,0.013141058051660928
2023-07-24 21:00:00,1018576.875,0.013141058051660928
2023-07-24 22:00:00,1018576.875,0.013141058051660928
2023-07-24 23:00:00,1018577.125,0.013141058051660928
2023-07-25 00:00:00,1018577.1875,0.013141058051660928
2023-07-25 01:00:00,1018577.1875,0.013141058051660928
2023-07-25 02:00:00,1018577.25,0.013141058051660928
2023-07-25 03:00:00,1018577.375,0.013141058051660928
2023-07-25 04:00:00,1018577.4375,0.013141058051660928
2023-07-25 05:00:00,1018577.5,0.013141058051660928
2023-07-25 06:00:00,1018577.5625,0.013141058051660928
2023-07-25 07:00:00,1018577.6875,0.013141058051660928
2023-07-25 08:00:00,1018577.6875,0.013141058051660928
2023-07-25 09:00:00,1018577.8125,0.013141058051660928
2023-07-25 10:00:00,1018577.9375,0.013141058051660928
2023-07-25 11:00:00,1018577.9375,0.013141058051660928
2023-07-25 12:00:00,1018578.0625,0.013141058051660928
2023-07-25 13:00:00,1018578.25,0.013141058051660928
2023-07-25 14:00:00,1018578.25,0.013141058051660928
2023-07-25 15:00:00,1018578.3125,0.013141058051660928
2023-07-25 16:00:00,1018578.375,0.013141058051660928
2023-07-25 17:00:00,1018578.5,0.013141058051660928
2023-07-25 18:00:00,1018578.5,0.013141058051660928
2023-07-25 19:00:00,1018578.5625,0.013141058051660928
2023-07-25 20:00:00,1018578.6875,0.013141058051660928
2023-07-25 21:00:00,1018578.75,0.013141058051660928
2023-07-25 22:00:00,1018578.8125,0.013141058051660928
2023-07-25 23:00:00,1018578.875,0.013141058051660928
2023-07-26 00:00:00,1018579.0,0.013141058051660928
2023-07-26 01:00:00,1018579.0,0.013141058051660928
2023-07-26 02:00:00,1018579.125,0.013141058051660928
2023-07-26 03:00:00,1018579.25,0.013141058051660928
2023-07-26 04:00:00,1018579.3125,0.013141058051660928
2023-07-26 05:00:00,1018579.4375,0.013141058051660928
2023-07-26 06:00:00,1018579.5,0.013141058051660928
2023-07-26 07:00:00,1018579.5625,0.013141058051660928
2023-07-26 08:00:00,1018579.6875,0.013141058051660928
2023-07-26 09:00:00,1018579.75,0.013141058051660928
2023-07-26 10:00:00,1018579.75,0.013141058051660928
2023-07-26 11:00:00,1018579.8125,0.013141058051660928
2023-07-26 12:00:00,1018579.9375,0.013141058051660928
2023-07-26 13:00:00,1018580.0,0.013141058051660928
2023-07-26 14:00:00,1018580.125,0.013141058051660928
2023-07-26 15:00:00,1018580.125,0.013141058051660928
2023-07-26 16:00:00,1018580.25,0.013141058051660928
2023-07-26 17:00:00,1018580.25,0.013141058051660928
2023-07-26 18:00:00,1018580.4375,0.013141058051660928
2023-07-26 19:00:00,1018580.5,0.013141058051660928
2023-07-26 20:00:00,1018580.5625,0.013141058051660928
2023-07-26 21:00:00,1018580.5625,0.013141058051660928
2023-07-26 22:00:00,1018580.6875,0.013141058051660928
2023-07-26 23:00:00,1018580.75,0.013141058051660928
2023-07-27 00:00:00,1018580.8125,0.013141058051660928
2023-07-27 01:00:00,1018580.8125,0.013141058051660928
2023-07-27 02:00:00,1018581.0,0.013141058051660928
2023-07-27 03:00:00,1018581.0,0.013141058051660928
2023-07-27 04:00:00,1018581.0625,0.013141058051660928
2023-07-27 05:00:00,1018581.125,0.013141058051660928
2023-07-27 06:00:00,1018581.25,0.013141058051660928
2023-07-27 07:00:00,1018581.25,0.013141058051660928
2023-07-27 08:00:00,1018581.375,0.013141058051660928
2023-07-27 09:00:00,1018581.5625,0.013141058051660928
2023-07-27 10:00:00,1018581.5625,0.013141058051660928
2023-07-27 11:00:00,1018581.5625,0.013141058051660928
2023-07-27 12:00:00,1018581.6875,0.013141058051660928
2023-07-27 13:00:00,1018581.75,0.013141058051660928
2023-07-27 14:00:00,1018581.8125,0.013141058051660928
2023-07-27 15:00:00,1018581.9375,0.013141058051660928
2023-07-27 16:00:00,1018581.9375,0.013141058051660928
2023-07-27 17:00:00,1018582.0625,0.013141058051660928
2023-07-27 18:00:00,1018582.0625,0.013141058051660928
2023-07-27 19:00:00,1018582.1875,0.013141058051660928
2023-07-27 20:00:00,1018582.3125,0.013141058051660928
2023-07-27 21:00:00,1018582.3125,0.013141058051660928
2023-07-27 22:00:00,1018582.3125,0.013141058051660928
2023-07-27 23:00:00,1018582.5,0.013141058051660928
2023-07-28 00:00:00,1018582.625,0.013141058051660928
2023-07-28 01:00:00,1018582.625,0.013141058051660928
2023-07-28 02:00:00,1018582.75,0.013141058051660928
2023-07-28 03:00:00,1018582.75,0.013141058051660928
2023-07-28 04:00:00,1018582.875,0.013141058051660928
2023-07-28 05:00:00,1018583.0,0.013141058051660928
2023-07-28 06:00:00,1018583.0,0.013141058051660928
2023-07-28 07:00:00,1018583.125,0.013141058051660928
2023-07-28 08:00:00,1018583.125,0.013141058051660928
2023-07-28 09:00:00,1018583.25,0.013141058051660928
2023-07-28 10:00:00,1018583.375,0.013141058051660928
2023-07-28 11:00:00,1018583.375,0.013141058051660928
2023-07-28 12:00:00,1018583.375,0.013141058051660928
2023-07-28 13:00:00,1018583.5625,0.013141058051660928
2023-07-28 14:00:00,1018583.625,0.013141058051660928
2023-07-28 15:00:00,1018583.625,0.013141058051660928
2023-07-28 16:00:00,1018583.8125,0.013141058051660928
2023-07-28 17:00:00,1018583.8125,0.013141058051660928
2023-07-28 18:00:00,1018583.9375,0.013141058051660928
2023-07-28 19:00:00,1018583.9375,0.013141058051660928
2023-07-28 20:00:00,1018584.0625,0.013141058051660928
2023-07-28 21:00:00,1018584.125,0.013141058051660928
2023-07-28 22:00:00,1018584.1875,0.013141058051660928
2023-07-28 23:00:00,1018584.3125,0.013141058051660928
2023-07-29 00:00:00,1018584.3125,0.013141058051660928
2023-07-29 01:00:00,1018584.375,0.013141058051660928
2023-07-29 02:00:00,1018584.4375,0.013141058051660928
2023-07-29 03:00:00,1018584.4375,0.013141058051660928
2023-07-29 04:00:00,1018584.5625,0.013141058051660928
2023-07-29 05:00:00,1018584.6875,0.013141058051660928
2023-07-29 06:00:00,1018584.6875,0.013141058051660928
2023-07-29 07:00:00,1018584.875,0.013141058051660928
2023-07-29 08:00:00,1018584.9375,0.013141058051660928
2023-07-29 09:00:00,1018585.0,0.013141058051660928
2023-07-29 10:00:00,1018585.0625,0.013141058051660928
2023-07-29 11:00:00,1018585.125,0.013141058051660928
2023-07-29 12:00:00,1018585.25,0.013141058051660928
2023-07-29 13:00:00,1018585.25,0.013141058051660928
2023-07-29 14:00:00,1018585.3125,0.013141058051660928
2023-07-29 15:00:00,1018585.375,0.013141058051660928
2023-07-29 16:00:00,1018585.4375,0.013141058051660928
2023-07-29 17:00:00,1018585.5,0.013141058051660928
2023-07-29 18:00:00,1018585.625,0.013141058051660928
2023-07-29 19:00:00,1018585.6875,0.013141058051660928
2023-07-29 20:00:00,1018585.75,0.013141058051660928
2023-07-29 21:00:00,1018585.875,0.013141058051660928
2023-07-29 22:00:00,1018586.0,0.013141058051660928
2023-07-29 23:00:00,1018586.0625,0.013141058051660928
2023-07-30 00:00:00,1018586.125,0.013141058051660928
2023-07-30 01:00:00,1018586.25,0.013141058051660928
2023-07-30 02:00:00,1018586.25,0.013141058051660928
2023-07-30 03:00:00,1018586.375,0.013141058051660928
2023-07-30 04:00:00,1018586.4375,0.013141058051660928
2023-07-30 05:00:00,1018586.5,0.013141058051660928
2023-07-30 06:00:00,1018586.5625,0.013141058051660928
2023-07-30 07:00:00,1018586.625,0.013141058051660928
2023-07-30 08:00:00,1018586.75,0.013141058051660928
2023-07-30 09:00:00,1018586.8125,0.013141058051660928
2023-07-30 10:00:00,1018586.9375,0.013141058051660928
2023-07-30 11:00:00,1018586.9375,0.013141058051660928
2023-07-30 12:00:00,1018587.0,0.013141058051660928
2023-07-30 13:00:00,1018587.125,0.013141058051660928
2023-07-30 14:00:00,1018587.25,0.013141058051660928
2023-07-30 15:00:00,1018587.25,0.013141058051660928
2023-07-30 16:00:00,1018587.375,0.013141058051660928
2023-07-30 17:00:00,1018587.5,0.013141058051660928
2023-07-30 18:00:00,1018587.5,0.013141058051660928
2023-07-30 19:00:00,1018587.625,0.013141058051660928
2023-07-30 20:00:00,1018587.625,0.013141058051660928
2023-07-30 21:00:00,1018587.75,0.013141058051660928
2023-07-30 22:00:00,1018587.8125,0.013141058051660928
2023-07-30 23:00:00,1018587.875,0.013141058051660928
2023-07-31 00:00:00,1018588.0,0.013141058051660928
2023-07-31 01:00:00,1018588.0,0.013141058051660928
2023-07-31 02:00:00,1018588.125,0.013141058051660928
2023-07-31 03:00:00,1018588.25,0.013141058051660928
2023-07-31 04:00:00,1018588.3125,0.013141058051660928
2023-07-31 05:00:00,1018588.4375,0.013141058051660928
2023-07-31 06:00:00,1018588.5,0.013141058051660928
2023-07-31 07:00:00,1018588.5625,0.013141058051660928
2023-07-31 08:00:00,1018588.625,0.013141058051660928
2023-07-31 09:00:00,1018588.75,0.013141058051660928
2023-07-31 10:00:00,1018588.8125,0.013141058051660928
2023-07-31 11:00:00,1018588.8125,0.013141058051660928
2023-07-31 12:00:00,1018588.9375,0.013141058051660928
2023-07-31 13:00:00,1018588.9375,0.013141058051660928
2023-07-31 14:00:00,1018589.0625,0.013141058051660928
2023-07-31 15:00:00,1018589.125,0.013141058051660928
2023-07-31 16:00:00,1018589.3125,0.013141058051660928
2023-07-31 17:00:00,1018589.375,0.013141058051660928
2023-07-31 18:00:00,1018589.375,0.013141058051660928
2023-07-31 19:00:00,1018589.5,0.013141058051660928
2023-07-31 20:00:00,1018589.5625,0.013141058051660928
2023-07-31 21:00:00,1018589.625,0.013141058051660928
2023-07-31 22:00:00,1018589.625,0.013141058051660928
2023-07-31 23:00:00,1018589.8125,0.013141058051660928
2023-08-01 00:00:00,1018589.875,0.013141058051660928
2023-08-01 01:00:00,1018589.9375,0.013141058051660928
2023-08-01 02:00:00,1018590.0,0.013141058051660928
2023-08-01 03:00:00,1018590.0625,0.013141058051660928
2023-08-01 04:00:00,1018590.125,0.013141058051660928
2023-08-01 05:00:00,1018590.125,0.013141058051660928
2023-08-01 06:00:00,1018590.25,0.013141058051660928
2023-08-01 07:00:00,1018590.3125,0.013141058051660928
2023-08-01 08:00:00,1018590.4375,0.013141058051660928
2023-08-01 09:00:00,1018590.625,0.013141058051660928
2023-08-01 10:00:00,1018590.6875,0.013141058051660928
2023-08-01 11:00:00,1018590.6875,0.013141058051660928
2023-08-01 12:00:00,1018590.8125,0.013141058051660928
2023-08-01 13:00:00,1018590.875,0.013141058051660928
2023-08-01 14:00:00,1018590.9375,0.013141058051660928
2023-08-01 15:00:00,1018591.0625,0.013141058051660928
2023-08-01 16:00:00,1018591.0625,0.013141058051660928
2023-08-01 17:00:00,1018591.1875,0.013141058051660928
2023-08-01 18:00:00,1018591.1875,0.013141058051660928
2023-08-01 19:00:00,1018591.3125,0.013141058051660928
2023-08-01 20:00:00,1018591.4375,0.013141058051660928
2023-08-01 21:00:00,1018591.4375,0.013141058051660928
2023-08-01 22:00:00,1018591.625,0.013141058051660928
2023-08-01 23:00:00,1018591.6875,0.013141058051660928
2023-08-02 00:00:00,1018591.75,0.013141058051660928
2023-08-02 01:00:00,1018591.875,0.013141058051660928
2023-08-02 02:00:00,1018591.875,0.013141058051660928
2023-08-02 03:00:00,1018591.9375,0.013141058051660928
2023-08-02 04:00:00,1018592.125,0.013141058051660928
2023-08-02 05:00:00,1018592.125,0.013141058051660928
2023-08-02 06:00:00,1018592.125,0.013141058051660928
2023-08-02 07:00:00,1018592.25,0.013141058051660928
2023-08-02 08:00:00,1018592.3125,0.013141058051660928
2023-08-02 09:00:00,1018592.375,0.013141058051660928
2023-08-02 10:00:00,1018592.4375,0.013141058051660928
2023-08-02 11:00:00,1018592.5,0.013141058051660928
2023-08-02 12:00:00,1018592.5625,0.013141058051660928
2023-08-02 13:00:00,1018592.6875,0.013141058051660928
2023-08-02 14:00:00,1018592.75,0.013141058051660928
2023-08-02 15:00:00,1018592.875,0.013141058051660928
2023-08-02 16:00:00,1018592.875,0.013141058051660928
2023-08-02 17:00:00,1018593.0,0.013141058051660928
2023-08-02 18:00:00,1018593.0625,0.013141058051660928
2023-08-02 19:00:00,1018593.125,0.013141058051660928
2023-08-02 20:00:00,1018593.1875,0.013141058051660928
2023-08-02 21:00:00,1018593.25,0.013141058051660928
2023-08-02 22:00:00,1018593.375,0.013141058051660928
2023-08-02 23:00:00,1018593.4375,0.013141058051660928
2023-08-03 00:00:00,1018593.4375,0.013141058051660928
2023-08-03 01:00:00,1018593.5,0.013141058051660928
2023-08-03 02:00:00,1018593.5625,0.013141058051660928
2023-08-03 03:00:00,1018593.625,0.013141058051660928
2023-08-03 04:00:00,1018593.6875,0.013141058051660928
2023-08-03 05:00:00,1018593.8125,0.013141058051660928
2023-08-03 06:00:00,1018593.875,0.013141058051660928
2023-08-03 07:00:00,1018593.875,0.013141058051660928
2023-08-03 08:00:00,1018593.9375,0.013141058051660928
2023-08-03 09:00:00,1018594.0,0.013141058051660928
2023-08-03 10:00:00,1018594.0625,0.013141058051660928
2023-08-03 11:00:00,1018594.125,0.013141058051660928
2023-08-03 12:00:00,1018594.125,0.013141058051660928
2023-08-03 13:00:00,1018594.25,0.013141058051660928
2023-08-03 14:00:00,1018594.25,0.013141058051660928
2023-08-03 15:00:00,1018594.3125,0.013141058051660928
2023-08-03 16:00:00,1018594.3125,0.013141058051660928
2023-08-03 17:00:00,1018594.4375,0.013141058051660928
2023-08-03 18:00:00,1018594.4375,0.013141058051660928
2023-08-03 19:00:00,1018594.5625,0.013141058051660928
2023-08-03 20:00:00,1018594.5625,0.013141058051660928
2023-08-03 21:00:00,1018594.625,0.013141058051660928
2023-08-03 22:00:00,1018594.6875,0.013141058051660928
2023-08-03 23:00:00,1018594.6875,0.013141058051660928
2023-08-04 00:00:00,1018594.8125,0.013141058051660928
2023-08-04 01:00:00,1018594.9375,0.013141058051660928
2023-08-04 02:00:00,1018594.9375,0.013141058051660928
2023-08-04 03:00:00,1018595.0,0.013141058051660928
2023-08-04 04:00:00,1018595.0625,0.013141058051660928
2023-08-04 05:00:00,1018595.125,0.013141058051660928
2023-08-04 06:00:00,1018595.125,0.013141058051660928
2023-08-04 07:00:00,1018595.25,0.013141058051660928
2023-08-04 08:00:00,1018595.25,0.013141058051660928
2023-08-04 09:00:00,1018595.3125,0.013141058051660928
2023-08-04 10:00:00,1018595.375,0.013141058051660928
2023-08-04 11:00:00,1018595.375,0.013141058051660928
2023-08-04 12:00:00,1018595.4375,0.013141058051660928
2023-08-04 13:00:00,1018595.5,0.013141058051660928
2023-08-04 14:00:00,1018595.625,0.013141058051660928
2023-08-04 15:00:00,1018595.625,0.013141058051660928
2023-08-04 16:00:00,1018595.6875,0.013141058051660928
2023-08-04 17:00:00,1018595.6875,0.013141058051660928
2023-08-04 18:00:00,1018595.8125,0.013141058051660928
2023-08-04 19:00:00,1018595.875,0.013141058051660928
2023-08-04 20:00:00,1018595.875,0.013141058051660928
2023-08-04 21:00:00,1018595.9375,0.013141058051660928
2023-08-04 22:00:00,1018596.0625,0.013141058051660928
2023-08-04 23:00:00,1018596.125,0.013141058051660928
2023-08-05 00:00:00,1018596.25,0.013141058051660928
2023-08-05 01:00:00,1018596.25,0.013141058051660928
2023-08-05 02:00:00,1018596.3125,0.013141058051660928
2023-08-05 03:00:00,1018596.3125,0.013141058051660928
2023-08-05 04:00:00,1018596.4375,0.013141058051660928
2023-08-05 05:00:00,1018596.5,0.013141058051660928
2023-08-05 06:00:00,1018596.5,0.013141058051660928
2023-08-05 07:00:00,1018596.5,0.013141058051660928
2023-08-05 08:00:00,1018596.625,0.013141058051660928
2023-08-05 09:00:00,1018596.6875,0.013141058051660928
2023-08-05 10:00:00,1018596.75,0.013141058051660928
2023-08-05 11:00:00,1018596.75,0.013141058051660928
2023-08-05 12:00:00,1018596.875,0.013141058051660928
2023-08-05 13:00:00,1018596.875,0.013141058051660928
2023-08-05 14:00:00,1018597.0,0.013141058051660928
2023-08-05 15:00:00,1018597.0,0.013141058051660928
2023-08-05 16:00:00,1018597.0625,0.013141058051660928
2023-08-05 17:00:00,1018597.1875,0.013141058051660928
2023-08-05 18:00:00,1018597.25,0.013141058051660928
2023-08-05 19:00:00,1018597.3125,0.013141058051660928
2023-08-05 20:00:00,1018597.3125,0.013141058051660928
2023-08-05 21:00:00,1018597.4375,0.013141058051660928
2023-08-05 22:00:00,1018597.5,0.013141058051660928
2023-08-05 23:00:00,1018597.5,0.013141058051660928
2023-08-06 00:00:00,1018597.5,0.013141058051660928
2023-08-06 01:00:00,1018597.625,0.013141058051660928
2023-08-06 02:00:00,1018597.6875,0.013141058051660928
2023-08-06 03:00:00,1018597.6875,0.013141058051660928
2023-08-06 04:00:00,1018597.8125,0.013141058051660928
2023-08-06 05:00:00,1018597.8125,0.013141058051660928
2023-08-06 06:00:00,1018597.875,0.013141058051660928
2023-08-06 07:00:00,1018597.875,0.013141058051660928
2023-08-06 08:00:00,1018598.0,0.013141058051660928
2023-08-06 09:00:00,1018598.0625,0.013141058051660928
2023-08-06 10:00:00,1018598.0625,0.013141058051660928
2023-08-06 11:00:00,1018598.25,0.013141058051660928
2023-08-06 12:00:00,1018598.25,0.013141058051660928
2023-08-06 13:00:00,1018598.3125,0.013141058051660928
2023-08-06 14:00:00,1018598.375,0.013141058051660928
2023-08-06 15:00:00,1018598.4375,0.013141058051660928
2023-08-06 16:00:00,1018598.5,0.013141058051660928
2023-08-06 17:00:00,1018598.5,0.013141058051660928
2023-08-06 18:00:00,1018598.625,0.013141058051660928
2023-08-06 19:00:00,1018598.625,0.013141058051660928
2023-08-06 20:00:00,1018598.6875,0.013141058051660928
2023-08-06 21:00:00,1018598.75,0.013141058051660928
2023-08-06 22:00:00,1018598.8125,0.013141058051660928
2023-08-06 23:00:00,1018598.875,0.013141058051660928
2023-08-07 00:00:00,1018598.875,0.013141058051660928
2023-08-07 01:00:00,1018599.0,0.013141058051660928
2023-08-07 02:00:00,1018599.0,0.013141058051660928
2023-08-07 03:00:00,1018599.0625,0.013141058051660928
2023-08-07 04:00:00,1018599.0625,0.013141058051660928
2023-08-07 05:00:00,1018599.1875,0.013141058051660928
2023-08-07 06:00:00,1018599.25,0.013141058051660928
2023-08-07 07:00:00,1018599.25,0.013141058051660928
2023-08-07 08:00:00,1018599.4375,0.013141058051660928
2023-08-07 09:00:00,1018599.4375,0.013141058051660928
2023-08-07 10:00:00,1018599.5,0.013141058051660928
2023-08-07 11:00:00,1018599.5625,0.013141058051660928
2023-08-07 12:00:00,1018599.625,0.013141058051660928
2023-08-07 13:00:00,1018599.6875,0.013141058051660928
2023-08-07 14:00:00,1018599.6875,0.013141058051660928
2023-08-07 15:00:00,1018599.8125,0.013141058051660928
2023-08-07 16:00:00,1018599.875,0.013141058051660928
2023-08-07 17:00:00,1018599.875,0.013141058051660928
2023-08-07 18:00:00,1018599.9375,0.013141058051660928
2023-08-07 19:00:00,1018600.0,0.013141058051660928
2023-08-07 20:00:00,1018600.0625,0.013141058051660928
2023-08-07 21:00:00,1018600.0625,0.013141058051660928
2023-08-07 22:00:00,1018600.1875,0.013141058051660928
2023-08-07 23:00:00,1018600.1875,0.013141058051660928
2023-08-08 00:00:00,1018600.25,0.013141058051660928
2023-08-08 01:00:00,1018600.375,0.013141058051660928
2023-08-08 02:00:00,1018600.5,0.013141058051660928
2023-08-08 03:00:00,1018600.5,0.013141058051660928
2023-08-08 04:00:00,1018600.5625,0.013141058051660928
2023-08-08 05:00:00,1018600.625,0.013141058051660928
2023-08-08 06:00:00,1018600.6875,0.013141058051660928
2023-08-08 07:00:00,1018600.75,0.013141058051660928
2023-08-08 08:00:00,1018600.8125,0.013141058051660928
2023-08-08 09:00:00,1018600.875,0.013141058051660928
2023-08-08 10:00:00,1018600.9375,0.013141058051660928
2023-08-08 11:00:00,1018601.0,0.013141058051660928
2023-08-08 12:00:00,1018601.0,0.013141058051660928
2023-08-08 13:00:00,1018601.0625,0.013141058051660928
2023-08-08 14:00:00,1018601.1875,0.013141058051660928
2023-08-08 15:00:00,1018601.25,0.013141058051660928
2023-08-08 16:00:00,1018601.25,0.013141058051660928
2023-08-08 17:00:00,1018601.25,0.013141058051660928
2023-08-08 18:00:00,1018601.375,0.013141058051660928
2023-08-08 19:00:00,1018601.4375,0.013141058051660928
2023-08-08 20:00:00,1018601.4375,0.013141058051660928
2023-08-08 21:00:00,1018601.625,0.013141058051660928
2023-08-08 22:00:00,1018601.6875,0.013141058051660928
2023-08-08 23:00:00,1018601.6875,0.013141058051660928
2023-08-09 00:00:00,1018601.8125,0.013141058051660928
2023-08-09 01:00:00,1018601.8125,0.013141058051660928
2023-08-09 02:00:00,1018601.875,0.013141058051660928
2023-08-09 03:00:00,1018601.9375,0.013141058051660928
2023-08-09 04:00:00,1018602.0625,0.013141058051660928
2023-08-09 05:00:00,1018602.0625,0.013141058051660928
2023-08-09 06:00:00,1018602.0625,0.013141058051660928
2023-08-09 07:00:00,1018602.1875,0.013141058051660928
2023-08-09 08:00:00,1018602.25,0.013141058051660928
2023-08-09 09:00:00,1018602.3125,0.013141058051660928
2023-08-09 10:00:00,1018602.375,0.013141058051660928
2023-08-09 11:00:00,1018602.4375,0.013141058051660928
2023-08-09 12:00:00,1018602.5,0.013141058051660928
2023-08-09 13:00:00,1018602.5625,0.013141058051660928
2023-08-09 14:00:00,1018602.5625,0.013141058051660928
2023-08-09 15:00:00,1018602.625,0.013141058051660928
2023-08-09 16:00:00,1018602.75,0.013141058051660928
2023-08-09 17:00:00,1018602.875,0.013141058051660928
2023-08-09 18:00:00,1018602.875,0.013141058051660928
2023-08-09 19:00:00,1018602.9375,0.013141058051660928
2023-08-09 20:00:00,1018603.0,0.013141058051660928
2023-08-09 21:00:00,1018603.0625,0.013141058051660928
2023-08-09 22:00:00,1018603.125,0.013141058051660928
2023-08-09 23:00:00,1018603.1875,0.013141058051660928
2023-08-10 00:00:00,1018603.3125,0.013141058051660928
2023-08-10 01:00:00,1018603.3125,0.013141058051660928
2023-08-10 02:00:00,1018603.375,0.013141058051660928
2023-08-10 03:00:00,1018603.375,0.013141058051660928
2023-08-10 04:00:00,1018603.4375,0.013141058051660928
2023-08-10 05:00:00,1018603.5625,0.013141058051660928
2023-08-10 06:00:00,1018603.625,0.013141058051660928
2023-08-10 07:00:00,1018603.625,0.013141058051660928
2023-08-10 08:00:00,1018603.6875,0.013141058051660928
2023-08-10 09:00:00,1018603.875,0.013141058051660928
2023-08-10 10:00:00,1018603.875,0.013141058051660928
2023-08-10 11:00:00,1018603.9375,0.013141058051660928
2023-08-10 12:00:00,1018604.0,0.013141058051660928
2023-08-10 13:00:00,1018604.125,0.013141058051660928
2023-08-10 14:00:00,1018604.1875,0.013141058051660928
2023-08-10 15:00:00,1018604.1875,0.013141058051660928
2023-08-10 16:00:00,1018604.25,0.013141058051660928
2023-08-10 17:00:00,1018604.3125,0.013141058051660928
2023-08-10 18:00:00,1018604.4375,0.013141058051660928
2023-08-10 19:00:00,1018604.4375,0.013141058051660928
2023-08-10 20:00:00,1018604.4375,0.013141058051660928
2023-08-10 21:00:00,1018604.5,0.013141058051660928
2023-08-10 22:00:00,1018604.625,0.013141058051660928
2023-08-10 23:00:00,1018604.625,0.013141058051660928
2023-08-11 00:00:00,1018604.6875,0.013141058051660928
2023-08-11 01:00:00,1018604.75,0.013141058051660928
2023-08-11 02:00:00,1018604.875,0.013141058051660928
2023-08-11 03:00:00,1018604.875,0.013141058051660928
2023-08-11 04:00:00,1018605.0,0.013141058051660928
2023-08-11 05:00:00,1018605.0,0.013141058051660928
2023-08-11 06:00:00,1018605.0625,0.013141058051660928
2023-08-11 07:00:00,1018605.1875,0.013141058051660928
2023-08-11 08:00:00,1018605.25,0.013141058051660928
2023-08-11 09:00:00,1018605.25,0.013141058051660928
2023-08-11 10:00:00,1018605.25,0.013141058051660928
2023-08-11 11:00:00,1018605.375,0.013141058051660928
2023-08-11 12:00:00,1018605.4375,0.013141058051660928
2023-08-11 13:00:00,1018605.5,0.013141058051660928
2023-08-11 14:00:00,1018605.5625,0.013141058051660928
2023-08-11 15:00:00,1018605.625,0.013141058051660928
2023-08-11 16:00:00,1018605.6875,0.013141058051660928
2023-08-11 17:00:00,1018605.75,0.013141058051660928
2023-08-11 18:00:00,1018605.75,0.013141058051660928
2023-08-11 19:00:00,1018605.75,0.013141058051660928
2023-08-11 20:00:00,1018605.875,0.013141058051660928
2023-08-11 21:00:00,1018605.9375,0.013141058051660928
2023-08-11 22:00:00,1018606.0,0.013141058051660928
2023-08-11 23:00:00,1018606.0,0.013141058051660928
2023-08-12 00:00:00,1018606.125,0.013141058051660928
2023-08-12 01:00:00,1018606.25,0.013141058051660928
2023-08-12 02:00:00,1018606.25,0.013141058051660928
2023-08-12 03:00:00,1018606.3125,0.013141058051660928
2023-08-12 04:00:00,1018606.375,0.013141058051660928
2023-08-12 05:00:00,1018606.5,0.013141058051660928
2023-08-12 06:00:00,1018606.5625,0.013141058051660928
2023-08-12 07:00:00,1018606.5625,0.013141058051660928
2023-08-12 08:00:00,1018606.5625,0.013141058051660928
2023-08-12 09:00:00,1018606.625,0.013141058051660928
2023-08-12 10:00:00,1018606.75,0.013141058051660928
2023-08-12 11:00:00,1018606.8125,0.013141058051660928
2023-08-12 12:00:00,1018606.8125,0.013141058051660928
2023-08-12 13:00:00,1018606.875,0.013141058051660928
2023-08-12 14:00:00,1018607.0,0.013141058051660928
2023-08-12 15:00:00,1018607.0,0.013141058051660928
2023-08-12 16:00:00,1018607.0625,0.013141058051660928
2023-08-12 17:00:00,1018607.125,0.013141058051660928
2023-08-12 18:00:00,1018607.3125,0.013141058051660928
2023-08-12 19:00:00,1018607.3125,0.013141058051660928
2023-08-12 20:00:00,1018607.375,0.013141058051660928
2023-08-12 21:00:00,1018607.4375,0.013141058051660928
2023-08-12 22:00:00,1018607.4375,0.013141058051660928
2023-08-12 23:00:00,1018607.5625,0.013141058051660928
2023-08-13 00:00:00,1018607.625,0.013141058051660928
2023-08-13 01:00:00,1018607.625,0.013141058051660928
2023-08-13 02:00:00,1018607.75,0.013141058051660928
2023-08-13 03:00:00,1018607.8125,0.013141058051660928
2023-08-13 04:00:00,1018607.875,0.013141058051660928
2023-08-13 05:00:00,1018607.875,0.013141058051660928
2023-08-13 06:00:00,1018608.0625,0.013141058051660928
2023-08-13 07:00:00,1018608.0625,0.013141058051660928
2023-08-13 08:00:00,1018608.125,0.013141058051660928
2023-08-13 09:00:00,1018608.1875,0.013141058051660928
2023-08-13 10:00:00,1018608.1875,0.013141058051660928
2023-08-13 11:00:00,1018608.375,0.013141058051660928
2023-08-13 12:00:00,1018608.4375,0.013141058051660928
2023-08-13 13:00:00,1018608.4375,0.013141058051660928
2023-08-13 14:00:00,1018608.5,0.013141058051660928
2023-08-13 15:00:00,1018608.625,0.013141058051660928
2023-08-13 16:00:00,1018608.6875,0.013141058051660928
2023-08-13 17:00:00,1018608.8125,0.013141058051660928
2023-08-13 18:00:00,1018608.875,0.013141058051660928
2023-08-13 19:00:00,1018608.9375,0.013141058051660928
2023-08-13 20:00:00,1018609.0,0.013141058051660928
2023-08-13 21:00:00,1018609.0,0.013141058051660928
2023-08-13 22:00:00,1018609.0625,0.013141058051660928
2023-08-13 23:00:00,1018609.1875,0.013141058051660928
2023-08-14 00:00:00,1018609.1875,0.013141058051660928
2023-08-14 01:00:00,1018609.1875,0.013141058051660928
2023-08-14 02:00:00,1018609.4375,0.013141058051660928
2023-08-14 03:00:00,1018609.4375,0.013141058051660928
2023-08-14 04:00:00,1018609.5,0.013141058051660928
2023-08-14 05:00:00,1018609.625,0.013141058051660928
2023-08-14 06:00:00,1018609.6875,0.013141058051660928
2023-08-14 07:00:00,1018609.75,0.013141058051660928
2023-08-14 08:00:00,1018609.8125,0.013141058051660928
2023-08-14 09:00:00,1018609.8125,0.013141058051660928
2023-08-14 10:00:00,1018609.9375,0.013141058051660928
2023-08-14 11:00:00,1018610.0,0.013141058051660928
2023-08-14 12:00:00,1018610.0,0.013141058051660928
2023-08-14 13:00:00,1018610.0625,0.013141058051660928
2023-08-14 14:00:00,1018610.1875,0.013141058051660928
2023-08-14 15:00:00,1018610.1875,0.013141058051660928
2023-08-14 16:00:00,1018610.25,0.013141058051660928
2023-08-14 17:00:00,1018610.375,0.013141058051660928
2023-08-14 18:00:00,1018610.4375,0.013141058051660928
2023-08-14 19:00:00,1018610.5625,0.013141058051660928
2023-08-14 20:00:00,1018610.5625,0.013141058051660928
2023-08-14 21:00:00,1018610.625,0.013141058051660928
2023-08-14 22:00:00,1018610.6875,0.013141058051660928
2023-08-14 23:00:00,1018610.75,0.013141058051660928
2023-08-15 00:00:00,1018610.8125,0.013141058051660928
2023-08-15 01:00:00,1018610.8125,0.013141058051660928
2023-08-15 02:00:00,1018611.0,0.013141058051660928
2023-08-15 03:00:00,1018611.0,0.013141058051660928
2023-08-15 04:00:00,1018611.0625,0.013141058051660928
2023-08-15 05:00:00,1018611.1875,0.013141058051660928
2023-08-15 06:00:00,1018611.25,0.013141058051660928
2023-08-15 07:00:00,1018611.3125,0.013141058051660928
2023-08-15 08:00:00,1018611.3125,0.013141058051660928
2023-08-15 09:00:00,1018611.375,0.013141058051660928
2023-08-15 10:00:00,1018611.4375,0.013141058051660928
2023-08-15 11:00:00,1018611.5,0.013141058051660928
2023-08-15 12:00:00,1018611.5625,0.013141058051660928
2023-08-15 13:00:00,1018611.5625,0.013141058051660928
2023-08-15 14:00:00,1018611.75,0.013141058051660928
2023-08-15 15:00:00,1018611.8125,0.013141058051660928
2023-08-15 16:00:00,1018611.875,0.013141058051660928
2023-08-15 17:00:00,1018612.0,0.013141058051660928
2023-08-15 18:00:00,1018612.0625,0.013141058051660928
2023-08-15 19:00:00,1018612.125,0.013141058051660928
2023-08-15 20:00:00,1018612.125,0.013141058051660928
2023-08-15 21:00:00,1018612.1875,0.013141058051660928
2023-08-15 22:00:00,1018612.25,0.013141058051660928
2023-08-15 23:00:00,1018612.3125,0.013141058051660928
2023-08-16 00:00:00,1018612.375,0.013141058051660928
2023-08-16 01:00:00,1018612.375,0.013141058051660928
2023-08-16 02:00:00,1018612.5,0.013141058051660928
2023-08-16 03:00:00,1018612.5625,0.013141058051660928
2023-08-16 04:00:00,1018612.625,0.013141058051660928
2023-08-16 05:00:00,1018612.625,0.013141058051660928
2023-08-16 06:00:00,1018612.875,0.013141058051660928
2023-08-16 07:00:00,1018612.9375,0.013141058051660928
2023-08-16 08:00:00,1018612.9375,0.013141058051660928
2023-08-16 09:00:00,1018613.0,0.013141058051660928
2023-08-16 10:00:00,1018613.0625,0.013141058051660928
2023-08-16 11:00:00,1018613.1875,0.013141058051660928
2023-08-16 12:00:00,1018613.1875,0.013141058051660928
2023-08-16 13:00:00,1018613.25,0.013141058051660928
2023-08-16 14:00:00,1018613.375,0.013141058051660928
2023-08-16 15:00:00,1018613.375,0.013141058051660928
2023-08-16 16:00:00,1018613.4375,0.013141058051660928
2023-08-16 17:00:00,1018613.5625,0.013141058051660928
2023-08-16 18:00:00,1018613.625,0.013141058051660928
2023-08-16 19:00:00,1018613.6875,0.013141058051660928
2023-08-16 20:00:00,1018613.75,0.013141058051660928
2023-08-16 21:00:00,1018613.75,0.013141058051660928
2023-08-16 22:00:00,1018613.8125,0.013141058051660928
2023-08-16 23:00:00,1018614.0,0.013141058051660928
2023-08-17 00:00:00,1018614.0,0.013141058051660928
2023-08-17 01:00:00,1018614.0625,0.013141058051660928
2023-08-17 02:00:00,1018614.1875,0.013141058051660928
2023-08-17 03:00:00,1018614.1875,0.013141058051660928
2023-08-17 04:00:00,1018614.25,0.013141058051660928
2023-08-17 05:00:00,1018614.375,0.013141058051660928
2023-08-17 06:00:00,1018614.4375,0.013141058051660928
2023-08-17 07:00:00,1018614.5,0.013141058051660928
2023-08-17 08:00:00,1018614.5625,0.013141058051660928
2023-08-17 09:00:00,1018614.5625,0.013141058051660928
2023-08-17 10:00:00,1018614.625,0.013141058051660928
2023-08-17 11:00:00,1018614.75,0.013141058051660928
2023-08-17 12:00:00,1018614.75,0.013141058051660928
2023-08-17 13:00:00,1018614.8125,0.013141058051660928
2023-08-17 14:00:00,1018614.9375,0.013141058051660928
2023-08-17 15:00:00,1018615.0625,0.013141058051660928
2023-08-17 16:00:00,1018615.0625,0.013141058051660928
2023-08-17 17:00:00,1018615.25,0.013141058051660928
2023-08-17 18:00:00,1018615.3125,0.013141058051660928
2023-08-17 19:00:00,1018615.3125,0.013141058051660928
2023-08-17 20:00:00,1018615.375,0.013141058051660928
2023-08-17 21:00:00,1018615.375,0.013141058051660928
2023-08-17 22:00:00,1018615.4375,0.013141058051660928
2023-08-17 23:00:00,1018615.5625,0.013141058051660928
2023-08-18 00:00:00,1018615.5625,0.013141058051660928
2023-08-18 01:00:00,1018615.6875,0.013141058051660928
2023-08-18 02:00:00,1018615.75,0.013141058051660928
2023-08-18 03:00:00,1018615.8125,0.013141058051660928
2023-08-18 04:00:00,1018615.8125,0.013141058051660928
2023-08-18 05:00:00,1018616.0,0.013141058051660928
2023-08-18 06:00:00,1018616.0625,0.013141058051660928
2023-08-18 07:00:00,1018616.0625,0.013141058051660928
2023-08-18 08:00:00,1018616.1875,0.013141058051660928
2023-08-18 09:00:00,1018616.25,0.013141058051660928
2023-08-18 10:00:00,1018616.375,0.013141058051660928
2023-08-18 11:00:00,1018616.375,0.013141058051660928
2023-08-18 12:00:00,1018616.5,0.013141058051660928
2023-08-18 13:00:00,1018616.5625,0.013141058051660928
2023-08-18 14:00:00,1018616.625,0.013141058051660928
2023-08-18 15:00:00,1018616.625,0.013141058051660928
2023-08-18 16:00:00,1018616.8125,0.013141058051660928
2023-08-18 17:00:00,1018616.875,0.013141058051660928
2023-08-18 18:00:00,1018616.875,0.013141058051660928
2023-08-18 19:00:00,1018616.9375,0.013141058051660928
2023-08-18 20:00:00,1018617.0,0.013141058051660928
2023-08-18 21:00:00,1018617.125,0.013141058051660928
2023-08-18 22:00:00,1018617.125,0.013141058051660928
2023-08-18 23:00:00,1018617.1875,0.013141058051660928
2023-08-19 00:00:00,1018617.375,0.013141058051660928
2023-08-19 01:00:00,1018617.375,0.013141058051660928
2023-08-19 02:00:00,1018617.4375,0.013141058051660928
2023-08-19 03:00:00,1018617.625,0.013141058051660928
2023-08-19 04:00:00,1018617.6875,0.013141058051660928
2023-08-19 05:00:00,1018617.6875,0.013141058051660928
2023-08-19 06:00:00,1018617.75,0.013141058051660928
2023-08-19 07:00:00,1018617.8125,0.013141058051660928
2023-08-19 08:00:00,1018617.875,0.013141058051660928
2023-08-19 09:00:00,1018617.9375,0.013141058051660928
2023-08-19 10:00:00,1018618.0,0.013141058051660928
2023-08-19 11:00:00,1018618.0625,0.013141058051660928
2023-08-19 12:00:00,1018618.125,0.013141058051660928
2023-08-19 13:00:00,1018618.1875,0.013141058051660928
2023-08-19 14:00:00,1018618.25,0.013141058051660928
2023-08-19 15:00:00,1018618.4375,0.013141058051660928
2023-08-19 16:00:00,1018618.5,0.013141058051660928
2023-08-19 17:00:00,1018618.5625,0.013141058051660928
2023-08-19 18:00:00,1018618.5625,0.013141058051660928
2023-08-19 19:00:00,1018618.625,0.013141058051660928
2023-08-19 20:00:00,1018618.75,0.013141058051660928
2023-08-19 21:00:00,1018618.75,0.013141058051660928
2023-08-19 22:00:00,1018618.8125,0.013141058051660928
2023-08-19 23:00:00,1018618.9375,0.013141058051660928
2023-08-20 00:00:00,1018619.0,0.013141058051660928
2023-08-20 01:00:00,1018619.0,0.013141058051660928
2023-08-20 02:00:00,1018619.1875,0.013141058051660928
2023-08-20 03:00:00,1018619.25,0.013141058051660928
2023-08-20 04:00:00,1018619.25,0.013141058051660928
2023-08-20 05:00:00,1018619.3125,0.013141058051660928
2023-08-20 06:00:00,1018619.3125,0.013141058051660928
2023-08-20 07:00:00,1018619.375,0.013141058051660928
2023-08-20 08:00:00,1018619.5625,0.013141058051660928
2023-08-20 09:00:00,1018619.5625,0.013141058051660928
2023-08-20 10:00:00,1018619.6875,0.013141058051660928
2023-08-20 11:00:00,1018619.75,0.013141058051660928
2023-08-20 12:00:00,1018619.8125,0.013141058051660928
2023-08-20 13:00:00,1018619.8125,0.013141058051660928
2023-08-20 14:00:00,1018620.0,0.013141058051660928
2023-08-20 15:00:00,1018620.0625,0.013141058051660928
2023-08-20 16:00:00,1018620.0625,0.013141058051660928
2023-08-20 17:00:00,1018620.0625,0.013141058051660928
2023-08-20 18:00:00,1018620.125,0.013141058051660928
2023-08-20 19:00:00,1018620.1875,0.013141058051660928
2023-08-20 20:00:00,1018620.3125,0.013141058051660928
2023-08-20 21:00:00,1018620.3125,0.013141058051660928
2023-08-20 22:00:00,1018620.3125,0.013141058051660928
2023-08-20 23:00:00,1018620.4375,0.013141058051660928
2023-08-21 00:00:00,1018620.4375,0.013141058051660928
2023-08-21 01:00:00,1018620.4375,0.013141058051660928
2023-08-21 02:00:00,1018620.625,0.013141058051660928
2023-08-21 03:00:00,1018620.625,0.013141058051660928
2023-08-21 04:00:00,1018620.8125,0.013141058051660928
2023-08-21 05:00:00,1018620.875,0.013141058051660928
2023-08-21 06:00:00,1018620.875,0.013141058051660928
2023-08-21 07:00:00,1018620.9375,0.013141058051660928
2023-08-21 08:00:00,1018621.0,0.013141058051660928
2023-08-21 09:00:00,1018621.125,0.013141058051660928
2023-08-21 10:00:00,1018621.125,0.013141058051660928
2023-08-21 11:00:00,1018621.1875,0.013141058051660928
2023-08-21 12:00:00,1018621.25,0.013141058051660928
2023-08-21 13:00:00,1018621.3125,0.013141058051660928
2023-08-21 14:00:00,1018621.4375,0.013141058051660928
2023-08-21 15:00:00,1018621.5,0.013141058051660928
2023-08-21 16:00:00,1018621.5,0.013141058051660928
2023-08-21 17:00:00,1018621.5625,0.013141058051660928
2023-08-21 18:00:00,1018621.625,0.013141058051660928
2023-08-21 19:00:00,1018621.8125,0.013141058051660928
2023-08-21 20:00:00,1018621.8125,0.013141058051660928
2023-08-21 21:00:00,1018621.9375,0.013141058051660928
2023-08-21 22:00:00,1018621.9375,0.013141058051660928
2023-08-21 23:00:00,1018622.0,0.013141058051660928
2023-08-22 00:00:00,1018622.125,0.013141058051660928
2023-08-22 01:00:00,1018622.1875,0.013141058051660928
2023-08-22 02:00:00,1018622.1875,0.013141058051660928
2023-08-22 03:00:00,1018622.3125,0.013141058051660928
2023-08-22 04:00:00,1018622.4375,0.013141058051660928
2023-08-22 05:00:00,1018622.4375,0.013141058051660928
2023-08-22 06:00:00,1018622.5,0.013141058051660928
2023-08-22 07:00:00,1018622.5625,0.013141058051660928
2023-08-22 08:00:00,1018622.6875,0.013141058051660928
2023-08-22 09:00:00,1018622.6875,0.013141058051660928
2023-08-22 10:00:00,1018622.875,0.013141058051660928
2023-08-22 11:00:00,1018622.875,0.013141058051660928
2023-08-22 12:00:00,1018623.0,0.013141058051660928
2023-08-22 13:00:00,1018623.0625,0.013141058051660928
2023-08-22 14:00:00,1018623.125,0.013141058051660928
2023-08-22 15:00:00,1018623.1875,0.013141058051660928
2023-08-22 16:00:00,1018623.25,0.013141058051660928
2023-08-22 17:00:00,1018623.25,0.013141058051660928
2023-08-22 18:00:00,1018623.375,0.013141058051660928
2023-08-22 19:00:00,1018623.5,0.013141058051660928
2023-08-22 20:00:00,1018623.5625,0.013141058051660928
2023-08-22 21:00:00,1018623.6875,0.013141058051660928
2023-08-22 22:00:00,1018623.75,0.013141058051660928
2023-08-22 23:00:00,1018623.8125,0.013141058051660928
2023-08-23 00:00:00,1018624.0,0.013141058051660928
2023-08-23 01:00:00,1018624.0625,0.013141058051660928
2023-08-23 02:00:00,1018624.125,0.013141058051660928
2023-08-23 03:00:00,1018624.125,0.013141058051660928
2023-08-23 04:00:00,1018624.25,0.013141058051660928
2023-08-23 05:00:00,1018624.3125,0.013141058051660928
2023-08-23 06:00:00,1018624.3125,0.013141058051660928
2023-08-23 07:00:00,1018624.4375,0.013141058051660928
2023-08-23 08:00:00,1018624.5625,0.013141058051660928
2023-08-23 09:00:00,1018624.5625,0.013141058051660928
2023-08-23 10:00:00,1018624.75,0.013141058051660928
2023-08-23 11:00:00,1018624.75,0.013141058051660928
2023-08-23 12:00:00,1018624.8125,0.013141058051660928
2023-08-23 13:00:00,1018624.9375,0.013141058051660928
2023-08-23 14:00:00,1018624.9375,0.013141058051660928
2023-08-23 15:00:00,1018625.125,0.013141058051660928
2023-08-23 16:00:00,1018625.1875,0.013141058051660928
2023-08-23 17:00:00,1018625.3125,0.013141058051660928
2023-08-23 18:00:00,1018625.375,0.013141058051660928
2023-08-23 19:00:00,1018625.375,0.013141058051660928
2023-08-23 20:00:00,1018625.5,0.013141058051660928
2023-08-23 21:00:00,1018625.625,0.013141058051660928
2023-08-23 22:00:00,1018625.625,0.013141058051660928
2023-08-23 23:00:00,1018625.75,0.013141058051660928
2023-08-24 00:00:00,1018625.8125,0.013141058051660928
2023-08-24 01:00:00,1018625.875,0.013141058051660928
2023-08-24 02:00:00,1018625.9375,0.013141058051660928
2023-08-24 03:00:00,1018626.0,0.013141058051660928
2023-08-24 04:00:00,1018626.0625,0.013141058051660928
2023-08-24 05:00:00,1018626.125,0.013141058051660928
2023-08-24 06:00:00,1018626.3125,0.013141058051660928
2023-08-24 07:00:00,1018626.375,0.013141058051660928
2023-08-24 08:00:00,1018626.4375,0.013141058051660928
2023-08-24 09:00:00,1018626.5625,0.013141058051660928
2023-08-24 10:00:00,1018626.625,0.013141058051660928
2023-08-24 11:00:00,1018626.6875,0.013141058051660928
2023-08-24 12:00:00,1018626.75,0.013141058051660928
2023-08-24 13:00:00,1018626.8125,0.013141058051660928
2023-08-24 14:00:00,1018626.9375,0.013141058051660928
2023-08-24 15:00:00,1018627.0,0.013141058051660928
2023-08-24 16:00:00,1018627.0625,0.013141058051660928
2023-08-24 17:00:00,1018627.125,0.013141058051660928
2023-08-24 18:00:00,1018627.1875,0.013141058051660928
2023-08-24 19:00:00,1018627.375,0.013141058051660928
2023-08-24 20:00:00,1018627.4375,0.013141058051660928
2023-08-24 21:00:00,1018627.5,0.013141058051660928
2023-08-24 22:00:00,1018627.625,0.013141058051660928
2023-08-24 23:00:00,1018627.6875,0.013141058051660928
2023-08-25 00:00:00,1018627.75,0.013141058051660928
2023-08-25 01:00:00,1018627.8125,0.013141058051660928
2023-08-25 02:00:00,1018627.875,0.013141058051660928
2023-08-25 03:00:00,1018627.9375,0.013141058051660928
2023-08-25 04:00:00,1018628.0,0.013141058051660928
2023-08-25 05:00:00,1018628.125,0.013141058051660928
2023-08-25 06:00:00,1018628.1875,0.013141058051660928
2023-08-25 07:00:00,1018628.1875,0.013141058051660928
2023-08-25 08:00:00,1018628.3125,0.013141058051660928
2023-08-25 09:00:00,1018628.5,0.013141058051660928
2023-08-25 10:00:00,1018628.5,0.013141058051660928
2023-08-25 11:00:00,1018628.5625,0.013141058051660928
2023-08-25 12:00:00,1018628.625,0.013141058051660928
2023-08-25 13:00:00,1018628.6875,0.013141058051660928
2023-08-25 14:00:00,1018628.8125,0.013141058051660928
2023-08-25 15:00:00,1018628.8125,0.013141058051660928
2023-08-25 16:00:00,1018628.9375,0.013141058051660928
2023-08-25 17:00:00,1018629.0,0.013141058051660928
2023-08-25 18:00:00,1018629.0625,0.013141058051660928
2023-08-25 19:00:00,1018629.1875,0.013141058051660928
2023-08-25 20:00:00,1018629.25,0.013141058051660928
2023-08-25 21:00:00,1018629.25,0.013141058051660928
2023-08-25 22:00:00,1018629.3125,0.013141058051660928
2023-08-25 23:00:00,1018629.4375,0.013141058051660928
2023-08-26 00:00:00,1018629.5625,0.013141058051660928
2023-08-26 01:00:00,1018629.625,0.013141058051660928
2023-08-26 02:00:00,1018629.6875,0.013141058051660928
2023-08-26 03:00:00,1018629.75,0.013141058051660928
2023-08-26 04:00:00,1018629.8125,0.013141058051660928
2023-08-26 05:00:00,1018629.9375,0.013141058051660928
2023-08-26 06:00:00,1018630.0625,0.013141058051660928
2023-08-26 07:00:00,1018630.0625,0.013141058051660928
2023-08-26 08:00:00,1018630.0625,0.013141058051660928
2023-08-26 09:00:00,1018630.125,0.013141058051660928
2023-08-26 10:00:00,1018630.3125,0.013141058051660928
2023-08-26 11:00:00,1018630.3125,0.013141058051660928
2023-08-26 12:00:00,1018630.375,0.013141058051660928
2023-08-26 13:00:00,1018630.5,0.013141058051660928
2023-08-26 14:00:00,1018630.5625,0.013141058051660928
2023-08-26 15:00:00,1018630.6875,0.013141058051660928
2023-08-26 16:00:00,1018630.75,0.013141058051660928
2023-08-26 17:00:00,1018630.875,0.013141058051660928
2023-08-26 18:00:00,1018630.875,0.013141058051660928
2023-08-26 19:00:00,1018630.9375,0.013141058051660928
2023-08-26 20:00:00,1018631.0625,0.013141058051660928
2023-08-26 21:00:00,1018631.125,0.013141058051660928
2023-08-26 22:00:00,1018631.1875,0.013141058051660928
2023-08-26 23:00:00,1018631.3125,0.013141058051660928
2023-08-27 00:00:00,1018631.3125,0.013141058051660928
2023-08-27 01:00:00,1018631.375,0.013141058051660928
2023-08-27 02:00:00,1018631.5,0.013141058051660928
2023-08-27 03:00:00,1018631.5625,0.013141058051660928
2023-08-27 04:00:00,1018631.625,0.013141058051660928
2023-08-27 05:00:00,1018631.8125,0.013141058051660928
2023-08-27 06:00:00,1018631.875,0.013141058051660928
2023-08-27 07:00:00,1018631.9375,0.013141058051660928
2023-08-27 08:00:00,1018632.0,0.013141058051660928
2023-08-27 09:00:00,1018632.125,0.013141058051660928
2023-08-27 10:00:00,1018632.1875,0.013141058051660928
2023-08-27 11:00:00,1018632.375,0.013141058051660928
2023-08-27 12:00:00,1018632.375,0.013141058051660928
2023-08-27 13:00:00,1018632.375,0.013141058051660928
2023-08-27 14:00:00,1018632.5,0.013141058051660928
2023-08-27 15:00:00,1018632.5625,0.013141058051660928
2023-08-27 16:00:00,1018632.6875,0.013141058051660928
2023-08-27 17:00:00,1018632.75,0.013141058051660928
2023-08-27 18:00:00,1018632.9375,0.013141058051660928
2023-08-27 19:00:00,1018632.9375,0.013141058051660928
2023-08-27 20:00:00,1018633.0,0.013141058051660928
2023-08-27 21:00:00,1018633.0625,0.013141058051660928
2023-08-27 22:00:00,1018633.1875,0.013141058051660928
2023-08-27 23:00:00,1018633.3125,0.013141058051660928
2023-08-28 00:00:00,1018633.4375,0.013141058051660928
2023-08-28 01:00:00,1018633.4375,0.013141058051660928
2023-08-28 02:00:00,1018633.5,0.013141058051660928
2023-08-28 03:00:00,1018633.6875,0.013141058051660928
2023-08-28 04:00:00,1018633.6875,0.013141058051660928
2023-08-28 05:00:00,1018633.75,0.013141058051660928
2023-08-28 06:00:00,1018633.9375,0.013141058051660928
2023-08-28 07:00:00,1018633.9375,0.013141058051660928
2023-08-28 08:00:00,1018633.9375,0.013141058051660928
2023-08-28 09:00:00,1018634.1875,0.013141058051660928
2023-08-28 10:00:00,1018634.25,0.013141058051660928
2023-08-28 11:00:00,1018634.375,0.013141058051660928
2023-08-28 12:00:00,1018634.375,0.013141058051660928
2023-08-28 13:00:00,1018634.5,0.013141058051660928
2023-08-28 14:00:00,1018634.625,0.013141058051660928
2023-08-28 15:00:00,1018634.6875,0.013141058051660928
2023-08-28 16:00:00,1018634.75,0.013141058051660928
2023-08-28 17:00:00,1018634.875,0.013141058051660928
2023-08-28 18:00:00,1018635.0,0.013141058051660928
2023-08-28 19:00:00,1018635.0,0.013141058051660928
2023-08-28 20:00:00,1018635.1875,0.013141058051660928
2023-08-28 21:00:00,1018635.3125,0.013141058051660928
2023-08-28 22:00:00,1018635.4375,0.013141058051660928
2023-08-28 23:00:00,1018635.4375,0.013141058051660928
2023-08-29 00:00:00,1018635.5625,0.013141058051660928
2023-08-29 01:00:00,1018635.625,0.013141058051660928
2023-08-29 02:00:00,1018635.75,0.013141058051660928
2023-08-29 03:00:00,1018635.8125,0.013141058051660928
2023-08-29 04:00:00,1018635.8125,0.013141058051660928
2023-08-29 05:00:00,1018636.0,0.013141058051660928
2023-08-29 06:00:00,1018636.0625,0.013141058051660928
2023-08-29 07:00:00,1018636.1875,0.013141058051660928
2023-08-29 08:00:00,1018636.3125,0.013141058051660928
2023-08-29 09:00:00,1018636.375,0.013141058051660928
2023-08-29 10:00:00,1018636.5625,0.013141058051660928
2023-08-29 11:00:00,1018636.5625,0.013141058051660928
2023-08-29 12:00:00,1018636.6875,0.013141058051660928
2023-08-29 13:00:00,1018636.8125,0.013141058051660928
2023-08-29 14:00:00,1018636.8125,0.013141058051660928
2023-08-29 15:00:00,1018636.875,0.013141058051660928
2023-08-29 16:00:00,1018637.0,0.013141058051660928
2023-08-29 17:00:00,1018637.125,0.013141058051660928
2023-08-29 18:00:00,1018637.125,0.013141058051660928
2023-08-29 19:00:00,1018637.3125,0.013141058051660928
2023-08-29 20:00:00,1018637.4375,0.013141058051660928
2023-08-29 21:00:00,1018637.5,0.013141058051660928
2023-08-29 22:00:00,1018637.5625,0.013141058051660928
2023-08-29 23:00:00,1018637.6875,0.013141058051660928
2023-08-30 00:00:00,1018637.75,0.013141058051660928
2023-08-30 01:00:00,1018637.875,0.013141058051660928
2023-08-30 02:00:00,1018637.875,0.013141058051660928
2023-08-30 03:00:00,1018638.0625,0.013141058051660928
2023-08-30 04:00:00,1018638.125,0.013141058051660928
2023-08-30 05:00:00,1018638.1875,0.013141058051660928
2023-08-30 06:00:00,1018638.3125,0.013141058051660928
2023-08-30 07:00:00,1018638.375,0.013141058051660928
2023-08-30 08:00:00,1018638.5,0.013141058051660928
2023-08-30 09:00:00,1018638.5625,0.013141058051660928
2023-08-30 10:00:00,1018638.6875,0.013141058051660928
2023-08-30 11:00:00,1018638.75,0.013141058051660928
2023-08-30 12:00:00,1018638.875,0.013141058051660928
2023-08-30 13:00:00,1018638.9375,0.013141058051660928
2023-08-30 14:00:00,1018639.0625,0.013141058051660928
2023-08-30 15:00:00,1018639.125,0.013141058051660928
2023-08-30 16:00:00,1018639.1875,0.013141058051660928
2023-08-30 17:00:00,1018639.25,0.013141058051660928
2023-08-30 18:00:00,1018639.4375,0.013141058051660928
2023-08-30 19:00:00,1018639.4375,0.013141058051660928
2023-08-30 20:00:00,1018639.6875,0.013141058051660928
2023-08-30 21:00:00,1018639.75,0.013141058051660928
2023-08-30 22:00:00,1018639.75,0.013141058051660928
2023-08-30 23:00:00,1018639.875,0.013141058051660928
2023-08-31 00:00:00,1018639.9375,0.013141058051660928
2023-08-31 01:00:00,1018640.0625,0.013141058051660928
2023-08-31 02:00:00,1018640.1875,0.013141058051660928
2023-08-31 03:00:00,1018640.25,0.013141058051660928
2023-08-31 04:00:00,1018640.3125,0.013141058051660928
2023-08-31 05:00:00,1018640.4375,0.013141058051660928
2023-08-31 06:00:00,1018640.4375,0.013141058051660928
2023-08-31 07:00:00,1018640.5625,0.013141058051660928
2023-08-31 08:00:00,1018640.75,0.013141058051660928
2023-08-31 09:00:00,1018640.75,0.013141058051660928
2023-08-31 10:00:00,1018640.8125,0.013141058051660928
2023-08-31 11:00:00,1018641.0,0.013141058051660928
2023-08-31 12:00:00,1018641.0625,0.013141058051660928
2023-08-31 13:00:00,1018641.125,0.013141058051660928
2023-08-31 14:00:00,1018641.3125,0.013141058051660928
2023-08-31 15:00:00,1018641.25,0.013141058051660928
2023-08-31 16:00:00,1018641.375,0.013141058051660928
2023-08-31 17:00:00,1018641.5,0.013141058051660928
2023-08-31 18:00:00,1018641.5,0.013141058051660928
2023-08-31 19:00:00,1018641.6875,0.013141058051660928
2023-08-31 20:00:00,1018641.75,0.013141058051660928
2023-08-31 21:00:00,1018641.75,0.013141058051660928
2023-08-31 22:00:00,1018642.0,0.013141058051660928
2023-08-31 23:00:00,1018642.0625,0.013141058051660928
2023-09-01 00:00:00,1018642.125,0.013141058051660928
2023-09-01 01:00:00,1018642.1875,0.013141058051660928
2023-09-01 02:00:00,1018642.25,0.013141058051660928
2023-09-01 03:00:00,1018642.3125,0.013141058051660928
2023-09-01 04:00:00,1018642.4375,0.013141058051660928
2023-09-01 05:00:00,1018642.5,0.013141058051660928
2023-09-01 06:00:00,1018642.5625,0.013141058051660928
2023-09-01 07:00:00,1018642.625,0.013141058051660928
2023-09-01 08:00:00,1018642.75,0.013141058051660928
2023-09-01 09:00:00,1018642.8125,0.013141058051660928
2023-09-01 10:00:00,1018642.875,0.013141058051660928
2023-09-01 11:00:00,1018642.875,0.013141058051660928
2023-09-01 12:00:00,1018643.125,0.013141058051660928
2023-09-01 13:00:00,1018643.125,0.013141058051660928
2023-09-01 14:00:00,1018643.25,0.013141058051660928
2023-09-01 15:00:00,1018643.375,0.013141058051660928
2023-09-01 16:00:00,1018643.375,0.013141058051660928
2023-09-01 17:00:00,1018643.4375,0.013141058051660928
2023-09-01 18:00:00,1018643.5625,0.013141058051660928
2023-09-01 19:00:00,1018643.625,0.013141058051660928
2023-09-01 20:00:00,1018643.6875,0.013141058051660928
2023-09-01 21:00:00,1018643.75,0.013141058051660928
2023-09-01 22:00:00,1018643.8125,0.013141058051660928
2023-09-01 23:00:00,1018643.9375,0.013141058051660928
2023-09-02 00:00:00,1018644.0,0.013141058051660928
2023-09-02 01:00:00,1018644.125,0.013141058051660928
2023-09-02 02:00:00,1018644.25,0.013141058051660928
2023-09-02 03:00:00,1018644.25,0.013141058051660928
2023-09-02 04:00:00,1018644.3125,0.013141058051660928
2023-09-02 05:00:00,1018644.4375,0.013141058051660928
2023-09-02 06:00:00,1018644.5625,0.013141058051660928
2023-09-02 07:00:00,1018644.625,0.013141058051660928
2023-09-02 08:00:00,1018644.75,0.013141058051660928
2023-09-02 09:00:00,1018644.8125,0.013141058051660928
2023-09-02 10:00:00,1018644.875,0.013141058051660928
2023-09-02 11:00:00,1018644.875,0.013141058051660928
2023-09-02 12:00:00,1018645.0,0.013141058051660928
2023-09-02 13:00:00,1018645.0625,0.013141058051660928
2023-09-02 14:00:00,1018645.25,0.013141058051660928
2023-09-02 15:00:00,1018645.3125,0.013141058051660928
2023-09-02 16:00:00,1018645.5,0.013141058051660928
2023-09-02 17:00:00,1018645.5,0.013141058051660928
2023-09-02 18:00:00,1018645.625,0.013141058051660928
2023-09-02 19:00:00,1018645.625,0.013141058051660928
2023-09-02 20:00:00,1018645.6875,0.013141058051660928
2023-09-02 21:00:00,1018645.8125,0.013141058051660928
2023-09-02 22:00:00,1018645.875,0.013141058051660928
2023-09-02 23:00:00,1018646.0,0.013141058051660928
2023-09-03 00:00:00,1018646.0625,0.013141058051660928
2023-09-03 01:00:00,1018646.125,0.013141058051660928
2023-09-03 02:00:00,1018646.25,0.013141058051660928
2023-09-03 03:00:00,1018646.375,0.013141058051660928
2023-09-03 04:00:00,1018646.4375,0.013141058051660928
2023-09-03 05:00:00,1018646.5625,0.013141058051660928
2023-09-03 06:00:00,1018646.625,0.013141058051660928
2023-09-03 07:00:00,1018646.75,0.013141058051660928
2023-09-03 08:00:00,1018646.8125,0.013141058051660928
2023-09-03 09:00:00,1018646.9375,0.013141058051660928
2023-09-03 10:00:00,1018647.0625,0.013141058051660928
2023-09-03 11:00:00,1018647.0625,0.013141058051660928
2023-09-03 12:00:00,1018647.1875,0.013141058051660928
2023-09-03 13:00:00,1018647.3125,0.013141058051660928
2023-09-03 14:00:00,1018647.3125,0.013141058051660928
2023-09-03 15:00:00,1018647.4375,0.013141058051660928
2023-09-03 16:00:00,1018647.625,0.013141058051660928
2023-09-03 17:00:00,1018647.625,0.013141058051660928
2023-09-03 18:00:00,1018647.75,0.013141058051660928
2023-09-03 19:00:00,1018647.875,0.013141058051660928
2023-09-03 20:00:00,1018647.875,0.013141058051660928
2023-09-03 21:00:00,1018648.0,0.013141058051660928
2023-09-03 22:00:00,1018648.125,0.013141058051660928
2023-09-03 23:00:00,1018648.125,0.013141058051660928
2023-09-04 00:00:00,1018648.3125,0.013141058051660928
2023-09-04 01:00:00,1018648.375,0.013141058051660928
2023-09-04 02:00:00,1018648.5625,0.013141058051660928
2023-09-04 03:00:00,1018648.5625,0.013141058051660928
2023-09-04 04:00:00,1018648.6875,0.013141058051660928
2023-09-04 05:00:00,1018648.6875,0.013141058051660928
2023-09-04 06:00:00,1018648.9375,0.013141058051660928
2023-09-04 07:00:00,1018648.9375,0.013141058051660928
2023-09-04 08:00:00,1018649.0,0.013141058051660928
2023-09-04 09:00:00,1018649.1875,0.013141058051660928
2023-09-04 10:00:00,1018649.1875,0.013141058051660928
2023-09-04 11:00:00,1018649.3125,0.013141058051660928
2023-09-04 12:00:00,1018649.4375,0.013141058051660928
2023-09-04 13:00:00,1018649.4375,0.013141058051660928
2023-09-04 14:00:00,1018649.5625,0.013141058051660928
2023-09-04 15:00:00,1018649.75,0.013141058051660928
2023-09-04 16:00:00,1018649.75,0.013141058051660928
2023-09-04 17:00:00,1018649.8125,0.013141058051660928
2023-09-04 18:00:00,1018650.0,0.013141058051660928
2023-09-04 19:00:00,1018650.125,0.013141058051660928
2023-09-04 20:00:00,1018650.1875,0.013141058051660928
2023-09-04 21:00:00,1018650.25,0.013141058051660928
2023-09-04 22:00:00,1018650.375,0.013141058051660928
2023-09-04 23:00:00,1018650.375,0.013141058051660928
2023-09-05 00:00:00,1018650.5,0.013141058051660928
2023-09-05 01:00:00,1018650.625,0.013141058051660928
2023-09-05 02:00:00,1018650.6875,0.013141058051660928
2023-09-05 03:00:00,1018650.8125,0.013141058051660928
2023-09-05 04:00:00,1018650.9375,0.013141058051660928
2023-09-05 05:00:00,1018651.0,0.013141058051660928
2023-09-05 06:00:00,1018651.0625,0.013141058051660928
2023-09-05 07:00:00,1018651.1875,0.013141058051660928
2023-09-05 08:00:00,1018651.25,0.013141058051660928
2023-09-05 09:00:00,1018651.3125,0.013141058051660928
2023-09-05 10:00:00,1018651.4375,0.013141058051660928
2023-09-05 11:00:00,1018651.5,0.013141058051660928
2023-09-05 12:00:00,1018651.625,0.013141058051660928
2023-09-05 13:00:00,1018651.6875,0.013141058051660928
2023-09-05 14:00:00,1018651.75,0.013141058051660928
2023-09-05 15:00:00,1018651.8125,0.013141058051660928
2023-09-05 16:00:00,1018652.0,0.013141058051660928
2023-09-05 17:00:00,1018652.0625,0.013141058051660928
2023-09-05 18:00:00,1018652.125,0.013141058051660928
2023-09-05 19:00:00,1018652.3125,0.013141058051660928
2023-09-05 20:00:00,1018652.3125,0.013141058051660928
2023-09-05 21:00:00,1018652.375,0.013141058051660928
2023-09-05 22:00:00,1018652.5,0.013141058051660928
2023-09-05 23:00:00,1018652.5625,0.013141058051660928
2023-09-06 00:00:00,1018652.625,0.013141058051660928
2023-09-06 01:00:00,1018652.75,0.013141058051660928
2023-09-06 02:00:00,1018652.8125,0.013141058051660928
2023-09-06 03:00:00,1018652.875,0.013141058051660928
2023-09-06 04:00:00,1018653.0625,0.013141058051660928
2023-09-06 05:00:00,1018653.125,0.013141058051660928
2023-09-06 06:00:00,1018653.1875,0.013141058051660928
2023-09-06 07:00:00,1018653.3125,0.013141058051660928
2023-09-06 08:00:00,1018653.375,0.013141058051660928
2023-09-06 09:00:00,1018653.4375,0.013141058051660928
2023-09-06 10:00:00,1018653.5625,0.013141058051660928
2023-09-06 11:00:00,1018653.625,0.013141058051660928
2023-09-06 12:00:00,1018653.75,0.013141058051660928
2023-09-06 13:00:00,1018653.8125,0.013141058051660928
2023-09-06 14:00:00,1018653.875,0.013141058051660928
2023-09-06 15:00:00,1018653.9375,0.013141058051660928
2023-09-06 16:00:00,1018654.0625,0.013141058051660928
2023-09-06 17:00:00,1018654.1875,0.013141058051660928
2023-09-06 18:00:00,1018654.25,0.013141058051660928
2023-09-06 19:00:00,1018654.375,0.013141058051660928
2023-09-06 20:00:00,1018654.4375,0.013141058051660928
2023-09-06 21:00:00,1018654.5625,0.013141058051660928
2023-09-06 22:00:00,1018654.625,0.013141058051660928
2023-09-06 23:00:00,1018654.6875,0.013141058051660928
2023-09-07 00:00:00,1018654.75,0.013141058051660928
2023-09-07 01:00:00,1018654.875,0.013141058051660928
2023-09-07 02:00:00,1018654.9375,0.013141058051660928
2023-09-07 03:00:00,1018655.125,0.013141058051660928
2023-09-07 04:00:00,1018655.125,0.013141058051660928
2023-09-07 05:00:00,1018655.1875,0.013141058051660928
2023-09-07 06:00:00,1018655.3125,0.013141058051660928
2023-09-07 07:00:00,1018655.4375,0.013141058051660928
2023-09-07 08:00:00,1018655.5,0.013141058051660928
2023-09-07 09:00:00,1018655.6875,0.013141058051660928
2023-09-07 10:00:00,1018655.6875,0.013141058051660928
2023-09-07 11:00:00,1018655.75,0.013141058051660928
2023-09-07 12:00:00,1018655.875,0.013141058051660928
2023-09-07 13:00:00,1018655.9375,0.013141058051660928
2023-09-07 14:00:00,1018656.0625,0.013141058051660928
2023-09-07 15:00:00,1018656.1875,0.013141058051660928
2023-09-07 16:00:00,1018656.25,0.013141058051660928
2023-09-07 17:00:00,1018656.4375,0.013141058051660928
2023-09-07 18:00:00,1018656.5,0.013141058051660928
2023-09-07 19:00:00,1018656.625,0.013141058051660928
2023-09-07 20:00:00,1018656.75,0.013141058051660928
2023-09-07 21:00:00,1018656.8125,0.013141058051660928
2023-09-07 22:00:00,1018656.9375,0.013141058051660928
2023-09-07 23:00:00,1018657.0625,0.013141058051660928
2023-09-08 00:00:00,1018657.125,0.013141058051660928
2023-09-08 01:00:00,1018657.1875,0.013141058051660928
2023-09-08 02:00:00,1018657.3125,0.013141058051660928
2023-09-08 03:00:00,1018657.3125,0.013141058051660928
2023-09-08 04:00:00,1018657.375,0.013141058051660928
2023-09-08 05:00:00,1018657.5625,0.013141058051660928
2023-09-08 06:00:00,1018657.625,0.013141058051660928
2023-09-08 07:00:00,1018657.75,0.013141058051660928
2023-09-08 08:00:00,1018657.75,0.013141058051660928
2023-09-08 09:00:00,1018657.875,0.013141058051660928
2023-09-08 10:00:00,1018657.9375,0.013141058051660928
2023-09-08 11:00:00,1018658.0625,0.013141058051660928
2023-09-08 12:00:00,1018658.125,0.013141058051660928
2023-09-08 13:00:00,1018658.1875,0.013141058051660928
2023-09-08 14:00:00,1018658.3125,0.013141058051660928
2023-09-08 15:00:00,1018658.3125,0.013141058051660928
2023-09-08 16:00:00,1018658.375,0.013141058051660928
2023-09-08 17:00:00,1018658.4375,0.013141058051660928
2023-09-08 18:00:00,1018658.5,0.013141058051660928
2023-09-08 19:00:00,1018658.6875,0.013141058051660928
2023-09-08 20:00:00,1018658.6875,0.013141058051660928
2023-09-08 21:00:00,1018658.75,0.013141058051660928
2023-09-08 22:00:00,1018658.875,0.013141058051660928
2023-09-08 23:00:00,1018658.9375,0.013141058051660928
2023-09-09 00:00:00,1018659.0,0.013141058051660928
2023-09-09 01:00:00,1018659.125,0.013141058051660928
2023-09-09 02:00:00,1018659.25,0.013141058051660928
2023-09-09 03:00:00,1018659.25,0.013141058051660928
2023-09-09 04:00:00,1018659.375,0.013141058051660928
2023-09-09 05:00:00,1018659.5,0.013141058051660928
2023-09-09 06:00:00,1018659.625,0.013141058051660928
2023-09-09 07:00:00,1018659.625,0.013141058051660928
2023-09-09 08:00:00,1018659.8125,0.013141058051660928
2023-09-09 09:00:00,1018659.9375,0.013141058051660928
2023-09-09 10:00:00,1018660.0,0.013141058051660928
2023-09-09 11:00:00,1018660.125,0.013141058051660928
2023-09-09 12:00:00,1018660.1875,0.013141058051660928
2023-09-09 13:00:00,1018660.25,0.013141058051660928
2023-09-09 14:00:00,1018660.4375,0.013141058051660928
2023-09-09 15:00:00,1018660.5625,0.013141058051660928
2023-09-09 16:00:00,1018660.5625,0.013141058051660928
2023-09-09 17:00:00,1018660.6875,0.013141058051660928
2023-09-09 18:00:00,1018660.75,0.013141058051660928
2023-09-09 19:00:00,1018661.0,0.013141058051660928
2023-09-09 20:00:00,1018661.0,0.013141058051660928
2023-09-09 21:00:00,1018661.25,0.013141058051660928
2023-09-09 22:00:00,1018661.25,0.013141058051660928
2023-09-09 23:00:00,1018661.4375,0.013141058051660928
2023-09-10 00:00:00,1018661.5,0.013141058051660928
2023-09-10 01:00:00,1018661.625,0.013141058051660928
2023-09-10 02:00:00,1018661.6875,0.013141058051660928
2023-09-10 03:00:00,1018661.75,0.013141058051660928
2023-09-10 04:00:00,1018661.875,0.013141058051660928
2023-09-10 05:00:00,1018662.0625,0.013141058051660928
2023-09-10 06:00:00,1018662.1875,0.013141058051660928
2023-09-10 07:00:00,1018662.3125,0.013141058051660928
2023-09-10 08:00:00,1018662.3125,0.013141058051660928
2023-09-10 09:00:00,1018662.5,0.013141058051660928
2023-09-10 10:00:00,1018662.5625,0.013141058051660928
2023-09-10 11:00:00,1018662.6875,0.013141058051660928
2023-09-10 12:00:00,1018662.8125,0.013141058051660928
2023-09-10 13:00:00,1018662.875,0.013141058051660928
2023-09-10 14:00:00,1018663.0,0.013141058051660928
2023-09-10 15:00:00,1018663.125,0.013141058051660928
2023-09-10 16:00:00,1018663.3125,0.013141058051660928
2023-09-10 17:00:00,1018663.3125,0.013141058051660928
2023-09-10 18:00:00,1018663.5,0.013141058051660928
2023-09-10 19:00:00,1018663.5625,0.013141058051660928
2023-09-10 20:00:00,1018663.625,0.013141058051660928
2023-09-10 21:00:00,1018663.75,0.013141058051660928
2023-09-10 22:00:00,1018663.875,0.013141058051660928
2023-09-10 23:00:00,1018664.0,0.013141058051660928
2023-09-11 00:00:00,1018664.0625,0.013141058051660928
2023-09-11 01:00:00,1018664.125,0.013141058051660928
2023-09-11 02:00:00,1018664.375,0.013141058051660928
2023-09-11 03:00:00,1018664.375,0.013141058051660928
2023-09-11 04:00:00,1018664.5625,0.013141058051660928
2023-09-11 05:00:00,1018664.625,0.013141058051660928
2023-09-11 06:00:00,1018664.8125,0.013141058051660928
2023-09-11 07:00:00,1018664.875,0.013141058051660928
2023-09-11 08:00:00,1018664.9375,0.013141058051660928
2023-09-11 09:00:00,1018665.0625,0.013141058051660928
2023-09-11 10:00:00,1018665.1875,0.013141058051660928
2023-09-11 11:00:00,1018665.375,0.013141058051660928
2023-09-11 12:00:00,1018665.4375,0.013141058051660928
2023-09-11 13:00:00,1018665.5625,0.013141058051660928
2023-09-11 14:00:00,1018665.625,0.013141058051660928
2023-09-11 15:00:00,1018665.75,0.013141058051660928
2023-09-11 16:00:00,1018665.875,0.013141058051660928
2023-09-11 17:00:00,1018665.9375,0.013141058051660928
2023-09-11 18:00:00,1018666.0,0.013141058051660928
2023-09-11 19:00:00,1018666.125,0.013141058051660928
2023-09-11 20:00:00,1018666.1875,0.013141058051660928
2023-09-11 21:00:00,1018666.3125,0.013141058051660928
2023-09-11 22:00:00,1018666.375,0.013141058051660928
2023-09-11 23:00:00,1018666.5625,0.013141058051660928
2023-09-12 00:00:00,1018666.6875,0.013141058051660928
2023-09-12 01:00:00,1018666.6875,0.013141058051660928
2023-09-12 02:00:00,1018666.8125,0.013141058051660928
2023-09-12 03:00:00,1018666.9375,0.013141058051660928
2023-09-12 04:00:00,1018667.0,0.013141058051660928
2023-09-12 05:00:00,1018667.1875,0.013141058051660928
2023-09-12 06:00:00,1018667.1875,0.013141058051660928
2023-09-12 07:00:00,1018667.25,0.013141058051660928
2023-09-12 08:00:00,1018667.4375,0.013141058051660928
2023-09-12 09:00:00,1018667.4375,0.013141058051660928
2023-09-12 10:00:00,1018667.625,0.013141058051660928
2023-09-12 11:00:00,1018667.75,0.013141058051660928
2023-09-12 12:00:00,1018667.8125,0.013141058051660928
2023-09-12 13:00:00,1018667.9375,0.013141058051660928
2023-09-12 14:00:00,1018668.0,0.013141058051660928
2023-09-12 15:00:00,1018668.0625,0.013141058051660928
2023-09-12 16:00:00,1018668.125,0.013141058051660928
2023-09-12 17:00:00,1018668.25,0.013141058051660928
2023-09-12 18:00:00,1018668.375,0.013141058051660928
2023-09-12 19:00:00,1018668.5,0.013141058051660928
2023-09-12 20:00:00,1018668.5625,0.013141058051660928
2023-09-12 21:00:00,1018668.6875,0.013141058051660928
2023-09-12 22:00:00,1018668.8125,0.013141058051660928
2023-09-12 23:00:00,1018668.8125,0.013141058051660928
2023-09-13 00:00:00,1018669.0625,0.013141058051660928
2023-09-13 01:00:00,1018669.0625,0.013141058051660928
2023-09-13 02:00:00,1018669.125,0.013141058051660928
2023-09-13 03:00:00,1018669.3125,0.013141058051660928
2023-09-13 04:00:00,1018669.3125,0.013141058051660928
2023-09-13 05:00:00,1018669.5,0.013141058051660928
2023-09-13 06:00:00,1018669.5625,0.013141058051660928
2023-09-13 07:00:00,1018669.6875,0.013141058051660928
2023-09-13 08:00:00,1018669.8125,0.013141058051660928
2023-09-13 09:00:00,1018669.875,0.013141058051660928
2023-09-13 10:00:00,1018670.0,0.013141058051660928
2023-09-13 11:00:00,1018670.125,0.013141058051660928
2023-09-13 12:00:00,1018670.1875,0.013141058051660928
2023-09-13 13:00:00,1018670.25,0.013141058051660928
2023-09-13 14:00:00,1018670.375,0.013141058051660928
2023-09-13 15:00:00,1018670.4375,0.013141058051660928
2023-09-13 16:00:00,1018670.625,0.013141058051660928
2023-09-13 17:00:00,1018670.625,0.013141058051660928
2023-09-13 18:00:00,1018670.8125,0.013141058051660928
2023-09-13 19:00:00,1018670.9375,0.013141058051660928
2023-09-13 20:00:00,1018671.0625,0.013141058051660928
2023-09-13 21:00:00,1018671.0625,0.013141058051660928
2023-09-13 22:00:00,1018671.1875,0.013141058051660928
2023-09-13 23:00:00,1018671.3125,0.013141058051660928
2023-09-14 00:00:00,1018671.4375,0.013141058051660928
2023-09-14 01:00:00,1018671.4375,0.013141058051660928
2023-09-14 02:00:00,1018671.625,0.013141058051660928
2023-09-14 03:00:00,1018671.6875,0.013141058051660928
2023-09-14 04:00:00,1018671.75,0.013141058051660928
2023-09-14 05:00:00,1018671.875,0.013141058051660928
2023-09-14 06:00:00,1018671.9375,0.013141058051660928
2023-09-14 07:00:00,1018672.1875,0.013141058051660928
2023-09-14 08:00:00,1018672.25,0.013141058051660928
2023-09-14 09:00:00,1018672.375,0.013141058051660928
2023-09-14 10:00:00,1018672.4375,0.013141058051660928
2023-09-14 11:00:00,1018672.5,0.013141058051660928
2023-09-14 12:00:00,1018672.6875,0.013141058051660928
2023-09-14 13:00:00,1018672.75,0.013141058051660928
2023-09-14 14:00:00,1018672.75,0.013141058051660928
2023-09-14 15:00:00,1018672.9375,0.013141058051660928
2023-09-14 16:00:00,1018673.0,0.013141058051660928
2023-09-14 17:00:00,1018673.1875,0.013141058051660928
2023-09-14 18:00:00,1018673.3125,0.013141058051660928
2023-09-14 19:00:00,1018673.4375,0.013141058051660928
2023-09-14 20:00:00,1018673.5,0.013141058051660928
2023-09-14 21:00:00,1018673.5625,0.013141058051660928
2023-09-14 22:00:00,1018673.75,0.013141058051660928
2023-09-14 23:00:00,1018673.875,0.013141058051660928
2023-09-15 00:00:00,1018673.9375,0.013141058051660928
2023-09-15 01:00:00,1018674.0,0.013141058051660928
2023-09-15 02:00:00,1018674.1875,0.013141058051660928
2023-09-15 03:00:00,1018674.3125,0.013141058051660928
2023-09-15 04:00:00,1018674.4375,0.013141058051660928
2023-09-15 05:00:00,1018674.5,0.013141058051660928
2023-09-15 06:00:00,1018674.625,0.013141058051660928
2023-09-15 07:00:00,1018674.75,0.013141058051660928
2023-09-15 08:00:00,1018674.875,0.013141058051660928
2023-09-15 09:00:00,1018674.9375,0.013141058051660928
2023-09-15 10:00:00,1018675.0625,0.013141058051660928
2023-09-15 11:00:00,1018675.1875,0.013141058051660928
2023-09-15 12:00:00,1018675.3125,0.013141058051660928
2023-09-15 13:00:00,1018675.3125,0.013141058051660928
2023-09-15 14:00:00,1018675.5,0.013141058051660928
2023-09-15 15:00:00,1018675.625,0.013141058051660928
2023-09-15 16:00:00,1018675.75,0.013141058051660928
2023-09-15 17:00:00,1018675.875,0.013141058051660928
2023-09-15 18:00:00,1018675.9375,0.013141058051660928
2023-09-15 19:00:00,1018676.0625,0.013141058051660928
2023-09-15 20:00:00,1018676.1875,0.013141058051660928
2023-09-15 21:00:00,1018676.25,0.013141058051660928
2023-09-15 22:00:00,1018676.375,0.013141058051660928
2023-09-15 23:00:00,1018676.4375,0.013141058051660928
2023-09-16 00:00:00,1018676.625,0.013141058051660928
2023-09-16 01:00:00,1018676.6875,0.013141058051660928
2023-09-16 02:00:00,1018676.8125,0.013141058051660928
2023-09-16 03:00:00,1018676.9375,0.013141058051660928
2023-09-16 04:00:00,1018677.0,0.013141058051660928
2023-09-16 05:00:00,1018677.125,0.013141058051660928
2023-09-16 06:00:00,1018677.1875,0.013141058051660928
2023-09-16 07:00:00,1018677.3125,0.013141058051660928
2023-09-16 08:00:00,1018677.375,0.013141058051660928
2023-09-16 09:00:00,1018677.5,0.013141058051660928
2023-09-16 10:00:00,1018677.6875,0.013141058051660928
2023-09-16 11:00:00,1018677.8125,0.013141058051660928
2023-09-16 12:00:00,1018677.9375,0.013141058051660928
2023-09-16 13:00:00,1018678.0,0.013141058051660928
2023-09-16 14:00:00,1018678.1875,0.013141058051660928
2023-09-16 15:00:00,1018678.1875,0.013141058051660928
2023-09-16 16:00:00,1018678.4375,0.013141058051660928
2023-09-16 17:00:00,1018678.4375,0.013141058051660928
2023-09-16 18:00:00,1018678.5625,0.013141058051660928
2023-09-16 19:00:00,1018678.75,0.013141058051660928
2023-09-16 20:00:00,1018678.875,0.013141058051660928
2023-09-16 21:00:00,1018679.0,0.013141058051660928
2023-09-16 22:00:00,1018679.0625,0.013141058051660928
2023-09-16 23:00:00,1018679.125,0.013141058051660928
2023-09-17 00:00:00,1018679.25,0.013141058051660928
2023-09-17 01:00:00,1018679.4375,0.013141058051660928
2023-09-17 02:00:00,1018679.5,0.013141058051660928
2023-09-17 03:00:00,1018679.6875,0.013141058051660928
2023-09-17 04:00:00,1018679.75,0.013141058051660928
2023-09-17 05:00:00,1018679.9375,0.013141058051660928
2023-09-17 06:00:00,1018680.0625,0.013141058051660928
2023-09-17 07:00:00,1018680.125,0.013141058051660928
2023-09-17 08:00:00,1018680.1875,0.013141058051660928
2023-09-17 09:00:00,1018680.3125,0.013141058051660928
2023-09-17 10:00:00,1018680.4375,0.013141058051660928
2023-09-17 11:00:00,1018680.5625,0.013141058051660928
2023-09-17 12:00:00,1018680.5625,0.013141058051660928
2023-09-17 13:00:00,1018680.75,0.013141058051660928
2023-09-17 14:00:00,1018680.875,0.013141058051660928
2023-09-17 15:00:00,1018681.0625,0.013141058051660928
2023-09-17 16:00:00,1018681.125,0.013141058051660928
2023-09-17 17:00:00,1018681.25,0.013141058051660928
2023-09-17 18:00:00,1018681.3125,0.013141058051660928
2023-09-17 19:00:00,1018681.4375,0.013141058051660928
2023-09-17 20:00:00,1018681.5625,0.013141058051660928
2023-09-17 21:00:00,1018681.6875,0.013141058051660928
2023-09-17 22:00:00,1018681.75,0.013141058051660928
2023-09-17 23:00:00,1018681.875,0.013141058051660928
2023-09-18 00:00:00,1018681.9375,0.013141058051660928
2023-09-18 01:00:00,1018682.125,0.013141058051660928
2023-09-18 02:00:00,1018682.25,0.013141058051660928
2023-09-18 03:00:00,1018682.3125,0.013141058051660928
2023-09-18 04:00:00,1018682.375,0.013141058051660928
2023-09-18 05:00:00,1018682.5625,0.013141058051660928
2023-09-18 06:00:00,1018682.625,0.013141058051660928
2023-09-18 07:00:00,1018682.75,0.013141058051660928
2023-09-18 08:00:00,1018682.8125,0.013141058051660928
2023-09-18 09:00:00,1018682.9375,0.013141058051660928
2023-09-18 10:00:00,1018683.0625,0.013141058051660928
2023-09-18 11:00:00,1018683.125,0.013141058051660928
2023-09-18 12:00:00,1018683.375,0.013141058051660928
2023-09-18 13:00:00,1018683.4375,0.013141058051660928
2023-09-18 14:00:00,1018683.5625,0.013141058051660928
2023-09-18 15:00:00,1018683.625,0.013141058051660928
2023-09-18 16:00:00,1018683.6875,0.013141058051660928
2023-09-18 17:00:00,1018683.8125,0.013141058051660928
2023-09-18 18:00:00,1018683.9375,0.013141058051660928
2023-09-18 19:00:00,1018684.0,0.013141058051660928
2023-09-18 20:00:00,1018684.125,0.013141058051660928
2023-09-18 21:00:00,1018684.1875,0.013141058051660928
2023-09-18 22:00:00,1018684.375,0.013141058051660928
2023-09-18 23:00:00,1018684.4375,0.013141058051660928
2023-09-19 00:00:00,1018684.5,0.013141058051660928
2023-09-19 01:00:00,1018684.625,0.013141058051660928
2023-09-19 02:00:00,1018684.6875,0.013141058051660928
2023-09-19 03:00:00,1018684.8125,0.013141058051660928
2023-09-19 04:00:00,1018684.9375,0.013141058051660928
2023-09-19 05:00:00,1018685.0,0.013141058051660928
2023-09-19 06:00:00,1018685.125,0.013141058051660928
2023-09-19 07:00:00,1018685.1875,0.013141058051660928
2023-09-19 08:00:00,1018685.3125,0.013141058051660928
2023-09-19 09:00:00,1018685.5,0.013141058051660928
2023-09-19 10:00:00,1018685.5625,0.013141058051660928
2023-09-19 11:00:00,1018685.625,0.013141058051660928
2023-09-19 12:00:00,1018685.75,0.013141058051660928
2023-09-19 13:00:00,1018685.875,0.013141058051660928
2023-09-19 14:00:00,1018685.9375,0.013141058051660928
2023-09-19 15:00:00,1018686.0625,0.013141058051660928
2023-09-19 16:00:00,1018686.125,0.013141058051660928
2023-09-19 17:00:00,1018686.25,0.013141058051660928
2023-09-19 18:00:00,1018686.3125,0.013141058051660928
2023-09-19 19:00:00,1018686.5,0.013141058051660928
2023-09-19 20:00:00,1018686.5,0.013141058051660928
2023-09-19 21:00:00,1018686.75,0.013141058051660928
2023-09-19 22:00:00,1018686.8125,0.013141058051660928
2023-09-19 23:00:00,1018687.0,0.013141058051660928
2023-09-20 00:00:00,1018687.0625,0.013141058051660928
2023-09-20 01:00:00,1018687.1875,0.013141058051660928
2023-09-20 02:00:00,1018687.3125,0.013141058051660928
2023-09-20 03:00:00,1018687.4375,0.013141058051660928
2023-09-20 04:00:00,1018687.5,0.013141058051660928
2023-09-20 05:00:00,1018687.75,0.013141058051660928
2023-09-20 06:00:00,1018687.75,0.013141058051660928
2023-09-20 07:00:00,1018687.875,0.013141058051660928
2023-09-20 08:00:00,1018687.9375,0.013141058051660928
2023-09-20 09:00:00,1018688.0625,0.013141058051660928
2023-09-20 10:00:00,1018688.125,0.013141058051660928
2023-09-20 11:00:00,1018688.25,0.013141058051660928
2023-09-20 12:00:00,1018688.375,0.013141058051660928
2023-09-20 13:00:00,1018688.5,0.013141058051660928
2023-09-20 14:00:00,1018688.625,0.013141058051660928
2023-09-20 15:00:00,1018688.8125,0.013141058051660928
2023-09-20 16:00:00,1018688.9375,0.013141058051660928
2023-09-20 17:00:00,1018688.9375,0.013141058051660928
2023-09-20 18:00:00,1018689.125,0.013141058051660928
2023-09-20 19:00:00,1018689.1875,0.013141058051660928
2023-09-20 20:00:00,1018689.3125,0.013141058051660928
2023-09-20 21:00:00,1018689.4375,0.013141058051660928
2023-09-20 22:00:00,1018689.5625,0.013141058051660928
2023-09-20 23:00:00,1018689.625,0.013141058051660928
2023-09-21 00:00:00,1018689.6875,0.013141058051660928
2023-09-21 01:00:00,1018689.8125,0.013141058051660928
2023-09-21 02:00:00,1018689.9375,0.013141058051660928
2023-09-21 03:00:00,1018690.0,0.013141058051660928
2023-09-21 04:00:00,1018690.1875,0.013141058051660928
2023-09-21 05:00:00,1018690.25,0.013141058051660928
2023-09-21 06:00:00,1018690.3125,0.013141058051660928
2023-09-21 07:00:00,1018690.4375,0.013141058051660928
2023-09-21 08:00:00,1018690.5625,0.013141058051660928
2023-09-21 09:00:00,1018690.75,0.013141058051660928
2023-09-21 10:00:00,1018690.75,0.013141058051660928
2023-09-21 11:00:00,1018690.875,0.013141058051660928
2023-09-21 12:00:00,1018691.0625,0.013141058051660928
2023-09-21 13:00:00,1018691.125,0.013141058051660928
2023-09-21 14:00:00,1018691.3125,0.013141058051660928
2023-09-21 15:00:00,1018691.3125,0.013141058051660928
2023-09-21 16:00:00,1018691.5,0.013141058051660928
2023-09-21 17:00:00,1018691.5625,0.013141058051660928
2023-09-21 18:00:00,1018691.6875,0.013141058051660928
2023-09-21 19:00:00,1018691.8125,0.013141058051660928
2023-09-21 20:00:00,1018691.9375,0.013141058051660928
2023-09-21 21:00:00,1018692.0,0.013141058051660928
2023-09-21 22:00:00,1018692.0625,0.013141058051660928
2023-09-21 23:00:00,1018692.3125,0.013141058051660928
2023-09-22 00:00:00,1018692.375,0.013141058051660928
2023-09-22 01:00:00,1018692.5625,0.013141058051660928
2023-09-22 02:00:00,1018692.5625,0.013141058051660928
2023-09-22 03:00:00,1018692.75,0.013141058051660928
2023-09-22 04:00:00,1018692.8125,0.013141058051660928
2023-09-22 05:00:00,1018692.875,0.013141058051660928
2023-09-22 06:00:00,1018693.0625,0.013141058051660928
2023-09-22 07:00:00,1018693.125,0.013141058051660928
2023-09-22 08:00:00,1018693.3125,0.013141058051660928
2023-09-22 09:00:00,1018693.4375,0.013141058051660928
2023-09-22 10:00:00,1018693.5,0.013141058051660928
2023-09-22 11:00:00,1018693.625,0.013141058051660928
2023-09-22 12:00:00,1018693.6875,0.013141058051660928
2023-09-22 13:00:00,1018693.8125,0.013141058051660928
2023-09-22 14:00:00,1018693.9375,0.013141058051660928
2023-09-22 15:00:00,1018694.0625,0.013141058051660928
2023-09-22 16:00:00,1018694.125,0.013141058051660928
2023-09-22 17:00:00,1018694.1875,0.013141058051660928
2023-09-22 18:00:00,1018694.4375,0.013141058051660928
2023-09-22 19:00:00,1018694.5,0.013141058051660928
2023-09-22 20:00:00,1018694.625,0.013141058051660928
2023-09-22 21:00:00,1018694.6875,0.013141058051660928
2023-09-22 22:00:00,1018694.875,0.013141058051660928
2023-09-22 23:00:00,1018695.0,0.013141058051660928
2023-09-23 00:00:00,1018695.0625,0.013141058051660928
2023-09-23 01:00:00,1018695.125,0.013141058051660928
2023-09-23 02:00:00,1018695.25,0.013141058051660928
2023-09-23 03:00:00,1018695.375,0.013141058051660928
2023-09-23 04:00:00,1018695.4375,0.013141058051660928
2023-09-23 05:00:00,1018695.5625,0.013141058051660928
2023-09-23 06:00:00,1018695.6875,0.013141058051660928
2023-09-23 07:00:00,1018695.875,0.013141058051660928
2023-09-23 08:00:00,1018695.9375,0.013141058051660928
2023-09-23 09:00:00,1018696.0625,0.013141058051660928
2023-09-23 10:00:00,1018696.1875,0.013141058051660928
2023-09-23 11:00:00,1018696.3125,0.013141058051660928
2023-09-23 12:00:00,1018696.3125,0.013141058051660928
2023-09-23 13:00:00,1018696.4375,0.013141058051660928
2023-09-23 14:00:00,1018696.5625,0.013141058051660928
2023-09-23 15:00:00,1018696.75,0.013141058051660928
2023-09-23 16:00:00,1018696.75,0.013141058051660928
2023-09-23 17:00:00,1018697.0,0.013141058051660928
2023-09-23 18:00:00,1018697.0625,0.013141058051660928
2023-09-23 19:00:00,1018697.25,0.013141058051660928
2023-09-23 20:00:00,1018697.25,0.013141058051660928
2023-09-23 21:00:00,1018697.375,0.013141058051660928
2023-09-23 22:00:00,1018697.5,0.013141058051660928
2023-09-23 23:00:00,1018697.5625,0.013141058051660928
2023-09-24 00:00:00,1018697.8125,0.013141058051660928
2023-09-24 01:00:00,1018697.9375,0.013141058051660928
2023-09-24 02:00:00,1018698.0,0.013141058051660928
2023-09-24 03:00:00,1018698.0625,0.013141058051660928
2023-09-24 04:00:00,1018698.25,0.013141058051660928
2023-09-24 05:00:00,1018698.375,0.013141058051660928
2023-09-24 06:00:00,1018698.5,0.013141058051660928
2023-09-24 07:00:00,1018698.5625,0.013141058051660928
2023-09-24 08:00:00,1018698.6875,0.013141058051660928
2023-09-24 09:00:00,1018698.875,0.013141058051660928
2023-09-24 10:00:00,1018698.9375,0.013141058051660928
2023-09-24 11:00:00,1018699.0625,0.013141058051660928
2023-09-24 12:00:00,1018699.1875,0.013141058051660928
2023-09-24 13:00:00,1018699.25,0.013141058051660928
2023-09-24 14:00:00,1018699.375,0.013141058051660928
2023-09-24 15:00:00,1018699.4375,0.013141058051660928
2023-09-24 16:00:00,1018699.625,0.013141058051660928
2023-09-24 17:00:00,1018699.75,0.013141058051660928
2023-09-24 18:00:00,1018699.8125,0.013141058051660928
2023-09-24 19:00:00,1018700.0,0.013141058051660928
2023-09-24 20:00:00,1018700.125,0.013141058051660928
2023-09-24 21:00:00,1018700.1875,0.013141058051660928
2023-09-24 22:00:00,1018700.3125,0.013141058051660928
2023-09-24 23:00:00,1018700.375,0.013141058051660928
2023-09-25 00:00:00,1018700.5625,0.013141058051660928
2023-09-25 01:00:00,1018700.625,0.013141058051660928
2023-09-25 02:00:00,1018700.75,0.013141058051660928
2023-09-25 03:00:00,1018700.8125,0.013141058051660928
2023-09-25 04:00:00,1018700.9375,0.013141058051660928
2023-09-25 05:00:00,1018701.125,0.013141058051660928
2023-09-25 06:00:00,1018701.25,0.013141058051660928
2023-09-25 07:00:00,1018701.375,0.013141058051660928
2023-09-25 08:00:00,1018701.4375,0.013141058051660928
2023-09-25 09:00:00,1018701.5,0.013141058051660928
2023-09-25 10:00:00,1018701.625,0.013141058051660928
2023-09-25 11:00:00,1018701.8125,0.013141058051660928
2023-09-25 12:00:00,1018701.875,0.013141058051660928
2023-09-25 13:00:00,1018701.9375,0.013141058051660928
2023-09-25 14:00:00,1018702.125,0.013141058051660928
2023-09-25 15:00:00,1018702.25,0.013141058051660928
2023-09-25 16:00:00,1018702.3125,0.013141058051660928
2023-09-25 17:00:00,1018702.4375,0.013141058051660928
2023-09-25 18:00:00,1018702.5,0.013141058051660928
2023-09-25 19:00:00,1018702.6875,0.013141058051660928
2023-09-25 20:00:00,1018702.6875,0.013141058051660928
2023-09-25 21:00:00,1018702.8125,0.013141058051660928
2023-09-25 22:00:00,1018702.9375,0.013141058051660928
2023-09-25 23:00:00,1018703.0625,0.013141058051660928
2023-09-26 00:00:00,1018703.1875,0.013141058051660928
2023-09-26 01:00:00,1018703.1875,0.013141058051660928
2023-09-26 02:00:00,1018703.375,0.013141058051660928
2023-09-26 03:00:00,1018703.5,0.013141058051660928
2023-09-26 04:00:00,1018703.5,0.013141058051660928
2023-09-26 05:00:00,1018703.6875,0.013141058051660928
2023-09-26 06:00:00,1018703.75,0.013141058051660928
2023-09-26 07:00:00,1018703.9375,0.013141058051660928
2023-09-26 08:00:00,1018704.0,0.013141058051660928
2023-09-26 09:00:00,1018704.125,0.013141058051660928
2023-09-26 10:00:00,1018704.1875,0.013141058051660928
2023-09-26 11:00:00,1018704.25,0.013141058051660928
2023-09-26 12:00:00,1018704.375,0.013141058051660928
2023-09-26 13:00:00,1018704.5625,0.013141058051660928
2023-09-26 14:00:00,1018704.5625,0.013141058051660928
2023-09-26 15:00:00,1018704.8125,0.013141058051660928
2023-09-26 16:00:00,1018704.875,0.013141058051660928
2023-09-26 17:00:00,1018705.0,0.013141058051660928
2023-09-26 18:00:00,1018705.0625,0.013141058051660928
2023-09-26 19:00:00,1018705.1875,0.013141058051660928
2023-09-26 20:00:00,1018705.3125,0.013141058051660928
2023-09-26 21:00:00,1018705.3125,0.013141058051660928
2023-09-26 22:00:00,1018705.4375,0.013141058051660928
2023-09-26 23:00:00,1018705.625,0.013141058051660928
2023-09-27 00:00:00,1018705.6875,0.013141058051660928
2023-09-27 01:00:00,1018705.8125,0.013141058051660928
2023-09-27 02:00:00,1018705.875,0.013141058051660928
2023-09-27 03:00:00,1018706.0625,0.013141058051660928
2023-09-27 04:00:00,1018706.125,0.013141058051660928
2023-09-27 05:00:00,1018706.25,0.013141058051660928
2023-09-27 06:00:00,1018706.375,0.013141058051660928
2023-09-27 07:00:00,1018706.4375,0.013141058051660928
2023-09-27 08:00:00,1018706.5,0.013141058051660928
2023-09-27 09:00:00,1018706.6875,0.013141058051660928
2023-09-27 10:00:00,1018706.6875,0.013141058051660928
2023-09-27 11:00:00,1018706.9375,0.013141058051660928
2023-09-27 12:00:00,1018707.0,0.013141058051660928
2023-09-27 13:00:00,1018707.125,0.013141058051660928
2023-09-27 14:00:00,1018707.25,0.013141058051660928
2023-09-27 15:00:00,1018707.375,0.013141058051660928
2023-09-27 16:00:00,1018707.375,0.013141058051660928
2023-09-27 17:00:00,1018707.5625,0.013141058051660928
2023-09-27 18:00:00,1018707.625,0.013141058051660928
2023-09-27 19:00:00,1018707.6875,0.013141058051660928
2023-09-27 20:00:00,1018707.875,0.013141058051660928
2023-09-27 21:00:00,1018708.0,0.013141058051660928
2023-09-27 22:00:00,1018708.125,0.013141058051660928
2023-09-27 23:00:00,1018708.1875,0.013141058051660928
2023-09-28 00:00:00,1018708.3125,0.013141058051660928
2023-09-28 01:00:00,1018708.4375,0.013141058051660928
2023-09-28 02:00:00,1018708.5625,0.013141058051660928
2023-09-28 03:00:00,1018708.625,0.013141058051660928
2023-09-28 04:00:00,1018708.75,0.013141058051660928
2023-09-28 05:00:00,1018708.9375,0.013141058051660928
2023-09-28 06:00:00,1018709.0,0.013141058051660928
2023-09-28 07:00:00,1018709.125,0.013141058051660928
2023-09-28 08:00:00,1018709.1875,0.013141058051660928
2023-09-28 09:00:00,1018709.3125,0.013141058051660928
2023-09-28 10:00:00,1018709.4375,0.013141058051660928
2023-09-28 11:00:00,1018709.5,0.013141058051660928
2023-09-28 12:00:00,1018709.625,0.013141058051660928
2023-09-28 13:00:00,1018709.75,0.013141058051660928
2023-09-28 14:00:00,1018709.8125,0.013141058051660928
2023-09-28 15:00:00,1018710.0625,0.013141058051660928
2023-09-28 16:00:00,1018710.125,0.013141058051660928
2023-09-28 17:00:00,1018710.1875,0.013141058051660928
2023-09-28 18:00:00,1018710.3125,0.013141058051660928
2023-09-28 19:00:00,1018710.375,0.013141058051660928
2023-09-28 20:00:00,1018710.5625,0.013141058051660928
2023-09-28 21:00:00,1018710.625,0.013141058051660928
2023-09-28 22:00:00,1018710.75,0.013141058051660928
2023-09-28 23:00:00,1018710.8125,0.013141058051660928
2023-09-29 00:00:00,1018710.875,0.013141058051660928
2023-09-29 01:00:00,1018711.0,0.013141058051660928
2023-09-29 02:00:00,1018711.1875,0.013141058051660928
2023-09-29 03:00:00,1018711.3125,0.013141058051660928
2023-09-29 04:00:00,1018711.375,0.013141058051660928
2023-09-29 05:00:00,1018711.5625,0.013141058051660928
2023-09-29 06:00:00,1018711.625,0.013141058051660928
2023-09-29 07:00:00,1018711.75,0.013141058051660928
2023-09-29 08:00:00,1018711.8125,0.013141058051660928
2023-09-29 09:00:00,1018711.875,0.013141058051660928
2023-09-29 10:00:00,1018712.0625,0.013141058051660928
2023-09-29 11:00:00,1018712.0625,0.013141058051660928
2023-09-29 12:00:00,1018712.1875,0.013141058051660928
2023-09-29 13:00:00,1018712.375,0.013141058051660928
2023-09-29 14:00:00,1018712.5,0.013141058051660928
2023-09-29 15:00:00,1018712.625,0.013141058051660928
2023-09-29 16:00:00,1018712.625,0.013141058051660928
2023-09-29 17:00:00,1018712.75,0.013141058051660928
2023-09-29 18:00:00,1018712.875,0.013141058051660928
2023-09-29 19:00:00,1018713.0,0.013141058051660928
2023-09-29 20:00:00,1018713.125,0.013141058051660928
2023-09-29 21:00:00,1018713.1875,0.013141058051660928
2023-09-29 22:00:00,1018713.25,0.013141058051660928
2023-09-29 23:00:00,1018713.4375,0.013141058051660928
2023-09-30 00:00:00,1018713.5625,0.013141058051660928
2023-09-30 01:00:00,1018713.6875,0.013141058051660928
2023-09-30 02:00:00,1018713.75,0.013141058051660928
2023-09-30 03:00:00,1018713.8125,0.013141058051660928
2023-09-30 04:00:00,1018713.9375,0.013141058051660928
2023-09-30 05:00:00,1018714.0,0.013141058051660928
2023-09-30 06:00:00,1018714.0625,0.013141058051660928
2023-09-30 07:00:00,1018714.1875,0.013141058051660928
2023-09-30 08:00:00,1018714.3125,0.013141058051660928
2023-09-30 09:00:00,1018714.4375,0.013141058051660928
2023-09-30 10:00:00,1018714.4375,0.013141058051660928
2023-09-30 11:00:00,1018714.6875,0.013141058051660928
2023-09-30 12:00:00,1018714.75,0.013141058051660928
2023-09-30 13:00:00,1018714.9375,0.013141058051660928
2023-09-30 14:00:00,1018715.0,0.013141058051660928
2023-09-30 15:00:00,1018715.125,0.013141058051660928
2023-09-30 16:00:00,1018715.25,0.013141058051660928
2023-09-30 17:00:00,1018715.3125,0.013141058051660928
2023-09-30 18:00:00,1018715.4375,0.013141058051660928
2023-09-30 19:00:00,1018715.5,0.013141058051660928
2023-09-30 20:00:00,1018715.75,0.013141058051660928
2023-09-30 21:00:00,1018715.8125,0.013141058051660928
2023-09-30 22:00:00,1018715.9375,0.013141058051660928
2023-09-30 23:00:00,1018716.0625,0.013141058051660928
2023-10-01 00:00:00,1018716.1875,0.013141058051660928
2023-10-01 01:00:00,1018716.25,0.013141058051660928
2023-10-01 02:00:00,1018716.375,0.013141058051660928
2023-10-01 03:00:00,1018716.5,0.013141058051660928
2023-10-01 04:00:00,1018716.625,0.013141058051660928
2023-10-01 05:00:00,1018716.8125,0.013141058051660928
2023-10-01 06:00:00,1018716.875,0.013141058051660928
2023-10-01 07:00:00,1018717.0625,0.013141058051660928
2023-10-01 08:00:00,1018717.1875,0.013141058051660928
2023-10-01 09:00:00,1018717.3125,0.013141058051660928
2023-10-01 10:00:00,1018717.375,0.013141058051660928
2023-10-01 11:00:00,1018717.5625,0.013141058051660928
2023-10-01 12:00:00,1018717.625,0.013141058051660928
2023-10-01 13:00:00,1018717.75,0.013141058051660928
2023-10-01 14:00:00,1018717.9375,0.013141058051660928
2023-10-01 15:00:00,1018718.0625,0.013141058051660928
2023-10-01 16:00:00,1018718.1875,0.013141058051660928
2023-10-01 17:00:00,1018718.25,0.013141058051660928
2023-10-01 18:00:00,1018718.375,0.013141058051660928
2023-10-01 19:00:00,1018718.5,0.013141058051660928
2023-10-01 20:00:00,1018718.625,0.013141058051660928
2023-10-01 21:00:00,1018718.6875,0.013141058051660928
2023-10-01 22:00:00,1018718.875,0.013141058051660928
2023-10-01 23:00:00,1018719.0,0.013141058051660928
2023-10-02 00:00:00,1018719.1875,0.013141058051660928
2023-10-02 01:00:00,1018719.3125,0.013141058051660928
2023-10-02 02:00:00,1018719.375,0.013141058051660928
2023-10-02 03:00:00,1018719.5,0.013141058051660928
2023-10-02 04:00:00,1018719.625,0.013141058051660928
2023-10-02 05:00:00,1018719.75,0.013141058051660928
2023-10-02 06:00:00,1018719.875,0.013141058051660928
2023-10-02 07:00:00,1018720.0,0.013141058051660928
2023-10-02 08:00:00,1018720.125,0.013141058051660928
2023-10-02 09:00:00,1018720.25,0.013141058051660928
2023-10-02 10:00:00,1018720.3125,0.013141058051660928
2023-10-02 11:00:00,1018720.4375,0.013141058051660928
2023-10-02 12:00:00,1018720.5625,0.013141058051660928
2023-10-02 13:00:00,1018720.6875,0.013141058051660928
2023-10-02 14:00:00,1018720.75,0.013141058051660928
2023-10-02 15:00:00,1018720.9375,0.013141058051660928
2023-10-02 16:00:00,1018721.0,0.013141058051660928
2023-10-02 17:00:00,1018721.25,0.013141058051660928
2023-10-02 18:00:00,1018721.25,0.013141058051660928
2023-10-02 19:00:00,1018721.375,0.013141058051660928
2023-10-02 20:00:00,1018721.5,0.013141058051660928
2023-10-02 21:00:00,1018721.625,0.013141058051660928
2023-10-02 22:00:00,1018721.75,0.013141058051660928
2023-10-02 23:00:00,1018721.875,0.013141058051660928
2023-10-03 00:00:00,1018722.0,0.013141058051660928
2023-10-03 01:00:00,1018722.125,0.013141058051660928
2023-10-03 02:00:00,1018722.1875,0.013141058051660928
2023-10-03 03:00:00,1018722.25,0.013141058051660928
2023-10-03 04:00:00,1018722.5,0.013141058051660928
2023-10-03 05:00:00,1018722.5625,0.013141058051660928
2023-10-03 06:00:00,1018722.75,0.013141058051660928
2023-10-03 07:00:00,1018722.8125,0.013141058051660928
2023-10-03 08:00:00,1018722.9375,0.013141058051660928
2023-10-03 09:00:00,1018723.0625,0.013141058051660928
2023-10-03 10:00:00,1018723.1875,0.013141058051660928
2023-10-03 11:00:00,1018723.3125,0.013141058051660928
2023-10-03 12:00:00,1018723.375,0.013141058051660928
2023-10-03 13:00:00,1018723.5625,0.013141058051660928
2023-10-03 14:00:00,1018723.625,0.013141058051660928
2023-10-03 15:00:00,1018723.8125,0.013141058051660928
2023-10-03 16:00:00,1018723.875,0.013141058051660928
2023-10-03 17:00:00,1018724.0,0.013141058051660928
2023-10-03 18:00:00,1018724.125,0.013141058051660928
2023-10-03 19:00:00,1018724.1875,0.013141058051660928
2023-10-03 20:00:00,1018724.3125,0.013141058051660928
2023-10-03 21:00:00,1018724.4375,0.013141058051660928
2023-10-03 22:00:00,1018724.625,0.013141058051660928
2023-10-03 23:00:00,1018724.75,0.013141058051660928
2023-10-04 00:00:00,1018724.8125,0.013141058051660928
2023-10-04 01:00:00,1018724.9375,0.013141058051660928
2023-10-04 02:00:00,1018725.125,0.013141058051660928
2023-10-04 03:00:00,1018725.125,0.013141058051660928
2023-10-04 04:00:00,1018725.3125,0.013141058051660928
2023-10-04 05:00:00,1018725.375,0.013141058051660928
2023-10-04 06:00:00,1018725.5,0.013141058051660928
2023-10-04 07:00:00,1018725.625,0.013141058051660928
2023-10-04 08:00:00,1018725.75,0.013141058051660928
2023-10-04 09:00:00,1018725.875,0.013141058051660928
2023-10-04 10:00:00,1018726.0,0.013141058051660928
2023-10-04 11:00:00,1018726.125,0.013141058051660928
2023-10-04 12:00:00,1018726.1875,0.013141058051660928
2023-10-04 13:00:00,1018726.375,0.013141058051660928
2023-10-04 14:00:00,1018726.4375,0.013141058051660928
2023-10-04 15:00:00,1018726.625,0.013141058051660928
2023-10-04 16:00:00,1018726.625,0.013141058051660928
2023-10-04 17:00:00,1018726.8125,0.013141058051660928
2023-10-04 18:00:00,1018726.9375,0.013141058051660928
2023-10-04 19:00:00,1018727.0,0.013141058051660928
2023-10-04 20:00:00,1018727.1875,0.013141058051660928
2023-10-04 21:00:00,1018727.25,0.013141058051660928
2023-10-04 22:00:00,1018727.4375,0.013141058051660928
2023-10-04 23:00:00,1018727.4375,0.013141058051660928
2023-10-05 00:00:00,1018727.5625,0.013141058051660928
2023-10-05 01:00:00,1018727.6875,0.013141058051660928
2023-10-05 02:00:00,1018727.6875,0.013141058051660928
2023-10-05 03:00:00,1018727.8125,0.013141058051660928
2023-10-05 04:00:00,1018728.0625,0.013141058051660928
2023-10-05 05:00:00,1018728.125,0.013141058051660928
2023-10-05 06:00:00,1018728.25,0.013141058051660928
2023-10-05 07:00:00,1018728.3125,0.013141058051660928
2023-10-05 08:00:00,1018728.4375,0.013141058051660928
2023-10-05 09:00:00,1018728.5625,0.013141058051660928
2023-10-05 10:00:00,1018728.75,0.013141058051660928
2023-10-05 11:00:00,1018728.8125,0.013141058051660928
2023-10-05 12:00:00,1018729.0625,0.013141058051660928
2023-10-05 13:00:00,1018729.0625,0.013141058051660928
2023-10-05 14:00:00,1018729.25,0.013141058051660928
2023-10-05 15:00:00,1018729.3125,0.013141058051660928
2023-10-05 16:00:00,1018729.4375,0.013141058051660928
2023-10-05 17:00:00,1018729.5625,0.013141058051660928
2023-10-05 18:00:00,1018729.625,0.013141058051660928
2023-10-05 19:00:00,1018729.75,0.013141058051660928
2023-10-05 20:00:00,1018729.875,0.013141058051660928
2023-10-05 21:00:00,1018730.0,0.013141058051660928
2023-10-05 22:00:00,1018730.0625,0.013141058051660928
2023-10-05 23:00:00,1018730.25,0.013141058051660928
2023-10-06 00:00:00,1018730.4375,0.013141058051660928
2023-10-06 01:00:00,1018730.5,0.013141058051660928
2023-10-06 02:00:00,1018730.625,0.013141058051660928
2023-10-06 03:00:00,1018730.6875,0.013141058051660928
2023-10-06 04:00:00,1018730.8125,0.013141058051660928
2023-10-06 05:00:00,1018730.875,0.013141058051660928
2023-10-06 06:00:00,1018731.0625,0.013141058051660928
2023-10-06 07:00:00,1018731.125,0.013141058051660928
2023-10-06 08:00:00,1018731.3125,0.013141058051660928
2023-10-06 09:00:00,1018731.4375,0.013141058051660928
2023-10-06 10:00:00,1018731.5,0.013141058051660928
2023-10-06 11:00:00,1018731.625,0.013141058051660928
2023-10-06 12:00:00,1018731.6875,0.013141058051660928
2023-10-06 13:00:00,1018731.875,0.013141058051660928
2023-10-06 14:00:00,1018732.0,0.013141058051660928
2023-10-06 15:00:00,1018732.125,0.013141058051660928
2023-10-06 16:00:00,1018732.1875,0.013141058051660928
2023-10-06 17:00:00,1018732.3125,0.013141058051660928
2023-10-06 18:00:00,1018732.4375,0.013141058051660928
2023-10-06 19:00:00,1018732.625,0.013141058051660928
2023-10-06 20:00:00,1018732.6875,0.013141058051660928
2023-10-06 21:00:00,1018732.8125,0.013141058051660928
2023-10-06 22:00:00,1018732.875,0.013141058051660928
2023-10-06 23:00:00,1018733.0,0.013141058051660928
2023-10-07 00:00:00,1018733.125,0.013141058051660928
2023-10-07 01:00:00,1018733.25,0.013141058051660928
2023-10-07 02:00:00,1018733.375,0.013141058051660928
2023-10-07 03:00:00,1018733.5625,0.013141058051660928
2023-10-07 04:00:00,1018733.625,0.013141058051660928
2023-10-07 05:00:00,1018733.75,0.013141058051660928
2023-10-07 06:00:00,1018733.875,0.013141058051660928
2023-10-07 07:00:00,1018734.0,0.013141058051660928
2023-10-07 08:00:00,1018734.0625,0.013141058051660928
2023-10-07 09:00:00,1018734.25,0.013141058051660928
2023-10-07 10:00:00,1018734.3125,0.013141058051660928
2023-10-07 11:00:00,1018734.4375,0.013141058051660928
2023-10-07 12:00:00,1018734.5,0.013141058051660928
2023-10-07 13:00:00,1018734.6875,0.013141058051660928
2023-10-07 14:00:00,1018734.8125,0.013141058051660928
2023-10-07 15:00:00,1018734.9375,0.013141058051660928
2023-10-07 16:00:00,1018735.0625,0.013141058051660928
2023-10-07 17:00:00,1018735.1875,0.013141058051660928
2023-10-07 18:00:00,1018735.25,0.013141058051660928
2023-10-07 19:00:00,1018735.375,0.013141058051660928
2023-10-07 20:00:00,1018735.5,0.013141058051660928
2023-10-07 21:00:00,1018735.5625,0.013141058051660928
2023-10-07 22:00:00,1018735.8125,0.013141058051660928
2023-10-07 23:00:00,1018735.875,0.013141058051660928
2023-10-08 00:00:00,1018736.0625,0.013141058051660928
2023-10-08 01:00:00,1018736.125,0.013141058051660928
2023-10-08 02:00:00,1018736.3125,0.013141058051660928
2023-10-08 03:00:00,1018736.3125,0.013141058051660928
2023-10-08 04:00:00,1018736.4375,0.013141058051660928
2023-10-08 05:00:00,1018736.5625,0.013141058051660928
2023-10-08 06:00:00,1018736.6875,0.013141058051660928
2023-10-08 07:00:00,1018736.875,0.013141058051660928
2023-10-08 08:00:00,1018737.0,0.013141058051660928
2023-10-08 09:00:00,1018737.125,0.013141058051660928
2023-10-08 10:00:00,1018737.25,0.013141058051660928
2023-10-08 11:00:00,1018737.375,0.013141058051660928
2023-10-08 12:00:00,1018737.5,0.013141058051660928
2023-10-08 13:00:00,1018737.625,0.013141058051660928
2023-10-08 14:00:00,1018737.6875,0.013141058051660928
2023-10-08 15:00:00,1018737.875,0.013141058051660928
2023-10-08 16:00:00,1018737.875,0.013141058051660928
2023-10-08 17:00:00,1018738.125,0.013141058051660928
2023-10-08 18:00:00,1018738.1875,0.013141058051660928
2023-10-08 19:00:00,1018738.4375,0.013141058051660928
2023-10-08 20:00:00,1018738.4375,0.013141058051660928
2023-10-08 21:00:00,1018738.5625,0.013141058051660928
2023-10-08 22:00:00,1018738.6875,0.013141058051660928
2023-10-08 23:00:00,1018738.8125,0.013141058051660928
2023-10-09 00:00:00,1018738.875,0.013141058051660928
2023-10-09 01:00:00,1018739.0,0.013141058051660928
2023-10-09 02:00:00,1018739.25,0.013141058051660928
2023-10-09 03:00:00,1018739.3125,0.013141058051660928
2023-10-09 04:00:00,1018739.4375,0.013141058051660928
2023-10-09 05:00:00,1018739.5625,0.013141058051660928
2023-10-09 06:00:00,1018739.6875,0.013141058051660928
2023-10-09 07:00:00,1018739.75,0.013141058051660928
2023-10-09 08:00:00,1018739.9375,0.013141058051660928
2023-10-09 09:00:00,1018740.0625,0.013141058051660928
2023-10-09 10:00:00,1018740.25,0.013141058051660928
2023-10-09 11:00:00,1018740.3125,0.013141058051660928
2023-10-09 12:00:00,1018740.4375,0.013141058051660928
2023-10-09 13:00:00,1018740.5625,0.013141058051660928
2023-10-09 14:00:00,1018740.6875,0.013141058051660928
2023-10-09 15:00:00,1018740.8125,0.013141058051660928
2023-10-09 16:00:00,1018740.9375,0.013141058051660928
2023-10-09 17:00:00,1018741.0625,0.013141058051660928
2023-10-09 18:00:00,1018741.125,0.013141058051660928
2023-10-09 19:00:00,1018741.1875,0.013141058051660928
2023-10-09 20:00:00,1018741.4375,0.013141058051660928
2023-10-09 21:00:00,1018741.5,0.013141058051660928
2023-10-09 22:00:00,1018741.625,0.013141058051660928
2023-10-09 23:00:00,1018741.6875,0.013141058051660928
2023-10-10 00:00:00,1018741.8125,0.013141058051660928
2023-10-10 01:00:00,1018742.0,0.013141058051660928
2023-10-10 02:00:00,1018742.0625,0.013141058051660928
2023-10-10 03:00:00,1018742.1875,0.013141058051660928
2023-10-10 04:00:00,1018742.3125,0.013141058051660928
2023-10-10 05:00:00,1018742.375,0.013141058051660928
2023-10-10 06:00:00,1018742.5625,0.013141058051660928
2023-10-10 07:00:00,1018742.6875,0.013141058051660928
2023-10-10 08:00:00,1018742.75,0.013141058051660928
2023-10-10 09:00:00,1018742.875,0.013141058051660928
2023-10-10 10:00:00,1018743.0,0.013141058051660928
2023-10-10 11:00:00,1018743.125,0.013141058051660928
2023-10-10 12:00:00,1018743.1875,0.013141058051660928
2023-10-10 13:00:00,1018743.3125,0.013141058051660928
2023-10-10 14:00:00,1018743.5,0.013141058051660928
2023-10-10 15:00:00,1018743.625,0.013141058051660928
2023-10-10 16:00:00,1018743.6875,0.013141058051660928
2023-10-10 17:00:00,1018743.8125,0.013141058051660928
2023-10-10 18:00:00,1018743.9375,0.013141058051660928
2023-10-10 19:00:00,1018744.125,0.013141058051660928
2023-10-10 20:00:00,1018744.125,0.013141058051660928
2023-10-10 21:00:00,1018744.25,0.013141058051660928
2023-10-10 22:00:00,1018744.375,0.013141058051660928
2023-10-10 23:00:00,1018744.5,0.013141058051660928
2023-10-11 00:00:00,1018744.625,0.013141058051660928
2023-10-11 01:00:00,1018744.75,0.013141058051660928
2023-10-11 02:00:00,1018744.8125,0.013141058051660928
2023-10-11 03:00:00,1018744.9375,0.013141058051660928
2023-10-11 04:00:00,1018745.0625,0.013141058051660928
2023-10-11 05:00:00,1018745.1875,0.013141058051660928
2023-10-11 06:00:00,1018745.3125,0.013141058051660928
2023-10-11 07:00:00,1018745.4375,0.013141058051660928
2023-10-11 08:00:00,1018745.4375,0.013141058051660928
2023-10-11 09:00:00,1018745.6875,0.013141058051660928
2023-10-11 10:00:00,1018745.6875,0.013141058051660928
2023-10-11 11:00:00,1018745.875,0.013141058051660928
2023-10-11 12:00:00,1018746.0,0.013141058051660928
2023-10-11 13:00:00,1018746.125,0.013141058051660928
2023-10-11 14:00:00,1018746.1875,0.013141058051660928
2023-10-11 15:00:00,1018746.375,0.013141058051660928
2023-10-11 16:00:00,1018746.375,0.013141058051660928
2023-10-11 17:00:00,1018746.5,0.013141058051660928
2023-10-11 18:00:00,1018746.75,0.013141058051660928
2023-10-11 19:00:00,1018746.75,0.013141058051660928
2023-10-11 20:00:00,1018746.9375,0.013141058051660928
2023-10-11 21:00:00,1018747.0625,0.013141058051660928
2023-10-11 22:00:00,1018747.1875,0.013141058051660928
2023-10-11 23:00:00,1018747.1875,0.013141058051660928
2023-10-12 00:00:00,1018747.3125,0.013141058051660928
2023-10-12 01:00:00,1018747.5,0.013141058051660928
2023-10-12 02:00:00,1018747.5625,0.013141058051660928
2023-10-12 03:00:00,1018747.75,0.013141058051660928
2023-10-12 04:00:00,1018747.8125,0.013141058051660928
2023-10-12 05:00:00,1018747.9375,0.013141058051660928
2023-10-12 06:00:00,1018748.0625,0.013141058051660928
2023-10-12 07:00:00,1018748.1875,0.013141058051660928
2023-10-12 08:00:00,1018748.3125,0.013141058051660928
2023-10-12 09:00:00,1018748.375,0.013141058051660928
2023-10-12 10:00:00,1018748.5,0.013141058051660928
2023-10-12 11:00:00,1018748.625,0.013141058051660928
2023-10-12 12:00:00,1018748.75,0.013141058051660928
2023-10-12 13:00:00,1018748.875,0.013141058051660928
2023-10-12 14:00:00,1018748.875,0.013141058051660928
2023-10-12 15:00:00,1018749.0625,0.013141058051660928
2023-10-12 16:00:00,1018749.25,0.013141058051660928
2023-10-12 17:00:00,1018749.3125,0.013141058051660928
2023-10-12 18:00:00,1018749.4375,0.013141058051660928
2023-10-12 19:00:00,1018749.5625,0.013141058051660928
2023-10-12 20:00:00,1018749.6875,0.013141058051660928
2023-10-12 21:00:00,1018749.6875,0.013141058051660928
2023-10-12 22:00:00,1018749.9375,0.013141058051660928
2023-10-12 23:00:00,1018749.9375,0.013141058051660928
2023-10-13 00:00:00,1018750.125,0.013141058051660928
2023-10-13 01:00:00,1018750.1875,0.013141058051660928
2023-10-13 02:00:00,1018750.375,0.013141058051660928
2023-10-13 03:00:00,1018750.5,0.013141058051660928
2023-10-13 04:00:00,1018750.625,0.013141058051660928
2023-10-13 05:00:00,1018750.75,0.013141058051660928
2023-10-13 06:00:00,1018750.875,0.013141058051660928
2023-10-13 07:00:00,1018750.9375,0.013141058051660928
2023-10-13 08:00:00,1018751.0625,0.013141058051660928
2023-10-13 09:00:00,1018751.1875,0.013141058051660928
2023-10-13 10:00:00,1018751.25,0.013141058051660928
2023-10-13 11:00:00,1018751.5,0.013141058051660928
2023-10-13 12:00:00,1018751.5625,0.013141058051660928
2023-10-13 13:00:00,1018751.75,0.013141058051660928
2023-10-13 14:00:00,1018751.875,0.013141058051660928
2023-10-13 15:00:00,1018751.9375,0.013141058051660928
2023-10-13 16:00:00,1018752.0625,0.013141058051660928
2023-10-13 17:00:00,1018752.25,0.013141058051660928
2023-10-13 18:00:00,1018752.25,0.013141058051660928
2023-10-13 19:00:00,1018752.4375,0.013141058051660928
2023-10-13 20:00:00,1018752.625,0.013141058051660928
2023-10-13 21:00:00,1018752.8125,0.013141058051660928
2023-10-13 22:00:00,1018752.875,0.013141058051660928
2023-10-13 23:00:00,1018753.0,0.013141058051660928
2023-10-14 00:00:00,1018753.0625,0.013141058051660928
2023-10-14 01:00:00,1018753.25,0.013141058051660928
2023-10-14 02:00:00,1018753.3125,0.013141058051660928
2023-10-14 03:00:00,1018753.4375,0.013141058051660928
2023-10-14 04:00:00,1018753.5625,0.013141058051660928
2023-10-14 05:00:00,1018753.8125,0.013141058051660928
2023-10-14 06:00:00,1018753.875,0.013141058051660928
2023-10-14 07:00:00,1018754.0625,0.013141058051660928
2023-10-14 08:00:00,1018754.125,0.013141058051660928
2023-10-14 09:00:00,1018754.3125,0.013141058051660928
2023-10-14 10:00:00,1018754.375,0.013141058051660928
2023-10-14 11:00:00,1018754.5625,0.013141058051660928
2023-10-14 12:00:00,1018754.625,0.013141058051660928
2023-10-14 13:00:00,1018754.8125,0.013141058051660928
2023-10-14 14:00:00,1018754.9375,0.013141058051660928
2023-10-14 15:00:00,1018755.125,0.013141058051660928
2023-10-14 16:00:00,1018755.1875,0.013141058051660928
2023-10-14 17:00:00,1018755.4375,0.013141058051660928
2023-10-14 18:00:00,1018755.5,0.013141058051660928
2023-10-14 19:00:00,1018755.6875,0.013141058051660928
2023-10-14 20:00:00,1018755.75,0.013141058051660928
2023-10-14 21:00:00,1018756.0,0.013141058051660928
2023-10-14 22:00:00,1018756.1875,0.013141058051660928
2023-10-14 23:00:00,1018756.1875,0.013141058051660928
2023-10-15 00:00:00,1018756.4375,0.013141058051660928
2023-10-15 01:00:00,1018756.5625,0.013141058051660928
2023-10-15 02:00:00,1018756.6875,0.013141058051660928
2023-10-15 03:00:00,1018756.875,0.013141058051660928
2023-10-15 04:00:00,1018757.125,0.013141058051660928
2023-10-15 05:00:00,1018757.25,0.013141058051660928
2023-10-15 06:00:00,1018757.3125,0.013141058051660928
2023-10-15 07:00:00,1018757.5,0.013141058051660928
2023-10-15 08:00:00,1018757.625,0.013141058051660928
2023-10-15 09:00:00,1018757.75,0.013141058051660928
2023-10-15 10:00:00,1018758.0,0.013141058051660928
2023-10-15 11:00:00,1018758.1875,0.013141058051660928
2023-10-15 12:00:00,1018758.3125,0.013141058051660928
2023-10-15 13:00:00,1018758.4375,0.013141058051660928
2023-10-15 14:00:00,1018758.5625,0.013141058051660928
2023-10-15 15:00:00,1018758.8125,0.013141058051660928
2023-10-15 16:00:00,1018758.8125,0.013141058051660928
2023-10-15 17:00:00,1018759.0625,0.013141058051660928
2023-10-15 18:00:00,1018759.25,0.013141058051660928
2023-10-15 19:00:00,1018759.375,0.013141058051660928
2023-10-15 20:00:00,1018759.5625,0.013141058051660928
2023-10-15 21:00:00,1018759.625,0.013141058051660928
2023-10-15 22:00:00,1018759.8125,0.013141058051660928
2023-10-15 23:00:00,1018759.9375,0.013141058051660928
2023-10-16 00:00:00,1018760.125,0.013141058051660928
2023-10-16 01:00:00,1018760.25,0.013141058051660928
2023-10-16 02:00:00,1018760.4375,0.013141058051660928
2023-10-16 03:00:00,1018760.5625,0.013141058051660928
2023-10-16 04:00:00,1018760.6875,0.013141058051660928
2023-10-16 05:00:00,1018760.875,0.013141058051660928
2023-10-16 06:00:00,1018761.0625,0.013141058051660928
2023-10-16 07:00:00,1018761.125,0.013141058051660928
2023-10-16 08:00:00,1018761.3125,0.013141058051660928
2023-10-16 09:00:00,1018761.5,0.013141058051660928
2023-10-16 10:00:00,1018761.6875,0.013141058051660928
2023-10-16 11:00:00,1018761.8125,0.013141058051660928
2023-10-16 12:00:00,1018761.9375,0.013141058051660928
2023-10-16 13:00:00,1018762.0,0.013141058051660928
2023-10-16 14:00:00,1018762.1875,0.013141058051660928
2023-10-16 15:00:00,1018762.375,0.013141058051660928
2023-10-16 16:00:00,1018762.4375,0.013141058051660928
2023-10-16 17:00:00,1018762.6875,0.013141058051660928
2023-10-16 18:00:00,1018762.8125,0.013141058051660928
2023-10-16 19:00:00,1018762.9375,0.013141058051660928
2023-10-16 20:00:00,1018763.125,0.013141058051660928
2023-10-16 21:00:00,1018763.25,0.013141058051660928
2023-10-16 22:00:00,1018763.375,0.013141058051660928
2023-10-16 23:00:00,1018763.5,0.013141058051660928
2023-10-17 00:00:00,1018763.75,0.013141058051660928
2023-10-17 01:00:00,1018763.875,0.013141058051660928
2023-10-17 02:00:00,1018764.0,0.013141058051660928
2023-10-17 03:00:00,1018764.1875,0.013141058051660928
2023-10-17 04:00:00,1018764.3125,0.013141058051660928
2023-10-17 05:00:00,1018764.4375,0.013141058051660928
2023-10-17 06:00:00,1018764.5625,0.013141058051660928
2023-10-17 07:00:00,1018764.75,0.013141058051660928
2023-10-17 08:00:00,1018764.875,0.013141058051660928
2023-10-17 09:00:00,1018765.0625,0.013141058051660928
2023-10-17 10:00:00,1018765.3125,0.013141058051660928
2023-10-17 11:00:00,1018765.4375,0.013141058051660928
2023-10-17 12:00:00,1018765.5,0.013141058051660928
2023-10-17 13:00:00,1018765.625,0.013141058051660928
2023-10-17 14:00:00,1018765.8125,0.013141058051660928
2023-10-17 15:00:00,1018766.0,0.013141058051660928
2023-10-17 16:00:00,1018766.125,0.013141058051660928
2023-10-17 17:00:00,1018766.375,0.013141058051660928
2023-10-17 18:00:00,1018766.5,0.013141058051660928
2023-10-17 19:00:00,1018766.5625,0.013141058051660928
2023-10-17 20:00:00,1018766.75,0.013141058051660928
2023-10-17 21:00:00,1018766.875,0.013141058051660928
2023-10-17 22:00:00,1018767.125,0.013141058051660928
2023-10-17 23:00:00,1018767.1875,0.013141058051660928
2023-10-18 00:00:00,1018767.3125,0.013141058051660928
2023-10-18 01:00:00,1018767.4375,0.013141058051660928
2023-10-18 02:00:00,1018767.625,0.013141058051660928
2023-10-18 03:00:00,1018767.8125,0.013141058051660928
2023-10-18 04:00:00,1018767.9375,0.013141058051660928
2023-10-18 05:00:00,1018768.1875,0.013141058051660928
2023-10-18 06:00:00,1018768.25,0.013141058051660928
2023-10-18 07:00:00,1018768.5,0.013141058051660928
2023-10-18 08:00:00,1018768.5625,0.013141058051660928
2023-10-18 09:00:00,1018768.75,0.013141058051660928
2023-10-18 10:00:00,1018768.875,0.013141058051660928
2023-10-18 11:00:00,1018769.0,0.013141058051660928
2023-10-18 12:00:00,1018769.1875,0.013141058051660928
2023-10-18 13:00:00,1018769.375,0.013141058051660928
2023-10-18 14:00:00,1018769.5,0.013141058051660928
2023-10-18 15:00:00,1018769.625,0.013141058051660928
2023-10-18 16:00:00,1018769.75,0.013141058051660928
2023-10-18 17:00:00,1018769.9375,0.013141058051660928
2023-10-18 18:00:00,1018770.0625,0.013141058051660928
2023-10-18 19:00:00,1018770.1875,0.013141058051660928
2023-10-18 20:00:00,1018770.4375,0.013141058051660928
2023-10-18 21:00:00,1018770.5625,0.013141058051660928
2023-10-18 22:00:00,1018770.625,0.013141058051660928
2023-10-18 23:00:00,1018770.8125,0.013141058051660928
2023-10-19 00:00:00,1018771.0,0.013141058051660928
2023-10-19 01:00:00,1018771.125,0.013141058051660928
2023-10-19 02:00:00,1018771.25,0.013141058051660928
2023-10-19 03:00:00,1018771.4375,0.013141058051660928
2023-10-19 04:00:00,1018771.625,0.013141058051660928
2023-10-19 05:00:00,1018771.75,0.013141058051660928
2023-10-19 06:00:00,1018771.875,0.013141058051660928
2023-10-19 07:00:00,1018772.0625,0.013141058051660928
2023-10-19 08:00:00,1018772.1875,0.013141058051660928
2023-10-19 09:00:00,1018772.375,0.013141058051660928
2023-10-19 10:00:00,1018772.4375,0.013141058051660928
2023-10-19 11:00:00,1018772.6875,0.013141058051660928
2023-10-19 12:00:00,1018772.8125,0.013141058051660928
2023-10-19 13:00:00,1018772.9375,0.013141058051660928
2023-10-19 14:00:00,1018773.125,0.013141058051660928
2023-10-19 15:00:00,1018773.25,0.013141058051660928
2023-10-19 16:00:00,1018773.375,0.013141058051660928
2023-10-19 17:00:00,1018773.5625,0.013141058051660928
2023-10-19 18:00:00,1018773.6875,0.013141058051660928
2023-10-19 19:00:00,1018773.875,0.013141058051660928
2023-10-19 20:00:00,1018774.0625,0.013141058051660928
2023-10-19 21:00:00,1018774.1875,0.013141058051660928
2023-10-19 22:00:00,1018774.3125,0.013141058051660928
2023-10-19 23:00:00,1018774.4375,0.013141058051660928
2023-10-20 00:00:00,1018774.6875,0.013141058051660928
2023-10-20 01:00:00,1018774.8125,0.013141058051660928
2023-10-20 02:00:00,1018775.0,0.013141058051660928
2023-10-20 03:00:00,1018775.125,0.013141058051660928
2023-10-20 04:00:00,1018775.25,0.013141058051660928
2023-10-20 05:00:00,1018775.5,0.013141058051660928
2023-10-20 06:00:00,1018775.625,0.013141058051660928
2023-10-20 07:00:00,1018775.75,0.013141058051660928
2023-10-20 08:00:00,1018775.875,0.013141058051660928
2023-10-20 09:00:00,1018776.0625,0.013141058051660928
2023-10-20 10:00:00,1018776.3125,0.013141058051660928
2023-10-20 11:00:00,1018776.375,0.013141058051660928
2023-10-20 12:00:00,1018776.5625,0.013141058051660928
2023-10-20 13:00:00,1018776.6875,0.013141058051660928
2023-10-20 14:00:00,1018776.8125,0.013141058051660928
2023-10-20 15:00:00,1018776.9375,0.013141058051660928
2023-10-20 16:00:00,1018777.125,0.013141058051660928
2023-10-20 17:00:00,1018777.375,0.013141058051660928
2023-10-20 18:00:00,1018777.5,0.013141058051660928
2023-10-20 19:00:00,1018777.625,0.013141058051660928
2023-10-20 20:00:00,1018777.8125,0.013141058051660928
2023-10-20 21:00:00,1018777.875,0.013141058051660928
2023-10-20 22:00:00,1018778.125,0.013141058051660928
2023-10-20 23:00:00,1018778.375,0.013141058051660928
2023-10-21 00:00:00,1018778.4375,0.013141058051660928
2023-10-21 01:00:00,1018778.5625,0.013141058051660928
2023-10-21 02:00:00,1018778.75,0.013141058051660928
2023-10-21 03:00:00,1018778.875,0.013141058051660928
2023-10-21 04:00:00,1018779.0625,0.013141058051660928
2023-10-21 05:00:00,1018779.1875,0.013141058051660928
2023-10-21 06:00:00,1018779.375,0.013141058051660928
2023-10-21 07:00:00,1018779.5,0.013141058051660928
2023-10-21 08:00:00,1018779.6875,0.013141058051660928
2023-10-21 09:00:00,1018779.875,0.013141058051660928
2023-10-21 10:00:00,1018780.0,0.013141058051660928
2023-10-21 11:00:00,1018780.125,0.013141058051660928
2023-10-21 12:00:00,1018780.25,0.013141058051660928
2023-10-21 13:00:00,1018780.5,0.013141058051660928
2023-10-21 14:00:00,1018780.6875,0.013141058051660928
2023-10-21 15:00:00,1018780.75,0.013141058051660928
2023-10-21 16:00:00,1018781.0,0.013141058051660928
2023-10-21 17:00:00,1018781.0625,0.013141058051660928
2023-10-21 18:00:00,1018781.25,0.013141058051660928
2023-10-21 19:00:00,1018781.375,0.013141058051660928
2023-10-21 20:00:00,1018781.5,0.013141058051660928
2023-10-21 21:00:00,1018781.6875,0.013141058051660928
2023-10-21 22:00:00,1018781.875,0.013141058051660928
2023-10-21 23:00:00,1018782.0,0.013141058051660928
2023-10-22 00:00:00,1018782.125,0.013141058051660928
2023-10-22 01:00:00,1018782.3125,0.013141058051660928
2023-10-22 02:00:00,1018782.375,0.013141058051660928
2023-10-22 03:00:00,1018782.625,0.013141058051660928
2023-10-22 04:00:00,1018782.75,0.013141058051660928
2023-10-22 05:00:00,1018782.9375,0.013141058051660928
2023-10-22 06:00:00,1018783.0625,0.013141058051660928
2023-10-22 07:00:00,1018783.3125,0.013141058051660928
2023-10-22 08:00:00,1018783.375,0.013141058051660928
2023-10-22 09:00:00,1018783.5625,0.013141058051660928
2023-10-22 10:00:00,1018783.6875,0.013141058051660928
2023-10-22 11:00:00,1018783.875,0.013141058051660928
2023-10-22 12:00:00,1018784.0,0.013141058051660928
2023-10-22 13:00:00,1018784.125,0.013141058051660928
2023-10-22 14:00:00,1018784.375,0.013141058051660928
2023-10-22 15:00:00,1018784.375,0.013141058051660928
2023-10-22 16:00:00,1018784.625,0.013141058051660928
2023-10-22 17:00:00,1018784.75,0.013141058051660928
2023-10-22 18:00:00,1018784.875,0.013141058051660928
2023-10-22 19:00:00,1018785.0625,0.013141058051660928
2023-10-22 20:00:00,1018785.1875,0.013141058051660928
2023-10-22 21:00:00,1018785.4375,0.013141058051660928
2023-10-22 22:00:00,1018785.5,0.013141058051660928
2023-10-22 23:00:00,1018785.6875,0.013141058051660928
2023-10-23 00:00:00,1018785.8125,0.013141058051660928
2023-10-23 01:00:00,1018785.9375,0.013141058051660928
2023-10-23 02:00:00,1018786.1875,0.013141058051660928
2023-10-23 03:00:00,1018786.25,0.013141058051660928
2023-10-23 04:00:00,1018786.5,0.013141058051660928
2023-10-23 05:00:00,1018786.6875,0.013141058051660928
2023-10-23 06:00:00,1018786.75,0.013141058051660928
2023-10-23 07:00:00,1018787.0,0.013141058051660928
2023-10-23 08:00:00,1018787.1875,0.013141058051660928
2023-10-23 09:00:00,1018787.3125,0.013141058051660928
2023-10-23 10:00:00,1018787.5,0.013141058051660928
2023-10-23 11:00:00,1018787.5625,0.013141058051660928
2023-10-23 12:00:00,1018787.8125,0.013141058051660928
2023-10-23 13:00:00,1018787.9375,0.013141058051660928
2023-10-23 14:00:00,1018788.0625,0.013141058051660928
2023-10-23 15:00:00,1018788.3125,0.013141058051660928
2023-10-23 16:00:00,1018788.4375,0.013141058051660928
2023-10-23 17:00:00,1018788.5625,0.013141058051660928
2023-10-23 18:00:00,1018788.6875,0.013141058051660928
2023-10-23 19:00:00,1018788.8125,0.013141058051660928
2023-10-23 20:00:00,1018789.0,0.013141058051660928
2023-10-23 21:00:00,1018789.125,0.013141058051660928
2023-10-23 22:00:00,1018789.3125,0.013141058051660928
2023-10-23 23:00:00,1018789.5,0.013141058051660928
2023-10-24 00:00:00,1018789.625,0.013141058051660928
2023-10-24 01:00:00,1018789.8125,0.013141058051660928
2023-10-24 02:00:00,1018789.9375,0.013141058051660928
2023-10-24 03:00:00,1018790.0625,0.013141058051660928
2023-10-24 04:00:00,1018790.1875,0.013141058051660928
2023-10-24 05:00:00,1018790.375,0.013141058051660928
2023-10-24 06:00:00,1018790.5625,0.013141058051660928
2023-10-24 07:00:00,1018790.625,0.013141058051660928
2023-10-24 08:00:00,1018790.8125,0.013141058051660928
2023-10-24 09:00:00,1018790.875,0.013141058051660928
2023-10-24 10:00:00,1018791.125,0.013141058051660928
2023-10-24 11:00:00,1018791.125,0.013141058051660928
2023-10-24 12:00:00,1018791.375,0.013141058051660928
2023-10-24 13:00:00,1018791.5,0.013141058051660928
2023-10-24 14:00:00,1018791.6875,0.013141058051660928
2023-10-24 15:00:00,1018791.8125,0.013141058051660928
2023-10-24 16:00:00,1018791.9375,0.013141058051660928
2023-10-24 17:00:00,1018792.0625,0.013141058051660928
2023-10-24 18:00:00,1018792.1875,0.013141058051660928
2023-10-24 19:00:00,1018792.4375,0.013141058051660928
2023-10-24 20:00:00,1018792.4375,0.013141058051660928
2023-10-24 21:00:00,1018792.6875,0.013141058051660928
2023-10-24 22:00:00,1018792.875,0.013141058051660928
2023-10-24 23:00:00,1018792.9375,0.013141058051660928
2023-10-25 00:00:00,1018793.0,0.013141058051660928
2023-10-25 01:00:00,1018793.25,0.013141058051660928
2023-10-25 02:00:00,1018793.375,0.013141058051660928
2023-10-25 03:00:00,1018793.5,0.013141058051660928
2023-10-25 04:00:00,1018793.625,0.013141058051660928
2023-10-25 05:00:00,1018793.75,0.013141058051660928
2023-10-25 06:00:00,1018793.9375,0.013141058051660928
2023-10-25 07:00:00,1018794.0625,0.013141058051660928
2023-10-25 08:00:00,1018794.1875,0.013141058051660928
2023-10-25 09:00:00,1018794.3125,0.013141058051660928
2023-10-25 10:00:00,1018794.4375,0.013141058051660928
2023-10-25 11:00:00,1018794.5625,0.013141058051660928
2023-10-25 12:00:00,1018794.75,0.013141058051660928
2023-10-25 13:00:00,1018794.8125,0.013141058051660928
2023-10-25 14:00:00,1018795.0625,0.013141058051660928
2023-10-25 15:00:00,1018795.1875,0.013141058051660928
2023-10-25 16:00:00,1018795.3125,0.013141058051660928
2023-10-25 17:00:00,1018795.375,0.013141058051660928
2023-10-25 18:00:00,1018795.5625,0.013141058051660928
2023-10-25 19:00:00,1018795.6875,0.013141058051660928
2023-10-25 20:00:00,1018795.8125,0.013141058051660928
2023-10-25 21:00:00,1018795.9375,0.013141058051660928
2023-10-25 22:00:00,1018796.125,0.013141058051660928
2023-10-25 23:00:00,1018796.25,0.013141058051660928
2023-10-26 00:00:00,1018796.375,0.013141058051660928
2023-10-26 01:00:00,1018796.5,0.013141058051660928
2023-10-26 02:00:00,1018796.625,0.013141058051660928
2023-10-26 03:00:00,1018796.75,0.013141058051660928
2023-10-26 04:00:00,1018796.875,0.013141058051660928
2023-10-26 05:00:00,1018797.0,0.013141058051660928
2023-10-26 06:00:00,1018797.125,0.013141058051660928
2023-10-26 07:00:00,1018797.375,0.013141058051660928
2023-10-26 08:00:00,1018797.4375,0.013141058051660928
2023-10-26 09:00:00,1018797.5625,0.013141058051660928
2023-10-26 10:00:00,1018797.6875,0.013141058051660928
2023-10-26 11:00:00,1018797.875,0.013141058051660928
2023-10-26 12:00:00,1018797.9375,0.013141058051660928
2023-10-26 13:00:00,1018798.125,0.013141058051660928
2023-10-26 14:00:00,1018798.25,0.013141058051660928
2023-10-26 15:00:00,1018798.4375,0.013141058051660928
2023-10-26 16:00:00,1018798.5625,0.013141058051660928
2023-10-26 17:00:00,1018798.6875,0.013141058051660928
2023-10-26 18:00:00,1018798.8125,0.013141058051660928
2023-10-26 19:00:00,1018798.9375,0.013141058051660928
2023-10-26 20:00:00,1018799.0625,0.013141058051660928
2023-10-26 21:00:00,1018799.1875,0.013141058051660928
2023-10-26 22:00:00,1018799.25,0.013141058051660928
2023-10-26 23:00:00,1018799.5,0.013141058051660928
2023-10-27 00:00:00,1018799.625,0.013141058051660928
2023-10-27 01:00:00,1018799.75,0.013141058051660928
2023-10-27 02:00:00,1018799.875,0.013141058051660928
2023-10-27 03:00:00,1018800.0,0.013141058051660928
2023-10-27 04:00:00,1018800.125,0.013141058051660928
2023-10-27 05:00:00,1018800.25,0.013141058051660928
2023-10-27 06:00:00,1018800.4375,0.013141058051660928
2023-10-27 07:00:00,1018800.5,0.013141058051660928
2023-10-27 08:00:00,1018800.75,0.013141058051660928
2023-10-27 09:00:00,1018800.9375,0.013141058051660928
2023-10-27 10:00:00,1018801.0625,0.013141058051660928
2023-10-27 11:00:00,1018801.1875,0.013141058051660928
2023-10-27 12:00:00,1018801.3125,0.013141058051660928
2023-10-27 13:00:00,1018801.375,0.013141058051660928
2023-10-27 14:00:00,1018801.5625,0.013141058051660928
2023-10-27 15:00:00,1018801.75,0.013141058051660928
2023-10-27 16:00:00,1018801.875,0.013141058051660928
2023-10-27 17:00:00,1018802.0,0.013141058051660928
2023-10-27 18:00:00,1018802.125,0.013141058051660928
2023-10-27 19:00:00,1018802.25,0.013141058051660928
2023-10-27 20:00:00,1018802.375,0.013141058051660928
2023-10-27 21:00:00,1018802.5,0.013141058051660928
2023-10-27 22:00:00,1018802.625,0.013141058051660928
2023-10-27 23:00:00,1018802.75,0.013141058051660928
2023-10-28 00:00:00,1018802.9375,0.013141058051660928
2023-10-28 01:00:00,1018803.125,0.013141058051660928
2023-10-28 02:00:00,1018803.1875,0.013141058051660928
2023-10-28 03:00:00,1018803.375,0.013141058051660928
2023-10-28 04:00:00,1018803.4375,0.013141058051660928
2023-10-28 05:00:00,1018803.625,0.013141058051660928
2023-10-28 06:00:00,1018803.75,0.013141058051660928
2023-10-28 07:00:00,1018803.875,0.013141058051660928
2023-10-28 08:00:00,1018804.0,0.013141058051660928
2023-10-28 09:00:00,1018804.1875,0.013141058051660928
2023-10-28 10:00:00,1018804.375,0.013141058051660928
2023-10-28 11:00:00,1018804.4375,0.013141058051660928
2023-10-28 12:00:00,1018804.5625,0.013141058051660928
2023-10-28 13:00:00,1018804.75,0.013141058051660928
2023-10-28 14:00:00,1018804.8125,0.013141058051660928
2023-10-28 15:00:00,1018804.9375,0.013141058051660928
2023-10-28 16:00:00,1018805.1875,0.013141058051660928
2023-10-28 17:00:00,1018805.3125,0.013141058051660928
2023-10-28 18:00:00,1018805.4375,0.013141058051660928
2023-10-28 19:00:00,1018805.5625,0.013141058051660928
2023-10-28 20:00:00,1018805.6875,0.013141058051660928
2023-10-28 21:00:00,1018805.8125,0.013141058051660928
2023-10-28 22:00:00,1018805.9375,0.013141058051660928
2023-10-28 23:00:00,1018806.0625,0.013141058051660928
2023-10-29 00:00:00,1018806.1875,0.013141058051660928
2023-10-29 01:00:00,1018806.375,0.013141058051660928
2023-10-29 02:00:00,1018806.5,0.013141058051660928
2023-10-29 03:00:00,1018806.5,0.013141058051660928
2023-10-29 04:00:00,1018806.75,0.013141058051660928
2023-10-29 05:00:00,1018806.75,0.013141058051660928
2023-10-29 06:00:00,1018806.875,0.013141058051660928
2023-10-29 07:00:00,1018807.0,0.013141058051660928
2023-10-29 08:00:00,1018807.125,0.013141058051660928
2023-10-29 09:00:00,1018807.1875,0.013141058051660928
2023-10-29 10:00:00,1018807.375,0.013141058051660928
2023-10-29 11:00:00,1018807.5,0.013141058051660928
2023-10-29 12:00:00,1018807.5625,0.013141058051660928
2023-10-29 13:00:00,1018807.75,0.013141058051660928
2023-10-29 14:00:00,1018807.75,0.013141058051660928
2023-10-29 15:00:00,1018807.875,0.013141058051660928
2023-10-29 16:00:00,1018808.0,0.013141058051660928
2023-10-29 17:00:00,1018808.0625,0.013141058051660928
2023-10-29 18:00:00,1018808.125,0.013141058051660928
2023-10-29 19:00:00,1018808.25,0.013141058051660928
2023-10-29 20:00:00,1018808.4375,0.013141058051660928
2023-10-29 21:00:00,1018808.5,0.013141058051660928
2023-10-29 22:00:00,1018808.5625,0.013141058051660928
2023-10-29 23:00:00,1018808.75,0.013141058051660928
2023-10-30 00:00:00,1018808.75,0.013141058051660928
2023-10-30 01:00:00,1018808.8125,0.013141058051660928
2023-10-30 02:00:00,1018809.0,0.013141058051660928
2023-10-30 03:00:00,1018809.0625,0.013141058051660928
2023-10-30 04:00:00,1018809.1875,0.013141058051660928
2023-10-30 05:00:00,1018809.25,0.013141058051660928
2023-10-30 06:00:00,1018809.3125,0.013141058051660928
2023-10-30 07:00:00,1018809.5625,0.013141058051660928
2023-10-30 08:00:00,1018809.625,0.013141058051660928
2023-10-30 09:00:00,1018809.625,0.013141058051660928
2023-10-30 10:00:00,1018809.8125,0.013141058051660928
2023-10-30 11:00:00,1018809.875,0.013141058051660928
2023-10-30 12:00:00,1018810.0,0.013141058051660928
2023-10-30 13:00:00,1018810.125,0.013141058051660928
2023-10-30 14:00:00,1018810.1875,0.013141058051660928
2023-10-30 15:00:00,1018810.3125,0.013141058051660928
2023-10-30 16:00:00,1018810.375,0.013141058051660928
2023-10-30 17:00:00,1018810.5625,0.013141058051660928
2023-10-30 18:00:00,1018810.6875,0.013141058051660928
2023-10-30 19:00:00,1018810.8125,0.013141058051660928
2023-10-30 20:00:00,1018810.875,0.013141058051660928
2023-10-30 21:00:00,1018811.0,0.013141058051660928
2023-10-30 22:00:00,1018811.125,0.013141058051660928
2023-10-30 23:00:00,1018811.25,0.013141058051660928
2023-10-31 00:00:00,1018811.375,0.013141058051660928
2023-10-31 01:00:00,1018811.4375,0.013141058051660928
2023-10-31 02:00:00,1018811.5625,0.013141058051660928
2023-10-31 03:00:00,1018811.6875,0.013141058051660928
2023-10-31 04:00:00,1018811.9375,0.013141058051660928
2023-10-31 05:00:00,1018812.0,0.013141058051660928
2023-10-31 06:00:00,1018812.0625,0.013141058051660928
2023-10-31 07:00:00,1018812.1875,0.013141058051660928
2023-10-31 08:00:00,1018812.3125,0.013141058051660928
2023-10-31 09:00:00,1018812.4375,0.013141058051660928
2023-10-31 10:00:00,1018812.5625,0.013141058051660928
2023-10-31 11:00:00,1018812.6875,0.013141058051660928
2023-10-31 12:00:00,1018812.8125,0.013141058051660928
2023-10-31 13:00:00,1018813.0,0.013141058051660928
2023-10-31 14:00:00,1018813.125,0.013141058051660928
2023-10-31 15:00:00,1018813.25,0.013141058051660928
2023-10-31 16:00:00,1018813.5,0.013141058051660928
2023-10-31 17:00:00,1018813.5,0.013141058051660928
2023-10-31 18:00:00,1018813.6875,0.013141058051660928
2023-10-31 19:00:00,1018813.75,0.013141058051660928
2023-10-31 20:00:00,1018813.875,0.013141058051660928
2023-10-31 21:00:00,1018814.0625,0.013141058051660928
2023-10-31 22:00:00,1018814.1875,0.013141058051660928
2023-10-31 23:00:00,1018814.3125,0.013141058051660928
2023-11-01 00:00:00,1018814.375,0.013141058051660928
2023-11-01 01:00:00,1018814.5625,0.013141058051660928
2023-11-01 02:00:00,1018814.6875,0.013141058051660928
2023-11-01 03:00:00,1018814.8125,0.013141058051660928
2023-11-01 04:00:00,1018814.9375,0.013141058051660928
2023-11-01 05:00:00,1018815.0,0.013141058051660928
2023-11-01 06:00:00,1018815.1875,0.013141058051660928
2023-11-01 07:00:00,1018815.25,0.013141058051660928
2023-11-01 08:00:00,1018815.375,0.013141058051660928
2023-11-01 09:00:00,1018815.625,0.013141058051660928
2023-11-01 10:00:00,1018815.625,0.013141058051660928
2023-11-01 11:00:00,1018815.8125,0.013141058051660928
2023-11-01 12:00:00,1018815.875,0.013141058051660928
2023-11-01 13:00:00,1018816.0625,0.013141058051660928
2023-11-01 14:00:00,1018816.125,0.013141058051660928
2023-11-01 15:00:00,1018816.375,0.013141058051660928
2023-11-01 16:00:00,1018816.5,0.013141058051660928
2023-11-01 17:00:00,1018816.5625,0.013141058051660928
2023-11-01 18:00:00,1018816.625,0.013141058051660928
2023-11-01 19:00:00,1018816.75,0.013141058051660928
2023-11-01 20:00:00,1018816.875,0.013141058051660928
2023-11-01 21:00:00,1018816.9375,0.013141058051660928
2023-11-01 22:00:00,1018817.125,0.013141058051660928
2023-11-01 23:00:00,1018817.1875,0.013141058051660928
2023-11-02 00:00:00,1018817.4375,0.013141058051660928
2023-11-02 01:00:00,1018817.5,0.013141058051660928
2023-11-02 02:00:00,1018817.625,0.013141058051660928
2023-11-02 03:00:00,1018817.75,0.013141058051660928
2023-11-02 04:00:00,1018817.875,0.013141058051660928
2023-11-02 05:00:00,1018818.0,0.013141058051660928
2023-11-02 06:00:00,1018818.1875,0.013141058051660928
2023-11-02 07:00:00,1018818.1875,0.013141058051660928
2023-11-02 08:00:00,1018818.375,0.013141058051660928
2023-11-02 09:00:00,1018818.5,0.013141058051660928
2023-11-02 10:00:00,1018818.6875,0.013141058051660928
2023-11-02 11:00:00,1018818.75,0.013141058051660928
2023-11-02 12:00:00,1018818.9375,0.013141058051660928
2023-11-02 13:00:00,1018819.0,0.013141058051660928
2023-11-02 14:00:00,1018819.125,0.013141058051660928
2023-11-02 15:00:00,1018819.1875,0.013141058051660928
2023-11-02 16:00:00,1018819.4375,0.013141058051660928
2023-11-02 17:00:00,1018819.4375,0.013141058051660928
2023-11-02 18:00:00,1018819.625,0.013141058051660928
2023-11-02 19:00:00,1018819.75,0.013141058051660928
2023-11-02 20:00:00,1018819.875,0.013141058051660928
2023-11-02 21:00:00,1018820.0,0.013141058051660928
2023-11-02 22:00:00,1018820.125,0.013141058051660928
2023-11-02 23:00:00,1018820.25,0.013141058051660928
2023-11-03 00:00:00,1018820.375,0.013141058051660928
2023-11-03 01:00:00,1018820.4375,0.013141058051660928
2023-11-03 02:00:00,1018820.5,0.013141058051660928
2023-11-03 03:00:00,1018820.625,0.013141058051660928
2023-11-03 04:00:00,1018820.8125,0.013141058051660928
2023-11-03 05:00:00,1018821.0625,0.013141058051660928
2023-11-03 06:00:00,1018821.0625,0.013141058051660928
2023-11-03 07:00:00,1018821.25,0.013141058051660928
2023-11-03 08:00:00,1018821.3125,0.013141058051660928
2023-11-03 09:00:00,1018821.5,0.013141058051660928
2023-11-03 10:00:00,1018821.5625,0.013141058051660928
2023-11-03 11:00:00,1018821.6875,0.013141058051660928
2023-11-03 12:00:00,1018821.875,0.013141058051660928
2023-11-03 13:00:00,1018822.0,0.013141058051660928
2023-11-03 14:00:00,1018822.125,0.013141058051660928
2023-11-03 15:00:00,1018822.125,0.013141058051660928
2023-11-03 16:00:00,1018822.3125,0.013141058051660928
2023-11-03 17:00:00,1018822.5,0.013141058051660928
2023-11-03 18:00:00,1018822.625,0.013141058051660928
2023-11-03 19:00:00,1018822.6875,0.013141058051660928
2023-11-03 20:00:00,1018822.8125,0.013141058051660928
2023-11-03 21:00:00,1018823.0,0.013141058051660928
2023-11-03 22:00:00,1018823.125,0.013141058051660928
2023-11-03 23:00:00,1018823.1875,0.013141058051660928
2023-11-04 00:00:00,1018823.3125,0.013141058051660928
2023-11-04 01:00:00,1018823.4375,0.013141058051660928
2023-11-04 02:00:00,1018823.5625,0.013141058051660928
2023-11-04 03:00:00,1018823.625,0.013141058051660928
2023-11-04 04:00:00,1018823.8125,0.013141058051660928
2023-11-04 05:00:00,1018823.875,0.013141058051660928
2023-11-04 06:00:00,1018824.0,0.013141058051660928
2023-11-04 07:00:00,1018824.1875,0.013141058051660928
2023-11-04 08:00:00,1018824.3125,0.013141058051660928
2023-11-04 09:00:00,1018824.4375,0.013141058051660928
2023-11-04 10:00:00,1018824.5,0.013141058051660928
2023-11-04 11:00:00,1018824.625,0.013141058051660928
2023-11-04 12:00:00,1018824.75,0.013141058051660928
2023-11-04 13:00:00,1018824.875,0.013141058051660928
2023-11-04 14:00:00,1018825.0,0.013141058051660928
2023-11-04 15:00:00,1018825.1875,0.013141058051660928
2023-11-04 16:00:00,1018825.25,0.013141058051660928
2023-11-04 17:00:00,1018825.4375,0.013141058051660928
2023-11-04 18:00:00,1018825.5625,0.013141058051660928
2023-11-04 19:00:00,1018825.625,0.013141058051660928
2023-11-04 20:00:00,1018825.75,0.013141058051660928
2023-11-04 21:00:00,1018825.9375,0.013141058051660928
2023-11-04 22:00:00,1018826.0,0.013141058051660928
2023-11-04 23:00:00,1018826.125,0.013141058051660928
2023-11-05 00:00:00,1018826.3125,0.013141058051660928
2023-11-05 01:00:00,1018826.5,0.013141058051660928
2023-11-05 02:00:00,1018826.5,0.013141058051660928
2023-11-05 03:00:00,1018826.6875,0.013141058051660928
2023-11-05 04:00:00,1018826.75,0.013141058051660928
2023-11-05 05:00:00,1018826.9375,0.013141058051660928
2023-11-05 06:00:00,1018827.0,0.013141058051660928
2023-11-05 07:00:00,1018827.125,0.013141058051660928
2023-11-05 08:00:00,1018827.25,0.013141058051660928
2023-11-05 09:00:00,1018827.4375,0.013141058051660928
2023-11-05 10:00:00,1018827.5625,0.013141058051660928
2023-11-05 11:00:00,1018827.75,0.013141058051660928
2023-11-05 12:00:00,1018827.8125,0.013141058051660928
2023-11-05 13:00:00,1018827.9375,0.013141058051660928
2023-11-05 14:00:00,1018828.0625,0.013141058051660928
2023-11-05 15:00:00,1018828.1875,0.013141058051660928
2023-11-05 16:00:00,1018828.3125,0.013141058051660928
2023-11-05 17:00:00,1018828.375,0.013141058051660928
2023-11-05 18:00:00,1018828.625,0.013141058051660928
2023-11-05 19:00:00,1018828.6875,0.013141058051660928
2023-11-05 20:00:00,1018828.875,0.013141058051660928
2023-11-05 21:00:00,1018829.0625,0.013141058051660928
2023-11-05 22:00:00,1018829.125,0.013141058051660928
2023-11-05 23:00:00,1018829.25,0.013141058051660928
2023-11-06 00:00:00,1018829.375,0.013141058051660928
2023-11-06 01:00:00,1018829.5,0.013141058051660928
2023-11-06 02:00:00,1018829.6875,0.013141058051660928
2023-11-06 03:00:00,1018829.75,0.013141058051660928
2023-11-06 04:00:00,1018829.875,0.013141058051660928
2023-11-06 05:00:00,1018829.9375,0.013141058051660928
2023-11-06 06:00:00,1018830.1875,0.013141058051660928
2023-11-06 07:00:00,1018830.3125,0.013141058051660928
2023-11-06 08:00:00,1018830.375,0.013141058051660928
2023-11-06 09:00:00,1018830.5,0.013141058051660928
2023-11-06 10:00:00,1018830.625,0.013141058051660928
2023-11-06 11:00:00,1018830.8125,0.013141058051660928
2023-11-06 12:00:00,1018830.9375,0.013141058051660928
2023-11-06 13:00:00,1018831.0,0.013141058051660928
2023-11-06 14:00:00,1018831.1875,0.013141058051660928
2023-11-06 15:00:00,1018831.25,0.013141058051660928
2023-11-06 16:00:00,1018831.4375,0.013141058051660928
2023-11-06 17:00:00,1018831.5,0.013141058051660928
2023-11-06 18:00:00,1018831.6875,0.013141058051660928
2023-11-06 19:00:00,1018831.75,0.013141058051660928
2023-11-06 20:00:00,1018832.0,0.013141058051660928
2023-11-06 21:00:00,1018832.0,0.013141058051660928
2023-11-06 22:00:00,1018832.1875,0.013141058051660928
2023-11-06 23:00:00,1018832.25,0.013141058051660928
2023-11-07 00:00:00,1018832.375,0.013141058051660928
2023-11-07 01:00:00,1018832.5,0.013141058051660928
2023-11-07 02:00:00,1018832.625,0.013141058051660928
2023-11-07 03:00:00,1018832.75,0.013141058051660928
2023-11-07 04:00:00,1018832.9375,0.013141058051660928
2023-11-07 05:00:00,1018833.0625,0.013141058051660928
2023-11-07 06:00:00,1018833.25,0.013141058051660928
2023-11-07 07:00:00,1018833.3125,0.013141058051660928
2023-11-07 08:00:00,1018833.5,0.013141058051660928
2023-11-07 09:00:00,1018833.625,0.013141058051660928
2023-11-07 10:00:00,1018833.6875,0.013141058051660928
2023-11-07 11:00:00,1018833.8125,0.013141058051660928
2023-11-07 12:00:00,1018834.0,0.013141058051660928
2023-11-07 13:00:00,1018834.0625,0.013141058051660928
2023-11-07 14:00:00,1018834.3125,0.013141058051660928
2023-11-07 15:00:00,1018834.375,0.013141058051660928
2023-11-07 16:00:00,1018834.5625,0.013141058051660928
2023-11-07 17:00:00,1018834.625,0.013141058051660928
2023-11-07 18:00:00,1018834.8125,0.013141058051660928
2023-11-07 19:00:00,1018834.875,0.013141058051660928
2023-11-07 20:00:00,1018835.0625,0.013141058051660928
2023-11-07 21:00:00,1018835.25,0.013141058051660928
2023-11-07 22:00:00,1018835.375,0.013141058051660928
2023-11-07 23:00:00,1018835.5,0.013141058051660928
2023-11-08 00:00:00,1018835.625,0.013141058051660928
2023-11-08 01:00:00,1018835.75,0.013141058051660928
2023-11-08 02:00:00,1018835.875,0.013141058051660928
2023-11-08 03:00:00,1018835.875,0.013141058051660928
2023-11-08 04:00:00,1018836.125,0.013141058051660928
2023-11-08 05:00:00,1018836.1875,0.013141058051660928
2023-11-08 06:00:00,1018836.4375,0.013141058051660928
2023-11-08 07:00:00,1018836.5625,0.013141058051660928
2023-11-08 08:00:00,1018836.6875,0.013141058051660928
2023-11-08 09:00:00,1018836.8125,0.013141058051660928
2023-11-08 10:00:00,1018836.9375,0.013141058051660928
2023-11-08 11:00:00,1018837.0625,0.013141058051660928
2023-11-08 12:00:00,1018837.1875,0.013141058051660928
2023-11-08 13:00:00,1018837.25,0.013141058051660928
2023-11-08 14:00:00,1018837.5,0.013141058051660928
2023-11-08 15:00:00,1018837.6875,0.013141058051660928
2023-11-08 16:00:00,1018837.75,0.013141058051660928
2023-11-08 17:00:00,1018837.9375,0.013141058051660928
2023-11-08 18:00:00,1018838.0,0.013141058051660928
2023-11-08 19:00:00,1018838.125,0.013141058051660928
2023-11-08 20:00:00,1018838.25,0.013141058051660928
2023-11-08 21:00:00,1018838.375,0.013141058051660928
2023-11-08 22:00:00,1018838.5,0.013141058051660928
2023-11-08 23:00:00,1018838.75,0.013141058051660928
2023-11-09 00:00:00,1018838.875,0.013141058051660928
2023-11-09 01:00:00,1018839.0,0.013141058051660928
2023-11-09 02:00:00,1018839.0625,0.013141058051660928
2023-11-09 03:00:00,1018839.25,0.013141058051660928
2023-11-09 04:00:00,1018839.375,0.013141058051660928
2023-11-09 05:00:00,1018839.5,0.013141058051660928
2023-11-09 06:00:00,1018839.5625,0.013141058051660928
2023-11-09 07:00:00,1018839.8125,0.013141058051660928
2023-11-09 08:00:00,1018839.9375,0.013141058051660928
2023-11-09 09:00:00,1018840.0625,0.013141058051660928
2023-11-09 10:00:00,1018840.1875,0.013141058051660928
2023-11-09 11:00:00,1018840.3125,0.013141058051660928
2023-11-09 12:00:00,1018840.4375,0.013141058051660928
2023-11-09 13:00:00,1018840.5625,0.013141058051660928
2023-11-09 14:00:00,1018840.75,0.013141058051660928
2023-11-09 15:00:00,1018840.875,0.013141058051660928
2023-11-09 16:00:00,1018841.0,0.013141058051660928
2023-11-09 17:00:00,1018841.1875,0.013141058051660928
2023-11-09 18:00:00,1018841.25,0.013141058051660928
2023-11-09 19:00:00,1018841.375,0.013141058051660928
2023-11-09 20:00:00,1018841.5625,0.013141058051660928
2023-11-09 21:00:00,1018841.6875,0.013141058051660928
2023-11-09 22:00:00,1018841.8125,0.013141058051660928
2023-11-09 23:00:00,1018842.0,0.013141058051660928
2023-11-10 00:00:00,1018842.1875,0.013141058051660928
2023-11-10 01:00:00,1018842.25,0.013141058051660928
2023-11-10 02:00:00,1018842.375,0.013141058051660928
2023-11-10 03:00:00,1018842.5625,0.013141058051660928
2023-11-10 04:00:00,1018842.6875,0.013141058051660928
2023-11-10 05:00:00,1018842.75,0.013141058051660928
2023-11-10 06:00:00,1018842.875,0.013141058051660928
2023-11-10 07:00:00,1018843.125,0.013141058051660928
2023-11-10 08:00:00,1018843.25,0.013141058051660928
2023-11-10 09:00:00,1018843.3125,0.013141058051660928
2023-11-10 10:00:00,1018843.5,0.013141058051660928
2023-11-10 11:00:00,1018843.6875,0.013141058051660928
2023-11-10 12:00:00,1018843.75,0.013141058051660928
2023-11-10 13:00:00,1018843.9375,0.013141058051660928
2023-11-10 14:00:00,1018843.9375,0.013141058051660928
2023-11-10 15:00:00,1018844.125,0.013141058051660928
2023-11-10 16:00:00,1018844.375,0.013141058051660928
2023-11-10 17:00:00,1018844.5,0.013141058051660928
2023-11-10 18:00:00,1018844.5625,0.013141058051660928
2023-11-10 19:00:00,1018844.75,0.013141058051660928
2023-11-10 20:00:00,1018844.8125,0.013141058051660928
2023-11-10 21:00:00,1018845.0,0.013141058051660928
2023-11-10 22:00:00,1018845.125,0.013141058051660928
2023-11-10 23:00:00,1018845.3125,0.013141058051660928
2023-11-11 00:00:00,1018845.4375,0.013141058051660928
2023-11-11 01:00:00,1018845.5625,0.013141058051660928
2023-11-11 02:00:00,1018845.6875,0.013141058051660928
2023-11-11 03:00:00,1018845.8125,0.013141058051660928
2023-11-11 04:00:00,1018846.0,0.013141058051660928
2023-11-11 05:00:00,1018846.0625,0.013141058051660928
2023-11-11 06:00:00,1018846.25,0.013141058051660928
2023-11-11 07:00:00,1018846.4375,0.013141058051660928
2023-11-11 08:00:00,1018846.5,0.013141058051660928
2023-11-11 09:00:00,1018846.6875,0.013141058051660928
2023-11-11 10:00:00,1018846.75,0.013141058051660928
2023-11-11 11:00:00,1018846.875,0.013141058051660928
2023-11-11 12:00:00,1018847.125,0.013141058051660928
2023-11-11 13:00:00,1018847.1875,0.013141058051660928
2023-11-11 14:00:00,1018847.3125,0.013141058051660928
2023-11-11 15:00:00,1018847.5625,0.013141058051660928
2023-11-11 16:00:00,1018847.625,0.013141058051660928
2023-11-11 17:00:00,1018847.75,0.013141058051660928
2023-11-11 18:00:00,1018847.875,0.013141058051660928
2023-11-11 19:00:00,1018848.0625,0.013141058051660928
2023-11-11 20:00:00,1018848.1875,0.013141058051660928
2023-11-11 21:00:00,1018848.3125,0.013141058051660928
2023-11-11 22:00:00,1018848.4375,0.013141058051660928
2023-11-11 23:00:00,1018848.6875,0.013141058051660928
2023-11-12 00:00:00,1018848.75,0.013141058051660928
2023-11-12 01:00:00,1018848.9375,0.013141058051660928
2023-11-12 02:00:00,1018849.0,0.013141058051660928
2023-11-12 03:00:00,1018849.1875,0.013141058051660928
2023-11-12 04:00:00,1018849.3125,0.013141058051660928
2023-11-12 05:00:00,1018849.4375,0.013141058051660928
2023-11-12 06:00:00,1018849.5625,0.013141058051660928
2023-11-12 07:00:00,1018849.8125,0.013141058051660928
2023-11-12 08:00:00,1018849.9375,0.013141058051660928
2023-11-12 09:00:00,1018850.0,0.013141058051660928
2023-11-12 10:00:00,1018850.1875,0.013141058051660928
2023-11-12 11:00:00,1018850.3125,0.013141058051660928
2023-11-12 12:00:00,1018850.5,0.013141058051660928
2023-11-12 13:00:00,1018850.5625,0.013141058051660928
2023-11-12 14:00:00,1018850.75,0.013141058051660928
2023-11-12 15:00:00,1018850.9375,0.013141058051660928
2023-11-12 16:00:00,1018851.0625,0.013141058051660928
2023-11-12 17:00:00,1018851.25,0.013141058051660928
2023-11-12 18:00:00,1018851.3125,0.013141058051660928
2023-11-12 19:00:00,1018851.5,0.013141058051660928
2023-11-12 20:00:00,1018851.5625,0.013141058051660928
2023-11-12 21:00:00,1018851.75,0.013141058051660928
2023-11-12 22:00:00,1018851.8125,0.013141058051660928
2023-11-12 23:00:00,1018852.0625,0.013141058051660928
2023-11-13 00:00:00,1018852.3125,0.013141058051660928
2023-11-13 01:00:00,1018852.3125,0.013141058051660928
2023-11-13 02:00:00,1018852.5625,0.013141058051660928
2023-11-13 03:00:00,1018852.6875,0.013141058051660928
2023-11-13 04:00:00,1018852.75,0.013141058051660928
2023-11-13 05:00:00,1018852.8125,0.013141058051660928
2023-11-13 06:00:00,1018853.0625,0.013141058051660928
2023-11-13 07:00:00,1018853.0625,0.013141058051660928
2023-11-13 08:00:00,1018853.375,0.013141058051660928
2023-11-13 09:00:00,1018853.5,0.013141058051660928
2023-11-13 10:00:00,1018853.625,0.013141058051660928
2023-11-13 11:00:00,1018853.75,0.013141058051660928
2023-11-13 12:00:00,1018853.875,0.013141058051660928
2023-11-13 13:00:00,1018854.0,0.013141058051660928
2023-11-13 14:00:00,1018854.125,0.013141058051660928
2023-11-13 15:00:00,1018854.375,0.013141058051660928
2023-11-13 16:00:00,1018854.4375,0.013141058051660928
2023-11-13 17:00:00,1018854.625,0.013141058051660928
2023-11-13 18:00:00,1018854.6875,0.013141058051660928
2023-11-13 19:00:00,1018854.875,0.013141058051660928
2023-11-13 20:00:00,1018855.0,0.013141058051660928
2023-11-13 21:00:00,1018855.125,0.013141058051660928
2023-11-13 22:00:00,1018855.25,0.013141058051660928
2023-11-13 23:00:00,1018855.4375,0.013141058051660928
2023-11-14 00:00:00,1018855.5625,0.013141058051660928
2023-11-14 01:00:00,1018855.6875,0.013141058051660928
2023-11-14 02:00:00,1018855.8125,0.013141058051660928
2023-11-14 03:00:00,1018855.9375,0.013141058051660928
2023-11-14 04:00:00,1018856.0625,0.013141058051660928
2023-11-14 05:00:00,1018856.1875,0.013141058051660928
2023-11-14 06:00:00,1018856.3125,0.013141058051660928
2023-11-14 07:00:00,1018856.5,0.013141058051660928
2023-11-14 08:00:00,1018856.625,0.013141058051660928
2023-11-14 09:00:00,1018856.75,0.013141058051660928
2023-11-14 10:00:00,1018856.875,0.013141058051660928
2023-11-14 11:00:00,1018857.0,0.013141058051660928
2023-11-14 12:00:00,1018857.125,0.013141058051660928
2023-11-14 13:00:00,1018857.25,0.013141058051660928
2023-11-14 14:00:00,1018857.3125,0.013141058051660928
2023-11-14 15:00:00,1018857.5,0.013141058051660928
2023-11-14 16:00:00,1018857.6875,0.013141058051660928
2023-11-14 17:00:00,1018857.8125,0.013141058051660928
2023-11-14 18:00:00,1018858.0,0.013141058051660928
2023-11-14 19:00:00,1018858.0625,0.013141058051660928
2023-11-14 20:00:00,1018858.125,0.013141058051660928
2023-11-14 21:00:00,1018858.3125,0.013141058051660928
2023-11-14 22:00:00,1018858.5,0.013141058051660928
2023-11-14 23:00:00,1018858.5625,0.013141058051660928
2023-11-15 00:00:00,1018858.75,0.013141058051660928
2023-11-15 01:00:00,1018858.875,0.013141058051660928
2023-11-15 02:00:00,1018859.0625,0.013141058051660928
2023-11-15 03:00:00,1018859.125,0.013141058051660928
2023-11-15 04:00:00,1018859.3125,0.013141058051660928
2023-11-15 05:00:00,1018859.375,0.013141058051660928
2023-11-15 06:00:00,1018859.5625,0.013141058051660928
2023-11-15 07:00:00,1018859.6875,0.013141058051660928
2023-11-15 08:00:00,1018859.875,0.013141058051660928
2023-11-15 09:00:00,1018860.0,0.013141058051660928
2023-11-15 10:00:00,1018860.125,0.013141058051660928
2023-11-15 11:00:00,1018860.25,0.013141058051660928
2023-11-15 12:00:00,1018860.375,0.013141058051660928
2023-11-15 13:00:00,1018860.5625,0.013141058051660928
2023-11-15 14:00:00,1018860.6875,0.013141058051660928
2023-11-15 15:00:00,1018860.875,0.013141058051660928
2023-11-15 16:00:00,1018861.0625,0.013141058051660928
2023-11-15 17:00:00,1018861.1875,0.013141058051660928
2023-11-15 18:00:00,1018861.3125,0.013141058051660928
2023-11-15 19:00:00,1018861.4375,0.013141058051660928
2023-11-15 20:00:00,1018861.5625,0.013141058051660928
2023-11-15 21:00:00,1018861.6875,0.013141058051660928
2023-11-15 22:00:00,1018861.9375,0.013141058051660928
2023-11-15 23:00:00,1018862.125,0.013141058051660928
2023-11-16 00:00:00,1018862.25,0.013141058051660928
2023-11-16 01:00:00,1018862.375,0.013141058051660928
2023-11-16 02:00:00,1018862.5,0.013141058051660928
2023-11-16 03:00:00,1018862.625,0.013141058051660928
2023-11-16 04:00:00,1018862.75,0.013141058051660928
2023-11-16 05:00:00,1018863.0,0.013141058051660928
2023-11-16 06:00:00,1018863.0625,0.013141058051660928
2023-11-16 07:00:00,1018863.25,0.013141058051660928
2023-11-16 08:00:00,1018863.3125,0.013141058051660928
2023-11-16 09:00:00,1018863.5,0.013141058051660928
2023-11-16 10:00:00,1018863.6875,0.013141058051660928
2023-11-16 11:00:00,1018863.8125,0.013141058051660928
2023-11-16 12:00:00,1018863.9375,0.013141058051660928
2023-11-16 13:00:00,1018864.0625,0.013141058051660928
2023-11-16 14:00:00,1018864.3125,0.013141058051660928
2023-11-16 15:00:00,1018864.375,0.013141058051660928
2023-11-16 16:00:00,1018864.5625,0.013141058051660928
2023-11-16 17:00:00,1018864.625,0.013141058051660928
2023-11-16 18:00:00,1018864.8125,0.013141058051660928
2023-11-16 19:00:00,1018864.875,0.013141058051660928
2023-11-16 20:00:00,1018865.0625,0.013141058051660928
2023-11-16 21:00:00,1018865.25,0.013141058051660928
2023-11-16 22:00:00,1018865.3125,0.013141058051660928
2023-11-16 23:00:00,1018865.5,0.013141058051660928
2023-11-17 00:00:00,1018865.625,0.013141058051660928
2023-11-17 01:00:00,1018865.8125,0.013141058051660928
2023-11-17 02:00:00,1018865.9375,0.013141058051660928
2023-11-17 03:00:00,1018866.0625,0.013141058051660928
2023-11-17 04:00:00,1018866.125,0.013141058051660928
2023-11-17 05:00:00,1018866.3125,0.013141058051660928
2023-11-17 06:00:00,1018866.4375,0.013141058051660928
2023-11-17 07:00:00,1018866.625,0.013141058051660928
2023-11-17 08:00:00,1018866.75,0.013141058051660928
2023-11-17 09:00:00,1018866.9375,0.013141058051660928
2023-11-17 10:00:00,1018867.125,0.013141058051660928
2023-11-17 11:00:00,1018867.125,0.013141058051660928
2023-11-17 12:00:00,1018867.3125,0.013141058051660928
2023-11-17 13:00:00,1018867.4375,0.013141058051660928
2023-11-17 14:00:00,1018867.5625,0.013141058051660928
2023-11-17 15:00:00,1018867.75,0.013141058051660928
2023-11-17 16:00:00,1018867.9375,0.013141058051660928
2023-11-17 17:00:00,1018868.0625,0.013141058051660928
2023-11-17 18:00:00,1018868.1875,0.013141058051660928
2023-11-17 19:00:00,1018868.3125,0.013141058051660928
2023-11-17 20:00:00,1018868.4375,0.013141058051660928
2023-11-17 21:00:00,1018868.5625,0.013141058051660928
2023-11-17 22:00:00,1018868.6875,0.013141058051660928
2023-11-17 23:00:00,1018868.875,0.013141058051660928
2023-11-18 00:00:00,1018869.0,0.013141058051660928
2023-11-18 01:00:00,1018869.1875,0.013141058051660928
2023-11-18 02:00:00,1018869.375,0.013141058051660928
2023-11-18 03:00:00,1018869.5,0.013141058051660928
2023-11-18 04:00:00,1018869.5,0.013141058051660928
2023-11-18 05:00:00,1018869.75,0.013141058051660928
2023-11-18 06:00:00,1018869.9375,0.013141058051660928
2023-11-18 07:00:00,1018870.0625,0.013141058051660928
2023-11-18 08:00:00,1018870.0625,0.013141058051660928
2023-11-18 09:00:00,1018870.3125,0.013141058051660928
2023-11-18 10:00:00,1018870.4375,0.013141058051660928
2023-11-18 11:00:00,1018870.5,0.013141058051660928
2023-11-18 12:00:00,1018870.6875,0.013141058051660928
2023-11-18 13:00:00,1018870.75,0.013141058051660928
2023-11-18 14:00:00,1018871.0625,0.013141058051660928
2023-11-18 15:00:00,1018871.125,0.013141058051660928
2023-11-18 16:00:00,1018871.25,0.013141058051660928
2023-11-18 17:00:00,1018871.375,0.013141058051660928
2023-11-18 18:00:00,1018871.5,0.013141058051660928
2023-11-18 19:00:00,1018871.6875,0.013141058051660928
2023-11-18 20:00:00,1018871.8125,0.013141058051660928
2023-11-18 21:00:00,1018871.875,0.013141058051660928
2023-11-18 22:00:00,1018872.0,0.013141058051660928
2023-11-18 23:00:00,1018872.1875,0.013141058051660928
2023-11-19 00:00:00,1018872.3125,0.013141058051660928
2023-11-19 01:00:00,1018872.4375,0.013141058051660928
2023-11-19 02:00:00,1018872.625,0.013141058051660928
2023-11-19 03:00:00,1018872.75,0.013141058051660928
2023-11-19 04:00:00,1018872.875,0.013141058051660928
2023-11-19 05:00:00,1018873.0,0.013141058051660928
2023-11-19 06:00:00,1018873.125,0.013141058051660928
2023-11-19 07:00:00,1018873.3125,0.013141058051660928
2023-11-19 08:00:00,1018873.4375,0.013141058051660928
2023-11-19 09:00:00,1018873.5625,0.013141058051660928
2023-11-19 10:00:00,1018873.75,0.013141058051660928
2023-11-19 11:00:00,1018873.875,0.013141058051660928
2023-11-19 12:00:00,1018874.0,0.013141058051660928
2023-11-19 13:00:00,1018874.125,0.013141058051660928
2023-11-19 14:00:00,1018874.375,0.013141058051660928
2023-11-19 15:00:00,1018874.5,0.013141058051660928
2023-11-19 16:00:00,1018874.6875,0.013141058051660928
2023-11-19 17:00:00,1018874.75,0.013141058051660928
2023-11-19 18:00:00,1018875.0,0.013141058051660928
2023-11-19 19:00:00,1018875.0625,0.013141058051660928
2023-11-19 20:00:00,1018875.1875,0.013141058051660928
2023-11-19 21:00:00,1018875.3125,0.013141058051660928
2023-11-19 22:00:00,1018875.5,0.013141058051660928
2023-11-19 23:00:00,1018875.75,0.013141058051660928
2023-11-20 00:00:00,1018875.8125,0.013141058051660928
2023-11-20 01:00:00,1018875.9375,0.013141058051660928
2023-11-20 02:00:00,1018876.0625,0.013141058051660928
2023-11-20 03:00:00,1018876.25,0.013141058051660928
2023-11-20 04:00:00,1018876.3125,0.013141058051660928
2023-11-20 05:00:00,1018876.5,0.013141058051660928
2023-11-20 06:00:00,1018876.8125,0.013141058051660928
2023-11-20 07:00:00,1018876.875,0.013141058051660928
2023-11-20 08:00:00,1018877.0625,0.013141058051660928
2023-11-20 09:00:00,1018877.1875,0.013141058051660928
2023-11-20 10:00:00,1018877.3125,0.013141058051660928
2023-11-20 11:00:00,1018877.375,0.013141058051660928
2023-11-20 12:00:00,1018877.5625,0.013141058051660928
2023-11-20 13:00:00,1018877.875,0.013141058051660928
2023-11-20 14:00:00,1018877.9375,0.013141058051660928
2023-11-20 15:00:00,1018878.125,0.013141058051660928
2023-11-20 16:00:00,1018878.25,0.013141058051660928
2023-11-20 17:00:00,1018878.375,0.013141058051660928
2023-11-20 18:00:00,1018878.5,0.013141058051660928
2023-11-20 19:00:00,1018878.625,0.013141058051660928
2023-11-20 20:00:00,1018878.9375,0.013141058051660928
2023-11-20 21:00:00,1018879.0625,0.013141058051660928
2023-11-20 22:00:00,1018879.1875,0.013141058051660928
2023-11-20 23:00:00,1018879.3125,0.013141058051660928
2023-11-21 00:00:00,1018879.4375,0.013141058051660928
2023-11-21 01:00:00,1018879.5625,0.013141058051660928
2023-11-21 02:00:00,1018879.6875,0.013141058051660928
2023-11-21 03:00:00,1018879.875,0.013141058051660928
2023-11-21 04:00:00,1018880.0625,0.013141058051660928
2023-11-21 05:00:00,1018880.1875,0.013141058051660928
2023-11-21 06:00:00,1018880.375,0.013141058051660928
2023-11-21 07:00:00,1018880.4375,0.013141058051660928
2023-11-21 08:00:00,1018880.625,0.013141058051660928
2023-11-21 09:00:00,1018880.75,0.013141058051660928
2023-11-21 10:00:00,1018880.9375,0.013141058051660928
2023-11-21 11:00:00,1018881.0,0.013141058051660928
2023-11-21 12:00:00,1018881.1875,0.013141058051660928
2023-11-21 13:00:00,1018881.375,0.013141058051660928
2023-11-21 14:00:00,1018881.5,0.013141058051660928
2023-11-21 15:00:00,1018881.5625,0.013141058051660928
2023-11-21 16:00:00,1018881.75,0.013141058051660928
2023-11-21 17:00:00,1018881.875,0.013141058051660928
2023-11-21 18:00:00,1018882.0,0.013141058051660928
2023-11-21 19:00:00,1018882.25,0.013141058051660928
2023-11-21 20:00:00,1018882.3125,0.013141058051660928
2023-11-21 21:00:00,1018882.375,0.013141058051660928
2023-11-21 22:00:00,1018882.5625,0.013141058051660928
2023-11-21 23:00:00,1018882.75,0.013141058051660928
2023-11-22 00:00:00,1018882.8125,0.013141058051660928
2023-11-22 01:00:00,1018883.0,0.013141058051660928
2023-11-22 02:00:00,1018883.0625,0.013141058051660928
2023-11-22 03:00:00,1018883.25,0.013141058051660928
2023-11-22 04:00:00,1018883.375,0.013141058051660928
2023-11-22 05:00:00,1018883.5625,0.013141058051660928
2023-11-22 06:00:00,1018883.6875,0.013141058051660928
2023-11-22 07:00:00,1018883.8125,0.013141058051660928
2023-11-22 08:00:00,1018883.9375,0.013141058051660928
2023-11-22 09:00:00,1018884.0625,0.013141058051660928
2023-11-22 10:00:00,1018884.1875,0.013141058051660928
2023-11-22 11:00:00,1018884.5,0.013141058051660928
2023-11-22 12:00:00,1018884.625,0.013141058051660928
2023-11-22 13:00:00,1018884.6875,0.013141058051660928
2023-11-22 14:00:00,1018884.875,0.013141058051660928
2023-11-22 15:00:00,1018884.9375,0.013141058051660928
2023-11-22 16:00:00,1018885.125,0.013141058051660928
2023-11-22 17:00:00,1018885.3125,0.013141058051660928
2023-11-22 18:00:00,1018885.5625,0.013141058051660928
2023-11-22 19:00:00,1018885.5625,0.013141058051660928
2023-11-22 20:00:00,1018885.6875,0.013141058051660928
2023-11-22 21:00:00,1018885.9375,0.013141058051660928
2023-11-22 22:00:00,1018886.0,0.013141058051660928
2023-11-22 23:00:00,1018886.1875,0.013141058051660928
2023-11-23 00:00:00,1018886.375,0.013141058051660928
2023-11-23 01:00:00,1018886.4375,0.013141058051660928
2023-11-23 02:00:00,1018886.75,0.013141058051660928
2023-11-23 03:00:00,1018886.875,0.013141058051660928
2023-11-23 04:00:00,1018887.0,0.013141058051660928
2023-11-23 05:00:00,1018887.125,0.013141058051660928
2023-11-23 06:00:00,1018887.25,0.013141058051660928
2023-11-23 07:00:00,1018887.4375,0.013141058051660928
2023-11-23 08:00:00,1018887.625,0.013141058051660928
2023-11-23 09:00:00,1018887.8125,0.013141058051660928
2023-11-23 10:00:00,1018887.9375,0.013141058051660928
2023-11-23 11:00:00,1018888.0625,0.013141058051660928
2023-11-23 12:00:00,1018888.1875,0.013141058051660928
2023-11-23 13:00:00,1018888.3125,0.013141058051660928
2023-11-23 14:00:00,1018888.5,0.013141058051660928
2023-11-23 15:00:00,1018888.625,0.013141058051660928
2023-11-23 16:00:00,1018888.8125,0.013141058051660928
2023-11-23 17:00:00,1018889.0,0.013141058051660928
2023-11-23 18:00:00,1018889.125,0.013141058051660928
2023-11-23 19:00:00,1018889.3125,0.013141058051660928
2023-11-23 20:00:00,1018889.375,0.013141058051660928
2023-11-23 21:00:00,1018889.5625,0.013141058051660928
2023-11-23 22:00:00,1018889.6875,0.013141058051660928
2023-11-23 23:00:00,1018889.8125,0.013141058051660928
2023-11-24 00:00:00,1018890.0625,0.013141058051660928
2023-11-24 01:00:00,1018890.125,0.013141058051660928
2023-11-24 02:00:00,1018890.3125,0.013141058051660928
2023-11-24 03:00:00,1018890.4375,0.013141058051660928
2023-11-24 04:00:00,1018890.5625,0.013141058051660928
2023-11-24 05:00:00,1018890.75,0.013141058051660928
2023-11-24 06:00:00,1018890.875,0.013141058051660928
2023-11-24 07:00:00,1018891.0,0.013141058051660928
2023-11-24 08:00:00,1018891.1875,0.013141058051660928
2023-11-24 09:00:00,1018891.375,0.013141058051660928
2023-11-24 10:00:00,1018891.5,0.013141058051660928
2023-11-24 11:00:00,1018891.625,0.013141058051660928
2023-11-24 12:00:00,1018891.75,0.013141058051660928
2023-11-24 13:00:00,1018891.9375,0.013141058051660928
2023-11-24 14:00:00,1018892.0625,0.013141058051660928
2023-11-24 15:00:00,1018892.1875,0.013141058051660928
2023-11-24 16:00:00,1018892.4375,0.013141058051660928
2023-11-24 17:00:00,1018892.5625,0.013141058051660928
2023-11-24 18:00:00,1018892.6875,0.013141058051660928
2023-11-24 19:00:00,1018892.8125,0.013141058051660928
2023-11-24 20:00:00,1018893.0,0.013141058051660928
2023-11-24 21:00:00,1018893.0625,0.013141058051660928
2023-11-24 22:00:00,1018893.25,0.013141058051660928
2023-11-24 23:00:00,1018893.5,0.013141058051660928
2023-11-25 00:00:00,1018893.625,0.013141058051660928
2023-11-25 01:00:00,1018893.75,0.013141058051660928
2023-11-25 02:00:00,1018894.0,0.013141058051660928
2023-11-25 03:00:00,1018894.125,0.013141058051660928
2023-11-25 04:00:00,1018894.25,0.013141058051660928
2023-11-25 05:00:00,1018894.3125,0.013141058051660928
2023-11-25 06:00:00,1018894.5625,0.013141058051660928
2023-11-25 07:00:00,1018894.75,0.013141058051660928
2023-11-25 08:00:00,1018894.8125,0.013141058051660928
2023-11-25 09:00:00,1018895.0625,0.013141058051660928
2023-11-25 10:00:00,1018895.1875,0.013141058051660928
2023-11-25 11:00:00,1018895.3125,0.013141058051660928
2023-11-25 12:00:00,1018895.4375,0.013141058051660928
2023-11-25 13:00:00,1018895.625,0.013141058051660928
2023-11-25 14:00:00,1018895.75,0.013141058051660928
2023-11-25 15:00:00,1018895.875,0.013141058051660928
2023-11-25 16:00:00,1018896.0625,0.013141058051660928
2023-11-25 17:00:00,1018896.125,0.013141058051660928
2023-11-25 18:00:00,1018896.375,0.013141058051660928
2023-11-25 19:00:00,1018896.4375,0.013141058051660928
2023-11-25 20:00:00,1018896.625,0.013141058051660928
2023-11-25 21:00:00,1018896.8125,0.013141058051660928
2023-11-25 22:00:00,1018896.9375,0.013141058051660928
2023-11-25 23:00:00,1018897.125,0.013141058051660928
2023-11-26 00:00:00,1018897.1875,0.013141058051660928
2023-11-26 01:00:00,1018897.375,0.013141058051660928
2023-11-26 02:00:00,1018897.5,0.013141058051660928
2023-11-26 03:00:00,1018897.625,0.013141058051660928
2023-11-26 04:00:00,1018897.75,0.013141058051660928
2023-11-26 05:00:00,1018897.9375,0.013141058051660928
2023-11-26 06:00:00,1018898.125,0.013141058051660928
2023-11-26 07:00:00,1018898.25,0.013141058051660928
2023-11-26 08:00:00,1018898.4375,0.013141058051660928
2023-11-26 09:00:00,1018898.625,0.013141058051660928
2023-11-26 10:00:00,1018898.6875,0.013141058051660928
2023-11-26 11:00:00,1018898.8125,0.013141058051660928
2023-11-26 12:00:00,1018899.0,0.013141058051660928
2023-11-26 13:00:00,1018899.1875,0.013141058051660928
2023-11-26 14:00:00,1018899.25,0.013141058051660928
2023-11-26 15:00:00,1018899.4375,0.013141058051660928
2023-11-26 16:00:00,1018899.6875,0.013141058051660928
2023-11-26 17:00:00,1018899.6875,0.013141058051660928
2023-11-26 18:00:00,1018899.875,0.013141058051660928
2023-11-26 19:00:00,1018900.125,0.013141058051660928
2023-11-26 20:00:00,1018900.1875,0.013141058051660928
2023-11-26 21:00:00,1018900.3125,0.013141058051660928
2023-11-26 22:00:00,1018900.5,0.013141058051660928
2023-11-26 23:00:00,1018900.625,0.013141058051660928
2023-11-27 00:00:00,1018900.75,0.013141058051660928
2023-11-27 01:00:00,1018901.0,0.013141058051660928
2023-11-27 02:00:00,1018901.125,0.013141058051660928
2023-11-27 03:00:00,1018901.3125,0.013141058051660928
2023-11-27 04:00:00,1018901.4375,0.013141058051660928
2023-11-27 05:00:00,1018901.5625,0.013141058051660928
2023-11-27 06:00:00,1018901.6875,0.013141058051660928
2023-11-27 07:00:00,1018901.8125,0.013141058051660928
2023-11-27 08:00:00,1018902.0,0.013141058051660928
2023-11-27 09:00:00,1018902.125,0.013141058051660928
2023-11-27 10:00:00,1018902.375,0.013141058051660928
2023-11-27 11:00:00,1018902.5,0.013141058051660928
2023-11-27 12:00:00,1018902.625,0.013141058051660928
2023-11-27 13:00:00,1018902.75,0.013141058051660928
2023-11-27 14:00:00,1018902.875,0.013141058051660928
2023-11-27 15:00:00,1018903.0625,0.013141058051660928
2023-11-27 16:00:00,1018903.25,0.013141058051660928
2023-11-27 17:00:00,1018903.375,0.013141058051660928
2023-11-27 18:00:00,1018903.625,0.013141058051660928
2023-11-27 19:00:00,1018903.6875,0.013141058051660928
2023-11-27 20:00:00,1018903.8125,0.013141058051660928
2023-11-27 21:00:00,1018903.9375,0.013141058051660928
2023-11-27 22:00:00,1018904.1875,0.013141058051660928
2023-11-27 23:00:00,1018904.25,0.013141058051660928
2023-11-28 00:00:00,1018904.4375,0.013141058051660928
2023-11-28 01:00:00,1018904.6875,0.013141058051660928
2023-11-28 02:00:00,1018904.75,0.013141058051660928
2023-11-28 03:00:00,1018904.9375,0.013141058051660928
2023-11-28 04:00:00,1018905.125,0.013141058051660928
2023-11-28 05:00:00,1018905.25,0.013141058051660928
2023-11-28 06:00:00,1018905.375,0.013141058051660928
2023-11-28 07:00:00,1018905.5,0.013141058051660928
2023-11-28 08:00:00,1018905.75,0.013141058051660928
2023-11-28 09:00:00,1018905.875,0.013141058051660928
2023-11-28 10:00:00,1018906.0,0.013141058051660928
2023-11-28 11:00:00,1018906.1875,0.013141058051660928
2023-11-28 12:00:00,1018906.3125,0.013141058051660928
2023-11-28 13:00:00,1018906.5,0.013141058051660928
2023-11-28 14:00:00,1018906.625,0.013141058051660928
2023-11-28 15:00:00,1018906.8125,0.013141058051660928
2023-11-28 16:00:00,1018907.0,0.013141058051660928
2023-11-28 17:00:00,1018907.0625,0.013141058051660928
2023-11-28 18:00:00,1018907.25,0.013141058051660928
2023-11-28 19:00:00,1018907.375,0.013141058051660928
2023-11-28 20:00:00,1018907.5,0.013141058051660928
2023-11-28 21:00:00,1018907.625,0.013141058051660928
2023-11-28 22:00:00,1018907.75,0.013141058051660928
2023-11-28 23:00:00,1018908.0625,0.013141058051660928
2023-11-29 00:00:00,1018908.125,0.013141058051660928
2023-11-29 01:00:00,1018908.3125,0.013141058051660928
2023-11-29 02:00:00,1018908.4375,0.013141058051660928
2023-11-29 03:00:00,1018908.625,0.013141058051660928
2023-11-29 04:00:00,1018908.6875,0.013141058051660928
2023-11-29 05:00:00,1018908.8125,0.013141058051660928
2023-11-29 06:00:00,1018909.125,0.013141058051660928
2023-11-29 07:00:00,1018909.125,0.013141058051660928
2023-11-29 08:00:00,1018909.375,0.013141058051660928
2023-11-29 09:00:00,1018909.5,0.013141058051660928
2023-11-29 10:00:00,1018909.625,0.013141058051660928
2023-11-29 11:00:00,1018909.75,0.013141058051660928
2023-11-29 12:00:00,1018909.875,0.013141058051660928
2023-11-29 13:00:00,1018910.0,0.013141058051660928
2023-11-29 14:00:00,1018910.25,0.013141058051660928
2023-11-29 15:00:00,1018910.4375,0.013141058051660928
2023-11-29 16:00:00,1018910.5625,0.013141058051660928
2023-11-29 17:00:00,1018910.6875,0.013141058051660928
2023-11-29 18:00:00,1018910.8125,0.013141058051660928
2023-11-29 19:00:00,1018911.0,0.013141058051660928
2023-11-29 20:00:00,1018911.0625,0.013141058051660928
2023-11-29 21:00:00,1018911.375,0.013141058051660928
2023-11-29 22:00:00,1018911.5,0.013141058051660928
2023-11-29 23:00:00,1018911.625,0.013141058051660928
2023-11-30 00:00:00,1018911.75,0.013141058051660928
2023-11-30 01:00:00,1018911.9375,0.013141058051660928
2023-11-30 02:00:00,1018912.0,0.013141058051660928
2023-11-30 03:00:00,1018912.1875,0.013141058051660928
2023-11-30 04:00:00,1018912.3125,0.013141058051660928
2023-11-30 05:00:00,1018912.5,0.013141058051660928
2023-11-30 06:00:00,1018912.6875,0.013141058051660928
2023-11-30 07:00:00,1018912.75,0.013141058051660928
2023-11-30 08:00:00,1018912.9375,0.013141058051660928
2023-11-30 09:00:00,1018913.0625,0.013141058051660928
2023-11-30 10:00:00,1018913.1875,0.013141058051660928
2023-11-30 11:00:00,1018913.3125,0.013141058051660928
2023-11-30 12:00:00,1018913.5625,0.013141058051660928
2023-11-30 13:00:00,1018913.6875,0.013141058051660928
2023-11-30 14:00:00,1018913.8125,0.013141058051660928
2023-11-30 15:00:00,1018914.0,0.013141058051660928
2023-11-30 16:00:00,1018914.0625,0.013141058051660928
2023-11-30 17:00:00,1018914.25,0.013141058051660928
2023-11-30 18:00:00,1018914.375,0.013141058051660928
2023-11-30 19:00:00,1018914.5,0.013141058051660928
2023-11-30 20:00:00,1018914.6875,0.013141058051660928
2023-11-30 21:00:00,1018914.8125,0.013141058051660928
2023-11-30 22:00:00,1018914.9375,0.013141058051660928
2023-11-30 23:00:00,1018915.0625,0.013141058051660928
2023-12-01 00:00:00,1018915.1875,0.013141058051660928
2023-12-01 01:00:00,1018915.3125,0.013141058051660928
2023-12-01 02:00:00,1018915.5625,0.013141058051660928
2023-12-01 03:00:00,1018915.75,0.013141058051660928
2023-12-01 04:00:00,1018915.875,0.013141058051660928
2023-12-01 05:00:00,1018916.0,0.013141058051660928
2023-12-01 06:00:00,1018916.125,0.013141058051660928
2023-12-01 07:00:00,1018916.1875,0.013141058051660928
2023-12-01 08:00:00,1018916.375,0.013141058051660928
2023-12-01 09:00:00,1018916.5,0.013141058051660928
2023-12-01 10:00:00,1018916.625,0.013141058051660928
2023-12-01 11:00:00,1018916.9375,0.013141058051660928
2023-12-01 12:00:00,1018916.9375,0.013141058051660928
2023-12-01 13:00:00,1018917.1875,0.013141058051660928
2023-12-01 14:00:00,1018917.3125,0.013141058051660928
2023-12-01 15:00:00,1018917.375,0.013141058051660928
2023-12-01 16:00:00,1018917.5625,0.013141058051660928
2023-12-01 17:00:00,1018917.6875,0.013141058051660928
2023-12-01 18:00:00,1018917.75,0.013141058051660928
2023-12-01 19:00:00,1018918.0,0.013141058051660928
2023-12-01 20:00:00,1018918.1875,0.013141058051660928
2023-12-01 21:00:00,1018918.375,0.013141058051660928
2023-12-01 22:00:00,1018918.4375,0.013141058051660928
2023-12-01 23:00:00,1018918.625,0.013141058051660928
2023-12-02 00:00:00,1018918.75,0.013141058051660928
2023-12-02 01:00:00,1018918.875,0.013141058051660928
2023-12-02 02:00:00,1018919.1875,0.013141058051660928
2023-12-02 03:00:00,1018919.1875,0.013141058051660928
2023-12-02 04:00:00,1018919.3125,0.013141058051660928
2023-12-02 05:00:00,1018919.5,0.013141058051660928
2023-12-02 06:00:00,1018919.6875,0.013141058051660928
2023-12-02 07:00:00,1018919.8125,0.013141058051660928
2023-12-02 08:00:00,1018920.0,0.013141058051660928
2023-12-02 09:00:00,1018920.0625,0.013141058051660928
2023-12-02 10:00:00,1018920.3125,0.013141058051660928
2023-12-02 11:00:00,1018920.4375,0.013141058051660928
2023-12-02 12:00:00,1018920.5625,0.013141058051660928
2023-12-02 13:00:00,1018920.75,0.013141058051660928
2023-12-02 14:00:00,1018920.875,0.013141058051660928
2023-12-02 15:00:00,1018921.0625,0.013141058051660928
2023-12-02 16:00:00,1018921.1875,0.013141058051660928
2023-12-02 17:00:00,1018921.375,0.013141058051660928
2023-12-02 18:00:00,1018921.5,0.013141058051660928
2023-12-02 19:00:00,1018921.625,0.013141058051660928
2023-12-02 20:00:00,1018921.8125,0.013141058051660928
2023-12-02 21:00:00,1018922.0,0.013141058051660928
2023-12-02 22:00:00,1018922.125,0.013141058051660928
2023-12-02 23:00:00,1018922.1875,0.013141058051660928
2023-12-03 00:00:00,1018922.375,0.013141058051660928
2023-12-03 01:00:00,1018922.625,0.013141058051660928
2023-12-03 02:00:00,1018922.6875,0.013141058051660928
2023-12-03 03:00:00,1018922.875,0.013141058051660928
2023-12-03 04:00:00,1018923.125,0.013141058051660928
2023-12-03 05:00:00,1018923.125,0.013141058051660928
2023-12-03 06:00:00,1018923.3125,0.013141058051660928
2023-12-03 07:00:00,1018923.5625,0.013141058051660928
2023-12-03 08:00:00,1018923.625,0.013141058051660928
2023-12-03 09:00:00,1018923.75,0.013141058051660928
2023-12-03 10:00:00,1018923.9375,0.013141058051660928
2023-12-03 11:00:00,1018924.0625,0.013141058051660928
2023-12-03 12:00:00,1018924.1875,0.013141058051660928
2023-12-03 13:00:00,1018924.4375,0.013141058051660928
2023-12-03 14:00:00,1018924.5625,0.013141058051660928
2023-12-03 15:00:00,1018924.75,0.013141058051660928
2023-12-03 16:00:00,1018924.875,0.013141058051660928
2023-12-03 17:00:00,1018925.0,0.013141058051660928
2023-12-03 18:00:00,1018925.25,0.013141058051660928
2023-12-03 19:00:00,1018925.25,0.013141058051660928
2023-12-03 20:00:00,1018925.5,0.013141058051660928
2023-12-03 21:00:00,1018925.6875,0.013141058051660928
2023-12-03 22:00:00,1018925.8125,0.013141058051660928
2023-12-03 23:00:00,1018926.0,0.013141058051660928
2023-12-04 00:00:00,1018926.0625,0.013141058051660928
2023-12-04 01:00:00,1018926.25,0.013141058051660928
2023-12-04 02:00:00,1018926.4375,0.013141058051660928
2023-12-04 03:00:00,1018926.5625,0.013141058051660928
2023-12-04 04:00:00,1018926.6875,0.013141058051660928
2023-12-04 05:00:00,1018926.8125,0.013141058051660928
2023-12-04 06:00:00,1018927.0625,0.013141058051660928
2023-12-04 07:00:00,1018927.25,0.013141058051660928
2023-12-04 08:00:00,1018927.375,0.013141058051660928
2023-12-04 09:00:00,1018927.5625,0.013141058051660928
2023-12-04 10:00:00,1018927.625,0.013141058051660928
2023-12-04 11:00:00,1018927.8125,0.013141058051660928
2023-12-04 12:00:00,1018927.9375,0.013141058051660928
2023-12-04 13:00:00,1018928.125,0.013141058051660928
2023-12-04 14:00:00,1018928.3125,0.013141058051660928
2023-12-04 15:00:00,1018928.4375,0.013141058051660928
2023-12-04 16:00:00,1018928.5625,0.013141058051660928
2023-12-04 17:00:00,1018928.75,0.013141058051660928
2023-12-04 18:00:00,1018928.875,0.013141058051660928
2023-12-04 19:00:00,1018929.0,0.013141058051660928
2023-12-04 20:00:00,1018929.1875,0.013141058051660928
2023-12-04 21:00:00,1018929.4375,0.013141058051660928
2023-12-04 22:00:00,1018929.5625,0.013141058051660928
2023-12-04 23:00:00,1018929.6875,0.013141058051660928
2023-12-05 00:00:00,1018929.8125,0.013141058051660928
2023-12-05 01:00:00,1018929.9375,0.013141058051660928
2023-12-05 02:00:00,1018930.125,0.013141058051660928
2023-12-05 03:00:00,1018930.1875,0.013141058051660928
2023-12-05 04:00:00,1018930.4375,0.013141058051660928
2023-12-05 05:00:00,1018930.6875,0.013141058051660928
2023-12-05 06:00:00,1018930.75,0.013141058051660928
2023-12-05 07:00:00,1018930.875,0.013141058051660928
2023-12-05 08:00:00,1018931.0625,0.013141058051660928
2023-12-05 09:00:00,1018931.1875,0.013141058051660928
2023-12-05 10:00:00,1018931.3125,0.013141058051660928
2023-12-05 11:00:00,1018931.5625,0.013141058051660928
2023-12-05 12:00:00,1018931.75,0.013141058051660928
2023-12-05 13:00:00,1018931.8125,0.013141058051660928
2023-12-05 14:00:00,1018932.0,0.013141058051660928
2023-12-05 15:00:00,1018932.125,0.013141058051660928
2023-12-05 16:00:00,1018932.25,0.013141058051660928
2023-12-05 17:00:00,1018932.4375,0.013141058051660928
2023-12-05 18:00:00,1018932.625,0.013141058051660928
2023-12-05 19:00:00,1018932.8125,0.013141058051660928
2023-12-05 20:00:00,1018933.0,0.013141058051660928
2023-12-05 21:00:00,1018933.0625,0.013141058051660928
2023-12-05 22:00:00,1018933.3125,0.013141058051660928
2023-12-05 23:00:00,1018933.4375,0.013141058051660928
2023-12-06 00:00:00,1018933.625,0.013141058051660928
2023-12-06 01:00:00,1018933.6875,0.013141058051660928
2023-12-06 02:00:00,1018933.875,0.013141058051660928
2023-12-06 03:00:00,1018934.125,0.013141058051660928
2023-12-06 04:00:00,1018934.1875,0.013141058051660928
2023-12-06 05:00:00,1018934.375,0.013141058051660928
2023-12-06 06:00:00,1018934.5,0.013141058051660928
2023-12-06 07:00:00,1018934.625,0.013141058051660928
2023-12-06 08:00:00,1018934.875,0.013141058051660928
2023-12-06 09:00:00,1018934.9375,0.013141058051660928
2023-12-06 10:00:00,1018935.1875,0.013141058051660928
2023-12-06 11:00:00,1018935.3125,0.013141058051660928
2023-12-06 12:00:00,1018935.4375,0.013141058051660928
2023-12-06 13:00:00,1018935.6875,0.013141058051660928
2023-12-06 14:00:00,1018935.875,0.013141058051660928
2023-12-06 15:00:00,1018936.0,0.013141058051660928
2023-12-06 16:00:00,1018936.1875,0.013141058051660928
2023-12-06 17:00:00,1018936.3125,0.013141058051660928
2023-12-06 18:00:00,1018936.4375,0.013141058051660928
2023-12-06 19:00:00,1018936.5,0.013141058051660928
2023-12-06 20:00:00,1018936.75,0.013141058051660928
2023-12-06 21:00:00,1018936.875,0.013141058051660928
2023-12-06 22:00:00,1018937.0625,0.013141058051660928
2023-12-06 23:00:00,1018937.25,0.013141058051660928
2023-12-07 00:00:00,1018937.375,0.013141058051660928
2023-12-07 01:00:00,1018937.5625,0.013141058051660928
2023-12-07 02:00:00,1018937.6875,0.013141058051660928
2023-12-07 03:00:00,1018937.8125,0.013141058051660928
2023-12-07 04:00:00,1018938.0,0.013141058051660928
2023-12-07 05:00:00,1018938.125,0.013141058051660928
2023-12-07 06:00:00,1018938.3125,0.013141058051660928
2023-12-07 07:00:00,1018938.4375,0.013141058051660928
2023-12-07 08:00:00,1018938.5625,0.013141058051660928
2023-12-07 09:00:00,1018938.8125,0.013141058051660928
2023-12-07 10:00:00,1018938.9375,0.013141058051660928
2023-12-07 11:00:00,1018939.0625,0.013141058051660928
2023-12-07 12:00:00,1018939.3125,0.013141058051660928
2023-12-07 13:00:00,1018939.4375,0.013141058051660928
2023-12-07 14:00:00,1018939.5625,0.013141058051660928
2023-12-07 15:00:00,1018939.6875,0.013141058051660928
2023-12-07 16:00:00,1018939.875,0.013141058051660928
2023-12-07 17:00:00,1018940.0625,0.013141058051660928
2023-12-07 18:00:00,1018940.1875,0.013141058051660928
2023-12-07 19:00:00,1018940.4375,0.013141058051660928
2023-12-07 20:00:00,1018940.5625,0.013141058051660928
2023-12-07 21:00:00,1018940.6875,0.013141058051660928
2023-12-07 22:00:00,1018940.875,0.013141058051660928
2023-12-07 23:00:00,1018940.9375,0.013141058051660928
2023-12-08 00:00:00,1018941.125,0.013141058051660928
2023-12-08 01:00:00,1018941.3125,0.013141058051660928
2023-12-08 02:00:00,1018941.5,0.013141058051660928
2023-12-08 03:00:00,1018941.6875,0.013141058051660928
2023-12-08 04:00:00,1018941.8125,0.013141058051660928
2023-12-08 05:00:00,1018942.0,0.013141058051660928
2023-12-08 06:00:00,1018942.1875,0.013141058051660928
2023-12-08 07:00:00,1018942.3125,0.013141058051660928
2023-12-08 08:00:00,1018942.4375,0.013141058051660928
2023-12-08 09:00:00,1018942.6875,0.013141058051660928
2023-12-08 10:00:00,1018942.875,0.013141058051660928
2023-12-08 11:00:00,1018943.0,0.013141058051660928
2023-12-08 12:00:00,1018943.125,0.013141058051660928
2023-12-08 13:00:00,1018943.25,0.013141058051660928
2023-12-08 14:00:00,1018943.375,0.013141058051660928
2023-12-08 15:00:00,1018943.6875,0.013141058051660928
2023-12-08 16:00:00,1018943.8125,0.013141058051660928
2023-12-08 17:00:00,1018943.9375,0.013141058051660928
2023-12-08 18:00:00,1018944.0625,0.013141058051660928
2023-12-08 19:00:00,1018944.25,0.013141058051660928
2023-12-08 20:00:00,1018944.375,0.013141058051660928
2023-12-08 21:00:00,1018944.5625,0.013141058051660928
2023-12-08 22:00:00,1018944.6875,0.013141058051660928
2023-12-08 23:00:00,1018944.9375,0.013141058051660928
2023-12-09 00:00:00,1018945.0625,0.013141058051660928
2023-12-09 01:00:00,1018945.125,0.013141058051660928
2023-12-09 02:00:00,1018945.375,0.013141058051660928
2023-12-09 03:00:00,1018945.5,0.013141058051660928
2023-12-09 04:00:00,1018945.625,0.013141058051660928
2023-12-09 05:00:00,1018945.8125,0.013141058051660928
2023-12-09 06:00:00,1018946.0,0.013141058051660928
2023-12-09 07:00:00,1018946.125,0.013141058051660928
2023-12-09 08:00:00,1018946.3125,0.013141058051660928
2023-12-09 09:00:00,1018946.4375,0.013141058051660928
2023-12-09 10:00:00,1018946.625,0.013141058051660928
2023-12-09 11:00:00,1018946.75,0.013141058051660928
2023-12-09 12:00:00,1018946.875,0.013141058051660928
2023-12-09 13:00:00,1018947.125,0.013141058051660928
2023-12-09 14:00:00,1018947.1875,0.013141058051660928
2023-12-09 15:00:00,1018947.4375,0.013141058051660928
2023-12-09 16:00:00,1018947.5625,0.013141058051660928
2023-12-09 17:00:00,1018947.6875,0.013141058051660928
2023-12-09 18:00:00,1018947.8125,0.013141058051660928
2023-12-09 19:00:00,1018948.0,0.013141058051660928
2023-12-09 20:00:00,1018948.1875,0.013141058051660928
2023-12-09 21:00:00,1018948.375,0.013141058051660928
2023-12-09 22:00:00,1018948.4375,0.013141058051660928
2023-12-09 23:00:00,1018948.6875,0.013141058051660928
2023-12-10 00:00:00,1018948.75,0.013141058051660928
2023-12-10 01:00:00,1018948.9375,0.013141058051660928
2023-12-10 02:00:00,1018949.0625,0.013141058051660928
2023-12-10 03:00:00,1018949.1875,0.013141058051660928
2023-12-10 04:00:00,1018949.5,0.013141058051660928
2023-12-10 05:00:00,1018949.5,0.013141058051660928
2023-12-10 06:00:00,1018949.75,0.013141058051660928
2023-12-10 07:00:00,1018949.875,0.013141058051660928
2023-12-10 08:00:00,1018950.0,0.013141058051660928
2023-12-10 09:00:00,1018950.125,0.013141058051660928
2023-12-10 10:00:00,1018950.4375,0.013141058051660928
2023-12-10 11:00:00,1018950.5625,0.013141058051660928
2023-12-10 12:00:00,1018950.6875,0.013141058051660928
2023-12-10 13:00:00,1018950.8125,0.013141058051660928
2023-12-10 14:00:00,1018951.0625,0.013141058051660928
2023-12-10 15:00:00,1018951.0625,0.013141058051660928
2023-12-10 16:00:00,1018951.3125,0.013141058051660928
2023-12-10 17:00:00,1018951.5625,0.013141058051660928
2023-12-10 18:00:00,1018951.625,0.013141058051660928
2023-12-10 19:00:00,1018951.8125,0.013141058051660928
2023-12-10 20:00:00,1018952.0,0.013141058051660928
2023-12-10 21:00:00,1018952.125,0.013141058051660928
2023-12-10 22:00:00,1018952.3125,0.013141058051660928
2023-12-10 23:00:00,1018952.375,0.013141058051660928
2023-12-11 00:00:00,1018952.5625,0.013141058051660928
2023-12-11 01:00:00,1018952.875,0.013141058051660928
2023-12-11 02:00:00,1018952.9375,0.013141058051660928
2023-12-11 03:00:00,1018953.1875,0.013141058051660928
2023-12-11 04:00:00,1018953.3125,0.013141058051660928
2023-12-11 05:00:00,1018953.4375,0.013141058051660928
2023-12-11 06:00:00,1018953.625,0.013141058051660928
2023-12-11 07:00:00,1018953.75,0.013141058051660928
2023-12-11 08:00:00,1018954.0,0.013141058051660928
2023-12-11 09:00:00,1018954.125,0.013141058051660928
2023-12-11 10:00:00,1018954.25,0.013141058051660928
2023-12-11 11:00:00,1018954.4375,0.013141058051660928
2023-12-11 12:00:00,1018954.625,0.013141058051660928
2023-12-11 13:00:00,1018954.75,0.013141058051660928
2023-12-11 14:00:00,1018955.0,0.013141058051660928
2023-12-11 15:00:00,1018955.125,0.013141058051660928
2023-12-11 16:00:00,1018955.3125,0.013141058051660928
2023-12-11 17:00:00,1018955.4375,0.013141058051660928
2023-12-11 18:00:00,1018955.6875,0.013141058051660928
2023-12-11 19:00:00,1018955.75,0.013141058051660928
2023-12-11 20:00:00,1018956.0,0.013141058051660928
2023-12-11 21:00:00,1018956.125,0.013141058051660928
2023-12-11 22:00:00,1018956.25,0.013141058051660928
2023-12-11 23:00:00,1018956.375,0.013141058051660928
2023-12-12 00:00:00,1018956.5625,0.013141058051660928
2023-12-12 01:00:00,1018956.75,0.013141058051660928
2023-12-12 02:00:00,1018956.875,0.013141058051660928
2023-12-12 03:00:00,1018957.0,0.013141058051660928
2023-12-12 04:00:00,1018957.25,0.013141058051660928
2023-12-12 05:00:00,1018957.375,0.013141058051660928
2023-12-12 06:00:00,1018957.5625,0.013141058051660928
2023-12-12 07:00:00,1018957.6875,0.013141058051660928
2023-12-12 08:00:00,1018957.875,0.013141058051660928
2023-12-12 09:00:00,1018958.0625,0.013141058051660928
2023-12-12 10:00:00,1018958.3125,0.013141058051660928
2023-12-12 11:00:00,1018958.375,0.013141058051660928
2023-12-12 12:00:00,1018958.5,0.013141058051660928
2023-12-12 13:00:00,1018958.6875,0.013141058051660928
2023-12-12 14:00:00,1018958.875,0.013141058051660928
2023-12-12 15:00:00,1018959.0625,0.013141058051660928
2023-12-12 16:00:00,1018959.1875,0.013141058051660928
2023-12-12 17:00:00,1018959.4375,0.013141058051660928
2023-12-12 18:00:00,1018959.5625,0.013141058051660928
2023-12-12 19:00:00,1018959.6875,0.013141058051660928
2023-12-12 20:00:00,1018959.9375,0.013141058051660928
2023-12-12 21:00:00,1018960.0625,0.013141058051660928
2023-12-12 22:00:00,1018960.1875,0.013141058051660928
2023-12-12 23:00:00,1018960.5,0.013141058051660928
2023-12-13 00:00:00,1018960.5625,0.013141058051660928
2023-12-13 01:00:00,1018960.75,0.013141058051660928
2023-12-13 02:00:00,1018960.9375,0.013141058051660928
2023-12-13 03:00:00,1018961.0625,0.013141058051660928
2023-12-13 04:00:00,1018961.25,0.013141058051660928
2023-12-13 05:00:00,1018961.375,0.013141058051660928
2023-12-13 06:00:00,1018961.5,0.013141058051660928
2023-12-13 07:00:00,1018961.75,0.013141058051660928
2023-12-13 08:00:00,1018961.9375,0.013141058051660928
2023-12-13 09:00:00,1018962.0625,0.013141058051660928
2023-12-13 10:00:00,1018962.25,0.013141058051660928
2023-12-13 11:00:00,1018962.375,0.013141058051660928
2023-12-13 12:00:00,1018962.5625,0.013141058051660928
2023-12-13 13:00:00,1018962.8125,0.013141058051660928
2023-12-13 14:00:00,1018962.9375,0.013141058051660928
2023-12-13 15:00:00,1018963.0625,0.013141058051660928
2023-12-13 16:00:00,1018963.25,0.013141058051660928
2023-12-13 17:00:00,1018963.375,0.013141058051660928
2023-12-13 18:00:00,1018963.5625,0.013141058051660928
2023-12-13 19:00:00,1018963.8125,0.013141058051660928
2023-12-13 20:00:00,1018963.9375,0.013141058051660928
2023-12-13 21:00:00,1018964.0625,0.013141058051660928
2023-12-13 22:00:00,1018964.25,0.013141058051660928
2023-12-13 23:00:00,1018964.375,0.013141058051660928
2023-12-14 00:00:00,1018964.5625,0.013141058051660928
2023-12-14 01:00:00,1018964.625,0.013141058051660928
2023-12-14 02:00:00,1018964.8125,0.013141058051660928
2023-12-14 03:00:00,1018965.0,0.013141058051660928
2023-12-14 04:00:00,1018965.1875,0.013141058051660928
2023-12-14 05:00:00,1018965.375,0.013141058051660928
2023-12-14 06:00:00,1018965.5,0.013141058051660928
2023-12-14 07:00:00,1018965.625,0.013141058051660928
2023-12-14 08:00:00,1018965.6875,0.013141058051660928
2023-12-14 09:00:00,1018965.875,0.013141058051660928
2023-12-14 10:00:00,1018966.1875,0.013141058051660928
2023-12-14 11:00:00,1018966.1875,0.013141058051660928
2023-12-14 12:00:00,1018966.4375,0.013141058051660928
2023-12-14 13:00:00,1018966.5625,0.013141058051660928
2023-12-14 14:00:00,1018966.6875,0.013141058051660928
2023-12-14 15:00:00,1018966.9375,0.013141058051660928
2023-12-14 16:00:00,1018967.0,0.013141058051660928
2023-12-14 17:00:00,1018967.25,0.013141058051660928
2023-12-14 18:00:00,1018967.375,0.013141058051660928
2023-12-14 19:00:00,1018967.5,0.013141058051660928
2023-12-14 20:00:00,1018967.75,0.013141058051660928
2023-12-14 21:00:00,1018967.875,0.013141058051660928
2023-12-14 22:00:00,1018968.0,0.013141058051660928
2023-12-14 23:00:00,1018968.125,0.013141058051660928
2023-12-15 00:00:00,1018968.375,0.013141058051660928
2023-12-15 01:00:00,1018968.5,0.013141058051660928
2023-12-15 02:00:00,1018968.5625,0.013141058051660928
2023-12-15 03:00:00,1018968.8125,0.013141058051660928
2023-12-15 04:00:00,1018968.9375,0.013141058051660928
2023-12-15 05:00:00,1018969.0625,0.013141058051660928
2023-12-15 06:00:00,1018969.3125,0.013141058051660928
2023-12-15 07:00:00,1018969.5,0.013141058051660928
2023-12-15 08:00:00,1018969.625,0.013141058051660928
2023-12-15 09:00:00,1018969.8125,0.013141058051660928
2023-12-15 10:00:00,1018969.875,0.013141058051660928
2023-12-15 11:00:00,1018970.125,0.013141058051660928
2023-12-15 12:00:00,1018970.1875,0.013141058051660928
2023-12-15 13:00:00,1018970.375,0.013141058051660928
2023-12-15 14:00:00,1018970.625,0.013141058051660928
2023-12-15 15:00:00,1018970.8125,0.013141058051660928
2023-12-15 16:00:00,1018970.9375,0.013141058051660928
2023-12-15 17:00:00,1018971.125,0.013141058051660928
2023-12-15 18:00:00,1018971.1875,0.013141058051660928
2023-12-15 19:00:00,1018971.3125,0.013141058051660928
2023-12-15 20:00:00,1018971.5,0.013141058051660928
2023-12-15 21:00:00,1018971.6875,0.013141058051660928
2023-12-15 22:00:00,1018971.875,0.013141058051660928
2023-12-15 23:00:00,1018972.0,0.013141058051660928
2023-12-16 00:00:00,1018972.1875,0.013141058051660928
2023-12-16 01:00:00,1018972.3125,0.013141058051660928
2023-12-16 02:00:00,1018972.5,0.013141058051660928
2023-12-16 03:00:00,1018972.625,0.013141058051660928
2023-12-16 04:00:00,1018972.8125,0.013141058051660928
2023-12-16 05:00:00,1018973.0,0.013141058051660928
2023-12-16 06:00:00,1018973.1875,0.013141058051660928
2023-12-16 07:00:00,1018973.3125,0.013141058051660928
2023-12-16 08:00:00,1018973.4375,0.013141058051660928
2023-12-16 09:00:00,1018973.5625,0.013141058051660928
2023-12-16 10:00:00,1018973.75,0.013141058051660928
2023-12-16 11:00:00,1018973.9375,0.013141058051660928
2023-12-16 12:00:00,1018974.0625,0.013141058051660928
2023-12-16 13:00:00,1018974.3125,0.013141058051660928
2023-12-16 14:00:00,1018974.5,0.013141058051660928
2023-12-16 15:00:00,1018974.5625,0.013141058051660928
2023-12-16 16:00:00,1018974.75,0.013141058051660928
2023-12-16 17:00:00,1018974.875,0.013141058051660928
2023-12-16 18:00:00,1018975.0625,0.013141058051660928
2023-12-16 19:00:00,1018975.3125,0.013141058051660928
2023-12-16 20:00:00,1018975.375,0.013141058051660928
2023-12-16 21:00:00,1018975.5625,0.013141058051660928
2023-12-16 22:00:00,1018975.6875,0.013141058051660928
2023-12-16 23:00:00,1018975.8125,0.013141058051660928
2023-12-17 00:00:00,1018976.125,0.013141058051660928
2023-12-17 01:00:00,1018976.25,0.013141058051660928
2023-12-17 02:00:00,1018976.375,0.013141058051660928
2023-12-17 03:00:00,1018976.625,0.013141058051660928
2023-12-17 04:00:00,1018976.6875,0.013141058051660928
2023-12-17 05:00:00,1018976.875,0.013141058051660928
2023-12-17 06:00:00,1018977.0,0.013141058051660928
2023-12-17 07:00:00,1018977.125,0.013141058051660928
2023-12-17 08:00:00,1018977.375,0.013141058051660928
2023-12-17 09:00:00,1018977.4375,0.013141058051660928
2023-12-17 10:00:00,1018977.6875,0.013141058051660928
2023-12-17 11:00:00,1018977.875,0.013141058051660928
2023-12-17 12:00:00,1018977.9375,0.013141058051660928
2023-12-17 13:00:00,1018978.125,0.013141058051660928
2023-12-17 14:00:00,1018978.375,0.013141058051660928
2023-12-17 15:00:00,1018978.5,0.013141058051660928
2023-12-17 16:00:00,1018978.6875,0.013141058051660928
2023-12-17 17:00:00,1018978.8125,0.013141058051660928
2023-12-17 18:00:00,1018979.0,0.013141058051660928
2023-12-17 19:00:00,1018979.125,0.013141058051660928
2023-12-17 20:00:00,1018979.25,0.013141058051660928
2023-12-17 21:00:00,1018979.5,0.013141058051660928
2023-12-17 22:00:00,1018979.625,0.013141058051660928
2023-12-17 23:00:00,1018979.8125,0.013141058051660928
2023-12-18 00:00:00,1018980.0,0.013141058051660928
2023-12-18 01:00:00,1018980.0625,0.013141058051660928
2023-12-18 02:00:00,1018980.25,0.013141058051660928
2023-12-18 03:00:00,1018980.5,0.013141058051660928
2023-12-18 04:00:00,1018980.625,0.013141058051660928
2023-12-18 05:00:00,1018980.8125,0.013141058051660928
2023-12-18 06:00:00,1018980.9375,0.013141058051660928
2023-12-18 07:00:00,1018981.0625,0.013141058051660928
2023-12-18 08:00:00,1018981.1875,0.013141058051660928
2023-12-18 09:00:00,1018981.375,0.013141058051660928
2023-12-18 10:00:00,1018981.5625,0.013141058051660928
2023-12-18 11:00:00,1018981.8125,0.013141058051660928
2023-12-18 12:00:00,1018981.9375,0.013141058051660928
2023-12-18 13:00:00,1018982.125,0.013141058051660928
2023-12-18 14:00:00,1018982.25,0.013141058051660928
2023-12-18 15:00:00,1018982.375,0.013141058051660928
2023-12-18 16:00:00,1018982.5625,0.013141058051660928
2023-12-18 17:00:00,1018982.6875,0.013141058051660928
2023-12-18 18:00:00,1018982.9375,0.013141058051660928
2023-12-18 19:00:00,1018983.0625,0.013141058051660928
2023-12-18 20:00:00,1018983.1875,0.013141058051660928
2023-12-18 21:00:00,1018983.375,0.013141058051660928
2023-12-18 22:00:00,1018983.5,0.013141058051660928
2023-12-18 23:00:00,1018983.625,0.013141058051660928
2023-12-19 00:00:00,1018983.9375,0.013141058051660928
2023-12-19 01:00:00,1018984.0625,0.013141058051660928
2023-12-19 02:00:00,1018984.1875,0.013141058051660928
2023-12-19 03:00:00,1018984.3125,0.013141058051660928
2023-12-19 04:00:00,1018984.5625,0.013141058051660928
2023-12-19 05:00:00,1018984.6875,0.013141058051660928
2023-12-19 06:00:00,1018984.8125,0.013141058051660928
2023-12-19 07:00:00,1018984.9375,0.013141058051660928
2023-12-19 08:00:00,1018985.25,0.013141058051660928
2023-12-19 09:00:00,1018985.375,0.013141058051660928
2023-12-19 10:00:00,1018985.5,0.013141058051660928
2023-12-19 11:00:00,1018985.6875,0.013141058051660928
2023-12-19 12:00:00,1018985.8125,0.013141058051660928
2023-12-19 13:00:00,1018986.0,0.013141058051660928
2023-12-19 14:00:00,1018986.1875,0.013141058051660928
2023-12-19 15:00:00,1018986.375,0.013141058051660928
2023-12-19 16:00:00,1018986.5625,0.013141058051660928
2023-12-19 17:00:00,1018986.6875,0.013141058051660928
2023-12-19 18:00:00,1018986.8125,0.013141058051660928
2023-12-19 19:00:00,1018987.0,0.013141058051660928
2023-12-19 20:00:00,1018987.1875,0.013141058051660928
2023-12-19 21:00:00,1018987.375,0.013141058051660928
2023-12-19 22:00:00,1018987.5625,0.013141058051660928
2023-12-19 23:00:00,1018987.6875,0.013141058051660928
2023-12-20 00:00:00,1018987.8125,0.013141058051660928
2023-12-20 01:00:00,1018988.0,0.013141058051660928
2023-12-20 02:00:00,1018988.1875,0.013141058051660928
2023-12-20 03:00:00,1018988.3125,0.013141058051660928
2023-12-20 04:00:00,1018988.5625,0.013141058051660928
2023-12-20 05:00:00,1018988.6875,0.013141058051660928
2023-12-20 06:00:00,1018988.875,0.013141058051660928
2023-12-20 07:00:00,1018989.0,0.013141058051660928
2023-12-20 08:00:00,1018989.125,0.013141058051660928
2023-12-20 09:00:00,1018989.375,0.013141058051660928
2023-12-20 10:00:00,1018989.5625,0.013141058051660928
2023-12-20 11:00:00,1018989.75,0.013141058051660928
2023-12-20 12:00:00,1018989.875,0.013141058051660928
2023-12-20 13:00:00,1018990.125,0.013141058051660928
2023-12-20 14:00:00,1018990.1875,0.013141058051660928
2023-12-20 15:00:00,1018990.375,0.013141058051660928
2023-12-20 16:00:00,1018990.5625,0.013141058051660928
2023-12-20 17:00:00,1018990.75,0.013141058051660928
2023-12-20 18:00:00,1018990.9375,0.013141058051660928
2023-12-20 19:00:00,1018991.0,0.013141058051660928
2023-12-20 20:00:00,1018991.25,0.013141058051660928
2023-12-20 21:00:00,1018991.4375,0.013141058051660928
2023-12-20 22:00:00,1018991.5,0.013141058051660928
2023-12-20 23:00:00,1018991.625,0.013141058051660928
2023-12-21 00:00:00,1018991.875,0.013141058051660928
2023-12-21 01:00:00,1018992.0,0.013141058051660928
2023-12-21 02:00:00,1018992.25,0.013141058051660928
2023-12-21 03:00:00,1018992.3125,0.013141058051660928
2023-12-21 04:00:00,1018992.5,0.013141058051660928
2023-12-21 05:00:00,1018992.625,0.013141058051660928
2023-12-21 06:00:00,1018992.75,0.013141058051660928
2023-12-21 07:00:00,1018993.0625,0.013141058051660928
2023-12-21 08:00:00,1018993.1875,0.013141058051660928
2023-12-21 09:00:00,1018993.3125,0.013141058051660928
2023-12-21 10:00:00,1018993.4375,0.013141058051660928
2023-12-21 11:00:00,1018993.5625,0.013141058051660928
2023-12-21 12:00:00,1018993.75,0.013141058051660928
2023-12-21 13:00:00,1018993.8125,0.013141058051660928
2023-12-21 14:00:00,1018994.125,0.013141058051660928
2023-12-21 15:00:00,1018994.25,0.013141058051660928
2023-12-21 16:00:00,1018994.375,0.013141058051660928
2023-12-21 17:00:00,1018994.625,0.013141058051660928
2023-12-21 18:00:00,1018994.75,0.013141058051660928
2023-12-21 19:00:00,1018994.875,0.013141058051660928
2023-12-21 20:00:00,1018995.125,0.013141058051660928
2023-12-21 21:00:00,1018995.1875,0.013141058051660928
2023-12-21 22:00:00,1018995.375,0.013141058051660928
2023-12-21 23:00:00,1018995.5,0.013141058051660928
2023-12-22 00:00:00,1018995.6875,0.013141058051660928
2023-12-22 01:00:00,1018995.8125,0.013141058051660928
2023-12-22 02:00:00,1018996.0,0.013141058051660928
2023-12-22 03:00:00,1018996.125,0.013141058051660928
2023-12-22 04:00:00,1018996.3125,0.013141058051660928
2023-12-22 05:00:00,1018996.5,0.013141058051660928
2023-12-22 06:00:00,1018996.6875,0.013141058051660928
2023-12-22 07:00:00,1018996.8125,0.013141058051660928
2023-12-22 08:00:00,1018996.9375,0.013141058051660928
2023-12-22 09:00:00,1018997.1875,0.013141058051660928
2023-12-22 10:00:00,1018997.4375,0.013141058051660928
2023-12-22 11:00:00,1018997.5,0.013141058051660928
2023-12-22 12:00:00,1018997.6875,0.013141058051660928
2023-12-22 13:00:00,1018997.8125,0.013141058051660928
2023-12-22 14:00:00,1018997.9375,0.013141058051660928
2023-12-22 15:00:00,1018998.1875,0.013141058051660928
2023-12-22 16:00:00,1018998.25,0.013141058051660928
2023-12-22 17:00:00,1018998.5,0.013141058051660928
2023-12-22 18:00:00,1018998.6875,0.013141058051660928
2023-12-22 19:00:00,1018998.8125,0.013141058051660928
2023-12-22 20:00:00,1018998.9375,0.013141058051660928
2023-12-22 21:00:00,1018999.125,0.013141058051660928
2023-12-22 22:00:00,1018999.25,0.013141058051660928
2023-12-22 23:00:00,1018999.375,0.013141058051660928
2023-12-23 00:00:00,1018999.625,0.013141058051660928
2023-12-23 01:00:00,1018999.8125,0.013141058051660928
2023-12-23 02:00:00,1018999.9375,0.013141058051660928
2023-12-23 03:00:00,1019000.0625,0.013141058051660928
2023-12-23 04:00:00,1019000.3125,0.013141058051660928
2023-12-23 05:00:00,1019000.375,0.013141058051660928
2023-12-23 06:00:00,1019000.5625,0.013141058051660928
2023-12-23 07:00:00,1019000.75,0.013141058051660928
2023-12-23 08:00:00,1019000.9375,0.013141058051660928
2023-12-23 09:00:00,1019001.125,0.013141058051660928
2023-12-23 10:00:00,1019001.25,0.013141058051660928
2023-12-23 11:00:00,1019001.375,0.013141058051660928
2023-12-23 12:00:00,1019001.5625,0.013141058051660928
2023-12-23 13:00:00,1019001.75,0.013141058051660928
2023-12-23 14:00:00,1019001.9375,0.013141058051660928
2023-12-23 15:00:00,1019002.125,0.013141058051660928
2023-12-23 16:00:00,1019002.1875,0.013141058051660928
2023-12-23 17:00:00,1019002.4375,0.013141058051660928
2023-12-23 18:00:00,1019002.5625,0.013141058051660928
2023-12-23 19:00:00,1019002.6875,0.013141058051660928
2023-12-23 20:00:00,1019003.0,0.013141058051660928
2023-12-23 21:00:00,1019003.125,0.013141058051660928
2023-12-23 22:00:00,1019003.25,0.013141058051660928
2023-12-23 23:00:00,1019003.4375,0.013141058051660928
2023-12-24 00:00:00,1019003.5,0.013141058051660928
2023-12-24 01:00:00,1019003.75,0.013141058051660928
2023-12-24 02:00:00,1019003.9375,0.013141058051660928
2023-12-24 03:00:00,1019004.0625,0.013141058051660928
2023-12-24 04:00:00,1019004.25,0.013141058051660928
2023-12-24 05:00:00,1019004.375,0.013141058051660928
2023-12-24 06:00:00,1019004.5625,0.013141058051660928
2023-12-24 07:00:00,1019004.75,0.013141058051660928
2023-12-24 08:00:00,1019004.875,0.013141058051660928
2023-12-24 09:00:00,1019005.0625,0.013141058051660928
2023-12-24 10:00:00,1019005.25,0.013141058051660928
2023-12-24 11:00:00,1019005.5,0.013141058051660928
2023-12-24 12:00:00,1019005.5625,0.013141058051660928
2023-12-24 13:00:00,1019005.75,0.013141058051660928
2023-12-24 14:00:00,1019005.875,0.013141058051660928
2023-12-24 15:00:00,1019006.0625,0.013141058051660928
2023-12-24 16:00:00,1019006.3125,0.013141058051660928
2023-12-24 17:00:00,1019006.4375,0.013141058051660928
2023-12-24 18:00:00,1019006.5625,0.013141058051660928
2023-12-24 19:00:00,1019006.6875,0.013141058051660928
2023-12-24 20:00:00,1019006.875,0.013141058051660928
2023-12-24 21:00:00,1019007.0625,0.013141058051660928
2023-12-24 22:00:00,1019007.25,0.013141058051660928
2023-12-24 23:00:00,1019007.4375,0.013141058051660928
2023-12-25 00:00:00,1019007.625,0.013141058051660928
2023-12-25 01:00:00,1019007.75,0.013141058051660928
2023-12-25 02:00:00,1019007.9375,0.013141058051660928
2023-12-25 03:00:00,1019008.125,0.013141058051660928
2023-12-25 04:00:00,1019008.25,0.013141058051660928
2023-12-25 05:00:00,1019008.5625,0.013141058051660928
2023-12-25 06:00:00,1019008.6875,0.013141058051660928
2023-12-25 07:00:00,1019008.8125,0.013141058051660928
2023-12-25 08:00:00,1019008.9375,0.013141058051660928
2023-12-25 09:00:00,1019009.1875,0.013141058051660928
2023-12-25 10:00:00,1019009.4375,0.013141058051660928
2023-12-25 11:00:00,1019009.5,0.013141058051660928
2023-12-25 12:00:00,1019009.75,0.013141058051660928
2023-12-25 13:00:00,1019009.9375,0.013141058051660928
2023-12-25 14:00:00,1019010.0,0.013141058051660928
2023-12-25 15:00:00,1019010.1875,0.013141058051660928
2023-12-25 16:00:00,1019010.4375,0.013141058051660928
2023-12-25 17:00:00,1019010.5625,0.013141058051660928
2023-12-25 18:00:00,1019010.625,0.013141058051660928
2023-12-25 19:00:00,1019010.9375,0.013141058051660928
2023-12-25 20:00:00,1019011.0625,0.013141058051660928
2023-12-25 21:00:00,1019011.25,0.013141058051660928
2023-12-25 22:00:00,1019011.4375,0.013141058051660928
2023-12-25 23:00:00,1019011.5625,0.013141058051660928
2023-12-26 00:00:00,1019011.75,0.013141058051660928
2023-12-26 01:00:00,1019012.0,0.013141058051660928
2023-12-26 02:00:00,1019012.125,0.013141058051660928
2023-12-26 03:00:00,1019012.3125,0.013141058051660928
2023-12-26 04:00:00,1019012.5,0.013141058051660928
2023-12-26 05:00:00,1019012.625,0.013141058051660928
2023-12-26 06:00:00,1019012.8125,0.013141058051660928
2023-12-26 07:00:00,1019013.0,0.013141058051660928
2023-12-26 08:00:00,1019013.1875,0.013141058051660928
2023-12-26 09:00:00,1019013.375,0.013141058051660928
2023-12-26 10:00:00,1019013.4375,0.013141058051660928
2023-12-26 11:00:00,1019013.625,0.013141058051660928
2023-12-26 12:00:00,1019013.8125,0.013141058051660928
2023-12-26 13:00:00,1019014.0,0.013141058051660928
2023-12-26 14:00:00,1019014.1875,0.013141058051660928
2023-12-26 15:00:00,1019014.3125,0.013141058051660928
2023-12-26 16:00:00,1019014.5,0.013141058051660928
2023-12-26 17:00:00,1019014.625,0.013141058051660928
2023-12-26 18:00:00,1019014.875,0.013141058051660928
2023-12-26 19:00:00,1019014.9375,0.013141058051660928
2023-12-26 20:00:00,1019015.125,0.013141058051660928
2023-12-26 21:00:00,1019015.3125,0.013141058051660928
2023-12-26 22:00:00,1019015.5,0.013141058051660928
2023-12-26 23:00:00,1019015.625,0.013141058051660928
2023-12-27 00:00:00,1019015.8125,0.013141058051660928
2023-12-27 01:00:00,1019016.0,0.013141058051660928
2023-12-27 02:00:00,1019016.1875,0.013141058051660928
2023-12-27 03:00:00,1019016.375,0.013141058051660928
2023-12-27 04:00:00,1019016.5,0.013141058051660928
2023-12-27 05:00:00,1019016.625,0.013141058051660928
2023-12-27 06:00:00,1019016.8125,0.013141058051660928
2023-12-27 07:00:00,1019017.0,0.013141058051660928
2023-12-27 08:00:00,1019017.1875,0.013141058051660928
2023-12-27 09:00:00,1019017.25,0.013141058051660928
2023-12-27 10:00:00,1019017.5625,0.013141058051660928
2023-12-27 11:00:00,1019017.6875,0.013141058051660928
2023-12-27 12:00:00,1019017.8125,0.013141058051660928
2023-12-27 13:00:00,1019018.0625,0.013141058051660928
2023-12-27 14:00:00,1019018.0625,0.013141058051660928
2023-12-27 15:00:00,1019018.3125,0.013141058051660928
2023-12-27 16:00:00,1019018.4375,0.013141058051660928
2023-12-27 17:00:00,1019018.625,0.013141058051660928
2023-12-27 18:00:00,1019018.875,0.013141058051660928
2023-12-27 19:00:00,1019019.0,0.013141058051660928
2023-12-27 20:00:00,1019019.125,0.013141058051660928
2023-12-27 21:00:00,1019019.375,0.013141058051660928
2023-12-27 22:00:00,1019019.5,0.013141058051660928
2023-12-27 23:00:00,1019019.625,0.013141058051660928
2023-12-28 00:00:00,1019019.875,0.013141058051660928
2023-12-28 01:00:00,1019020.0625,0.013141058051660928
2023-12-28 02:00:00,1019020.1875,0.013141058051660928
2023-12-28 03:00:00,1019020.375,0.013141058051660928
2023-12-28 04:00:00,1019020.5,0.013141058051660928
2023-12-28 05:00:00,1019020.6875,0.013141058051660928
2023-12-28 06:00:00,1019020.9375,0.013141058051660928
2023-12-28 07:00:00,1019021.125,0.013141058051660928
2023-12-28 08:00:00,1019021.25,0.013141058051660928
2023-12-28 09:00:00,1019021.4375,0.013141058051660928
2023-12-28 10:00:00,1019021.625,0.013141058051660928
2023-12-28 11:00:00,1019021.75,0.013141058051660928
2023-12-28 12:00:00,1019022.0,0.013141058051660928
2023-12-28 13:00:00,1019022.1875,0.013141058051660928
2023-12-28 14:00:00,1019022.3125,0.013141058051660928
2023-12-28 15:00:00,1019022.5,0.013141058051660928
2023-12-28 16:00:00,1019022.625,0.013141058051660928
2023-12-28 17:00:00,1019022.8125,0.013141058051660928
2023-12-28 18:00:00,1019023.0625,0.013141058051660928
2023-12-28 19:00:00,1019023.25,0.013141058051660928
2023-12-28 20:00:00,1019023.4375,0.013141058051660928
2023-12-28 21:00:00,1019023.5625,0.013141058051660928
2023-12-28 22:00:00,1019023.6875,0.013141058051660928
2023-12-28 23:00:00,1019023.875,0.013141058051660928
2023-12-29 00:00:00,1019024.0,0.013141058051660928
2023-12-29 01:00:00,1019024.25,0.013141058051660928
2023-12-29 02:00:00,1019024.4375,0.013141058051660928
2023-12-29 03:00:00,1019024.5625,0.013141058051660928
2023-12-29 04:00:00,1019024.75,0.013141058051660928
2023-12-29 05:00:00,1019024.9375,0.013141058051660928
2023-12-29 06:00:00,1019025.0625,0.013141058051660928
2023-12-29 07:00:00,1019025.1875,0.013141058051660928
2023-12-29 08:00:00,1019025.4375,0.013141058051660928
2023-12-29 09:00:00,1019025.625,0.013141058051660928
2023-12-29 10:00:00,1019025.75,0.013141058051660928
2023-12-29 11:00:00,1019025.875,0.013141058051660928
2023-12-29 12:00:00,1019026.0625,0.013141058051660928
2023-12-29 13:00:00,1019026.25,0.013141058051660928
2023-12-29 14:00:00,1019026.4375,0.013141058051660928
2023-12-29 15:00:00,1019026.625,0.013141058051660928
2023-12-29 16:00:00,1019026.8125,0.013141058051660928
2023-12-29 17:00:00,1019026.9375,0.013141058051660928
2023-12-29 18:00:00,1019027.0625,0.013141058051660928
2023-12-29 19:00:00,1019027.1875,0.013141058051660928
2023-12-29 20:00:00,1019027.4375,0.013141058051660928
2023-12-29 21:00:00,1019027.625,0.013141058051660928
2023-12-29 22:00:00,1019027.8125,0.013141058051660928
2023-12-29 23:00:00,1019027.9375,0.013141058051660928
2023-12-30 00:00:00,1019028.125,0.013141058051660928
2023-12-30 01:00:00,1019028.25,0.013141058051660928
2023-12-30 02:00:00,1019028.375,0.013141058051660928
2023-12-30 03:00:00,1019028.6875,0.013141058051660928
2023-12-30 04:00:00,1019028.8125,0.013141058051660928
2023-12-30 05:00:00,1019028.9375,0.013141058051660928
2023-12-30 06:00:00,1019029.125,0.013141058051660928
2023-12-30 07:00:00,1019029.25,0.013141058051660928
2023-12-30 08:00:00,1019029.375,0.013141058051660928
2023-12-30 09:00:00,1019029.5625,0.013141058051660928
2023-12-30 10:00:00,1019029.6875,0.013141058051660928
2023-12-30 11:00:00,1019029.875,0.013141058051660928
2023-12-30 12:00:00,1019030.0625,0.013141058051660928
2023-12-30 13:00:00,1019030.1875,0.013141058051660928
2023-12-30 14:00:00,1019030.375,0.013141058051660928
2023-12-30 15:00:00,1019030.5625,0.013141058051660928
2023-12-30 16:00:00,1019030.6875,0.013141058051660928
2023-12-30 17:00:00,1019030.8125,0.013141058051660928
2023-12-30 18:00:00,1019031.0625,0.013141058051660928
2023-12-30 19:00:00,1019031.1875,0.013141058051660928
2023-12-30 20:00:00,1019031.375,0.013141058051660928
2023-12-30 21:00:00,1019031.5625,0.013141058051660928
2023-12-30 22:00:00,1019031.6875,0.013141058051660928
2023-12-30 23:00:00,1019031.8125,0.013141058051660928
2023-12-31 00:00:00,1019032.0625,0.013141058051660928
2023-12-31 01:00:00,1019032.1875,0.013141058051660928
2023-12-31 02:00:00,1019032.375,0.013141058051660928
2023-12-31 03:00:00,1019032.5,0.013141058051660928
2023-12-31 04:00:00,1019032.6875,0.013141058051660928
2023-12-31 05:00:00,1019032.875,0.013141058051660928
2023-12-31 06:00:00,1019032.9375,0.013141058051660928
2023-12-31 07:00:00,1019033.1875,0.013141058051660928
2023-12-31 08:00:00,1019033.375,0.013141058051660928
2023-12-31 09:00:00,1019033.5,0.013141058051660928
2023-12-31 10:00:00,1019033.6875,0.013141058051660928
2023-12-31 11:00:00,1019033.8125,0.013141058051660928
2023-12-31 12:00:00,1019033.9375,0.013141058051660928
2023-12-31 13:00:00,1019034.25,0.013141058051660928
2023-12-31 14:00:00,1019034.375,0.013141058051660928
2023-12-31 15:00:00,1019034.5,0.013141058051660928
2023-12-31 16:00:00,1019034.875,0.013141058051660928
2023-12-31 17:00:00,1019035.0625,0.013141058051660928
2023-12-31 18:00:00,1019035.4375,0.013141058051660928
2023-12-31 19:00:00,1019035.75,0.013141058051660928
2023-12-31 20:00:00,1019035.9375,0.013141058051660928
2023-12-31 21:00:00,1019036.1875,0.013141058051660928
2023-12-31 22:00:00,1019036.5625,0.013141058051660928
2023-12-31 23:00:00,1019036.8125,0.013141058051660928
