date,meter_urn,measurement,anomaly_hours,anomaly_count,max_z_score,value_change_ratio,target_mean,baseline_mean
2023-03-03,H1.W11,P,"['2023-03-03 01:00:00+00:00', '2023-03-03 02:00:00+00:00', '2023-03-03 03:00:00+00:00', '2023-03-03 04:00:00+00:00', '2023-03-03 06:00:00+00:00', '2023-03-03 07:00:00+00:00', '2023-03-03 08:00:00+00:00', '2023-03-03 17:00:00+00:00', '2023-03-03 22:00:00+00:00']",9,5.006,0.6476,481023.611,291955.333
2023-03-03,H4.Z50,P2,"['2023-03-03 09:00:00+00:00', '2023-03-03 10:00:00+00:00']",2,4.964,0.5107,1525.12,1009.569
2023-03-03,H4.Z50,I2,"['2023-03-03 09:00:00+00:00', '2023-03-03 10:00:00+00:00']",2,4.945,0.4699,7.192,4.893
2023-03-03,H4.ZE50,P2,"['2023-03-03 09:00:00+00:00', '2023-03-03 10:00:00+00:00', '2023-03-03 11:00:00+00:00']",3,4.848,0.5445,1168.787,756.732
2023-03-03,H1.Z22,P2,"['2023-03-03 10:00:00+00:00', '2023-03-03 11:00:00+00:00', '2023-03-03 12:00:00+00:00']",3,4.827,2.4964,4.613,1.319
2023-03-03,H4.ZE50,I2,"['2023-03-03 09:00:00+00:00', '2023-03-03 10:00:00+00:00', '2023-03-03 11:00:00+00:00']",3,4.799,0.4958,5.444,3.639
2023-03-03,H1.Z10,I2,"['2023-03-03 12:00:00+00:00', '2023-03-03 13:00:00+00:00']",2,4.797,0.1737,10.322,8.794
2023-03-03,H1.Z10,P2,"['2023-03-03 12:00:00+00:00', '2023-03-03 13:00:00+00:00']",2,4.712,0.1431,2117.62,1852.462
2023-03-03,H1.K15,Tdiff,"['2023-03-03 00:00:00+00:00', '2023-03-03 01:00:00+00:00', '2023-03-03 02:00:00+00:00', '2023-03-03 03:00:00+00:00', '2023-03-03 04:00:00+00:00', '2023-03-03 05:00:00+00:00', '2023-03-03 06:00:00+00:00', '2023-03-03 07:00:00+00:00', '2023-03-03 08:00:00+00:00', '2023-03-03 09:00:00+00:00', '2023-03-03 10:00:00+00:00', '2023-03-03 11:00:00+00:00', '2023-03-03 12:00:00+00:00', '2023-03-03 13:00:00+00:00', '2023-03-03 14:00:00+00:00', '2023-03-03 15:00:00+00:00', '2023-03-03 16:00:00+00:00', '2023-03-03 17:00:00+00:00', '2023-03-03 18:00:00+00:00', '2023-03-03 19:00:00+00:00', '2023-03-03 20:00:00+00:00', '2023-03-03 21:00:00+00:00', '2023-03-03 22:00:00+00:00', '2023-03-03 23:00:00+00:00']",24,4.711,0.4852,-10759.184,-7244.478
2023-03-03,H1.K15,Tvl,"['2023-03-03 00:00:00+00:00', '2023-03-03 01:00:00+00:00', '2023-03-03 02:00:00+00:00', '2023-03-03 03:00:00+00:00', '2023-03-03 04:00:00+00:00', '2023-03-03 05:00:00+00:00', '2023-03-03 06:00:00+00:00', '2023-03-03 07:00:00+00:00', '2023-03-03 08:00:00+00:00', '2023-03-03 09:00:00+00:00', '2023-03-03 10:00:00+00:00', '2023-03-03 11:00:00+00:00', '2023-03-03 12:00:00+00:00', '2023-03-03 13:00:00+00:00', '2023-03-03 14:00:00+00:00', '2023-03-03 15:00:00+00:00', '2023-03-03 16:00:00+00:00', '2023-03-03 17:00:00+00:00', '2023-03-03 18:00:00+00:00', '2023-03-03 19:00:00+00:00', '2023-03-03 20:00:00+00:00', '2023-03-03 21:00:00+00:00']",22,4.612,0.2073,9.818,8.132
2023-03-03,H3.Z47,I1,"['2023-03-03 08:00:00+00:00', '2023-03-03 10:00:00+00:00', '2023-03-03 11:00:00+00:00', '2023-03-03 12:00:00+00:00', '2023-03-03 13:00:00+00:00', '2023-03-03 14:00:00+00:00', '2023-03-03 15:00:00+00:00', '2023-03-03 16:00:00+00:00']",8,4.596,0.3005,11.353,8.73
2023-03-03,H2.Z67,P3,"['2023-03-03 00:00:00+00:00', '2023-03-03 02:00:00+00:00', '2023-03-03 03:00:00+00:00', '2023-03-03 04:00:00+00:00', '2023-03-03 05:00:00+00:00', '2023-03-03 06:00:00+00:00', '2023-03-03 07:00:00+00:00', '2023-03-03 08:00:00+00:00', '2023-03-03 10:00:00+00:00', '2023-03-03 11:00:00+00:00', '2023-03-03 12:00:00+00:00', '2023-03-03 13:00:00+00:00', '2023-03-03 14:00:00+00:00', '2023-03-03 15:00:00+00:00', '2023-03-03 16:00:00+00:00', '2023-03-03 17:00:00+00:00', '2023-03-03 19:00:00+00:00', '2023-03-03 20:00:00+00:00', '2023-03-03 21:00:00+00:00', '2023-03-03 22:00:00+00:00', '2023-03-03 23:00:00+00:00']",21,4.485,12.4496,1270.214,94.443
2023-03-03,H2.T.Z30,I2,"['2023-03-03 09:00:00+00:00', '2023-03-03 10:00:00+00:00', '2023-03-03 11:00:00+00:00']",3,4.411,0.4378,28.07,19.524
2023-03-03,H3.Z47,P1,"['2023-03-03 08:00:00+00:00', '2023-03-03 10:00:00+00:00', '2023-03-03 11:00:00+00:00', '2023-03-03 12:00:00+00:00', '2023-03-03 13:00:00+00:00', '2023-03-03 15:00:00+00:00', '2023-03-03 16:00:00+00:00']",7,4.337,0.5304,2103.591,1374.554
2023-03-03,H1.K15,Trl,"['2023-03-03 00:00:00+00:00', '2023-03-03 01:00:00+00:00', '2023-03-03 02:00:00+00:00', '2023-03-03 03:00:00+00:00', '2023-03-03 04:00:00+00:00', '2023-03-03 05:00:00+00:00', '2023-03-03 06:00:00+00:00', '2023-03-03 07:00:00+00:00', '2023-03-03 08:00:00+00:00', '2023-03-03 09:00:00+00:00', '2023-03-03 10:00:00+00:00', '2023-03-03 11:00:00+00:00', '2023-03-03 12:00:00+00:00', '2023-03-03 13:00:00+00:00', '2023-03-03 14:00:00+00:00', '2023-03-03 15:00:00+00:00', '2023-03-03 16:00:00+00:00', '2023-03-03 17:00:00+00:00', '2023-03-03 18:00:00+00:00', '2023-03-03 19:00:00+00:00', '2023-03-03 20:00:00+00:00', '2023-03-03 21:00:00+00:00', '2023-03-03 22:00:00+00:00', '2023-03-03 23:00:00+00:00']",24,4.323,0.3409,20.555,15.329
2023-03-03,H1.Z14,P3,"['2023-03-03 00:00:00+00:00', '2023-03-03 01:00:00+00:00', '2023-03-03 02:00:00+00:00', '2023-03-03 03:00:00+00:00', '2023-03-03 04:00:00+00:00', '2023-03-03 05:00:00+00:00', '2023-03-03 06:00:00+00:00', '2023-03-03 07:00:00+00:00', '2023-03-03 08:00:00+00:00', '2023-03-03 09:00:00+00:00', '2023-03-03 10:00:00+00:00', '2023-03-03 11:00:00+00:00', '2023-03-03 12:00:00+00:00', '2023-03-03 13:00:00+00:00', '2023-03-03 14:00:00+00:00', '2023-03-03 15:00:00+00:00', '2023-03-03 16:00:00+00:00', '2023-03-03 17:00:00+00:00', '2023-03-03 18:00:00+00:00', '2023-03-03 19:00:00+00:00', '2023-03-03 20:00:00+00:00', '2023-03-03 21:00:00+00:00', '2023-03-03 22:00:00+00:00', '2023-03-03 23:00:00+00:00']",24,4.32,2.4178,2750.311,804.695
2023-03-03,H1.Z13,P3,"['2023-03-03 00:00:00+00:00', '2023-03-03 01:00:00+00:00', '2023-03-03 02:00:00+00:00', '2023-03-03 03:00:00+00:00', '2023-03-03 04:00:00+00:00', '2023-03-03 05:00:00+00:00', '2023-03-03 06:00:00+00:00', '2023-03-03 07:00:00+00:00', '2023-03-03 08:00:00+00:00', '2023-03-03 09:00:00+00:00', '2023-03-03 10:00:00+00:00', '2023-03-03 11:00:00+00:00', '2023-03-03 12:00:00+00:00', '2023-03-03 13:00:00+00:00', '2023-03-03 14:00:00+00:00', '2023-03-03 15:00:00+00:00', '2023-03-03 16:00:00+00:00', '2023-03-03 17:00:00+00:00', '2023-03-03 18:00:00+00:00', '2023-03-03 19:00:00+00:00', '2023-03-03 20:00:00+00:00', '2023-03-03 21:00:00+00:00', '2023-03-03 22:00:00+00:00', '2023-03-03 23:00:00+00:00']",24,4.318,2.4708,2915.322,839.961
2023-03-03,H1.Z13,P1,"['2023-03-03 00:00:00+00:00', '2023-03-03 01:00:00+00:00', '2023-03-03 02:00:00+00:00', '2023-03-03 03:00:00+00:00', '2023-03-03 04:00:00+00:00', '2023-03-03 05:00:00+00:00', '2023-03-03 06:00:00+00:00', '2023-03-03 07:00:00+00:00', '2023-03-03 08:00:00+00:00', '2023-03-03 09:00:00+00:00', '2023-03-03 10:00:00+00:00', '2023-03-03 11:00:00+00:00', '2023-03-03 12:00:00+00:00', '2023-03-03 13:00:00+00:00', '2023-03-03 14:00:00+00:00', '2023-03-03 15:00:00+00:00', '2023-03-03 16:00:00+00:00', '2023-03-03 17:00:00+00:00', '2023-03-03 18:00:00+00:00', '2023-03-03 19:00:00+00:00', '2023-03-03 20:00:00+00:00', '2023-03-03 21:00:00+00:00', '2023-03-03 22:00:00+00:00', '2023-03-03 23:00:00+00:00']",24,4.277,2.7062,2737.126,738.527
2023-03-03,H1.Z14,P1,"['2023-03-03 00:00:00+00:00', '2023-03-03 01:00:00+00:00', '2023-03-03 02:00:00+00:00', '2023-03-03 03:00:00+00:00', '2023-03-03 04:00:00+00:00', '2023-03-03 05:00:00+00:00', '2023-03-03 06:00:00+00:00', '2023-03-03 07:00:00+00:00', '2023-03-03 08:00:00+00:00', '2023-03-03 09:00:00+00:00', '2023-03-03 10:00:00+00:00', '2023-03-03 11:00:00+00:00', '2023-03-03 12:00:00+00:00', '2023-03-03 13:00:00+00:00', '2023-03-03 14:00:00+00:00', '2023-03-03 15:00:00+00:00', '2023-03-03 16:00:00+00:00', '2023-03-03 17:00:00+00:00', '2023-03-03 18:00:00+00:00', '2023-03-03 19:00:00+00:00', '2023-03-03 20:00:00+00:00', '2023-03-03 21:00:00+00:00', '2023-03-03 22:00:00+00:00', '2023-03-03 23:00:00+00:00']",24,4.272,2.5844,2592.392,723.235
2023-03-03,H1.Z14,P,"['2023-03-03 00:00:00+00:00', '2023-03-03 01:00:00+00:00', '2023-03-03 02:00:00+00:00', '2023-03-03 03:00:00+00:00', '2023-03-03 04:00:00+00:00', '2023-03-03 05:00:00+00:00', '2023-03-03 06:00:00+00:00', '2023-03-03 07:00:00+00:00', '2023-03-03 08:00:00+00:00', '2023-03-03 09:00:00+00:00', '2023-03-03 10:00:00+00:00', '2023-03-03 11:00:00+00:00', '2023-03-03 12:00:00+00:00', '2023-03-03 13:00:00+00:00', '2023-03-03 14:00:00+00:00', '2023-03-03 15:00:00+00:00', '2023-03-03 16:00:00+00:00', '2023-03-03 17:00:00+00:00', '2023-03-03 18:00:00+00:00', '2023-03-03 19:00:00+00:00', '2023-03-03 20:00:00+00:00', '2023-03-03 21:00:00+00:00', '2023-03-03 22:00:00+00:00', '2023-03-03 23:00:00+00:00']",24,4.262,2.3737,7982.788,2366.209
2023-03-03,H1.Z13,P,"['2023-03-03 00:00:00+00:00', '2023-03-03 01:00:00+00:00', '2023-03-03 02:00:00+00:00', '2023-03-03 03:00:00+00:00', '2023-03-03 04:00:00+00:00', '2023-03-03 05:00:00+00:00', '2023-03-03 06:00:00+00:00', '2023-03-03 07:00:00+00:00', '2023-03-03 08:00:00+00:00', '2023-03-03 09:00:00+00:00', '2023-03-03 10:00:00+00:00', '2023-03-03 11:00:00+00:00', '2023-03-03 12:00:00+00:00', '2023-03-03 13:00:00+00:00', '2023-03-03 14:00:00+00:00', '2023-03-03 15:00:00+00:00', '2023-03-03 16:00:00+00:00', '2023-03-03 17:00:00+00:00', '2023-03-03 18:00:00+00:00', '2023-03-03 19:00:00+00:00', '2023-03-03 20:00:00+00:00', '2023-03-03 21:00:00+00:00', '2023-03-03 22:00:00+00:00', '2023-03-03 23:00:00+00:00']",24,4.256,2.4331,8471.043,2467.472
2023-03-03,H1.Z14,P2,"['2023-03-03 00:00:00+00:00', '2023-03-03 01:00:00+00:00', '2023-03-03 02:00:00+00:00', '2023-03-03 03:00:00+00:00', '2023-03-03 04:00:00+00:00', '2023-03-03 05:00:00+00:00', '2023-03-03 06:00:00+00:00', '2023-03-03 07:00:00+00:00', '2023-03-03 08:00:00+00:00', '2023-03-03 09:00:00+00:00', '2023-03-03 10:00:00+00:00', '2023-03-03 11:00:00+00:00', '2023-03-03 12:00:00+00:00', '2023-03-03 13:00:00+00:00', '2023-03-03 14:00:00+00:00', '2023-03-03 15:00:00+00:00', '2023-03-03 16:00:00+00:00', '2023-03-03 17:00:00+00:00', '2023-03-03 18:00:00+00:00', '2023-03-03 19:00:00+00:00', '2023-03-03 20:00:00+00:00', '2023-03-03 21:00:00+00:00', '2023-03-03 22:00:00+00:00', '2023-03-03 23:00:00+00:00']",24,4.255,2.2087,2689.535,838.208
2023-03-03,H2.T.Z30,P2,"['2023-03-03 09:00:00+00:00', '2023-03-03 10:00:00+00:00']",2,4.245,0.4942,6144.858,4112.404
2023-03-03,H1.Z13,P2,"['2023-03-03 00:00:00+00:00', '2023-03-03 01:00:00+00:00', '2023-03-03 02:00:00+00:00', '2023-03-03 03:00:00+00:00', '2023-03-03 04:00:00+00:00', '2023-03-03 05:00:00+00:00', '2023-03-03 06:00:00+00:00', '2023-03-03 07:00:00+00:00', '2023-03-03 08:00:00+00:00', '2023-03-03 09:00:00+00:00', '2023-03-03 10:00:00+00:00', '2023-03-03 11:00:00+00:00', '2023-03-03 12:00:00+00:00', '2023-03-03 13:00:00+00:00', '2023-03-03 14:00:00+00:00', '2023-03-03 15:00:00+00:00', '2023-03-03 16:00:00+00:00', '2023-03-03 17:00:00+00:00', '2023-03-03 18:00:00+00:00', '2023-03-03 19:00:00+00:00', '2023-03-03 20:00:00+00:00', '2023-03-03 21:00:00+00:00', '2023-03-03 22:00:00+00:00', '2023-03-03 23:00:00+00:00']",24,4.24,2.2269,2868.567,888.944
2023-03-03,H1.Z10,I3,"['2023-03-03 12:00:00+00:00', '2023-03-03 13:00:00+00:00']",2,4.134,0.175,10.319,8.782
2023-03-03,H1.Z10,Q,"['2023-03-03 12:00:00+00:00', '2023-03-03 13:00:00+00:00']",2,4.001,0.3334,-573.998,-861.096
2023-03-03,H1.Z13,I1,"['2023-03-03 06:00:00+00:00', '2023-03-03 07:00:00+00:00', '2023-03-03 08:00:00+00:00', '2023-03-03 09:00:00+00:00', '2023-03-03 10:00:00+00:00', '2023-03-03 11:00:00+00:00', '2023-03-03 12:00:00+00:00', '2023-03-03 13:00:00+00:00', '2023-03-03 14:00:00+00:00', '2023-03-03 15:00:00+00:00', '2023-03-03 16:00:00+00:00', '2023-03-03 17:00:00+00:00', '2023-03-03 18:00:00+00:00', '2023-03-03 21:00:00+00:00']",14,3.945,2.2864,18.274,5.56
2023-03-03,H1.Z14,I1,"['2023-03-03 06:00:00+00:00', '2023-03-03 07:00:00+00:00', '2023-03-03 08:00:00+00:00', '2023-03-03 09:00:00+00:00', '2023-03-03 10:00:00+00:00', '2023-03-03 11:00:00+00:00', '2023-03-03 12:00:00+00:00', '2023-03-03 13:00:00+00:00', '2023-03-03 14:00:00+00:00', '2023-03-03 15:00:00+00:00', '2023-03-03 16:00:00+00:00', '2023-03-03 17:00:00+00:00', '2023-03-03 21:00:00+00:00']",13,3.926,2.2211,17.44,5.414
2023-03-03,H4.ZE50,P,"['2023-03-03 09:00:00+00:00', '2023-03-03 10:00:00+00:00']",2,3.917,0.2576,3755.54,2986.209
2023-03-03,H1.Z13,I2,"['2023-03-03 06:00:00+00:00', '2023-03-03 07:00:00+00:00', '2023-03-03 08:00:00+00:00', '2023-03-03 09:00:00+00:00', '2023-03-03 10:00:00+00:00', '2023-03-03 11:00:00+00:00', '2023-03-03 12:00:00+00:00', '2023-03-03 13:00:00+00:00', '2023-03-03 14:00:00+00:00', '2023-03-03 15:00:00+00:00', '2023-03-03 16:00:00+00:00', '2023-03-03 17:00:00+00:00']",12,3.888,1.9388,18.829,6.407
2023-03-03,H1.Z13,I3,"['2023-03-03 06:00:00+00:00', '2023-03-03 07:00:00+00:00', '2023-03-03 08:00:00+00:00', '2023-03-03 09:00:00+00:00', '2023-03-03 10:00:00+00:00', '2023-03-03 11:00:00+00:00', '2023-03-03 12:00:00+00:00', '2023-03-03 13:00:00+00:00', '2023-03-03 14:00:00+00:00', '2023-03-03 15:00:00+00:00', '2023-03-03 16:00:00+00:00', '2023-03-03 17:00:00+00:00']",12,3.887,2.0928,19.073,6.167
2023-03-03,H1.Z14,I2,"['2023-03-03 06:00:00+00:00', '2023-03-03 07:00:00+00:00', '2023-03-03 08:00:00+00:00', '2023-03-03 09:00:00+00:00', '2023-03-03 10:00:00+00:00', '2023-03-03 11:00:00+00:00', '2023-03-03 12:00:00+00:00', '2023-03-03 13:00:00+00:00', '2023-03-03 14:00:00+00:00', '2023-03-03 15:00:00+00:00', '2023-03-03 16:00:00+00:00', '2023-03-03 17:00:00+00:00']",12,3.882,1.9127,17.923,6.154
2023-03-03,H1.Z10,P3,"['2023-03-03 12:00:00+00:00', '2023-03-03 13:00:00+00:00']",2,3.875,0.1415,2161.379,1893.437
2023-03-03,H1.Z14,I3,"['2023-03-03 06:00:00+00:00', '2023-03-03 07:00:00+00:00', '2023-03-03 08:00:00+00:00', '2023-03-03 09:00:00+00:00', '2023-03-03 10:00:00+00:00', '2023-03-03 11:00:00+00:00', '2023-03-03 12:00:00+00:00', '2023-03-03 13:00:00+00:00', '2023-03-03 14:00:00+00:00', '2023-03-03 15:00:00+00:00', '2023-03-03 16:00:00+00:00', '2023-03-03 17:00:00+00:00']",12,3.867,2.054,18.014,5.898
2023-03-03,H4.Z50,P,"['2023-03-03 09:00:00+00:00', '2023-03-03 10:00:00+00:00']",2,3.857,0.227,4892.571,3987.551
2023-03-03,H2.Z67,Q,"['2023-03-03 00:00:00+00:00', '2023-03-03 01:00:00+00:00', '2023-03-03 02:00:00+00:00', '2023-03-03 04:00:00+00:00', '2023-03-03 05:00:00+00:00', '2023-03-03 06:00:00+00:00', '2023-03-03 07:00:00+00:00', '2023-03-03 09:00:00+00:00', '2023-03-03 11:00:00+00:00', '2023-03-03 12:00:00+00:00', '2023-03-03 15:00:00+00:00', '2023-03-03 16:00:00+00:00', '2023-03-03 17:00:00+00:00', '2023-03-03 18:00:00+00:00', '2023-03-03 19:00:00+00:00', '2023-03-03 20:00:00+00:00', '2023-03-03 21:00:00+00:00', '2023-03-03 22:00:00+00:00', '2023-03-03 23:00:00+00:00']",19,3.83,10.0218,2531.542,229.684
2023-03-03,H2.Z67,P2,"['2023-03-03 00:00:00+00:00', '2023-03-03 01:00:00+00:00', '2023-03-03 02:00:00+00:00', '2023-03-03 04:00:00+00:00', '2023-03-03 05:00:00+00:00', '2023-03-03 06:00:00+00:00', '2023-03-03 07:00:00+00:00', '2023-03-03 08:00:00+00:00', '2023-03-03 09:00:00+00:00', '2023-03-03 10:00:00+00:00', '2023-03-03 11:00:00+00:00', '2023-03-03 12:00:00+00:00', '2023-03-03 13:00:00+00:00', '2023-03-03 14:00:00+00:00', '2023-03-03 15:00:00+00:00', '2023-03-03 16:00:00+00:00', '2023-03-03 17:00:00+00:00', '2023-03-03 18:00:00+00:00', '2023-03-03 19:00:00+00:00', '2023-03-03 20:00:00+00:00', '2023-03-03 21:00:00+00:00', '2023-03-03 22:00:00+00:00']",22,3.792,11.5143,1104.543,88.263
2023-03-03,H2.Z67,P,"['2023-03-03 00:00:00+00:00', '2023-03-03 01:00:00+00:00', '2023-03-03 02:00:00+00:00', '2023-03-03 04:00:00+00:00', '2023-03-03 05:00:00+00:00', '2023-03-03 06:00:00+00:00', '2023-03-03 07:00:00+00:00', '2023-03-03 08:00:00+00:00', '2023-03-03 09:00:00+00:00', '2023-03-03 10:00:00+00:00', '2023-03-03 11:00:00+00:00', '2023-03-03 12:00:00+00:00', '2023-03-03 14:00:00+00:00', '2023-03-03 15:00:00+00:00', '2023-03-03 16:00:00+00:00', '2023-03-03 17:00:00+00:00', '2023-03-03 18:00:00+00:00', '2023-03-03 19:00:00+00:00', '2023-03-03 20:00:00+00:00', '2023-03-03 21:00:00+00:00', '2023-03-03 22:00:00+00:00']",21,3.76,10.8174,3318.448,280.811
2023-03-03,H1.Z22,Q,"['2023-03-03 10:00:00+00:00', '2023-03-03 11:00:00+00:00', '2023-03-03 12:00:00+00:00']",3,3.729,1.1203,-0.201,1.672
2023-03-03,H2.Z67,P1,"['2023-03-03 00:00:00+00:00', '2023-03-03 01:00:00+00:00', '2023-03-03 02:00:00+00:00', '2023-03-03 04:00:00+00:00', '2023-03-03 05:00:00+00:00', '2023-03-03 06:00:00+00:00', '2023-03-03 07:00:00+00:00', '2023-03-03 08:00:00+00:00', '2023-03-03 09:00:00+00:00', '2023-03-03 10:00:00+00:00', '2023-03-03 11:00:00+00:00', '2023-03-03 12:00:00+00:00', '2023-03-03 13:00:00+00:00', '2023-03-03 14:00:00+00:00', '2023-03-03 15:00:00+00:00', '2023-03-03 16:00:00+00:00', '2023-03-03 17:00:00+00:00', '2023-03-03 18:00:00+00:00', '2023-03-03 19:00:00+00:00', '2023-03-03 20:00:00+00:00', '2023-03-03 21:00:00+00:00', '2023-03-03 22:00:00+00:00']",22,3.718,9.6625,1101.346,103.291
2023-03-03,H1.Z17,I2,"['2023-03-03 10:00:00+00:00', '2023-03-03 11:00:00+00:00', '2023-03-03 12:00:00+00:00', '2023-03-03 13:00:00+00:00']",4,3.705,0.5746,74.835,47.528
2023-03-03,H4.ZE50,I1,"['2023-03-03 09:00:00+00:00', '2023-03-03 10:00:00+00:00']",2,3.667,0.1987,7.293,6.084
2023-03-03,H2.ZE67,P3,"['2023-03-03 00:00:00+00:00', '2023-03-03 01:00:00+00:00', '2023-03-03 06:00:00+00:00', '2023-03-03 07:00:00+00:00', '2023-03-03 09:00:00+00:00', '2023-03-03 10:00:00+00:00', '2023-03-03 11:00:00+00:00', '2023-03-03 12:00:00+00:00', '2023-03-03 13:00:00+00:00', '2023-03-03 14:00:00+00:00', '2023-03-03 15:00:00+00:00', '2023-03-03 16:00:00+00:00', '2023-03-03 17:00:00+00:00', '2023-03-03 18:00:00+00:00', '2023-03-03 19:00:00+00:00', '2023-03-03 20:00:00+00:00', '2023-03-03 21:00:00+00:00', '2023-03-03 22:00:00+00:00', '2023-03-03 23:00:00+00:00']",19,3.628,11.2144,1236.388,101.223
2023-03-03,H4.ZE50,P1,"['2023-03-03 09:00:00+00:00', '2023-03-03 10:00:00+00:00']",2,3.627,0.2108,1560.651,1288.894
2023-03-03,H3.Z49,P3,"['2023-03-03 08:00:00+00:00', '2023-03-03 11:00:00+00:00', '2023-03-03 12:00:00+00:00', '2023-03-03 13:00:00+00:00', '2023-03-03 16:00:00+00:00']",5,3.594,2.6071,353.486,97.997
2023-03-03,H3.Z49,P2,"['2023-03-03 08:00:00+00:00', '2023-03-03 09:00:00+00:00', '2023-03-03 10:00:00+00:00', '2023-03-03 11:00:00+00:00', '2023-03-03 12:00:00+00:00', '2023-03-03 13:00:00+00:00', '2023-03-03 16:00:00+00:00']",7,3.564,2.2979,366.37,111.093
2023-03-03,H4.Z50,I1,"['2023-03-03 09:00:00+00:00', '2023-03-03 10:00:00+00:00']",2,3.564,0.1686,9.517,8.144
2023-03-03,H3.Z49,P,"['2023-03-03 08:00:00+00:00', '2023-03-03 10:00:00+00:00', '2023-03-03 11:00:00+00:00', '2023-03-03 12:00:00+00:00', '2023-03-03 16:00:00+00:00']",5,3.563,2.4899,1035.871,296.818
2023-03-03,H2.ZE67,P,"['2023-03-03 00:00:00+00:00', '2023-03-03 01:00:00+00:00', '2023-03-03 02:00:00+00:00', '2023-03-03 04:00:00+00:00', '2023-03-03 05:00:00+00:00', '2023-03-03 06:00:00+00:00', '2023-03-03 07:00:00+00:00', '2023-03-03 09:00:00+00:00', '2023-03-03 10:00:00+00:00', '2023-03-03 11:00:00+00:00', '2023-03-03 12:00:00+00:00', '2023-03-03 13:00:00+00:00', '2023-03-03 14:00:00+00:00', '2023-03-03 15:00:00+00:00', '2023-03-03 16:00:00+00:00', '2023-03-03 17:00:00+00:00', '2023-03-03 18:00:00+00:00', '2023-03-03 19:00:00+00:00', '2023-03-03 20:00:00+00:00', '2023-03-03 21:00:00+00:00', '2023-03-03 22:00:00+00:00', '2023-03-03 23:00:00+00:00']",22,3.542,10.654,3240.422,278.051
2023-03-03,H2.ZE67,P1,"['2023-03-03 00:00:00+00:00', '2023-03-03 01:00:00+00:00', '2023-03-03 02:00:00+00:00', '2023-03-03 04:00:00+00:00', '2023-03-03 05:00:00+00:00', '2023-03-03 06:00:00+00:00', '2023-03-03 07:00:00+00:00', '2023-03-03 09:00:00+00:00', '2023-03-03 10:00:00+00:00', '2023-03-03 11:00:00+00:00', '2023-03-03 12:00:00+00:00', '2023-03-03 13:00:00+00:00', '2023-03-03 14:00:00+00:00', '2023-03-03 15:00:00+00:00', '2023-03-03 16:00:00+00:00', '2023-03-03 17:00:00+00:00', '2023-03-03 18:00:00+00:00', '2023-03-03 19:00:00+00:00', '2023-03-03 20:00:00+00:00', '2023-03-03 21:00:00+00:00', '2023-03-03 22:00:00+00:00', '2023-03-03 23:00:00+00:00']",22,3.536,9.2725,1066.909,103.861
2023-03-03,H4.Z50,P1,"['2023-03-03 09:00:00+00:00', '2023-03-03 10:00:00+00:00']",2,3.529,0.1767,2022.408,1718.745
2023-03-03,H3.Z49,P1,"['2023-03-03 08:00:00+00:00', '2023-03-03 10:00:00+00:00', '2023-03-03 11:00:00+00:00', '2023-03-03 12:00:00+00:00', '2023-03-03 13:00:00+00:00', '2023-03-03 16:00:00+00:00']",6,3.523,2.7255,327.319,87.859
2023-03-03,H2.ZE67,P2,"['2023-03-03 00:00:00+00:00', '2023-03-03 01:00:00+00:00', '2023-03-03 02:00:00+00:00', '2023-03-03 04:00:00+00:00', '2023-03-03 05:00:00+00:00', '2023-03-03 06:00:00+00:00', '2023-03-03 07:00:00+00:00', '2023-03-03 09:00:00+00:00', '2023-03-03 10:00:00+00:00', '2023-03-03 11:00:00+00:00', '2023-03-03 12:00:00+00:00', '2023-03-03 13:00:00+00:00', '2023-03-03 14:00:00+00:00', '2023-03-03 15:00:00+00:00', '2023-03-03 16:00:00+00:00', '2023-03-03 17:00:00+00:00', '2023-03-03 18:00:00+00:00', '2023-03-03 19:00:00+00:00', '2023-03-03 20:00:00+00:00', '2023-03-03 21:00:00+00:00', '2023-03-03 22:00:00+00:00', '2023-03-03 23:00:00+00:00']",22,3.514,11.4288,1070.172,86.104
2023-03-03,H1.Z17,P2,"['2023-03-03 11:00:00+00:00', '2023-03-03 12:00:00+00:00', '2023-03-03 13:00:00+00:00']",3,3.513,0.5014,15741.79,10484.404
2023-03-03,H1.Z13,Q,"['2023-03-03 06:00:00+00:00', '2023-03-03 07:00:00+00:00', '2023-03-03 08:00:00+00:00', '2023-03-03 09:00:00+00:00', '2023-03-03 10:00:00+00:00', '2023-03-03 11:00:00+00:00', '2023-03-03 12:00:00+00:00', '2023-03-03 14:00:00+00:00', '2023-03-03 15:00:00+00:00', '2023-03-03 16:00:00+00:00', '2023-03-03 17:00:00+00:00']",11,3.51,1.8928,9549.463,3301.162
2023-03-03,H3.Z49,I2,"['2023-03-03 08:00:00+00:00', '2023-03-03 10:00:00+00:00', '2023-03-03 11:00:00+00:00', '2023-03-03 12:00:00+00:00', '2023-03-03 13:00:00+00:00', '2023-03-03 16:00:00+00:00']",6,3.485,1.2889,2.294,1.002
2023-03-03,H1.Z14,Q,"['2023-03-03 06:00:00+00:00', '2023-03-03 07:00:00+00:00', '2023-03-03 08:00:00+00:00', '2023-03-03 09:00:00+00:00', '2023-03-03 10:00:00+00:00', '2023-03-03 11:00:00+00:00', '2023-03-03 12:00:00+00:00', '2023-03-03 14:00:00+00:00', '2023-03-03 15:00:00+00:00', '2023-03-03 16:00:00+00:00', '2023-03-03 17:00:00+00:00']",11,3.474,1.8742,9134.253,3177.977
2023-03-03,H1.Z17,I3,"['2023-03-03 10:00:00+00:00', '2023-03-03 11:00:00+00:00', '2023-03-03 12:00:00+00:00', '2023-03-03 13:00:00+00:00']",4,3.385,0.6528,68.1,41.203
2023-03-03,H2.ZE66,I1,"['2023-03-03 00:00:00+00:00', '2023-03-03 01:00:00+00:00', '2023-03-03 02:00:00+00:00', '2023-03-03 03:00:00+00:00', '2023-03-03 04:00:00+00:00', '2023-03-03 05:00:00+00:00', '2023-03-03 06:00:00+00:00', '2023-03-03 07:00:00+00:00', '2023-03-03 08:00:00+00:00', '2023-03-03 09:00:00+00:00', '2023-03-03 10:00:00+00:00', '2023-03-03 11:00:00+00:00', '2023-03-03 12:00:00+00:00', '2023-03-03 13:00:00+00:00', '2023-03-03 14:00:00+00:00', '2023-03-03 15:00:00+00:00', '2023-03-03 16:00:00+00:00', '2023-03-03 17:00:00+00:00', '2023-03-03 18:00:00+00:00', '2023-03-03 19:00:00+00:00', '2023-03-03 20:00:00+00:00', '2023-03-03 21:00:00+00:00', '2023-03-03 22:00:00+00:00', '2023-03-03 23:00:00+00:00']",24,3.354,0.9866,0.09,6.754
2023-03-03,H2.ZE66,I2,"['2023-03-03 00:00:00+00:00', '2023-03-03 01:00:00+00:00', '2023-03-03 02:00:00+00:00', '2023-03-03 03:00:00+00:00', '2023-03-03 04:00:00+00:00', '2023-03-03 05:00:00+00:00', '2023-03-03 06:00:00+00:00', '2023-03-03 07:00:00+00:00', '2023-03-03 08:00:00+00:00', '2023-03-03 09:00:00+00:00', '2023-03-03 10:00:00+00:00', '2023-03-03 11:00:00+00:00', '2023-03-03 12:00:00+00:00', '2023-03-03 13:00:00+00:00', '2023-03-03 14:00:00+00:00', '2023-03-03 15:00:00+00:00', '2023-03-03 16:00:00+00:00', '2023-03-03 17:00:00+00:00', '2023-03-03 18:00:00+00:00', '2023-03-03 19:00:00+00:00', '2023-03-03 20:00:00+00:00', '2023-03-03 21:00:00+00:00', '2023-03-03 22:00:00+00:00', '2023-03-03 23:00:00+00:00']",24,3.35,0.9868,0.089,6.712
2023-03-03,H2.ZE66,P1,"['2023-03-03 00:00:00+00:00', '2023-03-03 01:00:00+00:00', '2023-03-03 02:00:00+00:00', '2023-03-03 03:00:00+00:00', '2023-03-03 04:00:00+00:00', '2023-03-03 05:00:00+00:00', '2023-03-03 06:00:00+00:00', '2023-03-03 07:00:00+00:00', '2023-03-03 08:00:00+00:00', '2023-03-03 09:00:00+00:00', '2023-03-03 10:00:00+00:00', '2023-03-03 11:00:00+00:00', '2023-03-03 12:00:00+00:00', '2023-03-03 13:00:00+00:00', '2023-03-03 14:00:00+00:00', '2023-03-03 15:00:00+00:00', '2023-03-03 16:00:00+00:00', '2023-03-03 17:00:00+00:00', '2023-03-03 18:00:00+00:00', '2023-03-03 19:00:00+00:00', '2023-03-03 20:00:00+00:00', '2023-03-03 21:00:00+00:00', '2023-03-03 22:00:00+00:00', '2023-03-03 23:00:00+00:00']",24,3.347,0.9857,17.651,1237.38
2023-03-03,H2.ZE66,P,"['2023-03-03 00:00:00+00:00', '2023-03-03 01:00:00+00:00', '2023-03-03 02:00:00+00:00', '2023-03-03 03:00:00+00:00', '2023-03-03 04:00:00+00:00', '2023-03-03 05:00:00+00:00', '2023-03-03 06:00:00+00:00', '2023-03-03 07:00:00+00:00', '2023-03-03 08:00:00+00:00', '2023-03-03 09:00:00+00:00', '2023-03-03 10:00:00+00:00', '2023-03-03 11:00:00+00:00', '2023-03-03 12:00:00+00:00', '2023-03-03 13:00:00+00:00', '2023-03-03 14:00:00+00:00', '2023-03-03 15:00:00+00:00', '2023-03-03 16:00:00+00:00', '2023-03-03 17:00:00+00:00', '2023-03-03 18:00:00+00:00', '2023-03-03 19:00:00+00:00', '2023-03-03 20:00:00+00:00', '2023-03-03 21:00:00+00:00', '2023-03-03 22:00:00+00:00', '2023-03-03 23:00:00+00:00']",24,3.339,0.9946,20.345,3763.363
2023-03-03,H2.Z66,Q,"['2023-03-03 00:00:00+00:00', '2023-03-03 01:00:00+00:00', '2023-03-03 02:00:00+00:00', '2023-03-03 03:00:00+00:00', '2023-03-03 04:00:00+00:00', '2023-03-03 05:00:00+00:00', '2023-03-03 06:00:00+00:00', '2023-03-03 07:00:00+00:00', '2023-03-03 08:00:00+00:00', '2023-03-03 09:00:00+00:00', '2023-03-03 10:00:00+00:00', '2023-03-03 11:00:00+00:00', '2023-03-03 12:00:00+00:00', '2023-03-03 13:00:00+00:00', '2023-03-03 14:00:00+00:00', '2023-03-03 15:00:00+00:00', '2023-03-03 16:00:00+00:00', '2023-03-03 17:00:00+00:00', '2023-03-03 18:00:00+00:00', '2023-03-03 19:00:00+00:00', '2023-03-03 20:00:00+00:00', '2023-03-03 21:00:00+00:00', '2023-03-03 22:00:00+00:00', '2023-03-03 23:00:00+00:00']",24,3.336,0.9914,24.129,2801.35
2023-03-03,H2.ZE66,P2,"['2023-03-03 00:00:00+00:00', '2023-03-03 01:00:00+00:00', '2023-03-03 02:00:00+00:00', '2023-03-03 03:00:00+00:00', '2023-03-03 04:00:00+00:00', '2023-03-03 05:00:00+00:00', '2023-03-03 06:00:00+00:00', '2023-03-03 07:00:00+00:00', '2023-03-03 08:00:00+00:00', '2023-03-03 09:00:00+00:00', '2023-03-03 10:00:00+00:00', '2023-03-03 11:00:00+00:00', '2023-03-03 12:00:00+00:00', '2023-03-03 13:00:00+00:00', '2023-03-03 14:00:00+00:00', '2023-03-03 15:00:00+00:00', '2023-03-03 16:00:00+00:00', '2023-03-03 17:00:00+00:00', '2023-03-03 18:00:00+00:00', '2023-03-03 19:00:00+00:00', '2023-03-03 20:00:00+00:00', '2023-03-03 21:00:00+00:00', '2023-03-03 22:00:00+00:00', '2023-03-03 23:00:00+00:00']",24,3.335,0.9978,2.695,1244.154
2023-03-03,H2.Z66,P1,"['2023-03-03 00:00:00+00:00', '2023-03-03 01:00:00+00:00', '2023-03-03 02:00:00+00:00', '2023-03-03 03:00:00+00:00', '2023-03-03 04:00:00+00:00', '2023-03-03 05:00:00+00:00', '2023-03-03 06:00:00+00:00', '2023-03-03 07:00:00+00:00', '2023-03-03 08:00:00+00:00', '2023-03-03 09:00:00+00:00', '2023-03-03 10:00:00+00:00', '2023-03-03 11:00:00+00:00', '2023-03-03 12:00:00+00:00', '2023-03-03 13:00:00+00:00', '2023-03-03 14:00:00+00:00', '2023-03-03 15:00:00+00:00', '2023-03-03 16:00:00+00:00', '2023-03-03 17:00:00+00:00', '2023-03-03 18:00:00+00:00', '2023-03-03 19:00:00+00:00', '2023-03-03 20:00:00+00:00', '2023-03-03 21:00:00+00:00', '2023-03-03 22:00:00+00:00', '2023-03-03 23:00:00+00:00']",24,3.312,0.9852,18.518,1250.826
2023-03-03,H2.T.Z30,P,"['2023-03-03 09:00:00+00:00', '2023-03-03 10:00:00+00:00']",2,3.309,0.3181,18189.076,13799.372
2023-03-03,H2.Z66,P,"['2023-03-03 00:00:00+00:00', '2023-03-03 01:00:00+00:00', '2023-03-03 02:00:00+00:00', '2023-03-03 03:00:00+00:00', '2023-03-03 04:00:00+00:00', '2023-03-03 05:00:00+00:00', '2023-03-03 06:00:00+00:00', '2023-03-03 07:00:00+00:00', '2023-03-03 08:00:00+00:00', '2023-03-03 09:00:00+00:00', '2023-03-03 10:00:00+00:00', '2023-03-03 11:00:00+00:00', '2023-03-03 12:00:00+00:00', '2023-03-03 13:00:00+00:00', '2023-03-03 14:00:00+00:00', '2023-03-03 15:00:00+00:00', '2023-03-03 16:00:00+00:00', '2023-03-03 17:00:00+00:00', '2023-03-03 18:00:00+00:00', '2023-03-03 19:00:00+00:00', '2023-03-03 20:00:00+00:00', '2023-03-03 21:00:00+00:00', '2023-03-03 22:00:00+00:00', '2023-03-03 23:00:00+00:00']",24,3.308,0.9944,21.169,3799.528
2023-03-03,H2.Z66,P2,"['2023-03-03 00:00:00+00:00', '2023-03-03 01:00:00+00:00', '2023-03-03 02:00:00+00:00', '2023-03-03 03:00:00+00:00', '2023-03-03 04:00:00+00:00', '2023-03-03 05:00:00+00:00', '2023-03-03 06:00:00+00:00', '2023-03-03 07:00:00+00:00', '2023-03-03 08:00:00+00:00', '2023-03-03 09:00:00+00:00', '2023-03-03 10:00:00+00:00', '2023-03-03 11:00:00+00:00', '2023-03-03 12:00:00+00:00', '2023-03-03 13:00:00+00:00', '2023-03-03 14:00:00+00:00', '2023-03-03 15:00:00+00:00', '2023-03-03 16:00:00+00:00', '2023-03-03 17:00:00+00:00', '2023-03-03 18:00:00+00:00', '2023-03-03 19:00:00+00:00', '2023-03-03 20:00:00+00:00', '2023-03-03 21:00:00+00:00', '2023-03-03 22:00:00+00:00', '2023-03-03 23:00:00+00:00']",24,3.291,0.9977,2.95,1258.714
2023-03-03,H2.ZE66,P3,"['2023-03-03 00:00:00+00:00', '2023-03-03 01:00:00+00:00', '2023-03-03 02:00:00+00:00', '2023-03-03 03:00:00+00:00', '2023-03-03 04:00:00+00:00', '2023-03-03 05:00:00+00:00', '2023-03-03 06:00:00+00:00', '2023-03-03 07:00:00+00:00', '2023-03-03 08:00:00+00:00', '2023-03-03 09:00:00+00:00', '2023-03-03 10:00:00+00:00', '2023-03-03 11:00:00+00:00', '2023-03-03 12:00:00+00:00', '2023-03-03 13:00:00+00:00', '2023-03-03 14:00:00+00:00', '2023-03-03 15:00:00+00:00', '2023-03-03 16:00:00+00:00', '2023-03-03 17:00:00+00:00', '2023-03-03 18:00:00+00:00', '2023-03-03 19:00:00+00:00', '2023-03-03 20:00:00+00:00', '2023-03-03 21:00:00+00:00', '2023-03-03 22:00:00+00:00', '2023-03-03 23:00:00+00:00']",24,3.29,1.0,-0.001,1347.017
2023-03-03,H3.Z49,Q,"['2023-03-03 08:00:00+00:00', '2023-03-03 16:00:00+00:00']",2,3.288,0.3885,-173.406,-283.597
2023-03-03,H1.Z17,I1,"['2023-03-03 11:00:00+00:00', '2023-03-03 12:00:00+00:00', '2023-03-03 13:00:00+00:00']",3,3.28,0.3739,75.089,54.654
2023-03-03,H2.T.Z30,I3,"['2023-03-03 09:00:00+00:00', '2023-03-03 10:00:00+00:00']",2,3.273,0.2895,30.293,23.492
2023-03-03,H2.ZE66,I3,"['2023-03-03 00:00:00+00:00', '2023-03-03 01:00:00+00:00', '2023-03-03 02:00:00+00:00', '2023-03-03 03:00:00+00:00', '2023-03-03 04:00:00+00:00', '2023-03-03 05:00:00+00:00', '2023-03-03 06:00:00+00:00', '2023-03-03 07:00:00+00:00', '2023-03-03 08:00:00+00:00', '2023-03-03 09:00:00+00:00', '2023-03-03 10:00:00+00:00', '2023-03-03 11:00:00+00:00', '2023-03-03 12:00:00+00:00', '2023-03-03 13:00:00+00:00', '2023-03-03 14:00:00+00:00', '2023-03-03 15:00:00+00:00', '2023-03-03 16:00:00+00:00', '2023-03-03 17:00:00+00:00', '2023-03-03 18:00:00+00:00', '2023-03-03 19:00:00+00:00', '2023-03-03 20:00:00+00:00', '2023-03-03 21:00:00+00:00', '2023-03-03 22:00:00+00:00', '2023-03-03 23:00:00+00:00']",24,3.265,1.0,0.0,6.422
2023-03-03,H1.Z17,P,"['2023-03-03 12:00:00+00:00', '2023-03-03 13:00:00+00:00']",2,3.247,0.4414,45760.323,31747.325
2023-03-03,H2.T.Z30,P3,"['2023-03-03 09:00:00+00:00', '2023-03-03 10:00:00+00:00']",2,3.237,0.3053,6810.719,5217.601
2023-03-03,H2.Z66,I2,"['2023-03-03 00:00:00+00:00', '2023-03-03 01:00:00+00:00', '2023-03-03 02:00:00+00:00', '2023-03-03 03:00:00+00:00', '2023-03-03 04:00:00+00:00', '2023-03-03 05:00:00+00:00', '2023-03-03 06:00:00+00:00', '2023-03-03 07:00:00+00:00', '2023-03-03 08:00:00+00:00', '2023-03-03 09:00:00+00:00', '2023-03-03 10:00:00+00:00', '2023-03-03 11:00:00+00:00', '2023-03-03 12:00:00+00:00', '2023-03-03 13:00:00+00:00', '2023-03-03 14:00:00+00:00', '2023-03-03 15:00:00+00:00', '2023-03-03 16:00:00+00:00', '2023-03-03 17:00:00+00:00', '2023-03-03 18:00:00+00:00', '2023-03-03 19:00:00+00:00', '2023-03-03 20:00:00+00:00', '2023-03-03 21:00:00+00:00', '2023-03-03 22:00:00+00:00', '2023-03-03 23:00:00+00:00']",24,3.177,0.9883,0.086,7.348
2023-03-03,H1.Z17,P3,"['2023-03-03 10:00:00+00:00', '2023-03-03 13:00:00+00:00']",2,3.167,0.5662,14046.99,8968.635
2023-03-03,H2.Z66,I1,"['2023-03-03 00:00:00+00:00', '2023-03-03 01:00:00+00:00', '2023-03-03 02:00:00+00:00', '2023-03-03 03:00:00+00:00', '2023-03-03 04:00:00+00:00', '2023-03-03 05:00:00+00:00', '2023-03-03 06:00:00+00:00', '2023-03-03 07:00:00+00:00', '2023-03-03 08:00:00+00:00', '2023-03-03 09:00:00+00:00', '2023-03-03 10:00:00+00:00', '2023-03-03 11:00:00+00:00', '2023-03-03 12:00:00+00:00', '2023-03-03 13:00:00+00:00', '2023-03-03 14:00:00+00:00', '2023-03-03 15:00:00+00:00', '2023-03-03 16:00:00+00:00', '2023-03-03 17:00:00+00:00', '2023-03-03 18:00:00+00:00', '2023-03-03 19:00:00+00:00', '2023-03-03 20:00:00+00:00', '2023-03-03 21:00:00+00:00', '2023-03-03 22:00:00+00:00', '2023-03-03 23:00:00+00:00']",24,3.11,0.986,0.101,7.193
2023-03-03,H2.Z66,P3,"['2023-03-03 00:00:00+00:00', '2023-03-03 01:00:00+00:00', '2023-03-03 02:00:00+00:00', '2023-03-03 03:00:00+00:00', '2023-03-03 04:00:00+00:00', '2023-03-03 05:00:00+00:00', '2023-03-03 06:00:00+00:00', '2023-03-03 07:00:00+00:00', '2023-03-03 08:00:00+00:00', '2023-03-03 09:00:00+00:00', '2023-03-03 10:00:00+00:00', '2023-03-03 11:00:00+00:00', '2023-03-03 12:00:00+00:00', '2023-03-03 13:00:00+00:00', '2023-03-03 14:00:00+00:00', '2023-03-03 15:00:00+00:00', '2023-03-03 16:00:00+00:00', '2023-03-03 17:00:00+00:00', '2023-03-03 18:00:00+00:00', '2023-03-03 19:00:00+00:00', '2023-03-03 20:00:00+00:00', '2023-03-03 21:00:00+00:00', '2023-03-03 22:00:00+00:00', '2023-03-03 23:00:00+00:00']",24,3.101,1.0,0.0,1361.035
2023-03-03,H2.Z66,I3,"['2023-03-03 00:00:00+00:00', '2023-03-03 01:00:00+00:00', '2023-03-03 02:00:00+00:00', '2023-03-03 03:00:00+00:00', '2023-03-03 04:00:00+00:00', '2023-03-03 05:00:00+00:00', '2023-03-03 06:00:00+00:00', '2023-03-03 07:00:00+00:00', '2023-03-03 08:00:00+00:00', '2023-03-03 09:00:00+00:00', '2023-03-03 10:00:00+00:00', '2023-03-03 11:00:00+00:00', '2023-03-03 12:00:00+00:00', '2023-03-03 13:00:00+00:00', '2023-03-03 14:00:00+00:00', '2023-03-03 15:00:00+00:00', '2023-03-03 16:00:00+00:00', '2023-03-03 17:00:00+00:00', '2023-03-03 18:00:00+00:00', '2023-03-03 19:00:00+00:00', '2023-03-03 20:00:00+00:00', '2023-03-03 21:00:00+00:00', '2023-03-03 22:00:00+00:00', '2023-03-03 23:00:00+00:00']",24,3.09,1.0,0.0,7.313
2023-04-20,H3.Z49,P3,"['2023-04-20 06:00:00+00:00', '2023-04-20 07:00:00+00:00', '2023-04-20 08:00:00+00:00', '2023-04-20 09:00:00+00:00', '2023-04-20 10:00:00+00:00', '2023-04-20 11:00:00+00:00', '2023-04-20 12:00:00+00:00', '2023-04-20 13:00:00+00:00', '2023-04-20 14:00:00+00:00']",9,1322.149,12.4049,116.719,8.707
2023-04-20,H3.Z49,P,"['2023-04-20 06:00:00+00:00', '2023-04-20 07:00:00+00:00', '2023-04-20 08:00:00+00:00', '2023-04-20 09:00:00+00:00', '2023-04-20 10:00:00+00:00', '2023-04-20 11:00:00+00:00', '2023-04-20 12:00:00+00:00', '2023-04-20 13:00:00+00:00', '2023-04-20 14:00:00+00:00']",9,1209.43,8.6591,361.523,37.428
2023-04-20,H3.Z49,P2,"['2023-04-20 06:00:00+00:00', '2023-04-20 07:00:00+00:00', '2023-04-20 08:00:00+00:00', '2023-04-20 09:00:00+00:00', '2023-04-20 10:00:00+00:00', '2023-04-20 11:00:00+00:00', '2023-04-20 12:00:00+00:00', '2023-04-20 13:00:00+00:00', '2023-04-20 14:00:00+00:00']",9,898.838,4.4151,135.707,25.061
2023-04-20,H3.Z49,P1,"['2023-04-20 06:00:00+00:00', '2023-04-20 07:00:00+00:00', '2023-04-20 08:00:00+00:00', '2023-04-20 09:00:00+00:00', '2023-04-20 10:00:00+00:00', '2023-04-20 11:00:00+00:00', '2023-04-20 12:00:00+00:00', '2023-04-20 13:00:00+00:00', '2023-04-20 14:00:00+00:00']",9,354.103,28.7857,109.133,3.664
2023-04-20,H1.K16,P,"['2023-04-20 11:00:00+00:00', '2023-04-20 12:00:00+00:00']",2,227.374,1.1539,8552.045,3970.53
2023-04-20,H1.K11,P,"['2023-04-20 11:00:00+00:00', '2023-04-20 12:00:00+00:00']",2,122.592,1.3758,23976.701,10091.885
2023-04-20,H3.Z49,Q,"['2023-04-20 06:00:00+00:00', '2023-04-20 07:00:00+00:00', '2023-04-20 08:00:00+00:00', '2023-04-20 09:00:00+00:00', '2023-04-20 10:00:00+00:00', '2023-04-20 11:00:00+00:00', '2023-04-20 12:00:00+00:00', '2023-04-20 13:00:00+00:00']",8,80.253,0.1479,-278.195,-326.465
2023-04-20,H1.Z11,Q,"['2023-04-20 09:00:00+00:00', '2023-04-20 10:00:00+00:00', '2023-04-20 11:00:00+00:00']",3,49.938,20.8227,858.01,39.317
2023-04-20,H1.Z11,P3,"['2023-04-20 09:00:00+00:00', '2023-04-20 10:00:00+00:00', '2023-04-20 11:00:00+00:00']",3,49.931,34.8784,296.362,8.26
2023-04-20,H1.Z12,P2,"['2023-04-20 09:00:00+00:00', '2023-04-20 10:00:00+00:00', '2023-04-20 11:00:00+00:00']",3,47.271,3.2154,392.337,93.073
2023-04-20,H1.Z11,P2,"['2023-04-20 09:00:00+00:00', '2023-04-20 10:00:00+00:00', '2023-04-20 11:00:00+00:00']",3,46.759,3.1699,384.954,92.317
2023-04-20,H1.Z12,P,"['2023-04-20 09:00:00+00:00', '2023-04-20 10:00:00+00:00', '2023-04-20 11:00:00+00:00']",3,46.509,4.2598,1072.682,203.94
2023-04-20,H1.Z12,P1,"['2023-04-20 09:00:00+00:00', '2023-04-20 10:00:00+00:00', '2023-04-20 11:00:00+00:00']",3,46.287,2.8242,384.904,100.65
2023-04-20,H1.Z11,P1,"['2023-04-20 09:00:00+00:00', '2023-04-20 10:00:00+00:00', '2023-04-20 11:00:00+00:00']",3,46.156,2.8009,391.99,103.131
2023-04-20,H1.Z11,P,"['2023-04-20 09:00:00+00:00', '2023-04-20 10:00:00+00:00', '2023-04-20 11:00:00+00:00']",3,46.138,4.2179,1066.193,204.333
2023-04-20,H1.Z12,Q,"['2023-04-20 09:00:00+00:00', '2023-04-20 10:00:00+00:00', '2023-04-20 11:00:00+00:00']",3,45.827,20.9423,878.225,40.024
2023-04-20,H1.Z12,P3,"['2023-04-20 09:00:00+00:00', '2023-04-20 10:00:00+00:00', '2023-04-20 11:00:00+00:00']",3,44.287,27.0149,297.748,10.628
2023-04-20,V.K21,P,"['2023-04-20 11:00:00+00:00', '2023-04-20 12:00:00+00:00']",2,36.896,0.1431,40427.118,35366.88
2023-04-20,H3.Z45,Q,"['2023-04-20 07:00:00+00:00', '2023-04-20 08:00:00+00:00', '2023-04-20 09:00:00+00:00', '2023-04-20 10:00:00+00:00', '2023-04-20 11:00:00+00:00', '2023-04-20 12:00:00+00:00', '2023-04-20 13:00:00+00:00', '2023-04-20 14:00:00+00:00', '2023-04-20 15:00:00+00:00', '2023-04-20 16:00:00+00:00', '2023-04-20 17:00:00+00:00', '2023-04-20 18:00:00+00:00', '2023-04-20 19:00:00+00:00', '2023-04-20 20:00:00+00:00', '2023-04-20 21:00:00+00:00', '2023-04-20 22:00:00+00:00', '2023-04-20 23:00:00+00:00']",17,19.854,0.7851,-181.779,-845.855
2023-04-20,H1.K16,Trl,"['2023-04-20 10:00:00+00:00', '2023-04-20 11:00:00+00:00', '2023-04-20 12:00:00+00:00', '2023-04-20 13:00:00+00:00']",4,6.906,0.1464,10.457,12.25
2023-04-20,H2.K21,Trl,"['2023-04-20 00:00:00+00:00', '2023-04-20 04:00:00+00:00', '2023-04-20 05:00:00+00:00', '2023-04-20 06:00:00+00:00', '2023-04-20 07:00:00+00:00', '2023-04-20 08:00:00+00:00', '2023-04-20 09:00:00+00:00', '2023-04-20 10:00:00+00:00', '2023-04-20 11:00:00+00:00', '2023-04-20 13:00:00+00:00', '2023-04-20 15:00:00+00:00', '2023-04-20 16:00:00+00:00', '2023-04-20 17:00:00+00:00', '2023-04-20 18:00:00+00:00', '2023-04-20 19:00:00+00:00', '2023-04-20 20:00:00+00:00', '2023-04-20 21:00:00+00:00', '2023-04-20 22:00:00+00:00', '2023-04-20 23:00:00+00:00']",19,5.99,1.4007,15.411,6.419
2023-04-20,H2.K21,Tvl,"['2023-04-20 00:00:00+00:00', '2023-04-20 02:00:00+00:00', '2023-04-20 03:00:00+00:00', '2023-04-20 04:00:00+00:00', '2023-04-20 05:00:00+00:00', '2023-04-20 06:00:00+00:00', '2023-04-20 07:00:00+00:00', '2023-04-20 08:00:00+00:00', '2023-04-20 09:00:00+00:00', '2023-04-20 10:00:00+00:00', '2023-04-20 11:00:00+00:00', '2023-04-20 13:00:00+00:00', '2023-04-20 14:00:00+00:00', '2023-04-20 15:00:00+00:00', '2023-04-20 16:00:00+00:00', '2023-04-20 17:00:00+00:00', '2023-04-20 18:00:00+00:00', '2023-04-20 19:00:00+00:00', '2023-04-20 20:00:00+00:00', '2023-04-20 21:00:00+00:00', '2023-04-20 22:00:00+00:00', '2023-04-20 23:00:00+00:00']",22,5.694,1.5658,15.423,6.011
2023-04-20,H1.K14,Tvl,"['2023-04-20 00:00:00+00:00', '2023-04-20 01:00:00+00:00', '2023-04-20 02:00:00+00:00', '2023-04-20 03:00:00+00:00', '2023-04-20 04:00:00+00:00', '2023-04-20 05:00:00+00:00', '2023-04-20 06:00:00+00:00', '2023-04-20 07:00:00+00:00', '2023-04-20 08:00:00+00:00', '2023-04-20 10:00:00+00:00', '2023-04-20 11:00:00+00:00', '2023-04-20 12:00:00+00:00', '2023-04-20 13:00:00+00:00', '2023-04-20 14:00:00+00:00', '2023-04-20 15:00:00+00:00', '2023-04-20 16:00:00+00:00', '2023-04-20 17:00:00+00:00', '2023-04-20 18:00:00+00:00', '2023-04-20 19:00:00+00:00', '2023-04-20 21:00:00+00:00', '2023-04-20 23:00:00+00:00']",21,5.422,1.844,17.589,6.185
2023-04-20,H1.K14,Trl,"['2023-04-20 00:00:00+00:00', '2023-04-20 01:00:00+00:00', '2023-04-20 02:00:00+00:00', '2023-04-20 03:00:00+00:00', '2023-04-20 04:00:00+00:00', '2023-04-20 05:00:00+00:00', '2023-04-20 06:00:00+00:00', '2023-04-20 07:00:00+00:00', '2023-04-20 08:00:00+00:00', '2023-04-20 10:00:00+00:00', '2023-04-20 11:00:00+00:00', '2023-04-20 12:00:00+00:00', '2023-04-20 13:00:00+00:00', '2023-04-20 14:00:00+00:00', '2023-04-20 15:00:00+00:00', '2023-04-20 16:00:00+00:00', '2023-04-20 17:00:00+00:00', '2023-04-20 18:00:00+00:00', '2023-04-20 19:00:00+00:00', '2023-04-20 21:00:00+00:00', '2023-04-20 23:00:00+00:00']",21,5.063,1.5767,18.171,7.052
2023-04-20,H1.W12,Trl,"['2023-04-20 08:00:00+00:00', '2023-04-20 09:00:00+00:00']",2,4.959,0.1485,61.821,72.603
2023-04-20,H2.Z66,P,"['2023-04-20 11:00:00+00:00', '2023-04-20 12:00:00+00:00', '2023-04-20 13:00:00+00:00', '2023-04-20 14:00:00+00:00', '2023-04-20 15:00:00+00:00', '2023-04-20 16:00:00+00:00', '2023-04-20 17:00:00+00:00', '2023-04-20 18:00:00+00:00', '2023-04-20 19:00:00+00:00', '2023-04-20 20:00:00+00:00', '2023-04-20 21:00:00+00:00', '2023-04-20 22:00:00+00:00', '2023-04-20 23:00:00+00:00']",13,4.824,7.5502,2451.994,286.778
2023-04-20,H1.Z26,P2,"['2023-04-20 11:00:00+00:00', '2023-04-20 12:00:00+00:00', '2023-04-20 13:00:00+00:00']",3,4.741,0.3662,2084.27,1525.595
2023-04-20,H1.Z26,P1,"['2023-04-20 11:00:00+00:00', '2023-04-20 12:00:00+00:00', '2023-04-20 13:00:00+00:00']",3,4.716,0.2532,2903.066,2316.464
2023-04-20,H2.Z66,P3,"['2023-04-20 11:00:00+00:00', '2023-04-20 12:00:00+00:00', '2023-04-20 13:00:00+00:00', '2023-04-20 14:00:00+00:00', '2023-04-20 15:00:00+00:00', '2023-04-20 16:00:00+00:00', '2023-04-20 17:00:00+00:00', '2023-04-20 18:00:00+00:00', '2023-04-20 19:00:00+00:00', '2023-04-20 20:00:00+00:00', '2023-04-20 21:00:00+00:00', '2023-04-20 22:00:00+00:00']",12,4.712,8.1144,857.735,94.108
2023-04-20,H2.Z66,P2,"['2023-04-20 11:00:00+00:00', '2023-04-20 12:00:00+00:00', '2023-04-20 13:00:00+00:00', '2023-04-20 14:00:00+00:00', '2023-04-20 15:00:00+00:00', '2023-04-20 16:00:00+00:00', '2023-04-20 17:00:00+00:00', '2023-04-20 18:00:00+00:00', '2023-04-20 19:00:00+00:00', '2023-04-20 20:00:00+00:00', '2023-04-20 21:00:00+00:00', '2023-04-20 22:00:00+00:00', '2023-04-20 23:00:00+00:00']",13,4.568,7.8156,806.434,91.478
2023-04-20,H2.Z66,P1,"['2023-04-20 11:00:00+00:00', '2023-04-20 12:00:00+00:00', '2023-04-20 13:00:00+00:00', '2023-04-20 14:00:00+00:00', '2023-04-20 15:00:00+00:00', '2023-04-20 16:00:00+00:00', '2023-04-20 17:00:00+00:00', '2023-04-20 18:00:00+00:00', '2023-04-20 19:00:00+00:00', '2023-04-20 20:00:00+00:00', '2023-04-20 21:00:00+00:00', '2023-04-20 22:00:00+00:00', '2023-04-20 23:00:00+00:00']",13,4.553,6.7085,805.644,104.513
2023-04-20,H1.Z26,P,"['2023-04-20 11:00:00+00:00', '2023-04-20 12:00:00+00:00', '2023-04-20 13:00:00+00:00']",3,4.547,0.3273,11461.455,8635.193
2023-04-20,H2.Z66,Q,"['2023-04-20 11:00:00+00:00', '2023-04-20 12:00:00+00:00', '2023-04-20 13:00:00+00:00', '2023-04-20 14:00:00+00:00', '2023-04-20 15:00:00+00:00', '2023-04-20 16:00:00+00:00', '2023-04-20 17:00:00+00:00', '2023-04-20 18:00:00+00:00', '2023-04-20 19:00:00+00:00', '2023-04-20 20:00:00+00:00', '2023-04-20 21:00:00+00:00', '2023-04-20 22:00:00+00:00', '2023-04-20 23:00:00+00:00']",13,4.527,7.5287,1776.647,208.314
2023-04-20,H3.Z45,I2,"['2023-04-20 07:00:00+00:00', '2023-04-20 08:00:00+00:00', '2023-04-20 09:00:00+00:00', '2023-04-20 10:00:00+00:00', '2023-04-20 11:00:00+00:00', '2023-04-20 12:00:00+00:00', '2023-04-20 13:00:00+00:00', '2023-04-20 14:00:00+00:00', '2023-04-20 15:00:00+00:00', '2023-04-20 16:00:00+00:00', '2023-04-20 17:00:00+00:00', '2023-04-20 18:00:00+00:00', '2023-04-20 19:00:00+00:00', '2023-04-20 20:00:00+00:00', '2023-04-20 21:00:00+00:00', '2023-04-20 22:00:00+00:00', '2023-04-20 23:00:00+00:00']",17,4.455,0.5801,0.717,1.708
2023-04-20,H2.ZE66,P1,"['2023-04-20 11:00:00+00:00', '2023-04-20 12:00:00+00:00', '2023-04-20 13:00:00+00:00', '2023-04-20 14:00:00+00:00', '2023-04-20 15:00:00+00:00', '2023-04-20 16:00:00+00:00', '2023-04-20 17:00:00+00:00', '2023-04-20 18:00:00+00:00', '2023-04-20 19:00:00+00:00', '2023-04-20 20:00:00+00:00', '2023-04-20 21:00:00+00:00', '2023-04-20 22:00:00+00:00', '2023-04-20 23:00:00+00:00']",13,4.428,6.6288,787.41,103.215
2023-04-20,H2.ZE66,P,"['2023-04-20 11:00:00+00:00', '2023-04-20 12:00:00+00:00', '2023-04-20 13:00:00+00:00', '2023-04-20 14:00:00+00:00', '2023-04-20 15:00:00+00:00', '2023-04-20 16:00:00+00:00', '2023-04-20 17:00:00+00:00', '2023-04-20 18:00:00+00:00', '2023-04-20 19:00:00+00:00', '2023-04-20 20:00:00+00:00', '2023-04-20 21:00:00+00:00', '2023-04-20 22:00:00+00:00', '2023-04-20 23:00:00+00:00']",13,4.384,7.3882,2374.902,283.124
2023-04-20,H2.ZE66,P2,"['2023-04-20 11:00:00+00:00', '2023-04-20 12:00:00+00:00', '2023-04-20 13:00:00+00:00', '2023-04-20 14:00:00+00:00', '2023-04-20 15:00:00+00:00', '2023-04-20 16:00:00+00:00', '2023-04-20 17:00:00+00:00', '2023-04-20 18:00:00+00:00', '2023-04-20 19:00:00+00:00', '2023-04-20 20:00:00+00:00', '2023-04-20 21:00:00+00:00', '2023-04-20 22:00:00+00:00', '2023-04-20 23:00:00+00:00']",13,4.377,7.7445,784.498,89.713
2023-04-20,H2.ZE66,P3,"['2023-04-20 11:00:00+00:00', '2023-04-20 12:00:00+00:00', '2023-04-20 13:00:00+00:00', '2023-04-20 14:00:00+00:00', '2023-04-20 15:00:00+00:00', '2023-04-20 16:00:00+00:00', '2023-04-20 17:00:00+00:00', '2023-04-20 18:00:00+00:00', '2023-04-20 19:00:00+00:00', '2023-04-20 20:00:00+00:00', '2023-04-20 21:00:00+00:00', '2023-04-20 22:00:00+00:00', '2023-04-20 23:00:00+00:00']",13,4.348,7.8987,834.288,93.754
2023-04-20,H1.W11,qv,"['2023-04-20 05:00:00+00:00', '2023-04-20 06:00:00+00:00', '2023-04-20 08:00:00+00:00', '2023-04-20 09:00:00+00:00']",4,4.111,0.3727,16.141,11.758
2023-04-20,H1.Z26,P3,"['2023-04-20 12:00:00+00:00', '2023-04-20 13:00:00+00:00']",2,3.886,0.3507,6474.118,4793.135
2023-04-20,H1.Z20,Q,"['2023-04-20 05:00:00+00:00', '2023-04-20 06:00:00+00:00', '2023-04-20 07:00:00+00:00', '2023-04-20 11:00:00+00:00', '2023-04-20 13:00:00+00:00', '2023-04-20 14:00:00+00:00', '2023-04-20 15:00:00+00:00']",7,3.817,7.2105,-12375.336,-1507.259
2023-04-20,H2.ZE67,I2,"['2023-04-20 11:00:00+00:00', '2023-04-20 12:00:00+00:00', '2023-04-20 13:00:00+00:00', '2023-04-20 14:00:00+00:00', '2023-04-20 15:00:00+00:00', '2023-04-20 16:00:00+00:00', '2023-04-20 17:00:00+00:00', '2023-04-20 18:00:00+00:00', '2023-04-20 19:00:00+00:00', '2023-04-20 20:00:00+00:00', '2023-04-20 21:00:00+00:00', '2023-04-20 22:00:00+00:00', '2023-04-20 23:00:00+00:00']",13,3.785,0.5445,2.71,5.95
2023-04-20,H2.ZE67,I1,"['2023-04-20 11:00:00+00:00', '2023-04-20 12:00:00+00:00', '2023-04-20 13:00:00+00:00', '2023-04-20 14:00:00+00:00', '2023-04-20 15:00:00+00:00', '2023-04-20 16:00:00+00:00', '2023-04-20 17:00:00+00:00', '2023-04-20 18:00:00+00:00', '2023-04-20 19:00:00+00:00', '2023-04-20 20:00:00+00:00', '2023-04-20 21:00:00+00:00', '2023-04-20 22:00:00+00:00', '2023-04-20 23:00:00+00:00']",13,3.783,0.5472,2.71,5.984
2023-04-20,H2.ZE67,P2,"['2023-04-20 11:00:00+00:00', '2023-04-20 12:00:00+00:00', '2023-04-20 13:00:00+00:00', '2023-04-20 14:00:00+00:00', '2023-04-20 15:00:00+00:00', '2023-04-20 16:00:00+00:00', '2023-04-20 17:00:00+00:00', '2023-04-20 18:00:00+00:00', '2023-04-20 19:00:00+00:00', '2023-04-20 20:00:00+00:00', '2023-04-20 21:00:00+00:00', '2023-04-20 22:00:00+00:00', '2023-04-20 23:00:00+00:00']",13,3.776,0.5545,481.469,1080.735
2023-04-20,H2.ZE67,P,"['2023-04-20 11:00:00+00:00', '2023-04-20 12:00:00+00:00', '2023-04-20 13:00:00+00:00', '2023-04-20 14:00:00+00:00', '2023-04-20 15:00:00+00:00', '2023-04-20 16:00:00+00:00', '2023-04-20 17:00:00+00:00', '2023-04-20 18:00:00+00:00', '2023-04-20 19:00:00+00:00', '2023-04-20 20:00:00+00:00', '2023-04-20 21:00:00+00:00', '2023-04-20 22:00:00+00:00', '2023-04-20 23:00:00+00:00']",13,3.773,0.5528,1465.38,3276.896
2023-04-20,H2.ZE67,P1,"['2023-04-20 11:00:00+00:00', '2023-04-20 12:00:00+00:00', '2023-04-20 13:00:00+00:00', '2023-04-20 14:00:00+00:00', '2023-04-20 15:00:00+00:00', '2023-04-20 16:00:00+00:00', '2023-04-20 17:00:00+00:00', '2023-04-20 18:00:00+00:00', '2023-04-20 19:00:00+00:00', '2023-04-20 20:00:00+00:00', '2023-04-20 21:00:00+00:00', '2023-04-20 22:00:00+00:00', '2023-04-20 23:00:00+00:00']",13,3.77,0.547,489.93,1081.583
2023-04-20,H2.Z67,P2,"['2023-04-20 11:00:00+00:00', '2023-04-20 12:00:00+00:00', '2023-04-20 13:00:00+00:00', '2023-04-20 14:00:00+00:00', '2023-04-20 15:00:00+00:00', '2023-04-20 16:00:00+00:00', '2023-04-20 17:00:00+00:00', '2023-04-20 18:00:00+00:00', '2023-04-20 19:00:00+00:00', '2023-04-20 20:00:00+00:00', '2023-04-20 21:00:00+00:00', '2023-04-20 22:00:00+00:00', '2023-04-20 23:00:00+00:00']",13,3.721,0.5572,488.225,1102.556
2023-04-20,H2.Z67,Q,"['2023-04-20 11:00:00+00:00', '2023-04-20 12:00:00+00:00', '2023-04-20 13:00:00+00:00', '2023-04-20 14:00:00+00:00', '2023-04-20 15:00:00+00:00', '2023-04-20 16:00:00+00:00', '2023-04-20 17:00:00+00:00', '2023-04-20 18:00:00+00:00', '2023-04-20 19:00:00+00:00', '2023-04-20 20:00:00+00:00', '2023-04-20 21:00:00+00:00', '2023-04-20 22:00:00+00:00', '2023-04-20 23:00:00+00:00']",13,3.714,0.5531,1133.773,2536.905
2023-04-20,H2.Z67,P,"['2023-04-20 11:00:00+00:00', '2023-04-20 12:00:00+00:00', '2023-04-20 13:00:00+00:00', '2023-04-20 14:00:00+00:00', '2023-04-20 15:00:00+00:00', '2023-04-20 16:00:00+00:00', '2023-04-20 17:00:00+00:00', '2023-04-20 18:00:00+00:00', '2023-04-20 19:00:00+00:00', '2023-04-20 20:00:00+00:00', '2023-04-20 21:00:00+00:00', '2023-04-20 22:00:00+00:00', '2023-04-20 23:00:00+00:00']",13,3.711,0.5547,1487.757,3340.725
2023-04-20,H2.Z67,P1,"['2023-04-20 11:00:00+00:00', '2023-04-20 12:00:00+00:00', '2023-04-20 13:00:00+00:00', '2023-04-20 14:00:00+00:00', '2023-04-20 15:00:00+00:00', '2023-04-20 16:00:00+00:00', '2023-04-20 17:00:00+00:00', '2023-04-20 18:00:00+00:00', '2023-04-20 19:00:00+00:00', '2023-04-20 20:00:00+00:00', '2023-04-20 21:00:00+00:00', '2023-04-20 22:00:00+00:00', '2023-04-20 23:00:00+00:00']",13,3.708,0.5516,495.583,1105.286
2023-04-20,H2.ZE67,I3,"['2023-04-20 11:00:00+00:00', '2023-04-20 12:00:00+00:00', '2023-04-20 13:00:00+00:00', '2023-04-20 14:00:00+00:00', '2023-04-20 15:00:00+00:00', '2023-04-20 16:00:00+00:00', '2023-04-20 17:00:00+00:00', '2023-04-20 18:00:00+00:00', '2023-04-20 19:00:00+00:00', '2023-04-20 20:00:00+00:00', '2023-04-20 21:00:00+00:00', '2023-04-20 22:00:00+00:00', '2023-04-20 23:00:00+00:00']",13,3.646,0.5427,2.522,5.516
2023-04-20,H1.Z27,I2,"['2023-04-20 08:00:00+00:00', '2023-04-20 09:00:00+00:00', '2023-04-20 10:00:00+00:00', '2023-04-20 11:00:00+00:00', '2023-04-20 12:00:00+00:00', '2023-04-20 13:00:00+00:00']",6,3.641,0.4992,59.044,39.382
2023-04-20,H1.Z27,I3,"['2023-04-20 08:00:00+00:00', '2023-04-20 09:00:00+00:00', '2023-04-20 10:00:00+00:00', '2023-04-20 11:00:00+00:00', '2023-04-20 12:00:00+00:00', '2023-04-20 13:00:00+00:00']",6,3.608,0.5126,57.866,38.255
2023-04-20,H1.Z27,P2,"['2023-04-20 08:00:00+00:00', '2023-04-20 09:00:00+00:00', '2023-04-20 10:00:00+00:00', '2023-04-20 11:00:00+00:00', '2023-04-20 12:00:00+00:00', '2023-04-20 13:00:00+00:00']",6,3.585,0.492,12149.588,8142.958
2023-04-20,H1.Z28,I1,"['2023-04-20 02:00:00+00:00', '2023-04-20 03:00:00+00:00', '2023-04-20 04:00:00+00:00', '2023-04-20 05:00:00+00:00', '2023-04-20 19:00:00+00:00', '2023-04-20 20:00:00+00:00', '2023-04-20 22:00:00+00:00']",7,3.574,0.2805,-80.741,-63.054
2023-04-20,H1.Z27,I1,"['2023-04-20 08:00:00+00:00', '2023-04-20 09:00:00+00:00', '2023-04-20 10:00:00+00:00', '2023-04-20 11:00:00+00:00', '2023-04-20 12:00:00+00:00', '2023-04-20 13:00:00+00:00']",6,3.572,0.4942,58.27,38.998
2023-04-20,H1.Z27,P3,"['2023-04-20 08:00:00+00:00', '2023-04-20 09:00:00+00:00', '2023-04-20 11:00:00+00:00', '2023-04-20 12:00:00+00:00', '2023-04-20 13:00:00+00:00']",5,3.566,0.5126,11789.343,7794.135
2023-04-20,H1.Z27,P,"['2023-04-20 08:00:00+00:00', '2023-04-20 09:00:00+00:00', '2023-04-20 11:00:00+00:00', '2023-04-20 12:00:00+00:00', '2023-04-20 13:00:00+00:00']",5,3.558,0.4973,36028.099,24061.585
2023-04-20,H2.ZE67,P3,"['2023-04-20 11:00:00+00:00', '2023-04-20 12:00:00+00:00', '2023-04-20 13:00:00+00:00', '2023-04-20 14:00:00+00:00', '2023-04-20 15:00:00+00:00', '2023-04-20 16:00:00+00:00', '2023-04-20 17:00:00+00:00', '2023-04-20 18:00:00+00:00', '2023-04-20 19:00:00+00:00', '2023-04-20 20:00:00+00:00', '2023-04-20 21:00:00+00:00', '2023-04-20 22:00:00+00:00', '2023-04-20 23:00:00+00:00']",13,3.534,0.568,561.104,1298.816
2023-04-20,H1.Z27,P1,"['2023-04-20 08:00:00+00:00', '2023-04-20 09:00:00+00:00', '2023-04-20 11:00:00+00:00', '2023-04-20 12:00:00+00:00', '2023-04-20 13:00:00+00:00']",5,3.519,0.488,12089.167,8124.521
2023-04-20,H3.Z41,I1,"['2023-04-20 06:00:00+00:00', '2023-04-20 07:00:00+00:00']",2,3.493,0.4018,11.892,8.483
2023-04-20,H2.Z67,P3,"['2023-04-20 11:00:00+00:00', '2023-04-20 12:00:00+00:00', '2023-04-20 13:00:00+00:00', '2023-04-20 14:00:00+00:00', '2023-04-20 15:00:00+00:00', '2023-04-20 16:00:00+00:00', '2023-04-20 17:00:00+00:00', '2023-04-20 18:00:00+00:00', '2023-04-20 19:00:00+00:00', '2023-04-20 20:00:00+00:00', '2023-04-20 21:00:00+00:00', '2023-04-20 22:00:00+00:00', '2023-04-20 23:00:00+00:00']",13,3.431,0.5445,556.046,1220.708
2023-04-20,H4.Z51,I3,"['2023-04-20 11:00:00+00:00', '2023-04-20 14:00:00+00:00']",2,3.407,0.1604,7.181,6.188
2023-04-20,H2.Z67,I3,"['2023-04-20 11:00:00+00:00', '2023-04-20 12:00:00+00:00', '2023-04-20 13:00:00+00:00', '2023-04-20 14:00:00+00:00', '2023-04-20 15:00:00+00:00', '2023-04-20 16:00:00+00:00', '2023-04-20 17:00:00+00:00', '2023-04-20 18:00:00+00:00', '2023-04-20 19:00:00+00:00', '2023-04-20 20:00:00+00:00', '2023-04-20 21:00:00+00:00', '2023-04-20 22:00:00+00:00', '2023-04-20 23:00:00+00:00']",13,3.4,0.5446,3.017,6.626
2023-04-20,H2.Z67,I1,"['2023-04-20 11:00:00+00:00', '2023-04-20 12:00:00+00:00', '2023-04-20 13:00:00+00:00', '2023-04-20 14:00:00+00:00', '2023-04-20 15:00:00+00:00', '2023-04-20 16:00:00+00:00', '2023-04-20 17:00:00+00:00', '2023-04-20 18:00:00+00:00', '2023-04-20 19:00:00+00:00', '2023-04-20 20:00:00+00:00', '2023-04-20 21:00:00+00:00', '2023-04-20 22:00:00+00:00', '2023-04-20 23:00:00+00:00']",13,3.393,0.5374,3.125,6.756
2023-04-20,H4.ZE51,I3,"['2023-04-20 11:00:00+00:00', '2023-04-20 14:00:00+00:00']",2,3.382,0.1597,9.46,8.157
2023-04-20,H2.Z67,I2,"['2023-04-20 11:00:00+00:00', '2023-04-20 12:00:00+00:00', '2023-04-20 13:00:00+00:00', '2023-04-20 14:00:00+00:00', '2023-04-20 15:00:00+00:00', '2023-04-20 16:00:00+00:00', '2023-04-20 17:00:00+00:00', '2023-04-20 18:00:00+00:00', '2023-04-20 19:00:00+00:00', '2023-04-20 20:00:00+00:00', '2023-04-20 21:00:00+00:00', '2023-04-20 22:00:00+00:00', '2023-04-20 23:00:00+00:00']",13,3.369,0.5232,3.165,6.637
2023-04-20,H1.Z28,I2,"['2023-04-20 02:00:00+00:00', '2023-04-20 03:00:00+00:00', '2023-04-20 04:00:00+00:00', '2023-04-20 11:00:00+00:00', '2023-04-20 20:00:00+00:00', '2023-04-20 22:00:00+00:00']",6,3.351,0.1979,-81.519,-68.05
2023-04-20,H1.Z25,Q,"['2023-04-20 10:00:00+00:00', '2023-04-20 11:00:00+00:00', '2023-04-20 12:00:00+00:00', '2023-04-20 13:00:00+00:00']",4,3.335,0.6,2308.403,5771.303
2023-04-20,H4.Z51,P3,"['2023-04-20 11:00:00+00:00', '2023-04-20 14:00:00+00:00']",2,3.33,0.2229,1228.962,1004.94
2023-04-20,H4.ZE51,P3,"['2023-04-20 11:00:00+00:00', '2023-04-20 14:00:00+00:00']",2,3.315,0.2184,1626.589,1335.031
2023-04-20,H1.Z24,Q,"['2023-04-20 10:00:00+00:00', '2023-04-20 11:00:00+00:00', '2023-04-20 12:00:00+00:00', '2023-04-20 13:00:00+00:00']",4,3.29,0.597,3040.143,7544.646
2023-04-20,H1.Z29,I3,"['2023-04-20 02:00:00+00:00', '2023-04-20 03:00:00+00:00', '2023-04-20 04:00:00+00:00', '2023-04-20 05:00:00+00:00', '2023-04-20 06:00:00+00:00', '2023-04-20 13:00:00+00:00', '2023-04-20 14:00:00+00:00', '2023-04-20 19:00:00+00:00', '2023-04-20 20:00:00+00:00', '2023-04-20 22:00:00+00:00']",10,3.287,1.4782,207.384,83.684
2023-04-20,H1.Z15,I3,"['2023-04-20 02:00:00+00:00', '2023-04-20 03:00:00+00:00', '2023-04-20 22:00:00+00:00']",3,3.281,0.2327,-166.607,-135.152
2023-04-20,H1.Z15,I1,"['2023-04-20 02:00:00+00:00', '2023-04-20 03:00:00+00:00', '2023-04-20 04:00:00+00:00', '2023-04-20 11:00:00+00:00', '2023-04-20 22:00:00+00:00']",5,3.279,0.1762,-138.485,-117.743
2023-04-20,H1.Z15,I2,"['2023-04-20 02:00:00+00:00', '2023-04-20 03:00:00+00:00', '2023-04-20 04:00:00+00:00', '2023-04-20 22:00:00+00:00']",4,3.274,0.2058,-142.854,-118.469
2023-04-20,H1.Z28,I3,"['2023-04-20 02:00:00+00:00', '2023-04-20 03:00:00+00:00', '2023-04-20 04:00:00+00:00', '2023-04-20 22:00:00+00:00']",4,3.255,0.2682,-56.995,-44.941
2023-04-20,H2.T.Z33,I2,"['2023-04-20 13:00:00+00:00', '2023-04-20 14:00:00+00:00']",2,3.217,0.2171,78.985,64.896
2023-04-20,H1.Z29,I1,"['2023-04-20 02:00:00+00:00', '2023-04-20 03:00:00+00:00', '2023-04-20 04:00:00+00:00', '2023-04-20 05:00:00+00:00', '2023-04-20 06:00:00+00:00', '2023-04-20 13:00:00+00:00', '2023-04-20 14:00:00+00:00', '2023-04-20 17:00:00+00:00', '2023-04-20 18:00:00+00:00', '2023-04-20 19:00:00+00:00', '2023-04-20 22:00:00+00:00']",11,3.202,1.4462,228.943,93.589
2023-04-20,H1.Z29,I2,"['2023-04-20 02:00:00+00:00', '2023-04-20 03:00:00+00:00', '2023-04-20 04:00:00+00:00', '2023-04-20 05:00:00+00:00', '2023-04-20 06:00:00+00:00', '2023-04-20 13:00:00+00:00', '2023-04-20 14:00:00+00:00', '2023-04-20 17:00:00+00:00', '2023-04-20 18:00:00+00:00', '2023-04-20 19:00:00+00:00', '2023-04-20 22:00:00+00:00']",11,3.202,1.4352,213.344,87.61
2023-04-20,H1.Z25,I1,"['2023-04-20 10:00:00+00:00', '2023-04-20 11:00:00+00:00', '2023-04-20 12:00:00+00:00', '2023-04-20 13:00:00+00:00']",4,3.198,0.571,7.039,16.409
2023-04-20,H1.Z24,I2,"['2023-04-20 10:00:00+00:00', '2023-04-20 11:00:00+00:00', '2023-04-20 12:00:00+00:00', '2023-04-20 13:00:00+00:00']",4,3.183,0.5645,7.415,17.028
2023-04-20,H1.Z24,I3,"['2023-04-20 10:00:00+00:00', '2023-04-20 11:00:00+00:00', '2023-04-20 12:00:00+00:00', '2023-04-20 13:00:00+00:00']",4,3.163,0.5791,6.99,16.606
2023-04-20,H1.Z25,I2,"['2023-04-20 10:00:00+00:00', '2023-04-20 11:00:00+00:00', '2023-04-20 12:00:00+00:00', '2023-04-20 13:00:00+00:00']",4,3.152,0.5921,6.815,16.706
2023-04-20,H1.Z25,P3,"['2023-04-20 10:00:00+00:00', '2023-04-20 11:00:00+00:00', '2023-04-20 12:00:00+00:00', '2023-04-20 13:00:00+00:00']",4,3.152,0.6507,851.31,2436.94
2023-04-20,H1.Z29,P3,"['2023-04-20 02:00:00+00:00', '2023-04-20 03:00:00+00:00', '2023-04-20 04:00:00+00:00', '2023-04-20 05:00:00+00:00', '2023-04-20 13:00:00+00:00', '2023-04-20 19:00:00+00:00', '2023-04-20 22:00:00+00:00']",7,3.147,3.7845,-46432.507,-9704.789
2023-04-20,H1.Z24,I1,"['2023-04-20 10:00:00+00:00', '2023-04-20 11:00:00+00:00', '2023-04-20 12:00:00+00:00', '2023-04-20 13:00:00+00:00']",4,3.131,0.6021,6.454,16.219
2023-04-20,H1.Z25,I3,"['2023-04-20 10:00:00+00:00', '2023-04-20 11:00:00+00:00', '2023-04-20 12:00:00+00:00', '2023-04-20 13:00:00+00:00']",4,3.129,0.591,4.659,11.392
2023-04-20,H1.Z29,P,"['2023-04-20 02:00:00+00:00', '2023-04-20 04:00:00+00:00', '2023-04-20 05:00:00+00:00', '2023-04-20 13:00:00+00:00', '2023-04-20 19:00:00+00:00', '2023-04-20 22:00:00+00:00']",6,3.123,3.8368,-145511.089,-30084.459
2023-04-20,H1.Z29,P2,"['2023-04-20 02:00:00+00:00', '2023-04-20 04:00:00+00:00', '2023-04-20 05:00:00+00:00', '2023-04-20 13:00:00+00:00', '2023-04-20 17:00:00+00:00', '2023-04-20 18:00:00+00:00', '2023-04-20 19:00:00+00:00', '2023-04-20 22:00:00+00:00']",8,3.119,3.9256,-47801.689,-9704.807
2023-04-20,H1.Z29,P1,"['2023-04-20 02:00:00+00:00', '2023-04-20 04:00:00+00:00', '2023-04-20 05:00:00+00:00', '2023-04-20 06:00:00+00:00', '2023-04-20 13:00:00+00:00', '2023-04-20 19:00:00+00:00']",6,3.106,3.8046,-51279.009,-10672.864
2023-04-20,H1.Z24,P1,"['2023-04-20 10:00:00+00:00', '2023-04-20 11:00:00+00:00', '2023-04-20 13:00:00+00:00']",3,3.089,0.64,961.009,2669.634
2023-04-20,H1.Z25,P,"['2023-04-20 10:00:00+00:00', '2023-04-20 11:00:00+00:00', '2023-04-20 12:00:00+00:00', '2023-04-20 13:00:00+00:00']",4,3.032,0.6091,3101.729,7934.007
2023-04-20,H1.Z25,P2,"['2023-04-20 10:00:00+00:00', '2023-04-20 11:00:00+00:00', '2023-04-20 12:00:00+00:00', '2023-04-20 13:00:00+00:00']",4,3.018,0.6093,1096.728,2807.328
2023-04-21,H1.Z16,Q,"['2023-04-21 06:00:00+00:00', '2023-04-21 07:00:00+00:00']",2,561.096,1.1803,106.681,48.93
2023-04-21,H2.ZE74,I2,"['2023-04-21 10:00:00+00:00', '2023-04-21 11:00:00+00:00', '2023-04-21 12:00:00+00:00']",3,63.401,0.4915,2.075,1.391
2023-04-21,H2.ZE74,P2,"['2023-04-21 10:00:00+00:00', '2023-04-21 11:00:00+00:00', '2023-04-21 12:00:00+00:00']",3,62.036,0.9996,321.068,160.57
2023-04-21,H2.ZE74,P,"['2023-04-21 10:00:00+00:00', '2023-04-21 11:00:00+00:00', '2023-04-21 12:00:00+00:00']",3,40.723,0.3276,642.274,483.801
2023-04-21,H1.Z16,I2,"['2023-04-21 06:00:00+00:00', '2023-04-21 07:00:00+00:00']",2,23.21,0.1274,1.274,1.13
2023-04-21,H1.Z16,I1,"['2023-04-21 06:00:00+00:00', '2023-04-21 07:00:00+00:00']",2,22.685,0.1245,1.267,1.127
2023-04-21,H1.Z16,P,"['2023-04-21 06:00:00+00:00', '2023-04-21 07:00:00+00:00']",2,15.308,0.1054,494.56,447.405
2023-04-21,H1.Z14,P2,"['2023-04-21 12:00:00+00:00', '2023-04-21 13:00:00+00:00', '2023-04-21 14:00:00+00:00', '2023-04-21 15:00:00+00:00', '2023-04-21 16:00:00+00:00', '2023-04-21 17:00:00+00:00', '2023-04-21 18:00:00+00:00', '2023-04-21 19:00:00+00:00', '2023-04-21 20:00:00+00:00', '2023-04-21 21:00:00+00:00', '2023-04-21 22:00:00+00:00', '2023-04-21 23:00:00+00:00']",12,12.127,0.3335,1822.696,2734.597
2023-04-21,H1.Z14,P1,"['2023-04-21 12:00:00+00:00', '2023-04-21 13:00:00+00:00', '2023-04-21 14:00:00+00:00', '2023-04-21 15:00:00+00:00', '2023-04-21 16:00:00+00:00', '2023-04-21 17:00:00+00:00', '2023-04-21 18:00:00+00:00', '2023-04-21 19:00:00+00:00', '2023-04-21 20:00:00+00:00', '2023-04-21 21:00:00+00:00', '2023-04-21 22:00:00+00:00', '2023-04-21 23:00:00+00:00']",12,11.912,0.3446,1700.117,2594.165
2023-04-21,H1.Z13,P2,"['2023-04-21 12:00:00+00:00', '2023-04-21 13:00:00+00:00', '2023-04-21 14:00:00+00:00', '2023-04-21 15:00:00+00:00', '2023-04-21 16:00:00+00:00', '2023-04-21 17:00:00+00:00', '2023-04-21 18:00:00+00:00', '2023-04-21 19:00:00+00:00', '2023-04-21 20:00:00+00:00', '2023-04-21 21:00:00+00:00', '2023-04-21 22:00:00+00:00', '2023-04-21 23:00:00+00:00']",12,11.802,0.3343,1950.35,2929.784
2023-04-21,H1.Z13,P1,"['2023-04-21 12:00:00+00:00', '2023-04-21 13:00:00+00:00', '2023-04-21 14:00:00+00:00', '2023-04-21 15:00:00+00:00', '2023-04-21 16:00:00+00:00', '2023-04-21 17:00:00+00:00', '2023-04-21 18:00:00+00:00', '2023-04-21 19:00:00+00:00', '2023-04-21 20:00:00+00:00', '2023-04-21 21:00:00+00:00', '2023-04-21 22:00:00+00:00', '2023-04-21 23:00:00+00:00']",12,11.745,0.3485,1788.74,2745.627
2023-04-21,H1.Z14,P,"['2023-04-21 12:00:00+00:00', '2023-04-21 13:00:00+00:00', '2023-04-21 14:00:00+00:00', '2023-04-21 15:00:00+00:00', '2023-04-21 16:00:00+00:00', '2023-04-21 17:00:00+00:00', '2023-04-21 18:00:00+00:00', '2023-04-21 19:00:00+00:00', '2023-04-21 20:00:00+00:00', '2023-04-21 21:00:00+00:00', '2023-04-21 22:00:00+00:00', '2023-04-21 23:00:00+00:00']",12,11.287,0.3386,5289.529,7996.879
2023-04-21,H1.Z13,P,"['2023-04-21 12:00:00+00:00', '2023-04-21 13:00:00+00:00', '2023-04-21 14:00:00+00:00', '2023-04-21 15:00:00+00:00', '2023-04-21 16:00:00+00:00', '2023-04-21 17:00:00+00:00', '2023-04-21 18:00:00+00:00', '2023-04-21 19:00:00+00:00', '2023-04-21 20:00:00+00:00', '2023-04-21 21:00:00+00:00', '2023-04-21 22:00:00+00:00', '2023-04-21 23:00:00+00:00']",12,11.121,0.3407,5614.341,8516.232
2023-04-21,H1.K14,Tdiff,"['2023-04-21 13:00:00+00:00', '2023-04-21 14:00:00+00:00', '2023-04-21 15:00:00+00:00', '2023-04-21 16:00:00+00:00']",4,10.327,0.5228,-1191.92,-782.719
2023-04-21,H1.Z14,P3,"['2023-04-21 12:00:00+00:00', '2023-04-21 13:00:00+00:00', '2023-04-21 14:00:00+00:00', '2023-04-21 15:00:00+00:00', '2023-04-21 16:00:00+00:00', '2023-04-21 17:00:00+00:00', '2023-04-21 18:00:00+00:00', '2023-04-21 19:00:00+00:00', '2023-04-21 20:00:00+00:00', '2023-04-21 21:00:00+00:00', '2023-04-21 22:00:00+00:00', '2023-04-21 23:00:00+00:00']",12,9.984,0.3379,1766.614,2668.183
2023-04-21,H1.Z13,P3,"['2023-04-21 12:00:00+00:00', '2023-04-21 13:00:00+00:00', '2023-04-21 14:00:00+00:00', '2023-04-21 15:00:00+00:00', '2023-04-21 16:00:00+00:00', '2023-04-21 17:00:00+00:00', '2023-04-21 18:00:00+00:00', '2023-04-21 19:00:00+00:00', '2023-04-21 20:00:00+00:00', '2023-04-21 21:00:00+00:00', '2023-04-21 22:00:00+00:00', '2023-04-21 23:00:00+00:00']",12,9.92,0.3397,1875.662,2840.822
2023-04-21,H2.K21,Tdiff,"['2023-04-21 13:00:00+00:00', '2023-04-21 14:00:00+00:00', '2023-04-21 15:00:00+00:00', '2023-04-21 17:00:00+00:00', '2023-04-21 18:00:00+00:00', '2023-04-21 19:00:00+00:00', '2023-04-21 20:00:00+00:00', '2023-04-21 21:00:00+00:00', '2023-04-21 22:00:00+00:00', '2023-04-21 23:00:00+00:00']",10,8.69,0.9038,-27.5,-286.005
2023-04-21,H1.W12,qv,"['2023-04-21 13:00:00+00:00', '2023-04-21 15:00:00+00:00', '2023-04-21 17:00:00+00:00']",3,8.331,0.1136,13.929,15.715
2023-04-21,H1.Z14,I2,"['2023-04-21 12:00:00+00:00', '2023-04-21 13:00:00+00:00', '2023-04-21 14:00:00+00:00', '2023-04-21 15:00:00+00:00', '2023-04-21 16:00:00+00:00', '2023-04-21 17:00:00+00:00', '2023-04-21 18:00:00+00:00', '2023-04-21 19:00:00+00:00', '2023-04-21 20:00:00+00:00', '2023-04-21 21:00:00+00:00', '2023-04-21 22:00:00+00:00', '2023-04-21 23:00:00+00:00']",12,6.834,0.3155,13.269,19.386
2023-04-21,H1.Z13,I2,"['2023-04-21 12:00:00+00:00', '2023-04-21 13:00:00+00:00', '2023-04-21 14:00:00+00:00', '2023-04-21 15:00:00+00:00', '2023-04-21 16:00:00+00:00', '2023-04-21 17:00:00+00:00', '2023-04-21 18:00:00+00:00', '2023-04-21 19:00:00+00:00', '2023-04-21 20:00:00+00:00', '2023-04-21 21:00:00+00:00', '2023-04-21 22:00:00+00:00', '2023-04-21 23:00:00+00:00']",12,6.78,0.3182,13.891,20.374
2023-04-21,H1.Z14,I1,"['2023-04-21 12:00:00+00:00', '2023-04-21 13:00:00+00:00', '2023-04-21 14:00:00+00:00', '2023-04-21 15:00:00+00:00', '2023-04-21 16:00:00+00:00', '2023-04-21 17:00:00+00:00', '2023-04-21 18:00:00+00:00', '2023-04-21 19:00:00+00:00', '2023-04-21 20:00:00+00:00', '2023-04-21 21:00:00+00:00', '2023-04-21 22:00:00+00:00', '2023-04-21 23:00:00+00:00']",12,6.768,0.3315,12.525,18.735
2023-04-21,H1.Z13,I1,"['2023-04-21 12:00:00+00:00', '2023-04-21 13:00:00+00:00', '2023-04-21 14:00:00+00:00', '2023-04-21 15:00:00+00:00', '2023-04-21 16:00:00+00:00', '2023-04-21 17:00:00+00:00', '2023-04-21 18:00:00+00:00', '2023-04-21 19:00:00+00:00', '2023-04-21 20:00:00+00:00', '2023-04-21 21:00:00+00:00', '2023-04-21 22:00:00+00:00', '2023-04-21 23:00:00+00:00']",12,6.695,0.3339,13.096,19.659
2023-04-21,H1.Z14,I3,"['2023-04-21 12:00:00+00:00', '2023-04-21 13:00:00+00:00', '2023-04-21 14:00:00+00:00', '2023-04-21 15:00:00+00:00', '2023-04-21 16:00:00+00:00', '2023-04-21 17:00:00+00:00', '2023-04-21 18:00:00+00:00', '2023-04-21 19:00:00+00:00', '2023-04-21 20:00:00+00:00', '2023-04-21 21:00:00+00:00', '2023-04-21 22:00:00+00:00', '2023-04-21 23:00:00+00:00']",12,6.414,0.3193,13.016,19.123
2023-04-21,H1.Z13,I3,"['2023-04-21 12:00:00+00:00', '2023-04-21 13:00:00+00:00', '2023-04-21 14:00:00+00:00', '2023-04-21 15:00:00+00:00', '2023-04-21 16:00:00+00:00', '2023-04-21 17:00:00+00:00', '2023-04-21 18:00:00+00:00', '2023-04-21 19:00:00+00:00', '2023-04-21 20:00:00+00:00', '2023-04-21 21:00:00+00:00', '2023-04-21 22:00:00+00:00', '2023-04-21 23:00:00+00:00']",12,6.378,0.3217,13.731,20.243
2023-04-21,H1.Z27,P2,"['2023-04-21 08:00:00+00:00', '2023-04-21 09:00:00+00:00', '2023-04-21 10:00:00+00:00', '2023-04-21 11:00:00+00:00', '2023-04-21 12:00:00+00:00', '2023-04-21 13:00:00+00:00']",6,6.312,1.1146,19227.67,9092.632
2023-04-21,H1.K11,Tdiff,"['2023-04-21 12:00:00+00:00', '2023-04-21 13:00:00+00:00', '2023-04-21 14:00:00+00:00', '2023-04-21 15:00:00+00:00', '2023-04-21 16:00:00+00:00', '2023-04-21 17:00:00+00:00', '2023-04-21 18:00:00+00:00', '2023-04-21 19:00:00+00:00', '2023-04-21 20:00:00+00:00', '2023-04-21 21:00:00+00:00', '2023-04-21 22:00:00+00:00', '2023-04-21 23:00:00+00:00']",12,6.034,0.3945,-415.236,-685.818
2023-04-21,H1.Z27,P,"['2023-04-21 08:00:00+00:00', '2023-04-21 09:00:00+00:00', '2023-04-21 10:00:00+00:00', '2023-04-21 11:00:00+00:00', '2023-04-21 12:00:00+00:00', '2023-04-21 13:00:00+00:00']",6,6.005,1.0618,55201.114,26773.511
2023-04-21,H1.Z27,P1,"['2023-04-21 08:00:00+00:00', '2023-04-21 09:00:00+00:00', '2023-04-21 10:00:00+00:00', '2023-04-21 11:00:00+00:00', '2023-04-21 12:00:00+00:00', '2023-04-21 13:00:00+00:00']",6,5.862,1.0239,18168.72,8977.088
2023-04-21,H1.Z27,P3,"['2023-04-21 08:00:00+00:00', '2023-04-21 09:00:00+00:00', '2023-04-21 10:00:00+00:00', '2023-04-21 11:00:00+00:00', '2023-04-21 12:00:00+00:00', '2023-04-21 13:00:00+00:00']",6,5.834,1.0456,17804.724,8703.825
2023-04-21,H1.Z27,I2,"['2023-04-21 08:00:00+00:00', '2023-04-21 09:00:00+00:00', '2023-04-21 10:00:00+00:00', '2023-04-21 11:00:00+00:00', '2023-04-21 12:00:00+00:00', '2023-04-21 13:00:00+00:00']",6,5.807,1.0288,88.961,43.848
2023-04-21,H1.Z27,I1,"['2023-04-21 08:00:00+00:00', '2023-04-21 09:00:00+00:00', '2023-04-21 10:00:00+00:00', '2023-04-21 11:00:00+00:00', '2023-04-21 12:00:00+00:00', '2023-04-21 13:00:00+00:00']",6,5.396,0.9529,83.996,43.011
2023-04-21,H1.Z14,Q,"['2023-04-21 12:00:00+00:00', '2023-04-21 14:00:00+00:00', '2023-04-21 16:00:00+00:00', '2023-04-21 17:00:00+00:00', '2023-04-21 18:00:00+00:00', '2023-04-21 19:00:00+00:00', '2023-04-21 20:00:00+00:00', '2023-04-21 21:00:00+00:00', '2023-04-21 22:00:00+00:00', '2023-04-21 23:00:00+00:00']",10,5.391,0.3169,7102.652,10397.004
2023-04-21,H1.Z13,Q,"['2023-04-21 12:00:00+00:00', '2023-04-21 14:00:00+00:00', '2023-04-21 16:00:00+00:00', '2023-04-21 17:00:00+00:00', '2023-04-21 18:00:00+00:00', '2023-04-21 19:00:00+00:00', '2023-04-21 20:00:00+00:00', '2023-04-21 21:00:00+00:00', '2023-04-21 22:00:00+00:00', '2023-04-21 23:00:00+00:00']",10,5.33,0.3185,7403.783,10864.197
2023-04-21,H1.Z27,I3,"['2023-04-21 08:00:00+00:00', '2023-04-21 09:00:00+00:00', '2023-04-21 10:00:00+00:00', '2023-04-21 11:00:00+00:00', '2023-04-21 12:00:00+00:00', '2023-04-21 13:00:00+00:00']",6,5.288,0.9574,83.248,42.53
2023-04-21,H2.Z66,P3,"['2023-04-21 01:00:00+00:00', '2023-04-21 02:00:00+00:00', '2023-04-21 03:00:00+00:00', '2023-04-21 05:00:00+00:00', '2023-04-21 06:00:00+00:00', '2023-04-21 07:00:00+00:00', '2023-04-21 08:00:00+00:00', '2023-04-21 09:00:00+00:00', '2023-04-21 11:00:00+00:00', '2023-04-21 13:00:00+00:00', '2023-04-21 14:00:00+00:00', '2023-04-21 15:00:00+00:00', '2023-04-21 16:00:00+00:00', '2023-04-21 17:00:00+00:00', '2023-04-21 18:00:00+00:00', '2023-04-21 19:00:00+00:00', '2023-04-21 20:00:00+00:00', '2023-04-21 21:00:00+00:00', '2023-04-21 22:00:00+00:00', '2023-04-21 23:00:00+00:00']",20,5.158,12.3456,1635.287,122.534
2023-04-21,H4.ZE50,P2,"['2023-04-21 08:00:00+00:00', '2023-04-21 09:00:00+00:00']",2,5.002,0.5521,1166.112,751.298
2023-04-21,H4.Z50,P2,"['2023-04-21 08:00:00+00:00', '2023-04-21 09:00:00+00:00']",2,4.994,0.5564,1562.069,1003.657
2023-04-21,H4.ZE50,I2,"['2023-04-21 08:00:00+00:00', '2023-04-21 09:00:00+00:00']",2,4.923,0.4812,5.456,3.684
2023-04-21,H4.Z50,I2,"['2023-04-21 08:00:00+00:00', '2023-04-21 09:00:00+00:00']",2,4.889,0.4793,7.304,4.938
2023-04-21,H2.Z66,P2,"['2023-04-21 00:00:00+00:00', '2023-04-21 01:00:00+00:00', '2023-04-21 03:00:00+00:00', '2023-04-21 05:00:00+00:00', '2023-04-21 06:00:00+00:00', '2023-04-21 07:00:00+00:00', '2023-04-21 08:00:00+00:00', '2023-04-21 09:00:00+00:00', '2023-04-21 10:00:00+00:00', '2023-04-21 11:00:00+00:00', '2023-04-21 12:00:00+00:00', '2023-04-21 13:00:00+00:00', '2023-04-21 14:00:00+00:00', '2023-04-21 15:00:00+00:00', '2023-04-21 16:00:00+00:00', '2023-04-21 17:00:00+00:00', '2023-04-21 18:00:00+00:00', '2023-04-21 19:00:00+00:00', '2023-04-21 20:00:00+00:00', '2023-04-21 21:00:00+00:00', '2023-04-21 22:00:00+00:00', '2023-04-21 23:00:00+00:00']",22,4.794,12.0608,1543.492,118.177
2023-04-21,H2.Z66,P1,"['2023-04-21 00:00:00+00:00', '2023-04-21 01:00:00+00:00', '2023-04-21 02:00:00+00:00', '2023-04-21 03:00:00+00:00', '2023-04-21 05:00:00+00:00', '2023-04-21 06:00:00+00:00', '2023-04-21 07:00:00+00:00', '2023-04-21 08:00:00+00:00', '2023-04-21 09:00:00+00:00', '2023-04-21 10:00:00+00:00', '2023-04-21 11:00:00+00:00', '2023-04-21 12:00:00+00:00', '2023-04-21 13:00:00+00:00', '2023-04-21 14:00:00+00:00', '2023-04-21 15:00:00+00:00', '2023-04-21 16:00:00+00:00', '2023-04-21 17:00:00+00:00', '2023-04-21 18:00:00+00:00', '2023-04-21 19:00:00+00:00', '2023-04-21 20:00:00+00:00', '2023-04-21 21:00:00+00:00', '2023-04-21 22:00:00+00:00', '2023-04-21 23:00:00+00:00']",23,4.439,10.7234,1529.454,130.462
2023-04-21,H2.Z66,P,"['2023-04-21 00:00:00+00:00', '2023-04-21 01:00:00+00:00', '2023-04-21 03:00:00+00:00', '2023-04-21 05:00:00+00:00', '2023-04-21 06:00:00+00:00', '2023-04-21 07:00:00+00:00', '2023-04-21 08:00:00+00:00', '2023-04-21 09:00:00+00:00', '2023-04-21 10:00:00+00:00', '2023-04-21 11:00:00+00:00', '2023-04-21 12:00:00+00:00', '2023-04-21 13:00:00+00:00', '2023-04-21 14:00:00+00:00', '2023-04-21 15:00:00+00:00', '2023-04-21 16:00:00+00:00', '2023-04-21 17:00:00+00:00', '2023-04-21 18:00:00+00:00', '2023-04-21 19:00:00+00:00', '2023-04-21 20:00:00+00:00', '2023-04-21 21:00:00+00:00', '2023-04-21 22:00:00+00:00', '2023-04-21 23:00:00+00:00']",22,4.357,11.4963,4605.159,368.523
2023-04-21,H2.ZE66,P1,"['2023-04-21 00:00:00+00:00', '2023-04-21 01:00:00+00:00', '2023-04-21 02:00:00+00:00', '2023-04-21 03:00:00+00:00', '2023-04-21 05:00:00+00:00', '2023-04-21 06:00:00+00:00', '2023-04-21 07:00:00+00:00', '2023-04-21 08:00:00+00:00', '2023-04-21 09:00:00+00:00', '2023-04-21 10:00:00+00:00', '2023-04-21 11:00:00+00:00', '2023-04-21 12:00:00+00:00', '2023-04-21 13:00:00+00:00', '2023-04-21 14:00:00+00:00', '2023-04-21 15:00:00+00:00', '2023-04-21 16:00:00+00:00', '2023-04-21 17:00:00+00:00', '2023-04-21 18:00:00+00:00', '2023-04-21 19:00:00+00:00', '2023-04-21 20:00:00+00:00', '2023-04-21 21:00:00+00:00', '2023-04-21 22:00:00+00:00', '2023-04-21 23:00:00+00:00']",23,4.261,10.5711,1481.262,128.014
2023-04-21,H2.ZE66,P,"['2023-04-21 00:00:00+00:00', '2023-04-21 01:00:00+00:00', '2023-04-21 02:00:00+00:00', '2023-04-21 03:00:00+00:00', '2023-04-21 05:00:00+00:00', '2023-04-21 06:00:00+00:00', '2023-04-21 07:00:00+00:00', '2023-04-21 08:00:00+00:00', '2023-04-21 09:00:00+00:00', '2023-04-21 10:00:00+00:00', '2023-04-21 11:00:00+00:00', '2023-04-21 12:00:00+00:00', '2023-04-21 13:00:00+00:00', '2023-04-21 14:00:00+00:00', '2023-04-21 15:00:00+00:00', '2023-04-21 16:00:00+00:00', '2023-04-21 17:00:00+00:00', '2023-04-21 18:00:00+00:00', '2023-04-21 19:00:00+00:00', '2023-04-21 20:00:00+00:00', '2023-04-21 21:00:00+00:00', '2023-04-21 22:00:00+00:00', '2023-04-21 23:00:00+00:00']",23,4.204,11.5489,4478.31,356.869
2023-04-21,H2.ZE66,P2,"['2023-04-21 00:00:00+00:00', '2023-04-21 01:00:00+00:00', '2023-04-21 02:00:00+00:00', '2023-04-21 03:00:00+00:00', '2023-04-21 05:00:00+00:00', '2023-04-21 06:00:00+00:00', '2023-04-21 07:00:00+00:00', '2023-04-21 08:00:00+00:00', '2023-04-21 09:00:00+00:00', '2023-04-21 10:00:00+00:00', '2023-04-21 11:00:00+00:00', '2023-04-21 12:00:00+00:00', '2023-04-21 13:00:00+00:00', '2023-04-21 14:00:00+00:00', '2023-04-21 15:00:00+00:00', '2023-04-21 16:00:00+00:00', '2023-04-21 17:00:00+00:00', '2023-04-21 18:00:00+00:00', '2023-04-21 19:00:00+00:00', '2023-04-21 20:00:00+00:00', '2023-04-21 21:00:00+00:00', '2023-04-21 22:00:00+00:00', '2023-04-21 23:00:00+00:00']",23,4.193,11.9798,1481.545,114.142
2023-04-21,H2.ZE66,P3,"['2023-04-21 00:00:00+00:00', '2023-04-21 01:00:00+00:00', '2023-04-21 02:00:00+00:00', '2023-04-21 03:00:00+00:00', '2023-04-21 05:00:00+00:00', '2023-04-21 06:00:00+00:00', '2023-04-21 07:00:00+00:00', '2023-04-21 08:00:00+00:00', '2023-04-21 09:00:00+00:00', '2023-04-21 10:00:00+00:00', '2023-04-21 11:00:00+00:00', '2023-04-21 12:00:00+00:00', '2023-04-21 13:00:00+00:00', '2023-04-21 14:00:00+00:00', '2023-04-21 15:00:00+00:00', '2023-04-21 16:00:00+00:00', '2023-04-21 17:00:00+00:00', '2023-04-21 18:00:00+00:00', '2023-04-21 19:00:00+00:00', '2023-04-21 20:00:00+00:00', '2023-04-21 21:00:00+00:00', '2023-04-21 22:00:00+00:00', '2023-04-21 23:00:00+00:00']",23,4.122,11.9829,1547.344,119.183
2023-04-21,H2.Z66,Q,"['2023-04-21 00:00:00+00:00', '2023-04-21 01:00:00+00:00', '2023-04-21 02:00:00+00:00', '2023-04-21 03:00:00+00:00', '2023-04-21 05:00:00+00:00', '2023-04-21 06:00:00+00:00', '2023-04-21 07:00:00+00:00', '2023-04-21 08:00:00+00:00', '2023-04-21 09:00:00+00:00', '2023-04-21 10:00:00+00:00', '2023-04-21 11:00:00+00:00', '2023-04-21 12:00:00+00:00', '2023-04-21 13:00:00+00:00', '2023-04-21 14:00:00+00:00', '2023-04-21 15:00:00+00:00', '2023-04-21 16:00:00+00:00', '2023-04-21 17:00:00+00:00', '2023-04-21 18:00:00+00:00', '2023-04-21 19:00:00+00:00', '2023-04-21 20:00:00+00:00', '2023-04-21 21:00:00+00:00', '2023-04-21 22:00:00+00:00', '2023-04-21 23:00:00+00:00']",23,4.109,10.5133,3197.16,277.692
2023-04-21,H2.T.Z32,P3,"['2023-04-21 10:00:00+00:00', '2023-04-21 12:00:00+00:00', '2023-04-21 13:00:00+00:00']",3,3.956,0.2129,2033.906,1676.915
2023-04-21,H4.Z50,P,"['2023-04-21 08:00:00+00:00', '2023-04-21 09:00:00+00:00']",2,3.822,0.2679,4903.727,3867.496
2023-04-21,H4.ZE50,P,"['2023-04-21 08:00:00+00:00', '2023-04-21 09:00:00+00:00']",2,3.801,0.2614,3647.962,2892.046
2023-04-21,H1.Z28,I2,"['2023-04-21 10:00:00+00:00', '2023-04-21 12:00:00+00:00']",2,3.706,0.1637,-83.162,-71.463
2023-04-21,H1.Z26,P2,"['2023-04-21 11:00:00+00:00', '2023-04-21 12:00:00+00:00']",2,3.686,0.3632,2258.098,1656.448
2023-04-21,H2.K21,Tvl,"['2023-04-21 11:00:00+00:00', '2023-04-21 12:00:00+00:00']",2,3.625,1.3776,17.826,7.498
2023-04-21,H2.K21,Trl,"['2023-04-21 11:00:00+00:00', '2023-04-21 12:00:00+00:00', '2023-04-21 13:00:00+00:00']",3,3.618,1.2688,17.812,7.851
2023-04-21,H4.ZE50,P3,"['2023-04-21 08:00:00+00:00', '2023-04-21 09:00:00+00:00']",2,3.525,0.2008,1042.003,867.751
2023-04-21,H1.Z26,P1,"['2023-04-21 11:00:00+00:00', '2023-04-21 12:00:00+00:00']",2,3.517,0.1836,2930.13,2475.709
2023-04-21,H4.Z50,P3,"['2023-04-21 08:00:00+00:00', '2023-04-21 09:00:00+00:00']",2,3.515,0.2061,1401.08,1161.692
2023-04-21,H1.K12,Tdiff,"['2023-04-21 16:00:00+00:00', '2023-04-21 17:00:00+00:00', '2023-04-21 18:00:00+00:00', '2023-04-21 19:00:00+00:00']",4,3.506,0.3024,389.948,558.949
2023-04-21,H4.Z50,I3,"['2023-04-21 08:00:00+00:00', '2023-04-21 09:00:00+00:00']",2,3.496,0.1982,6.792,5.669
2023-04-21,H4.ZE50,I3,"['2023-04-21 08:00:00+00:00', '2023-04-21 09:00:00+00:00']",2,3.475,0.1882,5.012,4.218
2023-04-21,H2.ZE67,I2,"['2023-04-21 00:00:00+00:00', '2023-04-21 01:00:00+00:00', '2023-04-21 02:00:00+00:00', '2023-04-21 03:00:00+00:00', '2023-04-21 04:00:00+00:00', '2023-04-21 05:00:00+00:00', '2023-04-21 06:00:00+00:00', '2023-04-21 07:00:00+00:00', '2023-04-21 08:00:00+00:00', '2023-04-21 09:00:00+00:00', '2023-04-21 10:00:00+00:00', '2023-04-21 11:00:00+00:00', '2023-04-21 12:00:00+00:00', '2023-04-21 13:00:00+00:00', '2023-04-21 14:00:00+00:00', '2023-04-21 15:00:00+00:00', '2023-04-21 16:00:00+00:00', '2023-04-21 17:00:00+00:00', '2023-04-21 18:00:00+00:00', '2023-04-21 19:00:00+00:00', '2023-04-21 20:00:00+00:00', '2023-04-21 21:00:00+00:00', '2023-04-21 22:00:00+00:00', '2023-04-21 23:00:00+00:00']",24,3.335,0.9814,0.108,5.833
2023-04-21,H1.Z26,P3,"['2023-04-21 11:00:00+00:00', '2023-04-21 12:00:00+00:00']",2,3.333,0.1069,4923.951,5513.437
2023-04-21,H2.ZE67,I1,"['2023-04-21 00:00:00+00:00', '2023-04-21 01:00:00+00:00', '2023-04-21 02:00:00+00:00', '2023-04-21 03:00:00+00:00', '2023-04-21 04:00:00+00:00', '2023-04-21 05:00:00+00:00', '2023-04-21 06:00:00+00:00', '2023-04-21 07:00:00+00:00', '2023-04-21 08:00:00+00:00', '2023-04-21 09:00:00+00:00', '2023-04-21 10:00:00+00:00', '2023-04-21 11:00:00+00:00', '2023-04-21 12:00:00+00:00', '2023-04-21 13:00:00+00:00', '2023-04-21 14:00:00+00:00', '2023-04-21 15:00:00+00:00', '2023-04-21 16:00:00+00:00', '2023-04-21 17:00:00+00:00', '2023-04-21 18:00:00+00:00', '2023-04-21 19:00:00+00:00', '2023-04-21 20:00:00+00:00', '2023-04-21 21:00:00+00:00', '2023-04-21 22:00:00+00:00', '2023-04-21 23:00:00+00:00']",24,3.333,0.982,0.106,5.864
2023-04-21,H2.T.Z32,P2,"['2023-04-21 08:00:00+00:00', '2023-04-21 09:00:00+00:00', '2023-04-21 10:00:00+00:00', '2023-04-21 11:00:00+00:00', '2023-04-21 12:00:00+00:00']",5,3.327,0.2774,3633.873,2844.846
2023-04-21,H2.ZE67,P1,"['2023-04-21 00:00:00+00:00', '2023-04-21 01:00:00+00:00', '2023-04-21 02:00:00+00:00', '2023-04-21 03:00:00+00:00', '2023-04-21 04:00:00+00:00', '2023-04-21 05:00:00+00:00', '2023-04-21 06:00:00+00:00', '2023-04-21 07:00:00+00:00', '2023-04-21 08:00:00+00:00', '2023-04-21 09:00:00+00:00', '2023-04-21 10:00:00+00:00', '2023-04-21 11:00:00+00:00', '2023-04-21 12:00:00+00:00', '2023-04-21 13:00:00+00:00', '2023-04-21 14:00:00+00:00', '2023-04-21 15:00:00+00:00', '2023-04-21 16:00:00+00:00', '2023-04-21 17:00:00+00:00', '2023-04-21 18:00:00+00:00', '2023-04-21 19:00:00+00:00', '2023-04-21 20:00:00+00:00', '2023-04-21 21:00:00+00:00', '2023-04-21 22:00:00+00:00', '2023-04-21 23:00:00+00:00']",24,3.324,0.981,20.101,1060.066
2023-04-21,H2.ZE67,P2,"['2023-04-21 00:00:00+00:00', '2023-04-21 01:00:00+00:00', '2023-04-21 02:00:00+00:00', '2023-04-21 03:00:00+00:00', '2023-04-21 04:00:00+00:00', '2023-04-21 05:00:00+00:00', '2023-04-21 06:00:00+00:00', '2023-04-21 07:00:00+00:00', '2023-04-21 08:00:00+00:00', '2023-04-21 09:00:00+00:00', '2023-04-21 10:00:00+00:00', '2023-04-21 11:00:00+00:00', '2023-04-21 12:00:00+00:00', '2023-04-21 13:00:00+00:00', '2023-04-21 14:00:00+00:00', '2023-04-21 15:00:00+00:00', '2023-04-21 16:00:00+00:00', '2023-04-21 17:00:00+00:00', '2023-04-21 18:00:00+00:00', '2023-04-21 19:00:00+00:00', '2023-04-21 20:00:00+00:00', '2023-04-21 21:00:00+00:00', '2023-04-21 22:00:00+00:00', '2023-04-21 23:00:00+00:00']",24,3.322,0.9997,0.292,1058.394
2023-04-21,H2.ZE67,P,"['2023-04-21 00:00:00+00:00', '2023-04-21 01:00:00+00:00', '2023-04-21 02:00:00+00:00', '2023-04-21 03:00:00+00:00', '2023-04-21 04:00:00+00:00', '2023-04-21 05:00:00+00:00', '2023-04-21 06:00:00+00:00', '2023-04-21 07:00:00+00:00', '2023-04-21 08:00:00+00:00', '2023-04-21 09:00:00+00:00', '2023-04-21 10:00:00+00:00', '2023-04-21 11:00:00+00:00', '2023-04-21 12:00:00+00:00', '2023-04-21 13:00:00+00:00', '2023-04-21 14:00:00+00:00', '2023-04-21 15:00:00+00:00', '2023-04-21 16:00:00+00:00', '2023-04-21 17:00:00+00:00', '2023-04-21 18:00:00+00:00', '2023-04-21 19:00:00+00:00', '2023-04-21 20:00:00+00:00', '2023-04-21 21:00:00+00:00', '2023-04-21 22:00:00+00:00', '2023-04-21 23:00:00+00:00']",24,3.321,0.9936,20.393,3208.995
2023-04-21,H2.Z67,Q,"['2023-04-21 00:00:00+00:00', '2023-04-21 01:00:00+00:00', '2023-04-21 02:00:00+00:00', '2023-04-21 03:00:00+00:00', '2023-04-21 04:00:00+00:00', '2023-04-21 05:00:00+00:00', '2023-04-21 06:00:00+00:00', '2023-04-21 07:00:00+00:00', '2023-04-21 08:00:00+00:00', '2023-04-21 09:00:00+00:00', '2023-04-21 10:00:00+00:00', '2023-04-21 11:00:00+00:00', '2023-04-21 12:00:00+00:00', '2023-04-21 13:00:00+00:00', '2023-04-21 14:00:00+00:00', '2023-04-21 15:00:00+00:00', '2023-04-21 16:00:00+00:00', '2023-04-21 17:00:00+00:00', '2023-04-21 18:00:00+00:00', '2023-04-21 19:00:00+00:00', '2023-04-21 20:00:00+00:00', '2023-04-21 21:00:00+00:00', '2023-04-21 22:00:00+00:00', '2023-04-21 23:00:00+00:00']",24,3.295,0.9887,28.156,2487.451
2023-04-21,H2.Z67,P,"['2023-04-21 00:00:00+00:00', '2023-04-21 01:00:00+00:00', '2023-04-21 02:00:00+00:00', '2023-04-21 03:00:00+00:00', '2023-04-21 04:00:00+00:00', '2023-04-21 05:00:00+00:00', '2023-04-21 06:00:00+00:00', '2023-04-21 07:00:00+00:00', '2023-04-21 08:00:00+00:00', '2023-04-21 09:00:00+00:00', '2023-04-21 10:00:00+00:00', '2023-04-21 11:00:00+00:00', '2023-04-21 12:00:00+00:00', '2023-04-21 13:00:00+00:00', '2023-04-21 14:00:00+00:00', '2023-04-21 15:00:00+00:00', '2023-04-21 16:00:00+00:00', '2023-04-21 17:00:00+00:00', '2023-04-21 18:00:00+00:00', '2023-04-21 19:00:00+00:00', '2023-04-21 20:00:00+00:00', '2023-04-21 21:00:00+00:00', '2023-04-21 22:00:00+00:00', '2023-04-21 23:00:00+00:00']",24,3.289,0.9946,17.739,3267.994
2023-04-21,H2.Z67,P1,"['2023-04-21 00:00:00+00:00', '2023-04-21 01:00:00+00:00', '2023-04-21 02:00:00+00:00', '2023-04-21 03:00:00+00:00', '2023-04-21 04:00:00+00:00', '2023-04-21 05:00:00+00:00', '2023-04-21 06:00:00+00:00', '2023-04-21 07:00:00+00:00', '2023-04-21 08:00:00+00:00', '2023-04-21 09:00:00+00:00', '2023-04-21 10:00:00+00:00', '2023-04-21 11:00:00+00:00', '2023-04-21 12:00:00+00:00', '2023-04-21 13:00:00+00:00', '2023-04-21 14:00:00+00:00', '2023-04-21 15:00:00+00:00', '2023-04-21 16:00:00+00:00', '2023-04-21 17:00:00+00:00', '2023-04-21 18:00:00+00:00', '2023-04-21 19:00:00+00:00', '2023-04-21 20:00:00+00:00', '2023-04-21 21:00:00+00:00', '2023-04-21 22:00:00+00:00', '2023-04-21 23:00:00+00:00']",24,3.288,0.9848,16.447,1082.286
2023-04-21,H2.Z67,P2,"['2023-04-21 00:00:00+00:00', '2023-04-21 01:00:00+00:00', '2023-04-21 02:00:00+00:00', '2023-04-21 03:00:00+00:00', '2023-04-21 04:00:00+00:00', '2023-04-21 05:00:00+00:00', '2023-04-21 06:00:00+00:00', '2023-04-21 07:00:00+00:00', '2023-04-21 08:00:00+00:00', '2023-04-21 09:00:00+00:00', '2023-04-21 10:00:00+00:00', '2023-04-21 11:00:00+00:00', '2023-04-21 12:00:00+00:00', '2023-04-21 13:00:00+00:00', '2023-04-21 14:00:00+00:00', '2023-04-21 15:00:00+00:00', '2023-04-21 16:00:00+00:00', '2023-04-21 17:00:00+00:00', '2023-04-21 18:00:00+00:00', '2023-04-21 19:00:00+00:00', '2023-04-21 20:00:00+00:00', '2023-04-21 21:00:00+00:00', '2023-04-21 22:00:00+00:00', '2023-04-21 23:00:00+00:00']",24,3.287,0.9986,1.477,1078.066
2023-04-21,H4.Z50,P1,"['2023-04-21 08:00:00+00:00', '2023-04-21 09:00:00+00:00']",2,3.224,0.134,1932.536,1704.167
2023-04-21,H2.ZE67,I3,"['2023-04-21 00:00:00+00:00', '2023-04-21 01:00:00+00:00', '2023-04-21 02:00:00+00:00', '2023-04-21 03:00:00+00:00', '2023-04-21 04:00:00+00:00', '2023-04-21 05:00:00+00:00', '2023-04-21 06:00:00+00:00', '2023-04-21 07:00:00+00:00', '2023-04-21 08:00:00+00:00', '2023-04-21 09:00:00+00:00', '2023-04-21 10:00:00+00:00', '2023-04-21 11:00:00+00:00', '2023-04-21 12:00:00+00:00', '2023-04-21 13:00:00+00:00', '2023-04-21 14:00:00+00:00', '2023-04-21 15:00:00+00:00', '2023-04-21 16:00:00+00:00', '2023-04-21 17:00:00+00:00', '2023-04-21 18:00:00+00:00', '2023-04-21 19:00:00+00:00', '2023-04-21 20:00:00+00:00', '2023-04-21 21:00:00+00:00', '2023-04-21 22:00:00+00:00', '2023-04-21 23:00:00+00:00']",24,3.207,1.0,0.0,5.429
2023-04-21,H4.Z50,I1,"['2023-04-21 08:00:00+00:00', '2023-04-21 09:00:00+00:00']",2,3.203,0.1133,8.982,8.068
2023-04-21,H4.ZE50,P1,"['2023-04-21 08:00:00+00:00', '2023-04-21 09:00:00+00:00']",2,3.179,0.1311,1439.847,1273.003
2023-04-21,H4.ZE50,I1,"['2023-04-21 08:00:00+00:00', '2023-04-21 09:00:00+00:00']",2,3.165,0.1138,6.703,6.019
2023-04-21,H2.ZE67,P3,"['2023-04-21 00:00:00+00:00', '2023-04-21 01:00:00+00:00', '2023-04-21 02:00:00+00:00', '2023-04-21 03:00:00+00:00', '2023-04-21 04:00:00+00:00', '2023-04-21 05:00:00+00:00', '2023-04-21 06:00:00+00:00', '2023-04-21 07:00:00+00:00', '2023-04-21 08:00:00+00:00', '2023-04-21 09:00:00+00:00', '2023-04-21 10:00:00+00:00', '2023-04-21 11:00:00+00:00', '2023-04-21 12:00:00+00:00', '2023-04-21 13:00:00+00:00', '2023-04-21 14:00:00+00:00', '2023-04-21 15:00:00+00:00', '2023-04-21 16:00:00+00:00', '2023-04-21 17:00:00+00:00', '2023-04-21 18:00:00+00:00', '2023-04-21 19:00:00+00:00', '2023-04-21 20:00:00+00:00', '2023-04-21 21:00:00+00:00', '2023-04-21 22:00:00+00:00', '2023-04-21 23:00:00+00:00']",24,3.149,1.0,0.0,1271.761
2023-04-21,H2.Z67,P3,"['2023-04-21 00:00:00+00:00', '2023-04-21 01:00:00+00:00', '2023-04-21 02:00:00+00:00', '2023-04-21 03:00:00+00:00', '2023-04-21 04:00:00+00:00', '2023-04-21 05:00:00+00:00', '2023-04-21 06:00:00+00:00', '2023-04-21 07:00:00+00:00', '2023-04-21 08:00:00+00:00', '2023-04-21 09:00:00+00:00', '2023-04-21 10:00:00+00:00', '2023-04-21 11:00:00+00:00', '2023-04-21 12:00:00+00:00', '2023-04-21 13:00:00+00:00', '2023-04-21 14:00:00+00:00', '2023-04-21 15:00:00+00:00', '2023-04-21 16:00:00+00:00', '2023-04-21 17:00:00+00:00', '2023-04-21 18:00:00+00:00', '2023-04-21 19:00:00+00:00', '2023-04-21 20:00:00+00:00', '2023-04-21 21:00:00+00:00', '2023-04-21 22:00:00+00:00', '2023-04-21 23:00:00+00:00']",24,3.095,1.0,0.0,1197.687
2023-04-21,H1.Z28,I3,"['2023-04-21 10:00:00+00:00', '2023-04-21 12:00:00+00:00']",2,3.094,0.2042,-57.822,-48.016
2023-04-21,H2.Z67,I3,"['2023-04-21 00:00:00+00:00', '2023-04-21 01:00:00+00:00', '2023-04-21 02:00:00+00:00', '2023-04-21 03:00:00+00:00', '2023-04-21 04:00:00+00:00', '2023-04-21 05:00:00+00:00', '2023-04-21 06:00:00+00:00', '2023-04-21 07:00:00+00:00', '2023-04-21 08:00:00+00:00', '2023-04-21 09:00:00+00:00', '2023-04-21 10:00:00+00:00', '2023-04-21 11:00:00+00:00', '2023-04-21 12:00:00+00:00', '2023-04-21 13:00:00+00:00', '2023-04-21 14:00:00+00:00', '2023-04-21 15:00:00+00:00', '2023-04-21 16:00:00+00:00', '2023-04-21 17:00:00+00:00', '2023-04-21 18:00:00+00:00', '2023-04-21 19:00:00+00:00', '2023-04-21 20:00:00+00:00', '2023-04-21 21:00:00+00:00', '2023-04-21 22:00:00+00:00', '2023-04-21 23:00:00+00:00']",24,3.094,1.0,0.0,6.489
2023-04-21,H2.Z67,I1,"['2023-04-21 00:00:00+00:00', '2023-04-21 01:00:00+00:00', '2023-04-21 02:00:00+00:00', '2023-04-21 03:00:00+00:00', '2023-04-21 04:00:00+00:00', '2023-04-21 05:00:00+00:00', '2023-04-21 06:00:00+00:00', '2023-04-21 07:00:00+00:00', '2023-04-21 08:00:00+00:00', '2023-04-21 09:00:00+00:00', '2023-04-21 10:00:00+00:00', '2023-04-21 11:00:00+00:00', '2023-04-21 12:00:00+00:00', '2023-04-21 13:00:00+00:00', '2023-04-21 14:00:00+00:00', '2023-04-21 15:00:00+00:00', '2023-04-21 16:00:00+00:00', '2023-04-21 17:00:00+00:00', '2023-04-21 18:00:00+00:00', '2023-04-21 19:00:00+00:00', '2023-04-21 20:00:00+00:00', '2023-04-21 21:00:00+00:00', '2023-04-21 22:00:00+00:00', '2023-04-21 23:00:00+00:00']",24,3.093,0.9865,0.089,6.627
2023-04-21,H2.Z67,I2,"['2023-04-21 00:00:00+00:00', '2023-04-21 01:00:00+00:00', '2023-04-21 02:00:00+00:00', '2023-04-21 03:00:00+00:00', '2023-04-21 04:00:00+00:00', '2023-04-21 05:00:00+00:00', '2023-04-21 06:00:00+00:00', '2023-04-21 07:00:00+00:00', '2023-04-21 08:00:00+00:00', '2023-04-21 09:00:00+00:00', '2023-04-21 10:00:00+00:00', '2023-04-21 11:00:00+00:00', '2023-04-21 12:00:00+00:00', '2023-04-21 13:00:00+00:00', '2023-04-21 14:00:00+00:00', '2023-04-21 15:00:00+00:00', '2023-04-21 16:00:00+00:00', '2023-04-21 17:00:00+00:00', '2023-04-21 18:00:00+00:00', '2023-04-21 19:00:00+00:00', '2023-04-21 20:00:00+00:00', '2023-04-21 21:00:00+00:00', '2023-04-21 22:00:00+00:00', '2023-04-21 23:00:00+00:00']",24,3.069,0.985,0.098,6.504
2023-05-09,H3.ZE41,P1,"['2023-05-09 06:00:00+00:00', '2023-05-09 07:00:00+00:00', '2023-05-09 08:00:00+00:00', '2023-05-09 09:00:00+00:00', '2023-05-09 10:00:00+00:00', '2023-05-09 11:00:00+00:00', '2023-05-09 12:00:00+00:00', '2023-05-09 13:00:00+00:00', '2023-05-09 14:00:00+00:00']",9,7.317,0.8065,1975.182,1093.36
2023-05-09,H3.ZE41,P3,"['2023-05-09 09:00:00+00:00', '2023-05-09 10:00:00+00:00', '2023-05-09 11:00:00+00:00', '2023-05-09 12:00:00+00:00', '2023-05-09 13:00:00+00:00', '2023-05-09 14:00:00+00:00']",6,6.448,0.6947,1131.061,667.413
2023-05-09,H3.Z41,I3,"['2023-05-09 09:00:00+00:00', '2023-05-09 10:00:00+00:00', '2023-05-09 11:00:00+00:00', '2023-05-09 12:00:00+00:00', '2023-05-09 13:00:00+00:00', '2023-05-09 14:00:00+00:00']",6,6.415,0.6138,5.187,3.214
2023-05-09,H3.Z41,P3,"['2023-05-09 09:00:00+00:00', '2023-05-09 10:00:00+00:00', '2023-05-09 11:00:00+00:00', '2023-05-09 12:00:00+00:00', '2023-05-09 13:00:00+00:00', '2023-05-09 14:00:00+00:00']",6,6.383,0.632,1139.538,698.231
2023-05-09,H2.Z68,I2,"['2023-05-09 07:00:00+00:00', '2023-05-09 10:00:00+00:00', '2023-05-09 11:00:00+00:00', '2023-05-09 12:00:00+00:00']",4,6.323,0.1109,5.778,6.498
2023-05-09,H1.Z26,P2,"['2023-05-09 08:00:00+00:00', '2023-05-09 09:00:00+00:00', '2023-05-09 14:00:00+00:00']",3,5.917,0.7286,1949.648,1127.876
2023-05-09,H1.Z26,P,"['2023-05-09 07:00:00+00:00', '2023-05-09 08:00:00+00:00', '2023-05-09 09:00:00+00:00', '2023-05-09 10:00:00+00:00', '2023-05-09 14:00:00+00:00']",5,5.772,0.8069,7608.272,4210.656
2023-05-09,H3.ZE41,P,"['2023-05-09 07:00:00+00:00', '2023-05-09 08:00:00+00:00', '2023-05-09 09:00:00+00:00', '2023-05-09 10:00:00+00:00', '2023-05-09 11:00:00+00:00', '2023-05-09 12:00:00+00:00', '2023-05-09 13:00:00+00:00', '2023-05-09 14:00:00+00:00']",8,5.665,0.6845,5548.089,3293.621
2023-05-09,H3.ZE40,P2,"['2023-05-09 14:00:00+00:00', '2023-05-09 15:00:00+00:00', '2023-05-09 16:00:00+00:00']",3,5.637,0.2025,2845.384,2366.314
2023-05-09,H3.Z41,I1,"['2023-05-09 06:00:00+00:00', '2023-05-09 08:00:00+00:00', '2023-05-09 10:00:00+00:00', '2023-05-09 11:00:00+00:00', '2023-05-09 12:00:00+00:00', '2023-05-09 13:00:00+00:00', '2023-05-09 14:00:00+00:00']",7,5.465,0.5282,9.79,6.406
2023-05-09,H1.Z26,P1,"['2023-05-09 08:00:00+00:00', '2023-05-09 09:00:00+00:00', '2023-05-09 14:00:00+00:00']",3,5.464,0.5371,2675.464,1740.557
2023-05-09,H3.Z41,P1,"['2023-05-09 08:00:00+00:00', '2023-05-09 10:00:00+00:00', '2023-05-09 11:00:00+00:00', '2023-05-09 12:00:00+00:00', '2023-05-09 13:00:00+00:00', '2023-05-09 14:00:00+00:00']",6,5.409,0.6629,1955.697,1176.088
2023-05-09,H1.Z26,P3,"['2023-05-09 07:00:00+00:00', '2023-05-09 08:00:00+00:00', '2023-05-09 09:00:00+00:00', '2023-05-09 10:00:00+00:00', '2023-05-09 13:00:00+00:00', '2023-05-09 14:00:00+00:00']",6,5.392,1.2272,2983.16,1339.426
2023-05-09,H1.K15,P,"['2023-05-09 12:00:00+00:00', '2023-05-09 13:00:00+00:00', '2023-05-09 14:00:00+00:00', '2023-05-09 15:00:00+00:00']",4,5.145,2.1947,823.094,257.647
2023-05-09,H2.Z68,Q,"['2023-05-09 07:00:00+00:00', '2023-05-09 11:00:00+00:00', '2023-05-09 12:00:00+00:00']",3,5.109,0.1249,3236.674,3698.459
2023-05-09,H3.Z40,P2,"['2023-05-09 14:00:00+00:00', '2023-05-09 15:00:00+00:00', '2023-05-09 16:00:00+00:00']",3,4.871,0.1582,2765.674,2388.001
2023-05-09,H3.Z40,I2,"['2023-05-09 14:00:00+00:00', '2023-05-09 15:00:00+00:00', '2023-05-09 16:00:00+00:00']",3,4.855,0.145,13.226,11.551
2023-05-09,H3.Z41,P,"['2023-05-09 08:00:00+00:00', '2023-05-09 09:00:00+00:00', '2023-05-09 10:00:00+00:00', '2023-05-09 11:00:00+00:00', '2023-05-09 12:00:00+00:00', '2023-05-09 13:00:00+00:00', '2023-05-09 14:00:00+00:00']",7,4.57,0.5771,5532.97,3508.219
2023-05-09,H3.ZE41,I1,"['2023-05-09 11:00:00+00:00', '2023-05-09 12:00:00+00:00', '2023-05-09 13:00:00+00:00']",3,4.528,0.4484,9.775,6.749
2023-05-09,H4.ZE50,P2,"['2023-05-09 08:00:00+00:00', '2023-05-09 09:00:00+00:00', '2023-05-09 10:00:00+00:00']",3,4.479,0.5485,1117.066,721.368
2023-05-09,H3.Z41,Q,"['2023-05-09 08:00:00+00:00', '2023-05-09 09:00:00+00:00', '2023-05-09 10:00:00+00:00', '2023-05-09 11:00:00+00:00', '2023-05-09 12:00:00+00:00', '2023-05-09 13:00:00+00:00', '2023-05-09 14:00:00+00:00']",7,4.321,0.2451,-2200.204,-1767.05
2023-05-09,H1.W11,qv,"['2023-05-09 00:00:00+00:00', '2023-05-09 01:00:00+00:00', '2023-05-09 19:00:00+00:00', '2023-05-09 20:00:00+00:00', '2023-05-09 21:00:00+00:00', '2023-05-09 22:00:00+00:00', '2023-05-09 23:00:00+00:00']",7,4.313,1.5288,14.389,5.69
2023-05-09,H4.ZE50,P,"['2023-05-09 08:00:00+00:00', '2023-05-09 09:00:00+00:00']",2,4.134,0.4356,3959.991,2758.428
2023-05-09,H3.ZE41,P2,"['2023-05-09 08:00:00+00:00', '2023-05-09 11:00:00+00:00', '2023-05-09 12:00:00+00:00', '2023-05-09 13:00:00+00:00', '2023-05-09 14:00:00+00:00']",5,4.073,0.5921,2441.845,1533.76
2023-05-09,H3.ZE40,I2,"['2023-05-09 15:00:00+00:00', '2023-05-09 16:00:00+00:00']",2,4.045,0.118,13.505,12.079
2023-05-09,H2.T.Z33,I1,"['2023-05-09 14:00:00+00:00', '2023-05-09 15:00:00+00:00', '2023-05-09 16:00:00+00:00', '2023-05-09 17:00:00+00:00', '2023-05-09 18:00:00+00:00']",5,3.988,0.2565,83.813,66.702
2023-05-09,H4.Z51,P2,"['2023-05-09 11:00:00+00:00', '2023-05-09 12:00:00+00:00', '2023-05-09 13:00:00+00:00', '2023-05-09 14:00:00+00:00']",4,3.938,0.398,1913.662,1368.885
2023-05-09,H4.Z51,I2,"['2023-05-09 11:00:00+00:00', '2023-05-09 12:00:00+00:00', '2023-05-09 13:00:00+00:00', '2023-05-09 14:00:00+00:00']",4,3.898,0.1779,9.134,7.754
2023-05-09,H2.T.Z33,I2,"['2023-05-09 14:00:00+00:00', '2023-05-09 15:00:00+00:00', '2023-05-09 16:00:00+00:00', '2023-05-09 17:00:00+00:00']",4,3.752,0.2622,82.491,65.357
2023-05-09,H4.ZE51,P3,"['2023-05-09 09:00:00+00:00', '2023-05-09 12:00:00+00:00', '2023-05-09 13:00:00+00:00']",3,3.637,0.4757,1633.585,1106.993
2023-05-09,H4.ZE50,I2,"['2023-05-09 08:00:00+00:00', '2023-05-09 09:00:00+00:00']",2,3.582,0.2893,5.381,4.173
2023-05-09,H4.Z50,Q,"['2023-05-09 09:00:00+00:00', '2023-05-09 10:00:00+00:00']",2,3.489,0.1238,1611.575,1434.095
2023-05-09,H2.T.Z32,P1,"['2023-05-09 10:00:00+00:00', '2023-05-09 11:00:00+00:00']",2,3.402,0.2604,3017.29,2393.961
2023-05-09,H3.Z41,I2,"['2023-05-09 11:00:00+00:00', '2023-05-09 12:00:00+00:00', '2023-05-09 13:00:00+00:00']",3,3.295,0.4404,11.72,8.137
2023-05-09,H3.Z41,P2,"['2023-05-09 11:00:00+00:00', '2023-05-09 12:00:00+00:00', '2023-05-09 13:00:00+00:00']",3,3.243,0.4919,2437.72,1633.934
2023-05-09,H2.T.Z33,I3,"['2023-05-09 16:00:00+00:00', '2023-05-09 17:00:00+00:00']",2,3.097,0.2119,85.576,70.611
2023-05-18,H3.Z46,Q,"['2023-05-18 00:00:00+00:00', '2023-05-18 01:00:00+00:00', '2023-05-18 02:00:00+00:00', '2023-05-18 03:00:00+00:00', '2023-05-18 04:00:00+00:00']",5,8.418,0.5901,-702.666,-1714.155
2023-05-18,H3.Z46,I1,"['2023-05-18 00:00:00+00:00', '2023-05-18 01:00:00+00:00', '2023-05-18 02:00:00+00:00', '2023-05-18 03:00:00+00:00', '2023-05-18 04:00:00+00:00']",5,8.126,0.2128,9.164,7.556
2023-05-18,H3.Z46,P1,"['2023-05-18 00:00:00+00:00', '2023-05-18 01:00:00+00:00', '2023-05-18 02:00:00+00:00', '2023-05-18 03:00:00+00:00', '2023-05-18 04:00:00+00:00']",5,8.084,0.2169,1982.877,1629.511
2023-05-18,H3.Z46,P,"['2023-05-18 00:00:00+00:00', '2023-05-18 01:00:00+00:00', '2023-05-18 02:00:00+00:00', '2023-05-18 03:00:00+00:00', '2023-05-18 04:00:00+00:00']",5,7.771,0.1219,5632.51,5020.677
2023-05-18,H2.Z66,P3,"['2023-05-18 11:00:00+00:00', '2023-05-18 12:00:00+00:00', '2023-05-18 13:00:00+00:00', '2023-05-18 14:00:00+00:00', '2023-05-18 15:00:00+00:00', '2023-05-18 16:00:00+00:00', '2023-05-18 17:00:00+00:00', '2023-05-18 18:00:00+00:00', '2023-05-18 19:00:00+00:00', '2023-05-18 20:00:00+00:00', '2023-05-18 21:00:00+00:00', '2023-05-18 22:00:00+00:00', '2023-05-18 23:00:00+00:00']",13,7.648,13.4973,1043.107,71.952
2023-05-18,H3.Z46,I2,"['2023-05-18 00:00:00+00:00', '2023-05-18 01:00:00+00:00', '2023-05-18 02:00:00+00:00', '2023-05-18 03:00:00+00:00', '2023-05-18 04:00:00+00:00']",5,7.456,0.1246,9.134,8.122
2023-05-18,H3.Z46,P2,"['2023-05-18 00:00:00+00:00', '2023-05-18 01:00:00+00:00', '2023-05-18 02:00:00+00:00', '2023-05-18 03:00:00+00:00', '2023-05-18 04:00:00+00:00']",5,7.403,0.1325,1931.238,1705.223
2023-05-18,H2.Z66,P1,"['2023-05-18 11:00:00+00:00', '2023-05-18 12:00:00+00:00', '2023-05-18 13:00:00+00:00', '2023-05-18 14:00:00+00:00', '2023-05-18 15:00:00+00:00', '2023-05-18 16:00:00+00:00', '2023-05-18 17:00:00+00:00', '2023-05-18 18:00:00+00:00', '2023-05-18 19:00:00+00:00', '2023-05-18 20:00:00+00:00', '2023-05-18 21:00:00+00:00', '2023-05-18 22:00:00+00:00', '2023-05-18 23:00:00+00:00']",13,6.998,9.9542,972.228,88.754
2023-05-18,H2.ZE66,P1,"['2023-05-18 11:00:00+00:00', '2023-05-18 12:00:00+00:00', '2023-05-18 13:00:00+00:00', '2023-05-18 14:00:00+00:00', '2023-05-18 15:00:00+00:00', '2023-05-18 16:00:00+00:00', '2023-05-18 17:00:00+00:00', '2023-05-18 18:00:00+00:00', '2023-05-18 19:00:00+00:00', '2023-05-18 20:00:00+00:00', '2023-05-18 21:00:00+00:00', '2023-05-18 22:00:00+00:00', '2023-05-18 23:00:00+00:00']",13,6.816,9.9843,973.435,88.621
2023-05-18,H2.ZE66,P2,"['2023-05-18 11:00:00+00:00', '2023-05-18 12:00:00+00:00', '2023-05-18 13:00:00+00:00', '2023-05-18 14:00:00+00:00', '2023-05-18 15:00:00+00:00', '2023-05-18 16:00:00+00:00', '2023-05-18 17:00:00+00:00', '2023-05-18 18:00:00+00:00', '2023-05-18 19:00:00+00:00', '2023-05-18 20:00:00+00:00', '2023-05-18 21:00:00+00:00', '2023-05-18 22:00:00+00:00', '2023-05-18 23:00:00+00:00']",13,6.689,12.0766,956.594,73.153
2023-05-18,H2.ZE66,P,"['2023-05-18 11:00:00+00:00', '2023-05-18 12:00:00+00:00', '2023-05-18 13:00:00+00:00', '2023-05-18 14:00:00+00:00', '2023-05-18 15:00:00+00:00', '2023-05-18 16:00:00+00:00', '2023-05-18 17:00:00+00:00', '2023-05-18 18:00:00+00:00', '2023-05-18 19:00:00+00:00', '2023-05-18 20:00:00+00:00', '2023-05-18 21:00:00+00:00', '2023-05-18 22:00:00+00:00', '2023-05-18 23:00:00+00:00']",13,6.666,11.3399,2909.441,235.775
2023-05-18,H2.Z66,P2,"['2023-05-18 11:00:00+00:00', '2023-05-18 12:00:00+00:00', '2023-05-18 13:00:00+00:00', '2023-05-18 14:00:00+00:00', '2023-05-18 15:00:00+00:00', '2023-05-18 16:00:00+00:00', '2023-05-18 17:00:00+00:00', '2023-05-18 18:00:00+00:00', '2023-05-18 19:00:00+00:00', '2023-05-18 20:00:00+00:00', '2023-05-18 21:00:00+00:00', '2023-05-18 22:00:00+00:00', '2023-05-18 23:00:00+00:00']",13,6.66,11.7044,951.31,74.88
2023-05-18,H2.Z66,P,"['2023-05-18 11:00:00+00:00', '2023-05-18 12:00:00+00:00', '2023-05-18 13:00:00+00:00', '2023-05-18 14:00:00+00:00', '2023-05-18 15:00:00+00:00', '2023-05-18 16:00:00+00:00', '2023-05-18 17:00:00+00:00', '2023-05-18 18:00:00+00:00', '2023-05-18 19:00:00+00:00', '2023-05-18 20:00:00+00:00', '2023-05-18 21:00:00+00:00', '2023-05-18 22:00:00+00:00', '2023-05-18 23:00:00+00:00']",13,6.642,11.1823,2906.309,238.567
2023-05-18,H3.Z40,Q,"['2023-05-18 00:00:00+00:00', '2023-05-18 01:00:00+00:00', '2023-05-18 02:00:00+00:00', '2023-05-18 03:00:00+00:00', '2023-05-18 04:00:00+00:00']",5,6.53,0.3735,-1738.607,-2775.264
2023-05-18,H2.ZE66,P3,"['2023-05-18 11:00:00+00:00', '2023-05-18 12:00:00+00:00', '2023-05-18 13:00:00+00:00', '2023-05-18 14:00:00+00:00', '2023-05-18 15:00:00+00:00', '2023-05-18 16:00:00+00:00', '2023-05-18 17:00:00+00:00', '2023-05-18 18:00:00+00:00', '2023-05-18 19:00:00+00:00', '2023-05-18 20:00:00+00:00', '2023-05-18 21:00:00+00:00', '2023-05-18 22:00:00+00:00', '2023-05-18 23:00:00+00:00']",13,6.461,12.2197,983.848,74.423
2023-05-18,H2.Z66,Q,"['2023-05-18 11:00:00+00:00', '2023-05-18 12:00:00+00:00', '2023-05-18 13:00:00+00:00', '2023-05-18 14:00:00+00:00', '2023-05-18 15:00:00+00:00', '2023-05-18 16:00:00+00:00', '2023-05-18 17:00:00+00:00', '2023-05-18 18:00:00+00:00', '2023-05-18 19:00:00+00:00', '2023-05-18 20:00:00+00:00', '2023-05-18 21:00:00+00:00', '2023-05-18 22:00:00+00:00', '2023-05-18 23:00:00+00:00']",13,6.308,10.0172,1961.726,178.061
2023-05-18,H3.ZE43,P2,"['2023-05-18 04:00:00+00:00', '2023-05-18 05:00:00+00:00']",2,4.746,0.1603,1220.539,1453.557
2023-05-18,H3.Z43,P2,"['2023-05-18 04:00:00+00:00', '2023-05-18 05:00:00+00:00']",2,4.727,0.1595,1232.687,1466.589
2023-05-18,H3.ZE43,P,"['2023-05-18 04:00:00+00:00', '2023-05-18 05:00:00+00:00']",2,4.726,0.1613,3625.204,4322.389
2023-05-18,H3.ZE43,P1,"['2023-05-18 04:00:00+00:00', '2023-05-18 05:00:00+00:00']",2,4.719,0.1419,1268.06,1477.695
2023-05-18,H3.Z43,P,"['2023-05-18 04:00:00+00:00', '2023-05-18 05:00:00+00:00']",2,4.714,0.1596,3660.503,4355.726
2023-05-18,H3.ZE43,P3,"['2023-05-18 04:00:00+00:00', '2023-05-18 05:00:00+00:00']",2,4.702,0.183,1136.604,1391.136
2023-05-18,H3.Z43,P1,"['2023-05-18 04:00:00+00:00', '2023-05-18 05:00:00+00:00']",2,4.699,0.1413,1281.591,1492.396
2023-05-18,H3.Z43,P3,"['2023-05-18 04:00:00+00:00', '2023-05-18 05:00:00+00:00']",2,4.686,0.1822,1146.301,1401.694
2023-05-18,H3.ZE43,I2,"['2023-05-18 04:00:00+00:00', '2023-05-18 05:00:00+00:00']",2,4.575,0.1605,7.689,9.159
2023-05-18,H3.ZE43,I3,"['2023-05-18 04:00:00+00:00', '2023-05-18 05:00:00+00:00']",2,4.552,0.1875,7.113,8.754
2023-05-18,H3.Z43,I2,"['2023-05-18 04:00:00+00:00', '2023-05-18 05:00:00+00:00']",2,4.535,0.1615,7.71,9.195
2023-05-18,H3.Z43,I3,"['2023-05-18 04:00:00+00:00', '2023-05-18 05:00:00+00:00']",2,4.513,0.1865,7.158,8.798
2023-05-18,H3.ZE43,I1,"['2023-05-18 04:00:00+00:00', '2023-05-18 05:00:00+00:00']",2,4.403,0.1629,7.489,8.946
2023-05-18,H3.Z43,I1,"['2023-05-18 04:00:00+00:00', '2023-05-18 05:00:00+00:00']",2,4.36,0.1615,7.54,8.993
2023-05-18,H3.Z43,Q,"['2023-05-18 04:00:00+00:00', '2023-05-18 05:00:00+00:00']",2,4.353,0.1837,3601.628,4412.137
2023-05-18,H1.W11,qv,"['2023-05-18 03:00:00+00:00', '2023-05-18 04:00:00+00:00']",2,4.291,0.2461,7.64,6.131
2023-05-18,H2.ZE67,I1,"['2023-05-18 11:00:00+00:00', '2023-05-18 12:00:00+00:00', '2023-05-18 13:00:00+00:00', '2023-05-18 14:00:00+00:00', '2023-05-18 15:00:00+00:00', '2023-05-18 16:00:00+00:00', '2023-05-18 17:00:00+00:00', '2023-05-18 18:00:00+00:00', '2023-05-18 19:00:00+00:00', '2023-05-18 20:00:00+00:00', '2023-05-18 21:00:00+00:00', '2023-05-18 22:00:00+00:00', '2023-05-18 23:00:00+00:00']",13,3.702,0.5469,3.17,6.997
2023-05-18,H2.ZE67,I2,"['2023-05-18 11:00:00+00:00', '2023-05-18 12:00:00+00:00', '2023-05-18 13:00:00+00:00', '2023-05-18 14:00:00+00:00', '2023-05-18 15:00:00+00:00', '2023-05-18 16:00:00+00:00', '2023-05-18 17:00:00+00:00', '2023-05-18 18:00:00+00:00', '2023-05-18 19:00:00+00:00', '2023-05-18 20:00:00+00:00', '2023-05-18 21:00:00+00:00', '2023-05-18 22:00:00+00:00', '2023-05-18 23:00:00+00:00']",13,3.7,0.5472,3.141,6.937
2023-05-18,H2.ZE67,P,"['2023-05-18 11:00:00+00:00', '2023-05-18 12:00:00+00:00', '2023-05-18 13:00:00+00:00', '2023-05-18 14:00:00+00:00', '2023-05-18 15:00:00+00:00', '2023-05-18 16:00:00+00:00', '2023-05-18 17:00:00+00:00', '2023-05-18 18:00:00+00:00', '2023-05-18 19:00:00+00:00', '2023-05-18 20:00:00+00:00', '2023-05-18 21:00:00+00:00', '2023-05-18 22:00:00+00:00', '2023-05-18 23:00:00+00:00']",13,3.688,0.5583,1706.369,3863.603
2023-05-18,H2.ZE67,P2,"['2023-05-18 11:00:00+00:00', '2023-05-18 12:00:00+00:00', '2023-05-18 13:00:00+00:00', '2023-05-18 14:00:00+00:00', '2023-05-18 15:00:00+00:00', '2023-05-18 16:00:00+00:00', '2023-05-18 17:00:00+00:00', '2023-05-18 18:00:00+00:00', '2023-05-18 19:00:00+00:00', '2023-05-18 20:00:00+00:00', '2023-05-18 21:00:00+00:00', '2023-05-18 22:00:00+00:00', '2023-05-18 23:00:00+00:00']",13,3.688,0.5616,557.745,1272.267
2023-05-18,H2.ZE67,P1,"['2023-05-18 11:00:00+00:00', '2023-05-18 12:00:00+00:00', '2023-05-18 13:00:00+00:00', '2023-05-18 14:00:00+00:00', '2023-05-18 15:00:00+00:00', '2023-05-18 16:00:00+00:00', '2023-05-18 17:00:00+00:00', '2023-05-18 18:00:00+00:00', '2023-05-18 19:00:00+00:00', '2023-05-18 20:00:00+00:00', '2023-05-18 21:00:00+00:00', '2023-05-18 22:00:00+00:00', '2023-05-18 23:00:00+00:00']",13,3.687,0.5477,577.269,1276.291
2023-05-18,H2.Z67,Q,"['2023-05-18 11:00:00+00:00', '2023-05-18 12:00:00+00:00', '2023-05-18 13:00:00+00:00', '2023-05-18 14:00:00+00:00', '2023-05-18 15:00:00+00:00', '2023-05-18 16:00:00+00:00', '2023-05-18 17:00:00+00:00', '2023-05-18 18:00:00+00:00', '2023-05-18 19:00:00+00:00', '2023-05-18 20:00:00+00:00', '2023-05-18 21:00:00+00:00', '2023-05-18 22:00:00+00:00', '2023-05-18 23:00:00+00:00']",13,3.622,0.5498,1321.798,2936.036
2023-05-18,H2.Z67,P2,"['2023-05-18 11:00:00+00:00', '2023-05-18 12:00:00+00:00', '2023-05-18 13:00:00+00:00', '2023-05-18 14:00:00+00:00', '2023-05-18 15:00:00+00:00', '2023-05-18 16:00:00+00:00', '2023-05-18 17:00:00+00:00', '2023-05-18 18:00:00+00:00', '2023-05-18 19:00:00+00:00', '2023-05-18 20:00:00+00:00', '2023-05-18 21:00:00+00:00', '2023-05-18 22:00:00+00:00', '2023-05-18 23:00:00+00:00']",13,3.621,0.5624,569.391,1301.188
2023-05-18,H2.Z67,P1,"['2023-05-18 11:00:00+00:00', '2023-05-18 12:00:00+00:00', '2023-05-18 13:00:00+00:00', '2023-05-18 14:00:00+00:00', '2023-05-18 15:00:00+00:00', '2023-05-18 16:00:00+00:00', '2023-05-18 17:00:00+00:00', '2023-05-18 18:00:00+00:00', '2023-05-18 19:00:00+00:00', '2023-05-18 20:00:00+00:00', '2023-05-18 21:00:00+00:00', '2023-05-18 22:00:00+00:00', '2023-05-18 23:00:00+00:00']",13,3.616,0.5508,588.798,1310.777
2023-05-18,H2.Z67,P,"['2023-05-18 11:00:00+00:00', '2023-05-18 12:00:00+00:00', '2023-05-18 13:00:00+00:00', '2023-05-18 14:00:00+00:00', '2023-05-18 15:00:00+00:00', '2023-05-18 16:00:00+00:00', '2023-05-18 17:00:00+00:00', '2023-05-18 18:00:00+00:00', '2023-05-18 19:00:00+00:00', '2023-05-18 20:00:00+00:00', '2023-05-18 21:00:00+00:00', '2023-05-18 22:00:00+00:00', '2023-05-18 23:00:00+00:00']",13,3.614,0.5608,1736.275,3953.527
2023-05-18,H2.ZE67,P3,"['2023-05-18 11:00:00+00:00', '2023-05-18 12:00:00+00:00', '2023-05-18 13:00:00+00:00', '2023-05-18 14:00:00+00:00', '2023-05-18 15:00:00+00:00', '2023-05-18 16:00:00+00:00', '2023-05-18 17:00:00+00:00', '2023-05-18 18:00:00+00:00', '2023-05-18 19:00:00+00:00', '2023-05-18 20:00:00+00:00', '2023-05-18 21:00:00+00:00', '2023-05-18 22:00:00+00:00', '2023-05-18 23:00:00+00:00']",13,3.404,0.5877,671.764,1629.457
2023-05-18,H1.Z25,Q,"['2023-05-18 08:00:00+00:00', '2023-05-18 11:00:00+00:00']",2,3.253,1.0808,-0.61,7.554
2023-05-18,H2.T.Z33,P2,"['2023-05-18 11:00:00+00:00', '2023-05-18 12:00:00+00:00']",2,3.227,0.5462,7678.015,16919.599
2023-05-18,H2.Z67,I2,"['2023-05-18 11:00:00+00:00', '2023-05-18 12:00:00+00:00', '2023-05-18 13:00:00+00:00', '2023-05-18 14:00:00+00:00', '2023-05-18 15:00:00+00:00', '2023-05-18 16:00:00+00:00', '2023-05-18 17:00:00+00:00', '2023-05-18 18:00:00+00:00', '2023-05-18 19:00:00+00:00', '2023-05-18 20:00:00+00:00', '2023-05-18 21:00:00+00:00', '2023-05-18 22:00:00+00:00', '2023-05-18 23:00:00+00:00']",13,3.063,0.5292,3.728,7.917
2023-05-18,H2.ZE67,I3,"['2023-05-18 11:00:00+00:00', '2023-05-18 12:00:00+00:00', '2023-05-18 13:00:00+00:00', '2023-05-18 14:00:00+00:00', '2023-05-18 15:00:00+00:00', '2023-05-18 16:00:00+00:00', '2023-05-18 17:00:00+00:00', '2023-05-18 18:00:00+00:00', '2023-05-18 19:00:00+00:00', '2023-05-18 20:00:00+00:00', '2023-05-18 21:00:00+00:00', '2023-05-18 22:00:00+00:00', '2023-05-18 23:00:00+00:00']",13,3.027,0.578,3.699,8.766
2023-06-25,H1.Z20,Q,"['2023-06-25 03:00:00+00:00', '2023-06-25 04:00:00+00:00', '2023-06-25 21:00:00+00:00', '2023-06-25 22:00:00+00:00']",4,10.386,10.4769,-2159.788,-188.185
2023-06-25,H1.W11,qv,"['2023-06-25 01:00:00+00:00', '2023-06-25 02:00:00+00:00', '2023-06-25 03:00:00+00:00', '2023-06-25 06:00:00+00:00', '2023-06-25 07:00:00+00:00', '2023-06-25 08:00:00+00:00', '2023-06-25 09:00:00+00:00', '2023-06-25 10:00:00+00:00', '2023-06-25 11:00:00+00:00', '2023-06-25 12:00:00+00:00', '2023-06-25 13:00:00+00:00', '2023-06-25 14:00:00+00:00', '2023-06-25 15:00:00+00:00', '2023-06-25 16:00:00+00:00', '2023-06-25 17:00:00+00:00', '2023-06-25 18:00:00+00:00', '2023-06-25 19:00:00+00:00', '2023-06-25 20:00:00+00:00', '2023-06-25 21:00:00+00:00', '2023-06-25 22:00:00+00:00', '2023-06-25 23:00:00+00:00']",21,10.194,11.0124,37.76,3.143
2023-06-25,H1.Z19,P3,"['2023-06-25 02:00:00+00:00', '2023-06-25 03:00:00+00:00', '2023-06-25 04:00:00+00:00', '2023-06-25 21:00:00+00:00', '2023-06-25 22:00:00+00:00']",5,9.129,11.2507,189.818,15.494
2023-06-25,H1.ZE20,I1,"['2023-06-25 02:00:00+00:00', '2023-06-25 03:00:00+00:00', '2023-06-25 04:00:00+00:00', '2023-06-25 21:00:00+00:00', '2023-06-25 22:00:00+00:00']",5,9.056,9.27,-43.705,-4.256
2023-06-25,H1.Z20,I1,"['2023-06-25 02:00:00+00:00', '2023-06-25 03:00:00+00:00', '2023-06-25 04:00:00+00:00', '2023-06-25 21:00:00+00:00', '2023-06-25 22:00:00+00:00']",5,9.049,9.2571,-43.694,-4.26
2023-06-25,H1.ZE20,P2,"['2023-06-25 02:00:00+00:00', '2023-06-25 03:00:00+00:00', '2023-06-25 04:00:00+00:00', '2023-06-25 21:00:00+00:00', '2023-06-25 22:00:00+00:00']",5,9.045,9.9358,-9152.889,-836.965
2023-06-25,H1.Z29,I1,"['2023-06-25 02:00:00+00:00', '2023-06-25 03:00:00+00:00', '2023-06-25 04:00:00+00:00', '2023-06-25 21:00:00+00:00', '2023-06-25 22:00:00+00:00']",5,9.041,7.1411,44.976,5.525
2023-06-25,H1.Z20,P2,"['2023-06-25 02:00:00+00:00', '2023-06-25 03:00:00+00:00', '2023-06-25 04:00:00+00:00', '2023-06-25 21:00:00+00:00', '2023-06-25 22:00:00+00:00']",5,9.039,9.9426,-9159.615,-837.064
2023-06-25,H1.Z29,P2,"['2023-06-25 02:00:00+00:00', '2023-06-25 03:00:00+00:00', '2023-06-25 04:00:00+00:00', '2023-06-25 21:00:00+00:00', '2023-06-25 22:00:00+00:00']",5,9.022,14.2792,-9045.876,-592.037
2023-06-25,H1.ZE20,I2,"['2023-06-25 02:00:00+00:00', '2023-06-25 03:00:00+00:00', '2023-06-25 04:00:00+00:00', '2023-06-25 21:00:00+00:00', '2023-06-25 22:00:00+00:00']",5,9.021,9.1609,-40.817,-4.017
2023-06-25,H1.Z20,I2,"['2023-06-25 02:00:00+00:00', '2023-06-25 03:00:00+00:00', '2023-06-25 04:00:00+00:00', '2023-06-25 21:00:00+00:00', '2023-06-25 22:00:00+00:00']",5,9.008,9.143,-40.758,-4.018
2023-06-25,H1.Z29,I2,"['2023-06-25 02:00:00+00:00', '2023-06-25 03:00:00+00:00', '2023-06-25 04:00:00+00:00', '2023-06-25 21:00:00+00:00', '2023-06-25 22:00:00+00:00']",5,8.999,6.9306,42.283,5.332
2023-06-25,H1.ZE20,P,"['2023-06-25 02:00:00+00:00', '2023-06-25 03:00:00+00:00', '2023-06-25 04:00:00+00:00', '2023-06-25 21:00:00+00:00', '2023-06-25 22:00:00+00:00']",5,8.978,9.9049,-27473.99,-2519.422
2023-06-25,H1.ZE20,I3,"['2023-06-25 02:00:00+00:00', '2023-06-25 03:00:00+00:00', '2023-06-25 04:00:00+00:00', '2023-06-25 21:00:00+00:00', '2023-06-25 22:00:00+00:00']",5,8.972,9.0951,-39.729,-3.935
2023-06-25,H1.Z20,P,"['2023-06-25 02:00:00+00:00', '2023-06-25 03:00:00+00:00', '2023-06-25 04:00:00+00:00', '2023-06-25 21:00:00+00:00', '2023-06-25 22:00:00+00:00']",5,8.968,9.9127,-27498.21,-2519.825
2023-06-25,H1.ZE20,P1,"['2023-06-25 02:00:00+00:00', '2023-06-25 03:00:00+00:00', '2023-06-25 04:00:00+00:00', '2023-06-25 21:00:00+00:00', '2023-06-25 22:00:00+00:00']",5,8.965,9.9033,-9485.715,-869.988
2023-06-25,H1.Z20,I3,"['2023-06-25 02:00:00+00:00', '2023-06-25 03:00:00+00:00', '2023-06-25 04:00:00+00:00', '2023-06-25 21:00:00+00:00', '2023-06-25 22:00:00+00:00']",5,8.964,9.0685,-39.686,-3.942
2023-06-25,H1.Z29,P,"['2023-06-25 02:00:00+00:00', '2023-06-25 03:00:00+00:00', '2023-06-25 04:00:00+00:00', '2023-06-25 21:00:00+00:00', '2023-06-25 22:00:00+00:00']",5,8.95,13.2809,-27425.5,-1920.43
2023-06-25,H1.Z29,I3,"['2023-06-25 02:00:00+00:00', '2023-06-25 03:00:00+00:00', '2023-06-25 04:00:00+00:00', '2023-06-25 21:00:00+00:00', '2023-06-25 22:00:00+00:00']",5,8.949,7.3839,40.198,4.795
2023-06-25,H1.Z20,P1,"['2023-06-25 02:00:00+00:00', '2023-06-25 03:00:00+00:00', '2023-06-25 04:00:00+00:00', '2023-06-25 21:00:00+00:00', '2023-06-25 22:00:00+00:00']",5,8.948,9.9072,-9501.829,-871.153
2023-06-25,H1.Z29,P1,"['2023-06-25 02:00:00+00:00', '2023-06-25 03:00:00+00:00', '2023-06-25 04:00:00+00:00', '2023-06-25 21:00:00+00:00', '2023-06-25 22:00:00+00:00']",5,8.943,14.6587,-9367.723,-598.243
2023-06-25,H1.ZE20,P3,"['2023-06-25 02:00:00+00:00', '2023-06-25 03:00:00+00:00', '2023-06-25 04:00:00+00:00', '2023-06-25 21:00:00+00:00', '2023-06-25 22:00:00+00:00']",5,8.943,9.878,-8836.226,-812.299
2023-06-25,H1.Z20,P3,"['2023-06-25 02:00:00+00:00', '2023-06-25 03:00:00+00:00', '2023-06-25 04:00:00+00:00', '2023-06-25 21:00:00+00:00', '2023-06-25 22:00:00+00:00']",5,8.931,9.8907,-8838.774,-811.591
2023-06-25,H1.W12,P,"['2023-06-25 02:00:00+00:00', '2023-06-25 03:00:00+00:00', '2023-06-25 04:00:00+00:00', '2023-06-25 21:00:00+00:00', '2023-06-25 22:00:00+00:00']",5,8.913,9.6702,44868.291,4204.999
2023-06-25,H1.Z29,P3,"['2023-06-25 02:00:00+00:00', '2023-06-25 03:00:00+00:00', '2023-06-25 04:00:00+00:00', '2023-06-25 21:00:00+00:00', '2023-06-25 22:00:00+00:00']",5,8.908,12.4214,-9017.939,-671.91
2023-06-25,H1.Z24,P1,"['2023-06-25 02:00:00+00:00', '2023-06-25 03:00:00+00:00', '2023-06-25 04:00:00+00:00', '2023-06-25 21:00:00+00:00', '2023-06-25 22:00:00+00:00']",5,7.217,0.1366,97.122,112.487
2023-06-25,H1.Z25,P1,"['2023-06-25 02:00:00+00:00', '2023-06-25 03:00:00+00:00', '2023-06-25 04:00:00+00:00', '2023-06-25 21:00:00+00:00', '2023-06-25 22:00:00+00:00']",5,6.956,0.1732,112.443,95.841
2023-06-25,H1.Z24,P3,"['2023-06-25 03:00:00+00:00', '2023-06-25 04:00:00+00:00', '2023-06-25 21:00:00+00:00', '2023-06-25 22:00:00+00:00']",4,6.267,1.1224,1.831,-14.965
2023-06-25,H1.Z25,P3,"['2023-06-25 03:00:00+00:00', '2023-06-25 04:00:00+00:00', '2023-06-25 21:00:00+00:00', '2023-06-25 22:00:00+00:00']",4,6.161,1.1311,-1.121,8.553
2023-06-25,H1.W11,Tvl,"['2023-06-25 01:00:00+00:00', '2023-06-25 02:00:00+00:00', '2023-06-25 06:00:00+00:00', '2023-06-25 07:00:00+00:00', '2023-06-25 08:00:00+00:00', '2023-06-25 09:00:00+00:00', '2023-06-25 10:00:00+00:00', '2023-06-25 11:00:00+00:00', '2023-06-25 12:00:00+00:00', '2023-06-25 13:00:00+00:00', '2023-06-25 14:00:00+00:00', '2023-06-25 15:00:00+00:00', '2023-06-25 16:00:00+00:00', '2023-06-25 17:00:00+00:00', '2023-06-25 18:00:00+00:00', '2023-06-25 19:00:00+00:00', '2023-06-25 20:00:00+00:00', '2023-06-25 21:00:00+00:00', '2023-06-25 23:00:00+00:00']",19,5.611,0.4776,42.815,81.957
2023-06-25,H1.K15,Tvl,"['2023-06-25 01:00:00+00:00', '2023-06-25 02:00:00+00:00', '2023-06-25 03:00:00+00:00', '2023-06-25 04:00:00+00:00']",4,5.077,0.1643,8.442,7.251
2023-06-25,H1.W11,Trl,"['2023-06-25 02:00:00+00:00', '2023-06-25 07:00:00+00:00', '2023-06-25 08:00:00+00:00', '2023-06-25 09:00:00+00:00', '2023-06-25 10:00:00+00:00', '2023-06-25 11:00:00+00:00', '2023-06-25 12:00:00+00:00', '2023-06-25 13:00:00+00:00', '2023-06-25 14:00:00+00:00', '2023-06-25 15:00:00+00:00', '2023-06-25 16:00:00+00:00', '2023-06-25 17:00:00+00:00', '2023-06-25 18:00:00+00:00', '2023-06-25 19:00:00+00:00', '2023-06-25 20:00:00+00:00', '2023-06-25 21:00:00+00:00']",16,4.964,0.4094,40.236,68.132
2023-06-25,H1.Z28,P1,"['2023-06-25 03:00:00+00:00', '2023-06-25 21:00:00+00:00']",2,4.266,0.8753,1296.6,10396.299
2023-06-25,H2.ZE66,I2,"['2023-06-25 00:00:00+00:00', '2023-06-25 01:00:00+00:00', '2023-06-25 02:00:00+00:00', '2023-06-25 03:00:00+00:00', '2023-06-25 05:00:00+00:00', '2023-06-25 09:00:00+00:00', '2023-06-25 16:00:00+00:00', '2023-06-25 19:00:00+00:00', '2023-06-25 20:00:00+00:00', '2023-06-25 21:00:00+00:00', '2023-06-25 22:00:00+00:00', '2023-06-25 23:00:00+00:00']",12,4.254,0.2898,7.686,10.821
2023-06-25,H2.ZE66,I1,"['2023-06-25 00:00:00+00:00', '2023-06-25 01:00:00+00:00', '2023-06-25 02:00:00+00:00', '2023-06-25 03:00:00+00:00', '2023-06-25 05:00:00+00:00', '2023-06-25 09:00:00+00:00', '2023-06-25 16:00:00+00:00', '2023-06-25 20:00:00+00:00', '2023-06-25 21:00:00+00:00', '2023-06-25 22:00:00+00:00', '2023-06-25 23:00:00+00:00']",11,4.228,0.2825,7.823,10.904
2023-06-25,H1.Z28,P,"['2023-06-25 03:00:00+00:00', '2023-06-25 21:00:00+00:00']",2,4.164,0.9516,1421.89,29395.827
2023-06-25,H1.Z28,P2,"['2023-06-25 03:00:00+00:00', '2023-06-25 21:00:00+00:00']",2,4.144,0.9834,197.288,11890.804
2023-06-25,H2.Z62,Q,"['2023-06-25 00:00:00+00:00', '2023-06-25 01:00:00+00:00', '2023-06-25 02:00:00+00:00', '2023-06-25 03:00:00+00:00', '2023-06-25 04:00:00+00:00', '2023-06-25 05:00:00+00:00', '2023-06-25 06:00:00+00:00', '2023-06-25 07:00:00+00:00', '2023-06-25 08:00:00+00:00', '2023-06-25 09:00:00+00:00', '2023-06-25 10:00:00+00:00', '2023-06-25 11:00:00+00:00', '2023-06-25 12:00:00+00:00', '2023-06-25 13:00:00+00:00', '2023-06-25 14:00:00+00:00', '2023-06-25 15:00:00+00:00', '2023-06-25 16:00:00+00:00', '2023-06-25 17:00:00+00:00', '2023-06-25 18:00:00+00:00', '2023-06-25 19:00:00+00:00', '2023-06-25 20:00:00+00:00', '2023-06-25 21:00:00+00:00', '2023-06-25 22:00:00+00:00', '2023-06-25 23:00:00+00:00']",24,3.995,1.9039,1184.315,407.835
2023-06-25,H2.ZE74,I3,"['2023-06-25 00:00:00+00:00', '2023-06-25 01:00:00+00:00', '2023-06-25 02:00:00+00:00', '2023-06-25 03:00:00+00:00', '2023-06-25 04:00:00+00:00', '2023-06-25 05:00:00+00:00', '2023-06-25 06:00:00+00:00', '2023-06-25 07:00:00+00:00', '2023-06-25 08:00:00+00:00', '2023-06-25 09:00:00+00:00', '2023-06-25 10:00:00+00:00', '2023-06-25 11:00:00+00:00', '2023-06-25 12:00:00+00:00', '2023-06-25 13:00:00+00:00', '2023-06-25 14:00:00+00:00', '2023-06-25 15:00:00+00:00', '2023-06-25 16:00:00+00:00', '2023-06-25 17:00:00+00:00', '2023-06-25 18:00:00+00:00', '2023-06-25 19:00:00+00:00', '2023-06-25 20:00:00+00:00', '2023-06-25 21:00:00+00:00', '2023-06-25 22:00:00+00:00', '2023-06-25 23:00:00+00:00']",24,3.99,0.434,0.743,1.313
2023-06-25,H1.Z28,P3,"['2023-06-25 03:00:00+00:00', '2023-06-25 21:00:00+00:00']",2,3.975,1.0101,-72.146,7109.898
2023-06-25,H2.Z62,I1,"['2023-06-25 00:00:00+00:00', '2023-06-25 01:00:00+00:00', '2023-06-25 02:00:00+00:00', '2023-06-25 03:00:00+00:00', '2023-06-25 04:00:00+00:00', '2023-06-25 05:00:00+00:00', '2023-06-25 06:00:00+00:00', '2023-06-25 07:00:00+00:00', '2023-06-25 08:00:00+00:00', '2023-06-25 09:00:00+00:00', '2023-06-25 10:00:00+00:00', '2023-06-25 11:00:00+00:00', '2023-06-25 12:00:00+00:00', '2023-06-25 13:00:00+00:00', '2023-06-25 14:00:00+00:00', '2023-06-25 15:00:00+00:00', '2023-06-25 16:00:00+00:00', '2023-06-25 17:00:00+00:00', '2023-06-25 18:00:00+00:00', '2023-06-25 19:00:00+00:00', '2023-06-25 20:00:00+00:00', '2023-06-25 21:00:00+00:00', '2023-06-25 22:00:00+00:00', '2023-06-25 23:00:00+00:00']",24,3.97,6.5853,23.107,3.046
2023-06-25,H2.Z62,P1,"['2023-06-25 00:00:00+00:00', '2023-06-25 01:00:00+00:00', '2023-06-25 02:00:00+00:00', '2023-06-25 03:00:00+00:00', '2023-06-25 04:00:00+00:00', '2023-06-25 05:00:00+00:00', '2023-06-25 06:00:00+00:00', '2023-06-25 07:00:00+00:00', '2023-06-25 08:00:00+00:00', '2023-06-25 09:00:00+00:00', '2023-06-25 10:00:00+00:00', '2023-06-25 11:00:00+00:00', '2023-06-25 12:00:00+00:00', '2023-06-25 13:00:00+00:00', '2023-06-25 14:00:00+00:00', '2023-06-25 15:00:00+00:00', '2023-06-25 16:00:00+00:00', '2023-06-25 17:00:00+00:00', '2023-06-25 18:00:00+00:00', '2023-06-25 19:00:00+00:00', '2023-06-25 20:00:00+00:00', '2023-06-25 21:00:00+00:00', '2023-06-25 22:00:00+00:00', '2023-06-25 23:00:00+00:00']",24,3.908,13.6876,-4879.604,-332.227
2023-06-25,H1.Z15,P1,"['2023-06-25 03:00:00+00:00', '2023-06-25 21:00:00+00:00']",2,3.903,0.885,2552.495,22194.166
2023-06-25,H1.Z21,P2,"['2023-06-25 03:00:00+00:00', '2023-06-25 21:00:00+00:00']",2,3.874,0.9965,-11.466,-5.743
2023-06-25,H2.Z62,I2,"['2023-06-25 00:00:00+00:00', '2023-06-25 01:00:00+00:00', '2023-06-25 02:00:00+00:00', '2023-06-25 03:00:00+00:00', '2023-06-25 04:00:00+00:00', '2023-06-25 05:00:00+00:00', '2023-06-25 06:00:00+00:00', '2023-06-25 07:00:00+00:00', '2023-06-25 08:00:00+00:00', '2023-06-25 09:00:00+00:00', '2023-06-25 10:00:00+00:00', '2023-06-25 11:00:00+00:00', '2023-06-25 12:00:00+00:00', '2023-06-25 13:00:00+00:00', '2023-06-25 14:00:00+00:00', '2023-06-25 15:00:00+00:00', '2023-06-25 16:00:00+00:00', '2023-06-25 17:00:00+00:00', '2023-06-25 18:00:00+00:00', '2023-06-25 19:00:00+00:00', '2023-06-25 20:00:00+00:00', '2023-06-25 21:00:00+00:00', '2023-06-25 22:00:00+00:00', '2023-06-25 23:00:00+00:00']",24,3.868,7.3033,27.566,3.32
2023-06-25,H2.Z62,P2,"['2023-06-25 00:00:00+00:00', '2023-06-25 01:00:00+00:00', '2023-06-25 02:00:00+00:00', '2023-06-25 03:00:00+00:00', '2023-06-25 04:00:00+00:00', '2023-06-25 05:00:00+00:00', '2023-06-25 06:00:00+00:00', '2023-06-25 07:00:00+00:00', '2023-06-25 08:00:00+00:00', '2023-06-25 09:00:00+00:00', '2023-06-25 10:00:00+00:00', '2023-06-25 11:00:00+00:00', '2023-06-25 12:00:00+00:00', '2023-06-25 13:00:00+00:00', '2023-06-25 14:00:00+00:00', '2023-06-25 15:00:00+00:00', '2023-06-25 16:00:00+00:00', '2023-06-25 17:00:00+00:00', '2023-06-25 18:00:00+00:00', '2023-06-25 19:00:00+00:00', '2023-06-25 20:00:00+00:00', '2023-06-25 21:00:00+00:00', '2023-06-25 22:00:00+00:00', '2023-06-25 23:00:00+00:00']",24,3.863,13.4312,5774.742,400.156
2023-06-25,H2.Z62,I3,"['2023-06-25 00:00:00+00:00', '2023-06-25 01:00:00+00:00', '2023-06-25 02:00:00+00:00', '2023-06-25 03:00:00+00:00', '2023-06-25 04:00:00+00:00', '2023-06-25 05:00:00+00:00', '2023-06-25 06:00:00+00:00', '2023-06-25 07:00:00+00:00', '2023-06-25 08:00:00+00:00', '2023-06-25 09:00:00+00:00', '2023-06-25 10:00:00+00:00', '2023-06-25 11:00:00+00:00', '2023-06-25 12:00:00+00:00', '2023-06-25 13:00:00+00:00', '2023-06-25 14:00:00+00:00', '2023-06-25 15:00:00+00:00', '2023-06-25 16:00:00+00:00', '2023-06-25 17:00:00+00:00', '2023-06-25 18:00:00+00:00', '2023-06-25 19:00:00+00:00', '2023-06-25 20:00:00+00:00', '2023-06-25 21:00:00+00:00', '2023-06-25 22:00:00+00:00', '2023-06-25 23:00:00+00:00']",24,3.776,6.5837,23.195,3.059
2023-06-25,H2.Z62,P3,"['2023-06-25 00:00:00+00:00', '2023-06-25 01:00:00+00:00', '2023-06-25 02:00:00+00:00', '2023-06-25 03:00:00+00:00', '2023-06-25 04:00:00+00:00', '2023-06-25 05:00:00+00:00', '2023-06-25 06:00:00+00:00', '2023-06-25 07:00:00+00:00', '2023-06-25 08:00:00+00:00', '2023-06-25 09:00:00+00:00', '2023-06-25 10:00:00+00:00', '2023-06-25 11:00:00+00:00', '2023-06-25 12:00:00+00:00', '2023-06-25 13:00:00+00:00', '2023-06-25 14:00:00+00:00', '2023-06-25 15:00:00+00:00', '2023-06-25 16:00:00+00:00', '2023-06-25 17:00:00+00:00', '2023-06-25 18:00:00+00:00', '2023-06-25 19:00:00+00:00', '2023-06-25 20:00:00+00:00', '2023-06-25 21:00:00+00:00', '2023-06-25 22:00:00+00:00', '2023-06-25 23:00:00+00:00']",24,3.776,12.6957,-4890.966,-357.118
2023-06-25,H1.Z26,I1,"['2023-06-25 00:00:00+00:00', '2023-06-25 01:00:00+00:00', '2023-06-25 02:00:00+00:00', '2023-06-25 03:00:00+00:00', '2023-06-25 04:00:00+00:00', '2023-06-25 05:00:00+00:00', '2023-06-25 06:00:00+00:00', '2023-06-25 07:00:00+00:00', '2023-06-25 08:00:00+00:00', '2023-06-25 09:00:00+00:00', '2023-06-25 10:00:00+00:00', '2023-06-25 11:00:00+00:00', '2023-06-25 12:00:00+00:00', '2023-06-25 13:00:00+00:00', '2023-06-25 14:00:00+00:00', '2023-06-25 15:00:00+00:00', '2023-06-25 16:00:00+00:00', '2023-06-25 17:00:00+00:00', '2023-06-25 18:00:00+00:00', '2023-06-25 19:00:00+00:00', '2023-06-25 20:00:00+00:00', '2023-06-25 21:00:00+00:00', '2023-06-25 22:00:00+00:00', '2023-06-25 23:00:00+00:00']",24,3.763,1.0,0.0,170.803
2023-06-25,H1.Z26,I3,"['2023-06-25 00:00:00+00:00', '2023-06-25 01:00:00+00:00', '2023-06-25 02:00:00+00:00', '2023-06-25 03:00:00+00:00', '2023-06-25 04:00:00+00:00', '2023-06-25 05:00:00+00:00', '2023-06-25 06:00:00+00:00', '2023-06-25 07:00:00+00:00', '2023-06-25 08:00:00+00:00', '2023-06-25 09:00:00+00:00', '2023-06-25 10:00:00+00:00', '2023-06-25 11:00:00+00:00', '2023-06-25 12:00:00+00:00', '2023-06-25 13:00:00+00:00', '2023-06-25 14:00:00+00:00', '2023-06-25 15:00:00+00:00', '2023-06-25 16:00:00+00:00', '2023-06-25 17:00:00+00:00', '2023-06-25 18:00:00+00:00', '2023-06-25 19:00:00+00:00', '2023-06-25 20:00:00+00:00', '2023-06-25 21:00:00+00:00', '2023-06-25 22:00:00+00:00', '2023-06-25 23:00:00+00:00']",24,3.761,1.0,0.0,173.854
2023-06-25,H1.Z26,I2,"['2023-06-25 00:00:00+00:00', '2023-06-25 01:00:00+00:00', '2023-06-25 02:00:00+00:00', '2023-06-25 03:00:00+00:00', '2023-06-25 04:00:00+00:00', '2023-06-25 05:00:00+00:00', '2023-06-25 06:00:00+00:00', '2023-06-25 07:00:00+00:00', '2023-06-25 08:00:00+00:00', '2023-06-25 09:00:00+00:00', '2023-06-25 10:00:00+00:00', '2023-06-25 11:00:00+00:00', '2023-06-25 12:00:00+00:00', '2023-06-25 13:00:00+00:00', '2023-06-25 14:00:00+00:00', '2023-06-25 15:00:00+00:00', '2023-06-25 16:00:00+00:00', '2023-06-25 17:00:00+00:00', '2023-06-25 18:00:00+00:00', '2023-06-25 19:00:00+00:00', '2023-06-25 20:00:00+00:00', '2023-06-25 21:00:00+00:00', '2023-06-25 22:00:00+00:00', '2023-06-25 23:00:00+00:00']",24,3.741,1.0,0.0,172.788
2023-06-25,H1.Z15,P,"['2023-06-25 03:00:00+00:00', '2023-06-25 21:00:00+00:00']",2,3.671,0.8689,8470.707,64599.963
2023-06-25,H2.Z62,P,"['2023-06-25 00:00:00+00:00', '2023-06-25 01:00:00+00:00', '2023-06-25 02:00:00+00:00', '2023-06-25 03:00:00+00:00', '2023-06-25 04:00:00+00:00', '2023-06-25 05:00:00+00:00', '2023-06-25 06:00:00+00:00', '2023-06-25 07:00:00+00:00', '2023-06-25 08:00:00+00:00', '2023-06-25 09:00:00+00:00', '2023-06-25 10:00:00+00:00', '2023-06-25 11:00:00+00:00', '2023-06-25 12:00:00+00:00', '2023-06-25 13:00:00+00:00', '2023-06-25 14:00:00+00:00', '2023-06-25 15:00:00+00:00', '2023-06-25 16:00:00+00:00', '2023-06-25 17:00:00+00:00', '2023-06-25 18:00:00+00:00', '2023-06-25 19:00:00+00:00', '2023-06-25 20:00:00+00:00', '2023-06-25 21:00:00+00:00', '2023-06-25 22:00:00+00:00', '2023-06-25 23:00:00+00:00']",24,3.663,12.8206,-3995.095,-289.068
2023-06-25,H2.ZE65,I1,"['2023-06-25 00:00:00+00:00', '2023-06-25 01:00:00+00:00', '2023-06-25 02:00:00+00:00', '2023-06-25 03:00:00+00:00', '2023-06-25 04:00:00+00:00', '2023-06-25 05:00:00+00:00', '2023-06-25 06:00:00+00:00', '2023-06-25 07:00:00+00:00', '2023-06-25 08:00:00+00:00', '2023-06-25 09:00:00+00:00', '2023-06-25 10:00:00+00:00', '2023-06-25 11:00:00+00:00', '2023-06-25 12:00:00+00:00', '2023-06-25 13:00:00+00:00', '2023-06-25 14:00:00+00:00', '2023-06-25 15:00:00+00:00', '2023-06-25 16:00:00+00:00', '2023-06-25 17:00:00+00:00', '2023-06-25 18:00:00+00:00', '2023-06-25 19:00:00+00:00', '2023-06-25 20:00:00+00:00', '2023-06-25 21:00:00+00:00', '2023-06-25 22:00:00+00:00', '2023-06-25 23:00:00+00:00']",24,3.575,0.1578,14.123,16.77
2023-06-25,H2.ZE64,I1,"['2023-06-25 00:00:00+00:00', '2023-06-25 01:00:00+00:00', '2023-06-25 02:00:00+00:00', '2023-06-25 03:00:00+00:00', '2023-06-25 04:00:00+00:00', '2023-06-25 05:00:00+00:00', '2023-06-25 06:00:00+00:00', '2023-06-25 07:00:00+00:00', '2023-06-25 08:00:00+00:00', '2023-06-25 09:00:00+00:00', '2023-06-25 10:00:00+00:00', '2023-06-25 11:00:00+00:00', '2023-06-25 12:00:00+00:00', '2023-06-25 13:00:00+00:00', '2023-06-25 14:00:00+00:00', '2023-06-25 15:00:00+00:00', '2023-06-25 16:00:00+00:00', '2023-06-25 17:00:00+00:00', '2023-06-25 18:00:00+00:00', '2023-06-25 19:00:00+00:00', '2023-06-25 20:00:00+00:00', '2023-06-25 21:00:00+00:00', '2023-06-25 22:00:00+00:00', '2023-06-25 23:00:00+00:00']",24,3.572,0.1552,14.03,16.607
2023-06-25,H1.Z15,P3,"['2023-06-25 03:00:00+00:00', '2023-06-25 21:00:00+00:00']",2,3.548,0.8977,2339.872,22865.32
2023-06-25,H1.Z15,P2,"['2023-06-25 03:00:00+00:00', '2023-06-25 21:00:00+00:00']",2,3.537,0.8168,3579.572,19540.699
2023-06-25,H1.Z22,P3,"['2023-06-25 03:00:00+00:00', '2023-06-25 21:00:00+00:00']",2,3.515,0.3071,5.892,8.502
2023-06-25,H2.ZE65,I2,"['2023-06-25 00:00:00+00:00', '2023-06-25 01:00:00+00:00', '2023-06-25 02:00:00+00:00', '2023-06-25 03:00:00+00:00', '2023-06-25 04:00:00+00:00', '2023-06-25 05:00:00+00:00', '2023-06-25 06:00:00+00:00', '2023-06-25 07:00:00+00:00', '2023-06-25 08:00:00+00:00', '2023-06-25 09:00:00+00:00', '2023-06-25 10:00:00+00:00', '2023-06-25 11:00:00+00:00', '2023-06-25 12:00:00+00:00', '2023-06-25 13:00:00+00:00', '2023-06-25 14:00:00+00:00', '2023-06-25 15:00:00+00:00', '2023-06-25 16:00:00+00:00', '2023-06-25 17:00:00+00:00', '2023-06-25 18:00:00+00:00', '2023-06-25 19:00:00+00:00', '2023-06-25 20:00:00+00:00', '2023-06-25 21:00:00+00:00', '2023-06-25 22:00:00+00:00', '2023-06-25 23:00:00+00:00']",24,3.435,0.1654,14.708,17.622
2023-06-25,H2.ZE64,I2,"['2023-06-25 00:00:00+00:00', '2023-06-25 01:00:00+00:00', '2023-06-25 02:00:00+00:00', '2023-06-25 03:00:00+00:00', '2023-06-25 04:00:00+00:00', '2023-06-25 05:00:00+00:00', '2023-06-25 06:00:00+00:00', '2023-06-25 07:00:00+00:00', '2023-06-25 08:00:00+00:00', '2023-06-25 09:00:00+00:00', '2023-06-25 10:00:00+00:00', '2023-06-25 11:00:00+00:00', '2023-06-25 12:00:00+00:00', '2023-06-25 13:00:00+00:00', '2023-06-25 14:00:00+00:00', '2023-06-25 15:00:00+00:00', '2023-06-25 16:00:00+00:00', '2023-06-25 17:00:00+00:00', '2023-06-25 18:00:00+00:00', '2023-06-25 19:00:00+00:00', '2023-06-25 20:00:00+00:00', '2023-06-25 21:00:00+00:00', '2023-06-25 22:00:00+00:00', '2023-06-25 23:00:00+00:00']",24,3.431,0.1653,14.389,17.238
2023-06-25,H2.ZE64,I3,"['2023-06-25 00:00:00+00:00', '2023-06-25 01:00:00+00:00', '2023-06-25 02:00:00+00:00', '2023-06-25 03:00:00+00:00', '2023-06-25 04:00:00+00:00', '2023-06-25 05:00:00+00:00', '2023-06-25 06:00:00+00:00', '2023-06-25 07:00:00+00:00', '2023-06-25 08:00:00+00:00', '2023-06-25 09:00:00+00:00', '2023-06-25 10:00:00+00:00', '2023-06-25 11:00:00+00:00', '2023-06-25 12:00:00+00:00', '2023-06-25 13:00:00+00:00', '2023-06-25 14:00:00+00:00', '2023-06-25 15:00:00+00:00', '2023-06-25 16:00:00+00:00', '2023-06-25 17:00:00+00:00', '2023-06-25 18:00:00+00:00', '2023-06-25 19:00:00+00:00', '2023-06-25 20:00:00+00:00', '2023-06-25 21:00:00+00:00', '2023-06-25 22:00:00+00:00', '2023-06-25 23:00:00+00:00']",24,3.361,0.1685,14.414,17.335
2023-06-25,H2.ZE65,I3,"['2023-06-25 00:00:00+00:00', '2023-06-25 01:00:00+00:00', '2023-06-25 02:00:00+00:00', '2023-06-25 03:00:00+00:00', '2023-06-25 04:00:00+00:00', '2023-06-25 05:00:00+00:00', '2023-06-25 06:00:00+00:00', '2023-06-25 07:00:00+00:00', '2023-06-25 08:00:00+00:00', '2023-06-25 09:00:00+00:00', '2023-06-25 10:00:00+00:00', '2023-06-25 11:00:00+00:00', '2023-06-25 12:00:00+00:00', '2023-06-25 13:00:00+00:00', '2023-06-25 14:00:00+00:00', '2023-06-25 15:00:00+00:00', '2023-06-25 16:00:00+00:00', '2023-06-25 17:00:00+00:00', '2023-06-25 18:00:00+00:00', '2023-06-25 19:00:00+00:00', '2023-06-25 20:00:00+00:00', '2023-06-25 21:00:00+00:00', '2023-06-25 22:00:00+00:00', '2023-06-25 23:00:00+00:00']",24,3.355,0.1678,14.807,17.793
2023-06-25,H1.Z24,Q,"['2023-06-25 03:00:00+00:00', '2023-06-25 21:00:00+00:00']",2,3.247,0.3344,53.202,39.868
2023-06-25,H2.ZE66,I3,"['2023-06-25 01:00:00+00:00', '2023-06-25 05:00:00+00:00']",2,3.21,0.3066,7.584,10.939
2023-06-25,H1.K11,qv,"['2023-06-25 00:00:00+00:00', '2023-06-25 01:00:00+00:00', '2023-06-25 02:00:00+00:00', '2023-06-25 03:00:00+00:00', '2023-06-25 04:00:00+00:00']",5,3.202,0.2683,5.947,8.128
2023-06-25,H1.W12,Tdiff,"['2023-06-25 01:00:00+00:00', '2023-06-25 06:00:00+00:00']",2,3.074,0.5215,8962.408,5890.562
2023-06-25,H1.Z21,P3,"['2023-06-25 03:00:00+00:00', '2023-06-25 21:00:00+00:00']",2,3.046,0.2,-6.192,-7.74
2023-06-26,H2.ZE74,I2,"['2023-06-26 10:00:00+00:00', '2023-06-26 11:00:00+00:00', '2023-06-26 12:00:00+00:00', '2023-06-26 13:00:00+00:00', '2023-06-26 14:00:00+00:00', '2023-06-26 15:00:00+00:00', '2023-06-26 16:00:00+00:00', '2023-06-26 17:00:00+00:00', '2023-06-26 18:00:00+00:00', '2023-06-26 19:00:00+00:00']",10,9.111,0.8868,4.19,2.221
2023-06-26,H2.ZE74,P2,"['2023-06-26 10:00:00+00:00', '2023-06-26 11:00:00+00:00', '2023-06-26 12:00:00+00:00', '2023-06-26 13:00:00+00:00', '2023-06-26 14:00:00+00:00', '2023-06-26 15:00:00+00:00', '2023-06-26 16:00:00+00:00', '2023-06-26 17:00:00+00:00', '2023-06-26 18:00:00+00:00', '2023-06-26 19:00:00+00:00']",10,8.647,1.992,790.942,264.35
2023-06-26,H3.Z44,P1,"['2023-06-26 04:00:00+00:00', '2023-06-26 05:00:00+00:00', '2023-06-26 06:00:00+00:00', '2023-06-26 07:00:00+00:00', '2023-06-26 08:00:00+00:00', '2023-06-26 09:00:00+00:00', '2023-06-26 10:00:00+00:00']",7,7.358,2.2883,3629.817,1103.873
2023-06-26,H1.Z19,P3,"['2023-06-26 02:00:00+00:00', '2023-06-26 19:00:00+00:00', '2023-06-26 20:00:00+00:00']",3,6.04,3.0393,172.119,42.611
2023-06-26,H1.Z29,I1,"['2023-06-26 02:00:00+00:00', '2023-06-26 19:00:00+00:00', '2023-06-26 20:00:00+00:00']",3,5.971,2.4581,40.665,11.759
2023-06-26,H1.Z20,I1,"['2023-06-26 02:00:00+00:00', '2023-06-26 19:00:00+00:00', '2023-06-26 20:00:00+00:00']",3,5.967,2.7645,-39.408,-10.468
2023-06-26,H1.ZE20,I1,"['2023-06-26 02:00:00+00:00', '2023-06-26 19:00:00+00:00', '2023-06-26 20:00:00+00:00']",3,5.961,2.7643,-39.391,-10.464
2023-06-26,H1.Z20,P1,"['2023-06-26 02:00:00+00:00', '2023-06-26 19:00:00+00:00', '2023-06-26 20:00:00+00:00']",3,5.949,2.8337,-8562.86,-2233.595
2023-06-26,H1.ZE20,P1,"['2023-06-26 02:00:00+00:00', '2023-06-26 19:00:00+00:00', '2023-06-26 20:00:00+00:00']",3,5.947,2.841,-8566.127,-2230.168
2023-06-26,H1.Z29,P1,"['2023-06-26 02:00:00+00:00', '2023-06-26 19:00:00+00:00', '2023-06-26 20:00:00+00:00']",3,5.945,3.2626,-8434.686,-1978.767
2023-06-26,H1.Z19,P1,"['2023-06-26 02:00:00+00:00', '2023-06-26 19:00:00+00:00', '2023-06-26 20:00:00+00:00']",3,5.927,2.7958,4.26,1.122
2023-06-26,H1.Z20,I2,"['2023-06-26 02:00:00+00:00', '2023-06-26 19:00:00+00:00', '2023-06-26 20:00:00+00:00']",3,5.893,2.6794,-36.105,-9.813
2023-06-26,H1.Z29,I2,"['2023-06-26 02:00:00+00:00', '2023-06-26 19:00:00+00:00', '2023-06-26 20:00:00+00:00']",3,5.893,2.3685,37.592,11.16
2023-06-26,H1.ZE20,I2,"['2023-06-26 02:00:00+00:00', '2023-06-26 19:00:00+00:00', '2023-06-26 20:00:00+00:00']",3,5.885,2.679,-36.124,-9.819
2023-06-26,H1.Z29,I3,"['2023-06-26 02:00:00+00:00', '2023-06-26 19:00:00+00:00']",2,5.879,2.4961,35.381,10.12
2023-06-26,H1.Z20,I3,"['2023-06-26 02:00:00+00:00', '2023-06-26 19:00:00+00:00', '2023-06-26 20:00:00+00:00']",3,5.877,2.6476,-34.943,-9.58
2023-06-26,H1.ZE20,I3,"['2023-06-26 02:00:00+00:00', '2023-06-26 19:00:00+00:00']",2,5.873,2.6498,-34.962,-9.579
2023-06-26,H1.Z20,P,"['2023-06-26 02:00:00+00:00', '2023-06-26 19:00:00+00:00', '2023-06-26 20:00:00+00:00']",3,5.87,2.7791,-24409.99,-6459.285
2023-06-26,H1.Z29,P,"['2023-06-26 02:00:00+00:00', '2023-06-26 19:00:00+00:00']",2,5.867,3.1112,-24343.152,-5921.14
2023-06-26,H1.ZE20,P,"['2023-06-26 02:00:00+00:00', '2023-06-26 19:00:00+00:00']",2,5.865,2.7858,-24439.191,-6455.46
2023-06-26,H1.Z20,P2,"['2023-06-26 02:00:00+00:00', '2023-06-26 19:00:00+00:00']",2,5.839,2.7556,-8068.418,-2148.366
2023-06-26,H1.Z29,P2,"['2023-06-26 02:00:00+00:00', '2023-06-26 19:00:00+00:00']",2,5.837,3.1309,-7951.221,-1924.808
2023-06-26,H1.Z20,P3,"['2023-06-26 02:00:00+00:00', '2023-06-26 19:00:00+00:00']",2,5.834,2.7441,-7778.63,-2077.591
2023-06-26,H1.ZE20,P2,"['2023-06-26 02:00:00+00:00', '2023-06-26 19:00:00+00:00']",2,5.832,2.7619,-8078.386,-2147.407
2023-06-26,H1.ZE20,P3,"['2023-06-26 02:00:00+00:00', '2023-06-26 19:00:00+00:00']",2,5.832,2.7513,-7794.638,-2077.835
2023-06-26,H1.Z29,P3,"['2023-06-26 02:00:00+00:00', '2023-06-26 19:00:00+00:00']",2,5.83,2.9464,-7957.439,-2016.377
2023-06-26,H1.W12,P,"['2023-06-26 02:00:00+00:00', '2023-06-26 19:00:00+00:00', '2023-06-26 20:00:00+00:00']",3,5.808,2.7282,39573.587,10614.754
2023-06-26,H1.Z20,Q,"['2023-06-26 02:00:00+00:00', '2023-06-26 19:00:00+00:00', '2023-06-26 20:00:00+00:00']",3,5.53,2.4489,-1714.974,-497.25
2023-06-26,H1.Z24,P1,"['2023-06-26 02:00:00+00:00', '2023-06-26 19:00:00+00:00']",2,5.366,0.1247,95.665,109.295
2023-06-26,H3.Z44,I2,"['2023-06-26 04:00:00+00:00', '2023-06-26 05:00:00+00:00', '2023-06-26 06:00:00+00:00', '2023-06-26 07:00:00+00:00', '2023-06-26 08:00:00+00:00', '2023-06-26 09:00:00+00:00']",6,5.293,1.6236,17.025,6.489
2023-06-26,H1.Z25,P1,"['2023-06-26 02:00:00+00:00', '2023-06-26 19:00:00+00:00']",2,5.046,0.1247,110.981,98.672
2023-06-26,H3.Z44,I1,"['2023-06-26 04:00:00+00:00', '2023-06-26 05:00:00+00:00', '2023-06-26 06:00:00+00:00', '2023-06-26 07:00:00+00:00', '2023-06-26 08:00:00+00:00', '2023-06-26 09:00:00+00:00']",6,5.009,1.4999,16.761,6.705
2023-06-26,H1.Z24,P3,"['2023-06-26 02:00:00+00:00', '2023-06-26 19:00:00+00:00']",2,4.788,1.2017,2.383,-11.813
2023-06-26,H1.Z25,P3,"['2023-06-26 02:00:00+00:00', '2023-06-26 19:00:00+00:00']",2,4.689,1.1578,-1.07,6.782
2023-06-26,H1.W11,P,"['2023-06-26 02:00:00+00:00', '2023-06-26 19:00:00+00:00']",2,4.461,0.22,30061.319,38541.781
2023-06-26,H3.Z44,P2,"['2023-06-26 05:00:00+00:00', '2023-06-26 06:00:00+00:00', '2023-06-26 07:00:00+00:00', '2023-06-26 08:00:00+00:00', '2023-06-26 09:00:00+00:00']",5,4.086,1.2076,2361.637,1069.769
2023-06-26,H3.Z44,P,"['2023-06-26 05:00:00+00:00', '2023-06-26 06:00:00+00:00', '2023-06-26 07:00:00+00:00', '2023-06-26 08:00:00+00:00', '2023-06-26 09:00:00+00:00']",5,3.659,1.0617,6766.781,3282.181
2023-06-26,H1.Z28,P1,"['2023-06-26 02:00:00+00:00', '2023-06-26 19:00:00+00:00']",2,3.612,0.4332,5464.352,9639.959
2023-06-26,H2.ZE74,P,"['2023-06-26 10:00:00+00:00', '2023-06-26 11:00:00+00:00', '2023-06-26 12:00:00+00:00', '2023-06-26 13:00:00+00:00', '2023-06-26 14:00:00+00:00', '2023-06-26 15:00:00+00:00', '2023-06-26 16:00:00+00:00', '2023-06-26 17:00:00+00:00', '2023-06-26 18:00:00+00:00', '2023-06-26 19:00:00+00:00']",10,3.402,0.4394,889.395,617.877
2023-06-26,H1.Z21,P2,"['2023-06-26 02:00:00+00:00', '2023-06-26 19:00:00+00:00']",2,3.401,0.5068,-9.698,-6.436
2023-06-27,H3.ZE44,P1,"['2023-06-27 08:00:00+00:00', '2023-06-27 09:00:00+00:00', '2023-06-27 10:00:00+00:00', '2023-06-27 11:00:00+00:00', '2023-06-27 12:00:00+00:00', '2023-06-27 13:00:00+00:00', '2023-06-27 14:00:00+00:00', '2023-06-27 15:00:00+00:00', '2023-06-27 16:00:00+00:00', '2023-06-27 17:00:00+00:00', '2023-06-27 18:00:00+00:00', '2023-06-27 19:00:00+00:00', '2023-06-27 20:00:00+00:00', '2023-06-27 21:00:00+00:00', '2023-06-27 22:00:00+00:00', '2023-06-27 23:00:00+00:00']",16,5.662,8.2469,2566.308,277.531
2023-06-27,H3.Z48,P2,"['2023-06-27 09:00:00+00:00', '2023-06-27 10:00:00+00:00', '2023-06-27 11:00:00+00:00', '2023-06-27 12:00:00+00:00', '2023-06-27 13:00:00+00:00', '2023-06-27 14:00:00+00:00', '2023-06-27 15:00:00+00:00']",7,5.6,6.4722,910.423,121.842
2023-06-27,H3.Z48,P3,"['2023-06-27 09:00:00+00:00', '2023-06-27 10:00:00+00:00', '2023-06-27 11:00:00+00:00', '2023-06-27 12:00:00+00:00', '2023-06-27 13:00:00+00:00', '2023-06-27 14:00:00+00:00', '2023-06-27 15:00:00+00:00']",7,5.587,6.3996,905.183,122.328
2023-06-27,H3.ZE44,P,"['2023-06-27 08:00:00+00:00', '2023-06-27 09:00:00+00:00', '2023-06-27 10:00:00+00:00', '2023-06-27 11:00:00+00:00', '2023-06-27 12:00:00+00:00', '2023-06-27 13:00:00+00:00', '2023-06-27 14:00:00+00:00', '2023-06-27 15:00:00+00:00', '2023-06-27 16:00:00+00:00', '2023-06-27 17:00:00+00:00', '2023-06-27 18:00:00+00:00', '2023-06-27 19:00:00+00:00', '2023-06-27 20:00:00+00:00', '2023-06-27 21:00:00+00:00', '2023-06-27 22:00:00+00:00', '2023-06-27 23:00:00+00:00']",16,5.585,9.2383,7742.72,756.252
2023-06-27,H3.Z48,P,"['2023-06-27 09:00:00+00:00', '2023-06-27 10:00:00+00:00', '2023-06-27 11:00:00+00:00', '2023-06-27 12:00:00+00:00', '2023-06-27 13:00:00+00:00', '2023-06-27 14:00:00+00:00', '2023-06-27 15:00:00+00:00']",7,5.575,6.4306,2699.72,363.327
2023-06-27,H3.ZE44,P3,"['2023-06-27 08:00:00+00:00', '2023-06-27 09:00:00+00:00', '2023-06-27 10:00:00+00:00', '2023-06-27 11:00:00+00:00', '2023-06-27 12:00:00+00:00', '2023-06-27 13:00:00+00:00', '2023-06-27 14:00:00+00:00', '2023-06-27 15:00:00+00:00', '2023-06-27 16:00:00+00:00', '2023-06-27 17:00:00+00:00', '2023-06-27 18:00:00+00:00', '2023-06-27 19:00:00+00:00', '2023-06-27 20:00:00+00:00', '2023-06-27 21:00:00+00:00', '2023-06-27 22:00:00+00:00', '2023-06-27 23:00:00+00:00']",16,5.573,10.2508,2652.364,235.748
2023-06-27,H3.Z48,Q,"['2023-06-27 09:00:00+00:00', '2023-06-27 10:00:00+00:00', '2023-06-27 11:00:00+00:00', '2023-06-27 12:00:00+00:00', '2023-06-27 13:00:00+00:00', '2023-06-27 14:00:00+00:00']",6,5.569,6.2902,1610.83,220.958
2023-06-27,H3.Z48,P1,"['2023-06-27 09:00:00+00:00', '2023-06-27 10:00:00+00:00', '2023-06-27 11:00:00+00:00', '2023-06-27 12:00:00+00:00', '2023-06-27 13:00:00+00:00', '2023-06-27 14:00:00+00:00', '2023-06-27 15:00:00+00:00']",7,5.547,6.3586,876.227,119.076
2023-06-27,H3.ZE44,P2,"['2023-06-27 08:00:00+00:00', '2023-06-27 09:00:00+00:00', '2023-06-27 10:00:00+00:00', '2023-06-27 11:00:00+00:00', '2023-06-27 12:00:00+00:00', '2023-06-27 13:00:00+00:00', '2023-06-27 14:00:00+00:00', '2023-06-27 15:00:00+00:00', '2023-06-27 16:00:00+00:00', '2023-06-27 17:00:00+00:00', '2023-06-27 18:00:00+00:00', '2023-06-27 19:00:00+00:00', '2023-06-27 20:00:00+00:00', '2023-06-27 21:00:00+00:00', '2023-06-27 22:00:00+00:00', '2023-06-27 23:00:00+00:00']",16,5.522,9.3885,2524.122,242.972
2023-06-27,H1.Z19,P3,"['2023-06-27 00:00:00+00:00', '2023-06-27 04:00:00+00:00']",2,5.023,1.5245,169.689,67.216
2023-06-27,H1.Z19,P1,"['2023-06-27 00:00:00+00:00', '2023-06-27 04:00:00+00:00']",2,4.807,1.3954,4.146,1.731
2023-06-27,H1.ZE20,P1,"['2023-06-27 00:00:00+00:00', '2023-06-27 04:00:00+00:00']",2,4.797,1.4057,-8322.354,-3459.469
2023-06-27,H1.Z20,P1,"['2023-06-27 00:00:00+00:00', '2023-06-27 04:00:00+00:00']",2,4.794,1.4099,-8344.004,-3462.378
2023-06-27,H1.Z29,P1,"['2023-06-27 00:00:00+00:00', '2023-06-27 04:00:00+00:00']",2,4.794,1.538,-8187.485,-3225.946
2023-06-27,H1.Z20,P2,"['2023-06-27 00:00:00+00:00', '2023-06-27 04:00:00+00:00']",2,4.749,1.3837,-7878.58,-3305.254
2023-06-27,H1.ZE20,P,"['2023-06-27 00:00:00+00:00', '2023-06-27 04:00:00+00:00']",2,4.748,1.3831,-23735.975,-9960.334
2023-06-27,H1.ZE20,P2,"['2023-06-27 00:00:00+00:00', '2023-06-27 04:00:00+00:00']",2,4.747,1.3795,-7865.884,-3305.745
2023-06-27,H1.Z29,P2,"['2023-06-27 00:00:00+00:00', '2023-06-27 04:00:00+00:00']",2,4.744,1.4945,-7738.71,-3102.345
2023-06-27,H1.ZE20,I1,"['2023-06-27 00:00:00+00:00', '2023-06-27 04:00:00+00:00']",2,4.74,1.36,-37.886,-16.054
2023-06-27,H1.Z20,P,"['2023-06-27 00:00:00+00:00', '2023-06-27 04:00:00+00:00']",2,4.738,1.3891,-23795.944,-9960.014
2023-06-27,H1.Z29,I1,"['2023-06-27 00:00:00+00:00', '2023-06-27 04:00:00+00:00']",2,4.736,1.2529,39.147,17.376
2023-06-27,H1.Z29,P,"['2023-06-27 00:00:00+00:00', '2023-06-27 04:00:00+00:00']",2,4.735,1.4929,-23640.793,-9483.25
2023-06-27,H1.ZE20,P3,"['2023-06-27 00:00:00+00:00', '2023-06-27 04:00:00+00:00']",2,4.73,1.3623,-7547.737,-3195.064
2023-06-27,H1.Z20,I1,"['2023-06-27 00:00:00+00:00', '2023-06-27 04:00:00+00:00']",2,4.729,1.3658,-37.997,-16.061
2023-06-27,H1.Z29,P3,"['2023-06-27 00:00:00+00:00', '2023-06-27 04:00:00+00:00']",2,4.716,1.4421,-7714.699,-3159.002
2023-06-27,H1.Z20,P3,"['2023-06-27 00:00:00+00:00', '2023-06-27 04:00:00+00:00']",2,4.71,1.3686,-7562.054,-3192.638
2023-06-27,H1.ZE20,I2,"['2023-06-27 00:00:00+00:00', '2023-06-27 04:00:00+00:00']",2,4.705,1.3258,-34.756,-14.944
2023-06-27,H1.Z20,I2,"['2023-06-27 00:00:00+00:00', '2023-06-27 04:00:00+00:00']",2,4.698,1.3317,-34.825,-14.936
2023-06-27,H1.Z29,I2,"['2023-06-27 00:00:00+00:00', '2023-06-27 04:00:00+00:00']",2,4.698,1.2207,36.225,16.312
2023-06-27,H1.W12,P,"['2023-06-27 00:00:00+00:00', '2023-06-27 04:00:00+00:00']",2,4.668,1.3837,38777.427,16267.639
2023-06-27,H1.ZE20,I3,"['2023-06-27 00:00:00+00:00', '2023-06-27 04:00:00+00:00']",2,4.631,1.3053,-33.518,-14.539
2023-06-27,H1.Z20,I3,"['2023-06-27 00:00:00+00:00', '2023-06-27 04:00:00+00:00']",2,4.625,1.3099,-33.58,-14.538
2023-06-27,H1.Z29,I3,"['2023-06-27 00:00:00+00:00', '2023-06-27 04:00:00+00:00']",2,4.622,1.2391,33.881,15.131
2023-06-27,H3.Z47,I1,"['2023-06-27 08:00:00+00:00', '2023-06-27 09:00:00+00:00', '2023-06-27 10:00:00+00:00', '2023-06-27 11:00:00+00:00', '2023-06-27 12:00:00+00:00', '2023-06-27 13:00:00+00:00', '2023-06-27 14:00:00+00:00']",7,4.237,0.4119,11.387,8.065
2023-06-27,H1.W11,P,"['2023-06-27 00:00:00+00:00', '2023-06-27 04:00:00+00:00']",2,4.156,0.1826,32430.139,39673.145
2023-06-27,H3.Z47,P1,"['2023-06-27 08:00:00+00:00', '2023-06-27 09:00:00+00:00', '2023-06-27 10:00:00+00:00', '2023-06-27 11:00:00+00:00', '2023-06-27 12:00:00+00:00', '2023-06-27 13:00:00+00:00', '2023-06-27 14:00:00+00:00']",7,4.016,0.7942,2218.62,1236.559
2023-06-27,H1.Z24,P3,"['2023-06-27 00:00:00+00:00', '2023-06-27 04:00:00+00:00']",2,3.948,1.1902,1.738,-9.14
2023-06-27,H1.Z25,P3,"['2023-06-27 00:00:00+00:00', '2023-06-27 04:00:00+00:00']",2,3.889,1.1987,-1.053,5.298
2023-06-27,H1.W12,qv,"['2023-06-27 00:00:00+00:00', '2023-06-27 01:00:00+00:00', '2023-06-27 04:00:00+00:00', '2023-06-27 05:00:00+00:00']",4,3.81,1.2321,2.975,1.333
2023-06-27,H3.Z47,I2,"['2023-06-27 08:00:00+00:00', '2023-06-27 09:00:00+00:00', '2023-06-27 10:00:00+00:00', '2023-06-27 11:00:00+00:00', '2023-06-27 12:00:00+00:00', '2023-06-27 13:00:00+00:00', '2023-06-27 14:00:00+00:00']",7,3.72,0.4537,7.674,5.279
2023-06-27,H3.Z47,P2,"['2023-06-27 08:00:00+00:00', '2023-06-27 09:00:00+00:00', '2023-06-27 10:00:00+00:00', '2023-06-27 11:00:00+00:00', '2023-06-27 12:00:00+00:00', '2023-06-27 13:00:00+00:00', '2023-06-27 14:00:00+00:00']",7,3.684,0.6096,1547.602,961.505
2023-06-27,H3.Z49,P1,"['2023-06-27 08:00:00+00:00', '2023-06-27 09:00:00+00:00']",2,3.652,1.5219,404.514,160.399
2023-06-27,H3.ZE43,I3,"['2023-06-27 08:00:00+00:00', '2023-06-27 09:00:00+00:00', '2023-06-27 10:00:00+00:00', '2023-06-27 12:00:00+00:00', '2023-06-27 13:00:00+00:00', '2023-06-27 14:00:00+00:00', '2023-06-27 15:00:00+00:00', '2023-06-27 16:00:00+00:00', '2023-06-27 17:00:00+00:00', '2023-06-27 18:00:00+00:00', '2023-06-27 19:00:00+00:00', '2023-06-27 20:00:00+00:00', '2023-06-27 21:00:00+00:00', '2023-06-27 22:00:00+00:00', '2023-06-27 23:00:00+00:00']",15,3.638,0.6447,4.759,13.395
2023-06-27,H3.ZE43,I2,"['2023-06-27 08:00:00+00:00', '2023-06-27 09:00:00+00:00', '2023-06-27 10:00:00+00:00', '2023-06-27 12:00:00+00:00', '2023-06-27 13:00:00+00:00', '2023-06-27 14:00:00+00:00', '2023-06-27 15:00:00+00:00', '2023-06-27 16:00:00+00:00', '2023-06-27 17:00:00+00:00', '2023-06-27 18:00:00+00:00', '2023-06-27 19:00:00+00:00', '2023-06-27 20:00:00+00:00', '2023-06-27 21:00:00+00:00', '2023-06-27 22:00:00+00:00', '2023-06-27 23:00:00+00:00']",15,3.637,0.6139,5.276,13.665
2023-06-27,H3.ZE43,P3,"['2023-06-27 08:00:00+00:00', '2023-06-27 09:00:00+00:00', '2023-06-27 10:00:00+00:00', '2023-06-27 12:00:00+00:00', '2023-06-27 13:00:00+00:00', '2023-06-27 15:00:00+00:00', '2023-06-27 16:00:00+00:00', '2023-06-27 17:00:00+00:00', '2023-06-27 19:00:00+00:00', '2023-06-27 20:00:00+00:00', '2023-06-27 21:00:00+00:00', '2023-06-27 22:00:00+00:00', '2023-06-27 23:00:00+00:00']",13,3.623,0.6343,809.397,2213.042
2023-06-27,H3.ZE43,I1,"['2023-06-27 08:00:00+00:00', '2023-06-27 09:00:00+00:00', '2023-06-27 10:00:00+00:00', '2023-06-27 12:00:00+00:00', '2023-06-27 13:00:00+00:00', '2023-06-27 15:00:00+00:00', '2023-06-27 16:00:00+00:00', '2023-06-27 17:00:00+00:00', '2023-06-27 19:00:00+00:00', '2023-06-27 20:00:00+00:00', '2023-06-27 22:00:00+00:00', '2023-06-27 23:00:00+00:00']",12,3.597,0.6123,5.225,13.478
2023-06-27,H3.ZE43,P2,"['2023-06-27 08:00:00+00:00', '2023-06-27 09:00:00+00:00', '2023-06-27 10:00:00+00:00', '2023-06-27 12:00:00+00:00', '2023-06-27 13:00:00+00:00', '2023-06-27 15:00:00+00:00', '2023-06-27 16:00:00+00:00', '2023-06-27 17:00:00+00:00', '2023-06-27 19:00:00+00:00', '2023-06-27 20:00:00+00:00', '2023-06-27 21:00:00+00:00', '2023-06-27 22:00:00+00:00', '2023-06-27 23:00:00+00:00']",13,3.595,0.6216,855.545,2260.89
2023-06-27,H3.ZE43,P,"['2023-06-27 08:00:00+00:00', '2023-06-27 09:00:00+00:00', '2023-06-27 10:00:00+00:00', '2023-06-27 12:00:00+00:00', '2023-06-27 13:00:00+00:00', '2023-06-27 15:00:00+00:00', '2023-06-27 16:00:00+00:00', '2023-06-27 17:00:00+00:00', '2023-06-27 19:00:00+00:00', '2023-06-27 20:00:00+00:00', '2023-06-27 21:00:00+00:00', '2023-06-27 22:00:00+00:00', '2023-06-27 23:00:00+00:00']",13,3.593,0.6259,2520.606,6737.534
2023-06-27,H3.Z49,I1,"['2023-06-27 08:00:00+00:00', '2023-06-27 09:00:00+00:00']",2,3.589,0.9439,2.539,1.306
2023-06-27,H3.ZE43,P1,"['2023-06-27 08:00:00+00:00', '2023-06-27 09:00:00+00:00', '2023-06-27 10:00:00+00:00', '2023-06-27 12:00:00+00:00', '2023-06-27 13:00:00+00:00', '2023-06-27 15:00:00+00:00', '2023-06-27 16:00:00+00:00', '2023-06-27 17:00:00+00:00', '2023-06-27 19:00:00+00:00', '2023-06-27 20:00:00+00:00', '2023-06-27 21:00:00+00:00', '2023-06-27 22:00:00+00:00', '2023-06-27 23:00:00+00:00']",13,3.588,0.6099,884.141,2266.224
2023-06-27,H3.Z47,P,"['2023-06-27 08:00:00+00:00', '2023-06-27 09:00:00+00:00', '2023-06-27 10:00:00+00:00', '2023-06-27 11:00:00+00:00', '2023-06-27 14:00:00+00:00']",5,3.555,0.542,5348.868,3468.752
2023-06-27,H4.ZE50,I1,"['2023-06-27 08:00:00+00:00', '2023-06-27 09:00:00+00:00']",2,3.337,0.1316,7.047,6.227
2023-06-27,H4.ZE50,P1,"['2023-06-27 08:00:00+00:00', '2023-06-27 09:00:00+00:00']",2,3.299,0.1689,1490.348,1274.958
2023-06-27,H1.Z28,P1,"['2023-06-27 00:00:00+00:00', '2023-06-27 04:00:00+00:00']",2,3.118,0.6446,3056.858,8600.618
2023-06-29,H4.ZE50,I2,"['2023-06-29 08:00:00+00:00', '2023-06-29 09:00:00+00:00', '2023-06-29 10:00:00+00:00', '2023-06-29 11:00:00+00:00', '2023-06-29 12:00:00+00:00', '2023-06-29 14:00:00+00:00', '2023-06-29 15:00:00+00:00']",7,6.186,1.1445,8.858,4.131
2023-06-29,H4.ZE50,P2,"['2023-06-29 08:00:00+00:00', '2023-06-29 09:00:00+00:00', '2023-06-29 10:00:00+00:00', '2023-06-29 11:00:00+00:00', '2023-06-29 12:00:00+00:00', '2023-06-29 15:00:00+00:00']",6,6.169,1.3382,1808.096,773.271
2023-06-29,H1.Z27,P1,"['2023-06-29 08:00:00+00:00', '2023-06-29 09:00:00+00:00', '2023-06-29 10:00:00+00:00', '2023-06-29 11:00:00+00:00', '2023-06-29 12:00:00+00:00', '2023-06-29 13:00:00+00:00']",6,4.913,1.7445,10700.225,3898.83
2023-06-29,H1.Z27,I1,"['2023-06-29 08:00:00+00:00', '2023-06-29 09:00:00+00:00', '2023-06-29 10:00:00+00:00', '2023-06-29 11:00:00+00:00', '2023-06-29 12:00:00+00:00', '2023-06-29 13:00:00+00:00']",6,4.869,1.6761,51.286,19.164
2023-06-29,H1.Z27,P3,"['2023-06-29 08:00:00+00:00', '2023-06-29 09:00:00+00:00', '2023-06-29 10:00:00+00:00', '2023-06-29 11:00:00+00:00', '2023-06-29 12:00:00+00:00', '2023-06-29 13:00:00+00:00']",6,4.818,2.1189,9225.03,2957.813
2023-06-29,H1.Z27,P,"['2023-06-29 08:00:00+00:00', '2023-06-29 09:00:00+00:00', '2023-06-29 10:00:00+00:00', '2023-06-29 11:00:00+00:00', '2023-06-29 12:00:00+00:00', '2023-06-29 13:00:00+00:00']",6,4.809,1.9315,29015.389,9897.934
2023-06-29,H1.Z27,I3,"['2023-06-29 08:00:00+00:00', '2023-06-29 09:00:00+00:00', '2023-06-29 10:00:00+00:00', '2023-06-29 11:00:00+00:00', '2023-06-29 12:00:00+00:00', '2023-06-29 13:00:00+00:00']",6,4.736,2.0759,46.217,15.026
2023-06-29,H1.Z27,P2,"['2023-06-29 08:00:00+00:00', '2023-06-29 09:00:00+00:00', '2023-06-29 10:00:00+00:00', '2023-06-29 11:00:00+00:00', '2023-06-29 12:00:00+00:00', '2023-06-29 13:00:00+00:00']",6,4.667,1.9889,9090.134,3041.265
2023-06-29,H1.Z27,I2,"['2023-06-29 08:00:00+00:00', '2023-06-29 09:00:00+00:00', '2023-06-29 10:00:00+00:00', '2023-06-29 11:00:00+00:00', '2023-06-29 12:00:00+00:00', '2023-06-29 13:00:00+00:00']",6,4.632,1.9391,45.71,15.553
2023-06-29,H4.ZE50,I3,"['2023-06-29 09:00:00+00:00', '2023-06-29 10:00:00+00:00', '2023-06-29 12:00:00+00:00', '2023-06-29 16:00:00+00:00']",4,4.22,1.1668,8.58,3.96
2023-06-29,H4.ZE50,P3,"['2023-06-29 09:00:00+00:00', '2023-06-29 10:00:00+00:00', '2023-06-29 12:00:00+00:00', '2023-06-29 16:00:00+00:00']",4,4.207,1.3124,1776.257,768.157
2023-06-29,H4.ZE50,P,"['2023-06-29 08:00:00+00:00', '2023-06-29 09:00:00+00:00', '2023-06-29 10:00:00+00:00', '2023-06-29 12:00:00+00:00', '2023-06-29 15:00:00+00:00']",5,4.023,1.2798,6360.477,2789.954
2023-06-29,H2.ZE66,I3,"['2023-06-29 11:00:00+00:00', '2023-06-29 15:00:00+00:00', '2023-06-29 18:00:00+00:00']",3,3.851,0.3164,13.046,9.911
2023-06-29,H4.ZE50,I1,"['2023-06-29 09:00:00+00:00', '2023-06-29 10:00:00+00:00', '2023-06-29 15:00:00+00:00']",3,3.571,1.0516,12.519,6.102
2023-06-29,H4.ZE50,P1,"['2023-06-29 09:00:00+00:00', '2023-06-29 10:00:00+00:00', '2023-06-29 15:00:00+00:00']",3,3.536,1.2242,2776.743,1248.412
2023-06-29,H3.ZE41,I2,"['2023-06-29 08:00:00+00:00', '2023-06-29 09:00:00+00:00', '2023-06-29 11:00:00+00:00', '2023-06-29 12:00:00+00:00']",4,3.261,0.4393,11.835,8.223
2023-06-29,H3.ZE41,P2,"['2023-06-29 08:00:00+00:00', '2023-06-29 09:00:00+00:00', '2023-06-29 11:00:00+00:00', '2023-06-29 12:00:00+00:00']",4,3.259,0.5065,2480.823,1646.772
2023-06-29,H3.Z48,I3,"['2023-06-29 08:00:00+00:00', '2023-06-29 09:00:00+00:00', '2023-06-29 10:00:00+00:00', '2023-06-29 11:00:00+00:00', '2023-06-29 12:00:00+00:00']",5,3.257,1.7926,4.561,1.633
2023-06-29,H3.Z48,I2,"['2023-06-29 08:00:00+00:00', '2023-06-29 09:00:00+00:00', '2023-06-29 10:00:00+00:00', '2023-06-29 11:00:00+00:00', '2023-06-29 12:00:00+00:00']",5,3.251,1.7852,4.509,1.619
2023-06-29,H3.Z48,I1,"['2023-06-29 08:00:00+00:00', '2023-06-29 09:00:00+00:00', '2023-06-29 10:00:00+00:00', '2023-06-29 11:00:00+00:00', '2023-06-29 12:00:00+00:00']",5,3.249,1.79,4.397,1.576
2023-06-29,H3.Z48,P1,"['2023-06-29 08:00:00+00:00', '2023-06-29 09:00:00+00:00', '2023-06-29 10:00:00+00:00', '2023-06-29 11:00:00+00:00', '2023-06-29 12:00:00+00:00']",5,3.236,1.7704,851.272,307.27
2023-06-29,H3.Z48,P2,"['2023-06-29 08:00:00+00:00', '2023-06-29 09:00:00+00:00', '2023-06-29 10:00:00+00:00', '2023-06-29 11:00:00+00:00', '2023-06-29 12:00:00+00:00']",5,3.236,1.7738,882.149,318.033
2023-06-29,H3.Z48,P3,"['2023-06-29 08:00:00+00:00', '2023-06-29 09:00:00+00:00', '2023-06-29 10:00:00+00:00', '2023-06-29 11:00:00+00:00', '2023-06-29 12:00:00+00:00']",5,3.234,1.7653,874.934,316.392
2023-06-29,H3.ZE40,P3,"['2023-06-29 13:00:00+00:00', '2023-06-29 14:00:00+00:00']",2,3.231,0.1582,3210.593,2772.125
2023-06-29,H3.Z48,P,"['2023-06-29 08:00:00+00:00', '2023-06-29 09:00:00+00:00', '2023-06-29 10:00:00+00:00', '2023-06-29 11:00:00+00:00', '2023-06-29 12:00:00+00:00']",5,3.23,1.7656,2608.287,943.133
2023-06-29,H3.ZE40,I3,"['2023-06-29 13:00:00+00:00', '2023-06-29 14:00:00+00:00']",2,3.215,0.1533,14.444,12.524
2023-06-29,H3.Z48,Q,"['2023-06-29 08:00:00+00:00', '2023-06-29 09:00:00+00:00', '2023-06-29 10:00:00+00:00', '2023-06-29 11:00:00+00:00', '2023-06-29 12:00:00+00:00']",5,3.16,1.7341,1559.341,570.334
2023-06-29,H1.Z28,I1,"['2023-06-29 11:00:00+00:00', '2023-06-29 12:00:00+00:00']",2,3.158,0.252,-73.672,-58.843
2023-06-29,H1.Z28,I3,"['2023-06-29 11:00:00+00:00', '2023-06-29 12:00:00+00:00']",2,3.154,0.26,-49.423,-39.226
2023-06-29,H1.Z15,I3,"['2023-06-29 11:00:00+00:00', '2023-06-29 12:00:00+00:00']",2,3.11,0.2617,-162.371,-128.696
2023-06-29,H1.Z28,I2,"['2023-06-29 11:00:00+00:00', '2023-06-29 12:00:00+00:00']",2,3.092,0.2332,-75.395,-61.138
2023-07-06,H2.Z68,P1,"['2023-07-06 10:00:00+00:00', '2023-07-06 11:00:00+00:00', '2023-07-06 12:00:00+00:00', '2023-07-06 13:00:00+00:00', '2023-07-06 14:00:00+00:00', '2023-07-06 15:00:00+00:00', '2023-07-06 16:00:00+00:00', '2023-07-06 17:00:00+00:00', '2023-07-06 18:00:00+00:00', '2023-07-06 19:00:00+00:00', '2023-07-06 20:00:00+00:00', '2023-07-06 21:00:00+00:00', '2023-07-06 22:00:00+00:00', '2023-07-06 23:00:00+00:00']",14,49.724,0.1887,887.878,746.924
2023-07-06,H2.Z68,P,"['2023-07-06 10:00:00+00:00', '2023-07-06 11:00:00+00:00', '2023-07-06 12:00:00+00:00', '2023-07-06 13:00:00+00:00', '2023-07-06 14:00:00+00:00', '2023-07-06 15:00:00+00:00', '2023-07-06 16:00:00+00:00', '2023-07-06 17:00:00+00:00', '2023-07-06 18:00:00+00:00', '2023-07-06 19:00:00+00:00', '2023-07-06 20:00:00+00:00', '2023-07-06 21:00:00+00:00', '2023-07-06 22:00:00+00:00', '2023-07-06 23:00:00+00:00']",14,39.984,0.1941,2770.312,2320.049
2023-07-06,H2.Z68,P3,"['2023-07-06 10:00:00+00:00', '2023-07-06 11:00:00+00:00', '2023-07-06 12:00:00+00:00', '2023-07-06 13:00:00+00:00', '2023-07-06 14:00:00+00:00', '2023-07-06 15:00:00+00:00', '2023-07-06 16:00:00+00:00', '2023-07-06 17:00:00+00:00', '2023-07-06 18:00:00+00:00', '2023-07-06 19:00:00+00:00', '2023-07-06 20:00:00+00:00', '2023-07-06 21:00:00+00:00', '2023-07-06 22:00:00+00:00', '2023-07-06 23:00:00+00:00']",14,34.001,0.1929,960.344,805.059
2023-07-06,H2.Z68,P2,"['2023-07-06 10:00:00+00:00', '2023-07-06 11:00:00+00:00', '2023-07-06 12:00:00+00:00', '2023-07-06 13:00:00+00:00', '2023-07-06 14:00:00+00:00', '2023-07-06 15:00:00+00:00', '2023-07-06 16:00:00+00:00', '2023-07-06 17:00:00+00:00', '2023-07-06 18:00:00+00:00', '2023-07-06 19:00:00+00:00', '2023-07-06 20:00:00+00:00', '2023-07-06 21:00:00+00:00', '2023-07-06 22:00:00+00:00', '2023-07-06 23:00:00+00:00']",14,32.024,0.2004,922.008,768.112
2023-07-06,H1.W11,Tdiff,"['2023-07-06 03:00:00+00:00', '2023-07-06 04:00:00+00:00', '2023-07-06 05:00:00+00:00']",3,13.483,5.7746,1672.416,246.865
2023-07-06,H3.ZE41,I3,"['2023-07-06 07:00:00+00:00', '2023-07-06 08:00:00+00:00', '2023-07-06 10:00:00+00:00', '2023-07-06 11:00:00+00:00', '2023-07-06 12:00:00+00:00', '2023-07-06 13:00:00+00:00']",6,6.415,0.5031,5.847,3.89
2023-07-06,H3.ZE41,P3,"['2023-07-06 07:00:00+00:00', '2023-07-06 08:00:00+00:00', '2023-07-06 10:00:00+00:00', '2023-07-06 11:00:00+00:00', '2023-07-06 12:00:00+00:00', '2023-07-06 13:00:00+00:00']",6,6.388,0.5162,1301.356,858.278
2023-07-06,H3.Z47,I1,"['2023-07-06 11:00:00+00:00', '2023-07-06 12:00:00+00:00', '2023-07-06 13:00:00+00:00', '2023-07-06 14:00:00+00:00']",4,5.35,0.2889,11.382,8.83
2023-07-06,H3.Z47,P1,"['2023-07-06 11:00:00+00:00', '2023-07-06 12:00:00+00:00', '2023-07-06 13:00:00+00:00', '2023-07-06 14:00:00+00:00']",4,5.13,0.4067,2061.858,1465.754
2023-07-06,H1.W11,P,"['2023-07-06 03:00:00+00:00', '2023-07-06 04:00:00+00:00']",2,5.114,1.0563,24948.596,12133.053
2023-07-06,H3.Z47,P3,"['2023-07-06 09:00:00+00:00', '2023-07-06 10:00:00+00:00', '2023-07-06 11:00:00+00:00', '2023-07-06 12:00:00+00:00', '2023-07-06 13:00:00+00:00', '2023-07-06 14:00:00+00:00']",6,4.464,0.589,2161.02,1359.994
2023-07-06,H3.ZE40,P1,"['2023-07-06 07:00:00+00:00', '2023-07-06 08:00:00+00:00', '2023-07-06 13:00:00+00:00']",3,4.426,0.1683,2948.377,2523.542
2023-07-06,H3.Z47,P,"['2023-07-06 10:00:00+00:00', '2023-07-06 11:00:00+00:00', '2023-07-06 12:00:00+00:00', '2023-07-06 13:00:00+00:00', '2023-07-06 14:00:00+00:00']",5,4.397,0.5456,5950.519,3849.919
2023-07-06,H3.ZE40,I1,"['2023-07-06 07:00:00+00:00', '2023-07-06 08:00:00+00:00', '2023-07-06 13:00:00+00:00']",3,4.389,0.158,13.734,11.86
2023-07-06,H1.Z29,P1,"['2023-07-06 03:00:00+00:00', '2023-07-06 04:00:00+00:00', '2023-07-06 23:00:00+00:00']",3,4.369,1.0243,-6082.396,-3004.758
2023-07-06,H1.Z19,P3,"['2023-07-06 03:00:00+00:00', '2023-07-06 04:00:00+00:00', '2023-07-06 23:00:00+00:00']",3,4.367,0.9059,128.151,67.238
2023-07-06,H1.ZE20,P1,"['2023-07-06 03:00:00+00:00', '2023-07-06 04:00:00+00:00', '2023-07-06 23:00:00+00:00']",3,4.364,0.9386,-6233.093,-3215.3
2023-07-06,H1.Z29,P,"['2023-07-06 03:00:00+00:00', '2023-07-06 04:00:00+00:00', '2023-07-06 23:00:00+00:00']",3,4.35,0.984,-17620.626,-8881.168
2023-07-06,H1.Z29,P3,"['2023-07-06 03:00:00+00:00', '2023-07-06 04:00:00+00:00', '2023-07-06 23:00:00+00:00']",3,4.345,0.9149,-5813.881,-3036.176
2023-07-06,H1.ZE20,P,"['2023-07-06 03:00:00+00:00', '2023-07-06 04:00:00+00:00', '2023-07-06 23:00:00+00:00']",3,4.344,0.9279,-17777.181,-9221.039
2023-07-06,H1.ZE20,P3,"['2023-07-06 03:00:00+00:00', '2023-07-06 04:00:00+00:00', '2023-07-06 23:00:00+00:00']",3,4.339,0.9177,-5672.9,-2958.122
2023-07-06,H1.Z29,P2,"['2023-07-06 03:00:00+00:00', '2023-07-06 04:00:00+00:00', '2023-07-06 23:00:00+00:00']",3,4.333,1.0154,-5724.35,-2840.351
2023-07-06,H1.ZE20,P2,"['2023-07-06 03:00:00+00:00', '2023-07-06 04:00:00+00:00', '2023-07-06 23:00:00+00:00']",3,4.327,0.9265,-5871.188,-3047.617
2023-07-06,H3.Z47,I3,"['2023-07-06 09:00:00+00:00', '2023-07-06 10:00:00+00:00', '2023-07-06 11:00:00+00:00', '2023-07-06 12:00:00+00:00', '2023-07-06 13:00:00+00:00', '2023-07-06 14:00:00+00:00']",6,4.327,0.4594,10.282,7.045
2023-07-06,H1.Z29,I1,"['2023-07-06 03:00:00+00:00', '2023-07-06 04:00:00+00:00', '2023-07-06 23:00:00+00:00']",3,4.315,0.8064,29.769,16.48
2023-07-06,H1.ZE20,I1,"['2023-07-06 03:00:00+00:00', '2023-07-06 04:00:00+00:00', '2023-07-06 23:00:00+00:00']",3,4.309,0.8588,-28.437,-15.298
2023-07-06,H1.Z29,I3,"['2023-07-06 03:00:00+00:00', '2023-07-06 04:00:00+00:00', '2023-07-06 23:00:00+00:00']",3,4.292,0.8843,25.483,13.524
2023-07-06,H1.Z29,I2,"['2023-07-06 03:00:00+00:00', '2023-07-06 04:00:00+00:00', '2023-07-06 23:00:00+00:00']",3,4.29,0.7967,27.497,15.304
2023-07-06,H1.ZE20,I2,"['2023-07-06 03:00:00+00:00', '2023-07-06 04:00:00+00:00', '2023-07-06 23:00:00+00:00']",3,4.286,0.8658,-25.981,-13.925
2023-07-06,H1.ZE20,I3,"['2023-07-06 03:00:00+00:00', '2023-07-06 04:00:00+00:00', '2023-07-06 23:00:00+00:00']",3,4.286,0.8685,-25.159,-13.465
2023-07-06,H1.Z20,P1,"['2023-07-06 03:00:00+00:00', '2023-07-06 04:00:00+00:00', '2023-07-06 23:00:00+00:00']",3,4.273,0.9283,-6214.502,-3222.732
2023-07-06,H1.W12,P,"['2023-07-06 03:00:00+00:00', '2023-07-06 04:00:00+00:00']",2,4.264,0.8663,28140.949,15078.606
2023-07-06,H1.Z20,P,"['2023-07-06 03:00:00+00:00', '2023-07-06 04:00:00+00:00', '2023-07-06 23:00:00+00:00']",3,4.255,0.9181,-17713.201,-9234.796
2023-07-06,H1.Z20,P3,"['2023-07-06 03:00:00+00:00', '2023-07-06 04:00:00+00:00', '2023-07-06 23:00:00+00:00']",3,4.248,0.907,-5645.174,-2960.206
2023-07-06,H1.Z20,P2,"['2023-07-06 03:00:00+00:00', '2023-07-06 04:00:00+00:00', '2023-07-06 23:00:00+00:00']",3,4.235,0.9162,-5848.972,-3052.354
2023-07-06,H1.Z19,P1,"['2023-07-06 03:00:00+00:00', '2023-07-06 04:00:00+00:00', '2023-07-06 23:00:00+00:00']",3,4.234,0.9129,3.092,1.616
2023-07-06,H1.Z20,I1,"['2023-07-06 03:00:00+00:00', '2023-07-06 04:00:00+00:00', '2023-07-06 23:00:00+00:00']",3,4.223,0.8513,-28.371,-15.325
2023-07-06,H3.Z41,I3,"['2023-07-06 08:00:00+00:00', '2023-07-06 09:00:00+00:00', '2023-07-06 13:00:00+00:00']",3,4.205,0.3795,4.753,3.445
2023-07-06,H1.Z20,I2,"['2023-07-06 03:00:00+00:00', '2023-07-06 04:00:00+00:00', '2023-07-06 23:00:00+00:00']",3,4.203,0.8593,-25.895,-13.927
2023-07-06,H1.Z20,I3,"['2023-07-06 03:00:00+00:00', '2023-07-06 04:00:00+00:00', '2023-07-06 23:00:00+00:00']",3,4.203,0.8608,-25.071,-13.473
2023-07-06,H3.Z41,P3,"['2023-07-06 08:00:00+00:00', '2023-07-06 09:00:00+00:00', '2023-07-06 13:00:00+00:00']",3,4.19,0.3938,1057.208,758.519
2023-07-06,H3.Z41,Q,"['2023-07-06 08:00:00+00:00', '2023-07-06 09:00:00+00:00', '2023-07-06 13:00:00+00:00']",3,3.85,0.1454,-1800.46,-1571.909
2023-07-06,H3.ZE44,I2,"['2023-07-06 04:00:00+00:00', '2023-07-06 05:00:00+00:00', '2023-07-06 06:00:00+00:00', '2023-07-06 07:00:00+00:00', '2023-07-06 08:00:00+00:00', '2023-07-06 09:00:00+00:00', '2023-07-06 10:00:00+00:00', '2023-07-06 11:00:00+00:00', '2023-07-06 12:00:00+00:00', '2023-07-06 13:00:00+00:00', '2023-07-06 14:00:00+00:00', '2023-07-06 15:00:00+00:00', '2023-07-06 16:00:00+00:00', '2023-07-06 17:00:00+00:00', '2023-07-06 18:00:00+00:00', '2023-07-06 19:00:00+00:00', '2023-07-06 20:00:00+00:00', '2023-07-06 21:00:00+00:00', '2023-07-06 22:00:00+00:00', '2023-07-06 23:00:00+00:00']",20,3.768,0.6114,35.143,21.809
2023-07-06,H1.Z24,P3,"['2023-07-06 03:00:00+00:00', '2023-07-06 04:00:00+00:00']",2,3.723,0.1557,-7.402,-6.405
2023-07-06,H3.Z47,I2,"['2023-07-06 11:00:00+00:00', '2023-07-06 12:00:00+00:00', '2023-07-06 13:00:00+00:00', '2023-07-06 14:00:00+00:00']",4,3.662,0.5159,8.351,5.509
2023-07-06,H3.Z47,P2,"['2023-07-06 11:00:00+00:00', '2023-07-06 12:00:00+00:00', '2023-07-06 13:00:00+00:00', '2023-07-06 14:00:00+00:00']",4,3.659,0.6859,1726.579,1024.121
2023-07-06,H1.Z25,P3,"['2023-07-06 03:00:00+00:00', '2023-07-06 04:00:00+00:00']",2,3.618,0.2193,4.342,3.561
2023-07-06,H3.ZE44,I3,"['2023-07-06 04:00:00+00:00', '2023-07-06 05:00:00+00:00', '2023-07-06 06:00:00+00:00', '2023-07-06 07:00:00+00:00', '2023-07-06 08:00:00+00:00', '2023-07-06 09:00:00+00:00', '2023-07-06 10:00:00+00:00', '2023-07-06 11:00:00+00:00', '2023-07-06 12:00:00+00:00', '2023-07-06 13:00:00+00:00', '2023-07-06 14:00:00+00:00', '2023-07-06 15:00:00+00:00', '2023-07-06 16:00:00+00:00', '2023-07-06 17:00:00+00:00', '2023-07-06 18:00:00+00:00', '2023-07-06 19:00:00+00:00', '2023-07-06 20:00:00+00:00', '2023-07-06 21:00:00+00:00', '2023-07-06 22:00:00+00:00', '2023-07-06 23:00:00+00:00']",20,3.558,0.588,35.591,22.412
2023-07-06,H4.ZE51,I3,"['2023-07-06 08:00:00+00:00', '2023-07-06 09:00:00+00:00', '2023-07-06 10:00:00+00:00', '2023-07-06 11:00:00+00:00', '2023-07-06 12:00:00+00:00']",5,3.551,0.2491,10.263,8.217
2023-07-06,H1.W12,qv,"['2023-07-06 03:00:00+00:00', '2023-07-06 04:00:00+00:00']",2,3.538,0.2749,2.082,1.633
2023-07-06,H4.ZE51,P3,"['2023-07-06 08:00:00+00:00', '2023-07-06 12:00:00+00:00']",2,3.508,0.362,1899.299,1394.451
2023-07-06,H3.ZE41,P1,"['2023-07-06 10:00:00+00:00', '2023-07-06 11:00:00+00:00', '2023-07-06 12:00:00+00:00', '2023-07-06 13:00:00+00:00']",4,3.503,0.2124,3514.647,2898.922
2023-07-06,H3.ZE41,I1,"['2023-07-06 10:00:00+00:00', '2023-07-06 11:00:00+00:00', '2023-07-06 12:00:00+00:00', '2023-07-06 13:00:00+00:00']",4,3.421,0.1963,15.892,13.285
2023-07-06,H3.Z49,I1,"['2023-07-06 07:00:00+00:00', '2023-07-06 08:00:00+00:00']",2,3.296,1.0097,2.376,1.182
2023-07-06,H3.Z49,Q,"['2023-07-06 07:00:00+00:00', '2023-07-06 08:00:00+00:00']",2,3.278,0.4486,-143.101,-259.541
2023-07-06,H3.ZE44,I1,"['2023-07-06 04:00:00+00:00', '2023-07-06 05:00:00+00:00', '2023-07-06 06:00:00+00:00', '2023-07-06 07:00:00+00:00', '2023-07-06 08:00:00+00:00', '2023-07-06 09:00:00+00:00', '2023-07-06 10:00:00+00:00', '2023-07-06 11:00:00+00:00', '2023-07-06 12:00:00+00:00', '2023-07-06 13:00:00+00:00', '2023-07-06 14:00:00+00:00', '2023-07-06 15:00:00+00:00', '2023-07-06 16:00:00+00:00', '2023-07-06 17:00:00+00:00', '2023-07-06 18:00:00+00:00', '2023-07-06 19:00:00+00:00', '2023-07-06 20:00:00+00:00', '2023-07-06 21:00:00+00:00', '2023-07-06 22:00:00+00:00', '2023-07-06 23:00:00+00:00']",20,3.278,0.5488,34.823,22.484
2023-07-06,H3.Z49,I2,"['2023-07-06 07:00:00+00:00', '2023-07-06 08:00:00+00:00']",2,3.269,0.9707,2.511,1.274
2023-07-06,H3.Z49,I3,"['2023-07-06 07:00:00+00:00', '2023-07-06 08:00:00+00:00']",2,3.263,1.0414,2.431,1.191
2023-07-06,H3.Z49,P1,"['2023-07-06 07:00:00+00:00', '2023-07-06 08:00:00+00:00']",2,3.227,1.7142,368.713,135.847
2023-07-06,H3.Z49,P2,"['2023-07-06 07:00:00+00:00', '2023-07-06 08:00:00+00:00']",2,3.227,1.4428,408.809,167.351
2023-07-06,H3.Z49,P,"['2023-07-06 07:00:00+00:00', '2023-07-06 08:00:00+00:00']",2,3.22,1.5792,1159.486,449.552
2023-07-06,H3.Z49,P3,"['2023-07-06 07:00:00+00:00', '2023-07-06 08:00:00+00:00']",2,3.201,1.6019,381.275,146.539
2023-07-06,H3.ZE41,P,"['2023-07-06 11:00:00+00:00', '2023-07-06 12:00:00+00:00']",2,3.175,0.2477,6927.987,5552.694
2023-07-06,H1.Z21,P2,"['2023-07-06 03:00:00+00:00', '2023-07-06 04:00:00+00:00']",2,3.036,0.7351,-9.517,-5.485
2023-07-16,H2.Z63,W_out,"['2023-07-16 00:00:00+00:00', '2023-07-16 01:00:00+00:00', '2023-07-16 02:00:00+00:00', '2023-07-16 03:00:00+00:00', '2023-07-16 04:00:00+00:00', '2023-07-16 05:00:00+00:00', '2023-07-16 06:00:00+00:00', '2023-07-16 07:00:00+00:00', '2023-07-16 08:00:00+00:00', '2023-07-16 09:00:00+00:00', '2023-07-16 10:00:00+00:00', '2023-07-16 11:00:00+00:00', '2023-07-16 12:00:00+00:00', '2023-07-16 13:00:00+00:00', '2023-07-16 14:00:00+00:00', '2023-07-16 15:00:00+00:00', '2023-07-16 16:00:00+00:00', '2023-07-16 17:00:00+00:00', '2023-07-16 18:00:00+00:00', '2023-07-16 19:00:00+00:00', '2023-07-16 20:00:00+00:00', '2023-07-16 21:00:00+00:00', '2023-07-16 22:00:00+00:00', '2023-07-16 23:00:00+00:00']",24,35.561,0.833,3.566,1.945
2023-07-16,H3.Z46,I3,"['2023-07-16 17:00:00+00:00', '2023-07-16 18:00:00+00:00', '2023-07-16 19:00:00+00:00', '2023-07-16 20:00:00+00:00', '2023-07-16 21:00:00+00:00', '2023-07-16 22:00:00+00:00', '2023-07-16 23:00:00+00:00']",7,28.965,0.2332,3.684,4.804
2023-07-16,H3.Z46,P3,"['2023-07-16 17:00:00+00:00', '2023-07-16 18:00:00+00:00', '2023-07-16 19:00:00+00:00', '2023-07-16 20:00:00+00:00', '2023-07-16 21:00:00+00:00', '2023-07-16 22:00:00+00:00', '2023-07-16 23:00:00+00:00']",7,26.628,0.2391,785.005,1031.691
2023-07-16,H2.K21,Tvl,"['2023-07-16 01:00:00+00:00', '2023-07-16 02:00:00+00:00', '2023-07-16 03:00:00+00:00', '2023-07-16 04:00:00+00:00', '2023-07-16 05:00:00+00:00', '2023-07-16 06:00:00+00:00', '2023-07-16 07:00:00+00:00', '2023-07-16 08:00:00+00:00', '2023-07-16 09:00:00+00:00', '2023-07-16 10:00:00+00:00', '2023-07-16 11:00:00+00:00', '2023-07-16 12:00:00+00:00', '2023-07-16 13:00:00+00:00', '2023-07-16 14:00:00+00:00', '2023-07-16 15:00:00+00:00', '2023-07-16 16:00:00+00:00', '2023-07-16 17:00:00+00:00', '2023-07-16 18:00:00+00:00', '2023-07-16 19:00:00+00:00', '2023-07-16 20:00:00+00:00', '2023-07-16 21:00:00+00:00', '2023-07-16 22:00:00+00:00', '2023-07-16 23:00:00+00:00']",23,20.047,1.5466,19.137,7.515
2023-07-16,H3.Z46,Q,"['2023-07-16 00:00:00+00:00', '2023-07-16 01:00:00+00:00', '2023-07-16 02:00:00+00:00', '2023-07-16 03:00:00+00:00', '2023-07-16 04:00:00+00:00', '2023-07-16 05:00:00+00:00', '2023-07-16 06:00:00+00:00', '2023-07-16 07:00:00+00:00', '2023-07-16 08:00:00+00:00', '2023-07-16 09:00:00+00:00', '2023-07-16 10:00:00+00:00', '2023-07-16 11:00:00+00:00', '2023-07-16 12:00:00+00:00', '2023-07-16 13:00:00+00:00', '2023-07-16 14:00:00+00:00', '2023-07-16 15:00:00+00:00', '2023-07-16 16:00:00+00:00', '2023-07-16 17:00:00+00:00', '2023-07-16 18:00:00+00:00', '2023-07-16 19:00:00+00:00', '2023-07-16 20:00:00+00:00', '2023-07-16 21:00:00+00:00', '2023-07-16 22:00:00+00:00', '2023-07-16 23:00:00+00:00']",24,16.85,0.7178,-446.286,-1581.538
2023-07-16,H3.Z71,P3,"['2023-07-16 17:00:00+00:00', '2023-07-16 18:00:00+00:00', '2023-07-16 19:00:00+00:00', '2023-07-16 20:00:00+00:00', '2023-07-16 21:00:00+00:00', '2023-07-16 22:00:00+00:00', '2023-07-16 23:00:00+00:00']",7,15.133,0.106,2290.151,2070.658
2023-07-16,H3.Z71,P,"['2023-07-16 00:00:00+00:00', '2023-07-16 01:00:00+00:00', '2023-07-16 02:00:00+00:00', '2023-07-16 03:00:00+00:00', '2023-07-16 04:00:00+00:00', '2023-07-16 05:00:00+00:00', '2023-07-16 06:00:00+00:00', '2023-07-16 07:00:00+00:00', '2023-07-16 08:00:00+00:00', '2023-07-16 09:00:00+00:00', '2023-07-16 10:00:00+00:00', '2023-07-16 11:00:00+00:00', '2023-07-16 12:00:00+00:00', '2023-07-16 13:00:00+00:00', '2023-07-16 14:00:00+00:00', '2023-07-16 15:00:00+00:00', '2023-07-16 16:00:00+00:00', '2023-07-16 17:00:00+00:00', '2023-07-16 18:00:00+00:00', '2023-07-16 19:00:00+00:00', '2023-07-16 20:00:00+00:00', '2023-07-16 21:00:00+00:00', '2023-07-16 22:00:00+00:00', '2023-07-16 23:00:00+00:00']",24,12.928,0.3703,9888.432,7216.053
2023-07-16,H2.K21,Trl,"['2023-07-16 04:00:00+00:00', '2023-07-16 05:00:00+00:00', '2023-07-16 06:00:00+00:00', '2023-07-16 07:00:00+00:00', '2023-07-16 08:00:00+00:00', '2023-07-16 09:00:00+00:00', '2023-07-16 10:00:00+00:00', '2023-07-16 11:00:00+00:00', '2023-07-16 12:00:00+00:00', '2023-07-16 13:00:00+00:00', '2023-07-16 14:00:00+00:00', '2023-07-16 15:00:00+00:00', '2023-07-16 16:00:00+00:00', '2023-07-16 17:00:00+00:00', '2023-07-16 18:00:00+00:00', '2023-07-16 19:00:00+00:00', '2023-07-16 20:00:00+00:00', '2023-07-16 21:00:00+00:00', '2023-07-16 22:00:00+00:00', '2023-07-16 23:00:00+00:00']",20,12.796,1.2985,19.194,8.35
2023-07-16,H3.Z46,P,"['2023-07-16 00:00:00+00:00', '2023-07-16 01:00:00+00:00', '2023-07-16 02:00:00+00:00', '2023-07-16 03:00:00+00:00', '2023-07-16 04:00:00+00:00', '2023-07-16 05:00:00+00:00', '2023-07-16 06:00:00+00:00', '2023-07-16 07:00:00+00:00', '2023-07-16 08:00:00+00:00', '2023-07-16 09:00:00+00:00', '2023-07-16 10:00:00+00:00', '2023-07-16 11:00:00+00:00', '2023-07-16 12:00:00+00:00', '2023-07-16 13:00:00+00:00', '2023-07-16 14:00:00+00:00', '2023-07-16 15:00:00+00:00', '2023-07-16 16:00:00+00:00', '2023-07-16 17:00:00+00:00', '2023-07-16 18:00:00+00:00', '2023-07-16 19:00:00+00:00', '2023-07-16 20:00:00+00:00', '2023-07-16 21:00:00+00:00', '2023-07-16 22:00:00+00:00', '2023-07-16 23:00:00+00:00']",24,12.407,0.7544,955.192,3889.592
2023-07-16,H1.K14,qv,"['2023-07-16 00:00:00+00:00', '2023-07-16 01:00:00+00:00', '2023-07-16 02:00:00+00:00', '2023-07-16 03:00:00+00:00', '2023-07-16 04:00:00+00:00', '2023-07-16 05:00:00+00:00', '2023-07-16 06:00:00+00:00', '2023-07-16 07:00:00+00:00', '2023-07-16 08:00:00+00:00', '2023-07-16 09:00:00+00:00', '2023-07-16 10:00:00+00:00', '2023-07-16 11:00:00+00:00', '2023-07-16 12:00:00+00:00', '2023-07-16 13:00:00+00:00', '2023-07-16 14:00:00+00:00', '2023-07-16 15:00:00+00:00', '2023-07-16 16:00:00+00:00', '2023-07-16 17:00:00+00:00', '2023-07-16 18:00:00+00:00', '2023-07-16 19:00:00+00:00', '2023-07-16 20:00:00+00:00', '2023-07-16 21:00:00+00:00', '2023-07-16 22:00:00+00:00', '2023-07-16 23:00:00+00:00']",24,11.674,0.7186,6.485,23.049
2023-07-16,H2.ZE65,P3,"['2023-07-16 00:00:00+00:00', '2023-07-16 01:00:00+00:00', '2023-07-16 02:00:00+00:00', '2023-07-16 03:00:00+00:00', '2023-07-16 04:00:00+00:00', '2023-07-16 05:00:00+00:00', '2023-07-16 06:00:00+00:00', '2023-07-16 07:00:00+00:00', '2023-07-16 08:00:00+00:00', '2023-07-16 09:00:00+00:00', '2023-07-16 10:00:00+00:00', '2023-07-16 11:00:00+00:00', '2023-07-16 12:00:00+00:00', '2023-07-16 13:00:00+00:00', '2023-07-16 14:00:00+00:00', '2023-07-16 15:00:00+00:00', '2023-07-16 16:00:00+00:00', '2023-07-16 17:00:00+00:00', '2023-07-16 18:00:00+00:00', '2023-07-16 19:00:00+00:00', '2023-07-16 20:00:00+00:00', '2023-07-16 21:00:00+00:00', '2023-07-16 22:00:00+00:00', '2023-07-16 23:00:00+00:00']",24,10.172,0.1045,4604.974,4169.423
2023-07-16,H2.Z65,P3,"['2023-07-16 00:00:00+00:00', '2023-07-16 01:00:00+00:00', '2023-07-16 02:00:00+00:00', '2023-07-16 03:00:00+00:00', '2023-07-16 04:00:00+00:00', '2023-07-16 05:00:00+00:00', '2023-07-16 06:00:00+00:00', '2023-07-16 07:00:00+00:00', '2023-07-16 08:00:00+00:00', '2023-07-16 09:00:00+00:00', '2023-07-16 10:00:00+00:00', '2023-07-16 11:00:00+00:00', '2023-07-16 12:00:00+00:00', '2023-07-16 13:00:00+00:00', '2023-07-16 14:00:00+00:00', '2023-07-16 15:00:00+00:00', '2023-07-16 16:00:00+00:00', '2023-07-16 17:00:00+00:00', '2023-07-16 18:00:00+00:00', '2023-07-16 19:00:00+00:00', '2023-07-16 20:00:00+00:00', '2023-07-16 21:00:00+00:00', '2023-07-16 22:00:00+00:00', '2023-07-16 23:00:00+00:00']",24,10.06,0.1037,4578.149,4147.839
2023-07-16,H2.Z64,P3,"['2023-07-16 00:00:00+00:00', '2023-07-16 01:00:00+00:00', '2023-07-16 02:00:00+00:00', '2023-07-16 03:00:00+00:00', '2023-07-16 04:00:00+00:00', '2023-07-16 05:00:00+00:00', '2023-07-16 06:00:00+00:00', '2023-07-16 07:00:00+00:00', '2023-07-16 08:00:00+00:00', '2023-07-16 09:00:00+00:00', '2023-07-16 10:00:00+00:00', '2023-07-16 11:00:00+00:00', '2023-07-16 12:00:00+00:00', '2023-07-16 13:00:00+00:00', '2023-07-16 14:00:00+00:00', '2023-07-16 15:00:00+00:00', '2023-07-16 16:00:00+00:00', '2023-07-16 17:00:00+00:00', '2023-07-16 18:00:00+00:00', '2023-07-16 19:00:00+00:00', '2023-07-16 20:00:00+00:00', '2023-07-16 21:00:00+00:00', '2023-07-16 22:00:00+00:00', '2023-07-16 23:00:00+00:00']",24,9.998,0.1042,4425.045,4007.325
2023-07-16,H2.ZE64,P3,"['2023-07-16 00:00:00+00:00', '2023-07-16 01:00:00+00:00', '2023-07-16 02:00:00+00:00', '2023-07-16 03:00:00+00:00', '2023-07-16 04:00:00+00:00', '2023-07-16 05:00:00+00:00', '2023-07-16 06:00:00+00:00', '2023-07-16 07:00:00+00:00', '2023-07-16 08:00:00+00:00', '2023-07-16 09:00:00+00:00', '2023-07-16 10:00:00+00:00', '2023-07-16 11:00:00+00:00', '2023-07-16 12:00:00+00:00', '2023-07-16 13:00:00+00:00', '2023-07-16 14:00:00+00:00', '2023-07-16 15:00:00+00:00', '2023-07-16 16:00:00+00:00', '2023-07-16 17:00:00+00:00', '2023-07-16 18:00:00+00:00', '2023-07-16 19:00:00+00:00', '2023-07-16 20:00:00+00:00', '2023-07-16 21:00:00+00:00', '2023-07-16 22:00:00+00:00', '2023-07-16 23:00:00+00:00']",24,9.96,0.1033,4468.517,4050.256
2023-07-16,H2.ZE65,P,"['2023-07-16 00:00:00+00:00', '2023-07-16 01:00:00+00:00', '2023-07-16 02:00:00+00:00', '2023-07-16 03:00:00+00:00', '2023-07-16 04:00:00+00:00', '2023-07-16 05:00:00+00:00', '2023-07-16 06:00:00+00:00', '2023-07-16 07:00:00+00:00', '2023-07-16 08:00:00+00:00', '2023-07-16 09:00:00+00:00', '2023-07-16 10:00:00+00:00', '2023-07-16 11:00:00+00:00', '2023-07-16 12:00:00+00:00', '2023-07-16 13:00:00+00:00', '2023-07-16 14:00:00+00:00', '2023-07-16 15:00:00+00:00', '2023-07-16 16:00:00+00:00', '2023-07-16 17:00:00+00:00', '2023-07-16 18:00:00+00:00', '2023-07-16 19:00:00+00:00', '2023-07-16 20:00:00+00:00', '2023-07-16 21:00:00+00:00', '2023-07-16 22:00:00+00:00', '2023-07-16 23:00:00+00:00']",24,9.214,0.107,13394.894,12100.396
2023-07-16,H2.Z64,P,"['2023-07-16 00:00:00+00:00', '2023-07-16 01:00:00+00:00', '2023-07-16 02:00:00+00:00', '2023-07-16 03:00:00+00:00', '2023-07-16 04:00:00+00:00', '2023-07-16 05:00:00+00:00', '2023-07-16 06:00:00+00:00', '2023-07-16 07:00:00+00:00', '2023-07-16 08:00:00+00:00', '2023-07-16 09:00:00+00:00', '2023-07-16 10:00:00+00:00', '2023-07-16 11:00:00+00:00', '2023-07-16 12:00:00+00:00', '2023-07-16 13:00:00+00:00', '2023-07-16 14:00:00+00:00', '2023-07-16 15:00:00+00:00', '2023-07-16 16:00:00+00:00', '2023-07-16 17:00:00+00:00', '2023-07-16 18:00:00+00:00', '2023-07-16 19:00:00+00:00', '2023-07-16 20:00:00+00:00', '2023-07-16 21:00:00+00:00', '2023-07-16 22:00:00+00:00', '2023-07-16 23:00:00+00:00']",24,9.137,0.1081,12956.127,11692.052
2023-07-16,H2.Z65,P,"['2023-07-16 00:00:00+00:00', '2023-07-16 01:00:00+00:00', '2023-07-16 02:00:00+00:00', '2023-07-16 03:00:00+00:00', '2023-07-16 04:00:00+00:00', '2023-07-16 05:00:00+00:00', '2023-07-16 06:00:00+00:00', '2023-07-16 07:00:00+00:00', '2023-07-16 08:00:00+00:00', '2023-07-16 09:00:00+00:00', '2023-07-16 10:00:00+00:00', '2023-07-16 11:00:00+00:00', '2023-07-16 12:00:00+00:00', '2023-07-16 13:00:00+00:00', '2023-07-16 14:00:00+00:00', '2023-07-16 15:00:00+00:00', '2023-07-16 16:00:00+00:00', '2023-07-16 17:00:00+00:00', '2023-07-16 18:00:00+00:00', '2023-07-16 19:00:00+00:00', '2023-07-16 20:00:00+00:00', '2023-07-16 21:00:00+00:00', '2023-07-16 22:00:00+00:00', '2023-07-16 23:00:00+00:00']",24,9.116,0.1074,13293.839,12005.083
2023-07-16,H3.Z71,P2,"['2023-07-16 00:00:00+00:00', '2023-07-16 01:00:00+00:00', '2023-07-16 02:00:00+00:00', '2023-07-16 03:00:00+00:00', '2023-07-16 04:00:00+00:00', '2023-07-16 05:00:00+00:00', '2023-07-16 06:00:00+00:00', '2023-07-16 07:00:00+00:00', '2023-07-16 08:00:00+00:00', '2023-07-16 09:00:00+00:00', '2023-07-16 10:00:00+00:00', '2023-07-16 11:00:00+00:00', '2023-07-16 12:00:00+00:00', '2023-07-16 13:00:00+00:00', '2023-07-16 14:00:00+00:00', '2023-07-16 15:00:00+00:00', '2023-07-16 16:00:00+00:00', '2023-07-16 17:00:00+00:00', '2023-07-16 18:00:00+00:00', '2023-07-16 19:00:00+00:00', '2023-07-16 20:00:00+00:00', '2023-07-16 21:00:00+00:00', '2023-07-16 22:00:00+00:00', '2023-07-16 23:00:00+00:00']",24,9.049,0.4475,3923.595,2710.632
2023-07-16,H2.ZE64,P,"['2023-07-16 00:00:00+00:00', '2023-07-16 01:00:00+00:00', '2023-07-16 02:00:00+00:00', '2023-07-16 03:00:00+00:00', '2023-07-16 04:00:00+00:00', '2023-07-16 05:00:00+00:00', '2023-07-16 06:00:00+00:00', '2023-07-16 07:00:00+00:00', '2023-07-16 08:00:00+00:00', '2023-07-16 09:00:00+00:00', '2023-07-16 10:00:00+00:00', '2023-07-16 11:00:00+00:00', '2023-07-16 12:00:00+00:00', '2023-07-16 13:00:00+00:00', '2023-07-16 14:00:00+00:00', '2023-07-16 15:00:00+00:00', '2023-07-16 16:00:00+00:00', '2023-07-16 17:00:00+00:00', '2023-07-16 18:00:00+00:00', '2023-07-16 19:00:00+00:00', '2023-07-16 20:00:00+00:00', '2023-07-16 21:00:00+00:00', '2023-07-16 22:00:00+00:00', '2023-07-16 23:00:00+00:00']",24,9.03,0.107,13072.371,11808.64
2023-07-16,H3.Z71,I2,"['2023-07-16 00:00:00+00:00', '2023-07-16 01:00:00+00:00', '2023-07-16 02:00:00+00:00', '2023-07-16 03:00:00+00:00', '2023-07-16 04:00:00+00:00', '2023-07-16 05:00:00+00:00', '2023-07-16 06:00:00+00:00', '2023-07-16 07:00:00+00:00', '2023-07-16 08:00:00+00:00', '2023-07-16 09:00:00+00:00', '2023-07-16 10:00:00+00:00', '2023-07-16 11:00:00+00:00', '2023-07-16 12:00:00+00:00', '2023-07-16 13:00:00+00:00', '2023-07-16 14:00:00+00:00', '2023-07-16 15:00:00+00:00', '2023-07-16 16:00:00+00:00', '2023-07-16 17:00:00+00:00', '2023-07-16 18:00:00+00:00', '2023-07-16 19:00:00+00:00', '2023-07-16 20:00:00+00:00', '2023-07-16 21:00:00+00:00', '2023-07-16 22:00:00+00:00', '2023-07-16 23:00:00+00:00']",24,9.007,0.3862,17.806,12.845
2023-07-16,H3.Z46,I2,"['2023-07-16 00:00:00+00:00', '2023-07-16 01:00:00+00:00', '2023-07-16 02:00:00+00:00', '2023-07-16 03:00:00+00:00', '2023-07-16 04:00:00+00:00', '2023-07-16 05:00:00+00:00', '2023-07-16 06:00:00+00:00', '2023-07-16 07:00:00+00:00', '2023-07-16 08:00:00+00:00', '2023-07-16 09:00:00+00:00', '2023-07-16 10:00:00+00:00', '2023-07-16 11:00:00+00:00', '2023-07-16 12:00:00+00:00', '2023-07-16 13:00:00+00:00', '2023-07-16 14:00:00+00:00', '2023-07-16 15:00:00+00:00', '2023-07-16 16:00:00+00:00', '2023-07-16 17:00:00+00:00', '2023-07-16 18:00:00+00:00', '2023-07-16 19:00:00+00:00', '2023-07-16 20:00:00+00:00', '2023-07-16 21:00:00+00:00', '2023-07-16 22:00:00+00:00', '2023-07-16 23:00:00+00:00']",24,8.914,0.86,0.985,7.032
2023-07-16,H3.Z46,P2,"['2023-07-16 00:00:00+00:00', '2023-07-16 01:00:00+00:00', '2023-07-16 02:00:00+00:00', '2023-07-16 03:00:00+00:00', '2023-07-16 04:00:00+00:00', '2023-07-16 05:00:00+00:00', '2023-07-16 06:00:00+00:00', '2023-07-16 07:00:00+00:00', '2023-07-16 08:00:00+00:00', '2023-07-16 09:00:00+00:00', '2023-07-16 10:00:00+00:00', '2023-07-16 11:00:00+00:00', '2023-07-16 12:00:00+00:00', '2023-07-16 13:00:00+00:00', '2023-07-16 14:00:00+00:00', '2023-07-16 15:00:00+00:00', '2023-07-16 16:00:00+00:00', '2023-07-16 17:00:00+00:00', '2023-07-16 18:00:00+00:00', '2023-07-16 19:00:00+00:00', '2023-07-16 20:00:00+00:00', '2023-07-16 21:00:00+00:00', '2023-07-16 22:00:00+00:00', '2023-07-16 23:00:00+00:00']",24,8.629,0.887,168.849,1493.836
2023-07-16,H2.Z64,P2,"['2023-07-16 00:00:00+00:00', '2023-07-16 01:00:00+00:00', '2023-07-16 02:00:00+00:00', '2023-07-16 03:00:00+00:00', '2023-07-16 04:00:00+00:00', '2023-07-16 05:00:00+00:00', '2023-07-16 06:00:00+00:00', '2023-07-16 07:00:00+00:00', '2023-07-16 08:00:00+00:00', '2023-07-16 09:00:00+00:00', '2023-07-16 10:00:00+00:00', '2023-07-16 11:00:00+00:00', '2023-07-16 12:00:00+00:00', '2023-07-16 13:00:00+00:00', '2023-07-16 14:00:00+00:00', '2023-07-16 15:00:00+00:00', '2023-07-16 16:00:00+00:00', '2023-07-16 17:00:00+00:00', '2023-07-16 18:00:00+00:00', '2023-07-16 19:00:00+00:00', '2023-07-16 20:00:00+00:00', '2023-07-16 21:00:00+00:00', '2023-07-16 22:00:00+00:00', '2023-07-16 23:00:00+00:00']",24,8.466,0.1144,4296.322,3855.286
2023-07-16,H2.ZE65,P2,"['2023-07-16 00:00:00+00:00', '2023-07-16 01:00:00+00:00', '2023-07-16 02:00:00+00:00', '2023-07-16 03:00:00+00:00', '2023-07-16 04:00:00+00:00', '2023-07-16 05:00:00+00:00', '2023-07-16 06:00:00+00:00', '2023-07-16 07:00:00+00:00', '2023-07-16 08:00:00+00:00', '2023-07-16 09:00:00+00:00', '2023-07-16 10:00:00+00:00', '2023-07-16 11:00:00+00:00', '2023-07-16 12:00:00+00:00', '2023-07-16 13:00:00+00:00', '2023-07-16 14:00:00+00:00', '2023-07-16 15:00:00+00:00', '2023-07-16 16:00:00+00:00', '2023-07-16 17:00:00+00:00', '2023-07-16 18:00:00+00:00', '2023-07-16 19:00:00+00:00', '2023-07-16 20:00:00+00:00', '2023-07-16 21:00:00+00:00', '2023-07-16 22:00:00+00:00', '2023-07-16 23:00:00+00:00']",24,8.45,0.1103,4476.038,4031.3
2023-07-16,H3.Z46,I1,"['2023-07-16 00:00:00+00:00', '2023-07-16 01:00:00+00:00', '2023-07-16 02:00:00+00:00', '2023-07-16 03:00:00+00:00', '2023-07-16 04:00:00+00:00', '2023-07-16 05:00:00+00:00', '2023-07-16 06:00:00+00:00', '2023-07-16 07:00:00+00:00', '2023-07-16 08:00:00+00:00', '2023-07-16 09:00:00+00:00', '2023-07-16 10:00:00+00:00', '2023-07-16 11:00:00+00:00', '2023-07-16 12:00:00+00:00', '2023-07-16 13:00:00+00:00', '2023-07-16 14:00:00+00:00', '2023-07-16 15:00:00+00:00', '2023-07-16 16:00:00+00:00', '2023-07-16 17:00:00+00:00', '2023-07-16 18:00:00+00:00', '2023-07-16 19:00:00+00:00', '2023-07-16 20:00:00+00:00', '2023-07-16 21:00:00+00:00', '2023-07-16 22:00:00+00:00', '2023-07-16 23:00:00+00:00']",24,8.405,0.9795,0.131,6.395
2023-07-16,H2.ZE64,P2,"['2023-07-16 00:00:00+00:00', '2023-07-16 01:00:00+00:00', '2023-07-16 02:00:00+00:00', '2023-07-16 03:00:00+00:00', '2023-07-16 04:00:00+00:00', '2023-07-16 05:00:00+00:00', '2023-07-16 06:00:00+00:00', '2023-07-16 07:00:00+00:00', '2023-07-16 08:00:00+00:00', '2023-07-16 09:00:00+00:00', '2023-07-16 10:00:00+00:00', '2023-07-16 11:00:00+00:00', '2023-07-16 12:00:00+00:00', '2023-07-16 13:00:00+00:00', '2023-07-16 14:00:00+00:00', '2023-07-16 15:00:00+00:00', '2023-07-16 16:00:00+00:00', '2023-07-16 17:00:00+00:00', '2023-07-16 18:00:00+00:00', '2023-07-16 19:00:00+00:00', '2023-07-16 20:00:00+00:00', '2023-07-16 21:00:00+00:00', '2023-07-16 22:00:00+00:00', '2023-07-16 23:00:00+00:00']",24,8.351,0.1134,4333.384,3892.157
2023-07-16,H2.Z65,P2,"['2023-07-16 00:00:00+00:00', '2023-07-16 01:00:00+00:00', '2023-07-16 02:00:00+00:00', '2023-07-16 03:00:00+00:00', '2023-07-16 04:00:00+00:00', '2023-07-16 05:00:00+00:00', '2023-07-16 06:00:00+00:00', '2023-07-16 07:00:00+00:00', '2023-07-16 08:00:00+00:00', '2023-07-16 09:00:00+00:00', '2023-07-16 10:00:00+00:00', '2023-07-16 11:00:00+00:00', '2023-07-16 12:00:00+00:00', '2023-07-16 13:00:00+00:00', '2023-07-16 14:00:00+00:00', '2023-07-16 15:00:00+00:00', '2023-07-16 16:00:00+00:00', '2023-07-16 17:00:00+00:00', '2023-07-16 18:00:00+00:00', '2023-07-16 19:00:00+00:00', '2023-07-16 20:00:00+00:00', '2023-07-16 21:00:00+00:00', '2023-07-16 22:00:00+00:00', '2023-07-16 23:00:00+00:00']",24,8.322,0.1113,4429.227,3985.484
2023-07-16,H2.ZE65,P1,"['2023-07-16 00:00:00+00:00', '2023-07-16 01:00:00+00:00', '2023-07-16 02:00:00+00:00', '2023-07-16 03:00:00+00:00', '2023-07-16 04:00:00+00:00', '2023-07-16 05:00:00+00:00', '2023-07-16 06:00:00+00:00', '2023-07-16 07:00:00+00:00', '2023-07-16 08:00:00+00:00', '2023-07-16 09:00:00+00:00', '2023-07-16 10:00:00+00:00', '2023-07-16 11:00:00+00:00', '2023-07-16 12:00:00+00:00', '2023-07-16 13:00:00+00:00', '2023-07-16 14:00:00+00:00', '2023-07-16 15:00:00+00:00', '2023-07-16 16:00:00+00:00', '2023-07-16 17:00:00+00:00', '2023-07-16 18:00:00+00:00', '2023-07-16 19:00:00+00:00', '2023-07-16 20:00:00+00:00', '2023-07-16 21:00:00+00:00', '2023-07-16 22:00:00+00:00', '2023-07-16 23:00:00+00:00']",24,8.207,0.1062,4313.882,3899.672
2023-07-16,H2.Z64,P1,"['2023-07-16 00:00:00+00:00', '2023-07-16 01:00:00+00:00', '2023-07-16 02:00:00+00:00', '2023-07-16 03:00:00+00:00', '2023-07-16 04:00:00+00:00', '2023-07-16 05:00:00+00:00', '2023-07-16 06:00:00+00:00', '2023-07-16 07:00:00+00:00', '2023-07-16 08:00:00+00:00', '2023-07-16 09:00:00+00:00', '2023-07-16 10:00:00+00:00', '2023-07-16 11:00:00+00:00', '2023-07-16 12:00:00+00:00', '2023-07-16 13:00:00+00:00', '2023-07-16 14:00:00+00:00', '2023-07-16 15:00:00+00:00', '2023-07-16 16:00:00+00:00', '2023-07-16 17:00:00+00:00', '2023-07-16 18:00:00+00:00', '2023-07-16 19:00:00+00:00', '2023-07-16 20:00:00+00:00', '2023-07-16 21:00:00+00:00', '2023-07-16 22:00:00+00:00', '2023-07-16 23:00:00+00:00']",24,8.181,0.1058,4234.552,3829.481
2023-07-16,H2.Z65,P1,"['2023-07-16 00:00:00+00:00', '2023-07-16 01:00:00+00:00', '2023-07-16 02:00:00+00:00', '2023-07-16 03:00:00+00:00', '2023-07-16 04:00:00+00:00', '2023-07-16 05:00:00+00:00', '2023-07-16 06:00:00+00:00', '2023-07-16 07:00:00+00:00', '2023-07-16 08:00:00+00:00', '2023-07-16 09:00:00+00:00', '2023-07-16 10:00:00+00:00', '2023-07-16 11:00:00+00:00', '2023-07-16 12:00:00+00:00', '2023-07-16 13:00:00+00:00', '2023-07-16 14:00:00+00:00', '2023-07-16 15:00:00+00:00', '2023-07-16 16:00:00+00:00', '2023-07-16 17:00:00+00:00', '2023-07-16 18:00:00+00:00', '2023-07-16 19:00:00+00:00', '2023-07-16 20:00:00+00:00', '2023-07-16 21:00:00+00:00', '2023-07-16 22:00:00+00:00', '2023-07-16 23:00:00+00:00']",24,8.116,0.1071,4286.636,3871.815
2023-07-16,H2.ZE64,P1,"['2023-07-16 00:00:00+00:00', '2023-07-16 01:00:00+00:00', '2023-07-16 02:00:00+00:00', '2023-07-16 03:00:00+00:00', '2023-07-16 04:00:00+00:00', '2023-07-16 05:00:00+00:00', '2023-07-16 06:00:00+00:00', '2023-07-16 07:00:00+00:00', '2023-07-16 08:00:00+00:00', '2023-07-16 09:00:00+00:00', '2023-07-16 10:00:00+00:00', '2023-07-16 11:00:00+00:00', '2023-07-16 12:00:00+00:00', '2023-07-16 13:00:00+00:00', '2023-07-16 14:00:00+00:00', '2023-07-16 15:00:00+00:00', '2023-07-16 16:00:00+00:00', '2023-07-16 17:00:00+00:00', '2023-07-16 18:00:00+00:00', '2023-07-16 19:00:00+00:00', '2023-07-16 20:00:00+00:00', '2023-07-16 21:00:00+00:00', '2023-07-16 22:00:00+00:00', '2023-07-16 23:00:00+00:00']",24,8.06,0.1046,4270.47,3866.228
2023-07-16,H3.Z40,Q,"['2023-07-16 00:00:00+00:00', '2023-07-16 01:00:00+00:00', '2023-07-16 02:00:00+00:00', '2023-07-16 03:00:00+00:00', '2023-07-16 04:00:00+00:00', '2023-07-16 05:00:00+00:00', '2023-07-16 06:00:00+00:00', '2023-07-16 07:00:00+00:00', '2023-07-16 08:00:00+00:00', '2023-07-16 09:00:00+00:00', '2023-07-16 10:00:00+00:00', '2023-07-16 11:00:00+00:00', '2023-07-16 12:00:00+00:00', '2023-07-16 13:00:00+00:00', '2023-07-16 14:00:00+00:00', '2023-07-16 15:00:00+00:00', '2023-07-16 16:00:00+00:00', '2023-07-16 17:00:00+00:00', '2023-07-16 18:00:00+00:00', '2023-07-16 19:00:00+00:00', '2023-07-16 20:00:00+00:00', '2023-07-16 21:00:00+00:00', '2023-07-16 22:00:00+00:00', '2023-07-16 23:00:00+00:00']",24,8.035,0.4342,-1495.833,-2643.904
2023-07-16,H3.Z71,P1,"['2023-07-16 00:00:00+00:00', '2023-07-16 01:00:00+00:00', '2023-07-16 02:00:00+00:00', '2023-07-16 03:00:00+00:00', '2023-07-16 04:00:00+00:00', '2023-07-16 05:00:00+00:00', '2023-07-16 06:00:00+00:00', '2023-07-16 07:00:00+00:00', '2023-07-16 08:00:00+00:00', '2023-07-16 09:00:00+00:00', '2023-07-16 10:00:00+00:00', '2023-07-16 11:00:00+00:00', '2023-07-16 12:00:00+00:00', '2023-07-16 13:00:00+00:00', '2023-07-16 14:00:00+00:00', '2023-07-16 15:00:00+00:00', '2023-07-16 16:00:00+00:00', '2023-07-16 17:00:00+00:00', '2023-07-16 18:00:00+00:00', '2023-07-16 19:00:00+00:00', '2023-07-16 20:00:00+00:00', '2023-07-16 21:00:00+00:00', '2023-07-16 22:00:00+00:00', '2023-07-16 23:00:00+00:00']",24,8.033,0.5079,3668.982,2433.195
2023-07-16,H3.Z71,I1,"['2023-07-16 00:00:00+00:00', '2023-07-16 01:00:00+00:00', '2023-07-16 02:00:00+00:00', '2023-07-16 03:00:00+00:00', '2023-07-16 04:00:00+00:00', '2023-07-16 05:00:00+00:00', '2023-07-16 06:00:00+00:00', '2023-07-16 07:00:00+00:00', '2023-07-16 08:00:00+00:00', '2023-07-16 09:00:00+00:00', '2023-07-16 10:00:00+00:00', '2023-07-16 11:00:00+00:00', '2023-07-16 12:00:00+00:00', '2023-07-16 13:00:00+00:00', '2023-07-16 14:00:00+00:00', '2023-07-16 15:00:00+00:00', '2023-07-16 16:00:00+00:00', '2023-07-16 17:00:00+00:00', '2023-07-16 18:00:00+00:00', '2023-07-16 19:00:00+00:00', '2023-07-16 20:00:00+00:00', '2023-07-16 21:00:00+00:00', '2023-07-16 22:00:00+00:00', '2023-07-16 23:00:00+00:00']",24,7.833,0.4389,16.579,11.522
2023-07-16,H3.Z46,P1,"['2023-07-16 00:00:00+00:00', '2023-07-16 01:00:00+00:00', '2023-07-16 02:00:00+00:00', '2023-07-16 03:00:00+00:00', '2023-07-16 04:00:00+00:00', '2023-07-16 05:00:00+00:00', '2023-07-16 06:00:00+00:00', '2023-07-16 07:00:00+00:00', '2023-07-16 08:00:00+00:00', '2023-07-16 09:00:00+00:00', '2023-07-16 10:00:00+00:00', '2023-07-16 11:00:00+00:00', '2023-07-16 12:00:00+00:00', '2023-07-16 13:00:00+00:00', '2023-07-16 14:00:00+00:00', '2023-07-16 15:00:00+00:00', '2023-07-16 16:00:00+00:00', '2023-07-16 17:00:00+00:00', '2023-07-16 18:00:00+00:00', '2023-07-16 19:00:00+00:00', '2023-07-16 20:00:00+00:00', '2023-07-16 21:00:00+00:00', '2023-07-16 22:00:00+00:00', '2023-07-16 23:00:00+00:00']",24,7.691,0.9989,1.484,1363.898
2023-07-16,V.K21,qv,"['2023-07-16 00:00:00+00:00', '2023-07-16 01:00:00+00:00', '2023-07-16 02:00:00+00:00', '2023-07-16 03:00:00+00:00', '2023-07-16 04:00:00+00:00', '2023-07-16 05:00:00+00:00', '2023-07-16 06:00:00+00:00', '2023-07-16 07:00:00+00:00', '2023-07-16 08:00:00+00:00', '2023-07-16 09:00:00+00:00', '2023-07-16 10:00:00+00:00', '2023-07-16 11:00:00+00:00', '2023-07-16 12:00:00+00:00', '2023-07-16 13:00:00+00:00', '2023-07-16 14:00:00+00:00', '2023-07-16 15:00:00+00:00', '2023-07-16 16:00:00+00:00', '2023-07-16 17:00:00+00:00', '2023-07-16 18:00:00+00:00', '2023-07-16 19:00:00+00:00', '2023-07-16 20:00:00+00:00', '2023-07-16 21:00:00+00:00', '2023-07-16 22:00:00+00:00', '2023-07-16 23:00:00+00:00']",24,6.735,0.241,24.9,32.805
2023-07-16,H2.K21,qv,"['2023-07-16 00:00:00+00:00', '2023-07-16 01:00:00+00:00', '2023-07-16 02:00:00+00:00', '2023-07-16 03:00:00+00:00', '2023-07-16 04:00:00+00:00', '2023-07-16 05:00:00+00:00', '2023-07-16 06:00:00+00:00', '2023-07-16 07:00:00+00:00', '2023-07-16 08:00:00+00:00', '2023-07-16 09:00:00+00:00', '2023-07-16 10:00:00+00:00', '2023-07-16 11:00:00+00:00', '2023-07-16 12:00:00+00:00', '2023-07-16 13:00:00+00:00', '2023-07-16 14:00:00+00:00', '2023-07-16 15:00:00+00:00', '2023-07-16 16:00:00+00:00', '2023-07-16 17:00:00+00:00', '2023-07-16 18:00:00+00:00', '2023-07-16 19:00:00+00:00', '2023-07-16 20:00:00+00:00', '2023-07-16 21:00:00+00:00', '2023-07-16 22:00:00+00:00', '2023-07-16 23:00:00+00:00']",24,6.637,0.6633,11.579,34.387
2023-07-16,H3.Z40,I2,"['2023-07-16 00:00:00+00:00', '2023-07-16 01:00:00+00:00', '2023-07-16 02:00:00+00:00', '2023-07-16 03:00:00+00:00', '2023-07-16 04:00:00+00:00', '2023-07-16 05:00:00+00:00', '2023-07-16 06:00:00+00:00', '2023-07-16 07:00:00+00:00', '2023-07-16 08:00:00+00:00', '2023-07-16 09:00:00+00:00', '2023-07-16 10:00:00+00:00', '2023-07-16 11:00:00+00:00', '2023-07-16 12:00:00+00:00', '2023-07-16 13:00:00+00:00', '2023-07-16 14:00:00+00:00', '2023-07-16 15:00:00+00:00', '2023-07-16 16:00:00+00:00', '2023-07-16 17:00:00+00:00', '2023-07-16 18:00:00+00:00', '2023-07-16 19:00:00+00:00', '2023-07-16 20:00:00+00:00', '2023-07-16 21:00:00+00:00', '2023-07-16 22:00:00+00:00', '2023-07-16 23:00:00+00:00']",24,5.751,0.5244,5.551,11.67
2023-07-16,H3.ZE40,I2,"['2023-07-16 00:00:00+00:00', '2023-07-16 01:00:00+00:00', '2023-07-16 02:00:00+00:00', '2023-07-16 03:00:00+00:00', '2023-07-16 04:00:00+00:00', '2023-07-16 05:00:00+00:00', '2023-07-16 06:00:00+00:00', '2023-07-16 07:00:00+00:00', '2023-07-16 08:00:00+00:00', '2023-07-16 09:00:00+00:00', '2023-07-16 10:00:00+00:00', '2023-07-16 11:00:00+00:00', '2023-07-16 12:00:00+00:00', '2023-07-16 13:00:00+00:00', '2023-07-16 14:00:00+00:00', '2023-07-16 15:00:00+00:00', '2023-07-16 16:00:00+00:00', '2023-07-16 17:00:00+00:00', '2023-07-16 18:00:00+00:00', '2023-07-16 19:00:00+00:00', '2023-07-16 20:00:00+00:00', '2023-07-16 21:00:00+00:00', '2023-07-16 22:00:00+00:00', '2023-07-16 23:00:00+00:00']",24,5.739,0.5247,5.651,11.89
2023-07-16,H3.Z40,P2,"['2023-07-16 00:00:00+00:00', '2023-07-16 01:00:00+00:00', '2023-07-16 02:00:00+00:00', '2023-07-16 03:00:00+00:00', '2023-07-16 04:00:00+00:00', '2023-07-16 05:00:00+00:00', '2023-07-16 06:00:00+00:00', '2023-07-16 07:00:00+00:00', '2023-07-16 08:00:00+00:00', '2023-07-16 09:00:00+00:00', '2023-07-16 10:00:00+00:00', '2023-07-16 11:00:00+00:00', '2023-07-16 12:00:00+00:00', '2023-07-16 13:00:00+00:00', '2023-07-16 14:00:00+00:00', '2023-07-16 15:00:00+00:00', '2023-07-16 16:00:00+00:00', '2023-07-16 17:00:00+00:00', '2023-07-16 18:00:00+00:00', '2023-07-16 19:00:00+00:00', '2023-07-16 20:00:00+00:00', '2023-07-16 21:00:00+00:00', '2023-07-16 22:00:00+00:00', '2023-07-16 23:00:00+00:00']",24,5.5,0.5357,1146.439,2469.359
2023-07-16,H3.ZE40,P2,"['2023-07-16 00:00:00+00:00', '2023-07-16 01:00:00+00:00', '2023-07-16 02:00:00+00:00', '2023-07-16 03:00:00+00:00', '2023-07-16 04:00:00+00:00', '2023-07-16 05:00:00+00:00', '2023-07-16 06:00:00+00:00', '2023-07-16 07:00:00+00:00', '2023-07-16 08:00:00+00:00', '2023-07-16 09:00:00+00:00', '2023-07-16 10:00:00+00:00', '2023-07-16 11:00:00+00:00', '2023-07-16 12:00:00+00:00', '2023-07-16 13:00:00+00:00', '2023-07-16 14:00:00+00:00', '2023-07-16 15:00:00+00:00', '2023-07-16 16:00:00+00:00', '2023-07-16 17:00:00+00:00', '2023-07-16 18:00:00+00:00', '2023-07-16 19:00:00+00:00', '2023-07-16 20:00:00+00:00', '2023-07-16 21:00:00+00:00', '2023-07-16 22:00:00+00:00', '2023-07-16 23:00:00+00:00']",24,5.49,0.5349,1179.945,2537.063
2023-07-16,H1.K11,qv,"['2023-07-16 00:00:00+00:00', '2023-07-16 01:00:00+00:00', '2023-07-16 02:00:00+00:00', '2023-07-16 03:00:00+00:00', '2023-07-16 04:00:00+00:00', '2023-07-16 05:00:00+00:00', '2023-07-16 06:00:00+00:00', '2023-07-16 07:00:00+00:00', '2023-07-16 08:00:00+00:00', '2023-07-16 09:00:00+00:00', '2023-07-16 10:00:00+00:00', '2023-07-16 11:00:00+00:00', '2023-07-16 12:00:00+00:00', '2023-07-16 13:00:00+00:00', '2023-07-16 14:00:00+00:00', '2023-07-16 15:00:00+00:00', '2023-07-16 16:00:00+00:00', '2023-07-16 17:00:00+00:00', '2023-07-16 18:00:00+00:00', '2023-07-16 19:00:00+00:00', '2023-07-16 20:00:00+00:00', '2023-07-16 21:00:00+00:00', '2023-07-16 22:00:00+00:00', '2023-07-16 23:00:00+00:00']",24,5.019,0.6493,2.944,8.395
2023-07-16,H1.Z13,P3,"['2023-07-16 00:00:00+00:00', '2023-07-16 01:00:00+00:00', '2023-07-16 02:00:00+00:00', '2023-07-16 03:00:00+00:00', '2023-07-16 04:00:00+00:00', '2023-07-16 05:00:00+00:00', '2023-07-16 06:00:00+00:00', '2023-07-16 07:00:00+00:00', '2023-07-16 08:00:00+00:00', '2023-07-16 09:00:00+00:00', '2023-07-16 10:00:00+00:00', '2023-07-16 11:00:00+00:00', '2023-07-16 12:00:00+00:00', '2023-07-16 13:00:00+00:00', '2023-07-16 14:00:00+00:00', '2023-07-16 15:00:00+00:00', '2023-07-16 16:00:00+00:00', '2023-07-16 17:00:00+00:00', '2023-07-16 18:00:00+00:00', '2023-07-16 19:00:00+00:00', '2023-07-16 20:00:00+00:00', '2023-07-16 21:00:00+00:00', '2023-07-16 22:00:00+00:00', '2023-07-16 23:00:00+00:00']",24,4.965,1.0,0.012,3541.565
2023-07-16,H2.Z63,P2,"['2023-07-16 00:00:00+00:00', '2023-07-16 01:00:00+00:00', '2023-07-16 02:00:00+00:00', '2023-07-16 03:00:00+00:00', '2023-07-16 04:00:00+00:00', '2023-07-16 05:00:00+00:00', '2023-07-16 06:00:00+00:00', '2023-07-16 07:00:00+00:00', '2023-07-16 08:00:00+00:00', '2023-07-16 09:00:00+00:00', '2023-07-16 10:00:00+00:00', '2023-07-16 11:00:00+00:00', '2023-07-16 12:00:00+00:00', '2023-07-16 13:00:00+00:00', '2023-07-16 14:00:00+00:00', '2023-07-16 15:00:00+00:00', '2023-07-16 16:00:00+00:00']",17,4.955,0.7095,84.382,290.482
2023-07-16,H1.Z13,P,"['2023-07-16 00:00:00+00:00', '2023-07-16 01:00:00+00:00', '2023-07-16 02:00:00+00:00', '2023-07-16 03:00:00+00:00', '2023-07-16 04:00:00+00:00', '2023-07-16 05:00:00+00:00', '2023-07-16 06:00:00+00:00', '2023-07-16 07:00:00+00:00', '2023-07-16 08:00:00+00:00', '2023-07-16 09:00:00+00:00', '2023-07-16 10:00:00+00:00', '2023-07-16 11:00:00+00:00', '2023-07-16 12:00:00+00:00', '2023-07-16 13:00:00+00:00', '2023-07-16 14:00:00+00:00', '2023-07-16 15:00:00+00:00', '2023-07-16 16:00:00+00:00', '2023-07-16 17:00:00+00:00', '2023-07-16 18:00:00+00:00', '2023-07-16 19:00:00+00:00', '2023-07-16 20:00:00+00:00', '2023-07-16 21:00:00+00:00', '2023-07-16 22:00:00+00:00', '2023-07-16 23:00:00+00:00']",24,4.882,0.9955,46.742,10466.268
2023-07-16,H2.Z63,P3,"['2023-07-16 00:00:00+00:00', '2023-07-16 01:00:00+00:00', '2023-07-16 02:00:00+00:00', '2023-07-16 03:00:00+00:00', '2023-07-16 04:00:00+00:00', '2023-07-16 05:00:00+00:00', '2023-07-16 06:00:00+00:00', '2023-07-16 07:00:00+00:00', '2023-07-16 08:00:00+00:00', '2023-07-16 09:00:00+00:00', '2023-07-16 10:00:00+00:00', '2023-07-16 11:00:00+00:00', '2023-07-16 12:00:00+00:00', '2023-07-16 13:00:00+00:00', '2023-07-16 14:00:00+00:00', '2023-07-16 15:00:00+00:00', '2023-07-16 16:00:00+00:00']",17,4.874,0.7711,104.941,458.359
2023-07-16,H1.Z14,P3,"['2023-07-16 00:00:00+00:00', '2023-07-16 01:00:00+00:00', '2023-07-16 02:00:00+00:00', '2023-07-16 03:00:00+00:00', '2023-07-16 04:00:00+00:00', '2023-07-16 05:00:00+00:00', '2023-07-16 06:00:00+00:00', '2023-07-16 07:00:00+00:00', '2023-07-16 08:00:00+00:00', '2023-07-16 09:00:00+00:00', '2023-07-16 10:00:00+00:00', '2023-07-16 11:00:00+00:00', '2023-07-16 12:00:00+00:00', '2023-07-16 13:00:00+00:00', '2023-07-16 14:00:00+00:00', '2023-07-16 15:00:00+00:00', '2023-07-16 16:00:00+00:00', '2023-07-16 17:00:00+00:00', '2023-07-16 18:00:00+00:00', '2023-07-16 19:00:00+00:00', '2023-07-16 20:00:00+00:00', '2023-07-16 21:00:00+00:00', '2023-07-16 22:00:00+00:00', '2023-07-16 23:00:00+00:00']",24,4.869,1.0,0.0,3398.93
2023-07-16,H2.Z63,P,"['2023-07-16 00:00:00+00:00', '2023-07-16 01:00:00+00:00', '2023-07-16 02:00:00+00:00', '2023-07-16 03:00:00+00:00', '2023-07-16 04:00:00+00:00', '2023-07-16 05:00:00+00:00', '2023-07-16 06:00:00+00:00', '2023-07-16 07:00:00+00:00', '2023-07-16 08:00:00+00:00', '2023-07-16 09:00:00+00:00', '2023-07-16 10:00:00+00:00', '2023-07-16 11:00:00+00:00', '2023-07-16 12:00:00+00:00', '2023-07-16 13:00:00+00:00', '2023-07-16 14:00:00+00:00', '2023-07-16 15:00:00+00:00', '2023-07-16 16:00:00+00:00']",17,4.864,0.7319,319.128,1190.312
2023-07-16,H2.Z63,P1,"['2023-07-16 00:00:00+00:00', '2023-07-16 01:00:00+00:00', '2023-07-16 02:00:00+00:00', '2023-07-16 03:00:00+00:00', '2023-07-16 04:00:00+00:00', '2023-07-16 05:00:00+00:00', '2023-07-16 06:00:00+00:00', '2023-07-16 07:00:00+00:00', '2023-07-16 08:00:00+00:00', '2023-07-16 09:00:00+00:00', '2023-07-16 10:00:00+00:00', '2023-07-16 11:00:00+00:00', '2023-07-16 12:00:00+00:00', '2023-07-16 13:00:00+00:00', '2023-07-16 14:00:00+00:00', '2023-07-16 15:00:00+00:00', '2023-07-16 16:00:00+00:00']",17,4.864,0.707,129.364,441.493
2023-07-16,H1.Z13,P2,"['2023-07-16 00:00:00+00:00', '2023-07-16 01:00:00+00:00', '2023-07-16 02:00:00+00:00', '2023-07-16 03:00:00+00:00', '2023-07-16 04:00:00+00:00', '2023-07-16 05:00:00+00:00', '2023-07-16 06:00:00+00:00', '2023-07-16 07:00:00+00:00', '2023-07-16 08:00:00+00:00', '2023-07-16 09:00:00+00:00', '2023-07-16 10:00:00+00:00', '2023-07-16 11:00:00+00:00', '2023-07-16 12:00:00+00:00', '2023-07-16 13:00:00+00:00', '2023-07-16 14:00:00+00:00', '2023-07-16 15:00:00+00:00', '2023-07-16 16:00:00+00:00', '2023-07-16 17:00:00+00:00', '2023-07-16 18:00:00+00:00', '2023-07-16 19:00:00+00:00', '2023-07-16 20:00:00+00:00', '2023-07-16 21:00:00+00:00', '2023-07-16 22:00:00+00:00', '2023-07-16 23:00:00+00:00']",24,4.862,0.9833,59.174,3539.117
2023-07-16,H2.Z63,I1,"['2023-07-16 00:00:00+00:00', '2023-07-16 01:00:00+00:00', '2023-07-16 02:00:00+00:00', '2023-07-16 03:00:00+00:00', '2023-07-16 04:00:00+00:00', '2023-07-16 05:00:00+00:00', '2023-07-16 06:00:00+00:00', '2023-07-16 07:00:00+00:00', '2023-07-16 08:00:00+00:00', '2023-07-16 09:00:00+00:00', '2023-07-16 10:00:00+00:00', '2023-07-16 11:00:00+00:00', '2023-07-16 12:00:00+00:00', '2023-07-16 13:00:00+00:00', '2023-07-16 14:00:00+00:00', '2023-07-16 15:00:00+00:00', '2023-07-16 16:00:00+00:00']",17,4.844,0.1763,16.473,19.998
2023-07-16,H1.Z13,P1,"['2023-07-16 00:00:00+00:00', '2023-07-16 01:00:00+00:00', '2023-07-16 02:00:00+00:00', '2023-07-16 03:00:00+00:00', '2023-07-16 04:00:00+00:00', '2023-07-16 05:00:00+00:00', '2023-07-16 06:00:00+00:00', '2023-07-16 07:00:00+00:00', '2023-07-16 08:00:00+00:00', '2023-07-16 09:00:00+00:00', '2023-07-16 10:00:00+00:00', '2023-07-16 11:00:00+00:00', '2023-07-16 12:00:00+00:00', '2023-07-16 13:00:00+00:00', '2023-07-16 14:00:00+00:00', '2023-07-16 15:00:00+00:00', '2023-07-16 16:00:00+00:00', '2023-07-16 17:00:00+00:00', '2023-07-16 18:00:00+00:00', '2023-07-16 19:00:00+00:00', '2023-07-16 20:00:00+00:00', '2023-07-16 21:00:00+00:00', '2023-07-16 22:00:00+00:00', '2023-07-16 23:00:00+00:00']",24,4.816,1.0037,-12.441,3386.065
2023-07-16,H1.Z14,P2,"['2023-07-16 00:00:00+00:00', '2023-07-16 01:00:00+00:00', '2023-07-16 02:00:00+00:00', '2023-07-16 03:00:00+00:00', '2023-07-16 04:00:00+00:00', '2023-07-16 05:00:00+00:00', '2023-07-16 06:00:00+00:00', '2023-07-16 07:00:00+00:00', '2023-07-16 08:00:00+00:00', '2023-07-16 09:00:00+00:00', '2023-07-16 10:00:00+00:00', '2023-07-16 11:00:00+00:00', '2023-07-16 12:00:00+00:00', '2023-07-16 13:00:00+00:00', '2023-07-16 14:00:00+00:00', '2023-07-16 15:00:00+00:00', '2023-07-16 16:00:00+00:00', '2023-07-16 17:00:00+00:00', '2023-07-16 18:00:00+00:00', '2023-07-16 19:00:00+00:00', '2023-07-16 20:00:00+00:00', '2023-07-16 21:00:00+00:00', '2023-07-16 22:00:00+00:00', '2023-07-16 23:00:00+00:00']",24,4.816,0.9816,61.487,3347.491
2023-07-16,H2.Z63,I3,"['2023-07-16 00:00:00+00:00', '2023-07-16 01:00:00+00:00', '2023-07-16 02:00:00+00:00', '2023-07-16 03:00:00+00:00', '2023-07-16 04:00:00+00:00', '2023-07-16 05:00:00+00:00', '2023-07-16 06:00:00+00:00', '2023-07-16 07:00:00+00:00', '2023-07-16 08:00:00+00:00', '2023-07-16 09:00:00+00:00', '2023-07-16 10:00:00+00:00', '2023-07-16 11:00:00+00:00', '2023-07-16 12:00:00+00:00', '2023-07-16 13:00:00+00:00', '2023-07-16 14:00:00+00:00', '2023-07-16 15:00:00+00:00', '2023-07-16 16:00:00+00:00']",17,4.808,0.1617,16.37,19.528
2023-07-16,H1.Z14,P,"['2023-07-16 00:00:00+00:00', '2023-07-16 01:00:00+00:00', '2023-07-16 02:00:00+00:00', '2023-07-16 03:00:00+00:00', '2023-07-16 04:00:00+00:00', '2023-07-16 05:00:00+00:00', '2023-07-16 06:00:00+00:00', '2023-07-16 07:00:00+00:00', '2023-07-16 08:00:00+00:00', '2023-07-16 09:00:00+00:00', '2023-07-16 10:00:00+00:00', '2023-07-16 11:00:00+00:00', '2023-07-16 12:00:00+00:00', '2023-07-16 13:00:00+00:00', '2023-07-16 14:00:00+00:00', '2023-07-16 15:00:00+00:00', '2023-07-16 16:00:00+00:00', '2023-07-16 17:00:00+00:00', '2023-07-16 18:00:00+00:00', '2023-07-16 19:00:00+00:00', '2023-07-16 20:00:00+00:00', '2023-07-16 21:00:00+00:00', '2023-07-16 22:00:00+00:00', '2023-07-16 23:00:00+00:00']",24,4.794,0.9937,62.636,10010.971
2023-07-16,H2.Z63,I2,"['2023-07-16 00:00:00+00:00', '2023-07-16 01:00:00+00:00', '2023-07-16 02:00:00+00:00', '2023-07-16 03:00:00+00:00', '2023-07-16 04:00:00+00:00', '2023-07-16 05:00:00+00:00', '2023-07-16 06:00:00+00:00', '2023-07-16 07:00:00+00:00', '2023-07-16 08:00:00+00:00', '2023-07-16 09:00:00+00:00', '2023-07-16 10:00:00+00:00', '2023-07-16 11:00:00+00:00', '2023-07-16 12:00:00+00:00', '2023-07-16 13:00:00+00:00', '2023-07-16 14:00:00+00:00', '2023-07-16 15:00:00+00:00', '2023-07-16 16:00:00+00:00']",17,4.742,0.1527,16.319,19.26
2023-07-16,H2.Z63,Q,"['2023-07-16 00:00:00+00:00', '2023-07-16 01:00:00+00:00', '2023-07-16 02:00:00+00:00', '2023-07-16 03:00:00+00:00', '2023-07-16 04:00:00+00:00', '2023-07-16 05:00:00+00:00', '2023-07-16 06:00:00+00:00', '2023-07-16 07:00:00+00:00', '2023-07-16 08:00:00+00:00', '2023-07-16 09:00:00+00:00', '2023-07-16 10:00:00+00:00', '2023-07-16 11:00:00+00:00', '2023-07-16 12:00:00+00:00', '2023-07-16 13:00:00+00:00', '2023-07-16 14:00:00+00:00', '2023-07-16 15:00:00+00:00', '2023-07-16 16:00:00+00:00']",17,4.706,0.1547,-11376.97,-13458.761
2023-07-16,H1.Z14,P1,"['2023-07-16 00:00:00+00:00', '2023-07-16 01:00:00+00:00', '2023-07-16 02:00:00+00:00', '2023-07-16 03:00:00+00:00', '2023-07-16 04:00:00+00:00', '2023-07-16 05:00:00+00:00', '2023-07-16 06:00:00+00:00', '2023-07-16 07:00:00+00:00', '2023-07-16 08:00:00+00:00', '2023-07-16 09:00:00+00:00', '2023-07-16 10:00:00+00:00', '2023-07-16 11:00:00+00:00', '2023-07-16 12:00:00+00:00', '2023-07-16 13:00:00+00:00', '2023-07-16 14:00:00+00:00', '2023-07-16 15:00:00+00:00', '2023-07-16 16:00:00+00:00', '2023-07-16 17:00:00+00:00', '2023-07-16 18:00:00+00:00', '2023-07-16 19:00:00+00:00', '2023-07-16 20:00:00+00:00', '2023-07-16 21:00:00+00:00', '2023-07-16 22:00:00+00:00', '2023-07-16 23:00:00+00:00']",24,4.69,0.9995,1.728,3264.028
2023-07-16,H3.ZE40,P,"['2023-07-16 00:00:00+00:00', '2023-07-16 01:00:00+00:00', '2023-07-16 02:00:00+00:00', '2023-07-16 03:00:00+00:00', '2023-07-16 04:00:00+00:00', '2023-07-16 05:00:00+00:00', '2023-07-16 06:00:00+00:00', '2023-07-16 07:00:00+00:00', '2023-07-16 08:00:00+00:00', '2023-07-16 09:00:00+00:00', '2023-07-16 10:00:00+00:00', '2023-07-16 11:00:00+00:00', '2023-07-16 12:00:00+00:00', '2023-07-16 13:00:00+00:00', '2023-07-16 14:00:00+00:00', '2023-07-16 15:00:00+00:00', '2023-07-16 16:00:00+00:00', '2023-07-16 17:00:00+00:00', '2023-07-16 18:00:00+00:00', '2023-07-16 19:00:00+00:00', '2023-07-16 20:00:00+00:00', '2023-07-16 21:00:00+00:00', '2023-07-16 22:00:00+00:00', '2023-07-16 23:00:00+00:00']",24,4.658,0.5376,2969.133,6421.181
2023-07-16,H3.Z40,P,"['2023-07-16 00:00:00+00:00', '2023-07-16 01:00:00+00:00', '2023-07-16 02:00:00+00:00', '2023-07-16 03:00:00+00:00', '2023-07-16 04:00:00+00:00', '2023-07-16 05:00:00+00:00', '2023-07-16 06:00:00+00:00', '2023-07-16 07:00:00+00:00', '2023-07-16 08:00:00+00:00', '2023-07-16 09:00:00+00:00', '2023-07-16 10:00:00+00:00', '2023-07-16 11:00:00+00:00', '2023-07-16 12:00:00+00:00', '2023-07-16 13:00:00+00:00', '2023-07-16 14:00:00+00:00', '2023-07-16 15:00:00+00:00', '2023-07-16 16:00:00+00:00', '2023-07-16 17:00:00+00:00', '2023-07-16 18:00:00+00:00', '2023-07-16 19:00:00+00:00', '2023-07-16 20:00:00+00:00', '2023-07-16 21:00:00+00:00', '2023-07-16 22:00:00+00:00', '2023-07-16 23:00:00+00:00']",24,4.653,0.5381,2889.555,6255.277
2023-07-16,H2.T.Z33,I2,"['2023-07-16 09:00:00+00:00', '2023-07-16 10:00:00+00:00', '2023-07-16 11:00:00+00:00', '2023-07-16 12:00:00+00:00']",4,4.408,0.1324,67.854,59.918
2023-07-16,H1.Z14,I3,"['2023-07-16 00:00:00+00:00', '2023-07-16 01:00:00+00:00', '2023-07-16 02:00:00+00:00', '2023-07-16 03:00:00+00:00', '2023-07-16 04:00:00+00:00', '2023-07-16 05:00:00+00:00', '2023-07-16 06:00:00+00:00', '2023-07-16 07:00:00+00:00', '2023-07-16 08:00:00+00:00', '2023-07-16 09:00:00+00:00', '2023-07-16 10:00:00+00:00', '2023-07-16 11:00:00+00:00', '2023-07-16 12:00:00+00:00', '2023-07-16 13:00:00+00:00', '2023-07-16 14:00:00+00:00', '2023-07-16 15:00:00+00:00', '2023-07-16 16:00:00+00:00', '2023-07-16 17:00:00+00:00', '2023-07-16 18:00:00+00:00', '2023-07-16 19:00:00+00:00', '2023-07-16 20:00:00+00:00', '2023-07-16 21:00:00+00:00', '2023-07-16 22:00:00+00:00', '2023-07-16 23:00:00+00:00']",24,4.376,1.0,0.0,23.358
2023-07-16,H1.Z13,I3,"['2023-07-16 00:00:00+00:00', '2023-07-16 01:00:00+00:00', '2023-07-16 02:00:00+00:00', '2023-07-16 03:00:00+00:00', '2023-07-16 04:00:00+00:00', '2023-07-16 05:00:00+00:00', '2023-07-16 06:00:00+00:00', '2023-07-16 07:00:00+00:00', '2023-07-16 08:00:00+00:00', '2023-07-16 09:00:00+00:00', '2023-07-16 10:00:00+00:00', '2023-07-16 11:00:00+00:00', '2023-07-16 12:00:00+00:00', '2023-07-16 13:00:00+00:00', '2023-07-16 14:00:00+00:00', '2023-07-16 15:00:00+00:00', '2023-07-16 16:00:00+00:00', '2023-07-16 17:00:00+00:00', '2023-07-16 18:00:00+00:00', '2023-07-16 19:00:00+00:00', '2023-07-16 20:00:00+00:00', '2023-07-16 21:00:00+00:00', '2023-07-16 22:00:00+00:00', '2023-07-16 23:00:00+00:00']",24,4.351,1.0,0.0,24.6
2023-07-16,H2.T.Z33,I1,"['2023-07-16 09:00:00+00:00', '2023-07-16 10:00:00+00:00', '2023-07-16 11:00:00+00:00', '2023-07-16 12:00:00+00:00']",4,4.335,0.1346,67.648,59.62
2023-07-16,H1.Z14,I2,"['2023-07-16 00:00:00+00:00', '2023-07-16 01:00:00+00:00', '2023-07-16 02:00:00+00:00', '2023-07-16 03:00:00+00:00', '2023-07-16 04:00:00+00:00', '2023-07-16 05:00:00+00:00', '2023-07-16 06:00:00+00:00', '2023-07-16 07:00:00+00:00', '2023-07-16 08:00:00+00:00', '2023-07-16 09:00:00+00:00', '2023-07-16 10:00:00+00:00', '2023-07-16 11:00:00+00:00', '2023-07-16 12:00:00+00:00', '2023-07-16 13:00:00+00:00', '2023-07-16 14:00:00+00:00', '2023-07-16 15:00:00+00:00', '2023-07-16 16:00:00+00:00', '2023-07-16 17:00:00+00:00', '2023-07-16 18:00:00+00:00', '2023-07-16 19:00:00+00:00', '2023-07-16 20:00:00+00:00', '2023-07-16 21:00:00+00:00', '2023-07-16 22:00:00+00:00', '2023-07-16 23:00:00+00:00']",24,4.318,0.986,0.326,23.296
2023-07-16,H1.Z13,I2,"['2023-07-16 00:00:00+00:00', '2023-07-16 01:00:00+00:00', '2023-07-16 02:00:00+00:00', '2023-07-16 03:00:00+00:00', '2023-07-16 04:00:00+00:00', '2023-07-16 05:00:00+00:00', '2023-07-16 06:00:00+00:00', '2023-07-16 07:00:00+00:00', '2023-07-16 08:00:00+00:00', '2023-07-16 09:00:00+00:00', '2023-07-16 10:00:00+00:00', '2023-07-16 11:00:00+00:00', '2023-07-16 12:00:00+00:00', '2023-07-16 13:00:00+00:00', '2023-07-16 14:00:00+00:00', '2023-07-16 15:00:00+00:00', '2023-07-16 16:00:00+00:00', '2023-07-16 17:00:00+00:00', '2023-07-16 18:00:00+00:00', '2023-07-16 19:00:00+00:00', '2023-07-16 20:00:00+00:00', '2023-07-16 21:00:00+00:00', '2023-07-16 22:00:00+00:00', '2023-07-16 23:00:00+00:00']",24,4.287,0.9864,0.332,24.404
2023-07-16,H1.Z14,I1,"['2023-07-16 00:00:00+00:00', '2023-07-16 01:00:00+00:00', '2023-07-16 02:00:00+00:00', '2023-07-16 03:00:00+00:00', '2023-07-16 04:00:00+00:00', '2023-07-16 05:00:00+00:00', '2023-07-16 06:00:00+00:00', '2023-07-16 07:00:00+00:00', '2023-07-16 08:00:00+00:00', '2023-07-16 09:00:00+00:00', '2023-07-16 10:00:00+00:00', '2023-07-16 11:00:00+00:00', '2023-07-16 12:00:00+00:00', '2023-07-16 13:00:00+00:00', '2023-07-16 14:00:00+00:00', '2023-07-16 15:00:00+00:00', '2023-07-16 16:00:00+00:00', '2023-07-16 17:00:00+00:00', '2023-07-16 18:00:00+00:00', '2023-07-16 19:00:00+00:00', '2023-07-16 20:00:00+00:00', '2023-07-16 21:00:00+00:00', '2023-07-16 22:00:00+00:00', '2023-07-16 23:00:00+00:00']",24,4.254,0.9996,0.008,22.791
2023-07-16,H1.Z13,I1,"['2023-07-16 00:00:00+00:00', '2023-07-16 01:00:00+00:00', '2023-07-16 02:00:00+00:00', '2023-07-16 03:00:00+00:00', '2023-07-16 04:00:00+00:00', '2023-07-16 05:00:00+00:00', '2023-07-16 06:00:00+00:00', '2023-07-16 07:00:00+00:00', '2023-07-16 08:00:00+00:00', '2023-07-16 09:00:00+00:00', '2023-07-16 10:00:00+00:00', '2023-07-16 11:00:00+00:00', '2023-07-16 12:00:00+00:00', '2023-07-16 13:00:00+00:00', '2023-07-16 14:00:00+00:00', '2023-07-16 15:00:00+00:00', '2023-07-16 16:00:00+00:00', '2023-07-16 17:00:00+00:00', '2023-07-16 18:00:00+00:00', '2023-07-16 19:00:00+00:00', '2023-07-16 20:00:00+00:00', '2023-07-16 21:00:00+00:00', '2023-07-16 22:00:00+00:00', '2023-07-16 23:00:00+00:00']",24,4.229,0.9968,0.075,23.708
2023-07-16,H1.Z14,Q,"['2023-07-16 00:00:00+00:00', '2023-07-16 01:00:00+00:00', '2023-07-16 02:00:00+00:00', '2023-07-16 03:00:00+00:00', '2023-07-16 04:00:00+00:00', '2023-07-16 05:00:00+00:00', '2023-07-16 06:00:00+00:00', '2023-07-16 07:00:00+00:00', '2023-07-16 08:00:00+00:00', '2023-07-16 09:00:00+00:00', '2023-07-16 10:00:00+00:00', '2023-07-16 11:00:00+00:00', '2023-07-16 12:00:00+00:00', '2023-07-16 13:00:00+00:00', '2023-07-16 14:00:00+00:00', '2023-07-16 15:00:00+00:00', '2023-07-16 16:00:00+00:00', '2023-07-16 17:00:00+00:00', '2023-07-16 18:00:00+00:00', '2023-07-16 19:00:00+00:00', '2023-07-16 20:00:00+00:00', '2023-07-16 21:00:00+00:00', '2023-07-16 22:00:00+00:00', '2023-07-16 23:00:00+00:00']",24,4.127,0.9994,7.828,12294.073
2023-07-16,H1.Z13,Q,"['2023-07-16 00:00:00+00:00', '2023-07-16 01:00:00+00:00', '2023-07-16 02:00:00+00:00', '2023-07-16 03:00:00+00:00', '2023-07-16 04:00:00+00:00', '2023-07-16 05:00:00+00:00', '2023-07-16 06:00:00+00:00', '2023-07-16 07:00:00+00:00', '2023-07-16 08:00:00+00:00', '2023-07-16 09:00:00+00:00', '2023-07-16 10:00:00+00:00', '2023-07-16 11:00:00+00:00', '2023-07-16 12:00:00+00:00', '2023-07-16 13:00:00+00:00', '2023-07-16 14:00:00+00:00', '2023-07-16 15:00:00+00:00', '2023-07-16 16:00:00+00:00', '2023-07-16 17:00:00+00:00', '2023-07-16 18:00:00+00:00', '2023-07-16 19:00:00+00:00', '2023-07-16 20:00:00+00:00', '2023-07-16 21:00:00+00:00', '2023-07-16 22:00:00+00:00', '2023-07-16 23:00:00+00:00']",24,4.052,0.9982,22.75,12875.822
2023-07-16,H3.Z40,I3,"['2023-07-16 18:00:00+00:00', '2023-07-16 19:00:00+00:00', '2023-07-16 20:00:00+00:00', '2023-07-16 21:00:00+00:00', '2023-07-16 22:00:00+00:00', '2023-07-16 23:00:00+00:00']",6,3.832,0.2614,5.94,8.043
2023-07-16,H3.ZE40,I3,"['2023-07-16 18:00:00+00:00', '2023-07-16 19:00:00+00:00', '2023-07-16 20:00:00+00:00', '2023-07-16 21:00:00+00:00', '2023-07-16 22:00:00+00:00', '2023-07-16 23:00:00+00:00']",6,3.817,0.2628,6.021,8.168
2023-07-16,H2.Z62,Q,"['2023-07-16 01:00:00+00:00', '2023-07-16 03:00:00+00:00', '2023-07-16 04:00:00+00:00', '2023-07-16 05:00:00+00:00', '2023-07-16 06:00:00+00:00', '2023-07-16 07:00:00+00:00', '2023-07-16 08:00:00+00:00', '2023-07-16 09:00:00+00:00', '2023-07-16 10:00:00+00:00', '2023-07-16 11:00:00+00:00', '2023-07-16 12:00:00+00:00', '2023-07-16 13:00:00+00:00', '2023-07-16 14:00:00+00:00', '2023-07-16 15:00:00+00:00', '2023-07-16 16:00:00+00:00']",15,3.798,0.1529,1559.862,1352.958
2023-07-16,H2.T.Z33,P1,"['2023-07-16 09:00:00+00:00', '2023-07-16 10:00:00+00:00', '2023-07-16 11:00:00+00:00', '2023-07-16 12:00:00+00:00']",4,3.749,1.9118,-5676.146,6224.935
2023-07-16,H2.Z351,P1,"['2023-07-16 09:00:00+00:00', '2023-07-16 10:00:00+00:00', '2023-07-16 11:00:00+00:00', '2023-07-16 12:00:00+00:00']",4,3.734,1.0881,-1012.924,11492.621
2023-07-16,H2.Z361,P1,"['2023-07-16 09:00:00+00:00', '2023-07-16 10:00:00+00:00', '2023-07-16 11:00:00+00:00', '2023-07-16 12:00:00+00:00']",4,3.69,1.0627,-709.217,11313.072
2023-07-16,H3.ZE40,P3,"['2023-07-16 18:00:00+00:00', '2023-07-16 19:00:00+00:00', '2023-07-16 20:00:00+00:00', '2023-07-16 21:00:00+00:00', '2023-07-16 22:00:00+00:00', '2023-07-16 23:00:00+00:00']",6,3.656,0.257,1296.101,1744.405
2023-07-16,H2.Z351,P,"['2023-07-16 09:00:00+00:00', '2023-07-16 10:00:00+00:00', '2023-07-16 11:00:00+00:00', '2023-07-16 12:00:00+00:00']",4,3.64,0.9728,998.92,36692.054
2023-07-16,H3.Z40,P3,"['2023-07-16 18:00:00+00:00', '2023-07-16 19:00:00+00:00', '2023-07-16 20:00:00+00:00', '2023-07-16 21:00:00+00:00', '2023-07-16 22:00:00+00:00', '2023-07-16 23:00:00+00:00']",6,3.637,0.2559,1265.634,1700.785
2023-07-16,H2.T.Z33,P2,"['2023-07-16 09:00:00+00:00', '2023-07-16 10:00:00+00:00', '2023-07-16 11:00:00+00:00', '2023-07-16 12:00:00+00:00']",4,3.632,2.0464,-5499.892,5256.026
2023-07-16,H2.Z361,P,"['2023-07-16 09:00:00+00:00', '2023-07-16 10:00:00+00:00', '2023-07-16 11:00:00+00:00', '2023-07-16 12:00:00+00:00']",4,3.606,0.9563,1592.908,36484.454
2023-07-16,H2.Z351,P3,"['2023-07-16 09:00:00+00:00', '2023-07-16 10:00:00+00:00', '2023-07-16 11:00:00+00:00', '2023-07-16 12:00:00+00:00']",4,3.595,0.8572,1882.315,13178.25
2023-07-16,H2.Z351,P2,"['2023-07-16 09:00:00+00:00', '2023-07-16 10:00:00+00:00', '2023-07-16 11:00:00+00:00', '2023-07-16 12:00:00+00:00']",4,3.583,0.9893,129.092,12020.974
2023-07-16,H2.T.Z33,P,"['2023-07-16 09:00:00+00:00', '2023-07-16 10:00:00+00:00', '2023-07-16 11:00:00+00:00', '2023-07-16 12:00:00+00:00']",4,3.582,1.7759,-13894.696,17908.719
2023-07-16,H2.Z361,P3,"['2023-07-16 09:00:00+00:00', '2023-07-16 10:00:00+00:00', '2023-07-16 11:00:00+00:00', '2023-07-16 12:00:00+00:00']",4,3.561,0.8509,1942.488,13028.496
2023-07-16,H2.Z361,P2,"['2023-07-16 09:00:00+00:00', '2023-07-16 10:00:00+00:00', '2023-07-16 11:00:00+00:00', '2023-07-16 12:00:00+00:00']",4,3.56,0.9704,359.38,12143.388
2023-07-16,H3.Z40,I1,"['2023-07-16 00:00:00+00:00', '2023-07-16 01:00:00+00:00', '2023-07-16 02:00:00+00:00', '2023-07-16 03:00:00+00:00', '2023-07-16 04:00:00+00:00', '2023-07-16 05:00:00+00:00', '2023-07-16 06:00:00+00:00', '2023-07-16 07:00:00+00:00', '2023-07-16 08:00:00+00:00', '2023-07-16 09:00:00+00:00', '2023-07-16 10:00:00+00:00', '2023-07-16 11:00:00+00:00', '2023-07-16 12:00:00+00:00', '2023-07-16 13:00:00+00:00', '2023-07-16 14:00:00+00:00', '2023-07-16 15:00:00+00:00', '2023-07-16 16:00:00+00:00', '2023-07-16 17:00:00+00:00', '2023-07-16 18:00:00+00:00', '2023-07-16 19:00:00+00:00', '2023-07-16 20:00:00+00:00', '2023-07-16 21:00:00+00:00', '2023-07-16 22:00:00+00:00', '2023-07-16 23:00:00+00:00']",24,3.508,0.7206,2.797,10.01
2023-07-16,H3.ZE40,I1,"['2023-07-16 00:00:00+00:00', '2023-07-16 01:00:00+00:00', '2023-07-16 02:00:00+00:00', '2023-07-16 03:00:00+00:00', '2023-07-16 04:00:00+00:00', '2023-07-16 05:00:00+00:00', '2023-07-16 06:00:00+00:00', '2023-07-16 07:00:00+00:00', '2023-07-16 08:00:00+00:00', '2023-07-16 09:00:00+00:00', '2023-07-16 10:00:00+00:00', '2023-07-16 11:00:00+00:00', '2023-07-16 12:00:00+00:00', '2023-07-16 13:00:00+00:00', '2023-07-16 14:00:00+00:00', '2023-07-16 15:00:00+00:00', '2023-07-16 16:00:00+00:00', '2023-07-16 17:00:00+00:00', '2023-07-16 18:00:00+00:00', '2023-07-16 19:00:00+00:00', '2023-07-16 20:00:00+00:00', '2023-07-16 21:00:00+00:00', '2023-07-16 22:00:00+00:00', '2023-07-16 23:00:00+00:00']",24,3.504,0.7219,2.831,10.179
2023-07-16,H1.W11,qv,"['2023-07-16 00:00:00+00:00', '2023-07-16 01:00:00+00:00', '2023-07-16 02:00:00+00:00', '2023-07-16 03:00:00+00:00', '2023-07-16 04:00:00+00:00', '2023-07-16 05:00:00+00:00', '2023-07-16 06:00:00+00:00', '2023-07-16 07:00:00+00:00', '2023-07-16 08:00:00+00:00', '2023-07-16 09:00:00+00:00', '2023-07-16 10:00:00+00:00', '2023-07-16 11:00:00+00:00', '2023-07-16 12:00:00+00:00', '2023-07-16 13:00:00+00:00', '2023-07-16 14:00:00+00:00', '2023-07-16 15:00:00+00:00', '2023-07-16 16:00:00+00:00', '2023-07-16 17:00:00+00:00', '2023-07-16 18:00:00+00:00', '2023-07-16 19:00:00+00:00', '2023-07-16 20:00:00+00:00', '2023-07-16 21:00:00+00:00', '2023-07-16 22:00:00+00:00', '2023-07-16 23:00:00+00:00']",24,3.48,0.7129,13.091,45.59
2023-07-16,H2.T.Z33,P3,"['2023-07-16 10:00:00+00:00', '2023-07-16 12:00:00+00:00']",2,3.356,1.4251,-2731.833,6426.4
2023-07-16,H3.ZE40,P1,"['2023-07-16 00:00:00+00:00', '2023-07-16 01:00:00+00:00', '2023-07-16 02:00:00+00:00', '2023-07-16 03:00:00+00:00', '2023-07-16 04:00:00+00:00', '2023-07-16 05:00:00+00:00', '2023-07-16 06:00:00+00:00', '2023-07-16 07:00:00+00:00', '2023-07-16 08:00:00+00:00', '2023-07-16 09:00:00+00:00', '2023-07-16 10:00:00+00:00', '2023-07-16 11:00:00+00:00', '2023-07-16 12:00:00+00:00', '2023-07-16 13:00:00+00:00', '2023-07-16 14:00:00+00:00', '2023-07-16 15:00:00+00:00', '2023-07-16 16:00:00+00:00', '2023-07-16 17:00:00+00:00', '2023-07-16 18:00:00+00:00', '2023-07-16 19:00:00+00:00', '2023-07-16 20:00:00+00:00', '2023-07-16 21:00:00+00:00', '2023-07-16 22:00:00+00:00', '2023-07-16 23:00:00+00:00']",24,3.324,0.7696,493.085,2139.719
2023-07-16,H3.Z40,P1,"['2023-07-16 00:00:00+00:00', '2023-07-16 01:00:00+00:00', '2023-07-16 02:00:00+00:00', '2023-07-16 03:00:00+00:00', '2023-07-16 04:00:00+00:00', '2023-07-16 05:00:00+00:00', '2023-07-16 06:00:00+00:00', '2023-07-16 07:00:00+00:00', '2023-07-16 08:00:00+00:00', '2023-07-16 09:00:00+00:00', '2023-07-16 10:00:00+00:00', '2023-07-16 11:00:00+00:00', '2023-07-16 12:00:00+00:00', '2023-07-16 13:00:00+00:00', '2023-07-16 14:00:00+00:00', '2023-07-16 15:00:00+00:00', '2023-07-16 16:00:00+00:00', '2023-07-16 17:00:00+00:00', '2023-07-16 18:00:00+00:00', '2023-07-16 19:00:00+00:00', '2023-07-16 20:00:00+00:00', '2023-07-16 21:00:00+00:00', '2023-07-16 22:00:00+00:00', '2023-07-16 23:00:00+00:00']",24,3.322,0.7711,477.369,2085.204
2023-07-17,H3.Z45,P,"['2023-07-17 07:00:00+00:00', '2023-07-17 08:00:00+00:00']",2,580.57,0.6084,3619.644,2250.399
2023-07-17,H3.Z45,Q,"['2023-07-17 07:00:00+00:00', '2023-07-17 08:00:00+00:00']",2,539.659,0.7356,-315.957,-1194.903
2023-07-17,H3.Z45,P3,"['2023-07-17 07:00:00+00:00', '2023-07-17 08:00:00+00:00']",2,496.835,0.8145,1084.921,597.906
2023-07-17,H3.Z45,I3,"['2023-07-17 07:00:00+00:00', '2023-07-17 08:00:00+00:00']",2,479.384,0.6099,6.031,3.746
2023-07-17,H3.Z45,P2,"['2023-07-17 07:00:00+00:00', '2023-07-17 08:00:00+00:00']",2,419.139,0.8209,1030.192,565.747
2023-07-17,H3.Z45,I2,"['2023-07-17 07:00:00+00:00', '2023-07-17 08:00:00+00:00']",2,336.97,0.5795,6.142,3.889
2023-07-17,H3.Z45,I1,"['2023-07-17 07:00:00+00:00', '2023-07-17 08:00:00+00:00']",2,242.899,0.3854,7.55,5.45
2023-07-17,H3.Z45,P1,"['2023-07-17 07:00:00+00:00', '2023-07-17 08:00:00+00:00']",2,203.874,0.3847,1504.591,1086.599
2023-07-17,H1.Z16,Q,"['2023-07-17 07:00:00+00:00', '2023-07-17 08:00:00+00:00', '2023-07-17 13:00:00+00:00']",3,30.452,5.1373,1179.542,192.194
2023-07-17,H1.Z16,P,"['2023-07-17 07:00:00+00:00', '2023-07-17 08:00:00+00:00', '2023-07-17 13:00:00+00:00']",3,27.377,1.932,1837.545,626.729
2023-07-17,H1.Z16,P1,"['2023-07-17 07:00:00+00:00', '2023-07-17 08:00:00+00:00', '2023-07-17 13:00:00+00:00']",3,27.371,1.3516,693.429,294.871
2023-07-17,H1.Z16,I1,"['2023-07-17 07:00:00+00:00', '2023-07-17 08:00:00+00:00', '2023-07-17 13:00:00+00:00']",3,27.264,1.5465,3.776,1.483
2023-07-17,H1.Z16,P2,"['2023-07-17 07:00:00+00:00', '2023-07-17 08:00:00+00:00', '2023-07-17 13:00:00+00:00']",3,27.208,1.5147,676.158,268.885
2023-07-17,H1.Z16,P3,"['2023-07-17 07:00:00+00:00', '2023-07-17 08:00:00+00:00', '2023-07-17 13:00:00+00:00']",3,26.89,6.1217,484.393,68.017
2023-07-17,H1.Z16,I2,"['2023-07-17 07:00:00+00:00', '2023-07-17 08:00:00+00:00', '2023-07-17 13:00:00+00:00']",3,26.808,1.5706,3.871,1.506
2023-07-17,H1.Z10,I2,"['2023-07-17 09:00:00+00:00', '2023-07-17 11:00:00+00:00']",2,6.15,0.1593,8.572,7.394
2023-07-17,H1.Z10,P2,"['2023-07-17 09:00:00+00:00', '2023-07-17 11:00:00+00:00']",2,6.072,0.1559,1765.166,1527.122
2023-07-17,H3.Z48,P3,"['2023-07-17 08:00:00+00:00', '2023-07-17 09:00:00+00:00', '2023-07-17 10:00:00+00:00']",3,5.892,3.4309,568.018,128.194
2023-07-17,H3.Z48,P,"['2023-07-17 08:00:00+00:00', '2023-07-17 09:00:00+00:00', '2023-07-17 10:00:00+00:00']",3,5.777,3.3529,1695.875,389.598
2023-07-17,H3.Z48,P1,"['2023-07-17 08:00:00+00:00', '2023-07-17 09:00:00+00:00', '2023-07-17 10:00:00+00:00']",3,5.75,3.3373,554.954,127.95
2023-07-17,H3.Z48,P2,"['2023-07-17 08:00:00+00:00', '2023-07-17 09:00:00+00:00', '2023-07-17 10:00:00+00:00']",3,5.735,3.3277,572.94,132.389
2023-07-17,H1.Z10,P,"['2023-07-17 09:00:00+00:00', '2023-07-17 11:00:00+00:00', '2023-07-17 13:00:00+00:00']",3,5.563,0.1863,4986.846,4203.815
2023-07-17,H1.Z10,I3,"['2023-07-17 09:00:00+00:00', '2023-07-17 11:00:00+00:00', '2023-07-17 13:00:00+00:00']",3,5.522,0.1713,7.678,6.555
2023-07-17,H1.Z10,P3,"['2023-07-17 09:00:00+00:00', '2023-07-17 11:00:00+00:00', '2023-07-17 13:00:00+00:00']",3,5.445,0.1628,1617.364,1390.95
2023-07-17,H3.Z71,P3,"['2023-07-17 00:00:00+00:00', '2023-07-17 01:00:00+00:00', '2023-07-17 02:00:00+00:00', '2023-07-17 03:00:00+00:00', '2023-07-17 04:00:00+00:00', '2023-07-17 05:00:00+00:00', '2023-07-17 06:00:00+00:00', '2023-07-17 07:00:00+00:00', '2023-07-17 08:00:00+00:00']",9,5.291,0.1487,2417.274,2104.358
2023-07-17,H3.Z71,I3,"['2023-07-17 00:00:00+00:00', '2023-07-17 01:00:00+00:00', '2023-07-17 02:00:00+00:00', '2023-07-17 03:00:00+00:00', '2023-07-17 04:00:00+00:00', '2023-07-17 05:00:00+00:00', '2023-07-17 06:00:00+00:00', '2023-07-17 07:00:00+00:00', '2023-07-17 08:00:00+00:00']",9,5.279,0.134,10.927,9.636
2023-07-17,H3.Z48,Q,"['2023-07-17 08:00:00+00:00', '2023-07-17 09:00:00+00:00', '2023-07-17 10:00:00+00:00']",3,5.269,2.9974,1020.37,255.257
2023-07-17,H1.Z10,Q,"['2023-07-17 09:00:00+00:00', '2023-07-17 11:00:00+00:00']",2,5.067,0.2511,-610.479,-815.164
2023-07-17,H3.Z46,I3,"['2023-07-17 00:00:00+00:00', '2023-07-17 01:00:00+00:00', '2023-07-17 02:00:00+00:00', '2023-07-17 03:00:00+00:00', '2023-07-17 04:00:00+00:00', '2023-07-17 05:00:00+00:00', '2023-07-17 06:00:00+00:00', '2023-07-17 07:00:00+00:00', '2023-07-17 08:00:00+00:00']",9,5.029,0.2198,3.629,4.651
2023-07-17,H1.Z10,I1,"['2023-07-17 09:00:00+00:00', '2023-07-17 11:00:00+00:00', '2023-07-17 13:00:00+00:00']",3,5.023,0.2593,7.66,6.083
2023-07-17,H3.Z46,P3,"['2023-07-17 00:00:00+00:00', '2023-07-17 01:00:00+00:00', '2023-07-17 02:00:00+00:00', '2023-07-17 03:00:00+00:00', '2023-07-17 04:00:00+00:00', '2023-07-17 05:00:00+00:00', '2023-07-17 06:00:00+00:00', '2023-07-17 07:00:00+00:00', '2023-07-17 08:00:00+00:00']",9,5.003,0.223,775.613,998.258
2023-07-17,H1.Z10,P1,"['2023-07-17 09:00:00+00:00', '2023-07-17 11:00:00+00:00', '2023-07-17 13:00:00+00:00']",3,4.786,0.2525,1606.618,1282.778
2023-07-17,H2.T.Z32,P3,"['2023-07-17 07:00:00+00:00', '2023-07-17 08:00:00+00:00', '2023-07-17 10:00:00+00:00', '2023-07-17 11:00:00+00:00', '2023-07-17 12:00:00+00:00', '2023-07-17 13:00:00+00:00', '2023-07-17 14:00:00+00:00']",7,4.412,0.8463,3148.161,1705.083
2023-07-17,H3.Z40,Q,"['2023-07-17 01:00:00+00:00', '2023-07-17 02:00:00+00:00', '2023-07-17 03:00:00+00:00', '2023-07-17 04:00:00+00:00']",4,4.203,0.1699,-2062.852,-2485.102
2023-07-17,H2.K21,Tvl,"['2023-07-17 01:00:00+00:00', '2023-07-17 02:00:00+00:00', '2023-07-17 03:00:00+00:00', '2023-07-17 04:00:00+00:00', '2023-07-17 05:00:00+00:00', '2023-07-17 06:00:00+00:00', '2023-07-17 07:00:00+00:00']",7,3.832,0.3676,12.682,9.273
2023-07-17,H1.Z27,I2,"['2023-07-17 09:00:00+00:00', '2023-07-17 10:00:00+00:00', '2023-07-17 11:00:00+00:00']",3,3.742,0.6335,34.404,21.062
2023-07-17,H1.Z27,P2,"['2023-07-17 09:00:00+00:00', '2023-07-17 10:00:00+00:00', '2023-07-17 11:00:00+00:00']",3,3.737,0.6984,6811.981,4010.762
2023-07-17,H1.Z27,I1,"['2023-07-17 09:00:00+00:00', '2023-07-17 10:00:00+00:00', '2023-07-17 11:00:00+00:00']",3,3.736,0.4755,40.021,27.124
2023-07-17,H1.Z27,P1,"['2023-07-17 09:00:00+00:00', '2023-07-17 10:00:00+00:00', '2023-07-17 11:00:00+00:00']",3,3.736,0.472,8470.163,5754.26
2023-07-17,H1.Z27,P,"['2023-07-17 09:00:00+00:00', '2023-07-17 10:00:00+00:00', '2023-07-17 11:00:00+00:00']",3,3.717,0.5683,22123.652,14106.527
2023-07-17,H1.Z27,I3,"['2023-07-17 09:00:00+00:00', '2023-07-17 10:00:00+00:00', '2023-07-17 11:00:00+00:00']",3,3.701,0.561,34.413,22.045
2023-07-17,H1.Z27,P3,"['2023-07-17 09:00:00+00:00', '2023-07-17 10:00:00+00:00', '2023-07-17 11:00:00+00:00']",3,3.679,0.5751,6834.212,4338.78
2023-07-17,H2.K21,Trl,"['2023-07-17 01:00:00+00:00', '2023-07-17 02:00:00+00:00', '2023-07-17 03:00:00+00:00', '2023-07-17 04:00:00+00:00', '2023-07-17 05:00:00+00:00', '2023-07-17 06:00:00+00:00', '2023-07-17 07:00:00+00:00']",7,3.677,0.3582,13.645,10.046
2023-07-17,H3.Z47,I2,"['2023-07-17 08:00:00+00:00', '2023-07-17 09:00:00+00:00', '2023-07-17 10:00:00+00:00', '2023-07-17 11:00:00+00:00']",4,3.659,0.4201,8.149,5.739
2023-07-17,H3.Z47,P2,"['2023-07-17 08:00:00+00:00', '2023-07-17 09:00:00+00:00', '2023-07-17 10:00:00+00:00', '2023-07-17 11:00:00+00:00']",4,3.603,0.5319,1684.141,1099.413
2023-07-17,H4.ZE50,P1,"['2023-07-17 09:00:00+00:00', '2023-07-17 10:00:00+00:00']",2,3.592,0.2128,1584.845,1306.8
2023-07-17,H4.ZE50,I1,"['2023-07-17 09:00:00+00:00', '2023-07-17 10:00:00+00:00']",2,3.57,0.1889,7.425,6.245
2023-07-17,H1.Z26,P3,"['2023-07-17 09:00:00+00:00', '2023-07-17 10:00:00+00:00', '2023-07-17 11:00:00+00:00']",3,3.551,0.4377,2156.905,1500.211
2023-07-17,H3.Z49,Q,"['2023-07-17 08:00:00+00:00', '2023-07-17 09:00:00+00:00', '2023-07-17 10:00:00+00:00']",3,3.364,0.3799,-150.514,-242.715
2023-07-17,H2.Z63,W_out,"['2023-07-17 00:00:00+00:00', '2023-07-17 01:00:00+00:00', '2023-07-17 02:00:00+00:00', '2023-07-17 03:00:00+00:00', '2023-07-17 04:00:00+00:00', '2023-07-17 05:00:00+00:00', '2023-07-17 06:00:00+00:00', '2023-07-17 07:00:00+00:00', '2023-07-17 08:00:00+00:00', '2023-07-17 09:00:00+00:00', '2023-07-17 10:00:00+00:00', '2023-07-17 11:00:00+00:00', '2023-07-17 12:00:00+00:00', '2023-07-17 13:00:00+00:00', '2023-07-17 14:00:00+00:00', '2023-07-17 15:00:00+00:00', '2023-07-17 16:00:00+00:00', '2023-07-17 17:00:00+00:00', '2023-07-17 18:00:00+00:00', '2023-07-17 19:00:00+00:00', '2023-07-17 20:00:00+00:00', '2023-07-17 21:00:00+00:00', '2023-07-17 22:00:00+00:00', '2023-07-17 23:00:00+00:00']",24,3.335,0.9348,4.214,2.178
2023-07-17,H3.Z46,Q,"['2023-07-17 00:00:00+00:00', '2023-07-17 01:00:00+00:00', '2023-07-17 02:00:00+00:00', '2023-07-17 03:00:00+00:00', '2023-07-17 04:00:00+00:00', '2023-07-17 05:00:00+00:00', '2023-07-17 06:00:00+00:00', '2023-07-17 07:00:00+00:00', '2023-07-17 08:00:00+00:00']",9,3.249,0.2823,-1017.556,-1417.851
2023-07-17,H3.Z49,P1,"['2023-07-17 09:00:00+00:00', '2023-07-17 10:00:00+00:00']",2,3.208,1.0028,350.421,174.969
2023-07-17,H3.Z49,I1,"['2023-07-17 09:00:00+00:00', '2023-07-17 10:00:00+00:00']",2,3.203,0.6723,2.302,1.376
2023-07-17,H3.Z49,I2,"['2023-07-17 08:00:00+00:00', '2023-07-17 09:00:00+00:00']",2,3.192,0.6657,2.415,1.45
2023-07-17,H3.Z47,P3,"['2023-07-17 09:00:00+00:00', '2023-07-17 10:00:00+00:00']",2,3.166,0.598,2078.708,1300.837
2023-07-17,H3.Z49,P2,"['2023-07-17 08:00:00+00:00', '2023-07-17 09:00:00+00:00']",2,3.16,0.942,389.842,200.746
2023-07-17,H3.Z49,I3,"['2023-07-17 09:00:00+00:00', '2023-07-17 10:00:00+00:00']",2,3.148,0.6833,2.383,1.416
2023-07-17,H3.Z47,I3,"['2023-07-17 09:00:00+00:00', '2023-07-17 10:00:00+00:00']",2,3.138,0.4213,9.719,6.838
2023-07-17,H2.K21,qv,"['2023-07-17 00:00:00+00:00', '2023-07-17 01:00:00+00:00', '2023-07-17 02:00:00+00:00', '2023-07-17 03:00:00+00:00', '2023-07-17 04:00:00+00:00', '2023-07-17 21:00:00+00:00', '2023-07-17 22:00:00+00:00', '2023-07-17 23:00:00+00:00']",8,3.132,0.5373,14.513,31.367
2023-07-17,H3.Z47,P,"['2023-07-17 09:00:00+00:00', '2023-07-17 10:00:00+00:00']",2,3.105,0.4208,5726.867,4030.664
2023-07-17,H3.Z40,I3,"['2023-07-17 00:00:00+00:00', '2023-07-17 01:00:00+00:00', '2023-07-17 02:00:00+00:00']",3,3.091,0.1792,6.456,7.866
2023-07-17,H3.ZE40,I3,"['2023-07-17 00:00:00+00:00', '2023-07-17 01:00:00+00:00', '2023-07-17 02:00:00+00:00']",3,3.069,0.1803,6.547,7.987
2023-07-17,H3.Z46,P,"['2023-07-17 00:00:00+00:00', '2023-07-17 01:00:00+00:00', '2023-07-17 02:00:00+00:00', '2023-07-17 03:00:00+00:00', '2023-07-17 04:00:00+00:00', '2023-07-17 05:00:00+00:00', '2023-07-17 06:00:00+00:00', '2023-07-17 07:00:00+00:00', '2023-07-17 08:00:00+00:00']",9,3.018,0.2631,2564.769,3480.578
2023-07-18,H1.W11,Tdiff,"['2023-07-18 03:00:00+00:00', '2023-07-18 04:00:00+00:00', '2023-07-18 05:00:00+00:00']",3,33.863,7.3027,1258.889,-199.736
2023-07-18,H1.W12,P,"['2023-07-18 03:00:00+00:00', '2023-07-18 04:00:00+00:00']",2,6.765,1.238,18758.545,8381.845
2023-07-18,H1.ZE20,I2,"['2023-07-18 03:00:00+00:00', '2023-07-18 04:00:00+00:00']",2,6.042,0.8424,-17.256,-9.366
2023-07-18,H1.Z29,I2,"['2023-07-18 03:00:00+00:00', '2023-07-18 04:00:00+00:00']",2,6.032,0.7369,18.598,10.707
2023-07-18,H1.Z20,I2,"['2023-07-18 03:00:00+00:00', '2023-07-18 04:00:00+00:00']",2,6.023,0.8288,-17.224,-9.418
2023-07-18,H1.W11,P,"['2023-07-18 03:00:00+00:00', '2023-07-18 04:00:00+00:00']",2,6.02,1.6945,16874.132,6262.351
2023-07-18,H1.ZE20,P2,"['2023-07-18 03:00:00+00:00', '2023-07-18 04:00:00+00:00']",2,5.986,0.8703,-3821.606,-2043.352
2023-07-18,H1.Z29,P2,"['2023-07-18 03:00:00+00:00', '2023-07-18 04:00:00+00:00']",2,5.977,0.993,-3629.265,-1820.99
2023-07-18,H1.Z20,P2,"['2023-07-18 03:00:00+00:00', '2023-07-18 04:00:00+00:00']",2,5.975,0.8526,-3813.673,-2058.595
2023-07-18,H1.ZE20,I1,"['2023-07-18 03:00:00+00:00', '2023-07-18 04:00:00+00:00']",2,5.961,0.8362,-18.959,-10.325
2023-07-18,H1.ZE20,I3,"['2023-07-18 03:00:00+00:00', '2023-07-18 04:00:00+00:00']",2,5.961,0.8175,-16.52,-9.089
2023-07-18,H1.Z29,I1,"['2023-07-18 03:00:00+00:00', '2023-07-18 04:00:00+00:00']",2,5.954,0.7547,20.111,11.461
2023-07-18,H1.Z29,I3,"['2023-07-18 03:00:00+00:00', '2023-07-18 04:00:00+00:00']",2,5.945,0.8349,16.616,9.056
2023-07-18,H1.Z20,I3,"['2023-07-18 03:00:00+00:00', '2023-07-18 04:00:00+00:00']",2,5.941,0.8034,-16.486,-9.142
2023-07-18,H1.Z20,I1,"['2023-07-18 03:00:00+00:00', '2023-07-18 04:00:00+00:00']",2,5.937,0.8206,-18.938,-10.402
2023-07-18,H1.ZE20,P1,"['2023-07-18 03:00:00+00:00', '2023-07-18 04:00:00+00:00']",2,5.934,0.8412,-3958.767,-2150.056
2023-07-18,H1.ZE20,P,"['2023-07-18 03:00:00+00:00', '2023-07-18 04:00:00+00:00']",2,5.929,0.8503,-11423.166,-6173.589
2023-07-18,H1.Z29,P1,"['2023-07-18 03:00:00+00:00', '2023-07-18 04:00:00+00:00']",2,5.925,0.9561,-3778.641,-1931.751
2023-07-18,H1.Z29,P,"['2023-07-18 03:00:00+00:00', '2023-07-18 04:00:00+00:00']",2,5.919,0.9221,-11140.138,-5795.751
2023-07-18,H1.Z20,P,"['2023-07-18 03:00:00+00:00', '2023-07-18 04:00:00+00:00']",2,5.917,0.8328,-11399.875,-6219.892
2023-07-18,H1.Z20,P1,"['2023-07-18 03:00:00+00:00', '2023-07-18 04:00:00+00:00']",2,5.917,0.8218,-3949.596,-2167.95
2023-07-18,H1.Z19,P1,"['2023-07-18 03:00:00+00:00', '2023-07-18 04:00:00+00:00']",2,5.908,0.8219,1.998,1.097
2023-07-18,H1.ZE20,P3,"['2023-07-18 03:00:00+00:00', '2023-07-18 04:00:00+00:00']",2,5.864,0.8396,-3642.794,-1980.18
2023-07-18,H1.Z29,P3,"['2023-07-18 03:00:00+00:00', '2023-07-18 04:00:00+00:00']",2,5.853,0.8268,-3732.4,-2043.126
2023-07-18,H1.Z20,P3,"['2023-07-18 03:00:00+00:00', '2023-07-18 04:00:00+00:00']",2,5.85,0.8231,-3634.267,-1993.469
2023-07-18,H1.W11,Tvl,"['2023-07-18 04:00:00+00:00', '2023-07-18 05:00:00+00:00', '2023-07-18 06:00:00+00:00']",3,5.627,0.3022,55.592,42.692
2023-07-18,H1.Z19,P3,"['2023-07-18 03:00:00+00:00', '2023-07-18 04:00:00+00:00']",2,5.602,0.7959,81.929,45.62
2023-07-18,H1.W12,Tvl,"['2023-07-18 04:00:00+00:00', '2023-07-18 05:00:00+00:00']",2,4.29,0.2456,47.55,38.175
2023-07-18,H4.ZE50,P3,"['2023-07-18 08:00:00+00:00', '2023-07-18 09:00:00+00:00', '2023-07-18 10:00:00+00:00']",3,4.256,0.3681,1145.687,837.431
2023-07-18,H4.ZE50,I3,"['2023-07-18 08:00:00+00:00', '2023-07-18 09:00:00+00:00', '2023-07-18 10:00:00+00:00']",3,4.228,0.3372,5.484,4.101
2023-07-18,H1.W12,Trl,"['2023-07-18 04:00:00+00:00', '2023-07-18 05:00:00+00:00']",2,4.147,0.1761,40.38,34.332
2023-07-18,H4.ZE50,I2,"['2023-07-18 08:00:00+00:00', '2023-07-18 09:00:00+00:00', '2023-07-18 10:00:00+00:00']",3,4.031,0.2243,5.251,4.289
2023-07-18,H1.Z28,I1,"['2023-07-18 11:00:00+00:00', '2023-07-18 14:00:00+00:00', '2023-07-18 15:00:00+00:00', '2023-07-18 16:00:00+00:00', '2023-07-18 17:00:00+00:00']",5,3.893,0.2714,-89.401,-70.317
2023-07-18,H1.Z27,P3,"['2023-07-18 10:00:00+00:00', '2023-07-18 11:00:00+00:00', '2023-07-18 13:00:00+00:00', '2023-07-18 14:00:00+00:00', '2023-07-18 15:00:00+00:00', '2023-07-18 16:00:00+00:00', '2023-07-18 17:00:00+00:00', '2023-07-18 18:00:00+00:00', '2023-07-18 19:00:00+00:00', '2023-07-18 20:00:00+00:00', '2023-07-18 22:00:00+00:00', '2023-07-18 23:00:00+00:00']",12,3.88,4.4696,25132.017,4594.848
2023-07-18,H1.Z27,P2,"['2023-07-18 10:00:00+00:00', '2023-07-18 11:00:00+00:00', '2023-07-18 13:00:00+00:00', '2023-07-18 14:00:00+00:00', '2023-07-18 15:00:00+00:00', '2023-07-18 16:00:00+00:00', '2023-07-18 17:00:00+00:00', '2023-07-18 18:00:00+00:00', '2023-07-18 19:00:00+00:00', '2023-07-18 20:00:00+00:00', '2023-07-18 22:00:00+00:00', '2023-07-18 23:00:00+00:00']",12,3.853,4.7917,25064.359,4327.662
2023-07-18,H1.Z28,I2,"['2023-07-18 14:00:00+00:00', '2023-07-18 15:00:00+00:00', '2023-07-18 16:00:00+00:00', '2023-07-18 17:00:00+00:00']",4,3.837,0.2335,-91.146,-73.892
2023-07-18,H1.Z27,P,"['2023-07-18 10:00:00+00:00', '2023-07-18 11:00:00+00:00', '2023-07-18 13:00:00+00:00', '2023-07-18 14:00:00+00:00', '2023-07-18 15:00:00+00:00', '2023-07-18 16:00:00+00:00', '2023-07-18 17:00:00+00:00', '2023-07-18 18:00:00+00:00', '2023-07-18 19:00:00+00:00', '2023-07-18 20:00:00+00:00', '2023-07-18 22:00:00+00:00', '2023-07-18 23:00:00+00:00']",12,3.826,4.1147,76525.514,14961.936
2023-07-18,H4.ZE50,P,"['2023-07-18 08:00:00+00:00', '2023-07-18 09:00:00+00:00', '2023-07-18 10:00:00+00:00']",3,3.772,0.2709,3831.699,3014.892
2023-07-18,H1.Z27,I3,"['2023-07-18 10:00:00+00:00', '2023-07-18 11:00:00+00:00', '2023-07-18 13:00:00+00:00', '2023-07-18 14:00:00+00:00', '2023-07-18 15:00:00+00:00', '2023-07-18 16:00:00+00:00', '2023-07-18 17:00:00+00:00', '2023-07-18 18:00:00+00:00', '2023-07-18 19:00:00+00:00', '2023-07-18 20:00:00+00:00', '2023-07-18 22:00:00+00:00', '2023-07-18 23:00:00+00:00']",12,3.769,4.185,121.39,23.412
2023-07-18,H1.Z27,I2,"['2023-07-18 10:00:00+00:00', '2023-07-18 11:00:00+00:00', '2023-07-18 13:00:00+00:00', '2023-07-18 14:00:00+00:00', '2023-07-18 15:00:00+00:00', '2023-07-18 16:00:00+00:00', '2023-07-18 17:00:00+00:00', '2023-07-18 18:00:00+00:00', '2023-07-18 19:00:00+00:00', '2023-07-18 20:00:00+00:00', '2023-07-18 22:00:00+00:00', '2023-07-18 23:00:00+00:00']",12,3.764,4.3028,119.974,22.625
2023-07-18,H4.ZE50,P2,"['2023-07-18 08:00:00+00:00', '2023-07-18 09:00:00+00:00', '2023-07-18 10:00:00+00:00']",3,3.758,0.2381,1027.363,829.816
2023-07-18,H1.Z27,P1,"['2023-07-18 10:00:00+00:00', '2023-07-18 11:00:00+00:00', '2023-07-18 13:00:00+00:00', '2023-07-18 14:00:00+00:00', '2023-07-18 15:00:00+00:00', '2023-07-18 16:00:00+00:00', '2023-07-18 17:00:00+00:00', '2023-07-18 18:00:00+00:00', '2023-07-18 19:00:00+00:00', '2023-07-18 20:00:00+00:00', '2023-07-18 22:00:00+00:00', '2023-07-18 23:00:00+00:00']",12,3.747,3.3623,26329.375,6035.637
2023-07-18,H1.Z27,I1,"['2023-07-18 10:00:00+00:00', '2023-07-18 11:00:00+00:00', '2023-07-18 13:00:00+00:00', '2023-07-18 14:00:00+00:00', '2023-07-18 15:00:00+00:00', '2023-07-18 16:00:00+00:00', '2023-07-18 17:00:00+00:00', '2023-07-18 18:00:00+00:00', '2023-07-18 19:00:00+00:00', '2023-07-18 20:00:00+00:00', '2023-07-18 22:00:00+00:00', '2023-07-18 23:00:00+00:00']",12,3.679,3.3691,124.641,28.528
2023-07-18,H1.Z28,I3,"['2023-07-18 14:00:00+00:00', '2023-07-18 15:00:00+00:00', '2023-07-18 16:00:00+00:00', '2023-07-18 17:00:00+00:00']",4,3.477,0.2318,-58.926,-47.839
2023-07-18,H4.ZE50,I1,"['2023-07-18 08:00:00+00:00', '2023-07-18 09:00:00+00:00', '2023-07-18 10:00:00+00:00']",3,3.467,0.2111,7.776,6.421
2023-07-18,H4.ZE50,P1,"['2023-07-18 08:00:00+00:00', '2023-07-18 09:00:00+00:00', '2023-07-18 10:00:00+00:00']",3,3.428,0.2308,1658.629,1347.642
2023-07-18,H1.W11,Trl,"['2023-07-18 06:00:00+00:00', '2023-07-18 07:00:00+00:00']",2,3.228,0.2667,54.329,42.89
2023-07-18,H1.W12,Tdiff,"['2023-07-18 04:00:00+00:00', '2023-07-18 06:00:00+00:00']",2,3.195,0.8616,7171.892,3852.519
2023-07-18,H1.K12,Tdiff,"['2023-07-18 18:00:00+00:00', '2023-07-18 19:00:00+00:00']",2,3.089,1.121,-27.618,228.284
2023-07-22,H1.W11,Tdiff,"['2023-07-22 01:00:00+00:00', '2023-07-22 02:00:00+00:00']",2,6.847,2.3241,2130.834,641.024
2023-07-22,H1.W12,P,"['2023-07-22 01:00:00+00:00', '2023-07-22 20:00:00+00:00']",2,5.621,1.6585,35977.524,13533.077
2023-07-22,H1.W11,P,"['2023-07-22 00:00:00+00:00', '2023-07-22 01:00:00+00:00', '2023-07-22 02:00:00+00:00', '2023-07-22 20:00:00+00:00']",4,5.402,1.6612,29926.319,11245.317
2023-07-22,H1.Z19,P3,"['2023-07-22 01:00:00+00:00', '2023-07-22 20:00:00+00:00']",2,5.248,1.3918,166.043,69.423
2023-07-22,H1.Z29,P2,"['2023-07-22 01:00:00+00:00', '2023-07-22 20:00:00+00:00']",2,5.118,1.4643,-7216.924,-2928.612
2023-07-22,H1.ZE20,P2,"['2023-07-22 01:00:00+00:00', '2023-07-22 20:00:00+00:00']",2,5.116,1.3472,-7355.525,-3133.804
2023-07-22,H1.Z29,P3,"['2023-07-22 01:00:00+00:00', '2023-07-22 20:00:00+00:00']",2,5.105,1.3234,-7203.332,-3100.307
2023-07-22,H1.Z20,P2,"['2023-07-22 01:00:00+00:00', '2023-07-22 20:00:00+00:00']",2,5.103,1.3695,-7436.586,-3138.405
2023-07-22,H1.ZE20,P3,"['2023-07-22 01:00:00+00:00', '2023-07-22 20:00:00+00:00']",2,5.097,1.3331,-7046.91,-3020.447
2023-07-22,H1.Z29,P,"['2023-07-22 01:00:00+00:00', '2023-07-22 20:00:00+00:00']",2,5.093,1.4051,-21960.949,-9130.888
2023-07-22,H1.ZE20,P,"['2023-07-22 01:00:00+00:00', '2023-07-22 20:00:00+00:00']",2,5.089,1.3353,-22068.666,-9450.115
2023-07-22,H1.Z20,P3,"['2023-07-22 01:00:00+00:00', '2023-07-22 20:00:00+00:00']",2,5.084,1.3552,-7123.324,-3024.458
2023-07-22,H1.Z29,I2,"['2023-07-22 01:00:00+00:00', '2023-07-22 20:00:00+00:00']",2,5.074,1.1903,33.999,15.523
2023-07-22,H1.ZE20,I2,"['2023-07-22 01:00:00+00:00', '2023-07-22 20:00:00+00:00']",2,5.069,1.2961,-32.561,-14.181
2023-07-22,H1.Z29,P1,"['2023-07-22 01:00:00+00:00', '2023-07-22 20:00:00+00:00']",2,5.059,1.4309,-7540.757,-3102.065
2023-07-22,H1.Z20,I2,"['2023-07-22 01:00:00+00:00', '2023-07-22 20:00:00+00:00']",2,5.057,1.3154,-32.86,-14.192
2023-07-22,H1.ZE20,P1,"['2023-07-22 01:00:00+00:00', '2023-07-22 20:00:00+00:00']",2,5.055,1.326,-7666.23,-3295.867
2023-07-22,H1.Z29,I3,"['2023-07-22 01:00:00+00:00', '2023-07-22 20:00:00+00:00']",2,5.054,1.3029,31.606,13.725
2023-07-22,H1.ZE20,I3,"['2023-07-22 01:00:00+00:00', '2023-07-22 20:00:00+00:00']",2,5.053,1.2855,-31.244,-13.67
2023-07-22,H1.Z20,P1,"['2023-07-22 01:00:00+00:00', '2023-07-22 20:00:00+00:00']",2,5.045,1.3487,-7760.427,-3304.141
2023-07-22,H1.Z20,I3,"['2023-07-22 01:00:00+00:00', '2023-07-22 20:00:00+00:00']",2,5.042,1.3069,-31.567,-13.683
2023-07-22,H1.Z19,P1,"['2023-07-22 01:00:00+00:00', '2023-07-22 20:00:00+00:00']",2,5.001,1.3358,3.877,1.66
2023-07-22,H1.Z29,I1,"['2023-07-22 01:00:00+00:00', '2023-07-22 20:00:00+00:00']",2,4.994,1.1831,36.322,16.638
2023-07-22,H1.ZE20,I1,"['2023-07-22 01:00:00+00:00', '2023-07-22 20:00:00+00:00']",2,4.99,1.2633,-35.078,-15.498
2023-07-22,H1.Z20,I1,"['2023-07-22 01:00:00+00:00', '2023-07-22 20:00:00+00:00']",2,4.979,1.284,-35.481,-15.535
2023-07-22,H1.Z20,P,"['2023-07-22 01:00:00+00:00', '2023-07-22 20:00:00+00:00']",2,4.849,1.2371,-20801.047,-9298.249
2023-07-22,H1.Z24,P3,"['2023-07-22 01:00:00+00:00', '2023-07-22 20:00:00+00:00']",2,4.301,1.4282,2.928,-6.838
2023-07-22,H1.Z25,P3,"['2023-07-22 01:00:00+00:00', '2023-07-22 20:00:00+00:00']",2,4.199,1.4296,-1.718,3.999
2023-07-22,H1.W12,qv,"['2023-07-22 01:00:00+00:00', '2023-07-22 02:00:00+00:00', '2023-07-22 20:00:00+00:00']",3,4.0,1.1799,2.885,1.324
2023-07-22,H1.Z21,P2,"['2023-07-22 01:00:00+00:00', '2023-07-22 20:00:00+00:00']",2,3.573,0.6002,-9.26,-5.787
2023-07-22,H1.K12,Tvl,"['2023-07-22 06:00:00+00:00', '2023-07-22 07:00:00+00:00', '2023-07-22 08:00:00+00:00', '2023-07-22 09:00:00+00:00', '2023-07-22 10:00:00+00:00', '2023-07-22 11:00:00+00:00', '2023-07-22 12:00:00+00:00']",7,3.544,0.1139,21.743,24.537
2023-07-22,H1.K12,Trl,"['2023-07-22 04:00:00+00:00', '2023-07-22 05:00:00+00:00', '2023-07-22 06:00:00+00:00', '2023-07-22 07:00:00+00:00', '2023-07-22 08:00:00+00:00', '2023-07-22 09:00:00+00:00', '2023-07-22 10:00:00+00:00', '2023-07-22 11:00:00+00:00', '2023-07-22 12:00:00+00:00']",9,3.445,0.1129,21.65,24.405
2023-07-22,H1.W12,Tvl,"['2023-07-22 01:00:00+00:00', '2023-07-22 20:00:00+00:00']",2,3.228,0.1244,46.089,40.989
2023-07-25,H3.Z45,P3,"['2023-07-25 07:00:00+00:00', '2023-07-25 08:00:00+00:00', '2023-07-25 09:00:00+00:00', '2023-07-25 10:00:00+00:00', '2023-07-25 11:00:00+00:00', '2023-07-25 12:00:00+00:00', '2023-07-25 13:00:00+00:00', '2023-07-25 14:00:00+00:00', '2023-07-25 15:00:00+00:00', '2023-07-25 16:00:00+00:00', '2023-07-25 17:00:00+00:00', '2023-07-25 18:00:00+00:00', '2023-07-25 19:00:00+00:00', '2023-07-25 20:00:00+00:00', '2023-07-25 21:00:00+00:00']",15,45.009,1.9218,1705.733,583.789
2023-07-25,H3.Z45,P2,"['2023-07-25 07:00:00+00:00', '2023-07-25 08:00:00+00:00', '2023-07-25 09:00:00+00:00', '2023-07-25 10:00:00+00:00', '2023-07-25 11:00:00+00:00', '2023-07-25 12:00:00+00:00', '2023-07-25 13:00:00+00:00', '2023-07-25 14:00:00+00:00', '2023-07-25 15:00:00+00:00', '2023-07-25 16:00:00+00:00', '2023-07-25 17:00:00+00:00', '2023-07-25 18:00:00+00:00', '2023-07-25 19:00:00+00:00', '2023-07-25 20:00:00+00:00', '2023-07-25 21:00:00+00:00']",15,42.18,1.7487,1616.382,588.047
2023-07-25,H3.Z45,I3,"['2023-07-25 07:00:00+00:00', '2023-07-25 08:00:00+00:00', '2023-07-25 09:00:00+00:00', '2023-07-25 10:00:00+00:00', '2023-07-25 11:00:00+00:00', '2023-07-25 12:00:00+00:00', '2023-07-25 13:00:00+00:00', '2023-07-25 14:00:00+00:00', '2023-07-25 15:00:00+00:00', '2023-07-25 16:00:00+00:00', '2023-07-25 17:00:00+00:00', '2023-07-25 18:00:00+00:00', '2023-07-25 19:00:00+00:00', '2023-07-25 20:00:00+00:00', '2023-07-25 21:00:00+00:00']",15,41.98,1.4706,8.928,3.614
2023-07-25,H3.Z45,I2,"['2023-07-25 07:00:00+00:00', '2023-07-25 08:00:00+00:00', '2023-07-25 09:00:00+00:00', '2023-07-25 10:00:00+00:00', '2023-07-25 11:00:00+00:00', '2023-07-25 12:00:00+00:00', '2023-07-25 13:00:00+00:00', '2023-07-25 14:00:00+00:00', '2023-07-25 15:00:00+00:00', '2023-07-25 16:00:00+00:00', '2023-07-25 17:00:00+00:00', '2023-07-25 18:00:00+00:00', '2023-07-25 19:00:00+00:00', '2023-07-25 20:00:00+00:00', '2023-07-25 21:00:00+00:00']",15,40.823,1.251,8.952,3.977
2023-07-25,H3.Z45,P,"['2023-07-25 07:00:00+00:00', '2023-07-25 08:00:00+00:00', '2023-07-25 09:00:00+00:00', '2023-07-25 11:00:00+00:00', '2023-07-25 12:00:00+00:00', '2023-07-25 13:00:00+00:00', '2023-07-25 14:00:00+00:00', '2023-07-25 15:00:00+00:00', '2023-07-25 16:00:00+00:00', '2023-07-25 17:00:00+00:00', '2023-07-25 18:00:00+00:00', '2023-07-25 19:00:00+00:00', '2023-07-25 20:00:00+00:00', '2023-07-25 21:00:00+00:00']",14,40.796,1.2207,4838.651,2178.841
2023-07-25,H3.Z45,Q,"['2023-07-25 06:00:00+00:00', '2023-07-25 07:00:00+00:00', '2023-07-25 08:00:00+00:00', '2023-07-25 09:00:00+00:00', '2023-07-25 10:00:00+00:00', '2023-07-25 11:00:00+00:00', '2023-07-25 12:00:00+00:00', '2023-07-25 13:00:00+00:00', '2023-07-25 14:00:00+00:00', '2023-07-25 15:00:00+00:00', '2023-07-25 16:00:00+00:00', '2023-07-25 17:00:00+00:00', '2023-07-25 18:00:00+00:00', '2023-07-25 20:00:00+00:00', '2023-07-25 21:00:00+00:00']",15,38.218,0.2297,-925.031,-1200.905
2023-07-25,H3.Z45,I1,"['2023-07-25 07:00:00+00:00', '2023-07-25 08:00:00+00:00', '2023-07-25 09:00:00+00:00', '2023-07-25 10:00:00+00:00', '2023-07-25 11:00:00+00:00', '2023-07-25 12:00:00+00:00', '2023-07-25 13:00:00+00:00', '2023-07-25 14:00:00+00:00', '2023-07-25 15:00:00+00:00', '2023-07-25 16:00:00+00:00', '2023-07-25 17:00:00+00:00', '2023-07-25 18:00:00+00:00', '2023-07-25 19:00:00+00:00', '2023-07-25 20:00:00+00:00', '2023-07-25 21:00:00+00:00']",15,35.817,0.8448,10.041,5.443
2023-07-25,H3.Z45,P1,"['2023-07-25 07:00:00+00:00', '2023-07-25 08:00:00+00:00', '2023-07-25 09:00:00+00:00', '2023-07-25 11:00:00+00:00', '2023-07-25 12:00:00+00:00', '2023-07-25 13:00:00+00:00', '2023-07-25 14:00:00+00:00', '2023-07-25 15:00:00+00:00', '2023-07-25 16:00:00+00:00', '2023-07-25 17:00:00+00:00', '2023-07-25 18:00:00+00:00', '2023-07-25 19:00:00+00:00', '2023-07-25 20:00:00+00:00', '2023-07-25 21:00:00+00:00']",14,35.473,0.8398,1999.959,1087.053
2023-07-25,H1.Z22,P2,"['2023-07-25 13:00:00+00:00', '2023-07-25 14:00:00+00:00']",2,7.671,5.0659,205.09,33.81
2023-07-25,H1.Z22,P1,"['2023-07-25 13:00:00+00:00', '2023-07-25 14:00:00+00:00']",2,7.548,9.1723,229.704,22.581
2023-07-25,H1.Z21,P1,"['2023-07-25 13:00:00+00:00', '2023-07-25 14:00:00+00:00']",2,7.4,3.5267,244.776,54.073
2023-07-25,H1.Z21,P2,"['2023-07-25 13:00:00+00:00', '2023-07-25 14:00:00+00:00']",2,7.333,6.9882,190.555,23.855
2023-07-25,H1.Z21,P,"['2023-07-25 13:00:00+00:00', '2023-07-25 14:00:00+00:00']",2,6.889,4.6629,436.708,77.118
2023-07-25,H1.Z22,P,"['2023-07-25 13:00:00+00:00', '2023-07-25 14:00:00+00:00']",2,6.88,5.4052,435.265,67.955
2023-07-25,H1.Z20,Q,"['2023-07-25 03:00:00+00:00', '2023-07-25 14:00:00+00:00', '2023-07-25 15:00:00+00:00', '2023-07-25 22:00:00+00:00']",4,6.66,3.0598,-2066.949,-509.125
2023-07-25,H1.Z21,P3,"['2023-07-25 13:00:00+00:00', '2023-07-25 14:00:00+00:00']",2,6.314,8.2484,44.738,4.837
2023-07-25,H3.Z40,I2,"['2023-07-25 07:00:00+00:00', '2023-07-25 08:00:00+00:00', '2023-07-25 09:00:00+00:00', '2023-07-25 10:00:00+00:00', '2023-07-25 11:00:00+00:00', '2023-07-25 12:00:00+00:00', '2023-07-25 13:00:00+00:00', '2023-07-25 14:00:00+00:00', '2023-07-25 15:00:00+00:00']",9,6.055,0.1929,13.94,11.686
2023-07-25,H3.ZE40,I2,"['2023-07-25 07:00:00+00:00', '2023-07-25 08:00:00+00:00', '2023-07-25 09:00:00+00:00', '2023-07-25 10:00:00+00:00', '2023-07-25 11:00:00+00:00', '2023-07-25 12:00:00+00:00', '2023-07-25 13:00:00+00:00', '2023-07-25 14:00:00+00:00', '2023-07-25 15:00:00+00:00']",9,6.042,0.1964,14.251,11.912
2023-07-25,H3.Z40,P2,"['2023-07-25 07:00:00+00:00', '2023-07-25 08:00:00+00:00', '2023-07-25 09:00:00+00:00', '2023-07-25 10:00:00+00:00', '2023-07-25 11:00:00+00:00', '2023-07-25 12:00:00+00:00', '2023-07-25 14:00:00+00:00', '2023-07-25 15:00:00+00:00']",8,5.809,0.2035,2908.972,2417.081
2023-07-25,H3.ZE40,P2,"['2023-07-25 07:00:00+00:00', '2023-07-25 08:00:00+00:00', '2023-07-25 09:00:00+00:00', '2023-07-25 10:00:00+00:00', '2023-07-25 11:00:00+00:00', '2023-07-25 12:00:00+00:00', '2023-07-25 14:00:00+00:00', '2023-07-25 15:00:00+00:00']",8,5.751,0.2071,3003.391,2488.049
2023-07-25,H4.ZE50,P3,"['2023-07-25 08:00:00+00:00', '2023-07-25 09:00:00+00:00', '2023-07-25 10:00:00+00:00']",3,5.696,0.4315,1242.295,867.801
2023-07-25,H1.Z22,P3,"['2023-07-25 13:00:00+00:00', '2023-07-25 14:00:00+00:00']",2,5.586,1.4762,41.683,16.834
2023-07-25,H4.ZE51,I1,"['2023-07-25 07:00:00+00:00', '2023-07-25 08:00:00+00:00', '2023-07-25 09:00:00+00:00', '2023-07-25 10:00:00+00:00', '2023-07-25 13:00:00+00:00']",5,5.585,0.239,11.491,9.274
2023-07-25,H4.ZE50,I3,"['2023-07-25 08:00:00+00:00', '2023-07-25 09:00:00+00:00', '2023-07-25 10:00:00+00:00']",3,5.538,0.3681,5.846,4.273
2023-07-25,H4.ZE51,P1,"['2023-07-25 07:00:00+00:00', '2023-07-25 08:00:00+00:00', '2023-07-25 09:00:00+00:00', '2023-07-25 10:00:00+00:00', '2023-07-25 13:00:00+00:00']",5,5.441,0.3012,2264.484,1740.346
2023-07-25,H3.Z41,Q,"['2023-07-25 08:00:00+00:00', '2023-07-25 09:00:00+00:00', '2023-07-25 10:00:00+00:00', '2023-07-25 11:00:00+00:00', '2023-07-25 12:00:00+00:00', '2023-07-25 13:00:00+00:00', '2023-07-25 14:00:00+00:00']",7,5.322,0.2502,-2052.722,-1641.969
2023-07-25,H2.T.Z33,I2,"['2023-07-25 07:00:00+00:00', '2023-07-25 08:00:00+00:00', '2023-07-25 09:00:00+00:00', '2023-07-25 14:00:00+00:00']",4,5.012,0.3312,87.292,65.576
2023-07-25,H1.W11,P,"['2023-07-25 03:00:00+00:00', '2023-07-25 14:00:00+00:00', '2023-07-25 22:00:00+00:00']",3,4.95,2.6198,53408.472,14754.504
2023-07-25,H3.Z42,Q,"['2023-07-25 14:00:00+00:00', '2023-07-25 15:00:00+00:00', '2023-07-25 16:00:00+00:00', '2023-07-25 17:00:00+00:00', '2023-07-25 19:00:00+00:00', '2023-07-25 20:00:00+00:00']",6,4.902,0.234,4386.754,3554.837
2023-07-25,H1.W12,P,"['2023-07-25 03:00:00+00:00', '2023-07-25 14:00:00+00:00', '2023-07-25 22:00:00+00:00']",3,4.774,2.3757,57805.653,17124.244
2023-07-25,H1.ZE20,P2,"['2023-07-25 03:00:00+00:00', '2023-07-25 14:00:00+00:00', '2023-07-25 22:00:00+00:00']",3,4.767,2.4172,-11995.958,-3510.486
2023-07-25,H1.Z20,P2,"['2023-07-25 03:00:00+00:00', '2023-07-25 14:00:00+00:00', '2023-07-25 22:00:00+00:00']",3,4.766,2.3846,-11934.092,-3526.0
2023-07-25,H1.ZE20,I2,"['2023-07-25 03:00:00+00:00', '2023-07-25 14:00:00+00:00', '2023-07-25 22:00:00+00:00']",3,4.765,2.3538,-53.028,-15.812
2023-07-25,H1.Z20,I2,"['2023-07-25 03:00:00+00:00', '2023-07-25 14:00:00+00:00', '2023-07-25 22:00:00+00:00']",3,4.763,2.3232,-52.732,-15.868
2023-07-25,H1.ZE20,I3,"['2023-07-25 03:00:00+00:00', '2023-07-25 14:00:00+00:00', '2023-07-25 22:00:00+00:00']",3,4.753,2.3401,-50.704,-15.18
2023-07-25,H1.Z20,I3,"['2023-07-25 03:00:00+00:00', '2023-07-25 14:00:00+00:00', '2023-07-25 22:00:00+00:00']",3,4.75,2.3104,-50.447,-15.239
2023-07-25,H1.ZE20,P,"['2023-07-25 03:00:00+00:00', '2023-07-25 14:00:00+00:00', '2023-07-25 22:00:00+00:00']",3,4.747,2.4145,-35999.741,-10543.133
2023-07-25,H1.ZE20,P3,"['2023-07-25 03:00:00+00:00', '2023-07-25 14:00:00+00:00', '2023-07-25 22:00:00+00:00']",3,4.739,2.3963,-11434.965,-3366.88
2023-07-25,H1.Z20,P1,"['2023-07-25 03:00:00+00:00', '2023-07-25 14:00:00+00:00', '2023-07-25 22:00:00+00:00']",3,4.735,2.3962,-12516.069,-3685.285
2023-07-25,H1.Z20,P3,"['2023-07-25 03:00:00+00:00', '2023-07-25 14:00:00+00:00', '2023-07-25 22:00:00+00:00']",3,4.735,2.3651,-11377.389,-3381.001
2023-07-25,H1.ZE20,P1,"['2023-07-25 03:00:00+00:00', '2023-07-25 14:00:00+00:00', '2023-07-25 22:00:00+00:00']",3,4.734,2.4287,-12568.818,-3665.769
2023-07-25,H1.Z19,P3,"['2023-07-25 03:00:00+00:00', '2023-07-25 14:00:00+00:00', '2023-07-25 22:00:00+00:00']",3,4.73,2.175,239.961,75.578
2023-07-25,H1.Z29,P2,"['2023-07-25 03:00:00+00:00', '2023-07-25 14:00:00+00:00', '2023-07-25 22:00:00+00:00']",3,4.73,2.5464,-11372.154,-3206.703
2023-07-25,H1.Z29,I2,"['2023-07-25 03:00:00+00:00', '2023-07-25 14:00:00+00:00', '2023-07-25 22:00:00+00:00']",3,4.729,2.1461,55.753,17.721
2023-07-25,H1.ZE20,I1,"['2023-07-25 03:00:00+00:00', '2023-07-25 14:00:00+00:00', '2023-07-25 22:00:00+00:00']",3,4.717,2.3157,-56.898,-17.16
2023-07-25,H1.Z20,I1,"['2023-07-25 03:00:00+00:00', '2023-07-25 14:00:00+00:00', '2023-07-25 22:00:00+00:00']",3,4.711,2.2835,-56.626,-17.246
2023-07-25,H1.Z29,P,"['2023-07-25 03:00:00+00:00', '2023-07-25 14:00:00+00:00', '2023-07-25 22:00:00+00:00']",3,4.694,2.4197,-33660.976,-9843.285
2023-07-25,H1.Z29,P1,"['2023-07-25 03:00:00+00:00', '2023-07-25 14:00:00+00:00', '2023-07-25 22:00:00+00:00']",3,4.688,2.5142,-11746.988,-3342.689
2023-07-25,H1.W11,Tdiff,"['2023-07-25 03:00:00+00:00', '2023-07-25 22:00:00+00:00', '2023-07-25 23:00:00+00:00']",3,4.682,3.5404,4526.465,996.941
2023-07-25,H1.Z19,P1,"['2023-07-25 03:00:00+00:00', '2023-07-25 14:00:00+00:00', '2023-07-25 22:00:00+00:00']",3,4.682,2.298,6.117,1.855
2023-07-25,H1.Z29,I1,"['2023-07-25 03:00:00+00:00', '2023-07-25 14:00:00+00:00', '2023-07-25 22:00:00+00:00']",3,4.672,2.1494,59.681,18.95
2023-07-25,H1.Z29,I3,"['2023-07-25 03:00:00+00:00', '2023-07-25 14:00:00+00:00', '2023-07-25 22:00:00+00:00']",3,4.672,2.3991,54.514,16.038
2023-07-25,H1.Z29,P3,"['2023-07-25 03:00:00+00:00', '2023-07-25 14:00:00+00:00', '2023-07-25 22:00:00+00:00']",3,4.663,2.2003,-10541.92,-3294.006
2023-07-25,H4.ZE50,P,"['2023-07-25 08:00:00+00:00', '2023-07-25 09:00:00+00:00', '2023-07-25 10:00:00+00:00']",3,4.617,0.2978,3759.006,2896.414
2023-07-25,H1.Z20,P,"['2023-07-25 03:00:00+00:00', '2023-07-25 14:00:00+00:00', '2023-07-25 22:00:00+00:00']",3,4.558,2.2557,-33000.979,-10136.463
2023-07-25,H1.Z21,Q,"['2023-07-25 13:00:00+00:00', '2023-07-25 14:00:00+00:00']",2,4.546,2.5999,81.213,22.56
2023-07-25,H1.Z24,P1,"['2023-07-25 03:00:00+00:00', '2023-07-25 14:00:00+00:00', '2023-07-25 22:00:00+00:00']",3,4.418,0.2136,77.356,98.373
2023-07-25,H1.Z25,P1,"['2023-07-25 03:00:00+00:00', '2023-07-25 14:00:00+00:00', '2023-07-25 22:00:00+00:00']",3,4.388,0.2317,118.156,95.932
2023-07-25,H1.Z22,Q,"['2023-07-25 13:00:00+00:00', '2023-07-25 14:00:00+00:00']",2,4.328,1.7428,97.212,35.443
2023-07-25,H3.Z41,I3,"['2023-07-25 09:00:00+00:00', '2023-07-25 11:00:00+00:00', '2023-07-25 12:00:00+00:00']",3,4.267,0.1811,4.634,3.923
2023-07-25,H2.T.Z33,I1,"['2023-07-25 07:00:00+00:00', '2023-07-25 08:00:00+00:00']",2,4.265,0.2946,83.473,64.475
2023-07-25,H3.ZE41,I3,"['2023-07-25 09:00:00+00:00', '2023-07-25 11:00:00+00:00', '2023-07-25 12:00:00+00:00']",3,4.265,0.1831,4.562,3.856
2023-07-25,H3.ZE41,P3,"['2023-07-25 09:00:00+00:00', '2023-07-25 11:00:00+00:00', '2023-07-25 12:00:00+00:00']",3,4.211,0.1808,1005.084,851.183
2023-07-25,H3.Z41,P3,"['2023-07-25 09:00:00+00:00', '2023-07-25 11:00:00+00:00', '2023-07-25 12:00:00+00:00']",3,4.198,0.1805,1013.953,858.896
2023-07-25,H4.ZE50,I1,"['2023-07-25 08:00:00+00:00', '2023-07-25 09:00:00+00:00', '2023-07-25 10:00:00+00:00']",3,4.193,0.2323,7.267,5.897
2023-07-25,H1.Z24,P3,"['2023-07-25 03:00:00+00:00', '2023-07-25 14:00:00+00:00', '2023-07-25 22:00:00+00:00']",3,4.17,5.7405,23.803,-5.021
2023-07-25,H4.ZE50,P1,"['2023-07-25 08:00:00+00:00', '2023-07-25 09:00:00+00:00', '2023-07-25 10:00:00+00:00']",3,4.16,0.2554,1549.634,1234.411
2023-07-25,H1.Z25,P3,"['2023-07-25 03:00:00+00:00', '2023-07-25 14:00:00+00:00', '2023-07-25 22:00:00+00:00']",3,4.133,5.32,-13.024,3.015
2023-07-25,H2.K21,Trl,"['2023-07-25 07:00:00+00:00', '2023-07-25 08:00:00+00:00', '2023-07-25 09:00:00+00:00', '2023-07-25 10:00:00+00:00', '2023-07-25 11:00:00+00:00']",5,4.083,0.2691,9.511,7.494
2023-07-25,H4.ZE50,I2,"['2023-07-25 08:00:00+00:00', '2023-07-25 09:00:00+00:00', '2023-07-25 10:00:00+00:00']",3,4.008,0.2054,5.008,4.155
2023-07-25,H4.ZE50,P2,"['2023-07-25 08:00:00+00:00', '2023-07-25 09:00:00+00:00']",2,3.936,0.2177,967.077,794.181
2023-07-25,H2.T.Z30,I1,"['2023-07-25 08:00:00+00:00', '2023-07-25 09:00:00+00:00', '2023-07-25 10:00:00+00:00']",3,3.865,0.2228,30.226,24.72
2023-07-25,H3.Z41,I2,"['2023-07-25 08:00:00+00:00', '2023-07-25 09:00:00+00:00', '2023-07-25 10:00:00+00:00', '2023-07-25 11:00:00+00:00', '2023-07-25 12:00:00+00:00', '2023-07-25 13:00:00+00:00', '2023-07-25 14:00:00+00:00']",7,3.832,0.4411,12.23,8.487
2023-07-25,H3.ZE41,I2,"['2023-07-25 08:00:00+00:00', '2023-07-25 09:00:00+00:00', '2023-07-25 10:00:00+00:00', '2023-07-25 11:00:00+00:00', '2023-07-25 12:00:00+00:00', '2023-07-25 13:00:00+00:00', '2023-07-25 14:00:00+00:00']",7,3.818,0.4438,12.159,8.422
2023-07-25,H2.T.Z30,I3,"['2023-07-25 08:00:00+00:00', '2023-07-25 09:00:00+00:00']",2,3.752,0.266,31.297,24.722
2023-07-25,H3.Z41,P2,"['2023-07-25 08:00:00+00:00', '2023-07-25 09:00:00+00:00', '2023-07-25 11:00:00+00:00', '2023-07-25 12:00:00+00:00', '2023-07-25 13:00:00+00:00', '2023-07-25 14:00:00+00:00']",6,3.752,0.4909,2535.291,1700.566
2023-07-25,H2.T.Z30,P1,"['2023-07-25 08:00:00+00:00', '2023-07-25 09:00:00+00:00', '2023-07-25 10:00:00+00:00']",3,3.75,0.2511,6627.947,5297.73
2023-07-25,H3.ZE41,P2,"['2023-07-25 08:00:00+00:00', '2023-07-25 09:00:00+00:00', '2023-07-25 11:00:00+00:00', '2023-07-25 12:00:00+00:00', '2023-07-25 13:00:00+00:00', '2023-07-25 14:00:00+00:00']",6,3.741,0.4914,2537.54,1701.405
2023-07-25,H2.Z361,I1,"['2023-07-25 07:00:00+00:00', '2023-07-25 08:00:00+00:00', '2023-07-25 09:00:00+00:00']",3,3.684,0.3274,110.299,83.095
2023-07-25,H2.T.Z30,P3,"['2023-07-25 08:00:00+00:00', '2023-07-25 09:00:00+00:00']",2,3.68,0.2893,6975.416,5410.14
2023-07-25,H2.Z351,I1,"['2023-07-25 07:00:00+00:00', '2023-07-25 08:00:00+00:00', '2023-07-25 09:00:00+00:00']",3,3.652,0.3289,112.681,84.793
2023-07-25,H1.W12,qv,"['2023-07-25 03:00:00+00:00', '2023-07-25 14:00:00+00:00', '2023-07-25 15:00:00+00:00', '2023-07-25 22:00:00+00:00']",4,3.641,2.0857,4.798,1.555
2023-07-25,H2.K21,Tvl,"['2023-07-25 07:00:00+00:00', '2023-07-25 08:00:00+00:00', '2023-07-25 09:00:00+00:00', '2023-07-25 10:00:00+00:00', '2023-07-25 11:00:00+00:00']",5,3.605,0.3857,9.191,6.633
2023-07-25,H3.ZE40,P,"['2023-07-25 08:00:00+00:00', '2023-07-25 09:00:00+00:00', '2023-07-25 11:00:00+00:00', '2023-07-25 12:00:00+00:00', '2023-07-25 13:00:00+00:00', '2023-07-25 14:00:00+00:00']",6,3.537,0.1685,8033.135,6874.972
2023-07-25,H3.Z40,I1,"['2023-07-25 11:00:00+00:00', '2023-07-25 12:00:00+00:00', '2023-07-25 13:00:00+00:00']",3,3.367,0.1444,12.034,10.515
2023-07-25,H3.Z42,P,"['2023-07-25 19:00:00+00:00', '2023-07-25 20:00:00+00:00']",2,3.358,0.1128,18417.191,20759.185
2023-07-25,H3.ZE40,I1,"['2023-07-25 12:00:00+00:00', '2023-07-25 13:00:00+00:00']",2,3.298,0.1442,12.231,10.69
2023-07-25,H3.Z40,P1,"['2023-07-25 11:00:00+00:00', '2023-07-25 12:00:00+00:00', '2023-07-25 13:00:00+00:00']",3,3.241,0.1608,2561.322,2206.45
2023-07-25,H3.ZE40,P1,"['2023-07-25 12:00:00+00:00', '2023-07-25 13:00:00+00:00']",2,3.191,0.1599,2624.888,2262.95
2023-07-25,H1.Z28,P2,"['2023-07-25 03:00:00+00:00', '2023-07-25 22:00:00+00:00']",2,3.134,0.4765,6060.378,11576.596
2023-07-25,H1.Z28,P,"['2023-07-25 03:00:00+00:00', '2023-07-25 22:00:00+00:00']",2,3.071,0.5622,12489.296,28529.672
2023-07-25,H1.Z28,P1,"['2023-07-25 03:00:00+00:00', '2023-07-25 22:00:00+00:00']",2,3.066,0.6759,3268.852,10086.68
2023-07-25,V.Z81,I3,"['2023-07-25 03:00:00+00:00', '2023-07-25 22:00:00+00:00']",2,3.011,0.1102,130.597,117.636
2023-07-25,H3.ZE41,P,"['2023-07-25 09:00:00+00:00', '2023-07-25 12:00:00+00:00']",2,3.01,0.2548,5593.205,4457.308
2023-07-26,H1.Z26,I3,"['2023-07-26 08:00:00+00:00', '2023-07-26 09:00:00+00:00', '2023-07-26 10:00:00+00:00', '2023-07-26 11:00:00+00:00', '2023-07-26 12:00:00+00:00', '2023-07-26 13:00:00+00:00', '2023-07-26 14:00:00+00:00', '2023-07-26 15:00:00+00:00', '2023-07-26 16:00:00+00:00', '2023-07-26 17:00:00+00:00', '2023-07-26 18:00:00+00:00', '2023-07-26 19:00:00+00:00', '2023-07-26 20:00:00+00:00', '2023-07-26 21:00:00+00:00', '2023-07-26 22:00:00+00:00', '2023-07-26 23:00:00+00:00']",16,24.687,0.1235,166.638,190.118
2023-07-26,H1.Z26,I2,"['2023-07-26 08:00:00+00:00', '2023-07-26 09:00:00+00:00', '2023-07-26 10:00:00+00:00', '2023-07-26 11:00:00+00:00', '2023-07-26 12:00:00+00:00', '2023-07-26 13:00:00+00:00', '2023-07-26 14:00:00+00:00', '2023-07-26 15:00:00+00:00', '2023-07-26 16:00:00+00:00', '2023-07-26 17:00:00+00:00', '2023-07-26 18:00:00+00:00', '2023-07-26 19:00:00+00:00', '2023-07-26 20:00:00+00:00', '2023-07-26 21:00:00+00:00', '2023-07-26 22:00:00+00:00', '2023-07-26 23:00:00+00:00']",16,17.734,0.1243,165.232,188.687
2023-07-26,H3.Z45,Q,"['2023-07-26 08:00:00+00:00', '2023-07-26 09:00:00+00:00', '2023-07-26 11:00:00+00:00', '2023-07-26 14:00:00+00:00']",4,16.777,0.2912,-822.247,-1160.129
2023-07-26,H1.Z26,I1,"['2023-07-26 08:00:00+00:00', '2023-07-26 09:00:00+00:00', '2023-07-26 10:00:00+00:00', '2023-07-26 11:00:00+00:00', '2023-07-26 12:00:00+00:00', '2023-07-26 13:00:00+00:00', '2023-07-26 14:00:00+00:00', '2023-07-26 15:00:00+00:00', '2023-07-26 16:00:00+00:00', '2023-07-26 17:00:00+00:00', '2023-07-26 18:00:00+00:00', '2023-07-26 19:00:00+00:00', '2023-07-26 20:00:00+00:00', '2023-07-26 21:00:00+00:00', '2023-07-26 22:00:00+00:00', '2023-07-26 23:00:00+00:00']",16,10.968,0.1204,164.94,187.51
2023-07-26,H1.Z20,Q,"['2023-07-26 03:00:00+00:00', '2023-07-26 08:00:00+00:00', '2023-07-26 09:00:00+00:00']",3,8.156,2.5894,-2486.445,-692.712
2023-07-26,H4.ZE50,P2,"['2023-07-26 08:00:00+00:00', '2023-07-26 09:00:00+00:00']",2,6.738,0.3446,1056.274,785.569
2023-07-26,H4.ZE50,I2,"['2023-07-26 08:00:00+00:00', '2023-07-26 09:00:00+00:00', '2023-07-26 10:00:00+00:00']",3,6.582,0.3013,5.361,4.12
2023-07-26,H3.Z45,P1,"['2023-07-26 08:00:00+00:00', '2023-07-26 09:00:00+00:00', '2023-07-26 11:00:00+00:00', '2023-07-26 14:00:00+00:00']",4,6.109,0.6607,2016.538,1214.268
2023-07-26,H3.Z45,P2,"['2023-07-26 08:00:00+00:00', '2023-07-26 09:00:00+00:00', '2023-07-26 11:00:00+00:00', '2023-07-26 14:00:00+00:00']",4,6.073,1.1173,1553.19,733.579
2023-07-26,H3.Z45,P,"['2023-07-26 08:00:00+00:00', '2023-07-26 09:00:00+00:00', '2023-07-26 11:00:00+00:00', '2023-07-26 14:00:00+00:00']",4,5.978,0.8959,4821.732,2543.251
2023-07-26,H3.Z45,P3,"['2023-07-26 08:00:00+00:00', '2023-07-26 09:00:00+00:00', '2023-07-26 11:00:00+00:00', '2023-07-26 14:00:00+00:00']",4,5.895,1.1671,1613.351,744.482
2023-07-26,H3.Z45,I1,"['2023-07-26 08:00:00+00:00', '2023-07-26 09:00:00+00:00', '2023-07-26 11:00:00+00:00', '2023-07-26 14:00:00+00:00']",4,5.827,0.6372,9.964,6.086
2023-07-26,H3.Z45,I2,"['2023-07-26 08:00:00+00:00', '2023-07-26 09:00:00+00:00', '2023-07-26 11:00:00+00:00', '2023-07-26 14:00:00+00:00']",4,5.795,0.8342,8.586,4.681
2023-07-26,H3.Z40,P2,"['2023-07-26 07:00:00+00:00', '2023-07-26 08:00:00+00:00', '2023-07-26 09:00:00+00:00', '2023-07-26 10:00:00+00:00', '2023-07-26 11:00:00+00:00', '2023-07-26 12:00:00+00:00', '2023-07-26 13:00:00+00:00', '2023-07-26 14:00:00+00:00']",8,5.7,0.2855,3189.548,2481.107
2023-07-26,H3.Z45,I3,"['2023-07-26 08:00:00+00:00', '2023-07-26 09:00:00+00:00', '2023-07-26 11:00:00+00:00', '2023-07-26 14:00:00+00:00']",4,5.672,0.9284,8.438,4.375
2023-07-26,H3.ZE40,P2,"['2023-07-26 07:00:00+00:00', '2023-07-26 08:00:00+00:00', '2023-07-26 09:00:00+00:00', '2023-07-26 10:00:00+00:00', '2023-07-26 11:00:00+00:00', '2023-07-26 12:00:00+00:00', '2023-07-26 13:00:00+00:00', '2023-07-26 14:00:00+00:00']",8,5.626,0.2854,3283.601,2554.48
2023-07-26,H3.Z40,I2,"['2023-07-26 07:00:00+00:00', '2023-07-26 08:00:00+00:00', '2023-07-26 09:00:00+00:00', '2023-07-26 10:00:00+00:00', '2023-07-26 11:00:00+00:00', '2023-07-26 12:00:00+00:00', '2023-07-26 13:00:00+00:00', '2023-07-26 14:00:00+00:00']",8,5.591,0.2548,15.047,11.992
2023-07-26,H3.ZE40,I2,"['2023-07-26 07:00:00+00:00', '2023-07-26 08:00:00+00:00', '2023-07-26 09:00:00+00:00', '2023-07-26 10:00:00+00:00', '2023-07-26 11:00:00+00:00', '2023-07-26 12:00:00+00:00', '2023-07-26 13:00:00+00:00', '2023-07-26 14:00:00+00:00']",8,5.542,0.256,15.355,12.225
2023-07-26,H1.W11,Tdiff,"['2023-07-26 04:00:00+00:00', '2023-07-26 05:00:00+00:00', '2023-07-26 09:00:00+00:00', '2023-07-26 10:00:00+00:00', '2023-07-26 22:00:00+00:00', '2023-07-26 23:00:00+00:00']",6,5.519,4.2905,7743.972,1463.738
2023-07-26,H4.ZE50,P,"['2023-07-26 08:00:00+00:00', '2023-07-26 09:00:00+00:00', '2023-07-26 10:00:00+00:00']",3,5.467,0.3287,3834.71,2886.029
2023-07-26,V.Z82,I2,"['2023-07-26 12:00:00+00:00', '2023-07-26 15:00:00+00:00', '2023-07-26 16:00:00+00:00']",3,5.214,0.2009,93.035,77.468
2023-07-26,V.Z82,I3,"['2023-07-26 12:00:00+00:00', '2023-07-26 15:00:00+00:00', '2023-07-26 16:00:00+00:00']",3,5.104,0.2296,92.215,74.996
2023-07-26,V.Z82,I1,"['2023-07-26 12:00:00+00:00', '2023-07-26 15:00:00+00:00', '2023-07-26 16:00:00+00:00']",3,5.019,0.1745,98.187,83.601
2023-07-26,H4.ZE50,I1,"['2023-07-26 08:00:00+00:00', '2023-07-26 09:00:00+00:00', '2023-07-26 10:00:00+00:00']",3,4.918,0.3297,7.744,5.824
2023-07-26,H4.ZE50,P1,"['2023-07-26 08:00:00+00:00', '2023-07-26 09:00:00+00:00', '2023-07-26 10:00:00+00:00']",3,4.909,0.3553,1651.945,1218.84
2023-07-26,H4.ZE51,I3,"['2023-07-26 07:00:00+00:00', '2023-07-26 08:00:00+00:00', '2023-07-26 12:00:00+00:00', '2023-07-26 13:00:00+00:00', '2023-07-26 14:00:00+00:00']",5,4.615,0.2158,9.558,7.862
2023-07-26,H1.W11,P,"['2023-07-26 03:00:00+00:00', '2023-07-26 08:00:00+00:00', '2023-07-26 21:00:00+00:00']",3,4.613,1.9343,58607.917,19973.695
2023-07-26,H1.Z24,Q,"['2023-07-26 03:00:00+00:00', '2023-07-26 08:00:00+00:00', '2023-07-26 21:00:00+00:00']",3,4.575,0.2634,36.452,28.853
2023-07-26,H4.ZE51,P3,"['2023-07-26 07:00:00+00:00', '2023-07-26 12:00:00+00:00', '2023-07-26 13:00:00+00:00', '2023-07-26 14:00:00+00:00']",4,4.455,0.2521,1653.636,1320.668
2023-07-26,H3.Z41,P3,"['2023-07-26 10:00:00+00:00', '2023-07-26 11:00:00+00:00', '2023-07-26 12:00:00+00:00']",3,4.265,0.3198,1145.294,867.797
2023-07-26,H3.Z41,I3,"['2023-07-26 10:00:00+00:00', '2023-07-26 11:00:00+00:00', '2023-07-26 12:00:00+00:00']",3,4.263,0.302,5.165,3.967
2023-07-26,H3.ZE41,P3,"['2023-07-26 10:00:00+00:00', '2023-07-26 11:00:00+00:00', '2023-07-26 12:00:00+00:00']",3,4.256,0.3159,1132.086,860.31
2023-07-26,H3.ZE40,P,"['2023-07-26 07:00:00+00:00', '2023-07-26 08:00:00+00:00', '2023-07-26 09:00:00+00:00', '2023-07-26 10:00:00+00:00', '2023-07-26 11:00:00+00:00', '2023-07-26 12:00:00+00:00', '2023-07-26 13:00:00+00:00']",7,4.247,0.2032,8412.519,6991.738
2023-07-26,H3.ZE41,I3,"['2023-07-26 10:00:00+00:00', '2023-07-26 11:00:00+00:00', '2023-07-26 12:00:00+00:00']",3,4.247,0.3012,5.075,3.9
2023-07-26,H1.Z19,P3,"['2023-07-26 03:00:00+00:00', '2023-07-26 08:00:00+00:00', '2023-07-26 21:00:00+00:00']",3,4.102,1.5142,246.78,98.154
2023-07-26,H1.W12,P,"['2023-07-26 03:00:00+00:00', '2023-07-26 08:00:00+00:00', '2023-07-26 21:00:00+00:00']",3,4.094,1.6194,59467.549,22702.402
2023-07-26,H1.Z20,P2,"['2023-07-26 03:00:00+00:00', '2023-07-26 08:00:00+00:00', '2023-07-26 21:00:00+00:00']",3,4.082,1.616,-12258.514,-4686.059
2023-07-26,H1.ZE20,P2,"['2023-07-26 03:00:00+00:00', '2023-07-26 08:00:00+00:00', '2023-07-26 21:00:00+00:00']",3,4.082,1.6322,-12314.289,-4678.251
2023-07-26,H1.Z29,P2,"['2023-07-26 03:00:00+00:00', '2023-07-26 08:00:00+00:00', '2023-07-26 21:00:00+00:00']",3,4.074,1.7518,-11867.861,-4312.83
2023-07-26,H1.ZE20,P,"['2023-07-26 03:00:00+00:00', '2023-07-26 08:00:00+00:00', '2023-07-26 21:00:00+00:00']",3,4.065,1.63,-36962.378,-14054.072
2023-07-26,H1.ZE20,P3,"['2023-07-26 03:00:00+00:00', '2023-07-26 08:00:00+00:00', '2023-07-26 21:00:00+00:00']",3,4.059,1.6272,-11770.134,-4480.047
2023-07-26,H1.Z20,P1,"['2023-07-26 03:00:00+00:00', '2023-07-26 08:00:00+00:00', '2023-07-26 21:00:00+00:00']",3,4.055,1.6157,-12840.604,-4909.067
2023-07-26,H1.ZE20,P1,"['2023-07-26 03:00:00+00:00', '2023-07-26 08:00:00+00:00', '2023-07-26 21:00:00+00:00']",3,4.055,1.6304,-12877.955,-4895.777
2023-07-26,H1.Z19,P1,"['2023-07-26 03:00:00+00:00', '2023-07-26 08:00:00+00:00', '2023-07-26 21:00:00+00:00']",3,4.054,1.5941,6.337,2.443
2023-07-26,H1.Z20,P3,"['2023-07-26 03:00:00+00:00', '2023-07-26 08:00:00+00:00', '2023-07-26 21:00:00+00:00']",3,4.052,1.6103,-11712.771,-4487.162
2023-07-26,H1.Z29,P,"['2023-07-26 03:00:00+00:00', '2023-07-26 08:00:00+00:00', '2023-07-26 21:00:00+00:00']",3,4.045,1.688,-35106.813,-13060.548
2023-07-26,H1.Z29,P1,"['2023-07-26 03:00:00+00:00', '2023-07-26 08:00:00+00:00', '2023-07-26 21:00:00+00:00']",3,4.043,1.7388,-12272.443,-4481.024
2023-07-26,H1.Z20,I3,"['2023-07-26 03:00:00+00:00', '2023-07-26 08:00:00+00:00', '2023-07-26 21:00:00+00:00']",3,4.038,1.5806,-51.846,-20.091
2023-07-26,H1.ZE20,I2,"['2023-07-26 03:00:00+00:00', '2023-07-26 08:00:00+00:00', '2023-07-26 21:00:00+00:00']",3,4.034,1.5947,-54.286,-20.922
2023-07-26,H1.Z20,I2,"['2023-07-26 03:00:00+00:00', '2023-07-26 08:00:00+00:00', '2023-07-26 21:00:00+00:00']",3,4.032,1.5783,-53.991,-20.94
2023-07-26,H1.Z29,I2,"['2023-07-26 03:00:00+00:00', '2023-07-26 08:00:00+00:00', '2023-07-26 21:00:00+00:00']",3,4.03,1.4822,57.164,23.029
2023-07-26,H1.Z20,I1,"['2023-07-26 03:00:00+00:00', '2023-07-26 08:00:00+00:00', '2023-07-26 21:00:00+00:00']",3,4.027,1.5777,-58.333,-22.63
2023-07-26,H1.ZE20,I3,"['2023-07-26 03:00:00+00:00', '2023-07-26 08:00:00+00:00', '2023-07-26 21:00:00+00:00']",3,4.021,1.5976,-52.118,-20.064
2023-07-26,H1.Z29,P3,"['2023-07-26 03:00:00+00:00', '2023-07-26 08:00:00+00:00', '2023-07-26 21:00:00+00:00']",3,4.015,1.5702,-10966.509,-4266.795
2023-07-26,H1.Z20,P,"['2023-07-26 03:00:00+00:00', '2023-07-26 08:00:00+00:00', '2023-07-26 21:00:00+00:00']",3,4.009,1.5644,-33906.8,-13222.335
2023-07-26,H1.ZE20,I1,"['2023-07-26 03:00:00+00:00', '2023-07-26 08:00:00+00:00', '2023-07-26 21:00:00+00:00']",3,3.995,1.5938,-58.569,-22.58
2023-07-26,H1.Z29,I1,"['2023-07-26 03:00:00+00:00', '2023-07-26 08:00:00+00:00', '2023-07-26 21:00:00+00:00']",3,3.989,1.504,61.606,24.603
2023-07-26,H1.Z29,I3,"['2023-07-26 03:00:00+00:00', '2023-07-26 08:00:00+00:00', '2023-07-26 21:00:00+00:00']",3,3.986,1.6118,56.027,21.452
2023-07-26,H2.T.Z30,I3,"['2023-07-26 08:00:00+00:00', '2023-07-26 09:00:00+00:00']",2,3.969,0.3271,32.993,24.861
2023-07-26,H2.T.Z30,P3,"['2023-07-26 08:00:00+00:00', '2023-07-26 09:00:00+00:00']",2,3.931,0.367,7432.737,5437.46
2023-07-26,H1.Z25,P1,"['2023-07-26 03:00:00+00:00', '2023-07-26 08:00:00+00:00', '2023-07-26 21:00:00+00:00']",3,3.9,0.1697,116.471,99.57
2023-07-26,H1.Z24,P1,"['2023-07-26 03:00:00+00:00', '2023-07-26 08:00:00+00:00', '2023-07-26 21:00:00+00:00']",3,3.855,0.1525,80.63,95.135
2023-07-26,H3.Z42,Q,"['2023-07-26 05:00:00+00:00', '2023-07-26 06:00:00+00:00', '2023-07-26 07:00:00+00:00', '2023-07-26 08:00:00+00:00', '2023-07-26 09:00:00+00:00', '2023-07-26 10:00:00+00:00', '2023-07-26 11:00:00+00:00', '2023-07-26 12:00:00+00:00', '2023-07-26 13:00:00+00:00', '2023-07-26 14:00:00+00:00', '2023-07-26 15:00:00+00:00', '2023-07-26 16:00:00+00:00']",12,3.757,0.6109,5832.233,3620.477
2023-07-26,H3.Z40,P,"['2023-07-26 07:00:00+00:00', '2023-07-26 08:00:00+00:00', '2023-07-26 09:00:00+00:00']",3,3.642,0.1601,7537.946,6497.841
2023-07-26,H3.ZE40,I1,"['2023-07-26 09:00:00+00:00', '2023-07-26 13:00:00+00:00']",2,3.563,0.1801,12.703,10.765
2023-07-26,H3.Z40,I1,"['2023-07-26 09:00:00+00:00', '2023-07-26 13:00:00+00:00']",2,3.554,0.1832,12.531,10.591
2023-07-26,H3.ZE40,P1,"['2023-07-26 09:00:00+00:00', '2023-07-26 13:00:00+00:00']",2,3.51,0.2032,2745.041,2281.431
2023-07-26,H3.Z40,P1,"['2023-07-26 09:00:00+00:00', '2023-07-26 13:00:00+00:00']",2,3.488,0.2078,2687.24,2224.967
2023-07-26,H3.Z41,Q,"['2023-07-26 08:00:00+00:00', '2023-07-26 09:00:00+00:00', '2023-07-26 10:00:00+00:00', '2023-07-26 11:00:00+00:00', '2023-07-26 12:00:00+00:00', '2023-07-26 14:00:00+00:00']",6,3.473,0.263,-2128.347,-1685.113
2023-07-26,H2.Z62,P,"['2023-07-26 05:00:00+00:00', '2023-07-26 06:00:00+00:00', '2023-07-26 08:00:00+00:00', '2023-07-26 10:00:00+00:00']",4,3.187,0.1168,-3362.701,-3807.338
2023-07-26,H3.ZE41,P2,"['2023-07-26 12:00:00+00:00', '2023-07-26 14:00:00+00:00']",2,3.168,0.456,2551.777,1752.581
2023-07-26,H3.Z41,P2,"['2023-07-26 11:00:00+00:00', '2023-07-26 12:00:00+00:00', '2023-07-26 14:00:00+00:00']",3,3.167,0.4611,2558.375,1750.981
2023-07-26,H3.ZE41,I2,"['2023-07-26 12:00:00+00:00', '2023-07-26 14:00:00+00:00']",2,3.132,0.4025,12.141,8.657
2023-07-26,H3.Z41,I2,"['2023-07-26 11:00:00+00:00', '2023-07-26 12:00:00+00:00', '2023-07-26 14:00:00+00:00']",3,3.13,0.4041,12.243,8.719
2023-07-26,H4.ZE51,P,"['2023-07-26 12:00:00+00:00', '2023-07-26 13:00:00+00:00']",2,3.116,0.2135,5774.621,4758.715
2023-07-26,H1.W12,qv,"['2023-07-26 03:00:00+00:00', '2023-07-26 08:00:00+00:00', '2023-07-26 09:00:00+00:00', '2023-07-26 21:00:00+00:00', '2023-07-26 22:00:00+00:00']",5,3.089,1.2408,4.535,2.024
2023-07-26,H1.Z28,P2,"['2023-07-26 03:00:00+00:00', '2023-07-26 21:00:00+00:00']",2,3.082,0.6412,3590.277,10005.861
2023-07-27,V.Z82,I1,"['2023-07-27 07:00:00+00:00', '2023-07-27 08:00:00+00:00', '2023-07-27 09:00:00+00:00']",3,6.073,0.3047,105.16,80.6
2023-07-27,V.Z82,I2,"['2023-07-27 07:00:00+00:00', '2023-07-27 08:00:00+00:00', '2023-07-27 09:00:00+00:00']",3,6.04,0.3205,98.618,74.685
2023-07-27,V.Z82,I3,"['2023-07-27 07:00:00+00:00', '2023-07-27 08:00:00+00:00', '2023-07-27 09:00:00+00:00']",3,5.759,0.3118,95.423,72.742
2023-07-27,H4.ZE50,P2,"['2023-07-27 09:00:00+00:00', '2023-07-27 10:00:00+00:00']",2,4.963,0.5153,1184.525,781.688
2023-07-27,H4.ZE50,I2,"['2023-07-27 09:00:00+00:00', '2023-07-27 10:00:00+00:00']",2,4.947,0.4778,6.039,4.087
2023-07-27,H4.ZE50,P,"['2023-07-27 08:00:00+00:00', '2023-07-27 09:00:00+00:00', '2023-07-27 10:00:00+00:00']",3,4.306,0.3928,4024.682,2889.677
2023-07-27,H3.ZE41,P3,"['2023-07-27 09:00:00+00:00', '2023-07-27 10:00:00+00:00', '2023-07-27 11:00:00+00:00']",3,4.305,0.1441,1018.583,890.327
2023-07-27,H3.ZE41,I3,"['2023-07-27 09:00:00+00:00', '2023-07-27 10:00:00+00:00', '2023-07-27 11:00:00+00:00']",3,4.301,0.1408,4.601,4.033
2023-07-27,H4.ZE50,I1,"['2023-07-27 08:00:00+00:00', '2023-07-27 09:00:00+00:00', '2023-07-27 10:00:00+00:00']",3,4.184,0.3614,7.926,5.822
2023-07-27,H4.ZE50,P1,"['2023-07-27 08:00:00+00:00', '2023-07-27 09:00:00+00:00', '2023-07-27 10:00:00+00:00']",3,4.175,0.3943,1698.074,1217.832
2023-07-27,H3.Z41,P3,"['2023-07-27 09:00:00+00:00', '2023-07-27 10:00:00+00:00', '2023-07-27 11:00:00+00:00']",3,4.131,0.142,1025.852,898.331
2023-07-27,H3.Z41,I3,"['2023-07-27 09:00:00+00:00', '2023-07-27 10:00:00+00:00', '2023-07-27 11:00:00+00:00']",3,4.125,0.1375,4.666,4.102
2023-07-27,H4.ZE50,P3,"['2023-07-27 09:00:00+00:00', '2023-07-27 10:00:00+00:00']",2,4.064,0.283,1142.083,890.139
2023-07-27,H4.ZE51,I1,"['2023-07-27 08:00:00+00:00', '2023-07-27 09:00:00+00:00', '2023-07-27 11:00:00+00:00']",3,4.047,0.2121,11.666,9.625
2023-07-27,H4.ZE50,I3,"['2023-07-27 09:00:00+00:00', '2023-07-27 10:00:00+00:00']",2,3.97,0.2511,5.457,4.362
2023-07-27,H4.ZE51,P1,"['2023-07-27 08:00:00+00:00', '2023-07-27 09:00:00+00:00', '2023-07-27 11:00:00+00:00']",3,3.909,0.2501,2279.017,1823.126
2023-07-27,H2.T.Z30,Q,"['2023-07-27 08:00:00+00:00', '2023-07-27 10:00:00+00:00']",2,3.648,0.206,-2933.764,-3694.77
2023-07-27,V.Z82,P3,"['2023-07-27 07:00:00+00:00', '2023-07-27 08:00:00+00:00']",2,3.598,0.4802,13326.593,9003.213
2023-07-27,V.Z82,P,"['2023-07-27 07:00:00+00:00', '2023-07-27 08:00:00+00:00']",2,3.499,0.4296,43544.551,30459.363
2023-07-27,V.Z82,P2,"['2023-07-27 07:00:00+00:00', '2023-07-27 08:00:00+00:00']",2,3.49,0.4335,14571.445,10165.022
2023-07-27,H1.W12,P,"['2023-07-27 03:00:00+00:00', '2023-07-27 10:00:00+00:00', '2023-07-27 22:00:00+00:00']",3,3.474,0.9389,60488.354,31197.766
2023-07-27,H1.Z19,P3,"['2023-07-27 03:00:00+00:00', '2023-07-27 10:00:00+00:00', '2023-07-27 22:00:00+00:00']",3,3.459,0.899,253.423,133.45
2023-07-27,V.Z82,P1,"['2023-07-27 07:00:00+00:00', '2023-07-27 08:00:00+00:00']",2,3.456,0.3856,15646.513,11292.567
2023-07-27,V.Z81,P3,"['2023-07-27 07:00:00+00:00', '2023-07-27 08:00:00+00:00']",2,3.454,0.8871,8721.873,4621.867
2023-07-27,H2.T.Z30,I3,"['2023-07-27 08:00:00+00:00', '2023-07-27 09:00:00+00:00', '2023-07-27 10:00:00+00:00']",3,3.442,0.2664,32.096,25.344
2023-07-27,H1.ZE20,I3,"['2023-07-27 03:00:00+00:00', '2023-07-27 10:00:00+00:00', '2023-07-27 22:00:00+00:00']",3,3.433,0.9261,-52.908,-27.469
2023-07-27,H1.Z20,I3,"['2023-07-27 03:00:00+00:00', '2023-07-27 10:00:00+00:00', '2023-07-27 22:00:00+00:00']",3,3.431,0.942,-53.324,-27.458
2023-07-27,V.Z81,P2,"['2023-07-27 07:00:00+00:00', '2023-07-27 08:00:00+00:00']",2,3.423,1.1009,8231.246,3918.017
2023-07-27,H1.ZE20,P3,"['2023-07-27 03:00:00+00:00', '2023-07-27 10:00:00+00:00', '2023-07-27 22:00:00+00:00']",3,3.42,0.9245,-11867.144,-6166.401
2023-07-27,H1.Z20,P3,"['2023-07-27 03:00:00+00:00', '2023-07-27 10:00:00+00:00', '2023-07-27 22:00:00+00:00']",3,3.416,0.9455,-11994.127,-6165.195
2023-07-27,H1.Z29,I3,"['2023-07-27 03:00:00+00:00', '2023-07-27 10:00:00+00:00', '2023-07-27 22:00:00+00:00']",3,3.406,0.9207,56.548,29.441
2023-07-27,H1.Z20,P1,"['2023-07-27 03:00:00+00:00', '2023-07-27 10:00:00+00:00', '2023-07-27 22:00:00+00:00']",3,3.401,0.9509,-13168.17,-6749.892
2023-07-27,H1.Z24,P1,"['2023-07-27 03:00:00+00:00', '2023-07-27 22:00:00+00:00']",2,3.401,0.1969,73.593,91.632
2023-07-27,V.Z81,P,"['2023-07-27 07:00:00+00:00', '2023-07-27 08:00:00+00:00']",2,3.399,0.9006,26725.189,14061.649
2023-07-27,H1.ZE20,P1,"['2023-07-27 03:00:00+00:00', '2023-07-27 10:00:00+00:00', '2023-07-27 22:00:00+00:00']",3,3.397,0.9337,-13037.254,-6742.252
2023-07-27,H1.ZE20,P,"['2023-07-27 03:00:00+00:00', '2023-07-27 10:00:00+00:00', '2023-07-27 22:00:00+00:00']",3,3.394,0.9262,-37277.898,-19352.965
2023-07-27,H1.Z19,I3,"['2023-07-27 03:00:00+00:00', '2023-07-27 10:00:00+00:00', '2023-07-27 22:00:00+00:00']",3,3.391,0.9566,2.193,1.121
2023-07-27,H1.Z29,P3,"['2023-07-27 03:00:00+00:00', '2023-07-27 10:00:00+00:00', '2023-07-27 22:00:00+00:00']",3,3.39,0.9001,-11087.833,-5835.395
2023-07-27,H1.Z20,P2,"['2023-07-27 03:00:00+00:00', '2023-07-27 10:00:00+00:00', '2023-07-27 22:00:00+00:00']",3,3.388,0.9381,-12488.421,-6443.648
2023-07-27,H1.ZE20,I1,"['2023-07-27 03:00:00+00:00', '2023-07-27 10:00:00+00:00', '2023-07-27 22:00:00+00:00']",3,3.388,0.9165,-59.222,-30.902
2023-07-27,H1.Z20,I1,"['2023-07-27 03:00:00+00:00', '2023-07-27 10:00:00+00:00', '2023-07-27 22:00:00+00:00']",3,3.387,0.9305,-59.692,-30.92
2023-07-27,H1.ZE20,I2,"['2023-07-27 03:00:00+00:00', '2023-07-27 10:00:00+00:00', '2023-07-27 22:00:00+00:00']",3,3.385,0.918,-54.914,-28.631
2023-07-27,H1.ZE20,P2,"['2023-07-27 03:00:00+00:00', '2023-07-27 10:00:00+00:00', '2023-07-27 22:00:00+00:00']",3,3.385,0.9201,-12373.5,-6444.315
2023-07-27,H1.Z20,I2,"['2023-07-27 03:00:00+00:00', '2023-07-27 10:00:00+00:00', '2023-07-27 22:00:00+00:00']",3,3.384,0.9335,-55.316,-28.609
2023-07-27,H1.Z29,P1,"['2023-07-27 03:00:00+00:00', '2023-07-27 10:00:00+00:00', '2023-07-27 22:00:00+00:00']",3,3.383,0.9833,-12446.338,-6275.593
2023-07-27,H1.Z29,I1,"['2023-07-27 03:00:00+00:00', '2023-07-27 10:00:00+00:00', '2023-07-27 22:00:00+00:00']",3,3.382,0.8668,62.0,33.212
2023-07-27,V.Z81,P1,"['2023-07-27 07:00:00+00:00', '2023-07-27 08:00:00+00:00']",2,3.38,0.7703,9772.377,5520.2
2023-07-27,H2.T.Z30,P3,"['2023-07-27 08:00:00+00:00', '2023-07-27 09:00:00+00:00', '2023-07-27 10:00:00+00:00']",3,3.377,0.2925,7179.277,5554.553
2023-07-27,H1.Z29,I2,"['2023-07-27 03:00:00+00:00', '2023-07-27 10:00:00+00:00', '2023-07-27 22:00:00+00:00']",3,3.376,0.8565,57.498,30.972
2023-07-27,H1.Z29,P,"['2023-07-27 03:00:00+00:00', '2023-07-27 10:00:00+00:00', '2023-07-27 22:00:00+00:00']",3,3.376,0.952,-35454.2,-18163.055
2023-07-27,H1.Z25,P1,"['2023-07-27 03:00:00+00:00', '2023-07-27 22:00:00+00:00']",2,3.374,0.1799,122.201,103.567
2023-07-27,H1.Z29,P2,"['2023-07-27 03:00:00+00:00', '2023-07-27 10:00:00+00:00', '2023-07-27 22:00:00+00:00']",3,3.373,0.9695,-11920.002,-6052.168
2023-07-27,H1.Z19,P1,"['2023-07-27 03:00:00+00:00', '2023-07-27 10:00:00+00:00', '2023-07-27 22:00:00+00:00']",3,3.372,0.943,6.506,3.348
2023-07-27,H1.W11,Tdiff,"['2023-07-27 04:00:00+00:00', '2023-07-27 23:00:00+00:00']",2,3.363,1.5408,6662.51,2622.162
2023-07-27,H3.Z40,I3,"['2023-07-27 09:00:00+00:00', '2023-07-27 10:00:00+00:00']",2,3.339,0.1592,11.432,9.862
2023-07-27,H1.Z20,P,"['2023-07-27 03:00:00+00:00', '2023-07-27 10:00:00+00:00', '2023-07-27 22:00:00+00:00']",3,3.331,0.9076,-34495.929,-18083.769
2023-07-27,H3.ZE40,I3,"['2023-07-27 09:00:00+00:00', '2023-07-27 10:00:00+00:00']",2,3.306,0.1611,11.636,10.022
2023-07-27,H3.Z40,P3,"['2023-07-27 09:00:00+00:00', '2023-07-27 10:00:00+00:00']",2,3.278,0.1637,2462.41,2115.995
2023-07-27,H3.ZE40,P3,"['2023-07-27 09:00:00+00:00', '2023-07-27 10:00:00+00:00']",2,3.264,0.1658,2529.495,2169.72
2023-07-27,H1.Z24,P3,"['2023-07-27 03:00:00+00:00', '2023-07-27 22:00:00+00:00']",2,3.249,5.2285,28.913,4.642
2023-07-27,H1.W11,P,"['2023-07-27 03:00:00+00:00', '2023-07-27 22:00:00+00:00']",2,3.23,0.8134,51324.41,28303.353
2023-07-27,H1.Z25,P3,"['2023-07-27 03:00:00+00:00', '2023-07-27 10:00:00+00:00', '2023-07-27 22:00:00+00:00']",3,3.224,5.5513,-16.278,-2.485
2023-07-27,H2.K21,Trl,"['2023-07-27 11:00:00+00:00', '2023-07-27 12:00:00+00:00']",2,3.007,0.3624,10.806,7.931
2023-07-28,H1.Z10,P1,"['2023-07-28 08:00:00+00:00', '2023-07-28 09:00:00+00:00']",2,7.933,0.4025,1439.271,1026.235
2023-07-28,H1.Z10,I1,"['2023-07-28 08:00:00+00:00', '2023-07-28 09:00:00+00:00']",2,7.88,0.4215,6.734,4.738
2023-07-28,H1.Z10,P3,"['2023-07-28 08:00:00+00:00', '2023-07-28 09:00:00+00:00']",2,7.211,0.1113,1715.871,1544.061
2023-07-28,H1.Z26,P3,"['2023-07-28 09:00:00+00:00', '2023-07-28 11:00:00+00:00', '2023-07-28 12:00:00+00:00']",3,6.164,0.5302,1663.679,1087.209
2023-07-28,H3.Z45,P2,"['2023-07-28 09:00:00+00:00', '2023-07-28 10:00:00+00:00', '2023-07-28 11:00:00+00:00', '2023-07-28 12:00:00+00:00', '2023-07-28 13:00:00+00:00', '2023-07-28 16:00:00+00:00', '2023-07-28 17:00:00+00:00']",7,5.815,2.1591,3137.523,993.156
2023-07-28,H3.Z45,P1,"['2023-07-28 09:00:00+00:00', '2023-07-28 10:00:00+00:00', '2023-07-28 11:00:00+00:00', '2023-07-28 12:00:00+00:00', '2023-07-28 13:00:00+00:00', '2023-07-28 16:00:00+00:00', '2023-07-28 17:00:00+00:00']",7,5.736,1.4171,3522.605,1457.353
2023-07-28,H3.Z45,P,"['2023-07-28 09:00:00+00:00', '2023-07-28 10:00:00+00:00', '2023-07-28 11:00:00+00:00', '2023-07-28 12:00:00+00:00', '2023-07-28 13:00:00+00:00', '2023-07-28 16:00:00+00:00', '2023-07-28 17:00:00+00:00']",7,5.622,1.7787,8982.653,3232.706
2023-07-28,H3.Z45,P3,"['2023-07-28 09:00:00+00:00', '2023-07-28 10:00:00+00:00', '2023-07-28 11:00:00+00:00', '2023-07-28 12:00:00+00:00', '2023-07-28 13:00:00+00:00', '2023-07-28 16:00:00+00:00', '2023-07-28 17:00:00+00:00']",7,5.621,2.1658,3230.317,1020.369
2023-07-28,H3.Z45,I2,"['2023-07-28 09:00:00+00:00', '2023-07-28 10:00:00+00:00', '2023-07-28 11:00:00+00:00', '2023-07-28 12:00:00+00:00', '2023-07-28 13:00:00+00:00', '2023-07-28 16:00:00+00:00', '2023-07-28 17:00:00+00:00']",7,5.59,1.7201,16.179,5.948
2023-07-28,H3.Z45,I1,"['2023-07-28 09:00:00+00:00', '2023-07-28 10:00:00+00:00', '2023-07-28 11:00:00+00:00', '2023-07-28 12:00:00+00:00', '2023-07-28 13:00:00+00:00', '2023-07-28 16:00:00+00:00', '2023-07-28 17:00:00+00:00']",7,5.562,1.3752,17.34,7.3
2023-07-28,H1.K12,Tdiff,"['2023-07-28 10:00:00+00:00', '2023-07-28 11:00:00+00:00', '2023-07-28 13:00:00+00:00', '2023-07-28 14:00:00+00:00', '2023-07-28 15:00:00+00:00', '2023-07-28 16:00:00+00:00', '2023-07-28 17:00:00+00:00', '2023-07-28 18:00:00+00:00', '2023-07-28 19:00:00+00:00', '2023-07-28 20:00:00+00:00', '2023-07-28 21:00:00+00:00', '2023-07-28 22:00:00+00:00', '2023-07-28 23:00:00+00:00']",13,5.495,3.0373,-230.108,112.945
2023-07-28,H3.Z45,I3,"['2023-07-28 09:00:00+00:00', '2023-07-28 10:00:00+00:00', '2023-07-28 11:00:00+00:00', '2023-07-28 12:00:00+00:00', '2023-07-28 13:00:00+00:00', '2023-07-28 16:00:00+00:00', '2023-07-28 17:00:00+00:00']",7,5.46,1.8654,16.352,5.707
2023-07-28,H1.Z10,Q,"['2023-07-28 08:00:00+00:00', '2023-07-28 09:00:00+00:00']",2,5.411,0.2402,-729.638,-960.363
2023-07-28,V.Z82,I3,"['2023-07-28 07:00:00+00:00', '2023-07-28 08:00:00+00:00', '2023-07-28 09:00:00+00:00']",3,5.015,0.2814,95.865,74.812
2023-07-28,V.Z82,I1,"['2023-07-28 07:00:00+00:00', '2023-07-28 08:00:00+00:00', '2023-07-28 09:00:00+00:00']",3,4.925,0.2649,104.456,82.578
2023-07-28,H3.Z45,Q,"['2023-07-28 09:00:00+00:00', '2023-07-28 10:00:00+00:00', '2023-07-28 11:00:00+00:00', '2023-07-28 12:00:00+00:00', '2023-07-28 13:00:00+00:00', '2023-07-28 16:00:00+00:00']",6,4.719,0.5347,-496.432,-1066.861
2023-07-28,V.Z82,I2,"['2023-07-28 07:00:00+00:00', '2023-07-28 08:00:00+00:00', '2023-07-28 09:00:00+00:00']",3,4.715,0.2624,96.99,76.829
2023-07-28,H4.ZE50,I1,"['2023-07-28 08:00:00+00:00', '2023-07-28 09:00:00+00:00']",2,3.792,0.1963,7.078,5.917
2023-07-28,H4.ZE50,P1,"['2023-07-28 08:00:00+00:00', '2023-07-28 09:00:00+00:00']",2,3.774,0.2207,1513.224,1239.624
2023-07-28,H4.ZE50,P,"['2023-07-28 08:00:00+00:00', '2023-07-28 09:00:00+00:00']",2,3.607,0.1944,3527.023,2952.996
2023-08-04,H1.Z28,I2,"['2023-08-04 08:00:00+00:00', '2023-08-04 09:00:00+00:00', '2023-08-04 12:00:00+00:00']",3,3.461,0.1239,-75.324,-67.018
2023-08-04,H1.Z28,I1,"['2023-08-04 09:00:00+00:00', '2023-08-04 10:00:00+00:00', '2023-08-04 12:00:00+00:00']",3,3.427,0.1267,-73.937,-65.624
2023-08-04,H1.Z15,I3,"['2023-08-04 08:00:00+00:00', '2023-08-04 09:00:00+00:00']",2,3.357,0.1236,-156.025,-138.866
2023-08-04,H2.T.Z30,Q,"['2023-08-04 08:00:00+00:00', '2023-08-04 09:00:00+00:00', '2023-08-04 10:00:00+00:00']",3,3.297,0.2584,-2828.635,-3814.443
2023-08-04,H1.Z28,I3,"['2023-08-04 08:00:00+00:00', '2023-08-04 09:00:00+00:00']",2,3.296,0.1368,-49.991,-43.976
2023-08-04,H3.Z71,P3,"['2023-08-04 12:00:00+00:00', '2023-08-04 14:00:00+00:00', '2023-08-04 15:00:00+00:00']",3,3.217,0.1009,2236.82,2031.88
2023-08-06,H2.Z63,P3,"['2023-08-06 01:00:00+00:00', '2023-08-06 02:00:00+00:00', '2023-08-06 03:00:00+00:00', '2023-08-06 04:00:00+00:00', '2023-08-06 05:00:00+00:00', '2023-08-06 06:00:00+00:00', '2023-08-06 07:00:00+00:00', '2023-08-06 08:00:00+00:00', '2023-08-06 09:00:00+00:00', '2023-08-06 10:00:00+00:00', '2023-08-06 11:00:00+00:00', '2023-08-06 12:00:00+00:00', '2023-08-06 13:00:00+00:00', '2023-08-06 14:00:00+00:00', '2023-08-06 15:00:00+00:00', '2023-08-06 16:00:00+00:00', '2023-08-06 17:00:00+00:00', '2023-08-06 18:00:00+00:00', '2023-08-06 19:00:00+00:00', '2023-08-06 20:00:00+00:00', '2023-08-06 21:00:00+00:00', '2023-08-06 22:00:00+00:00', '2023-08-06 23:00:00+00:00']",23,8.089,0.2508,358.598,478.642
2023-08-06,H1.W11,Tdiff,"['2023-08-06 13:00:00+00:00', '2023-08-06 14:00:00+00:00', '2023-08-06 15:00:00+00:00', '2023-08-06 20:00:00+00:00', '2023-08-06 21:00:00+00:00', '2023-08-06 22:00:00+00:00']",6,7.191,6.6038,4974.163,654.166
2023-08-06,H2.Z63,P,"['2023-08-06 00:00:00+00:00', '2023-08-06 03:00:00+00:00', '2023-08-06 04:00:00+00:00', '2023-08-06 05:00:00+00:00', '2023-08-06 06:00:00+00:00', '2023-08-06 07:00:00+00:00', '2023-08-06 08:00:00+00:00', '2023-08-06 09:00:00+00:00', '2023-08-06 10:00:00+00:00', '2023-08-06 11:00:00+00:00', '2023-08-06 12:00:00+00:00', '2023-08-06 13:00:00+00:00', '2023-08-06 14:00:00+00:00', '2023-08-06 15:00:00+00:00', '2023-08-06 16:00:00+00:00', '2023-08-06 17:00:00+00:00', '2023-08-06 18:00:00+00:00', '2023-08-06 19:00:00+00:00', '2023-08-06 20:00:00+00:00', '2023-08-06 21:00:00+00:00', '2023-08-06 22:00:00+00:00', '2023-08-06 23:00:00+00:00']",22,6.541,0.1142,996.189,1124.664
2023-08-06,H2.Z63,P1,"['2023-08-06 00:00:00+00:00', '2023-08-06 03:00:00+00:00', '2023-08-06 04:00:00+00:00', '2023-08-06 05:00:00+00:00', '2023-08-06 06:00:00+00:00', '2023-08-06 07:00:00+00:00', '2023-08-06 08:00:00+00:00', '2023-08-06 09:00:00+00:00', '2023-08-06 10:00:00+00:00', '2023-08-06 11:00:00+00:00', '2023-08-06 12:00:00+00:00', '2023-08-06 13:00:00+00:00', '2023-08-06 14:00:00+00:00', '2023-08-06 15:00:00+00:00', '2023-08-06 16:00:00+00:00', '2023-08-06 17:00:00+00:00', '2023-08-06 18:00:00+00:00', '2023-08-06 19:00:00+00:00', '2023-08-06 20:00:00+00:00', '2023-08-06 21:00:00+00:00', '2023-08-06 22:00:00+00:00', '2023-08-06 23:00:00+00:00']",22,5.907,0.1126,414.331,466.916
2023-08-06,H1.Z20,Q,"['2023-08-06 01:00:00+00:00', '2023-08-06 13:00:00+00:00']",2,5.604,2.1438,-1260.136,-400.827
2023-08-06,H1.W12,P,"['2023-08-06 01:00:00+00:00', '2023-08-06 13:00:00+00:00', '2023-08-06 19:00:00+00:00', '2023-08-06 20:00:00+00:00']",4,4.887,2.1835,51608.705,16211.176
2023-08-06,H1.ZE20,P3,"['2023-08-06 01:00:00+00:00', '2023-08-06 13:00:00+00:00', '2023-08-06 19:00:00+00:00', '2023-08-06 20:00:00+00:00']",4,4.851,2.1803,-10291.221,-3235.877
2023-08-06,H1.Z29,P3,"['2023-08-06 01:00:00+00:00', '2023-08-06 13:00:00+00:00', '2023-08-06 19:00:00+00:00', '2023-08-06 20:00:00+00:00']",4,4.848,3.1256,-9602.646,-2327.562
2023-08-06,H1.ZE20,P2,"['2023-08-06 01:00:00+00:00', '2023-08-06 13:00:00+00:00', '2023-08-06 19:00:00+00:00', '2023-08-06 20:00:00+00:00']",4,4.841,2.1852,-10661.197,-3347.1
2023-08-06,H1.Z20,P3,"['2023-08-06 01:00:00+00:00', '2023-08-06 13:00:00+00:00', '2023-08-06 19:00:00+00:00', '2023-08-06 20:00:00+00:00']",4,4.834,2.1874,-10188.749,-3196.591
2023-08-06,H1.Z29,P2,"['2023-08-06 01:00:00+00:00', '2023-08-06 13:00:00+00:00', '2023-08-06 19:00:00+00:00', '2023-08-06 20:00:00+00:00']",4,4.832,2.6921,-10187.534,-2759.269
2023-08-06,H1.Z20,P2,"['2023-08-06 01:00:00+00:00', '2023-08-06 13:00:00+00:00', '2023-08-06 19:00:00+00:00', '2023-08-06 20:00:00+00:00']",4,4.829,2.193,-10560.136,-3307.274
2023-08-06,H1.Z29,I3,"['2023-08-06 01:00:00+00:00', '2023-08-06 13:00:00+00:00', '2023-08-06 19:00:00+00:00', '2023-08-06 20:00:00+00:00']",4,4.824,1.5937,48.918,18.86
2023-08-06,H1.ZE20,I3,"['2023-08-06 01:00:00+00:00', '2023-08-06 13:00:00+00:00', '2023-08-06 19:00:00+00:00', '2023-08-06 20:00:00+00:00']",4,4.822,2.1056,-45.649,-14.699
2023-08-06,H1.Z20,I3,"['2023-08-06 01:00:00+00:00', '2023-08-06 13:00:00+00:00', '2023-08-06 19:00:00+00:00', '2023-08-06 20:00:00+00:00']",4,4.804,2.1048,-45.224,-14.566
2023-08-06,H1.ZE20,P,"['2023-08-06 01:00:00+00:00', '2023-08-06 13:00:00+00:00', '2023-08-06 19:00:00+00:00', '2023-08-06 20:00:00+00:00']",4,4.803,2.1708,-31936.262,-10071.86
2023-08-06,H1.Z29,P,"['2023-08-06 01:00:00+00:00', '2023-08-06 13:00:00+00:00', '2023-08-06 19:00:00+00:00', '2023-08-06 20:00:00+00:00']",4,4.796,2.8447,-30137.264,-7838.601
2023-08-06,H1.Z19,P1,"['2023-08-06 01:00:00+00:00', '2023-08-06 13:00:00+00:00', '2023-08-06 19:00:00+00:00', '2023-08-06 20:00:00+00:00']",4,4.789,2.05,5.254,1.723
2023-08-06,H1.ZE20,I2,"['2023-08-06 01:00:00+00:00', '2023-08-06 13:00:00+00:00', '2023-08-06 19:00:00+00:00', '2023-08-06 20:00:00+00:00']",4,4.772,2.0951,-47.083,-15.212
2023-08-06,H1.Z29,I2,"['2023-08-06 01:00:00+00:00', '2023-08-06 13:00:00+00:00', '2023-08-06 19:00:00+00:00', '2023-08-06 20:00:00+00:00']",4,4.763,1.7434,49.705,18.118
2023-08-06,H1.Z20,I2,"['2023-08-06 01:00:00+00:00', '2023-08-06 13:00:00+00:00', '2023-08-06 19:00:00+00:00', '2023-08-06 20:00:00+00:00']",4,4.758,2.0928,-46.603,-15.068
2023-08-06,H1.Z19,P3,"['2023-08-06 01:00:00+00:00', '2023-08-06 13:00:00+00:00', '2023-08-06 19:00:00+00:00', '2023-08-06 20:00:00+00:00']",4,4.742,2.8222,215.329,56.337
2023-08-06,H1.ZE20,P1,"['2023-08-06 01:00:00+00:00', '2023-08-06 13:00:00+00:00', '2023-08-06 19:00:00+00:00', '2023-08-06 20:00:00+00:00']",4,4.724,2.1482,-10983.843,-3488.883
2023-08-06,H1.Z29,P1,"['2023-08-06 01:00:00+00:00', '2023-08-06 13:00:00+00:00', '2023-08-06 19:00:00+00:00', '2023-08-06 20:00:00+00:00']",4,4.714,2.7601,-10346.99,-2751.773
2023-08-06,H1.Z20,P1,"['2023-08-06 01:00:00+00:00', '2023-08-06 13:00:00+00:00', '2023-08-06 19:00:00+00:00', '2023-08-06 20:00:00+00:00']",4,4.71,2.1503,-10881.442,-3454.088
2023-08-06,H2.Z67,P,"['2023-08-06 17:00:00+00:00', '2023-08-06 18:00:00+00:00', '2023-08-06 20:00:00+00:00']",3,4.694,0.1199,17.778,15.874
2023-08-06,H1.Z20,P,"['2023-08-06 01:00:00+00:00', '2023-08-06 13:00:00+00:00', '2023-08-06 19:00:00+00:00', '2023-08-06 20:00:00+00:00']",4,4.691,2.081,-27426.825,-8902.022
2023-08-06,H1.W11,P,"['2023-08-06 01:00:00+00:00', '2023-08-06 13:00:00+00:00', '2023-08-06 19:00:00+00:00', '2023-08-06 20:00:00+00:00']",4,4.686,2.4422,47674.271,13849.97
2023-08-06,H1.ZE20,I1,"['2023-08-06 01:00:00+00:00', '2023-08-06 13:00:00+00:00', '2023-08-06 19:00:00+00:00', '2023-08-06 20:00:00+00:00']",4,4.662,2.0455,-50.274,-16.508
2023-08-06,H1.Z29,I1,"['2023-08-06 01:00:00+00:00', '2023-08-06 13:00:00+00:00', '2023-08-06 19:00:00+00:00', '2023-08-06 20:00:00+00:00']",4,4.65,1.6809,53.061,19.792
2023-08-06,H1.Z20,I1,"['2023-08-06 01:00:00+00:00', '2023-08-06 13:00:00+00:00', '2023-08-06 19:00:00+00:00', '2023-08-06 20:00:00+00:00']",4,4.646,2.0418,-49.803,-16.373
2023-08-06,H1.Z25,P1,"['2023-08-06 01:00:00+00:00', '2023-08-06 13:00:00+00:00', '2023-08-06 19:00:00+00:00', '2023-08-06 20:00:00+00:00']",4,4.43,0.2051,115.354,95.724
2023-08-06,H1.Z24,P1,"['2023-08-06 01:00:00+00:00', '2023-08-06 13:00:00+00:00', '2023-08-06 19:00:00+00:00', '2023-08-06 20:00:00+00:00']",4,4.391,0.1674,80.901,97.164
2023-08-06,H1.Z24,P3,"['2023-08-06 01:00:00+00:00', '2023-08-06 13:00:00+00:00', '2023-08-06 19:00:00+00:00', '2023-08-06 20:00:00+00:00']",4,4.175,8.6162,20.14,-2.644
2023-08-06,H1.Z25,P3,"['2023-08-06 01:00:00+00:00', '2023-08-06 13:00:00+00:00', '2023-08-06 19:00:00+00:00', '2023-08-06 20:00:00+00:00']",4,4.157,8.0834,-11.36,1.604
2023-08-06,H1.Z28,P2,"['2023-08-06 13:00:00+00:00', '2023-08-06 20:00:00+00:00']",2,3.751,0.5449,4214.153,9259.874
2023-08-06,H2.Z66,P,"['2023-08-06 07:00:00+00:00', '2023-08-06 14:00:00+00:00', '2023-08-06 20:00:00+00:00']",3,3.663,0.2762,3580.76,4947.052
2023-08-06,H2.ZE66,P1,"['2023-08-06 02:00:00+00:00', '2023-08-06 13:00:00+00:00', '2023-08-06 18:00:00+00:00', '2023-08-06 20:00:00+00:00']",4,3.657,0.2346,1400.054,1829.169
2023-08-06,H1.Z28,P,"['2023-08-06 13:00:00+00:00', '2023-08-06 20:00:00+00:00']",2,3.625,0.657,7386.579,21538.035
2023-08-06,H1.W12,qv,"['2023-08-06 01:00:00+00:00', '2023-08-06 13:00:00+00:00', '2023-08-06 19:00:00+00:00', '2023-08-06 20:00:00+00:00']",4,3.605,1.598,4.321,1.663
2023-08-06,H2.ZE66,I1,"['2023-08-06 02:00:00+00:00', '2023-08-06 13:00:00+00:00', '2023-08-06 18:00:00+00:00', '2023-08-06 20:00:00+00:00']",4,3.594,0.2287,7.464,9.677
2023-08-06,H2.ZE66,P,"['2023-08-06 02:00:00+00:00', '2023-08-06 13:00:00+00:00', '2023-08-06 18:00:00+00:00', '2023-08-06 20:00:00+00:00']",4,3.591,0.2427,4189.87,5532.668
2023-08-06,H1.Z28,P1,"['2023-08-06 13:00:00+00:00', '2023-08-06 20:00:00+00:00']",2,3.558,0.7924,1462.956,7046.075
2023-08-06,H1.Z28,P3,"['2023-08-06 13:00:00+00:00', '2023-08-06 20:00:00+00:00']",2,3.534,0.6733,1709.574,5232.107
2023-08-06,H2.ZE66,P2,"['2023-08-06 02:00:00+00:00', '2023-08-06 13:00:00+00:00', '2023-08-06 18:00:00+00:00', '2023-08-06 20:00:00+00:00']",4,3.512,0.243,1383.852,1828.138
2023-08-06,H2.ZE66,I2,"['2023-08-06 02:00:00+00:00', '2023-08-06 13:00:00+00:00', '2023-08-06 18:00:00+00:00', '2023-08-06 20:00:00+00:00']",4,3.486,0.2285,7.411,9.606
2023-08-06,H2.Z66,Q,"['2023-08-06 14:00:00+00:00', '2023-08-06 20:00:00+00:00']",2,3.437,0.2448,2568.359,3400.925
2023-08-06,H1.Z15,P1,"['2023-08-06 13:00:00+00:00', '2023-08-06 20:00:00+00:00']",2,3.432,0.7193,4496.279,16019.256
2023-08-06,H1.Z15,P,"['2023-08-06 13:00:00+00:00', '2023-08-06 20:00:00+00:00']",2,3.359,0.884,4864.256,41915.27
2023-08-06,H1.Z15,P2,"['2023-08-06 13:00:00+00:00', '2023-08-06 20:00:00+00:00']",2,3.351,1.0494,-556.428,11262.053
2023-08-06,H1.Z15,P3,"['2023-08-06 13:00:00+00:00', '2023-08-06 20:00:00+00:00']",2,3.298,0.9368,924.405,14634.606
2023-08-06,H1.W11,Tvl,"['2023-08-06 14:00:00+00:00', '2023-08-06 20:00:00+00:00']",2,3.23,0.1965,54.176,45.279
2023-08-06,H2.Z66,P3,"['2023-08-06 07:00:00+00:00', '2023-08-06 20:00:00+00:00']",2,3.089,0.321,1623.1,2390.31
2023-08-07,H1.Z18,P2,"['2023-08-07 09:00:00+00:00', '2023-08-07 12:00:00+00:00']",2,299.204,0.5863,297.29,187.412
2023-08-07,H1.Z18,P1,"['2023-08-07 09:00:00+00:00', '2023-08-07 12:00:00+00:00']",2,59.107,0.4085,388.418,275.758
2023-08-07,H1.Z18,I1,"['2023-08-07 09:00:00+00:00', '2023-08-07 12:00:00+00:00']",2,54.32,0.3662,2.131,1.56
2023-08-07,H1.Z18,Q,"['2023-08-07 06:00:00+00:00', '2023-08-07 09:00:00+00:00', '2023-08-07 12:00:00+00:00']",3,52.755,1.3745,323.847,136.384
2023-08-07,H1.Z18,P,"['2023-08-07 09:00:00+00:00', '2023-08-07 12:00:00+00:00']",2,41.392,0.2639,1572.779,1244.346
2023-08-07,H1.Z18,I3,"['2023-08-07 09:00:00+00:00', '2023-08-07 12:00:00+00:00']",2,17.348,0.1575,5.126,4.429
2023-08-07,H1.Z18,P3,"['2023-08-07 09:00:00+00:00', '2023-08-07 12:00:00+00:00']",2,16.959,0.155,1091.843,945.296
2023-08-07,H1.Z26,P1,"['2023-08-07 09:00:00+00:00', '2023-08-07 11:00:00+00:00', '2023-08-07 12:00:00+00:00']",3,14.827,0.2791,2444.945,1911.498
2023-08-07,H1.Z26,P2,"['2023-08-07 09:00:00+00:00', '2023-08-07 11:00:00+00:00', '2023-08-07 12:00:00+00:00']",3,14.184,0.4085,1692.946,1201.969
2023-08-07,H1.Z26,P,"['2023-08-07 09:00:00+00:00', '2023-08-07 11:00:00+00:00', '2023-08-07 12:00:00+00:00']",3,11.902,0.4571,6328.283,4342.975
2023-08-07,H1.Z26,P3,"['2023-08-07 09:00:00+00:00', '2023-08-07 10:00:00+00:00', '2023-08-07 11:00:00+00:00', '2023-08-07 12:00:00+00:00']",4,8.292,0.7814,2190.393,1229.581
2023-08-07,H1.Z20,Q,"['2023-08-07 05:00:00+00:00', '2023-08-07 09:00:00+00:00', '2023-08-07 10:00:00+00:00', '2023-08-07 19:00:00+00:00', '2023-08-07 20:00:00+00:00']",5,8.256,4.6029,-3314.002,-591.475
2023-08-07,H1.W11,Tdiff,"['2023-08-07 01:00:00+00:00', '2023-08-07 02:00:00+00:00', '2023-08-07 05:00:00+00:00', '2023-08-07 06:00:00+00:00', '2023-08-07 10:00:00+00:00', '2023-08-07 11:00:00+00:00', '2023-08-07 20:00:00+00:00', '2023-08-07 21:00:00+00:00', '2023-08-07 23:00:00+00:00']",9,6.282,6.9434,11070.757,1393.697
2023-08-07,H1.W11,P,"['2023-08-07 01:00:00+00:00', '2023-08-07 05:00:00+00:00', '2023-08-07 09:00:00+00:00', '2023-08-07 10:00:00+00:00', '2023-08-07 19:00:00+00:00', '2023-08-07 23:00:00+00:00']",6,4.916,3.3794,86140.139,19669.281
2023-08-07,H1.Z19,P3,"['2023-08-07 01:00:00+00:00', '2023-08-07 05:00:00+00:00', '2023-08-07 09:00:00+00:00', '2023-08-07 10:00:00+00:00', '2023-08-07 19:00:00+00:00', '2023-08-07 20:00:00+00:00', '2023-08-07 23:00:00+00:00']",7,4.367,4.0536,412.068,81.539
2023-08-07,H1.Z19,P1,"['2023-08-07 01:00:00+00:00', '2023-08-07 05:00:00+00:00', '2023-08-07 09:00:00+00:00', '2023-08-07 10:00:00+00:00', '2023-08-07 19:00:00+00:00', '2023-08-07 20:00:00+00:00', '2023-08-07 23:00:00+00:00']",7,4.271,3.4356,10.222,2.305
2023-08-07,H1.Z20,P3,"['2023-08-07 01:00:00+00:00', '2023-08-07 05:00:00+00:00', '2023-08-07 09:00:00+00:00', '2023-08-07 10:00:00+00:00', '2023-08-07 19:00:00+00:00', '2023-08-07 20:00:00+00:00', '2023-08-07 23:00:00+00:00']",7,4.206,3.4069,-19112.951,-4337.086
2023-08-07,H1.ZE20,P3,"['2023-08-07 01:00:00+00:00', '2023-08-07 05:00:00+00:00', '2023-08-07 09:00:00+00:00', '2023-08-07 10:00:00+00:00', '2023-08-07 19:00:00+00:00', '2023-08-07 20:00:00+00:00', '2023-08-07 23:00:00+00:00']",7,4.199,3.3345,-19031.835,-4390.751
2023-08-07,H1.Z29,P3,"['2023-08-07 01:00:00+00:00', '2023-08-07 05:00:00+00:00', '2023-08-07 09:00:00+00:00', '2023-08-07 10:00:00+00:00', '2023-08-07 19:00:00+00:00', '2023-08-07 20:00:00+00:00', '2023-08-07 23:00:00+00:00']",7,4.192,4.2137,-18279.591,-3506.099
2023-08-07,H1.Z20,P1,"['2023-08-07 01:00:00+00:00', '2023-08-07 05:00:00+00:00', '2023-08-07 09:00:00+00:00', '2023-08-07 10:00:00+00:00', '2023-08-07 19:00:00+00:00', '2023-08-07 20:00:00+00:00', '2023-08-07 23:00:00+00:00']",7,4.18,3.5043,-21005.277,-4663.391
2023-08-07,H1.ZE20,P1,"['2023-08-07 01:00:00+00:00', '2023-08-07 05:00:00+00:00', '2023-08-07 09:00:00+00:00', '2023-08-07 10:00:00+00:00', '2023-08-07 19:00:00+00:00', '2023-08-07 20:00:00+00:00', '2023-08-07 23:00:00+00:00']",7,4.173,3.4321,-20888.87,-4713.05
2023-08-07,H1.Z29,P1,"['2023-08-07 01:00:00+00:00', '2023-08-07 05:00:00+00:00', '2023-08-07 09:00:00+00:00', '2023-08-07 10:00:00+00:00', '2023-08-07 19:00:00+00:00', '2023-08-07 20:00:00+00:00', '2023-08-07 23:00:00+00:00']",7,4.172,4.086,-20309.315,-3993.151
2023-08-07,H1.Z25,P1,"['2023-08-07 01:00:00+00:00', '2023-08-07 05:00:00+00:00', '2023-08-07 09:00:00+00:00', '2023-08-07 10:00:00+00:00', '2023-08-07 19:00:00+00:00', '2023-08-07 20:00:00+00:00', '2023-08-07 23:00:00+00:00']",7,4.169,0.3706,135.613,98.943
2023-08-07,H1.W12,P,"['2023-08-07 01:00:00+00:00', '2023-08-07 05:00:00+00:00', '2023-08-07 09:00:00+00:00', '2023-08-07 10:00:00+00:00', '2023-08-07 19:00:00+00:00', '2023-08-07 20:00:00+00:00', '2023-08-07 23:00:00+00:00']",7,4.163,3.3583,96046.087,22037.504
2023-08-07,H1.Z24,P1,"['2023-08-07 01:00:00+00:00', '2023-08-07 05:00:00+00:00', '2023-08-07 09:00:00+00:00', '2023-08-07 10:00:00+00:00', '2023-08-07 19:00:00+00:00', '2023-08-07 20:00:00+00:00', '2023-08-07 23:00:00+00:00']",7,4.163,0.3586,60.399,94.172
2023-08-07,H1.Z20,I3,"['2023-08-07 01:00:00+00:00', '2023-08-07 05:00:00+00:00', '2023-08-07 09:00:00+00:00', '2023-08-07 10:00:00+00:00', '2023-08-07 19:00:00+00:00', '2023-08-07 20:00:00+00:00', '2023-08-07 23:00:00+00:00']",7,4.158,3.3266,-84.711,-19.579
2023-08-07,H1.Z20,P2,"['2023-08-07 01:00:00+00:00', '2023-08-07 05:00:00+00:00', '2023-08-07 09:00:00+00:00', '2023-08-07 10:00:00+00:00', '2023-08-07 19:00:00+00:00', '2023-08-07 20:00:00+00:00', '2023-08-07 23:00:00+00:00']",7,4.157,3.4338,-19933.195,-4495.755
2023-08-07,H1.Z29,P2,"['2023-08-07 01:00:00+00:00', '2023-08-07 05:00:00+00:00', '2023-08-07 09:00:00+00:00', '2023-08-07 10:00:00+00:00', '2023-08-07 19:00:00+00:00', '2023-08-07 20:00:00+00:00', '2023-08-07 23:00:00+00:00']",7,4.157,3.8766,-19417.633,-3981.77
2023-08-07,H1.Z29,I3,"['2023-08-07 01:00:00+00:00', '2023-08-07 05:00:00+00:00', '2023-08-07 09:00:00+00:00', '2023-08-07 10:00:00+00:00', '2023-08-07 19:00:00+00:00', '2023-08-07 20:00:00+00:00', '2023-08-07 23:00:00+00:00']",7,4.153,2.6755,87.667,23.852
2023-08-07,H1.ZE20,I3,"['2023-08-07 01:00:00+00:00', '2023-08-07 05:00:00+00:00', '2023-08-07 09:00:00+00:00', '2023-08-07 10:00:00+00:00', '2023-08-07 19:00:00+00:00', '2023-08-07 20:00:00+00:00', '2023-08-07 23:00:00+00:00']",7,4.152,3.2643,-84.343,-19.779
2023-08-07,H1.ZE20,P2,"['2023-08-07 01:00:00+00:00', '2023-08-07 05:00:00+00:00', '2023-08-07 09:00:00+00:00', '2023-08-07 10:00:00+00:00', '2023-08-07 19:00:00+00:00', '2023-08-07 20:00:00+00:00', '2023-08-07 23:00:00+00:00']",7,4.148,3.3611,-19840.195,-4549.328
2023-08-07,H1.ZE20,P,"['2023-08-07 01:00:00+00:00', '2023-08-07 05:00:00+00:00', '2023-08-07 09:00:00+00:00', '2023-08-07 10:00:00+00:00', '2023-08-07 19:00:00+00:00', '2023-08-07 20:00:00+00:00', '2023-08-07 23:00:00+00:00']",7,4.145,3.3771,-59760.9,-13653.129
2023-08-07,H1.Z20,I2,"['2023-08-07 01:00:00+00:00', '2023-08-07 05:00:00+00:00', '2023-08-07 09:00:00+00:00', '2023-08-07 10:00:00+00:00', '2023-08-07 19:00:00+00:00', '2023-08-07 20:00:00+00:00', '2023-08-07 23:00:00+00:00']",7,4.143,3.3495,-88.042,-20.242
2023-08-07,H1.Z29,I2,"['2023-08-07 01:00:00+00:00', '2023-08-07 05:00:00+00:00', '2023-08-07 09:00:00+00:00', '2023-08-07 10:00:00+00:00', '2023-08-07 19:00:00+00:00', '2023-08-07 20:00:00+00:00', '2023-08-07 23:00:00+00:00']",7,4.141,2.8703,90.265,23.323
2023-08-07,H1.Z29,P,"['2023-08-07 01:00:00+00:00', '2023-08-07 05:00:00+00:00', '2023-08-07 09:00:00+00:00', '2023-08-07 10:00:00+00:00', '2023-08-07 19:00:00+00:00', '2023-08-07 20:00:00+00:00', '2023-08-07 23:00:00+00:00']",7,4.137,4.0524,-58006.528,-11481.03
2023-08-07,H1.Z20,I1,"['2023-08-07 01:00:00+00:00', '2023-08-07 05:00:00+00:00', '2023-08-07 09:00:00+00:00', '2023-08-07 10:00:00+00:00', '2023-08-07 19:00:00+00:00', '2023-08-07 20:00:00+00:00', '2023-08-07 23:00:00+00:00']",7,4.135,3.3329,-94.911,-21.905
2023-08-07,H1.ZE20,I2,"['2023-08-07 01:00:00+00:00', '2023-08-07 05:00:00+00:00', '2023-08-07 09:00:00+00:00', '2023-08-07 10:00:00+00:00', '2023-08-07 19:00:00+00:00', '2023-08-07 20:00:00+00:00', '2023-08-07 23:00:00+00:00']",7,4.134,3.2841,-87.653,-20.46
2023-08-07,H1.Z29,I1,"['2023-08-07 01:00:00+00:00', '2023-08-07 05:00:00+00:00', '2023-08-07 09:00:00+00:00', '2023-08-07 10:00:00+00:00', '2023-08-07 19:00:00+00:00', '2023-08-07 20:00:00+00:00', '2023-08-07 23:00:00+00:00']",7,4.126,2.8276,96.915,25.32
2023-08-07,H1.ZE20,I1,"['2023-08-07 01:00:00+00:00', '2023-08-07 05:00:00+00:00', '2023-08-07 09:00:00+00:00', '2023-08-07 10:00:00+00:00', '2023-08-07 19:00:00+00:00', '2023-08-07 20:00:00+00:00', '2023-08-07 23:00:00+00:00']",7,4.122,3.2664,-94.338,-22.112
2023-08-07,H1.Z20,P,"['2023-08-07 01:00:00+00:00', '2023-08-07 05:00:00+00:00', '2023-08-07 09:00:00+00:00', '2023-08-07 10:00:00+00:00', '2023-08-07 19:00:00+00:00', '2023-08-07 20:00:00+00:00', '2023-08-07 23:00:00+00:00']",7,4.076,3.3384,-51758.029,-11930.175
2023-08-07,H1.Z24,P3,"['2023-08-07 01:00:00+00:00', '2023-08-07 05:00:00+00:00', '2023-08-07 09:00:00+00:00', '2023-08-07 10:00:00+00:00', '2023-08-07 19:00:00+00:00', '2023-08-07 20:00:00+00:00', '2023-08-07 23:00:00+00:00']",7,3.918,30.7971,42.837,1.347
2023-08-07,H1.Z24,Q,"['2023-08-07 01:00:00+00:00', '2023-08-07 05:00:00+00:00', '2023-08-07 09:00:00+00:00']",3,3.563,0.5722,39.827,25.332
2023-08-07,H2.K21,Trl,"['2023-08-07 12:00:00+00:00', '2023-08-07 13:00:00+00:00']",2,3.328,0.347,11.319,8.403
2023-08-07,H1.Z28,P2,"['2023-08-07 01:00:00+00:00', '2023-08-07 05:00:00+00:00', '2023-08-07 19:00:00+00:00', '2023-08-07 23:00:00+00:00']",4,3.245,0.6109,3408.692,8759.594
2023-08-07,H1.Z28,P,"['2023-08-07 01:00:00+00:00', '2023-08-07 05:00:00+00:00', '2023-08-07 19:00:00+00:00', '2023-08-07 23:00:00+00:00']",4,3.199,0.7662,4715.343,20164.718
2023-08-07,H1.Z28,P1,"['2023-08-07 01:00:00+00:00', '2023-08-07 05:00:00+00:00', '2023-08-07 19:00:00+00:00', '2023-08-07 23:00:00+00:00']",4,3.189,0.989,71.289,6497.946
2023-08-07,H1.W12,qv,"['2023-08-07 01:00:00+00:00', '2023-08-07 05:00:00+00:00', '2023-08-07 09:00:00+00:00', '2023-08-07 10:00:00+00:00', '2023-08-07 19:00:00+00:00', '2023-08-07 20:00:00+00:00', '2023-08-07 23:00:00+00:00']",7,3.17,2.5008,7.248,2.07
2023-08-07,H1.Z28,P3,"['2023-08-07 01:00:00+00:00', '2023-08-07 23:00:00+00:00']",2,3.137,0.7484,1234.824,4907.211
2023-08-07,H1.W11,Tvl,"['2023-08-07 10:00:00+00:00', '2023-08-07 20:00:00+00:00', '2023-08-07 23:00:00+00:00']",3,3.104,0.1946,56.882,47.615
2023-08-07,H1.Z15,P1,"['2023-08-07 01:00:00+00:00', '2023-08-07 05:00:00+00:00']",2,3.038,0.8354,2478.311,15054.591
2023-08-08,H1.Z26,P2,"['2023-08-08 09:00:00+00:00', '2023-08-08 11:00:00+00:00']",2,8.918,0.3658,1708.398,1250.852
2023-08-08,H1.Z26,P1,"['2023-08-08 09:00:00+00:00', '2023-08-08 11:00:00+00:00']",2,8.514,0.2197,2396.858,1965.076
2023-08-08,H1.Z26,P,"['2023-08-08 09:00:00+00:00', '2023-08-08 11:00:00+00:00']",2,8.385,0.3904,6295.463,4527.915
2023-08-08,H1.Z26,P3,"['2023-08-08 09:00:00+00:00', '2023-08-08 11:00:00+00:00']",2,7.35,0.6693,2190.207,1312.06
2023-08-08,H2.ZE66,I3,"['2023-08-08 11:00:00+00:00', '2023-08-08 12:00:00+00:00', '2023-08-08 14:00:00+00:00', '2023-08-08 18:00:00+00:00', '2023-08-08 22:00:00+00:00']",5,5.399,0.2331,10.508,8.522
2023-08-08,H2.ZE66,P,"['2023-08-08 12:00:00+00:00', '2023-08-08 14:00:00+00:00']",2,3.585,0.1205,5673.731,5063.461
2023-08-08,H2.ZE66,I1,"['2023-08-08 12:00:00+00:00', '2023-08-08 14:00:00+00:00']",2,3.558,0.116,9.923,8.891
2023-08-08,H2.ZE66,P2,"['2023-08-08 12:00:00+00:00', '2023-08-08 14:00:00+00:00']",2,3.555,0.1211,1873.68,1671.333
2023-08-08,H2.ZE66,P1,"['2023-08-08 12:00:00+00:00', '2023-08-08 14:00:00+00:00']",2,3.552,0.1166,1871.378,1676.026
2023-08-08,H1.W11,P,"['2023-08-08 02:00:00+00:00', '2023-08-08 03:00:00+00:00']",2,3.545,0.306,41250.764,31584.499
2023-08-08,H2.ZE66,I2,"['2023-08-08 12:00:00+00:00', '2023-08-08 14:00:00+00:00']",2,3.537,0.1163,9.841,8.816
2023-08-08,H1.Z27,P2,"['2023-08-08 10:00:00+00:00', '2023-08-08 11:00:00+00:00']",2,3.297,0.4879,4777.438,3210.794
2023-08-08,H1.Z27,P,"['2023-08-08 10:00:00+00:00', '2023-08-08 11:00:00+00:00']",2,3.267,0.406,15475.853,11007.058
2023-08-08,H1.Z27,P3,"['2023-08-08 10:00:00+00:00', '2023-08-08 11:00:00+00:00']",2,3.259,0.453,4844.452,3334.004
2023-08-08,H1.Z27,P1,"['2023-08-08 10:00:00+00:00', '2023-08-08 11:00:00+00:00']",2,3.242,0.3119,5853.982,4462.313
2023-08-08,H1.Z27,I2,"['2023-08-08 10:00:00+00:00', '2023-08-08 11:00:00+00:00']",2,3.223,0.4137,26.035,18.417
2023-08-08,H1.Z27,I3,"['2023-08-08 10:00:00+00:00', '2023-08-08 11:00:00+00:00']",2,3.175,0.4019,25.896,18.472
2023-08-10,H1.Z26,P2,"['2023-08-10 07:00:00+00:00', '2023-08-10 12:00:00+00:00']",2,7.278,0.4718,2069.565,1406.101
2023-08-10,H1.Z26,P1,"['2023-08-10 07:00:00+00:00', '2023-08-10 12:00:00+00:00']",2,7.036,0.2832,2725.203,2123.698
2023-08-10,H1.K11,Tdiff,"['2023-08-10 12:00:00+00:00', '2023-08-10 13:00:00+00:00', '2023-08-10 14:00:00+00:00', '2023-08-10 15:00:00+00:00', '2023-08-10 16:00:00+00:00', '2023-08-10 17:00:00+00:00', '2023-08-10 18:00:00+00:00']",7,6.973,1.121,-1229.059,-579.479
2023-08-10,H1.K11,Trl,"['2023-08-10 12:00:00+00:00', '2023-08-10 13:00:00+00:00', '2023-08-10 14:00:00+00:00', '2023-08-10 15:00:00+00:00', '2023-08-10 16:00:00+00:00', '2023-08-10 17:00:00+00:00', '2023-08-10 18:00:00+00:00']",7,6.636,0.1081,5.542,5.002
2023-08-10,H1.Z26,P,"['2023-08-10 07:00:00+00:00', '2023-08-10 12:00:00+00:00']",2,6.499,0.5077,7831.437,5194.254
2023-08-10,H1.K15,P,"['2023-08-10 12:00:00+00:00', '2023-08-10 13:00:00+00:00', '2023-08-10 14:00:00+00:00', '2023-08-10 15:00:00+00:00', '2023-08-10 16:00:00+00:00', '2023-08-10 17:00:00+00:00', '2023-08-10 18:00:00+00:00']",7,6.438,3.1637,7883.361,1893.343
2023-08-10,H1.K11,P,"['2023-08-10 12:00:00+00:00', '2023-08-10 13:00:00+00:00', '2023-08-10 14:00:00+00:00', '2023-08-10 15:00:00+00:00', '2023-08-10 16:00:00+00:00', '2023-08-10 17:00:00+00:00', '2023-08-10 18:00:00+00:00']",7,6.23,0.7911,12436.597,6943.536
2023-08-10,H1.Z26,P3,"['2023-08-10 07:00:00+00:00', '2023-08-10 12:00:00+00:00']",2,5.552,0.8243,3036.668,1664.527
2023-08-10,H1.Z13,I2,"['2023-08-10 11:00:00+00:00', '2023-08-10 12:00:00+00:00', '2023-08-10 13:00:00+00:00', '2023-08-10 14:00:00+00:00', '2023-08-10 15:00:00+00:00', '2023-08-10 16:00:00+00:00', '2023-08-10 17:00:00+00:00', '2023-08-10 18:00:00+00:00']",8,5.181,0.1247,21.176,18.829
2023-08-10,H1.Z14,I2,"['2023-08-10 11:00:00+00:00', '2023-08-10 12:00:00+00:00', '2023-08-10 13:00:00+00:00', '2023-08-10 14:00:00+00:00', '2023-08-10 15:00:00+00:00', '2023-08-10 16:00:00+00:00', '2023-08-10 17:00:00+00:00', '2023-08-10 18:00:00+00:00']",8,5.144,0.1238,20.232,18.003
2023-08-10,H1.Z13,I3,"['2023-08-10 11:00:00+00:00', '2023-08-10 12:00:00+00:00', '2023-08-10 13:00:00+00:00', '2023-08-10 14:00:00+00:00', '2023-08-10 15:00:00+00:00', '2023-08-10 16:00:00+00:00', '2023-08-10 17:00:00+00:00', '2023-08-10 18:00:00+00:00']",8,5.071,0.1274,21.235,18.836
2023-08-10,H1.Z13,I1,"['2023-08-10 11:00:00+00:00', '2023-08-10 12:00:00+00:00', '2023-08-10 13:00:00+00:00', '2023-08-10 14:00:00+00:00', '2023-08-10 15:00:00+00:00', '2023-08-10 16:00:00+00:00', '2023-08-10 17:00:00+00:00', '2023-08-10 18:00:00+00:00']",8,5.045,0.1361,20.581,18.116
2023-08-10,H1.Z14,I3,"['2023-08-10 11:00:00+00:00', '2023-08-10 12:00:00+00:00', '2023-08-10 13:00:00+00:00', '2023-08-10 14:00:00+00:00', '2023-08-10 15:00:00+00:00', '2023-08-10 16:00:00+00:00', '2023-08-10 17:00:00+00:00', '2023-08-10 18:00:00+00:00']",8,5.03,0.1276,20.188,17.903
2023-08-10,H1.Z14,I1,"['2023-08-10 11:00:00+00:00', '2023-08-10 12:00:00+00:00', '2023-08-10 13:00:00+00:00', '2023-08-10 14:00:00+00:00', '2023-08-10 15:00:00+00:00', '2023-08-10 16:00:00+00:00', '2023-08-10 17:00:00+00:00', '2023-08-10 18:00:00+00:00']",8,5.017,0.1369,19.773,17.392
2023-08-10,H2.K21,P,"['2023-08-10 11:00:00+00:00', '2023-08-10 12:00:00+00:00', '2023-08-10 13:00:00+00:00', '2023-08-10 14:00:00+00:00', '2023-08-10 15:00:00+00:00', '2023-08-10 16:00:00+00:00', '2023-08-10 17:00:00+00:00']",7,4.776,1.8892,17209.132,5956.375
2023-08-10,H1.Z13,Q,"['2023-08-10 11:00:00+00:00', '2023-08-10 12:00:00+00:00', '2023-08-10 13:00:00+00:00', '2023-08-10 14:00:00+00:00', '2023-08-10 15:00:00+00:00', '2023-08-10 16:00:00+00:00', '2023-08-10 17:00:00+00:00']",7,4.723,0.1243,9557.915,8501.09
2023-08-10,H1.Z14,Q,"['2023-08-10 11:00:00+00:00', '2023-08-10 12:00:00+00:00', '2023-08-10 13:00:00+00:00', '2023-08-10 14:00:00+00:00', '2023-08-10 15:00:00+00:00', '2023-08-10 16:00:00+00:00', '2023-08-10 17:00:00+00:00']",7,4.713,0.1206,9149.439,8164.592
2023-08-10,H1.Z11,P1,"['2023-08-10 12:00:00+00:00', '2023-08-10 13:00:00+00:00', '2023-08-10 14:00:00+00:00', '2023-08-10 15:00:00+00:00', '2023-08-10 16:00:00+00:00', '2023-08-10 17:00:00+00:00', '2023-08-10 18:00:00+00:00']",7,4.658,0.8773,4338.796,2311.236
2023-08-10,H1.Z11,P,"['2023-08-10 12:00:00+00:00', '2023-08-10 13:00:00+00:00', '2023-08-10 14:00:00+00:00', '2023-08-10 15:00:00+00:00', '2023-08-10 16:00:00+00:00', '2023-08-10 17:00:00+00:00']",6,4.652,0.8268,10822.459,5924.218
2023-08-10,H1.Z11,P2,"['2023-08-10 12:00:00+00:00', '2023-08-10 13:00:00+00:00', '2023-08-10 14:00:00+00:00', '2023-08-10 15:00:00+00:00', '2023-08-10 16:00:00+00:00', '2023-08-10 17:00:00+00:00']",6,4.623,0.8571,4248.539,2287.74
2023-08-10,H1.Z11,Q,"['2023-08-10 11:00:00+00:00', '2023-08-10 12:00:00+00:00', '2023-08-10 13:00:00+00:00', '2023-08-10 14:00:00+00:00', '2023-08-10 15:00:00+00:00', '2023-08-10 16:00:00+00:00', '2023-08-10 17:00:00+00:00']",7,4.609,0.7866,11345.064,6350.137
2023-08-10,H1.Z12,P1,"['2023-08-10 12:00:00+00:00', '2023-08-10 13:00:00+00:00', '2023-08-10 14:00:00+00:00', '2023-08-10 15:00:00+00:00', '2023-08-10 16:00:00+00:00', '2023-08-10 17:00:00+00:00']",6,4.606,0.8642,4275.136,2293.323
2023-08-10,H1.Z12,Q,"['2023-08-10 11:00:00+00:00', '2023-08-10 12:00:00+00:00', '2023-08-10 13:00:00+00:00', '2023-08-10 14:00:00+00:00', '2023-08-10 15:00:00+00:00', '2023-08-10 16:00:00+00:00', '2023-08-10 17:00:00+00:00']",7,4.594,0.7649,11366.822,6440.553
2023-08-10,H1.Z12,P,"['2023-08-10 12:00:00+00:00', '2023-08-10 13:00:00+00:00', '2023-08-10 14:00:00+00:00', '2023-08-10 15:00:00+00:00', '2023-08-10 16:00:00+00:00', '2023-08-10 17:00:00+00:00']",6,4.579,0.8147,10802.44,5952.809
2023-08-10,H1.Z12,P2,"['2023-08-10 12:00:00+00:00', '2023-08-10 13:00:00+00:00', '2023-08-10 14:00:00+00:00', '2023-08-10 15:00:00+00:00', '2023-08-10 16:00:00+00:00', '2023-08-10 17:00:00+00:00']",6,4.564,0.8459,4252.435,2303.688
2023-08-10,H1.Z12,P3,"['2023-08-10 12:00:00+00:00', '2023-08-10 13:00:00+00:00', '2023-08-10 14:00:00+00:00', '2023-08-10 15:00:00+00:00', '2023-08-10 16:00:00+00:00', '2023-08-10 17:00:00+00:00', '2023-08-10 18:00:00+00:00']",7,4.519,0.8348,4297.554,2342.273
2023-08-10,H1.Z12,I3,"['2023-08-10 12:00:00+00:00', '2023-08-10 13:00:00+00:00', '2023-08-10 14:00:00+00:00', '2023-08-10 15:00:00+00:00', '2023-08-10 16:00:00+00:00', '2023-08-10 17:00:00+00:00', '2023-08-10 18:00:00+00:00']",7,4.471,0.7724,27.613,15.58
2023-08-10,H1.Z28,I1,"['2023-08-10 07:00:00+00:00', '2023-08-10 12:00:00+00:00']",2,4.388,0.1047,-76.372,-69.133
2023-08-10,H1.Z15,I1,"['2023-08-10 07:00:00+00:00', '2023-08-10 12:00:00+00:00']",2,4.382,0.1198,-146.722,-131.03
2023-08-10,H1.Z11,I1,"['2023-08-10 12:00:00+00:00', '2023-08-10 13:00:00+00:00', '2023-08-10 14:00:00+00:00', '2023-08-10 15:00:00+00:00', '2023-08-10 16:00:00+00:00', '2023-08-10 17:00:00+00:00']",6,4.381,0.7399,27.728,15.936
2023-08-10,H1.Z15,I2,"['2023-08-10 07:00:00+00:00', '2023-08-10 12:00:00+00:00']",2,4.346,0.1135,-137.686,-123.655
2023-08-10,H1.Z11,I2,"['2023-08-10 12:00:00+00:00', '2023-08-10 13:00:00+00:00', '2023-08-10 14:00:00+00:00', '2023-08-10 15:00:00+00:00', '2023-08-10 16:00:00+00:00', '2023-08-10 17:00:00+00:00']",6,4.343,0.7348,27.732,15.986
2023-08-10,H1.Z12,I2,"['2023-08-10 12:00:00+00:00', '2023-08-10 13:00:00+00:00', '2023-08-10 14:00:00+00:00', '2023-08-10 15:00:00+00:00', '2023-08-10 16:00:00+00:00', '2023-08-10 17:00:00+00:00', '2023-08-10 18:00:00+00:00']",7,4.337,0.7374,27.514,15.836
2023-08-10,V.K21,Tdiff,"['2023-08-10 07:00:00+00:00', '2023-08-10 12:00:00+00:00', '2023-08-10 13:00:00+00:00', '2023-08-10 14:00:00+00:00', '2023-08-10 15:00:00+00:00', '2023-08-10 16:00:00+00:00', '2023-08-10 17:00:00+00:00']",7,4.269,0.9464,-1317.722,-676.995
2023-08-10,H1.Z12,I1,"['2023-08-10 12:00:00+00:00', '2023-08-10 13:00:00+00:00', '2023-08-10 14:00:00+00:00', '2023-08-10 15:00:00+00:00', '2023-08-10 16:00:00+00:00', '2023-08-10 17:00:00+00:00']",6,4.265,0.6997,27.111,15.951
2023-08-10,H1.Z28,I3,"['2023-08-10 07:00:00+00:00', '2023-08-10 12:00:00+00:00']",2,4.264,0.1094,-52.781,-47.575
2023-08-10,H1.Z15,I3,"['2023-08-10 07:00:00+00:00', '2023-08-10 12:00:00+00:00']",2,4.237,0.1343,-165.024,-145.485
2023-08-10,H1.Z17,I3,"['2023-08-10 11:00:00+00:00', '2023-08-10 12:00:00+00:00', '2023-08-10 13:00:00+00:00', '2023-08-10 14:00:00+00:00', '2023-08-10 15:00:00+00:00', '2023-08-10 16:00:00+00:00', '2023-08-10 17:00:00+00:00']",7,4.233,0.3519,121.205,89.656
2023-08-10,H1.Z17,I2,"['2023-08-10 11:00:00+00:00', '2023-08-10 12:00:00+00:00', '2023-08-10 13:00:00+00:00', '2023-08-10 14:00:00+00:00', '2023-08-10 15:00:00+00:00', '2023-08-10 16:00:00+00:00', '2023-08-10 17:00:00+00:00']",7,4.208,0.3081,123.682,94.554
2023-08-10,H1.Z11,P3,"['2023-08-10 12:00:00+00:00', '2023-08-10 13:00:00+00:00', '2023-08-10 14:00:00+00:00', '2023-08-10 15:00:00+00:00', '2023-08-10 16:00:00+00:00', '2023-08-10 17:00:00+00:00']",6,4.155,0.7654,4274.641,2421.341
2023-08-10,H1.Z17,I1,"['2023-08-10 11:00:00+00:00', '2023-08-10 12:00:00+00:00', '2023-08-10 13:00:00+00:00', '2023-08-10 14:00:00+00:00', '2023-08-10 15:00:00+00:00', '2023-08-10 16:00:00+00:00', '2023-08-10 17:00:00+00:00']",7,4.153,0.3361,126.466,94.651
2023-08-10,H1.Z11,I3,"['2023-08-10 12:00:00+00:00', '2023-08-10 13:00:00+00:00', '2023-08-10 14:00:00+00:00', '2023-08-10 15:00:00+00:00', '2023-08-10 16:00:00+00:00', '2023-08-10 17:00:00+00:00']",6,4.091,0.7212,27.091,15.74
2023-08-10,H1.Z17,P3,"['2023-08-10 11:00:00+00:00', '2023-08-10 12:00:00+00:00', '2023-08-10 13:00:00+00:00', '2023-08-10 14:00:00+00:00', '2023-08-10 15:00:00+00:00', '2023-08-10 16:00:00+00:00']",6,4.023,0.3062,21962.793,16814.41
2023-08-10,H1.Z17,P1,"['2023-08-10 11:00:00+00:00', '2023-08-10 12:00:00+00:00', '2023-08-10 13:00:00+00:00', '2023-08-10 14:00:00+00:00', '2023-08-10 15:00:00+00:00', '2023-08-10 16:00:00+00:00', '2023-08-10 17:00:00+00:00']",7,4.013,0.288,23960.876,18603.718
2023-08-10,H1.Z17,P,"['2023-08-10 11:00:00+00:00', '2023-08-10 12:00:00+00:00', '2023-08-10 13:00:00+00:00', '2023-08-10 14:00:00+00:00', '2023-08-10 15:00:00+00:00', '2023-08-10 16:00:00+00:00']",6,4.001,0.2802,68949.684,53860.28
2023-08-10,V.K21,Trl,"['2023-08-10 07:00:00+00:00', '2023-08-10 13:00:00+00:00', '2023-08-10 14:00:00+00:00', '2023-08-10 15:00:00+00:00', '2023-08-10 16:00:00+00:00', '2023-08-10 17:00:00+00:00']",6,3.995,0.1045,5.6,5.07
2023-08-10,H1.Z17,P2,"['2023-08-10 12:00:00+00:00', '2023-08-10 13:00:00+00:00', '2023-08-10 14:00:00+00:00', '2023-08-10 15:00:00+00:00', '2023-08-10 16:00:00+00:00']",5,3.958,0.2485,23026.015,18442.293
2023-08-10,V.K21,P,"['2023-08-10 07:00:00+00:00', '2023-08-10 12:00:00+00:00', '2023-08-10 13:00:00+00:00', '2023-08-10 14:00:00+00:00', '2023-08-10 15:00:00+00:00', '2023-08-10 16:00:00+00:00', '2023-08-10 17:00:00+00:00']",7,3.918,0.8813,50833.368,27019.817
2023-08-10,H1.Z27,P2,"['2023-08-10 07:00:00+00:00', '2023-08-10 10:00:00+00:00', '2023-08-10 11:00:00+00:00']",3,3.766,0.891,7534.639,3984.54
2023-08-10,H1.Z27,P1,"['2023-08-10 07:00:00+00:00', '2023-08-10 10:00:00+00:00', '2023-08-10 11:00:00+00:00']",3,3.758,0.6505,8459.873,5125.713
2023-08-10,H1.Z27,P,"['2023-08-10 07:00:00+00:00', '2023-08-10 10:00:00+00:00', '2023-08-10 11:00:00+00:00']",3,3.753,0.7848,23579.048,13210.782
2023-08-10,H1.Z27,P3,"['2023-08-10 07:00:00+00:00', '2023-08-10 10:00:00+00:00', '2023-08-10 11:00:00+00:00']",3,3.734,0.8497,7584.527,4100.482
2023-08-10,H1.K14,Tdiff,"['2023-08-10 07:00:00+00:00', '2023-08-10 14:00:00+00:00', '2023-08-10 15:00:00+00:00', '2023-08-10 16:00:00+00:00']",4,3.542,1.5864,-1045.455,-404.216
2023-08-10,H1.Z27,I2,"['2023-08-10 07:00:00+00:00', '2023-08-10 10:00:00+00:00', '2023-08-10 11:00:00+00:00']",3,3.503,0.7081,38.302,22.424
2023-08-10,H1.K14,P,"['2023-08-10 07:00:00+00:00', '2023-08-10 14:00:00+00:00', '2023-08-10 15:00:00+00:00', '2023-08-10 16:00:00+00:00']",4,3.481,1.4479,28345.938,11579.757
2023-08-10,H1.Z27,I1,"['2023-08-10 07:00:00+00:00', '2023-08-10 10:00:00+00:00', '2023-08-10 11:00:00+00:00']",3,3.477,0.58,41.033,25.969
2023-08-10,H1.Z27,I3,"['2023-08-10 07:00:00+00:00', '2023-08-10 10:00:00+00:00', '2023-08-10 11:00:00+00:00']",3,3.432,0.6963,38.166,22.5
2023-08-10,H2.K21,Tdiff,"['2023-08-10 13:00:00+00:00', '2023-08-10 14:00:00+00:00', '2023-08-10 15:00:00+00:00']",3,3.274,1.1934,-714.67,-325.822
2023-08-10,V.ZE84,I2,"['2023-08-10 10:00:00+00:00', '2023-08-10 12:00:00+00:00']",2,3.128,0.743,-45.682,-26.208
2023-08-10,H3.Z312,P2,"['2023-08-10 10:00:00+00:00', '2023-08-10 11:00:00+00:00', '2023-08-10 12:00:00+00:00']",3,3.113,0.7266,-13634.714,-7896.676
2023-08-10,H3.Z312,P,"['2023-08-10 10:00:00+00:00', '2023-08-10 11:00:00+00:00', '2023-08-10 12:00:00+00:00']",3,3.112,0.7265,-40918.705,-23700.502
2023-08-10,H3.Z312,P1,"['2023-08-10 10:00:00+00:00', '2023-08-10 11:00:00+00:00', '2023-08-10 12:00:00+00:00']",3,3.111,0.726,-13661.29,-7914.98
2023-08-10,H3.Z312,P3,"['2023-08-10 10:00:00+00:00', '2023-08-10 11:00:00+00:00', '2023-08-10 12:00:00+00:00']",3,3.11,0.7268,-13622.612,-7888.799
2023-08-10,H3.Z312,I2,"['2023-08-10 10:00:00+00:00', '2023-08-10 11:00:00+00:00']",2,3.102,0.7171,58.855,34.277
2023-08-10,H3.Z312,I1,"['2023-08-10 10:00:00+00:00', '2023-08-10 11:00:00+00:00']",2,3.101,0.7159,58.893,34.323
2023-08-10,H3.Z312,I3,"['2023-08-10 10:00:00+00:00', '2023-08-10 11:00:00+00:00']",2,3.101,0.7171,58.843,34.269
2023-08-10,H2.Z311,P2,"['2023-08-10 11:00:00+00:00', '2023-08-10 12:00:00+00:00']",2,3.091,0.7131,-21467.749,-12531.439
2023-08-10,H2.Z311,P,"['2023-08-10 11:00:00+00:00', '2023-08-10 12:00:00+00:00']",2,3.09,0.7127,-64452.859,-37632.965
2023-08-10,H2.Z311,P1,"['2023-08-10 11:00:00+00:00', '2023-08-10 12:00:00+00:00']",2,3.089,0.7125,-21502.155,-12556.134
2023-08-10,H2.Z311,P3,"['2023-08-10 11:00:00+00:00', '2023-08-10 12:00:00+00:00']",2,3.088,0.7124,-21482.786,-12545.311
2023-08-10,H2.Z311,I2,"['2023-08-10 11:00:00+00:00', '2023-08-10 12:00:00+00:00']",2,3.077,0.7033,92.849,54.511
2023-08-10,H2.Z311,I3,"['2023-08-10 11:00:00+00:00', '2023-08-10 12:00:00+00:00']",2,3.077,0.7034,92.883,54.527
2023-08-10,H2.Z311,I1,"['2023-08-10 11:00:00+00:00', '2023-08-10 12:00:00+00:00']",2,3.076,0.7021,92.846,54.546
2023-08-11,H1.Z13,P,"['2023-08-11 09:00:00+00:00', '2023-08-11 10:00:00+00:00', '2023-08-11 11:00:00+00:00', '2023-08-11 12:00:00+00:00', '2023-08-11 13:00:00+00:00', '2023-08-11 14:00:00+00:00', '2023-08-11 15:00:00+00:00', '2023-08-11 16:00:00+00:00', '2023-08-11 17:00:00+00:00', '2023-08-11 18:00:00+00:00']",10,8.482,0.1385,8220.275,7220.554
2023-08-11,H1.Z14,P,"['2023-08-11 10:00:00+00:00', '2023-08-11 11:00:00+00:00', '2023-08-11 12:00:00+00:00', '2023-08-11 13:00:00+00:00', '2023-08-11 14:00:00+00:00', '2023-08-11 15:00:00+00:00', '2023-08-11 16:00:00+00:00', '2023-08-11 17:00:00+00:00', '2023-08-11 18:00:00+00:00']",9,8.41,0.1499,7877.87,6850.708
2023-08-11,H1.Z13,P2,"['2023-08-11 09:00:00+00:00', '2023-08-11 10:00:00+00:00', '2023-08-11 11:00:00+00:00', '2023-08-11 12:00:00+00:00', '2023-08-11 13:00:00+00:00', '2023-08-11 14:00:00+00:00', '2023-08-11 15:00:00+00:00', '2023-08-11 16:00:00+00:00']",8,8.308,0.1147,3161.286,2836.003
2023-08-11,H1.Z14,P2,"['2023-08-11 09:00:00+00:00', '2023-08-11 10:00:00+00:00', '2023-08-11 11:00:00+00:00', '2023-08-11 12:00:00+00:00', '2023-08-11 13:00:00+00:00', '2023-08-11 14:00:00+00:00', '2023-08-11 15:00:00+00:00', '2023-08-11 16:00:00+00:00']",8,8.205,0.1176,2986.077,2671.844
2023-08-11,H1.Z13,P1,"['2023-08-11 09:00:00+00:00', '2023-08-11 10:00:00+00:00', '2023-08-11 11:00:00+00:00', '2023-08-11 12:00:00+00:00', '2023-08-11 13:00:00+00:00', '2023-08-11 14:00:00+00:00', '2023-08-11 15:00:00+00:00']",7,7.718,0.1278,3035.03,2691.054
2023-08-11,H1.Z13,P3,"['2023-08-11 09:00:00+00:00', '2023-08-11 10:00:00+00:00', '2023-08-11 11:00:00+00:00', '2023-08-11 12:00:00+00:00', '2023-08-11 13:00:00+00:00', '2023-08-11 14:00:00+00:00', '2023-08-11 15:00:00+00:00', '2023-08-11 16:00:00+00:00']",8,7.694,0.1263,3167.759,2812.66
2023-08-11,H1.Z14,P1,"['2023-08-11 09:00:00+00:00', '2023-08-11 10:00:00+00:00', '2023-08-11 11:00:00+00:00', '2023-08-11 12:00:00+00:00', '2023-08-11 13:00:00+00:00', '2023-08-11 14:00:00+00:00', '2023-08-11 15:00:00+00:00']",7,7.473,0.1336,2913.044,2569.721
2023-08-11,H1.Z14,P3,"['2023-08-11 09:00:00+00:00', '2023-08-11 10:00:00+00:00', '2023-08-11 11:00:00+00:00', '2023-08-11 12:00:00+00:00', '2023-08-11 13:00:00+00:00', '2023-08-11 14:00:00+00:00', '2023-08-11 15:00:00+00:00', '2023-08-11 16:00:00+00:00']",8,7.414,0.1336,3035.294,2677.537
2023-08-11,H1.K11,P,"['2023-08-11 10:00:00+00:00', '2023-08-11 11:00:00+00:00', '2023-08-11 12:00:00+00:00', '2023-08-11 13:00:00+00:00', '2023-08-11 14:00:00+00:00', '2023-08-11 15:00:00+00:00', '2023-08-11 16:00:00+00:00', '2023-08-11 17:00:00+00:00', '2023-08-11 18:00:00+00:00']",9,5.847,1.3312,17565.347,7534.776
2023-08-11,H1.K11,Tdiff,"['2023-08-11 10:00:00+00:00', '2023-08-11 11:00:00+00:00', '2023-08-11 12:00:00+00:00', '2023-08-11 13:00:00+00:00', '2023-08-11 14:00:00+00:00', '2023-08-11 15:00:00+00:00', '2023-08-11 16:00:00+00:00', '2023-08-11 17:00:00+00:00', '2023-08-11 18:00:00+00:00']",9,5.745,1.6977,-1760.243,-652.488
2023-08-11,H1.Z13,I2,"['2023-08-11 10:00:00+00:00', '2023-08-11 11:00:00+00:00', '2023-08-11 12:00:00+00:00', '2023-08-11 13:00:00+00:00', '2023-08-11 14:00:00+00:00']",5,5.422,0.1541,22.061,19.116
2023-08-11,H2.K21,P,"['2023-08-11 10:00:00+00:00', '2023-08-11 11:00:00+00:00', '2023-08-11 12:00:00+00:00', '2023-08-11 13:00:00+00:00', '2023-08-11 14:00:00+00:00', '2023-08-11 15:00:00+00:00', '2023-08-11 16:00:00+00:00', '2023-08-11 17:00:00+00:00', '2023-08-11 18:00:00+00:00']",9,5.412,2.888,28215.694,7257.208
2023-08-11,H1.Z14,I2,"['2023-08-11 10:00:00+00:00', '2023-08-11 11:00:00+00:00', '2023-08-11 12:00:00+00:00', '2023-08-11 13:00:00+00:00', '2023-08-11 14:00:00+00:00']",5,5.404,0.1533,21.077,18.276
2023-08-11,H1.Z13,I3,"['2023-08-11 09:00:00+00:00', '2023-08-11 10:00:00+00:00', '2023-08-11 11:00:00+00:00', '2023-08-11 12:00:00+00:00', '2023-08-11 13:00:00+00:00', '2023-08-11 14:00:00+00:00']",6,5.36,0.161,22.201,19.123
2023-08-11,H1.Z14,I3,"['2023-08-11 10:00:00+00:00', '2023-08-11 11:00:00+00:00', '2023-08-11 12:00:00+00:00', '2023-08-11 13:00:00+00:00', '2023-08-11 14:00:00+00:00']",5,5.341,0.1608,21.098,18.174
2023-08-11,H1.Z13,I1,"['2023-08-11 10:00:00+00:00', '2023-08-11 11:00:00+00:00', '2023-08-11 12:00:00+00:00', '2023-08-11 13:00:00+00:00', '2023-08-11 14:00:00+00:00']",5,5.3,0.1655,21.467,18.419
2023-08-11,H1.Z14,I1,"['2023-08-11 10:00:00+00:00', '2023-08-11 11:00:00+00:00', '2023-08-11 12:00:00+00:00', '2023-08-11 13:00:00+00:00', '2023-08-11 14:00:00+00:00']",5,5.29,0.1671,20.641,17.685
2023-08-11,H1.Z15,I1,"['2023-08-11 12:00:00+00:00', '2023-08-11 13:00:00+00:00']",2,5.245,0.1057,-144.455,-130.642
2023-08-11,V.K21,Tdiff,"['2023-08-11 10:00:00+00:00', '2023-08-11 11:00:00+00:00', '2023-08-11 12:00:00+00:00', '2023-08-11 13:00:00+00:00', '2023-08-11 14:00:00+00:00', '2023-08-11 15:00:00+00:00', '2023-08-11 16:00:00+00:00', '2023-08-11 17:00:00+00:00', '2023-08-11 18:00:00+00:00']",9,5.213,1.5628,-1921.031,-749.586
2023-08-11,H1.Z15,I2,"['2023-08-11 12:00:00+00:00', '2023-08-11 13:00:00+00:00']",2,5.212,0.1057,-136.294,-123.26
2023-08-11,H3.Z45,P,"['2023-08-11 00:00:00+00:00', '2023-08-11 03:00:00+00:00', '2023-08-11 06:00:00+00:00', '2023-08-11 08:00:00+00:00', '2023-08-11 09:00:00+00:00', '2023-08-11 10:00:00+00:00', '2023-08-11 11:00:00+00:00', '2023-08-11 12:00:00+00:00', '2023-08-11 16:00:00+00:00', '2023-08-11 17:00:00+00:00', '2023-08-11 20:00:00+00:00', '2023-08-11 21:00:00+00:00', '2023-08-11 23:00:00+00:00']",13,5.157,0.1336,98.266,113.414
2023-08-11,H1.K11,Trl,"['2023-08-11 10:00:00+00:00', '2023-08-11 11:00:00+00:00', '2023-08-11 12:00:00+00:00', '2023-08-11 13:00:00+00:00', '2023-08-11 14:00:00+00:00', '2023-08-11 15:00:00+00:00', '2023-08-11 16:00:00+00:00', '2023-08-11 17:00:00+00:00', '2023-08-11 18:00:00+00:00']",9,5.123,0.1965,6.058,5.063
2023-08-11,H1.Z12,P2,"['2023-08-11 11:00:00+00:00', '2023-08-11 12:00:00+00:00', '2023-08-11 13:00:00+00:00', '2023-08-11 14:00:00+00:00']",4,5.054,1.0155,5079.718,2520.362
2023-08-11,H1.Z12,P3,"['2023-08-11 11:00:00+00:00', '2023-08-11 12:00:00+00:00', '2023-08-11 13:00:00+00:00', '2023-08-11 14:00:00+00:00']",4,5.01,1.0474,5224.449,2551.711
2023-08-11,V.K21,P,"['2023-08-11 11:00:00+00:00', '2023-08-11 12:00:00+00:00', '2023-08-11 13:00:00+00:00', '2023-08-11 14:00:00+00:00', '2023-08-11 15:00:00+00:00', '2023-08-11 16:00:00+00:00', '2023-08-11 17:00:00+00:00', '2023-08-11 18:00:00+00:00']",8,4.996,1.4745,73488.472,29698.582
2023-08-11,H1.Z12,P1,"['2023-08-11 11:00:00+00:00', '2023-08-11 12:00:00+00:00', '2023-08-11 13:00:00+00:00', '2023-08-11 14:00:00+00:00']",4,4.984,1.003,5044.376,2518.45
2023-08-11,H1.Z11,P2,"['2023-08-11 11:00:00+00:00', '2023-08-11 12:00:00+00:00', '2023-08-11 13:00:00+00:00', '2023-08-11 14:00:00+00:00']",4,4.958,1.0157,5052.978,2506.798
2023-08-11,H1.Z11,P1,"['2023-08-11 11:00:00+00:00', '2023-08-11 12:00:00+00:00', '2023-08-11 13:00:00+00:00', '2023-08-11 14:00:00+00:00']",4,4.837,0.9975,5079.627,2542.978
2023-08-11,H1.K15,P,"['2023-08-11 11:00:00+00:00', '2023-08-11 12:00:00+00:00', '2023-08-11 13:00:00+00:00', '2023-08-11 14:00:00+00:00', '2023-08-11 15:00:00+00:00', '2023-08-11 16:00:00+00:00', '2023-08-11 17:00:00+00:00', '2023-08-11 18:00:00+00:00']",8,4.829,3.6507,11928.125,2564.823
2023-08-11,H1.Z12,P,"['2023-08-11 11:00:00+00:00', '2023-08-11 12:00:00+00:00', '2023-08-11 13:00:00+00:00', '2023-08-11 14:00:00+00:00', '2023-08-11 15:00:00+00:00', '2023-08-11 16:00:00+00:00']",6,4.822,1.1224,13708.121,6458.699
2023-08-11,H1.Z11,P,"['2023-08-11 11:00:00+00:00', '2023-08-11 12:00:00+00:00', '2023-08-11 13:00:00+00:00', '2023-08-11 14:00:00+00:00', '2023-08-11 15:00:00+00:00', '2023-08-11 16:00:00+00:00']",6,4.805,1.1273,13695.025,6437.696
2023-08-11,V.K21,Trl,"['2023-08-11 11:00:00+00:00', '2023-08-11 12:00:00+00:00', '2023-08-11 13:00:00+00:00', '2023-08-11 14:00:00+00:00', '2023-08-11 15:00:00+00:00', '2023-08-11 16:00:00+00:00', '2023-08-11 17:00:00+00:00', '2023-08-11 18:00:00+00:00']",8,4.796,0.196,6.139,5.133
2023-08-11,H1.Z15,I3,"['2023-08-11 12:00:00+00:00', '2023-08-11 13:00:00+00:00']",2,4.756,0.1049,-160.453,-145.222
2023-08-11,H1.Z11,P3,"['2023-08-11 11:00:00+00:00', '2023-08-11 12:00:00+00:00', '2023-08-11 13:00:00+00:00', '2023-08-11 14:00:00+00:00', '2023-08-11 16:00:00+00:00']",5,4.604,1.0719,5369.378,2591.474
2023-08-11,H1.Z12,I3,"['2023-08-11 11:00:00+00:00', '2023-08-11 12:00:00+00:00', '2023-08-11 13:00:00+00:00', '2023-08-11 14:00:00+00:00']",4,4.601,0.9629,33.124,16.875
2023-08-11,H1.Z12,I2,"['2023-08-11 11:00:00+00:00', '2023-08-11 12:00:00+00:00', '2023-08-11 13:00:00+00:00', '2023-08-11 14:00:00+00:00']",4,4.542,0.9117,32.677,17.093
2023-08-11,H1.K12,Tvl,"['2023-08-11 15:00:00+00:00', '2023-08-11 16:00:00+00:00', '2023-08-11 17:00:00+00:00', '2023-08-11 18:00:00+00:00', '2023-08-11 19:00:00+00:00', '2023-08-11 20:00:00+00:00', '2023-08-11 21:00:00+00:00', '2023-08-11 22:00:00+00:00', '2023-08-11 23:00:00+00:00']",9,4.521,0.1174,22.067,19.748
2023-08-11,H1.Z14,Q,"['2023-08-11 10:00:00+00:00', '2023-08-11 11:00:00+00:00', '2023-08-11 12:00:00+00:00', '2023-08-11 13:00:00+00:00', '2023-08-11 14:00:00+00:00', '2023-08-11 15:00:00+00:00', '2023-08-11 16:00:00+00:00', '2023-08-11 17:00:00+00:00', '2023-08-11 18:00:00+00:00']",9,4.513,0.2147,10032.348,8259.233
2023-08-11,H1.Z12,I1,"['2023-08-11 11:00:00+00:00', '2023-08-11 12:00:00+00:00', '2023-08-11 13:00:00+00:00', '2023-08-11 14:00:00+00:00']",4,4.443,0.8906,32.16,17.01
2023-08-11,H3.Z45,Q,"['2023-08-11 00:00:00+00:00', '2023-08-11 01:00:00+00:00', '2023-08-11 02:00:00+00:00', '2023-08-11 03:00:00+00:00', '2023-08-11 05:00:00+00:00', '2023-08-11 06:00:00+00:00', '2023-08-11 10:00:00+00:00', '2023-08-11 13:00:00+00:00', '2023-08-11 15:00:00+00:00', '2023-08-11 16:00:00+00:00', '2023-08-11 19:00:00+00:00', '2023-08-11 20:00:00+00:00']",12,4.44,0.1055,110.621,123.669
2023-08-11,H1.Z13,Q,"['2023-08-11 10:00:00+00:00', '2023-08-11 11:00:00+00:00', '2023-08-11 12:00:00+00:00', '2023-08-11 13:00:00+00:00', '2023-08-11 14:00:00+00:00', '2023-08-11 15:00:00+00:00', '2023-08-11 16:00:00+00:00', '2023-08-11 17:00:00+00:00', '2023-08-11 18:00:00+00:00']",9,4.436,0.2165,10466.056,8603.66
2023-08-11,H1.Z11,I2,"['2023-08-11 11:00:00+00:00', '2023-08-11 12:00:00+00:00', '2023-08-11 13:00:00+00:00', '2023-08-11 14:00:00+00:00']",4,4.414,0.9375,33.38,17.228
2023-08-11,H1.Z11,I1,"['2023-08-11 11:00:00+00:00', '2023-08-11 12:00:00+00:00', '2023-08-11 13:00:00+00:00', '2023-08-11 14:00:00+00:00']",4,4.407,0.8759,32.257,17.195
2023-08-11,H1.Z17,P2,"['2023-08-11 11:00:00+00:00', '2023-08-11 12:00:00+00:00', '2023-08-11 13:00:00+00:00', '2023-08-11 14:00:00+00:00', '2023-08-11 15:00:00+00:00', '2023-08-11 16:00:00+00:00', '2023-08-11 17:00:00+00:00']",7,4.405,0.4595,27642.116,18938.939
2023-08-11,H1.Z17,P3,"['2023-08-11 11:00:00+00:00', '2023-08-11 12:00:00+00:00', '2023-08-11 13:00:00+00:00', '2023-08-11 14:00:00+00:00', '2023-08-11 15:00:00+00:00', '2023-08-11 16:00:00+00:00', '2023-08-11 17:00:00+00:00']",7,4.36,0.5131,26221.682,17329.874
2023-08-11,H1.Z17,P,"['2023-08-11 11:00:00+00:00', '2023-08-11 12:00:00+00:00', '2023-08-11 13:00:00+00:00', '2023-08-11 14:00:00+00:00', '2023-08-11 15:00:00+00:00', '2023-08-11 16:00:00+00:00', '2023-08-11 17:00:00+00:00']",7,4.358,0.4766,81919.809,55477.358
2023-08-11,H1.K14,P,"['2023-08-11 11:00:00+00:00', '2023-08-11 12:00:00+00:00', '2023-08-11 13:00:00+00:00', '2023-08-11 14:00:00+00:00', '2023-08-11 15:00:00+00:00', '2023-08-11 16:00:00+00:00', '2023-08-11 17:00:00+00:00']",7,4.341,2.3031,44731.875,13542.316
2023-08-11,H1.Z17,I2,"['2023-08-11 11:00:00+00:00', '2023-08-11 12:00:00+00:00', '2023-08-11 13:00:00+00:00', '2023-08-11 14:00:00+00:00', '2023-08-11 15:00:00+00:00', '2023-08-11 16:00:00+00:00', '2023-08-11 17:00:00+00:00']",7,4.338,0.546,151.19,97.794
2023-08-11,H1.Z11,I3,"['2023-08-11 11:00:00+00:00', '2023-08-11 12:00:00+00:00', '2023-08-11 13:00:00+00:00', '2023-08-11 14:00:00+00:00', '2023-08-11 16:00:00+00:00']",5,4.333,1.0368,34.082,16.734
2023-08-11,H2.K21,Tdiff,"['2023-08-11 11:00:00+00:00', '2023-08-11 12:00:00+00:00', '2023-08-11 13:00:00+00:00', '2023-08-11 14:00:00+00:00', '2023-08-11 15:00:00+00:00', '2023-08-11 16:00:00+00:00', '2023-08-11 17:00:00+00:00']",7,4.314,1.5838,-1022.778,-395.835
2023-08-11,H1.Z17,I3,"['2023-08-11 10:00:00+00:00', '2023-08-11 11:00:00+00:00', '2023-08-11 12:00:00+00:00', '2023-08-11 13:00:00+00:00', '2023-08-11 14:00:00+00:00', '2023-08-11 15:00:00+00:00', '2023-08-11 16:00:00+00:00', '2023-08-11 17:00:00+00:00']",8,4.299,0.5951,148.307,92.977
2023-08-11,H1.Z17,I1,"['2023-08-11 11:00:00+00:00', '2023-08-11 12:00:00+00:00', '2023-08-11 13:00:00+00:00', '2023-08-11 14:00:00+00:00', '2023-08-11 15:00:00+00:00', '2023-08-11 16:00:00+00:00', '2023-08-11 17:00:00+00:00']",7,4.256,0.5565,152.946,98.265
2023-08-11,H1.K14,Tdiff,"['2023-08-11 11:00:00+00:00', '2023-08-11 12:00:00+00:00', '2023-08-11 13:00:00+00:00', '2023-08-11 14:00:00+00:00', '2023-08-11 15:00:00+00:00', '2023-08-11 16:00:00+00:00', '2023-08-11 17:00:00+00:00']",7,4.255,2.4641,-1657.847,-478.581
2023-08-11,H1.Z17,P1,"['2023-08-11 11:00:00+00:00', '2023-08-11 12:00:00+00:00', '2023-08-11 13:00:00+00:00', '2023-08-11 14:00:00+00:00', '2023-08-11 15:00:00+00:00', '2023-08-11 16:00:00+00:00', '2023-08-11 17:00:00+00:00']",7,4.252,0.4606,28055.699,19208.426
2023-08-11,H1.K12,Trl,"['2023-08-11 14:00:00+00:00', '2023-08-11 15:00:00+00:00', '2023-08-11 16:00:00+00:00', '2023-08-11 17:00:00+00:00', '2023-08-11 18:00:00+00:00', '2023-08-11 19:00:00+00:00', '2023-08-11 20:00:00+00:00', '2023-08-11 21:00:00+00:00', '2023-08-11 22:00:00+00:00']",9,4.146,0.1269,22.137,19.644
2023-08-11,H1.Z12,Q,"['2023-08-11 10:00:00+00:00', '2023-08-11 11:00:00+00:00', '2023-08-11 12:00:00+00:00', '2023-08-11 13:00:00+00:00', '2023-08-11 14:00:00+00:00', '2023-08-11 15:00:00+00:00', '2023-08-11 16:00:00+00:00']",7,4.133,1.0001,13920.042,6959.598
2023-08-11,H1.Z11,Q,"['2023-08-11 10:00:00+00:00', '2023-08-11 11:00:00+00:00', '2023-08-11 12:00:00+00:00', '2023-08-11 13:00:00+00:00', '2023-08-11 14:00:00+00:00', '2023-08-11 15:00:00+00:00', '2023-08-11 16:00:00+00:00']",7,4.081,1.002,13759.812,6873.088
2023-08-11,H2.Z67,P,"['2023-08-11 15:00:00+00:00', '2023-08-11 19:00:00+00:00', '2023-08-11 23:00:00+00:00']",3,3.697,0.1109,14.253,16.031
2023-08-11,H1.K14,Trl,"['2023-08-11 11:00:00+00:00', '2023-08-11 12:00:00+00:00', '2023-08-11 13:00:00+00:00', '2023-08-11 14:00:00+00:00', '2023-08-11 15:00:00+00:00', '2023-08-11 16:00:00+00:00', '2023-08-11 17:00:00+00:00']",7,3.646,0.1863,6.385,5.383
2023-08-11,H1.Z27,P3,"['2023-08-11 09:00:00+00:00', '2023-08-11 10:00:00+00:00', '2023-08-11 11:00:00+00:00']",3,3.64,1.0565,8607.42,4185.497
2023-08-11,H1.Z27,P,"['2023-08-11 09:00:00+00:00', '2023-08-11 10:00:00+00:00', '2023-08-11 11:00:00+00:00']",3,3.632,0.9445,26178.353,13462.64
2023-08-11,H1.Z27,P2,"['2023-08-11 09:00:00+00:00', '2023-08-11 10:00:00+00:00', '2023-08-11 11:00:00+00:00']",3,3.632,1.0653,8435.828,4084.515
2023-08-11,H1.Z27,P1,"['2023-08-11 09:00:00+00:00', '2023-08-11 10:00:00+00:00', '2023-08-11 11:00:00+00:00']",3,3.625,0.7593,9135.315,5192.584
2023-08-11,H1.K11,qv,"['2023-08-11 11:00:00+00:00', '2023-08-11 12:00:00+00:00', '2023-08-11 13:00:00+00:00', '2023-08-11 14:00:00+00:00']",4,3.534,0.1094,9.402,10.557
2023-08-11,H1.Z27,I2,"['2023-08-11 10:00:00+00:00', '2023-08-11 11:00:00+00:00']",2,3.443,0.8458,41.719,22.602
2023-08-11,H2.Z67,Q,"['2023-08-11 04:00:00+00:00', '2023-08-11 10:00:00+00:00']",2,3.435,0.1053,24.454,27.332
2023-08-11,H1.Z27,I1,"['2023-08-11 10:00:00+00:00', '2023-08-11 11:00:00+00:00']",2,3.43,0.6946,44.069,26.006
2023-08-11,H1.Z27,I3,"['2023-08-11 10:00:00+00:00', '2023-08-11 11:00:00+00:00']",2,3.423,0.8846,42.459,22.529
2023-08-21,H1.K11,P,"['2023-08-21 12:00:00+00:00', '2023-08-21 13:00:00+00:00', '2023-08-21 14:00:00+00:00', '2023-08-21 15:00:00+00:00', '2023-08-21 16:00:00+00:00', '2023-08-21 17:00:00+00:00', '2023-08-21 18:00:00+00:00', '2023-08-21 19:00:00+00:00', '2023-08-21 20:00:00+00:00', '2023-08-21 21:00:00+00:00', '2023-08-21 22:00:00+00:00']",11,8.836,1.5929,68001.212,26226.278
2023-08-21,H1.Z18,Q,"['2023-08-21 09:00:00+00:00', '2023-08-21 10:00:00+00:00', '2023-08-21 11:00:00+00:00']",3,5.314,0.9952,782.191,392.03
2023-08-21,H1.Z18,P2,"['2023-08-21 09:00:00+00:00', '2023-08-21 10:00:00+00:00', '2023-08-21 11:00:00+00:00']",3,5.243,0.8377,674.291,366.922
2023-08-21,H1.Z18,I2,"['2023-08-21 09:00:00+00:00', '2023-08-21 10:00:00+00:00', '2023-08-21 11:00:00+00:00']",3,5.199,0.847,3.187,1.725
2023-08-21,H1.Z18,I1,"['2023-08-21 09:00:00+00:00', '2023-08-21 10:00:00+00:00', '2023-08-21 11:00:00+00:00']",3,5.109,0.399,3.923,2.805
2023-08-21,H1.Z18,P1,"['2023-08-21 09:00:00+00:00', '2023-08-21 10:00:00+00:00', '2023-08-21 11:00:00+00:00']",3,5.074,0.3882,747.885,538.729
2023-08-21,H1.Z18,P3,"['2023-08-21 09:00:00+00:00', '2023-08-21 10:00:00+00:00', '2023-08-21 11:00:00+00:00']",3,4.987,0.2023,1402.533,1166.514
2023-08-21,H1.Z18,I3,"['2023-08-21 09:00:00+00:00', '2023-08-21 10:00:00+00:00', '2023-08-21 11:00:00+00:00']",3,4.889,0.2284,6.69,5.446
2023-08-21,H4.ZE51,I2,"['2023-08-21 10:00:00+00:00', '2023-08-21 11:00:00+00:00']",2,4.489,0.1679,10.951,9.376
2023-08-21,H1.K11,qv,"['2023-08-21 12:00:00+00:00', '2023-08-21 13:00:00+00:00', '2023-08-21 14:00:00+00:00', '2023-08-21 15:00:00+00:00', '2023-08-21 16:00:00+00:00', '2023-08-21 17:00:00+00:00', '2023-08-21 18:00:00+00:00', '2023-08-21 19:00:00+00:00', '2023-08-21 20:00:00+00:00', '2023-08-21 21:00:00+00:00', '2023-08-21 22:00:00+00:00']",11,4.214,0.3665,9.411,6.887
2023-08-21,H1.Z21,P2,"['2023-08-21 09:00:00+00:00', '2023-08-21 10:00:00+00:00', '2023-08-21 11:00:00+00:00']",3,3.859,0.3955,347.349,248.908
2023-08-21,H1.Z22,P2,"['2023-08-21 09:00:00+00:00', '2023-08-21 10:00:00+00:00', '2023-08-21 11:00:00+00:00']",3,3.822,0.373,354.509,258.192
2023-08-21,H1.K14,qv,"['2023-08-21 01:00:00+00:00', '2023-08-21 02:00:00+00:00', '2023-08-21 03:00:00+00:00', '2023-08-21 04:00:00+00:00', '2023-08-21 05:00:00+00:00', '2023-08-21 06:00:00+00:00', '2023-08-21 07:00:00+00:00', '2023-08-21 08:00:00+00:00', '2023-08-21 09:00:00+00:00', '2023-08-21 10:00:00+00:00', '2023-08-21 11:00:00+00:00', '2023-08-21 12:00:00+00:00', '2023-08-21 13:00:00+00:00', '2023-08-21 14:00:00+00:00', '2023-08-21 15:00:00+00:00', '2023-08-21 16:00:00+00:00', '2023-08-21 17:00:00+00:00', '2023-08-21 18:00:00+00:00', '2023-08-21 19:00:00+00:00', '2023-08-21 20:00:00+00:00', '2023-08-21 21:00:00+00:00', '2023-08-21 22:00:00+00:00', '2023-08-21 23:00:00+00:00']",23,3.794,0.6723,7.178,21.9
2023-08-21,H1.Z28,I1,"['2023-08-21 13:00:00+00:00', '2023-08-21 14:00:00+00:00']",2,3.743,0.4638,-107.267,-73.281
2023-08-21,H1.Z28,I2,"['2023-08-21 13:00:00+00:00', '2023-08-21 14:00:00+00:00']",2,3.701,0.478,-111.766,-75.622
2023-08-21,H1.Z21,P1,"['2023-08-21 09:00:00+00:00', '2023-08-21 10:00:00+00:00', '2023-08-21 11:00:00+00:00']",3,3.616,0.3586,437.685,322.159
2023-08-21,H1.Z22,P1,"['2023-08-21 09:00:00+00:00', '2023-08-21 10:00:00+00:00', '2023-08-21 11:00:00+00:00']",3,3.558,0.4163,412.919,291.539
2023-08-21,H1.Z27,P1,"['2023-08-21 08:00:00+00:00', '2023-08-21 09:00:00+00:00', '2023-08-21 10:00:00+00:00', '2023-08-21 11:00:00+00:00', '2023-08-21 13:00:00+00:00', '2023-08-21 14:00:00+00:00']",6,3.5,3.3405,28073.053,6467.658
2023-08-21,H1.Z27,P2,"['2023-08-21 08:00:00+00:00', '2023-08-21 09:00:00+00:00', '2023-08-21 10:00:00+00:00', '2023-08-21 11:00:00+00:00', '2023-08-21 13:00:00+00:00', '2023-08-21 14:00:00+00:00']",6,3.476,3.8378,27471.405,5678.535
2023-08-21,H1.Z27,P,"['2023-08-21 08:00:00+00:00', '2023-08-21 09:00:00+00:00', '2023-08-21 10:00:00+00:00', '2023-08-21 11:00:00+00:00', '2023-08-21 13:00:00+00:00', '2023-08-21 14:00:00+00:00']",6,3.468,3.616,83095.724,18001.787
2023-08-21,H1.Z27,P3,"['2023-08-21 08:00:00+00:00', '2023-08-21 09:00:00+00:00', '2023-08-21 10:00:00+00:00', '2023-08-21 11:00:00+00:00', '2023-08-21 13:00:00+00:00', '2023-08-21 14:00:00+00:00']",6,3.43,3.7214,27623.358,5850.719
2023-08-21,H1.Z27,I1,"['2023-08-21 08:00:00+00:00', '2023-08-21 09:00:00+00:00', '2023-08-21 10:00:00+00:00', '2023-08-21 11:00:00+00:00', '2023-08-21 13:00:00+00:00', '2023-08-21 14:00:00+00:00']",6,3.429,3.2667,132.175,30.979
2023-08-21,H1.Z27,I2,"['2023-08-21 08:00:00+00:00', '2023-08-21 09:00:00+00:00', '2023-08-21 10:00:00+00:00', '2023-08-21 11:00:00+00:00', '2023-08-21 13:00:00+00:00', '2023-08-21 14:00:00+00:00']",6,3.422,3.5569,130.256,28.584
2023-08-21,H1.Z27,I3,"['2023-08-21 08:00:00+00:00', '2023-08-21 09:00:00+00:00', '2023-08-21 10:00:00+00:00', '2023-08-21 11:00:00+00:00', '2023-08-21 13:00:00+00:00', '2023-08-21 14:00:00+00:00']",6,3.381,3.5503,131.703,28.944
2023-08-21,H1.Z28,P2,"['2023-08-21 03:00:00+00:00', '2023-08-21 13:00:00+00:00']",2,3.327,0.5529,22075.935,14216.366
2023-08-21,H1.Z28,P1,"['2023-08-21 03:00:00+00:00', '2023-08-21 13:00:00+00:00']",2,3.252,0.6994,21713.77,12777.353
2023-08-21,H1.Z28,P,"['2023-08-21 03:00:00+00:00', '2023-08-21 13:00:00+00:00']",2,3.245,0.6242,58370.453,35937.803
2023-08-21,H1.Z28,P3,"['2023-08-21 03:00:00+00:00', '2023-08-21 13:00:00+00:00']",2,3.211,0.6297,14580.748,8947.047
2023-08-21,H1.Z11,P,"['2023-08-21 11:00:00+00:00', '2023-08-21 12:00:00+00:00']",2,3.124,0.5043,33379.576,22189.648
2023-08-22,H3.Z45,P3,"['2023-08-22 07:00:00+00:00', '2023-08-22 08:00:00+00:00', '2023-08-22 09:00:00+00:00', '2023-08-22 10:00:00+00:00', '2023-08-22 11:00:00+00:00', '2023-08-22 12:00:00+00:00', '2023-08-22 13:00:00+00:00', '2023-08-22 14:00:00+00:00', '2023-08-22 15:00:00+00:00', '2023-08-22 16:00:00+00:00', '2023-08-22 17:00:00+00:00', '2023-08-22 18:00:00+00:00', '2023-08-22 19:00:00+00:00', '2023-08-22 20:00:00+00:00', '2023-08-22 21:00:00+00:00', '2023-08-22 22:00:00+00:00', '2023-08-22 23:00:00+00:00']",17,291.75,17.3975,1373.708,74.668
2023-08-22,H3.Z45,P1,"['2023-08-22 07:00:00+00:00', '2023-08-22 08:00:00+00:00', '2023-08-22 09:00:00+00:00', '2023-08-22 10:00:00+00:00', '2023-08-22 11:00:00+00:00', '2023-08-22 12:00:00+00:00', '2023-08-22 13:00:00+00:00', '2023-08-22 14:00:00+00:00', '2023-08-22 15:00:00+00:00', '2023-08-22 16:00:00+00:00', '2023-08-22 17:00:00+00:00', '2023-08-22 18:00:00+00:00', '2023-08-22 19:00:00+00:00', '2023-08-22 20:00:00+00:00', '2023-08-22 21:00:00+00:00', '2023-08-22 22:00:00+00:00', '2023-08-22 23:00:00+00:00']",17,280.569,28.558,1318.825,44.618
2023-08-22,H3.Z45,P,"['2023-08-22 07:00:00+00:00', '2023-08-22 08:00:00+00:00', '2023-08-22 09:00:00+00:00', '2023-08-22 10:00:00+00:00', '2023-08-22 11:00:00+00:00', '2023-08-22 12:00:00+00:00', '2023-08-22 13:00:00+00:00', '2023-08-22 14:00:00+00:00', '2023-08-22 15:00:00+00:00', '2023-08-22 16:00:00+00:00', '2023-08-22 17:00:00+00:00', '2023-08-22 18:00:00+00:00', '2023-08-22 19:00:00+00:00', '2023-08-22 20:00:00+00:00', '2023-08-22 21:00:00+00:00', '2023-08-22 22:00:00+00:00', '2023-08-22 23:00:00+00:00']",17,209.884,34.3181,4314.362,122.157
2023-08-22,H3.Z45,P2,"['2023-08-22 07:00:00+00:00', '2023-08-22 08:00:00+00:00', '2023-08-22 09:00:00+00:00', '2023-08-22 10:00:00+00:00', '2023-08-22 11:00:00+00:00', '2023-08-22 12:00:00+00:00', '2023-08-22 13:00:00+00:00', '2023-08-22 14:00:00+00:00', '2023-08-22 15:00:00+00:00', '2023-08-22 16:00:00+00:00', '2023-08-22 17:00:00+00:00', '2023-08-22 18:00:00+00:00', '2023-08-22 19:00:00+00:00', '2023-08-22 20:00:00+00:00', '2023-08-22 21:00:00+00:00', '2023-08-22 22:00:00+00:00', '2023-08-22 23:00:00+00:00']",17,116.04,645.2533,2527.935,3.912
2023-08-22,H3.Z45,Q,"['2023-08-22 00:00:00+00:00', '2023-08-22 01:00:00+00:00', '2023-08-22 02:00:00+00:00', '2023-08-22 03:00:00+00:00', '2023-08-22 04:00:00+00:00', '2023-08-22 05:00:00+00:00', '2023-08-22 06:00:00+00:00', '2023-08-22 07:00:00+00:00', '2023-08-22 08:00:00+00:00', '2023-08-22 09:00:00+00:00', '2023-08-22 10:00:00+00:00', '2023-08-22 11:00:00+00:00', '2023-08-22 12:00:00+00:00', '2023-08-22 13:00:00+00:00', '2023-08-22 14:00:00+00:00', '2023-08-22 15:00:00+00:00', '2023-08-22 16:00:00+00:00', '2023-08-22 17:00:00+00:00', '2023-08-22 18:00:00+00:00', '2023-08-22 19:00:00+00:00', '2023-08-22 20:00:00+00:00', '2023-08-22 21:00:00+00:00', '2023-08-22 22:00:00+00:00']",23,64.881,1.6202,348.577,133.034
2023-08-22,H1.Z26,P2,"['2023-08-22 08:00:00+00:00', '2023-08-22 09:00:00+00:00']",2,13.84,0.1363,1343.657,1182.529
2023-08-22,H1.Z26,P,"['2023-08-22 08:00:00+00:00', '2023-08-22 09:00:00+00:00']",2,10.798,0.3084,5450.985,4166.216
2023-08-22,H1.Z26,P3,"['2023-08-22 08:00:00+00:00', '2023-08-22 09:00:00+00:00', '2023-08-22 10:00:00+00:00', '2023-08-22 11:00:00+00:00', '2023-08-22 12:00:00+00:00', '2023-08-22 13:00:00+00:00']",6,8.665,0.8927,2077.71,1097.736
2023-08-22,H1.K15,Tvl,"['2023-08-22 15:00:00+00:00', '2023-08-22 16:00:00+00:00', '2023-08-22 18:00:00+00:00', '2023-08-22 19:00:00+00:00', '2023-08-22 20:00:00+00:00', '2023-08-22 22:00:00+00:00', '2023-08-22 23:00:00+00:00']",7,7.797,0.2533,5.724,4.567
2023-08-22,H1.Z20,P,"['2023-08-22 02:00:00+00:00', '2023-08-22 03:00:00+00:00']",2,5.43,0.766,-7325.131,-4147.783
2023-08-22,H1.Z20,P1,"['2023-08-22 02:00:00+00:00', '2023-08-22 03:00:00+00:00']",2,5.304,0.7995,-2593.462,-1441.229
2023-08-22,H1.Z20,P3,"['2023-08-22 02:00:00+00:00', '2023-08-22 03:00:00+00:00']",2,5.289,0.8012,-2418.353,-1342.667
2023-08-22,H1.Z20,P2,"['2023-08-22 02:00:00+00:00', '2023-08-22 03:00:00+00:00']",2,5.284,0.7999,-2503.077,-1390.649
2023-08-22,H1.Z19,P3,"['2023-08-22 02:00:00+00:00', '2023-08-22 03:00:00+00:00']",2,5.254,1.9519,31.221,10.577
2023-08-22,H1.Z20,I3,"['2023-08-22 02:00:00+00:00', '2023-08-22 03:00:00+00:00']",2,5.238,0.7366,-11.014,-6.342
2023-08-22,H1.Z20,I2,"['2023-08-22 02:00:00+00:00', '2023-08-22 03:00:00+00:00']",2,5.209,0.7337,-11.385,-6.567
2023-08-22,H1.Z20,I1,"['2023-08-22 02:00:00+00:00', '2023-08-22 03:00:00+00:00']",2,5.193,0.7373,-12.433,-7.157
2023-08-22,H1.W11,Tdiff,"['2023-08-22 02:00:00+00:00', '2023-08-22 03:00:00+00:00']",2,4.669,0.2532,-148.243,-198.513
2023-08-22,V.Z81,I2,"['2023-08-22 08:00:00+00:00', '2023-08-22 09:00:00+00:00', '2023-08-22 10:00:00+00:00']",3,4.593,0.2342,151.25,122.545
2023-08-22,H3.ZE41,I1,"['2023-08-22 08:00:00+00:00', '2023-08-22 11:00:00+00:00', '2023-08-22 12:00:00+00:00', '2023-08-22 13:00:00+00:00', '2023-08-22 14:00:00+00:00']",5,4.379,0.6212,14.211,8.766
2023-08-22,V.Z81,I3,"['2023-08-22 08:00:00+00:00', '2023-08-22 09:00:00+00:00', '2023-08-22 10:00:00+00:00']",3,4.221,0.259,153.995,122.316
2023-08-22,H3.ZE41,P1,"['2023-08-22 11:00:00+00:00', '2023-08-22 12:00:00+00:00', '2023-08-22 13:00:00+00:00', '2023-08-22 14:00:00+00:00']",4,4.203,0.6747,3079.794,1838.973
2023-08-22,V.Z81,I1,"['2023-08-22 08:00:00+00:00', '2023-08-22 09:00:00+00:00', '2023-08-22 10:00:00+00:00']",3,4.203,0.2458,152.725,122.588
2023-08-22,H1.Z13,P,"['2023-08-22 19:00:00+00:00', '2023-08-22 20:00:00+00:00', '2023-08-22 21:00:00+00:00', '2023-08-22 22:00:00+00:00', '2023-08-22 23:00:00+00:00']",5,4.078,0.2119,8176.841,10376.017
2023-08-22,H1.Z14,P,"['2023-08-22 20:00:00+00:00', '2023-08-22 21:00:00+00:00', '2023-08-22 22:00:00+00:00', '2023-08-22 23:00:00+00:00']",4,3.919,0.2038,7926.416,9955.458
2023-08-22,H4.ZE51,I2,"['2023-08-22 08:00:00+00:00', '2023-08-22 13:00:00+00:00']",2,3.801,0.2534,12.138,9.684
2023-08-22,H3.ZE40,I2,"['2023-08-22 12:00:00+00:00', '2023-08-22 14:00:00+00:00']",2,3.688,0.1074,14.876,13.434
2023-08-22,H3.ZE40,P2,"['2023-08-22 12:00:00+00:00', '2023-08-22 14:00:00+00:00']",2,3.615,0.1096,3155.444,2843.875
2023-08-22,H3.Z41,P,"['2023-08-22 11:00:00+00:00', '2023-08-22 12:00:00+00:00', '2023-08-22 13:00:00+00:00', '2023-08-22 14:00:00+00:00']",4,3.542,0.4204,6300.039,4435.292
2023-08-22,H3.ZE41,P,"['2023-08-22 11:00:00+00:00', '2023-08-22 12:00:00+00:00', '2023-08-22 13:00:00+00:00']",3,3.478,0.4075,6130.748,4355.786
2023-08-22,H1.Z28,I3,"['2023-08-22 09:00:00+00:00', '2023-08-22 10:00:00+00:00']",2,3.225,0.4676,-76.597,-52.191
2023-08-22,H1.Z28,I2,"['2023-08-22 09:00:00+00:00', '2023-08-22 10:00:00+00:00']",2,3.189,0.468,-116.986,-79.689
2023-08-28,H1.Z21,Q,"['2023-08-28 09:00:00+00:00', '2023-08-28 10:00:00+00:00', '2023-08-28 11:00:00+00:00', '2023-08-28 12:00:00+00:00', '2023-08-28 13:00:00+00:00', '2023-08-28 14:00:00+00:00']",6,16.65,6.7339,488.587,63.175
2023-08-28,H1.Z22,P,"['2023-08-28 09:00:00+00:00', '2023-08-28 10:00:00+00:00', '2023-08-28 11:00:00+00:00', '2023-08-28 12:00:00+00:00', '2023-08-28 13:00:00+00:00', '2023-08-28 14:00:00+00:00']",6,15.124,2.4091,1093.426,320.735
2023-08-28,H1.Z21,P,"['2023-08-28 09:00:00+00:00', '2023-08-28 10:00:00+00:00', '2023-08-28 11:00:00+00:00', '2023-08-28 12:00:00+00:00', '2023-08-28 13:00:00+00:00', '2023-08-28 14:00:00+00:00']",6,14.745,2.2928,1078.998,327.688
2023-08-28,H1.Z22,Q,"['2023-08-28 09:00:00+00:00', '2023-08-28 10:00:00+00:00', '2023-08-28 11:00:00+00:00', '2023-08-28 12:00:00+00:00', '2023-08-28 13:00:00+00:00', '2023-08-28 14:00:00+00:00']",6,14.475,6.0107,488.446,69.672
2023-08-28,H1.Z20,Q,"['2023-08-28 03:00:00+00:00', '2023-08-28 04:00:00+00:00', '2023-08-28 07:00:00+00:00', '2023-08-28 08:00:00+00:00', '2023-08-28 09:00:00+00:00', '2023-08-28 17:00:00+00:00', '2023-08-28 18:00:00+00:00']",7,12.679,18.6332,-4035.375,-205.538
2023-08-28,H1.W11,Tdiff,"['2023-08-28 00:00:00+00:00', '2023-08-28 01:00:00+00:00', '2023-08-28 03:00:00+00:00', '2023-08-28 04:00:00+00:00', '2023-08-28 05:00:00+00:00', '2023-08-28 08:00:00+00:00', '2023-08-28 09:00:00+00:00', '2023-08-28 10:00:00+00:00', '2023-08-28 18:00:00+00:00', '2023-08-28 19:00:00+00:00', '2023-08-28 20:00:00+00:00']",11,12.114,52.7754,8552.854,159.048
2023-08-28,H1.W11,P,"['2023-08-28 00:00:00+00:00', '2023-08-28 03:00:00+00:00', '2023-08-28 04:00:00+00:00', '2023-08-28 05:00:00+00:00', '2023-08-28 07:00:00+00:00', '2023-08-28 08:00:00+00:00', '2023-08-28 09:00:00+00:00', '2023-08-28 17:00:00+00:00', '2023-08-28 18:00:00+00:00']",9,7.247,9.2466,80516.424,7857.902
2023-08-28,H1.Z20,P,"['2023-08-28 00:00:00+00:00', '2023-08-28 03:00:00+00:00', '2023-08-28 04:00:00+00:00', '2023-08-28 07:00:00+00:00', '2023-08-28 08:00:00+00:00', '2023-08-28 17:00:00+00:00', '2023-08-28 18:00:00+00:00']",7,6.765,7.8094,-50235.209,-5702.463
2023-08-28,H1.Z20,P1,"['2023-08-28 00:00:00+00:00', '2023-08-28 03:00:00+00:00', '2023-08-28 04:00:00+00:00', '2023-08-28 07:00:00+00:00', '2023-08-28 08:00:00+00:00', '2023-08-28 17:00:00+00:00', '2023-08-28 18:00:00+00:00']",7,6.236,6.0035,-17965.619,-2565.225
2023-08-28,H1.Z20,P2,"['2023-08-28 00:00:00+00:00', '2023-08-28 03:00:00+00:00', '2023-08-28 04:00:00+00:00', '2023-08-28 07:00:00+00:00', '2023-08-28 08:00:00+00:00', '2023-08-28 17:00:00+00:00', '2023-08-28 18:00:00+00:00']",7,6.224,5.9577,-17036.667,-2448.604
2023-08-28,H1.Z20,P3,"['2023-08-28 00:00:00+00:00', '2023-08-28 03:00:00+00:00', '2023-08-28 04:00:00+00:00', '2023-08-28 07:00:00+00:00', '2023-08-28 08:00:00+00:00', '2023-08-28 17:00:00+00:00', '2023-08-28 18:00:00+00:00']",7,6.219,5.9443,-16367.794,-2357.008
2023-08-28,H1.Z20,I2,"['2023-08-28 00:00:00+00:00', '2023-08-28 03:00:00+00:00', '2023-08-28 04:00:00+00:00', '2023-08-28 07:00:00+00:00', '2023-08-28 08:00:00+00:00', '2023-08-28 17:00:00+00:00', '2023-08-28 18:00:00+00:00']",7,6.147,5.6583,-75.791,-11.383
2023-08-28,H1.Z19,P1,"['2023-08-28 00:00:00+00:00', '2023-08-28 03:00:00+00:00', '2023-08-28 04:00:00+00:00', '2023-08-28 07:00:00+00:00', '2023-08-28 08:00:00+00:00', '2023-08-28 17:00:00+00:00', '2023-08-28 18:00:00+00:00']",7,6.139,5.6103,9.044,1.368
2023-08-28,H1.Z20,I1,"['2023-08-28 00:00:00+00:00', '2023-08-28 03:00:00+00:00', '2023-08-28 04:00:00+00:00', '2023-08-28 07:00:00+00:00', '2023-08-28 08:00:00+00:00', '2023-08-28 17:00:00+00:00', '2023-08-28 18:00:00+00:00']",7,6.128,5.5974,-82.11,-12.446
2023-08-28,H1.Z20,I3,"['2023-08-28 00:00:00+00:00', '2023-08-28 03:00:00+00:00', '2023-08-28 04:00:00+00:00', '2023-08-28 07:00:00+00:00', '2023-08-28 08:00:00+00:00', '2023-08-28 17:00:00+00:00', '2023-08-28 18:00:00+00:00']",7,6.119,5.5556,-73.338,-11.187
2023-08-28,H1.W12,P,"['2023-08-28 00:00:00+00:00', '2023-08-28 03:00:00+00:00', '2023-08-28 04:00:00+00:00', '2023-08-28 07:00:00+00:00', '2023-08-28 08:00:00+00:00', '2023-08-28 17:00:00+00:00', '2023-08-28 18:00:00+00:00']",7,6.116,7.0673,83716.424,10377.273
2023-08-28,H1.Z19,P3,"['2023-08-28 00:00:00+00:00', '2023-08-28 03:00:00+00:00', '2023-08-28 04:00:00+00:00', '2023-08-28 07:00:00+00:00', '2023-08-28 08:00:00+00:00', '2023-08-28 17:00:00+00:00', '2023-08-28 18:00:00+00:00']",7,6.058,9.0921,345.532,34.238
2023-08-28,H1.Z29,I2,"['2023-08-28 00:00:00+00:00', '2023-08-28 03:00:00+00:00', '2023-08-28 04:00:00+00:00', '2023-08-28 07:00:00+00:00', '2023-08-28 08:00:00+00:00', '2023-08-28 17:00:00+00:00', '2023-08-28 18:00:00+00:00']",7,5.622,4.4311,80.912,14.898
2023-08-28,H1.ZE20,I2,"['2023-08-28 00:00:00+00:00', '2023-08-28 03:00:00+00:00', '2023-08-28 04:00:00+00:00', '2023-08-28 07:00:00+00:00', '2023-08-28 08:00:00+00:00', '2023-08-28 17:00:00+00:00', '2023-08-28 18:00:00+00:00']",7,5.622,5.5677,-74.43,-11.333
2023-08-28,H1.ZE20,P2,"['2023-08-28 00:00:00+00:00', '2023-08-28 03:00:00+00:00', '2023-08-28 04:00:00+00:00', '2023-08-28 07:00:00+00:00', '2023-08-28 08:00:00+00:00', '2023-08-28 17:00:00+00:00', '2023-08-28 18:00:00+00:00']",7,5.62,5.7568,-16749.346,-2478.894
2023-08-28,H1.Z29,P2,"['2023-08-28 00:00:00+00:00', '2023-08-28 03:00:00+00:00', '2023-08-28 04:00:00+00:00', '2023-08-28 07:00:00+00:00', '2023-08-28 08:00:00+00:00', '2023-08-28 17:00:00+00:00', '2023-08-28 18:00:00+00:00']",7,5.618,7.9316,-15714.14,-1759.397
2023-08-28,H1.ZE20,P1,"['2023-08-28 00:00:00+00:00', '2023-08-28 03:00:00+00:00', '2023-08-28 04:00:00+00:00', '2023-08-28 07:00:00+00:00', '2023-08-28 08:00:00+00:00', '2023-08-28 17:00:00+00:00', '2023-08-28 18:00:00+00:00']",7,5.615,5.7983,-17651.86,-2596.527
2023-08-28,H1.Z29,I3,"['2023-08-28 00:00:00+00:00', '2023-08-28 03:00:00+00:00', '2023-08-28 04:00:00+00:00', '2023-08-28 07:00:00+00:00', '2023-08-28 08:00:00+00:00', '2023-08-28 17:00:00+00:00', '2023-08-28 18:00:00+00:00']",7,5.602,3.8969,77.065,15.737
2023-08-28,H1.ZE20,I1,"['2023-08-28 00:00:00+00:00', '2023-08-28 03:00:00+00:00', '2023-08-28 04:00:00+00:00', '2023-08-28 07:00:00+00:00', '2023-08-28 08:00:00+00:00', '2023-08-28 17:00:00+00:00', '2023-08-28 18:00:00+00:00']",7,5.597,5.558,-80.615,-12.293
2023-08-28,H1.ZE20,I3,"['2023-08-28 00:00:00+00:00', '2023-08-28 03:00:00+00:00', '2023-08-28 04:00:00+00:00', '2023-08-28 07:00:00+00:00', '2023-08-28 08:00:00+00:00', '2023-08-28 17:00:00+00:00', '2023-08-28 18:00:00+00:00']",7,5.589,5.5642,-71.779,-10.935
2023-08-28,H1.ZE20,P,"['2023-08-28 00:00:00+00:00', '2023-08-28 03:00:00+00:00', '2023-08-28 04:00:00+00:00', '2023-08-28 07:00:00+00:00', '2023-08-28 08:00:00+00:00', '2023-08-28 17:00:00+00:00', '2023-08-28 18:00:00+00:00']",7,5.588,5.7626,-50496.001,-7466.906
2023-08-28,H1.Z29,P,"['2023-08-28 00:00:00+00:00', '2023-08-28 03:00:00+00:00', '2023-08-28 04:00:00+00:00', '2023-08-28 07:00:00+00:00', '2023-08-28 08:00:00+00:00', '2023-08-28 17:00:00+00:00', '2023-08-28 18:00:00+00:00']",7,5.585,8.9536,-47068.077,-4728.753
2023-08-28,H1.Z29,P1,"['2023-08-28 00:00:00+00:00', '2023-08-28 03:00:00+00:00', '2023-08-28 04:00:00+00:00', '2023-08-28 07:00:00+00:00', '2023-08-28 08:00:00+00:00', '2023-08-28 17:00:00+00:00', '2023-08-28 18:00:00+00:00']",7,5.585,9.0471,-16280.661,-1620.44
2023-08-28,H1.Z29,P3,"['2023-08-28 00:00:00+00:00', '2023-08-28 03:00:00+00:00', '2023-08-28 04:00:00+00:00', '2023-08-28 07:00:00+00:00', '2023-08-28 08:00:00+00:00', '2023-08-28 17:00:00+00:00', '2023-08-28 18:00:00+00:00']",7,5.582,10.1741,-15072.445,-1348.867
2023-08-28,H1.ZE20,P3,"['2023-08-28 00:00:00+00:00', '2023-08-28 03:00:00+00:00', '2023-08-28 04:00:00+00:00', '2023-08-28 07:00:00+00:00', '2023-08-28 08:00:00+00:00', '2023-08-28 17:00:00+00:00', '2023-08-28 18:00:00+00:00']",7,5.582,5.7301,-16094.894,-2391.485
2023-08-28,H1.Z29,I1,"['2023-08-28 00:00:00+00:00', '2023-08-28 03:00:00+00:00', '2023-08-28 04:00:00+00:00', '2023-08-28 07:00:00+00:00', '2023-08-28 08:00:00+00:00', '2023-08-28 17:00:00+00:00', '2023-08-28 18:00:00+00:00']",7,5.57,4.2155,86.776,16.638
2023-08-28,H1.Z24,P1,"['2023-08-28 00:00:00+00:00', '2023-08-28 03:00:00+00:00', '2023-08-28 04:00:00+00:00', '2023-08-28 08:00:00+00:00', '2023-08-28 17:00:00+00:00', '2023-08-28 18:00:00+00:00']",6,5.553,0.3337,63.248,94.917
2023-08-28,H1.Z24,Q,"['2023-08-28 03:00:00+00:00', '2023-08-28 04:00:00+00:00', '2023-08-28 08:00:00+00:00', '2023-08-28 18:00:00+00:00']",4,5.508,0.8166,32.441,17.858
2023-08-28,H1.Z25,P1,"['2023-08-28 00:00:00+00:00', '2023-08-28 03:00:00+00:00', '2023-08-28 04:00:00+00:00', '2023-08-28 08:00:00+00:00', '2023-08-28 17:00:00+00:00', '2023-08-28 18:00:00+00:00']",6,5.478,0.3887,126.803,91.308
2023-08-28,H1.Z24,P3,"['2023-08-28 00:00:00+00:00', '2023-08-28 03:00:00+00:00', '2023-08-28 04:00:00+00:00', '2023-08-28 08:00:00+00:00', '2023-08-28 18:00:00+00:00']",5,5.004,6.8639,36.493,-6.223
2023-08-28,H1.Z25,P3,"['2023-08-28 00:00:00+00:00', '2023-08-28 03:00:00+00:00', '2023-08-28 04:00:00+00:00', '2023-08-28 08:00:00+00:00', '2023-08-28 18:00:00+00:00']",5,4.908,5.7921,-20.384,4.254
2023-08-28,H4.ZE50,P1,"['2023-08-28 09:00:00+00:00', '2023-08-28 10:00:00+00:00']",2,4.546,0.2361,1493.147,1207.947
2023-08-28,H4.ZE50,I1,"['2023-08-28 09:00:00+00:00', '2023-08-28 10:00:00+00:00']",2,4.523,0.2018,7.008,5.831
2023-08-28,H1.W12,qv,"['2023-08-28 00:00:00+00:00', '2023-08-28 03:00:00+00:00', '2023-08-28 04:00:00+00:00', '2023-08-28 08:00:00+00:00', '2023-08-28 09:00:00+00:00', '2023-08-28 18:00:00+00:00']",6,4.504,4.5994,6.097,1.089
2023-08-28,H1.W11,Tvl,"['2023-08-28 00:00:00+00:00', '2023-08-28 04:00:00+00:00', '2023-08-28 05:00:00+00:00', '2023-08-28 09:00:00+00:00', '2023-08-28 18:00:00+00:00', '2023-08-28 19:00:00+00:00']",6,4.411,0.3068,57.181,43.756
2023-08-28,H1.W12,Trl,"['2023-08-28 00:00:00+00:00', '2023-08-28 03:00:00+00:00', '2023-08-28 04:00:00+00:00', '2023-08-28 08:00:00+00:00', '2023-08-28 09:00:00+00:00', '2023-08-28 18:00:00+00:00', '2023-08-28 19:00:00+00:00']",7,4.207,0.4739,52.169,35.395
2023-08-28,H1.Z21,P2,"['2023-08-28 09:00:00+00:00', '2023-08-28 12:00:00+00:00', '2023-08-28 13:00:00+00:00', '2023-08-28 14:00:00+00:00']",4,4.183,0.6917,405.561,239.732
2023-08-28,H1.Z22,P2,"['2023-08-28 09:00:00+00:00', '2023-08-28 12:00:00+00:00', '2023-08-28 13:00:00+00:00', '2023-08-28 14:00:00+00:00']",4,4.137,0.717,428.04,249.294
2023-08-28,H1.K15,Tvl,"['2023-08-28 00:00:00+00:00', '2023-08-28 01:00:00+00:00', '2023-08-28 06:00:00+00:00', '2023-08-28 07:00:00+00:00', '2023-08-28 08:00:00+00:00', '2023-08-28 09:00:00+00:00', '2023-08-28 10:00:00+00:00', '2023-08-28 11:00:00+00:00', '2023-08-28 18:00:00+00:00', '2023-08-28 19:00:00+00:00', '2023-08-28 20:00:00+00:00', '2023-08-28 21:00:00+00:00', '2023-08-28 22:00:00+00:00']",13,4.0,0.6177,8.095,5.004
2023-08-28,H1.Z22,P1,"['2023-08-28 09:00:00+00:00', '2023-08-28 12:00:00+00:00', '2023-08-28 13:00:00+00:00', '2023-08-28 14:00:00+00:00']",4,3.981,0.8341,513.468,279.953
2023-08-28,H1.Z21,P1,"['2023-08-28 09:00:00+00:00', '2023-08-28 12:00:00+00:00', '2023-08-28 13:00:00+00:00', '2023-08-28 14:00:00+00:00']",4,3.81,0.7144,529.113,308.623
2023-08-28,H1.Z22,I1,"['2023-08-28 12:00:00+00:00', '2023-08-28 13:00:00+00:00']",2,3.694,0.6512,2.603,1.577
2023-08-28,H1.Z21,I1,"['2023-08-28 12:00:00+00:00', '2023-08-28 13:00:00+00:00']",2,3.684,0.5904,2.646,1.664
2023-08-28,H1.Z21,I2,"['2023-08-28 12:00:00+00:00', '2023-08-28 13:00:00+00:00']",2,3.631,0.5989,2.579,1.613
2023-08-28,H1.W12,Tvl,"['2023-08-28 00:00:00+00:00', '2023-08-28 03:00:00+00:00', '2023-08-28 04:00:00+00:00', '2023-08-28 08:00:00+00:00', '2023-08-28 09:00:00+00:00', '2023-08-28 18:00:00+00:00', '2023-08-28 19:00:00+00:00']",7,3.596,0.609,63.438,39.428
2023-08-28,H2.T.Z33,I2,"['2023-08-28 09:00:00+00:00', '2023-08-28 13:00:00+00:00']",2,3.509,0.3406,85.661,63.9
2023-08-28,H2.T.Z32,P2,"['2023-08-28 08:00:00+00:00', '2023-08-28 09:00:00+00:00', '2023-08-28 10:00:00+00:00', '2023-08-28 12:00:00+00:00', '2023-08-28 13:00:00+00:00', '2023-08-28 14:00:00+00:00']",6,3.446,0.4282,3018.54,2113.499
2023-08-28,H1.Z21,P3,"['2023-08-28 09:00:00+00:00', '2023-08-28 12:00:00+00:00', '2023-08-28 13:00:00+00:00']",3,3.44,1.3018,144.921,62.959
2023-08-28,H2.T.Z32,P3,"['2023-08-28 10:00:00+00:00', '2023-08-28 11:00:00+00:00']",2,3.316,0.2716,2002.496,1574.782
2023-08-28,H2.K21,Trl,"['2023-08-28 07:00:00+00:00', '2023-08-28 08:00:00+00:00', '2023-08-28 10:00:00+00:00']",3,3.26,0.2214,9.867,8.079
2023-08-28,H1.W12,Tdiff,"['2023-08-28 03:00:00+00:00', '2023-08-28 04:00:00+00:00', '2023-08-28 08:00:00+00:00', '2023-08-28 18:00:00+00:00']",4,3.22,1.8201,11364.288,4029.71
2023-08-28,H1.Z22,P3,"['2023-08-28 12:00:00+00:00', '2023-08-28 13:00:00+00:00']",2,3.161,0.8401,147.158,79.974
2023-08-28,H2.K21,Tvl,"['2023-08-28 06:00:00+00:00', '2023-08-28 07:00:00+00:00']",2,3.126,0.348,9.438,7.001
2023-08-28,H3.Z45,Q,"['2023-08-28 00:00:00+00:00', '2023-08-28 01:00:00+00:00', '2023-08-28 02:00:00+00:00', '2023-08-28 03:00:00+00:00', '2023-08-28 05:00:00+00:00', '2023-08-28 06:00:00+00:00', '2023-08-28 07:00:00+00:00', '2023-08-28 20:00:00+00:00', '2023-08-28 21:00:00+00:00', '2023-08-28 22:00:00+00:00', '2023-08-28 23:00:00+00:00']",11,3.106,3.5945,-559.324,215.579
2023-08-29,H3.Z41,I3,"['2023-08-29 09:00:00+00:00', '2023-08-29 12:00:00+00:00', '2023-08-29 13:00:00+00:00']",3,6.989,0.2259,4.458,3.636
2023-08-29,H3.Z41,P3,"['2023-08-29 09:00:00+00:00', '2023-08-29 12:00:00+00:00', '2023-08-29 13:00:00+00:00']",3,6.797,0.2197,969.091,794.537
2023-08-29,H3.ZE41,I3,"['2023-08-29 09:00:00+00:00', '2023-08-29 12:00:00+00:00']",2,6.682,0.2146,4.367,3.596
2023-08-29,H3.ZE41,P3,"['2023-08-29 09:00:00+00:00', '2023-08-29 12:00:00+00:00']",2,6.58,0.2108,956.265,789.806
2023-08-29,H1.Z21,P,"['2023-08-29 06:00:00+00:00', '2023-08-29 07:00:00+00:00']",2,6.412,0.4492,642.887,443.608
2023-08-29,H1.Z22,P,"['2023-08-29 06:00:00+00:00', '2023-08-29 07:00:00+00:00']",2,6.339,0.4457,636.348,440.175
2023-08-29,H1.Z20,Q,"['2023-08-29 03:00:00+00:00', '2023-08-29 16:00:00+00:00', '2023-08-29 23:00:00+00:00']",3,5.982,3.1215,-3256.079,-790.029
2023-08-29,H4.ZE50,I1,"['2023-08-29 08:00:00+00:00', '2023-08-29 09:00:00+00:00', '2023-08-29 10:00:00+00:00']",3,4.688,0.2793,7.536,5.891
2023-08-29,H4.ZE50,P1,"['2023-08-29 08:00:00+00:00', '2023-08-29 09:00:00+00:00', '2023-08-29 10:00:00+00:00']",3,4.594,0.3014,1591.172,1222.663
2023-08-29,H4.ZE50,P3,"['2023-08-29 08:00:00+00:00', '2023-08-29 09:00:00+00:00', '2023-08-29 10:00:00+00:00']",3,4.383,0.3574,1204.23,887.16
2023-08-29,H4.ZE50,I3,"['2023-08-29 08:00:00+00:00', '2023-08-29 09:00:00+00:00', '2023-08-29 10:00:00+00:00']",3,4.363,0.3624,5.795,4.253
2023-08-29,H1.W11,P,"['2023-08-29 03:00:00+00:00', '2023-08-29 16:00:00+00:00']",2,4.353,1.5989,50304.896,19355.893
2023-08-29,H1.Z20,P,"['2023-08-29 03:00:00+00:00', '2023-08-29 16:00:00+00:00']",2,4.273,1.5013,-32262.904,-12898.204
2023-08-29,H4.ZE50,P,"['2023-08-29 08:00:00+00:00', '2023-08-29 09:00:00+00:00', '2023-08-29 10:00:00+00:00']",3,4.251,0.3622,3950.44,2900.098
2023-08-29,H1.Z20,P3,"['2023-08-29 03:00:00+00:00', '2023-08-29 16:00:00+00:00']",2,4.087,1.2671,-10656.63,-4700.542
2023-08-29,H1.Z29,P3,"['2023-08-29 03:00:00+00:00', '2023-08-29 16:00:00+00:00']",2,4.077,1.8295,-9328.121,-3296.702
2023-08-29,H1.Z29,I3,"['2023-08-29 03:00:00+00:00', '2023-08-29 16:00:00+00:00']",2,4.075,1.142,52.362,24.446
2023-08-29,H1.ZE20,P3,"['2023-08-29 03:00:00+00:00', '2023-08-29 16:00:00+00:00']",2,4.07,1.4284,-10528.64,-4335.662
2023-08-29,H1.ZE20,I3,"['2023-08-29 03:00:00+00:00', '2023-08-29 16:00:00+00:00']",2,4.064,1.4083,-47.104,-19.559
2023-08-29,H1.Z20,P2,"['2023-08-29 03:00:00+00:00', '2023-08-29 16:00:00+00:00']",2,4.063,1.2667,-11083.034,-4889.584
2023-08-29,H1.Z29,P2,"['2023-08-29 03:00:00+00:00', '2023-08-29 16:00:00+00:00']",2,4.063,1.7383,-10205.403,-3726.897
2023-08-29,H1.Z20,P1,"['2023-08-29 03:00:00+00:00', '2023-08-29 16:00:00+00:00']",2,4.062,1.2697,-11663.221,-5138.647
2023-08-29,H1.ZE20,P2,"['2023-08-29 03:00:00+00:00', '2023-08-29 16:00:00+00:00']",2,4.057,1.4314,-10949.274,-4503.254
2023-08-29,H1.Z29,I2,"['2023-08-29 03:00:00+00:00', '2023-08-29 16:00:00+00:00']",2,4.055,1.1797,53.063,24.344
2023-08-29,H1.Z29,P,"['2023-08-29 03:00:00+00:00', '2023-08-29 16:00:00+00:00']",2,4.052,1.7889,-29886.862,-10716.496
2023-08-29,H1.ZE20,P,"['2023-08-29 03:00:00+00:00', '2023-08-29 16:00:00+00:00']",2,4.051,1.4291,-32973.332,-13574.064
2023-08-29,H1.ZE20,P1,"['2023-08-29 03:00:00+00:00', '2023-08-29 16:00:00+00:00']",2,4.047,1.4277,-11495.418,-4735.162
2023-08-29,H1.ZE20,I2,"['2023-08-29 03:00:00+00:00', '2023-08-29 16:00:00+00:00']",2,4.045,1.3975,-48.611,-20.276
2023-08-29,H1.Z29,P1,"['2023-08-29 03:00:00+00:00', '2023-08-29 16:00:00+00:00']",2,4.038,1.8036,-10352.89,-3692.728
2023-08-29,H1.Z19,P1,"['2023-08-29 03:00:00+00:00', '2023-08-29 16:00:00+00:00']",2,4.03,1.223,5.914,2.66
2023-08-29,H1.Z20,I3,"['2023-08-29 03:00:00+00:00', '2023-08-29 16:00:00+00:00']",2,4.03,1.1912,-47.377,-21.621
2023-08-29,H1.W12,P,"['2023-08-29 03:00:00+00:00', '2023-08-29 16:00:00+00:00']",2,4.029,1.3701,52933.035,22333.914
2023-08-29,H1.Z29,I1,"['2023-08-29 03:00:00+00:00', '2023-08-29 16:00:00+00:00']",2,4.029,1.1571,57.453,26.634
2023-08-29,H1.Z20,I2,"['2023-08-29 03:00:00+00:00', '2023-08-29 16:00:00+00:00']",2,4.028,1.2283,-49.386,-22.163
2023-08-29,H1.ZE20,I1,"['2023-08-29 03:00:00+00:00', '2023-08-29 16:00:00+00:00']",2,4.024,1.3803,-52.29,-21.968
2023-08-29,H1.Z24,Q,"['2023-08-29 03:00:00+00:00', '2023-08-29 16:00:00+00:00']",2,4.019,0.3437,26.303,19.575
2023-08-29,H1.Z20,I1,"['2023-08-29 03:00:00+00:00', '2023-08-29 16:00:00+00:00']",2,4.014,1.2101,-53.329,-24.13
2023-08-29,H1.Z19,P3,"['2023-08-29 03:00:00+00:00', '2023-08-29 16:00:00+00:00']",2,3.861,1.3287,202.282,86.866
2023-08-29,H1.Z25,P1,"['2023-08-29 03:00:00+00:00', '2023-08-29 16:00:00+00:00']",2,3.849,0.1395,110.452,96.932
2023-08-29,H1.Z24,P1,"['2023-08-29 03:00:00+00:00', '2023-08-29 16:00:00+00:00']",2,3.816,0.1529,75.887,89.583
2023-08-29,H1.Z22,Q,"['2023-08-29 06:00:00+00:00', '2023-08-29 07:00:00+00:00']",2,3.795,0.6831,174.963,103.952
2023-08-29,H2.T.Z33,I2,"['2023-08-29 07:00:00+00:00', '2023-08-29 13:00:00+00:00']",2,3.696,0.3121,88.807,67.682
2023-08-29,H3.Z41,Q,"['2023-08-29 12:00:00+00:00', '2023-08-29 13:00:00+00:00']",2,3.625,0.1178,-1892.566,-1693.085
2023-08-29,H4.ZE50,P2,"['2023-08-29 08:00:00+00:00', '2023-08-29 09:00:00+00:00', '2023-08-29 10:00:00+00:00']",3,3.578,0.4625,1155.81,790.295
2023-08-29,H4.ZE50,I2,"['2023-08-29 08:00:00+00:00', '2023-08-29 09:00:00+00:00', '2023-08-29 10:00:00+00:00']",3,3.536,0.4869,6.465,4.348
2023-08-29,H2.T.Z33,I1,"['2023-08-29 07:00:00+00:00', '2023-08-29 13:00:00+00:00', '2023-08-29 15:00:00+00:00']",3,3.391,0.2741,88.784,69.686
2023-08-29,H3.Z46,P1,"['2023-08-29 04:00:00+00:00', '2023-08-29 05:00:00+00:00', '2023-08-29 06:00:00+00:00', '2023-08-29 07:00:00+00:00', '2023-08-29 08:00:00+00:00', '2023-08-29 09:00:00+00:00', '2023-08-29 10:00:00+00:00', '2023-08-29 11:00:00+00:00', '2023-08-29 12:00:00+00:00', '2023-08-29 13:00:00+00:00']",10,3.323,0.1358,1246.193,1441.987
2023-08-29,H1.W12,qv,"['2023-08-29 03:00:00+00:00', '2023-08-29 16:00:00+00:00', '2023-08-29 17:00:00+00:00', '2023-08-29 23:00:00+00:00']",4,3.196,1.155,4.157,1.929
2023-08-30,H1.Z26,I3,"['2023-08-30 08:00:00+00:00', '2023-08-30 09:00:00+00:00', '2023-08-30 10:00:00+00:00', '2023-08-30 11:00:00+00:00', '2023-08-30 12:00:00+00:00', '2023-08-30 13:00:00+00:00', '2023-08-30 14:00:00+00:00', '2023-08-30 15:00:00+00:00', '2023-08-30 16:00:00+00:00', '2023-08-30 17:00:00+00:00', '2023-08-30 18:00:00+00:00', '2023-08-30 19:00:00+00:00', '2023-08-30 20:00:00+00:00', '2023-08-30 21:00:00+00:00', '2023-08-30 22:00:00+00:00', '2023-08-30 23:00:00+00:00']",16,31.639,0.1323,164.671,189.789
2023-08-30,H1.Z26,I2,"['2023-08-30 08:00:00+00:00', '2023-08-30 09:00:00+00:00', '2023-08-30 10:00:00+00:00', '2023-08-30 11:00:00+00:00', '2023-08-30 12:00:00+00:00', '2023-08-30 13:00:00+00:00', '2023-08-30 14:00:00+00:00', '2023-08-30 15:00:00+00:00', '2023-08-30 16:00:00+00:00', '2023-08-30 17:00:00+00:00', '2023-08-30 18:00:00+00:00', '2023-08-30 19:00:00+00:00', '2023-08-30 20:00:00+00:00', '2023-08-30 21:00:00+00:00', '2023-08-30 22:00:00+00:00', '2023-08-30 23:00:00+00:00']",16,30.864,0.1354,162.469,187.906
2023-08-30,H1.Z26,I1,"['2023-08-30 09:00:00+00:00', '2023-08-30 10:00:00+00:00', '2023-08-30 11:00:00+00:00', '2023-08-30 12:00:00+00:00', '2023-08-30 13:00:00+00:00', '2023-08-30 14:00:00+00:00', '2023-08-30 15:00:00+00:00', '2023-08-30 16:00:00+00:00', '2023-08-30 17:00:00+00:00', '2023-08-30 18:00:00+00:00', '2023-08-30 19:00:00+00:00', '2023-08-30 20:00:00+00:00', '2023-08-30 21:00:00+00:00', '2023-08-30 22:00:00+00:00', '2023-08-30 23:00:00+00:00']",15,24.582,0.1307,163.302,187.848
2023-08-30,H1.Z22,Q,"['2023-08-30 06:00:00+00:00', '2023-08-30 07:00:00+00:00', '2023-08-30 08:00:00+00:00', '2023-08-30 13:00:00+00:00']",4,20.066,6.4374,950.68,127.824
2023-08-30,H1.Z21,Q,"['2023-08-30 06:00:00+00:00', '2023-08-30 07:00:00+00:00', '2023-08-30 08:00:00+00:00', '2023-08-30 13:00:00+00:00']",4,19.259,6.8939,930.146,117.832
2023-08-30,H1.Z21,P3,"['2023-08-30 06:00:00+00:00', '2023-08-30 07:00:00+00:00', '2023-08-30 08:00:00+00:00', '2023-08-30 09:00:00+00:00', '2023-08-30 15:00:00+00:00']",5,8.929,2.0512,212.055,69.499
2023-08-30,H3.Z41,P3,"['2023-08-30 11:00:00+00:00', '2023-08-30 12:00:00+00:00', '2023-08-30 13:00:00+00:00']",3,8.452,0.3978,1116.136,798.5
2023-08-30,H3.Z41,I3,"['2023-08-30 11:00:00+00:00', '2023-08-30 12:00:00+00:00', '2023-08-30 13:00:00+00:00']",3,8.445,0.3993,5.12,3.659
2023-08-30,H3.ZE41,P3,"['2023-08-30 11:00:00+00:00', '2023-08-30 12:00:00+00:00', '2023-08-30 13:00:00+00:00']",3,8.072,0.388,1114.147,802.679
2023-08-30,H3.ZE41,I3,"['2023-08-30 11:00:00+00:00', '2023-08-30 12:00:00+00:00', '2023-08-30 13:00:00+00:00']",3,8.03,0.3895,5.078,3.654
2023-08-30,H1.Z22,P,"['2023-08-30 06:00:00+00:00', '2023-08-30 07:00:00+00:00', '2023-08-30 08:00:00+00:00', '2023-08-30 09:00:00+00:00']",4,7.795,1.4251,1184.422,488.396
2023-08-30,H1.Z21,P,"['2023-08-30 06:00:00+00:00', '2023-08-30 07:00:00+00:00', '2023-08-30 08:00:00+00:00', '2023-08-30 09:00:00+00:00']",4,7.669,1.4085,1184.302,491.714
2023-08-30,H1.Z21,I2,"['2023-08-30 07:00:00+00:00', '2023-08-30 08:00:00+00:00']",2,7.409,1.0416,3.403,1.667
2023-08-30,H1.Z21,I1,"['2023-08-30 07:00:00+00:00', '2023-08-30 08:00:00+00:00']",2,7.36,0.9879,3.415,1.718
2023-08-30,H1.Z22,P3,"['2023-08-30 07:00:00+00:00', '2023-08-30 08:00:00+00:00', '2023-08-30 09:00:00+00:00']",3,7.179,1.7115,222.132,81.922
2023-08-30,H1.Z22,I2,"['2023-08-30 07:00:00+00:00', '2023-08-30 08:00:00+00:00']",2,6.962,1.0136,3.598,1.787
2023-08-30,H1.Z22,I1,"['2023-08-30 07:00:00+00:00', '2023-08-30 08:00:00+00:00']",2,6.957,1.0979,3.435,1.637
2023-08-30,H1.Z21,P2,"['2023-08-30 07:00:00+00:00', '2023-08-30 08:00:00+00:00', '2023-08-30 09:00:00+00:00']",3,6.645,0.8091,448.379,247.841
2023-08-30,H1.Z22,P2,"['2023-08-30 07:00:00+00:00', '2023-08-30 08:00:00+00:00', '2023-08-30 09:00:00+00:00']",3,5.919,0.7626,459.438,260.656
2023-08-30,H4.ZE50,P2,"['2023-08-30 08:00:00+00:00', '2023-08-30 09:00:00+00:00']",2,5.902,0.3401,1108.956,827.517
2023-08-30,H1.Z21,P1,"['2023-08-30 07:00:00+00:00', '2023-08-30 08:00:00+00:00', '2023-08-30 09:00:00+00:00']",3,5.718,0.7585,561.937,319.551
2023-08-30,H4.ZE50,I1,"['2023-08-30 08:00:00+00:00', '2023-08-30 09:00:00+00:00', '2023-08-30 10:00:00+00:00']",3,5.502,0.3781,8.232,5.973
2023-08-30,H4.ZE50,P,"['2023-08-30 08:00:00+00:00', '2023-08-30 09:00:00+00:00']",2,5.455,0.3493,4010.981,2972.698
2023-08-30,H4.ZE50,P1,"['2023-08-30 08:00:00+00:00', '2023-08-30 09:00:00+00:00', '2023-08-30 10:00:00+00:00']",3,5.423,0.4033,1741.704,1241.145
2023-08-30,H1.Z22,P1,"['2023-08-30 07:00:00+00:00', '2023-08-30 08:00:00+00:00', '2023-08-30 09:00:00+00:00']",3,5.367,0.8124,532.13,293.61
2023-08-30,H1.Z20,Q,"['2023-08-30 03:00:00+00:00', '2023-08-30 17:00:00+00:00']",2,4.823,1.396,-2875.533,-1200.161
2023-08-30,H3.Z41,Q,"['2023-08-30 11:00:00+00:00', '2023-08-30 12:00:00+00:00', '2023-08-30 13:00:00+00:00', '2023-08-30 14:00:00+00:00']",4,4.289,0.1806,-2019.831,-1710.837
2023-08-30,H1.Z20,P,"['2023-08-30 03:00:00+00:00', '2023-08-30 17:00:00+00:00']",2,3.721,0.7516,-28832.79,-16460.743
2023-08-30,H1.Z20,P2,"['2023-08-30 03:00:00+00:00', '2023-08-30 17:00:00+00:00']",2,3.568,0.5523,-9492.476,-6115.292
2023-08-30,H1.Z20,P3,"['2023-08-30 03:00:00+00:00', '2023-08-30 17:00:00+00:00']",2,3.564,0.5553,-9140.936,-5877.439
2023-08-30,H1.Z20,I3,"['2023-08-30 03:00:00+00:00', '2023-08-30 17:00:00+00:00']",2,3.558,0.5443,-41.412,-26.816
2023-08-30,H1.Z20,P1,"['2023-08-30 03:00:00+00:00', '2023-08-30 17:00:00+00:00']",2,3.55,0.5409,-9914.752,-6434.327
2023-08-30,H1.Z20,I2,"['2023-08-30 03:00:00+00:00', '2023-08-30 17:00:00+00:00']",2,3.546,0.5406,-42.507,-27.592
2023-08-30,H1.Z19,I3,"['2023-08-30 03:00:00+00:00', '2023-08-30 17:00:00+00:00']",2,3.54,0.5104,1.756,1.163
2023-08-30,H1.ZE20,I3,"['2023-08-30 03:00:00+00:00', '2023-08-30 17:00:00+00:00']",2,3.53,0.5619,-41.009,-26.256
2023-08-30,H1.Z20,I1,"['2023-08-30 03:00:00+00:00', '2023-08-30 17:00:00+00:00']",2,3.519,0.5515,-46.5,-29.972
2023-08-30,H1.ZE20,P2,"['2023-08-30 03:00:00+00:00', '2023-08-30 17:00:00+00:00']",2,3.509,0.5544,-9437.764,-6071.786
2023-08-30,H1.ZE20,I2,"['2023-08-30 03:00:00+00:00', '2023-08-30 17:00:00+00:00']",2,3.508,0.5559,-42.298,-27.186
2023-08-30,H1.Z19,P1,"['2023-08-30 03:00:00+00:00', '2023-08-30 17:00:00+00:00']",2,3.504,0.4922,4.95,3.317
2023-08-30,H1.ZE20,P,"['2023-08-30 03:00:00+00:00', '2023-08-30 17:00:00+00:00']",2,3.501,0.5509,-28378.136,-18298.103
2023-08-30,H1.ZE20,P3,"['2023-08-30 03:00:00+00:00', '2023-08-30 17:00:00+00:00']",2,3.501,0.5545,-9083.439,-5843.415
2023-08-30,H1.Z29,I2,"['2023-08-30 03:00:00+00:00', '2023-08-30 17:00:00+00:00']",2,3.498,0.6036,50.395,31.426
2023-08-30,H1.Z29,I3,"['2023-08-30 03:00:00+00:00', '2023-08-30 17:00:00+00:00']",2,3.498,0.5791,49.255,31.193
2023-08-30,H1.Z29,P2,"['2023-08-30 03:00:00+00:00', '2023-08-30 17:00:00+00:00']",2,3.495,0.5749,-8330.769,-5289.794
2023-08-30,H1.ZE20,P1,"['2023-08-30 03:00:00+00:00', '2023-08-30 17:00:00+00:00']",2,3.492,0.5443,-9856.932,-6382.917
2023-08-30,H1.ZE20,I1,"['2023-08-30 03:00:00+00:00', '2023-08-30 17:00:00+00:00']",2,3.487,0.562,-45.925,-29.401
2023-08-30,H1.Z29,P,"['2023-08-30 03:00:00+00:00', '2023-08-30 17:00:00+00:00']",2,3.475,0.5635,-24066.999,-15392.748
2023-08-30,H1.Z29,I1,"['2023-08-30 03:00:00+00:00', '2023-08-30 17:00:00+00:00']",2,3.471,0.5958,54.562,34.191
2023-08-30,H1.Z29,P1,"['2023-08-30 03:00:00+00:00', '2023-08-30 17:00:00+00:00']",2,3.466,0.5432,-8204.589,-5316.538
2023-08-30,H1.Z29,P3,"['2023-08-30 03:00:00+00:00', '2023-08-30 17:00:00+00:00']",2,3.463,0.5736,-7531.487,-4786.181
2023-08-30,H1.Z19,P3,"['2023-08-30 03:00:00+00:00', '2023-08-30 17:00:00+00:00']",2,3.383,0.5055,167.565,111.303
2023-08-30,H1.Z25,P3,"['2023-08-30 03:00:00+00:00', '2023-08-30 17:00:00+00:00']",2,3.362,1.6066,-5.531,-2.122
2023-08-30,H1.Z24,P3,"['2023-08-30 03:00:00+00:00', '2023-08-30 17:00:00+00:00']",2,3.306,1.306,10.881,4.719
2023-08-31,H1.Z26,I1,"['2023-08-31 04:00:00+00:00', '2023-08-31 05:00:00+00:00', '2023-08-31 06:00:00+00:00', '2023-08-31 07:00:00+00:00', '2023-08-31 08:00:00+00:00', '2023-08-31 09:00:00+00:00', '2023-08-31 10:00:00+00:00', '2023-08-31 11:00:00+00:00', '2023-08-31 12:00:00+00:00', '2023-08-31 13:00:00+00:00', '2023-08-31 16:00:00+00:00', '2023-08-31 17:00:00+00:00', '2023-08-31 18:00:00+00:00']",13,12.252,0.2271,142.585,184.474
2023-08-31,H1.Z26,I3,"['2023-08-31 04:00:00+00:00', '2023-08-31 05:00:00+00:00', '2023-08-31 06:00:00+00:00', '2023-08-31 07:00:00+00:00', '2023-08-31 08:00:00+00:00', '2023-08-31 09:00:00+00:00', '2023-08-31 10:00:00+00:00', '2023-08-31 11:00:00+00:00', '2023-08-31 12:00:00+00:00', '2023-08-31 13:00:00+00:00', '2023-08-31 16:00:00+00:00', '2023-08-31 17:00:00+00:00', '2023-08-31 18:00:00+00:00']",13,12.189,0.2278,143.87,186.312
2023-08-31,H1.Z26,I2,"['2023-08-31 04:00:00+00:00', '2023-08-31 05:00:00+00:00', '2023-08-31 06:00:00+00:00', '2023-08-31 07:00:00+00:00', '2023-08-31 08:00:00+00:00', '2023-08-31 09:00:00+00:00', '2023-08-31 10:00:00+00:00', '2023-08-31 11:00:00+00:00', '2023-08-31 12:00:00+00:00', '2023-08-31 17:00:00+00:00']",10,11.96,0.2294,142.069,184.358
2023-08-31,H1.Z26,P1,"['2023-08-31 08:00:00+00:00', '2023-08-31 09:00:00+00:00']",2,6.559,0.193,1524.882,1889.477
2023-08-31,H3.ZE41,P3,"['2023-08-31 12:00:00+00:00', '2023-08-31 13:00:00+00:00']",2,4.952,0.1779,976.661,829.132
2023-08-31,H3.ZE41,I3,"['2023-08-31 12:00:00+00:00', '2023-08-31 13:00:00+00:00']",2,4.87,0.1803,4.455,3.774
2023-08-31,H3.Z41,I1,"['2023-08-31 08:00:00+00:00', '2023-08-31 09:00:00+00:00', '2023-08-31 11:00:00+00:00', '2023-08-31 12:00:00+00:00', '2023-08-31 13:00:00+00:00']",5,4.361,0.3667,10.663,7.802
2023-08-31,H1.K11,qv,"['2023-08-31 15:00:00+00:00', '2023-08-31 16:00:00+00:00', '2023-08-31 17:00:00+00:00', '2023-08-31 18:00:00+00:00', '2023-08-31 19:00:00+00:00', '2023-08-31 20:00:00+00:00', '2023-08-31 21:00:00+00:00', '2023-08-31 22:00:00+00:00', '2023-08-31 23:00:00+00:00']",9,4.276,0.1613,7.902,9.421
2023-08-31,H3.Z41,P1,"['2023-08-31 08:00:00+00:00', '2023-08-31 09:00:00+00:00', '2023-08-31 11:00:00+00:00', '2023-08-31 12:00:00+00:00', '2023-08-31 13:00:00+00:00']",5,4.274,0.4393,2277.264,1582.175
2023-08-31,H1.Z22,I2,"['2023-08-31 08:00:00+00:00', '2023-08-31 12:00:00+00:00']",2,4.173,0.3301,2.559,1.924
2023-08-31,H1.Z21,I2,"['2023-08-31 08:00:00+00:00', '2023-08-31 12:00:00+00:00']",2,4.106,0.372,2.466,1.797
2023-08-31,H1.Z20,Q,"['2023-08-31 03:00:00+00:00', '2023-08-31 04:00:00+00:00']",2,4.055,0.1458,-1438.859,-1684.518
2023-08-31,H1.Z21,I1,"['2023-08-31 08:00:00+00:00', '2023-08-31 12:00:00+00:00']",2,3.856,0.2795,2.369,1.851
2023-08-31,H4.ZE50,P,"['2023-08-31 08:00:00+00:00', '2023-08-31 09:00:00+00:00']",2,3.825,0.2742,3861.01,3030.152
2023-08-31,H4.ZE50,I1,"['2023-08-31 08:00:00+00:00', '2023-08-31 09:00:00+00:00']",2,3.813,0.3998,8.48,6.058
2023-08-31,H4.ZE50,P1,"['2023-08-31 08:00:00+00:00', '2023-08-31 09:00:00+00:00']",2,3.754,0.4571,1838.918,1262.051
2023-08-31,H3.ZE41,P,"['2023-08-31 12:00:00+00:00', '2023-08-31 13:00:00+00:00']",2,3.343,0.1661,5158.772,4424.132
2023-08-31,H3.Z42,Q,"['2023-08-31 19:00:00+00:00', '2023-08-31 20:00:00+00:00']",2,3.328,0.1748,6223.281,7541.885
2023-08-31,H2.T.Z33,P3,"['2023-08-31 10:00:00+00:00', '2023-08-31 11:00:00+00:00']",2,3.323,0.1861,12353.25,15177.968
2023-08-31,H3.ZE40,P3,"['2023-08-31 13:00:00+00:00', '2023-08-31 14:00:00+00:00']",2,3.277,0.1869,2240.31,1887.604
2023-08-31,H2.T.Z33,P2,"['2023-08-31 10:00:00+00:00', '2023-08-31 11:00:00+00:00']",2,3.255,0.1439,11850.932,13843.294
2023-08-31,H1.ZE20,I3,"['2023-08-31 03:00:00+00:00', '2023-08-31 11:00:00+00:00', '2023-08-31 19:00:00+00:00']",3,3.25,0.7034,-52.223,-30.659
2023-08-31,H1.ZE20,I1,"['2023-08-31 03:00:00+00:00', '2023-08-31 11:00:00+00:00', '2023-08-31 19:00:00+00:00']",3,3.242,0.7138,-58.826,-34.326
2023-08-31,H1.ZE20,P1,"['2023-08-31 03:00:00+00:00', '2023-08-31 11:00:00+00:00', '2023-08-31 19:00:00+00:00']",3,3.224,0.7046,-12701.304,-7451.254
2023-08-31,H3.ZE41,I2,"['2023-08-31 12:00:00+00:00', '2023-08-31 13:00:00+00:00']",2,3.217,0.2764,12.147,9.516
2023-08-31,H1.ZE20,P3,"['2023-08-31 03:00:00+00:00', '2023-08-31 11:00:00+00:00', '2023-08-31 19:00:00+00:00']",3,3.214,0.7014,-11605.007,-6820.812
2023-08-31,H1.ZE20,P,"['2023-08-31 03:00:00+00:00', '2023-08-31 11:00:00+00:00', '2023-08-31 19:00:00+00:00']",3,3.212,0.7014,-36349.451,-21364.964
2023-08-31,H3.ZE41,P2,"['2023-08-31 12:00:00+00:00', '2023-08-31 13:00:00+00:00']",2,3.207,0.3081,2527.549,1932.262
2023-08-31,H1.Z29,P1,"['2023-08-31 03:00:00+00:00', '2023-08-31 11:00:00+00:00', '2023-08-31 19:00:00+00:00']",3,3.205,0.8087,-11448.327,-6329.648
2023-08-31,H1.ZE20,I2,"['2023-08-31 03:00:00+00:00', '2023-08-31 11:00:00+00:00', '2023-08-31 19:00:00+00:00']",3,3.203,0.6919,-53.704,-31.741
2023-08-31,H1.ZE20,P2,"['2023-08-31 03:00:00+00:00', '2023-08-31 11:00:00+00:00', '2023-08-31 19:00:00+00:00']",3,3.202,0.6979,-12043.141,-7092.913
2023-08-31,H1.Z29,P,"['2023-08-31 03:00:00+00:00', '2023-08-31 11:00:00+00:00', '2023-08-31 19:00:00+00:00']",3,3.199,0.7987,-32992.151,-18342.484
2023-08-31,H1.Z29,P2,"['2023-08-31 03:00:00+00:00', '2023-08-31 11:00:00+00:00', '2023-08-31 19:00:00+00:00']",3,3.196,0.7941,-11270.296,-6281.863
2023-08-31,H1.Z29,P3,"['2023-08-31 03:00:00+00:00', '2023-08-31 11:00:00+00:00', '2023-08-31 19:00:00+00:00']",3,3.193,0.7927,-10273.528,-5730.717
2023-08-31,H1.Z29,I3,"['2023-08-31 03:00:00+00:00', '2023-08-31 11:00:00+00:00', '2023-08-31 19:00:00+00:00']",3,3.182,0.5949,57.209,35.87
2023-08-31,H3.ZE40,I3,"['2023-08-31 13:00:00+00:00', '2023-08-31 14:00:00+00:00']",2,3.18,0.1857,10.362,8.739
2023-08-31,H1.Z29,I1,"['2023-08-31 03:00:00+00:00', '2023-08-31 11:00:00+00:00', '2023-08-31 19:00:00+00:00']",3,3.173,0.5959,63.058,39.511
2023-08-31,H1.Z29,I2,"['2023-08-31 03:00:00+00:00', '2023-08-31 11:00:00+00:00', '2023-08-31 19:00:00+00:00']",3,3.165,0.5739,57.339,36.43
2023-08-31,H1.Z28,P2,"['2023-08-31 11:00:00+00:00', '2023-08-31 19:00:00+00:00']",2,3.085,0.4459,5888.456,10626.536
2023-09-01,H1.K14,qv,"['2023-09-01 07:00:00+00:00', '2023-09-01 08:00:00+00:00', '2023-09-01 09:00:00+00:00', '2023-09-01 10:00:00+00:00', '2023-09-01 11:00:00+00:00', '2023-09-01 12:00:00+00:00', '2023-09-01 13:00:00+00:00', '2023-09-01 14:00:00+00:00', '2023-09-01 15:00:00+00:00', '2023-09-01 16:00:00+00:00', '2023-09-01 17:00:00+00:00', '2023-09-01 18:00:00+00:00', '2023-09-01 19:00:00+00:00', '2023-09-01 20:00:00+00:00', '2023-09-01 21:00:00+00:00', '2023-09-01 22:00:00+00:00', '2023-09-01 23:00:00+00:00']",17,60.468,0.492,11.656,22.945
2023-09-01,V.K21,Trl,"['2023-09-01 14:00:00+00:00', '2023-09-01 15:00:00+00:00', '2023-09-01 16:00:00+00:00']",3,4.087,0.1359,6.141,5.407
2023-09-01,H1.Z13,P2,"['2023-09-01 12:00:00+00:00', '2023-09-01 13:00:00+00:00', '2023-09-01 14:00:00+00:00', '2023-09-01 15:00:00+00:00', '2023-09-01 16:00:00+00:00']",5,3.773,0.1299,3580.819,3169.284
2023-09-01,H1.Z14,P2,"['2023-09-01 12:00:00+00:00', '2023-09-01 13:00:00+00:00', '2023-09-01 14:00:00+00:00', '2023-09-01 15:00:00+00:00', '2023-09-01 16:00:00+00:00']",5,3.76,0.1364,3393.81,2986.407
2023-09-01,H1.Z13,P1,"['2023-09-01 12:00:00+00:00', '2023-09-01 13:00:00+00:00', '2023-09-01 14:00:00+00:00', '2023-09-01 15:00:00+00:00', '2023-09-01 16:00:00+00:00']",5,3.674,0.1405,3443.101,3018.833
2023-09-01,H1.Z13,P3,"['2023-09-01 13:00:00+00:00', '2023-09-01 14:00:00+00:00', '2023-09-01 15:00:00+00:00', '2023-09-01 16:00:00+00:00']",4,3.656,0.1353,3592.13,3164.17
2023-09-01,H1.Z14,P1,"['2023-09-01 12:00:00+00:00', '2023-09-01 13:00:00+00:00', '2023-09-01 14:00:00+00:00', '2023-09-01 15:00:00+00:00', '2023-09-01 16:00:00+00:00']",5,3.646,0.1528,3326.691,2885.824
2023-09-01,H1.Z14,P3,"['2023-09-01 13:00:00+00:00', '2023-09-01 14:00:00+00:00', '2023-09-01 15:00:00+00:00', '2023-09-01 16:00:00+00:00']",4,3.612,0.1476,3465.289,3019.662
2023-09-01,V.K21,Tdiff,"['2023-09-01 15:00:00+00:00', '2023-09-01 16:00:00+00:00']",2,3.48,0.6724,-1877.642,-1122.756
2023-09-01,H1.K11,qv,"['2023-09-01 12:00:00+00:00', '2023-09-01 13:00:00+00:00', '2023-09-01 15:00:00+00:00', '2023-09-01 16:00:00+00:00', '2023-09-01 17:00:00+00:00', '2023-09-01 18:00:00+00:00', '2023-09-01 21:00:00+00:00']",7,3.183,0.49,4.738,9.29
2023-09-01,H1.Z12,P2,"['2023-09-01 13:00:00+00:00', '2023-09-01 15:00:00+00:00', '2023-09-01 16:00:00+00:00']",3,3.079,1.0641,8884.306,4304.137
2023-09-01,H1.Z12,P1,"['2023-09-01 13:00:00+00:00', '2023-09-01 15:00:00+00:00', '2023-09-01 16:00:00+00:00']",3,3.055,1.0632,8703.044,4218.183
2023-09-01,H1.Z11,P2,"['2023-09-01 13:00:00+00:00', '2023-09-01 15:00:00+00:00', '2023-09-01 16:00:00+00:00']",3,3.04,1.0667,8869.964,4291.862
2023-09-01,H1.Z12,P3,"['2023-09-01 13:00:00+00:00', '2023-09-01 15:00:00+00:00', '2023-09-01 16:00:00+00:00']",3,3.036,1.0742,8970.591,4324.749
2023-09-01,H1.Z11,P1,"['2023-09-01 13:00:00+00:00', '2023-09-01 16:00:00+00:00']",2,3.016,1.0665,8812.572,4264.427
2023-09-01,H3.Z42,P3,"['2023-09-01 00:00:00+00:00', '2023-09-01 01:00:00+00:00', '2023-09-01 02:00:00+00:00']",3,3.008,0.1211,7656.591,8711.454
2023-09-02,H2.Z361,P1,"['2023-09-02 09:00:00+00:00', '2023-09-02 10:00:00+00:00', '2023-09-02 11:00:00+00:00', '2023-09-02 12:00:00+00:00', '2023-09-02 13:00:00+00:00']",5,4.7,0.4068,11620.834,19591.729
2023-09-02,H2.Z351,P1,"['2023-09-02 09:00:00+00:00', '2023-09-02 10:00:00+00:00', '2023-09-02 11:00:00+00:00', '2023-09-02 12:00:00+00:00', '2023-09-02 13:00:00+00:00']",5,4.688,0.4014,12004.752,20056.298
2023-09-02,H2.Z361,P,"['2023-09-02 09:00:00+00:00', '2023-09-02 10:00:00+00:00', '2023-09-02 11:00:00+00:00', '2023-09-02 12:00:00+00:00', '2023-09-02 13:00:00+00:00']",5,4.677,0.3865,37900.026,61777.732
2023-09-02,H2.Z361,P3,"['2023-09-02 09:00:00+00:00', '2023-09-02 10:00:00+00:00', '2023-09-02 11:00:00+00:00', '2023-09-02 12:00:00+00:00', '2023-09-02 13:00:00+00:00']",5,4.672,0.3638,13815.161,21715.833
2023-09-02,H2.Z351,P,"['2023-09-02 09:00:00+00:00', '2023-09-02 10:00:00+00:00', '2023-09-02 11:00:00+00:00', '2023-09-02 12:00:00+00:00', '2023-09-02 13:00:00+00:00']",5,4.658,0.3802,38925.303,62806.885
2023-09-02,H2.Z351,P3,"['2023-09-02 09:00:00+00:00', '2023-09-02 10:00:00+00:00', '2023-09-02 11:00:00+00:00', '2023-09-02 12:00:00+00:00', '2023-09-02 13:00:00+00:00']",5,4.647,0.3573,14222.206,22128.433
2023-09-02,H2.Z361,P2,"['2023-09-02 09:00:00+00:00', '2023-09-02 10:00:00+00:00', '2023-09-02 11:00:00+00:00', '2023-09-02 12:00:00+00:00', '2023-09-02 13:00:00+00:00']",5,4.642,0.3912,12461.666,20469.388
2023-09-02,H2.Z351,P2,"['2023-09-02 09:00:00+00:00', '2023-09-02 10:00:00+00:00', '2023-09-02 11:00:00+00:00', '2023-09-02 12:00:00+00:00', '2023-09-02 13:00:00+00:00']",5,4.622,0.3842,12698.5,20621.944
2023-09-02,H1.K16,P,"['2023-09-02 03:00:00+00:00', '2023-09-02 09:00:00+00:00']",2,3.72,0.1312,3919.447,4511.441
2023-09-02,V.Z84,P1,"['2023-09-02 11:00:00+00:00', '2023-09-02 12:00:00+00:00']",2,3.362,0.3762,-6391.785,-4644.493
2023-09-02,V.Z84,P2,"['2023-09-02 11:00:00+00:00', '2023-09-02 12:00:00+00:00']",2,3.358,0.3737,-7211.907,-5249.93
2023-09-02,V.Z84,I1,"['2023-09-02 11:00:00+00:00', '2023-09-02 12:00:00+00:00']",2,3.356,0.3582,-29.077,-21.409
2023-09-02,V.Z84,P,"['2023-09-02 11:00:00+00:00', '2023-09-02 12:00:00+00:00']",2,3.356,0.3744,-20003.946,-14554.855
2023-09-02,V.Z84,I2,"['2023-09-02 11:00:00+00:00', '2023-09-02 12:00:00+00:00']",2,3.351,0.3562,-33.067,-24.383
2023-09-02,V.Z84,I3,"['2023-09-02 11:00:00+00:00', '2023-09-02 12:00:00+00:00']",2,3.35,0.3564,-29.194,-21.523
2023-09-02,V.Z84,P3,"['2023-09-02 11:00:00+00:00', '2023-09-02 12:00:00+00:00']",2,3.349,0.3732,-6400.254,-4660.709
2023-09-02,V.ZE84,P1,"['2023-09-02 11:00:00+00:00', '2023-09-02 12:00:00+00:00']",2,3.339,0.3667,-6391.807,-4676.651
2023-09-02,V.ZE84,P,"['2023-09-02 11:00:00+00:00', '2023-09-02 12:00:00+00:00']",2,3.337,0.3652,-13611.251,-9969.971
2023-09-02,V.ZE84,P2,"['2023-09-02 11:00:00+00:00', '2023-09-02 12:00:00+00:00']",2,3.335,0.3639,-7219.444,-5293.321
2023-09-02,V.ZE84,I1,"['2023-09-02 11:00:00+00:00', '2023-09-02 12:00:00+00:00']",2,3.333,0.3489,-28.978,-21.482
2023-09-02,V.ZE84,I2,"['2023-09-02 11:00:00+00:00', '2023-09-02 12:00:00+00:00']",2,3.328,0.3467,-33.018,-24.518
2023-09-02,H2.Z311,P1,"['2023-09-02 11:00:00+00:00', '2023-09-02 12:00:00+00:00']",2,3.326,0.3625,-15435.117,-11328.937
2023-09-02,H2.Z311,P2,"['2023-09-02 11:00:00+00:00', '2023-09-02 12:00:00+00:00']",2,3.325,0.3617,-15407.926,-11315.191
2023-09-02,H2.Z311,P,"['2023-09-02 11:00:00+00:00', '2023-09-02 12:00:00+00:00']",2,3.322,0.361,-46245.13,-33977.801
2023-09-02,H2.Z311,P3,"['2023-09-02 11:00:00+00:00', '2023-09-02 12:00:00+00:00']",2,3.315,0.3589,-15401.997,-11334.065
2023-09-02,H2.Z311,I2,"['2023-09-02 11:00:00+00:00', '2023-09-02 12:00:00+00:00']",2,3.313,0.3481,66.8,49.552
2023-09-02,H2.Z311,I3,"['2023-09-02 11:00:00+00:00', '2023-09-02 12:00:00+00:00']",2,3.313,0.348,66.815,49.565
2023-09-02,H2.Z311,I1,"['2023-09-02 11:00:00+00:00', '2023-09-02 12:00:00+00:00']",2,3.312,0.3478,66.81,49.569
2023-09-02,H3.Z312,P1,"['2023-09-02 11:00:00+00:00', '2023-09-02 12:00:00+00:00']",2,3.269,0.3542,-9631.322,-7112.189
2023-09-02,H3.Z312,P2,"['2023-09-02 11:00:00+00:00', '2023-09-02 12:00:00+00:00']",2,3.268,0.3535,-9608.436,-7098.963
2023-09-02,H3.Z312,P,"['2023-09-02 11:00:00+00:00', '2023-09-02 12:00:00+00:00']",2,3.263,0.3522,-28825.381,-21316.77
2023-09-02,H3.Z312,P3,"['2023-09-02 11:00:00+00:00', '2023-09-02 12:00:00+00:00']",2,3.251,0.349,-9585.448,-7105.591
2023-09-02,H1.Z310,P2,"['2023-09-02 11:00:00+00:00', '2023-09-02 12:00:00+00:00']",2,3.248,0.3358,-5038.143,-3771.708
2023-09-02,H1.K14,qv,"['2023-09-02 00:00:00+00:00', '2023-09-02 01:00:00+00:00', '2023-09-02 02:00:00+00:00', '2023-09-02 03:00:00+00:00', '2023-09-02 04:00:00+00:00', '2023-09-02 05:00:00+00:00', '2023-09-02 06:00:00+00:00']",7,3.078,0.1589,17.932,21.319
2023-09-04,H1.Z26,P3,"['2023-09-04 11:00:00+00:00', '2023-09-04 12:00:00+00:00', '2023-09-04 13:00:00+00:00', '2023-09-04 14:00:00+00:00']",4,21.663,0.9241,1284.922,667.802
2023-09-04,H1.Z26,P,"['2023-09-04 11:00:00+00:00', '2023-09-04 12:00:00+00:00', '2023-09-04 13:00:00+00:00', '2023-09-04 14:00:00+00:00']",4,9.589,0.2536,4030.597,3215.307
2023-09-04,H1.Z14,P,"['2023-09-04 10:00:00+00:00', '2023-09-04 11:00:00+00:00', '2023-09-04 12:00:00+00:00', '2023-09-04 13:00:00+00:00', '2023-09-04 14:00:00+00:00', '2023-09-04 15:00:00+00:00', '2023-09-04 16:00:00+00:00']",7,5.271,0.1119,9445.251,8494.335
2023-09-04,H1.Z13,P,"['2023-09-04 10:00:00+00:00', '2023-09-04 11:00:00+00:00', '2023-09-04 12:00:00+00:00', '2023-09-04 13:00:00+00:00', '2023-09-04 14:00:00+00:00', '2023-09-04 15:00:00+00:00', '2023-09-04 16:00:00+00:00']",7,5.255,0.107,9919.449,8960.492
2023-09-04,H4.ZE51,I2,"['2023-09-04 11:00:00+00:00', '2023-09-04 12:00:00+00:00', '2023-09-04 13:00:00+00:00', '2023-09-04 14:00:00+00:00', '2023-09-04 15:00:00+00:00', '2023-09-04 16:00:00+00:00']",6,4.844,0.2273,10.777,8.781
2023-09-04,H2.K21,P,"['2023-09-04 10:00:00+00:00', '2023-09-04 11:00:00+00:00', '2023-09-04 12:00:00+00:00', '2023-09-04 13:00:00+00:00', '2023-09-04 14:00:00+00:00', '2023-09-04 15:00:00+00:00', '2023-09-04 16:00:00+00:00']",7,4.582,1.9991,20770.486,6925.544
2023-09-04,H1.K11,P,"['2023-09-04 10:00:00+00:00', '2023-09-04 11:00:00+00:00', '2023-09-04 13:00:00+00:00', '2023-09-04 14:00:00+00:00', '2023-09-04 15:00:00+00:00', '2023-09-04 16:00:00+00:00']",6,4.545,0.8123,15321.597,8454.151
2023-09-04,H1.Z12,Q,"['2023-09-04 10:00:00+00:00', '2023-09-04 11:00:00+00:00', '2023-09-04 12:00:00+00:00', '2023-09-04 13:00:00+00:00', '2023-09-04 14:00:00+00:00', '2023-09-04 15:00:00+00:00', '2023-09-04 16:00:00+00:00', '2023-09-04 17:00:00+00:00']",8,4.414,0.8406,14322.526,7781.281
2023-09-04,H4.ZE51,P2,"['2023-09-04 11:00:00+00:00', '2023-09-04 12:00:00+00:00', '2023-09-04 13:00:00+00:00', '2023-09-04 14:00:00+00:00', '2023-09-04 15:00:00+00:00']",5,4.392,0.3613,2017.442,1481.975
2023-09-04,H1.Z11,Q,"['2023-09-04 10:00:00+00:00', '2023-09-04 11:00:00+00:00', '2023-09-04 12:00:00+00:00', '2023-09-04 13:00:00+00:00', '2023-09-04 14:00:00+00:00', '2023-09-04 15:00:00+00:00', '2023-09-04 16:00:00+00:00', '2023-09-04 17:00:00+00:00']",8,4.368,0.837,14173.694,7715.751
2023-09-04,H1.Z12,P,"['2023-09-04 10:00:00+00:00', '2023-09-04 11:00:00+00:00', '2023-09-04 12:00:00+00:00', '2023-09-04 13:00:00+00:00', '2023-09-04 14:00:00+00:00', '2023-09-04 15:00:00+00:00', '2023-09-04 16:00:00+00:00', '2023-09-04 17:00:00+00:00']",8,4.334,0.874,13889.181,7411.503
2023-09-04,H1.Z11,P,"['2023-09-04 10:00:00+00:00', '2023-09-04 11:00:00+00:00', '2023-09-04 12:00:00+00:00', '2023-09-04 13:00:00+00:00', '2023-09-04 14:00:00+00:00', '2023-09-04 15:00:00+00:00', '2023-09-04 16:00:00+00:00', '2023-09-04 17:00:00+00:00']",8,4.306,0.8792,13917.687,7406.064
2023-09-04,H1.Z14,Q,"['2023-09-04 10:00:00+00:00', '2023-09-04 11:00:00+00:00', '2023-09-04 12:00:00+00:00', '2023-09-04 13:00:00+00:00', '2023-09-04 14:00:00+00:00', '2023-09-04 15:00:00+00:00', '2023-09-04 16:00:00+00:00']",7,4.226,0.1597,12445.024,10731.575
2023-09-04,H1.Z13,Q,"['2023-09-04 10:00:00+00:00', '2023-09-04 11:00:00+00:00', '2023-09-04 12:00:00+00:00', '2023-09-04 13:00:00+00:00', '2023-09-04 14:00:00+00:00', '2023-09-04 15:00:00+00:00', '2023-09-04 16:00:00+00:00']",7,4.222,0.1612,13001.064,11196.59
2023-09-04,H1.Z17,I1,"['2023-09-04 10:00:00+00:00', '2023-09-04 11:00:00+00:00', '2023-09-04 12:00:00+00:00', '2023-09-04 13:00:00+00:00', '2023-09-04 14:00:00+00:00', '2023-09-04 15:00:00+00:00', '2023-09-04 16:00:00+00:00']",7,4.108,0.3228,135.622,102.525
2023-09-04,H1.Z17,P1,"['2023-09-04 10:00:00+00:00', '2023-09-04 11:00:00+00:00', '2023-09-04 12:00:00+00:00', '2023-09-04 13:00:00+00:00', '2023-09-04 14:00:00+00:00', '2023-09-04 15:00:00+00:00', '2023-09-04 16:00:00+00:00']",7,4.016,0.2689,25184.658,19848.373
2023-09-04,H1.Z17,I2,"['2023-09-04 10:00:00+00:00', '2023-09-04 11:00:00+00:00', '2023-09-04 12:00:00+00:00', '2023-09-04 13:00:00+00:00', '2023-09-04 14:00:00+00:00', '2023-09-04 15:00:00+00:00', '2023-09-04 16:00:00+00:00']",7,4.008,0.2898,133.105,103.201
2023-09-04,H1.Z17,I3,"['2023-09-04 10:00:00+00:00', '2023-09-04 11:00:00+00:00', '2023-09-04 12:00:00+00:00', '2023-09-04 13:00:00+00:00', '2023-09-04 14:00:00+00:00', '2023-09-04 15:00:00+00:00', '2023-09-04 16:00:00+00:00']",7,3.908,0.3341,129.582,97.131
2023-09-04,H1.Z17,P,"['2023-09-04 10:00:00+00:00', '2023-09-04 11:00:00+00:00', '2023-09-04 12:00:00+00:00', '2023-09-04 13:00:00+00:00', '2023-09-04 14:00:00+00:00', '2023-09-04 15:00:00+00:00', '2023-09-04 16:00:00+00:00']",7,3.899,0.2626,72728.611,57601.011
2023-09-04,H1.Z17,P2,"['2023-09-04 10:00:00+00:00', '2023-09-04 11:00:00+00:00', '2023-09-04 12:00:00+00:00', '2023-09-04 13:00:00+00:00', '2023-09-04 14:00:00+00:00', '2023-09-04 15:00:00+00:00', '2023-09-04 16:00:00+00:00']",7,3.883,0.232,24424.499,19825.435
2023-09-04,V.K21,P,"['2023-09-04 13:00:00+00:00', '2023-09-04 14:00:00+00:00', '2023-09-04 15:00:00+00:00', '2023-09-04 16:00:00+00:00']",4,3.835,0.6169,55552.882,34357.009
2023-09-04,H1.K15,P,"['2023-09-04 09:00:00+00:00', '2023-09-04 10:00:00+00:00', '2023-09-04 11:00:00+00:00', '2023-09-04 13:00:00+00:00', '2023-09-04 14:00:00+00:00', '2023-09-04 16:00:00+00:00']",6,3.817,2.0505,9185.399,3011.126
2023-09-04,H1.Z17,P3,"['2023-09-04 10:00:00+00:00', '2023-09-04 11:00:00+00:00', '2023-09-04 12:00:00+00:00', '2023-09-04 13:00:00+00:00', '2023-09-04 14:00:00+00:00', '2023-09-04 15:00:00+00:00', '2023-09-04 16:00:00+00:00']",7,3.777,0.2896,23119.853,17928.496
2023-09-04,H1.Z27,P1,"['2023-09-04 12:00:00+00:00', '2023-09-04 13:00:00+00:00']",2,3.404,0.6454,12775.797,7764.636
2023-09-04,H1.Z10,P2,"['2023-09-04 14:00:00+00:00', '2023-09-04 16:00:00+00:00', '2023-09-04 17:00:00+00:00']",3,3.357,0.1106,1688.951,1898.957
2023-09-04,H1.Z27,P2,"['2023-09-04 12:00:00+00:00', '2023-09-04 13:00:00+00:00']",2,3.336,0.6809,11813.892,7028.486
2023-09-04,H1.Z27,P,"['2023-09-04 12:00:00+00:00', '2023-09-04 13:00:00+00:00']",2,3.334,0.6624,36509.286,21961.653
2023-09-04,H1.Z27,P3,"['2023-09-04 12:00:00+00:00', '2023-09-04 13:00:00+00:00']",2,3.262,0.6639,11928.289,7168.826
2023-09-04,H1.Z27,I1,"['2023-09-04 12:00:00+00:00', '2023-09-04 13:00:00+00:00']",2,3.194,0.6051,62.093,38.684
2023-09-14,H1.Z16,I1,"['2023-09-14 14:00:00+00:00', '2023-09-14 15:00:00+00:00', '2023-09-14 16:00:00+00:00']",3,249.123,0.1314,1.253,1.108
2023-09-14,H1.Z16,I2,"['2023-09-14 14:00:00+00:00', '2023-09-14 15:00:00+00:00', '2023-09-14 16:00:00+00:00']",3,234.02,0.1204,1.245,1.111
2023-09-14,H1.Z16,Q,"['2023-09-14 14:00:00+00:00', '2023-09-14 15:00:00+00:00', '2023-09-14 16:00:00+00:00']",3,145.255,1.1581,106.395,49.3
2023-09-14,H1.Z16,P2,"['2023-09-14 14:00:00+00:00', '2023-09-14 15:00:00+00:00', '2023-09-14 16:00:00+00:00']",3,107.431,0.1102,227.709,205.102
2023-09-14,H1.Z16,P,"['2023-09-14 14:00:00+00:00', '2023-09-14 15:00:00+00:00', '2023-09-14 16:00:00+00:00']",3,51.187,0.1465,518.789,452.515
2023-09-14,H1.K11,Tvl,"['2023-09-14 11:00:00+00:00', '2023-09-14 12:00:00+00:00', '2023-09-14 13:00:00+00:00', '2023-09-14 14:00:00+00:00', '2023-09-14 15:00:00+00:00', '2023-09-14 16:00:00+00:00', '2023-09-14 17:00:00+00:00', '2023-09-14 18:00:00+00:00', '2023-09-14 19:00:00+00:00', '2023-09-14 20:00:00+00:00', '2023-09-14 21:00:00+00:00', '2023-09-14 22:00:00+00:00', '2023-09-14 23:00:00+00:00']",13,11.292,0.3307,5.701,4.284
2023-09-14,H1.W11,Tdiff,"['2023-09-14 03:00:00+00:00', '2023-09-14 04:00:00+00:00', '2023-09-14 05:00:00+00:00']",3,11.154,12.4044,2578.681,192.375
2023-09-14,V.K21,Tvl,"['2023-09-14 11:00:00+00:00', '2023-09-14 12:00:00+00:00', '2023-09-14 13:00:00+00:00', '2023-09-14 14:00:00+00:00', '2023-09-14 15:00:00+00:00', '2023-09-14 16:00:00+00:00', '2023-09-14 17:00:00+00:00', '2023-09-14 18:00:00+00:00', '2023-09-14 19:00:00+00:00', '2023-09-14 20:00:00+00:00', '2023-09-14 21:00:00+00:00', '2023-09-14 22:00:00+00:00', '2023-09-14 23:00:00+00:00']",13,10.19,0.3389,5.682,4.244
2023-09-14,H1.K16,Tvl,"['2023-09-14 11:00:00+00:00', '2023-09-14 12:00:00+00:00', '2023-09-14 13:00:00+00:00', '2023-09-14 14:00:00+00:00', '2023-09-14 15:00:00+00:00', '2023-09-14 16:00:00+00:00', '2023-09-14 17:00:00+00:00', '2023-09-14 18:00:00+00:00', '2023-09-14 19:00:00+00:00', '2023-09-14 20:00:00+00:00', '2023-09-14 21:00:00+00:00', '2023-09-14 22:00:00+00:00', '2023-09-14 23:00:00+00:00']",13,10.072,0.3277,5.84,4.399
2023-09-14,H1.K14,Tvl,"['2023-09-14 11:00:00+00:00', '2023-09-14 12:00:00+00:00', '2023-09-14 13:00:00+00:00', '2023-09-14 14:00:00+00:00', '2023-09-14 15:00:00+00:00', '2023-09-14 16:00:00+00:00', '2023-09-14 17:00:00+00:00', '2023-09-14 18:00:00+00:00', '2023-09-14 19:00:00+00:00', '2023-09-14 20:00:00+00:00', '2023-09-14 21:00:00+00:00', '2023-09-14 22:00:00+00:00', '2023-09-14 23:00:00+00:00']",13,9.621,0.3211,6.191,4.686
2023-09-14,H1.Z20,Q,"['2023-09-14 03:00:00+00:00', '2023-09-14 10:00:00+00:00', '2023-09-14 11:00:00+00:00']",3,6.298,4.0888,-1886.545,-370.727
2023-09-14,H1.W12,P,"['2023-09-14 03:00:00+00:00', '2023-09-14 10:00:00+00:00', '2023-09-14 11:00:00+00:00', '2023-09-14 19:00:00+00:00']",4,5.996,3.811,44028.816,9151.79
2023-09-14,H1.Z10,Q,"['2023-09-14 07:00:00+00:00', '2023-09-14 08:00:00+00:00', '2023-09-14 12:00:00+00:00']",3,5.961,0.3415,-487.286,-740.016
2023-09-14,H1.Z10,I1,"['2023-09-14 08:00:00+00:00', '2023-09-14 12:00:00+00:00']",2,5.693,0.3032,7.052,5.411
2023-09-14,H1.Z10,P1,"['2023-09-14 08:00:00+00:00', '2023-09-14 12:00:00+00:00']",2,5.619,0.2673,1475.958,1164.613
2023-09-14,H1.Z20,P,"['2023-09-14 02:00:00+00:00', '2023-09-14 03:00:00+00:00', '2023-09-14 10:00:00+00:00', '2023-09-14 11:00:00+00:00']",4,5.575,3.9257,-27613.526,-5606.018
2023-09-14,H1.Z19,P3,"['2023-09-14 02:00:00+00:00', '2023-09-14 03:00:00+00:00', '2023-09-14 10:00:00+00:00', '2023-09-14 11:00:00+00:00']",4,5.519,3.8694,172.273,35.378
2023-09-14,H1.Z20,P3,"['2023-09-14 02:00:00+00:00', '2023-09-14 03:00:00+00:00', '2023-09-14 10:00:00+00:00', '2023-09-14 11:00:00+00:00']",4,5.403,2.6042,-8858.895,-2457.956
2023-09-14,H1.Z20,P2,"['2023-09-14 02:00:00+00:00', '2023-09-14 03:00:00+00:00', '2023-09-14 10:00:00+00:00', '2023-09-14 11:00:00+00:00']",4,5.349,2.5495,-9065.434,-2553.985
2023-09-14,H1.Z20,P1,"['2023-09-14 02:00:00+00:00', '2023-09-14 03:00:00+00:00', '2023-09-14 10:00:00+00:00', '2023-09-14 11:00:00+00:00']",4,5.341,2.5809,-9535.071,-2662.751
2023-09-14,H1.Z20,I3,"['2023-09-14 02:00:00+00:00', '2023-09-14 03:00:00+00:00', '2023-09-14 10:00:00+00:00', '2023-09-14 11:00:00+00:00']",4,5.31,2.3723,-39.721,-11.779
2023-09-14,H1.Z20,I2,"['2023-09-14 02:00:00+00:00', '2023-09-14 03:00:00+00:00', '2023-09-14 10:00:00+00:00', '2023-09-14 11:00:00+00:00']",4,5.279,2.3681,-40.491,-12.022
2023-09-14,H1.Z20,I1,"['2023-09-14 02:00:00+00:00', '2023-09-14 03:00:00+00:00', '2023-09-14 10:00:00+00:00', '2023-09-14 11:00:00+00:00']",4,5.258,2.3445,-44.334,-13.256
2023-09-14,H1.Z24,P1,"['2023-09-14 03:00:00+00:00', '2023-09-14 10:00:00+00:00']",2,4.925,0.1325,82.639,95.265
2023-09-14,H1.K16,Trl,"['2023-09-14 12:00:00+00:00', '2023-09-14 13:00:00+00:00', '2023-09-14 14:00:00+00:00', '2023-09-14 15:00:00+00:00', '2023-09-14 16:00:00+00:00', '2023-09-14 17:00:00+00:00', '2023-09-14 18:00:00+00:00', '2023-09-14 19:00:00+00:00', '2023-09-14 20:00:00+00:00', '2023-09-14 21:00:00+00:00', '2023-09-14 22:00:00+00:00', '2023-09-14 23:00:00+00:00']",12,4.574,0.1426,13.897,12.163
2023-09-14,H1.Z19,P1,"['2023-09-14 03:00:00+00:00', '2023-09-14 10:00:00+00:00', '2023-09-14 11:00:00+00:00']",3,4.488,1.6697,4.75,1.779
2023-09-14,H1.ZE20,I3,"['2023-09-14 03:00:00+00:00', '2023-09-14 10:00:00+00:00', '2023-09-14 11:00:00+00:00']",3,4.467,2.3943,-39.019,-11.495
2023-09-14,H1.Z29,I3,"['2023-09-14 03:00:00+00:00', '2023-09-14 10:00:00+00:00', '2023-09-14 11:00:00+00:00']",3,4.466,1.5968,44.169,17.009
2023-09-14,H1.ZE20,P3,"['2023-09-14 03:00:00+00:00', '2023-09-14 10:00:00+00:00', '2023-09-14 11:00:00+00:00']",3,4.465,2.4657,-8694.386,-2508.697
2023-09-14,H1.Z29,P3,"['2023-09-14 03:00:00+00:00', '2023-09-14 10:00:00+00:00', '2023-09-14 11:00:00+00:00']",3,4.451,4.7027,-7609.874,-1334.422
2023-09-14,H3.Z41,I3,"['2023-09-14 09:00:00+00:00', '2023-09-14 12:00:00+00:00', '2023-09-14 13:00:00+00:00']",3,4.451,0.1832,4.625,3.909
2023-09-14,H1.ZE20,I1,"['2023-09-14 03:00:00+00:00', '2023-09-14 10:00:00+00:00', '2023-09-14 11:00:00+00:00']",3,4.43,2.3428,-43.53,-13.022
2023-09-14,H1.ZE20,P,"['2023-09-14 03:00:00+00:00', '2023-09-14 10:00:00+00:00', '2023-09-14 11:00:00+00:00']",3,4.427,2.4396,-26928.815,-7829.101
2023-09-14,H1.Z29,I1,"['2023-09-14 03:00:00+00:00', '2023-09-14 10:00:00+00:00', '2023-09-14 11:00:00+00:00']",3,4.424,1.7013,47.935,17.745
2023-09-14,H1.ZE20,I2,"['2023-09-14 03:00:00+00:00', '2023-09-14 10:00:00+00:00', '2023-09-14 11:00:00+00:00']",3,4.419,2.3277,-39.795,-11.958
2023-09-14,H1.Z29,P,"['2023-09-14 03:00:00+00:00', '2023-09-14 10:00:00+00:00', '2023-09-14 11:00:00+00:00']",3,4.417,4.0864,-24195.234,-4756.849
2023-09-14,H1.ZE20,P1,"['2023-09-14 03:00:00+00:00', '2023-09-14 10:00:00+00:00', '2023-09-14 11:00:00+00:00']",3,4.413,2.449,-9343.947,-2709.178
2023-09-14,H1.Z29,I2,"['2023-09-14 03:00:00+00:00', '2023-09-14 10:00:00+00:00', '2023-09-14 11:00:00+00:00']",3,4.41,1.7077,43.982,16.243
2023-09-14,H1.ZE20,P2,"['2023-09-14 03:00:00+00:00', '2023-09-14 10:00:00+00:00', '2023-09-14 11:00:00+00:00']",3,4.404,2.4047,-8890.482,-2611.225
2023-09-14,H1.Z29,P1,"['2023-09-14 03:00:00+00:00', '2023-09-14 10:00:00+00:00', '2023-09-14 11:00:00+00:00']",3,4.403,4.0511,-8411.811,-1665.337
2023-09-14,H1.Z29,P2,"['2023-09-14 03:00:00+00:00', '2023-09-14 10:00:00+00:00', '2023-09-14 11:00:00+00:00']",3,4.396,3.6518,-8173.811,-1757.135
2023-09-14,H1.W11,P,"['2023-09-14 02:00:00+00:00', '2023-09-14 03:00:00+00:00', '2023-09-14 10:00:00+00:00', '2023-09-14 11:00:00+00:00', '2023-09-14 19:00:00+00:00']",5,4.376,3.1746,40651.25,9737.741
2023-09-14,H3.Z41,P3,"['2023-09-14 09:00:00+00:00', '2023-09-14 12:00:00+00:00', '2023-09-14 13:00:00+00:00']",3,4.355,0.1873,1013.928,854.0
2023-09-14,H1.Z24,Q,"['2023-09-14 03:00:00+00:00', '2023-09-14 10:00:00+00:00', '2023-09-14 11:00:00+00:00']",3,4.255,0.4335,28.55,19.916
2023-09-14,H1.W11,Tvl,"['2023-09-14 03:00:00+00:00', '2023-09-14 04:00:00+00:00']",2,3.967,0.2016,52.541,43.725
2023-09-14,H4.ZE50,I2,"['2023-09-14 07:00:00+00:00', '2023-09-14 09:00:00+00:00']",2,3.601,0.2414,5.426,4.371
2023-09-14,H4.ZE50,P2,"['2023-09-14 07:00:00+00:00', '2023-09-14 09:00:00+00:00']",2,3.543,0.2553,1027.564,818.568
2023-09-14,H1.K15,Tvl,"['2023-09-14 19:00:00+00:00', '2023-09-14 20:00:00+00:00', '2023-09-14 21:00:00+00:00', '2023-09-14 22:00:00+00:00', '2023-09-14 23:00:00+00:00']",5,3.502,0.4427,8.104,5.617
2023-09-14,H3.Z41,Q,"['2023-09-14 09:00:00+00:00', '2023-09-14 12:00:00+00:00']",2,3.298,0.18,-2038.918,-1727.96
2023-09-14,H1.W12,Trl,"['2023-09-14 03:00:00+00:00', '2023-09-14 04:00:00+00:00', '2023-09-14 11:00:00+00:00']",3,3.274,0.2781,46.484,36.37
2023-09-19,H1.K16,P,"['2023-09-19 19:00:00+00:00', '2023-09-19 20:00:00+00:00', '2023-09-19 21:00:00+00:00', '2023-09-19 22:00:00+00:00', '2023-09-19 23:00:00+00:00']",5,378.726,10.2314,50303.295,4478.826
2023-09-19,V.K21,P,"['2023-09-19 19:00:00+00:00', '2023-09-19 20:00:00+00:00', '2023-09-19 21:00:00+00:00', '2023-09-19 22:00:00+00:00', '2023-09-19 23:00:00+00:00']",5,41.261,3.6109,237215.035,51446.146
2023-09-19,H1.K11,P,"['2023-09-19 19:00:00+00:00', '2023-09-19 20:00:00+00:00', '2023-09-19 21:00:00+00:00', '2023-09-19 22:00:00+00:00', '2023-09-19 23:00:00+00:00']",5,41.26,4.0932,80433.576,15792.37
2023-09-19,H1.K14,P,"['2023-09-19 19:00:00+00:00', '2023-09-19 20:00:00+00:00']",2,24.761,1.2816,58132.153,25478.983
2023-09-19,H1.K15,P,"['2023-09-19 20:00:00+00:00', '2023-09-19 21:00:00+00:00', '2023-09-19 22:00:00+00:00', '2023-09-19 23:00:00+00:00']",4,18.499,2.0083,30233.778,10050.231
2023-09-19,H1.Z26,P1,"['2023-09-19 07:00:00+00:00', '2023-09-19 08:00:00+00:00']",2,14.728,0.1507,2380.996,2069.142
2023-09-19,H1.Z26,P2,"['2023-09-19 07:00:00+00:00', '2023-09-19 08:00:00+00:00']",2,12.898,0.1927,1605.067,1345.748
2023-09-19,H1.Z22,P,"['2023-09-19 07:00:00+00:00', '2023-09-19 08:00:00+00:00', '2023-09-19 09:00:00+00:00', '2023-09-19 11:00:00+00:00']",4,11.768,1.4754,797.628,322.227
2023-09-19,H1.Z26,P,"['2023-09-19 07:00:00+00:00', '2023-09-19 08:00:00+00:00']",2,11.768,0.3646,6515.813,4774.922
2023-09-19,H1.Z21,P,"['2023-09-19 07:00:00+00:00', '2023-09-19 08:00:00+00:00', '2023-09-19 09:00:00+00:00', '2023-09-19 11:00:00+00:00']",4,11.481,1.3984,791.473,329.997
2023-09-19,H1.Z18,I1,"['2023-09-19 08:00:00+00:00', '2023-09-19 09:00:00+00:00', '2023-09-19 11:00:00+00:00']",3,10.37,0.7998,3.799,2.111
2023-09-19,H1.Z18,I2,"['2023-09-19 08:00:00+00:00', '2023-09-19 09:00:00+00:00', '2023-09-19 11:00:00+00:00']",3,10.063,0.9265,2.355,1.222
2023-09-19,H1.Z21,Q,"['2023-09-19 07:00:00+00:00', '2023-09-19 08:00:00+00:00', '2023-09-19 09:00:00+00:00', '2023-09-19 11:00:00+00:00']",4,10.044,5.8611,354.88,51.723
2023-09-19,H1.Z18,P2,"['2023-09-19 08:00:00+00:00', '2023-09-19 11:00:00+00:00']",2,9.975,0.8876,493.126,261.252
2023-09-19,H1.Z18,P1,"['2023-09-19 08:00:00+00:00', '2023-09-19 09:00:00+00:00', '2023-09-19 11:00:00+00:00']",3,9.875,0.8978,732.265,385.852
2023-09-19,H1.Z18,Q,"['2023-09-19 08:00:00+00:00', '2023-09-19 11:00:00+00:00']",2,9.794,1.4629,651.48,264.512
2023-09-19,H1.Z22,Q,"['2023-09-19 07:00:00+00:00', '2023-09-19 08:00:00+00:00', '2023-09-19 09:00:00+00:00', '2023-09-19 11:00:00+00:00']",4,9.631,4.81,368.961,63.504
2023-09-19,H1.Z26,P3,"['2023-09-19 07:00:00+00:00', '2023-09-19 08:00:00+00:00', '2023-09-19 12:00:00+00:00']",3,9.442,0.86,2529.754,1360.054
2023-09-19,H1.Z18,P,"['2023-09-19 08:00:00+00:00', '2023-09-19 11:00:00+00:00']",2,9.028,0.4572,2566.679,1761.327
2023-09-19,H1.Z22,P1,"['2023-09-19 07:00:00+00:00', '2023-09-19 08:00:00+00:00', '2023-09-19 09:00:00+00:00', '2023-09-19 11:00:00+00:00']",4,8.916,1.2034,366.221,166.205
2023-09-19,H1.Z22,P2,"['2023-09-19 07:00:00+00:00', '2023-09-19 08:00:00+00:00', '2023-09-19 09:00:00+00:00', '2023-09-19 11:00:00+00:00']",4,8.873,0.9334,317.683,164.314
2023-09-19,H1.Z18,P3,"['2023-09-19 08:00:00+00:00', '2023-09-19 11:00:00+00:00']",2,8.433,0.2544,1337.298,1066.123
2023-09-19,H1.Z18,I3,"['2023-09-19 08:00:00+00:00', '2023-09-19 11:00:00+00:00']",2,8.382,0.2686,6.319,4.981
2023-09-19,H1.Z21,P1,"['2023-09-19 07:00:00+00:00', '2023-09-19 08:00:00+00:00', '2023-09-19 09:00:00+00:00', '2023-09-19 11:00:00+00:00']",4,8.379,0.9968,387.53,194.078
2023-09-19,H1.Z21,P2,"['2023-09-19 07:00:00+00:00', '2023-09-19 08:00:00+00:00', '2023-09-19 09:00:00+00:00', '2023-09-19 11:00:00+00:00']",4,8.374,0.9406,306.839,158.118
2023-09-19,H1.Z22,I2,"['2023-09-19 07:00:00+00:00', '2023-09-19 08:00:00+00:00', '2023-09-19 09:00:00+00:00', '2023-09-19 11:00:00+00:00']",4,8.038,1.0065,2.019,1.006
2023-09-19,H1.Z22,P3,"['2023-09-19 07:00:00+00:00', '2023-09-19 08:00:00+00:00', '2023-09-19 09:00:00+00:00', '2023-09-19 11:00:00+00:00']",4,7.442,2.3273,114.123,34.299
2023-09-19,H1.Z16,P2,"['2023-09-19 14:00:00+00:00', '2023-09-19 15:00:00+00:00', '2023-09-19 17:00:00+00:00']",3,6.832,0.6612,439.695,264.678
2023-09-19,H1.Z16,P1,"['2023-09-19 14:00:00+00:00', '2023-09-19 15:00:00+00:00', '2023-09-19 17:00:00+00:00']",3,6.728,0.5857,463.147,292.086
2023-09-19,H1.Z21,P3,"['2023-09-19 07:00:00+00:00', '2023-09-19 08:00:00+00:00', '2023-09-19 09:00:00+00:00']",3,6.655,3.4187,97.329,22.026
2023-09-19,H1.K16,Tvl,"['2023-09-19 19:00:00+00:00', '2023-09-19 20:00:00+00:00', '2023-09-19 21:00:00+00:00', '2023-09-19 22:00:00+00:00', '2023-09-19 23:00:00+00:00']",5,6.35,0.1569,5.069,6.012
2023-09-19,V.K21,Trl,"['2023-09-19 19:00:00+00:00', '2023-09-19 20:00:00+00:00', '2023-09-19 21:00:00+00:00', '2023-09-19 22:00:00+00:00', '2023-09-19 23:00:00+00:00']",5,6.342,0.1629,5.833,6.968
2023-09-19,H1.K14,Trl,"['2023-09-19 19:00:00+00:00', '2023-09-19 20:00:00+00:00', '2023-09-19 21:00:00+00:00', '2023-09-19 22:00:00+00:00', '2023-09-19 23:00:00+00:00']",5,6.293,0.1403,6.035,7.02
2023-09-19,H1.K11,Tvl,"['2023-09-19 19:00:00+00:00', '2023-09-19 20:00:00+00:00', '2023-09-19 21:00:00+00:00', '2023-09-19 22:00:00+00:00', '2023-09-19 23:00:00+00:00']",5,6.135,0.1395,4.936,5.736
2023-09-19,H1.Z20,Q,"['2023-09-19 10:00:00+00:00', '2023-09-19 11:00:00+00:00']",2,6.102,0.9446,-1087.083,-559.029
2023-09-19,V.K21,Tvl,"['2023-09-19 19:00:00+00:00', '2023-09-19 20:00:00+00:00', '2023-09-19 21:00:00+00:00', '2023-09-19 22:00:00+00:00', '2023-09-19 23:00:00+00:00']",5,5.99,0.1456,4.918,5.756
2023-09-19,H1.K14,Tvl,"['2023-09-19 19:00:00+00:00', '2023-09-19 20:00:00+00:00', '2023-09-19 21:00:00+00:00', '2023-09-19 22:00:00+00:00', '2023-09-19 23:00:00+00:00']",5,5.751,0.1052,5.448,6.089
2023-09-19,H1.K11,Trl,"['2023-09-19 19:00:00+00:00', '2023-09-19 20:00:00+00:00', '2023-09-19 21:00:00+00:00', '2023-09-19 22:00:00+00:00', '2023-09-19 23:00:00+00:00']",5,5.709,0.1851,5.935,7.284
2023-09-19,H1.Z16,P,"['2023-09-19 14:00:00+00:00', '2023-09-19 15:00:00+00:00', '2023-09-19 17:00:00+00:00']",3,5.614,0.6748,1139.736,680.502
2023-09-19,H1.Z16,Q,"['2023-09-19 14:00:00+00:00', '2023-09-19 15:00:00+00:00', '2023-09-19 17:00:00+00:00']",3,5.507,1.7208,649.528,238.726
2023-09-19,H1.K15,Tdiff,"['2023-09-19 19:00:00+00:00', '2023-09-19 20:00:00+00:00', '2023-09-19 21:00:00+00:00', '2023-09-19 22:00:00+00:00', '2023-09-19 23:00:00+00:00']",5,4.658,0.1793,-13898.656,-11785.062
2023-09-19,H4.ZE50,I1,"['2023-09-19 08:00:00+00:00', '2023-09-19 09:00:00+00:00', '2023-09-19 10:00:00+00:00']",3,4.63,0.279,7.873,6.156
2023-09-19,H4.ZE50,P1,"['2023-09-19 08:00:00+00:00', '2023-09-19 09:00:00+00:00', '2023-09-19 10:00:00+00:00']",3,4.617,0.3194,1686.966,1278.564
2023-09-19,H2.T.Z32,P2,"['2023-09-19 10:00:00+00:00', '2023-09-19 11:00:00+00:00', '2023-09-19 12:00:00+00:00', '2023-09-19 13:00:00+00:00', '2023-09-19 14:00:00+00:00']",5,4.215,0.3768,2728.363,1981.608
2023-09-19,H1.Z20,P,"['2023-09-19 10:00:00+00:00', '2023-09-19 11:00:00+00:00']",2,4.211,0.2924,-10794.401,-8351.956
2023-09-19,H1.Z20,I3,"['2023-09-19 10:00:00+00:00', '2023-09-19 11:00:00+00:00']",2,4.198,0.1701,-15.919,-13.605
2023-09-19,H4.ZE50,P,"['2023-09-19 08:00:00+00:00', '2023-09-19 09:00:00+00:00']",2,4.176,0.2808,3991.003,3115.981
2023-09-19,H1.Z20,I1,"['2023-09-19 10:00:00+00:00', '2023-09-19 11:00:00+00:00']",2,4.149,0.1401,-17.775,-15.592
2023-09-19,H1.Z20,P3,"['2023-09-19 10:00:00+00:00', '2023-09-19 11:00:00+00:00']",2,4.139,0.1793,-3485.237,-2955.318
2023-09-19,H1.Z20,P1,"['2023-09-19 10:00:00+00:00', '2023-09-19 11:00:00+00:00']",2,4.129,0.1845,-3777.001,-3188.705
2023-09-19,H1.Z20,I2,"['2023-09-19 10:00:00+00:00', '2023-09-19 11:00:00+00:00']",2,4.103,0.1236,-16.082,-14.312
2023-09-19,H1.Z20,P2,"['2023-09-19 10:00:00+00:00', '2023-09-19 11:00:00+00:00']",2,4.079,0.1591,-3530.352,-3045.733
2023-09-19,H4.ZE50,P3,"['2023-09-19 08:00:00+00:00', '2023-09-19 09:00:00+00:00']",2,4.022,0.2021,1238.577,1030.306
2023-09-19,H2.T.Z33,Q,"['2023-09-19 07:00:00+00:00', '2023-09-19 08:00:00+00:00', '2023-09-19 09:00:00+00:00', '2023-09-19 10:00:00+00:00']",4,4.012,0.7054,8877.176,5205.357
2023-09-19,H1.ZE20,I3,"['2023-09-19 10:00:00+00:00', '2023-09-19 11:00:00+00:00']",2,3.964,0.1104,-15.839,-14.265
2023-09-19,H1.Z29,I3,"['2023-09-19 10:00:00+00:00', '2023-09-19 11:00:00+00:00']",2,3.952,0.1836,22.73,19.204
2023-09-19,H4.ZE50,I3,"['2023-09-19 08:00:00+00:00', '2023-09-19 09:00:00+00:00']",2,3.934,0.1956,5.96,4.985
2023-09-19,H1.ZE20,P3,"['2023-09-19 10:00:00+00:00', '2023-09-19 11:00:00+00:00']",2,3.924,0.1119,-3477.735,-3127.684
2023-09-19,H1.ZE20,P1,"['2023-09-19 10:00:00+00:00', '2023-09-19 11:00:00+00:00']",2,3.92,0.1168,-3762.506,-3368.86
2023-09-19,H1.Z29,I1,"['2023-09-19 10:00:00+00:00', '2023-09-19 11:00:00+00:00']",2,3.911,0.2289,24.863,20.232
2023-09-19,H1.ZE20,P,"['2023-09-19 10:00:00+00:00', '2023-09-19 11:00:00+00:00']",2,3.903,0.1076,-10761.065,-9715.85
2023-09-19,H1.Z29,P1,"['2023-09-19 10:00:00+00:00', '2023-09-19 11:00:00+00:00']",2,3.894,0.1526,-2073.546,-2446.871
2023-09-19,H1.Z29,P,"['2023-09-19 10:00:00+00:00', '2023-09-19 11:00:00+00:00']",2,3.884,0.1032,-6276.67,-6998.769
2023-09-19,H1.Z29,I2,"['2023-09-19 10:00:00+00:00', '2023-09-19 11:00:00+00:00']",2,3.871,0.2156,22.387,18.417
2023-09-19,H1.Z29,P2,"['2023-09-19 10:00:00+00:00', '2023-09-19 11:00:00+00:00']",2,3.851,0.1021,-2236.638,-2491.093
2023-09-19,H1.W12,P,"['2023-09-19 10:00:00+00:00', '2023-09-19 11:00:00+00:00']",2,3.825,0.1334,17375.903,15331.361
2023-09-19,H2.ZE66,I2,"['2023-09-19 01:00:00+00:00', '2023-09-19 19:00:00+00:00', '2023-09-19 22:00:00+00:00', '2023-09-19 23:00:00+00:00']",4,3.812,0.1137,13.192,11.844
2023-09-19,H2.T.Z30,I3,"['2023-09-19 08:00:00+00:00', '2023-09-19 09:00:00+00:00']",2,3.794,0.2554,33.285,26.515
2023-09-19,H2.T.Z30,P3,"['2023-09-19 08:00:00+00:00', '2023-09-19 09:00:00+00:00']",2,3.79,0.2751,7453.877,5845.84
2023-09-19,H2.ZE66,P2,"['2023-09-19 01:00:00+00:00', '2023-09-19 19:00:00+00:00', '2023-09-19 22:00:00+00:00', '2023-09-19 23:00:00+00:00']",4,3.78,0.1174,2535.954,2269.469
2023-09-19,H4.ZE50,P2,"['2023-09-19 08:00:00+00:00', '2023-09-19 09:00:00+00:00']",2,3.773,0.3201,1065.46,807.104
2023-09-19,H1.Z24,Q,"['2023-09-19 10:00:00+00:00', '2023-09-19 11:00:00+00:00']",2,3.741,0.117,22.269,19.936
2023-09-19,H2.ZE66,P,"['2023-09-19 01:00:00+00:00', '2023-09-19 19:00:00+00:00']",2,3.644,0.1115,7636.071,6870.213
2023-09-19,H4.ZE50,I2,"['2023-09-19 08:00:00+00:00', '2023-09-19 09:00:00+00:00']",2,3.63,0.4306,6.276,4.387
2023-09-19,H1.W11,P,"['2023-09-19 10:00:00+00:00', '2023-09-19 11:00:00+00:00']",2,3.559,0.1016,12729.757,14169.609
2023-09-19,H3.Z41,I3,"['2023-09-19 13:00:00+00:00', '2023-09-19 14:00:00+00:00', '2023-09-19 15:00:00+00:00']",3,3.312,0.36,5.359,3.94
2023-09-19,H3.Z41,P3,"['2023-09-19 13:00:00+00:00', '2023-09-19 14:00:00+00:00']",2,3.292,0.3562,1168.427,861.513
2023-09-19,H3.Z40,P1,"['2023-09-19 12:00:00+00:00', '2023-09-19 13:00:00+00:00']",2,3.242,0.1502,2692.822,2341.166
2023-09-19,H3.Z40,I1,"['2023-09-19 12:00:00+00:00', '2023-09-19 13:00:00+00:00']",2,3.236,0.1366,12.606,11.091
2023-09-19,H2.T.Z30,P,"['2023-09-19 08:00:00+00:00', '2023-09-19 09:00:00+00:00']",2,3.221,0.2135,20753.205,17102.54
2023-09-19,H3.ZE40,P1,"['2023-09-19 12:00:00+00:00', '2023-09-19 13:00:00+00:00']",2,3.109,0.2113,2769.36,2286.289
2023-09-19,H3.ZE41,I3,"['2023-09-19 13:00:00+00:00', '2023-09-19 14:00:00+00:00']",2,3.086,0.3204,5.299,4.013
2023-09-19,H3.ZE40,I1,"['2023-09-19 12:00:00+00:00', '2023-09-19 13:00:00+00:00']",2,3.083,0.1881,12.848,10.814
2023-09-20,H1.Z16,P2,"['2023-09-20 08:00:00+00:00', '2023-09-20 09:00:00+00:00', '2023-09-20 10:00:00+00:00', '2023-09-20 11:00:00+00:00', '2023-09-20 12:00:00+00:00', '2023-09-20 13:00:00+00:00', '2023-09-20 14:00:00+00:00', '2023-09-20 15:00:00+00:00', '2023-09-20 16:00:00+00:00', '2023-09-20 17:00:00+00:00', '2023-09-20 18:00:00+00:00', '2023-09-20 19:00:00+00:00', '2023-09-20 20:00:00+00:00', '2023-09-20 21:00:00+00:00', '2023-09-20 22:00:00+00:00', '2023-09-20 23:00:00+00:00']",16,32.889,14.4417,4605.007,298.219
2023-09-20,H1.Z16,P1,"['2023-09-20 08:00:00+00:00', '2023-09-20 09:00:00+00:00', '2023-09-20 10:00:00+00:00', '2023-09-20 11:00:00+00:00', '2023-09-20 12:00:00+00:00', '2023-09-20 13:00:00+00:00', '2023-09-20 14:00:00+00:00', '2023-09-20 15:00:00+00:00', '2023-09-20 16:00:00+00:00', '2023-09-20 17:00:00+00:00', '2023-09-20 18:00:00+00:00', '2023-09-20 19:00:00+00:00', '2023-09-20 20:00:00+00:00', '2023-09-20 21:00:00+00:00', '2023-09-20 22:00:00+00:00', '2023-09-20 23:00:00+00:00']",16,32.677,13.077,4575.918,325.063
2023-09-20,H1.Z16,P,"['2023-09-20 08:00:00+00:00', '2023-09-20 09:00:00+00:00', '2023-09-20 10:00:00+00:00', '2023-09-20 11:00:00+00:00', '2023-09-20 12:00:00+00:00', '2023-09-20 13:00:00+00:00', '2023-09-20 14:00:00+00:00', '2023-09-20 15:00:00+00:00', '2023-09-20 16:00:00+00:00', '2023-09-20 17:00:00+00:00', '2023-09-20 18:00:00+00:00', '2023-09-20 19:00:00+00:00', '2023-09-20 20:00:00+00:00', '2023-09-20 21:00:00+00:00', '2023-09-20 22:00:00+00:00', '2023-09-20 23:00:00+00:00']",16,29.573,16.4811,13620.428,779.153
2023-09-20,H1.Z16,Q,"['2023-09-20 08:00:00+00:00', '2023-09-20 09:00:00+00:00', '2023-09-20 10:00:00+00:00', '2023-09-20 11:00:00+00:00', '2023-09-20 12:00:00+00:00', '2023-09-20 13:00:00+00:00', '2023-09-20 14:00:00+00:00', '2023-09-20 15:00:00+00:00', '2023-09-20 16:00:00+00:00', '2023-09-20 17:00:00+00:00', '2023-09-20 18:00:00+00:00', '2023-09-20 19:00:00+00:00', '2023-09-20 20:00:00+00:00', '2023-09-20 21:00:00+00:00', '2023-09-20 22:00:00+00:00', '2023-09-20 23:00:00+00:00']",16,25.314,31.8064,10644.746,324.471
2023-09-20,H2.ZE74,I2,"['2023-09-20 12:00:00+00:00', '2023-09-20 13:00:00+00:00']",2,25.267,0.245,1.451,1.166
2023-09-20,H2.ZE74,P2,"['2023-09-20 12:00:00+00:00', '2023-09-20 13:00:00+00:00']",2,24.923,1.0095,134.127,66.746
2023-09-20,H2.ZE74,P,"['2023-09-20 12:00:00+00:00', '2023-09-20 13:00:00+00:00']",2,23.277,0.3986,229.256,163.923
2023-09-20,H1.Z16,I2,"['2023-09-20 08:00:00+00:00', '2023-09-20 09:00:00+00:00', '2023-09-20 10:00:00+00:00', '2023-09-20 11:00:00+00:00', '2023-09-20 12:00:00+00:00', '2023-09-20 13:00:00+00:00', '2023-09-20 14:00:00+00:00', '2023-09-20 15:00:00+00:00', '2023-09-20 16:00:00+00:00', '2023-09-20 17:00:00+00:00', '2023-09-20 18:00:00+00:00', '2023-09-20 19:00:00+00:00', '2023-09-20 21:00:00+00:00']",13,12.778,10.6988,25.88,2.212
2023-09-20,H1.Z13,P2,"['2023-09-20 08:00:00+00:00', '2023-09-20 09:00:00+00:00', '2023-09-20 10:00:00+00:00', '2023-09-20 11:00:00+00:00', '2023-09-20 12:00:00+00:00', '2023-09-20 13:00:00+00:00', '2023-09-20 14:00:00+00:00', '2023-09-20 15:00:00+00:00', '2023-09-20 16:00:00+00:00', '2023-09-20 17:00:00+00:00']",10,12.302,0.6731,5310.883,3174.208
2023-09-20,H1.Z16,I1,"['2023-09-20 08:00:00+00:00', '2023-09-20 09:00:00+00:00', '2023-09-20 10:00:00+00:00', '2023-09-20 11:00:00+00:00', '2023-09-20 12:00:00+00:00', '2023-09-20 13:00:00+00:00', '2023-09-20 14:00:00+00:00', '2023-09-20 15:00:00+00:00', '2023-09-20 16:00:00+00:00', '2023-09-20 17:00:00+00:00', '2023-09-20 18:00:00+00:00', '2023-09-20 19:00:00+00:00', '2023-09-20 21:00:00+00:00']",13,12.075,10.4726,25.435,2.217
2023-09-20,H1.Z13,P3,"['2023-09-20 08:00:00+00:00', '2023-09-20 09:00:00+00:00', '2023-09-20 10:00:00+00:00', '2023-09-20 11:00:00+00:00', '2023-09-20 12:00:00+00:00', '2023-09-20 13:00:00+00:00', '2023-09-20 14:00:00+00:00', '2023-09-20 15:00:00+00:00', '2023-09-20 16:00:00+00:00', '2023-09-20 17:00:00+00:00']",10,12.047,0.6791,5330.551,3174.598
2023-09-20,H1.Z14,P2,"['2023-09-20 08:00:00+00:00', '2023-09-20 09:00:00+00:00', '2023-09-20 10:00:00+00:00', '2023-09-20 11:00:00+00:00', '2023-09-20 12:00:00+00:00', '2023-09-20 13:00:00+00:00', '2023-09-20 14:00:00+00:00', '2023-09-20 15:00:00+00:00', '2023-09-20 16:00:00+00:00', '2023-09-20 17:00:00+00:00']",10,11.919,0.6588,4963.189,2991.954
2023-09-20,H1.Z13,P1,"['2023-09-20 08:00:00+00:00', '2023-09-20 09:00:00+00:00', '2023-09-20 10:00:00+00:00', '2023-09-20 11:00:00+00:00', '2023-09-20 12:00:00+00:00', '2023-09-20 13:00:00+00:00', '2023-09-20 14:00:00+00:00', '2023-09-20 15:00:00+00:00', '2023-09-20 16:00:00+00:00', '2023-09-20 17:00:00+00:00']",10,11.895,0.6904,5125.141,3031.985
2023-09-20,H1.Z14,P3,"['2023-09-20 08:00:00+00:00', '2023-09-20 09:00:00+00:00', '2023-09-20 10:00:00+00:00', '2023-09-20 11:00:00+00:00', '2023-09-20 12:00:00+00:00', '2023-09-20 13:00:00+00:00', '2023-09-20 14:00:00+00:00', '2023-09-20 15:00:00+00:00', '2023-09-20 16:00:00+00:00', '2023-09-20 17:00:00+00:00']",10,11.234,0.652,5009.759,3032.554
2023-09-20,H1.Z14,P1,"['2023-09-20 08:00:00+00:00', '2023-09-20 09:00:00+00:00', '2023-09-20 10:00:00+00:00', '2023-09-20 11:00:00+00:00', '2023-09-20 12:00:00+00:00', '2023-09-20 13:00:00+00:00', '2023-09-20 14:00:00+00:00', '2023-09-20 15:00:00+00:00', '2023-09-20 16:00:00+00:00', '2023-09-20 17:00:00+00:00']",10,11.141,0.6649,4830.82,2901.557
2023-09-20,H1.Z13,P,"['2023-09-20 08:00:00+00:00', '2023-09-20 09:00:00+00:00', '2023-09-20 10:00:00+00:00', '2023-09-20 11:00:00+00:00', '2023-09-20 12:00:00+00:00', '2023-09-20 13:00:00+00:00', '2023-09-20 14:00:00+00:00', '2023-09-20 15:00:00+00:00', '2023-09-20 16:00:00+00:00', '2023-09-20 17:00:00+00:00']",10,8.824,0.6491,15765.635,9559.983
2023-09-20,H1.Z14,P,"['2023-09-20 08:00:00+00:00', '2023-09-20 09:00:00+00:00', '2023-09-20 10:00:00+00:00', '2023-09-20 11:00:00+00:00', '2023-09-20 12:00:00+00:00', '2023-09-20 13:00:00+00:00', '2023-09-20 14:00:00+00:00', '2023-09-20 15:00:00+00:00', '2023-09-20 16:00:00+00:00', '2023-09-20 17:00:00+00:00']",10,8.709,0.6343,14803.349,9057.836
2023-09-20,H1.K15,P,"['2023-09-20 00:00:00+00:00', '2023-09-20 05:00:00+00:00']",2,7.688,0.9875,23910.958,12030.901
2023-09-20,H1.Z18,I2,"['2023-09-20 08:00:00+00:00', '2023-09-20 09:00:00+00:00']",2,7.463,0.6069,2.159,1.344
2023-09-20,H1.Z18,P2,"['2023-09-20 08:00:00+00:00', '2023-09-20 09:00:00+00:00']",2,7.438,0.5907,455.293,286.215
2023-09-20,H1.Z16,P3,"['2023-09-20 08:00:00+00:00', '2023-09-20 09:00:00+00:00', '2023-09-20 10:00:00+00:00', '2023-09-20 11:00:00+00:00', '2023-09-20 12:00:00+00:00', '2023-09-20 13:00:00+00:00', '2023-09-20 14:00:00+00:00', '2023-09-20 15:00:00+00:00', '2023-09-20 16:00:00+00:00', '2023-09-20 17:00:00+00:00']",10,7.251,12.8126,4441.942,321.585
2023-09-20,H1.Z13,I2,"['2023-09-20 08:00:00+00:00', '2023-09-20 09:00:00+00:00', '2023-09-20 10:00:00+00:00', '2023-09-20 11:00:00+00:00', '2023-09-20 12:00:00+00:00', '2023-09-20 13:00:00+00:00', '2023-09-20 14:00:00+00:00', '2023-09-20 15:00:00+00:00', '2023-09-20 16:00:00+00:00', '2023-09-20 17:00:00+00:00']",10,7.135,0.4591,33.015,22.627
2023-09-20,H1.Z13,I3,"['2023-09-20 08:00:00+00:00', '2023-09-20 09:00:00+00:00', '2023-09-20 10:00:00+00:00', '2023-09-20 11:00:00+00:00', '2023-09-20 12:00:00+00:00', '2023-09-20 13:00:00+00:00', '2023-09-20 14:00:00+00:00', '2023-09-20 15:00:00+00:00', '2023-09-20 16:00:00+00:00', '2023-09-20 17:00:00+00:00']",10,7.134,0.4666,33.41,22.78
2023-09-20,H1.Z18,Q,"['2023-09-20 08:00:00+00:00', '2023-09-20 09:00:00+00:00']",2,7.132,0.8262,558.471,305.81
2023-09-20,H1.Z13,I1,"['2023-09-20 08:00:00+00:00', '2023-09-20 09:00:00+00:00', '2023-09-20 10:00:00+00:00', '2023-09-20 11:00:00+00:00', '2023-09-20 12:00:00+00:00', '2023-09-20 13:00:00+00:00', '2023-09-20 14:00:00+00:00', '2023-09-20 15:00:00+00:00', '2023-09-20 16:00:00+00:00', '2023-09-20 17:00:00+00:00']",10,7.029,0.471,32.345,21.989
2023-09-20,H1.Z14,I2,"['2023-09-20 08:00:00+00:00', '2023-09-20 09:00:00+00:00', '2023-09-20 10:00:00+00:00', '2023-09-20 11:00:00+00:00', '2023-09-20 12:00:00+00:00', '2023-09-20 13:00:00+00:00', '2023-09-20 14:00:00+00:00', '2023-09-20 15:00:00+00:00', '2023-09-20 16:00:00+00:00', '2023-09-20 17:00:00+00:00']",10,7.013,0.4474,31.281,21.612
2023-09-20,H1.Z14,I3,"['2023-09-20 08:00:00+00:00', '2023-09-20 09:00:00+00:00', '2023-09-20 10:00:00+00:00', '2023-09-20 11:00:00+00:00', '2023-09-20 12:00:00+00:00', '2023-09-20 13:00:00+00:00', '2023-09-20 14:00:00+00:00', '2023-09-20 15:00:00+00:00', '2023-09-20 16:00:00+00:00', '2023-09-20 17:00:00+00:00']",10,6.996,0.455,31.455,21.619
2023-09-20,H1.Z18,I3,"['2023-09-20 08:00:00+00:00', '2023-09-20 09:00:00+00:00']",2,6.887,0.2019,6.143,5.111
2023-09-20,H1.Z14,I1,"['2023-09-20 08:00:00+00:00', '2023-09-20 09:00:00+00:00', '2023-09-20 10:00:00+00:00', '2023-09-20 11:00:00+00:00', '2023-09-20 12:00:00+00:00', '2023-09-20 13:00:00+00:00', '2023-09-20 14:00:00+00:00', '2023-09-20 15:00:00+00:00', '2023-09-20 16:00:00+00:00', '2023-09-20 17:00:00+00:00']",10,6.828,0.454,30.67,21.093
2023-09-20,H1.Z18,P,"['2023-09-20 08:00:00+00:00', '2023-09-20 09:00:00+00:00']",2,6.798,0.2748,2349.805,1843.339
2023-09-20,H1.Z18,P3,"['2023-09-20 08:00:00+00:00', '2023-09-20 09:00:00+00:00']",2,6.775,0.192,1301.639,1091.946
2023-09-20,H1.Z16,I3,"['2023-09-20 08:00:00+00:00', '2023-09-20 09:00:00+00:00', '2023-09-20 10:00:00+00:00', '2023-09-20 11:00:00+00:00', '2023-09-20 12:00:00+00:00', '2023-09-20 13:00:00+00:00', '2023-09-20 14:00:00+00:00', '2023-09-20 15:00:00+00:00', '2023-09-20 16:00:00+00:00', '2023-09-20 17:00:00+00:00']",10,6.712,12.1101,25.005,1.907
2023-09-20,H3.Z49,P,"['2023-09-20 12:00:00+00:00', '2023-09-20 13:00:00+00:00', '2023-09-20 14:00:00+00:00', '2023-09-20 15:00:00+00:00', '2023-09-20 16:00:00+00:00']",5,6.666,4.5393,859.792,155.217
2023-09-20,H1.K16,P,"['2023-09-20 00:00:00+00:00', '2023-09-20 01:00:00+00:00', '2023-09-20 02:00:00+00:00', '2023-09-20 03:00:00+00:00', '2023-09-20 04:00:00+00:00', '2023-09-20 05:00:00+00:00']",6,6.357,4.6469,62250.934,11023.867
2023-09-20,H1.Z18,I1,"['2023-09-20 08:00:00+00:00', '2023-09-20 09:00:00+00:00']",2,6.351,0.3349,3.097,2.32
2023-09-20,H1.Z18,P1,"['2023-09-20 08:00:00+00:00', '2023-09-20 09:00:00+00:00']",2,6.267,0.3777,591.191,429.13
2023-09-20,H1.W11,Tdiff,"['2023-09-20 03:00:00+00:00', '2023-09-20 05:00:00+00:00']",2,6.187,2.6198,1342.934,371.0
2023-09-20,H3.Z49,Q,"['2023-09-20 12:00:00+00:00', '2023-09-20 13:00:00+00:00', '2023-09-20 14:00:00+00:00', '2023-09-20 15:00:00+00:00', '2023-09-20 16:00:00+00:00']",5,6.061,0.3586,-187.199,-291.844
2023-09-20,H1.Z21,Q,"['2023-09-20 08:00:00+00:00', '2023-09-20 09:00:00+00:00']",2,5.845,1.7614,234.969,85.091
2023-09-20,H1.K11,P,"['2023-09-20 00:00:00+00:00', '2023-09-20 01:00:00+00:00', '2023-09-20 02:00:00+00:00', '2023-09-20 03:00:00+00:00', '2023-09-20 04:00:00+00:00', '2023-09-20 05:00:00+00:00']",6,5.774,2.2815,78123.16,23806.83
2023-09-20,H4.ZE50,P2,"['2023-09-20 08:00:00+00:00', '2023-09-20 09:00:00+00:00']",2,5.472,0.2611,1057.503,838.557
2023-09-20,H1.K16,Trl,"['2023-09-20 00:00:00+00:00', '2023-09-20 01:00:00+00:00', '2023-09-20 02:00:00+00:00', '2023-09-20 03:00:00+00:00', '2023-09-20 04:00:00+00:00', '2023-09-20 05:00:00+00:00', '2023-09-20 06:00:00+00:00']",7,5.44,0.1569,12.023,14.26
2023-09-20,H1.Z22,Q,"['2023-09-20 08:00:00+00:00', '2023-09-20 09:00:00+00:00']",2,5.316,1.4956,242.718,97.257
2023-09-20,H4.ZE50,I2,"['2023-09-20 08:00:00+00:00', '2023-09-20 09:00:00+00:00']",2,5.16,0.2303,5.702,4.635
2023-09-20,H1.Z22,P,"['2023-09-20 07:00:00+00:00', '2023-09-20 08:00:00+00:00', '2023-09-20 09:00:00+00:00']",3,5.02,0.5901,593.263,373.106
2023-09-20,H1.Z21,P,"['2023-09-20 07:00:00+00:00', '2023-09-20 08:00:00+00:00', '2023-09-20 09:00:00+00:00']",3,4.995,0.5699,595.934,379.606
2023-09-20,H3.Z49,P2,"['2023-09-20 12:00:00+00:00', '2023-09-20 13:00:00+00:00', '2023-09-20 14:00:00+00:00', '2023-09-20 15:00:00+00:00', '2023-09-20 16:00:00+00:00']",5,4.801,1.7861,308.457,110.711
2023-09-20,H3.Z49,P1,"['2023-09-20 12:00:00+00:00', '2023-09-20 13:00:00+00:00', '2023-09-20 14:00:00+00:00', '2023-09-20 15:00:00+00:00', '2023-09-20 16:00:00+00:00']",5,4.722,2.1217,266.432,85.349
2023-09-20,H3.Z49,P3,"['2023-09-20 12:00:00+00:00', '2023-09-20 13:00:00+00:00', '2023-09-20 14:00:00+00:00', '2023-09-20 15:00:00+00:00', '2023-09-20 16:00:00+00:00']",5,4.713,2.0707,284.779,92.741
2023-09-20,H4.ZE50,P,"['2023-09-20 08:00:00+00:00', '2023-09-20 09:00:00+00:00']",2,4.684,0.2816,4080.679,3184.131
2023-09-20,H1.K16,Tvl,"['2023-09-20 00:00:00+00:00', '2023-09-20 01:00:00+00:00', '2023-09-20 02:00:00+00:00', '2023-09-20 03:00:00+00:00', '2023-09-20 04:00:00+00:00', '2023-09-20 05:00:00+00:00', '2023-09-20 06:00:00+00:00']",7,4.682,0.2354,4.679,6.12
2023-09-20,H1.Z21,I2,"['2023-09-20 08:00:00+00:00', '2023-09-20 09:00:00+00:00']",2,4.663,0.4153,1.422,1.005
2023-09-20,H3.Z48,P,"['2023-09-20 12:00:00+00:00', '2023-09-20 13:00:00+00:00', '2023-09-20 14:00:00+00:00', '2023-09-20 15:00:00+00:00', '2023-09-20 16:00:00+00:00']",5,4.649,3.5233,2109.787,466.429
2023-09-20,H1.Z21,I1,"['2023-09-20 08:00:00+00:00', '2023-09-20 09:00:00+00:00']",2,4.58,0.3841,1.499,1.083
2023-09-20,H1.Z14,Q,"['2023-09-20 09:00:00+00:00', '2023-09-20 10:00:00+00:00', '2023-09-20 11:00:00+00:00', '2023-09-20 12:00:00+00:00', '2023-09-20 13:00:00+00:00', '2023-09-20 14:00:00+00:00', '2023-09-20 15:00:00+00:00', '2023-09-20 16:00:00+00:00']",8,4.579,0.3344,15388.315,11532.036
2023-09-20,H1.Z26,P1,"['2023-09-20 08:00:00+00:00', '2023-09-20 09:00:00+00:00']",2,4.518,0.1649,2439.976,2094.64
2023-09-20,H3.Z48,Q,"['2023-09-20 12:00:00+00:00', '2023-09-20 13:00:00+00:00', '2023-09-20 14:00:00+00:00', '2023-09-20 15:00:00+00:00', '2023-09-20 16:00:00+00:00']",5,4.508,3.3963,1242.809,282.697
2023-09-20,H1.Z10,I3,"['2023-09-20 08:00:00+00:00', '2023-09-20 09:00:00+00:00']",2,4.502,0.1364,8.392,7.384
2023-09-20,H1.Z10,P3,"['2023-09-20 08:00:00+00:00', '2023-09-20 09:00:00+00:00']",2,4.499,0.1374,1787.682,1571.68
2023-09-20,V.K21,Trl,"['2023-09-20 00:00:00+00:00', '2023-09-20 01:00:00+00:00', '2023-09-20 02:00:00+00:00', '2023-09-20 03:00:00+00:00', '2023-09-20 04:00:00+00:00', '2023-09-20 05:00:00+00:00', '2023-09-20 06:00:00+00:00']",7,4.489,0.1657,5.75,6.892
2023-09-20,H1.K11,Tvl,"['2023-09-20 00:00:00+00:00', '2023-09-20 01:00:00+00:00', '2023-09-20 02:00:00+00:00', '2023-09-20 03:00:00+00:00', '2023-09-20 04:00:00+00:00', '2023-09-20 05:00:00+00:00', '2023-09-20 06:00:00+00:00']",7,4.48,0.2182,4.565,5.838
2023-09-20,H1.Z13,Q,"['2023-09-20 09:00:00+00:00', '2023-09-20 10:00:00+00:00', '2023-09-20 11:00:00+00:00', '2023-09-20 12:00:00+00:00', '2023-09-20 13:00:00+00:00', '2023-09-20 14:00:00+00:00', '2023-09-20 15:00:00+00:00', '2023-09-20 16:00:00+00:00']",8,4.478,0.3355,16150.688,12093.678
2023-09-20,H4.ZE50,I1,"['2023-09-20 08:00:00+00:00', '2023-09-20 09:00:00+00:00']",2,4.453,0.2979,8.179,6.301
2023-09-20,V.K21,Tvl,"['2023-09-20 00:00:00+00:00', '2023-09-20 01:00:00+00:00', '2023-09-20 02:00:00+00:00', '2023-09-20 03:00:00+00:00', '2023-09-20 04:00:00+00:00', '2023-09-20 05:00:00+00:00', '2023-09-20 06:00:00+00:00']",7,4.435,0.2235,4.549,5.857
2023-09-20,H1.K14,Trl,"['2023-09-20 00:00:00+00:00', '2023-09-20 01:00:00+00:00', '2023-09-20 02:00:00+00:00', '2023-09-20 03:00:00+00:00', '2023-09-20 04:00:00+00:00', '2023-09-20 05:00:00+00:00', '2023-09-20 06:00:00+00:00']",7,4.424,0.1618,5.831,6.956
2023-09-20,H4.ZE50,P1,"['2023-09-20 08:00:00+00:00', '2023-09-20 09:00:00+00:00']",2,4.381,0.3241,1744.041,1317.193
2023-09-20,H1.Z26,P2,"['2023-09-20 08:00:00+00:00', '2023-09-20 09:00:00+00:00']",2,4.365,0.2083,1652.966,1367.994
2023-09-20,H1.Z22,P1,"['2023-09-20 07:00:00+00:00', '2023-09-20 08:00:00+00:00', '2023-09-20 09:00:00+00:00']",3,4.361,0.4452,273.171,189.021
2023-09-20,H4.ZE50,P3,"['2023-09-20 08:00:00+00:00', '2023-09-20 09:00:00+00:00']",2,4.275,0.2438,1279.135,1028.373
2023-09-20,H1.K11,Trl,"['2023-09-20 00:00:00+00:00', '2023-09-20 01:00:00+00:00', '2023-09-20 02:00:00+00:00', '2023-09-20 03:00:00+00:00', '2023-09-20 04:00:00+00:00', '2023-09-20 05:00:00+00:00', '2023-09-20 06:00:00+00:00']",7,4.267,0.1656,5.999,7.189
2023-09-20,H1.Z21,P1,"['2023-09-20 08:00:00+00:00', '2023-09-20 09:00:00+00:00']",2,4.255,0.386,299.103,215.803
2023-09-20,H1.Z22,I2,"['2023-09-20 08:00:00+00:00', '2023-09-20 09:00:00+00:00']",2,4.254,0.3538,1.529,1.129
2023-09-20,H1.K14,Tvl,"['2023-09-20 00:00:00+00:00', '2023-09-20 01:00:00+00:00', '2023-09-20 02:00:00+00:00', '2023-09-20 03:00:00+00:00', '2023-09-20 04:00:00+00:00', '2023-09-20 05:00:00+00:00', '2023-09-20 06:00:00+00:00']",7,4.243,0.1915,5.005,6.19
2023-09-20,H1.Z22,P2,"['2023-09-20 08:00:00+00:00', '2023-09-20 09:00:00+00:00']",2,4.239,0.34,243.69,181.857
2023-09-20,H2.ZE66,P3,"['2023-09-20 12:00:00+00:00', '2023-09-20 15:00:00+00:00']",2,4.184,0.1508,3008.199,2613.917
2023-09-20,H4.ZE50,I3,"['2023-09-20 08:00:00+00:00', '2023-09-20 09:00:00+00:00']",2,4.144,0.2348,6.157,4.986
2023-09-20,H4.ZE51,P1,"['2023-09-20 09:00:00+00:00', '2023-09-20 10:00:00+00:00', '2023-09-20 11:00:00+00:00', '2023-09-20 12:00:00+00:00', '2023-09-20 14:00:00+00:00']",5,4.095,0.2133,2569.164,2117.444
2023-09-20,H1.Z21,P2,"['2023-09-20 08:00:00+00:00', '2023-09-20 09:00:00+00:00']",2,4.069,0.3352,233.433,174.824
2023-09-20,H1.Z10,Q,"['2023-09-20 08:00:00+00:00', '2023-09-20 09:00:00+00:00']",2,4.068,0.3415,-455.381,-691.571
2023-09-20,H1.Z10,I1,"['2023-09-20 08:00:00+00:00', '2023-09-20 09:00:00+00:00']",2,4.057,0.2545,7.091,5.652
2023-09-20,H1.Z22,I1,"['2023-09-20 08:00:00+00:00', '2023-09-20 09:00:00+00:00']",2,4.043,0.3612,1.412,1.037
2023-09-20,H4.ZE51,I1,"['2023-09-20 09:00:00+00:00', '2023-09-20 10:00:00+00:00', '2023-09-20 11:00:00+00:00', '2023-09-20 12:00:00+00:00', '2023-09-20 14:00:00+00:00']",5,4.015,0.1661,12.864,11.032
2023-09-20,H1.Z22,P3,"['2023-09-20 08:00:00+00:00', '2023-09-20 09:00:00+00:00']",2,3.978,0.7738,76.596,43.182
2023-09-20,V.K21,P,"['2023-09-20 00:00:00+00:00', '2023-09-20 01:00:00+00:00', '2023-09-20 02:00:00+00:00', '2023-09-20 03:00:00+00:00', '2023-09-20 04:00:00+00:00']",5,3.973,1.8987,210498.438,72617.852
2023-09-20,H1.Z10,P1,"['2023-09-20 08:00:00+00:00', '2023-09-20 09:00:00+00:00']",2,3.948,0.2357,1497.603,1211.914
2023-09-20,H3.Z48,P3,"['2023-09-20 12:00:00+00:00', '2023-09-20 13:00:00+00:00', '2023-09-20 14:00:00+00:00', '2023-09-20 15:00:00+00:00', '2023-09-20 16:00:00+00:00']",5,3.904,1.7,709.361,262.731
2023-09-20,H2.ZE66,I1,"['2023-09-20 12:00:00+00:00', '2023-09-20 13:00:00+00:00', '2023-09-20 15:00:00+00:00', '2023-09-20 17:00:00+00:00']",4,3.889,0.1565,13.969,12.079
2023-09-20,H3.Z48,P2,"['2023-09-20 12:00:00+00:00', '2023-09-20 13:00:00+00:00', '2023-09-20 14:00:00+00:00', '2023-09-20 15:00:00+00:00', '2023-09-20 16:00:00+00:00']",5,3.876,1.6802,710.875,265.236
2023-09-20,H3.Z48,P1,"['2023-09-20 12:00:00+00:00', '2023-09-20 13:00:00+00:00', '2023-09-20 14:00:00+00:00', '2023-09-20 15:00:00+00:00', '2023-09-20 16:00:00+00:00']",5,3.871,1.6788,683.621,255.196
2023-09-20,H3.Z48,I3,"['2023-09-20 12:00:00+00:00', '2023-09-20 13:00:00+00:00', '2023-09-20 14:00:00+00:00', '2023-09-20 15:00:00+00:00', '2023-09-20 16:00:00+00:00']",5,3.847,1.6511,3.623,1.367
2023-09-20,H3.Z48,I1,"['2023-09-20 12:00:00+00:00', '2023-09-20 13:00:00+00:00', '2023-09-20 14:00:00+00:00', '2023-09-20 15:00:00+00:00', '2023-09-20 16:00:00+00:00']",5,3.805,1.639,3.489,1.322
2023-09-20,H3.Z48,I2,"['2023-09-20 12:00:00+00:00', '2023-09-20 13:00:00+00:00', '2023-09-20 14:00:00+00:00', '2023-09-20 15:00:00+00:00', '2023-09-20 16:00:00+00:00']",5,3.801,1.6241,3.577,1.363
2023-09-20,H3.Z47,P1,"['2023-09-20 12:00:00+00:00', '2023-09-20 13:00:00+00:00', '2023-09-20 14:00:00+00:00', '2023-09-20 15:00:00+00:00', '2023-09-20 16:00:00+00:00']",5,3.786,0.1242,1888.648,1679.974
2023-09-20,H1.Z19,P3,"['2023-09-20 02:00:00+00:00', '2023-09-20 03:00:00+00:00']",2,3.747,0.8067,103.237,57.142
2023-09-20,H2.ZE66,P1,"['2023-09-20 12:00:00+00:00', '2023-09-20 13:00:00+00:00', '2023-09-20 15:00:00+00:00']",3,3.737,0.1559,2639.75,2283.75
2023-09-20,H1.Z21,P3,"['2023-09-20 08:00:00+00:00', '2023-09-20 09:00:00+00:00']",2,3.732,0.9916,62.861,31.563
2023-09-20,H2.ZE66,P,"['2023-09-20 12:00:00+00:00', '2023-09-20 13:00:00+00:00', '2023-09-20 15:00:00+00:00']",3,3.732,0.1591,8050.483,6945.551
2023-09-20,H2.ZE66,I2,"['2023-09-20 12:00:00+00:00', '2023-09-20 13:00:00+00:00', '2023-09-20 15:00:00+00:00']",3,3.726,0.1568,13.863,11.984
2023-09-20,H2.T.Z30,I3,"['2023-09-20 08:00:00+00:00', '2023-09-20 09:00:00+00:00']",2,3.72,0.271,34.278,26.969
2023-09-20,H2.ZE66,P2,"['2023-09-20 12:00:00+00:00', '2023-09-20 13:00:00+00:00', '2023-09-20 15:00:00+00:00']",3,3.693,0.159,2661.328,2296.173
2023-09-20,H1.Z20,P,"['2023-09-20 02:00:00+00:00', '2023-09-20 03:00:00+00:00']",2,3.661,0.7385,-17226.045,-9908.555
2023-09-20,H2.T.Z30,P3,"['2023-09-20 08:00:00+00:00', '2023-09-20 09:00:00+00:00']",2,3.631,0.2894,7666.661,5946.033
2023-09-20,H1.Z20,P3,"['2023-09-20 02:00:00+00:00', '2023-09-20 03:00:00+00:00']",2,3.595,0.605,-5549.191,-3457.386
2023-09-20,H1.Z20,P1,"['2023-09-20 02:00:00+00:00', '2023-09-20 03:00:00+00:00']",2,3.59,0.6011,-5978.682,-3734.052
2023-09-20,H1.Z20,P2,"['2023-09-20 02:00:00+00:00', '2023-09-20 03:00:00+00:00']",2,3.579,0.6024,-5696.109,-3554.739
2023-09-20,H1.Z20,I3,"['2023-09-20 02:00:00+00:00', '2023-09-20 03:00:00+00:00']",2,3.575,0.5775,-24.996,-15.846
2023-09-20,H2.ZE64,P2,"['2023-09-20 00:00:00+00:00', '2023-09-20 01:00:00+00:00', '2023-09-20 02:00:00+00:00', '2023-09-20 03:00:00+00:00', '2023-09-20 04:00:00+00:00', '2023-09-20 05:00:00+00:00', '2023-09-20 06:00:00+00:00', '2023-09-20 07:00:00+00:00', '2023-09-20 10:00:00+00:00', '2023-09-20 12:00:00+00:00']",10,3.552,0.1101,5503.494,4957.719
2023-09-20,H2.ZE65,P2,"['2023-09-20 00:00:00+00:00', '2023-09-20 01:00:00+00:00', '2023-09-20 02:00:00+00:00', '2023-09-20 03:00:00+00:00', '2023-09-20 04:00:00+00:00', '2023-09-20 05:00:00+00:00', '2023-09-20 06:00:00+00:00', '2023-09-20 07:00:00+00:00', '2023-09-20 10:00:00+00:00', '2023-09-20 11:00:00+00:00']",10,3.549,0.1089,5672.521,5115.265
2023-09-20,H1.Z20,I1,"['2023-09-20 02:00:00+00:00', '2023-09-20 03:00:00+00:00']",2,3.539,0.5607,-28.24,-18.094
2023-09-20,H1.Z20,I2,"['2023-09-20 02:00:00+00:00', '2023-09-20 03:00:00+00:00']",2,3.534,0.5517,-25.719,-16.575
2023-09-20,H2.ZE64,P,"['2023-09-20 00:00:00+00:00', '2023-09-20 01:00:00+00:00', '2023-09-20 02:00:00+00:00', '2023-09-20 03:00:00+00:00', '2023-09-20 04:00:00+00:00', '2023-09-20 05:00:00+00:00', '2023-09-20 06:00:00+00:00', '2023-09-20 07:00:00+00:00', '2023-09-20 10:00:00+00:00', '2023-09-20 16:00:00+00:00', '2023-09-20 17:00:00+00:00', '2023-09-20 19:00:00+00:00']",12,3.487,0.1112,16688.345,15018.528
2023-09-20,H2.ZE64,P1,"['2023-09-20 00:00:00+00:00', '2023-09-20 01:00:00+00:00', '2023-09-20 02:00:00+00:00', '2023-09-20 03:00:00+00:00', '2023-09-20 04:00:00+00:00', '2023-09-20 05:00:00+00:00', '2023-09-20 06:00:00+00:00', '2023-09-20 07:00:00+00:00', '2023-09-20 10:00:00+00:00', '2023-09-20 11:00:00+00:00', '2023-09-20 12:00:00+00:00', '2023-09-20 13:00:00+00:00', '2023-09-20 14:00:00+00:00', '2023-09-20 15:00:00+00:00', '2023-09-20 16:00:00+00:00', '2023-09-20 17:00:00+00:00', '2023-09-20 18:00:00+00:00', '2023-09-20 19:00:00+00:00']",18,3.483,0.1117,5482.305,4931.43
2023-09-20,H2.ZE65,P,"['2023-09-20 00:00:00+00:00', '2023-09-20 01:00:00+00:00', '2023-09-20 02:00:00+00:00', '2023-09-20 03:00:00+00:00', '2023-09-20 04:00:00+00:00', '2023-09-20 05:00:00+00:00', '2023-09-20 06:00:00+00:00', '2023-09-20 07:00:00+00:00', '2023-09-20 10:00:00+00:00', '2023-09-20 11:00:00+00:00', '2023-09-20 16:00:00+00:00', '2023-09-20 17:00:00+00:00', '2023-09-20 19:00:00+00:00']",13,3.479,0.1106,17077.362,15376.578
2023-09-20,H2.ZE65,P1,"['2023-09-20 00:00:00+00:00', '2023-09-20 01:00:00+00:00', '2023-09-20 02:00:00+00:00', '2023-09-20 03:00:00+00:00', '2023-09-20 04:00:00+00:00', '2023-09-20 05:00:00+00:00', '2023-09-20 06:00:00+00:00', '2023-09-20 07:00:00+00:00', '2023-09-20 10:00:00+00:00', '2023-09-20 11:00:00+00:00', '2023-09-20 12:00:00+00:00', '2023-09-20 13:00:00+00:00', '2023-09-20 14:00:00+00:00', '2023-09-20 15:00:00+00:00', '2023-09-20 16:00:00+00:00', '2023-09-20 17:00:00+00:00', '2023-09-20 18:00:00+00:00', '2023-09-20 19:00:00+00:00', '2023-09-20 20:00:00+00:00']",19,3.474,0.1116,5550.599,4993.496
2023-09-20,H2.ZE64,P3,"['2023-09-20 00:00:00+00:00', '2023-09-20 01:00:00+00:00', '2023-09-20 02:00:00+00:00', '2023-09-20 03:00:00+00:00', '2023-09-20 04:00:00+00:00', '2023-09-20 05:00:00+00:00', '2023-09-20 06:00:00+00:00', '2023-09-20 07:00:00+00:00', '2023-09-20 10:00:00+00:00', '2023-09-20 17:00:00+00:00', '2023-09-20 19:00:00+00:00', '2023-09-20 20:00:00+00:00']",12,3.468,0.1117,5702.546,5129.38
2023-09-20,H1.Z29,P3,"['2023-09-20 02:00:00+00:00', '2023-09-20 03:00:00+00:00']",2,3.462,0.6577,-4190.142,-2527.667
2023-09-20,H1.W12,qv,"['2023-09-20 03:00:00+00:00', '2023-09-20 22:00:00+00:00']",2,3.456,0.5222,2.766,1.817
2023-09-20,H1.Z29,P,"['2023-09-20 02:00:00+00:00', '2023-09-20 03:00:00+00:00']",2,3.442,0.6027,-13445.419,-8389.399
2023-09-20,H1.ZE20,P3,"['2023-09-20 02:00:00+00:00', '2023-09-20 03:00:00+00:00']",2,3.442,0.5263,-5538.043,-3628.296
2023-09-20,H2.ZE65,P3,"['2023-09-20 00:00:00+00:00', '2023-09-20 01:00:00+00:00', '2023-09-20 02:00:00+00:00', '2023-09-20 03:00:00+00:00', '2023-09-20 04:00:00+00:00', '2023-09-20 05:00:00+00:00', '2023-09-20 06:00:00+00:00', '2023-09-20 07:00:00+00:00', '2023-09-20 10:00:00+00:00', '2023-09-20 17:00:00+00:00', '2023-09-20 19:00:00+00:00']",11,3.436,0.1113,5854.241,5267.816
2023-09-20,H1.Z29,P1,"['2023-09-20 02:00:00+00:00', '2023-09-20 03:00:00+00:00']",2,3.432,0.587,-4623.148,-2913.101
2023-09-20,H1.Z29,P2,"['2023-09-20 02:00:00+00:00', '2023-09-20 03:00:00+00:00']",2,3.432,0.5709,-4632.068,-2948.711
2023-09-20,H1.ZE20,P,"['2023-09-20 02:00:00+00:00', '2023-09-20 03:00:00+00:00']",2,3.43,0.5241,-17171.228,-11266.816
2023-09-20,H1.ZE20,P1,"['2023-09-20 02:00:00+00:00', '2023-09-20 03:00:00+00:00']",2,3.429,0.5212,-5950.89,-3912.021
2023-09-20,H1.ZE20,P2,"['2023-09-20 02:00:00+00:00', '2023-09-20 03:00:00+00:00']",2,3.42,0.5248,-5682.296,-3726.499
2023-09-20,H1.ZE20,I3,"['2023-09-20 02:00:00+00:00', '2023-09-20 03:00:00+00:00']",2,3.418,0.5121,-24.942,-16.495
2023-09-20,H1.Z29,I3,"['2023-09-20 02:00:00+00:00', '2023-09-20 03:00:00+00:00']",2,3.415,0.4568,31.421,21.568
2023-09-20,H1.ZE20,I2,"['2023-09-20 02:00:00+00:00', '2023-09-20 03:00:00+00:00']",2,3.401,0.513,-25.67,-16.967
2023-09-20,H1.ZE20,I1,"['2023-09-20 02:00:00+00:00', '2023-09-20 03:00:00+00:00']",2,3.4,0.5149,-28.165,-18.592
2023-09-20,H1.Z29,I1,"['2023-09-20 02:00:00+00:00', '2023-09-20 03:00:00+00:00']",2,3.382,0.4869,34.211,23.009
2023-09-20,H1.Z29,I2,"['2023-09-20 02:00:00+00:00', '2023-09-20 03:00:00+00:00']",2,3.382,0.4977,31.332,20.921
2023-09-20,H1.K15,Tvl,"['2023-09-20 00:00:00+00:00', '2023-09-20 01:00:00+00:00']",2,3.211,0.1281,6.156,7.06
2023-09-21,H2.ZE74,P3,"['2023-09-21 08:00:00+00:00', '2023-09-21 09:00:00+00:00', '2023-09-21 10:00:00+00:00', '2023-09-21 13:00:00+00:00']",4,33.589,0.1722,98.929,84.396
2023-09-21,H2.ZE74,P,"['2023-09-21 08:00:00+00:00', '2023-09-21 09:00:00+00:00', '2023-09-21 10:00:00+00:00', '2023-09-21 12:00:00+00:00', '2023-09-21 13:00:00+00:00']",5,18.648,1.2642,385.763,170.371
2023-09-21,H2.ZE74,I2,"['2023-09-21 08:00:00+00:00', '2023-09-21 09:00:00+00:00', '2023-09-21 10:00:00+00:00', '2023-09-21 12:00:00+00:00', '2023-09-21 13:00:00+00:00']",5,17.391,0.6983,2.031,1.196
2023-09-21,H2.ZE74,P2,"['2023-09-21 08:00:00+00:00', '2023-09-21 09:00:00+00:00', '2023-09-21 10:00:00+00:00', '2023-09-21 12:00:00+00:00', '2023-09-21 13:00:00+00:00']",5,17.31,2.7106,273.901,73.816
2023-09-21,H1.W11,Tdiff,"['2023-09-21 04:00:00+00:00', '2023-09-21 05:00:00+00:00']",2,8.131,2.3617,1925.365,572.737
2023-09-21,H1.Z26,P1,"['2023-09-21 11:00:00+00:00', '2023-09-21 12:00:00+00:00']",2,7.49,0.1544,2447.356,2120.01
2023-09-21,H1.Z26,P2,"['2023-09-21 11:00:00+00:00', '2023-09-21 12:00:00+00:00']",2,7.384,0.1915,1642.744,1378.723
2023-09-21,H1.Z26,P,"['2023-09-21 11:00:00+00:00', '2023-09-21 12:00:00+00:00']",2,6.992,0.1571,5766.663,4983.884
2023-09-21,H4.ZE51,I3,"['2023-09-21 09:00:00+00:00', '2023-09-21 11:00:00+00:00', '2023-09-21 12:00:00+00:00', '2023-09-21 13:00:00+00:00', '2023-09-21 14:00:00+00:00']",5,4.905,0.3136,10.569,8.046
2023-09-21,H4.ZE51,P3,"['2023-09-21 09:00:00+00:00', '2023-09-21 11:00:00+00:00', '2023-09-21 12:00:00+00:00', '2023-09-21 13:00:00+00:00', '2023-09-21 14:00:00+00:00']",5,4.797,0.4219,1886.464,1326.693
2023-09-21,H4.ZE50,I1,"['2023-09-21 08:00:00+00:00', '2023-09-21 09:00:00+00:00', '2023-09-21 10:00:00+00:00']",3,4.553,0.4696,9.242,6.289
2023-09-21,H4.ZE50,P1,"['2023-09-21 08:00:00+00:00', '2023-09-21 09:00:00+00:00', '2023-09-21 10:00:00+00:00']",3,4.493,0.5094,1981.907,1313.071
2023-09-21,H4.ZE50,P,"['2023-09-21 08:00:00+00:00', '2023-09-21 09:00:00+00:00', '2023-09-21 10:00:00+00:00']",3,4.471,0.4207,4521.431,3182.46
2023-09-21,H4.ZE50,P2,"['2023-09-21 08:00:00+00:00', '2023-09-21 09:00:00+00:00', '2023-09-21 10:00:00+00:00']",3,4.396,0.3736,1159.232,843.922
2023-09-21,H4.ZE50,P3,"['2023-09-21 08:00:00+00:00', '2023-09-21 09:00:00+00:00', '2023-09-21 10:00:00+00:00']",3,4.342,0.346,1380.32,1025.468
2023-09-21,H4.ZE50,I3,"['2023-09-21 08:00:00+00:00', '2023-09-21 09:00:00+00:00', '2023-09-21 10:00:00+00:00']",3,4.214,0.3191,6.56,4.973
2023-09-21,H4.ZE50,I2,"['2023-09-21 08:00:00+00:00', '2023-09-21 09:00:00+00:00', '2023-09-21 10:00:00+00:00']",3,4.174,0.2895,6.002,4.655
2023-09-21,H1.Z19,P3,"['2023-09-21 03:00:00+00:00', '2023-09-21 04:00:00+00:00', '2023-09-21 18:00:00+00:00']",3,4.154,0.7853,115.642,64.774
2023-09-21,H1.Z16,P1,"['2023-09-21 13:00:00+00:00', '2023-09-21 14:00:00+00:00', '2023-09-21 15:00:00+00:00', '2023-09-21 16:00:00+00:00']",4,4.098,3.7525,4493.738,945.544
2023-09-21,H2.T.Z32,P2,"['2023-09-21 07:00:00+00:00', '2023-09-21 08:00:00+00:00', '2023-09-21 13:00:00+00:00', '2023-09-21 14:00:00+00:00']",4,4.084,0.6001,3284.211,2052.526
2023-09-21,H1.Z16,P,"['2023-09-21 13:00:00+00:00', '2023-09-21 14:00:00+00:00', '2023-09-21 15:00:00+00:00', '2023-09-21 16:00:00+00:00']",4,4.078,4.0237,13365.633,2660.51
2023-09-21,H1.Z16,P2,"['2023-09-21 13:00:00+00:00', '2023-09-21 14:00:00+00:00', '2023-09-21 15:00:00+00:00', '2023-09-21 16:00:00+00:00']",4,4.065,3.8555,4499.941,926.774
2023-09-21,H1.Z20,P,"['2023-09-21 03:00:00+00:00', '2023-09-21 04:00:00+00:00', '2023-09-21 18:00:00+00:00']",3,4.061,0.6809,-18442.134,-10971.332
2023-09-21,H1.Z16,Q,"['2023-09-21 10:00:00+00:00', '2023-09-21 11:00:00+00:00', '2023-09-21 12:00:00+00:00', '2023-09-21 13:00:00+00:00', '2023-09-21 14:00:00+00:00', '2023-09-21 15:00:00+00:00', '2023-09-21 16:00:00+00:00', '2023-09-21 17:00:00+00:00']",8,4.052,5.3432,11660.504,1838.279
2023-09-21,H1.Z20,P2,"['2023-09-21 03:00:00+00:00', '2023-09-21 04:00:00+00:00', '2023-09-21 18:00:00+00:00']",3,4.011,0.5697,-6131.949,-3906.335
2023-09-21,H1.Z20,P1,"['2023-09-21 03:00:00+00:00', '2023-09-21 04:00:00+00:00', '2023-09-21 18:00:00+00:00']",3,3.979,0.5676,-6419.663,-4095.155
2023-09-21,H1.Z20,P3,"['2023-09-21 03:00:00+00:00', '2023-09-21 04:00:00+00:00', '2023-09-21 18:00:00+00:00']",3,3.93,0.5484,-5886.343,-3801.678
2023-09-21,H1.Z20,I2,"['2023-09-21 03:00:00+00:00', '2023-09-21 04:00:00+00:00', '2023-09-21 18:00:00+00:00']",3,3.915,0.5147,-27.432,-18.111
2023-09-21,H1.Z20,I1,"['2023-09-21 03:00:00+00:00', '2023-09-21 04:00:00+00:00', '2023-09-21 18:00:00+00:00']",3,3.883,0.5089,-29.871,-19.797
2023-09-21,H1.Z20,I3,"['2023-09-21 03:00:00+00:00', '2023-09-21 04:00:00+00:00', '2023-09-21 18:00:00+00:00']",3,3.865,0.5202,-26.377,-17.351
2023-09-21,H1.Z16,I1,"['2023-09-21 13:00:00+00:00', '2023-09-21 14:00:00+00:00', '2023-09-21 15:00:00+00:00', '2023-09-21 16:00:00+00:00']",4,3.851,3.5955,26.159,5.692
2023-09-21,H1.ZE20,P2,"['2023-09-21 04:00:00+00:00', '2023-09-21 18:00:00+00:00']",2,3.85,0.5006,-6131.905,-4086.358
2023-09-21,H1.Z29,P2,"['2023-09-21 04:00:00+00:00', '2023-09-21 18:00:00+00:00']",2,3.846,0.6985,-5560.942,-3274.028
2023-09-21,H1.Z16,I2,"['2023-09-21 13:00:00+00:00', '2023-09-21 14:00:00+00:00', '2023-09-21 15:00:00+00:00', '2023-09-21 16:00:00+00:00']",4,3.843,3.6209,26.573,5.751
2023-09-21,H1.Z13,P1,"['2023-09-21 13:00:00+00:00', '2023-09-21 14:00:00+00:00', '2023-09-21 15:00:00+00:00', '2023-09-21 16:00:00+00:00']",4,3.838,0.5007,5001.806,3332.955
2023-09-21,H1.ZE20,P1,"['2023-09-21 04:00:00+00:00', '2023-09-21 18:00:00+00:00']",2,3.826,0.4981,-6413.196,-4280.819
2023-09-21,H1.Z13,P3,"['2023-09-21 13:00:00+00:00', '2023-09-21 14:00:00+00:00', '2023-09-21 15:00:00+00:00', '2023-09-21 16:00:00+00:00']",4,3.824,0.4931,5200.038,3482.736
2023-09-21,H1.ZE20,P,"['2023-09-21 04:00:00+00:00', '2023-09-21 18:00:00+00:00']",2,3.817,0.4927,-18430.984,-12347.612
2023-09-21,H1.Z29,P1,"['2023-09-21 04:00:00+00:00', '2023-09-21 18:00:00+00:00']",2,3.814,0.7276,-5588.802,-3235.036
2023-09-21,H1.Z29,P,"['2023-09-21 04:00:00+00:00', '2023-09-21 18:00:00+00:00']",2,3.809,0.7191,-16094.601,-9362.197
2023-09-21,H1.Z14,P1,"['2023-09-21 13:00:00+00:00', '2023-09-21 14:00:00+00:00', '2023-09-21 15:00:00+00:00', '2023-09-21 16:00:00+00:00']",4,3.792,0.4786,4698.604,3177.765
2023-09-21,H1.Z13,P2,"['2023-09-21 13:00:00+00:00', '2023-09-21 14:00:00+00:00', '2023-09-21 15:00:00+00:00', '2023-09-21 16:00:00+00:00']",4,3.788,0.4863,5170.884,3479.092
2023-09-21,H1.Z14,P3,"['2023-09-21 13:00:00+00:00', '2023-09-21 14:00:00+00:00', '2023-09-21 15:00:00+00:00', '2023-09-21 16:00:00+00:00']",4,3.782,0.4702,4872.12,3313.915
2023-09-21,H1.ZE20,I2,"['2023-09-21 04:00:00+00:00', '2023-09-21 18:00:00+00:00']",2,3.776,0.477,-27.391,-18.545
2023-09-21,H1.Z29,P3,"['2023-09-21 04:00:00+00:00', '2023-09-21 18:00:00+00:00']",2,3.765,0.7331,-4944.846,-2853.195
2023-09-21,H1.Z14,P2,"['2023-09-21 13:00:00+00:00', '2023-09-21 14:00:00+00:00', '2023-09-21 15:00:00+00:00', '2023-09-21 16:00:00+00:00']",4,3.763,0.4726,4819.361,3272.763
2023-09-21,H1.Z29,I2,"['2023-09-21 04:00:00+00:00', '2023-09-21 18:00:00+00:00']",2,3.746,0.3342,30.306,22.714
2023-09-21,H1.ZE20,I1,"['2023-09-21 04:00:00+00:00', '2023-09-21 18:00:00+00:00']",2,3.739,0.4648,-29.792,-20.338
2023-09-21,H1.Z29,I1,"['2023-09-21 04:00:00+00:00', '2023-09-21 18:00:00+00:00']",2,3.709,0.3366,33.369,24.967
2023-09-21,H1.ZE20,I3,"['2023-09-21 04:00:00+00:00', '2023-09-21 18:00:00+00:00']",2,3.707,0.4592,-26.337,-18.049
2023-09-21,H4.ZE51,P,"['2023-09-21 09:00:00+00:00', '2023-09-21 11:00:00+00:00', '2023-09-21 12:00:00+00:00', '2023-09-21 13:00:00+00:00', '2023-09-21 14:00:00+00:00']",5,3.683,0.2656,6437.131,5086.122
2023-09-21,H1.Z29,I3,"['2023-09-21 04:00:00+00:00', '2023-09-21 18:00:00+00:00']",2,3.679,0.315,30.6,23.269
2023-09-21,H1.Z13,P,"['2023-09-21 13:00:00+00:00', '2023-09-21 14:00:00+00:00', '2023-09-21 15:00:00+00:00', '2023-09-21 16:00:00+00:00']",4,3.621,0.4729,15368.3,10433.835
2023-09-21,H1.Z14,P,"['2023-09-21 13:00:00+00:00', '2023-09-21 14:00:00+00:00', '2023-09-21 15:00:00+00:00', '2023-09-21 16:00:00+00:00']",4,3.604,0.4596,14387.77,9857.111
2023-09-21,H2.T.Z30,I3,"['2023-09-21 08:00:00+00:00', '2023-09-21 09:00:00+00:00', '2023-09-21 10:00:00+00:00']",3,3.56,0.3125,36.005,27.432
2023-09-21,H3.ZE41,I1,"['2023-09-21 07:00:00+00:00', '2023-09-21 08:00:00+00:00', '2023-09-21 09:00:00+00:00', '2023-09-21 12:00:00+00:00']",4,3.559,0.1202,8.309,7.418
2023-09-21,H3.ZE41,P1,"['2023-09-21 08:00:00+00:00', '2023-09-21 09:00:00+00:00', '2023-09-21 12:00:00+00:00']",3,3.544,0.1144,1655.753,1485.759
2023-09-21,H1.Z16,P3,"['2023-09-21 13:00:00+00:00', '2023-09-21 14:00:00+00:00', '2023-09-21 15:00:00+00:00', '2023-09-21 16:00:00+00:00']",4,3.519,3.5866,4385.505,956.148
2023-09-21,H2.T.Z30,P3,"['2023-09-21 08:00:00+00:00', '2023-09-21 09:00:00+00:00', '2023-09-21 10:00:00+00:00']",3,3.505,0.3352,8075.913,6048.585
2023-09-21,H4.ZE51,I1,"['2023-09-21 08:00:00+00:00', '2023-09-21 09:00:00+00:00', '2023-09-21 11:00:00+00:00']",3,3.451,0.187,13.397,11.287
2023-09-21,H1.Z13,I1,"['2023-09-21 13:00:00+00:00', '2023-09-21 14:00:00+00:00', '2023-09-21 15:00:00+00:00', '2023-09-21 16:00:00+00:00']",4,3.44,0.3715,32.057,23.374
2023-09-21,H1.Z13,I3,"['2023-09-21 13:00:00+00:00', '2023-09-21 14:00:00+00:00', '2023-09-21 15:00:00+00:00', '2023-09-21 16:00:00+00:00']",4,3.415,0.3638,32.993,24.192
2023-09-21,H1.Z16,I3,"['2023-09-21 13:00:00+00:00', '2023-09-21 14:00:00+00:00', '2023-09-21 15:00:00+00:00', '2023-09-21 16:00:00+00:00']",4,3.415,3.7099,25.808,5.479
2023-09-21,H1.W12,P,"['2023-09-21 04:00:00+00:00', '2023-09-21 18:00:00+00:00']",2,3.405,0.5434,30032.701,19458.766
2023-09-21,H1.Z13,I2,"['2023-09-21 13:00:00+00:00', '2023-09-21 14:00:00+00:00', '2023-09-21 15:00:00+00:00', '2023-09-21 16:00:00+00:00']",4,3.403,0.3578,32.599,24.009
2023-09-21,H1.Z14,I1,"['2023-09-21 13:00:00+00:00', '2023-09-21 14:00:00+00:00', '2023-09-21 15:00:00+00:00', '2023-09-21 16:00:00+00:00']",4,3.403,0.3575,30.364,22.367
2023-09-21,H4.ZE51,P1,"['2023-09-21 08:00:00+00:00', '2023-09-21 09:00:00+00:00', '2023-09-21 11:00:00+00:00']",3,3.392,0.2396,2704.949,2182.106
2023-09-21,H1.Z14,I3,"['2023-09-21 13:00:00+00:00', '2023-09-21 14:00:00+00:00', '2023-09-21 15:00:00+00:00', '2023-09-21 16:00:00+00:00']",4,3.391,0.354,31.035,22.921
2023-09-21,H1.Z14,I2,"['2023-09-21 13:00:00+00:00', '2023-09-21 14:00:00+00:00', '2023-09-21 15:00:00+00:00', '2023-09-21 16:00:00+00:00']",4,3.384,0.348,30.865,22.896
2023-09-21,H1.W11,P,"['2023-09-21 03:00:00+00:00', '2023-09-21 18:00:00+00:00']",2,3.354,0.7485,30831.597,17633.394
2023-09-21,H2.T.Z30,P,"['2023-09-21 08:00:00+00:00', '2023-09-21 09:00:00+00:00']",2,3.313,0.2674,21831.099,17225.019
2023-09-21,H3.Z41,I1,"['2023-09-21 08:00:00+00:00', '2023-09-21 09:00:00+00:00']",2,3.311,0.1242,8.325,7.406
2023-09-21,H3.Z41,P1,"['2023-09-21 08:00:00+00:00', '2023-09-21 09:00:00+00:00']",2,3.225,0.1098,1638.844,1476.647
2023-09-23,H1.W11,Tdiff,"['2023-09-23 14:00:00+00:00', '2023-09-23 15:00:00+00:00', '2023-09-23 16:00:00+00:00', '2023-09-23 19:00:00+00:00', '2023-09-23 20:00:00+00:00', '2023-09-23 21:00:00+00:00', '2023-09-23 22:00:00+00:00', '2023-09-23 23:00:00+00:00']",8,8.568,8.6884,8145.972,840.794
2023-09-23,H1.W11,P,"['2023-09-23 18:00:00+00:00', '2023-09-23 19:00:00+00:00', '2023-09-23 21:00:00+00:00', '2023-09-23 22:00:00+00:00']",4,4.798,2.7881,70803.403,18690.936
2023-09-23,H1.Z19,P3,"['2023-09-23 14:00:00+00:00', '2023-09-23 18:00:00+00:00', '2023-09-23 19:00:00+00:00', '2023-09-23 21:00:00+00:00', '2023-09-23 23:00:00+00:00']",5,4.551,3.245,313.128,73.765
2023-09-23,H1.Z20,P,"['2023-09-23 14:00:00+00:00', '2023-09-23 18:00:00+00:00', '2023-09-23 19:00:00+00:00', '2023-09-23 21:00:00+00:00', '2023-09-23 23:00:00+00:00']",5,4.547,2.7618,-44879.753,-11930.316
2023-09-23,H1.Z20,P2,"['2023-09-23 14:00:00+00:00', '2023-09-23 18:00:00+00:00', '2023-09-23 19:00:00+00:00', '2023-09-23 21:00:00+00:00', '2023-09-23 23:00:00+00:00']",5,4.474,2.486,-14973.013,-4295.234
2023-09-23,H1.Z20,P3,"['2023-09-23 14:00:00+00:00', '2023-09-23 18:00:00+00:00', '2023-09-23 19:00:00+00:00', '2023-09-23 21:00:00+00:00', '2023-09-23 23:00:00+00:00']",5,4.442,2.4455,-14239.659,-4132.848
2023-09-23,H1.Z20,P1,"['2023-09-23 14:00:00+00:00', '2023-09-23 18:00:00+00:00', '2023-09-23 19:00:00+00:00', '2023-09-23 21:00:00+00:00', '2023-09-23 23:00:00+00:00']",5,4.425,2.4733,-15667.486,-4510.863
2023-09-23,H1.Z20,I3,"['2023-09-23 14:00:00+00:00', '2023-09-23 18:00:00+00:00', '2023-09-23 19:00:00+00:00', '2023-09-23 21:00:00+00:00', '2023-09-23 23:00:00+00:00']",5,4.423,2.3761,-63.108,-18.693
2023-09-23,H1.Z29,P2,"['2023-09-23 14:00:00+00:00', '2023-09-23 18:00:00+00:00', '2023-09-23 19:00:00+00:00', '2023-09-23 21:00:00+00:00', '2023-09-23 23:00:00+00:00']",5,4.419,3.2069,-14589.928,-3468.084
2023-09-23,H1.Z20,I2,"['2023-09-23 14:00:00+00:00', '2023-09-23 18:00:00+00:00', '2023-09-23 19:00:00+00:00', '2023-09-23 21:00:00+00:00', '2023-09-23 23:00:00+00:00']",5,4.418,2.3562,-66.073,-19.687
2023-09-23,H1.ZE20,P2,"['2023-09-23 14:00:00+00:00', '2023-09-23 18:00:00+00:00', '2023-09-23 19:00:00+00:00', '2023-09-23 21:00:00+00:00', '2023-09-23 23:00:00+00:00']",5,4.413,2.5487,-14978.726,-4220.88
2023-09-23,H1.Z29,P,"['2023-09-23 14:00:00+00:00', '2023-09-23 18:00:00+00:00', '2023-09-23 19:00:00+00:00', '2023-09-23 21:00:00+00:00', '2023-09-23 23:00:00+00:00']",5,4.392,3.3577,-43061.016,-9881.498
2023-09-23,H1.Z29,P3,"['2023-09-23 14:00:00+00:00', '2023-09-23 18:00:00+00:00', '2023-09-23 19:00:00+00:00', '2023-09-23 21:00:00+00:00', '2023-09-23 23:00:00+00:00']",5,4.391,3.5414,-13570.967,-2988.28
2023-09-23,H1.ZE20,P,"['2023-09-23 14:00:00+00:00', '2023-09-23 18:00:00+00:00', '2023-09-23 19:00:00+00:00', '2023-09-23 21:00:00+00:00', '2023-09-23 23:00:00+00:00']",5,4.386,2.5303,-44887.428,-12714.767
2023-09-23,H1.ZE20,I2,"['2023-09-23 14:00:00+00:00', '2023-09-23 18:00:00+00:00', '2023-09-23 19:00:00+00:00', '2023-09-23 21:00:00+00:00', '2023-09-23 23:00:00+00:00']",5,4.38,2.471,-66.087,-19.04
2023-09-23,H1.ZE20,P3,"['2023-09-23 14:00:00+00:00', '2023-09-23 18:00:00+00:00', '2023-09-23 19:00:00+00:00', '2023-09-23 21:00:00+00:00', '2023-09-23 23:00:00+00:00']",5,4.38,2.5052,-14250.028,-4065.393
2023-09-23,H1.Z29,I2,"['2023-09-23 14:00:00+00:00', '2023-09-23 18:00:00+00:00', '2023-09-23 19:00:00+00:00', '2023-09-23 21:00:00+00:00', '2023-09-23 23:00:00+00:00']",5,4.371,2.0102,68.72,22.829
2023-09-23,H1.Z29,P1,"['2023-09-23 14:00:00+00:00', '2023-09-23 18:00:00+00:00', '2023-09-23 19:00:00+00:00', '2023-09-23 21:00:00+00:00', '2023-09-23 23:00:00+00:00']",5,4.368,3.3502,-14900.121,-3425.195
2023-09-23,H1.ZE20,P1,"['2023-09-23 14:00:00+00:00', '2023-09-23 18:00:00+00:00', '2023-09-23 19:00:00+00:00', '2023-09-23 21:00:00+00:00', '2023-09-23 23:00:00+00:00']",5,4.367,2.5359,-15658.673,-4428.495
2023-09-23,H1.Z29,I3,"['2023-09-23 14:00:00+00:00', '2023-09-23 18:00:00+00:00', '2023-09-23 19:00:00+00:00', '2023-09-23 21:00:00+00:00', '2023-09-23 23:00:00+00:00']",5,4.366,1.851,66.36,23.276
2023-09-23,H1.Z20,I1,"['2023-09-23 14:00:00+00:00', '2023-09-23 18:00:00+00:00', '2023-09-23 19:00:00+00:00', '2023-09-23 21:00:00+00:00', '2023-09-23 23:00:00+00:00']",5,4.361,2.321,-70.902,-21.349
2023-09-23,H1.ZE20,I3,"['2023-09-23 14:00:00+00:00', '2023-09-23 18:00:00+00:00', '2023-09-23 19:00:00+00:00', '2023-09-23 21:00:00+00:00', '2023-09-23 23:00:00+00:00']",5,4.36,2.4351,-63.071,-18.361
2023-09-23,H1.ZE20,I1,"['2023-09-23 14:00:00+00:00', '2023-09-23 18:00:00+00:00', '2023-09-23 19:00:00+00:00', '2023-09-23 21:00:00+00:00', '2023-09-23 23:00:00+00:00']",5,4.323,2.419,-70.822,-20.714
2023-09-23,H1.Z29,I1,"['2023-09-23 14:00:00+00:00', '2023-09-23 18:00:00+00:00', '2023-09-23 19:00:00+00:00', '2023-09-23 21:00:00+00:00', '2023-09-23 23:00:00+00:00']",5,4.312,1.9512,74.003,25.075
2023-09-23,V.Z81,I2,"['2023-09-23 14:00:00+00:00', '2023-09-23 18:00:00+00:00', '2023-09-23 21:00:00+00:00']",3,4.23,0.1765,146.795,124.773
2023-09-23,H1.Z25,P1,"['2023-09-23 14:00:00+00:00', '2023-09-23 18:00:00+00:00', '2023-09-23 19:00:00+00:00', '2023-09-23 21:00:00+00:00', '2023-09-23 23:00:00+00:00']",5,4.225,0.2723,120.633,94.816
2023-09-23,H1.Z24,P1,"['2023-09-23 14:00:00+00:00', '2023-09-23 18:00:00+00:00', '2023-09-23 19:00:00+00:00', '2023-09-23 21:00:00+00:00', '2023-09-23 23:00:00+00:00']",5,4.16,0.2215,71.204,91.462
2023-09-23,V.Z81,I3,"['2023-09-23 14:00:00+00:00', '2023-09-23 18:00:00+00:00', '2023-09-23 21:00:00+00:00']",3,4.082,0.1736,144.065,122.757
2023-09-23,H2.K21,Trl,"['2023-09-23 13:00:00+00:00', '2023-09-23 14:00:00+00:00', '2023-09-23 15:00:00+00:00', '2023-09-23 16:00:00+00:00', '2023-09-23 17:00:00+00:00', '2023-09-23 18:00:00+00:00', '2023-09-23 19:00:00+00:00', '2023-09-23 20:00:00+00:00', '2023-09-23 21:00:00+00:00', '2023-09-23 22:00:00+00:00', '2023-09-23 23:00:00+00:00']",11,4.078,0.5716,15.817,10.065
2023-09-23,H1.Z19,P1,"['2023-09-23 14:00:00+00:00', '2023-09-23 18:00:00+00:00', '2023-09-23 19:00:00+00:00', '2023-09-23 21:00:00+00:00', '2023-09-23 23:00:00+00:00']",5,4.075,1.951,7.681,2.603
2023-09-23,H1.W12,P,"['2023-09-23 14:00:00+00:00', '2023-09-23 18:00:00+00:00', '2023-09-23 19:00:00+00:00', '2023-09-23 21:00:00+00:00', '2023-09-23 23:00:00+00:00']",5,4.059,2.3004,71503.997,21665.56
2023-09-23,H1.Z25,P3,"['2023-09-23 14:00:00+00:00', '2023-09-23 18:00:00+00:00', '2023-09-23 19:00:00+00:00', '2023-09-23 21:00:00+00:00', '2023-09-23 23:00:00+00:00']",5,3.837,14.1491,-16.259,-1.073
2023-09-23,V.Z81,I1,"['2023-09-23 14:00:00+00:00', '2023-09-23 21:00:00+00:00']",2,3.83,0.1642,142.841,122.695
2023-09-23,H2.T.Z33,P3,"['2023-09-23 10:00:00+00:00', '2023-09-23 11:00:00+00:00']",2,3.829,0.709,3492.84,12003.365
2023-09-23,H2.T.Z33,P1,"['2023-09-23 10:00:00+00:00', '2023-09-23 11:00:00+00:00']",2,3.822,0.6761,3588.958,11082.122
2023-09-23,H1.Z24,P3,"['2023-09-23 14:00:00+00:00', '2023-09-23 18:00:00+00:00', '2023-09-23 19:00:00+00:00', '2023-09-23 21:00:00+00:00', '2023-09-23 23:00:00+00:00']",5,3.816,10.805,28.378,2.404
2023-09-23,H2.T.Z33,P,"['2023-09-23 10:00:00+00:00', '2023-09-23 11:00:00+00:00']",2,3.804,0.6835,10267.656,32442.913
2023-09-23,H2.K21,Tvl,"['2023-09-23 16:00:00+00:00', '2023-09-23 17:00:00+00:00', '2023-09-23 18:00:00+00:00', '2023-09-23 20:00:00+00:00', '2023-09-23 21:00:00+00:00', '2023-09-23 22:00:00+00:00', '2023-09-23 23:00:00+00:00']",7,3.776,0.6482,15.985,9.699
2023-09-23,H2.T.Z33,P2,"['2023-09-23 10:00:00+00:00', '2023-09-23 11:00:00+00:00']",2,3.758,0.7084,3185.506,10925.109
2023-09-23,H1.Z28,P2,"['2023-09-23 14:00:00+00:00', '2023-09-23 18:00:00+00:00', '2023-09-23 19:00:00+00:00', '2023-09-23 21:00:00+00:00', '2023-09-23 23:00:00+00:00']",5,3.65,0.8078,2120.015,11027.659
2023-09-23,H1.Z28,P,"['2023-09-23 14:00:00+00:00', '2023-09-23 18:00:00+00:00', '2023-09-23 19:00:00+00:00', '2023-09-23 21:00:00+00:00']",4,3.583,0.9346,1754.984,26833.263
2023-09-23,H1.Z28,P1,"['2023-09-23 14:00:00+00:00', '2023-09-23 18:00:00+00:00', '2023-09-23 19:00:00+00:00', '2023-09-23 21:00:00+00:00']",4,3.578,1.0963,-867.306,9003.342
2023-09-23,V.Z81,P1,"['2023-09-23 14:00:00+00:00', '2023-09-23 18:00:00+00:00', '2023-09-23 21:00:00+00:00']",3,3.528,1.5222,-5002.243,9578.486
2023-09-23,V.Z82,P1,"['2023-09-23 14:00:00+00:00', '2023-09-23 18:00:00+00:00', '2023-09-23 21:00:00+00:00']",3,3.512,0.9371,958.563,15235.106
2023-09-23,H1.Z15,P1,"['2023-09-23 14:00:00+00:00', '2023-09-23 18:00:00+00:00', '2023-09-23 19:00:00+00:00', '2023-09-23 21:00:00+00:00']",4,3.51,1.0044,-84.41,19201.153
2023-09-23,H1.Z28,P3,"['2023-09-23 14:00:00+00:00', '2023-09-23 18:00:00+00:00', '2023-09-23 21:00:00+00:00']",3,3.484,0.9262,502.14,6802.73
2023-09-23,V.Z81,P2,"['2023-09-23 14:00:00+00:00', '2023-09-23 21:00:00+00:00']",2,3.481,1.8025,-6492.812,8091.149
2023-09-23,V.Z81,P,"['2023-09-23 14:00:00+00:00', '2023-09-23 21:00:00+00:00']",2,3.465,1.6244,-16892.816,27055.059
2023-09-23,V.Z82,P2,"['2023-09-23 14:00:00+00:00', '2023-09-23 21:00:00+00:00']",2,3.46,1.0055,-78.356,14228.134
2023-09-23,H1.Z20,Q,"['2023-09-23 14:00:00+00:00', '2023-09-23 18:00:00+00:00', '2023-09-23 19:00:00+00:00', '2023-09-23 21:00:00+00:00']",4,3.453,2.0054,-2491.585,-829.041
2023-09-23,V.Z82,P,"['2023-09-23 14:00:00+00:00', '2023-09-23 21:00:00+00:00']",2,3.445,0.9982,79.134,43075.371
2023-09-23,H1.Z15,P,"['2023-09-23 14:00:00+00:00', '2023-09-23 18:00:00+00:00', '2023-09-23 21:00:00+00:00']",3,3.425,1.169,-8992.785,53225.441
2023-09-23,H1.Z15,P2,"['2023-09-23 14:00:00+00:00', '2023-09-23 18:00:00+00:00', '2023-09-23 21:00:00+00:00']",3,3.417,1.355,-5240.314,14761.412
2023-09-23,H2.Z361,P1,"['2023-09-23 10:00:00+00:00', '2023-09-23 11:00:00+00:00']",2,3.401,0.3403,12244.802,18560.022
2023-09-23,H2.Z351,P1,"['2023-09-23 10:00:00+00:00', '2023-09-23 11:00:00+00:00']",2,3.391,0.3462,12310.659,18828.95
2023-09-23,H2.Z361,P3,"['2023-09-23 10:00:00+00:00', '2023-09-23 11:00:00+00:00']",2,3.39,0.3254,13649.472,20234.575
2023-09-23,H2.Z351,P3,"['2023-09-23 10:00:00+00:00', '2023-09-23 11:00:00+00:00']",2,3.386,0.3345,13609.372,20448.796
2023-09-23,H2.Z361,P,"['2023-09-23 10:00:00+00:00', '2023-09-23 11:00:00+00:00']",2,3.383,0.3252,39102.279,57947.821
2023-09-23,H1.Z24,Q,"['2023-09-23 14:00:00+00:00', '2023-09-23 21:00:00+00:00']",2,3.372,0.5757,33.622,21.338
2023-09-23,H2.Z351,P,"['2023-09-23 10:00:00+00:00', '2023-09-23 11:00:00+00:00']",2,3.372,0.3307,39072.677,58381.408
2023-09-23,V.Z81,P3,"['2023-09-23 14:00:00+00:00', '2023-09-23 21:00:00+00:00']",2,3.369,1.5751,-5397.665,9385.969
2023-09-23,H1.Z15,P3,"['2023-09-23 14:00:00+00:00', '2023-09-23 18:00:00+00:00', '2023-09-23 21:00:00+00:00']",3,3.35,1.1904,-3668.127,19262.844
2023-09-23,V.Z82,P3,"['2023-09-23 14:00:00+00:00', '2023-09-23 21:00:00+00:00']",2,3.346,1.0589,-801.991,13612.177
2023-09-23,H2.Z361,P2,"['2023-09-23 10:00:00+00:00', '2023-09-23 11:00:00+00:00']",2,3.345,0.3104,13207.893,19152.807
2023-09-23,H2.Z351,P2,"['2023-09-23 10:00:00+00:00', '2023-09-23 11:00:00+00:00']",2,3.326,0.3115,13152.166,19103.594
2023-09-23,H1.W12,qv,"['2023-09-23 02:00:00+00:00', '2023-09-23 14:00:00+00:00', '2023-09-23 18:00:00+00:00', '2023-09-23 19:00:00+00:00', '2023-09-23 21:00:00+00:00']",5,3.136,1.9877,5.851,1.958
2023-09-24,H1.W11,Tdiff,"['2023-09-24 00:00:00+00:00', '2023-09-24 01:00:00+00:00', '2023-09-24 02:00:00+00:00', '2023-09-24 04:00:00+00:00', '2023-09-24 06:00:00+00:00', '2023-09-24 07:00:00+00:00', '2023-09-24 18:00:00+00:00', '2023-09-24 19:00:00+00:00', '2023-09-24 21:00:00+00:00', '2023-09-24 22:00:00+00:00', '2023-09-24 23:00:00+00:00']",11,5.028,6.1849,14659.122,2040.28
2023-09-24,H1.W11,P,"['2023-09-24 01:00:00+00:00', '2023-09-24 17:00:00+00:00', '2023-09-24 18:00:00+00:00', '2023-09-24 21:00:00+00:00']",4,4.054,2.4557,98910.104,28622.004
2023-09-24,H1.Z20,Q,"['2023-09-24 04:00:00+00:00', '2023-09-24 06:00:00+00:00', '2023-09-24 17:00:00+00:00', '2023-09-24 18:00:00+00:00', '2023-09-24 21:00:00+00:00']",5,3.908,2.2998,-3934.993,-1192.496
2023-09-24,H2.Z351,P3,"['2023-09-24 09:00:00+00:00', '2023-09-24 10:00:00+00:00', '2023-09-24 11:00:00+00:00', '2023-09-24 12:00:00+00:00']",4,3.722,0.4811,10807.416,20828.26
2023-09-24,H2.Z361,P3,"['2023-09-24 09:00:00+00:00', '2023-09-24 10:00:00+00:00', '2023-09-24 11:00:00+00:00', '2023-09-24 12:00:00+00:00']",4,3.717,0.4751,10830.666,20635.265
2023-09-24,H2.Z351,P,"['2023-09-24 09:00:00+00:00', '2023-09-24 10:00:00+00:00', '2023-09-24 11:00:00+00:00', '2023-09-24 12:00:00+00:00']",4,3.7,0.5029,29690.97,59731.422
2023-09-24,H2.Z351,P1,"['2023-09-24 09:00:00+00:00', '2023-09-24 10:00:00+00:00', '2023-09-24 11:00:00+00:00', '2023-09-24 12:00:00+00:00']",4,3.7,0.5257,9113.663,19216.944
2023-09-24,H2.Z361,P,"['2023-09-24 09:00:00+00:00', '2023-09-24 10:00:00+00:00', '2023-09-24 11:00:00+00:00', '2023-09-24 12:00:00+00:00']",4,3.696,0.4976,29795.597,59310.22
2023-09-24,H2.Z361,P1,"['2023-09-24 09:00:00+00:00', '2023-09-24 10:00:00+00:00', '2023-09-24 11:00:00+00:00', '2023-09-24 12:00:00+00:00']",4,3.694,0.5186,9118.993,18944.207
2023-09-24,H2.Z361,P2,"['2023-09-24 09:00:00+00:00', '2023-09-24 10:00:00+00:00', '2023-09-24 11:00:00+00:00', '2023-09-24 12:00:00+00:00']",4,3.661,0.5009,9846.388,19730.079
2023-09-24,H2.Z351,P2,"['2023-09-24 09:00:00+00:00', '2023-09-24 10:00:00+00:00', '2023-09-24 11:00:00+00:00', '2023-09-24 12:00:00+00:00']",4,3.66,0.5037,9770.592,19686.031
2023-09-24,H1.Z20,P2,"['2023-09-24 04:00:00+00:00', '2023-09-24 06:00:00+00:00', '2023-09-24 17:00:00+00:00', '2023-09-24 18:00:00+00:00', '2023-09-24 21:00:00+00:00', '2023-09-24 23:00:00+00:00']",6,3.612,2.4781,-21467.872,-6172.291
2023-09-24,H1.Z20,I2,"['2023-09-24 04:00:00+00:00', '2023-09-24 06:00:00+00:00', '2023-09-24 17:00:00+00:00', '2023-09-24 18:00:00+00:00', '2023-09-24 21:00:00+00:00', '2023-09-24 23:00:00+00:00']",6,3.606,2.4031,-94.814,-27.861
2023-09-24,H1.Z19,P3,"['2023-09-24 04:00:00+00:00', '2023-09-24 06:00:00+00:00', '2023-09-24 17:00:00+00:00', '2023-09-24 18:00:00+00:00', '2023-09-24 21:00:00+00:00', '2023-09-24 23:00:00+00:00']",6,3.601,2.9471,452.139,114.551
2023-09-24,H1.Z19,I3,"['2023-09-24 04:00:00+00:00', '2023-09-24 06:00:00+00:00', '2023-09-24 17:00:00+00:00', '2023-09-24 18:00:00+00:00', '2023-09-24 21:00:00+00:00', '2023-09-24 23:00:00+00:00']",6,3.591,2.1801,3.708,1.166
2023-09-24,H1.Z20,P1,"['2023-09-24 04:00:00+00:00', '2023-09-24 06:00:00+00:00', '2023-09-24 17:00:00+00:00', '2023-09-24 18:00:00+00:00', '2023-09-24 21:00:00+00:00', '2023-09-24 23:00:00+00:00']",6,3.576,2.4709,-22482.375,-6477.326
2023-09-24,H1.Z20,P,"['2023-09-24 04:00:00+00:00', '2023-09-24 06:00:00+00:00', '2023-09-24 17:00:00+00:00', '2023-09-24 18:00:00+00:00', '2023-09-24 21:00:00+00:00', '2023-09-24 23:00:00+00:00']",6,3.57,2.5035,-64340.682,-18364.726
2023-09-24,H1.Z20,P3,"['2023-09-24 04:00:00+00:00', '2023-09-24 06:00:00+00:00', '2023-09-24 17:00:00+00:00', '2023-09-24 18:00:00+00:00', '2023-09-24 21:00:00+00:00', '2023-09-24 23:00:00+00:00']",6,3.565,2.447,-20393.24,-5916.222
2023-09-24,H2.T.Z33,P1,"['2023-09-24 09:00:00+00:00', '2023-09-24 10:00:00+00:00', '2023-09-24 11:00:00+00:00', '2023-09-24 12:00:00+00:00']",4,3.555,0.8996,1049.09,10446.229
2023-09-24,H1.Z20,I3,"['2023-09-24 04:00:00+00:00', '2023-09-24 06:00:00+00:00', '2023-09-24 17:00:00+00:00', '2023-09-24 18:00:00+00:00', '2023-09-24 21:00:00+00:00', '2023-09-24 23:00:00+00:00']",6,3.541,2.4042,-90.434,-26.566
2023-09-24,H1.Z20,I1,"['2023-09-24 04:00:00+00:00', '2023-09-24 06:00:00+00:00', '2023-09-24 17:00:00+00:00', '2023-09-24 18:00:00+00:00', '2023-09-24 21:00:00+00:00', '2023-09-24 23:00:00+00:00']",6,3.534,2.3667,-101.575,-30.17
2023-09-24,H1.Z29,I2,"['2023-09-24 04:00:00+00:00', '2023-09-24 06:00:00+00:00', '2023-09-24 17:00:00+00:00', '2023-09-24 18:00:00+00:00', '2023-09-24 21:00:00+00:00']",5,3.532,2.0223,97.254,32.179
2023-09-24,H1.ZE20,I2,"['2023-09-24 04:00:00+00:00', '2023-09-24 06:00:00+00:00', '2023-09-24 17:00:00+00:00', '2023-09-24 18:00:00+00:00', '2023-09-24 21:00:00+00:00']",5,3.532,2.3343,-94.829,-28.441
2023-09-24,H1.Z29,P2,"['2023-09-24 04:00:00+00:00', '2023-09-24 06:00:00+00:00', '2023-09-24 17:00:00+00:00', '2023-09-24 18:00:00+00:00', '2023-09-24 21:00:00+00:00']",5,3.527,2.7503,-21192.97,-5650.945
2023-09-24,H1.ZE20,P2,"['2023-09-24 04:00:00+00:00', '2023-09-24 06:00:00+00:00', '2023-09-24 17:00:00+00:00', '2023-09-24 18:00:00+00:00', '2023-09-24 21:00:00+00:00']",5,3.524,2.3703,-21456.054,-6366.174
2023-09-24,H1.Z25,P1,"['2023-09-24 04:00:00+00:00', '2023-09-24 06:00:00+00:00', '2023-09-24 17:00:00+00:00', '2023-09-24 18:00:00+00:00', '2023-09-24 21:00:00+00:00', '2023-09-24 23:00:00+00:00']",6,3.491,0.3379,133.038,99.435
2023-09-24,H1.Z29,P1,"['2023-09-24 04:00:00+00:00', '2023-09-24 06:00:00+00:00', '2023-09-24 17:00:00+00:00', '2023-09-24 18:00:00+00:00', '2023-09-24 21:00:00+00:00']",5,3.488,2.8494,-21833.193,-5671.911
2023-09-24,H2.T.Z33,P,"['2023-09-24 09:00:00+00:00', '2023-09-24 11:00:00+00:00', '2023-09-24 12:00:00+00:00']",3,3.488,0.8846,3627.754,31445.356
2023-09-24,H1.ZE20,P1,"['2023-09-24 04:00:00+00:00', '2023-09-24 06:00:00+00:00', '2023-09-24 17:00:00+00:00', '2023-09-24 18:00:00+00:00', '2023-09-24 21:00:00+00:00']",5,3.484,2.3658,-22455.543,-6671.725
2023-09-24,H1.Z29,P,"['2023-09-24 04:00:00+00:00', '2023-09-24 06:00:00+00:00', '2023-09-24 17:00:00+00:00', '2023-09-24 18:00:00+00:00', '2023-09-24 21:00:00+00:00']",5,3.482,2.8358,-62864.584,-16389.086
2023-09-24,H1.Z29,P3,"['2023-09-24 04:00:00+00:00', '2023-09-24 06:00:00+00:00', '2023-09-24 17:00:00+00:00', '2023-09-24 18:00:00+00:00', '2023-09-24 21:00:00+00:00']",5,3.478,2.9158,-19838.508,-5066.264
2023-09-24,H1.ZE20,P,"['2023-09-24 04:00:00+00:00', '2023-09-24 06:00:00+00:00', '2023-09-24 17:00:00+00:00', '2023-09-24 18:00:00+00:00', '2023-09-24 21:00:00+00:00']",5,3.477,2.3588,-64298.212,-19143.439
2023-09-24,H1.ZE20,P3,"['2023-09-24 04:00:00+00:00', '2023-09-24 06:00:00+00:00', '2023-09-24 17:00:00+00:00', '2023-09-24 18:00:00+00:00', '2023-09-24 21:00:00+00:00']",5,3.468,2.339,-20386.616,-6105.54
2023-09-24,H1.Z29,I3,"['2023-09-24 04:00:00+00:00', '2023-09-24 06:00:00+00:00', '2023-09-24 17:00:00+00:00', '2023-09-24 18:00:00+00:00', '2023-09-24 21:00:00+00:00']",5,3.465,1.9022,93.182,32.107
2023-09-24,H1.Z29,I1,"['2023-09-24 04:00:00+00:00', '2023-09-24 06:00:00+00:00', '2023-09-24 17:00:00+00:00', '2023-09-24 18:00:00+00:00', '2023-09-24 21:00:00+00:00']",5,3.464,1.9633,104.076,35.121
2023-09-24,H2.T.Z33,P2,"['2023-09-24 09:00:00+00:00', '2023-09-24 11:00:00+00:00', '2023-09-24 12:00:00+00:00']",3,3.464,0.9133,893.97,10307.06
2023-09-24,H1.ZE20,I1,"['2023-09-24 04:00:00+00:00', '2023-09-24 06:00:00+00:00', '2023-09-24 17:00:00+00:00', '2023-09-24 18:00:00+00:00', '2023-09-24 21:00:00+00:00']",5,3.462,2.2965,-101.496,-30.789
2023-09-24,H2.T.Z33,P3,"['2023-09-24 09:00:00+00:00', '2023-09-24 11:00:00+00:00', '2023-09-24 12:00:00+00:00']",3,3.462,0.8495,1685.251,11194.9
2023-09-24,H1.ZE20,I3,"['2023-09-24 04:00:00+00:00', '2023-09-24 06:00:00+00:00', '2023-09-24 17:00:00+00:00', '2023-09-24 18:00:00+00:00', '2023-09-24 21:00:00+00:00']",5,3.457,2.3075,-90.403,-27.333
2023-09-24,H1.Z24,P1,"['2023-09-24 04:00:00+00:00', '2023-09-24 06:00:00+00:00', '2023-09-24 17:00:00+00:00', '2023-09-24 18:00:00+00:00', '2023-09-24 21:00:00+00:00']",5,3.448,0.317,59.766,87.508
2023-09-24,H1.W12,P,"['2023-09-24 04:00:00+00:00', '2023-09-24 06:00:00+00:00', '2023-09-24 17:00:00+00:00', '2023-09-24 18:00:00+00:00', '2023-09-24 21:00:00+00:00']",5,3.425,2.2626,104012.472,31880.417
2023-09-24,H1.Z19,P1,"['2023-09-24 04:00:00+00:00', '2023-09-24 06:00:00+00:00', '2023-09-24 17:00:00+00:00', '2023-09-24 18:00:00+00:00', '2023-09-24 21:00:00+00:00']",5,3.415,2.1349,11.068,3.531
2023-09-24,H2.K21,Trl,"['2023-09-24 03:00:00+00:00', '2023-09-24 07:00:00+00:00', '2023-09-24 08:00:00+00:00', '2023-09-24 11:00:00+00:00']",4,3.336,0.3518,14.812,10.958
2023-09-24,H1.Z25,P3,"['2023-09-24 04:00:00+00:00', '2023-09-24 06:00:00+00:00', '2023-09-24 17:00:00+00:00', '2023-09-24 18:00:00+00:00', '2023-09-24 21:00:00+00:00']",5,3.257,4.7265,-23.513,-4.106
2023-09-24,H1.Z24,P3,"['2023-09-24 04:00:00+00:00', '2023-09-24 06:00:00+00:00', '2023-09-24 17:00:00+00:00', '2023-09-24 18:00:00+00:00', '2023-09-24 21:00:00+00:00']",5,3.235,4.327,40.901,7.678
2023-09-25,H3.Z46,Q,"['2023-09-25 03:00:00+00:00', '2023-09-25 04:00:00+00:00', '2023-09-25 05:00:00+00:00']",3,178.028,0.3439,-1048.098,-1597.506
2023-09-25,H3.Z46,I3,"['2023-09-25 03:00:00+00:00', '2023-09-25 04:00:00+00:00', '2023-09-25 05:00:00+00:00']",3,42.917,0.1991,6.001,5.004
2023-09-25,H3.Z46,P3,"['2023-09-25 03:00:00+00:00', '2023-09-25 04:00:00+00:00', '2023-09-25 05:00:00+00:00']",3,35.615,0.1804,1303.596,1104.407
2023-09-25,H3.Z46,P,"['2023-09-25 03:00:00+00:00', '2023-09-25 04:00:00+00:00', '2023-09-25 05:00:00+00:00']",3,29.448,0.1137,4707.038,4226.443
2023-09-25,H3.Z46,I1,"['2023-09-25 03:00:00+00:00', '2023-09-25 04:00:00+00:00', '2023-09-25 05:00:00+00:00']",3,18.584,0.1061,7.338,6.634
2023-09-25,H3.Z40,Q,"['2023-09-25 03:00:00+00:00', '2023-09-25 04:00:00+00:00', '2023-09-25 05:00:00+00:00']",3,15.837,0.1728,-2270.565,-2744.91
2023-09-25,H3.Z46,P1,"['2023-09-25 03:00:00+00:00', '2023-09-25 04:00:00+00:00', '2023-09-25 05:00:00+00:00']",3,15.29,0.1057,1588.515,1436.674
2023-09-25,H2.Z64,P,"['2023-09-25 09:00:00+00:00', '2023-09-25 10:00:00+00:00', '2023-09-25 11:00:00+00:00', '2023-09-25 12:00:00+00:00', '2023-09-25 13:00:00+00:00', '2023-09-25 14:00:00+00:00', '2023-09-25 15:00:00+00:00', '2023-09-25 16:00:00+00:00', '2023-09-25 17:00:00+00:00', '2023-09-25 18:00:00+00:00', '2023-09-25 19:00:00+00:00', '2023-09-25 20:00:00+00:00', '2023-09-25 21:00:00+00:00', '2023-09-25 22:00:00+00:00', '2023-09-25 23:00:00+00:00']",15,7.592,0.1791,19077.765,16179.791
2023-09-25,H2.Z65,P,"['2023-09-25 09:00:00+00:00', '2023-09-25 10:00:00+00:00', '2023-09-25 11:00:00+00:00', '2023-09-25 12:00:00+00:00', '2023-09-25 13:00:00+00:00', '2023-09-25 14:00:00+00:00', '2023-09-25 15:00:00+00:00', '2023-09-25 16:00:00+00:00', '2023-09-25 17:00:00+00:00', '2023-09-25 18:00:00+00:00', '2023-09-25 19:00:00+00:00', '2023-09-25 20:00:00+00:00', '2023-09-25 21:00:00+00:00', '2023-09-25 22:00:00+00:00', '2023-09-25 23:00:00+00:00']",15,7.531,0.177,19519.998,16584.372
2023-09-25,H2.ZE65,I1,"['2023-09-25 09:00:00+00:00', '2023-09-25 10:00:00+00:00', '2023-09-25 11:00:00+00:00', '2023-09-25 12:00:00+00:00', '2023-09-25 13:00:00+00:00', '2023-09-25 14:00:00+00:00', '2023-09-25 15:00:00+00:00', '2023-09-25 16:00:00+00:00', '2023-09-25 17:00:00+00:00', '2023-09-25 18:00:00+00:00', '2023-09-25 19:00:00+00:00', '2023-09-25 20:00:00+00:00', '2023-09-25 21:00:00+00:00', '2023-09-25 22:00:00+00:00', '2023-09-25 23:00:00+00:00']",15,7.234,0.1635,28.701,24.669
2023-09-25,H2.ZE65,P1,"['2023-09-25 09:00:00+00:00', '2023-09-25 10:00:00+00:00', '2023-09-25 11:00:00+00:00', '2023-09-25 12:00:00+00:00', '2023-09-25 13:00:00+00:00', '2023-09-25 14:00:00+00:00', '2023-09-25 15:00:00+00:00', '2023-09-25 16:00:00+00:00', '2023-09-25 17:00:00+00:00', '2023-09-25 18:00:00+00:00', '2023-09-25 19:00:00+00:00', '2023-09-25 20:00:00+00:00', '2023-09-25 21:00:00+00:00', '2023-09-25 22:00:00+00:00', '2023-09-25 23:00:00+00:00']",15,7.202,0.1844,6422.281,5422.254
2023-09-25,H2.ZE64,I1,"['2023-09-25 09:00:00+00:00', '2023-09-25 10:00:00+00:00', '2023-09-25 11:00:00+00:00', '2023-09-25 12:00:00+00:00', '2023-09-25 13:00:00+00:00', '2023-09-25 14:00:00+00:00', '2023-09-25 15:00:00+00:00', '2023-09-25 16:00:00+00:00', '2023-09-25 17:00:00+00:00', '2023-09-25 18:00:00+00:00', '2023-09-25 19:00:00+00:00', '2023-09-25 20:00:00+00:00', '2023-09-25 21:00:00+00:00', '2023-09-25 22:00:00+00:00', '2023-09-25 23:00:00+00:00']",15,7.18,0.1629,28.398,24.421
2023-09-25,H2.ZE66,I2,"['2023-09-25 09:00:00+00:00', '2023-09-25 10:00:00+00:00', '2023-09-25 11:00:00+00:00', '2023-09-25 12:00:00+00:00', '2023-09-25 13:00:00+00:00', '2023-09-25 14:00:00+00:00', '2023-09-25 15:00:00+00:00', '2023-09-25 16:00:00+00:00', '2023-09-25 17:00:00+00:00', '2023-09-25 18:00:00+00:00', '2023-09-25 19:00:00+00:00', '2023-09-25 20:00:00+00:00', '2023-09-25 21:00:00+00:00', '2023-09-25 22:00:00+00:00', '2023-09-25 23:00:00+00:00']",15,7.162,0.1991,15.688,13.083
2023-09-25,H2.ZE64,I3,"['2023-09-25 09:00:00+00:00', '2023-09-25 10:00:00+00:00', '2023-09-25 11:00:00+00:00', '2023-09-25 12:00:00+00:00', '2023-09-25 13:00:00+00:00', '2023-09-25 14:00:00+00:00', '2023-09-25 15:00:00+00:00', '2023-09-25 16:00:00+00:00', '2023-09-25 17:00:00+00:00', '2023-09-25 18:00:00+00:00', '2023-09-25 19:00:00+00:00', '2023-09-25 20:00:00+00:00', '2023-09-25 21:00:00+00:00', '2023-09-25 22:00:00+00:00', '2023-09-25 23:00:00+00:00']",15,7.133,0.1552,29.188,25.266
2023-09-25,H2.ZE64,P1,"['2023-09-25 09:00:00+00:00', '2023-09-25 10:00:00+00:00', '2023-09-25 11:00:00+00:00', '2023-09-25 12:00:00+00:00', '2023-09-25 13:00:00+00:00', '2023-09-25 14:00:00+00:00', '2023-09-25 15:00:00+00:00', '2023-09-25 16:00:00+00:00', '2023-09-25 17:00:00+00:00', '2023-09-25 18:00:00+00:00', '2023-09-25 19:00:00+00:00', '2023-09-25 20:00:00+00:00', '2023-09-25 21:00:00+00:00', '2023-09-25 22:00:00+00:00', '2023-09-25 23:00:00+00:00']",15,7.128,0.1844,6345.771,5357.645
2023-09-25,H2.ZE65,I3,"['2023-09-25 09:00:00+00:00', '2023-09-25 10:00:00+00:00', '2023-09-25 11:00:00+00:00', '2023-09-25 12:00:00+00:00', '2023-09-25 13:00:00+00:00', '2023-09-25 14:00:00+00:00', '2023-09-25 15:00:00+00:00', '2023-09-25 16:00:00+00:00', '2023-09-25 17:00:00+00:00', '2023-09-25 18:00:00+00:00', '2023-09-25 19:00:00+00:00', '2023-09-25 20:00:00+00:00', '2023-09-25 21:00:00+00:00', '2023-09-25 22:00:00+00:00', '2023-09-25 23:00:00+00:00']",15,7.125,0.1555,29.921,25.895
2023-09-25,H2.ZE66,I1,"['2023-09-25 09:00:00+00:00', '2023-09-25 10:00:00+00:00', '2023-09-25 11:00:00+00:00', '2023-09-25 12:00:00+00:00', '2023-09-25 13:00:00+00:00', '2023-09-25 14:00:00+00:00', '2023-09-25 15:00:00+00:00', '2023-09-25 16:00:00+00:00', '2023-09-25 17:00:00+00:00', '2023-09-25 18:00:00+00:00', '2023-09-25 19:00:00+00:00', '2023-09-25 20:00:00+00:00', '2023-09-25 21:00:00+00:00', '2023-09-25 22:00:00+00:00', '2023-09-25 23:00:00+00:00']",15,7.103,0.2033,15.897,13.211
2023-09-25,H2.ZE66,P1,"['2023-09-25 09:00:00+00:00', '2023-09-25 10:00:00+00:00', '2023-09-25 11:00:00+00:00', '2023-09-25 12:00:00+00:00', '2023-09-25 13:00:00+00:00', '2023-09-25 14:00:00+00:00', '2023-09-25 15:00:00+00:00', '2023-09-25 16:00:00+00:00', '2023-09-25 17:00:00+00:00', '2023-09-25 18:00:00+00:00', '2023-09-25 19:00:00+00:00', '2023-09-25 20:00:00+00:00', '2023-09-25 21:00:00+00:00', '2023-09-25 22:00:00+00:00', '2023-09-25 23:00:00+00:00']",15,7.091,0.2026,2993.468,2489.082
2023-09-25,H2.ZE64,I2,"['2023-09-25 09:00:00+00:00', '2023-09-25 10:00:00+00:00', '2023-09-25 11:00:00+00:00', '2023-09-25 12:00:00+00:00', '2023-09-25 13:00:00+00:00', '2023-09-25 14:00:00+00:00', '2023-09-25 15:00:00+00:00', '2023-09-25 16:00:00+00:00', '2023-09-25 17:00:00+00:00', '2023-09-25 18:00:00+00:00', '2023-09-25 19:00:00+00:00', '2023-09-25 20:00:00+00:00', '2023-09-25 21:00:00+00:00', '2023-09-25 22:00:00+00:00', '2023-09-25 23:00:00+00:00']",15,7.069,0.1565,28.814,24.914
2023-09-25,H2.ZE64,P2,"['2023-09-25 09:00:00+00:00', '2023-09-25 10:00:00+00:00', '2023-09-25 11:00:00+00:00', '2023-09-25 12:00:00+00:00', '2023-09-25 13:00:00+00:00', '2023-09-25 14:00:00+00:00', '2023-09-25 15:00:00+00:00', '2023-09-25 16:00:00+00:00', '2023-09-25 17:00:00+00:00', '2023-09-25 18:00:00+00:00', '2023-09-25 19:00:00+00:00', '2023-09-25 20:00:00+00:00', '2023-09-25 21:00:00+00:00', '2023-09-25 22:00:00+00:00', '2023-09-25 23:00:00+00:00']",15,7.057,0.181,6348.521,5375.606
2023-09-25,H2.ZE65,I2,"['2023-09-25 09:00:00+00:00', '2023-09-25 10:00:00+00:00', '2023-09-25 11:00:00+00:00', '2023-09-25 12:00:00+00:00', '2023-09-25 13:00:00+00:00', '2023-09-25 14:00:00+00:00', '2023-09-25 15:00:00+00:00', '2023-09-25 16:00:00+00:00', '2023-09-25 17:00:00+00:00', '2023-09-25 18:00:00+00:00', '2023-09-25 19:00:00+00:00', '2023-09-25 20:00:00+00:00', '2023-09-25 21:00:00+00:00', '2023-09-25 22:00:00+00:00', '2023-09-25 23:00:00+00:00']",15,7.057,0.1561,29.493,25.51
2023-09-25,H2.ZE64,P,"['2023-09-25 09:00:00+00:00', '2023-09-25 10:00:00+00:00', '2023-09-25 11:00:00+00:00', '2023-09-25 12:00:00+00:00', '2023-09-25 13:00:00+00:00', '2023-09-25 14:00:00+00:00', '2023-09-25 15:00:00+00:00', '2023-09-25 16:00:00+00:00', '2023-09-25 17:00:00+00:00', '2023-09-25 18:00:00+00:00', '2023-09-25 19:00:00+00:00', '2023-09-25 20:00:00+00:00', '2023-09-25 21:00:00+00:00', '2023-09-25 22:00:00+00:00', '2023-09-25 23:00:00+00:00']",15,7.056,0.1798,19221.776,16292.926
2023-09-25,H2.ZE65,P,"['2023-09-25 09:00:00+00:00', '2023-09-25 10:00:00+00:00', '2023-09-25 11:00:00+00:00', '2023-09-25 12:00:00+00:00', '2023-09-25 13:00:00+00:00', '2023-09-25 14:00:00+00:00', '2023-09-25 15:00:00+00:00', '2023-09-25 16:00:00+00:00', '2023-09-25 17:00:00+00:00', '2023-09-25 18:00:00+00:00', '2023-09-25 19:00:00+00:00', '2023-09-25 20:00:00+00:00', '2023-09-25 21:00:00+00:00', '2023-09-25 22:00:00+00:00', '2023-09-25 23:00:00+00:00']",15,7.055,0.1791,19660.206,16674.04
2023-09-25,H2.Z65,I1,"['2023-09-25 09:00:00+00:00', '2023-09-25 10:00:00+00:00', '2023-09-25 11:00:00+00:00', '2023-09-25 12:00:00+00:00', '2023-09-25 13:00:00+00:00', '2023-09-25 14:00:00+00:00', '2023-09-25 15:00:00+00:00', '2023-09-25 16:00:00+00:00', '2023-09-25 17:00:00+00:00', '2023-09-25 18:00:00+00:00', '2023-09-25 19:00:00+00:00', '2023-09-25 20:00:00+00:00', '2023-09-25 21:00:00+00:00', '2023-09-25 22:00:00+00:00', '2023-09-25 23:00:00+00:00']",15,7.018,0.1641,28.585,24.556
2023-09-25,H2.ZE66,P2,"['2023-09-25 09:00:00+00:00', '2023-09-25 10:00:00+00:00', '2023-09-25 11:00:00+00:00', '2023-09-25 12:00:00+00:00', '2023-09-25 13:00:00+00:00', '2023-09-25 14:00:00+00:00', '2023-09-25 15:00:00+00:00', '2023-09-25 16:00:00+00:00', '2023-09-25 17:00:00+00:00', '2023-09-25 18:00:00+00:00', '2023-09-25 19:00:00+00:00', '2023-09-25 20:00:00+00:00', '2023-09-25 21:00:00+00:00', '2023-09-25 22:00:00+00:00', '2023-09-25 23:00:00+00:00']",15,7.017,0.1972,2991.312,2498.558
2023-09-25,H2.ZE66,P,"['2023-09-25 09:00:00+00:00', '2023-09-25 10:00:00+00:00', '2023-09-25 11:00:00+00:00', '2023-09-25 12:00:00+00:00', '2023-09-25 13:00:00+00:00', '2023-09-25 14:00:00+00:00', '2023-09-25 15:00:00+00:00', '2023-09-25 16:00:00+00:00', '2023-09-25 17:00:00+00:00', '2023-09-25 18:00:00+00:00', '2023-09-25 19:00:00+00:00', '2023-09-25 20:00:00+00:00', '2023-09-25 21:00:00+00:00', '2023-09-25 22:00:00+00:00', '2023-09-25 23:00:00+00:00']",15,7.011,0.1995,9080.279,7570.095
2023-09-25,H2.ZE65,P3,"['2023-09-25 09:00:00+00:00', '2023-09-25 10:00:00+00:00', '2023-09-25 11:00:00+00:00', '2023-09-25 12:00:00+00:00', '2023-09-25 13:00:00+00:00', '2023-09-25 14:00:00+00:00', '2023-09-25 15:00:00+00:00', '2023-09-25 16:00:00+00:00', '2023-09-25 17:00:00+00:00', '2023-09-25 18:00:00+00:00', '2023-09-25 19:00:00+00:00', '2023-09-25 20:00:00+00:00', '2023-09-25 21:00:00+00:00', '2023-09-25 22:00:00+00:00', '2023-09-25 23:00:00+00:00']",15,7.0,0.174,6702.501,5709.327
2023-09-25,H2.ZE65,P2,"['2023-09-25 09:00:00+00:00', '2023-09-25 10:00:00+00:00', '2023-09-25 11:00:00+00:00', '2023-09-25 12:00:00+00:00', '2023-09-25 13:00:00+00:00', '2023-09-25 14:00:00+00:00', '2023-09-25 15:00:00+00:00', '2023-09-25 16:00:00+00:00', '2023-09-25 17:00:00+00:00', '2023-09-25 18:00:00+00:00', '2023-09-25 19:00:00+00:00', '2023-09-25 20:00:00+00:00', '2023-09-25 21:00:00+00:00', '2023-09-25 22:00:00+00:00', '2023-09-25 23:00:00+00:00']",15,6.992,0.1792,6535.427,5542.459
2023-09-25,H2.ZE64,P3,"['2023-09-25 09:00:00+00:00', '2023-09-25 10:00:00+00:00', '2023-09-25 11:00:00+00:00', '2023-09-25 12:00:00+00:00', '2023-09-25 13:00:00+00:00', '2023-09-25 14:00:00+00:00', '2023-09-25 15:00:00+00:00', '2023-09-25 16:00:00+00:00', '2023-09-25 17:00:00+00:00', '2023-09-25 18:00:00+00:00', '2023-09-25 19:00:00+00:00', '2023-09-25 20:00:00+00:00', '2023-09-25 21:00:00+00:00', '2023-09-25 22:00:00+00:00', '2023-09-25 23:00:00+00:00']",15,6.985,0.1741,6527.484,5559.674
2023-09-25,H2.Z64,I1,"['2023-09-25 09:00:00+00:00', '2023-09-25 10:00:00+00:00', '2023-09-25 11:00:00+00:00', '2023-09-25 12:00:00+00:00', '2023-09-25 13:00:00+00:00', '2023-09-25 14:00:00+00:00', '2023-09-25 15:00:00+00:00', '2023-09-25 16:00:00+00:00', '2023-09-25 17:00:00+00:00', '2023-09-25 18:00:00+00:00', '2023-09-25 19:00:00+00:00', '2023-09-25 20:00:00+00:00', '2023-09-25 21:00:00+00:00', '2023-09-25 22:00:00+00:00', '2023-09-25 23:00:00+00:00']",15,6.969,0.1637,28.311,24.329
2023-09-25,H2.Z65,P1,"['2023-09-25 09:00:00+00:00', '2023-09-25 10:00:00+00:00', '2023-09-25 11:00:00+00:00', '2023-09-25 12:00:00+00:00', '2023-09-25 13:00:00+00:00', '2023-09-25 14:00:00+00:00', '2023-09-25 15:00:00+00:00', '2023-09-25 16:00:00+00:00', '2023-09-25 17:00:00+00:00', '2023-09-25 18:00:00+00:00', '2023-09-25 19:00:00+00:00', '2023-09-25 20:00:00+00:00', '2023-09-25 21:00:00+00:00', '2023-09-25 22:00:00+00:00', '2023-09-25 23:00:00+00:00']",15,6.963,0.1855,6380.118,5381.579
2023-09-25,H2.Z64,P1,"['2023-09-25 09:00:00+00:00', '2023-09-25 10:00:00+00:00', '2023-09-25 11:00:00+00:00', '2023-09-25 12:00:00+00:00', '2023-09-25 13:00:00+00:00', '2023-09-25 14:00:00+00:00', '2023-09-25 15:00:00+00:00', '2023-09-25 16:00:00+00:00', '2023-09-25 17:00:00+00:00', '2023-09-25 18:00:00+00:00', '2023-09-25 19:00:00+00:00', '2023-09-25 20:00:00+00:00', '2023-09-25 21:00:00+00:00', '2023-09-25 22:00:00+00:00', '2023-09-25 23:00:00+00:00']",15,6.908,0.1864,6299.997,5310.085
2023-09-25,H2.Z64,I3,"['2023-09-25 09:00:00+00:00', '2023-09-25 10:00:00+00:00', '2023-09-25 11:00:00+00:00', '2023-09-25 12:00:00+00:00', '2023-09-25 13:00:00+00:00', '2023-09-25 14:00:00+00:00', '2023-09-25 15:00:00+00:00', '2023-09-25 16:00:00+00:00', '2023-09-25 17:00:00+00:00', '2023-09-25 18:00:00+00:00', '2023-09-25 19:00:00+00:00', '2023-09-25 20:00:00+00:00', '2023-09-25 21:00:00+00:00', '2023-09-25 22:00:00+00:00', '2023-09-25 23:00:00+00:00']",15,6.891,0.1561,29.08,25.153
2023-09-25,H2.Z64,I2,"['2023-09-25 09:00:00+00:00', '2023-09-25 10:00:00+00:00', '2023-09-25 11:00:00+00:00', '2023-09-25 12:00:00+00:00', '2023-09-25 13:00:00+00:00', '2023-09-25 14:00:00+00:00', '2023-09-25 15:00:00+00:00', '2023-09-25 16:00:00+00:00', '2023-09-25 17:00:00+00:00', '2023-09-25 18:00:00+00:00', '2023-09-25 19:00:00+00:00', '2023-09-25 20:00:00+00:00', '2023-09-25 21:00:00+00:00', '2023-09-25 22:00:00+00:00', '2023-09-25 23:00:00+00:00']",15,6.88,0.1572,28.707,24.807
2023-09-25,H2.Z65,I3,"['2023-09-25 09:00:00+00:00', '2023-09-25 10:00:00+00:00', '2023-09-25 11:00:00+00:00', '2023-09-25 12:00:00+00:00', '2023-09-25 13:00:00+00:00', '2023-09-25 14:00:00+00:00', '2023-09-25 15:00:00+00:00', '2023-09-25 16:00:00+00:00', '2023-09-25 17:00:00+00:00', '2023-09-25 18:00:00+00:00', '2023-09-25 19:00:00+00:00', '2023-09-25 20:00:00+00:00', '2023-09-25 21:00:00+00:00', '2023-09-25 22:00:00+00:00', '2023-09-25 23:00:00+00:00']",15,6.88,0.1561,29.823,25.796
2023-09-25,H2.Z64,P2,"['2023-09-25 09:00:00+00:00', '2023-09-25 10:00:00+00:00', '2023-09-25 11:00:00+00:00', '2023-09-25 12:00:00+00:00', '2023-09-25 13:00:00+00:00', '2023-09-25 14:00:00+00:00', '2023-09-25 15:00:00+00:00', '2023-09-25 16:00:00+00:00', '2023-09-25 17:00:00+00:00', '2023-09-25 18:00:00+00:00', '2023-09-25 19:00:00+00:00', '2023-09-25 20:00:00+00:00', '2023-09-25 21:00:00+00:00', '2023-09-25 22:00:00+00:00', '2023-09-25 23:00:00+00:00']",15,6.869,0.1826,6302.373,5329.269
2023-09-25,H2.Z65,I2,"['2023-09-25 09:00:00+00:00', '2023-09-25 10:00:00+00:00', '2023-09-25 11:00:00+00:00', '2023-09-25 12:00:00+00:00', '2023-09-25 13:00:00+00:00', '2023-09-25 14:00:00+00:00', '2023-09-25 15:00:00+00:00', '2023-09-25 16:00:00+00:00', '2023-09-25 17:00:00+00:00', '2023-09-25 18:00:00+00:00', '2023-09-25 19:00:00+00:00', '2023-09-25 20:00:00+00:00', '2023-09-25 21:00:00+00:00', '2023-09-25 22:00:00+00:00', '2023-09-25 23:00:00+00:00']",15,6.794,0.1567,29.34,25.364
2023-09-25,H2.Z65,P2,"['2023-09-25 09:00:00+00:00', '2023-09-25 10:00:00+00:00', '2023-09-25 11:00:00+00:00', '2023-09-25 12:00:00+00:00', '2023-09-25 13:00:00+00:00', '2023-09-25 14:00:00+00:00', '2023-09-25 15:00:00+00:00', '2023-09-25 16:00:00+00:00', '2023-09-25 17:00:00+00:00', '2023-09-25 18:00:00+00:00', '2023-09-25 19:00:00+00:00', '2023-09-25 20:00:00+00:00', '2023-09-25 21:00:00+00:00', '2023-09-25 22:00:00+00:00', '2023-09-25 23:00:00+00:00']",15,6.767,0.1808,6474.953,5483.609
2023-09-25,H2.Z65,P3,"['2023-09-25 09:00:00+00:00', '2023-09-25 10:00:00+00:00', '2023-09-25 11:00:00+00:00', '2023-09-25 12:00:00+00:00', '2023-09-25 13:00:00+00:00', '2023-09-25 14:00:00+00:00', '2023-09-25 15:00:00+00:00', '2023-09-25 16:00:00+00:00', '2023-09-25 17:00:00+00:00', '2023-09-25 18:00:00+00:00', '2023-09-25 19:00:00+00:00', '2023-09-25 20:00:00+00:00', '2023-09-25 21:00:00+00:00', '2023-09-25 22:00:00+00:00', '2023-09-25 23:00:00+00:00']",15,6.733,0.1751,6665.317,5672.133
2023-09-25,H2.Z64,P3,"['2023-09-25 09:00:00+00:00', '2023-09-25 10:00:00+00:00', '2023-09-25 11:00:00+00:00', '2023-09-25 12:00:00+00:00', '2023-09-25 13:00:00+00:00', '2023-09-25 14:00:00+00:00', '2023-09-25 15:00:00+00:00', '2023-09-25 16:00:00+00:00', '2023-09-25 17:00:00+00:00', '2023-09-25 18:00:00+00:00', '2023-09-25 19:00:00+00:00', '2023-09-25 20:00:00+00:00', '2023-09-25 21:00:00+00:00', '2023-09-25 22:00:00+00:00', '2023-09-25 23:00:00+00:00']",15,6.724,0.1758,6474.836,5506.743
2023-09-25,H2.Z66,P1,"['2023-09-25 10:00:00+00:00', '2023-09-25 11:00:00+00:00', '2023-09-25 12:00:00+00:00', '2023-09-25 13:00:00+00:00', '2023-09-25 14:00:00+00:00', '2023-09-25 15:00:00+00:00', '2023-09-25 16:00:00+00:00', '2023-09-25 17:00:00+00:00', '2023-09-25 18:00:00+00:00', '2023-09-25 19:00:00+00:00', '2023-09-25 20:00:00+00:00', '2023-09-25 21:00:00+00:00', '2023-09-25 22:00:00+00:00', '2023-09-25 23:00:00+00:00']",14,6.167,0.2055,3025.697,2509.837
2023-09-25,H2.Z66,P2,"['2023-09-25 10:00:00+00:00', '2023-09-25 11:00:00+00:00', '2023-09-25 12:00:00+00:00', '2023-09-25 13:00:00+00:00', '2023-09-25 14:00:00+00:00', '2023-09-25 15:00:00+00:00', '2023-09-25 16:00:00+00:00', '2023-09-25 17:00:00+00:00', '2023-09-25 18:00:00+00:00', '2023-09-25 19:00:00+00:00', '2023-09-25 20:00:00+00:00', '2023-09-25 21:00:00+00:00', '2023-09-25 22:00:00+00:00', '2023-09-25 23:00:00+00:00']",14,6.088,0.2017,3024.024,2516.37
2023-09-25,H2.Z66,P,"['2023-09-25 10:00:00+00:00', '2023-09-25 11:00:00+00:00', '2023-09-25 12:00:00+00:00', '2023-09-25 13:00:00+00:00', '2023-09-25 14:00:00+00:00', '2023-09-25 15:00:00+00:00', '2023-09-25 16:00:00+00:00', '2023-09-25 17:00:00+00:00', '2023-09-25 18:00:00+00:00', '2023-09-25 19:00:00+00:00', '2023-09-25 20:00:00+00:00', '2023-09-25 21:00:00+00:00', '2023-09-25 22:00:00+00:00', '2023-09-25 23:00:00+00:00']",14,5.974,0.1978,9173.183,7658.344
2023-09-25,H2.Z66,Q,"['2023-09-25 10:00:00+00:00', '2023-09-25 11:00:00+00:00', '2023-09-25 12:00:00+00:00', '2023-09-25 13:00:00+00:00', '2023-09-25 14:00:00+00:00', '2023-09-25 15:00:00+00:00', '2023-09-25 16:00:00+00:00', '2023-09-25 17:00:00+00:00', '2023-09-25 18:00:00+00:00', '2023-09-25 19:00:00+00:00', '2023-09-25 20:00:00+00:00', '2023-09-25 21:00:00+00:00', '2023-09-25 22:00:00+00:00', '2023-09-25 23:00:00+00:00']",14,5.911,0.2177,6349.541,5214.49
2023-09-25,H3.Z48,Q,"['2023-09-25 09:00:00+00:00', '2023-09-25 10:00:00+00:00', '2023-09-25 11:00:00+00:00', '2023-09-25 12:00:00+00:00', '2023-09-25 13:00:00+00:00']",5,5.565,4.3932,1324.238,245.536
2023-09-25,H2.T.Z34,P3,"['2023-09-25 10:00:00+00:00', '2023-09-25 11:00:00+00:00', '2023-09-25 12:00:00+00:00', '2023-09-25 14:00:00+00:00', '2023-09-25 20:00:00+00:00']",5,5.232,0.1067,32834.939,29669.08
2023-09-25,H2.T.Z34,I3,"['2023-09-25 10:00:00+00:00', '2023-09-25 11:00:00+00:00', '2023-09-25 12:00:00+00:00', '2023-09-25 14:00:00+00:00', '2023-09-25 20:00:00+00:00']",5,5.196,0.1016,142.085,128.975
2023-09-25,H3.Z48,P1,"['2023-09-25 09:00:00+00:00', '2023-09-25 10:00:00+00:00', '2023-09-25 11:00:00+00:00', '2023-09-25 12:00:00+00:00', '2023-09-25 13:00:00+00:00']",5,4.996,4.0955,688.808,135.18
2023-09-25,H3.Z48,P3,"['2023-09-25 09:00:00+00:00', '2023-09-25 10:00:00+00:00', '2023-09-25 11:00:00+00:00', '2023-09-25 12:00:00+00:00', '2023-09-25 13:00:00+00:00']",5,4.976,4.0601,708.036,139.925
2023-09-25,H3.Z48,P2,"['2023-09-25 09:00:00+00:00', '2023-09-25 10:00:00+00:00', '2023-09-25 11:00:00+00:00', '2023-09-25 12:00:00+00:00', '2023-09-25 13:00:00+00:00']",5,4.964,4.1032,715.448,140.196
2023-09-25,H3.Z48,P,"['2023-09-25 09:00:00+00:00', '2023-09-25 10:00:00+00:00', '2023-09-25 11:00:00+00:00', '2023-09-25 12:00:00+00:00', '2023-09-25 13:00:00+00:00']",5,4.951,4.0735,2111.295,416.145
2023-09-25,H2.ZE66,P3,"['2023-09-25 11:00:00+00:00', '2023-09-25 12:00:00+00:00', '2023-09-25 13:00:00+00:00', '2023-09-25 14:00:00+00:00', '2023-09-25 15:00:00+00:00', '2023-09-25 16:00:00+00:00', '2023-09-25 17:00:00+00:00', '2023-09-25 19:00:00+00:00']",8,4.609,0.1438,3098.528,2709.042
2023-09-25,H3.Z40,P3,"['2023-09-25 04:00:00+00:00', '2023-09-25 05:00:00+00:00']",2,4.235,0.2029,2339.782,1945.192
2023-09-25,H2.Z66,I2,"['2023-09-25 10:00:00+00:00', '2023-09-25 11:00:00+00:00', '2023-09-25 12:00:00+00:00', '2023-09-25 13:00:00+00:00', '2023-09-25 14:00:00+00:00', '2023-09-25 15:00:00+00:00', '2023-09-25 17:00:00+00:00', '2023-09-25 18:00:00+00:00', '2023-09-25 19:00:00+00:00', '2023-09-25 20:00:00+00:00']",10,4.199,0.2324,18.335,14.878
2023-09-25,H3.ZE40,P3,"['2023-09-25 04:00:00+00:00', '2023-09-25 05:00:00+00:00']",2,4.162,0.2009,2394.363,1993.815
2023-09-25,H3.ZE40,I3,"['2023-09-25 04:00:00+00:00', '2023-09-25 05:00:00+00:00']",2,4.131,0.1919,10.973,9.206
2023-09-25,H3.Z40,I3,"['2023-09-25 04:00:00+00:00', '2023-09-25 05:00:00+00:00']",2,4.118,0.1908,10.786,9.058
2023-09-25,H1.Z20,Q,"['2023-09-25 04:00:00+00:00', '2023-09-25 05:00:00+00:00', '2023-09-25 06:00:00+00:00']",3,4.086,1.3898,-4157.317,-1739.591
2023-09-25,H1.W11,P,"['2023-09-25 02:00:00+00:00', '2023-09-25 04:00:00+00:00', '2023-09-25 05:00:00+00:00', '2023-09-25 06:00:00+00:00']",4,3.96,1.3601,97917.917,41488.864
2023-09-25,H4.ZE50,P2,"['2023-09-25 08:00:00+00:00', '2023-09-25 09:00:00+00:00']",2,3.894,0.1863,1030.678,868.803
2023-09-25,H2.Z66,P3,"['2023-09-25 11:00:00+00:00', '2023-09-25 12:00:00+00:00', '2023-09-25 13:00:00+00:00', '2023-09-25 14:00:00+00:00', '2023-09-25 15:00:00+00:00', '2023-09-25 17:00:00+00:00', '2023-09-25 18:00:00+00:00']",7,3.802,0.211,3690.955,3047.815
2023-09-25,H2.Z66,I1,"['2023-09-25 10:00:00+00:00', '2023-09-25 11:00:00+00:00', '2023-09-25 12:00:00+00:00', '2023-09-25 13:00:00+00:00', '2023-09-25 14:00:00+00:00', '2023-09-25 15:00:00+00:00', '2023-09-25 17:00:00+00:00', '2023-09-25 18:00:00+00:00', '2023-09-25 20:00:00+00:00', '2023-09-25 21:00:00+00:00']",10,3.769,0.2133,18.594,15.325
2023-09-25,H4.ZE50,I2,"['2023-09-25 08:00:00+00:00', '2023-09-25 09:00:00+00:00']",2,3.706,0.1594,5.49,4.735
2023-09-25,H2.Z66,I3,"['2023-09-25 11:00:00+00:00', '2023-09-25 12:00:00+00:00', '2023-09-25 13:00:00+00:00', '2023-09-25 14:00:00+00:00', '2023-09-25 15:00:00+00:00', '2023-09-25 18:00:00+00:00']",6,3.696,0.2046,19.135,15.885
2023-09-25,H1.W11,Tdiff,"['2023-09-25 02:00:00+00:00', '2023-09-25 06:00:00+00:00', '2023-09-25 07:00:00+00:00']",3,3.63,1.4509,10175.882,4151.813
2023-09-26,H1.Z21,P3,"['2023-09-26 08:00:00+00:00', '2023-09-26 09:00:00+00:00', '2023-09-26 10:00:00+00:00', '2023-09-26 11:00:00+00:00']",4,9.771,4.0333,138.845,27.585
2023-09-26,H1.Z22,P3,"['2023-09-26 08:00:00+00:00', '2023-09-26 09:00:00+00:00', '2023-09-26 10:00:00+00:00', '2023-09-26 11:00:00+00:00']",4,9.14,3.5792,142.949,31.217
2023-09-26,H1.Z21,P2,"['2023-09-26 08:00:00+00:00', '2023-09-26 09:00:00+00:00', '2023-09-26 10:00:00+00:00', '2023-09-26 11:00:00+00:00']",4,8.881,1.359,381.262,161.619
2023-09-26,H1.Z21,P,"['2023-09-26 08:00:00+00:00', '2023-09-26 09:00:00+00:00', '2023-09-26 10:00:00+00:00', '2023-09-26 11:00:00+00:00']",4,8.877,1.5548,1005.416,393.544
2023-09-26,H1.Z22,P2,"['2023-09-26 08:00:00+00:00', '2023-09-26 09:00:00+00:00', '2023-09-26 10:00:00+00:00', '2023-09-26 11:00:00+00:00']",4,8.716,1.3025,403.679,175.325
2023-09-26,H1.Z22,P,"['2023-09-26 08:00:00+00:00', '2023-09-26 09:00:00+00:00', '2023-09-26 10:00:00+00:00', '2023-09-26 11:00:00+00:00']",4,8.675,1.6004,1008.541,387.845
2023-09-26,H1.Z21,P1,"['2023-09-26 08:00:00+00:00', '2023-09-26 09:00:00+00:00', '2023-09-26 10:00:00+00:00', '2023-09-26 11:00:00+00:00']",4,8.45,1.375,485.172,204.279
2023-09-26,H1.Z22,P1,"['2023-09-26 08:00:00+00:00', '2023-09-26 09:00:00+00:00', '2023-09-26 10:00:00+00:00', '2023-09-26 11:00:00+00:00']",4,8.341,1.5466,461.978,181.406
2023-09-26,H1.Z21,I1,"['2023-09-26 08:00:00+00:00', '2023-09-26 09:00:00+00:00', '2023-09-26 10:00:00+00:00', '2023-09-26 11:00:00+00:00']",4,8.246,1.3275,2.393,1.028
2023-09-26,H1.Z22,I2,"['2023-09-26 08:00:00+00:00', '2023-09-26 09:00:00+00:00', '2023-09-26 10:00:00+00:00', '2023-09-26 11:00:00+00:00']",4,7.712,1.3703,2.437,1.028
2023-09-26,H1.Z22,Q,"['2023-09-26 08:00:00+00:00', '2023-09-26 09:00:00+00:00', '2023-09-26 10:00:00+00:00', '2023-09-26 11:00:00+00:00']",4,6.635,2.8832,410.596,105.736
2023-09-26,H2.ZE74,I2,"['2023-09-26 08:00:00+00:00', '2023-09-26 14:00:00+00:00']",2,6.559,0.239,1.639,1.323
2023-09-26,H2.ZE74,P2,"['2023-09-26 08:00:00+00:00', '2023-09-26 14:00:00+00:00']",2,6.516,0.7469,181.21,103.73
2023-09-26,H1.Z21,Q,"['2023-09-26 08:00:00+00:00', '2023-09-26 09:00:00+00:00', '2023-09-26 10:00:00+00:00', '2023-09-26 11:00:00+00:00']",4,6.497,3.1011,386.993,94.363
2023-09-26,H1.Z26,P2,"['2023-09-26 07:00:00+00:00', '2023-09-26 08:00:00+00:00', '2023-09-26 09:00:00+00:00']",3,6.283,0.7171,2482.317,1445.674
2023-09-26,H2.ZE74,P,"['2023-09-26 08:00:00+00:00', '2023-09-26 14:00:00+00:00']",2,6.28,0.4119,285.24,202.027
2023-09-26,H1.Z26,P1,"['2023-09-26 07:00:00+00:00', '2023-09-26 08:00:00+00:00', '2023-09-26 09:00:00+00:00']",3,6.227,0.4784,3288.376,2224.243
2023-09-26,H1.Z26,P,"['2023-09-26 07:00:00+00:00', '2023-09-26 08:00:00+00:00', '2023-09-26 09:00:00+00:00', '2023-09-26 10:00:00+00:00']",4,5.966,0.7405,9335.968,5364.004
2023-09-26,H1.Z26,P3,"['2023-09-26 07:00:00+00:00', '2023-09-26 08:00:00+00:00', '2023-09-26 09:00:00+00:00', '2023-09-26 10:00:00+00:00']",4,5.366,1.1046,3565.312,1694.086
2023-09-26,H1.Z18,I1,"['2023-09-26 08:00:00+00:00', '2023-09-26 11:00:00+00:00']",2,5.337,0.3327,3.628,2.722
2023-09-26,H1.Z18,I2,"['2023-09-26 08:00:00+00:00', '2023-09-26 11:00:00+00:00']",2,5.3,0.5873,2.079,1.31
2023-09-26,H1.Z18,P1,"['2023-09-26 08:00:00+00:00', '2023-09-26 11:00:00+00:00']",2,5.291,0.3713,712.156,519.33
2023-09-26,H1.Z18,P,"['2023-09-26 08:00:00+00:00', '2023-09-26 11:00:00+00:00']",2,5.283,0.2548,2377.653,1894.801
2023-09-26,H1.Z18,P2,"['2023-09-26 08:00:00+00:00', '2023-09-26 11:00:00+00:00']",2,5.269,0.5699,437.422,278.624
2023-09-26,H1.Z18,Q,"['2023-09-26 08:00:00+00:00', '2023-09-26 11:00:00+00:00']",2,5.21,0.7736,532.013,299.964
2023-09-26,H1.Z18,P3,"['2023-09-26 08:00:00+00:00', '2023-09-26 11:00:00+00:00']",2,5.141,0.123,1228.474,1093.967
2023-09-26,H1.Z18,I3,"['2023-09-26 08:00:00+00:00', '2023-09-26 11:00:00+00:00']",2,5.079,0.1318,5.791,5.116
2023-09-26,H3.Z41,P3,"['2023-09-26 12:00:00+00:00', '2023-09-26 13:00:00+00:00', '2023-09-26 14:00:00+00:00']",3,5.042,0.2409,1067.243,860.07
2023-09-26,H3.ZE41,P3,"['2023-09-26 12:00:00+00:00', '2023-09-26 13:00:00+00:00', '2023-09-26 14:00:00+00:00']",3,5.036,0.2412,1060.083,854.047
2023-09-26,H3.Z41,I3,"['2023-09-26 12:00:00+00:00', '2023-09-26 13:00:00+00:00', '2023-09-26 14:00:00+00:00']",3,4.951,0.2287,4.887,3.978
2023-09-26,H3.ZE41,I3,"['2023-09-26 12:00:00+00:00', '2023-09-26 13:00:00+00:00', '2023-09-26 14:00:00+00:00']",3,4.945,0.2302,4.833,3.929
2023-09-26,H2.T.Z34,I3,"['2023-09-26 11:00:00+00:00', '2023-09-26 12:00:00+00:00']",2,4.385,0.1165,146.238,130.978
2023-09-26,H2.T.Z34,P3,"['2023-09-26 11:00:00+00:00', '2023-09-26 12:00:00+00:00']",2,4.23,0.1166,33659.539,30143.72
2023-09-26,H2.T.Z34,P,"['2023-09-26 11:00:00+00:00', '2023-09-26 12:00:00+00:00']",2,4.081,0.1125,95693.103,86014.273
2023-09-26,H2.T.Z34,I2,"['2023-09-26 11:00:00+00:00', '2023-09-26 12:00:00+00:00']",2,3.941,0.1041,140.437,127.195
2023-09-26,H1.Z20,Q,"['2023-09-26 06:00:00+00:00', '2023-09-26 07:00:00+00:00']",2,3.937,0.7217,-3869.041,-2247.211
2023-09-26,H3.Z48,Q,"['2023-09-26 07:00:00+00:00', '2023-09-26 08:00:00+00:00', '2023-09-26 09:00:00+00:00', '2023-09-26 10:00:00+00:00', '2023-09-26 11:00:00+00:00', '2023-09-26 12:00:00+00:00', '2023-09-26 13:00:00+00:00', '2023-09-26 14:00:00+00:00']",8,3.936,3.7724,2074.611,434.708
2023-09-26,H2.T.Z34,I1,"['2023-09-26 11:00:00+00:00', '2023-09-26 12:00:00+00:00']",2,3.921,0.1124,130.391,117.213
2023-09-26,H2.T.Z34,P1,"['2023-09-26 11:00:00+00:00', '2023-09-26 12:00:00+00:00']",2,3.832,0.1137,29938.6,26881.776
2023-09-26,H2.T.Z34,P2,"['2023-09-26 11:00:00+00:00', '2023-09-26 12:00:00+00:00']",2,3.813,0.1072,32103.426,28994.145
2023-09-26,H3.Z48,I3,"['2023-09-26 07:00:00+00:00', '2023-09-26 08:00:00+00:00', '2023-09-26 09:00:00+00:00', '2023-09-26 10:00:00+00:00', '2023-09-26 11:00:00+00:00', '2023-09-26 12:00:00+00:00', '2023-09-26 13:00:00+00:00', '2023-09-26 14:00:00+00:00']",8,3.769,3.7899,5.961,1.245
2023-09-26,H3.Z48,P1,"['2023-09-26 07:00:00+00:00', '2023-09-26 08:00:00+00:00', '2023-09-26 09:00:00+00:00', '2023-09-26 10:00:00+00:00', '2023-09-26 11:00:00+00:00', '2023-09-26 12:00:00+00:00', '2023-09-26 13:00:00+00:00', '2023-09-26 14:00:00+00:00']",8,3.76,3.7569,1111.22,233.6
2023-09-26,H3.Z48,P3,"['2023-09-26 07:00:00+00:00', '2023-09-26 08:00:00+00:00', '2023-09-26 09:00:00+00:00', '2023-09-26 10:00:00+00:00', '2023-09-26 11:00:00+00:00', '2023-09-26 12:00:00+00:00', '2023-09-26 13:00:00+00:00', '2023-09-26 14:00:00+00:00']",8,3.752,3.7553,1146.272,241.05
2023-09-26,H3.Z48,P,"['2023-09-26 07:00:00+00:00', '2023-09-26 08:00:00+00:00', '2023-09-26 09:00:00+00:00', '2023-09-26 10:00:00+00:00', '2023-09-26 11:00:00+00:00', '2023-09-26 12:00:00+00:00', '2023-09-26 13:00:00+00:00', '2023-09-26 14:00:00+00:00']",8,3.747,3.7559,3413.845,717.814
2023-09-26,H3.Z48,I2,"['2023-09-26 07:00:00+00:00', '2023-09-26 08:00:00+00:00', '2023-09-26 09:00:00+00:00', '2023-09-26 10:00:00+00:00', '2023-09-26 11:00:00+00:00', '2023-09-26 12:00:00+00:00', '2023-09-26 13:00:00+00:00', '2023-09-26 14:00:00+00:00']",8,3.743,3.7919,5.889,1.229
2023-09-26,H3.Z48,P2,"['2023-09-26 07:00:00+00:00', '2023-09-26 08:00:00+00:00', '2023-09-26 09:00:00+00:00', '2023-09-26 10:00:00+00:00', '2023-09-26 11:00:00+00:00', '2023-09-26 12:00:00+00:00', '2023-09-26 13:00:00+00:00', '2023-09-26 14:00:00+00:00']",8,3.742,3.7659,1155.565,242.468
2023-09-26,H3.Z48,I1,"['2023-09-26 07:00:00+00:00', '2023-09-26 08:00:00+00:00', '2023-09-26 09:00:00+00:00', '2023-09-26 10:00:00+00:00', '2023-09-26 11:00:00+00:00', '2023-09-26 12:00:00+00:00', '2023-09-26 13:00:00+00:00', '2023-09-26 14:00:00+00:00']",8,3.737,3.7797,5.737,1.2
2023-09-26,H2.ZE66,P2,"['2023-09-26 13:00:00+00:00', '2023-09-26 14:00:00+00:00']",2,3.463,0.2279,3182.209,2591.483
2023-09-26,H2.ZE66,P1,"['2023-09-26 13:00:00+00:00', '2023-09-26 14:00:00+00:00']",2,3.446,0.2337,3189.461,2585.38
2023-09-26,H2.ZE66,I2,"['2023-09-26 13:00:00+00:00', '2023-09-26 14:00:00+00:00']",2,3.444,0.2248,16.638,13.584
2023-09-26,H2.ZE66,P,"['2023-09-26 13:00:00+00:00', '2023-09-26 14:00:00+00:00']",2,3.416,0.2299,9662.059,7855.782
2023-09-26,H2.Z66,P2,"['2023-09-26 13:00:00+00:00', '2023-09-26 14:00:00+00:00']",2,3.374,0.2239,3197.826,2612.722
2023-09-26,H2.ZE66,I1,"['2023-09-26 13:00:00+00:00', '2023-09-26 14:00:00+00:00']",2,3.371,0.2284,16.865,13.729
2023-09-26,H2.Z66,P1,"['2023-09-26 13:00:00+00:00', '2023-09-26 14:00:00+00:00']",2,3.354,0.2314,3212.788,2608.975
2023-09-26,H2.Z66,P,"['2023-09-26 13:00:00+00:00', '2023-09-26 14:00:00+00:00']",2,3.337,0.2277,9723.388,7920.313
2023-09-27,V.Z82,I2,"['2023-09-27 11:00:00+00:00', '2023-09-27 13:00:00+00:00', '2023-09-27 14:00:00+00:00', '2023-09-27 15:00:00+00:00', '2023-09-27 16:00:00+00:00']",5,9.139,0.4665,113.28,77.244
2023-09-27,V.Z82,I1,"['2023-09-27 11:00:00+00:00', '2023-09-27 13:00:00+00:00', '2023-09-27 14:00:00+00:00', '2023-09-27 15:00:00+00:00', '2023-09-27 16:00:00+00:00']",5,8.956,0.4368,118.495,82.469
2023-09-27,V.Z82,I3,"['2023-09-27 11:00:00+00:00', '2023-09-27 13:00:00+00:00', '2023-09-27 14:00:00+00:00', '2023-09-27 15:00:00+00:00', '2023-09-27 16:00:00+00:00']",5,8.807,0.4608,114.444,78.345
2023-09-27,H3.Z41,P3,"['2023-09-27 08:00:00+00:00', '2023-09-27 09:00:00+00:00', '2023-09-27 11:00:00+00:00', '2023-09-27 12:00:00+00:00', '2023-09-27 13:00:00+00:00', '2023-09-27 14:00:00+00:00']",6,4.814,0.3938,1178.654,845.615
2023-09-27,H3.ZE41,P3,"['2023-09-27 08:00:00+00:00', '2023-09-27 09:00:00+00:00', '2023-09-27 11:00:00+00:00', '2023-09-27 12:00:00+00:00', '2023-09-27 13:00:00+00:00', '2023-09-27 14:00:00+00:00']",6,4.813,0.3933,1170.104,839.829
2023-09-27,H4.ZE50,P,"['2023-09-27 08:00:00+00:00', '2023-09-27 09:00:00+00:00']",2,4.711,0.1887,4030.224,3390.429
2023-09-27,H3.Z41,I3,"['2023-09-27 08:00:00+00:00', '2023-09-27 09:00:00+00:00', '2023-09-27 11:00:00+00:00', '2023-09-27 12:00:00+00:00', '2023-09-27 13:00:00+00:00', '2023-09-27 14:00:00+00:00']",6,4.706,0.3734,5.37,3.91
2023-09-27,H3.ZE41,I3,"['2023-09-27 08:00:00+00:00', '2023-09-27 09:00:00+00:00', '2023-09-27 11:00:00+00:00', '2023-09-27 12:00:00+00:00', '2023-09-27 13:00:00+00:00', '2023-09-27 14:00:00+00:00']",6,4.706,0.3749,5.31,3.862
2023-09-27,H3.Z47,I2,"['2023-09-27 11:00:00+00:00', '2023-09-27 12:00:00+00:00', '2023-09-27 13:00:00+00:00', '2023-09-27 14:00:00+00:00']",4,4.487,0.4288,6.938,4.856
2023-09-27,H3.Z47,I3,"['2023-09-27 11:00:00+00:00', '2023-09-27 12:00:00+00:00', '2023-09-27 13:00:00+00:00', '2023-09-27 14:00:00+00:00']",4,4.466,0.3863,9.523,6.869
2023-09-27,H3.Z47,P2,"['2023-09-27 11:00:00+00:00', '2023-09-27 12:00:00+00:00', '2023-09-27 13:00:00+00:00', '2023-09-27 14:00:00+00:00']",4,4.435,0.5713,1403.031,892.891
2023-09-27,H3.Z47,P,"['2023-09-27 11:00:00+00:00', '2023-09-27 12:00:00+00:00', '2023-09-27 13:00:00+00:00', '2023-09-27 14:00:00+00:00']",4,4.404,0.3728,4884.13,3557.751
2023-09-27,H3.Z47,P3,"['2023-09-27 11:00:00+00:00', '2023-09-27 12:00:00+00:00', '2023-09-27 13:00:00+00:00', '2023-09-27 14:00:00+00:00']",4,4.388,0.5091,1971.989,1306.717
2023-09-27,H4.ZE50,I1,"['2023-09-27 08:00:00+00:00', '2023-09-27 09:00:00+00:00']",2,4.201,0.1793,8.148,6.909
2023-09-27,H4.ZE50,P1,"['2023-09-27 08:00:00+00:00', '2023-09-27 09:00:00+00:00']",2,4.177,0.1958,1751.164,1464.473
2023-09-27,H3.ZE41,P1,"['2023-09-27 07:00:00+00:00', '2023-09-27 08:00:00+00:00', '2023-09-27 09:00:00+00:00', '2023-09-27 11:00:00+00:00', '2023-09-27 12:00:00+00:00']",5,4.027,0.4655,1755.986,1198.209
2023-09-27,H3.Z41,P1,"['2023-09-27 07:00:00+00:00', '2023-09-27 08:00:00+00:00', '2023-09-27 09:00:00+00:00', '2023-09-27 11:00:00+00:00', '2023-09-27 12:00:00+00:00']",5,4.008,0.4726,1741.033,1182.271
2023-09-27,H3.ZE41,I1,"['2023-09-27 07:00:00+00:00', '2023-09-27 08:00:00+00:00', '2023-09-27 09:00:00+00:00', '2023-09-27 11:00:00+00:00', '2023-09-27 12:00:00+00:00']",5,4.005,0.3757,8.683,6.312
2023-09-27,H3.Z41,I1,"['2023-09-27 07:00:00+00:00', '2023-09-27 08:00:00+00:00', '2023-09-27 09:00:00+00:00', '2023-09-27 11:00:00+00:00', '2023-09-27 12:00:00+00:00']",5,3.978,0.3759,8.704,6.326
2023-09-27,H3.Z47,P1,"['2023-09-27 11:00:00+00:00', '2023-09-27 12:00:00+00:00', '2023-09-27 13:00:00+00:00', '2023-09-27 14:00:00+00:00']",4,3.913,0.1113,1509.247,1358.075
2023-09-27,H3.Z41,P,"['2023-09-27 08:00:00+00:00', '2023-09-27 09:00:00+00:00', '2023-09-27 11:00:00+00:00', '2023-09-27 12:00:00+00:00', '2023-09-27 13:00:00+00:00']",5,3.852,0.4113,5243.614,3715.355
2023-09-27,H3.ZE41,P,"['2023-09-27 08:00:00+00:00', '2023-09-27 09:00:00+00:00', '2023-09-27 11:00:00+00:00', '2023-09-27 12:00:00+00:00', '2023-09-27 13:00:00+00:00']",5,3.846,0.4085,5251.976,3728.818
2023-09-27,V.Z82,P3,"['2023-09-27 13:00:00+00:00', '2023-09-27 14:00:00+00:00', '2023-09-27 15:00:00+00:00']",3,3.828,1.7702,16879.847,6093.415
2023-09-27,H2.ZE74,P2,"['2023-09-27 09:00:00+00:00', '2023-09-27 11:00:00+00:00']",2,3.804,0.5054,181.849,120.797
2023-09-27,H2.ZE74,I2,"['2023-09-27 09:00:00+00:00', '2023-09-27 11:00:00+00:00']",2,3.791,0.1823,1.648,1.394
2023-09-27,H2.ZE74,P,"['2023-09-27 09:00:00+00:00', '2023-09-27 11:00:00+00:00']",2,3.706,0.2765,281.388,220.444
2023-09-27,V.Z82,P,"['2023-09-27 13:00:00+00:00', '2023-09-27 14:00:00+00:00', '2023-09-27 15:00:00+00:00']",3,3.692,1.5612,51530.844,20119.726
2023-09-27,V.Z82,P2,"['2023-09-27 13:00:00+00:00', '2023-09-27 14:00:00+00:00', '2023-09-27 15:00:00+00:00']",3,3.669,1.564,16829.726,6563.829
2023-09-27,V.Z81,P3,"['2023-09-27 13:00:00+00:00', '2023-09-27 14:00:00+00:00', '2023-09-27 15:00:00+00:00']",3,3.612,6.2015,12539.184,1741.183
2023-09-27,H3.Z41,Q,"['2023-09-27 08:00:00+00:00', '2023-09-27 09:00:00+00:00', '2023-09-27 11:00:00+00:00', '2023-09-27 12:00:00+00:00', '2023-09-27 13:00:00+00:00']",5,3.571,0.147,-2064.6,-1800.038
2023-09-27,V.Z82,P1,"['2023-09-27 14:00:00+00:00', '2023-09-27 15:00:00+00:00']",2,3.571,1.3882,17821.289,7462.358
2023-09-27,V.Z81,P,"['2023-09-27 14:00:00+00:00', '2023-09-27 15:00:00+00:00']",2,3.527,8.3449,35471.545,3795.811
2023-09-27,H3.Z49,I1,"['2023-09-27 11:00:00+00:00', '2023-09-27 12:00:00+00:00', '2023-09-27 14:00:00+00:00']",3,3.424,0.7285,1.813,1.049
2023-09-27,H3.Z49,Q,"['2023-09-27 12:00:00+00:00', '2023-09-27 14:00:00+00:00']",2,3.412,0.2689,-195.717,-267.7
2023-09-27,H3.Z49,I3,"['2023-09-27 12:00:00+00:00', '2023-09-27 14:00:00+00:00']",2,3.399,0.7288,1.836,1.062
2023-09-27,H3.Z49,P1,"['2023-09-27 11:00:00+00:00', '2023-09-27 12:00:00+00:00', '2023-09-27 14:00:00+00:00']",3,3.397,1.2936,259.353,113.075
2023-09-27,H3.Z49,I2,"['2023-09-27 12:00:00+00:00', '2023-09-27 14:00:00+00:00']",2,3.388,0.6855,1.918,1.138
2023-09-27,H3.Z49,P,"['2023-09-27 12:00:00+00:00', '2023-09-27 14:00:00+00:00']",2,3.377,1.1779,816.187,374.758
2023-09-27,H3.Z49,P3,"['2023-09-27 12:00:00+00:00', '2023-09-27 14:00:00+00:00']",2,3.374,1.2184,267.52,120.594
2023-09-27,H3.Z49,P2,"['2023-09-27 12:00:00+00:00', '2023-09-27 14:00:00+00:00']",2,3.361,1.0516,289.194,140.958
2023-09-28,H1.Z11,I2,"['2023-09-28 12:00:00+00:00', '2023-09-28 13:00:00+00:00', '2023-09-28 14:00:00+00:00', '2023-09-28 15:00:00+00:00']",4,7.396,2.0946,3.196,1.033
2023-09-28,H1.Z12,I2,"['2023-09-28 12:00:00+00:00', '2023-09-28 13:00:00+00:00', '2023-09-28 14:00:00+00:00', '2023-09-28 15:00:00+00:00']",4,6.972,1.9924,3.034,1.014
2023-09-28,H1.Z11,I1,"['2023-09-28 12:00:00+00:00', '2023-09-28 13:00:00+00:00', '2023-09-28 14:00:00+00:00', '2023-09-28 15:00:00+00:00']",4,6.586,1.8819,2.992,1.038
2023-09-28,H1.Z11,Q,"['2023-09-28 12:00:00+00:00', '2023-09-28 13:00:00+00:00', '2023-09-28 14:00:00+00:00', '2023-09-28 15:00:00+00:00']",4,6.561,3.1063,1222.167,297.632
2023-09-28,H1.Z12,Q,"['2023-09-28 12:00:00+00:00', '2023-09-28 13:00:00+00:00', '2023-09-28 14:00:00+00:00', '2023-09-28 15:00:00+00:00']",4,6.555,3.2987,1249.017,290.556
2023-09-28,H1.Z12,I1,"['2023-09-28 12:00:00+00:00', '2023-09-28 13:00:00+00:00', '2023-09-28 14:00:00+00:00', '2023-09-28 15:00:00+00:00']",4,6.47,1.5861,2.71,1.048
2023-09-28,H1.Z12,P3,"['2023-09-28 12:00:00+00:00', '2023-09-28 13:00:00+00:00', '2023-09-28 14:00:00+00:00', '2023-09-28 15:00:00+00:00']",4,6.462,3.3338,407.862,94.112
2023-09-28,H1.Z12,P,"['2023-09-28 12:00:00+00:00', '2023-09-28 13:00:00+00:00', '2023-09-28 14:00:00+00:00', '2023-09-28 15:00:00+00:00']",4,6.459,2.0566,1379.069,451.177
2023-09-28,H1.Z12,P2,"['2023-09-28 12:00:00+00:00', '2023-09-28 13:00:00+00:00', '2023-09-28 14:00:00+00:00', '2023-09-28 15:00:00+00:00']",4,6.459,1.7631,483.018,174.809
2023-09-28,H1.Z12,P1,"['2023-09-28 12:00:00+00:00', '2023-09-28 13:00:00+00:00', '2023-09-28 14:00:00+00:00', '2023-09-28 15:00:00+00:00']",4,6.446,1.677,488.251,182.387
2023-09-28,H1.Z11,P2,"['2023-09-28 12:00:00+00:00', '2023-09-28 13:00:00+00:00', '2023-09-28 14:00:00+00:00', '2023-09-28 15:00:00+00:00']",4,6.426,1.7344,473.092,173.015
2023-09-28,H1.Z11,P,"['2023-09-28 12:00:00+00:00', '2023-09-28 13:00:00+00:00', '2023-09-28 14:00:00+00:00', '2023-09-28 15:00:00+00:00']",4,6.421,2.0304,1358.427,448.268
2023-09-28,H1.Z11,P1,"['2023-09-28 12:00:00+00:00', '2023-09-28 13:00:00+00:00', '2023-09-28 14:00:00+00:00', '2023-09-28 15:00:00+00:00']",4,6.384,1.6333,485.913,184.528
2023-09-28,V.Z82,I3,"['2023-09-28 06:00:00+00:00', '2023-09-28 09:00:00+00:00', '2023-09-28 11:00:00+00:00', '2023-09-28 12:00:00+00:00', '2023-09-28 13:00:00+00:00', '2023-09-28 14:00:00+00:00', '2023-09-28 15:00:00+00:00', '2023-09-28 16:00:00+00:00']",8,6.1,0.8683,151.677,81.183
2023-09-28,V.Z82,I2,"['2023-09-28 06:00:00+00:00', '2023-09-28 09:00:00+00:00', '2023-09-28 11:00:00+00:00', '2023-09-28 12:00:00+00:00', '2023-09-28 13:00:00+00:00', '2023-09-28 14:00:00+00:00', '2023-09-28 15:00:00+00:00', '2023-09-28 16:00:00+00:00']",8,6.022,0.8473,148.063,80.15
2023-09-28,V.Z82,I1,"['2023-09-28 06:00:00+00:00', '2023-09-28 09:00:00+00:00', '2023-09-28 11:00:00+00:00', '2023-09-28 12:00:00+00:00', '2023-09-28 13:00:00+00:00', '2023-09-28 14:00:00+00:00', '2023-09-28 15:00:00+00:00', '2023-09-28 16:00:00+00:00']",8,5.972,0.7738,151.085,85.176
2023-09-28,H1.Z11,P3,"['2023-09-28 12:00:00+00:00', '2023-09-28 13:00:00+00:00', '2023-09-28 14:00:00+00:00', '2023-09-28 15:00:00+00:00']",4,5.271,2.3974,304.531,89.638
2023-09-28,H1.K15,P,"['2023-09-28 10:00:00+00:00', '2023-09-28 11:00:00+00:00', '2023-09-28 12:00:00+00:00', '2023-09-28 13:00:00+00:00', '2023-09-28 14:00:00+00:00', '2023-09-28 15:00:00+00:00']",6,4.923,2.0737,5631.264,1832.106
2023-09-28,V.Z81,I3,"['2023-09-28 13:00:00+00:00', '2023-09-28 15:00:00+00:00', '2023-09-28 16:00:00+00:00']",3,4.727,0.1313,155.401,137.366
2023-09-28,H1.K11,Tdiff,"['2023-09-28 10:00:00+00:00', '2023-09-28 11:00:00+00:00', '2023-09-28 12:00:00+00:00', '2023-09-28 13:00:00+00:00', '2023-09-28 14:00:00+00:00', '2023-09-28 15:00:00+00:00']",6,4.577,0.6689,-1216.372,-728.847
2023-09-28,H3.Z41,I3,"['2023-09-28 08:00:00+00:00', '2023-09-28 09:00:00+00:00', '2023-09-28 11:00:00+00:00', '2023-09-28 12:00:00+00:00', '2023-09-28 13:00:00+00:00', '2023-09-28 14:00:00+00:00']",6,4.467,0.4394,5.653,3.927
2023-09-28,H3.ZE41,I3,"['2023-09-28 08:00:00+00:00', '2023-09-28 09:00:00+00:00', '2023-09-28 11:00:00+00:00', '2023-09-28 12:00:00+00:00', '2023-09-28 13:00:00+00:00', '2023-09-28 14:00:00+00:00']",6,4.459,0.4421,5.594,3.879
2023-09-28,H1.K11,P,"['2023-09-28 12:00:00+00:00', '2023-09-28 13:00:00+00:00', '2023-09-28 14:00:00+00:00', '2023-09-28 15:00:00+00:00']",4,4.452,0.5717,14244.444,9063.358
2023-09-28,H3.ZE41,P3,"['2023-09-28 08:00:00+00:00', '2023-09-28 09:00:00+00:00', '2023-09-28 11:00:00+00:00', '2023-09-28 12:00:00+00:00', '2023-09-28 13:00:00+00:00', '2023-09-28 14:00:00+00:00']",6,4.439,0.4585,1232.964,845.363
2023-09-28,H3.Z41,P3,"['2023-09-28 08:00:00+00:00', '2023-09-28 09:00:00+00:00', '2023-09-28 11:00:00+00:00', '2023-09-28 12:00:00+00:00', '2023-09-28 13:00:00+00:00', '2023-09-28 14:00:00+00:00']",6,4.422,0.4586,1241.66,851.247
2023-09-28,H3.Z47,I2,"['2023-09-28 07:00:00+00:00', '2023-09-28 08:00:00+00:00', '2023-09-28 13:00:00+00:00', '2023-09-28 14:00:00+00:00', '2023-09-28 15:00:00+00:00']",5,4.281,0.5123,7.47,4.94
2023-09-28,H3.Z47,I1,"['2023-09-28 07:00:00+00:00', '2023-09-28 13:00:00+00:00', '2023-09-28 14:00:00+00:00']",3,4.275,0.16,9.57,8.25
2023-09-28,H3.Z47,P2,"['2023-09-28 07:00:00+00:00', '2023-09-28 08:00:00+00:00', '2023-09-28 13:00:00+00:00', '2023-09-28 14:00:00+00:00']",4,4.136,0.6682,1525.811,914.662
2023-09-28,H3.Z47,P1,"['2023-09-28 07:00:00+00:00', '2023-09-28 13:00:00+00:00', '2023-09-28 14:00:00+00:00']",3,4.03,0.2407,1617.721,1303.875
2023-09-28,H3.Z47,P,"['2023-09-28 07:00:00+00:00', '2023-09-28 08:00:00+00:00', '2023-09-28 13:00:00+00:00', '2023-09-28 14:00:00+00:00']",4,4.022,0.4295,5151.674,3603.758
2023-09-28,V.Z82,P3,"['2023-09-28 13:00:00+00:00', '2023-09-28 14:00:00+00:00', '2023-09-28 15:00:00+00:00', '2023-09-28 16:00:00+00:00']",4,3.704,3.8871,28733.781,5879.495
2023-09-28,H4.ZE50,P3,"['2023-09-28 08:00:00+00:00', '2023-09-28 09:00:00+00:00']",2,3.658,0.1751,1260.142,1072.377
2023-09-28,H3.Z49,Q,"['2023-09-28 10:00:00+00:00', '2023-09-28 11:00:00+00:00', '2023-09-28 12:00:00+00:00', '2023-09-28 13:00:00+00:00', '2023-09-28 14:00:00+00:00']",5,3.626,0.3815,-166.313,-268.917
2023-09-28,V.Z81,P3,"['2023-09-28 13:00:00+00:00', '2023-09-28 14:00:00+00:00', '2023-09-28 15:00:00+00:00', '2023-09-28 16:00:00+00:00']",4,3.581,15.2077,24164.111,1490.899
2023-09-28,H1.Z17,I2,"['2023-09-28 12:00:00+00:00', '2023-09-28 13:00:00+00:00', '2023-09-28 14:00:00+00:00', '2023-09-28 15:00:00+00:00']",4,3.563,0.2258,103.596,84.514
2023-09-28,H3.Z49,I3,"['2023-09-28 07:00:00+00:00', '2023-09-28 10:00:00+00:00', '2023-09-28 11:00:00+00:00', '2023-09-28 12:00:00+00:00', '2023-09-28 13:00:00+00:00', '2023-09-28 14:00:00+00:00']",6,3.561,1.0253,2.134,1.054
2023-09-28,H1.Z17,I3,"['2023-09-28 12:00:00+00:00', '2023-09-28 13:00:00+00:00', '2023-09-28 14:00:00+00:00', '2023-09-28 15:00:00+00:00']",4,3.554,0.2193,97.279,79.784
2023-09-28,H3.Z49,I2,"['2023-09-28 10:00:00+00:00', '2023-09-28 11:00:00+00:00', '2023-09-28 12:00:00+00:00', '2023-09-28 13:00:00+00:00', '2023-09-28 14:00:00+00:00']",5,3.548,0.9598,2.215,1.13
2023-09-28,V.Z82,P,"['2023-09-28 15:00:00+00:00', '2023-09-28 16:00:00+00:00']",2,3.531,3.3346,84466.224,19486.286
2023-09-28,H3.Z49,P3,"['2023-09-28 10:00:00+00:00', '2023-09-28 11:00:00+00:00', '2023-09-28 12:00:00+00:00', '2023-09-28 13:00:00+00:00', '2023-09-28 14:00:00+00:00']",5,3.518,1.7073,319.805,118.128
2023-09-28,H3.Z49,P2,"['2023-09-28 10:00:00+00:00', '2023-09-28 11:00:00+00:00', '2023-09-28 12:00:00+00:00', '2023-09-28 13:00:00+00:00', '2023-09-28 14:00:00+00:00']",5,3.51,1.4961,344.983,138.206
2023-09-28,H3.Z47,I3,"['2023-09-28 07:00:00+00:00', '2023-09-28 13:00:00+00:00', '2023-09-28 14:00:00+00:00']",3,3.507,0.3453,9.626,7.155
2023-09-28,V.Z82,P2,"['2023-09-28 15:00:00+00:00', '2023-09-28 16:00:00+00:00']",2,3.507,3.3458,27760.113,6387.793
2023-09-28,H3.Z49,P,"['2023-09-28 10:00:00+00:00', '2023-09-28 11:00:00+00:00', '2023-09-28 12:00:00+00:00', '2023-09-28 13:00:00+00:00', '2023-09-28 14:00:00+00:00']",5,3.486,1.6385,972.374,368.529
2023-09-28,V.K21,Tdiff,"['2023-09-28 12:00:00+00:00', '2023-09-28 13:00:00+00:00', '2023-09-28 14:00:00+00:00', '2023-09-28 15:00:00+00:00']",4,3.484,0.67,-1181.156,-707.298
2023-09-28,H3.Z49,I1,"['2023-09-28 10:00:00+00:00', '2023-09-28 11:00:00+00:00', '2023-09-28 12:00:00+00:00', '2023-09-28 13:00:00+00:00', '2023-09-28 14:00:00+00:00']",5,3.481,0.9916,2.085,1.047
2023-09-28,H3.Z47,P3,"['2023-09-28 07:00:00+00:00', '2023-09-28 13:00:00+00:00', '2023-09-28 14:00:00+00:00']",3,3.464,0.4488,2006.881,1385.233
2023-09-28,V.Z81,P,"['2023-09-28 15:00:00+00:00', '2023-09-28 16:00:00+00:00']",2,3.443,20.9237,67838.336,3094.294
2023-09-28,H3.Z49,P1,"['2023-09-28 10:00:00+00:00', '2023-09-28 11:00:00+00:00', '2023-09-28 12:00:00+00:00', '2023-09-28 13:00:00+00:00', '2023-09-28 14:00:00+00:00']",5,3.431,1.7457,307.696,112.063
2023-09-28,H1.Z17,I1,"['2023-09-28 12:00:00+00:00', '2023-09-28 13:00:00+00:00', '2023-09-28 14:00:00+00:00']",3,3.416,0.2048,102.808,85.33
2023-09-28,H2.K21,P,"['2023-09-28 13:00:00+00:00', '2023-09-28 14:00:00+00:00', '2023-09-28 15:00:00+00:00']",3,3.343,1.116,13676.675,6463.454
2023-09-28,H1.Z17,P2,"['2023-09-28 12:00:00+00:00', '2023-09-28 13:00:00+00:00', '2023-09-28 14:00:00+00:00']",3,3.33,0.2039,20718.193,17208.777
2023-09-28,H1.Z17,P3,"['2023-09-28 13:00:00+00:00', '2023-09-28 14:00:00+00:00']",2,3.307,0.1943,18789.563,15733.224
2023-09-28,V.K21,P,"['2023-09-28 13:00:00+00:00', '2023-09-28 14:00:00+00:00', '2023-09-28 15:00:00+00:00']",3,3.3,0.6435,49249.549,29966.429
2023-09-28,H1.Z17,P,"['2023-09-28 13:00:00+00:00', '2023-09-28 14:00:00+00:00']",2,3.271,0.1922,60184.968,50481.634
2023-09-28,H1.Z17,P1,"['2023-09-28 13:00:00+00:00', '2023-09-28 14:00:00+00:00']",2,3.165,0.179,20679.155,17539.602
2023-09-29,H1.Z26,I3,"['2023-09-29 10:00:00+00:00', '2023-09-29 11:00:00+00:00', '2023-09-29 12:00:00+00:00', '2023-09-29 13:00:00+00:00', '2023-09-29 14:00:00+00:00', '2023-09-29 15:00:00+00:00', '2023-09-29 16:00:00+00:00', '2023-09-29 17:00:00+00:00', '2023-09-29 18:00:00+00:00', '2023-09-29 19:00:00+00:00', '2023-09-29 20:00:00+00:00', '2023-09-29 21:00:00+00:00', '2023-09-29 22:00:00+00:00', '2023-09-29 23:00:00+00:00']",14,26.718,0.1165,168.761,191.008
2023-09-29,H1.Z26,I2,"['2023-09-29 00:00:00+00:00', '2023-09-29 01:00:00+00:00', '2023-09-29 10:00:00+00:00', '2023-09-29 11:00:00+00:00', '2023-09-29 12:00:00+00:00', '2023-09-29 13:00:00+00:00', '2023-09-29 14:00:00+00:00', '2023-09-29 15:00:00+00:00', '2023-09-29 16:00:00+00:00', '2023-09-29 17:00:00+00:00', '2023-09-29 18:00:00+00:00', '2023-09-29 19:00:00+00:00', '2023-09-29 20:00:00+00:00', '2023-09-29 21:00:00+00:00', '2023-09-29 22:00:00+00:00', '2023-09-29 23:00:00+00:00']",16,13.542,0.1077,169.84,190.351
2023-09-29,H1.Z26,I1,"['2023-09-29 10:00:00+00:00', '2023-09-29 11:00:00+00:00', '2023-09-29 12:00:00+00:00', '2023-09-29 13:00:00+00:00', '2023-09-29 14:00:00+00:00', '2023-09-29 15:00:00+00:00', '2023-09-29 16:00:00+00:00', '2023-09-29 17:00:00+00:00', '2023-09-29 18:00:00+00:00', '2023-09-29 19:00:00+00:00', '2023-09-29 20:00:00+00:00', '2023-09-29 21:00:00+00:00', '2023-09-29 22:00:00+00:00', '2023-09-29 23:00:00+00:00']",14,8.64,0.1315,162.593,187.217
2023-09-29,H1.Z26,P,"['2023-09-29 08:00:00+00:00', '2023-09-29 09:00:00+00:00']",2,4.806,0.1408,6457.76,5660.564
2023-09-29,V.Z82,I1,"['2023-09-29 06:00:00+00:00', '2023-09-29 07:00:00+00:00', '2023-09-29 08:00:00+00:00', '2023-09-29 09:00:00+00:00']",4,4.7,0.2571,118.889,94.575
2023-09-29,V.Z82,I3,"['2023-09-29 06:00:00+00:00', '2023-09-29 07:00:00+00:00', '2023-09-29 08:00:00+00:00', '2023-09-29 09:00:00+00:00']",4,4.691,0.2514,114.703,91.66
2023-09-29,V.Z82,I2,"['2023-09-29 06:00:00+00:00', '2023-09-29 07:00:00+00:00', '2023-09-29 08:00:00+00:00', '2023-09-29 09:00:00+00:00']",4,4.655,0.2601,113.098,89.75
2023-09-29,H1.Z26,P3,"['2023-09-29 08:00:00+00:00', '2023-09-29 09:00:00+00:00']",2,4.204,0.4615,2917.516,1996.28
2023-09-29,H1.K12,Tdiff,"['2023-09-29 13:00:00+00:00', '2023-09-29 14:00:00+00:00']",2,3.791,4.9247,-173.878,44.304
2023-09-29,H1.Z12,I1,"['2023-09-29 11:00:00+00:00', '2023-09-29 12:00:00+00:00']",2,3.553,0.3978,1.874,1.341
2023-09-29,H3.ZE41,P3,"['2023-09-29 09:00:00+00:00', '2023-09-29 11:00:00+00:00']",2,3.528,0.4227,1264.025,888.438
2023-09-29,H3.Z41,P3,"['2023-09-29 09:00:00+00:00', '2023-09-29 11:00:00+00:00']",2,3.518,0.4221,1272.125,894.569
2023-09-29,H3.ZE41,I3,"['2023-09-29 09:00:00+00:00', '2023-09-29 11:00:00+00:00']",2,3.485,0.3904,5.649,4.063
2023-09-29,H1.Z12,I2,"['2023-09-29 11:00:00+00:00', '2023-09-29 12:00:00+00:00']",2,3.482,0.4205,1.92,1.352
2023-09-29,H3.Z41,I3,"['2023-09-29 09:00:00+00:00', '2023-09-29 11:00:00+00:00']",2,3.474,0.3856,5.698,4.112
2023-09-30,H1.Z26,I3,"['2023-09-30 00:00:00+00:00', '2023-09-30 01:00:00+00:00', '2023-09-30 02:00:00+00:00', '2023-09-30 03:00:00+00:00', '2023-09-30 04:00:00+00:00', '2023-09-30 05:00:00+00:00', '2023-09-30 06:00:00+00:00', '2023-09-30 07:00:00+00:00', '2023-09-30 08:00:00+00:00', '2023-09-30 09:00:00+00:00', '2023-09-30 10:00:00+00:00', '2023-09-30 11:00:00+00:00', '2023-09-30 12:00:00+00:00', '2023-09-30 13:00:00+00:00', '2023-09-30 14:00:00+00:00', '2023-09-30 15:00:00+00:00', '2023-09-30 16:00:00+00:00', '2023-09-30 17:00:00+00:00', '2023-09-30 18:00:00+00:00', '2023-09-30 19:00:00+00:00', '2023-09-30 20:00:00+00:00', '2023-09-30 21:00:00+00:00', '2023-09-30 22:00:00+00:00', '2023-09-30 23:00:00+00:00']",24,3.395,0.1868,152.769,187.86
2023-09-30,H1.Z26,I2,"['2023-09-30 00:00:00+00:00', '2023-09-30 01:00:00+00:00', '2023-09-30 02:00:00+00:00', '2023-09-30 03:00:00+00:00', '2023-09-30 04:00:00+00:00', '2023-09-30 05:00:00+00:00', '2023-09-30 06:00:00+00:00', '2023-09-30 07:00:00+00:00', '2023-09-30 08:00:00+00:00', '2023-09-30 09:00:00+00:00', '2023-09-30 10:00:00+00:00', '2023-09-30 11:00:00+00:00', '2023-09-30 12:00:00+00:00', '2023-09-30 13:00:00+00:00', '2023-09-30 14:00:00+00:00', '2023-09-30 15:00:00+00:00', '2023-09-30 16:00:00+00:00', '2023-09-30 17:00:00+00:00', '2023-09-30 18:00:00+00:00', '2023-09-30 19:00:00+00:00']",20,3.238,0.1934,151.221,187.469
2023-09-30,H1.Z26,I1,"['2023-09-30 03:00:00+00:00', '2023-09-30 04:00:00+00:00', '2023-09-30 05:00:00+00:00', '2023-09-30 08:00:00+00:00', '2023-09-30 09:00:00+00:00', '2023-09-30 10:00:00+00:00', '2023-09-30 11:00:00+00:00', '2023-09-30 12:00:00+00:00', '2023-09-30 13:00:00+00:00', '2023-09-30 14:00:00+00:00', '2023-09-30 15:00:00+00:00', '2023-09-30 17:00:00+00:00']",12,3.151,0.178,151.087,183.796
2023-10-03,H1.K12,Tdiff,"['2023-10-03 08:00:00+00:00', '2023-10-03 09:00:00+00:00', '2023-10-03 10:00:00+00:00', '2023-10-03 11:00:00+00:00', '2023-10-03 12:00:00+00:00']",5,4.825,5.4408,-161.521,-25.078
2023-10-04,H1.Z18,Q,"['2023-10-04 13:00:00+00:00', '2023-10-04 14:00:00+00:00']",2,16.976,1.9631,599.686,202.385
2023-10-04,H1.Z18,I2,"['2023-10-04 13:00:00+00:00', '2023-10-04 14:00:00+00:00']",2,15.971,1.0731,2.107,1.017
2023-10-04,H1.Z18,P2,"['2023-10-04 13:00:00+00:00', '2023-10-04 14:00:00+00:00']",2,15.917,1.0524,446.168,217.393
2023-10-04,H1.Z18,P,"['2023-10-04 13:00:00+00:00', '2023-10-04 14:00:00+00:00']",2,15.476,0.3854,2365.751,1707.575
2023-10-04,H1.Z18,I1,"['2023-10-04 13:00:00+00:00', '2023-10-04 14:00:00+00:00']",2,15.204,0.3483,3.282,2.434
2023-10-04,H1.Z18,P3,"['2023-10-04 13:00:00+00:00', '2023-10-04 14:00:00+00:00']",2,14.883,0.2533,1281.97,1022.84
2023-10-04,H1.Z18,I3,"['2023-10-04 13:00:00+00:00', '2023-10-04 14:00:00+00:00']",2,14.841,0.2651,6.046,4.779
2023-10-04,H1.Z18,P1,"['2023-10-04 13:00:00+00:00', '2023-10-04 14:00:00+00:00']",2,14.198,0.345,628.441,467.244
2023-10-04,H1.Z27,P3,"['2023-10-04 15:00:00+00:00', '2023-10-04 16:00:00+00:00', '2023-10-04 17:00:00+00:00', '2023-10-04 18:00:00+00:00', '2023-10-04 19:00:00+00:00', '2023-10-04 20:00:00+00:00', '2023-10-04 21:00:00+00:00', '2023-10-04 22:00:00+00:00', '2023-10-04 23:00:00+00:00']",9,6.782,4.0576,8702.426,1720.669
2023-10-04,H1.Z27,P1,"['2023-10-04 15:00:00+00:00', '2023-10-04 16:00:00+00:00', '2023-10-04 17:00:00+00:00', '2023-10-04 18:00:00+00:00', '2023-10-04 19:00:00+00:00', '2023-10-04 20:00:00+00:00', '2023-10-04 21:00:00+00:00', '2023-10-04 22:00:00+00:00', '2023-10-04 23:00:00+00:00']",9,6.779,2.8679,9245.694,2390.361
2023-10-04,H1.Z27,P,"['2023-10-04 15:00:00+00:00', '2023-10-04 16:00:00+00:00', '2023-10-04 17:00:00+00:00', '2023-10-04 18:00:00+00:00', '2023-10-04 19:00:00+00:00', '2023-10-04 20:00:00+00:00', '2023-10-04 21:00:00+00:00', '2023-10-04 22:00:00+00:00', '2023-10-04 23:00:00+00:00']",9,6.754,3.6489,26606.029,5723.077
2023-10-04,H1.Z27,I1,"['2023-10-04 15:00:00+00:00', '2023-10-04 16:00:00+00:00', '2023-10-04 17:00:00+00:00', '2023-10-04 18:00:00+00:00', '2023-10-04 19:00:00+00:00', '2023-10-04 20:00:00+00:00', '2023-10-04 21:00:00+00:00', '2023-10-04 22:00:00+00:00', '2023-10-04 23:00:00+00:00']",9,6.701,2.9622,47.62,12.019
2023-10-04,H1.Z27,I3,"['2023-10-04 15:00:00+00:00', '2023-10-04 16:00:00+00:00', '2023-10-04 17:00:00+00:00', '2023-10-04 18:00:00+00:00', '2023-10-04 19:00:00+00:00', '2023-10-04 20:00:00+00:00', '2023-10-04 21:00:00+00:00', '2023-10-04 22:00:00+00:00', '2023-10-04 23:00:00+00:00']",9,6.694,3.8751,46.362,9.51
2023-10-04,H1.Z27,P2,"['2023-10-04 15:00:00+00:00', '2023-10-04 16:00:00+00:00', '2023-10-04 17:00:00+00:00', '2023-10-04 18:00:00+00:00', '2023-10-04 19:00:00+00:00', '2023-10-04 20:00:00+00:00', '2023-10-04 21:00:00+00:00', '2023-10-04 22:00:00+00:00', '2023-10-04 23:00:00+00:00']",9,6.69,4.3693,8660.743,1613.019
2023-10-04,H1.Z27,I2,"['2023-10-04 15:00:00+00:00', '2023-10-04 16:00:00+00:00', '2023-10-04 17:00:00+00:00', '2023-10-04 18:00:00+00:00', '2023-10-04 19:00:00+00:00', '2023-10-04 20:00:00+00:00', '2023-10-04 21:00:00+00:00', '2023-10-04 22:00:00+00:00', '2023-10-04 23:00:00+00:00']",9,6.633,3.6831,45.717,9.762
2023-10-04,H3.Z71,I3,"['2023-10-04 09:00:00+00:00', '2023-10-04 10:00:00+00:00', '2023-10-04 11:00:00+00:00', '2023-10-04 12:00:00+00:00', '2023-10-04 13:00:00+00:00', '2023-10-04 14:00:00+00:00', '2023-10-04 15:00:00+00:00', '2023-10-04 16:00:00+00:00', '2023-10-04 17:00:00+00:00', '2023-10-04 18:00:00+00:00', '2023-10-04 19:00:00+00:00', '2023-10-04 20:00:00+00:00', '2023-10-04 21:00:00+00:00', '2023-10-04 22:00:00+00:00', '2023-10-04 23:00:00+00:00']",15,6.578,0.1104,11.58,10.429
2023-10-04,H3.Z46,I3,"['2023-10-04 07:00:00+00:00', '2023-10-04 08:00:00+00:00', '2023-10-04 09:00:00+00:00', '2023-10-04 10:00:00+00:00', '2023-10-04 11:00:00+00:00', '2023-10-04 12:00:00+00:00', '2023-10-04 15:00:00+00:00', '2023-10-04 16:00:00+00:00', '2023-10-04 17:00:00+00:00', '2023-10-04 18:00:00+00:00', '2023-10-04 19:00:00+00:00', '2023-10-04 21:00:00+00:00', '2023-10-04 22:00:00+00:00', '2023-10-04 23:00:00+00:00']",14,6.281,0.172,6.129,5.23
2023-10-04,H3.Z46,P3,"['2023-10-04 07:00:00+00:00', '2023-10-04 08:00:00+00:00', '2023-10-04 09:00:00+00:00', '2023-10-04 10:00:00+00:00', '2023-10-04 11:00:00+00:00', '2023-10-04 12:00:00+00:00', '2023-10-04 14:00:00+00:00', '2023-10-04 15:00:00+00:00', '2023-10-04 16:00:00+00:00', '2023-10-04 17:00:00+00:00', '2023-10-04 18:00:00+00:00', '2023-10-04 19:00:00+00:00', '2023-10-04 21:00:00+00:00', '2023-10-04 22:00:00+00:00', '2023-10-04 23:00:00+00:00']",15,6.138,0.1699,1357.241,1160.165
2023-10-04,H3.Z71,P3,"['2023-10-04 09:00:00+00:00', '2023-10-04 10:00:00+00:00', '2023-10-04 11:00:00+00:00', '2023-10-04 12:00:00+00:00', '2023-10-04 13:00:00+00:00', '2023-10-04 14:00:00+00:00', '2023-10-04 15:00:00+00:00', '2023-10-04 16:00:00+00:00', '2023-10-04 17:00:00+00:00', '2023-10-04 18:00:00+00:00', '2023-10-04 19:00:00+00:00', '2023-10-04 20:00:00+00:00', '2023-10-04 21:00:00+00:00', '2023-10-04 22:00:00+00:00', '2023-10-04 23:00:00+00:00']",15,5.886,0.1122,2542.811,2286.318
2023-10-04,H4.ZE50,I2,"['2023-10-04 08:00:00+00:00', '2023-10-04 09:00:00+00:00', '2023-10-04 10:00:00+00:00']",3,5.424,0.5141,5.453,3.602
2023-10-04,H4.ZE50,P2,"['2023-10-04 08:00:00+00:00', '2023-10-04 09:00:00+00:00', '2023-10-04 10:00:00+00:00']",3,5.394,0.5724,1057.148,672.295
2023-10-04,H4.ZE50,P3,"['2023-10-04 08:00:00+00:00', '2023-10-04 09:00:00+00:00', '2023-10-04 10:00:00+00:00']",3,5.266,0.3814,1214.663,879.275
2023-10-04,H4.ZE50,I3,"['2023-10-04 08:00:00+00:00', '2023-10-04 09:00:00+00:00', '2023-10-04 10:00:00+00:00']",3,5.14,0.3645,5.83,4.273
2023-10-04,H4.ZE50,P,"['2023-10-04 08:00:00+00:00', '2023-10-04 09:00:00+00:00', '2023-10-04 10:00:00+00:00']",3,4.797,0.4619,3815.709,2610.062
2023-10-04,H1.Z20,Q,"['2023-10-04 05:00:00+00:00', '2023-10-04 06:00:00+00:00', '2023-10-04 07:00:00+00:00', '2023-10-04 08:00:00+00:00', '2023-10-04 15:00:00+00:00', '2023-10-04 16:00:00+00:00', '2023-10-04 17:00:00+00:00', '2023-10-04 20:00:00+00:00']",8,4.727,3.3539,-9600.892,-2205.108
2023-10-04,H2.T.Z32,P2,"['2023-10-04 07:00:00+00:00', '2023-10-04 10:00:00+00:00', '2023-10-04 11:00:00+00:00', '2023-10-04 12:00:00+00:00', '2023-10-04 13:00:00+00:00']",5,4.56,0.7889,3435.01,1920.222
2023-10-04,H2.T.Z33,Q,"['2023-10-04 11:00:00+00:00', '2023-10-04 12:00:00+00:00', '2023-10-04 16:00:00+00:00']",3,4.218,0.9606,8166.5,4165.377
2023-10-04,H4.ZE50,P1,"['2023-10-04 08:00:00+00:00', '2023-10-04 09:00:00+00:00', '2023-10-04 10:00:00+00:00']",3,4.119,0.4587,1544.036,1058.519
2023-10-04,H4.ZE50,I1,"['2023-10-04 08:00:00+00:00', '2023-10-04 09:00:00+00:00', '2023-10-04 10:00:00+00:00']",3,4.105,0.4012,7.217,5.151
2023-10-04,H2.T.Z30,I1,"['2023-10-04 08:00:00+00:00', '2023-10-04 10:00:00+00:00']",2,3.882,0.329,29.443,22.155
2023-10-04,H2.T.Z30,P1,"['2023-10-04 08:00:00+00:00', '2023-10-04 10:00:00+00:00']",2,3.879,0.3793,6425.162,4658.424
2023-10-04,H2.T.Z30,P3,"['2023-10-04 08:00:00+00:00', '2023-10-04 09:00:00+00:00', '2023-10-04 10:00:00+00:00']",3,3.791,0.485,6977.978,4698.986
2023-10-04,H2.T.Z30,I3,"['2023-10-04 08:00:00+00:00', '2023-10-04 09:00:00+00:00', '2023-10-04 10:00:00+00:00']",3,3.783,0.4235,31.266,21.964
2023-10-04,H2.T.Z30,P,"['2023-10-04 08:00:00+00:00', '2023-10-04 09:00:00+00:00', '2023-10-04 10:00:00+00:00']",3,3.755,0.4193,19050.839,13422.409
2023-10-04,H4.ZE51,P1,"['2023-10-04 07:00:00+00:00', '2023-10-04 08:00:00+00:00', '2023-10-04 09:00:00+00:00', '2023-10-04 13:00:00+00:00', '2023-10-04 14:00:00+00:00']",5,3.703,0.2791,2413.491,1886.881
2023-10-04,H4.ZE51,I1,"['2023-10-04 07:00:00+00:00', '2023-10-04 08:00:00+00:00', '2023-10-04 09:00:00+00:00', '2023-10-04 13:00:00+00:00', '2023-10-04 14:00:00+00:00']",5,3.696,0.2217,12.223,10.005
2023-10-04,H2.T.Z30,P2,"['2023-10-04 08:00:00+00:00', '2023-10-04 10:00:00+00:00']",2,3.561,0.3922,5660.053,4065.481
2023-10-04,H2.T.Z30,I2,"['2023-10-04 08:00:00+00:00', '2023-10-04 10:00:00+00:00']",2,3.55,0.3379,26.318,19.671
2023-10-04,H4.ZE51,I2,"['2023-10-04 07:00:00+00:00', '2023-10-04 09:00:00+00:00', '2023-10-04 10:00:00+00:00', '2023-10-04 11:00:00+00:00']",4,3.515,0.164,10.13,8.703
2023-10-04,H4.ZE51,P2,"['2023-10-04 07:00:00+00:00', '2023-10-04 09:00:00+00:00', '2023-10-04 10:00:00+00:00', '2023-10-04 11:00:00+00:00']",4,3.446,0.2863,1813.06,1409.476
2023-10-04,H3.Z41,Q,"['2023-10-04 12:00:00+00:00', '2023-10-04 13:00:00+00:00']",2,3.251,0.1718,-2022.342,-1725.857
2023-10-05,H1.Z26,P2,"['2023-10-05 11:00:00+00:00', '2023-10-05 12:00:00+00:00', '2023-10-05 13:00:00+00:00', '2023-10-05 14:00:00+00:00', '2023-10-05 15:00:00+00:00']",5,11.426,1.5778,2178.149,844.967
2023-10-05,H1.Z26,P1,"['2023-10-05 11:00:00+00:00', '2023-10-05 12:00:00+00:00', '2023-10-05 13:00:00+00:00', '2023-10-05 14:00:00+00:00', '2023-10-05 15:00:00+00:00']",5,11.199,1.0109,3212.735,1597.695
2023-10-05,H1.Z26,P,"['2023-10-05 11:00:00+00:00', '2023-10-05 12:00:00+00:00', '2023-10-05 13:00:00+00:00', '2023-10-05 14:00:00+00:00', '2023-10-05 15:00:00+00:00']",5,9.401,1.9112,11775.917,4045.06
2023-10-05,H3.Z47,I1,"['2023-10-05 11:00:00+00:00', '2023-10-05 12:00:00+00:00', '2023-10-05 13:00:00+00:00', '2023-10-05 14:00:00+00:00']",4,6.719,0.203,9.593,7.975
2023-10-05,H3.Z47,P1,"['2023-10-05 11:00:00+00:00', '2023-10-05 12:00:00+00:00', '2023-10-05 13:00:00+00:00', '2023-10-05 14:00:00+00:00']",4,6.389,0.3843,1746.869,1261.893
2023-10-05,H1.Z26,P3,"['2023-10-05 12:00:00+00:00', '2023-10-05 13:00:00+00:00', '2023-10-05 14:00:00+00:00', '2023-10-05 15:00:00+00:00']",4,6.387,2.9845,6385.158,1602.502
2023-10-05,H3.Z47,I2,"['2023-10-05 11:00:00+00:00', '2023-10-05 12:00:00+00:00', '2023-10-05 13:00:00+00:00', '2023-10-05 14:00:00+00:00', '2023-10-05 15:00:00+00:00']",5,6.045,0.8164,8.276,4.556
2023-10-05,H3.Z47,P2,"['2023-10-05 11:00:00+00:00', '2023-10-05 12:00:00+00:00', '2023-10-05 13:00:00+00:00', '2023-10-05 14:00:00+00:00', '2023-10-05 15:00:00+00:00']",5,5.926,1.1261,1731.143,814.246
2023-10-05,H3.ZE40,P2,"['2023-10-05 07:00:00+00:00', '2023-10-05 08:00:00+00:00', '2023-10-05 09:00:00+00:00', '2023-10-05 10:00:00+00:00', '2023-10-05 11:00:00+00:00', '2023-10-05 12:00:00+00:00', '2023-10-05 13:00:00+00:00', '2023-10-05 14:00:00+00:00', '2023-10-05 15:00:00+00:00']",9,5.914,0.242,3111.201,2505.088
2023-10-05,H3.Z40,P2,"['2023-10-05 07:00:00+00:00', '2023-10-05 08:00:00+00:00', '2023-10-05 09:00:00+00:00', '2023-10-05 10:00:00+00:00', '2023-10-05 11:00:00+00:00', '2023-10-05 12:00:00+00:00', '2023-10-05 13:00:00+00:00', '2023-10-05 14:00:00+00:00', '2023-10-05 15:00:00+00:00']",9,5.859,0.2443,3025.759,2431.631
2023-10-05,H3.ZE40,I2,"['2023-10-05 05:00:00+00:00', '2023-10-05 07:00:00+00:00', '2023-10-05 08:00:00+00:00', '2023-10-05 09:00:00+00:00', '2023-10-05 10:00:00+00:00', '2023-10-05 11:00:00+00:00', '2023-10-05 12:00:00+00:00', '2023-10-05 13:00:00+00:00', '2023-10-05 14:00:00+00:00', '2023-10-05 15:00:00+00:00']",10,5.839,0.2288,14.624,11.901
2023-10-05,H3.Z40,I2,"['2023-10-05 05:00:00+00:00', '2023-10-05 07:00:00+00:00', '2023-10-05 08:00:00+00:00', '2023-10-05 09:00:00+00:00', '2023-10-05 10:00:00+00:00', '2023-10-05 11:00:00+00:00', '2023-10-05 12:00:00+00:00', '2023-10-05 13:00:00+00:00', '2023-10-05 14:00:00+00:00', '2023-10-05 15:00:00+00:00']",10,5.822,0.2302,14.346,11.661
2023-10-05,H3.Z47,P,"['2023-10-05 11:00:00+00:00', '2023-10-05 12:00:00+00:00', '2023-10-05 13:00:00+00:00', '2023-10-05 14:00:00+00:00']",4,5.401,0.5354,5044.552,3285.502
2023-10-05,H3.Z49,P3,"['2023-10-05 12:00:00+00:00', '2023-10-05 13:00:00+00:00', '2023-10-05 14:00:00+00:00']",3,5.38,2.5738,230.653,64.54
2023-10-05,H3.Z49,P2,"['2023-10-05 12:00:00+00:00', '2023-10-05 13:00:00+00:00', '2023-10-05 14:00:00+00:00']",3,5.379,2.0859,254.291,82.404
2023-10-05,H3.Z49,Q,"['2023-10-05 12:00:00+00:00', '2023-10-05 13:00:00+00:00', '2023-10-05 14:00:00+00:00']",3,5.346,0.2798,-213.364,-296.239
2023-10-05,H3.Z49,P,"['2023-10-05 12:00:00+00:00', '2023-10-05 13:00:00+00:00', '2023-10-05 14:00:00+00:00']",3,5.279,2.4015,698.171,205.253
2023-10-05,H2.T.Z33,I2,"['2023-10-05 12:00:00+00:00', '2023-10-05 13:00:00+00:00', '2023-10-05 14:00:00+00:00', '2023-10-05 15:00:00+00:00']",4,5.266,0.5388,77.804,50.563
2023-10-05,H3.Z49,P1,"['2023-10-05 12:00:00+00:00', '2023-10-05 13:00:00+00:00', '2023-10-05 14:00:00+00:00']",3,5.128,2.6591,213.365,58.31
2023-10-05,H4.ZE50,P3,"['2023-10-05 08:00:00+00:00', '2023-10-05 09:00:00+00:00']",2,5.066,0.3731,1196.143,871.105
2023-10-05,H4.ZE50,I3,"['2023-10-05 08:00:00+00:00', '2023-10-05 09:00:00+00:00']",2,5.001,0.369,5.785,4.226
2023-10-05,H3.Z48,Q,"['2023-10-05 09:00:00+00:00', '2023-10-05 10:00:00+00:00', '2023-10-05 11:00:00+00:00', '2023-10-05 12:00:00+00:00', '2023-10-05 13:00:00+00:00', '2023-10-05 14:00:00+00:00']",6,4.992,4.1977,1839.551,353.918
2023-10-05,H4.ZE50,P2,"['2023-10-05 08:00:00+00:00', '2023-10-05 09:00:00+00:00', '2023-10-05 10:00:00+00:00']",3,4.548,0.3659,927.931,679.337
2023-10-05,H2.T.Z33,I1,"['2023-10-05 12:00:00+00:00', '2023-10-05 13:00:00+00:00', '2023-10-05 14:00:00+00:00']",3,4.515,0.4056,72.562,51.625
2023-10-05,H1.Z27,P1,"['2023-10-05 06:00:00+00:00', '2023-10-05 07:00:00+00:00', '2023-10-05 08:00:00+00:00', '2023-10-05 09:00:00+00:00', '2023-10-05 10:00:00+00:00', '2023-10-05 11:00:00+00:00', '2023-10-05 12:00:00+00:00', '2023-10-05 13:00:00+00:00', '2023-10-05 14:00:00+00:00', '2023-10-05 15:00:00+00:00']",10,4.462,4.2102,17336.054,3327.346
2023-10-05,H1.Z27,P2,"['2023-10-05 07:00:00+00:00', '2023-10-05 08:00:00+00:00', '2023-10-05 09:00:00+00:00', '2023-10-05 10:00:00+00:00', '2023-10-05 11:00:00+00:00', '2023-10-05 12:00:00+00:00', '2023-10-05 13:00:00+00:00', '2023-10-05 14:00:00+00:00', '2023-10-05 15:00:00+00:00']",9,4.447,5.7151,17145.394,2553.258
2023-10-05,H1.Z27,P,"['2023-10-05 06:00:00+00:00', '2023-10-05 07:00:00+00:00', '2023-10-05 08:00:00+00:00', '2023-10-05 09:00:00+00:00', '2023-10-05 10:00:00+00:00', '2023-10-05 11:00:00+00:00', '2023-10-05 12:00:00+00:00', '2023-10-05 13:00:00+00:00', '2023-10-05 14:00:00+00:00', '2023-10-05 15:00:00+00:00']",10,4.444,5.0533,51602.516,8524.668
2023-10-05,H1.Z27,P3,"['2023-10-05 06:00:00+00:00', '2023-10-05 07:00:00+00:00', '2023-10-05 08:00:00+00:00', '2023-10-05 09:00:00+00:00', '2023-10-05 10:00:00+00:00', '2023-10-05 11:00:00+00:00', '2023-10-05 12:00:00+00:00', '2023-10-05 13:00:00+00:00', '2023-10-05 14:00:00+00:00', '2023-10-05 15:00:00+00:00']",10,4.421,5.473,17123.903,2645.443
2023-10-05,H4.ZE50,I1,"['2023-10-05 08:00:00+00:00', '2023-10-05 09:00:00+00:00', '2023-10-05 10:00:00+00:00']",3,4.343,0.4511,7.281,5.018
2023-10-05,H4.ZE50,P1,"['2023-10-05 08:00:00+00:00', '2023-10-05 09:00:00+00:00', '2023-10-05 10:00:00+00:00']",3,4.34,0.5175,1561.385,1028.929
2023-10-05,H4.ZE50,I2,"['2023-10-05 09:00:00+00:00', '2023-10-05 10:00:00+00:00']",2,4.334,0.2968,4.732,3.649
2023-10-05,H3.Z48,P3,"['2023-10-05 09:00:00+00:00', '2023-10-05 10:00:00+00:00', '2023-10-05 11:00:00+00:00', '2023-10-05 12:00:00+00:00', '2023-10-05 13:00:00+00:00', '2023-10-05 14:00:00+00:00']",6,4.33,3.926,934.355,189.677
2023-10-05,H3.Z48,P1,"['2023-10-05 09:00:00+00:00', '2023-10-05 10:00:00+00:00', '2023-10-05 11:00:00+00:00', '2023-10-05 12:00:00+00:00', '2023-10-05 13:00:00+00:00', '2023-10-05 14:00:00+00:00']",6,4.319,3.9253,910.961,184.955
2023-10-05,H3.Z48,P,"['2023-10-05 09:00:00+00:00', '2023-10-05 10:00:00+00:00', '2023-10-05 11:00:00+00:00', '2023-10-05 12:00:00+00:00', '2023-10-05 13:00:00+00:00', '2023-10-05 14:00:00+00:00']",6,4.316,3.9104,2781.371,566.424
2023-10-05,H2.T.Z33,I3,"['2023-10-05 12:00:00+00:00', '2023-10-05 13:00:00+00:00', '2023-10-05 14:00:00+00:00']",3,4.311,0.4254,83.409,58.517
2023-10-05,H3.Z48,P2,"['2023-10-05 09:00:00+00:00', '2023-10-05 10:00:00+00:00', '2023-10-05 11:00:00+00:00', '2023-10-05 12:00:00+00:00', '2023-10-05 13:00:00+00:00', '2023-10-05 14:00:00+00:00']",6,4.306,3.8908,937.867,191.762
2023-10-05,H1.Z27,I2,"['2023-10-05 00:00:00+00:00', '2023-10-05 01:00:00+00:00', '2023-10-05 02:00:00+00:00', '2023-10-05 03:00:00+00:00', '2023-10-05 04:00:00+00:00', '2023-10-05 05:00:00+00:00', '2023-10-05 06:00:00+00:00', '2023-10-05 07:00:00+00:00', '2023-10-05 08:00:00+00:00', '2023-10-05 09:00:00+00:00', '2023-10-05 10:00:00+00:00', '2023-10-05 11:00:00+00:00', '2023-10-05 12:00:00+00:00', '2023-10-05 13:00:00+00:00', '2023-10-05 14:00:00+00:00', '2023-10-05 15:00:00+00:00']",16,4.269,5.0365,88.538,14.667
2023-10-05,H1.Z27,I1,"['2023-10-05 00:00:00+00:00', '2023-10-05 01:00:00+00:00', '2023-10-05 02:00:00+00:00', '2023-10-05 03:00:00+00:00', '2023-10-05 04:00:00+00:00', '2023-10-05 05:00:00+00:00', '2023-10-05 06:00:00+00:00', '2023-10-05 07:00:00+00:00', '2023-10-05 08:00:00+00:00', '2023-10-05 09:00:00+00:00', '2023-10-05 10:00:00+00:00', '2023-10-05 11:00:00+00:00', '2023-10-05 12:00:00+00:00', '2023-10-05 13:00:00+00:00', '2023-10-05 14:00:00+00:00', '2023-10-05 15:00:00+00:00']",16,4.248,4.2488,88.815,16.921
2023-10-05,H1.Z27,I3,"['2023-10-05 00:00:00+00:00', '2023-10-05 01:00:00+00:00', '2023-10-05 02:00:00+00:00', '2023-10-05 03:00:00+00:00', '2023-10-05 04:00:00+00:00', '2023-10-05 05:00:00+00:00', '2023-10-05 06:00:00+00:00', '2023-10-05 07:00:00+00:00', '2023-10-05 08:00:00+00:00', '2023-10-05 09:00:00+00:00', '2023-10-05 10:00:00+00:00', '2023-10-05 11:00:00+00:00', '2023-10-05 12:00:00+00:00', '2023-10-05 13:00:00+00:00', '2023-10-05 14:00:00+00:00', '2023-10-05 15:00:00+00:00']",16,4.22,5.2085,89.736,14.454
2023-10-05,H3.Z47,I3,"['2023-10-05 11:00:00+00:00', '2023-10-05 12:00:00+00:00', '2023-10-05 13:00:00+00:00', '2023-10-05 14:00:00+00:00']",4,4.166,0.3012,8.399,6.455
2023-10-05,H4.ZE50,P,"['2023-10-05 08:00:00+00:00', '2023-10-05 09:00:00+00:00', '2023-10-05 10:00:00+00:00']",3,4.139,0.4288,3685.434,2579.417
2023-10-05,H3.ZE40,P,"['2023-10-05 09:00:00+00:00', '2023-10-05 11:00:00+00:00', '2023-10-05 12:00:00+00:00', '2023-10-05 13:00:00+00:00', '2023-10-05 14:00:00+00:00']",5,4.071,0.196,8065.243,6743.272
2023-10-05,H3.Z40,P,"['2023-10-05 09:00:00+00:00', '2023-10-05 11:00:00+00:00', '2023-10-05 12:00:00+00:00', '2023-10-05 13:00:00+00:00', '2023-10-05 14:00:00+00:00']",5,4.049,0.1977,7854.126,6557.843
2023-10-05,H2.T.Z32,P3,"['2023-10-05 11:00:00+00:00', '2023-10-05 12:00:00+00:00']",2,3.931,0.6007,2001.775,1250.557
2023-10-05,H3.Z47,P3,"['2023-10-05 11:00:00+00:00', '2023-10-05 12:00:00+00:00', '2023-10-05 13:00:00+00:00', '2023-10-05 14:00:00+00:00']",4,3.736,0.2952,1565.911,1208.991
2023-10-05,H2.T.Z30,I1,"['2023-10-05 08:00:00+00:00', '2023-10-05 09:00:00+00:00']",2,3.719,0.3512,29.912,22.138
2023-10-05,H2.T.Z30,I2,"['2023-10-05 09:00:00+00:00', '2023-10-05 10:00:00+00:00']",2,3.706,0.4534,28.477,19.594
2023-10-05,H3.Z41,Q,"['2023-10-05 10:00:00+00:00', '2023-10-05 11:00:00+00:00', '2023-10-05 12:00:00+00:00', '2023-10-05 13:00:00+00:00']",4,3.65,0.1954,-2055.917,-1719.821
2023-10-05,H2.T.Z30,I3,"['2023-10-05 08:00:00+00:00', '2023-10-05 09:00:00+00:00', '2023-10-05 10:00:00+00:00']",3,3.634,0.4596,32.293,22.125
2023-10-05,H1.Z20,Q,"['2023-10-05 05:00:00+00:00', '2023-10-05 06:00:00+00:00']",2,3.617,2.1149,-9912.687,-3182.388
2023-10-05,H2.T.Z30,P3,"['2023-10-05 08:00:00+00:00', '2023-10-05 09:00:00+00:00', '2023-10-05 10:00:00+00:00']",3,3.585,0.5191,7193.699,4735.584
2023-10-05,H2.T.Z30,P2,"['2023-10-05 09:00:00+00:00', '2023-10-05 10:00:00+00:00']",2,3.58,0.5132,6117.142,4042.469
2023-10-05,H3.ZE40,I1,"['2023-10-05 09:00:00+00:00', '2023-10-05 12:00:00+00:00']",2,3.547,0.1738,12.769,10.879
2023-10-05,H3.Z40,I1,"['2023-10-05 09:00:00+00:00', '2023-10-05 12:00:00+00:00']",2,3.54,0.1744,12.536,10.675
2023-10-05,H3.ZE40,P1,"['2023-10-05 09:00:00+00:00', '2023-10-05 12:00:00+00:00']",2,3.466,0.1911,2711.388,2276.398
2023-10-05,H3.ZE41,I2,"['2023-10-05 11:00:00+00:00', '2023-10-05 12:00:00+00:00']",2,3.444,0.3482,10.848,8.046
2023-10-05,H3.Z41,I2,"['2023-10-05 11:00:00+00:00', '2023-10-05 12:00:00+00:00']",2,3.433,0.3465,10.902,8.096
2023-10-05,H3.ZE41,P2,"['2023-10-05 11:00:00+00:00', '2023-10-05 12:00:00+00:00']",2,3.426,0.3915,2224.097,1598.347
2023-10-05,H2.T.Z30,P,"['2023-10-05 08:00:00+00:00', '2023-10-05 09:00:00+00:00', '2023-10-05 10:00:00+00:00']",3,3.422,0.4779,19849.079,13430.485
2023-10-05,H3.Z41,P2,"['2023-10-05 11:00:00+00:00', '2023-10-05 12:00:00+00:00']",2,3.41,0.3912,2219.911,1595.693
2023-10-05,H3.Z41,I3,"['2023-10-05 07:00:00+00:00', '2023-10-05 08:00:00+00:00']",2,3.341,0.334,5.79,4.34
2023-10-05,H3.ZE41,I3,"['2023-10-05 07:00:00+00:00', '2023-10-05 08:00:00+00:00']",2,3.337,0.3354,5.734,4.294
2023-10-05,H3.Z41,P3,"['2023-10-05 07:00:00+00:00', '2023-10-05 08:00:00+00:00']",2,3.267,0.3291,1266.968,953.249
2023-10-05,H3.ZE41,P3,"['2023-10-05 07:00:00+00:00', '2023-10-05 08:00:00+00:00']",2,3.263,0.3308,1260.035,946.853
2023-10-05,H2.T.Z33,P2,"['2023-10-05 12:00:00+00:00', '2023-10-05 13:00:00+00:00']",2,3.166,1.2,16823.273,7647.107
2023-10-09,H1.Z22,Q,"['2023-10-09 08:00:00+00:00', '2023-10-09 09:00:00+00:00', '2023-10-09 11:00:00+00:00']",3,342.625,16.1818,341.906,19.899
2023-10-09,H1.Z21,Q,"['2023-10-09 08:00:00+00:00', '2023-10-09 09:00:00+00:00', '2023-10-09 11:00:00+00:00']",3,300.259,28.8606,327.05,10.953
2023-10-09,H1.Z22,P,"['2023-10-09 08:00:00+00:00', '2023-10-09 09:00:00+00:00', '2023-10-09 11:00:00+00:00']",3,265.987,2.0757,757.61,246.321
2023-10-09,H1.Z21,P,"['2023-10-09 08:00:00+00:00', '2023-10-09 09:00:00+00:00', '2023-10-09 11:00:00+00:00']",3,253.317,1.9647,753.457,254.147
2023-10-09,H1.Z22,P2,"['2023-10-09 08:00:00+00:00', '2023-10-09 09:00:00+00:00', '2023-10-09 11:00:00+00:00']",3,179.001,1.3607,303.458,128.544
2023-10-09,H1.Z21,P2,"['2023-10-09 08:00:00+00:00', '2023-10-09 09:00:00+00:00', '2023-10-09 11:00:00+00:00']",3,143.182,1.6591,286.354,107.688
2023-10-09,H1.Z21,P1,"['2023-10-09 08:00:00+00:00', '2023-10-09 09:00:00+00:00', '2023-10-09 11:00:00+00:00']",3,135.04,1.5973,356.358,137.204
2023-10-09,H1.Z22,P1,"['2023-10-09 08:00:00+00:00', '2023-10-09 09:00:00+00:00', '2023-10-09 11:00:00+00:00']",3,133.492,1.9016,350.959,120.954
2023-10-09,H1.Z21,P3,"['2023-10-09 08:00:00+00:00', '2023-10-09 09:00:00+00:00', '2023-10-09 11:00:00+00:00']",3,99.545,10.9141,110.338,9.261
2023-10-09,H1.Z22,P3,"['2023-10-09 08:00:00+00:00', '2023-10-09 09:00:00+00:00', '2023-10-09 11:00:00+00:00']",3,68.668,33.6129,103.623,-3.177
2023-10-09,H1.Z18,I2,"['2023-10-09 08:00:00+00:00', '2023-10-09 09:00:00+00:00', '2023-10-09 11:00:00+00:00']",3,9.225,1.1026,2.317,1.102
2023-10-09,H1.Z18,P2,"['2023-10-09 08:00:00+00:00', '2023-10-09 09:00:00+00:00', '2023-10-09 11:00:00+00:00']",3,9.147,1.0683,486.874,235.397
2023-10-09,H1.Z18,P,"['2023-10-09 08:00:00+00:00', '2023-10-09 09:00:00+00:00', '2023-10-09 11:00:00+00:00']",3,8.743,0.429,2385.412,1669.271
2023-10-09,H1.Z18,I1,"['2023-10-09 08:00:00+00:00', '2023-10-09 09:00:00+00:00', '2023-10-09 11:00:00+00:00']",3,8.717,0.433,3.042,2.123
2023-10-09,H1.Z18,P1,"['2023-10-09 08:00:00+00:00', '2023-10-09 09:00:00+00:00', '2023-10-09 11:00:00+00:00']",3,8.51,0.4353,553.462,385.607
2023-10-09,H1.Z18,Q,"['2023-10-09 08:00:00+00:00', '2023-10-09 09:00:00+00:00', '2023-10-09 11:00:00+00:00']",3,8.397,1.6022,620.823,238.58
2023-10-09,H1.Z18,P3,"['2023-10-09 08:00:00+00:00', '2023-10-09 09:00:00+00:00', '2023-10-09 11:00:00+00:00']",3,8.274,0.2843,1343.817,1046.379
2023-10-09,H1.Z18,I3,"['2023-10-09 08:00:00+00:00', '2023-10-09 09:00:00+00:00', '2023-10-09 11:00:00+00:00']",3,8.231,0.2898,6.311,4.893
2023-10-09,H2.T.Z32,P3,"['2023-10-09 07:00:00+00:00', '2023-10-09 08:00:00+00:00', '2023-10-09 09:00:00+00:00', '2023-10-09 10:00:00+00:00', '2023-10-09 11:00:00+00:00', '2023-10-09 12:00:00+00:00']",6,5.857,1.0454,2550.241,1246.833
2023-10-09,H1.Z26,P2,"['2023-10-09 14:00:00+00:00', '2023-10-09 15:00:00+00:00', '2023-10-09 16:00:00+00:00']",3,5.739,1.022,2467.114,1220.15
2023-10-09,H1.Z26,P1,"['2023-10-09 14:00:00+00:00', '2023-10-09 15:00:00+00:00', '2023-10-09 16:00:00+00:00']",3,5.713,0.6646,3370.421,2024.704
2023-10-09,H2.T.Z30,Q,"['2023-10-09 06:00:00+00:00', '2023-10-09 07:00:00+00:00', '2023-10-09 08:00:00+00:00', '2023-10-09 09:00:00+00:00', '2023-10-09 10:00:00+00:00', '2023-10-09 11:00:00+00:00', '2023-10-09 12:00:00+00:00', '2023-10-09 13:00:00+00:00', '2023-10-09 14:00:00+00:00', '2023-10-09 15:00:00+00:00']",10,5.453,0.2944,-3069.313,-4349.993
2023-10-09,H1.Z26,P,"['2023-10-09 14:00:00+00:00', '2023-10-09 15:00:00+00:00', '2023-10-09 16:00:00+00:00']",3,5.3,0.8072,10025.042,5547.315
2023-10-09,H4.ZE50,I2,"['2023-10-09 09:00:00+00:00', '2023-10-09 10:00:00+00:00']",2,5.19,0.7185,6.204,3.61
2023-10-09,H4.ZE50,P2,"['2023-10-09 09:00:00+00:00', '2023-10-09 10:00:00+00:00']",2,5.178,0.6105,1088.936,676.128
2023-10-09,H4.ZE51,I3,"['2023-10-09 07:00:00+00:00', '2023-10-09 08:00:00+00:00', '2023-10-09 09:00:00+00:00', '2023-10-09 10:00:00+00:00', '2023-10-09 11:00:00+00:00', '2023-10-09 12:00:00+00:00', '2023-10-09 13:00:00+00:00', '2023-10-09 14:00:00+00:00']",8,4.639,0.3688,9.857,7.201
2023-10-09,H4.ZE51,P3,"['2023-10-09 07:00:00+00:00', '2023-10-09 08:00:00+00:00', '2023-10-09 09:00:00+00:00', '2023-10-09 10:00:00+00:00', '2023-10-09 11:00:00+00:00', '2023-10-09 12:00:00+00:00', '2023-10-09 13:00:00+00:00', '2023-10-09 14:00:00+00:00']",8,4.457,0.6165,1767.317,1093.275
2023-10-09,H1.Z26,P3,"['2023-10-09 14:00:00+00:00', '2023-10-09 15:00:00+00:00', '2023-10-09 16:00:00+00:00']",3,4.284,0.8186,4187.208,2302.453
2023-10-09,H4.ZE50,P,"['2023-10-09 08:00:00+00:00', '2023-10-09 09:00:00+00:00', '2023-10-09 10:00:00+00:00']",3,4.136,0.4061,3602.487,2562.004
2023-10-09,H4.ZE51,I1,"['2023-10-09 10:00:00+00:00', '2023-10-09 11:00:00+00:00', '2023-10-09 12:00:00+00:00', '2023-10-09 13:00:00+00:00', '2023-10-09 14:00:00+00:00']",5,4.002,0.1443,11.558,10.1
2023-10-09,H4.ZE50,I1,"['2023-10-09 08:00:00+00:00', '2023-10-09 09:00:00+00:00', '2023-10-09 10:00:00+00:00']",3,3.999,0.3513,6.691,4.951
2023-10-09,H4.ZE50,P1,"['2023-10-09 08:00:00+00:00', '2023-10-09 09:00:00+00:00', '2023-10-09 10:00:00+00:00']",3,3.971,0.3852,1415.986,1022.228
2023-10-09,V.Z82,I3,"['2023-10-09 07:00:00+00:00', '2023-10-09 14:00:00+00:00', '2023-10-09 15:00:00+00:00', '2023-10-09 16:00:00+00:00']",4,3.931,0.4324,99.847,69.707
2023-10-09,H4.ZE51,P1,"['2023-10-09 10:00:00+00:00', '2023-10-09 11:00:00+00:00', '2023-10-09 12:00:00+00:00', '2023-10-09 13:00:00+00:00', '2023-10-09 14:00:00+00:00']",5,3.912,0.1732,2234.675,1904.782
2023-10-09,V.Z82,I2,"['2023-10-09 07:00:00+00:00', '2023-10-09 14:00:00+00:00', '2023-10-09 15:00:00+00:00', '2023-10-09 16:00:00+00:00']",4,3.893,0.4137,97.301,68.828
2023-10-09,H2.T.Z30,I2,"['2023-10-09 09:00:00+00:00', '2023-10-09 10:00:00+00:00']",2,3.885,0.4138,28.209,19.952
2023-10-09,H2.T.Z30,P2,"['2023-10-09 09:00:00+00:00', '2023-10-09 10:00:00+00:00']",2,3.843,0.5195,6249.646,4113.015
2023-10-09,V.Z82,I1,"['2023-10-09 07:00:00+00:00', '2023-10-09 14:00:00+00:00', '2023-10-09 15:00:00+00:00', '2023-10-09 16:00:00+00:00']",4,3.774,0.3699,101.725,74.258
2023-10-09,H4.ZE51,P,"['2023-10-09 10:00:00+00:00', '2023-10-09 11:00:00+00:00', '2023-10-09 12:00:00+00:00', '2023-10-09 13:00:00+00:00', '2023-10-09 14:00:00+00:00']",5,3.738,0.2735,5814.719,4566.044
2023-10-09,H4.ZE50,I3,"['2023-10-09 08:00:00+00:00', '2023-10-09 09:00:00+00:00']",2,3.724,0.2701,5.342,4.206
2023-10-09,H4.ZE50,P3,"['2023-10-09 08:00:00+00:00', '2023-10-09 09:00:00+00:00']",2,3.631,0.2709,1097.568,863.596
2023-10-09,H2.T.Z33,Q,"['2023-10-09 09:00:00+00:00', '2023-10-09 16:00:00+00:00']",2,3.445,0.8022,9646.641,5352.67
2023-10-09,H2.T.Z30,P,"['2023-10-09 08:00:00+00:00', '2023-10-09 09:00:00+00:00', '2023-10-09 10:00:00+00:00']",3,3.378,0.4854,19804.176,13332.919
2023-10-09,H2.T.Z30,I3,"['2023-10-09 08:00:00+00:00', '2023-10-09 09:00:00+00:00', '2023-10-09 10:00:00+00:00']",3,3.36,0.4194,30.752,21.665
2023-10-09,H2.T.Z30,I1,"['2023-10-09 08:00:00+00:00', '2023-10-09 09:00:00+00:00']",2,3.347,0.4117,30.899,21.888
2023-10-09,H2.T.Z30,P1,"['2023-10-09 08:00:00+00:00', '2023-10-09 09:00:00+00:00']",2,3.294,0.4684,6750.689,4597.405
2023-10-09,H4.ZE51,P2,"['2023-10-09 11:00:00+00:00', '2023-10-09 14:00:00+00:00']",2,3.267,0.1561,1812.727,1568.003
2023-10-09,H2.T.Z30,P3,"['2023-10-09 08:00:00+00:00', '2023-10-09 09:00:00+00:00', '2023-10-09 10:00:00+00:00']",3,3.253,0.4709,6802.485,4624.64
2023-10-09,H2.K21,qv,"['2023-10-09 12:00:00+00:00', '2023-10-09 13:00:00+00:00', '2023-10-09 14:00:00+00:00']",3,3.181,0.7362,5.125,2.951
2023-10-09,V.Z81,P3,"['2023-10-09 15:00:00+00:00', '2023-10-09 16:00:00+00:00']",2,3.025,5.0136,11546.149,-2876.786
2023-10-09,V.Z82,P3,"['2023-10-09 15:00:00+00:00', '2023-10-09 16:00:00+00:00']",2,3.022,8.4332,15686.628,1662.909
2023-10-10,H1.K15,P,"['2023-10-10 10:00:00+00:00', '2023-10-10 11:00:00+00:00', '2023-10-10 12:00:00+00:00', '2023-10-10 13:00:00+00:00', '2023-10-10 14:00:00+00:00', '2023-10-10 15:00:00+00:00', '2023-10-10 16:00:00+00:00']",7,17.21,28.2696,1885.639,64.423
2023-10-10,H1.K15,Tdiff,"['2023-10-10 10:00:00+00:00', '2023-10-10 11:00:00+00:00', '2023-10-10 12:00:00+00:00', '2023-10-10 13:00:00+00:00', '2023-10-10 14:00:00+00:00', '2023-10-10 15:00:00+00:00', '2023-10-10 16:00:00+00:00', '2023-10-10 17:00:00+00:00']",8,10.16,0.1999,-12061.34,-10052.109
2023-10-10,H1.K11,Tdiff,"['2023-10-10 11:00:00+00:00', '2023-10-10 12:00:00+00:00', '2023-10-10 13:00:00+00:00', '2023-10-10 14:00:00+00:00', '2023-10-10 15:00:00+00:00', '2023-10-10 16:00:00+00:00']",6,9.471,0.4874,-744.889,-500.789
2023-10-10,H1.K11,P,"['2023-10-10 11:00:00+00:00', '2023-10-10 12:00:00+00:00', '2023-10-10 13:00:00+00:00', '2023-10-10 14:00:00+00:00', '2023-10-10 15:00:00+00:00']",5,7.773,0.3945,9517.396,6825.138
2023-10-10,H1.Z22,Q,"['2023-10-10 06:00:00+00:00', '2023-10-10 08:00:00+00:00']",2,6.531,1.6044,172.07,66.069
2023-10-10,H1.Z21,Q,"['2023-10-10 06:00:00+00:00', '2023-10-10 08:00:00+00:00']",2,6.473,1.834,160.789,56.735
2023-10-10,H4.ZE50,P3,"['2023-10-10 07:00:00+00:00', '2023-10-10 08:00:00+00:00', '2023-10-10 09:00:00+00:00']",3,5.235,0.4183,1325.347,934.463
2023-10-10,H4.ZE50,P2,"['2023-10-10 07:00:00+00:00', '2023-10-10 08:00:00+00:00', '2023-10-10 09:00:00+00:00']",3,5.159,0.7238,1324.036,768.095
2023-10-10,H4.ZE50,P,"['2023-10-10 07:00:00+00:00', '2023-10-10 08:00:00+00:00', '2023-10-10 09:00:00+00:00']",3,5.112,0.5566,4415.088,2836.361
2023-10-10,H4.ZE50,I3,"['2023-10-10 07:00:00+00:00', '2023-10-10 08:00:00+00:00', '2023-10-10 09:00:00+00:00']",3,5.096,0.397,6.348,4.544
2023-10-10,H4.ZE50,I2,"['2023-10-10 07:00:00+00:00', '2023-10-10 08:00:00+00:00', '2023-10-10 09:00:00+00:00']",3,5.062,0.7451,7.224,4.14
2023-10-10,H4.ZE50,I1,"['2023-10-10 08:00:00+00:00', '2023-10-10 09:00:00+00:00', '2023-10-10 10:00:00+00:00']",3,4.934,0.521,8.269,5.437
2023-10-10,H3.Z40,P1,"['2023-10-10 08:00:00+00:00', '2023-10-10 10:00:00+00:00', '2023-10-10 12:00:00+00:00', '2023-10-10 13:00:00+00:00']",4,4.897,0.1763,2609.426,2218.329
2023-10-10,H3.ZE40,P1,"['2023-10-10 08:00:00+00:00', '2023-10-10 10:00:00+00:00', '2023-10-10 12:00:00+00:00', '2023-10-10 13:00:00+00:00']",4,4.894,0.1731,2675.696,2280.824
2023-10-10,H4.ZE50,P1,"['2023-10-10 08:00:00+00:00', '2023-10-10 09:00:00+00:00', '2023-10-10 10:00:00+00:00']",3,4.888,0.5573,1765.704,1133.818
2023-10-10,H3.Z40,I1,"['2023-10-10 08:00:00+00:00', '2023-10-10 10:00:00+00:00', '2023-10-10 12:00:00+00:00', '2023-10-10 13:00:00+00:00']",4,4.741,0.1537,12.214,10.587
2023-10-10,H3.ZE40,I1,"['2023-10-10 08:00:00+00:00', '2023-10-10 10:00:00+00:00', '2023-10-10 12:00:00+00:00', '2023-10-10 13:00:00+00:00']",4,4.732,0.1524,12.433,10.789
2023-10-10,H1.Z16,P2,"['2023-10-10 11:00:00+00:00', '2023-10-10 12:00:00+00:00', '2023-10-10 13:00:00+00:00', '2023-10-10 14:00:00+00:00', '2023-10-10 15:00:00+00:00']",5,4.706,0.4287,3642.984,2549.844
2023-10-10,H1.Z16,P,"['2023-10-10 11:00:00+00:00', '2023-10-10 12:00:00+00:00', '2023-10-10 13:00:00+00:00', '2023-10-10 14:00:00+00:00', '2023-10-10 15:00:00+00:00']",5,4.668,0.4363,10706.548,7454.106
2023-10-10,H1.Z16,P1,"['2023-10-10 11:00:00+00:00', '2023-10-10 12:00:00+00:00', '2023-10-10 13:00:00+00:00', '2023-10-10 14:00:00+00:00', '2023-10-10 15:00:00+00:00']",5,4.632,0.4174,3603.673,2542.429
2023-10-10,H1.Z17,P3,"['2023-10-10 10:00:00+00:00', '2023-10-10 11:00:00+00:00', '2023-10-10 12:00:00+00:00', '2023-10-10 13:00:00+00:00', '2023-10-10 14:00:00+00:00', '2023-10-10 15:00:00+00:00', '2023-10-10 16:00:00+00:00']",7,4.63,0.2167,17583.487,14451.33
2023-10-10,H1.Z16,P3,"['2023-10-10 11:00:00+00:00', '2023-10-10 12:00:00+00:00', '2023-10-10 13:00:00+00:00', '2023-10-10 14:00:00+00:00', '2023-10-10 15:00:00+00:00']",5,4.62,0.4572,3466.801,2379.133
2023-10-10,H1.Z14,P3,"['2023-10-10 11:00:00+00:00', '2023-10-10 12:00:00+00:00', '2023-10-10 13:00:00+00:00', '2023-10-10 14:00:00+00:00', '2023-10-10 15:00:00+00:00']",5,4.536,0.1698,4446.722,3801.242
2023-10-10,H1.Z13,P3,"['2023-10-10 11:00:00+00:00', '2023-10-10 12:00:00+00:00', '2023-10-10 13:00:00+00:00', '2023-10-10 14:00:00+00:00', '2023-10-10 15:00:00+00:00']",5,4.535,0.1716,4743.427,4048.703
2023-10-10,H1.Z14,P2,"['2023-10-10 11:00:00+00:00', '2023-10-10 12:00:00+00:00', '2023-10-10 13:00:00+00:00', '2023-10-10 14:00:00+00:00', '2023-10-10 15:00:00+00:00']",5,4.527,0.167,4430.922,3796.861
2023-10-10,H1.Z13,P2,"['2023-10-10 11:00:00+00:00', '2023-10-10 12:00:00+00:00', '2023-10-10 13:00:00+00:00', '2023-10-10 14:00:00+00:00', '2023-10-10 15:00:00+00:00']",5,4.514,0.1682,4747.211,4063.587
2023-10-10,H1.Z14,P,"['2023-10-10 11:00:00+00:00', '2023-10-10 12:00:00+00:00', '2023-10-10 13:00:00+00:00', '2023-10-10 14:00:00+00:00', '2023-10-10 15:00:00+00:00']",5,4.513,0.1691,13142.444,11241.165
2023-10-10,H1.Z13,P,"['2023-10-10 11:00:00+00:00', '2023-10-10 12:00:00+00:00', '2023-10-10 13:00:00+00:00', '2023-10-10 14:00:00+00:00', '2023-10-10 15:00:00+00:00']",5,4.511,0.1708,14028.097,11981.618
2023-10-10,H1.Z13,P1,"['2023-10-10 11:00:00+00:00', '2023-10-10 12:00:00+00:00', '2023-10-10 13:00:00+00:00', '2023-10-10 14:00:00+00:00', '2023-10-10 15:00:00+00:00']",5,4.476,0.1712,4531.567,3869.3
2023-10-10,H1.Z14,P1,"['2023-10-10 11:00:00+00:00', '2023-10-10 12:00:00+00:00', '2023-10-10 13:00:00+00:00', '2023-10-10 14:00:00+00:00', '2023-10-10 15:00:00+00:00']",5,4.476,0.1706,4263.33,3642.106
2023-10-10,H3.Z47,I3,"['2023-10-10 11:00:00+00:00', '2023-10-10 12:00:00+00:00', '2023-10-10 13:00:00+00:00', '2023-10-10 14:00:00+00:00']",4,4.469,0.2705,8.512,6.7
2023-10-10,H3.Z49,P3,"['2023-10-10 11:00:00+00:00', '2023-10-10 12:00:00+00:00', '2023-10-10 13:00:00+00:00']",3,4.459,1.0284,156.291,77.051
2023-10-10,H3.Z49,P,"['2023-10-10 11:00:00+00:00', '2023-10-10 12:00:00+00:00', '2023-10-10 13:00:00+00:00']",3,4.403,0.9664,474.84,241.478
2023-10-10,H3.Z47,P3,"['2023-10-10 11:00:00+00:00', '2023-10-10 12:00:00+00:00', '2023-10-10 13:00:00+00:00', '2023-10-10 14:00:00+00:00']",4,4.397,0.3903,1731.993,1245.803
2023-10-10,H3.Z49,P2,"['2023-10-10 11:00:00+00:00', '2023-10-10 12:00:00+00:00', '2023-10-10 13:00:00+00:00']",3,4.385,0.8434,175.596,95.254
2023-10-10,H3.Z49,P1,"['2023-10-10 11:00:00+00:00', '2023-10-10 12:00:00+00:00', '2023-10-10 13:00:00+00:00']",3,4.379,1.0679,143.039,69.171
2023-10-10,H3.Z49,Q,"['2023-10-10 12:00:00+00:00', '2023-10-10 13:00:00+00:00']",2,4.362,0.1386,-249.69,-289.855
2023-10-10,H1.Z17,P,"['2023-10-10 11:00:00+00:00', '2023-10-10 12:00:00+00:00', '2023-10-10 13:00:00+00:00', '2023-10-10 14:00:00+00:00', '2023-10-10 15:00:00+00:00']",5,4.272,0.1889,56045.804,47142.436
2023-10-10,H1.Z16,I2,"['2023-10-10 11:00:00+00:00', '2023-10-10 12:00:00+00:00', '2023-10-10 13:00:00+00:00', '2023-10-10 14:00:00+00:00', '2023-10-10 15:00:00+00:00']",5,4.25,0.4411,21.872,15.177
2023-10-10,H1.Z16,I3,"['2023-10-10 11:00:00+00:00', '2023-10-10 12:00:00+00:00', '2023-10-10 13:00:00+00:00', '2023-10-10 14:00:00+00:00', '2023-10-10 15:00:00+00:00']",5,4.235,0.4714,20.928,14.223
2023-10-10,H1.Z16,I1,"['2023-10-10 11:00:00+00:00', '2023-10-10 12:00:00+00:00', '2023-10-10 13:00:00+00:00', '2023-10-10 14:00:00+00:00', '2023-10-10 15:00:00+00:00']",5,4.215,0.438,21.462,14.925
2023-10-10,H1.Z17,P2,"['2023-10-10 11:00:00+00:00', '2023-10-10 13:00:00+00:00', '2023-10-10 14:00:00+00:00', '2023-10-10 15:00:00+00:00']",4,4.091,0.1719,19102.048,16300.13
2023-10-10,H1.Z17,P1,"['2023-10-10 11:00:00+00:00', '2023-10-10 12:00:00+00:00', '2023-10-10 13:00:00+00:00', '2023-10-10 14:00:00+00:00', '2023-10-10 15:00:00+00:00']",5,4.09,0.1812,19360.27,16390.94
2023-10-10,H1.Z17,I3,"['2023-10-10 11:00:00+00:00', '2023-10-10 12:00:00+00:00', '2023-10-10 13:00:00+00:00', '2023-10-10 14:00:00+00:00', '2023-10-10 15:00:00+00:00']",5,4.057,0.2014,88.08,73.317
2023-10-10,H2.ZE66,I3,"['2023-10-10 06:00:00+00:00', '2023-10-10 19:00:00+00:00', '2023-10-10 22:00:00+00:00', '2023-10-10 23:00:00+00:00']",4,4.025,0.1265,18.428,21.096
2023-10-10,H2.Z66,P3,"['2023-10-10 19:00:00+00:00', '2023-10-10 21:00:00+00:00', '2023-10-10 22:00:00+00:00', '2023-10-10 23:00:00+00:00']",4,3.973,0.1138,3192.005,3601.862
2023-10-10,H1.Z14,I3,"['2023-10-10 11:00:00+00:00', '2023-10-10 12:00:00+00:00', '2023-10-10 13:00:00+00:00', '2023-10-10 14:00:00+00:00', '2023-10-10 15:00:00+00:00']",5,3.965,0.1737,28.697,24.451
2023-10-10,H1.Z13,I3,"['2023-10-10 11:00:00+00:00', '2023-10-10 12:00:00+00:00', '2023-10-10 13:00:00+00:00', '2023-10-10 14:00:00+00:00', '2023-10-10 15:00:00+00:00']",5,3.958,0.1763,30.522,25.946
2023-10-10,H3.Z47,P,"['2023-10-10 12:00:00+00:00', '2023-10-10 13:00:00+00:00']",2,3.95,0.2292,4914.902,3998.598
2023-10-10,H1.Z13,I2,"['2023-10-10 11:00:00+00:00', '2023-10-10 12:00:00+00:00', '2023-10-10 13:00:00+00:00', '2023-10-10 14:00:00+00:00', '2023-10-10 15:00:00+00:00']",5,3.929,0.172,30.125,25.705
2023-10-10,H1.Z14,I2,"['2023-10-10 11:00:00+00:00', '2023-10-10 12:00:00+00:00', '2023-10-10 13:00:00+00:00', '2023-10-10 14:00:00+00:00', '2023-10-10 15:00:00+00:00']",5,3.928,0.1693,28.528,24.397
2023-10-10,H1.Z13,I1,"['2023-10-10 11:00:00+00:00', '2023-10-10 12:00:00+00:00', '2023-10-10 13:00:00+00:00', '2023-10-10 14:00:00+00:00', '2023-10-10 15:00:00+00:00']",5,3.882,0.1755,29.37,24.985
2023-10-10,H1.Z14,I1,"['2023-10-10 11:00:00+00:00', '2023-10-10 12:00:00+00:00', '2023-10-10 13:00:00+00:00', '2023-10-10 14:00:00+00:00', '2023-10-10 15:00:00+00:00']",5,3.84,0.1725,27.815,23.723
2023-10-10,H3.Z41,I1,"['2023-10-10 07:00:00+00:00', '2023-10-10 08:00:00+00:00', '2023-10-10 09:00:00+00:00', '2023-10-10 11:00:00+00:00', '2023-10-10 12:00:00+00:00', '2023-10-10 13:00:00+00:00', '2023-10-10 14:00:00+00:00']",7,3.808,0.361,8.242,6.056
2023-10-10,H3.ZE41,I1,"['2023-10-10 07:00:00+00:00', '2023-10-10 08:00:00+00:00', '2023-10-10 09:00:00+00:00', '2023-10-10 11:00:00+00:00', '2023-10-10 12:00:00+00:00', '2023-10-10 13:00:00+00:00', '2023-10-10 14:00:00+00:00']",7,3.801,0.3629,8.233,6.041
2023-10-10,H1.Z16,Q,"['2023-10-10 11:00:00+00:00', '2023-10-10 12:00:00+00:00', '2023-10-10 13:00:00+00:00', '2023-10-10 14:00:00+00:00', '2023-10-10 15:00:00+00:00']",5,3.798,0.4779,9639.969,6522.771
2023-10-10,H1.Z17,I1,"['2023-10-10 11:00:00+00:00', '2023-10-10 13:00:00+00:00', '2023-10-10 14:00:00+00:00', '2023-10-10 15:00:00+00:00']",4,3.788,0.1805,93.371,79.097
2023-10-10,H1.Z17,I2,"['2023-10-10 11:00:00+00:00', '2023-10-10 13:00:00+00:00', '2023-10-10 14:00:00+00:00', '2023-10-10 15:00:00+00:00']",4,3.787,0.1719,93.027,79.378
2023-10-10,H2.ZE66,P3,"['2023-10-10 10:00:00+00:00', '2023-10-10 18:00:00+00:00', '2023-10-10 22:00:00+00:00']",3,3.746,0.1398,2670.416,3104.483
2023-10-10,H2.Z66,I3,"['2023-10-10 18:00:00+00:00', '2023-10-10 19:00:00+00:00', '2023-10-10 21:00:00+00:00', '2023-10-10 22:00:00+00:00', '2023-10-10 23:00:00+00:00']",5,3.701,0.1171,16.621,18.826
2023-10-10,V.K21,Tdiff,"['2023-10-10 10:00:00+00:00', '2023-10-10 11:00:00+00:00', '2023-10-10 12:00:00+00:00', '2023-10-10 14:00:00+00:00']",4,3.695,0.4437,-766.208,-530.722
2023-10-10,H3.ZE41,P1,"['2023-10-10 07:00:00+00:00', '2023-10-10 08:00:00+00:00', '2023-10-10 09:00:00+00:00', '2023-10-10 11:00:00+00:00', '2023-10-10 12:00:00+00:00', '2023-10-10 13:00:00+00:00', '2023-10-10 14:00:00+00:00']",7,3.682,0.4416,1629.651,1130.421
2023-10-10,H3.Z41,P1,"['2023-10-10 07:00:00+00:00', '2023-10-10 08:00:00+00:00', '2023-10-10 09:00:00+00:00', '2023-10-10 11:00:00+00:00', '2023-10-10 12:00:00+00:00', '2023-10-10 13:00:00+00:00', '2023-10-10 14:00:00+00:00']",7,3.678,0.4455,1610.923,1114.419
2023-10-10,H2.ZE66,I1,"['2023-10-10 08:00:00+00:00', '2023-10-10 10:00:00+00:00', '2023-10-10 18:00:00+00:00', '2023-10-10 22:00:00+00:00']",4,3.668,0.1434,13.575,15.849
2023-10-10,H2.ZE66,P,"['2023-10-10 10:00:00+00:00', '2023-10-10 18:00:00+00:00', '2023-10-10 22:00:00+00:00']",3,3.637,0.1395,7832.361,9101.905
2023-10-10,H2.ZE66,I2,"['2023-10-10 08:00:00+00:00', '2023-10-10 10:00:00+00:00', '2023-10-10 18:00:00+00:00', '2023-10-10 22:00:00+00:00']",4,3.636,0.1404,13.552,15.765
2023-10-10,H4.ZE51,I3,"['2023-10-10 07:00:00+00:00', '2023-10-10 11:00:00+00:00', '2023-10-10 12:00:00+00:00']",3,3.607,0.2916,9.93,7.688
2023-10-10,H2.ZE66,P2,"['2023-10-10 10:00:00+00:00', '2023-10-10 18:00:00+00:00', '2023-10-10 22:00:00+00:00']",3,3.58,0.1375,2599.519,3013.938
2023-10-10,H4.ZE51,P3,"['2023-10-10 11:00:00+00:00', '2023-10-10 12:00:00+00:00']",2,3.577,0.4678,1786.89,1217.37
2023-10-10,H3.Z47,I2,"['2023-10-10 12:00:00+00:00', '2023-10-10 13:00:00+00:00']",2,3.569,0.1959,8.419,7.04
2023-10-10,H2.ZE66,P1,"['2023-10-10 10:00:00+00:00', '2023-10-10 18:00:00+00:00', '2023-10-10 22:00:00+00:00']",3,3.567,0.1409,2565.105,2985.713
2023-10-10,H2.K21,qv,"['2023-10-10 11:00:00+00:00', '2023-10-10 12:00:00+00:00', '2023-10-10 13:00:00+00:00', '2023-10-10 14:00:00+00:00', '2023-10-10 15:00:00+00:00']",5,3.534,1.3899,6.259,2.619
2023-10-10,V.K21,P,"['2023-10-10 10:00:00+00:00', '2023-10-10 11:00:00+00:00']",2,3.522,0.4244,32781.771,23015.102
2023-10-10,H3.ZE41,I2,"['2023-10-10 08:00:00+00:00', '2023-10-10 09:00:00+00:00', '2023-10-10 11:00:00+00:00']",3,3.507,0.3622,10.394,7.63
2023-10-10,H3.ZE41,P2,"['2023-10-10 08:00:00+00:00', '2023-10-10 09:00:00+00:00']",2,3.489,0.4241,2123.422,1491.068
2023-10-10,H2.Z66,I1,"['2023-10-10 08:00:00+00:00', '2023-10-10 21:00:00+00:00', '2023-10-10 22:00:00+00:00', '2023-10-10 23:00:00+00:00']",4,3.484,0.1432,15.571,18.174
2023-10-10,H3.Z41,I2,"['2023-10-10 08:00:00+00:00', '2023-10-10 09:00:00+00:00']",2,3.473,0.3602,10.447,7.68
2023-10-10,H3.Z47,P2,"['2023-10-10 12:00:00+00:00', '2023-10-10 13:00:00+00:00']",2,3.47,0.2266,1760.435,1435.225
2023-10-10,H3.Z41,P2,"['2023-10-10 08:00:00+00:00', '2023-10-10 09:00:00+00:00']",2,3.461,0.4252,2120.474,1487.813
2023-10-10,H1.Z14,Q,"['2023-10-10 11:00:00+00:00', '2023-10-10 12:00:00+00:00', '2023-10-10 13:00:00+00:00', '2023-10-10 14:00:00+00:00', '2023-10-10 15:00:00+00:00']",5,3.455,0.1685,14321.895,12257.067
2023-10-10,H1.Z13,Q,"['2023-10-10 11:00:00+00:00', '2023-10-10 12:00:00+00:00', '2023-10-10 13:00:00+00:00', '2023-10-10 14:00:00+00:00', '2023-10-10 15:00:00+00:00']",5,3.452,0.1712,15037.352,12839.221
2023-10-10,H2.T.Z30,P,"['2023-10-10 08:00:00+00:00', '2023-10-10 09:00:00+00:00']",2,3.445,0.309,19445.616,14855.068
2023-10-10,H2.T.Z30,I3,"['2023-10-10 08:00:00+00:00', '2023-10-10 09:00:00+00:00']",2,3.423,0.2657,30.25,23.899
2023-10-10,H2.Z66,Q,"['2023-10-10 08:00:00+00:00', '2023-10-10 10:00:00+00:00']",2,3.376,0.1383,5398.098,6264.289
2023-10-10,H2.T.Z30,P3,"['2023-10-10 08:00:00+00:00', '2023-10-10 09:00:00+00:00']",2,3.334,0.2961,6693.385,5164.194
2023-10-10,H3.ZE40,P,"['2023-10-10 12:00:00+00:00', '2023-10-10 13:00:00+00:00', '2023-10-10 14:00:00+00:00']",3,3.322,0.1594,8011.391,6910.131
2023-10-10,H3.Z40,P,"['2023-10-10 12:00:00+00:00', '2023-10-10 13:00:00+00:00', '2023-10-10 14:00:00+00:00']",3,3.293,0.1599,7793.673,6719.242
2023-10-10,H2.Z64,P2,"['2023-10-10 16:00:00+00:00', '2023-10-10 17:00:00+00:00']",2,3.012,0.1167,5563.492,6298.317
2023-10-12,H4.ZE51,I2,"['2023-10-12 08:00:00+00:00', '2023-10-12 11:00:00+00:00', '2023-10-12 12:00:00+00:00', '2023-10-12 13:00:00+00:00', '2023-10-12 14:00:00+00:00', '2023-10-12 15:00:00+00:00']",6,5.452,0.1369,10.821,9.518
2023-10-12,H4.ZE51,I1,"['2023-10-12 08:00:00+00:00', '2023-10-12 09:00:00+00:00', '2023-10-12 10:00:00+00:00', '2023-10-12 11:00:00+00:00', '2023-10-12 12:00:00+00:00']",5,5.12,0.1245,11.676,10.383
2023-10-12,H4.ZE51,P1,"['2023-10-12 08:00:00+00:00', '2023-10-12 09:00:00+00:00', '2023-10-12 10:00:00+00:00', '2023-10-12 11:00:00+00:00', '2023-10-12 12:00:00+00:00']",5,5.107,0.1653,2297.462,1971.508
2023-10-12,H4.ZE51,P2,"['2023-10-12 08:00:00+00:00', '2023-10-12 11:00:00+00:00', '2023-10-12 12:00:00+00:00', '2023-10-12 13:00:00+00:00', '2023-10-12 14:00:00+00:00', '2023-10-12 15:00:00+00:00']",6,5.006,0.1581,1912.365,1651.306
2023-10-12,H4.ZE51,I3,"['2023-10-12 08:00:00+00:00', '2023-10-12 09:00:00+00:00', '2023-10-12 11:00:00+00:00', '2023-10-12 12:00:00+00:00', '2023-10-12 13:00:00+00:00', '2023-10-12 14:00:00+00:00']",6,4.761,0.4274,12.107,8.482
2023-10-12,H3.ZE41,I1,"['2023-10-12 07:00:00+00:00', '2023-10-12 08:00:00+00:00', '2023-10-12 09:00:00+00:00', '2023-10-12 11:00:00+00:00', '2023-10-12 12:00:00+00:00', '2023-10-12 13:00:00+00:00', '2023-10-12 14:00:00+00:00']",7,4.684,0.4482,9.498,6.559
2023-10-12,H4.ZE51,P3,"['2023-10-12 08:00:00+00:00', '2023-10-12 09:00:00+00:00', '2023-10-12 11:00:00+00:00', '2023-10-12 12:00:00+00:00', '2023-10-12 13:00:00+00:00', '2023-10-12 14:00:00+00:00']",6,4.669,0.6408,2328.592,1419.176
2023-10-12,H3.ZE41,P1,"['2023-10-12 07:00:00+00:00', '2023-10-12 08:00:00+00:00', '2023-10-12 09:00:00+00:00', '2023-10-12 11:00:00+00:00', '2023-10-12 12:00:00+00:00', '2023-10-12 13:00:00+00:00', '2023-10-12 14:00:00+00:00']",7,4.665,0.5455,1921.352,1243.153
2023-10-12,H3.Z41,I1,"['2023-10-12 07:00:00+00:00', '2023-10-12 08:00:00+00:00', '2023-10-12 09:00:00+00:00', '2023-10-12 11:00:00+00:00', '2023-10-12 12:00:00+00:00', '2023-10-12 13:00:00+00:00', '2023-10-12 14:00:00+00:00']",7,4.637,0.4474,9.506,6.567
2023-10-12,H3.Z41,P1,"['2023-10-12 07:00:00+00:00', '2023-10-12 08:00:00+00:00', '2023-10-12 09:00:00+00:00', '2023-10-12 11:00:00+00:00', '2023-10-12 12:00:00+00:00', '2023-10-12 13:00:00+00:00', '2023-10-12 14:00:00+00:00']",7,4.616,0.5506,1899.711,1225.144
2023-10-12,H4.ZE51,P,"['2023-10-12 08:00:00+00:00', '2023-10-12 09:00:00+00:00', '2023-10-12 10:00:00+00:00', '2023-10-12 11:00:00+00:00', '2023-10-12 12:00:00+00:00', '2023-10-12 13:00:00+00:00', '2023-10-12 14:00:00+00:00']",7,4.602,0.2968,6538.322,5041.974
2023-10-12,H1.Z10,P2,"['2023-10-12 00:00:00+00:00', '2023-10-12 01:00:00+00:00', '2023-10-12 02:00:00+00:00', '2023-10-12 03:00:00+00:00', '2023-10-12 04:00:00+00:00', '2023-10-12 05:00:00+00:00', '2023-10-12 06:00:00+00:00', '2023-10-12 07:00:00+00:00', '2023-10-12 08:00:00+00:00', '2023-10-12 09:00:00+00:00', '2023-10-12 10:00:00+00:00', '2023-10-12 11:00:00+00:00', '2023-10-12 12:00:00+00:00', '2023-10-12 13:00:00+00:00', '2023-10-12 14:00:00+00:00', '2023-10-12 16:00:00+00:00', '2023-10-12 17:00:00+00:00', '2023-10-12 18:00:00+00:00', '2023-10-12 19:00:00+00:00', '2023-10-12 20:00:00+00:00', '2023-10-12 21:00:00+00:00', '2023-10-12 23:00:00+00:00']",22,4.429,0.1494,1426.656,1677.272
2023-10-12,H3.Z41,P3,"['2023-10-12 08:00:00+00:00', '2023-10-12 09:00:00+00:00']",2,4.104,0.2663,1103.11,871.161
2023-10-12,H3.ZE41,P3,"['2023-10-12 08:00:00+00:00', '2023-10-12 09:00:00+00:00']",2,4.104,0.2644,1094.908,865.923
2023-10-12,H3.ZE41,I3,"['2023-10-12 08:00:00+00:00', '2023-10-12 09:00:00+00:00']",2,4.055,0.2419,4.978,4.008
2023-10-12,H3.Z41,I3,"['2023-10-12 08:00:00+00:00', '2023-10-12 09:00:00+00:00']",2,4.048,0.2407,5.034,4.057
2023-10-12,H2.T.Z32,P3,"['2023-10-12 08:00:00+00:00', '2023-10-12 09:00:00+00:00', '2023-10-12 10:00:00+00:00', '2023-10-12 13:00:00+00:00', '2023-10-12 14:00:00+00:00']",5,3.994,0.7455,2828.263,1620.31
2023-10-12,H1.Z10,I2,"['2023-10-12 00:00:00+00:00', '2023-10-12 01:00:00+00:00', '2023-10-12 02:00:00+00:00', '2023-10-12 03:00:00+00:00', '2023-10-12 04:00:00+00:00', '2023-10-12 08:00:00+00:00', '2023-10-12 10:00:00+00:00', '2023-10-12 12:00:00+00:00', '2023-10-12 17:00:00+00:00', '2023-10-12 18:00:00+00:00', '2023-10-12 19:00:00+00:00', '2023-10-12 21:00:00+00:00', '2023-10-12 23:00:00+00:00']",13,3.956,0.1223,6.821,7.772
2023-10-12,H4.ZE50,P3,"['2023-10-12 08:00:00+00:00', '2023-10-12 09:00:00+00:00', '2023-10-12 10:00:00+00:00']",3,3.746,0.4078,1487.452,1056.544
2023-10-12,H3.Z41,P,"['2023-10-12 08:00:00+00:00', '2023-10-12 09:00:00+00:00', '2023-10-12 11:00:00+00:00', '2023-10-12 12:00:00+00:00']",4,3.623,0.4112,5233.893,3708.839
2023-10-12,H4.ZE50,I3,"['2023-10-12 08:00:00+00:00', '2023-10-12 09:00:00+00:00', '2023-10-12 10:00:00+00:00']",3,3.62,0.3537,6.915,5.108
2023-10-12,H3.ZE40,I1,"['2023-10-12 11:00:00+00:00', '2023-10-12 13:00:00+00:00']",2,3.618,0.161,13.187,11.359
2023-10-12,H3.Z40,I1,"['2023-10-12 11:00:00+00:00', '2023-10-12 13:00:00+00:00']",2,3.606,0.1615,12.953,11.152
2023-10-12,H3.ZE41,P,"['2023-10-12 08:00:00+00:00', '2023-10-12 09:00:00+00:00', '2023-10-12 11:00:00+00:00', '2023-10-12 12:00:00+00:00']",4,3.603,0.4089,5248.262,3725.209
2023-10-12,H3.ZE40,P1,"['2023-10-12 11:00:00+00:00', '2023-10-12 13:00:00+00:00']",2,3.583,0.1665,2825.523,2422.222
2023-10-12,H3.Z40,P1,"['2023-10-12 11:00:00+00:00', '2023-10-12 13:00:00+00:00']",2,3.566,0.167,2752.751,2358.729
2023-10-12,H2.T.Z33,Q,"['2023-10-12 13:00:00+00:00', '2023-10-12 14:00:00+00:00']",2,3.465,0.5866,10693.938,6740.116
2023-10-12,H2.T.Z33,I2,"['2023-10-12 08:00:00+00:00', '2023-10-12 14:00:00+00:00']",2,3.441,0.4915,92.087,61.743
2023-10-12,H3.ZE40,P,"['2023-10-12 11:00:00+00:00', '2023-10-12 12:00:00+00:00']",2,3.386,0.1144,8068.092,7239.834
2023-10-12,H3.Z40,P,"['2023-10-12 11:00:00+00:00', '2023-10-12 12:00:00+00:00']",2,3.378,0.117,7867.423,7043.496
2023-10-12,H2.T.Z30,I1,"['2023-10-12 08:00:00+00:00', '2023-10-12 09:00:00+00:00']",2,3.285,0.3346,35.486,26.589
2023-10-12,H3.Z41,Q,"['2023-10-12 08:00:00+00:00', '2023-10-12 09:00:00+00:00', '2023-10-12 11:00:00+00:00']",3,3.281,0.1353,-2103.459,-1852.828
2023-10-12,H2.T.Z30,P1,"['2023-10-12 08:00:00+00:00', '2023-10-12 09:00:00+00:00']",2,3.241,0.3724,7855.249,5723.935
2023-10-13,H1.K11,Trl,"['2023-10-13 10:00:00+00:00', '2023-10-13 11:00:00+00:00', '2023-10-13 12:00:00+00:00', '2023-10-13 13:00:00+00:00', '2023-10-13 14:00:00+00:00', '2023-10-13 15:00:00+00:00', '2023-10-13 16:00:00+00:00']",7,8.374,0.1163,8.392,7.517
2023-10-13,H1.K15,P,"['2023-10-13 09:00:00+00:00', '2023-10-13 10:00:00+00:00', '2023-10-13 11:00:00+00:00', '2023-10-13 12:00:00+00:00', '2023-10-13 13:00:00+00:00', '2023-10-13 14:00:00+00:00', '2023-10-13 15:00:00+00:00', '2023-10-13 16:00:00+00:00', '2023-10-13 17:00:00+00:00']",9,8.11,8.9012,7132.204,720.338
2023-10-13,H1.K11,Tdiff,"['2023-10-13 09:00:00+00:00', '2023-10-13 10:00:00+00:00', '2023-10-13 11:00:00+00:00', '2023-10-13 12:00:00+00:00', '2023-10-13 13:00:00+00:00', '2023-10-13 14:00:00+00:00', '2023-10-13 15:00:00+00:00', '2023-10-13 16:00:00+00:00', '2023-10-13 17:00:00+00:00']",9,7.725,1.2414,-1366.439,-609.627
2023-10-13,H1.K11,P,"['2023-10-13 09:00:00+00:00', '2023-10-13 10:00:00+00:00', '2023-10-13 11:00:00+00:00', '2023-10-13 12:00:00+00:00', '2023-10-13 13:00:00+00:00', '2023-10-13 14:00:00+00:00', '2023-10-13 15:00:00+00:00', '2023-10-13 16:00:00+00:00', '2023-10-13 17:00:00+00:00']",9,6.667,0.927,15488.589,8037.491
2023-10-13,H2.Z62,P,"['2023-10-13 12:00:00+00:00', '2023-10-13 13:00:00+00:00', '2023-10-13 14:00:00+00:00', '2023-10-13 15:00:00+00:00', '2023-10-13 16:00:00+00:00', '2023-10-13 17:00:00+00:00', '2023-10-13 18:00:00+00:00', '2023-10-13 19:00:00+00:00', '2023-10-13 20:00:00+00:00', '2023-10-13 21:00:00+00:00', '2023-10-13 22:00:00+00:00', '2023-10-13 23:00:00+00:00']",12,6.004,0.1129,-3756.577,-3375.389
2023-10-13,V.K21,Trl,"['2023-10-13 08:00:00+00:00', '2023-10-13 11:00:00+00:00', '2023-10-13 12:00:00+00:00', '2023-10-13 13:00:00+00:00', '2023-10-13 14:00:00+00:00', '2023-10-13 15:00:00+00:00']",6,5.05,0.1078,8.368,7.554
2023-10-13,V.K21,Tdiff,"['2023-10-13 08:00:00+00:00', '2023-10-13 12:00:00+00:00', '2023-10-13 13:00:00+00:00', '2023-10-13 14:00:00+00:00', '2023-10-13 15:00:00+00:00']",5,4.427,1.0371,-1380.667,-677.755
2023-10-13,H2.K21,P,"['2023-10-13 08:00:00+00:00', '2023-10-13 12:00:00+00:00', '2023-10-13 13:00:00+00:00', '2023-10-13 14:00:00+00:00', '2023-10-13 15:00:00+00:00']",5,4.322,2.5762,15118.125,4227.481
2023-10-13,H1.K14,Trl,"['2023-10-13 08:00:00+00:00', '2023-10-13 12:00:00+00:00', '2023-10-13 13:00:00+00:00', '2023-10-13 14:00:00+00:00', '2023-10-13 15:00:00+00:00']",5,4.201,0.1026,8.58,7.781
2023-10-13,H1.K12,Tdiff,"['2023-10-13 10:00:00+00:00', '2023-10-13 11:00:00+00:00', '2023-10-13 21:00:00+00:00']",3,4.15,11.8736,-295.729,-22.972
2023-10-13,V.K21,P,"['2023-10-13 08:00:00+00:00', '2023-10-13 12:00:00+00:00', '2023-10-13 13:00:00+00:00', '2023-10-13 14:00:00+00:00', '2023-10-13 15:00:00+00:00']",5,4.142,0.9674,57360.787,29156.078
2023-10-13,H1.W11,Trl,"['2023-10-13 06:00:00+00:00', '2023-10-13 07:00:00+00:00', '2023-10-13 08:00:00+00:00', '2023-10-13 09:00:00+00:00']",4,4.139,0.1816,54.966,46.52
2023-10-13,H1.K15,Tdiff,"['2023-10-13 21:00:00+00:00', '2023-10-13 22:00:00+00:00', '2023-10-13 23:00:00+00:00']",3,4.08,0.115,-11822.441,-10603.182
2023-10-13,H1.Z14,P1,"['2023-10-13 10:00:00+00:00', '2023-10-13 11:00:00+00:00', '2023-10-13 12:00:00+00:00', '2023-10-13 13:00:00+00:00', '2023-10-13 14:00:00+00:00', '2023-10-13 15:00:00+00:00']",6,3.876,0.4095,5591.218,3966.689
2023-10-13,H1.Z14,P3,"['2023-10-13 08:00:00+00:00', '2023-10-13 10:00:00+00:00', '2023-10-13 11:00:00+00:00', '2023-10-13 12:00:00+00:00', '2023-10-13 13:00:00+00:00', '2023-10-13 14:00:00+00:00', '2023-10-13 15:00:00+00:00', '2023-10-13 17:00:00+00:00']",8,3.874,0.4016,5784.958,4127.332
2023-10-13,H1.Z14,P,"['2023-10-13 10:00:00+00:00', '2023-10-13 11:00:00+00:00', '2023-10-13 12:00:00+00:00', '2023-10-13 13:00:00+00:00', '2023-10-13 14:00:00+00:00', '2023-10-13 15:00:00+00:00']",6,3.872,0.4013,17126.101,12221.415
2023-10-13,H1.Z26,P1,"['2023-10-13 12:00:00+00:00', '2023-10-13 13:00:00+00:00', '2023-10-13 14:00:00+00:00']",3,3.871,0.3372,3468.862,2594.216
2023-10-13,H1.Z14,P2,"['2023-10-13 08:00:00+00:00', '2023-10-13 10:00:00+00:00', '2023-10-13 11:00:00+00:00', '2023-10-13 12:00:00+00:00', '2023-10-13 13:00:00+00:00', '2023-10-13 14:00:00+00:00', '2023-10-13 15:00:00+00:00']",7,3.865,0.3932,5748.599,4126.257
2023-10-13,H1.Z13,P3,"['2023-10-13 08:00:00+00:00', '2023-10-13 10:00:00+00:00', '2023-10-13 11:00:00+00:00', '2023-10-13 12:00:00+00:00', '2023-10-13 13:00:00+00:00', '2023-10-13 14:00:00+00:00', '2023-10-13 15:00:00+00:00', '2023-10-13 17:00:00+00:00']",8,3.846,0.4058,6181.446,4397.035
2023-10-13,H1.Z13,P,"['2023-10-13 08:00:00+00:00', '2023-10-13 10:00:00+00:00', '2023-10-13 11:00:00+00:00', '2023-10-13 12:00:00+00:00', '2023-10-13 13:00:00+00:00', '2023-10-13 14:00:00+00:00', '2023-10-13 15:00:00+00:00']",7,3.845,0.4059,18314.32,13027.191
2023-10-13,H1.Z13,P1,"['2023-10-13 10:00:00+00:00', '2023-10-13 11:00:00+00:00', '2023-10-13 12:00:00+00:00', '2023-10-13 13:00:00+00:00', '2023-10-13 14:00:00+00:00', '2023-10-13 15:00:00+00:00']",6,3.845,0.4141,5958.663,4213.694
2023-10-13,H1.Z13,P2,"['2023-10-13 08:00:00+00:00', '2023-10-13 10:00:00+00:00', '2023-10-13 11:00:00+00:00', '2023-10-13 12:00:00+00:00', '2023-10-13 13:00:00+00:00', '2023-10-13 14:00:00+00:00', '2023-10-13 15:00:00+00:00']",7,3.842,0.3982,6174.523,4416.149
2023-10-13,H1.Z26,P2,"['2023-10-13 12:00:00+00:00', '2023-10-13 13:00:00+00:00', '2023-10-13 14:00:00+00:00']",3,3.778,0.4591,2600.201,1782.067
2023-10-13,H1.Z26,P,"['2023-10-13 12:00:00+00:00', '2023-10-13 13:00:00+00:00', '2023-10-13 14:00:00+00:00']",3,3.719,0.4929,10235.74,6856.48
2023-10-13,H1.Z16,P3,"['2023-10-13 08:00:00+00:00', '2023-10-13 10:00:00+00:00', '2023-10-13 11:00:00+00:00', '2023-10-13 12:00:00+00:00', '2023-10-13 13:00:00+00:00', '2023-10-13 14:00:00+00:00', '2023-10-13 15:00:00+00:00', '2023-10-13 16:00:00+00:00', '2023-10-13 17:00:00+00:00']",9,3.71,1.0813,6058.283,2910.763
2023-10-13,H1.Z16,P1,"['2023-10-13 08:00:00+00:00', '2023-10-13 10:00:00+00:00', '2023-10-13 11:00:00+00:00', '2023-10-13 12:00:00+00:00', '2023-10-13 13:00:00+00:00', '2023-10-13 14:00:00+00:00', '2023-10-13 15:00:00+00:00', '2023-10-13 17:00:00+00:00']",8,3.709,0.985,6109.864,3078.022
2023-10-13,H1.Z16,P,"['2023-10-13 08:00:00+00:00', '2023-10-13 10:00:00+00:00', '2023-10-13 11:00:00+00:00', '2023-10-13 12:00:00+00:00', '2023-10-13 13:00:00+00:00', '2023-10-13 14:00:00+00:00', '2023-10-13 15:00:00+00:00', '2023-10-13 17:00:00+00:00']",8,3.706,1.0146,18289.774,9078.403
2023-10-13,H1.Z16,P2,"['2023-10-13 08:00:00+00:00', '2023-10-13 10:00:00+00:00', '2023-10-13 11:00:00+00:00', '2023-10-13 12:00:00+00:00', '2023-10-13 13:00:00+00:00', '2023-10-13 14:00:00+00:00', '2023-10-13 15:00:00+00:00', '2023-10-13 17:00:00+00:00']",8,3.702,0.9941,6173.039,3095.667
2023-10-13,H1.Z17,I3,"['2023-10-13 12:00:00+00:00', '2023-10-13 13:00:00+00:00', '2023-10-13 14:00:00+00:00']",3,3.641,0.2928,103.806,80.295
2023-10-13,H1.Z14,I1,"['2023-10-13 10:00:00+00:00', '2023-10-13 11:00:00+00:00', '2023-10-13 12:00:00+00:00', '2023-10-13 13:00:00+00:00', '2023-10-13 14:00:00+00:00', '2023-10-13 15:00:00+00:00']",6,3.621,0.3728,35.261,25.686
2023-10-13,H1.Z14,I3,"['2023-10-13 10:00:00+00:00', '2023-10-13 11:00:00+00:00', '2023-10-13 12:00:00+00:00', '2023-10-13 13:00:00+00:00', '2023-10-13 14:00:00+00:00', '2023-10-13 15:00:00+00:00']",6,3.616,0.3676,36.16,26.44
2023-10-13,H1.K14,P,"['2023-10-13 08:00:00+00:00', '2023-10-13 12:00:00+00:00', '2023-10-13 13:00:00+00:00', '2023-10-13 14:00:00+00:00']",4,3.613,1.458,32840.895,13360.669
2023-10-13,H1.K12,Tvl,"['2023-10-13 14:00:00+00:00', '2023-10-13 15:00:00+00:00']",2,3.605,0.1437,21.085,18.436
2023-10-13,H1.Z13,I2,"['2023-10-13 10:00:00+00:00', '2023-10-13 11:00:00+00:00', '2023-10-13 12:00:00+00:00', '2023-10-13 13:00:00+00:00', '2023-10-13 14:00:00+00:00', '2023-10-13 15:00:00+00:00']",6,3.6,0.3664,38.013,27.821
2023-10-13,H1.Z14,I2,"['2023-10-13 10:00:00+00:00', '2023-10-13 11:00:00+00:00', '2023-10-13 12:00:00+00:00', '2023-10-13 13:00:00+00:00', '2023-10-13 14:00:00+00:00', '2023-10-13 15:00:00+00:00']",6,3.6,0.3616,35.94,26.395
2023-10-13,H1.Z13,I1,"['2023-10-13 11:00:00+00:00', '2023-10-13 12:00:00+00:00', '2023-10-13 13:00:00+00:00', '2023-10-13 14:00:00+00:00', '2023-10-13 15:00:00+00:00']",5,3.59,0.3784,37.301,27.061
2023-10-13,H1.Z13,I3,"['2023-10-13 10:00:00+00:00', '2023-10-13 11:00:00+00:00', '2023-10-13 12:00:00+00:00', '2023-10-13 13:00:00+00:00', '2023-10-13 14:00:00+00:00', '2023-10-13 15:00:00+00:00']",6,3.59,0.3714,38.51,28.08
2023-10-13,H1.K14,Tdiff,"['2023-10-13 08:00:00+00:00', '2023-10-13 12:00:00+00:00', '2023-10-13 13:00:00+00:00', '2023-10-13 14:00:00+00:00']",4,3.585,1.5408,-1141.535,-449.274
2023-10-13,H2.T.Z32,P3,"['2023-10-13 11:00:00+00:00', '2023-10-13 12:00:00+00:00']",2,3.546,0.4613,2540.309,1738.38
2023-10-13,H1.Z17,I2,"['2023-10-13 12:00:00+00:00', '2023-10-13 13:00:00+00:00', '2023-10-13 14:00:00+00:00']",3,3.535,0.2574,108.125,85.991
2023-10-13,H4.ZE50,I1,"['2023-10-13 08:00:00+00:00', '2023-10-13 09:00:00+00:00']",2,3.529,0.1223,7.039,6.272
2023-10-13,H4.ZE50,P1,"['2023-10-13 08:00:00+00:00', '2023-10-13 09:00:00+00:00']",2,3.526,0.1347,1495.091,1317.574
2023-10-13,H1.Z17,I1,"['2023-10-13 12:00:00+00:00', '2023-10-13 13:00:00+00:00', '2023-10-13 14:00:00+00:00']",3,3.506,0.2763,109.805,86.033
2023-10-13,H1.Z16,I1,"['2023-10-13 10:00:00+00:00', '2023-10-13 11:00:00+00:00', '2023-10-13 12:00:00+00:00', '2023-10-13 13:00:00+00:00', '2023-10-13 14:00:00+00:00', '2023-10-13 15:00:00+00:00', '2023-10-13 17:00:00+00:00']",7,3.437,0.9366,34.687,17.911
2023-10-13,H1.Z16,I3,"['2023-10-13 08:00:00+00:00', '2023-10-13 10:00:00+00:00', '2023-10-13 11:00:00+00:00', '2023-10-13 12:00:00+00:00', '2023-10-13 13:00:00+00:00', '2023-10-13 14:00:00+00:00', '2023-10-13 15:00:00+00:00', '2023-10-13 17:00:00+00:00']",8,3.432,1.0135,34.715,17.241
2023-10-13,H1.Z26,P3,"['2023-10-13 12:00:00+00:00', '2023-10-13 13:00:00+00:00', '2023-10-13 14:00:00+00:00']",3,3.425,0.6801,4166.677,2480.066
2023-10-13,H1.Z16,I2,"['2023-10-13 10:00:00+00:00', '2023-10-13 11:00:00+00:00', '2023-10-13 12:00:00+00:00', '2023-10-13 13:00:00+00:00', '2023-10-13 14:00:00+00:00', '2023-10-13 15:00:00+00:00']",6,3.421,0.9387,35.371,18.244
2023-10-13,H1.K15,Tvl,"['2023-10-13 09:00:00+00:00', '2023-10-13 10:00:00+00:00', '2023-10-13 16:00:00+00:00', '2023-10-13 17:00:00+00:00', '2023-10-13 21:00:00+00:00', '2023-10-13 22:00:00+00:00', '2023-10-13 23:00:00+00:00']",7,3.4,0.1696,8.598,10.353
2023-10-13,H1.K12,Trl,"['2023-10-13 12:00:00+00:00', '2023-10-13 13:00:00+00:00', '2023-10-13 14:00:00+00:00', '2023-10-13 15:00:00+00:00']",4,3.373,0.1615,21.446,18.465
2023-10-13,H1.Z14,Q,"['2023-10-13 12:00:00+00:00', '2023-10-13 13:00:00+00:00', '2023-10-13 14:00:00+00:00', '2023-10-13 15:00:00+00:00']",4,3.368,0.3344,17574.689,13170.745
2023-10-13,H1.Z13,Q,"['2023-10-13 12:00:00+00:00', '2023-10-13 13:00:00+00:00', '2023-10-13 14:00:00+00:00', '2023-10-13 15:00:00+00:00']",4,3.341,0.3403,18502.775,13804.782
2023-10-13,H1.Z17,P3,"['2023-10-13 12:00:00+00:00', '2023-10-13 13:00:00+00:00', '2023-10-13 14:00:00+00:00']",3,3.334,0.2615,19904.908,15779.194
2023-10-13,H1.Z17,P1,"['2023-10-13 12:00:00+00:00', '2023-10-13 13:00:00+00:00', '2023-10-13 14:00:00+00:00']",3,3.314,0.2421,22010.208,17719.536
2023-10-13,H1.Z17,P,"['2023-10-13 12:00:00+00:00', '2023-10-13 13:00:00+00:00', '2023-10-13 14:00:00+00:00']",3,3.306,0.2407,63316.478,51031.083
2023-10-13,H1.Z17,P2,"['2023-10-13 12:00:00+00:00', '2023-10-13 13:00:00+00:00', '2023-10-13 14:00:00+00:00']",3,3.262,0.2207,21401.542,17532.447
2023-10-13,H1.Z16,Q,"['2023-10-13 11:00:00+00:00', '2023-10-13 12:00:00+00:00', '2023-10-13 13:00:00+00:00', '2023-10-13 14:00:00+00:00', '2023-10-13 15:00:00+00:00']",5,3.089,0.9088,14982.299,7848.884
2023-10-14,H2.Z62,P,"['2023-10-14 00:00:00+00:00', '2023-10-14 10:00:00+00:00', '2023-10-14 11:00:00+00:00', '2023-10-14 12:00:00+00:00', '2023-10-14 13:00:00+00:00', '2023-10-14 14:00:00+00:00', '2023-10-14 15:00:00+00:00', '2023-10-14 16:00:00+00:00', '2023-10-14 17:00:00+00:00', '2023-10-14 18:00:00+00:00', '2023-10-14 19:00:00+00:00', '2023-10-14 20:00:00+00:00', '2023-10-14 21:00:00+00:00', '2023-10-14 22:00:00+00:00', '2023-10-14 23:00:00+00:00']",15,4.071,0.2036,-4125.843,-3427.893
2023-10-14,H2.Z62,P2,"['2023-10-14 00:00:00+00:00', '2023-10-14 01:00:00+00:00', '2023-10-14 02:00:00+00:00', '2023-10-14 03:00:00+00:00', '2023-10-14 04:00:00+00:00', '2023-10-14 05:00:00+00:00', '2023-10-14 06:00:00+00:00', '2023-10-14 07:00:00+00:00', '2023-10-14 08:00:00+00:00', '2023-10-14 09:00:00+00:00', '2023-10-14 10:00:00+00:00', '2023-10-14 11:00:00+00:00', '2023-10-14 12:00:00+00:00', '2023-10-14 13:00:00+00:00', '2023-10-14 14:00:00+00:00', '2023-10-14 15:00:00+00:00', '2023-10-14 16:00:00+00:00', '2023-10-14 17:00:00+00:00', '2023-10-14 18:00:00+00:00', '2023-10-14 19:00:00+00:00', '2023-10-14 20:00:00+00:00', '2023-10-14 21:00:00+00:00', '2023-10-14 22:00:00+00:00', '2023-10-14 23:00:00+00:00']",24,4.016,0.1066,5248.814,5875.294
2023-10-15,H3.Z46,Q,"['2023-10-15 00:00:00+00:00', '2023-10-15 01:00:00+00:00', '2023-10-15 02:00:00+00:00', '2023-10-15 03:00:00+00:00', '2023-10-15 04:00:00+00:00', '2023-10-15 05:00:00+00:00', '2023-10-15 06:00:00+00:00', '2023-10-15 07:00:00+00:00', '2023-10-15 17:00:00+00:00', '2023-10-15 18:00:00+00:00', '2023-10-15 19:00:00+00:00', '2023-10-15 20:00:00+00:00', '2023-10-15 21:00:00+00:00', '2023-10-15 22:00:00+00:00', '2023-10-15 23:00:00+00:00']",15,142.673,1.9867,1563.662,-1584.732
2023-10-15,H3.Z46,P,"['2023-10-15 00:00:00+00:00', '2023-10-15 01:00:00+00:00', '2023-10-15 02:00:00+00:00', '2023-10-15 03:00:00+00:00', '2023-10-15 04:00:00+00:00', '2023-10-15 05:00:00+00:00', '2023-10-15 06:00:00+00:00', '2023-10-15 07:00:00+00:00', '2023-10-15 17:00:00+00:00', '2023-10-15 18:00:00+00:00', '2023-10-15 19:00:00+00:00', '2023-10-15 20:00:00+00:00', '2023-10-15 21:00:00+00:00', '2023-10-15 22:00:00+00:00', '2023-10-15 23:00:00+00:00']",15,37.149,0.6652,7532.724,4523.681
2023-10-15,H3.Z46,I3,"['2023-10-15 00:00:00+00:00', '2023-10-15 01:00:00+00:00', '2023-10-15 02:00:00+00:00', '2023-10-15 03:00:00+00:00', '2023-10-15 04:00:00+00:00', '2023-10-15 05:00:00+00:00', '2023-10-15 06:00:00+00:00', '2023-10-15 07:00:00+00:00', '2023-10-15 17:00:00+00:00', '2023-10-15 18:00:00+00:00', '2023-10-15 19:00:00+00:00', '2023-10-15 20:00:00+00:00', '2023-10-15 21:00:00+00:00', '2023-10-15 22:00:00+00:00', '2023-10-15 23:00:00+00:00']",15,33.741,0.9815,10.44,5.269
2023-10-15,H3.Z46,I1,"['2023-10-15 00:00:00+00:00', '2023-10-15 01:00:00+00:00', '2023-10-15 02:00:00+00:00', '2023-10-15 03:00:00+00:00', '2023-10-15 04:00:00+00:00', '2023-10-15 05:00:00+00:00', '2023-10-15 06:00:00+00:00', '2023-10-15 07:00:00+00:00', '2023-10-15 17:00:00+00:00', '2023-10-15 18:00:00+00:00', '2023-10-15 19:00:00+00:00', '2023-10-15 20:00:00+00:00', '2023-10-15 21:00:00+00:00', '2023-10-15 22:00:00+00:00', '2023-10-15 23:00:00+00:00']",15,29.031,0.6167,12.408,7.675
2023-10-15,H3.Z46,P3,"['2023-10-15 00:00:00+00:00', '2023-10-15 01:00:00+00:00', '2023-10-15 02:00:00+00:00', '2023-10-15 03:00:00+00:00', '2023-10-15 04:00:00+00:00', '2023-10-15 05:00:00+00:00', '2023-10-15 06:00:00+00:00', '2023-10-15 07:00:00+00:00', '2023-10-15 17:00:00+00:00', '2023-10-15 18:00:00+00:00', '2023-10-15 19:00:00+00:00', '2023-10-15 20:00:00+00:00', '2023-10-15 21:00:00+00:00', '2023-10-15 22:00:00+00:00', '2023-10-15 23:00:00+00:00']",15,27.995,0.8523,2164.674,1168.619
2023-10-15,H3.Z46,P1,"['2023-10-15 00:00:00+00:00', '2023-10-15 01:00:00+00:00', '2023-10-15 02:00:00+00:00', '2023-10-15 03:00:00+00:00', '2023-10-15 04:00:00+00:00', '2023-10-15 05:00:00+00:00', '2023-10-15 06:00:00+00:00', '2023-10-15 07:00:00+00:00', '2023-10-15 17:00:00+00:00', '2023-10-15 18:00:00+00:00', '2023-10-15 19:00:00+00:00', '2023-10-15 20:00:00+00:00', '2023-10-15 21:00:00+00:00', '2023-10-15 22:00:00+00:00', '2023-10-15 23:00:00+00:00']",15,25.659,0.6107,2701.806,1677.424
2023-10-15,H3.Z46,I2,"['2023-10-15 00:00:00+00:00', '2023-10-15 01:00:00+00:00', '2023-10-15 02:00:00+00:00', '2023-10-15 03:00:00+00:00', '2023-10-15 04:00:00+00:00', '2023-10-15 05:00:00+00:00', '2023-10-15 06:00:00+00:00', '2023-10-15 07:00:00+00:00', '2023-10-15 17:00:00+00:00', '2023-10-15 18:00:00+00:00', '2023-10-15 19:00:00+00:00', '2023-10-15 20:00:00+00:00', '2023-10-15 21:00:00+00:00', '2023-10-15 22:00:00+00:00', '2023-10-15 23:00:00+00:00']",15,23.358,0.5427,12.28,7.96
2023-10-15,H3.Z46,P2,"['2023-10-15 00:00:00+00:00', '2023-10-15 01:00:00+00:00', '2023-10-15 02:00:00+00:00', '2023-10-15 03:00:00+00:00', '2023-10-15 04:00:00+00:00', '2023-10-15 05:00:00+00:00', '2023-10-15 06:00:00+00:00', '2023-10-15 07:00:00+00:00', '2023-10-15 17:00:00+00:00', '2023-10-15 18:00:00+00:00', '2023-10-15 19:00:00+00:00', '2023-10-15 20:00:00+00:00', '2023-10-15 21:00:00+00:00', '2023-10-15 22:00:00+00:00', '2023-10-15 23:00:00+00:00']",15,22.307,0.589,2665.734,1677.667
2023-10-15,H3.Z40,Q,"['2023-10-15 00:00:00+00:00', '2023-10-15 01:00:00+00:00', '2023-10-15 02:00:00+00:00', '2023-10-15 03:00:00+00:00', '2023-10-15 04:00:00+00:00', '2023-10-15 05:00:00+00:00', '2023-10-15 06:00:00+00:00', '2023-10-15 07:00:00+00:00', '2023-10-15 17:00:00+00:00', '2023-10-15 18:00:00+00:00', '2023-10-15 19:00:00+00:00', '2023-10-15 20:00:00+00:00', '2023-10-15 21:00:00+00:00', '2023-10-15 22:00:00+00:00', '2023-10-15 23:00:00+00:00']",15,12.294,1.1538,399.641,-2598.974
2023-10-15,H3.ZE43,I3,"['2023-10-15 01:00:00+00:00', '2023-10-15 02:00:00+00:00', '2023-10-15 03:00:00+00:00', '2023-10-15 04:00:00+00:00', '2023-10-15 05:00:00+00:00', '2023-10-15 06:00:00+00:00', '2023-10-15 18:00:00+00:00', '2023-10-15 19:00:00+00:00', '2023-10-15 20:00:00+00:00', '2023-10-15 21:00:00+00:00', '2023-10-15 22:00:00+00:00', '2023-10-15 23:00:00+00:00']",12,4.124,0.3791,8.283,13.34
2023-10-15,H3.ZE43,P2,"['2023-10-15 01:00:00+00:00', '2023-10-15 02:00:00+00:00', '2023-10-15 03:00:00+00:00', '2023-10-15 04:00:00+00:00', '2023-10-15 05:00:00+00:00', '2023-10-15 06:00:00+00:00', '2023-10-15 18:00:00+00:00', '2023-10-15 19:00:00+00:00', '2023-10-15 20:00:00+00:00', '2023-10-15 21:00:00+00:00', '2023-10-15 22:00:00+00:00', '2023-10-15 23:00:00+00:00']",12,4.117,0.3615,1369.247,2144.34
2023-10-15,H3.ZE43,I2,"['2023-10-15 01:00:00+00:00', '2023-10-15 02:00:00+00:00', '2023-10-15 03:00:00+00:00', '2023-10-15 04:00:00+00:00', '2023-10-15 05:00:00+00:00', '2023-10-15 06:00:00+00:00', '2023-10-15 18:00:00+00:00', '2023-10-15 19:00:00+00:00', '2023-10-15 20:00:00+00:00', '2023-10-15 21:00:00+00:00', '2023-10-15 22:00:00+00:00', '2023-10-15 23:00:00+00:00']",12,4.112,0.3585,8.693,13.552
2023-10-15,H3.ZE43,P3,"['2023-10-15 01:00:00+00:00', '2023-10-15 02:00:00+00:00', '2023-10-15 03:00:00+00:00', '2023-10-15 04:00:00+00:00', '2023-10-15 05:00:00+00:00', '2023-10-15 06:00:00+00:00', '2023-10-15 18:00:00+00:00', '2023-10-15 19:00:00+00:00', '2023-10-15 20:00:00+00:00', '2023-10-15 21:00:00+00:00', '2023-10-15 22:00:00+00:00', '2023-10-15 23:00:00+00:00']",12,4.108,0.378,1306.985,2101.104
2023-10-15,H3.ZE43,P,"['2023-10-15 01:00:00+00:00', '2023-10-15 02:00:00+00:00', '2023-10-15 03:00:00+00:00', '2023-10-15 04:00:00+00:00', '2023-10-15 05:00:00+00:00', '2023-10-15 06:00:00+00:00', '2023-10-15 18:00:00+00:00', '2023-10-15 19:00:00+00:00', '2023-10-15 20:00:00+00:00', '2023-10-15 21:00:00+00:00', '2023-10-15 22:00:00+00:00', '2023-10-15 23:00:00+00:00']",12,4.097,0.3614,4075.58,6382.114
2023-10-15,H3.ZE43,I1,"['2023-10-15 01:00:00+00:00', '2023-10-15 02:00:00+00:00', '2023-10-15 03:00:00+00:00', '2023-10-15 04:00:00+00:00', '2023-10-15 05:00:00+00:00', '2023-10-15 06:00:00+00:00', '2023-10-15 18:00:00+00:00', '2023-10-15 19:00:00+00:00', '2023-10-15 20:00:00+00:00', '2023-10-15 21:00:00+00:00', '2023-10-15 22:00:00+00:00', '2023-10-15 23:00:00+00:00']",12,4.089,0.362,8.512,13.34
2023-10-15,H1.K12,Tdiff,"['2023-10-15 02:00:00+00:00', '2023-10-15 03:00:00+00:00', '2023-10-15 04:00:00+00:00', '2023-10-15 05:00:00+00:00', '2023-10-15 06:00:00+00:00', '2023-10-15 19:00:00+00:00', '2023-10-15 20:00:00+00:00', '2023-10-15 21:00:00+00:00', '2023-10-15 22:00:00+00:00', '2023-10-15 23:00:00+00:00']",10,4.087,6.0675,426.073,-84.08
2023-10-15,H3.Z43,I3,"['2023-10-15 01:00:00+00:00', '2023-10-15 02:00:00+00:00', '2023-10-15 03:00:00+00:00', '2023-10-15 04:00:00+00:00', '2023-10-15 05:00:00+00:00', '2023-10-15 06:00:00+00:00', '2023-10-15 18:00:00+00:00', '2023-10-15 19:00:00+00:00', '2023-10-15 20:00:00+00:00', '2023-10-15 21:00:00+00:00', '2023-10-15 22:00:00+00:00', '2023-10-15 23:00:00+00:00']",12,4.085,0.3776,8.331,13.385
2023-10-15,H3.Z43,I2,"['2023-10-15 01:00:00+00:00', '2023-10-15 02:00:00+00:00', '2023-10-15 03:00:00+00:00', '2023-10-15 04:00:00+00:00', '2023-10-15 05:00:00+00:00', '2023-10-15 06:00:00+00:00', '2023-10-15 18:00:00+00:00', '2023-10-15 19:00:00+00:00', '2023-10-15 20:00:00+00:00', '2023-10-15 21:00:00+00:00', '2023-10-15 22:00:00+00:00', '2023-10-15 23:00:00+00:00']",12,4.07,0.3595,8.707,13.594
2023-10-15,H3.ZE43,P1,"['2023-10-15 01:00:00+00:00', '2023-10-15 02:00:00+00:00', '2023-10-15 03:00:00+00:00', '2023-10-15 04:00:00+00:00', '2023-10-15 05:00:00+00:00', '2023-10-15 06:00:00+00:00', '2023-10-15 18:00:00+00:00', '2023-10-15 19:00:00+00:00', '2023-10-15 20:00:00+00:00', '2023-10-15 21:00:00+00:00', '2023-10-15 22:00:00+00:00', '2023-10-15 23:00:00+00:00']",12,4.069,0.3451,1399.344,2136.672
2023-10-15,H3.Z43,I1,"['2023-10-15 01:00:00+00:00', '2023-10-15 02:00:00+00:00', '2023-10-15 03:00:00+00:00', '2023-10-15 04:00:00+00:00', '2023-10-15 05:00:00+00:00', '2023-10-15 06:00:00+00:00', '2023-10-15 18:00:00+00:00', '2023-10-15 19:00:00+00:00', '2023-10-15 20:00:00+00:00', '2023-10-15 21:00:00+00:00', '2023-10-15 22:00:00+00:00', '2023-10-15 23:00:00+00:00']",12,4.056,0.3583,8.589,13.386
2023-10-15,H3.Z43,P2,"['2023-10-15 01:00:00+00:00', '2023-10-15 02:00:00+00:00', '2023-10-15 03:00:00+00:00', '2023-10-15 04:00:00+00:00', '2023-10-15 05:00:00+00:00', '2023-10-15 06:00:00+00:00', '2023-10-15 18:00:00+00:00', '2023-10-15 19:00:00+00:00', '2023-10-15 20:00:00+00:00', '2023-10-15 21:00:00+00:00', '2023-10-15 22:00:00+00:00', '2023-10-15 23:00:00+00:00']",12,4.031,0.3609,1382.055,2162.345
2023-10-15,H3.Z43,P3,"['2023-10-15 01:00:00+00:00', '2023-10-15 02:00:00+00:00', '2023-10-15 03:00:00+00:00', '2023-10-15 04:00:00+00:00', '2023-10-15 05:00:00+00:00', '2023-10-15 06:00:00+00:00', '2023-10-15 18:00:00+00:00', '2023-10-15 19:00:00+00:00', '2023-10-15 20:00:00+00:00', '2023-10-15 21:00:00+00:00', '2023-10-15 22:00:00+00:00', '2023-10-15 23:00:00+00:00']",12,4.021,0.3776,1315.578,2113.584
2023-10-15,H3.Z43,P,"['2023-10-15 01:00:00+00:00', '2023-10-15 02:00:00+00:00', '2023-10-15 03:00:00+00:00', '2023-10-15 04:00:00+00:00', '2023-10-15 05:00:00+00:00', '2023-10-15 06:00:00+00:00', '2023-10-15 18:00:00+00:00', '2023-10-15 19:00:00+00:00', '2023-10-15 20:00:00+00:00', '2023-10-15 21:00:00+00:00', '2023-10-15 22:00:00+00:00', '2023-10-15 23:00:00+00:00']",12,4.019,0.3607,4112.156,6431.937
2023-10-15,H3.Z43,P1,"['2023-10-15 01:00:00+00:00', '2023-10-15 02:00:00+00:00', '2023-10-15 03:00:00+00:00', '2023-10-15 04:00:00+00:00', '2023-10-15 05:00:00+00:00', '2023-10-15 06:00:00+00:00', '2023-10-15 18:00:00+00:00', '2023-10-15 19:00:00+00:00', '2023-10-15 20:00:00+00:00', '2023-10-15 21:00:00+00:00', '2023-10-15 22:00:00+00:00', '2023-10-15 23:00:00+00:00']",12,3.985,0.3444,1414.411,2157.585
2023-10-15,H3.Z43,Q,"['2023-10-15 01:00:00+00:00', '2023-10-15 02:00:00+00:00', '2023-10-15 03:00:00+00:00', '2023-10-15 04:00:00+00:00', '2023-10-15 05:00:00+00:00', '2023-10-15 06:00:00+00:00', '2023-10-15 18:00:00+00:00', '2023-10-15 19:00:00+00:00', '2023-10-15 20:00:00+00:00', '2023-10-15 21:00:00+00:00', '2023-10-15 22:00:00+00:00', '2023-10-15 23:00:00+00:00']",12,3.972,0.3628,4250.026,6669.992
2023-10-15,H3.Z40,P3,"['2023-10-15 01:00:00+00:00', '2023-10-15 02:00:00+00:00', '2023-10-15 03:00:00+00:00', '2023-10-15 04:00:00+00:00', '2023-10-15 05:00:00+00:00', '2023-10-15 06:00:00+00:00', '2023-10-15 22:00:00+00:00']",7,3.842,0.3303,2662.963,2001.714
2023-10-15,H3.ZE40,I3,"['2023-10-15 01:00:00+00:00', '2023-10-15 02:00:00+00:00', '2023-10-15 03:00:00+00:00', '2023-10-15 04:00:00+00:00', '2023-10-15 05:00:00+00:00', '2023-10-15 06:00:00+00:00', '2023-10-15 18:00:00+00:00', '2023-10-15 19:00:00+00:00', '2023-10-15 20:00:00+00:00', '2023-10-15 21:00:00+00:00', '2023-10-15 22:00:00+00:00', '2023-10-15 23:00:00+00:00']",12,3.793,0.332,12.544,9.417
2023-10-15,H3.Z40,I3,"['2023-10-15 01:00:00+00:00', '2023-10-15 02:00:00+00:00', '2023-10-15 03:00:00+00:00', '2023-10-15 04:00:00+00:00', '2023-10-15 05:00:00+00:00', '2023-10-15 06:00:00+00:00', '2023-10-15 18:00:00+00:00', '2023-10-15 19:00:00+00:00', '2023-10-15 20:00:00+00:00', '2023-10-15 21:00:00+00:00', '2023-10-15 22:00:00+00:00', '2023-10-15 23:00:00+00:00']",12,3.776,0.3306,12.323,9.261
2023-10-15,H3.Z40,P2,"['2023-10-15 01:00:00+00:00', '2023-10-15 02:00:00+00:00', '2023-10-15 03:00:00+00:00', '2023-10-15 04:00:00+00:00', '2023-10-15 05:00:00+00:00', '2023-10-15 06:00:00+00:00', '2023-10-15 18:00:00+00:00', '2023-10-15 19:00:00+00:00', '2023-10-15 20:00:00+00:00', '2023-10-15 21:00:00+00:00', '2023-10-15 22:00:00+00:00', '2023-10-15 23:00:00+00:00']",12,3.739,0.2964,3582.717,2763.557
2023-10-15,H3.ZE40,P3,"['2023-10-15 01:00:00+00:00', '2023-10-15 02:00:00+00:00', '2023-10-15 04:00:00+00:00', '2023-10-15 05:00:00+00:00', '2023-10-15 06:00:00+00:00']",5,3.735,0.3155,2699.835,2052.329
2023-10-15,H1.K12,Trl,"['2023-10-15 20:00:00+00:00', '2023-10-15 21:00:00+00:00', '2023-10-15 22:00:00+00:00', '2023-10-15 23:00:00+00:00']",4,3.724,0.187,15.838,19.482
2023-10-15,H3.Z40,P,"['2023-10-15 01:00:00+00:00', '2023-10-15 02:00:00+00:00', '2023-10-15 03:00:00+00:00', '2023-10-15 04:00:00+00:00', '2023-10-15 05:00:00+00:00', '2023-10-15 06:00:00+00:00', '2023-10-15 18:00:00+00:00', '2023-10-15 19:00:00+00:00', '2023-10-15 20:00:00+00:00', '2023-10-15 21:00:00+00:00', '2023-10-15 22:00:00+00:00', '2023-10-15 23:00:00+00:00']",12,3.658,0.2956,9299.933,7178.347
2023-10-15,H3.ZE40,P2,"['2023-10-15 01:00:00+00:00', '2023-10-15 02:00:00+00:00', '2023-10-15 03:00:00+00:00', '2023-10-15 04:00:00+00:00', '2023-10-15 05:00:00+00:00', '2023-10-15 06:00:00+00:00', '2023-10-15 18:00:00+00:00', '2023-10-15 19:00:00+00:00', '2023-10-15 20:00:00+00:00', '2023-10-15 21:00:00+00:00', '2023-10-15 22:00:00+00:00', '2023-10-15 23:00:00+00:00']",12,3.611,0.286,3658.683,2844.951
2023-10-15,H3.ZE40,P,"['2023-10-15 01:00:00+00:00', '2023-10-15 02:00:00+00:00', '2023-10-15 03:00:00+00:00', '2023-10-15 04:00:00+00:00', '2023-10-15 05:00:00+00:00', '2023-10-15 06:00:00+00:00', '2023-10-15 18:00:00+00:00', '2023-10-15 19:00:00+00:00', '2023-10-15 20:00:00+00:00', '2023-10-15 21:00:00+00:00', '2023-10-15 22:00:00+00:00', '2023-10-15 23:00:00+00:00']",12,3.556,0.2838,9469.011,7376.047
2023-10-15,H2.K21,Trl,"['2023-10-15 10:00:00+00:00', '2023-10-15 11:00:00+00:00', '2023-10-15 12:00:00+00:00', '2023-10-15 13:00:00+00:00', '2023-10-15 14:00:00+00:00', '2023-10-15 17:00:00+00:00', '2023-10-15 18:00:00+00:00', '2023-10-15 19:00:00+00:00', '2023-10-15 20:00:00+00:00', '2023-10-15 23:00:00+00:00']",10,3.469,0.6591,18.002,10.851
2023-10-15,H2.K21,Tvl,"['2023-10-15 12:00:00+00:00', '2023-10-15 13:00:00+00:00', '2023-10-15 14:00:00+00:00', '2023-10-15 17:00:00+00:00', '2023-10-15 18:00:00+00:00', '2023-10-15 19:00:00+00:00', '2023-10-15 20:00:00+00:00', '2023-10-15 23:00:00+00:00']",8,3.373,0.6555,17.681,10.681
2023-10-15,H1.K12,Tvl,"['2023-10-15 22:00:00+00:00', '2023-10-15 23:00:00+00:00']",2,3.36,0.1586,16.319,19.395
2023-10-15,H3.Z40,I2,"['2023-10-15 02:00:00+00:00', '2023-10-15 19:00:00+00:00']",2,3.105,0.2252,16.124,13.16
2023-10-15,H3.ZE40,I2,"['2023-10-15 02:00:00+00:00', '2023-10-15 19:00:00+00:00']",2,3.067,0.2239,16.444,13.436
2023-12-06,H1.K16,P,"['2023-12-06 11:00:00+00:00', '2023-12-06 12:00:00+00:00', '2023-12-06 13:00:00+00:00']",3,355.823,4.2428,18816.892,3589.089
2023-12-06,V.K21,P,"['2023-12-06 11:00:00+00:00', '2023-12-06 12:00:00+00:00', '2023-12-06 13:00:00+00:00']",3,172.173,6.6539,71074.34,9286.004
2023-12-06,H1.K11,P,"['2023-12-06 11:00:00+00:00', '2023-12-06 12:00:00+00:00', '2023-12-06 13:00:00+00:00']",3,134.488,3.7018,15686.354,3336.269
2023-12-06,H1.K14,P,"['2023-12-06 11:00:00+00:00', '2023-12-06 12:00:00+00:00']",2,82.266,17.8178,20052.986,1065.639
2023-12-06,H1.Z12,P1,"['2023-12-06 11:00:00+00:00', '2023-12-06 12:00:00+00:00']",2,20.961,0.5843,498.442,314.604
2023-12-06,H1.Z12,P,"['2023-12-06 11:00:00+00:00', '2023-12-06 12:00:00+00:00']",2,20.928,0.6358,1408.374,860.974
2023-12-06,H1.Z12,P3,"['2023-12-06 11:00:00+00:00', '2023-12-06 12:00:00+00:00']",2,20.835,0.7288,409.414,236.817
2023-12-06,H1.Z12,P2,"['2023-12-06 11:00:00+00:00', '2023-12-06 12:00:00+00:00']",2,20.794,0.5926,500.5,314.267
2023-12-06,H1.Z11,P,"['2023-12-06 11:00:00+00:00', '2023-12-06 12:00:00+00:00']",2,20.79,0.6153,1408.048,871.699
2023-12-06,H1.Z11,P1,"['2023-12-06 11:00:00+00:00', '2023-12-06 12:00:00+00:00']",2,20.762,0.5599,504.627,323.491
2023-12-06,H1.Z11,P2,"['2023-12-06 11:00:00+00:00', '2023-12-06 12:00:00+00:00']",2,20.746,0.5846,500.386,315.776
2023-12-06,H1.K11,Trl,"['2023-12-06 11:00:00+00:00', '2023-12-06 12:00:00+00:00', '2023-12-06 13:00:00+00:00', '2023-12-06 14:00:00+00:00', '2023-12-06 15:00:00+00:00', '2023-12-06 16:00:00+00:00', '2023-12-06 17:00:00+00:00']",7,20.69,0.2708,5.567,7.634
2023-12-06,H1.Z11,P3,"['2023-12-06 11:00:00+00:00', '2023-12-06 12:00:00+00:00']",2,20.136,0.7689,407.818,230.546
2023-12-06,V.K21,Trl,"['2023-12-06 11:00:00+00:00', '2023-12-06 12:00:00+00:00', '2023-12-06 13:00:00+00:00', '2023-12-06 14:00:00+00:00', '2023-12-06 15:00:00+00:00', '2023-12-06 16:00:00+00:00', '2023-12-06 17:00:00+00:00']",7,20.07,0.2665,5.555,7.573
2023-12-06,H1.K16,Trl,"['2023-12-06 12:00:00+00:00', '2023-12-06 13:00:00+00:00', '2023-12-06 14:00:00+00:00', '2023-12-06 15:00:00+00:00', '2023-12-06 16:00:00+00:00', '2023-12-06 17:00:00+00:00']",6,19.99,0.1567,11.444,13.57
2023-12-06,H1.K15,Tvl,"['2023-12-06 11:00:00+00:00', '2023-12-06 12:00:00+00:00', '2023-12-06 13:00:00+00:00', '2023-12-06 14:00:00+00:00', '2023-12-06 15:00:00+00:00', '2023-12-06 16:00:00+00:00', '2023-12-06 17:00:00+00:00', '2023-12-06 18:00:00+00:00']",8,19.575,0.1412,9.317,10.848
2023-12-06,H1.K16,Tvl,"['2023-12-06 11:00:00+00:00', '2023-12-06 12:00:00+00:00', '2023-12-06 13:00:00+00:00', '2023-12-06 14:00:00+00:00', '2023-12-06 15:00:00+00:00', '2023-12-06 16:00:00+00:00', '2023-12-06 17:00:00+00:00']",7,18.863,0.2792,5.383,7.468
2023-12-06,H1.K14,Tvl,"['2023-12-06 11:00:00+00:00', '2023-12-06 12:00:00+00:00', '2023-12-06 13:00:00+00:00', '2023-12-06 14:00:00+00:00', '2023-12-06 15:00:00+00:00', '2023-12-06 16:00:00+00:00', '2023-12-06 17:00:00+00:00']",7,18.525,0.2695,5.685,7.783
2023-12-06,H1.K14,Trl,"['2023-12-06 12:00:00+00:00', '2023-12-06 13:00:00+00:00', '2023-12-06 14:00:00+00:00', '2023-12-06 15:00:00+00:00', '2023-12-06 16:00:00+00:00', '2023-12-06 17:00:00+00:00']",6,18.321,0.2605,5.751,7.777
2023-12-06,H1.Z12,I1,"['2023-12-06 11:00:00+00:00', '2023-12-06 12:00:00+00:00']",2,18.258,0.4501,3.064,2.113
2023-12-06,H1.Z11,I3,"['2023-12-06 11:00:00+00:00', '2023-12-06 12:00:00+00:00']",2,18.144,0.5381,2.607,1.695
2023-12-06,H1.Z12,I3,"['2023-12-06 11:00:00+00:00', '2023-12-06 12:00:00+00:00']",2,18.078,0.4348,2.659,1.853
2023-12-06,H1.Z12,I2,"['2023-12-06 11:00:00+00:00', '2023-12-06 12:00:00+00:00']",2,17.852,0.3974,3.086,2.208
2023-12-06,H1.K11,Tvl,"['2023-12-06 11:00:00+00:00', '2023-12-06 12:00:00+00:00', '2023-12-06 13:00:00+00:00', '2023-12-06 14:00:00+00:00', '2023-12-06 15:00:00+00:00', '2023-12-06 16:00:00+00:00', '2023-12-06 17:00:00+00:00']",7,17.578,0.2872,5.255,7.372
2023-12-06,H1.Z11,I1,"['2023-12-06 11:00:00+00:00', '2023-12-06 12:00:00+00:00']",2,17.574,0.3725,3.062,2.231
2023-12-06,V.K21,Tvl,"['2023-12-06 11:00:00+00:00', '2023-12-06 12:00:00+00:00', '2023-12-06 13:00:00+00:00', '2023-12-06 14:00:00+00:00', '2023-12-06 15:00:00+00:00', '2023-12-06 16:00:00+00:00', '2023-12-06 17:00:00+00:00']",7,17.353,0.2883,5.236,7.358
2023-12-06,H1.Z11,I2,"['2023-12-06 11:00:00+00:00', '2023-12-06 12:00:00+00:00']",2,17.294,0.3586,3.104,2.284
2023-12-06,H1.Z12,Q,"['2023-12-06 11:00:00+00:00', '2023-12-06 12:00:00+00:00']",2,16.803,0.3451,1238.431,920.677
2023-12-06,H1.Z11,Q,"['2023-12-06 11:00:00+00:00', '2023-12-06 12:00:00+00:00']",2,16.755,0.3315,1238.326,930.023
2023-12-06,H1.K15,Tdiff,"['2023-12-06 11:00:00+00:00', '2023-12-06 12:00:00+00:00', '2023-12-06 13:00:00+00:00', '2023-12-06 14:00:00+00:00', '2023-12-06 15:00:00+00:00', '2023-12-06 16:00:00+00:00', '2023-12-06 17:00:00+00:00']",7,10.816,0.2644,-10735.382,-8490.613
2023-12-06,H2.K21,Tdiff,"['2023-12-06 11:00:00+00:00', '2023-12-06 12:00:00+00:00', '2023-12-06 13:00:00+00:00', '2023-12-06 14:00:00+00:00', '2023-12-06 15:00:00+00:00', '2023-12-06 16:00:00+00:00', '2023-12-06 17:00:00+00:00', '2023-12-06 18:00:00+00:00', '2023-12-06 19:00:00+00:00', '2023-12-06 20:00:00+00:00', '2023-12-06 21:00:00+00:00']",11,4.604,1.4946,-847.316,-339.658
2023-12-06,H1.Z10,P1,"['2023-12-06 10:00:00+00:00', '2023-12-06 15:00:00+00:00']",2,4.283,0.289,1885.952,1463.11
2023-12-06,H1.Z10,I1,"['2023-12-06 10:00:00+00:00', '2023-12-06 15:00:00+00:00']",2,4.171,0.3137,8.897,6.773
2023-12-06,H1.Z10,Q,"['2023-12-06 10:00:00+00:00', '2023-12-06 15:00:00+00:00']",2,4.098,0.2143,-740.69,-942.666
2023-12-06,H1.Z10,P2,"['2023-12-06 10:00:00+00:00', '2023-12-06 15:00:00+00:00']",2,4.007,0.1219,1813.853,1616.774
2023-12-06,H1.Z10,P,"['2023-12-06 10:00:00+00:00', '2023-12-06 15:00:00+00:00']",2,3.926,0.1855,5420.304,4572.317
2023-12-06,H1.Z10,I2,"['2023-12-06 10:00:00+00:00', '2023-12-06 15:00:00+00:00']",2,3.905,0.1259,8.724,7.748
2023-12-06,H4.ZE51,I1,"['2023-12-06 14:00:00+00:00', '2023-12-06 15:00:00+00:00']",2,3.826,0.1084,11.955,10.786
2023-12-06,H4.ZE51,P1,"['2023-12-06 14:00:00+00:00', '2023-12-06 15:00:00+00:00']",2,3.782,0.1257,2340.942,2079.603
2023-12-06,H4.ZE50,I1,"['2023-12-06 09:00:00+00:00', '2023-12-06 10:00:00+00:00']",2,3.736,0.2215,7.395,6.054
2023-12-06,H4.ZE50,P2,"['2023-12-06 09:00:00+00:00', '2023-12-06 10:00:00+00:00']",2,3.717,0.3118,1191.007,907.89
2023-12-06,H4.ZE50,P1,"['2023-12-06 09:00:00+00:00', '2023-12-06 10:00:00+00:00']",2,3.676,0.2289,1569.988,1277.504
2023-12-06,H4.ZE50,P,"['2023-12-06 09:00:00+00:00', '2023-12-06 10:00:00+00:00']",2,3.662,0.2621,4125.618,3268.787
2023-12-06,H4.ZE50,I2,"['2023-12-06 09:00:00+00:00', '2023-12-06 10:00:00+00:00']",2,3.652,0.3933,6.766,4.856
2023-12-06,H4.ZE50,I3,"['2023-12-06 09:00:00+00:00', '2023-12-06 10:00:00+00:00']",2,3.622,0.2457,6.356,5.103
2023-12-06,H4.ZE50,P3,"['2023-12-06 09:00:00+00:00', '2023-12-06 10:00:00+00:00']",2,3.613,0.2596,1364.623,1083.392
2023-12-06,H1.Z10,I3,"['2023-12-06 10:00:00+00:00', '2023-12-06 15:00:00+00:00']",2,3.59,0.1664,8.129,6.97
2023-12-06,H1.Z10,P3,"['2023-12-06 10:00:00+00:00', '2023-12-06 15:00:00+00:00']",2,3.433,0.1487,1717.959,1495.596
2023-12-06,H2.K21,Tvl,"['2023-12-06 12:00:00+00:00', '2023-12-06 13:00:00+00:00', '2023-12-06 14:00:00+00:00']",3,3.383,0.1356,14.526,16.805
2023-12-06,H3.Z40,I2,"['2023-12-06 14:00:00+00:00', '2023-12-06 15:00:00+00:00', '2023-12-06 16:00:00+00:00']",3,3.25,0.2819,21.072,16.438
2023-12-06,H3.ZE40,I2,"['2023-12-06 15:00:00+00:00', '2023-12-06 16:00:00+00:00']",2,3.237,0.2819,21.505,16.775
2023-12-06,H3.ZE40,P2,"['2023-12-06 15:00:00+00:00', '2023-12-06 16:00:00+00:00']",2,3.183,0.2972,4784.485,3688.399
2023-12-06,H3.Z40,P2,"['2023-12-06 15:00:00+00:00', '2023-12-06 16:00:00+00:00']",2,3.17,0.2997,4698.093,3614.804
2023-12-07,H2.ZE74,P2,"['2023-12-07 13:00:00+00:00', '2023-12-07 14:00:00+00:00']",2,37.34,0.2712,77.194,60.725
2023-12-07,H2.ZE74,P,"['2023-12-07 13:00:00+00:00', '2023-12-07 14:00:00+00:00']",2,24.874,0.1071,199.661,180.354
2023-12-07,H3.Z312,I2,"['2023-12-07 08:00:00+00:00', '2023-12-07 09:00:00+00:00', '2023-12-07 10:00:00+00:00', '2023-12-07 11:00:00+00:00', '2023-12-07 12:00:00+00:00', '2023-12-07 13:00:00+00:00']",6,20.765,4.1382,8.042,1.565
2023-12-07,H3.Z312,I3,"['2023-12-07 08:00:00+00:00', '2023-12-07 09:00:00+00:00', '2023-12-07 10:00:00+00:00', '2023-12-07 11:00:00+00:00', '2023-12-07 12:00:00+00:00', '2023-12-07 13:00:00+00:00']",6,20.655,4.092,8.061,1.583
2023-12-07,H3.Z312,I1,"['2023-12-07 08:00:00+00:00', '2023-12-07 09:00:00+00:00', '2023-12-07 10:00:00+00:00', '2023-12-07 11:00:00+00:00', '2023-12-07 12:00:00+00:00', '2023-12-07 13:00:00+00:00']",6,20.452,4.0231,8.083,1.609
2023-12-07,H3.Z312,P2,"['2023-12-07 08:00:00+00:00', '2023-12-07 09:00:00+00:00', '2023-12-07 10:00:00+00:00', '2023-12-07 11:00:00+00:00', '2023-12-07 12:00:00+00:00', '2023-12-07 13:00:00+00:00']",6,20.444,5.963,-1749.409,-251.243
2023-12-07,H3.Z312,P3,"['2023-12-07 08:00:00+00:00', '2023-12-07 09:00:00+00:00', '2023-12-07 10:00:00+00:00', '2023-12-07 11:00:00+00:00', '2023-12-07 12:00:00+00:00', '2023-12-07 13:00:00+00:00']",6,20.377,5.9253,-1756.016,-253.565
2023-12-07,H3.Z312,P,"['2023-12-07 08:00:00+00:00', '2023-12-07 09:00:00+00:00', '2023-12-07 10:00:00+00:00', '2023-12-07 11:00:00+00:00', '2023-12-07 12:00:00+00:00', '2023-12-07 13:00:00+00:00']",6,20.364,5.9111,-5267.384,-762.159
2023-12-07,H3.Z312,P1,"['2023-12-07 08:00:00+00:00', '2023-12-07 09:00:00+00:00', '2023-12-07 10:00:00+00:00', '2023-12-07 11:00:00+00:00', '2023-12-07 12:00:00+00:00', '2023-12-07 13:00:00+00:00']",6,20.271,5.8463,-1761.974,-257.361
2023-12-07,H2.Z311,I2,"['2023-12-07 08:00:00+00:00', '2023-12-07 09:00:00+00:00', '2023-12-07 10:00:00+00:00', '2023-12-07 11:00:00+00:00', '2023-12-07 12:00:00+00:00', '2023-12-07 13:00:00+00:00']",6,18.851,3.597,12.325,2.681
2023-12-07,H2.Z311,I3,"['2023-12-07 08:00:00+00:00', '2023-12-07 09:00:00+00:00', '2023-12-07 10:00:00+00:00', '2023-12-07 11:00:00+00:00', '2023-12-07 12:00:00+00:00', '2023-12-07 13:00:00+00:00']",6,18.757,3.5725,12.354,2.702
2023-12-07,H2.Z311,I1,"['2023-12-07 08:00:00+00:00', '2023-12-07 09:00:00+00:00', '2023-12-07 10:00:00+00:00', '2023-12-07 11:00:00+00:00', '2023-12-07 12:00:00+00:00', '2023-12-07 13:00:00+00:00']",6,18.654,3.5525,12.367,2.717
2023-12-07,H2.Z311,P2,"['2023-12-07 08:00:00+00:00', '2023-12-07 09:00:00+00:00', '2023-12-07 10:00:00+00:00', '2023-12-07 11:00:00+00:00', '2023-12-07 12:00:00+00:00', '2023-12-07 13:00:00+00:00']",6,18.504,5.0482,-2675.378,-442.341
2023-12-07,H2.Z311,P3,"['2023-12-07 08:00:00+00:00', '2023-12-07 09:00:00+00:00', '2023-12-07 10:00:00+00:00', '2023-12-07 11:00:00+00:00', '2023-12-07 12:00:00+00:00', '2023-12-07 13:00:00+00:00']",6,18.447,5.0204,-2686.107,-446.169
2023-12-07,H2.Z311,P,"['2023-12-07 08:00:00+00:00', '2023-12-07 09:00:00+00:00', '2023-12-07 10:00:00+00:00', '2023-12-07 11:00:00+00:00', '2023-12-07 12:00:00+00:00', '2023-12-07 13:00:00+00:00']",6,18.437,5.0142,-8051.681,-1338.786
2023-12-07,H2.Z311,P1,"['2023-12-07 08:00:00+00:00', '2023-12-07 09:00:00+00:00', '2023-12-07 10:00:00+00:00', '2023-12-07 11:00:00+00:00', '2023-12-07 12:00:00+00:00', '2023-12-07 13:00:00+00:00']",6,18.361,4.9745,-2690.147,-450.27
2023-12-07,H1.Z310,P2,"['2023-12-07 08:00:00+00:00', '2023-12-07 09:00:00+00:00', '2023-12-07 10:00:00+00:00', '2023-12-07 11:00:00+00:00', '2023-12-07 12:00:00+00:00', '2023-12-07 13:00:00+00:00']",6,18.139,4.8838,-871.208,-148.069
2023-12-07,H1.Z310,P,"['2023-12-07 08:00:00+00:00', '2023-12-07 09:00:00+00:00', '2023-12-07 10:00:00+00:00', '2023-12-07 11:00:00+00:00', '2023-12-07 12:00:00+00:00', '2023-12-07 13:00:00+00:00']",6,17.966,4.8295,-2628.315,-450.864
2023-12-07,H1.Z310,P3,"['2023-12-07 08:00:00+00:00', '2023-12-07 09:00:00+00:00', '2023-12-07 10:00:00+00:00', '2023-12-07 11:00:00+00:00', '2023-12-07 12:00:00+00:00', '2023-12-07 13:00:00+00:00']",6,17.949,4.8327,-877.984,-150.527
2023-12-07,H1.Z310,P1,"['2023-12-07 08:00:00+00:00', '2023-12-07 09:00:00+00:00', '2023-12-07 10:00:00+00:00', '2023-12-07 11:00:00+00:00', '2023-12-07 12:00:00+00:00', '2023-12-07 13:00:00+00:00']",6,17.812,4.7738,-879.177,-152.269
2023-12-07,V.Z84,I1,"['2023-12-07 10:00:00+00:00', '2023-12-07 11:00:00+00:00', '2023-12-07 12:00:00+00:00']",3,6.704,0.9545,-5.934,-3.036
2023-12-07,V.ZE84,I1,"['2023-12-07 10:00:00+00:00', '2023-12-07 11:00:00+00:00', '2023-12-07 12:00:00+00:00']",3,6.68,0.9431,-5.919,-3.046
2023-12-07,V.Z84,I3,"['2023-12-07 10:00:00+00:00', '2023-12-07 11:00:00+00:00', '2023-12-07 12:00:00+00:00']",3,6.662,0.9434,-5.998,-3.086
2023-12-07,V.Z84,P1,"['2023-12-07 10:00:00+00:00', '2023-12-07 11:00:00+00:00', '2023-12-07 12:00:00+00:00']",3,6.638,1.214,-1188.235,-536.684
2023-12-07,V.Z84,P3,"['2023-12-07 10:00:00+00:00', '2023-12-07 11:00:00+00:00', '2023-12-07 12:00:00+00:00']",3,6.627,1.1994,-1202.018,-546.512
2023-12-07,V.ZE84,P1,"['2023-12-07 10:00:00+00:00', '2023-12-07 11:00:00+00:00', '2023-12-07 12:00:00+00:00']",3,6.617,1.2013,-1197.27,-543.885
2023-12-07,V.Z84,P,"['2023-12-07 10:00:00+00:00', '2023-12-07 11:00:00+00:00', '2023-12-07 12:00:00+00:00']",3,6.604,1.1922,-3758.221,-1714.336
2023-12-07,V.Z84,I2,"['2023-12-07 10:00:00+00:00', '2023-12-07 11:00:00+00:00', '2023-12-07 12:00:00+00:00']",3,6.581,0.9311,-6.829,-3.536
2023-12-07,V.ZE84,P,"['2023-12-07 10:00:00+00:00', '2023-12-07 11:00:00+00:00', '2023-12-07 12:00:00+00:00']",3,6.566,1.1784,-2571.287,-1180.352
2023-12-07,V.ZE84,I2,"['2023-12-07 10:00:00+00:00', '2023-12-07 11:00:00+00:00', '2023-12-07 12:00:00+00:00']",3,6.563,0.9126,-6.826,-3.569
2023-12-07,V.Z84,P2,"['2023-12-07 10:00:00+00:00', '2023-12-07 11:00:00+00:00', '2023-12-07 12:00:00+00:00']",3,6.553,1.1674,-1368.102,-631.206
2023-12-07,V.ZE84,P2,"['2023-12-07 10:00:00+00:00', '2023-12-07 11:00:00+00:00', '2023-12-07 12:00:00+00:00']",3,6.522,1.1589,-1374.022,-636.446
2023-12-07,H1.Z10,P2,"['2023-12-07 07:00:00+00:00', '2023-12-07 10:00:00+00:00', '2023-12-07 14:00:00+00:00']",3,5.336,0.1297,1866.555,1652.278
2023-12-07,H1.Z10,I2,"['2023-12-07 07:00:00+00:00', '2023-12-07 10:00:00+00:00', '2023-12-07 14:00:00+00:00']",3,5.236,0.1486,9.128,7.947
2023-12-07,H1.Z10,P,"['2023-12-07 07:00:00+00:00', '2023-12-07 10:00:00+00:00', '2023-12-07 14:00:00+00:00']",3,4.575,0.2283,5828.69,4745.357
2023-12-07,H1.Z10,Q,"['2023-12-07 10:00:00+00:00', '2023-12-07 14:00:00+00:00']",2,4.483,0.2453,-681.251,-902.738
2023-12-07,H1.Z10,I3,"['2023-12-07 07:00:00+00:00', '2023-12-07 10:00:00+00:00', '2023-12-07 14:00:00+00:00']",3,4.392,0.2242,8.84,7.221
2023-12-07,H1.Z10,P3,"['2023-12-07 07:00:00+00:00', '2023-12-07 10:00:00+00:00', '2023-12-07 14:00:00+00:00']",3,4.342,0.2081,1864.651,1543.465
2023-12-07,H2.Z67,I1,"['2023-12-07 13:00:00+00:00', '2023-12-07 14:00:00+00:00', '2023-12-07 15:00:00+00:00', '2023-12-07 16:00:00+00:00', '2023-12-07 17:00:00+00:00', '2023-12-07 18:00:00+00:00', '2023-12-07 19:00:00+00:00', '2023-12-07 20:00:00+00:00', '2023-12-07 21:00:00+00:00', '2023-12-07 22:00:00+00:00', '2023-12-07 23:00:00+00:00']",11,4.26,5.3363,7.079,1.117
2023-12-07,H1.Z10,I1,"['2023-12-07 07:00:00+00:00', '2023-12-07 08:00:00+00:00', '2023-12-07 10:00:00+00:00', '2023-12-07 14:00:00+00:00']",4,4.214,0.3706,9.895,7.219
2023-12-07,H2.Z67,P1,"['2023-12-07 13:00:00+00:00', '2023-12-07 14:00:00+00:00', '2023-12-07 15:00:00+00:00', '2023-12-07 16:00:00+00:00', '2023-12-07 17:00:00+00:00', '2023-12-07 18:00:00+00:00', '2023-12-07 19:00:00+00:00', '2023-12-07 20:00:00+00:00', '2023-12-07 21:00:00+00:00', '2023-12-07 22:00:00+00:00', '2023-12-07 23:00:00+00:00']",11,4.176,5.32,1102.076,174.381
2023-12-07,H2.Z67,Q,"['2023-12-07 13:00:00+00:00', '2023-12-07 14:00:00+00:00', '2023-12-07 15:00:00+00:00', '2023-12-07 16:00:00+00:00', '2023-12-07 17:00:00+00:00', '2023-12-07 18:00:00+00:00', '2023-12-07 19:00:00+00:00', '2023-12-07 20:00:00+00:00', '2023-12-07 21:00:00+00:00', '2023-12-07 22:00:00+00:00', '2023-12-07 23:00:00+00:00']",11,4.15,5.6578,2556.48,383.981
2023-12-07,H2.Z67,P2,"['2023-12-07 13:00:00+00:00', '2023-12-07 14:00:00+00:00', '2023-12-07 15:00:00+00:00', '2023-12-07 16:00:00+00:00', '2023-12-07 17:00:00+00:00', '2023-12-07 18:00:00+00:00', '2023-12-07 19:00:00+00:00', '2023-12-07 20:00:00+00:00', '2023-12-07 21:00:00+00:00', '2023-12-07 22:00:00+00:00', '2023-12-07 23:00:00+00:00']",11,4.112,5.7691,1110.878,164.11
2023-12-07,H2.Z67,P,"['2023-12-07 13:00:00+00:00', '2023-12-07 14:00:00+00:00', '2023-12-07 15:00:00+00:00', '2023-12-07 16:00:00+00:00', '2023-12-07 17:00:00+00:00', '2023-12-07 18:00:00+00:00', '2023-12-07 19:00:00+00:00', '2023-12-07 20:00:00+00:00', '2023-12-07 21:00:00+00:00', '2023-12-07 22:00:00+00:00', '2023-12-07 23:00:00+00:00']",11,4.104,5.6008,3343.86,506.585
2023-12-07,H1.Z10,P1,"['2023-12-07 07:00:00+00:00', '2023-12-07 08:00:00+00:00', '2023-12-07 10:00:00+00:00', '2023-12-07 14:00:00+00:00']",4,4.101,0.3505,2096.068,1552.039
2023-12-07,H2.Z67,I3,"['2023-12-07 13:00:00+00:00', '2023-12-07 14:00:00+00:00', '2023-12-07 15:00:00+00:00', '2023-12-07 16:00:00+00:00', '2023-12-07 17:00:00+00:00', '2023-12-07 18:00:00+00:00', '2023-12-07 19:00:00+00:00', '2023-12-07 20:00:00+00:00', '2023-12-07 21:00:00+00:00', '2023-12-07 22:00:00+00:00', '2023-12-07 23:00:00+00:00']",11,4.101,5.6594,7.344,1.103
2023-12-07,H2.Z67,I2,"['2023-12-07 13:00:00+00:00', '2023-12-07 14:00:00+00:00', '2023-12-07 15:00:00+00:00', '2023-12-07 16:00:00+00:00', '2023-12-07 17:00:00+00:00', '2023-12-07 18:00:00+00:00', '2023-12-07 19:00:00+00:00', '2023-12-07 20:00:00+00:00', '2023-12-07 21:00:00+00:00', '2023-12-07 22:00:00+00:00', '2023-12-07 23:00:00+00:00']",11,4.021,5.2516,7.035,1.125
2023-12-07,H2.ZE67,P3,"['2023-12-07 13:00:00+00:00', '2023-12-07 14:00:00+00:00', '2023-12-07 15:00:00+00:00', '2023-12-07 16:00:00+00:00', '2023-12-07 17:00:00+00:00', '2023-12-07 18:00:00+00:00', '2023-12-07 19:00:00+00:00', '2023-12-07 20:00:00+00:00', '2023-12-07 21:00:00+00:00', '2023-12-07 22:00:00+00:00', '2023-12-07 23:00:00+00:00']",11,3.967,5.6312,1152.58,173.813
2023-12-07,H2.ZE67,P2,"['2023-12-07 13:00:00+00:00', '2023-12-07 14:00:00+00:00', '2023-12-07 15:00:00+00:00', '2023-12-07 16:00:00+00:00', '2023-12-07 17:00:00+00:00', '2023-12-07 18:00:00+00:00', '2023-12-07 19:00:00+00:00', '2023-12-07 20:00:00+00:00', '2023-12-07 21:00:00+00:00', '2023-12-07 22:00:00+00:00', '2023-12-07 23:00:00+00:00']",11,3.951,5.7204,1081.139,160.874
2023-12-07,H2.ZE67,P,"['2023-12-07 13:00:00+00:00', '2023-12-07 14:00:00+00:00', '2023-12-07 15:00:00+00:00', '2023-12-07 16:00:00+00:00', '2023-12-07 17:00:00+00:00', '2023-12-07 18:00:00+00:00', '2023-12-07 19:00:00+00:00', '2023-12-07 20:00:00+00:00', '2023-12-07 21:00:00+00:00', '2023-12-07 22:00:00+00:00', '2023-12-07 23:00:00+00:00']",11,3.935,5.4836,3266.158,503.76
2023-12-07,H2.ZE67,I3,"['2023-12-07 13:00:00+00:00', '2023-12-07 14:00:00+00:00', '2023-12-07 15:00:00+00:00', '2023-12-07 16:00:00+00:00', '2023-12-07 17:00:00+00:00', '2023-12-07 18:00:00+00:00', '2023-12-07 19:00:00+00:00', '2023-12-07 20:00:00+00:00', '2023-12-07 21:00:00+00:00', '2023-12-07 22:00:00+00:00', '2023-12-07 23:00:00+00:00']",11,3.925,5.6544,8.115,1.219
2023-12-07,H2.Z67,P3,"['2023-12-07 13:00:00+00:00', '2023-12-07 14:00:00+00:00', '2023-12-07 15:00:00+00:00', '2023-12-07 16:00:00+00:00', '2023-12-07 17:00:00+00:00', '2023-12-07 18:00:00+00:00', '2023-12-07 19:00:00+00:00', '2023-12-07 20:00:00+00:00', '2023-12-07 21:00:00+00:00', '2023-12-07 22:00:00+00:00', '2023-12-07 23:00:00+00:00']",11,3.902,5.6428,1353.35,203.733
2023-12-07,H2.ZE67,P1,"['2023-12-07 13:00:00+00:00', '2023-12-07 14:00:00+00:00', '2023-12-07 15:00:00+00:00', '2023-12-07 16:00:00+00:00', '2023-12-07 17:00:00+00:00', '2023-12-07 18:00:00+00:00', '2023-12-07 19:00:00+00:00', '2023-12-07 20:00:00+00:00', '2023-12-07 21:00:00+00:00', '2023-12-07 22:00:00+00:00', '2023-12-07 23:00:00+00:00']",11,3.894,5.0307,1074.112,178.106
2023-12-07,H1.Z23,WQ_out,"['2023-12-07 07:00:00+00:00', '2023-12-07 08:00:00+00:00', '2023-12-07 09:00:00+00:00', '2023-12-07 10:00:00+00:00', '2023-12-07 11:00:00+00:00', '2023-12-07 12:00:00+00:00', '2023-12-07 13:00:00+00:00', '2023-12-07 14:00:00+00:00', '2023-12-07 15:00:00+00:00', '2023-12-07 16:00:00+00:00', '2023-12-07 17:00:00+00:00', '2023-12-07 18:00:00+00:00', '2023-12-07 19:00:00+00:00', '2023-12-07 20:00:00+00:00', '2023-12-07 21:00:00+00:00', '2023-12-07 22:00:00+00:00', '2023-12-07 23:00:00+00:00']",17,3.799,0.1074,1004.225,906.812
2023-12-07,H2.ZE66,I3,"['2023-12-07 13:00:00+00:00', '2023-12-07 14:00:00+00:00', '2023-12-07 15:00:00+00:00', '2023-12-07 16:00:00+00:00', '2023-12-07 17:00:00+00:00', '2023-12-07 18:00:00+00:00', '2023-12-07 19:00:00+00:00', '2023-12-07 20:00:00+00:00', '2023-12-07 21:00:00+00:00', '2023-12-07 22:00:00+00:00', '2023-12-07 23:00:00+00:00']",11,3.675,0.4124,10.777,18.342
2023-12-07,H2.ZE66,I2,"['2023-12-07 13:00:00+00:00', '2023-12-07 14:00:00+00:00', '2023-12-07 15:00:00+00:00', '2023-12-07 16:00:00+00:00', '2023-12-07 17:00:00+00:00', '2023-12-07 18:00:00+00:00', '2023-12-07 19:00:00+00:00', '2023-12-07 20:00:00+00:00', '2023-12-07 21:00:00+00:00', '2023-12-07 22:00:00+00:00', '2023-12-07 23:00:00+00:00']",11,3.664,0.4124,8.081,13.752
2023-12-07,H2.ZE66,I1,"['2023-12-07 13:00:00+00:00', '2023-12-07 14:00:00+00:00', '2023-12-07 15:00:00+00:00', '2023-12-07 16:00:00+00:00', '2023-12-07 17:00:00+00:00', '2023-12-07 18:00:00+00:00', '2023-12-07 19:00:00+00:00', '2023-12-07 20:00:00+00:00', '2023-12-07 21:00:00+00:00', '2023-12-07 22:00:00+00:00', '2023-12-07 23:00:00+00:00']",11,3.661,0.4129,8.13,13.847
2023-12-07,H2.ZE66,P2,"['2023-12-07 13:00:00+00:00', '2023-12-07 14:00:00+00:00', '2023-12-07 15:00:00+00:00', '2023-12-07 16:00:00+00:00', '2023-12-07 17:00:00+00:00', '2023-12-07 18:00:00+00:00', '2023-12-07 19:00:00+00:00', '2023-12-07 20:00:00+00:00', '2023-12-07 21:00:00+00:00', '2023-12-07 22:00:00+00:00', '2023-12-07 23:00:00+00:00']",11,3.649,0.4116,1525.819,2592.985
2023-12-07,H2.ZE66,P1,"['2023-12-07 13:00:00+00:00', '2023-12-07 14:00:00+00:00', '2023-12-07 15:00:00+00:00', '2023-12-07 16:00:00+00:00', '2023-12-07 17:00:00+00:00', '2023-12-07 18:00:00+00:00', '2023-12-07 19:00:00+00:00', '2023-12-07 20:00:00+00:00', '2023-12-07 21:00:00+00:00', '2023-12-07 22:00:00+00:00', '2023-12-07 23:00:00+00:00']",11,3.647,0.4085,1524.547,2577.395
2023-12-07,H2.Z66,Q,"['2023-12-07 13:00:00+00:00', '2023-12-07 14:00:00+00:00', '2023-12-07 15:00:00+00:00', '2023-12-07 16:00:00+00:00', '2023-12-07 17:00:00+00:00', '2023-12-07 18:00:00+00:00', '2023-12-07 19:00:00+00:00', '2023-12-07 20:00:00+00:00', '2023-12-07 21:00:00+00:00', '2023-12-07 22:00:00+00:00', '2023-12-07 23:00:00+00:00']",11,3.646,0.4288,3147.289,5510.178
2023-12-07,H2.ZE66,P,"['2023-12-07 13:00:00+00:00', '2023-12-07 14:00:00+00:00', '2023-12-07 15:00:00+00:00', '2023-12-07 16:00:00+00:00', '2023-12-07 17:00:00+00:00', '2023-12-07 18:00:00+00:00', '2023-12-07 19:00:00+00:00', '2023-12-07 20:00:00+00:00', '2023-12-07 21:00:00+00:00', '2023-12-07 22:00:00+00:00', '2023-12-07 23:00:00+00:00']",11,3.646,0.4108,4619.981,7841.137
2023-12-07,H2.ZE66,P3,"['2023-12-07 13:00:00+00:00', '2023-12-07 14:00:00+00:00', '2023-12-07 15:00:00+00:00', '2023-12-07 16:00:00+00:00', '2023-12-07 17:00:00+00:00', '2023-12-07 18:00:00+00:00', '2023-12-07 19:00:00+00:00', '2023-12-07 20:00:00+00:00', '2023-12-07 21:00:00+00:00', '2023-12-07 22:00:00+00:00', '2023-12-07 23:00:00+00:00']",11,3.643,0.4074,1614.293,2724.15
2023-12-07,H2.Z66,P,"['2023-12-07 13:00:00+00:00', '2023-12-07 14:00:00+00:00', '2023-12-07 15:00:00+00:00', '2023-12-07 16:00:00+00:00', '2023-12-07 17:00:00+00:00', '2023-12-07 18:00:00+00:00', '2023-12-07 19:00:00+00:00', '2023-12-07 20:00:00+00:00', '2023-12-07 21:00:00+00:00', '2023-12-07 22:00:00+00:00', '2023-12-07 23:00:00+00:00']",11,3.627,0.4076,4700.069,7934.13
2023-12-07,H2.Z66,P1,"['2023-12-07 13:00:00+00:00', '2023-12-07 14:00:00+00:00', '2023-12-07 15:00:00+00:00', '2023-12-07 16:00:00+00:00', '2023-12-07 17:00:00+00:00', '2023-12-07 18:00:00+00:00', '2023-12-07 19:00:00+00:00', '2023-12-07 20:00:00+00:00', '2023-12-07 21:00:00+00:00', '2023-12-07 22:00:00+00:00', '2023-12-07 23:00:00+00:00']",11,3.614,0.4056,1557.717,2620.605
2023-12-07,H2.Z66,I3,"['2023-12-07 13:00:00+00:00', '2023-12-07 14:00:00+00:00', '2023-12-07 15:00:00+00:00', '2023-12-07 16:00:00+00:00', '2023-12-07 17:00:00+00:00', '2023-12-07 18:00:00+00:00', '2023-12-07 19:00:00+00:00', '2023-12-07 20:00:00+00:00', '2023-12-07 21:00:00+00:00', '2023-12-07 22:00:00+00:00', '2023-12-07 23:00:00+00:00']",11,3.607,0.4116,9.824,16.698
2023-12-07,H2.Z66,I2,"['2023-12-07 13:00:00+00:00', '2023-12-07 14:00:00+00:00', '2023-12-07 15:00:00+00:00', '2023-12-07 16:00:00+00:00', '2023-12-07 17:00:00+00:00', '2023-12-07 18:00:00+00:00', '2023-12-07 19:00:00+00:00', '2023-12-07 20:00:00+00:00', '2023-12-07 21:00:00+00:00', '2023-12-07 22:00:00+00:00', '2023-12-07 23:00:00+00:00']",11,3.6,0.4134,9.142,15.585
2023-12-07,H2.Z66,I1,"['2023-12-07 13:00:00+00:00', '2023-12-07 14:00:00+00:00', '2023-12-07 15:00:00+00:00', '2023-12-07 16:00:00+00:00', '2023-12-07 17:00:00+00:00', '2023-12-07 18:00:00+00:00', '2023-12-07 19:00:00+00:00', '2023-12-07 20:00:00+00:00', '2023-12-07 21:00:00+00:00', '2023-12-07 22:00:00+00:00', '2023-12-07 23:00:00+00:00']",11,3.599,0.4272,9.183,16.031
2023-12-07,H2.Z66,P3,"['2023-12-07 13:00:00+00:00', '2023-12-07 14:00:00+00:00', '2023-12-07 15:00:00+00:00', '2023-12-07 16:00:00+00:00', '2023-12-07 17:00:00+00:00', '2023-12-07 18:00:00+00:00', '2023-12-07 19:00:00+00:00', '2023-12-07 20:00:00+00:00', '2023-12-07 21:00:00+00:00', '2023-12-07 22:00:00+00:00', '2023-12-07 23:00:00+00:00']",11,3.597,0.4082,1853.548,3131.845
2023-12-07,H2.Z66,P2,"['2023-12-07 13:00:00+00:00', '2023-12-07 14:00:00+00:00', '2023-12-07 15:00:00+00:00', '2023-12-07 16:00:00+00:00', '2023-12-07 17:00:00+00:00', '2023-12-07 18:00:00+00:00', '2023-12-07 19:00:00+00:00', '2023-12-07 20:00:00+00:00', '2023-12-07 21:00:00+00:00', '2023-12-07 22:00:00+00:00', '2023-12-07 23:00:00+00:00']",11,3.594,0.405,1569.116,2637.287
2023-05-11,H1.K14,qv,"['2023-05-11 01:00:00+00:00', '2023-05-11 02:00:00+00:00', '2023-05-11 03:00:00+00:00', '2023-05-11 04:00:00+00:00', '2023-05-11 05:00:00+00:00', '2023-05-11 06:00:00+00:00', '2023-05-11 07:00:00+00:00', '2023-05-11 08:00:00+00:00', '2023-05-11 09:00:00+00:00', '2023-05-11 10:00:00+00:00', '2023-05-11 11:00:00+00:00', '2023-05-11 12:00:00+00:00', '2023-05-11 13:00:00+00:00', '2023-05-11 14:00:00+00:00', '2023-05-11 15:00:00+00:00', '2023-05-11 16:00:00+00:00', '2023-05-11 17:00:00+00:00', '2023-05-11 18:00:00+00:00', '2023-05-11 19:00:00+00:00', '2023-05-11 20:00:00+00:00', '2023-05-11 21:00:00+00:00', '2023-05-11 22:00:00+00:00', '2023-05-11 23:00:00+00:00']",23,506.695,0.8218,4.128,23.162
2023-05-11,H1.K14,Tdiff,"['2023-05-11 03:00:00+00:00', '2023-05-11 04:00:00+00:00', '2023-05-11 05:00:00+00:00', '2023-05-11 06:00:00+00:00', '2023-05-11 07:00:00+00:00', '2023-05-11 08:00:00+00:00', '2023-05-11 09:00:00+00:00', '2023-05-11 10:00:00+00:00', '2023-05-11 11:00:00+00:00', '2023-05-11 12:00:00+00:00', '2023-05-11 13:00:00+00:00', '2023-05-11 14:00:00+00:00', '2023-05-11 15:00:00+00:00', '2023-05-11 16:00:00+00:00', '2023-05-11 17:00:00+00:00', '2023-05-11 18:00:00+00:00', '2023-05-11 19:00:00+00:00', '2023-05-11 20:00:00+00:00', '2023-05-11 21:00:00+00:00', '2023-05-11 22:00:00+00:00', '2023-05-11 23:00:00+00:00']",21,15.423,3.551,-4369.708,-960.173
2023-05-11,H1.K14,Trl,"['2023-05-11 03:00:00+00:00', '2023-05-11 04:00:00+00:00', '2023-05-11 05:00:00+00:00', '2023-05-11 06:00:00+00:00', '2023-05-11 07:00:00+00:00', '2023-05-11 08:00:00+00:00', '2023-05-11 09:00:00+00:00', '2023-05-11 10:00:00+00:00', '2023-05-11 11:00:00+00:00', '2023-05-11 12:00:00+00:00', '2023-05-11 13:00:00+00:00', '2023-05-11 14:00:00+00:00', '2023-05-11 15:00:00+00:00', '2023-05-11 16:00:00+00:00', '2023-05-11 17:00:00+00:00', '2023-05-11 18:00:00+00:00', '2023-05-11 19:00:00+00:00', '2023-05-11 20:00:00+00:00', '2023-05-11 21:00:00+00:00', '2023-05-11 22:00:00+00:00', '2023-05-11 23:00:00+00:00']",21,13.655,0.4504,10.3,7.102
2023-05-11,H2.Z64,I3,"['2023-05-11 12:00:00+00:00', '2023-05-11 13:00:00+00:00', '2023-05-11 14:00:00+00:00', '2023-05-11 15:00:00+00:00', '2023-05-11 16:00:00+00:00', '2023-05-11 17:00:00+00:00', '2023-05-11 18:00:00+00:00', '2023-05-11 19:00:00+00:00', '2023-05-11 20:00:00+00:00', '2023-05-11 21:00:00+00:00', '2023-05-11 22:00:00+00:00', '2023-05-11 23:00:00+00:00']",12,13.132,0.1757,15.409,13.106
2023-05-11,H2.ZE64,I3,"['2023-05-11 12:00:00+00:00', '2023-05-11 13:00:00+00:00', '2023-05-11 14:00:00+00:00', '2023-05-11 15:00:00+00:00', '2023-05-11 16:00:00+00:00', '2023-05-11 17:00:00+00:00', '2023-05-11 18:00:00+00:00', '2023-05-11 19:00:00+00:00', '2023-05-11 20:00:00+00:00', '2023-05-11 21:00:00+00:00', '2023-05-11 22:00:00+00:00', '2023-05-11 23:00:00+00:00']",12,13.102,0.1759,15.44,13.13
2023-05-11,H2.K21,Tvl,"['2023-05-11 03:00:00+00:00', '2023-05-11 04:00:00+00:00', '2023-05-11 05:00:00+00:00', '2023-05-11 06:00:00+00:00', '2023-05-11 07:00:00+00:00', '2023-05-11 08:00:00+00:00', '2023-05-11 09:00:00+00:00', '2023-05-11 10:00:00+00:00', '2023-05-11 11:00:00+00:00', '2023-05-11 12:00:00+00:00', '2023-05-11 13:00:00+00:00', '2023-05-11 14:00:00+00:00', '2023-05-11 15:00:00+00:00', '2023-05-11 16:00:00+00:00', '2023-05-11 17:00:00+00:00', '2023-05-11 18:00:00+00:00', '2023-05-11 19:00:00+00:00', '2023-05-11 20:00:00+00:00', '2023-05-11 21:00:00+00:00', '2023-05-11 22:00:00+00:00', '2023-05-11 23:00:00+00:00']",21,13.07,0.5674,9.609,6.13
2023-05-11,H2.Z65,I3,"['2023-05-11 12:00:00+00:00', '2023-05-11 13:00:00+00:00', '2023-05-11 14:00:00+00:00', '2023-05-11 15:00:00+00:00', '2023-05-11 16:00:00+00:00', '2023-05-11 17:00:00+00:00', '2023-05-11 18:00:00+00:00', '2023-05-11 19:00:00+00:00', '2023-05-11 20:00:00+00:00', '2023-05-11 21:00:00+00:00', '2023-05-11 22:00:00+00:00', '2023-05-11 23:00:00+00:00']",12,12.845,0.1765,15.875,13.493
2023-05-11,H2.ZE65,I3,"['2023-05-11 12:00:00+00:00', '2023-05-11 13:00:00+00:00', '2023-05-11 14:00:00+00:00', '2023-05-11 15:00:00+00:00', '2023-05-11 16:00:00+00:00', '2023-05-11 17:00:00+00:00', '2023-05-11 18:00:00+00:00', '2023-05-11 19:00:00+00:00', '2023-05-11 20:00:00+00:00', '2023-05-11 21:00:00+00:00', '2023-05-11 22:00:00+00:00', '2023-05-11 23:00:00+00:00']",12,12.837,0.1767,15.89,13.504
2023-05-11,H2.ZE65,P,"['2023-05-11 12:00:00+00:00', '2023-05-11 13:00:00+00:00', '2023-05-11 14:00:00+00:00', '2023-05-11 15:00:00+00:00', '2023-05-11 16:00:00+00:00', '2023-05-11 17:00:00+00:00', '2023-05-11 18:00:00+00:00', '2023-05-11 19:00:00+00:00', '2023-05-11 20:00:00+00:00', '2023-05-11 21:00:00+00:00', '2023-05-11 22:00:00+00:00', '2023-05-11 23:00:00+00:00']",12,12.775,0.2875,8934.712,6939.588
2023-05-11,V.K21,qv,"['2023-05-11 02:00:00+00:00', '2023-05-11 03:00:00+00:00', '2023-05-11 04:00:00+00:00', '2023-05-11 05:00:00+00:00', '2023-05-11 06:00:00+00:00', '2023-05-11 07:00:00+00:00', '2023-05-11 08:00:00+00:00', '2023-05-11 09:00:00+00:00', '2023-05-11 10:00:00+00:00', '2023-05-11 11:00:00+00:00', '2023-05-11 12:00:00+00:00', '2023-05-11 13:00:00+00:00', '2023-05-11 14:00:00+00:00', '2023-05-11 15:00:00+00:00', '2023-05-11 16:00:00+00:00', '2023-05-11 17:00:00+00:00', '2023-05-11 18:00:00+00:00', '2023-05-11 19:00:00+00:00', '2023-05-11 20:00:00+00:00', '2023-05-11 21:00:00+00:00', '2023-05-11 22:00:00+00:00', '2023-05-11 23:00:00+00:00']",22,12.745,0.5329,16.324,34.945
2023-05-11,H2.ZE64,P,"['2023-05-11 12:00:00+00:00', '2023-05-11 13:00:00+00:00', '2023-05-11 14:00:00+00:00', '2023-05-11 15:00:00+00:00', '2023-05-11 16:00:00+00:00', '2023-05-11 17:00:00+00:00', '2023-05-11 18:00:00+00:00', '2023-05-11 19:00:00+00:00', '2023-05-11 20:00:00+00:00', '2023-05-11 21:00:00+00:00', '2023-05-11 22:00:00+00:00', '2023-05-11 23:00:00+00:00']",12,12.669,0.2903,8705.117,6746.743
2023-05-11,H2.Z65,P,"['2023-05-11 12:00:00+00:00', '2023-05-11 13:00:00+00:00', '2023-05-11 14:00:00+00:00', '2023-05-11 15:00:00+00:00', '2023-05-11 16:00:00+00:00', '2023-05-11 17:00:00+00:00', '2023-05-11 18:00:00+00:00', '2023-05-11 19:00:00+00:00', '2023-05-11 20:00:00+00:00', '2023-05-11 21:00:00+00:00', '2023-05-11 22:00:00+00:00', '2023-05-11 23:00:00+00:00']",12,12.595,0.2903,8859.566,6866.166
2023-05-11,H2.Z64,P,"['2023-05-11 12:00:00+00:00', '2023-05-11 13:00:00+00:00', '2023-05-11 14:00:00+00:00', '2023-05-11 15:00:00+00:00', '2023-05-11 16:00:00+00:00', '2023-05-11 17:00:00+00:00', '2023-05-11 18:00:00+00:00', '2023-05-11 19:00:00+00:00', '2023-05-11 20:00:00+00:00', '2023-05-11 21:00:00+00:00', '2023-05-11 22:00:00+00:00', '2023-05-11 23:00:00+00:00']",12,12.517,0.2943,8605.636,6648.732
2023-05-11,H2.ZE65,I1,"['2023-05-11 12:00:00+00:00', '2023-05-11 13:00:00+00:00', '2023-05-11 14:00:00+00:00', '2023-05-11 15:00:00+00:00', '2023-05-11 16:00:00+00:00', '2023-05-11 17:00:00+00:00', '2023-05-11 18:00:00+00:00', '2023-05-11 19:00:00+00:00', '2023-05-11 20:00:00+00:00', '2023-05-11 21:00:00+00:00', '2023-05-11 22:00:00+00:00', '2023-05-11 23:00:00+00:00']",12,11.462,0.1698,14.901,12.738
2023-05-11,H2.Z65,I1,"['2023-05-11 12:00:00+00:00', '2023-05-11 13:00:00+00:00', '2023-05-11 14:00:00+00:00', '2023-05-11 15:00:00+00:00', '2023-05-11 16:00:00+00:00', '2023-05-11 17:00:00+00:00', '2023-05-11 18:00:00+00:00', '2023-05-11 19:00:00+00:00', '2023-05-11 20:00:00+00:00', '2023-05-11 21:00:00+00:00', '2023-05-11 22:00:00+00:00', '2023-05-11 23:00:00+00:00']",12,11.384,0.1696,14.884,12.726
2023-05-11,H2.ZE64,I1,"['2023-05-11 12:00:00+00:00', '2023-05-11 13:00:00+00:00', '2023-05-11 14:00:00+00:00', '2023-05-11 15:00:00+00:00', '2023-05-11 16:00:00+00:00', '2023-05-11 17:00:00+00:00', '2023-05-11 18:00:00+00:00', '2023-05-11 19:00:00+00:00', '2023-05-11 20:00:00+00:00', '2023-05-11 21:00:00+00:00', '2023-05-11 22:00:00+00:00', '2023-05-11 23:00:00+00:00']",12,10.685,0.1701,14.808,12.656
2023-05-11,H2.Z64,I1,"['2023-05-11 12:00:00+00:00', '2023-05-11 13:00:00+00:00', '2023-05-11 14:00:00+00:00', '2023-05-11 15:00:00+00:00', '2023-05-11 16:00:00+00:00', '2023-05-11 17:00:00+00:00', '2023-05-11 18:00:00+00:00', '2023-05-11 19:00:00+00:00', '2023-05-11 20:00:00+00:00', '2023-05-11 21:00:00+00:00', '2023-05-11 22:00:00+00:00', '2023-05-11 23:00:00+00:00']",12,10.608,0.1698,14.798,12.65
2023-05-11,H2.K21,Trl,"['2023-05-11 03:00:00+00:00', '2023-05-11 04:00:00+00:00', '2023-05-11 05:00:00+00:00', '2023-05-11 06:00:00+00:00', '2023-05-11 07:00:00+00:00', '2023-05-11 08:00:00+00:00', '2023-05-11 09:00:00+00:00', '2023-05-11 10:00:00+00:00', '2023-05-11 11:00:00+00:00', '2023-05-11 12:00:00+00:00', '2023-05-11 13:00:00+00:00', '2023-05-11 14:00:00+00:00', '2023-05-11 15:00:00+00:00', '2023-05-11 16:00:00+00:00', '2023-05-11 17:00:00+00:00', '2023-05-11 18:00:00+00:00', '2023-05-11 19:00:00+00:00', '2023-05-11 20:00:00+00:00', '2023-05-11 21:00:00+00:00', '2023-05-11 22:00:00+00:00', '2023-05-11 23:00:00+00:00']",21,9.295,0.533,9.842,6.42
2023-05-11,H3.Z47,I3,"['2023-05-11 08:00:00+00:00', '2023-05-11 09:00:00+00:00', '2023-05-11 10:00:00+00:00', '2023-05-11 11:00:00+00:00', '2023-05-11 12:00:00+00:00']",5,8.374,0.4715,11.279,7.665
2023-05-11,H3.Z47,P3,"['2023-05-11 08:00:00+00:00', '2023-05-11 09:00:00+00:00', '2023-05-11 10:00:00+00:00', '2023-05-11 11:00:00+00:00', '2023-05-11 12:00:00+00:00']",5,8.12,0.533,2362.35,1540.994
2023-05-11,H2.ZE64,P3,"['2023-05-11 12:00:00+00:00', '2023-05-11 13:00:00+00:00', '2023-05-11 14:00:00+00:00', '2023-05-11 15:00:00+00:00', '2023-05-11 16:00:00+00:00', '2023-05-11 17:00:00+00:00', '2023-05-11 18:00:00+00:00', '2023-05-11 19:00:00+00:00', '2023-05-11 20:00:00+00:00', '2023-05-11 21:00:00+00:00', '2023-05-11 22:00:00+00:00', '2023-05-11 23:00:00+00:00']",12,7.35,0.3038,3000.711,2301.497
2023-05-11,H2.ZE65,P3,"['2023-05-11 12:00:00+00:00', '2023-05-11 13:00:00+00:00', '2023-05-11 14:00:00+00:00', '2023-05-11 15:00:00+00:00', '2023-05-11 16:00:00+00:00', '2023-05-11 17:00:00+00:00', '2023-05-11 18:00:00+00:00', '2023-05-11 19:00:00+00:00', '2023-05-11 20:00:00+00:00', '2023-05-11 21:00:00+00:00', '2023-05-11 22:00:00+00:00', '2023-05-11 23:00:00+00:00']",12,7.344,0.3011,3101.796,2383.944
2023-05-11,H2.Z64,P3,"['2023-05-11 12:00:00+00:00', '2023-05-11 13:00:00+00:00', '2023-05-11 14:00:00+00:00', '2023-05-11 15:00:00+00:00', '2023-05-11 16:00:00+00:00', '2023-05-11 17:00:00+00:00', '2023-05-11 18:00:00+00:00', '2023-05-11 19:00:00+00:00', '2023-05-11 20:00:00+00:00', '2023-05-11 21:00:00+00:00', '2023-05-11 22:00:00+00:00', '2023-05-11 23:00:00+00:00']",12,7.334,0.3081,2963.443,2265.534
2023-05-11,H2.Z65,P3,"['2023-05-11 12:00:00+00:00', '2023-05-11 13:00:00+00:00', '2023-05-11 14:00:00+00:00', '2023-05-11 15:00:00+00:00', '2023-05-11 16:00:00+00:00', '2023-05-11 17:00:00+00:00', '2023-05-11 18:00:00+00:00', '2023-05-11 19:00:00+00:00', '2023-05-11 20:00:00+00:00', '2023-05-11 21:00:00+00:00', '2023-05-11 22:00:00+00:00', '2023-05-11 23:00:00+00:00']",12,7.333,0.303,3084.73,2367.335
2023-05-11,H2.Z67,P3,"['2023-05-11 11:00:00+00:00', '2023-05-11 12:00:00+00:00', '2023-05-11 13:00:00+00:00', '2023-05-11 14:00:00+00:00', '2023-05-11 15:00:00+00:00', '2023-05-11 16:00:00+00:00', '2023-05-11 17:00:00+00:00', '2023-05-11 18:00:00+00:00', '2023-05-11 19:00:00+00:00', '2023-05-11 20:00:00+00:00', '2023-05-11 21:00:00+00:00', '2023-05-11 22:00:00+00:00', '2023-05-11 23:00:00+00:00']",13,7.314,13.0646,823.276,58.535
2023-05-11,H2.Z67,P,"['2023-05-11 11:00:00+00:00', '2023-05-11 12:00:00+00:00', '2023-05-11 13:00:00+00:00', '2023-05-11 14:00:00+00:00', '2023-05-11 15:00:00+00:00', '2023-05-11 16:00:00+00:00', '2023-05-11 17:00:00+00:00', '2023-05-11 18:00:00+00:00', '2023-05-11 19:00:00+00:00', '2023-05-11 20:00:00+00:00', '2023-05-11 21:00:00+00:00', '2023-05-11 22:00:00+00:00', '2023-05-11 23:00:00+00:00']",13,7.032,11.0042,2196.292,182.961
2023-05-11,H2.Z67,P1,"['2023-05-11 11:00:00+00:00', '2023-05-11 12:00:00+00:00', '2023-05-11 13:00:00+00:00', '2023-05-11 14:00:00+00:00', '2023-05-11 15:00:00+00:00', '2023-05-11 16:00:00+00:00', '2023-05-11 17:00:00+00:00', '2023-05-11 18:00:00+00:00', '2023-05-11 19:00:00+00:00', '2023-05-11 20:00:00+00:00', '2023-05-11 21:00:00+00:00', '2023-05-11 22:00:00+00:00', '2023-05-11 23:00:00+00:00']",13,7.014,9.0754,728.473,72.302
2023-05-11,H2.Z67,Q,"['2023-05-11 11:00:00+00:00', '2023-05-11 12:00:00+00:00', '2023-05-11 13:00:00+00:00', '2023-05-11 14:00:00+00:00', '2023-05-11 15:00:00+00:00', '2023-05-11 16:00:00+00:00', '2023-05-11 17:00:00+00:00', '2023-05-11 18:00:00+00:00', '2023-05-11 19:00:00+00:00', '2023-05-11 20:00:00+00:00', '2023-05-11 21:00:00+00:00', '2023-05-11 22:00:00+00:00', '2023-05-11 23:00:00+00:00']",13,6.911,9.513,1634.305,155.456
2023-05-11,H2.Z67,P2,"['2023-05-11 11:00:00+00:00', '2023-05-11 12:00:00+00:00', '2023-05-11 13:00:00+00:00', '2023-05-11 14:00:00+00:00', '2023-05-11 15:00:00+00:00', '2023-05-11 16:00:00+00:00', '2023-05-11 17:00:00+00:00', '2023-05-11 18:00:00+00:00', '2023-05-11 19:00:00+00:00', '2023-05-11 20:00:00+00:00', '2023-05-11 21:00:00+00:00', '2023-05-11 22:00:00+00:00', '2023-05-11 23:00:00+00:00']",13,6.874,12.0565,717.427,54.948
2023-05-11,H2.Z64,P2,"['2023-05-11 13:00:00+00:00', '2023-05-11 14:00:00+00:00', '2023-05-11 15:00:00+00:00', '2023-05-11 16:00:00+00:00', '2023-05-11 17:00:00+00:00', '2023-05-11 18:00:00+00:00', '2023-05-11 19:00:00+00:00', '2023-05-11 20:00:00+00:00', '2023-05-11 21:00:00+00:00', '2023-05-11 22:00:00+00:00', '2023-05-11 23:00:00+00:00']",11,6.83,0.2601,2814.636,2233.59
2023-05-11,H2.Z65,P2,"['2023-05-11 13:00:00+00:00', '2023-05-11 14:00:00+00:00', '2023-05-11 15:00:00+00:00', '2023-05-11 16:00:00+00:00', '2023-05-11 17:00:00+00:00', '2023-05-11 18:00:00+00:00', '2023-05-11 19:00:00+00:00', '2023-05-11 20:00:00+00:00', '2023-05-11 21:00:00+00:00', '2023-05-11 22:00:00+00:00', '2023-05-11 23:00:00+00:00']",11,6.829,0.2558,2913.86,2320.292
2023-05-11,H2.ZE64,P2,"['2023-05-11 13:00:00+00:00', '2023-05-11 14:00:00+00:00', '2023-05-11 15:00:00+00:00', '2023-05-11 16:00:00+00:00', '2023-05-11 17:00:00+00:00', '2023-05-11 18:00:00+00:00', '2023-05-11 19:00:00+00:00', '2023-05-11 20:00:00+00:00', '2023-05-11 21:00:00+00:00', '2023-05-11 22:00:00+00:00', '2023-05-11 23:00:00+00:00']",11,6.733,0.2569,2846.429,2264.671
2023-05-11,H2.ZE65,P2,"['2023-05-11 13:00:00+00:00', '2023-05-11 14:00:00+00:00', '2023-05-11 15:00:00+00:00', '2023-05-11 16:00:00+00:00', '2023-05-11 17:00:00+00:00', '2023-05-11 18:00:00+00:00', '2023-05-11 19:00:00+00:00', '2023-05-11 20:00:00+00:00', '2023-05-11 21:00:00+00:00', '2023-05-11 22:00:00+00:00', '2023-05-11 23:00:00+00:00']",11,6.713,0.2524,2951.535,2356.683
2023-05-11,H2.ZE67,P2,"['2023-05-11 11:00:00+00:00', '2023-05-11 12:00:00+00:00', '2023-05-11 13:00:00+00:00', '2023-05-11 14:00:00+00:00', '2023-05-11 15:00:00+00:00', '2023-05-11 16:00:00+00:00', '2023-05-11 17:00:00+00:00', '2023-05-11 18:00:00+00:00', '2023-05-11 19:00:00+00:00', '2023-05-11 20:00:00+00:00', '2023-05-11 21:00:00+00:00', '2023-05-11 22:00:00+00:00', '2023-05-11 23:00:00+00:00']",13,6.679,12.4183,700.533,52.207
2023-05-11,H2.ZE67,P,"['2023-05-11 11:00:00+00:00', '2023-05-11 12:00:00+00:00', '2023-05-11 13:00:00+00:00', '2023-05-11 14:00:00+00:00', '2023-05-11 15:00:00+00:00', '2023-05-11 16:00:00+00:00', '2023-05-11 17:00:00+00:00', '2023-05-11 18:00:00+00:00', '2023-05-11 19:00:00+00:00', '2023-05-11 20:00:00+00:00', '2023-05-11 21:00:00+00:00', '2023-05-11 22:00:00+00:00', '2023-05-11 23:00:00+00:00']",13,6.669,11.0096,2140.815,178.258
2023-05-11,H2.ZE67,P1,"['2023-05-11 11:00:00+00:00', '2023-05-11 12:00:00+00:00', '2023-05-11 13:00:00+00:00', '2023-05-11 14:00:00+00:00', '2023-05-11 15:00:00+00:00', '2023-05-11 16:00:00+00:00', '2023-05-11 17:00:00+00:00', '2023-05-11 18:00:00+00:00', '2023-05-11 19:00:00+00:00', '2023-05-11 20:00:00+00:00', '2023-05-11 21:00:00+00:00', '2023-05-11 22:00:00+00:00', '2023-05-11 23:00:00+00:00']",13,6.642,8.8869,712.819,72.097
2023-05-11,H3.ZE41,I3,"['2023-05-11 07:00:00+00:00', '2023-05-11 08:00:00+00:00', '2023-05-11 09:00:00+00:00', '2023-05-11 13:00:00+00:00']",4,6.547,0.3784,5.394,3.913
2023-05-11,H3.Z41,I3,"['2023-05-11 07:00:00+00:00', '2023-05-11 08:00:00+00:00', '2023-05-11 09:00:00+00:00', '2023-05-11 13:00:00+00:00']",4,6.535,0.3807,5.467,3.959
2023-05-11,H3.ZE41,P3,"['2023-05-11 07:00:00+00:00', '2023-05-11 08:00:00+00:00', '2023-05-11 09:00:00+00:00', '2023-05-11 13:00:00+00:00']",4,6.476,0.3847,1186.121,856.565
2023-05-11,H3.Z41,P3,"['2023-05-11 07:00:00+00:00', '2023-05-11 08:00:00+00:00', '2023-05-11 09:00:00+00:00', '2023-05-11 13:00:00+00:00']",4,6.465,0.3865,1195.656,862.349
2023-05-11,H2.ZE67,P3,"['2023-05-11 11:00:00+00:00', '2023-05-11 12:00:00+00:00', '2023-05-11 13:00:00+00:00', '2023-05-11 14:00:00+00:00', '2023-05-11 15:00:00+00:00', '2023-05-11 16:00:00+00:00', '2023-05-11 17:00:00+00:00', '2023-05-11 18:00:00+00:00', '2023-05-11 19:00:00+00:00', '2023-05-11 20:00:00+00:00', '2023-05-11 21:00:00+00:00', '2023-05-11 22:00:00+00:00', '2023-05-11 23:00:00+00:00']",13,6.229,11.5839,847.21,67.325
2023-05-11,H3.Z47,I1,"['2023-05-11 08:00:00+00:00', '2023-05-11 09:00:00+00:00', '2023-05-11 10:00:00+00:00', '2023-05-11 11:00:00+00:00', '2023-05-11 12:00:00+00:00']",5,5.685,0.4035,13.08,9.319
2023-05-11,H3.Z47,P,"['2023-05-11 08:00:00+00:00', '2023-05-11 09:00:00+00:00', '2023-05-11 10:00:00+00:00', '2023-05-11 11:00:00+00:00', '2023-05-11 12:00:00+00:00']",5,5.586,0.5822,6941.27,4387.097
2023-05-11,H3.Z40,P2,"['2023-05-11 07:00:00+00:00', '2023-05-11 08:00:00+00:00', '2023-05-11 09:00:00+00:00', '2023-05-11 10:00:00+00:00', '2023-05-11 11:00:00+00:00', '2023-05-11 12:00:00+00:00', '2023-05-11 13:00:00+00:00', '2023-05-11 14:00:00+00:00', '2023-05-11 15:00:00+00:00', '2023-05-11 16:00:00+00:00']",10,5.554,0.5803,3818.815,2416.44
2023-05-11,H3.ZE40,P2,"['2023-05-11 07:00:00+00:00', '2023-05-11 08:00:00+00:00', '2023-05-11 09:00:00+00:00', '2023-05-11 10:00:00+00:00', '2023-05-11 11:00:00+00:00', '2023-05-11 12:00:00+00:00', '2023-05-11 13:00:00+00:00', '2023-05-11 14:00:00+00:00', '2023-05-11 15:00:00+00:00', '2023-05-11 16:00:00+00:00']",10,5.523,0.5651,3900.017,2491.827
2023-05-11,H3.Z40,I2,"['2023-05-11 07:00:00+00:00', '2023-05-11 08:00:00+00:00', '2023-05-11 09:00:00+00:00', '2023-05-11 10:00:00+00:00', '2023-05-11 11:00:00+00:00', '2023-05-11 12:00:00+00:00', '2023-05-11 13:00:00+00:00', '2023-05-11 14:00:00+00:00', '2023-05-11 15:00:00+00:00', '2023-05-11 16:00:00+00:00']",10,5.418,0.503,17.597,11.708
2023-05-11,H3.ZE40,I2,"['2023-05-11 07:00:00+00:00', '2023-05-11 08:00:00+00:00', '2023-05-11 09:00:00+00:00', '2023-05-11 10:00:00+00:00', '2023-05-11 11:00:00+00:00', '2023-05-11 12:00:00+00:00', '2023-05-11 13:00:00+00:00', '2023-05-11 14:00:00+00:00', '2023-05-11 15:00:00+00:00', '2023-05-11 16:00:00+00:00']",10,5.416,0.501,17.949,11.958
2023-05-11,H3.Z47,P1,"['2023-05-11 08:00:00+00:00', '2023-05-11 09:00:00+00:00', '2023-05-11 10:00:00+00:00', '2023-05-11 11:00:00+00:00', '2023-05-11 12:00:00+00:00']",5,5.233,0.5738,2430.553,1544.381
2023-05-11,H2.T.Z33,I2,"['2023-05-11 06:00:00+00:00', '2023-05-11 08:00:00+00:00', '2023-05-11 09:00:00+00:00', '2023-05-11 10:00:00+00:00', '2023-05-11 12:00:00+00:00', '2023-05-11 13:00:00+00:00', '2023-05-11 14:00:00+00:00', '2023-05-11 15:00:00+00:00']",8,4.766,0.7822,128.476,72.088
2023-05-11,H2.ZE65,P1,"['2023-05-11 13:00:00+00:00', '2023-05-11 14:00:00+00:00', '2023-05-11 15:00:00+00:00', '2023-05-11 16:00:00+00:00', '2023-05-11 17:00:00+00:00', '2023-05-11 18:00:00+00:00', '2023-05-11 19:00:00+00:00', '2023-05-11 20:00:00+00:00', '2023-05-11 21:00:00+00:00', '2023-05-11 22:00:00+00:00', '2023-05-11 23:00:00+00:00']",11,4.67,0.3103,2881.381,2198.959
2023-05-11,H2.Z65,P1,"['2023-05-11 13:00:00+00:00', '2023-05-11 14:00:00+00:00', '2023-05-11 15:00:00+00:00', '2023-05-11 16:00:00+00:00', '2023-05-11 17:00:00+00:00', '2023-05-11 18:00:00+00:00', '2023-05-11 19:00:00+00:00', '2023-05-11 20:00:00+00:00', '2023-05-11 21:00:00+00:00', '2023-05-11 22:00:00+00:00', '2023-05-11 23:00:00+00:00']",11,4.653,0.3133,2860.993,2178.477
2023-05-11,H2.ZE64,P1,"['2023-05-11 13:00:00+00:00', '2023-05-11 14:00:00+00:00', '2023-05-11 15:00:00+00:00', '2023-05-11 16:00:00+00:00', '2023-05-11 17:00:00+00:00', '2023-05-11 18:00:00+00:00', '2023-05-11 19:00:00+00:00', '2023-05-11 20:00:00+00:00', '2023-05-11 21:00:00+00:00', '2023-05-11 22:00:00+00:00', '2023-05-11 23:00:00+00:00']",11,4.647,0.3107,2857.983,2180.575
2023-05-11,H2.Z64,P1,"['2023-05-11 13:00:00+00:00', '2023-05-11 14:00:00+00:00', '2023-05-11 15:00:00+00:00', '2023-05-11 16:00:00+00:00', '2023-05-11 17:00:00+00:00', '2023-05-11 18:00:00+00:00', '2023-05-11 19:00:00+00:00', '2023-05-11 20:00:00+00:00', '2023-05-11 21:00:00+00:00', '2023-05-11 22:00:00+00:00', '2023-05-11 23:00:00+00:00']",11,4.63,0.3153,2827.476,2149.66
2023-05-11,H1.Z26,P1,"['2023-05-11 08:00:00+00:00', '2023-05-11 09:00:00+00:00', '2023-05-11 10:00:00+00:00', '2023-05-11 11:00:00+00:00']",4,4.469,0.1577,2547.308,2200.407
2023-05-11,H1.Z26,P2,"['2023-05-11 08:00:00+00:00', '2023-05-11 09:00:00+00:00', '2023-05-11 11:00:00+00:00']",3,4.432,0.2501,1833.598,1466.783
2023-05-11,H2.T.Z34,I3,"['2023-05-11 12:00:00+00:00', '2023-05-11 20:00:00+00:00', '2023-05-11 21:00:00+00:00']",3,4.419,0.1169,106.464,95.324
2023-05-11,H3.Z47,I2,"['2023-05-11 08:00:00+00:00', '2023-05-11 09:00:00+00:00', '2023-05-11 10:00:00+00:00', '2023-05-11 11:00:00+00:00']",4,4.378,0.5437,10.189,6.601
2023-05-11,H2.T.Z33,I1,"['2023-05-11 06:00:00+00:00', '2023-05-11 08:00:00+00:00', '2023-05-11 09:00:00+00:00', '2023-05-11 10:00:00+00:00', '2023-05-11 12:00:00+00:00', '2023-05-11 13:00:00+00:00']",6,4.288,0.6292,119.202,73.164
2023-05-11,H1.Z26,P,"['2023-05-11 08:00:00+00:00', '2023-05-11 09:00:00+00:00', '2023-05-11 10:00:00+00:00', '2023-05-11 11:00:00+00:00']",4,4.219,0.286,7056.571,5487.187
2023-05-11,H2.T.Z33,Q,"['2023-05-11 06:00:00+00:00', '2023-05-11 07:00:00+00:00', '2023-05-11 08:00:00+00:00', '2023-05-11 09:00:00+00:00', '2023-05-11 10:00:00+00:00', '2023-05-11 11:00:00+00:00', '2023-05-11 12:00:00+00:00', '2023-05-11 13:00:00+00:00', '2023-05-11 14:00:00+00:00', '2023-05-11 15:00:00+00:00', '2023-05-11 16:00:00+00:00']",11,4.153,0.6371,22133.506,13520.189
2023-05-11,H3.Z47,P2,"['2023-05-11 08:00:00+00:00', '2023-05-11 09:00:00+00:00', '2023-05-11 10:00:00+00:00', '2023-05-11 11:00:00+00:00']",4,4.14,0.6481,2145.262,1301.691
2023-05-11,H1.Z28,I3,"['2023-05-11 02:00:00+00:00', '2023-05-11 13:00:00+00:00', '2023-05-11 17:00:00+00:00', '2023-05-11 19:00:00+00:00', '2023-05-11 21:00:00+00:00']",5,4.103,0.1551,-54.343,-47.046
2023-05-11,H2.T.Z34,P3,"['2023-05-11 12:00:00+00:00', '2023-05-11 20:00:00+00:00', '2023-05-11 21:00:00+00:00']",3,4.003,0.1208,24344.163,21720.677
2023-05-11,H2.Z65,I2,"['2023-05-11 13:00:00+00:00', '2023-05-11 14:00:00+00:00', '2023-05-11 15:00:00+00:00', '2023-05-11 16:00:00+00:00', '2023-05-11 17:00:00+00:00', '2023-05-11 18:00:00+00:00', '2023-05-11 19:00:00+00:00', '2023-05-11 20:00:00+00:00', '2023-05-11 21:00:00+00:00', '2023-05-11 22:00:00+00:00', '2023-05-11 23:00:00+00:00']",11,3.974,0.1446,15.573,13.606
2023-05-11,H2.Z64,I2,"['2023-05-11 13:00:00+00:00', '2023-05-11 14:00:00+00:00', '2023-05-11 15:00:00+00:00', '2023-05-11 16:00:00+00:00', '2023-05-11 17:00:00+00:00', '2023-05-11 18:00:00+00:00', '2023-05-11 19:00:00+00:00', '2023-05-11 20:00:00+00:00', '2023-05-11 21:00:00+00:00', '2023-05-11 22:00:00+00:00', '2023-05-11 23:00:00+00:00']",11,3.962,0.1441,15.275,13.351
2023-05-11,H2.ZE65,I2,"['2023-05-11 13:00:00+00:00', '2023-05-11 14:00:00+00:00', '2023-05-11 15:00:00+00:00', '2023-05-11 16:00:00+00:00', '2023-05-11 17:00:00+00:00', '2023-05-11 18:00:00+00:00', '2023-05-11 19:00:00+00:00', '2023-05-11 20:00:00+00:00', '2023-05-11 21:00:00+00:00', '2023-05-11 22:00:00+00:00', '2023-05-11 23:00:00+00:00']",11,3.928,0.1445,15.626,13.653
2023-05-11,H2.ZE64,I2,"['2023-05-11 13:00:00+00:00', '2023-05-11 14:00:00+00:00', '2023-05-11 15:00:00+00:00', '2023-05-11 16:00:00+00:00', '2023-05-11 17:00:00+00:00', '2023-05-11 18:00:00+00:00', '2023-05-11 19:00:00+00:00', '2023-05-11 20:00:00+00:00', '2023-05-11 21:00:00+00:00', '2023-05-11 22:00:00+00:00', '2023-05-11 23:00:00+00:00']",11,3.926,0.1442,15.307,13.378
2023-05-11,H2.T.Z33,I3,"['2023-05-11 09:00:00+00:00', '2023-05-11 12:00:00+00:00', '2023-05-11 13:00:00+00:00']",3,3.876,0.6246,124.963,76.921
2023-05-11,V.Z81,I3,"['2023-05-11 02:00:00+00:00', '2023-05-11 13:00:00+00:00', '2023-05-11 15:00:00+00:00', '2023-05-11 17:00:00+00:00', '2023-05-11 19:00:00+00:00', '2023-05-11 21:00:00+00:00']",6,3.84,0.1479,143.348,124.877
2023-05-11,V.Z81,I2,"['2023-05-11 13:00:00+00:00', '2023-05-11 15:00:00+00:00', '2023-05-11 17:00:00+00:00', '2023-05-11 19:00:00+00:00', '2023-05-11 21:00:00+00:00']",5,3.837,0.1241,143.893,128.011
2023-05-11,H1.Z26,P3,"['2023-05-11 08:00:00+00:00', '2023-05-11 09:00:00+00:00', '2023-05-11 10:00:00+00:00', '2023-05-11 11:00:00+00:00']",4,3.803,0.4702,2675.666,1819.994
2023-05-11,H1.Z28,I1,"['2023-05-11 13:00:00+00:00', '2023-05-11 17:00:00+00:00', '2023-05-11 19:00:00+00:00', '2023-05-11 21:00:00+00:00']",4,3.781,0.1214,-76.174,-67.931
2023-05-11,H2.ZE66,I2,"['2023-05-11 11:00:00+00:00', '2023-05-11 12:00:00+00:00', '2023-05-11 13:00:00+00:00', '2023-05-11 14:00:00+00:00', '2023-05-11 15:00:00+00:00', '2023-05-11 16:00:00+00:00', '2023-05-11 17:00:00+00:00', '2023-05-11 18:00:00+00:00', '2023-05-11 19:00:00+00:00', '2023-05-11 20:00:00+00:00', '2023-05-11 21:00:00+00:00', '2023-05-11 22:00:00+00:00', '2023-05-11 23:00:00+00:00']",13,3.649,0.571,2.704,6.303
2023-05-11,H2.ZE66,I1,"['2023-05-11 11:00:00+00:00', '2023-05-11 12:00:00+00:00', '2023-05-11 13:00:00+00:00', '2023-05-11 14:00:00+00:00', '2023-05-11 15:00:00+00:00', '2023-05-11 16:00:00+00:00', '2023-05-11 17:00:00+00:00', '2023-05-11 18:00:00+00:00', '2023-05-11 19:00:00+00:00', '2023-05-11 20:00:00+00:00', '2023-05-11 21:00:00+00:00', '2023-05-11 22:00:00+00:00', '2023-05-11 23:00:00+00:00']",13,3.643,0.5733,2.748,6.439
2023-05-11,H2.ZE66,P2,"['2023-05-11 11:00:00+00:00', '2023-05-11 12:00:00+00:00', '2023-05-11 13:00:00+00:00', '2023-05-11 14:00:00+00:00', '2023-05-11 15:00:00+00:00', '2023-05-11 16:00:00+00:00', '2023-05-11 17:00:00+00:00', '2023-05-11 18:00:00+00:00', '2023-05-11 19:00:00+00:00', '2023-05-11 20:00:00+00:00', '2023-05-11 21:00:00+00:00', '2023-05-11 22:00:00+00:00', '2023-05-11 23:00:00+00:00']",13,3.64,0.5815,497.653,1189.237
2023-05-11,H2.ZE66,P,"['2023-05-11 11:00:00+00:00', '2023-05-11 12:00:00+00:00', '2023-05-11 13:00:00+00:00', '2023-05-11 14:00:00+00:00', '2023-05-11 15:00:00+00:00', '2023-05-11 16:00:00+00:00', '2023-05-11 17:00:00+00:00', '2023-05-11 18:00:00+00:00', '2023-05-11 19:00:00+00:00', '2023-05-11 20:00:00+00:00', '2023-05-11 21:00:00+00:00', '2023-05-11 22:00:00+00:00', '2023-05-11 23:00:00+00:00']",13,3.636,0.5802,1526.773,3636.923
2023-05-11,H2.ZE66,P1,"['2023-05-11 11:00:00+00:00', '2023-05-11 12:00:00+00:00', '2023-05-11 13:00:00+00:00', '2023-05-11 14:00:00+00:00', '2023-05-11 15:00:00+00:00', '2023-05-11 16:00:00+00:00', '2023-05-11 17:00:00+00:00', '2023-05-11 18:00:00+00:00', '2023-05-11 19:00:00+00:00', '2023-05-11 20:00:00+00:00', '2023-05-11 21:00:00+00:00', '2023-05-11 22:00:00+00:00', '2023-05-11 23:00:00+00:00']",13,3.631,0.5772,511.045,1208.591
2023-05-11,H2.ZE66,P3,"['2023-05-11 11:00:00+00:00', '2023-05-11 12:00:00+00:00', '2023-05-11 13:00:00+00:00', '2023-05-11 14:00:00+00:00', '2023-05-11 15:00:00+00:00', '2023-05-11 16:00:00+00:00', '2023-05-11 17:00:00+00:00', '2023-05-11 18:00:00+00:00', '2023-05-11 19:00:00+00:00', '2023-05-11 20:00:00+00:00', '2023-05-11 21:00:00+00:00', '2023-05-11 22:00:00+00:00', '2023-05-11 23:00:00+00:00']",13,3.618,0.5905,521.038,1272.253
2023-05-11,H1.Z15,I3,"['2023-05-11 17:00:00+00:00', '2023-05-11 19:00:00+00:00', '2023-05-11 21:00:00+00:00']",3,3.591,0.1294,-159.823,-141.506
2023-05-11,H4.ZE51,I3,"['2023-05-11 07:00:00+00:00', '2023-05-11 08:00:00+00:00', '2023-05-11 09:00:00+00:00']",3,3.586,0.2201,9.33,7.647
2023-05-11,H2.Z66,P,"['2023-05-11 11:00:00+00:00', '2023-05-11 12:00:00+00:00', '2023-05-11 13:00:00+00:00', '2023-05-11 14:00:00+00:00', '2023-05-11 15:00:00+00:00', '2023-05-11 16:00:00+00:00', '2023-05-11 17:00:00+00:00', '2023-05-11 18:00:00+00:00', '2023-05-11 19:00:00+00:00', '2023-05-11 20:00:00+00:00', '2023-05-11 21:00:00+00:00', '2023-05-11 22:00:00+00:00', '2023-05-11 23:00:00+00:00']",13,3.56,0.5813,1542.817,3685.185
2023-05-11,H2.Z66,P2,"['2023-05-11 11:00:00+00:00', '2023-05-11 12:00:00+00:00', '2023-05-11 13:00:00+00:00', '2023-05-11 14:00:00+00:00', '2023-05-11 15:00:00+00:00', '2023-05-11 16:00:00+00:00', '2023-05-11 17:00:00+00:00', '2023-05-11 18:00:00+00:00', '2023-05-11 19:00:00+00:00', '2023-05-11 20:00:00+00:00', '2023-05-11 21:00:00+00:00', '2023-05-11 22:00:00+00:00', '2023-05-11 23:00:00+00:00']",13,3.557,0.5824,503.757,1206.359
2023-05-11,H2.Z66,P1,"['2023-05-11 11:00:00+00:00', '2023-05-11 12:00:00+00:00', '2023-05-11 13:00:00+00:00', '2023-05-11 14:00:00+00:00', '2023-05-11 15:00:00+00:00', '2023-05-11 16:00:00+00:00', '2023-05-11 17:00:00+00:00', '2023-05-11 18:00:00+00:00', '2023-05-11 19:00:00+00:00', '2023-05-11 20:00:00+00:00', '2023-05-11 21:00:00+00:00', '2023-05-11 22:00:00+00:00', '2023-05-11 23:00:00+00:00']",13,3.549,0.5822,513.593,1229.17
2023-05-11,H2.Z66,Q,"['2023-05-11 11:00:00+00:00', '2023-05-11 12:00:00+00:00', '2023-05-11 13:00:00+00:00', '2023-05-11 14:00:00+00:00', '2023-05-11 15:00:00+00:00', '2023-05-11 16:00:00+00:00', '2023-05-11 17:00:00+00:00', '2023-05-11 18:00:00+00:00', '2023-05-11 19:00:00+00:00', '2023-05-11 20:00:00+00:00', '2023-05-11 21:00:00+00:00', '2023-05-11 22:00:00+00:00', '2023-05-11 23:00:00+00:00']",13,3.541,0.5796,1079.499,2567.635
2023-05-11,H2.T.Z32,P3,"['2023-05-11 10:00:00+00:00', '2023-05-11 11:00:00+00:00']",2,3.526,0.1988,2224.98,1855.93
2023-05-11,H4.ZE51,P3,"['2023-05-11 07:00:00+00:00', '2023-05-11 08:00:00+00:00', '2023-05-11 09:00:00+00:00']",3,3.499,0.347,1680.835,1247.811
2023-05-11,H1.Z15,I2,"['2023-05-11 17:00:00+00:00', '2023-05-11 21:00:00+00:00']",2,3.47,0.1038,-133.605,-121.042
2023-05-11,V.Z81,I1,"['2023-05-11 17:00:00+00:00', '2023-05-11 21:00:00+00:00']",2,3.465,0.1238,139.746,124.351
2023-05-11,H3.Z40,P,"['2023-05-11 08:00:00+00:00', '2023-05-11 12:00:00+00:00', '2023-05-11 13:00:00+00:00', '2023-05-11 14:00:00+00:00']",4,3.461,0.2136,9378.46,7727.759
2023-05-11,H3.ZE40,P,"['2023-05-11 08:00:00+00:00', '2023-05-11 12:00:00+00:00', '2023-05-11 13:00:00+00:00', '2023-05-11 14:00:00+00:00']",4,3.461,0.21,9600.869,7934.544
2023-05-11,H4.Z51,I3,"['2023-05-11 11:00:00+00:00', '2023-05-11 14:00:00+00:00']",2,3.407,0.1604,7.181,6.188
2023-05-11,H1.Z18,P3,"['2023-05-11 13:00:00+00:00', '2023-05-11 15:00:00+00:00', '2023-05-11 17:00:00+00:00', '2023-05-11 19:00:00+00:00']",4,3.375,0.5082,3.358,6.829
2023-05-11,H4.Z51,P3,"['2023-05-11 11:00:00+00:00', '2023-05-11 14:00:00+00:00']",2,3.33,0.2229,1228.962,1004.94
2023-05-11,H1.Z19,P3,"['2023-05-11 15:00:00+00:00', '2023-05-11 17:00:00+00:00', '2023-05-11 19:00:00+00:00', '2023-05-11 21:00:00+00:00']",4,3.281,1.8454,722.925,254.07
2023-05-11,H2.Z66,I2,"['2023-05-11 11:00:00+00:00', '2023-05-11 12:00:00+00:00', '2023-05-11 13:00:00+00:00', '2023-05-11 14:00:00+00:00', '2023-05-11 15:00:00+00:00', '2023-05-11 16:00:00+00:00', '2023-05-11 17:00:00+00:00', '2023-05-11 18:00:00+00:00', '2023-05-11 19:00:00+00:00', '2023-05-11 20:00:00+00:00', '2023-05-11 21:00:00+00:00', '2023-05-11 22:00:00+00:00', '2023-05-11 23:00:00+00:00']",13,3.223,0.5716,2.898,6.764
2023-05-11,H1.Z19,P1,"['2023-05-11 13:00:00+00:00', '2023-05-11 15:00:00+00:00', '2023-05-11 17:00:00+00:00', '2023-05-11 19:00:00+00:00', '2023-05-11 21:00:00+00:00']",5,3.21,1.861,17.665,6.174
2023-05-11,H1.Z29,P3,"['2023-05-11 13:00:00+00:00', '2023-05-11 15:00:00+00:00', '2023-05-11 17:00:00+00:00', '2023-05-11 19:00:00+00:00', '2023-05-11 21:00:00+00:00']",5,3.191,1.8728,-33122.213,-11529.534
2023-05-11,H1.Z20,P3,"['2023-05-11 13:00:00+00:00', '2023-05-11 15:00:00+00:00', '2023-05-11 17:00:00+00:00', '2023-05-11 19:00:00+00:00', '2023-05-11 21:00:00+00:00']",5,3.187,1.8763,-32478.962,-11292.062
2023-05-11,H1.ZE20,P3,"['2023-05-11 13:00:00+00:00', '2023-05-11 15:00:00+00:00', '2023-05-11 17:00:00+00:00', '2023-05-11 19:00:00+00:00', '2023-05-11 21:00:00+00:00']",5,3.182,1.8739,-32473.485,-11299.269
2023-05-11,H1.ZE20,P1,"['2023-05-11 13:00:00+00:00', '2023-05-11 15:00:00+00:00', '2023-05-11 17:00:00+00:00', '2023-05-11 19:00:00+00:00', '2023-05-11 21:00:00+00:00']",5,3.169,1.9471,-35992.78,-12212.831
2023-05-11,H1.Z20,P1,"['2023-05-11 13:00:00+00:00', '2023-05-11 15:00:00+00:00', '2023-05-11 17:00:00+00:00', '2023-05-11 19:00:00+00:00', '2023-05-11 21:00:00+00:00']",5,3.167,1.9467,-36027.697,-12226.286
2023-05-11,H1.Z29,P,"['2023-05-11 13:00:00+00:00', '2023-05-11 15:00:00+00:00', '2023-05-11 17:00:00+00:00', '2023-05-11 19:00:00+00:00', '2023-05-11 21:00:00+00:00']",5,3.166,1.9248,-103919.111,-35530.691
2023-05-11,H1.Z29,P1,"['2023-05-11 13:00:00+00:00', '2023-05-11 15:00:00+00:00', '2023-05-11 17:00:00+00:00', '2023-05-11 19:00:00+00:00', '2023-05-11 21:00:00+00:00']",5,3.166,1.9897,-36295.315,-12140.207
2023-05-11,H1.Z24,P1,"['2023-05-11 19:00:00+00:00', '2023-05-11 21:00:00+00:00']",2,3.164,0.5982,35.88,89.307
2023-05-11,H1.Z20,P,"['2023-05-11 13:00:00+00:00', '2023-05-11 15:00:00+00:00', '2023-05-11 17:00:00+00:00', '2023-05-11 19:00:00+00:00', '2023-05-11 21:00:00+00:00']",5,3.159,1.8974,-102674.559,-35436.856
2023-05-11,H1.ZE20,P,"['2023-05-11 13:00:00+00:00', '2023-05-11 15:00:00+00:00', '2023-05-11 17:00:00+00:00', '2023-05-11 19:00:00+00:00', '2023-05-11 21:00:00+00:00']",5,3.159,1.8969,-102627.829,-35427.22
2023-05-11,H1.ZE20,P2,"['2023-05-11 13:00:00+00:00', '2023-05-11 15:00:00+00:00', '2023-05-11 17:00:00+00:00', '2023-05-11 19:00:00+00:00', '2023-05-11 21:00:00+00:00']",5,3.159,1.8671,-34161.561,-11915.123
2023-05-11,H1.Z20,P2,"['2023-05-11 13:00:00+00:00', '2023-05-11 15:00:00+00:00', '2023-05-11 17:00:00+00:00', '2023-05-11 19:00:00+00:00', '2023-05-11 21:00:00+00:00']",5,3.158,1.8676,-34175.68,-11917.992
2023-05-11,H1.Z29,P2,"['2023-05-11 13:00:00+00:00', '2023-05-11 15:00:00+00:00', '2023-05-11 17:00:00+00:00', '2023-05-11 19:00:00+00:00', '2023-05-11 21:00:00+00:00']",5,3.153,1.9088,-34501.636,-11861.185
2023-05-11,H1.Z29,I3,"['2023-05-11 13:00:00+00:00', '2023-05-11 15:00:00+00:00', '2023-05-11 17:00:00+00:00', '2023-05-11 19:00:00+00:00', '2023-05-11 21:00:00+00:00']",5,3.139,1.8323,147.597,52.113
2023-05-11,H1.ZE20,I3,"['2023-05-11 13:00:00+00:00', '2023-05-11 15:00:00+00:00', '2023-05-11 17:00:00+00:00', '2023-05-11 19:00:00+00:00', '2023-05-11 21:00:00+00:00']",5,3.135,1.8263,-144.948,-51.285
2023-05-11,H1.Z20,I3,"['2023-05-11 13:00:00+00:00', '2023-05-11 15:00:00+00:00', '2023-05-11 17:00:00+00:00', '2023-05-11 19:00:00+00:00', '2023-05-11 21:00:00+00:00']",5,3.132,1.8273,-145.072,-51.311
2023-05-11,H2.Z66,P3,"['2023-05-11 11:00:00+00:00', '2023-05-11 12:00:00+00:00', '2023-05-11 13:00:00+00:00', '2023-05-11 14:00:00+00:00', '2023-05-11 15:00:00+00:00', '2023-05-11 16:00:00+00:00', '2023-05-11 17:00:00+00:00', '2023-05-11 18:00:00+00:00', '2023-05-11 19:00:00+00:00', '2023-05-11 20:00:00+00:00', '2023-05-11 21:00:00+00:00', '2023-05-11 22:00:00+00:00', '2023-05-11 23:00:00+00:00']",13,3.131,0.6168,503.663,1314.279
2023-05-11,H1.Z15,P2,"['2023-05-11 17:00:00+00:00', '2023-05-11 21:00:00+00:00']",2,3.119,2.3278,-9384.17,7067.295
2023-05-11,H1.Z29,I1,"['2023-05-11 13:00:00+00:00', '2023-05-11 15:00:00+00:00', '2023-05-11 17:00:00+00:00', '2023-05-11 19:00:00+00:00', '2023-05-11 21:00:00+00:00']",5,3.118,1.722,164.211,60.328
2023-05-11,H1.ZE20,I1,"['2023-05-11 13:00:00+00:00', '2023-05-11 15:00:00+00:00', '2023-05-11 17:00:00+00:00', '2023-05-11 19:00:00+00:00', '2023-05-11 21:00:00+00:00']",5,3.11,1.752,-162.226,-58.948
2023-05-11,H1.Z20,I1,"['2023-05-11 13:00:00+00:00', '2023-05-11 15:00:00+00:00', '2023-05-11 17:00:00+00:00', '2023-05-11 19:00:00+00:00', '2023-05-11 21:00:00+00:00']",5,3.105,1.7531,-162.478,-59.016
2023-05-11,H2.Z66,I1,"['2023-05-11 11:00:00+00:00', '2023-05-11 12:00:00+00:00', '2023-05-11 13:00:00+00:00', '2023-05-11 14:00:00+00:00', '2023-05-11 15:00:00+00:00', '2023-05-11 16:00:00+00:00', '2023-05-11 17:00:00+00:00', '2023-05-11 18:00:00+00:00', '2023-05-11 19:00:00+00:00', '2023-05-11 20:00:00+00:00', '2023-05-11 21:00:00+00:00', '2023-05-11 22:00:00+00:00', '2023-05-11 23:00:00+00:00']",13,3.102,0.5994,2.739,6.837
2023-05-11,H1.Z29,I2,"['2023-05-11 13:00:00+00:00', '2023-05-11 15:00:00+00:00', '2023-05-11 17:00:00+00:00', '2023-05-11 19:00:00+00:00', '2023-05-11 21:00:00+00:00']",5,3.096,1.7658,154.172,55.741
2023-05-11,H1.Z28,P1,"['2023-05-11 17:00:00+00:00', '2023-05-11 19:00:00+00:00', '2023-05-11 21:00:00+00:00']",3,3.093,1.8728,-4556.426,5220.181
2023-05-11,H1.ZE20,I2,"['2023-05-11 13:00:00+00:00', '2023-05-11 15:00:00+00:00', '2023-05-11 17:00:00+00:00', '2023-05-11 19:00:00+00:00', '2023-05-11 21:00:00+00:00']",5,3.093,1.8057,-151.877,-54.132
2023-05-11,H2.Z66,I3,"['2023-05-11 11:00:00+00:00', '2023-05-11 12:00:00+00:00', '2023-05-11 13:00:00+00:00', '2023-05-11 14:00:00+00:00', '2023-05-11 15:00:00+00:00', '2023-05-11 16:00:00+00:00', '2023-05-11 17:00:00+00:00', '2023-05-11 18:00:00+00:00', '2023-05-11 19:00:00+00:00', '2023-05-11 20:00:00+00:00', '2023-05-11 21:00:00+00:00', '2023-05-11 22:00:00+00:00', '2023-05-11 23:00:00+00:00']",13,3.085,0.6133,2.651,6.856
2023-05-11,H1.Z20,I2,"['2023-05-11 13:00:00+00:00', '2023-05-11 15:00:00+00:00', '2023-05-11 17:00:00+00:00', '2023-05-11 19:00:00+00:00', '2023-05-11 21:00:00+00:00']",5,3.084,1.8087,-152.045,-54.134
2023-05-11,H1.Z19,I3,"['2023-05-11 13:00:00+00:00', '2023-05-11 15:00:00+00:00', '2023-05-11 17:00:00+00:00', '2023-05-11 19:00:00+00:00', '2023-05-11 21:00:00+00:00']",5,3.081,1.806,5.8,2.067
2023-05-11,H1.Z15,P,"['2023-05-11 17:00:00+00:00', '2023-05-11 21:00:00+00:00']",2,3.08,1.7628,-21800.635,28580.428
2023-05-11,H1.Z15,P1,"['2023-05-11 17:00:00+00:00', '2023-05-11 19:00:00+00:00', '2023-05-11 21:00:00+00:00']",3,3.073,1.4406,-5007.121,11364.375
2023-05-11,H1.Z25,P1,"['2023-05-11 19:00:00+00:00', '2023-05-11 21:00:00+00:00']",2,3.071,0.4144,176.26,124.621
2023-05-11,H1.Z28,P,"['2023-05-11 17:00:00+00:00', '2023-05-11 19:00:00+00:00', '2023-05-11 21:00:00+00:00']",3,3.071,1.4426,-7576.034,17115.579
2023-05-11,H1.Z28,P2,"['2023-05-11 17:00:00+00:00', '2023-05-11 19:00:00+00:00', '2023-05-11 21:00:00+00:00']",3,3.07,1.196,-1488.469,7596.006
2023-05-11,H1.W12,P,"['2023-05-11 13:00:00+00:00', '2023-05-11 15:00:00+00:00', '2023-05-11 17:00:00+00:00', '2023-05-11 21:00:00+00:00']",4,3.056,1.8742,170955.368,59480.224
2023-05-11,H1.Z15,P3,"['2023-05-11 17:00:00+00:00', '2023-05-11 21:00:00+00:00']",2,3.039,1.7301,-7409.345,10148.857
2023-05-11,H4.ZE51,P,"['2023-05-11 08:00:00+00:00', '2023-05-11 09:00:00+00:00']",2,3.039,0.1468,5342.265,4658.583
