date,meter_urn,measurement,anomaly_hours,anomaly_count,max_z_score,target_mean,baseline_mean
2023-03-03,H1.Z26,W_out,"['2023-03-03 14:00:00+00:00', '2023-03-03 15:00:00+00:00', '2023-03-03 16:00:00+00:00', '2023-03-03 17:00:00+00:00', '2023-03-03 18:00:00+00:00', '2023-03-03 19:00:00+00:00', '2023-03-03 20:00:00+00:00', '2023-03-03 21:00:00+00:00', '2023-03-03 22:00:00+00:00', '2023-03-03 23:00:00+00:00']",10,86.497,921.935,920.941
2023-03-03,H2.Z61,P,['2023-03-03 13:00:00+00:00'],1,27.974,12828.587,12943.02
2023-03-03,H2.ZE67,W3,"['2023-03-03 00:00:00+00:00', '2023-03-03 01:00:00+00:00', '2023-03-03 02:00:00+00:00', '2023-03-03 03:00:00+00:00', '2023-03-03 04:00:00+00:00', '2023-03-03 05:00:00+00:00', '2023-03-03 06:00:00+00:00', '2023-03-03 07:00:00+00:00', '2023-03-03 08:00:00+00:00', '2023-03-03 09:00:00+00:00', '2023-03-03 10:00:00+00:00', '2023-03-03 11:00:00+00:00', '2023-03-03 12:00:00+00:00', '2023-03-03 13:00:00+00:00', '2023-03-03 14:00:00+00:00', '2023-03-03 15:00:00+00:00', '2023-03-03 16:00:00+00:00', '2023-03-03 17:00:00+00:00', '2023-03-03 18:00:00+00:00', '2023-03-03 19:00:00+00:00', '2023-03-03 20:00:00+00:00', '2023-03-03 21:00:00+00:00', '2023-03-03 22:00:00+00:00', '2023-03-03 23:00:00+00:00']",24,18.476,6311.197,6284.15
2023-03-03,H2.ZE67,W2,"['2023-03-03 00:00:00+00:00', '2023-03-03 01:00:00+00:00', '2023-03-03 02:00:00+00:00', '2023-03-03 03:00:00+00:00', '2023-03-03 04:00:00+00:00', '2023-03-03 05:00:00+00:00', '2023-03-03 06:00:00+00:00', '2023-03-03 07:00:00+00:00', '2023-03-03 08:00:00+00:00', '2023-03-03 09:00:00+00:00', '2023-03-03 10:00:00+00:00', '2023-03-03 11:00:00+00:00', '2023-03-03 12:00:00+00:00', '2023-03-03 13:00:00+00:00', '2023-03-03 14:00:00+00:00', '2023-03-03 15:00:00+00:00', '2023-03-03 16:00:00+00:00', '2023-03-03 17:00:00+00:00', '2023-03-03 18:00:00+00:00', '2023-03-03 19:00:00+00:00', '2023-03-03 20:00:00+00:00', '2023-03-03 21:00:00+00:00', '2023-03-03 22:00:00+00:00', '2023-03-03 23:00:00+00:00']",24,18.39,6175.946,6149.622
2023-03-03,H2.Z66,PF1,"['2023-03-03 05:00:00+00:00', '2023-03-03 07:00:00+00:00', '2023-03-03 09:00:00+00:00', '2023-03-03 10:00:00+00:00', '2023-03-03 11:00:00+00:00', '2023-03-03 12:00:00+00:00']",6,18.248,0.79,0.827
2023-03-03,H2.Z67,W,"['2023-03-03 00:00:00+00:00', '2023-03-03 01:00:00+00:00', '2023-03-03 02:00:00+00:00', '2023-03-03 03:00:00+00:00', '2023-03-03 04:00:00+00:00', '2023-03-03 05:00:00+00:00', '2023-03-03 06:00:00+00:00', '2023-03-03 07:00:00+00:00', '2023-03-03 08:00:00+00:00', '2023-03-03 09:00:00+00:00', '2023-03-03 10:00:00+00:00', '2023-03-03 11:00:00+00:00', '2023-03-03 12:00:00+00:00', '2023-03-03 13:00:00+00:00', '2023-03-03 14:00:00+00:00', '2023-03-03 15:00:00+00:00', '2023-03-03 16:00:00+00:00', '2023-03-03 17:00:00+00:00', '2023-03-03 18:00:00+00:00', '2023-03-03 19:00:00+00:00', '2023-03-03 20:00:00+00:00', '2023-03-03 21:00:00+00:00', '2023-03-03 22:00:00+00:00', '2023-03-03 23:00:00+00:00']",24,17.633,195882.767,195800.488
2023-03-03,H2.Z67,W_in,"['2023-03-03 00:00:00+00:00', '2023-03-03 01:00:00+00:00', '2023-03-03 02:00:00+00:00', '2023-03-03 03:00:00+00:00', '2023-03-03 04:00:00+00:00', '2023-03-03 05:00:00+00:00', '2023-03-03 06:00:00+00:00', '2023-03-03 07:00:00+00:00', '2023-03-03 08:00:00+00:00', '2023-03-03 09:00:00+00:00', '2023-03-03 10:00:00+00:00', '2023-03-03 11:00:00+00:00', '2023-03-03 12:00:00+00:00', '2023-03-03 13:00:00+00:00', '2023-03-03 14:00:00+00:00', '2023-03-03 15:00:00+00:00', '2023-03-03 16:00:00+00:00', '2023-03-03 17:00:00+00:00', '2023-03-03 18:00:00+00:00', '2023-03-03 19:00:00+00:00', '2023-03-03 20:00:00+00:00', '2023-03-03 21:00:00+00:00', '2023-03-03 22:00:00+00:00', '2023-03-03 23:00:00+00:00']",24,17.632,195882.757,195800.469
2023-03-03,H2.ZE67,W,"['2023-03-03 00:00:00+00:00', '2023-03-03 01:00:00+00:00', '2023-03-03 02:00:00+00:00', '2023-03-03 03:00:00+00:00', '2023-03-03 04:00:00+00:00', '2023-03-03 05:00:00+00:00', '2023-03-03 06:00:00+00:00', '2023-03-03 07:00:00+00:00', '2023-03-03 08:00:00+00:00', '2023-03-03 09:00:00+00:00', '2023-03-03 10:00:00+00:00', '2023-03-03 11:00:00+00:00', '2023-03-03 12:00:00+00:00', '2023-03-03 13:00:00+00:00', '2023-03-03 14:00:00+00:00', '2023-03-03 15:00:00+00:00', '2023-03-03 16:00:00+00:00', '2023-03-03 17:00:00+00:00', '2023-03-03 18:00:00+00:00', '2023-03-03 19:00:00+00:00', '2023-03-03 20:00:00+00:00', '2023-03-03 21:00:00+00:00', '2023-03-03 22:00:00+00:00', '2023-03-03 23:00:00+00:00']",24,17.533,18693.384,18612.36
2023-03-03,H2.ZE67,W_in,"['2023-03-03 00:00:00+00:00', '2023-03-03 01:00:00+00:00', '2023-03-03 02:00:00+00:00', '2023-03-03 03:00:00+00:00', '2023-03-03 04:00:00+00:00', '2023-03-03 05:00:00+00:00', '2023-03-03 06:00:00+00:00', '2023-03-03 07:00:00+00:00', '2023-03-03 08:00:00+00:00', '2023-03-03 09:00:00+00:00', '2023-03-03 10:00:00+00:00', '2023-03-03 11:00:00+00:00', '2023-03-03 12:00:00+00:00', '2023-03-03 13:00:00+00:00', '2023-03-03 14:00:00+00:00', '2023-03-03 15:00:00+00:00', '2023-03-03 16:00:00+00:00', '2023-03-03 17:00:00+00:00', '2023-03-03 18:00:00+00:00', '2023-03-03 19:00:00+00:00', '2023-03-03 20:00:00+00:00', '2023-03-03 21:00:00+00:00', '2023-03-03 22:00:00+00:00', '2023-03-03 23:00:00+00:00']",24,17.525,18696.583,18615.551
2023-03-03,H2.Z67,WQ,"['2023-03-03 00:00:00+00:00', '2023-03-03 01:00:00+00:00', '2023-03-03 02:00:00+00:00', '2023-03-03 03:00:00+00:00', '2023-03-03 04:00:00+00:00', '2023-03-03 05:00:00+00:00', '2023-03-03 06:00:00+00:00', '2023-03-03 07:00:00+00:00', '2023-03-03 08:00:00+00:00', '2023-03-03 09:00:00+00:00', '2023-03-03 10:00:00+00:00', '2023-03-03 11:00:00+00:00', '2023-03-03 12:00:00+00:00', '2023-03-03 13:00:00+00:00', '2023-03-03 14:00:00+00:00', '2023-03-03 15:00:00+00:00', '2023-03-03 16:00:00+00:00', '2023-03-03 17:00:00+00:00', '2023-03-03 18:00:00+00:00', '2023-03-03 19:00:00+00:00', '2023-03-03 20:00:00+00:00', '2023-03-03 21:00:00+00:00', '2023-03-03 22:00:00+00:00', '2023-03-03 23:00:00+00:00']",24,16.561,138473.753,138409.065
2023-03-03,H2.Z67,WQ_in,"['2023-03-03 00:00:00+00:00', '2023-03-03 01:00:00+00:00', '2023-03-03 02:00:00+00:00', '2023-03-03 03:00:00+00:00', '2023-03-03 04:00:00+00:00', '2023-03-03 05:00:00+00:00', '2023-03-03 06:00:00+00:00', '2023-03-03 07:00:00+00:00', '2023-03-03 08:00:00+00:00', '2023-03-03 09:00:00+00:00', '2023-03-03 10:00:00+00:00', '2023-03-03 11:00:00+00:00', '2023-03-03 12:00:00+00:00', '2023-03-03 13:00:00+00:00', '2023-03-03 14:00:00+00:00', '2023-03-03 15:00:00+00:00', '2023-03-03 16:00:00+00:00', '2023-03-03 17:00:00+00:00', '2023-03-03 18:00:00+00:00', '2023-03-03 19:00:00+00:00', '2023-03-03 20:00:00+00:00', '2023-03-03 21:00:00+00:00', '2023-03-03 22:00:00+00:00', '2023-03-03 23:00:00+00:00']",24,16.56,138473.753,138409.066
2023-03-03,H2.ZE67,W1,"['2023-03-03 00:00:00+00:00', '2023-03-03 01:00:00+00:00', '2023-03-03 02:00:00+00:00', '2023-03-03 03:00:00+00:00', '2023-03-03 04:00:00+00:00', '2023-03-03 05:00:00+00:00', '2023-03-03 06:00:00+00:00', '2023-03-03 07:00:00+00:00', '2023-03-03 08:00:00+00:00', '2023-03-03 09:00:00+00:00', '2023-03-03 10:00:00+00:00', '2023-03-03 11:00:00+00:00', '2023-03-03 12:00:00+00:00', '2023-03-03 13:00:00+00:00', '2023-03-03 14:00:00+00:00', '2023-03-03 15:00:00+00:00', '2023-03-03 16:00:00+00:00', '2023-03-03 17:00:00+00:00', '2023-03-03 18:00:00+00:00', '2023-03-03 19:00:00+00:00', '2023-03-03 20:00:00+00:00', '2023-03-03 21:00:00+00:00', '2023-03-03 22:00:00+00:00', '2023-03-03 23:00:00+00:00']",24,15.409,6206.237,6178.589
2023-03-03,H2.Z63,P,['2023-03-03 13:00:00+00:00'],1,12.567,17715.008,17830.173
2023-03-03,H2.Z62,Q,['2023-03-03 13:00:00+00:00'],1,12.343,341.48,348.32
2023-03-03,H1.Z16,P,['2023-03-03 13:00:00+00:00'],1,10.343,435.992,441.839
2023-03-03,H1.Z18,P,"['2023-03-03 06:00:00+00:00', '2023-03-03 07:00:00+00:00', '2023-03-03 08:00:00+00:00', '2023-03-03 09:00:00+00:00', '2023-03-03 10:00:00+00:00', '2023-03-03 11:00:00+00:00', '2023-03-03 12:00:00+00:00', '2023-03-03 13:00:00+00:00']",8,9.95,68.115,72.693
2023-03-03,H2.Z62,P,['2023-03-03 13:00:00+00:00'],1,8.193,14.321,14.718
2023-03-03,H1.Z16,Q,['2023-03-03 13:00:00+00:00'],1,7.43,47.607,48.844
2023-03-03,H1.Z21,WQ_in,"['2023-03-03 00:00:00+00:00', '2023-03-03 01:00:00+00:00', '2023-03-03 02:00:00+00:00', '2023-03-03 03:00:00+00:00', '2023-03-03 04:00:00+00:00', '2023-03-03 05:00:00+00:00', '2023-03-03 06:00:00+00:00', '2023-03-03 07:00:00+00:00', '2023-03-03 08:00:00+00:00', '2023-03-03 09:00:00+00:00', '2023-03-03 10:00:00+00:00', '2023-03-03 11:00:00+00:00', '2023-03-03 12:00:00+00:00', '2023-03-03 13:00:00+00:00', '2023-03-03 14:00:00+00:00', '2023-03-03 15:00:00+00:00', '2023-03-03 16:00:00+00:00', '2023-03-03 17:00:00+00:00', '2023-03-03 18:00:00+00:00', '2023-03-03 19:00:00+00:00', '2023-03-03 20:00:00+00:00', '2023-03-03 21:00:00+00:00', '2023-03-03 22:00:00+00:00', '2023-03-03 23:00:00+00:00']",24,6.506,6295.787,6295.712
2023-03-03,H1.Z29,W2,"['2023-03-03 00:00:00+00:00', '2023-03-03 01:00:00+00:00', '2023-03-03 02:00:00+00:00', '2023-03-03 03:00:00+00:00', '2023-03-03 04:00:00+00:00', '2023-03-03 05:00:00+00:00', '2023-03-03 06:00:00+00:00', '2023-03-03 07:00:00+00:00', '2023-03-03 08:00:00+00:00', '2023-03-03 09:00:00+00:00', '2023-03-03 10:00:00+00:00', '2023-03-03 11:00:00+00:00', '2023-03-03 12:00:00+00:00', '2023-03-03 13:00:00+00:00', '2023-03-03 14:00:00+00:00', '2023-03-03 15:00:00+00:00', '2023-03-03 16:00:00+00:00', '2023-03-03 17:00:00+00:00', '2023-03-03 18:00:00+00:00', '2023-03-03 19:00:00+00:00', '2023-03-03 20:00:00+00:00', '2023-03-03 21:00:00+00:00', '2023-03-03 22:00:00+00:00', '2023-03-03 23:00:00+00:00']",24,6.449,-767176.137,-764628.177
2023-03-03,H1.Z29,W1,"['2023-03-03 00:00:00+00:00', '2023-03-03 01:00:00+00:00', '2023-03-03 02:00:00+00:00', '2023-03-03 03:00:00+00:00', '2023-03-03 04:00:00+00:00', '2023-03-03 05:00:00+00:00', '2023-03-03 06:00:00+00:00', '2023-03-03 07:00:00+00:00', '2023-03-03 08:00:00+00:00', '2023-03-03 09:00:00+00:00', '2023-03-03 10:00:00+00:00', '2023-03-03 11:00:00+00:00', '2023-03-03 12:00:00+00:00', '2023-03-03 13:00:00+00:00', '2023-03-03 14:00:00+00:00', '2023-03-03 15:00:00+00:00', '2023-03-03 16:00:00+00:00', '2023-03-03 17:00:00+00:00', '2023-03-03 18:00:00+00:00', '2023-03-03 19:00:00+00:00', '2023-03-03 20:00:00+00:00', '2023-03-03 21:00:00+00:00', '2023-03-03 22:00:00+00:00', '2023-03-03 23:00:00+00:00']",24,6.429,-826634.406,-823902.344
2023-03-03,H1.Z29,W,"['2023-03-03 00:00:00+00:00', '2023-03-03 01:00:00+00:00', '2023-03-03 02:00:00+00:00', '2023-03-03 03:00:00+00:00', '2023-03-03 04:00:00+00:00', '2023-03-03 05:00:00+00:00', '2023-03-03 06:00:00+00:00', '2023-03-03 07:00:00+00:00', '2023-03-03 08:00:00+00:00', '2023-03-03 09:00:00+00:00', '2023-03-03 10:00:00+00:00', '2023-03-03 11:00:00+00:00', '2023-03-03 12:00:00+00:00', '2023-03-03 13:00:00+00:00', '2023-03-03 14:00:00+00:00', '2023-03-03 15:00:00+00:00', '2023-03-03 16:00:00+00:00', '2023-03-03 17:00:00+00:00', '2023-03-03 18:00:00+00:00', '2023-03-03 19:00:00+00:00', '2023-03-03 20:00:00+00:00', '2023-03-03 21:00:00+00:00', '2023-03-03 22:00:00+00:00', '2023-03-03 23:00:00+00:00']",24,6.426,-2301048.731,-2293301.68
2023-03-03,H1.Z29,W3,"['2023-03-03 00:00:00+00:00', '2023-03-03 01:00:00+00:00', '2023-03-03 02:00:00+00:00', '2023-03-03 03:00:00+00:00', '2023-03-03 04:00:00+00:00', '2023-03-03 05:00:00+00:00', '2023-03-03 06:00:00+00:00', '2023-03-03 07:00:00+00:00', '2023-03-03 08:00:00+00:00', '2023-03-03 09:00:00+00:00', '2023-03-03 10:00:00+00:00', '2023-03-03 11:00:00+00:00', '2023-03-03 12:00:00+00:00', '2023-03-03 13:00:00+00:00', '2023-03-03 14:00:00+00:00', '2023-03-03 15:00:00+00:00', '2023-03-03 16:00:00+00:00', '2023-03-03 17:00:00+00:00', '2023-03-03 18:00:00+00:00', '2023-03-03 19:00:00+00:00', '2023-03-03 20:00:00+00:00', '2023-03-03 21:00:00+00:00', '2023-03-03 22:00:00+00:00', '2023-03-03 23:00:00+00:00']",24,6.399,-707239.085,-704772.06
2023-03-03,H1.Z20,WQ,"['2023-03-03 00:00:00+00:00', '2023-03-03 01:00:00+00:00', '2023-03-03 02:00:00+00:00', '2023-03-03 03:00:00+00:00', '2023-03-03 04:00:00+00:00', '2023-03-03 05:00:00+00:00', '2023-03-03 06:00:00+00:00', '2023-03-03 07:00:00+00:00', '2023-03-03 08:00:00+00:00', '2023-03-03 09:00:00+00:00', '2023-03-03 10:00:00+00:00', '2023-03-03 11:00:00+00:00', '2023-03-03 12:00:00+00:00', '2023-03-03 13:00:00+00:00', '2023-03-03 14:00:00+00:00', '2023-03-03 15:00:00+00:00', '2023-03-03 16:00:00+00:00', '2023-03-03 17:00:00+00:00', '2023-03-03 18:00:00+00:00', '2023-03-03 19:00:00+00:00', '2023-03-03 20:00:00+00:00', '2023-03-03 21:00:00+00:00', '2023-03-03 22:00:00+00:00', '2023-03-03 23:00:00+00:00']",24,6.308,-251291.605,-250594.762
2023-03-03,H1.Z22,WQ_out,"['2023-03-03 00:00:00+00:00', '2023-03-03 01:00:00+00:00', '2023-03-03 02:00:00+00:00', '2023-03-03 03:00:00+00:00', '2023-03-03 04:00:00+00:00', '2023-03-03 05:00:00+00:00', '2023-03-03 06:00:00+00:00', '2023-03-03 07:00:00+00:00', '2023-03-03 08:00:00+00:00', '2023-03-03 09:00:00+00:00', '2023-03-03 10:00:00+00:00', '2023-03-03 11:00:00+00:00', '2023-03-03 12:00:00+00:00', '2023-03-03 13:00:00+00:00', '2023-03-03 14:00:00+00:00', '2023-03-03 15:00:00+00:00', '2023-03-03 16:00:00+00:00', '2023-03-03 17:00:00+00:00', '2023-03-03 18:00:00+00:00', '2023-03-03 19:00:00+00:00', '2023-03-03 20:00:00+00:00', '2023-03-03 21:00:00+00:00', '2023-03-03 22:00:00+00:00', '2023-03-03 23:00:00+00:00']",24,6.295,176.509,176.328
2023-03-03,H1.W12,W,"['2023-03-03 00:00:00+00:00', '2023-03-03 01:00:00+00:00', '2023-03-03 02:00:00+00:00', '2023-03-03 03:00:00+00:00', '2023-03-03 04:00:00+00:00', '2023-03-03 05:00:00+00:00', '2023-03-03 06:00:00+00:00', '2023-03-03 07:00:00+00:00', '2023-03-03 08:00:00+00:00', '2023-03-03 09:00:00+00:00', '2023-03-03 10:00:00+00:00', '2023-03-03 11:00:00+00:00', '2023-03-03 12:00:00+00:00', '2023-03-03 13:00:00+00:00', '2023-03-03 14:00:00+00:00', '2023-03-03 15:00:00+00:00', '2023-03-03 16:00:00+00:00', '2023-03-03 17:00:00+00:00', '2023-03-03 18:00:00+00:00', '2023-03-03 19:00:00+00:00', '2023-03-03 20:00:00+00:00', '2023-03-03 21:00:00+00:00', '2023-03-03 22:00:00+00:00', '2023-03-03 23:00:00+00:00']",24,6.246,4984241.875,4971724.881
2023-03-03,H1.ZE20,W1,"['2023-03-03 00:00:00+00:00', '2023-03-03 01:00:00+00:00', '2023-03-03 02:00:00+00:00', '2023-03-03 03:00:00+00:00', '2023-03-03 04:00:00+00:00', '2023-03-03 05:00:00+00:00', '2023-03-03 06:00:00+00:00', '2023-03-03 07:00:00+00:00', '2023-03-03 08:00:00+00:00', '2023-03-03 09:00:00+00:00', '2023-03-03 10:00:00+00:00', '2023-03-03 11:00:00+00:00', '2023-03-03 12:00:00+00:00', '2023-03-03 13:00:00+00:00', '2023-03-03 14:00:00+00:00', '2023-03-03 15:00:00+00:00', '2023-03-03 16:00:00+00:00', '2023-03-03 17:00:00+00:00', '2023-03-03 18:00:00+00:00', '2023-03-03 19:00:00+00:00', '2023-03-03 20:00:00+00:00', '2023-03-03 21:00:00+00:00', '2023-03-03 22:00:00+00:00', '2023-03-03 23:00:00+00:00']",24,6.237,-162585.343,-159781.635
2023-03-03,H1.Z20,WQ_out,"['2023-03-03 00:00:00+00:00', '2023-03-03 01:00:00+00:00', '2023-03-03 02:00:00+00:00', '2023-03-03 03:00:00+00:00', '2023-03-03 04:00:00+00:00', '2023-03-03 05:00:00+00:00', '2023-03-03 06:00:00+00:00', '2023-03-03 07:00:00+00:00', '2023-03-03 08:00:00+00:00', '2023-03-03 09:00:00+00:00', '2023-03-03 10:00:00+00:00', '2023-03-03 11:00:00+00:00', '2023-03-03 12:00:00+00:00', '2023-03-03 13:00:00+00:00', '2023-03-03 14:00:00+00:00', '2023-03-03 15:00:00+00:00', '2023-03-03 16:00:00+00:00', '2023-03-03 17:00:00+00:00', '2023-03-03 18:00:00+00:00', '2023-03-03 19:00:00+00:00', '2023-03-03 20:00:00+00:00', '2023-03-03 21:00:00+00:00', '2023-03-03 22:00:00+00:00', '2023-03-03 23:00:00+00:00']",24,6.236,266384.674,265678.918
2023-03-03,H1.ZE20,W,"['2023-03-03 00:00:00+00:00', '2023-03-03 01:00:00+00:00', '2023-03-03 02:00:00+00:00', '2023-03-03 03:00:00+00:00', '2023-03-03 04:00:00+00:00', '2023-03-03 05:00:00+00:00', '2023-03-03 06:00:00+00:00', '2023-03-03 07:00:00+00:00', '2023-03-03 08:00:00+00:00', '2023-03-03 09:00:00+00:00', '2023-03-03 10:00:00+00:00', '2023-03-03 11:00:00+00:00', '2023-03-03 12:00:00+00:00', '2023-03-03 13:00:00+00:00', '2023-03-03 14:00:00+00:00', '2023-03-03 15:00:00+00:00', '2023-03-03 16:00:00+00:00', '2023-03-03 17:00:00+00:00', '2023-03-03 18:00:00+00:00', '2023-03-03 19:00:00+00:00', '2023-03-03 20:00:00+00:00', '2023-03-03 21:00:00+00:00', '2023-03-03 22:00:00+00:00', '2023-03-03 23:00:00+00:00']",24,6.233,-458802.228,-450862.79
2023-03-03,H1.ZE20,W2,"['2023-03-03 00:00:00+00:00', '2023-03-03 01:00:00+00:00', '2023-03-03 02:00:00+00:00', '2023-03-03 03:00:00+00:00', '2023-03-03 04:00:00+00:00', '2023-03-03 05:00:00+00:00', '2023-03-03 06:00:00+00:00', '2023-03-03 07:00:00+00:00', '2023-03-03 08:00:00+00:00', '2023-03-03 09:00:00+00:00', '2023-03-03 10:00:00+00:00', '2023-03-03 11:00:00+00:00', '2023-03-03 12:00:00+00:00', '2023-03-03 13:00:00+00:00', '2023-03-03 14:00:00+00:00', '2023-03-03 15:00:00+00:00', '2023-03-03 16:00:00+00:00', '2023-03-03 17:00:00+00:00', '2023-03-03 18:00:00+00:00', '2023-03-03 19:00:00+00:00', '2023-03-03 20:00:00+00:00', '2023-03-03 21:00:00+00:00', '2023-03-03 22:00:00+00:00', '2023-03-03 23:00:00+00:00']",24,6.233,-150902.012,-148278.214
2023-03-03,H1.Z20,W,"['2023-03-03 00:00:00+00:00', '2023-03-03 01:00:00+00:00', '2023-03-03 02:00:00+00:00', '2023-03-03 03:00:00+00:00', '2023-03-03 04:00:00+00:00', '2023-03-03 05:00:00+00:00', '2023-03-03 06:00:00+00:00', '2023-03-03 07:00:00+00:00', '2023-03-03 08:00:00+00:00', '2023-03-03 09:00:00+00:00', '2023-03-03 10:00:00+00:00', '2023-03-03 11:00:00+00:00', '2023-03-03 12:00:00+00:00', '2023-03-03 13:00:00+00:00', '2023-03-03 14:00:00+00:00', '2023-03-03 15:00:00+00:00', '2023-03-03 16:00:00+00:00', '2023-03-03 17:00:00+00:00', '2023-03-03 18:00:00+00:00', '2023-03-03 19:00:00+00:00', '2023-03-03 20:00:00+00:00', '2023-03-03 21:00:00+00:00', '2023-03-03 22:00:00+00:00', '2023-03-03 23:00:00+00:00']",24,6.232,-3081466.782,-3073534.341
2023-03-03,H1.Z29,W_out,"['2023-03-03 00:00:00+00:00', '2023-03-03 01:00:00+00:00', '2023-03-03 02:00:00+00:00', '2023-03-03 03:00:00+00:00', '2023-03-03 04:00:00+00:00', '2023-03-03 05:00:00+00:00', '2023-03-03 06:00:00+00:00', '2023-03-03 07:00:00+00:00', '2023-03-03 08:00:00+00:00', '2023-03-03 09:00:00+00:00', '2023-03-03 10:00:00+00:00', '2023-03-03 11:00:00+00:00', '2023-03-03 12:00:00+00:00', '2023-03-03 13:00:00+00:00', '2023-03-03 14:00:00+00:00', '2023-03-03 15:00:00+00:00', '2023-03-03 16:00:00+00:00', '2023-03-03 17:00:00+00:00', '2023-03-03 18:00:00+00:00', '2023-03-03 19:00:00+00:00', '2023-03-03 20:00:00+00:00', '2023-03-03 21:00:00+00:00', '2023-03-03 22:00:00+00:00', '2023-03-03 23:00:00+00:00']",24,6.23,2927882.417,2919960.23
2023-03-03,H1.ZE20,W3,"['2023-03-03 00:00:00+00:00', '2023-03-03 01:00:00+00:00', '2023-03-03 02:00:00+00:00', '2023-03-03 03:00:00+00:00', '2023-03-03 04:00:00+00:00', '2023-03-03 05:00:00+00:00', '2023-03-03 06:00:00+00:00', '2023-03-03 07:00:00+00:00', '2023-03-03 08:00:00+00:00', '2023-03-03 09:00:00+00:00', '2023-03-03 10:00:00+00:00', '2023-03-03 11:00:00+00:00', '2023-03-03 12:00:00+00:00', '2023-03-03 13:00:00+00:00', '2023-03-03 14:00:00+00:00', '2023-03-03 15:00:00+00:00', '2023-03-03 16:00:00+00:00', '2023-03-03 17:00:00+00:00', '2023-03-03 18:00:00+00:00', '2023-03-03 19:00:00+00:00', '2023-03-03 20:00:00+00:00', '2023-03-03 21:00:00+00:00', '2023-03-03 22:00:00+00:00', '2023-03-03 23:00:00+00:00']",24,6.227,-145314.874,-142802.939
2023-03-03,H1.ZE20,W_out,"['2023-03-03 00:00:00+00:00', '2023-03-03 01:00:00+00:00', '2023-03-03 02:00:00+00:00', '2023-03-03 03:00:00+00:00', '2023-03-03 04:00:00+00:00', '2023-03-03 05:00:00+00:00', '2023-03-03 06:00:00+00:00', '2023-03-03 07:00:00+00:00', '2023-03-03 08:00:00+00:00', '2023-03-03 09:00:00+00:00', '2023-03-03 10:00:00+00:00', '2023-03-03 11:00:00+00:00', '2023-03-03 12:00:00+00:00', '2023-03-03 13:00:00+00:00', '2023-03-03 14:00:00+00:00', '2023-03-03 15:00:00+00:00', '2023-03-03 16:00:00+00:00', '2023-03-03 17:00:00+00:00', '2023-03-03 18:00:00+00:00', '2023-03-03 19:00:00+00:00', '2023-03-03 20:00:00+00:00', '2023-03-03 21:00:00+00:00', '2023-03-03 22:00:00+00:00', '2023-03-03 23:00:00+00:00']",24,6.222,460184.933,452235.85
2023-03-03,H1.Z20,W_out,"['2023-03-03 00:00:00+00:00', '2023-03-03 01:00:00+00:00', '2023-03-03 02:00:00+00:00', '2023-03-03 03:00:00+00:00', '2023-03-03 04:00:00+00:00', '2023-03-03 05:00:00+00:00', '2023-03-03 06:00:00+00:00', '2023-03-03 07:00:00+00:00', '2023-03-03 08:00:00+00:00', '2023-03-03 09:00:00+00:00', '2023-03-03 10:00:00+00:00', '2023-03-03 11:00:00+00:00', '2023-03-03 12:00:00+00:00', '2023-03-03 13:00:00+00:00', '2023-03-03 14:00:00+00:00', '2023-03-03 15:00:00+00:00', '2023-03-03 16:00:00+00:00', '2023-03-03 17:00:00+00:00', '2023-03-03 18:00:00+00:00', '2023-03-03 19:00:00+00:00', '2023-03-03 20:00:00+00:00', '2023-03-03 21:00:00+00:00', '2023-03-03 22:00:00+00:00', '2023-03-03 23:00:00+00:00']",24,6.221,3094860.469,3086918.448
2023-03-03,H2.Z61,Q,['2023-03-03 13:00:00+00:00'],1,5.915,9107.709,9433.202
2023-03-03,H1.Z28,W_out,"['2023-03-03 00:00:00+00:00', '2023-03-03 01:00:00+00:00', '2023-03-03 02:00:00+00:00', '2023-03-03 03:00:00+00:00', '2023-03-03 04:00:00+00:00', '2023-03-03 05:00:00+00:00', '2023-03-03 06:00:00+00:00', '2023-03-03 07:00:00+00:00', '2023-03-03 08:00:00+00:00', '2023-03-03 09:00:00+00:00', '2023-03-03 10:00:00+00:00', '2023-03-03 11:00:00+00:00', '2023-03-03 12:00:00+00:00', '2023-03-03 13:00:00+00:00', '2023-03-03 14:00:00+00:00', '2023-03-03 15:00:00+00:00', '2023-03-03 16:00:00+00:00', '2023-03-03 17:00:00+00:00', '2023-03-03 18:00:00+00:00', '2023-03-03 19:00:00+00:00', '2023-03-03 20:00:00+00:00', '2023-03-03 21:00:00+00:00', '2023-03-03 22:00:00+00:00', '2023-03-03 23:00:00+00:00']",24,5.851,491832.299,490586.83
2023-03-03,H1.W12,V,"['2023-03-03 00:00:00+00:00', '2023-03-03 01:00:00+00:00', '2023-03-03 02:00:00+00:00', '2023-03-03 03:00:00+00:00', '2023-03-03 04:00:00+00:00', '2023-03-03 05:00:00+00:00', '2023-03-03 06:00:00+00:00', '2023-03-03 07:00:00+00:00', '2023-03-03 08:00:00+00:00', '2023-03-03 09:00:00+00:00', '2023-03-03 10:00:00+00:00', '2023-03-03 11:00:00+00:00', '2023-03-03 12:00:00+00:00', '2023-03-03 13:00:00+00:00', '2023-03-03 14:00:00+00:00', '2023-03-03 15:00:00+00:00', '2023-03-03 16:00:00+00:00', '2023-03-03 17:00:00+00:00', '2023-03-03 18:00:00+00:00', '2023-03-03 19:00:00+00:00', '2023-03-03 20:00:00+00:00', '2023-03-03 21:00:00+00:00', '2023-03-03 22:00:00+00:00', '2023-03-03 23:00:00+00:00']",24,5.847,391547931.25,390792678.988
2023-03-03,V.Z81,W_out,"['2023-03-03 00:00:00+00:00', '2023-03-03 01:00:00+00:00', '2023-03-03 02:00:00+00:00', '2023-03-03 03:00:00+00:00', '2023-03-03 04:00:00+00:00', '2023-03-03 05:00:00+00:00', '2023-03-03 06:00:00+00:00', '2023-03-03 07:00:00+00:00', '2023-03-03 08:00:00+00:00', '2023-03-03 09:00:00+00:00', '2023-03-03 10:00:00+00:00', '2023-03-03 11:00:00+00:00', '2023-03-03 12:00:00+00:00', '2023-03-03 13:00:00+00:00', '2023-03-03 14:00:00+00:00', '2023-03-03 15:00:00+00:00', '2023-03-03 16:00:00+00:00', '2023-03-03 17:00:00+00:00', '2023-03-03 18:00:00+00:00', '2023-03-03 19:00:00+00:00', '2023-03-03 20:00:00+00:00', '2023-03-03 21:00:00+00:00', '2023-03-03 22:00:00+00:00', '2023-03-03 23:00:00+00:00']",24,5.797,840053.838,837353.387
2023-03-03,H1.Z15,W_out,"['2023-03-03 00:00:00+00:00', '2023-03-03 01:00:00+00:00', '2023-03-03 02:00:00+00:00', '2023-03-03 03:00:00+00:00', '2023-03-03 04:00:00+00:00', '2023-03-03 05:00:00+00:00', '2023-03-03 06:00:00+00:00', '2023-03-03 07:00:00+00:00', '2023-03-03 08:00:00+00:00', '2023-03-03 09:00:00+00:00', '2023-03-03 10:00:00+00:00', '2023-03-03 11:00:00+00:00', '2023-03-03 12:00:00+00:00', '2023-03-03 13:00:00+00:00', '2023-03-03 14:00:00+00:00', '2023-03-03 15:00:00+00:00', '2023-03-03 16:00:00+00:00', '2023-03-03 17:00:00+00:00', '2023-03-03 18:00:00+00:00', '2023-03-03 19:00:00+00:00', '2023-03-03 20:00:00+00:00', '2023-03-03 21:00:00+00:00', '2023-03-03 22:00:00+00:00', '2023-03-03 23:00:00+00:00']",24,5.794,903805.806,900696.992
2023-03-03,V.Z82,W_out,"['2023-03-03 00:00:00+00:00', '2023-03-03 01:00:00+00:00', '2023-03-03 02:00:00+00:00', '2023-03-03 03:00:00+00:00', '2023-03-03 04:00:00+00:00', '2023-03-03 05:00:00+00:00', '2023-03-03 06:00:00+00:00', '2023-03-03 07:00:00+00:00', '2023-03-03 08:00:00+00:00', '2023-03-03 09:00:00+00:00', '2023-03-03 10:00:00+00:00', '2023-03-03 11:00:00+00:00', '2023-03-03 12:00:00+00:00', '2023-03-03 13:00:00+00:00', '2023-03-03 14:00:00+00:00', '2023-03-03 15:00:00+00:00', '2023-03-03 16:00:00+00:00', '2023-03-03 17:00:00+00:00', '2023-03-03 18:00:00+00:00', '2023-03-03 19:00:00+00:00', '2023-03-03 20:00:00+00:00', '2023-03-03 21:00:00+00:00', '2023-03-03 22:00:00+00:00', '2023-03-03 23:00:00+00:00']",24,5.778,592072.63,590111.303
2023-03-03,H2.Z67,I2,"['2023-03-03 00:00:00+00:00', '2023-03-03 01:00:00+00:00', '2023-03-03 02:00:00+00:00', '2023-03-03 04:00:00+00:00', '2023-03-03 05:00:00+00:00', '2023-03-03 07:00:00+00:00', '2023-03-03 08:00:00+00:00', '2023-03-03 09:00:00+00:00', '2023-03-03 10:00:00+00:00', '2023-03-03 11:00:00+00:00', '2023-03-03 12:00:00+00:00', '2023-03-03 13:00:00+00:00', '2023-03-03 14:00:00+00:00', '2023-03-03 15:00:00+00:00', '2023-03-03 16:00:00+00:00', '2023-03-03 17:00:00+00:00', '2023-03-03 18:00:00+00:00', '2023-03-03 19:00:00+00:00', '2023-03-03 20:00:00+00:00', '2023-03-03 21:00:00+00:00', '2023-03-03 22:00:00+00:00', '2023-03-03 23:00:00+00:00']",22,5.445,6.963,0.598
2023-03-03,H3.Z71,P,['2023-03-03 13:00:00+00:00'],1,5.417,7428.714,7515.732
2023-03-03,H1.Z22,PF2,"['2023-03-03 09:00:00+00:00', '2023-03-03 10:00:00+00:00', '2023-03-03 11:00:00+00:00', '2023-03-03 12:00:00+00:00', '2023-03-03 13:00:00+00:00']",5,5.271,0.192,0.046
2023-03-03,H1.W11,P,"['2023-03-03 01:00:00+00:00', '2023-03-03 02:00:00+00:00', '2023-03-03 03:00:00+00:00', '2023-03-03 04:00:00+00:00', '2023-03-03 06:00:00+00:00', '2023-03-03 07:00:00+00:00', '2023-03-03 08:00:00+00:00', '2023-03-03 17:00:00+00:00', '2023-03-03 22:00:00+00:00']",9,5.006,481023.611,291955.333
2023-03-03,H4.Z50,P2,"['2023-03-03 09:00:00+00:00', '2023-03-03 10:00:00+00:00']",2,4.964,1525.12,1009.569
2023-03-03,H4.Z50,I2,"['2023-03-03 09:00:00+00:00', '2023-03-03 10:00:00+00:00']",2,4.945,7.192,4.893
2023-03-03,H2.Z67,I1,"['2023-03-03 00:00:00+00:00', '2023-03-03 02:00:00+00:00', '2023-03-03 03:00:00+00:00', '2023-03-03 04:00:00+00:00', '2023-03-03 05:00:00+00:00', '2023-03-03 07:00:00+00:00', '2023-03-03 08:00:00+00:00', '2023-03-03 09:00:00+00:00', '2023-03-03 10:00:00+00:00', '2023-03-03 11:00:00+00:00', '2023-03-03 13:00:00+00:00', '2023-03-03 14:00:00+00:00', '2023-03-03 15:00:00+00:00', '2023-03-03 16:00:00+00:00', '2023-03-03 17:00:00+00:00', '2023-03-03 19:00:00+00:00', '2023-03-03 20:00:00+00:00', '2023-03-03 21:00:00+00:00', '2023-03-03 22:00:00+00:00']",19,4.912,6.889,0.608
2023-03-03,H1.Z17,PF1,"['2023-03-03 00:00:00+00:00', '2023-03-03 01:00:00+00:00', '2023-03-03 06:00:00+00:00', '2023-03-03 07:00:00+00:00', '2023-03-03 08:00:00+00:00', '2023-03-03 09:00:00+00:00', '2023-03-03 10:00:00+00:00', '2023-03-03 11:00:00+00:00', '2023-03-03 12:00:00+00:00', '2023-03-03 13:00:00+00:00', '2023-03-03 14:00:00+00:00', '2023-03-03 15:00:00+00:00', '2023-03-03 16:00:00+00:00', '2023-03-03 17:00:00+00:00', '2023-03-03 19:00:00+00:00', '2023-03-03 20:00:00+00:00', '2023-03-03 21:00:00+00:00', '2023-03-03 22:00:00+00:00']",18,4.852,0.935,0.99
2023-03-03,H4.ZE50,P2,"['2023-03-03 09:00:00+00:00', '2023-03-03 10:00:00+00:00', '2023-03-03 11:00:00+00:00']",3,4.848,1168.787,756.732
2023-03-03,H1.Z22,P2,"['2023-03-03 10:00:00+00:00', '2023-03-03 11:00:00+00:00', '2023-03-03 12:00:00+00:00']",3,4.827,4.613,1.319
2023-03-03,H4.ZE50,I2,"['2023-03-03 09:00:00+00:00', '2023-03-03 10:00:00+00:00', '2023-03-03 11:00:00+00:00']",3,4.799,5.444,3.639
2023-03-03,H1.Z10,I2,"['2023-03-03 12:00:00+00:00', '2023-03-03 13:00:00+00:00']",2,4.797,10.322,8.794
2023-03-03,H1.Z10,P2,"['2023-03-03 12:00:00+00:00', '2023-03-03 13:00:00+00:00']",2,4.712,2117.62,1852.462
2023-03-03,H1.K15,Tdiff,"['2023-03-03 00:00:00+00:00', '2023-03-03 01:00:00+00:00', '2023-03-03 02:00:00+00:00', '2023-03-03 03:00:00+00:00', '2023-03-03 04:00:00+00:00', '2023-03-03 05:00:00+00:00', '2023-03-03 06:00:00+00:00', '2023-03-03 07:00:00+00:00', '2023-03-03 08:00:00+00:00', '2023-03-03 09:00:00+00:00', '2023-03-03 10:00:00+00:00', '2023-03-03 11:00:00+00:00', '2023-03-03 12:00:00+00:00', '2023-03-03 13:00:00+00:00', '2023-03-03 14:00:00+00:00', '2023-03-03 15:00:00+00:00', '2023-03-03 16:00:00+00:00', '2023-03-03 17:00:00+00:00', '2023-03-03 18:00:00+00:00', '2023-03-03 19:00:00+00:00', '2023-03-03 20:00:00+00:00', '2023-03-03 21:00:00+00:00', '2023-03-03 22:00:00+00:00', '2023-03-03 23:00:00+00:00']",24,4.711,-10759.184,-7244.478
2023-03-03,H2.Z67,I3,"['2023-03-03 00:00:00+00:00', '2023-03-03 02:00:00+00:00', '2023-03-03 03:00:00+00:00', '2023-03-03 04:00:00+00:00', '2023-03-03 05:00:00+00:00', '2023-03-03 06:00:00+00:00', '2023-03-03 07:00:00+00:00', '2023-03-03 08:00:00+00:00', '2023-03-03 09:00:00+00:00', '2023-03-03 10:00:00+00:00', '2023-03-03 11:00:00+00:00', '2023-03-03 13:00:00+00:00', '2023-03-03 14:00:00+00:00', '2023-03-03 15:00:00+00:00', '2023-03-03 16:00:00+00:00', '2023-03-03 17:00:00+00:00', '2023-03-03 19:00:00+00:00', '2023-03-03 20:00:00+00:00', '2023-03-03 21:00:00+00:00', '2023-03-03 22:00:00+00:00', '2023-03-03 23:00:00+00:00']",21,4.672,7.055,0.516
2023-03-03,H1.K15,Tvl,"['2023-03-03 00:00:00+00:00', '2023-03-03 01:00:00+00:00', '2023-03-03 02:00:00+00:00', '2023-03-03 03:00:00+00:00', '2023-03-03 04:00:00+00:00', '2023-03-03 05:00:00+00:00', '2023-03-03 06:00:00+00:00', '2023-03-03 07:00:00+00:00', '2023-03-03 08:00:00+00:00', '2023-03-03 09:00:00+00:00', '2023-03-03 10:00:00+00:00', '2023-03-03 11:00:00+00:00', '2023-03-03 12:00:00+00:00', '2023-03-03 13:00:00+00:00', '2023-03-03 14:00:00+00:00', '2023-03-03 15:00:00+00:00', '2023-03-03 16:00:00+00:00', '2023-03-03 17:00:00+00:00', '2023-03-03 18:00:00+00:00', '2023-03-03 19:00:00+00:00', '2023-03-03 20:00:00+00:00', '2023-03-03 21:00:00+00:00']",22,4.612,9.818,8.132
2023-03-03,H3.Z47,I1,"['2023-03-03 08:00:00+00:00', '2023-03-03 10:00:00+00:00', '2023-03-03 11:00:00+00:00', '2023-03-03 12:00:00+00:00', '2023-03-03 13:00:00+00:00', '2023-03-03 14:00:00+00:00', '2023-03-03 15:00:00+00:00', '2023-03-03 16:00:00+00:00']",8,4.596,11.353,8.73
2023-03-03,H3.Z49,WQ_in,"['2023-03-03 12:00:00+00:00', '2023-03-03 13:00:00+00:00', '2023-03-03 14:00:00+00:00', '2023-03-03 15:00:00+00:00', '2023-03-03 16:00:00+00:00', '2023-03-03 17:00:00+00:00', '2023-03-03 18:00:00+00:00', '2023-03-03 19:00:00+00:00', '2023-03-03 20:00:00+00:00', '2023-03-03 21:00:00+00:00', '2023-03-03 22:00:00+00:00', '2023-03-03 23:00:00+00:00']",12,4.503,1134.314,1132.72
2023-03-03,H2.Z67,PF3,"['2023-03-03 00:00:00+00:00', '2023-03-03 01:00:00+00:00', '2023-03-03 02:00:00+00:00', '2023-03-03 03:00:00+00:00', '2023-03-03 04:00:00+00:00', '2023-03-03 05:00:00+00:00', '2023-03-03 06:00:00+00:00', '2023-03-03 07:00:00+00:00', '2023-03-03 08:00:00+00:00', '2023-03-03 09:00:00+00:00', '2023-03-03 10:00:00+00:00', '2023-03-03 11:00:00+00:00', '2023-03-03 12:00:00+00:00', '2023-03-03 13:00:00+00:00', '2023-03-03 14:00:00+00:00', '2023-03-03 15:00:00+00:00', '2023-03-03 16:00:00+00:00', '2023-03-03 17:00:00+00:00', '2023-03-03 19:00:00+00:00', '2023-03-03 20:00:00+00:00', '2023-03-03 21:00:00+00:00', '2023-03-03 22:00:00+00:00', '2023-03-03 23:00:00+00:00']",23,4.5,0.211,0.015
2023-03-03,H2.Z67,P3,"['2023-03-03 00:00:00+00:00', '2023-03-03 02:00:00+00:00', '2023-03-03 03:00:00+00:00', '2023-03-03 04:00:00+00:00', '2023-03-03 05:00:00+00:00', '2023-03-03 06:00:00+00:00', '2023-03-03 07:00:00+00:00', '2023-03-03 08:00:00+00:00', '2023-03-03 10:00:00+00:00', '2023-03-03 11:00:00+00:00', '2023-03-03 12:00:00+00:00', '2023-03-03 13:00:00+00:00', '2023-03-03 14:00:00+00:00', '2023-03-03 15:00:00+00:00', '2023-03-03 16:00:00+00:00', '2023-03-03 17:00:00+00:00', '2023-03-03 19:00:00+00:00', '2023-03-03 20:00:00+00:00', '2023-03-03 21:00:00+00:00', '2023-03-03 22:00:00+00:00', '2023-03-03 23:00:00+00:00']",21,4.485,1270.214,94.443
2023-03-03,V.Z81,W2,"['2023-03-03 11:00:00+00:00', '2023-03-03 12:00:00+00:00', '2023-03-03 13:00:00+00:00', '2023-03-03 14:00:00+00:00', '2023-03-03 15:00:00+00:00', '2023-03-03 16:00:00+00:00', '2023-03-03 17:00:00+00:00', '2023-03-03 18:00:00+00:00', '2023-03-03 19:00:00+00:00', '2023-03-03 20:00:00+00:00', '2023-03-03 21:00:00+00:00', '2023-03-03 22:00:00+00:00', '2023-03-03 23:00:00+00:00']",13,4.478,201066.168,201700.056
2023-03-03,H2.T.Z30,I2,"['2023-03-03 09:00:00+00:00', '2023-03-03 10:00:00+00:00', '2023-03-03 11:00:00+00:00']",3,4.411,28.07,19.524
2023-03-03,H1.Z26,I3,['2023-03-03 13:00:00+00:00'],1,4.392,189.951,191.281
2023-03-03,H1.Z13,W,"['2023-03-03 08:00:00+00:00', '2023-03-03 09:00:00+00:00', '2023-03-03 10:00:00+00:00', '2023-03-03 11:00:00+00:00', '2023-03-03 12:00:00+00:00', '2023-03-03 13:00:00+00:00', '2023-03-03 14:00:00+00:00', '2023-03-03 15:00:00+00:00', '2023-03-03 16:00:00+00:00', '2023-03-03 17:00:00+00:00', '2023-03-03 18:00:00+00:00', '2023-03-03 19:00:00+00:00', '2023-03-03 20:00:00+00:00', '2023-03-03 21:00:00+00:00', '2023-03-03 22:00:00+00:00', '2023-03-03 23:00:00+00:00']",16,4.366,628842.219,628507.883
2023-03-03,H1.Z13,W_in,"['2023-03-03 08:00:00+00:00', '2023-03-03 09:00:00+00:00', '2023-03-03 10:00:00+00:00', '2023-03-03 11:00:00+00:00', '2023-03-03 12:00:00+00:00', '2023-03-03 13:00:00+00:00', '2023-03-03 14:00:00+00:00', '2023-03-03 15:00:00+00:00', '2023-03-03 16:00:00+00:00', '2023-03-03 17:00:00+00:00', '2023-03-03 18:00:00+00:00', '2023-03-03 19:00:00+00:00', '2023-03-03 20:00:00+00:00', '2023-03-03 21:00:00+00:00', '2023-03-03 22:00:00+00:00', '2023-03-03 23:00:00+00:00']",16,4.366,628842.239,628507.903
2023-03-03,H3.Z47,P1,"['2023-03-03 08:00:00+00:00', '2023-03-03 10:00:00+00:00', '2023-03-03 11:00:00+00:00', '2023-03-03 12:00:00+00:00', '2023-03-03 13:00:00+00:00', '2023-03-03 15:00:00+00:00', '2023-03-03 16:00:00+00:00']",7,4.337,2103.591,1374.554
2023-03-03,H1.K15,Trl,"['2023-03-03 00:00:00+00:00', '2023-03-03 01:00:00+00:00', '2023-03-03 02:00:00+00:00', '2023-03-03 03:00:00+00:00', '2023-03-03 04:00:00+00:00', '2023-03-03 05:00:00+00:00', '2023-03-03 06:00:00+00:00', '2023-03-03 07:00:00+00:00', '2023-03-03 08:00:00+00:00', '2023-03-03 09:00:00+00:00', '2023-03-03 10:00:00+00:00', '2023-03-03 11:00:00+00:00', '2023-03-03 12:00:00+00:00', '2023-03-03 13:00:00+00:00', '2023-03-03 14:00:00+00:00', '2023-03-03 15:00:00+00:00', '2023-03-03 16:00:00+00:00', '2023-03-03 17:00:00+00:00', '2023-03-03 18:00:00+00:00', '2023-03-03 19:00:00+00:00', '2023-03-03 20:00:00+00:00', '2023-03-03 21:00:00+00:00', '2023-03-03 22:00:00+00:00', '2023-03-03 23:00:00+00:00']",24,4.323,20.555,15.329
2023-03-03,H1.Z14,P3,"['2023-03-03 00:00:00+00:00', '2023-03-03 01:00:00+00:00', '2023-03-03 02:00:00+00:00', '2023-03-03 03:00:00+00:00', '2023-03-03 04:00:00+00:00', '2023-03-03 05:00:00+00:00', '2023-03-03 06:00:00+00:00', '2023-03-03 07:00:00+00:00', '2023-03-03 08:00:00+00:00', '2023-03-03 09:00:00+00:00', '2023-03-03 10:00:00+00:00', '2023-03-03 11:00:00+00:00', '2023-03-03 12:00:00+00:00', '2023-03-03 13:00:00+00:00', '2023-03-03 14:00:00+00:00', '2023-03-03 15:00:00+00:00', '2023-03-03 16:00:00+00:00', '2023-03-03 17:00:00+00:00', '2023-03-03 18:00:00+00:00', '2023-03-03 19:00:00+00:00', '2023-03-03 20:00:00+00:00', '2023-03-03 21:00:00+00:00', '2023-03-03 22:00:00+00:00', '2023-03-03 23:00:00+00:00']",24,4.32,2750.311,804.695
2023-03-03,H1.Z13,P3,"['2023-03-03 00:00:00+00:00', '2023-03-03 01:00:00+00:00', '2023-03-03 02:00:00+00:00', '2023-03-03 03:00:00+00:00', '2023-03-03 04:00:00+00:00', '2023-03-03 05:00:00+00:00', '2023-03-03 06:00:00+00:00', '2023-03-03 07:00:00+00:00', '2023-03-03 08:00:00+00:00', '2023-03-03 09:00:00+00:00', '2023-03-03 10:00:00+00:00', '2023-03-03 11:00:00+00:00', '2023-03-03 12:00:00+00:00', '2023-03-03 13:00:00+00:00', '2023-03-03 14:00:00+00:00', '2023-03-03 15:00:00+00:00', '2023-03-03 16:00:00+00:00', '2023-03-03 17:00:00+00:00', '2023-03-03 18:00:00+00:00', '2023-03-03 19:00:00+00:00', '2023-03-03 20:00:00+00:00', '2023-03-03 21:00:00+00:00', '2023-03-03 22:00:00+00:00', '2023-03-03 23:00:00+00:00']",24,4.318,2915.322,839.961
2023-03-03,H2.ZE66,PF1,"['2023-03-03 02:00:00+00:00', '2023-03-03 03:00:00+00:00', '2023-03-03 04:00:00+00:00', '2023-03-03 05:00:00+00:00', '2023-03-03 06:00:00+00:00', '2023-03-03 07:00:00+00:00', '2023-03-03 08:00:00+00:00', '2023-03-03 09:00:00+00:00', '2023-03-03 10:00:00+00:00', '2023-03-03 11:00:00+00:00', '2023-03-03 12:00:00+00:00', '2023-03-03 13:00:00+00:00', '2023-03-03 14:00:00+00:00', '2023-03-03 15:00:00+00:00', '2023-03-03 16:00:00+00:00', '2023-03-03 17:00:00+00:00', '2023-03-03 18:00:00+00:00', '2023-03-03 19:00:00+00:00', '2023-03-03 20:00:00+00:00', '2023-03-03 21:00:00+00:00', '2023-03-03 22:00:00+00:00', '2023-03-03 23:00:00+00:00']",22,4.313,0.927,0.892
2023-03-03,H1.Z14,W,"['2023-03-03 08:00:00+00:00', '2023-03-03 09:00:00+00:00', '2023-03-03 10:00:00+00:00', '2023-03-03 11:00:00+00:00', '2023-03-03 12:00:00+00:00', '2023-03-03 13:00:00+00:00', '2023-03-03 14:00:00+00:00', '2023-03-03 15:00:00+00:00', '2023-03-03 16:00:00+00:00', '2023-03-03 17:00:00+00:00', '2023-03-03 18:00:00+00:00', '2023-03-03 19:00:00+00:00', '2023-03-03 20:00:00+00:00', '2023-03-03 21:00:00+00:00', '2023-03-03 22:00:00+00:00', '2023-03-03 23:00:00+00:00']",16,4.304,593382.105,593063.931
2023-03-03,H1.Z14,W_in,"['2023-03-03 08:00:00+00:00', '2023-03-03 09:00:00+00:00', '2023-03-03 10:00:00+00:00', '2023-03-03 11:00:00+00:00', '2023-03-03 12:00:00+00:00', '2023-03-03 13:00:00+00:00', '2023-03-03 14:00:00+00:00', '2023-03-03 15:00:00+00:00', '2023-03-03 16:00:00+00:00', '2023-03-03 17:00:00+00:00', '2023-03-03 18:00:00+00:00', '2023-03-03 19:00:00+00:00', '2023-03-03 20:00:00+00:00', '2023-03-03 21:00:00+00:00', '2023-03-03 22:00:00+00:00', '2023-03-03 23:00:00+00:00']",16,4.304,593382.115,593063.941
2023-03-03,H1.Z27,PF2,"['2023-03-03 15:00:00+00:00', '2023-03-03 16:00:00+00:00', '2023-03-03 17:00:00+00:00', '2023-03-03 18:00:00+00:00', '2023-03-03 19:00:00+00:00', '2023-03-03 20:00:00+00:00', '2023-03-03 21:00:00+00:00', '2023-03-03 22:00:00+00:00', '2023-03-03 23:00:00+00:00']",9,4.298,0.82,0.871
2023-03-03,H1.Z13,P1,"['2023-03-03 00:00:00+00:00', '2023-03-03 01:00:00+00:00', '2023-03-03 02:00:00+00:00', '2023-03-03 03:00:00+00:00', '2023-03-03 04:00:00+00:00', '2023-03-03 05:00:00+00:00', '2023-03-03 06:00:00+00:00', '2023-03-03 07:00:00+00:00', '2023-03-03 08:00:00+00:00', '2023-03-03 09:00:00+00:00', '2023-03-03 10:00:00+00:00', '2023-03-03 11:00:00+00:00', '2023-03-03 12:00:00+00:00', '2023-03-03 13:00:00+00:00', '2023-03-03 14:00:00+00:00', '2023-03-03 15:00:00+00:00', '2023-03-03 16:00:00+00:00', '2023-03-03 17:00:00+00:00', '2023-03-03 18:00:00+00:00', '2023-03-03 19:00:00+00:00', '2023-03-03 20:00:00+00:00', '2023-03-03 21:00:00+00:00', '2023-03-03 22:00:00+00:00', '2023-03-03 23:00:00+00:00']",24,4.277,2737.126,738.527
2023-03-03,H1.Z14,P1,"['2023-03-03 00:00:00+00:00', '2023-03-03 01:00:00+00:00', '2023-03-03 02:00:00+00:00', '2023-03-03 03:00:00+00:00', '2023-03-03 04:00:00+00:00', '2023-03-03 05:00:00+00:00', '2023-03-03 06:00:00+00:00', '2023-03-03 07:00:00+00:00', '2023-03-03 08:00:00+00:00', '2023-03-03 09:00:00+00:00', '2023-03-03 10:00:00+00:00', '2023-03-03 11:00:00+00:00', '2023-03-03 12:00:00+00:00', '2023-03-03 13:00:00+00:00', '2023-03-03 14:00:00+00:00', '2023-03-03 15:00:00+00:00', '2023-03-03 16:00:00+00:00', '2023-03-03 17:00:00+00:00', '2023-03-03 18:00:00+00:00', '2023-03-03 19:00:00+00:00', '2023-03-03 20:00:00+00:00', '2023-03-03 21:00:00+00:00', '2023-03-03 22:00:00+00:00', '2023-03-03 23:00:00+00:00']",24,4.272,2592.392,723.235
2023-03-03,H2.ZE67,PF,"['2023-03-03 01:00:00+00:00', '2023-03-03 02:00:00+00:00', '2023-03-03 03:00:00+00:00', '2023-03-03 04:00:00+00:00', '2023-03-03 05:00:00+00:00', '2023-03-03 06:00:00+00:00', '2023-03-03 07:00:00+00:00', '2023-03-03 08:00:00+00:00', '2023-03-03 09:00:00+00:00', '2023-03-03 10:00:00+00:00', '2023-03-03 11:00:00+00:00', '2023-03-03 12:00:00+00:00', '2023-03-03 13:00:00+00:00', '2023-03-03 14:00:00+00:00', '2023-03-03 15:00:00+00:00', '2023-03-03 16:00:00+00:00', '2023-03-03 17:00:00+00:00', '2023-03-03 18:00:00+00:00', '2023-03-03 19:00:00+00:00', '2023-03-03 20:00:00+00:00', '2023-03-03 21:00:00+00:00', '2023-03-03 22:00:00+00:00', '2023-03-03 23:00:00+00:00']",23,4.265,0.507,0.42
2023-03-03,H1.Z14,P,"['2023-03-03 00:00:00+00:00', '2023-03-03 01:00:00+00:00', '2023-03-03 02:00:00+00:00', '2023-03-03 03:00:00+00:00', '2023-03-03 04:00:00+00:00', '2023-03-03 05:00:00+00:00', '2023-03-03 06:00:00+00:00', '2023-03-03 07:00:00+00:00', '2023-03-03 08:00:00+00:00', '2023-03-03 09:00:00+00:00', '2023-03-03 10:00:00+00:00', '2023-03-03 11:00:00+00:00', '2023-03-03 12:00:00+00:00', '2023-03-03 13:00:00+00:00', '2023-03-03 14:00:00+00:00', '2023-03-03 15:00:00+00:00', '2023-03-03 16:00:00+00:00', '2023-03-03 17:00:00+00:00', '2023-03-03 18:00:00+00:00', '2023-03-03 19:00:00+00:00', '2023-03-03 20:00:00+00:00', '2023-03-03 21:00:00+00:00', '2023-03-03 22:00:00+00:00', '2023-03-03 23:00:00+00:00']",24,4.262,7982.788,2366.209
2023-03-03,H1.Z13,P,"['2023-03-03 00:00:00+00:00', '2023-03-03 01:00:00+00:00', '2023-03-03 02:00:00+00:00', '2023-03-03 03:00:00+00:00', '2023-03-03 04:00:00+00:00', '2023-03-03 05:00:00+00:00', '2023-03-03 06:00:00+00:00', '2023-03-03 07:00:00+00:00', '2023-03-03 08:00:00+00:00', '2023-03-03 09:00:00+00:00', '2023-03-03 10:00:00+00:00', '2023-03-03 11:00:00+00:00', '2023-03-03 12:00:00+00:00', '2023-03-03 13:00:00+00:00', '2023-03-03 14:00:00+00:00', '2023-03-03 15:00:00+00:00', '2023-03-03 16:00:00+00:00', '2023-03-03 17:00:00+00:00', '2023-03-03 18:00:00+00:00', '2023-03-03 19:00:00+00:00', '2023-03-03 20:00:00+00:00', '2023-03-03 21:00:00+00:00', '2023-03-03 22:00:00+00:00', '2023-03-03 23:00:00+00:00']",24,4.256,8471.043,2467.472
2023-03-03,H1.Z14,P2,"['2023-03-03 00:00:00+00:00', '2023-03-03 01:00:00+00:00', '2023-03-03 02:00:00+00:00', '2023-03-03 03:00:00+00:00', '2023-03-03 04:00:00+00:00', '2023-03-03 05:00:00+00:00', '2023-03-03 06:00:00+00:00', '2023-03-03 07:00:00+00:00', '2023-03-03 08:00:00+00:00', '2023-03-03 09:00:00+00:00', '2023-03-03 10:00:00+00:00', '2023-03-03 11:00:00+00:00', '2023-03-03 12:00:00+00:00', '2023-03-03 13:00:00+00:00', '2023-03-03 14:00:00+00:00', '2023-03-03 15:00:00+00:00', '2023-03-03 16:00:00+00:00', '2023-03-03 17:00:00+00:00', '2023-03-03 18:00:00+00:00', '2023-03-03 19:00:00+00:00', '2023-03-03 20:00:00+00:00', '2023-03-03 21:00:00+00:00', '2023-03-03 22:00:00+00:00', '2023-03-03 23:00:00+00:00']",24,4.255,2689.535,838.208
2023-03-03,H2.T.Z30,P2,"['2023-03-03 09:00:00+00:00', '2023-03-03 10:00:00+00:00']",2,4.245,6144.858,4112.404
2023-03-03,H1.Z13,P2,"['2023-03-03 00:00:00+00:00', '2023-03-03 01:00:00+00:00', '2023-03-03 02:00:00+00:00', '2023-03-03 03:00:00+00:00', '2023-03-03 04:00:00+00:00', '2023-03-03 05:00:00+00:00', '2023-03-03 06:00:00+00:00', '2023-03-03 07:00:00+00:00', '2023-03-03 08:00:00+00:00', '2023-03-03 09:00:00+00:00', '2023-03-03 10:00:00+00:00', '2023-03-03 11:00:00+00:00', '2023-03-03 12:00:00+00:00', '2023-03-03 13:00:00+00:00', '2023-03-03 14:00:00+00:00', '2023-03-03 15:00:00+00:00', '2023-03-03 16:00:00+00:00', '2023-03-03 17:00:00+00:00', '2023-03-03 18:00:00+00:00', '2023-03-03 19:00:00+00:00', '2023-03-03 20:00:00+00:00', '2023-03-03 21:00:00+00:00', '2023-03-03 22:00:00+00:00', '2023-03-03 23:00:00+00:00']",24,4.24,2868.567,888.944
2023-03-03,H1.Z17,PF,"['2023-03-03 00:00:00+00:00', '2023-03-03 06:00:00+00:00', '2023-03-03 08:00:00+00:00', '2023-03-03 09:00:00+00:00', '2023-03-03 14:00:00+00:00', '2023-03-03 15:00:00+00:00', '2023-03-03 16:00:00+00:00', '2023-03-03 17:00:00+00:00', '2023-03-03 21:00:00+00:00']",9,4.232,0.916,0.963
2023-03-03,H2.Z66,PF2,"['2023-03-03 00:00:00+00:00', '2023-03-03 01:00:00+00:00', '2023-03-03 04:00:00+00:00', '2023-03-03 05:00:00+00:00', '2023-03-03 06:00:00+00:00', '2023-03-03 07:00:00+00:00', '2023-03-03 08:00:00+00:00', '2023-03-03 09:00:00+00:00', '2023-03-03 10:00:00+00:00', '2023-03-03 11:00:00+00:00', '2023-03-03 12:00:00+00:00', '2023-03-03 13:00:00+00:00', '2023-03-03 14:00:00+00:00', '2023-03-03 15:00:00+00:00', '2023-03-03 16:00:00+00:00', '2023-03-03 17:00:00+00:00', '2023-03-03 18:00:00+00:00', '2023-03-03 19:00:00+00:00']",18,4.203,0.115,0.309
2023-03-03,H1.Z18,P2,"['2023-03-03 06:00:00+00:00', '2023-03-03 07:00:00+00:00', '2023-03-03 08:00:00+00:00', '2023-03-03 09:00:00+00:00', '2023-03-03 10:00:00+00:00', '2023-03-03 11:00:00+00:00', '2023-03-03 12:00:00+00:00', '2023-03-03 13:00:00+00:00', '2023-03-03 14:00:00+00:00', '2023-03-03 17:00:00+00:00', '2023-03-03 18:00:00+00:00']",11,4.188,47.162,50.915
2023-03-03,H1.Z10,I3,"['2023-03-03 12:00:00+00:00', '2023-03-03 13:00:00+00:00']",2,4.134,10.319,8.782
2023-03-03,H1.Z11,PF2,"['2023-03-03 12:00:00+00:00', '2023-03-03 13:00:00+00:00']",2,4.127,0.796,0.807
2023-03-03,H3.Z49,W,"['2023-03-03 13:00:00+00:00', '2023-03-03 14:00:00+00:00', '2023-03-03 15:00:00+00:00', '2023-03-03 16:00:00+00:00', '2023-03-03 17:00:00+00:00', '2023-03-03 18:00:00+00:00', '2023-03-03 19:00:00+00:00', '2023-03-03 20:00:00+00:00', '2023-03-03 21:00:00+00:00', '2023-03-03 22:00:00+00:00', '2023-03-03 23:00:00+00:00']",11,4.119,17859.827,17827.03
2023-03-03,H3.Z49,W_in,"['2023-03-03 13:00:00+00:00', '2023-03-03 14:00:00+00:00', '2023-03-03 15:00:00+00:00', '2023-03-03 16:00:00+00:00', '2023-03-03 17:00:00+00:00', '2023-03-03 18:00:00+00:00', '2023-03-03 19:00:00+00:00', '2023-03-03 20:00:00+00:00', '2023-03-03 21:00:00+00:00', '2023-03-03 22:00:00+00:00', '2023-03-03 23:00:00+00:00']",11,4.119,17859.825,17827.028
2023-03-03,H1.Z13,WQ,"['2023-03-03 09:00:00+00:00', '2023-03-03 10:00:00+00:00', '2023-03-03 11:00:00+00:00', '2023-03-03 12:00:00+00:00', '2023-03-03 13:00:00+00:00', '2023-03-03 14:00:00+00:00', '2023-03-03 15:00:00+00:00', '2023-03-03 16:00:00+00:00', '2023-03-03 17:00:00+00:00', '2023-03-03 18:00:00+00:00', '2023-03-03 19:00:00+00:00', '2023-03-03 20:00:00+00:00', '2023-03-03 21:00:00+00:00', '2023-03-03 22:00:00+00:00', '2023-03-03 23:00:00+00:00']",15,4.084,577342.138,576922.504
2023-03-03,H1.Z13,WQ_in,"['2023-03-03 09:00:00+00:00', '2023-03-03 10:00:00+00:00', '2023-03-03 11:00:00+00:00', '2023-03-03 12:00:00+00:00', '2023-03-03 13:00:00+00:00', '2023-03-03 14:00:00+00:00', '2023-03-03 15:00:00+00:00', '2023-03-03 16:00:00+00:00', '2023-03-03 17:00:00+00:00', '2023-03-03 18:00:00+00:00', '2023-03-03 19:00:00+00:00', '2023-03-03 20:00:00+00:00', '2023-03-03 21:00:00+00:00', '2023-03-03 22:00:00+00:00', '2023-03-03 23:00:00+00:00']",15,4.084,577342.248,576922.614
2023-03-03,H1.Z14,WQ,"['2023-03-03 09:00:00+00:00', '2023-03-03 10:00:00+00:00', '2023-03-03 11:00:00+00:00', '2023-03-03 12:00:00+00:00', '2023-03-03 13:00:00+00:00', '2023-03-03 14:00:00+00:00', '2023-03-03 15:00:00+00:00', '2023-03-03 16:00:00+00:00', '2023-03-03 17:00:00+00:00', '2023-03-03 18:00:00+00:00', '2023-03-03 19:00:00+00:00', '2023-03-03 20:00:00+00:00', '2023-03-03 21:00:00+00:00', '2023-03-03 22:00:00+00:00', '2023-03-03 23:00:00+00:00']",15,4.078,551763.271,551360.798
2023-03-03,H1.Z14,WQ_in,"['2023-03-03 09:00:00+00:00', '2023-03-03 10:00:00+00:00', '2023-03-03 11:00:00+00:00', '2023-03-03 12:00:00+00:00', '2023-03-03 13:00:00+00:00', '2023-03-03 14:00:00+00:00', '2023-03-03 15:00:00+00:00', '2023-03-03 16:00:00+00:00', '2023-03-03 17:00:00+00:00', '2023-03-03 18:00:00+00:00', '2023-03-03 19:00:00+00:00', '2023-03-03 20:00:00+00:00', '2023-03-03 21:00:00+00:00', '2023-03-03 22:00:00+00:00', '2023-03-03 23:00:00+00:00']",15,4.078,551763.411,551360.938
2023-03-03,H1.Z26,I1,['2023-03-03 13:00:00+00:00'],1,4.075,186.895,188.385
2023-03-03,H1.Z27,PF3,"['2023-03-03 15:00:00+00:00', '2023-03-03 16:00:00+00:00', '2023-03-03 17:00:00+00:00', '2023-03-03 18:00:00+00:00', '2023-03-03 19:00:00+00:00', '2023-03-03 20:00:00+00:00', '2023-03-03 21:00:00+00:00', '2023-03-03 22:00:00+00:00', '2023-03-03 23:00:00+00:00']",9,4.073,0.813,0.856
2023-03-03,H1.Z11,PF,"['2023-03-03 12:00:00+00:00', '2023-03-03 13:00:00+00:00']",2,4.049,0.989,0.99
2023-03-03,H2.ZE67,PF2,"['2023-03-03 01:00:00+00:00', '2023-03-03 02:00:00+00:00', '2023-03-03 03:00:00+00:00', '2023-03-03 04:00:00+00:00', '2023-03-03 05:00:00+00:00', '2023-03-03 06:00:00+00:00', '2023-03-03 07:00:00+00:00', '2023-03-03 08:00:00+00:00', '2023-03-03 09:00:00+00:00', '2023-03-03 10:00:00+00:00', '2023-03-03 11:00:00+00:00', '2023-03-03 12:00:00+00:00', '2023-03-03 13:00:00+00:00', '2023-03-03 14:00:00+00:00', '2023-03-03 15:00:00+00:00', '2023-03-03 16:00:00+00:00', '2023-03-03 17:00:00+00:00', '2023-03-03 18:00:00+00:00', '2023-03-03 19:00:00+00:00', '2023-03-03 20:00:00+00:00', '2023-03-03 21:00:00+00:00', '2023-03-03 22:00:00+00:00', '2023-03-03 23:00:00+00:00']",23,4.033,0.205,0.029
2023-03-03,H1.Z10,Q,"['2023-03-03 12:00:00+00:00', '2023-03-03 13:00:00+00:00']",2,4.001,-573.998,-861.096
2023-03-03,H3.Z47,Q,"['2023-03-03 10:00:00+00:00', '2023-03-03 11:00:00+00:00', '2023-03-03 12:00:00+00:00']",3,3.987,-2822.739,-2762.967
2023-03-03,H1.K16,Trl,"['2023-03-03 10:00:00+00:00', '2023-03-03 11:00:00+00:00', '2023-03-03 13:00:00+00:00', '2023-03-03 15:00:00+00:00']",4,3.969,12.138,12.781
2023-03-03,H3.Z48,WQ,"['2023-03-03 13:00:00+00:00', '2023-03-03 14:00:00+00:00', '2023-03-03 15:00:00+00:00', '2023-03-03 16:00:00+00:00', '2023-03-03 17:00:00+00:00', '2023-03-03 18:00:00+00:00', '2023-03-03 19:00:00+00:00', '2023-03-03 20:00:00+00:00', '2023-03-03 21:00:00+00:00', '2023-03-03 22:00:00+00:00', '2023-03-03 23:00:00+00:00']",11,3.958,23330.753,23239.918
2023-03-03,H3.Z48,WQ_in,"['2023-03-03 13:00:00+00:00', '2023-03-03 14:00:00+00:00', '2023-03-03 15:00:00+00:00', '2023-03-03 16:00:00+00:00', '2023-03-03 17:00:00+00:00', '2023-03-03 18:00:00+00:00', '2023-03-03 19:00:00+00:00', '2023-03-03 20:00:00+00:00', '2023-03-03 21:00:00+00:00', '2023-03-03 22:00:00+00:00', '2023-03-03 23:00:00+00:00']",11,3.957,25689.329,25598.489
2023-03-03,H2.Z67,PF2,"['2023-03-03 00:00:00+00:00', '2023-03-03 01:00:00+00:00', '2023-03-03 02:00:00+00:00', '2023-03-03 03:00:00+00:00', '2023-03-03 04:00:00+00:00', '2023-03-03 05:00:00+00:00', '2023-03-03 06:00:00+00:00', '2023-03-03 07:00:00+00:00', '2023-03-03 08:00:00+00:00', '2023-03-03 09:00:00+00:00', '2023-03-03 10:00:00+00:00', '2023-03-03 11:00:00+00:00', '2023-03-03 12:00:00+00:00', '2023-03-03 13:00:00+00:00', '2023-03-03 14:00:00+00:00', '2023-03-03 15:00:00+00:00', '2023-03-03 16:00:00+00:00', '2023-03-03 17:00:00+00:00', '2023-03-03 18:00:00+00:00', '2023-03-03 19:00:00+00:00', '2023-03-03 20:00:00+00:00', '2023-03-03 21:00:00+00:00', '2023-03-03 22:00:00+00:00', '2023-03-03 23:00:00+00:00']",24,3.946,0.263,0.071
2023-03-03,H1.Z13,I1,"['2023-03-03 06:00:00+00:00', '2023-03-03 07:00:00+00:00', '2023-03-03 08:00:00+00:00', '2023-03-03 09:00:00+00:00', '2023-03-03 10:00:00+00:00', '2023-03-03 11:00:00+00:00', '2023-03-03 12:00:00+00:00', '2023-03-03 13:00:00+00:00', '2023-03-03 14:00:00+00:00', '2023-03-03 15:00:00+00:00', '2023-03-03 16:00:00+00:00', '2023-03-03 17:00:00+00:00', '2023-03-03 18:00:00+00:00', '2023-03-03 21:00:00+00:00']",14,3.945,18.274,5.56
2023-03-03,H3.Z48,W,"['2023-03-03 13:00:00+00:00', '2023-03-03 14:00:00+00:00', '2023-03-03 15:00:00+00:00', '2023-03-03 16:00:00+00:00', '2023-03-03 17:00:00+00:00', '2023-03-03 18:00:00+00:00', '2023-03-03 19:00:00+00:00', '2023-03-03 20:00:00+00:00', '2023-03-03 21:00:00+00:00', '2023-03-03 22:00:00+00:00', '2023-03-03 23:00:00+00:00']",11,3.942,41352.621,41204.467
2023-03-03,H3.Z48,W_in,"['2023-03-03 13:00:00+00:00', '2023-03-03 14:00:00+00:00', '2023-03-03 15:00:00+00:00', '2023-03-03 16:00:00+00:00', '2023-03-03 17:00:00+00:00', '2023-03-03 18:00:00+00:00', '2023-03-03 19:00:00+00:00', '2023-03-03 20:00:00+00:00', '2023-03-03 21:00:00+00:00', '2023-03-03 22:00:00+00:00', '2023-03-03 23:00:00+00:00']",11,3.941,41355.929,41207.732
2023-03-03,H1.Z10,I1,"['2023-03-03 12:00:00+00:00', '2023-03-03 13:00:00+00:00']",2,3.934,7.902,8.185
2023-03-03,H2.ZE67,PF3,"['2023-03-03 00:00:00+00:00', '2023-03-03 01:00:00+00:00', '2023-03-03 04:00:00+00:00', '2023-03-03 05:00:00+00:00', '2023-03-03 08:00:00+00:00', '2023-03-03 09:00:00+00:00', '2023-03-03 12:00:00+00:00', '2023-03-03 14:00:00+00:00', '2023-03-03 15:00:00+00:00', '2023-03-03 16:00:00+00:00', '2023-03-03 17:00:00+00:00', '2023-03-03 18:00:00+00:00', '2023-03-03 19:00:00+00:00', '2023-03-03 20:00:00+00:00', '2023-03-03 21:00:00+00:00', '2023-03-03 22:00:00+00:00', '2023-03-03 23:00:00+00:00']",17,3.934,0.957,0.997
2023-03-03,V.Z81,W3,"['2023-03-03 16:00:00+00:00', '2023-03-03 17:00:00+00:00', '2023-03-03 18:00:00+00:00', '2023-03-03 19:00:00+00:00', '2023-03-03 20:00:00+00:00', '2023-03-03 21:00:00+00:00', '2023-03-03 22:00:00+00:00', '2023-03-03 23:00:00+00:00']",8,3.934,263414.103,263969.736
2023-03-03,H1.Z14,I1,"['2023-03-03 06:00:00+00:00', '2023-03-03 07:00:00+00:00', '2023-03-03 08:00:00+00:00', '2023-03-03 09:00:00+00:00', '2023-03-03 10:00:00+00:00', '2023-03-03 11:00:00+00:00', '2023-03-03 12:00:00+00:00', '2023-03-03 13:00:00+00:00', '2023-03-03 14:00:00+00:00', '2023-03-03 15:00:00+00:00', '2023-03-03 16:00:00+00:00', '2023-03-03 17:00:00+00:00', '2023-03-03 21:00:00+00:00']",13,3.926,17.44,5.414
2023-03-03,H4.ZE50,P,"['2023-03-03 09:00:00+00:00', '2023-03-03 10:00:00+00:00']",2,3.917,3755.54,2986.209
2023-03-03,H2.Z351,PF2,"['2023-03-03 11:00:00+00:00', '2023-03-03 12:00:00+00:00']",2,3.904,0.789,0.829
2023-03-03,H3.ZE43,W3,"['2023-03-03 07:00:00+00:00', '2023-03-03 08:00:00+00:00', '2023-03-03 09:00:00+00:00', '2023-03-03 10:00:00+00:00', '2023-03-03 11:00:00+00:00', '2023-03-03 12:00:00+00:00', '2023-03-03 13:00:00+00:00', '2023-03-03 14:00:00+00:00', '2023-03-03 15:00:00+00:00', '2023-03-03 16:00:00+00:00', '2023-03-03 17:00:00+00:00', '2023-03-03 18:00:00+00:00', '2023-03-03 19:00:00+00:00', '2023-03-03 20:00:00+00:00', '2023-03-03 21:00:00+00:00', '2023-03-03 22:00:00+00:00', '2023-03-03 23:00:00+00:00']",17,3.894,8909.898,8839.971
2023-03-03,H1.Z13,I2,"['2023-03-03 06:00:00+00:00', '2023-03-03 07:00:00+00:00', '2023-03-03 08:00:00+00:00', '2023-03-03 09:00:00+00:00', '2023-03-03 10:00:00+00:00', '2023-03-03 11:00:00+00:00', '2023-03-03 12:00:00+00:00', '2023-03-03 13:00:00+00:00', '2023-03-03 14:00:00+00:00', '2023-03-03 15:00:00+00:00', '2023-03-03 16:00:00+00:00', '2023-03-03 17:00:00+00:00']",12,3.888,18.829,6.407
2023-03-03,H1.Z13,I3,"['2023-03-03 06:00:00+00:00', '2023-03-03 07:00:00+00:00', '2023-03-03 08:00:00+00:00', '2023-03-03 09:00:00+00:00', '2023-03-03 10:00:00+00:00', '2023-03-03 11:00:00+00:00', '2023-03-03 12:00:00+00:00', '2023-03-03 13:00:00+00:00', '2023-03-03 14:00:00+00:00', '2023-03-03 15:00:00+00:00', '2023-03-03 16:00:00+00:00', '2023-03-03 17:00:00+00:00']",12,3.887,19.073,6.167
2023-03-03,H1.Z14,I2,"['2023-03-03 06:00:00+00:00', '2023-03-03 07:00:00+00:00', '2023-03-03 08:00:00+00:00', '2023-03-03 09:00:00+00:00', '2023-03-03 10:00:00+00:00', '2023-03-03 11:00:00+00:00', '2023-03-03 12:00:00+00:00', '2023-03-03 13:00:00+00:00', '2023-03-03 14:00:00+00:00', '2023-03-03 15:00:00+00:00', '2023-03-03 16:00:00+00:00', '2023-03-03 17:00:00+00:00']",12,3.882,17.923,6.154
2023-03-03,H1.Z10,P3,"['2023-03-03 12:00:00+00:00', '2023-03-03 13:00:00+00:00']",2,3.875,2161.379,1893.437
2023-03-03,H1.Z14,I3,"['2023-03-03 06:00:00+00:00', '2023-03-03 07:00:00+00:00', '2023-03-03 08:00:00+00:00', '2023-03-03 09:00:00+00:00', '2023-03-03 10:00:00+00:00', '2023-03-03 11:00:00+00:00', '2023-03-03 12:00:00+00:00', '2023-03-03 13:00:00+00:00', '2023-03-03 14:00:00+00:00', '2023-03-03 15:00:00+00:00', '2023-03-03 16:00:00+00:00', '2023-03-03 17:00:00+00:00']",12,3.867,18.014,5.898
2023-03-03,H2.Z361,PF2,"['2023-03-03 11:00:00+00:00', '2023-03-03 12:00:00+00:00']",2,3.858,0.797,0.836
2023-03-03,H4.Z50,P,"['2023-03-03 09:00:00+00:00', '2023-03-03 10:00:00+00:00']",2,3.857,4892.571,3987.551
2023-03-03,V.Z81,W,"['2023-03-03 16:00:00+00:00', '2023-03-03 17:00:00+00:00', '2023-03-03 18:00:00+00:00', '2023-03-03 19:00:00+00:00', '2023-03-03 20:00:00+00:00', '2023-03-03 21:00:00+00:00', '2023-03-03 22:00:00+00:00', '2023-03-03 23:00:00+00:00']",8,3.851,697182.63,698938.585
2023-03-03,H2.Z62,P3,['2023-03-03 19:00:00+00:00'],1,3.841,2.124,2.089
2023-03-03,H2.Z67,Q,"['2023-03-03 00:00:00+00:00', '2023-03-03 01:00:00+00:00', '2023-03-03 02:00:00+00:00', '2023-03-03 04:00:00+00:00', '2023-03-03 05:00:00+00:00', '2023-03-03 06:00:00+00:00', '2023-03-03 07:00:00+00:00', '2023-03-03 09:00:00+00:00', '2023-03-03 11:00:00+00:00', '2023-03-03 12:00:00+00:00', '2023-03-03 15:00:00+00:00', '2023-03-03 16:00:00+00:00', '2023-03-03 17:00:00+00:00', '2023-03-03 18:00:00+00:00', '2023-03-03 19:00:00+00:00', '2023-03-03 20:00:00+00:00', '2023-03-03 21:00:00+00:00', '2023-03-03 22:00:00+00:00', '2023-03-03 23:00:00+00:00']",19,3.83,2531.542,229.684
2023-03-03,H2.Z361,PF3,"['2023-03-03 11:00:00+00:00', '2023-03-03 12:00:00+00:00']",2,3.812,0.779,0.834
2023-03-03,H2.ZE67,PF1,"['2023-03-03 00:00:00+00:00', '2023-03-03 01:00:00+00:00', '2023-03-03 21:00:00+00:00', '2023-03-03 22:00:00+00:00']",4,3.805,0.87,0.891
2023-03-03,H1.Z17,PF3,"['2023-03-03 00:00:00+00:00', '2023-03-03 06:00:00+00:00', '2023-03-03 08:00:00+00:00', '2023-03-03 09:00:00+00:00', '2023-03-03 14:00:00+00:00', '2023-03-03 15:00:00+00:00', '2023-03-03 16:00:00+00:00', '2023-03-03 17:00:00+00:00']",8,3.796,0.905,0.972
2023-03-03,H2.Z351,PF3,"['2023-03-03 11:00:00+00:00', '2023-03-03 12:00:00+00:00']",2,3.796,0.781,0.835
2023-03-03,H1.Z10,P,"['2023-03-03 12:00:00+00:00', '2023-03-03 13:00:00+00:00']",2,3.792,5821.119,5482.01
2023-03-03,H2.Z67,P2,"['2023-03-03 00:00:00+00:00', '2023-03-03 01:00:00+00:00', '2023-03-03 02:00:00+00:00', '2023-03-03 04:00:00+00:00', '2023-03-03 05:00:00+00:00', '2023-03-03 06:00:00+00:00', '2023-03-03 07:00:00+00:00', '2023-03-03 08:00:00+00:00', '2023-03-03 09:00:00+00:00', '2023-03-03 10:00:00+00:00', '2023-03-03 11:00:00+00:00', '2023-03-03 12:00:00+00:00', '2023-03-03 13:00:00+00:00', '2023-03-03 14:00:00+00:00', '2023-03-03 15:00:00+00:00', '2023-03-03 16:00:00+00:00', '2023-03-03 17:00:00+00:00', '2023-03-03 18:00:00+00:00', '2023-03-03 19:00:00+00:00', '2023-03-03 20:00:00+00:00', '2023-03-03 21:00:00+00:00', '2023-03-03 22:00:00+00:00']",22,3.792,1104.543,88.263
2023-03-03,H1.Z17,PF2,"['2023-03-03 00:00:00+00:00', '2023-03-03 06:00:00+00:00', '2023-03-03 08:00:00+00:00', '2023-03-03 09:00:00+00:00', '2023-03-03 14:00:00+00:00', '2023-03-03 15:00:00+00:00', '2023-03-03 16:00:00+00:00', '2023-03-03 17:00:00+00:00']",8,3.783,0.926,0.981
2023-03-03,H3.Z43,WQ,"['2023-03-03 09:00:00+00:00', '2023-03-03 10:00:00+00:00', '2023-03-03 11:00:00+00:00', '2023-03-03 12:00:00+00:00', '2023-03-03 13:00:00+00:00', '2023-03-03 14:00:00+00:00', '2023-03-03 15:00:00+00:00', '2023-03-03 16:00:00+00:00', '2023-03-03 17:00:00+00:00', '2023-03-03 18:00:00+00:00', '2023-03-03 19:00:00+00:00', '2023-03-03 20:00:00+00:00', '2023-03-03 21:00:00+00:00', '2023-03-03 22:00:00+00:00', '2023-03-03 23:00:00+00:00']",15,3.776,179230.337,179012.534
2023-03-03,H3.Z43,WQ_in,"['2023-03-03 09:00:00+00:00', '2023-03-03 10:00:00+00:00', '2023-03-03 11:00:00+00:00', '2023-03-03 12:00:00+00:00', '2023-03-03 13:00:00+00:00', '2023-03-03 14:00:00+00:00', '2023-03-03 15:00:00+00:00', '2023-03-03 16:00:00+00:00', '2023-03-03 17:00:00+00:00', '2023-03-03 18:00:00+00:00', '2023-03-03 19:00:00+00:00', '2023-03-03 20:00:00+00:00', '2023-03-03 21:00:00+00:00', '2023-03-03 22:00:00+00:00', '2023-03-03 23:00:00+00:00']",15,3.776,180411.397,180193.595
2023-03-03,H2.Z67,P,"['2023-03-03 00:00:00+00:00', '2023-03-03 01:00:00+00:00', '2023-03-03 02:00:00+00:00', '2023-03-03 04:00:00+00:00', '2023-03-03 05:00:00+00:00', '2023-03-03 06:00:00+00:00', '2023-03-03 07:00:00+00:00', '2023-03-03 08:00:00+00:00', '2023-03-03 09:00:00+00:00', '2023-03-03 10:00:00+00:00', '2023-03-03 11:00:00+00:00', '2023-03-03 12:00:00+00:00', '2023-03-03 14:00:00+00:00', '2023-03-03 15:00:00+00:00', '2023-03-03 16:00:00+00:00', '2023-03-03 17:00:00+00:00', '2023-03-03 18:00:00+00:00', '2023-03-03 19:00:00+00:00', '2023-03-03 20:00:00+00:00', '2023-03-03 21:00:00+00:00', '2023-03-03 22:00:00+00:00']",21,3.76,3318.448,280.811
2023-03-03,H1.Z22,Q,"['2023-03-03 10:00:00+00:00', '2023-03-03 11:00:00+00:00', '2023-03-03 12:00:00+00:00']",3,3.729,-0.201,1.672
2023-03-03,H2.Z67,P1,"['2023-03-03 00:00:00+00:00', '2023-03-03 01:00:00+00:00', '2023-03-03 02:00:00+00:00', '2023-03-03 04:00:00+00:00', '2023-03-03 05:00:00+00:00', '2023-03-03 06:00:00+00:00', '2023-03-03 07:00:00+00:00', '2023-03-03 08:00:00+00:00', '2023-03-03 09:00:00+00:00', '2023-03-03 10:00:00+00:00', '2023-03-03 11:00:00+00:00', '2023-03-03 12:00:00+00:00', '2023-03-03 13:00:00+00:00', '2023-03-03 14:00:00+00:00', '2023-03-03 15:00:00+00:00', '2023-03-03 16:00:00+00:00', '2023-03-03 17:00:00+00:00', '2023-03-03 18:00:00+00:00', '2023-03-03 19:00:00+00:00', '2023-03-03 20:00:00+00:00', '2023-03-03 21:00:00+00:00', '2023-03-03 22:00:00+00:00']",22,3.718,1101.346,103.291
2023-03-03,H1.Z25,WQ_out,"['2023-03-03 12:00:00+00:00', '2023-03-03 13:00:00+00:00', '2023-03-03 14:00:00+00:00', '2023-03-03 15:00:00+00:00', '2023-03-03 16:00:00+00:00', '2023-03-03 17:00:00+00:00', '2023-03-03 18:00:00+00:00', '2023-03-03 19:00:00+00:00', '2023-03-03 20:00:00+00:00', '2023-03-03 21:00:00+00:00', '2023-03-03 22:00:00+00:00', '2023-03-03 23:00:00+00:00']",12,3.712,13.083,12.614
2023-03-03,H1.Z17,I2,"['2023-03-03 10:00:00+00:00', '2023-03-03 11:00:00+00:00', '2023-03-03 12:00:00+00:00', '2023-03-03 13:00:00+00:00']",4,3.705,74.835,47.528
2023-03-03,H3.Z43,W,"['2023-03-03 11:00:00+00:00', '2023-03-03 12:00:00+00:00', '2023-03-03 13:00:00+00:00', '2023-03-03 14:00:00+00:00', '2023-03-03 15:00:00+00:00', '2023-03-03 16:00:00+00:00', '2023-03-03 17:00:00+00:00', '2023-03-03 18:00:00+00:00', '2023-03-03 19:00:00+00:00', '2023-03-03 20:00:00+00:00', '2023-03-03 21:00:00+00:00', '2023-03-03 22:00:00+00:00', '2023-03-03 23:00:00+00:00']",13,3.704,185790.383,185560.79
2023-03-03,H3.Z43,W_in,"['2023-03-03 11:00:00+00:00', '2023-03-03 12:00:00+00:00', '2023-03-03 13:00:00+00:00', '2023-03-03 14:00:00+00:00', '2023-03-03 15:00:00+00:00', '2023-03-03 16:00:00+00:00', '2023-03-03 17:00:00+00:00', '2023-03-03 18:00:00+00:00', '2023-03-03 19:00:00+00:00', '2023-03-03 20:00:00+00:00', '2023-03-03 21:00:00+00:00', '2023-03-03 22:00:00+00:00', '2023-03-03 23:00:00+00:00']",13,3.704,185905.403,185675.81
2023-03-03,H3.ZE43,W,"['2023-03-03 11:00:00+00:00', '2023-03-03 12:00:00+00:00', '2023-03-03 13:00:00+00:00', '2023-03-03 14:00:00+00:00', '2023-03-03 15:00:00+00:00', '2023-03-03 16:00:00+00:00', '2023-03-03 17:00:00+00:00', '2023-03-03 18:00:00+00:00', '2023-03-03 19:00:00+00:00', '2023-03-03 20:00:00+00:00', '2023-03-03 21:00:00+00:00', '2023-03-03 22:00:00+00:00', '2023-03-03 23:00:00+00:00']",13,3.702,27040.22,26812.702
2023-03-03,H3.ZE43,W_in,"['2023-03-03 11:00:00+00:00', '2023-03-03 12:00:00+00:00', '2023-03-03 13:00:00+00:00', '2023-03-03 14:00:00+00:00', '2023-03-03 15:00:00+00:00', '2023-03-03 16:00:00+00:00', '2023-03-03 17:00:00+00:00', '2023-03-03 18:00:00+00:00', '2023-03-03 19:00:00+00:00', '2023-03-03 20:00:00+00:00', '2023-03-03 21:00:00+00:00', '2023-03-03 22:00:00+00:00', '2023-03-03 23:00:00+00:00']",13,3.702,28217.78,27990.261
2023-03-03,H1.Z10,P1,"['2023-03-03 12:00:00+00:00', '2023-03-03 13:00:00+00:00']",2,3.671,1643.068,1737.472
2023-03-03,H4.ZE50,I1,"['2023-03-03 09:00:00+00:00', '2023-03-03 10:00:00+00:00']",2,3.667,7.293,6.084
2023-03-03,H1.W11,Tdiff,['2023-03-03 06:00:00+00:00'],1,3.655,7904.372,6637.337
2023-03-03,H3.ZE43,W2,"['2023-03-03 11:00:00+00:00', '2023-03-03 12:00:00+00:00', '2023-03-03 13:00:00+00:00', '2023-03-03 14:00:00+00:00', '2023-03-03 15:00:00+00:00', '2023-03-03 16:00:00+00:00', '2023-03-03 17:00:00+00:00', '2023-03-03 18:00:00+00:00', '2023-03-03 19:00:00+00:00', '2023-03-03 20:00:00+00:00', '2023-03-03 21:00:00+00:00', '2023-03-03 22:00:00+00:00', '2023-03-03 23:00:00+00:00']",13,3.653,10021.418,9943.996
2023-03-03,H2.ZE67,P3,"['2023-03-03 00:00:00+00:00', '2023-03-03 01:00:00+00:00', '2023-03-03 06:00:00+00:00', '2023-03-03 07:00:00+00:00', '2023-03-03 09:00:00+00:00', '2023-03-03 10:00:00+00:00', '2023-03-03 11:00:00+00:00', '2023-03-03 12:00:00+00:00', '2023-03-03 13:00:00+00:00', '2023-03-03 14:00:00+00:00', '2023-03-03 15:00:00+00:00', '2023-03-03 16:00:00+00:00', '2023-03-03 17:00:00+00:00', '2023-03-03 18:00:00+00:00', '2023-03-03 19:00:00+00:00', '2023-03-03 20:00:00+00:00', '2023-03-03 21:00:00+00:00', '2023-03-03 22:00:00+00:00', '2023-03-03 23:00:00+00:00']",19,3.628,1236.388,101.223
2023-03-03,H4.ZE50,P1,"['2023-03-03 09:00:00+00:00', '2023-03-03 10:00:00+00:00']",2,3.627,1560.651,1288.894
2023-03-03,H3.Z49,P3,"['2023-03-03 08:00:00+00:00', '2023-03-03 11:00:00+00:00', '2023-03-03 12:00:00+00:00', '2023-03-03 13:00:00+00:00', '2023-03-03 16:00:00+00:00']",5,3.594,353.486,97.997
2023-03-03,H1.Z22,W,"['2023-03-03 12:00:00+00:00', '2023-03-03 13:00:00+00:00', '2023-03-03 14:00:00+00:00', '2023-03-03 15:00:00+00:00', '2023-03-03 16:00:00+00:00', '2023-03-03 17:00:00+00:00', '2023-03-03 18:00:00+00:00', '2023-03-03 19:00:00+00:00', '2023-03-03 20:00:00+00:00', '2023-03-03 21:00:00+00:00', '2023-03-03 22:00:00+00:00', '2023-03-03 23:00:00+00:00']",12,3.577,20870.723,20871.785
2023-03-03,H3.ZE43,W1,"['2023-03-03 12:00:00+00:00', '2023-03-03 13:00:00+00:00', '2023-03-03 14:00:00+00:00', '2023-03-03 15:00:00+00:00', '2023-03-03 16:00:00+00:00', '2023-03-03 17:00:00+00:00', '2023-03-03 18:00:00+00:00', '2023-03-03 19:00:00+00:00', '2023-03-03 20:00:00+00:00', '2023-03-03 21:00:00+00:00', '2023-03-03 22:00:00+00:00', '2023-03-03 23:00:00+00:00']",12,3.576,8108.904,8028.735
2023-03-03,H1.Z22,W_out,"['2023-03-03 12:00:00+00:00', '2023-03-03 13:00:00+00:00', '2023-03-03 14:00:00+00:00', '2023-03-03 15:00:00+00:00', '2023-03-03 16:00:00+00:00', '2023-03-03 17:00:00+00:00', '2023-03-03 18:00:00+00:00', '2023-03-03 19:00:00+00:00', '2023-03-03 20:00:00+00:00', '2023-03-03 21:00:00+00:00', '2023-03-03 22:00:00+00:00', '2023-03-03 23:00:00+00:00']",12,3.575,154.608,153.547
2023-03-03,H1.Z10,WQ_in,"['2023-03-03 13:00:00+00:00', '2023-03-03 14:00:00+00:00', '2023-03-03 15:00:00+00:00', '2023-03-03 16:00:00+00:00', '2023-03-03 17:00:00+00:00', '2023-03-03 18:00:00+00:00', '2023-03-03 19:00:00+00:00', '2023-03-03 20:00:00+00:00', '2023-03-03 21:00:00+00:00', '2023-03-03 22:00:00+00:00', '2023-03-03 23:00:00+00:00']",11,3.573,1804.803,1792.539
2023-03-03,H2.ZE67,I3,"['2023-03-03 01:00:00+00:00', '2023-03-03 05:00:00+00:00', '2023-03-03 06:00:00+00:00', '2023-03-03 07:00:00+00:00', '2023-03-03 09:00:00+00:00', '2023-03-03 10:00:00+00:00', '2023-03-03 11:00:00+00:00', '2023-03-03 12:00:00+00:00', '2023-03-03 13:00:00+00:00', '2023-03-03 14:00:00+00:00', '2023-03-03 15:00:00+00:00', '2023-03-03 16:00:00+00:00', '2023-03-03 17:00:00+00:00', '2023-03-03 18:00:00+00:00', '2023-03-03 19:00:00+00:00', '2023-03-03 20:00:00+00:00', '2023-03-03 21:00:00+00:00', '2023-03-03 22:00:00+00:00', '2023-03-03 23:00:00+00:00']",19,3.57,5.615,0.454
2023-03-03,H2.Z361,PF,"['2023-03-03 11:00:00+00:00', '2023-03-03 12:00:00+00:00']",2,3.569,0.783,0.829
2023-03-03,H3.Z49,P2,"['2023-03-03 08:00:00+00:00', '2023-03-03 09:00:00+00:00', '2023-03-03 10:00:00+00:00', '2023-03-03 11:00:00+00:00', '2023-03-03 12:00:00+00:00', '2023-03-03 13:00:00+00:00', '2023-03-03 16:00:00+00:00']",7,3.564,366.37,111.093
2023-03-03,H4.Z50,I1,"['2023-03-03 09:00:00+00:00', '2023-03-03 10:00:00+00:00']",2,3.564,9.517,8.144
2023-03-03,H3.Z49,P,"['2023-03-03 08:00:00+00:00', '2023-03-03 10:00:00+00:00', '2023-03-03 11:00:00+00:00', '2023-03-03 12:00:00+00:00', '2023-03-03 16:00:00+00:00']",5,3.563,1035.871,296.818
2023-03-03,H1.Z18,I2,"['2023-03-03 05:00:00+00:00', '2023-03-03 06:00:00+00:00', '2023-03-03 07:00:00+00:00', '2023-03-03 08:00:00+00:00', '2023-03-03 09:00:00+00:00', '2023-03-03 10:00:00+00:00', '2023-03-03 11:00:00+00:00', '2023-03-03 12:00:00+00:00', '2023-03-03 13:00:00+00:00', '2023-03-03 14:00:00+00:00', '2023-03-03 15:00:00+00:00', '2023-03-03 17:00:00+00:00', '2023-03-03 18:00:00+00:00']",13,3.558,0.235,0.25
2023-03-03,H2.Z351,PF,"['2023-03-03 11:00:00+00:00', '2023-03-03 12:00:00+00:00']",2,3.546,0.781,0.825
2023-03-03,H2.ZE67,P,"['2023-03-03 00:00:00+00:00', '2023-03-03 01:00:00+00:00', '2023-03-03 02:00:00+00:00', '2023-03-03 04:00:00+00:00', '2023-03-03 05:00:00+00:00', '2023-03-03 06:00:00+00:00', '2023-03-03 07:00:00+00:00', '2023-03-03 09:00:00+00:00', '2023-03-03 10:00:00+00:00', '2023-03-03 11:00:00+00:00', '2023-03-03 12:00:00+00:00', '2023-03-03 13:00:00+00:00', '2023-03-03 14:00:00+00:00', '2023-03-03 15:00:00+00:00', '2023-03-03 16:00:00+00:00', '2023-03-03 17:00:00+00:00', '2023-03-03 18:00:00+00:00', '2023-03-03 19:00:00+00:00', '2023-03-03 20:00:00+00:00', '2023-03-03 21:00:00+00:00', '2023-03-03 22:00:00+00:00', '2023-03-03 23:00:00+00:00']",22,3.542,3240.422,278.051
2023-03-03,H2.ZE67,P1,"['2023-03-03 00:00:00+00:00', '2023-03-03 01:00:00+00:00', '2023-03-03 02:00:00+00:00', '2023-03-03 04:00:00+00:00', '2023-03-03 05:00:00+00:00', '2023-03-03 06:00:00+00:00', '2023-03-03 07:00:00+00:00', '2023-03-03 09:00:00+00:00', '2023-03-03 10:00:00+00:00', '2023-03-03 11:00:00+00:00', '2023-03-03 12:00:00+00:00', '2023-03-03 13:00:00+00:00', '2023-03-03 14:00:00+00:00', '2023-03-03 15:00:00+00:00', '2023-03-03 16:00:00+00:00', '2023-03-03 17:00:00+00:00', '2023-03-03 18:00:00+00:00', '2023-03-03 19:00:00+00:00', '2023-03-03 20:00:00+00:00', '2023-03-03 21:00:00+00:00', '2023-03-03 22:00:00+00:00', '2023-03-03 23:00:00+00:00']",22,3.536,1066.909,103.861
2023-03-03,H2.ZE67,I1,"['2023-03-03 00:00:00+00:00', '2023-03-03 01:00:00+00:00', '2023-03-03 02:00:00+00:00', '2023-03-03 04:00:00+00:00', '2023-03-03 05:00:00+00:00', '2023-03-03 06:00:00+00:00', '2023-03-03 07:00:00+00:00', '2023-03-03 08:00:00+00:00', '2023-03-03 09:00:00+00:00', '2023-03-03 10:00:00+00:00', '2023-03-03 11:00:00+00:00', '2023-03-03 12:00:00+00:00', '2023-03-03 13:00:00+00:00', '2023-03-03 14:00:00+00:00', '2023-03-03 15:00:00+00:00', '2023-03-03 16:00:00+00:00', '2023-03-03 17:00:00+00:00', '2023-03-03 18:00:00+00:00', '2023-03-03 19:00:00+00:00', '2023-03-03 20:00:00+00:00', '2023-03-03 21:00:00+00:00', '2023-03-03 22:00:00+00:00', '2023-03-03 23:00:00+00:00']",23,3.532,5.942,0.571
2023-03-03,H4.Z50,P1,"['2023-03-03 09:00:00+00:00', '2023-03-03 10:00:00+00:00']",2,3.529,2022.408,1718.745
2023-03-03,H2.ZE67,I2,"['2023-03-03 00:00:00+00:00', '2023-03-03 01:00:00+00:00', '2023-03-03 02:00:00+00:00', '2023-03-03 04:00:00+00:00', '2023-03-03 05:00:00+00:00', '2023-03-03 06:00:00+00:00', '2023-03-03 07:00:00+00:00', '2023-03-03 08:00:00+00:00', '2023-03-03 09:00:00+00:00', '2023-03-03 10:00:00+00:00', '2023-03-03 11:00:00+00:00', '2023-03-03 12:00:00+00:00', '2023-03-03 13:00:00+00:00', '2023-03-03 14:00:00+00:00', '2023-03-03 15:00:00+00:00', '2023-03-03 16:00:00+00:00', '2023-03-03 17:00:00+00:00', '2023-03-03 18:00:00+00:00', '2023-03-03 19:00:00+00:00', '2023-03-03 20:00:00+00:00', '2023-03-03 21:00:00+00:00', '2023-03-03 22:00:00+00:00', '2023-03-03 23:00:00+00:00']",23,3.527,5.917,0.573
2023-03-03,H3.Z49,P1,"['2023-03-03 08:00:00+00:00', '2023-03-03 10:00:00+00:00', '2023-03-03 11:00:00+00:00', '2023-03-03 12:00:00+00:00', '2023-03-03 13:00:00+00:00', '2023-03-03 16:00:00+00:00']",6,3.523,327.319,87.859
2023-03-03,H3.Z49,PF,"['2023-03-03 08:00:00+00:00', '2023-03-03 11:00:00+00:00', '2023-03-03 15:00:00+00:00', '2023-03-03 16:00:00+00:00']",4,3.523,0.333,0.168
2023-03-03,H3.Z49,I3,"['2023-03-03 08:00:00+00:00', '2023-03-03 09:00:00+00:00', '2023-03-03 11:00:00+00:00', '2023-03-03 12:00:00+00:00', '2023-03-03 16:00:00+00:00']",5,3.517,2.29,0.958
2023-03-03,H2.ZE67,P2,"['2023-03-03 00:00:00+00:00', '2023-03-03 01:00:00+00:00', '2023-03-03 02:00:00+00:00', '2023-03-03 04:00:00+00:00', '2023-03-03 05:00:00+00:00', '2023-03-03 06:00:00+00:00', '2023-03-03 07:00:00+00:00', '2023-03-03 09:00:00+00:00', '2023-03-03 10:00:00+00:00', '2023-03-03 11:00:00+00:00', '2023-03-03 12:00:00+00:00', '2023-03-03 13:00:00+00:00', '2023-03-03 14:00:00+00:00', '2023-03-03 15:00:00+00:00', '2023-03-03 16:00:00+00:00', '2023-03-03 17:00:00+00:00', '2023-03-03 18:00:00+00:00', '2023-03-03 19:00:00+00:00', '2023-03-03 20:00:00+00:00', '2023-03-03 21:00:00+00:00', '2023-03-03 22:00:00+00:00', '2023-03-03 23:00:00+00:00']",22,3.514,1070.172,86.104
2023-03-03,H1.Z17,P2,"['2023-03-03 11:00:00+00:00', '2023-03-03 12:00:00+00:00', '2023-03-03 13:00:00+00:00']",3,3.513,15741.79,10484.404
2023-03-03,H1.Z13,Q,"['2023-03-03 06:00:00+00:00', '2023-03-03 07:00:00+00:00', '2023-03-03 08:00:00+00:00', '2023-03-03 09:00:00+00:00', '2023-03-03 10:00:00+00:00', '2023-03-03 11:00:00+00:00', '2023-03-03 12:00:00+00:00', '2023-03-03 14:00:00+00:00', '2023-03-03 15:00:00+00:00', '2023-03-03 16:00:00+00:00', '2023-03-03 17:00:00+00:00']",11,3.51,9549.463,3301.162
2023-03-03,H3.Z49,I1,"['2023-03-03 08:00:00+00:00', '2023-03-03 09:00:00+00:00', '2023-03-03 10:00:00+00:00', '2023-03-03 11:00:00+00:00', '2023-03-03 12:00:00+00:00', '2023-03-03 13:00:00+00:00', '2023-03-03 16:00:00+00:00']",7,3.504,2.188,0.93
2023-03-03,H1.Z16,PF2,"['2023-03-03 07:00:00+00:00', '2023-03-03 09:00:00+00:00', '2023-03-03 10:00:00+00:00', '2023-03-03 11:00:00+00:00', '2023-03-03 12:00:00+00:00']",5,3.5,0.806,0.805
2023-03-03,H3.Z49,I2,"['2023-03-03 08:00:00+00:00', '2023-03-03 10:00:00+00:00', '2023-03-03 11:00:00+00:00', '2023-03-03 12:00:00+00:00', '2023-03-03 13:00:00+00:00', '2023-03-03 16:00:00+00:00']",6,3.485,2.294,1.002
2023-03-03,H2.Z361,PF1,"['2023-03-03 11:00:00+00:00', '2023-03-03 12:00:00+00:00']",2,3.48,0.784,0.835
2023-03-03,H1.Z14,Q,"['2023-03-03 06:00:00+00:00', '2023-03-03 07:00:00+00:00', '2023-03-03 08:00:00+00:00', '2023-03-03 09:00:00+00:00', '2023-03-03 10:00:00+00:00', '2023-03-03 11:00:00+00:00', '2023-03-03 12:00:00+00:00', '2023-03-03 14:00:00+00:00', '2023-03-03 15:00:00+00:00', '2023-03-03 16:00:00+00:00', '2023-03-03 17:00:00+00:00']",11,3.474,9134.253,3177.977
2023-03-03,H2.ZE66,PF2,"['2023-03-03 00:00:00+00:00', '2023-03-03 01:00:00+00:00', '2023-03-03 02:00:00+00:00', '2023-03-03 21:00:00+00:00', '2023-03-03 22:00:00+00:00']",5,3.442,0.145,0.306
2023-03-03,H2.ZE66,PF,"['2023-03-03 00:00:00+00:00', '2023-03-03 01:00:00+00:00']",2,3.433,0.495,0.566
2023-03-03,H2.Z351,PF1,"['2023-03-03 11:00:00+00:00', '2023-03-03 12:00:00+00:00']",2,3.395,0.784,0.831
2023-03-03,H1.Z12,WQ_out,"['2023-03-03 13:00:00+00:00', '2023-03-03 14:00:00+00:00', '2023-03-03 15:00:00+00:00', '2023-03-03 16:00:00+00:00', '2023-03-03 17:00:00+00:00', '2023-03-03 18:00:00+00:00', '2023-03-03 19:00:00+00:00', '2023-03-03 20:00:00+00:00', '2023-03-03 21:00:00+00:00', '2023-03-03 22:00:00+00:00', '2023-03-03 23:00:00+00:00']",11,3.394,3.31,3.299
2023-03-03,H1.Z17,I3,"['2023-03-03 10:00:00+00:00', '2023-03-03 11:00:00+00:00', '2023-03-03 12:00:00+00:00', '2023-03-03 13:00:00+00:00']",4,3.385,68.1,41.203
2023-03-03,H1.K16,Tdiff,['2023-03-03 11:00:00+00:00'],1,3.37,-7081.882,-7561.852
2023-03-03,H2.ZE66,I1,"['2023-03-03 00:00:00+00:00', '2023-03-03 01:00:00+00:00', '2023-03-03 02:00:00+00:00', '2023-03-03 03:00:00+00:00', '2023-03-03 04:00:00+00:00', '2023-03-03 05:00:00+00:00', '2023-03-03 06:00:00+00:00', '2023-03-03 07:00:00+00:00', '2023-03-03 08:00:00+00:00', '2023-03-03 09:00:00+00:00', '2023-03-03 10:00:00+00:00', '2023-03-03 11:00:00+00:00', '2023-03-03 12:00:00+00:00', '2023-03-03 13:00:00+00:00', '2023-03-03 14:00:00+00:00', '2023-03-03 15:00:00+00:00', '2023-03-03 16:00:00+00:00', '2023-03-03 17:00:00+00:00', '2023-03-03 18:00:00+00:00', '2023-03-03 19:00:00+00:00', '2023-03-03 20:00:00+00:00', '2023-03-03 21:00:00+00:00', '2023-03-03 22:00:00+00:00', '2023-03-03 23:00:00+00:00']",24,3.354,0.09,6.754
2023-03-03,H2.ZE66,I2,"['2023-03-03 00:00:00+00:00', '2023-03-03 01:00:00+00:00', '2023-03-03 02:00:00+00:00', '2023-03-03 03:00:00+00:00', '2023-03-03 04:00:00+00:00', '2023-03-03 05:00:00+00:00', '2023-03-03 06:00:00+00:00', '2023-03-03 07:00:00+00:00', '2023-03-03 08:00:00+00:00', '2023-03-03 09:00:00+00:00', '2023-03-03 10:00:00+00:00', '2023-03-03 11:00:00+00:00', '2023-03-03 12:00:00+00:00', '2023-03-03 13:00:00+00:00', '2023-03-03 14:00:00+00:00', '2023-03-03 15:00:00+00:00', '2023-03-03 16:00:00+00:00', '2023-03-03 17:00:00+00:00', '2023-03-03 18:00:00+00:00', '2023-03-03 19:00:00+00:00', '2023-03-03 20:00:00+00:00', '2023-03-03 21:00:00+00:00', '2023-03-03 22:00:00+00:00', '2023-03-03 23:00:00+00:00']",24,3.35,0.089,6.712
2023-03-03,H2.ZE66,P1,"['2023-03-03 00:00:00+00:00', '2023-03-03 01:00:00+00:00', '2023-03-03 02:00:00+00:00', '2023-03-03 03:00:00+00:00', '2023-03-03 04:00:00+00:00', '2023-03-03 05:00:00+00:00', '2023-03-03 06:00:00+00:00', '2023-03-03 07:00:00+00:00', '2023-03-03 08:00:00+00:00', '2023-03-03 09:00:00+00:00', '2023-03-03 10:00:00+00:00', '2023-03-03 11:00:00+00:00', '2023-03-03 12:00:00+00:00', '2023-03-03 13:00:00+00:00', '2023-03-03 14:00:00+00:00', '2023-03-03 15:00:00+00:00', '2023-03-03 16:00:00+00:00', '2023-03-03 17:00:00+00:00', '2023-03-03 18:00:00+00:00', '2023-03-03 19:00:00+00:00', '2023-03-03 20:00:00+00:00', '2023-03-03 21:00:00+00:00', '2023-03-03 22:00:00+00:00', '2023-03-03 23:00:00+00:00']",24,3.347,17.651,1237.38
2023-03-03,H1.Z15,W2,"['2023-03-03 20:00:00+00:00', '2023-03-03 21:00:00+00:00', '2023-03-03 22:00:00+00:00', '2023-03-03 23:00:00+00:00']",4,3.339,399583.804,400219.223
2023-03-03,H2.ZE66,P,"['2023-03-03 00:00:00+00:00', '2023-03-03 01:00:00+00:00', '2023-03-03 02:00:00+00:00', '2023-03-03 03:00:00+00:00', '2023-03-03 04:00:00+00:00', '2023-03-03 05:00:00+00:00', '2023-03-03 06:00:00+00:00', '2023-03-03 07:00:00+00:00', '2023-03-03 08:00:00+00:00', '2023-03-03 09:00:00+00:00', '2023-03-03 10:00:00+00:00', '2023-03-03 11:00:00+00:00', '2023-03-03 12:00:00+00:00', '2023-03-03 13:00:00+00:00', '2023-03-03 14:00:00+00:00', '2023-03-03 15:00:00+00:00', '2023-03-03 16:00:00+00:00', '2023-03-03 17:00:00+00:00', '2023-03-03 18:00:00+00:00', '2023-03-03 19:00:00+00:00', '2023-03-03 20:00:00+00:00', '2023-03-03 21:00:00+00:00', '2023-03-03 22:00:00+00:00', '2023-03-03 23:00:00+00:00']",24,3.339,20.345,3763.363
2023-03-03,H2.Z66,Q,"['2023-03-03 00:00:00+00:00', '2023-03-03 01:00:00+00:00', '2023-03-03 02:00:00+00:00', '2023-03-03 03:00:00+00:00', '2023-03-03 04:00:00+00:00', '2023-03-03 05:00:00+00:00', '2023-03-03 06:00:00+00:00', '2023-03-03 07:00:00+00:00', '2023-03-03 08:00:00+00:00', '2023-03-03 09:00:00+00:00', '2023-03-03 10:00:00+00:00', '2023-03-03 11:00:00+00:00', '2023-03-03 12:00:00+00:00', '2023-03-03 13:00:00+00:00', '2023-03-03 14:00:00+00:00', '2023-03-03 15:00:00+00:00', '2023-03-03 16:00:00+00:00', '2023-03-03 17:00:00+00:00', '2023-03-03 18:00:00+00:00', '2023-03-03 19:00:00+00:00', '2023-03-03 20:00:00+00:00', '2023-03-03 21:00:00+00:00', '2023-03-03 22:00:00+00:00', '2023-03-03 23:00:00+00:00']",24,3.336,24.129,2801.35
2023-03-03,H2.ZE66,P2,"['2023-03-03 00:00:00+00:00', '2023-03-03 01:00:00+00:00', '2023-03-03 02:00:00+00:00', '2023-03-03 03:00:00+00:00', '2023-03-03 04:00:00+00:00', '2023-03-03 05:00:00+00:00', '2023-03-03 06:00:00+00:00', '2023-03-03 07:00:00+00:00', '2023-03-03 08:00:00+00:00', '2023-03-03 09:00:00+00:00', '2023-03-03 10:00:00+00:00', '2023-03-03 11:00:00+00:00', '2023-03-03 12:00:00+00:00', '2023-03-03 13:00:00+00:00', '2023-03-03 14:00:00+00:00', '2023-03-03 15:00:00+00:00', '2023-03-03 16:00:00+00:00', '2023-03-03 17:00:00+00:00', '2023-03-03 18:00:00+00:00', '2023-03-03 19:00:00+00:00', '2023-03-03 20:00:00+00:00', '2023-03-03 21:00:00+00:00', '2023-03-03 22:00:00+00:00', '2023-03-03 23:00:00+00:00']",24,3.335,2.695,1244.154
2023-03-03,H4.ZE50,I3,"['2023-03-03 09:00:00+00:00', '2023-03-03 10:00:00+00:00']",2,3.327,5.008,4.611
2023-03-03,H4.ZE50,P3,"['2023-03-03 09:00:00+00:00', '2023-03-03 10:00:00+00:00']",2,3.32,1026.101,940.582
2023-03-03,H2.Z66,P1,"['2023-03-03 00:00:00+00:00', '2023-03-03 01:00:00+00:00', '2023-03-03 02:00:00+00:00', '2023-03-03 03:00:00+00:00', '2023-03-03 04:00:00+00:00', '2023-03-03 05:00:00+00:00', '2023-03-03 06:00:00+00:00', '2023-03-03 07:00:00+00:00', '2023-03-03 08:00:00+00:00', '2023-03-03 09:00:00+00:00', '2023-03-03 10:00:00+00:00', '2023-03-03 11:00:00+00:00', '2023-03-03 12:00:00+00:00', '2023-03-03 13:00:00+00:00', '2023-03-03 14:00:00+00:00', '2023-03-03 15:00:00+00:00', '2023-03-03 16:00:00+00:00', '2023-03-03 17:00:00+00:00', '2023-03-03 18:00:00+00:00', '2023-03-03 19:00:00+00:00', '2023-03-03 20:00:00+00:00', '2023-03-03 21:00:00+00:00', '2023-03-03 22:00:00+00:00', '2023-03-03 23:00:00+00:00']",24,3.312,18.518,1250.826
2023-03-03,H2.T.Z30,P,"['2023-03-03 09:00:00+00:00', '2023-03-03 10:00:00+00:00']",2,3.309,18189.076,13799.372
2023-03-03,H2.Z66,P,"['2023-03-03 00:00:00+00:00', '2023-03-03 01:00:00+00:00', '2023-03-03 02:00:00+00:00', '2023-03-03 03:00:00+00:00', '2023-03-03 04:00:00+00:00', '2023-03-03 05:00:00+00:00', '2023-03-03 06:00:00+00:00', '2023-03-03 07:00:00+00:00', '2023-03-03 08:00:00+00:00', '2023-03-03 09:00:00+00:00', '2023-03-03 10:00:00+00:00', '2023-03-03 11:00:00+00:00', '2023-03-03 12:00:00+00:00', '2023-03-03 13:00:00+00:00', '2023-03-03 14:00:00+00:00', '2023-03-03 15:00:00+00:00', '2023-03-03 16:00:00+00:00', '2023-03-03 17:00:00+00:00', '2023-03-03 18:00:00+00:00', '2023-03-03 19:00:00+00:00', '2023-03-03 20:00:00+00:00', '2023-03-03 21:00:00+00:00', '2023-03-03 22:00:00+00:00', '2023-03-03 23:00:00+00:00']",24,3.308,21.169,3799.528
2023-03-03,H1.Z11,PF3,"['2023-03-03 11:00:00+00:00', '2023-03-03 13:00:00+00:00']",2,3.293,-0.066,-0.035
2023-03-03,H2.Z66,P2,"['2023-03-03 00:00:00+00:00', '2023-03-03 01:00:00+00:00', '2023-03-03 02:00:00+00:00', '2023-03-03 03:00:00+00:00', '2023-03-03 04:00:00+00:00', '2023-03-03 05:00:00+00:00', '2023-03-03 06:00:00+00:00', '2023-03-03 07:00:00+00:00', '2023-03-03 08:00:00+00:00', '2023-03-03 09:00:00+00:00', '2023-03-03 10:00:00+00:00', '2023-03-03 11:00:00+00:00', '2023-03-03 12:00:00+00:00', '2023-03-03 13:00:00+00:00', '2023-03-03 14:00:00+00:00', '2023-03-03 15:00:00+00:00', '2023-03-03 16:00:00+00:00', '2023-03-03 17:00:00+00:00', '2023-03-03 18:00:00+00:00', '2023-03-03 19:00:00+00:00', '2023-03-03 20:00:00+00:00', '2023-03-03 21:00:00+00:00', '2023-03-03 22:00:00+00:00', '2023-03-03 23:00:00+00:00']",24,3.291,2.95,1258.714
2023-03-03,H2.ZE66,P3,"['2023-03-03 00:00:00+00:00', '2023-03-03 01:00:00+00:00', '2023-03-03 02:00:00+00:00', '2023-03-03 03:00:00+00:00', '2023-03-03 04:00:00+00:00', '2023-03-03 05:00:00+00:00', '2023-03-03 06:00:00+00:00', '2023-03-03 07:00:00+00:00', '2023-03-03 08:00:00+00:00', '2023-03-03 09:00:00+00:00', '2023-03-03 10:00:00+00:00', '2023-03-03 11:00:00+00:00', '2023-03-03 12:00:00+00:00', '2023-03-03 13:00:00+00:00', '2023-03-03 14:00:00+00:00', '2023-03-03 15:00:00+00:00', '2023-03-03 16:00:00+00:00', '2023-03-03 17:00:00+00:00', '2023-03-03 18:00:00+00:00', '2023-03-03 19:00:00+00:00', '2023-03-03 20:00:00+00:00', '2023-03-03 21:00:00+00:00', '2023-03-03 22:00:00+00:00', '2023-03-03 23:00:00+00:00']",24,3.29,-0.001,1347.017
2023-03-03,H3.ZE40,I2,"['2023-03-03 08:00:00+00:00', '2023-03-03 09:00:00+00:00']",2,3.29,18.484,16.89
2023-03-03,H3.Z49,Q,"['2023-03-03 08:00:00+00:00', '2023-03-03 16:00:00+00:00']",2,3.288,-173.406,-283.597
2023-03-03,H1.Z17,I1,"['2023-03-03 11:00:00+00:00', '2023-03-03 12:00:00+00:00', '2023-03-03 13:00:00+00:00']",3,3.28,75.089,54.654
2023-03-03,H3.Z40,I2,['2023-03-03 08:00:00+00:00'],1,3.276,18.127,16.56
2023-03-03,H2.T.Z30,I3,"['2023-03-03 09:00:00+00:00', '2023-03-03 10:00:00+00:00']",2,3.273,30.293,23.492
2023-03-03,H2.ZE66,I3,"['2023-03-03 00:00:00+00:00', '2023-03-03 01:00:00+00:00', '2023-03-03 02:00:00+00:00', '2023-03-03 03:00:00+00:00', '2023-03-03 04:00:00+00:00', '2023-03-03 05:00:00+00:00', '2023-03-03 06:00:00+00:00', '2023-03-03 07:00:00+00:00', '2023-03-03 08:00:00+00:00', '2023-03-03 09:00:00+00:00', '2023-03-03 10:00:00+00:00', '2023-03-03 11:00:00+00:00', '2023-03-03 12:00:00+00:00', '2023-03-03 13:00:00+00:00', '2023-03-03 14:00:00+00:00', '2023-03-03 15:00:00+00:00', '2023-03-03 16:00:00+00:00', '2023-03-03 17:00:00+00:00', '2023-03-03 18:00:00+00:00', '2023-03-03 19:00:00+00:00', '2023-03-03 20:00:00+00:00', '2023-03-03 21:00:00+00:00', '2023-03-03 22:00:00+00:00', '2023-03-03 23:00:00+00:00']",24,3.265,0.0,6.422
2023-03-03,H3.Z49,PF2,"['2023-03-03 08:00:00+00:00', '2023-03-03 11:00:00+00:00', '2023-03-03 16:00:00+00:00']",3,3.259,0.375,0.241
2023-03-03,H4.Z50,P3,"['2023-03-03 09:00:00+00:00', '2023-03-03 10:00:00+00:00']",2,3.259,1357.94,1257.555
2023-03-03,H1.Z27,PF1,"['2023-03-03 00:00:00+00:00', '2023-03-03 01:00:00+00:00', '2023-03-03 02:00:00+00:00', '2023-03-03 03:00:00+00:00', '2023-03-03 04:00:00+00:00', '2023-03-03 05:00:00+00:00', '2023-03-03 06:00:00+00:00', '2023-03-03 07:00:00+00:00', '2023-03-03 08:00:00+00:00', '2023-03-03 14:00:00+00:00']",10,3.256,0.917,0.9
2023-03-03,H4.Z50,I3,"['2023-03-03 09:00:00+00:00', '2023-03-03 10:00:00+00:00']",2,3.256,6.657,6.189
2023-03-03,H1.Z17,P,"['2023-03-03 12:00:00+00:00', '2023-03-03 13:00:00+00:00']",2,3.247,45760.323,31747.325
2023-03-03,V.Z81,W1,"['2023-03-03 21:00:00+00:00', '2023-03-03 22:00:00+00:00', '2023-03-03 23:00:00+00:00']",3,3.244,232751.99,233318.422
2023-03-03,H2.T.Z32,PF1,['2023-03-03 06:00:00+00:00'],1,3.242,0.53,0.537
2023-03-03,H2.T.Z30,P3,"['2023-03-03 09:00:00+00:00', '2023-03-03 10:00:00+00:00']",2,3.237,6810.719,5217.601
2023-03-03,H3.Z49,PF3,"['2023-03-03 08:00:00+00:00', '2023-03-03 11:00:00+00:00', '2023-03-03 16:00:00+00:00']",3,3.215,0.291,0.135
2023-03-03,H2.Z66,I2,"['2023-03-03 00:00:00+00:00', '2023-03-03 01:00:00+00:00', '2023-03-03 02:00:00+00:00', '2023-03-03 03:00:00+00:00', '2023-03-03 04:00:00+00:00', '2023-03-03 05:00:00+00:00', '2023-03-03 06:00:00+00:00', '2023-03-03 07:00:00+00:00', '2023-03-03 08:00:00+00:00', '2023-03-03 09:00:00+00:00', '2023-03-03 10:00:00+00:00', '2023-03-03 11:00:00+00:00', '2023-03-03 12:00:00+00:00', '2023-03-03 13:00:00+00:00', '2023-03-03 14:00:00+00:00', '2023-03-03 15:00:00+00:00', '2023-03-03 16:00:00+00:00', '2023-03-03 17:00:00+00:00', '2023-03-03 18:00:00+00:00', '2023-03-03 19:00:00+00:00', '2023-03-03 20:00:00+00:00', '2023-03-03 21:00:00+00:00', '2023-03-03 22:00:00+00:00', '2023-03-03 23:00:00+00:00']",24,3.177,0.086,7.348
2023-03-03,H1.Z17,P3,"['2023-03-03 10:00:00+00:00', '2023-03-03 13:00:00+00:00']",2,3.167,14046.99,8968.635
2023-03-03,H2.ZE66,PF3,"['2023-03-03 00:00:00+00:00', '2023-03-03 01:00:00+00:00', '2023-03-03 02:00:00+00:00', '2023-03-03 03:00:00+00:00', '2023-03-03 04:00:00+00:00', '2023-03-03 05:00:00+00:00', '2023-03-03 06:00:00+00:00', '2023-03-03 07:00:00+00:00', '2023-03-03 08:00:00+00:00', '2023-03-03 09:00:00+00:00', '2023-03-03 10:00:00+00:00', '2023-03-03 11:00:00+00:00', '2023-03-03 12:00:00+00:00', '2023-03-03 13:00:00+00:00', '2023-03-03 14:00:00+00:00', '2023-03-03 15:00:00+00:00', '2023-03-03 16:00:00+00:00', '2023-03-03 17:00:00+00:00', '2023-03-03 18:00:00+00:00', '2023-03-03 19:00:00+00:00', '2023-03-03 20:00:00+00:00', '2023-03-03 21:00:00+00:00', '2023-03-03 22:00:00+00:00', '2023-03-03 23:00:00+00:00']",24,3.131,1.0,0.956
2023-03-03,H2.Z66,I1,"['2023-03-03 00:00:00+00:00', '2023-03-03 01:00:00+00:00', '2023-03-03 02:00:00+00:00', '2023-03-03 03:00:00+00:00', '2023-03-03 04:00:00+00:00', '2023-03-03 05:00:00+00:00', '2023-03-03 06:00:00+00:00', '2023-03-03 07:00:00+00:00', '2023-03-03 08:00:00+00:00', '2023-03-03 09:00:00+00:00', '2023-03-03 10:00:00+00:00', '2023-03-03 11:00:00+00:00', '2023-03-03 12:00:00+00:00', '2023-03-03 13:00:00+00:00', '2023-03-03 14:00:00+00:00', '2023-03-03 15:00:00+00:00', '2023-03-03 16:00:00+00:00', '2023-03-03 17:00:00+00:00', '2023-03-03 18:00:00+00:00', '2023-03-03 19:00:00+00:00', '2023-03-03 20:00:00+00:00', '2023-03-03 21:00:00+00:00', '2023-03-03 22:00:00+00:00', '2023-03-03 23:00:00+00:00']",24,3.11,0.101,7.193
2023-03-03,H2.Z66,P3,"['2023-03-03 00:00:00+00:00', '2023-03-03 01:00:00+00:00', '2023-03-03 02:00:00+00:00', '2023-03-03 03:00:00+00:00', '2023-03-03 04:00:00+00:00', '2023-03-03 05:00:00+00:00', '2023-03-03 06:00:00+00:00', '2023-03-03 07:00:00+00:00', '2023-03-03 08:00:00+00:00', '2023-03-03 09:00:00+00:00', '2023-03-03 10:00:00+00:00', '2023-03-03 11:00:00+00:00', '2023-03-03 12:00:00+00:00', '2023-03-03 13:00:00+00:00', '2023-03-03 14:00:00+00:00', '2023-03-03 15:00:00+00:00', '2023-03-03 16:00:00+00:00', '2023-03-03 17:00:00+00:00', '2023-03-03 18:00:00+00:00', '2023-03-03 19:00:00+00:00', '2023-03-03 20:00:00+00:00', '2023-03-03 21:00:00+00:00', '2023-03-03 22:00:00+00:00', '2023-03-03 23:00:00+00:00']",24,3.101,0.0,1361.035
2023-03-03,H3.Z49,PF1,"['2023-03-03 08:00:00+00:00', '2023-03-03 11:00:00+00:00', '2023-03-03 16:00:00+00:00']",3,3.101,0.257,0.099
2023-03-03,H2.Z66,I3,"['2023-03-03 00:00:00+00:00', '2023-03-03 01:00:00+00:00', '2023-03-03 02:00:00+00:00', '2023-03-03 03:00:00+00:00', '2023-03-03 04:00:00+00:00', '2023-03-03 05:00:00+00:00', '2023-03-03 06:00:00+00:00', '2023-03-03 07:00:00+00:00', '2023-03-03 08:00:00+00:00', '2023-03-03 09:00:00+00:00', '2023-03-03 10:00:00+00:00', '2023-03-03 11:00:00+00:00', '2023-03-03 12:00:00+00:00', '2023-03-03 13:00:00+00:00', '2023-03-03 14:00:00+00:00', '2023-03-03 15:00:00+00:00', '2023-03-03 16:00:00+00:00', '2023-03-03 17:00:00+00:00', '2023-03-03 18:00:00+00:00', '2023-03-03 19:00:00+00:00', '2023-03-03 20:00:00+00:00', '2023-03-03 21:00:00+00:00', '2023-03-03 22:00:00+00:00', '2023-03-03 23:00:00+00:00']",24,3.09,0.0,7.313
2023-03-03,H2.T.Z34,PF1,['2023-03-03 00:00:00+00:00'],1,3.069,0.991,0.991
2023-03-03,H2.Z66,PF3,"['2023-03-03 00:00:00+00:00', '2023-03-03 01:00:00+00:00', '2023-03-03 02:00:00+00:00', '2023-03-03 03:00:00+00:00', '2023-03-03 04:00:00+00:00', '2023-03-03 05:00:00+00:00', '2023-03-03 06:00:00+00:00', '2023-03-03 07:00:00+00:00', '2023-03-03 08:00:00+00:00', '2023-03-03 09:00:00+00:00', '2023-03-03 10:00:00+00:00', '2023-03-03 11:00:00+00:00', '2023-03-03 12:00:00+00:00', '2023-03-03 13:00:00+00:00', '2023-03-03 14:00:00+00:00', '2023-03-03 15:00:00+00:00', '2023-03-03 16:00:00+00:00', '2023-03-03 17:00:00+00:00', '2023-03-03 18:00:00+00:00', '2023-03-03 19:00:00+00:00', '2023-03-03 20:00:00+00:00', '2023-03-03 21:00:00+00:00', '2023-03-03 22:00:00+00:00', '2023-03-03 23:00:00+00:00']",24,3.064,0.0,0.211
2023-03-03,H1.Z21,P1,['2023-03-03 11:00:00+00:00'],1,3.059,18.819,10.544
2023-03-03,H3.ZE43,PF2,['2023-03-03 07:00:00+00:00'],1,3.035,0.722,0.698
2023-03-03,H1.Z11,PF1,['2023-03-03 07:00:00+00:00'],1,3.014,0.913,0.916
2023-03-04,H3.Z42,PF2,"['2023-03-04 11:00:00+00:00', '2023-03-04 12:00:00+00:00', '2023-03-04 13:00:00+00:00', '2023-03-04 14:00:00+00:00', '2023-03-04 15:00:00+00:00', '2023-03-04 16:00:00+00:00', '2023-03-04 17:00:00+00:00']",7,10.103,0.66,0.848
2023-03-04,H2.Z68,PF2,"['2023-03-04 13:00:00+00:00', '2023-03-04 14:00:00+00:00']",2,6.623,0.626,0.628
2023-03-04,H2.ZE67,W3,"['2023-03-04 00:00:00+00:00', '2023-03-04 01:00:00+00:00', '2023-03-04 02:00:00+00:00', '2023-03-04 03:00:00+00:00', '2023-03-04 04:00:00+00:00', '2023-03-04 05:00:00+00:00', '2023-03-04 06:00:00+00:00', '2023-03-04 07:00:00+00:00', '2023-03-04 08:00:00+00:00', '2023-03-04 09:00:00+00:00', '2023-03-04 10:00:00+00:00', '2023-03-04 11:00:00+00:00', '2023-03-04 12:00:00+00:00', '2023-03-04 13:00:00+00:00', '2023-03-04 14:00:00+00:00', '2023-03-04 15:00:00+00:00', '2023-03-04 16:00:00+00:00', '2023-03-04 17:00:00+00:00', '2023-03-04 18:00:00+00:00', '2023-03-04 19:00:00+00:00', '2023-03-04 20:00:00+00:00', '2023-03-04 21:00:00+00:00', '2023-03-04 22:00:00+00:00', '2023-03-04 23:00:00+00:00']",24,6.238,6338.188,6288.088
2023-03-04,H2.ZE67,W2,"['2023-03-04 00:00:00+00:00', '2023-03-04 01:00:00+00:00', '2023-03-04 02:00:00+00:00', '2023-03-04 03:00:00+00:00', '2023-03-04 04:00:00+00:00', '2023-03-04 05:00:00+00:00', '2023-03-04 06:00:00+00:00', '2023-03-04 07:00:00+00:00', '2023-03-04 08:00:00+00:00', '2023-03-04 09:00:00+00:00', '2023-03-04 10:00:00+00:00', '2023-03-04 11:00:00+00:00', '2023-03-04 12:00:00+00:00', '2023-03-04 13:00:00+00:00', '2023-03-04 14:00:00+00:00', '2023-03-04 15:00:00+00:00', '2023-03-04 16:00:00+00:00', '2023-03-04 17:00:00+00:00', '2023-03-04 18:00:00+00:00', '2023-03-04 19:00:00+00:00', '2023-03-04 20:00:00+00:00', '2023-03-04 21:00:00+00:00', '2023-03-04 22:00:00+00:00', '2023-03-04 23:00:00+00:00']",24,6.233,6202.173,6153.458
2023-03-04,H2.Z67,W,"['2023-03-04 00:00:00+00:00', '2023-03-04 01:00:00+00:00', '2023-03-04 02:00:00+00:00', '2023-03-04 03:00:00+00:00', '2023-03-04 04:00:00+00:00', '2023-03-04 05:00:00+00:00', '2023-03-04 06:00:00+00:00', '2023-03-04 07:00:00+00:00', '2023-03-04 08:00:00+00:00', '2023-03-04 09:00:00+00:00', '2023-03-04 10:00:00+00:00', '2023-03-04 11:00:00+00:00', '2023-03-04 12:00:00+00:00', '2023-03-04 13:00:00+00:00', '2023-03-04 14:00:00+00:00', '2023-03-04 15:00:00+00:00', '2023-03-04 16:00:00+00:00', '2023-03-04 17:00:00+00:00', '2023-03-04 18:00:00+00:00', '2023-03-04 19:00:00+00:00', '2023-03-04 20:00:00+00:00', '2023-03-04 21:00:00+00:00', '2023-03-04 22:00:00+00:00', '2023-03-04 23:00:00+00:00']",24,6.179,195963.401,195812.657
2023-03-04,H2.Z67,W_in,"['2023-03-04 00:00:00+00:00', '2023-03-04 01:00:00+00:00', '2023-03-04 02:00:00+00:00', '2023-03-04 03:00:00+00:00', '2023-03-04 04:00:00+00:00', '2023-03-04 05:00:00+00:00', '2023-03-04 06:00:00+00:00', '2023-03-04 07:00:00+00:00', '2023-03-04 08:00:00+00:00', '2023-03-04 09:00:00+00:00', '2023-03-04 10:00:00+00:00', '2023-03-04 11:00:00+00:00', '2023-03-04 12:00:00+00:00', '2023-03-04 13:00:00+00:00', '2023-03-04 14:00:00+00:00', '2023-03-04 15:00:00+00:00', '2023-03-04 16:00:00+00:00', '2023-03-04 17:00:00+00:00', '2023-03-04 18:00:00+00:00', '2023-03-04 19:00:00+00:00', '2023-03-04 20:00:00+00:00', '2023-03-04 21:00:00+00:00', '2023-03-04 22:00:00+00:00', '2023-03-04 23:00:00+00:00']",24,6.179,195963.381,195812.64
2023-03-04,H2.ZE67,W,"['2023-03-04 00:00:00+00:00', '2023-03-04 01:00:00+00:00', '2023-03-04 02:00:00+00:00', '2023-03-04 03:00:00+00:00', '2023-03-04 04:00:00+00:00', '2023-03-04 05:00:00+00:00', '2023-03-04 06:00:00+00:00', '2023-03-04 07:00:00+00:00', '2023-03-04 08:00:00+00:00', '2023-03-04 09:00:00+00:00', '2023-03-04 10:00:00+00:00', '2023-03-04 11:00:00+00:00', '2023-03-04 12:00:00+00:00', '2023-03-04 13:00:00+00:00', '2023-03-04 14:00:00+00:00', '2023-03-04 15:00:00+00:00', '2023-03-04 16:00:00+00:00', '2023-03-04 17:00:00+00:00', '2023-03-04 18:00:00+00:00', '2023-03-04 19:00:00+00:00', '2023-03-04 20:00:00+00:00', '2023-03-04 21:00:00+00:00', '2023-03-04 22:00:00+00:00', '2023-03-04 23:00:00+00:00']",24,6.176,18772.769,18624.36
2023-03-04,H2.ZE67,W_in,"['2023-03-04 00:00:00+00:00', '2023-03-04 01:00:00+00:00', '2023-03-04 02:00:00+00:00', '2023-03-04 03:00:00+00:00', '2023-03-04 04:00:00+00:00', '2023-03-04 05:00:00+00:00', '2023-03-04 06:00:00+00:00', '2023-03-04 07:00:00+00:00', '2023-03-04 08:00:00+00:00', '2023-03-04 09:00:00+00:00', '2023-03-04 10:00:00+00:00', '2023-03-04 11:00:00+00:00', '2023-03-04 12:00:00+00:00', '2023-03-04 13:00:00+00:00', '2023-03-04 14:00:00+00:00', '2023-03-04 15:00:00+00:00', '2023-03-04 16:00:00+00:00', '2023-03-04 17:00:00+00:00', '2023-03-04 18:00:00+00:00', '2023-03-04 19:00:00+00:00', '2023-03-04 20:00:00+00:00', '2023-03-04 21:00:00+00:00', '2023-03-04 22:00:00+00:00', '2023-03-04 23:00:00+00:00']",24,6.176,18775.965,18627.555
2023-03-04,H2.Z67,WQ,"['2023-03-04 00:00:00+00:00', '2023-03-04 01:00:00+00:00', '2023-03-04 02:00:00+00:00', '2023-03-04 03:00:00+00:00', '2023-03-04 04:00:00+00:00', '2023-03-04 05:00:00+00:00', '2023-03-04 06:00:00+00:00', '2023-03-04 07:00:00+00:00', '2023-03-04 08:00:00+00:00', '2023-03-04 09:00:00+00:00', '2023-03-04 10:00:00+00:00', '2023-03-04 11:00:00+00:00', '2023-03-04 12:00:00+00:00', '2023-03-04 13:00:00+00:00', '2023-03-04 14:00:00+00:00', '2023-03-04 15:00:00+00:00', '2023-03-04 16:00:00+00:00', '2023-03-04 17:00:00+00:00', '2023-03-04 18:00:00+00:00', '2023-03-04 19:00:00+00:00', '2023-03-04 20:00:00+00:00', '2023-03-04 21:00:00+00:00', '2023-03-04 22:00:00+00:00', '2023-03-04 23:00:00+00:00']",24,6.164,138536.161,138418.77
2023-03-04,H2.Z67,WQ_in,"['2023-03-04 00:00:00+00:00', '2023-03-04 01:00:00+00:00', '2023-03-04 02:00:00+00:00', '2023-03-04 03:00:00+00:00', '2023-03-04 04:00:00+00:00', '2023-03-04 05:00:00+00:00', '2023-03-04 06:00:00+00:00', '2023-03-04 07:00:00+00:00', '2023-03-04 08:00:00+00:00', '2023-03-04 09:00:00+00:00', '2023-03-04 10:00:00+00:00', '2023-03-04 11:00:00+00:00', '2023-03-04 12:00:00+00:00', '2023-03-04 13:00:00+00:00', '2023-03-04 14:00:00+00:00', '2023-03-04 15:00:00+00:00', '2023-03-04 16:00:00+00:00', '2023-03-04 17:00:00+00:00', '2023-03-04 18:00:00+00:00', '2023-03-04 19:00:00+00:00', '2023-03-04 20:00:00+00:00', '2023-03-04 21:00:00+00:00', '2023-03-04 22:00:00+00:00', '2023-03-04 23:00:00+00:00']",24,6.164,138536.162,138418.771
2023-03-04,H2.ZE67,W1,"['2023-03-04 00:00:00+00:00', '2023-03-04 01:00:00+00:00', '2023-03-04 02:00:00+00:00', '2023-03-04 03:00:00+00:00', '2023-03-04 04:00:00+00:00', '2023-03-04 05:00:00+00:00', '2023-03-04 06:00:00+00:00', '2023-03-04 07:00:00+00:00', '2023-03-04 08:00:00+00:00', '2023-03-04 09:00:00+00:00', '2023-03-04 10:00:00+00:00', '2023-03-04 11:00:00+00:00', '2023-03-04 12:00:00+00:00', '2023-03-04 13:00:00+00:00', '2023-03-04 14:00:00+00:00', '2023-03-04 15:00:00+00:00', '2023-03-04 16:00:00+00:00', '2023-03-04 17:00:00+00:00', '2023-03-04 18:00:00+00:00', '2023-03-04 19:00:00+00:00', '2023-03-04 20:00:00+00:00', '2023-03-04 21:00:00+00:00', '2023-03-04 22:00:00+00:00', '2023-03-04 23:00:00+00:00']",24,6.052,6232.398,6182.815
2023-03-04,H3.Z42,PF,"['2023-03-04 11:00:00+00:00', '2023-03-04 12:00:00+00:00', '2023-03-04 13:00:00+00:00', '2023-03-04 14:00:00+00:00', '2023-03-04 15:00:00+00:00', '2023-03-04 16:00:00+00:00', '2023-03-04 17:00:00+00:00']",7,5.999,0.79,0.843
2023-03-04,H2.Z68,PF,"['2023-03-04 13:00:00+00:00', '2023-03-04 14:00:00+00:00']",2,5.686,0.562,0.567
2023-03-04,H1.Z15,W2,"['2023-03-04 02:00:00+00:00', '2023-03-04 03:00:00+00:00', '2023-03-04 04:00:00+00:00', '2023-03-04 05:00:00+00:00', '2023-03-04 06:00:00+00:00', '2023-03-04 07:00:00+00:00', '2023-03-04 08:00:00+00:00', '2023-03-04 09:00:00+00:00', '2023-03-04 10:00:00+00:00', '2023-03-04 11:00:00+00:00', '2023-03-04 12:00:00+00:00', '2023-03-04 13:00:00+00:00', '2023-03-04 14:00:00+00:00', '2023-03-04 15:00:00+00:00', '2023-03-04 16:00:00+00:00', '2023-03-04 17:00:00+00:00', '2023-03-04 18:00:00+00:00', '2023-03-04 19:00:00+00:00', '2023-03-04 20:00:00+00:00', '2023-03-04 21:00:00+00:00', '2023-03-04 22:00:00+00:00', '2023-03-04 23:00:00+00:00']",22,5.091,398854.741,400190.642
2023-03-04,V.Z81,W3,"['2023-03-04 02:00:00+00:00', '2023-03-04 03:00:00+00:00', '2023-03-04 04:00:00+00:00', '2023-03-04 05:00:00+00:00', '2023-03-04 06:00:00+00:00', '2023-03-04 07:00:00+00:00', '2023-03-04 08:00:00+00:00', '2023-03-04 09:00:00+00:00', '2023-03-04 10:00:00+00:00', '2023-03-04 11:00:00+00:00', '2023-03-04 12:00:00+00:00', '2023-03-04 13:00:00+00:00', '2023-03-04 14:00:00+00:00', '2023-03-04 15:00:00+00:00', '2023-03-04 16:00:00+00:00', '2023-03-04 17:00:00+00:00', '2023-03-04 18:00:00+00:00', '2023-03-04 19:00:00+00:00', '2023-03-04 20:00:00+00:00', '2023-03-04 21:00:00+00:00', '2023-03-04 22:00:00+00:00', '2023-03-04 23:00:00+00:00']",22,5.04,262849.583,263932.919
2023-03-04,V.Z81,W2,"['2023-03-04 01:00:00+00:00', '2023-03-04 02:00:00+00:00', '2023-03-04 03:00:00+00:00', '2023-03-04 04:00:00+00:00', '2023-03-04 05:00:00+00:00', '2023-03-04 06:00:00+00:00', '2023-03-04 07:00:00+00:00', '2023-03-04 08:00:00+00:00', '2023-03-04 09:00:00+00:00', '2023-03-04 10:00:00+00:00', '2023-03-04 11:00:00+00:00', '2023-03-04 12:00:00+00:00', '2023-03-04 13:00:00+00:00', '2023-03-04 14:00:00+00:00', '2023-03-04 15:00:00+00:00', '2023-03-04 16:00:00+00:00', '2023-03-04 17:00:00+00:00', '2023-03-04 18:00:00+00:00', '2023-03-04 19:00:00+00:00', '2023-03-04 20:00:00+00:00', '2023-03-04 21:00:00+00:00', '2023-03-04 22:00:00+00:00', '2023-03-04 23:00:00+00:00']",23,4.998,200471.53,201648.209
2023-03-04,V.Z81,W,"['2023-03-04 02:00:00+00:00', '2023-03-04 03:00:00+00:00', '2023-03-04 04:00:00+00:00', '2023-03-04 05:00:00+00:00', '2023-03-04 06:00:00+00:00', '2023-03-04 07:00:00+00:00', '2023-03-04 08:00:00+00:00', '2023-03-04 09:00:00+00:00', '2023-03-04 10:00:00+00:00', '2023-03-04 11:00:00+00:00', '2023-03-04 12:00:00+00:00', '2023-03-04 13:00:00+00:00', '2023-03-04 14:00:00+00:00', '2023-03-04 15:00:00+00:00', '2023-03-04 16:00:00+00:00', '2023-03-04 17:00:00+00:00', '2023-03-04 18:00:00+00:00', '2023-03-04 19:00:00+00:00', '2023-03-04 20:00:00+00:00', '2023-03-04 21:00:00+00:00', '2023-03-04 22:00:00+00:00', '2023-03-04 23:00:00+00:00']",22,4.975,695407.806,698826.088
2023-03-04,V.Z81,W1,"['2023-03-04 03:00:00+00:00', '2023-03-04 04:00:00+00:00', '2023-03-04 05:00:00+00:00', '2023-03-04 06:00:00+00:00', '2023-03-04 07:00:00+00:00', '2023-03-04 08:00:00+00:00', '2023-03-04 09:00:00+00:00', '2023-03-04 10:00:00+00:00', '2023-03-04 11:00:00+00:00', '2023-03-04 12:00:00+00:00', '2023-03-04 13:00:00+00:00', '2023-03-04 14:00:00+00:00', '2023-03-04 15:00:00+00:00', '2023-03-04 16:00:00+00:00', '2023-03-04 17:00:00+00:00', '2023-03-04 18:00:00+00:00', '2023-03-04 19:00:00+00:00', '2023-03-04 20:00:00+00:00', '2023-03-04 21:00:00+00:00', '2023-03-04 22:00:00+00:00', '2023-03-04 23:00:00+00:00']",21,4.836,232136.328,233294.589
2023-03-04,H1.Z28,W_out,"['2023-03-04 02:00:00+00:00', '2023-03-04 03:00:00+00:00', '2023-03-04 04:00:00+00:00', '2023-03-04 05:00:00+00:00', '2023-03-04 06:00:00+00:00', '2023-03-04 07:00:00+00:00', '2023-03-04 08:00:00+00:00', '2023-03-04 09:00:00+00:00', '2023-03-04 10:00:00+00:00', '2023-03-04 11:00:00+00:00', '2023-03-04 12:00:00+00:00', '2023-03-04 13:00:00+00:00', '2023-03-04 14:00:00+00:00', '2023-03-04 15:00:00+00:00', '2023-03-04 16:00:00+00:00', '2023-03-04 17:00:00+00:00', '2023-03-04 18:00:00+00:00', '2023-03-04 19:00:00+00:00', '2023-03-04 20:00:00+00:00', '2023-03-04 21:00:00+00:00', '2023-03-04 22:00:00+00:00', '2023-03-04 23:00:00+00:00']",22,4.759,492746.446,490782.251
2023-03-04,V.ZE84,P3,['2023-03-04 22:00:00+00:00'],1,4.757,0.0,0.0
2023-03-04,H1.Z15,W3,"['2023-03-04 06:00:00+00:00', '2023-03-04 07:00:00+00:00', '2023-03-04 08:00:00+00:00', '2023-03-04 09:00:00+00:00', '2023-03-04 10:00:00+00:00', '2023-03-04 11:00:00+00:00', '2023-03-04 12:00:00+00:00', '2023-03-04 13:00:00+00:00', '2023-03-04 14:00:00+00:00', '2023-03-04 15:00:00+00:00', '2023-03-04 16:00:00+00:00', '2023-03-04 17:00:00+00:00', '2023-03-04 18:00:00+00:00', '2023-03-04 19:00:00+00:00', '2023-03-04 20:00:00+00:00', '2023-03-04 21:00:00+00:00', '2023-03-04 22:00:00+00:00', '2023-03-04 23:00:00+00:00']",18,4.716,544785.601,546111.277
2023-03-04,H1.Z15,W_out,"['2023-03-04 03:00:00+00:00', '2023-03-04 04:00:00+00:00', '2023-03-04 05:00:00+00:00', '2023-03-04 06:00:00+00:00', '2023-03-04 07:00:00+00:00', '2023-03-04 08:00:00+00:00', '2023-03-04 09:00:00+00:00', '2023-03-04 10:00:00+00:00', '2023-03-04 11:00:00+00:00', '2023-03-04 12:00:00+00:00', '2023-03-04 13:00:00+00:00', '2023-03-04 14:00:00+00:00', '2023-03-04 15:00:00+00:00', '2023-03-04 16:00:00+00:00', '2023-03-04 17:00:00+00:00', '2023-03-04 18:00:00+00:00', '2023-03-04 19:00:00+00:00', '2023-03-04 20:00:00+00:00', '2023-03-04 21:00:00+00:00', '2023-03-04 22:00:00+00:00', '2023-03-04 23:00:00+00:00']",21,4.631,905984.045,901186.245
2023-03-04,V.Z82,W_out,"['2023-03-04 03:00:00+00:00', '2023-03-04 04:00:00+00:00', '2023-03-04 05:00:00+00:00', '2023-03-04 06:00:00+00:00', '2023-03-04 07:00:00+00:00', '2023-03-04 08:00:00+00:00', '2023-03-04 09:00:00+00:00', '2023-03-04 10:00:00+00:00', '2023-03-04 11:00:00+00:00', '2023-03-04 12:00:00+00:00', '2023-03-04 13:00:00+00:00', '2023-03-04 14:00:00+00:00', '2023-03-04 15:00:00+00:00', '2023-03-04 16:00:00+00:00', '2023-03-04 17:00:00+00:00', '2023-03-04 18:00:00+00:00', '2023-03-04 19:00:00+00:00', '2023-03-04 20:00:00+00:00', '2023-03-04 21:00:00+00:00', '2023-03-04 22:00:00+00:00', '2023-03-04 23:00:00+00:00']",21,4.595,593445.38,590422.344
2023-03-04,H1.Z15,W,"['2023-03-04 08:00:00+00:00', '2023-03-04 09:00:00+00:00', '2023-03-04 10:00:00+00:00', '2023-03-04 11:00:00+00:00', '2023-03-04 12:00:00+00:00', '2023-03-04 13:00:00+00:00', '2023-03-04 14:00:00+00:00', '2023-03-04 15:00:00+00:00', '2023-03-04 16:00:00+00:00', '2023-03-04 17:00:00+00:00', '2023-03-04 18:00:00+00:00', '2023-03-04 19:00:00+00:00', '2023-03-04 20:00:00+00:00', '2023-03-04 21:00:00+00:00', '2023-03-04 22:00:00+00:00', '2023-03-04 23:00:00+00:00']",16,4.509,1482020.63,1485665.222
2023-03-04,H1.Z22,WQ_out,"['2023-03-04 03:00:00+00:00', '2023-03-04 04:00:00+00:00', '2023-03-04 05:00:00+00:00', '2023-03-04 06:00:00+00:00', '2023-03-04 07:00:00+00:00', '2023-03-04 08:00:00+00:00', '2023-03-04 09:00:00+00:00', '2023-03-04 10:00:00+00:00', '2023-03-04 11:00:00+00:00', '2023-03-04 12:00:00+00:00', '2023-03-04 13:00:00+00:00', '2023-03-04 14:00:00+00:00', '2023-03-04 15:00:00+00:00', '2023-03-04 16:00:00+00:00', '2023-03-04 17:00:00+00:00', '2023-03-04 18:00:00+00:00', '2023-03-04 19:00:00+00:00', '2023-03-04 20:00:00+00:00', '2023-03-04 21:00:00+00:00', '2023-03-04 22:00:00+00:00', '2023-03-04 23:00:00+00:00']",21,4.509,176.624,176.356
2023-03-04,H1.Z21,WQ_in,"['2023-03-04 01:00:00+00:00', '2023-03-04 02:00:00+00:00', '2023-03-04 03:00:00+00:00', '2023-03-04 04:00:00+00:00', '2023-03-04 05:00:00+00:00', '2023-03-04 06:00:00+00:00', '2023-03-04 07:00:00+00:00', '2023-03-04 08:00:00+00:00', '2023-03-04 09:00:00+00:00', '2023-03-04 10:00:00+00:00', '2023-03-04 11:00:00+00:00', '2023-03-04 12:00:00+00:00', '2023-03-04 13:00:00+00:00', '2023-03-04 14:00:00+00:00', '2023-03-04 15:00:00+00:00', '2023-03-04 16:00:00+00:00', '2023-03-04 17:00:00+00:00', '2023-03-04 18:00:00+00:00', '2023-03-04 19:00:00+00:00', '2023-03-04 20:00:00+00:00', '2023-03-04 21:00:00+00:00', '2023-03-04 22:00:00+00:00', '2023-03-04 23:00:00+00:00']",23,4.469,6295.833,6295.724
2023-03-04,V.Z81,W_out,"['2023-03-04 03:00:00+00:00', '2023-03-04 04:00:00+00:00', '2023-03-04 05:00:00+00:00', '2023-03-04 06:00:00+00:00', '2023-03-04 07:00:00+00:00', '2023-03-04 08:00:00+00:00', '2023-03-04 09:00:00+00:00', '2023-03-04 10:00:00+00:00', '2023-03-04 11:00:00+00:00', '2023-03-04 12:00:00+00:00', '2023-03-04 13:00:00+00:00', '2023-03-04 14:00:00+00:00', '2023-03-04 15:00:00+00:00', '2023-03-04 16:00:00+00:00', '2023-03-04 17:00:00+00:00', '2023-03-04 18:00:00+00:00', '2023-03-04 19:00:00+00:00', '2023-03-04 20:00:00+00:00', '2023-03-04 21:00:00+00:00', '2023-03-04 22:00:00+00:00', '2023-03-04 23:00:00+00:00']",21,4.462,841828.785,837785.272
2023-03-04,H1.Z29,W2,"['2023-03-04 03:00:00+00:00', '2023-03-04 04:00:00+00:00', '2023-03-04 05:00:00+00:00', '2023-03-04 06:00:00+00:00', '2023-03-04 07:00:00+00:00', '2023-03-04 08:00:00+00:00', '2023-03-04 09:00:00+00:00', '2023-03-04 10:00:00+00:00', '2023-03-04 11:00:00+00:00', '2023-03-04 12:00:00+00:00', '2023-03-04 13:00:00+00:00', '2023-03-04 14:00:00+00:00', '2023-03-04 15:00:00+00:00', '2023-03-04 16:00:00+00:00', '2023-03-04 17:00:00+00:00', '2023-03-04 18:00:00+00:00', '2023-03-04 19:00:00+00:00', '2023-03-04 20:00:00+00:00', '2023-03-04 21:00:00+00:00', '2023-03-04 22:00:00+00:00', '2023-03-04 23:00:00+00:00']",21,4.164,-768608.723,-765015.159
2023-03-04,H1.Z29,W,"['2023-03-04 03:00:00+00:00', '2023-03-04 04:00:00+00:00', '2023-03-04 05:00:00+00:00', '2023-03-04 06:00:00+00:00', '2023-03-04 07:00:00+00:00', '2023-03-04 08:00:00+00:00', '2023-03-04 09:00:00+00:00', '2023-03-04 10:00:00+00:00', '2023-03-04 11:00:00+00:00', '2023-03-04 12:00:00+00:00', '2023-03-04 13:00:00+00:00', '2023-03-04 14:00:00+00:00', '2023-03-04 15:00:00+00:00', '2023-03-04 16:00:00+00:00', '2023-03-04 17:00:00+00:00', '2023-03-04 18:00:00+00:00', '2023-03-04 19:00:00+00:00', '2023-03-04 20:00:00+00:00', '2023-03-04 21:00:00+00:00', '2023-03-04 22:00:00+00:00', '2023-03-04 23:00:00+00:00']",21,4.153,-2305383.37,-2294481.711
2023-03-04,H1.Z29,W1,"['2023-03-04 03:00:00+00:00', '2023-03-04 04:00:00+00:00', '2023-03-04 05:00:00+00:00', '2023-03-04 06:00:00+00:00', '2023-03-04 07:00:00+00:00', '2023-03-04 08:00:00+00:00', '2023-03-04 09:00:00+00:00', '2023-03-04 10:00:00+00:00', '2023-03-04 11:00:00+00:00', '2023-03-04 12:00:00+00:00', '2023-03-04 13:00:00+00:00', '2023-03-04 14:00:00+00:00', '2023-03-04 15:00:00+00:00', '2023-03-04 16:00:00+00:00', '2023-03-04 17:00:00+00:00', '2023-03-04 18:00:00+00:00', '2023-03-04 19:00:00+00:00', '2023-03-04 20:00:00+00:00', '2023-03-04 21:00:00+00:00', '2023-03-04 22:00:00+00:00', '2023-03-04 23:00:00+00:00']",21,4.151,-828163.389,-824318.466
2023-03-04,H1.Z29,W3,"['2023-03-04 04:00:00+00:00', '2023-03-04 05:00:00+00:00', '2023-03-04 06:00:00+00:00', '2023-03-04 07:00:00+00:00', '2023-03-04 08:00:00+00:00', '2023-03-04 09:00:00+00:00', '2023-03-04 10:00:00+00:00', '2023-03-04 11:00:00+00:00', '2023-03-04 12:00:00+00:00', '2023-03-04 13:00:00+00:00', '2023-03-04 14:00:00+00:00', '2023-03-04 15:00:00+00:00', '2023-03-04 16:00:00+00:00', '2023-03-04 17:00:00+00:00', '2023-03-04 18:00:00+00:00', '2023-03-04 19:00:00+00:00', '2023-03-04 20:00:00+00:00', '2023-03-04 21:00:00+00:00', '2023-03-04 22:00:00+00:00', '2023-03-04 23:00:00+00:00']",20,4.141,-708612.139,-705148.989
2023-03-04,H1.Z29,W_out,"['2023-03-04 04:00:00+00:00', '2023-03-04 05:00:00+00:00', '2023-03-04 06:00:00+00:00', '2023-03-04 07:00:00+00:00', '2023-03-04 08:00:00+00:00', '2023-03-04 09:00:00+00:00', '2023-03-04 10:00:00+00:00', '2023-03-04 11:00:00+00:00', '2023-03-04 12:00:00+00:00', '2023-03-04 13:00:00+00:00', '2023-03-04 14:00:00+00:00', '2023-03-04 15:00:00+00:00', '2023-03-04 16:00:00+00:00', '2023-03-04 17:00:00+00:00', '2023-03-04 18:00:00+00:00', '2023-03-04 19:00:00+00:00', '2023-03-04 20:00:00+00:00', '2023-03-04 21:00:00+00:00', '2023-03-04 22:00:00+00:00', '2023-03-04 23:00:00+00:00']",20,4.097,2932217.063,2921198.564
2023-03-04,H1.ZE20,W2,"['2023-03-04 04:00:00+00:00', '2023-03-04 05:00:00+00:00', '2023-03-04 06:00:00+00:00', '2023-03-04 07:00:00+00:00', '2023-03-04 08:00:00+00:00', '2023-03-04 09:00:00+00:00', '2023-03-04 10:00:00+00:00', '2023-03-04 11:00:00+00:00', '2023-03-04 12:00:00+00:00', '2023-03-04 13:00:00+00:00', '2023-03-04 14:00:00+00:00', '2023-03-04 15:00:00+00:00', '2023-03-04 16:00:00+00:00', '2023-03-04 17:00:00+00:00', '2023-03-04 18:00:00+00:00', '2023-03-04 19:00:00+00:00', '2023-03-04 20:00:00+00:00', '2023-03-04 21:00:00+00:00', '2023-03-04 22:00:00+00:00', '2023-03-04 23:00:00+00:00']",20,4.097,-152336.635,-148688.116
2023-03-04,H1.ZE20,W,"['2023-03-04 04:00:00+00:00', '2023-03-04 05:00:00+00:00', '2023-03-04 06:00:00+00:00', '2023-03-04 07:00:00+00:00', '2023-03-04 08:00:00+00:00', '2023-03-04 09:00:00+00:00', '2023-03-04 10:00:00+00:00', '2023-03-04 11:00:00+00:00', '2023-03-04 12:00:00+00:00', '2023-03-04 13:00:00+00:00', '2023-03-04 14:00:00+00:00', '2023-03-04 15:00:00+00:00', '2023-03-04 16:00:00+00:00', '2023-03-04 17:00:00+00:00', '2023-03-04 18:00:00+00:00', '2023-03-04 19:00:00+00:00', '2023-03-04 20:00:00+00:00', '2023-03-04 21:00:00+00:00', '2023-03-04 22:00:00+00:00', '2023-03-04 23:00:00+00:00']",20,4.092,-463134.603,-452102.923
2023-03-04,H1.ZE20,W1,"['2023-03-04 04:00:00+00:00', '2023-03-04 05:00:00+00:00', '2023-03-04 06:00:00+00:00', '2023-03-04 07:00:00+00:00', '2023-03-04 08:00:00+00:00', '2023-03-04 09:00:00+00:00', '2023-03-04 10:00:00+00:00', '2023-03-04 11:00:00+00:00', '2023-03-04 12:00:00+00:00', '2023-03-04 13:00:00+00:00', '2023-03-04 14:00:00+00:00', '2023-03-04 15:00:00+00:00', '2023-03-04 16:00:00+00:00', '2023-03-04 17:00:00+00:00', '2023-03-04 18:00:00+00:00', '2023-03-04 19:00:00+00:00', '2023-03-04 20:00:00+00:00', '2023-03-04 21:00:00+00:00', '2023-03-04 22:00:00+00:00', '2023-03-04 23:00:00+00:00']",20,4.092,-164116.002,-160219.447
2023-03-04,H1.Z13,W,"['2023-03-04 05:00:00+00:00', '2023-03-04 06:00:00+00:00', '2023-03-04 07:00:00+00:00', '2023-03-04 08:00:00+00:00', '2023-03-04 09:00:00+00:00', '2023-03-04 10:00:00+00:00', '2023-03-04 11:00:00+00:00', '2023-03-04 12:00:00+00:00', '2023-03-04 13:00:00+00:00', '2023-03-04 14:00:00+00:00', '2023-03-04 15:00:00+00:00', '2023-03-04 16:00:00+00:00', '2023-03-04 17:00:00+00:00', '2023-03-04 18:00:00+00:00', '2023-03-04 19:00:00+00:00', '2023-03-04 20:00:00+00:00', '2023-03-04 21:00:00+00:00', '2023-03-04 22:00:00+00:00', '2023-03-04 23:00:00+00:00']",19,4.091,629040.57,628576.743
2023-03-04,H1.Z13,W_in,"['2023-03-04 05:00:00+00:00', '2023-03-04 06:00:00+00:00', '2023-03-04 07:00:00+00:00', '2023-03-04 08:00:00+00:00', '2023-03-04 09:00:00+00:00', '2023-03-04 10:00:00+00:00', '2023-03-04 11:00:00+00:00', '2023-03-04 12:00:00+00:00', '2023-03-04 13:00:00+00:00', '2023-03-04 14:00:00+00:00', '2023-03-04 15:00:00+00:00', '2023-03-04 16:00:00+00:00', '2023-03-04 17:00:00+00:00', '2023-03-04 18:00:00+00:00', '2023-03-04 19:00:00+00:00', '2023-03-04 20:00:00+00:00', '2023-03-04 21:00:00+00:00', '2023-03-04 22:00:00+00:00', '2023-03-04 23:00:00+00:00']",19,4.091,629040.59,628576.763
2023-03-04,H1.Z20,W,"['2023-03-04 04:00:00+00:00', '2023-03-04 05:00:00+00:00', '2023-03-04 06:00:00+00:00', '2023-03-04 07:00:00+00:00', '2023-03-04 08:00:00+00:00', '2023-03-04 09:00:00+00:00', '2023-03-04 10:00:00+00:00', '2023-03-04 11:00:00+00:00', '2023-03-04 12:00:00+00:00', '2023-03-04 13:00:00+00:00', '2023-03-04 14:00:00+00:00', '2023-03-04 15:00:00+00:00', '2023-03-04 16:00:00+00:00', '2023-03-04 17:00:00+00:00', '2023-03-04 18:00:00+00:00', '2023-03-04 19:00:00+00:00', '2023-03-04 20:00:00+00:00', '2023-03-04 21:00:00+00:00', '2023-03-04 22:00:00+00:00', '2023-03-04 23:00:00+00:00']",20,4.09,-3085787.99,-3074773.331
2023-03-04,H1.W12,W,"['2023-03-04 04:00:00+00:00', '2023-03-04 05:00:00+00:00', '2023-03-04 06:00:00+00:00', '2023-03-04 07:00:00+00:00', '2023-03-04 08:00:00+00:00', '2023-03-04 09:00:00+00:00', '2023-03-04 10:00:00+00:00', '2023-03-04 11:00:00+00:00', '2023-03-04 12:00:00+00:00', '2023-03-04 13:00:00+00:00', '2023-03-04 14:00:00+00:00', '2023-03-04 15:00:00+00:00', '2023-03-04 16:00:00+00:00', '2023-03-04 17:00:00+00:00', '2023-03-04 18:00:00+00:00', '2023-03-04 19:00:00+00:00', '2023-03-04 20:00:00+00:00', '2023-03-04 21:00:00+00:00', '2023-03-04 22:00:00+00:00', '2023-03-04 23:00:00+00:00']",20,4.089,4991058.542,4973680.863
2023-03-04,H1.ZE20,W_out,"['2023-03-04 04:00:00+00:00', '2023-03-04 05:00:00+00:00', '2023-03-04 06:00:00+00:00', '2023-03-04 07:00:00+00:00', '2023-03-04 08:00:00+00:00', '2023-03-04 09:00:00+00:00', '2023-03-04 10:00:00+00:00', '2023-03-04 11:00:00+00:00', '2023-03-04 12:00:00+00:00', '2023-03-04 13:00:00+00:00', '2023-03-04 14:00:00+00:00', '2023-03-04 15:00:00+00:00', '2023-03-04 16:00:00+00:00', '2023-03-04 17:00:00+00:00', '2023-03-04 18:00:00+00:00', '2023-03-04 19:00:00+00:00', '2023-03-04 20:00:00+00:00', '2023-03-04 21:00:00+00:00', '2023-03-04 22:00:00+00:00', '2023-03-04 23:00:00+00:00']",20,4.089,464517.307,453478.523
2023-03-04,H1.ZE20,W3,"['2023-03-04 04:00:00+00:00', '2023-03-04 05:00:00+00:00', '2023-03-04 06:00:00+00:00', '2023-03-04 07:00:00+00:00', '2023-03-04 08:00:00+00:00', '2023-03-04 09:00:00+00:00', '2023-03-04 10:00:00+00:00', '2023-03-04 11:00:00+00:00', '2023-03-04 12:00:00+00:00', '2023-03-04 13:00:00+00:00', '2023-03-04 14:00:00+00:00', '2023-03-04 15:00:00+00:00', '2023-03-04 16:00:00+00:00', '2023-03-04 17:00:00+00:00', '2023-03-04 18:00:00+00:00', '2023-03-04 19:00:00+00:00', '2023-03-04 20:00:00+00:00', '2023-03-04 21:00:00+00:00', '2023-03-04 22:00:00+00:00', '2023-03-04 23:00:00+00:00']",20,4.087,-146681.966,-143195.358
2023-03-04,H1.Z20,W_out,"['2023-03-04 04:00:00+00:00', '2023-03-04 05:00:00+00:00', '2023-03-04 06:00:00+00:00', '2023-03-04 07:00:00+00:00', '2023-03-04 08:00:00+00:00', '2023-03-04 09:00:00+00:00', '2023-03-04 10:00:00+00:00', '2023-03-04 11:00:00+00:00', '2023-03-04 12:00:00+00:00', '2023-03-04 13:00:00+00:00', '2023-03-04 14:00:00+00:00', '2023-03-04 15:00:00+00:00', '2023-03-04 16:00:00+00:00', '2023-03-04 17:00:00+00:00', '2023-03-04 18:00:00+00:00', '2023-03-04 19:00:00+00:00', '2023-03-04 20:00:00+00:00', '2023-03-04 21:00:00+00:00', '2023-03-04 22:00:00+00:00', '2023-03-04 23:00:00+00:00']",20,4.086,3099181.677,3088159.959
2023-03-04,H1.Z14,W,"['2023-03-04 05:00:00+00:00', '2023-03-04 06:00:00+00:00', '2023-03-04 07:00:00+00:00', '2023-03-04 08:00:00+00:00', '2023-03-04 09:00:00+00:00', '2023-03-04 10:00:00+00:00', '2023-03-04 11:00:00+00:00', '2023-03-04 12:00:00+00:00', '2023-03-04 13:00:00+00:00', '2023-03-04 14:00:00+00:00', '2023-03-04 15:00:00+00:00', '2023-03-04 16:00:00+00:00', '2023-03-04 17:00:00+00:00', '2023-03-04 18:00:00+00:00', '2023-03-04 19:00:00+00:00', '2023-03-04 20:00:00+00:00', '2023-03-04 21:00:00+00:00', '2023-03-04 22:00:00+00:00', '2023-03-04 23:00:00+00:00']",19,4.055,593569.02,593129.682
2023-03-04,H1.Z14,W_in,"['2023-03-04 05:00:00+00:00', '2023-03-04 06:00:00+00:00', '2023-03-04 07:00:00+00:00', '2023-03-04 08:00:00+00:00', '2023-03-04 09:00:00+00:00', '2023-03-04 10:00:00+00:00', '2023-03-04 11:00:00+00:00', '2023-03-04 12:00:00+00:00', '2023-03-04 13:00:00+00:00', '2023-03-04 14:00:00+00:00', '2023-03-04 15:00:00+00:00', '2023-03-04 16:00:00+00:00', '2023-03-04 17:00:00+00:00', '2023-03-04 18:00:00+00:00', '2023-03-04 19:00:00+00:00', '2023-03-04 20:00:00+00:00', '2023-03-04 21:00:00+00:00', '2023-03-04 22:00:00+00:00', '2023-03-04 23:00:00+00:00']",19,4.055,593569.03,593129.692
2023-03-04,H3.Z40,WQ,"['2023-03-04 20:00:00+00:00', '2023-03-04 21:00:00+00:00', '2023-03-04 22:00:00+00:00', '2023-03-04 23:00:00+00:00']",4,3.992,-130088.881,-130078.197
2023-03-04,H1.Z28,W1,"['2023-03-04 12:00:00+00:00', '2023-03-04 13:00:00+00:00', '2023-03-04 14:00:00+00:00', '2023-03-04 15:00:00+00:00', '2023-03-04 16:00:00+00:00', '2023-03-04 17:00:00+00:00', '2023-03-04 18:00:00+00:00', '2023-03-04 19:00:00+00:00', '2023-03-04 20:00:00+00:00', '2023-03-04 21:00:00+00:00', '2023-03-04 22:00:00+00:00', '2023-03-04 23:00:00+00:00']",12,3.974,205244.459,205891.432
2023-03-04,H1.Z26,W_out,"['2023-03-04 00:00:00+00:00', '2023-03-04 01:00:00+00:00', '2023-03-04 02:00:00+00:00', '2023-03-04 03:00:00+00:00', '2023-03-04 04:00:00+00:00', '2023-03-04 05:00:00+00:00', '2023-03-04 06:00:00+00:00', '2023-03-04 07:00:00+00:00', '2023-03-04 08:00:00+00:00', '2023-03-04 09:00:00+00:00', '2023-03-04 10:00:00+00:00', '2023-03-04 11:00:00+00:00', '2023-03-04 12:00:00+00:00', '2023-03-04 13:00:00+00:00', '2023-03-04 14:00:00+00:00', '2023-03-04 15:00:00+00:00', '2023-03-04 16:00:00+00:00', '2023-03-04 17:00:00+00:00', '2023-03-04 18:00:00+00:00', '2023-03-04 19:00:00+00:00', '2023-03-04 20:00:00+00:00', '2023-03-04 21:00:00+00:00', '2023-03-04 22:00:00+00:00', '2023-03-04 23:00:00+00:00']",24,3.956,923.232,921.085
2023-03-04,H1.W12,V,"['2023-03-04 06:00:00+00:00', '2023-03-04 07:00:00+00:00', '2023-03-04 08:00:00+00:00', '2023-03-04 09:00:00+00:00', '2023-03-04 10:00:00+00:00', '2023-03-04 11:00:00+00:00', '2023-03-04 12:00:00+00:00', '2023-03-04 13:00:00+00:00', '2023-03-04 14:00:00+00:00', '2023-03-04 15:00:00+00:00', '2023-03-04 16:00:00+00:00', '2023-03-04 17:00:00+00:00', '2023-03-04 18:00:00+00:00', '2023-03-04 19:00:00+00:00', '2023-03-04 20:00:00+00:00', '2023-03-04 21:00:00+00:00', '2023-03-04 22:00:00+00:00', '2023-03-04 23:00:00+00:00']",18,3.947,391937730.417,390912267.738
2023-03-04,H2.Z70,PF2,"['2023-03-04 11:00:00+00:00', '2023-03-04 12:00:00+00:00', '2023-03-04 13:00:00+00:00', '2023-03-04 14:00:00+00:00', '2023-03-04 15:00:00+00:00', '2023-03-04 16:00:00+00:00', '2023-03-04 17:00:00+00:00']",7,3.881,0.384,0.522
2023-03-04,H1.Z20,WQ,"['2023-03-04 06:00:00+00:00', '2023-03-04 07:00:00+00:00', '2023-03-04 08:00:00+00:00', '2023-03-04 09:00:00+00:00', '2023-03-04 10:00:00+00:00', '2023-03-04 11:00:00+00:00', '2023-03-04 12:00:00+00:00', '2023-03-04 13:00:00+00:00', '2023-03-04 14:00:00+00:00', '2023-03-04 15:00:00+00:00', '2023-03-04 16:00:00+00:00', '2023-03-04 17:00:00+00:00', '2023-03-04 18:00:00+00:00', '2023-03-04 19:00:00+00:00', '2023-03-04 20:00:00+00:00', '2023-03-04 21:00:00+00:00', '2023-03-04 22:00:00+00:00', '2023-03-04 23:00:00+00:00']",18,3.879,-251647.997,-250703.597
2023-03-04,H1.Z20,WQ_out,"['2023-03-04 06:00:00+00:00', '2023-03-04 07:00:00+00:00', '2023-03-04 08:00:00+00:00', '2023-03-04 09:00:00+00:00', '2023-03-04 10:00:00+00:00', '2023-03-04 11:00:00+00:00', '2023-03-04 12:00:00+00:00', '2023-03-04 13:00:00+00:00', '2023-03-04 14:00:00+00:00', '2023-03-04 15:00:00+00:00', '2023-03-04 16:00:00+00:00', '2023-03-04 17:00:00+00:00', '2023-03-04 18:00:00+00:00', '2023-03-04 19:00:00+00:00', '2023-03-04 20:00:00+00:00', '2023-03-04 21:00:00+00:00', '2023-03-04 22:00:00+00:00', '2023-03-04 23:00:00+00:00']",18,3.868,266744.145,265789.426
2023-03-04,H1.Z13,WQ,"['2023-03-04 08:00:00+00:00', '2023-03-04 09:00:00+00:00', '2023-03-04 10:00:00+00:00', '2023-03-04 11:00:00+00:00', '2023-03-04 12:00:00+00:00', '2023-03-04 13:00:00+00:00', '2023-03-04 14:00:00+00:00', '2023-03-04 15:00:00+00:00', '2023-03-04 16:00:00+00:00', '2023-03-04 17:00:00+00:00', '2023-03-04 18:00:00+00:00', '2023-03-04 19:00:00+00:00', '2023-03-04 20:00:00+00:00', '2023-03-04 21:00:00+00:00', '2023-03-04 22:00:00+00:00', '2023-03-04 23:00:00+00:00']",16,3.801,577561.23,577010.643
2023-03-04,H1.Z13,WQ_in,"['2023-03-04 08:00:00+00:00', '2023-03-04 09:00:00+00:00', '2023-03-04 10:00:00+00:00', '2023-03-04 11:00:00+00:00', '2023-03-04 12:00:00+00:00', '2023-03-04 13:00:00+00:00', '2023-03-04 14:00:00+00:00', '2023-03-04 15:00:00+00:00', '2023-03-04 16:00:00+00:00', '2023-03-04 17:00:00+00:00', '2023-03-04 18:00:00+00:00', '2023-03-04 19:00:00+00:00', '2023-03-04 20:00:00+00:00', '2023-03-04 21:00:00+00:00', '2023-03-04 22:00:00+00:00', '2023-03-04 23:00:00+00:00']",16,3.801,577561.34,577010.753
2023-03-04,H1.Z14,WQ,"['2023-03-04 08:00:00+00:00', '2023-03-04 09:00:00+00:00', '2023-03-04 10:00:00+00:00', '2023-03-04 11:00:00+00:00', '2023-03-04 12:00:00+00:00', '2023-03-04 13:00:00+00:00', '2023-03-04 14:00:00+00:00', '2023-03-04 15:00:00+00:00', '2023-03-04 16:00:00+00:00', '2023-03-04 17:00:00+00:00', '2023-03-04 18:00:00+00:00', '2023-03-04 19:00:00+00:00', '2023-03-04 20:00:00+00:00', '2023-03-04 21:00:00+00:00', '2023-03-04 22:00:00+00:00', '2023-03-04 23:00:00+00:00']",16,3.8,551973.286,551445.398
2023-03-04,H1.Z14,WQ_in,"['2023-03-04 08:00:00+00:00', '2023-03-04 09:00:00+00:00', '2023-03-04 10:00:00+00:00', '2023-03-04 11:00:00+00:00', '2023-03-04 12:00:00+00:00', '2023-03-04 13:00:00+00:00', '2023-03-04 14:00:00+00:00', '2023-03-04 15:00:00+00:00', '2023-03-04 16:00:00+00:00', '2023-03-04 17:00:00+00:00', '2023-03-04 18:00:00+00:00', '2023-03-04 19:00:00+00:00', '2023-03-04 20:00:00+00:00', '2023-03-04 21:00:00+00:00', '2023-03-04 22:00:00+00:00', '2023-03-04 23:00:00+00:00']",16,3.8,551973.426,551445.538
2023-03-04,V.Z82,W3,"['2023-03-04 16:00:00+00:00', '2023-03-04 17:00:00+00:00', '2023-03-04 18:00:00+00:00', '2023-03-04 19:00:00+00:00', '2023-03-04 20:00:00+00:00', '2023-03-04 21:00:00+00:00', '2023-03-04 22:00:00+00:00', '2023-03-04 23:00:00+00:00']",8,3.588,380628.29,381312.31
2023-03-04,H2.Z69,PF3,"['2023-03-04 12:00:00+00:00', '2023-03-04 13:00:00+00:00', '2023-03-04 14:00:00+00:00', '2023-03-04 15:00:00+00:00']",4,3.543,0.542,0.562
2023-03-04,H2.Z68,P2,['2023-03-04 13:00:00+00:00'],1,3.514,1003.056,1066.055
2023-03-04,H2.Z63,f,"['2023-03-04 02:00:00+00:00', '2023-03-04 08:00:00+00:00', '2023-03-04 23:00:00+00:00']",3,3.455,50.13,50.112
2023-03-04,H1.Z15,W1,"['2023-03-04 19:00:00+00:00', '2023-03-04 20:00:00+00:00', '2023-03-04 21:00:00+00:00', '2023-03-04 22:00:00+00:00', '2023-03-04 23:00:00+00:00']",5,3.366,538464.084,539447.095
2023-03-04,H2.Z66,f,"['2023-03-04 08:00:00+00:00', '2023-03-04 23:00:00+00:00']",2,3.248,50.148,50.137
2023-03-04,H3.Z71,f,"['2023-03-04 02:00:00+00:00', '2023-03-04 08:00:00+00:00']",2,3.2,50.107,50.096
2023-03-04,H3.ZE43,W3,"['2023-03-04 21:00:00+00:00', '2023-03-04 22:00:00+00:00', '2023-03-04 23:00:00+00:00']",3,3.163,8933.736,8852.316
2023-03-04,H3.Z43,WQ,"['2023-03-04 21:00:00+00:00', '2023-03-04 22:00:00+00:00', '2023-03-04 23:00:00+00:00']",3,3.139,179302.436,179051.626
2023-03-04,H3.Z43,WQ_in,"['2023-03-04 21:00:00+00:00', '2023-03-04 22:00:00+00:00', '2023-03-04 23:00:00+00:00']",3,3.139,180483.496,180232.687
2023-03-04,H3.Z49,WQ_in,"['2023-03-04 00:00:00+00:00', '2023-03-04 01:00:00+00:00', '2023-03-04 02:00:00+00:00', '2023-03-04 03:00:00+00:00', '2023-03-04 04:00:00+00:00', '2023-03-04 05:00:00+00:00', '2023-03-04 06:00:00+00:00', '2023-03-04 07:00:00+00:00', '2023-03-04 08:00:00+00:00', '2023-03-04 09:00:00+00:00', '2023-03-04 10:00:00+00:00', '2023-03-04 11:00:00+00:00', '2023-03-04 12:00:00+00:00', '2023-03-04 13:00:00+00:00', '2023-03-04 14:00:00+00:00', '2023-03-04 15:00:00+00:00', '2023-03-04 16:00:00+00:00', '2023-03-04 17:00:00+00:00', '2023-03-04 18:00:00+00:00', '2023-03-04 19:00:00+00:00', '2023-03-04 20:00:00+00:00', '2023-03-04 21:00:00+00:00', '2023-03-04 22:00:00+00:00', '2023-03-04 23:00:00+00:00']",24,3.108,1135.085,1133.065
2023-03-04,H3.ZE43,W,"['2023-03-04 22:00:00+00:00', '2023-03-04 23:00:00+00:00']",2,3.081,27115.631,26854.536
2023-03-04,H3.ZE43,W_in,"['2023-03-04 22:00:00+00:00', '2023-03-04 23:00:00+00:00']",2,3.081,28293.19,28032.096
2023-03-04,H3.Z43,W,"['2023-03-04 22:00:00+00:00', '2023-03-04 23:00:00+00:00']",2,3.08,185866.309,185602.972
2023-03-04,H3.Z43,W_in,"['2023-03-04 22:00:00+00:00', '2023-03-04 23:00:00+00:00']",2,3.08,185981.329,185717.992
2023-03-04,H3.ZE43,W2,['2023-03-04 23:00:00+00:00'],1,3.057,10046.859,9958.365
2023-03-04,H3.ZE43,W1,['2023-03-04 23:00:00+00:00'],1,3.028,8135.036,8043.856
2023-03-04,H1.Z23,f,['2023-03-04 08:00:00+00:00'],1,3.01,50.048,50.036
2023-03-04,H1.Z27,PF3,['2023-03-04 07:00:00+00:00'],1,3.006,0.592,0.852
2023-03-04,H3.Z47,f,['2023-03-04 08:00:00+00:00'],1,3.001,50.082,50.069
2023-03-05,H2.Z68,PF,['2023-03-05 13:00:00+00:00'],1,6.962,0.564,0.568
2023-03-05,H3.Z40,WQ,"['2023-03-05 00:00:00+00:00', '2023-03-05 01:00:00+00:00', '2023-03-05 02:00:00+00:00', '2023-03-05 03:00:00+00:00', '2023-03-05 04:00:00+00:00', '2023-03-05 05:00:00+00:00', '2023-03-05 06:00:00+00:00', '2023-03-05 07:00:00+00:00', '2023-03-05 08:00:00+00:00', '2023-03-05 09:00:00+00:00', '2023-03-05 10:00:00+00:00', '2023-03-05 11:00:00+00:00', '2023-03-05 12:00:00+00:00', '2023-03-05 13:00:00+00:00', '2023-03-05 14:00:00+00:00', '2023-03-05 15:00:00+00:00', '2023-03-05 16:00:00+00:00', '2023-03-05 17:00:00+00:00', '2023-03-05 18:00:00+00:00', '2023-03-05 19:00:00+00:00', '2023-03-05 20:00:00+00:00', '2023-03-05 21:00:00+00:00', '2023-03-05 22:00:00+00:00', '2023-03-05 23:00:00+00:00']",24,6.691,-130130.286,-130078.207
2023-03-05,H2.Z68,PF2,['2023-03-05 13:00:00+00:00'],1,6.01,0.631,0.628
2023-03-05,H2.T.Z34,WQ,"['2023-03-05 00:00:00+00:00', '2023-03-05 01:00:00+00:00', '2023-03-05 02:00:00+00:00', '2023-03-05 03:00:00+00:00', '2023-03-05 04:00:00+00:00', '2023-03-05 05:00:00+00:00', '2023-03-05 06:00:00+00:00', '2023-03-05 07:00:00+00:00', '2023-03-05 08:00:00+00:00', '2023-03-05 09:00:00+00:00', '2023-03-05 10:00:00+00:00', '2023-03-05 11:00:00+00:00', '2023-03-05 12:00:00+00:00', '2023-03-05 13:00:00+00:00', '2023-03-05 14:00:00+00:00', '2023-03-05 15:00:00+00:00', '2023-03-05 16:00:00+00:00', '2023-03-05 17:00:00+00:00', '2023-03-05 18:00:00+00:00', '2023-03-05 19:00:00+00:00', '2023-03-05 20:00:00+00:00', '2023-03-05 21:00:00+00:00', '2023-03-05 22:00:00+00:00', '2023-03-05 23:00:00+00:00']",24,5.331,181636.278,181955.268
2023-03-05,H1.Z15,W3,"['2023-03-05 05:00:00+00:00', '2023-03-05 06:00:00+00:00', '2023-03-05 07:00:00+00:00', '2023-03-05 08:00:00+00:00', '2023-03-05 09:00:00+00:00', '2023-03-05 10:00:00+00:00', '2023-03-05 11:00:00+00:00', '2023-03-05 12:00:00+00:00', '2023-03-05 13:00:00+00:00', '2023-03-05 14:00:00+00:00', '2023-03-05 15:00:00+00:00', '2023-03-05 16:00:00+00:00', '2023-03-05 17:00:00+00:00', '2023-03-05 18:00:00+00:00', '2023-03-05 19:00:00+00:00', '2023-03-05 20:00:00+00:00', '2023-03-05 21:00:00+00:00', '2023-03-05 22:00:00+00:00', '2023-03-05 23:00:00+00:00']",19,4.166,543900.737,545971.912
2023-03-05,H1.Z15,W,"['2023-03-05 05:00:00+00:00', '2023-03-05 06:00:00+00:00', '2023-03-05 07:00:00+00:00', '2023-03-05 08:00:00+00:00', '2023-03-05 09:00:00+00:00', '2023-03-05 10:00:00+00:00', '2023-03-05 11:00:00+00:00', '2023-03-05 12:00:00+00:00', '2023-03-05 13:00:00+00:00', '2023-03-05 14:00:00+00:00', '2023-03-05 15:00:00+00:00', '2023-03-05 16:00:00+00:00', '2023-03-05 17:00:00+00:00', '2023-03-05 18:00:00+00:00', '2023-03-05 19:00:00+00:00', '2023-03-05 20:00:00+00:00', '2023-03-05 21:00:00+00:00', '2023-03-05 22:00:00+00:00', '2023-03-05 23:00:00+00:00']",19,4.143,1479569.286,1485304.457
2023-03-05,H1.Z28,W1,"['2023-03-05 06:00:00+00:00', '2023-03-05 07:00:00+00:00', '2023-03-05 08:00:00+00:00', '2023-03-05 09:00:00+00:00', '2023-03-05 10:00:00+00:00', '2023-03-05 11:00:00+00:00', '2023-03-05 12:00:00+00:00', '2023-03-05 13:00:00+00:00', '2023-03-05 14:00:00+00:00', '2023-03-05 15:00:00+00:00', '2023-03-05 16:00:00+00:00', '2023-03-05 17:00:00+00:00', '2023-03-05 18:00:00+00:00', '2023-03-05 19:00:00+00:00', '2023-03-05 20:00:00+00:00', '2023-03-05 21:00:00+00:00', '2023-03-05 22:00:00+00:00', '2023-03-05 23:00:00+00:00']",18,4.11,204788.755,205838.141
2023-03-05,H2.Z67,WQ,"['2023-03-05 04:00:00+00:00', '2023-03-05 05:00:00+00:00', '2023-03-05 06:00:00+00:00', '2023-03-05 07:00:00+00:00', '2023-03-05 08:00:00+00:00', '2023-03-05 09:00:00+00:00', '2023-03-05 10:00:00+00:00', '2023-03-05 11:00:00+00:00', '2023-03-05 12:00:00+00:00', '2023-03-05 13:00:00+00:00', '2023-03-05 14:00:00+00:00', '2023-03-05 15:00:00+00:00', '2023-03-05 16:00:00+00:00', '2023-03-05 17:00:00+00:00', '2023-03-05 18:00:00+00:00', '2023-03-05 19:00:00+00:00', '2023-03-05 20:00:00+00:00', '2023-03-05 21:00:00+00:00', '2023-03-05 22:00:00+00:00', '2023-03-05 23:00:00+00:00']",20,4.107,138601.217,138437.288
2023-03-05,H2.Z67,WQ_in,"['2023-03-05 04:00:00+00:00', '2023-03-05 05:00:00+00:00', '2023-03-05 06:00:00+00:00', '2023-03-05 07:00:00+00:00', '2023-03-05 08:00:00+00:00', '2023-03-05 09:00:00+00:00', '2023-03-05 10:00:00+00:00', '2023-03-05 11:00:00+00:00', '2023-03-05 12:00:00+00:00', '2023-03-05 13:00:00+00:00', '2023-03-05 14:00:00+00:00', '2023-03-05 15:00:00+00:00', '2023-03-05 16:00:00+00:00', '2023-03-05 17:00:00+00:00', '2023-03-05 18:00:00+00:00', '2023-03-05 19:00:00+00:00', '2023-03-05 20:00:00+00:00', '2023-03-05 21:00:00+00:00', '2023-03-05 22:00:00+00:00', '2023-03-05 23:00:00+00:00']",20,4.107,138601.223,138437.29
2023-03-05,H2.ZE67,W2,"['2023-03-05 04:00:00+00:00', '2023-03-05 05:00:00+00:00', '2023-03-05 06:00:00+00:00', '2023-03-05 07:00:00+00:00', '2023-03-05 08:00:00+00:00', '2023-03-05 09:00:00+00:00', '2023-03-05 10:00:00+00:00', '2023-03-05 11:00:00+00:00', '2023-03-05 12:00:00+00:00', '2023-03-05 13:00:00+00:00', '2023-03-05 14:00:00+00:00', '2023-03-05 15:00:00+00:00', '2023-03-05 16:00:00+00:00', '2023-03-05 17:00:00+00:00', '2023-03-05 18:00:00+00:00', '2023-03-05 19:00:00+00:00', '2023-03-05 20:00:00+00:00', '2023-03-05 21:00:00+00:00', '2023-03-05 22:00:00+00:00', '2023-03-05 23:00:00+00:00']",20,4.097,6228.878,6161.04
2023-03-05,H2.ZE67,W3,"['2023-03-05 04:00:00+00:00', '2023-03-05 05:00:00+00:00', '2023-03-05 06:00:00+00:00', '2023-03-05 07:00:00+00:00', '2023-03-05 08:00:00+00:00', '2023-03-05 09:00:00+00:00', '2023-03-05 10:00:00+00:00', '2023-03-05 11:00:00+00:00', '2023-03-05 12:00:00+00:00', '2023-03-05 13:00:00+00:00', '2023-03-05 14:00:00+00:00', '2023-03-05 15:00:00+00:00', '2023-03-05 16:00:00+00:00', '2023-03-05 17:00:00+00:00', '2023-03-05 18:00:00+00:00', '2023-03-05 19:00:00+00:00', '2023-03-05 20:00:00+00:00', '2023-03-05 21:00:00+00:00', '2023-03-05 22:00:00+00:00', '2023-03-05 23:00:00+00:00']",20,4.095,6365.601,6295.881
2023-03-05,V.Z82,W3,"['2023-03-05 06:00:00+00:00', '2023-03-05 07:00:00+00:00', '2023-03-05 08:00:00+00:00', '2023-03-05 09:00:00+00:00', '2023-03-05 10:00:00+00:00', '2023-03-05 11:00:00+00:00', '2023-03-05 12:00:00+00:00', '2023-03-05 13:00:00+00:00', '2023-03-05 14:00:00+00:00', '2023-03-05 15:00:00+00:00', '2023-03-05 16:00:00+00:00', '2023-03-05 17:00:00+00:00', '2023-03-05 18:00:00+00:00', '2023-03-05 19:00:00+00:00', '2023-03-05 20:00:00+00:00', '2023-03-05 21:00:00+00:00', '2023-03-05 22:00:00+00:00', '2023-03-05 23:00:00+00:00']",18,4.091,380126.948,381267.108
2023-03-05,H2.Z67,W,"['2023-03-05 04:00:00+00:00', '2023-03-05 05:00:00+00:00', '2023-03-05 06:00:00+00:00', '2023-03-05 07:00:00+00:00', '2023-03-05 08:00:00+00:00', '2023-03-05 09:00:00+00:00', '2023-03-05 10:00:00+00:00', '2023-03-05 11:00:00+00:00', '2023-03-05 12:00:00+00:00', '2023-03-05 13:00:00+00:00', '2023-03-05 14:00:00+00:00', '2023-03-05 15:00:00+00:00', '2023-03-05 16:00:00+00:00', '2023-03-05 17:00:00+00:00', '2023-03-05 18:00:00+00:00', '2023-03-05 19:00:00+00:00', '2023-03-05 20:00:00+00:00', '2023-03-05 21:00:00+00:00', '2023-03-05 22:00:00+00:00', '2023-03-05 23:00:00+00:00']",20,4.084,196045.596,195836.279
2023-03-05,H2.Z67,W_in,"['2023-03-05 04:00:00+00:00', '2023-03-05 05:00:00+00:00', '2023-03-05 06:00:00+00:00', '2023-03-05 07:00:00+00:00', '2023-03-05 08:00:00+00:00', '2023-03-05 09:00:00+00:00', '2023-03-05 10:00:00+00:00', '2023-03-05 11:00:00+00:00', '2023-03-05 12:00:00+00:00', '2023-03-05 13:00:00+00:00', '2023-03-05 14:00:00+00:00', '2023-03-05 15:00:00+00:00', '2023-03-05 16:00:00+00:00', '2023-03-05 17:00:00+00:00', '2023-03-05 18:00:00+00:00', '2023-03-05 19:00:00+00:00', '2023-03-05 20:00:00+00:00', '2023-03-05 21:00:00+00:00', '2023-03-05 22:00:00+00:00', '2023-03-05 23:00:00+00:00']",20,4.083,196045.582,195836.261
2023-03-05,H2.ZE67,W,"['2023-03-05 04:00:00+00:00', '2023-03-05 05:00:00+00:00', '2023-03-05 06:00:00+00:00', '2023-03-05 07:00:00+00:00', '2023-03-05 08:00:00+00:00', '2023-03-05 09:00:00+00:00', '2023-03-05 10:00:00+00:00', '2023-03-05 11:00:00+00:00', '2023-03-05 12:00:00+00:00', '2023-03-05 13:00:00+00:00', '2023-03-05 14:00:00+00:00', '2023-03-05 15:00:00+00:00', '2023-03-05 16:00:00+00:00', '2023-03-05 17:00:00+00:00', '2023-03-05 18:00:00+00:00', '2023-03-05 19:00:00+00:00', '2023-03-05 20:00:00+00:00', '2023-03-05 21:00:00+00:00', '2023-03-05 22:00:00+00:00', '2023-03-05 23:00:00+00:00']",20,4.081,18853.6,18647.631
2023-03-05,H2.ZE67,W_in,"['2023-03-05 04:00:00+00:00', '2023-03-05 05:00:00+00:00', '2023-03-05 06:00:00+00:00', '2023-03-05 07:00:00+00:00', '2023-03-05 08:00:00+00:00', '2023-03-05 09:00:00+00:00', '2023-03-05 10:00:00+00:00', '2023-03-05 11:00:00+00:00', '2023-03-05 12:00:00+00:00', '2023-03-05 13:00:00+00:00', '2023-03-05 14:00:00+00:00', '2023-03-05 15:00:00+00:00', '2023-03-05 16:00:00+00:00', '2023-03-05 17:00:00+00:00', '2023-03-05 18:00:00+00:00', '2023-03-05 19:00:00+00:00', '2023-03-05 20:00:00+00:00', '2023-03-05 21:00:00+00:00', '2023-03-05 22:00:00+00:00', '2023-03-05 23:00:00+00:00']",20,4.081,18856.798,18650.827
2023-03-05,H1.Z15,W1,"['2023-03-05 07:00:00+00:00', '2023-03-05 08:00:00+00:00', '2023-03-05 09:00:00+00:00', '2023-03-05 10:00:00+00:00', '2023-03-05 11:00:00+00:00', '2023-03-05 12:00:00+00:00', '2023-03-05 13:00:00+00:00', '2023-03-05 14:00:00+00:00', '2023-03-05 15:00:00+00:00', '2023-03-05 16:00:00+00:00', '2023-03-05 17:00:00+00:00', '2023-03-05 18:00:00+00:00', '2023-03-05 19:00:00+00:00', '2023-03-05 20:00:00+00:00', '2023-03-05 21:00:00+00:00', '2023-03-05 22:00:00+00:00', '2023-03-05 23:00:00+00:00']",17,4.078,537711.297,539389.203
2023-03-05,H1.Z15,W2,"['2023-03-05 06:00:00+00:00', '2023-03-05 07:00:00+00:00', '2023-03-05 08:00:00+00:00', '2023-03-05 09:00:00+00:00', '2023-03-05 10:00:00+00:00', '2023-03-05 11:00:00+00:00', '2023-03-05 12:00:00+00:00', '2023-03-05 13:00:00+00:00', '2023-03-05 14:00:00+00:00', '2023-03-05 15:00:00+00:00', '2023-03-05 16:00:00+00:00', '2023-03-05 17:00:00+00:00', '2023-03-05 18:00:00+00:00', '2023-03-05 19:00:00+00:00', '2023-03-05 20:00:00+00:00', '2023-03-05 21:00:00+00:00', '2023-03-05 22:00:00+00:00', '2023-03-05 23:00:00+00:00']",18,4.052,398041.029,400027.134
2023-03-05,H2.ZE67,W1,"['2023-03-05 04:00:00+00:00', '2023-03-05 05:00:00+00:00', '2023-03-05 06:00:00+00:00', '2023-03-05 07:00:00+00:00', '2023-03-05 08:00:00+00:00', '2023-03-05 09:00:00+00:00', '2023-03-05 10:00:00+00:00', '2023-03-05 11:00:00+00:00', '2023-03-05 12:00:00+00:00', '2023-03-05 13:00:00+00:00', '2023-03-05 14:00:00+00:00', '2023-03-05 15:00:00+00:00', '2023-03-05 16:00:00+00:00', '2023-03-05 17:00:00+00:00', '2023-03-05 18:00:00+00:00', '2023-03-05 19:00:00+00:00', '2023-03-05 20:00:00+00:00', '2023-03-05 21:00:00+00:00', '2023-03-05 22:00:00+00:00', '2023-03-05 23:00:00+00:00']",20,4.051,6259.115,6190.709
2023-03-05,H1.Z28,W3,"['2023-03-05 08:00:00+00:00', '2023-03-05 09:00:00+00:00', '2023-03-05 10:00:00+00:00', '2023-03-05 11:00:00+00:00', '2023-03-05 12:00:00+00:00', '2023-03-05 13:00:00+00:00', '2023-03-05 14:00:00+00:00', '2023-03-05 15:00:00+00:00', '2023-03-05 16:00:00+00:00', '2023-03-05 17:00:00+00:00', '2023-03-05 18:00:00+00:00', '2023-03-05 19:00:00+00:00', '2023-03-05 20:00:00+00:00', '2023-03-05 21:00:00+00:00', '2023-03-05 22:00:00+00:00', '2023-03-05 23:00:00+00:00']",16,4.024,201005.633,201520.622
2023-03-05,H1.Z28,W,"['2023-03-05 09:00:00+00:00', '2023-03-05 10:00:00+00:00', '2023-03-05 11:00:00+00:00', '2023-03-05 12:00:00+00:00', '2023-03-05 13:00:00+00:00', '2023-03-05 14:00:00+00:00', '2023-03-05 15:00:00+00:00', '2023-03-05 16:00:00+00:00', '2023-03-05 17:00:00+00:00', '2023-03-05 18:00:00+00:00', '2023-03-05 19:00:00+00:00', '2023-03-05 20:00:00+00:00', '2023-03-05 21:00:00+00:00', '2023-03-05 22:00:00+00:00', '2023-03-05 23:00:00+00:00']",15,3.993,726103.624,728280.014
2023-03-05,V.Z82,W,"['2023-03-05 08:00:00+00:00', '2023-03-05 09:00:00+00:00', '2023-03-05 10:00:00+00:00', '2023-03-05 11:00:00+00:00', '2023-03-05 12:00:00+00:00', '2023-03-05 13:00:00+00:00', '2023-03-05 14:00:00+00:00', '2023-03-05 15:00:00+00:00', '2023-03-05 16:00:00+00:00', '2023-03-05 17:00:00+00:00', '2023-03-05 18:00:00+00:00', '2023-03-05 19:00:00+00:00', '2023-03-05 20:00:00+00:00', '2023-03-05 21:00:00+00:00', '2023-03-05 22:00:00+00:00', '2023-03-05 23:00:00+00:00']",16,3.979,1216626.293,1219981.688
2023-03-05,V.Z82,W2,"['2023-03-05 09:00:00+00:00', '2023-03-05 10:00:00+00:00', '2023-03-05 11:00:00+00:00', '2023-03-05 12:00:00+00:00', '2023-03-05 13:00:00+00:00', '2023-03-05 14:00:00+00:00', '2023-03-05 15:00:00+00:00', '2023-03-05 16:00:00+00:00', '2023-03-05 17:00:00+00:00', '2023-03-05 18:00:00+00:00', '2023-03-05 19:00:00+00:00', '2023-03-05 20:00:00+00:00', '2023-03-05 21:00:00+00:00', '2023-03-05 22:00:00+00:00', '2023-03-05 23:00:00+00:00']",15,3.956,410101.952,411175.558
2023-03-05,V.Z81,W3,"['2023-03-05 07:00:00+00:00', '2023-03-05 08:00:00+00:00', '2023-03-05 09:00:00+00:00', '2023-03-05 10:00:00+00:00', '2023-03-05 11:00:00+00:00', '2023-03-05 12:00:00+00:00', '2023-03-05 13:00:00+00:00', '2023-03-05 14:00:00+00:00', '2023-03-05 15:00:00+00:00', '2023-03-05 16:00:00+00:00', '2023-03-05 17:00:00+00:00', '2023-03-05 18:00:00+00:00', '2023-03-05 19:00:00+00:00', '2023-03-05 20:00:00+00:00', '2023-03-05 21:00:00+00:00', '2023-03-05 22:00:00+00:00', '2023-03-05 23:00:00+00:00']",17,3.925,262226.564,263793.411
2023-03-05,V.Z81,W1,"['2023-03-05 07:00:00+00:00', '2023-03-05 08:00:00+00:00', '2023-03-05 09:00:00+00:00', '2023-03-05 10:00:00+00:00', '2023-03-05 11:00:00+00:00', '2023-03-05 12:00:00+00:00', '2023-03-05 13:00:00+00:00', '2023-03-05 14:00:00+00:00', '2023-03-05 15:00:00+00:00', '2023-03-05 16:00:00+00:00', '2023-03-05 17:00:00+00:00', '2023-03-05 18:00:00+00:00', '2023-03-05 19:00:00+00:00', '2023-03-05 20:00:00+00:00', '2023-03-05 21:00:00+00:00', '2023-03-05 22:00:00+00:00', '2023-03-05 23:00:00+00:00']",17,3.905,231464.609,233155.776
2023-03-05,V.Z81,W,"['2023-03-05 07:00:00+00:00', '2023-03-05 08:00:00+00:00', '2023-03-05 09:00:00+00:00', '2023-03-05 10:00:00+00:00', '2023-03-05 11:00:00+00:00', '2023-03-05 12:00:00+00:00', '2023-03-05 13:00:00+00:00', '2023-03-05 14:00:00+00:00', '2023-03-05 15:00:00+00:00', '2023-03-05 16:00:00+00:00', '2023-03-05 17:00:00+00:00', '2023-03-05 18:00:00+00:00', '2023-03-05 19:00:00+00:00', '2023-03-05 20:00:00+00:00', '2023-03-05 21:00:00+00:00', '2023-03-05 22:00:00+00:00', '2023-03-05 23:00:00+00:00']",17,3.892,693465.16,698390.753
2023-03-05,V.Z82,W1,"['2023-03-05 10:00:00+00:00', '2023-03-05 11:00:00+00:00', '2023-03-05 12:00:00+00:00', '2023-03-05 13:00:00+00:00', '2023-03-05 14:00:00+00:00', '2023-03-05 15:00:00+00:00', '2023-03-05 16:00:00+00:00', '2023-03-05 17:00:00+00:00', '2023-03-05 18:00:00+00:00', '2023-03-05 19:00:00+00:00', '2023-03-05 20:00:00+00:00', '2023-03-05 21:00:00+00:00', '2023-03-05 22:00:00+00:00', '2023-03-05 23:00:00+00:00']",14,3.854,426397.273,427538.908
2023-03-05,V.Z81,W2,"['2023-03-05 08:00:00+00:00', '2023-03-05 09:00:00+00:00', '2023-03-05 10:00:00+00:00', '2023-03-05 11:00:00+00:00', '2023-03-05 12:00:00+00:00', '2023-03-05 13:00:00+00:00', '2023-03-05 14:00:00+00:00', '2023-03-05 15:00:00+00:00', '2023-03-05 16:00:00+00:00', '2023-03-05 17:00:00+00:00', '2023-03-05 18:00:00+00:00', '2023-03-05 19:00:00+00:00', '2023-03-05 20:00:00+00:00', '2023-03-05 21:00:00+00:00', '2023-03-05 22:00:00+00:00', '2023-03-05 23:00:00+00:00']",16,3.842,199823.614,201491.195
2023-03-05,H1.Z28,W_out,"['2023-03-05 09:00:00+00:00', '2023-03-05 10:00:00+00:00', '2023-03-05 11:00:00+00:00', '2023-03-05 12:00:00+00:00', '2023-03-05 13:00:00+00:00', '2023-03-05 14:00:00+00:00', '2023-03-05 15:00:00+00:00', '2023-03-05 16:00:00+00:00', '2023-03-05 17:00:00+00:00', '2023-03-05 18:00:00+00:00', '2023-03-05 19:00:00+00:00', '2023-03-05 20:00:00+00:00', '2023-03-05 21:00:00+00:00', '2023-03-05 22:00:00+00:00', '2023-03-05 23:00:00+00:00']",15,3.774,493784.45,491108.264
2023-03-05,H1.Z15,W_out,"['2023-03-05 10:00:00+00:00', '2023-03-05 11:00:00+00:00', '2023-03-05 12:00:00+00:00', '2023-03-05 13:00:00+00:00', '2023-03-05 14:00:00+00:00', '2023-03-05 15:00:00+00:00', '2023-03-05 16:00:00+00:00', '2023-03-05 17:00:00+00:00', '2023-03-05 18:00:00+00:00', '2023-03-05 19:00:00+00:00', '2023-03-05 20:00:00+00:00', '2023-03-05 21:00:00+00:00', '2023-03-05 22:00:00+00:00', '2023-03-05 23:00:00+00:00']",14,3.688,908435.403,901986.491
2023-03-05,V.Z82,W_out,"['2023-03-05 11:00:00+00:00', '2023-03-05 12:00:00+00:00', '2023-03-05 13:00:00+00:00', '2023-03-05 14:00:00+00:00', '2023-03-05 15:00:00+00:00', '2023-03-05 16:00:00+00:00', '2023-03-05 17:00:00+00:00', '2023-03-05 18:00:00+00:00', '2023-03-05 19:00:00+00:00', '2023-03-05 20:00:00+00:00', '2023-03-05 21:00:00+00:00', '2023-03-05 22:00:00+00:00', '2023-03-05 23:00:00+00:00']",13,3.643,594953.978,590929.067
2023-03-05,H1.Z22,WQ_out,"['2023-03-05 12:00:00+00:00', '2023-03-05 13:00:00+00:00', '2023-03-05 14:00:00+00:00', '2023-03-05 15:00:00+00:00', '2023-03-05 16:00:00+00:00', '2023-03-05 17:00:00+00:00', '2023-03-05 18:00:00+00:00', '2023-03-05 19:00:00+00:00', '2023-03-05 20:00:00+00:00', '2023-03-05 21:00:00+00:00', '2023-03-05 22:00:00+00:00', '2023-03-05 23:00:00+00:00']",12,3.641,176.755,176.4
2023-03-05,V.Z81,W_out,"['2023-03-05 12:00:00+00:00', '2023-03-05 13:00:00+00:00', '2023-03-05 14:00:00+00:00', '2023-03-05 15:00:00+00:00', '2023-03-05 16:00:00+00:00', '2023-03-05 17:00:00+00:00', '2023-03-05 18:00:00+00:00', '2023-03-05 19:00:00+00:00', '2023-03-05 20:00:00+00:00', '2023-03-05 21:00:00+00:00', '2023-03-05 22:00:00+00:00', '2023-03-05 23:00:00+00:00']",12,3.557,843771.432,838469.081
2023-03-05,H2.Z68,P2,['2023-03-05 13:00:00+00:00'],1,3.555,1011.091,1069.018
2023-03-05,H1.Z21,WQ_in,"['2023-03-05 09:00:00+00:00', '2023-03-05 10:00:00+00:00', '2023-03-05 11:00:00+00:00', '2023-03-05 12:00:00+00:00', '2023-03-05 13:00:00+00:00', '2023-03-05 14:00:00+00:00', '2023-03-05 15:00:00+00:00', '2023-03-05 16:00:00+00:00', '2023-03-05 17:00:00+00:00', '2023-03-05 18:00:00+00:00', '2023-03-05 19:00:00+00:00', '2023-03-05 20:00:00+00:00', '2023-03-05 21:00:00+00:00', '2023-03-05 22:00:00+00:00', '2023-03-05 23:00:00+00:00']",15,3.465,6295.883,6295.742
2023-03-05,H1.Z13,W,"['2023-03-05 14:00:00+00:00', '2023-03-05 15:00:00+00:00', '2023-03-05 16:00:00+00:00', '2023-03-05 17:00:00+00:00', '2023-03-05 18:00:00+00:00', '2023-03-05 19:00:00+00:00', '2023-03-05 20:00:00+00:00', '2023-03-05 21:00:00+00:00', '2023-03-05 22:00:00+00:00', '2023-03-05 23:00:00+00:00']",10,3.37,629232.263,628665.897
2023-03-05,H1.Z13,W_in,"['2023-03-05 14:00:00+00:00', '2023-03-05 15:00:00+00:00', '2023-03-05 16:00:00+00:00', '2023-03-05 17:00:00+00:00', '2023-03-05 18:00:00+00:00', '2023-03-05 19:00:00+00:00', '2023-03-05 20:00:00+00:00', '2023-03-05 21:00:00+00:00', '2023-03-05 22:00:00+00:00', '2023-03-05 23:00:00+00:00']",10,3.37,629232.283,628665.917
2023-03-05,H1.Z14,W,"['2023-03-05 15:00:00+00:00', '2023-03-05 16:00:00+00:00', '2023-03-05 17:00:00+00:00', '2023-03-05 18:00:00+00:00', '2023-03-05 19:00:00+00:00', '2023-03-05 20:00:00+00:00', '2023-03-05 21:00:00+00:00', '2023-03-05 22:00:00+00:00', '2023-03-05 23:00:00+00:00']",9,3.356,593749.636,593214.451
2023-03-05,H1.Z14,W_in,"['2023-03-05 15:00:00+00:00', '2023-03-05 16:00:00+00:00', '2023-03-05 17:00:00+00:00', '2023-03-05 18:00:00+00:00', '2023-03-05 19:00:00+00:00', '2023-03-05 20:00:00+00:00', '2023-03-05 21:00:00+00:00', '2023-03-05 22:00:00+00:00', '2023-03-05 23:00:00+00:00']",9,3.356,593749.646,593214.461
2023-03-05,H1.Z28,W2,"['2023-03-05 18:00:00+00:00', '2023-03-05 19:00:00+00:00', '2023-03-05 20:00:00+00:00', '2023-03-05 21:00:00+00:00', '2023-03-05 22:00:00+00:00', '2023-03-05 23:00:00+00:00']",6,3.313,321215.243,321827.256
2023-03-05,WeatherStation.Weather,Dc,"['2023-03-05 01:00:00+00:00', '2023-03-05 02:00:00+00:00', '2023-03-05 04:00:00+00:00', '2023-03-05 08:00:00+00:00']",4,3.312,241.487,100.433
2023-03-05,H2.Z69,PF3,"['2023-03-05 13:00:00+00:00', '2023-03-05 14:00:00+00:00']",2,3.268,0.547,0.561
2023-03-05,H1.Z29,W2,"['2023-03-05 17:00:00+00:00', '2023-03-05 18:00:00+00:00', '2023-03-05 19:00:00+00:00', '2023-03-05 20:00:00+00:00', '2023-03-05 21:00:00+00:00', '2023-03-05 22:00:00+00:00', '2023-03-05 23:00:00+00:00']",7,3.24,-770059.832,-765611.581
2023-03-05,H1.Z29,W,"['2023-03-05 17:00:00+00:00', '2023-03-05 18:00:00+00:00', '2023-03-05 19:00:00+00:00', '2023-03-05 20:00:00+00:00', '2023-03-05 21:00:00+00:00', '2023-03-05 22:00:00+00:00', '2023-03-05 23:00:00+00:00']",7,3.233,-2309768.335,-2296294.164
2023-03-05,H1.Z29,W3,"['2023-03-05 18:00:00+00:00', '2023-03-05 19:00:00+00:00', '2023-03-05 20:00:00+00:00', '2023-03-05 21:00:00+00:00', '2023-03-05 22:00:00+00:00', '2023-03-05 23:00:00+00:00']",6,3.23,-710004.259,-705725.892
2023-03-05,H1.Z29,W1,"['2023-03-05 18:00:00+00:00', '2023-03-05 19:00:00+00:00', '2023-03-05 20:00:00+00:00', '2023-03-05 21:00:00+00:00', '2023-03-05 22:00:00+00:00', '2023-03-05 23:00:00+00:00']",6,3.229,-829705.129,-824957.591
2023-03-05,H1.ZE20,W2,"['2023-03-05 18:00:00+00:00', '2023-03-05 19:00:00+00:00', '2023-03-05 20:00:00+00:00', '2023-03-05 21:00:00+00:00', '2023-03-05 22:00:00+00:00', '2023-03-05 23:00:00+00:00']",6,3.211,-153789.684,-149303.03
2023-03-05,H1.Z29,W_out,"['2023-03-05 18:00:00+00:00', '2023-03-05 19:00:00+00:00', '2023-03-05 20:00:00+00:00', '2023-03-05 21:00:00+00:00', '2023-03-05 22:00:00+00:00', '2023-03-05 23:00:00+00:00']",6,3.21,2936602.034,2923056.133
2023-03-05,H1.ZE20,W,"['2023-03-05 18:00:00+00:00', '2023-03-05 19:00:00+00:00', '2023-03-05 20:00:00+00:00', '2023-03-05 21:00:00+00:00', '2023-03-05 22:00:00+00:00', '2023-03-05 23:00:00+00:00']",6,3.207,-467517.395,-453962.233
2023-03-05,H1.W12,W,"['2023-03-05 18:00:00+00:00', '2023-03-05 19:00:00+00:00', '2023-03-05 20:00:00+00:00', '2023-03-05 21:00:00+00:00', '2023-03-05 22:00:00+00:00', '2023-03-05 23:00:00+00:00']",6,3.206,4997949.792,4976610.655
2023-03-05,H1.Z20,W,"['2023-03-05 18:00:00+00:00', '2023-03-05 19:00:00+00:00', '2023-03-05 20:00:00+00:00', '2023-03-05 21:00:00+00:00', '2023-03-05 22:00:00+00:00', '2023-03-05 23:00:00+00:00']",6,3.206,-3090164.126,-3076629.901
2023-03-05,H1.ZE20,W3,"['2023-03-05 18:00:00+00:00', '2023-03-05 19:00:00+00:00', '2023-03-05 20:00:00+00:00', '2023-03-05 21:00:00+00:00', '2023-03-05 22:00:00+00:00', '2023-03-05 23:00:00+00:00']",6,3.206,-148067.854,-143783.155
2023-03-05,H1.ZE20,W_out,"['2023-03-05 18:00:00+00:00', '2023-03-05 19:00:00+00:00', '2023-03-05 20:00:00+00:00', '2023-03-05 21:00:00+00:00', '2023-03-05 22:00:00+00:00', '2023-03-05 23:00:00+00:00']",6,3.205,468900.1,455340.106
2023-03-05,H1.Z20,W_out,"['2023-03-05 18:00:00+00:00', '2023-03-05 19:00:00+00:00', '2023-03-05 20:00:00+00:00', '2023-03-05 21:00:00+00:00', '2023-03-05 22:00:00+00:00', '2023-03-05 23:00:00+00:00']",6,3.204,3103557.812,3090018.786
2023-03-05,H1.ZE20,W1,"['2023-03-05 18:00:00+00:00', '2023-03-05 19:00:00+00:00', '2023-03-05 20:00:00+00:00', '2023-03-05 21:00:00+00:00', '2023-03-05 22:00:00+00:00', '2023-03-05 23:00:00+00:00']",6,3.203,-165659.857,-160876.046
2023-03-05,H1.Z14,WQ,"['2023-03-05 18:00:00+00:00', '2023-03-05 19:00:00+00:00', '2023-03-05 20:00:00+00:00', '2023-03-05 21:00:00+00:00', '2023-03-05 22:00:00+00:00', '2023-03-05 23:00:00+00:00']",6,3.184,552174.285,551548.601
2023-03-05,H1.Z14,WQ_in,"['2023-03-05 18:00:00+00:00', '2023-03-05 19:00:00+00:00', '2023-03-05 20:00:00+00:00', '2023-03-05 21:00:00+00:00', '2023-03-05 22:00:00+00:00', '2023-03-05 23:00:00+00:00']",6,3.184,552174.425,551548.741
2023-03-05,H1.Z13,WQ,"['2023-03-05 18:00:00+00:00', '2023-03-05 19:00:00+00:00', '2023-03-05 20:00:00+00:00', '2023-03-05 21:00:00+00:00', '2023-03-05 22:00:00+00:00', '2023-03-05 23:00:00+00:00']",6,3.183,577770.701,577118.251
2023-03-05,H1.Z13,WQ_in,"['2023-03-05 18:00:00+00:00', '2023-03-05 19:00:00+00:00', '2023-03-05 20:00:00+00:00', '2023-03-05 21:00:00+00:00', '2023-03-05 22:00:00+00:00', '2023-03-05 23:00:00+00:00']",6,3.183,577770.811,577118.361
2023-03-05,H1.W12,V,"['2023-03-05 20:00:00+00:00', '2023-03-05 21:00:00+00:00', '2023-03-05 22:00:00+00:00', '2023-03-05 23:00:00+00:00']",4,3.11,392328016.667,391087542.083
2023-03-05,H2.Z70,PF2,"['2023-03-05 13:00:00+00:00', '2023-03-05 14:00:00+00:00']",2,3.059,0.492,0.504
2023-03-05,H2.T.Z34,WQ_out,['2023-03-05 23:00:00+00:00'],1,3.025,110698.335,110199.494
2023-04-19,H1.Z29,W2,"['2023-04-19 00:00:00+00:00', '2023-04-19 01:00:00+00:00', '2023-04-19 02:00:00+00:00', '2023-04-19 03:00:00+00:00', '2023-04-19 04:00:00+00:00', '2023-04-19 05:00:00+00:00', '2023-04-19 06:00:00+00:00', '2023-04-19 07:00:00+00:00', '2023-04-19 08:00:00+00:00', '2023-04-19 09:00:00+00:00', '2023-04-19 10:00:00+00:00', '2023-04-19 11:00:00+00:00', '2023-04-19 12:00:00+00:00', '2023-04-19 13:00:00+00:00', '2023-04-19 14:00:00+00:00', '2023-04-19 15:00:00+00:00', '2023-04-19 16:00:00+00:00', '2023-04-19 17:00:00+00:00', '2023-04-19 18:00:00+00:00', '2023-04-19 19:00:00+00:00', '2023-04-19 20:00:00+00:00', '2023-04-19 21:00:00+00:00', '2023-04-19 22:00:00+00:00', '2023-04-19 23:00:00+00:00']",24,9.929,-788314.698,-787320.098
2023-04-19,H1.Z29,W,"['2023-04-19 00:00:00+00:00', '2023-04-19 01:00:00+00:00', '2023-04-19 02:00:00+00:00', '2023-04-19 03:00:00+00:00', '2023-04-19 04:00:00+00:00', '2023-04-19 05:00:00+00:00', '2023-04-19 06:00:00+00:00', '2023-04-19 07:00:00+00:00', '2023-04-19 08:00:00+00:00', '2023-04-19 09:00:00+00:00', '2023-04-19 10:00:00+00:00', '2023-04-19 11:00:00+00:00', '2023-04-19 12:00:00+00:00', '2023-04-19 13:00:00+00:00', '2023-04-19 14:00:00+00:00', '2023-04-19 15:00:00+00:00', '2023-04-19 16:00:00+00:00', '2023-04-19 17:00:00+00:00', '2023-04-19 18:00:00+00:00', '2023-04-19 19:00:00+00:00', '2023-04-19 20:00:00+00:00', '2023-04-19 21:00:00+00:00', '2023-04-19 22:00:00+00:00', '2023-04-19 23:00:00+00:00']",24,9.465,-2365484.88,-2362408.919
2023-04-19,H1.Z29,W1,"['2023-04-19 00:00:00+00:00', '2023-04-19 01:00:00+00:00', '2023-04-19 02:00:00+00:00', '2023-04-19 03:00:00+00:00', '2023-04-19 04:00:00+00:00', '2023-04-19 05:00:00+00:00', '2023-04-19 06:00:00+00:00', '2023-04-19 07:00:00+00:00', '2023-04-19 08:00:00+00:00', '2023-04-19 09:00:00+00:00', '2023-04-19 10:00:00+00:00', '2023-04-19 11:00:00+00:00', '2023-04-19 12:00:00+00:00', '2023-04-19 13:00:00+00:00', '2023-04-19 14:00:00+00:00', '2023-04-19 15:00:00+00:00', '2023-04-19 16:00:00+00:00', '2023-04-19 17:00:00+00:00', '2023-04-19 18:00:00+00:00', '2023-04-19 19:00:00+00:00', '2023-04-19 20:00:00+00:00', '2023-04-19 21:00:00+00:00', '2023-04-19 22:00:00+00:00', '2023-04-19 23:00:00+00:00']",24,9.339,-849498.41,-848409.884
2023-04-19,H1.Z29,W3,"['2023-04-19 00:00:00+00:00', '2023-04-19 01:00:00+00:00', '2023-04-19 02:00:00+00:00', '2023-04-19 03:00:00+00:00', '2023-04-19 04:00:00+00:00', '2023-04-19 05:00:00+00:00', '2023-04-19 06:00:00+00:00', '2023-04-19 07:00:00+00:00', '2023-04-19 08:00:00+00:00', '2023-04-19 09:00:00+00:00', '2023-04-19 10:00:00+00:00', '2023-04-19 11:00:00+00:00', '2023-04-19 12:00:00+00:00', '2023-04-19 13:00:00+00:00', '2023-04-19 14:00:00+00:00', '2023-04-19 15:00:00+00:00', '2023-04-19 16:00:00+00:00', '2023-04-19 17:00:00+00:00', '2023-04-19 18:00:00+00:00', '2023-04-19 19:00:00+00:00', '2023-04-19 20:00:00+00:00', '2023-04-19 21:00:00+00:00', '2023-04-19 22:00:00+00:00', '2023-04-19 23:00:00+00:00']",24,9.162,-727672.644,-726679.834
2023-04-19,H1.Z20,WQ,"['2023-04-19 07:00:00+00:00', '2023-04-19 08:00:00+00:00', '2023-04-19 09:00:00+00:00', '2023-04-19 10:00:00+00:00', '2023-04-19 11:00:00+00:00', '2023-04-19 12:00:00+00:00', '2023-04-19 13:00:00+00:00', '2023-04-19 14:00:00+00:00', '2023-04-19 15:00:00+00:00', '2023-04-19 16:00:00+00:00', '2023-04-19 17:00:00+00:00', '2023-04-19 18:00:00+00:00', '2023-04-19 19:00:00+00:00', '2023-04-19 20:00:00+00:00', '2023-04-19 21:00:00+00:00', '2023-04-19 22:00:00+00:00', '2023-04-19 23:00:00+00:00']",17,8.467,-256598.376,-256431.359
2023-04-19,H1.W11,qv,"['2023-04-19 04:00:00+00:00', '2023-04-19 05:00:00+00:00', '2023-04-19 06:00:00+00:00', '2023-04-19 07:00:00+00:00']",4,8.299,14.735,11.424
2023-04-19,V.Z82,W_out,"['2023-04-19 00:00:00+00:00', '2023-04-19 01:00:00+00:00', '2023-04-19 02:00:00+00:00', '2023-04-19 03:00:00+00:00', '2023-04-19 04:00:00+00:00', '2023-04-19 05:00:00+00:00', '2023-04-19 06:00:00+00:00', '2023-04-19 07:00:00+00:00', '2023-04-19 08:00:00+00:00', '2023-04-19 09:00:00+00:00', '2023-04-19 10:00:00+00:00', '2023-04-19 11:00:00+00:00', '2023-04-19 12:00:00+00:00', '2023-04-19 13:00:00+00:00', '2023-04-19 14:00:00+00:00', '2023-04-19 15:00:00+00:00', '2023-04-19 16:00:00+00:00', '2023-04-19 17:00:00+00:00', '2023-04-19 18:00:00+00:00', '2023-04-19 19:00:00+00:00', '2023-04-19 20:00:00+00:00', '2023-04-19 21:00:00+00:00', '2023-04-19 22:00:00+00:00', '2023-04-19 23:00:00+00:00']",24,8.044,612654.33,611610.718
2023-04-19,H1.Z20,Q,"['2023-04-19 02:00:00+00:00', '2023-04-19 04:00:00+00:00', '2023-04-19 05:00:00+00:00', '2023-04-19 06:00:00+00:00', '2023-04-19 07:00:00+00:00', '2023-04-19 08:00:00+00:00', '2023-04-19 09:00:00+00:00', '2023-04-19 13:00:00+00:00', '2023-04-19 16:00:00+00:00', '2023-04-19 17:00:00+00:00', '2023-04-19 19:00:00+00:00', '2023-04-19 20:00:00+00:00', '2023-04-19 22:00:00+00:00']",13,7.154,-10550.37,-118.099
2023-04-19,H1.Z28,W_out,"['2023-04-19 00:00:00+00:00', '2023-04-19 01:00:00+00:00', '2023-04-19 02:00:00+00:00', '2023-04-19 03:00:00+00:00', '2023-04-19 04:00:00+00:00', '2023-04-19 05:00:00+00:00', '2023-04-19 06:00:00+00:00', '2023-04-19 07:00:00+00:00', '2023-04-19 08:00:00+00:00', '2023-04-19 09:00:00+00:00', '2023-04-19 10:00:00+00:00', '2023-04-19 11:00:00+00:00', '2023-04-19 12:00:00+00:00', '2023-04-19 13:00:00+00:00', '2023-04-19 14:00:00+00:00', '2023-04-19 15:00:00+00:00', '2023-04-19 16:00:00+00:00', '2023-04-19 17:00:00+00:00', '2023-04-19 18:00:00+00:00', '2023-04-19 19:00:00+00:00', '2023-04-19 20:00:00+00:00', '2023-04-19 21:00:00+00:00', '2023-04-19 22:00:00+00:00', '2023-04-19 23:00:00+00:00']",24,7.149,505026.782,504375.418
2023-04-19,H1.Z15,W_out,"['2023-04-19 01:00:00+00:00', '2023-04-19 02:00:00+00:00', '2023-04-19 03:00:00+00:00', '2023-04-19 04:00:00+00:00', '2023-04-19 05:00:00+00:00', '2023-04-19 06:00:00+00:00', '2023-04-19 07:00:00+00:00', '2023-04-19 08:00:00+00:00', '2023-04-19 09:00:00+00:00', '2023-04-19 10:00:00+00:00', '2023-04-19 11:00:00+00:00', '2023-04-19 12:00:00+00:00', '2023-04-19 13:00:00+00:00', '2023-04-19 14:00:00+00:00', '2023-04-19 15:00:00+00:00', '2023-04-19 16:00:00+00:00', '2023-04-19 17:00:00+00:00', '2023-04-19 18:00:00+00:00', '2023-04-19 19:00:00+00:00', '2023-04-19 20:00:00+00:00', '2023-04-19 21:00:00+00:00', '2023-04-19 22:00:00+00:00', '2023-04-19 23:00:00+00:00']",23,6.982,935997.622,934394.438
2023-04-19,H1.Z22,P2,"['2023-04-19 08:00:00+00:00', '2023-04-19 09:00:00+00:00', '2023-04-19 10:00:00+00:00', '2023-04-19 11:00:00+00:00', '2023-04-19 12:00:00+00:00', '2023-04-19 13:00:00+00:00', '2023-04-19 14:00:00+00:00', '2023-04-19 15:00:00+00:00']",8,6.869,2.661,-2.449
2023-04-19,H1.Z24,PF1,"['2023-04-19 00:00:00+00:00', '2023-04-19 02:00:00+00:00', '2023-04-19 04:00:00+00:00', '2023-04-19 05:00:00+00:00', '2023-04-19 06:00:00+00:00', '2023-04-19 07:00:00+00:00', '2023-04-19 16:00:00+00:00', '2023-04-19 17:00:00+00:00', '2023-04-19 19:00:00+00:00', '2023-04-19 20:00:00+00:00', '2023-04-19 21:00:00+00:00', '2023-04-19 22:00:00+00:00', '2023-04-19 23:00:00+00:00']",13,6.809,0.362,0.733
2023-04-19,H1.Z24,PF2,"['2023-04-19 00:00:00+00:00', '2023-04-19 02:00:00+00:00', '2023-04-19 04:00:00+00:00', '2023-04-19 05:00:00+00:00', '2023-04-19 06:00:00+00:00', '2023-04-19 07:00:00+00:00', '2023-04-19 16:00:00+00:00', '2023-04-19 17:00:00+00:00', '2023-04-19 18:00:00+00:00', '2023-04-19 19:00:00+00:00', '2023-04-19 20:00:00+00:00', '2023-04-19 21:00:00+00:00', '2023-04-19 22:00:00+00:00', '2023-04-19 23:00:00+00:00']",14,6.699,0.56,0.724
2023-04-19,H1.K14,Trl,"['2023-04-19 14:00:00+00:00', '2023-04-19 15:00:00+00:00', '2023-04-19 16:00:00+00:00', '2023-04-19 17:00:00+00:00', '2023-04-19 18:00:00+00:00', '2023-04-19 19:00:00+00:00', '2023-04-19 20:00:00+00:00', '2023-04-19 21:00:00+00:00', '2023-04-19 22:00:00+00:00', '2023-04-19 23:00:00+00:00']",10,6.64,10.132,6.462
2023-04-19,H1.K14,Tvl,"['2023-04-19 15:00:00+00:00', '2023-04-19 16:00:00+00:00', '2023-04-19 17:00:00+00:00', '2023-04-19 18:00:00+00:00', '2023-04-19 19:00:00+00:00', '2023-04-19 20:00:00+00:00', '2023-04-19 21:00:00+00:00', '2023-04-19 22:00:00+00:00', '2023-04-19 23:00:00+00:00']",9,6.59,9.198,5.597
2023-04-19,H1.Z20,WQ_out,"['2023-04-19 03:00:00+00:00', '2023-04-19 04:00:00+00:00', '2023-04-19 05:00:00+00:00', '2023-04-19 06:00:00+00:00', '2023-04-19 07:00:00+00:00', '2023-04-19 08:00:00+00:00', '2023-04-19 09:00:00+00:00', '2023-04-19 10:00:00+00:00', '2023-04-19 11:00:00+00:00', '2023-04-19 12:00:00+00:00', '2023-04-19 13:00:00+00:00', '2023-04-19 14:00:00+00:00', '2023-04-19 15:00:00+00:00', '2023-04-19 16:00:00+00:00', '2023-04-19 17:00:00+00:00', '2023-04-19 18:00:00+00:00', '2023-04-19 19:00:00+00:00', '2023-04-19 20:00:00+00:00', '2023-04-19 21:00:00+00:00', '2023-04-19 22:00:00+00:00', '2023-04-19 23:00:00+00:00']",21,6.558,272297.295,271961.319
2023-04-19,H2.T.Z34,PF1,"['2023-04-19 07:00:00+00:00', '2023-04-19 08:00:00+00:00', '2023-04-19 09:00:00+00:00', '2023-04-19 10:00:00+00:00', '2023-04-19 11:00:00+00:00', '2023-04-19 12:00:00+00:00', '2023-04-19 13:00:00+00:00', '2023-04-19 14:00:00+00:00']",8,6.487,0.983,0.989
2023-04-19,V.Z81,W_out,"['2023-04-19 03:00:00+00:00', '2023-04-19 04:00:00+00:00', '2023-04-19 05:00:00+00:00', '2023-04-19 06:00:00+00:00', '2023-04-19 07:00:00+00:00', '2023-04-19 08:00:00+00:00', '2023-04-19 09:00:00+00:00', '2023-04-19 10:00:00+00:00', '2023-04-19 11:00:00+00:00', '2023-04-19 12:00:00+00:00', '2023-04-19 13:00:00+00:00', '2023-04-19 14:00:00+00:00', '2023-04-19 15:00:00+00:00', '2023-04-19 16:00:00+00:00', '2023-04-19 17:00:00+00:00', '2023-04-19 18:00:00+00:00', '2023-04-19 19:00:00+00:00', '2023-04-19 20:00:00+00:00', '2023-04-19 21:00:00+00:00', '2023-04-19 22:00:00+00:00', '2023-04-19 23:00:00+00:00']",21,6.285,869368.016,867781.159
2023-04-19,H2.K21,Trl,"['2023-04-19 12:00:00+00:00', '2023-04-19 13:00:00+00:00', '2023-04-19 14:00:00+00:00', '2023-04-19 15:00:00+00:00', '2023-04-19 16:00:00+00:00', '2023-04-19 17:00:00+00:00', '2023-04-19 18:00:00+00:00', '2023-04-19 19:00:00+00:00', '2023-04-19 20:00:00+00:00', '2023-04-19 21:00:00+00:00', '2023-04-19 22:00:00+00:00', '2023-04-19 23:00:00+00:00']",12,6.234,9.192,5.876
2023-04-19,H2.K21,Tvl,"['2023-04-19 13:00:00+00:00', '2023-04-19 14:00:00+00:00', '2023-04-19 15:00:00+00:00', '2023-04-19 16:00:00+00:00', '2023-04-19 17:00:00+00:00', '2023-04-19 18:00:00+00:00', '2023-04-19 19:00:00+00:00', '2023-04-19 20:00:00+00:00', '2023-04-19 22:00:00+00:00', '2023-04-19 23:00:00+00:00']",10,5.984,8.727,5.482
2023-04-19,H1.Z21,I3,"['2023-04-19 09:00:00+00:00', '2023-04-19 10:00:00+00:00', '2023-04-19 11:00:00+00:00', '2023-04-19 12:00:00+00:00', '2023-04-19 13:00:00+00:00']",5,5.871,0.104,0.056
2023-04-19,H3.Z47,I1,"['2023-04-19 09:00:00+00:00', '2023-04-19 10:00:00+00:00', '2023-04-19 11:00:00+00:00', '2023-04-19 12:00:00+00:00', '2023-04-19 13:00:00+00:00', '2023-04-19 14:00:00+00:00']",6,5.831,11.88,8.207
2023-04-19,H3.Z47,Q,"['2023-04-19 12:00:00+00:00', '2023-04-19 13:00:00+00:00', '2023-04-19 14:00:00+00:00']",3,5.783,-2766.847,-2715.314
2023-04-19,H1.Z25,PF2,"['2023-04-19 02:00:00+00:00', '2023-04-19 06:00:00+00:00', '2023-04-19 07:00:00+00:00', '2023-04-19 08:00:00+00:00', '2023-04-19 09:00:00+00:00', '2023-04-19 10:00:00+00:00', '2023-04-19 11:00:00+00:00', '2023-04-19 12:00:00+00:00', '2023-04-19 13:00:00+00:00', '2023-04-19 14:00:00+00:00', '2023-04-19 16:00:00+00:00', '2023-04-19 17:00:00+00:00', '2023-04-19 19:00:00+00:00', '2023-04-19 20:00:00+00:00', '2023-04-19 21:00:00+00:00', '2023-04-19 22:00:00+00:00', '2023-04-19 23:00:00+00:00']",17,5.758,0.601,0.743
2023-04-19,H3.Z47,I3,"['2023-04-19 09:00:00+00:00', '2023-04-19 10:00:00+00:00', '2023-04-19 11:00:00+00:00', '2023-04-19 12:00:00+00:00', '2023-04-19 13:00:00+00:00', '2023-04-19 14:00:00+00:00']",6,5.673,9.106,6.465
2023-04-19,H1.Z25,WQ_out,"['2023-04-19 11:00:00+00:00', '2023-04-19 12:00:00+00:00', '2023-04-19 13:00:00+00:00', '2023-04-19 14:00:00+00:00', '2023-04-19 15:00:00+00:00', '2023-04-19 16:00:00+00:00', '2023-04-19 17:00:00+00:00', '2023-04-19 18:00:00+00:00', '2023-04-19 19:00:00+00:00', '2023-04-19 20:00:00+00:00', '2023-04-19 21:00:00+00:00', '2023-04-19 22:00:00+00:00', '2023-04-19 23:00:00+00:00']",13,5.614,15.798,15.605
2023-04-19,H3.Z48,P2,"['2023-04-19 09:00:00+00:00', '2023-04-19 10:00:00+00:00', '2023-04-19 11:00:00+00:00', '2023-04-19 12:00:00+00:00', '2023-04-19 13:00:00+00:00', '2023-04-19 14:00:00+00:00']",6,5.559,909.952,118.185
2023-04-19,H3.Z48,P1,"['2023-04-19 09:00:00+00:00', '2023-04-19 10:00:00+00:00', '2023-04-19 11:00:00+00:00', '2023-04-19 12:00:00+00:00', '2023-04-19 13:00:00+00:00', '2023-04-19 14:00:00+00:00']",6,5.558,873.776,114.308
2023-04-19,H3.Z48,P,"['2023-04-19 09:00:00+00:00', '2023-04-19 10:00:00+00:00', '2023-04-19 11:00:00+00:00', '2023-04-19 12:00:00+00:00', '2023-04-19 13:00:00+00:00', '2023-04-19 14:00:00+00:00']",6,5.553,2685.408,350.021
2023-04-19,V.Z81,I2,"['2023-04-19 12:00:00+00:00', '2023-04-19 13:00:00+00:00']",2,5.546,159.598,128.32
2023-04-19,H3.Z48,Q,"['2023-04-19 09:00:00+00:00', '2023-04-19 10:00:00+00:00', '2023-04-19 11:00:00+00:00', '2023-04-19 12:00:00+00:00', '2023-04-19 13:00:00+00:00', '2023-04-19 14:00:00+00:00']",6,5.544,1586.861,207.226
2023-04-19,H3.Z48,P3,"['2023-04-19 09:00:00+00:00', '2023-04-19 10:00:00+00:00', '2023-04-19 11:00:00+00:00', '2023-04-19 12:00:00+00:00', '2023-04-19 13:00:00+00:00', '2023-04-19 14:00:00+00:00']",6,5.542,900.934,117.575
2023-04-19,H3.Z49,P,['2023-04-19 15:00:00+00:00'],1,5.534,39.885,37.19
2023-04-19,H3.Z48,I3,"['2023-04-19 09:00:00+00:00', '2023-04-19 10:00:00+00:00', '2023-04-19 11:00:00+00:00', '2023-04-19 12:00:00+00:00', '2023-04-19 13:00:00+00:00', '2023-04-19 14:00:00+00:00']",6,5.522,4.566,0.597
2023-04-19,H3.Z48,I1,"['2023-04-19 09:00:00+00:00', '2023-04-19 10:00:00+00:00', '2023-04-19 11:00:00+00:00', '2023-04-19 12:00:00+00:00', '2023-04-19 13:00:00+00:00', '2023-04-19 14:00:00+00:00']",6,5.519,4.402,0.577
2023-04-19,H1.Z21,P2,"['2023-04-19 02:00:00+00:00', '2023-04-19 05:00:00+00:00', '2023-04-19 06:00:00+00:00', '2023-04-19 07:00:00+00:00', '2023-04-19 08:00:00+00:00', '2023-04-19 09:00:00+00:00', '2023-04-19 10:00:00+00:00', '2023-04-19 11:00:00+00:00', '2023-04-19 12:00:00+00:00', '2023-04-19 13:00:00+00:00', '2023-04-19 14:00:00+00:00', '2023-04-19 16:00:00+00:00', '2023-04-19 17:00:00+00:00', '2023-04-19 19:00:00+00:00', '2023-04-19 20:00:00+00:00', '2023-04-19 22:00:00+00:00', '2023-04-19 23:00:00+00:00']",17,5.518,-13.334,1.446
2023-04-19,H3.Z48,I2,"['2023-04-19 09:00:00+00:00', '2023-04-19 10:00:00+00:00', '2023-04-19 11:00:00+00:00', '2023-04-19 12:00:00+00:00', '2023-04-19 13:00:00+00:00', '2023-04-19 14:00:00+00:00']",6,5.512,4.525,0.59
2023-04-19,H3.Z48,PF1,"['2023-04-19 09:00:00+00:00', '2023-04-19 10:00:00+00:00', '2023-04-19 11:00:00+00:00', '2023-04-19 12:00:00+00:00', '2023-04-19 13:00:00+00:00', '2023-04-19 14:00:00+00:00']",6,5.479,0.216,0.029
2023-04-19,H3.Z48,PF3,"['2023-04-19 09:00:00+00:00', '2023-04-19 10:00:00+00:00', '2023-04-19 11:00:00+00:00', '2023-04-19 12:00:00+00:00', '2023-04-19 13:00:00+00:00', '2023-04-19 14:00:00+00:00']",6,5.447,0.221,0.029
2023-04-19,H3.Z47,P1,"['2023-04-19 09:00:00+00:00', '2023-04-19 10:00:00+00:00', '2023-04-19 11:00:00+00:00', '2023-04-19 12:00:00+00:00', '2023-04-19 13:00:00+00:00', '2023-04-19 14:00:00+00:00']",6,5.398,2397.106,1313.773
2023-04-19,H3.Z48,PF2,"['2023-04-19 09:00:00+00:00', '2023-04-19 10:00:00+00:00', '2023-04-19 11:00:00+00:00', '2023-04-19 12:00:00+00:00', '2023-04-19 13:00:00+00:00', '2023-04-19 14:00:00+00:00']",6,5.382,0.211,0.022
2023-04-19,H3.Z47,P,"['2023-04-19 09:00:00+00:00', '2023-04-19 10:00:00+00:00', '2023-04-19 11:00:00+00:00', '2023-04-19 12:00:00+00:00', '2023-04-19 13:00:00+00:00', '2023-04-19 14:00:00+00:00']",6,5.3,5874.133,3362.323
2023-04-19,H3.Z47,P3,"['2023-04-19 09:00:00+00:00', '2023-04-19 10:00:00+00:00', '2023-04-19 11:00:00+00:00', '2023-04-19 12:00:00+00:00', '2023-04-19 13:00:00+00:00', '2023-04-19 14:00:00+00:00']",6,5.295,1831.636,1183.422
2023-04-19,H3.Z45,PF3,"['2023-04-19 10:00:00+00:00', '2023-04-19 11:00:00+00:00', '2023-04-19 12:00:00+00:00', '2023-04-19 13:00:00+00:00', '2023-04-19 14:00:00+00:00', '2023-04-19 15:00:00+00:00', '2023-04-19 16:00:00+00:00', '2023-04-19 17:00:00+00:00', '2023-04-19 18:00:00+00:00', '2023-04-19 19:00:00+00:00', '2023-04-19 20:00:00+00:00', '2023-04-19 21:00:00+00:00', '2023-04-19 22:00:00+00:00', '2023-04-19 23:00:00+00:00']",14,5.275,0.668,0.489
2023-04-19,H1.Z26,P1,"['2023-04-19 09:00:00+00:00', '2023-04-19 10:00:00+00:00']",2,5.222,2768.039,2248.443
2023-04-19,H1.Z26,PF1,"['2023-04-19 09:00:00+00:00', '2023-04-19 10:00:00+00:00']",2,5.217,0.067,0.054
2023-04-19,H1.Z26,P2,"['2023-04-19 09:00:00+00:00', '2023-04-19 10:00:00+00:00']",2,5.21,1936.578,1491.204
2023-04-19,H1.Z26,PF2,"['2023-04-19 09:00:00+00:00', '2023-04-19 10:00:00+00:00']",2,5.201,0.043,0.033
2023-04-19,H2.T.Z34,f,"['2023-04-19 07:00:00+00:00', '2023-04-19 11:00:00+00:00', '2023-04-19 19:00:00+00:00', '2023-04-19 22:00:00+00:00']",4,5.115,50.111,50.098
2023-04-19,H3.Z48,PF,"['2023-04-19 09:00:00+00:00', '2023-04-19 10:00:00+00:00', '2023-04-19 11:00:00+00:00', '2023-04-19 12:00:00+00:00', '2023-04-19 13:00:00+00:00', '2023-04-19 14:00:00+00:00']",6,5.075,0.203,0.016
2023-04-19,H3.Z45,PF,"['2023-04-19 10:00:00+00:00', '2023-04-19 11:00:00+00:00', '2023-04-19 12:00:00+00:00', '2023-04-19 13:00:00+00:00', '2023-04-19 14:00:00+00:00', '2023-04-19 15:00:00+00:00', '2023-04-19 16:00:00+00:00', '2023-04-19 17:00:00+00:00', '2023-04-19 18:00:00+00:00', '2023-04-19 19:00:00+00:00', '2023-04-19 20:00:00+00:00', '2023-04-19 21:00:00+00:00', '2023-04-19 22:00:00+00:00', '2023-04-19 23:00:00+00:00']",14,4.992,0.707,0.547
2023-04-19,H1.Z21,P3,"['2023-04-19 09:00:00+00:00', '2023-04-19 10:00:00+00:00', '2023-04-19 11:00:00+00:00', '2023-04-19 12:00:00+00:00', '2023-04-19 13:00:00+00:00', '2023-04-19 14:00:00+00:00']",6,4.986,4.275,6.31
2023-04-19,H3.Z49,PF,"['2023-04-19 07:00:00+00:00', '2023-04-19 15:00:00+00:00']",2,4.961,0.111,0.104
2023-04-19,H3.Z45,PF2,"['2023-04-19 10:00:00+00:00', '2023-04-19 11:00:00+00:00', '2023-04-19 12:00:00+00:00', '2023-04-19 13:00:00+00:00', '2023-04-19 14:00:00+00:00', '2023-04-19 15:00:00+00:00', '2023-04-19 16:00:00+00:00', '2023-04-19 17:00:00+00:00', '2023-04-19 18:00:00+00:00', '2023-04-19 19:00:00+00:00', '2023-04-19 20:00:00+00:00', '2023-04-19 21:00:00+00:00', '2023-04-19 22:00:00+00:00', '2023-04-19 23:00:00+00:00']",14,4.947,0.522,0.334
2023-04-19,H1.Z29,W_out,"['2023-04-19 06:00:00+00:00', '2023-04-19 07:00:00+00:00', '2023-04-19 08:00:00+00:00', '2023-04-19 09:00:00+00:00', '2023-04-19 10:00:00+00:00', '2023-04-19 11:00:00+00:00', '2023-04-19 12:00:00+00:00', '2023-04-19 13:00:00+00:00', '2023-04-19 14:00:00+00:00', '2023-04-19 15:00:00+00:00', '2023-04-19 16:00:00+00:00', '2023-04-19 17:00:00+00:00', '2023-04-19 18:00:00+00:00', '2023-04-19 19:00:00+00:00', '2023-04-19 20:00:00+00:00', '2023-04-19 21:00:00+00:00', '2023-04-19 22:00:00+00:00', '2023-04-19 23:00:00+00:00']",18,4.942,2998018.162,2993817.672
2023-04-19,H1.Z26,PF,"['2023-04-19 09:00:00+00:00', '2023-04-19 10:00:00+00:00']",2,4.893,0.082,0.062
2023-04-19,H1.Z26,P,"['2023-04-19 09:00:00+00:00', '2023-04-19 10:00:00+00:00']",2,4.875,10727.139,8025.169
2023-04-19,H1.ZE20,W1,"['2023-04-19 05:00:00+00:00', '2023-04-19 06:00:00+00:00', '2023-04-19 07:00:00+00:00', '2023-04-19 08:00:00+00:00', '2023-04-19 09:00:00+00:00', '2023-04-19 10:00:00+00:00', '2023-04-19 11:00:00+00:00', '2023-04-19 12:00:00+00:00', '2023-04-19 13:00:00+00:00', '2023-04-19 14:00:00+00:00', '2023-04-19 15:00:00+00:00', '2023-04-19 16:00:00+00:00', '2023-04-19 17:00:00+00:00', '2023-04-19 18:00:00+00:00', '2023-04-19 19:00:00+00:00', '2023-04-19 20:00:00+00:00', '2023-04-19 21:00:00+00:00', '2023-04-19 22:00:00+00:00', '2023-04-19 23:00:00+00:00']",19,4.857,-189000.385,-187398.545
2023-04-19,H1.K12,Tdiff,"['2023-04-19 13:00:00+00:00', '2023-04-19 14:00:00+00:00', '2023-04-19 15:00:00+00:00', '2023-04-19 16:00:00+00:00', '2023-04-19 17:00:00+00:00', '2023-04-19 18:00:00+00:00', '2023-04-19 19:00:00+00:00', '2023-04-19 22:00:00+00:00']",8,4.852,449.208,608.47
2023-04-19,H1.Z22,WQ_out,"['2023-04-19 02:00:00+00:00', '2023-04-19 03:00:00+00:00', '2023-04-19 04:00:00+00:00', '2023-04-19 05:00:00+00:00', '2023-04-19 06:00:00+00:00', '2023-04-19 07:00:00+00:00', '2023-04-19 08:00:00+00:00', '2023-04-19 09:00:00+00:00', '2023-04-19 10:00:00+00:00', '2023-04-19 11:00:00+00:00', '2023-04-19 12:00:00+00:00', '2023-04-19 13:00:00+00:00', '2023-04-19 14:00:00+00:00', '2023-04-19 15:00:00+00:00', '2023-04-19 16:00:00+00:00', '2023-04-19 17:00:00+00:00', '2023-04-19 18:00:00+00:00', '2023-04-19 19:00:00+00:00', '2023-04-19 20:00:00+00:00', '2023-04-19 21:00:00+00:00', '2023-04-19 22:00:00+00:00', '2023-04-19 23:00:00+00:00']",22,4.831,178.651,178.545
2023-04-19,H1.Z29,I3,"['2023-04-19 02:00:00+00:00', '2023-04-19 04:00:00+00:00', '2023-04-19 05:00:00+00:00', '2023-04-19 06:00:00+00:00', '2023-04-19 07:00:00+00:00', '2023-04-19 16:00:00+00:00', '2023-04-19 17:00:00+00:00', '2023-04-19 19:00:00+00:00', '2023-04-19 20:00:00+00:00', '2023-04-19 22:00:00+00:00', '2023-04-19 23:00:00+00:00']",11,4.831,181.083,70.143
2023-04-19,H2.Z70,WQ,"['2023-04-19 00:00:00+00:00', '2023-04-19 01:00:00+00:00', '2023-04-19 02:00:00+00:00', '2023-04-19 03:00:00+00:00', '2023-04-19 04:00:00+00:00', '2023-04-19 05:00:00+00:00', '2023-04-19 06:00:00+00:00', '2023-04-19 07:00:00+00:00', '2023-04-19 08:00:00+00:00', '2023-04-19 09:00:00+00:00', '2023-04-19 10:00:00+00:00', '2023-04-19 11:00:00+00:00', '2023-04-19 12:00:00+00:00', '2023-04-19 13:00:00+00:00', '2023-04-19 14:00:00+00:00', '2023-04-19 15:00:00+00:00', '2023-04-19 16:00:00+00:00', '2023-04-19 17:00:00+00:00', '2023-04-19 18:00:00+00:00', '2023-04-19 19:00:00+00:00', '2023-04-19 20:00:00+00:00', '2023-04-19 21:00:00+00:00', '2023-04-19 22:00:00+00:00', '2023-04-19 23:00:00+00:00']",24,4.792,192492.374,192220.864
2023-04-19,H2.Z70,WQ_in,"['2023-04-19 00:00:00+00:00', '2023-04-19 01:00:00+00:00', '2023-04-19 02:00:00+00:00', '2023-04-19 03:00:00+00:00', '2023-04-19 04:00:00+00:00', '2023-04-19 05:00:00+00:00', '2023-04-19 06:00:00+00:00', '2023-04-19 07:00:00+00:00', '2023-04-19 08:00:00+00:00', '2023-04-19 09:00:00+00:00', '2023-04-19 10:00:00+00:00', '2023-04-19 11:00:00+00:00', '2023-04-19 12:00:00+00:00', '2023-04-19 13:00:00+00:00', '2023-04-19 14:00:00+00:00', '2023-04-19 15:00:00+00:00', '2023-04-19 16:00:00+00:00', '2023-04-19 17:00:00+00:00', '2023-04-19 18:00:00+00:00', '2023-04-19 19:00:00+00:00', '2023-04-19 20:00:00+00:00', '2023-04-19 21:00:00+00:00', '2023-04-19 22:00:00+00:00', '2023-04-19 23:00:00+00:00']",24,4.791,192502.278,192230.766
2023-04-19,H2.Z351,PF3,"['2023-04-19 09:00:00+00:00', '2023-04-19 10:00:00+00:00', '2023-04-19 11:00:00+00:00', '2023-04-19 12:00:00+00:00', '2023-04-19 13:00:00+00:00', '2023-04-19 14:00:00+00:00']",6,4.785,0.497,0.849
2023-04-19,H3.Z47,I2,"['2023-04-19 09:00:00+00:00', '2023-04-19 11:00:00+00:00', '2023-04-19 12:00:00+00:00', '2023-04-19 13:00:00+00:00', '2023-04-19 14:00:00+00:00']",5,4.785,7.864,4.922
2023-04-19,H2.Z361,PF3,"['2023-04-19 09:00:00+00:00', '2023-04-19 10:00:00+00:00', '2023-04-19 11:00:00+00:00', '2023-04-19 12:00:00+00:00', '2023-04-19 13:00:00+00:00', '2023-04-19 14:00:00+00:00']",6,4.784,0.497,0.849
2023-04-19,H1.Z29,I2,"['2023-04-19 02:00:00+00:00', '2023-04-19 04:00:00+00:00', '2023-04-19 05:00:00+00:00', '2023-04-19 06:00:00+00:00', '2023-04-19 07:00:00+00:00', '2023-04-19 16:00:00+00:00', '2023-04-19 17:00:00+00:00', '2023-04-19 19:00:00+00:00', '2023-04-19 20:00:00+00:00', '2023-04-19 22:00:00+00:00', '2023-04-19 23:00:00+00:00']",11,4.783,187.361,73.689
2023-04-19,H1.Z29,I1,"['2023-04-19 02:00:00+00:00', '2023-04-19 04:00:00+00:00', '2023-04-19 05:00:00+00:00', '2023-04-19 06:00:00+00:00', '2023-04-19 07:00:00+00:00', '2023-04-19 16:00:00+00:00', '2023-04-19 17:00:00+00:00', '2023-04-19 19:00:00+00:00', '2023-04-19 20:00:00+00:00', '2023-04-19 22:00:00+00:00', '2023-04-19 23:00:00+00:00']",11,4.764,201.015,78.642
2023-04-19,H2.T.Z34,PF,"['2023-04-19 08:00:00+00:00', '2023-04-19 10:00:00+00:00', '2023-04-19 11:00:00+00:00', '2023-04-19 12:00:00+00:00', '2023-04-19 13:00:00+00:00']",5,4.762,0.988,0.99
2023-04-19,H1.Z20,W,"['2023-04-19 06:00:00+00:00', '2023-04-19 07:00:00+00:00', '2023-04-19 08:00:00+00:00', '2023-04-19 09:00:00+00:00', '2023-04-19 10:00:00+00:00', '2023-04-19 11:00:00+00:00', '2023-04-19 12:00:00+00:00', '2023-04-19 13:00:00+00:00', '2023-04-19 14:00:00+00:00', '2023-04-19 15:00:00+00:00', '2023-04-19 16:00:00+00:00', '2023-04-19 17:00:00+00:00', '2023-04-19 18:00:00+00:00', '2023-04-19 19:00:00+00:00', '2023-04-19 20:00:00+00:00', '2023-04-19 21:00:00+00:00', '2023-04-19 22:00:00+00:00', '2023-04-19 23:00:00+00:00']",18,4.761,-3156398.67,-3151775.977
2023-04-19,H1.W11,Tvl,"['2023-04-19 01:00:00+00:00', '2023-04-19 03:00:00+00:00', '2023-04-19 04:00:00+00:00', '2023-04-19 05:00:00+00:00', '2023-04-19 06:00:00+00:00', '2023-04-19 07:00:00+00:00', '2023-04-19 10:00:00+00:00']",7,4.758,67.541,71.754
2023-04-19,H1.ZE20,W,"['2023-04-19 06:00:00+00:00', '2023-04-19 07:00:00+00:00', '2023-04-19 08:00:00+00:00', '2023-04-19 09:00:00+00:00', '2023-04-19 10:00:00+00:00', '2023-04-19 11:00:00+00:00', '2023-04-19 12:00:00+00:00', '2023-04-19 13:00:00+00:00', '2023-04-19 14:00:00+00:00', '2023-04-19 15:00:00+00:00', '2023-04-19 16:00:00+00:00', '2023-04-19 17:00:00+00:00', '2023-04-19 18:00:00+00:00', '2023-04-19 19:00:00+00:00', '2023-04-19 20:00:00+00:00', '2023-04-19 21:00:00+00:00', '2023-04-19 22:00:00+00:00', '2023-04-19 23:00:00+00:00']",18,4.758,-533840.919,-529212.957
2023-04-19,H1.ZE20,W2,"['2023-04-19 06:00:00+00:00', '2023-04-19 07:00:00+00:00', '2023-04-19 08:00:00+00:00', '2023-04-19 09:00:00+00:00', '2023-04-19 10:00:00+00:00', '2023-04-19 11:00:00+00:00', '2023-04-19 12:00:00+00:00', '2023-04-19 13:00:00+00:00', '2023-04-19 14:00:00+00:00', '2023-04-19 15:00:00+00:00', '2023-04-19 16:00:00+00:00', '2023-04-19 17:00:00+00:00', '2023-04-19 18:00:00+00:00', '2023-04-19 19:00:00+00:00', '2023-04-19 20:00:00+00:00', '2023-04-19 21:00:00+00:00', '2023-04-19 22:00:00+00:00', '2023-04-19 23:00:00+00:00']",18,4.745,-175753.146,-174221.31
2023-04-19,H3.Z45,Q,"['2023-04-19 10:00:00+00:00', '2023-04-19 11:00:00+00:00', '2023-04-19 12:00:00+00:00', '2023-04-19 13:00:00+00:00', '2023-04-19 14:00:00+00:00', '2023-04-19 15:00:00+00:00', '2023-04-19 16:00:00+00:00', '2023-04-19 17:00:00+00:00', '2023-04-19 18:00:00+00:00', '2023-04-19 19:00:00+00:00', '2023-04-19 20:00:00+00:00', '2023-04-19 21:00:00+00:00', '2023-04-19 22:00:00+00:00', '2023-04-19 23:00:00+00:00']",14,4.691,-910.933,-832.747
2023-04-19,H1.Z25,PF1,['2023-04-19 11:00:00+00:00'],1,4.679,0.835,0.809
2023-04-19,H1.ZE20,W3,"['2023-04-19 06:00:00+00:00', '2023-04-19 07:00:00+00:00', '2023-04-19 08:00:00+00:00', '2023-04-19 09:00:00+00:00', '2023-04-19 10:00:00+00:00', '2023-04-19 11:00:00+00:00', '2023-04-19 12:00:00+00:00', '2023-04-19 13:00:00+00:00', '2023-04-19 14:00:00+00:00', '2023-04-19 15:00:00+00:00', '2023-04-19 16:00:00+00:00', '2023-04-19 17:00:00+00:00', '2023-04-19 18:00:00+00:00', '2023-04-19 19:00:00+00:00', '2023-04-19 20:00:00+00:00', '2023-04-19 21:00:00+00:00', '2023-04-19 22:00:00+00:00', '2023-04-19 23:00:00+00:00']",18,4.67,-169087.393,-167593.106
2023-04-19,H1.Z29,P2,"['2023-04-19 02:00:00+00:00', '2023-04-19 04:00:00+00:00', '2023-04-19 05:00:00+00:00', '2023-04-19 06:00:00+00:00', '2023-04-19 07:00:00+00:00', '2023-04-19 13:00:00+00:00', '2023-04-19 16:00:00+00:00', '2023-04-19 17:00:00+00:00', '2023-04-19 19:00:00+00:00', '2023-04-19 20:00:00+00:00', '2023-04-19 22:00:00+00:00', '2023-04-19 23:00:00+00:00']",12,4.659,-39826.447,-5113.626
2023-04-19,H2.Z351,PF,"['2023-04-19 09:00:00+00:00', '2023-04-19 10:00:00+00:00', '2023-04-19 11:00:00+00:00', '2023-04-19 12:00:00+00:00', '2023-04-19 13:00:00+00:00', '2023-04-19 14:00:00+00:00']",6,4.653,0.509,0.838
2023-04-19,H2.Z361,PF,"['2023-04-19 09:00:00+00:00', '2023-04-19 10:00:00+00:00', '2023-04-19 11:00:00+00:00', '2023-04-19 12:00:00+00:00', '2023-04-19 13:00:00+00:00', '2023-04-19 14:00:00+00:00']",6,4.653,0.512,0.841
2023-04-19,H3.Z45,P1,"['2023-04-19 10:00:00+00:00', '2023-04-19 11:00:00+00:00', '2023-04-19 12:00:00+00:00', '2023-04-19 13:00:00+00:00', '2023-04-19 14:00:00+00:00', '2023-04-19 15:00:00+00:00', '2023-04-19 16:00:00+00:00', '2023-04-19 17:00:00+00:00', '2023-04-19 18:00:00+00:00', '2023-04-19 19:00:00+00:00', '2023-04-19 20:00:00+00:00', '2023-04-19 21:00:00+00:00', '2023-04-19 22:00:00+00:00', '2023-04-19 23:00:00+00:00']",14,4.653,646.333,342.249
2023-04-19,H3.Z47,P2,"['2023-04-19 09:00:00+00:00', '2023-04-19 11:00:00+00:00', '2023-04-19 12:00:00+00:00', '2023-04-19 13:00:00+00:00', '2023-04-19 14:00:00+00:00']",5,4.652,1645.259,865.06
2023-04-19,H2.Z351,PF1,"['2023-04-19 09:00:00+00:00', '2023-04-19 10:00:00+00:00', '2023-04-19 11:00:00+00:00', '2023-04-19 12:00:00+00:00', '2023-04-19 13:00:00+00:00', '2023-04-19 14:00:00+00:00']",6,4.64,0.516,0.848
2023-04-19,H1.Z29,P3,"['2023-04-19 02:00:00+00:00', '2023-04-19 04:00:00+00:00', '2023-04-19 05:00:00+00:00', '2023-04-19 06:00:00+00:00', '2023-04-19 07:00:00+00:00', '2023-04-19 13:00:00+00:00', '2023-04-19 16:00:00+00:00', '2023-04-19 17:00:00+00:00', '2023-04-19 19:00:00+00:00', '2023-04-19 20:00:00+00:00', '2023-04-19 22:00:00+00:00', '2023-04-19 23:00:00+00:00']",12,4.637,-38690.3,-5269.198
2023-04-19,V.Z81,I1,"['2023-04-19 12:00:00+00:00', '2023-04-19 13:00:00+00:00']",2,4.633,150.103,121.188
2023-04-19,H1.Z29,P,"['2023-04-19 02:00:00+00:00', '2023-04-19 04:00:00+00:00', '2023-04-19 05:00:00+00:00', '2023-04-19 06:00:00+00:00', '2023-04-19 07:00:00+00:00', '2023-04-19 13:00:00+00:00', '2023-04-19 16:00:00+00:00', '2023-04-19 17:00:00+00:00', '2023-04-19 19:00:00+00:00', '2023-04-19 20:00:00+00:00', '2023-04-19 22:00:00+00:00', '2023-04-19 23:00:00+00:00']",12,4.632,-121328.404,-16173.775
2023-04-19,H2.Z361,PF1,"['2023-04-19 09:00:00+00:00', '2023-04-19 10:00:00+00:00', '2023-04-19 11:00:00+00:00', '2023-04-19 12:00:00+00:00', '2023-04-19 13:00:00+00:00', '2023-04-19 14:00:00+00:00']",6,4.631,0.517,0.85
2023-04-19,H1.Z12,f,"['2023-04-19 07:00:00+00:00', '2023-04-19 11:00:00+00:00', '2023-04-19 19:00:00+00:00', '2023-04-19 22:00:00+00:00']",4,4.606,50.058,50.045
2023-04-19,H1.Z29,P1,"['2023-04-19 02:00:00+00:00', '2023-04-19 04:00:00+00:00', '2023-04-19 05:00:00+00:00', '2023-04-19 06:00:00+00:00', '2023-04-19 07:00:00+00:00', '2023-04-19 13:00:00+00:00', '2023-04-19 16:00:00+00:00', '2023-04-19 17:00:00+00:00', '2023-04-19 19:00:00+00:00', '2023-04-19 20:00:00+00:00', '2023-04-19 22:00:00+00:00', '2023-04-19 23:00:00+00:00']",12,4.604,-42813.3,-5789.633
2023-04-19,H2.Z361,PF2,"['2023-04-19 09:00:00+00:00', '2023-04-19 10:00:00+00:00', '2023-04-19 11:00:00+00:00', '2023-04-19 12:00:00+00:00', '2023-04-19 13:00:00+00:00', '2023-04-19 14:00:00+00:00']",6,4.6,0.524,0.848
2023-04-19,H2.Z351,PF2,"['2023-04-19 09:00:00+00:00', '2023-04-19 10:00:00+00:00', '2023-04-19 11:00:00+00:00', '2023-04-19 12:00:00+00:00', '2023-04-19 13:00:00+00:00', '2023-04-19 14:00:00+00:00']",6,4.593,0.517,0.842
2023-04-19,H1.Z20,W_out,"['2023-04-19 06:00:00+00:00', '2023-04-19 07:00:00+00:00', '2023-04-19 08:00:00+00:00', '2023-04-19 09:00:00+00:00', '2023-04-19 10:00:00+00:00', '2023-04-19 11:00:00+00:00', '2023-04-19 12:00:00+00:00', '2023-04-19 13:00:00+00:00', '2023-04-19 14:00:00+00:00', '2023-04-19 15:00:00+00:00', '2023-04-19 16:00:00+00:00', '2023-04-19 17:00:00+00:00', '2023-04-19 18:00:00+00:00', '2023-04-19 19:00:00+00:00', '2023-04-19 20:00:00+00:00', '2023-04-19 21:00:00+00:00', '2023-04-19 22:00:00+00:00', '2023-04-19 23:00:00+00:00']",18,4.564,3170315.897,3165537.814
2023-04-19,H1.ZE20,W_out,"['2023-04-19 06:00:00+00:00', '2023-04-19 07:00:00+00:00', '2023-04-19 08:00:00+00:00', '2023-04-19 09:00:00+00:00', '2023-04-19 10:00:00+00:00', '2023-04-19 11:00:00+00:00', '2023-04-19 12:00:00+00:00', '2023-04-19 13:00:00+00:00', '2023-04-19 14:00:00+00:00', '2023-04-19 15:00:00+00:00', '2023-04-19 16:00:00+00:00', '2023-04-19 17:00:00+00:00', '2023-04-19 18:00:00+00:00', '2023-04-19 19:00:00+00:00', '2023-04-19 20:00:00+00:00', '2023-04-19 21:00:00+00:00', '2023-04-19 22:00:00+00:00', '2023-04-19 23:00:00+00:00']",18,4.562,535748.732,530964.936
2023-04-19,H2.T.Z30,f,"['2023-04-19 07:00:00+00:00', '2023-04-19 11:00:00+00:00', '2023-04-19 19:00:00+00:00', '2023-04-19 22:00:00+00:00']",4,4.554,50.112,50.103
2023-04-19,H1.Z22,I2,"['2023-04-19 10:00:00+00:00', '2023-04-19 11:00:00+00:00', '2023-04-19 12:00:00+00:00']",3,4.538,0.128,0.05
2023-04-19,H1.K15,Trl,"['2023-04-19 01:00:00+00:00', '2023-04-19 12:00:00+00:00']",2,4.488,19.861,20.075
2023-04-19,H1.Z19,P1,"['2023-04-19 02:00:00+00:00', '2023-04-19 04:00:00+00:00', '2023-04-19 05:00:00+00:00', '2023-04-19 06:00:00+00:00', '2023-04-19 07:00:00+00:00', '2023-04-19 16:00:00+00:00', '2023-04-19 17:00:00+00:00', '2023-04-19 19:00:00+00:00', '2023-04-19 20:00:00+00:00', '2023-04-19 22:00:00+00:00', '2023-04-19 23:00:00+00:00']",11,4.477,22.772,5.612
2023-04-19,H1.Z18,P3,"['2023-04-19 02:00:00+00:00', '2023-04-19 04:00:00+00:00', '2023-04-19 05:00:00+00:00', '2023-04-19 06:00:00+00:00', '2023-04-19 07:00:00+00:00', '2023-04-19 13:00:00+00:00', '2023-04-19 16:00:00+00:00', '2023-04-19 17:00:00+00:00', '2023-04-19 19:00:00+00:00', '2023-04-19 20:00:00+00:00', '2023-04-19 22:00:00+00:00', '2023-04-19 23:00:00+00:00']",12,4.449,2.022,7.116
2023-04-19,H1.Z18,f,"['2023-04-19 07:00:00+00:00', '2023-04-19 11:00:00+00:00', '2023-04-19 19:00:00+00:00', '2023-04-19 22:00:00+00:00']",4,4.447,50.094,50.08
2023-04-19,H2.Z361,P3,"['2023-04-19 10:00:00+00:00', '2023-04-19 11:00:00+00:00', '2023-04-19 12:00:00+00:00', '2023-04-19 13:00:00+00:00']",4,4.447,13159.686,18654.983
2023-04-19,H2.T.Z33,PF1,"['2023-04-19 10:00:00+00:00', '2023-04-19 11:00:00+00:00', '2023-04-19 12:00:00+00:00']",3,4.429,0.535,0.802
2023-04-19,H2.Z351,P3,"['2023-04-19 10:00:00+00:00', '2023-04-19 11:00:00+00:00', '2023-04-19 12:00:00+00:00', '2023-04-19 13:00:00+00:00']",4,4.416,13379.04,18920.848
2023-04-19,H2.Z70,W,"['2023-04-19 07:00:00+00:00', '2023-04-19 08:00:00+00:00', '2023-04-19 09:00:00+00:00', '2023-04-19 10:00:00+00:00', '2023-04-19 11:00:00+00:00', '2023-04-19 12:00:00+00:00', '2023-04-19 13:00:00+00:00', '2023-04-19 14:00:00+00:00', '2023-04-19 15:00:00+00:00', '2023-04-19 16:00:00+00:00', '2023-04-19 17:00:00+00:00', '2023-04-19 18:00:00+00:00', '2023-04-19 19:00:00+00:00', '2023-04-19 20:00:00+00:00', '2023-04-19 21:00:00+00:00', '2023-04-19 22:00:00+00:00', '2023-04-19 23:00:00+00:00']",17,4.413,92127.96,91998.961
2023-04-19,H2.Z70,W_in,"['2023-04-19 07:00:00+00:00', '2023-04-19 08:00:00+00:00', '2023-04-19 09:00:00+00:00', '2023-04-19 10:00:00+00:00', '2023-04-19 11:00:00+00:00', '2023-04-19 12:00:00+00:00', '2023-04-19 13:00:00+00:00', '2023-04-19 14:00:00+00:00', '2023-04-19 15:00:00+00:00', '2023-04-19 16:00:00+00:00', '2023-04-19 17:00:00+00:00', '2023-04-19 18:00:00+00:00', '2023-04-19 19:00:00+00:00', '2023-04-19 20:00:00+00:00', '2023-04-19 21:00:00+00:00', '2023-04-19 22:00:00+00:00', '2023-04-19 23:00:00+00:00']",17,4.413,92127.96,91998.961
2023-04-19,H1.Z21,PF2,"['2023-04-19 02:00:00+00:00', '2023-04-19 04:00:00+00:00', '2023-04-19 05:00:00+00:00', '2023-04-19 06:00:00+00:00', '2023-04-19 07:00:00+00:00', '2023-04-19 16:00:00+00:00', '2023-04-19 17:00:00+00:00', '2023-04-19 19:00:00+00:00', '2023-04-19 20:00:00+00:00', '2023-04-19 22:00:00+00:00', '2023-04-19 23:00:00+00:00']",11,4.399,-0.456,0.103
2023-04-19,H4.ZE50,PF2,['2023-04-19 04:00:00+00:00'],1,4.388,0.871,0.863
2023-04-19,H1.Z19,I1,"['2023-04-19 02:00:00+00:00', '2023-04-19 04:00:00+00:00', '2023-04-19 05:00:00+00:00', '2023-04-19 06:00:00+00:00', '2023-04-19 07:00:00+00:00', '2023-04-19 16:00:00+00:00', '2023-04-19 17:00:00+00:00', '2023-04-19 19:00:00+00:00', '2023-04-19 20:00:00+00:00', '2023-04-19 22:00:00+00:00', '2023-04-19 23:00:00+00:00']",11,4.37,0.106,0.027
2023-04-19,V.Z81,I3,"['2023-04-19 12:00:00+00:00', '2023-04-19 13:00:00+00:00']",2,4.364,152.85,123.433
2023-04-19,H1.Z21,I2,"['2023-04-19 09:00:00+00:00', '2023-04-19 10:00:00+00:00', '2023-04-19 11:00:00+00:00', '2023-04-19 12:00:00+00:00', '2023-04-19 13:00:00+00:00']",5,4.361,0.13,0.068
2023-04-19,H1.ZE20,I3,"['2023-04-19 02:00:00+00:00', '2023-04-19 04:00:00+00:00', '2023-04-19 05:00:00+00:00', '2023-04-19 06:00:00+00:00', '2023-04-19 07:00:00+00:00', '2023-04-19 16:00:00+00:00', '2023-04-19 17:00:00+00:00', '2023-04-19 19:00:00+00:00', '2023-04-19 20:00:00+00:00', '2023-04-19 22:00:00+00:00', '2023-04-19 23:00:00+00:00']",11,4.354,-184.255,-51.658
2023-04-19,H1.Z20,P3,"['2023-04-19 02:00:00+00:00', '2023-04-19 04:00:00+00:00', '2023-04-19 05:00:00+00:00', '2023-04-19 06:00:00+00:00', '2023-04-19 07:00:00+00:00', '2023-04-19 16:00:00+00:00', '2023-04-19 17:00:00+00:00', '2023-04-19 19:00:00+00:00', '2023-04-19 20:00:00+00:00', '2023-04-19 22:00:00+00:00', '2023-04-19 23:00:00+00:00']",11,4.353,-41604.979,-10908.153
2023-04-19,H1.Z22,PF2,"['2023-04-19 08:00:00+00:00', '2023-04-19 09:00:00+00:00', '2023-04-19 10:00:00+00:00', '2023-04-19 11:00:00+00:00', '2023-04-19 12:00:00+00:00', '2023-04-19 13:00:00+00:00', '2023-04-19 14:00:00+00:00']",7,4.348,0.059,-0.111
2023-04-19,H1.Z20,I3,"['2023-04-19 02:00:00+00:00', '2023-04-19 04:00:00+00:00', '2023-04-19 05:00:00+00:00', '2023-04-19 06:00:00+00:00', '2023-04-19 07:00:00+00:00', '2023-04-19 16:00:00+00:00', '2023-04-19 17:00:00+00:00', '2023-04-19 19:00:00+00:00', '2023-04-19 20:00:00+00:00', '2023-04-19 22:00:00+00:00', '2023-04-19 23:00:00+00:00']",11,4.342,-184.274,-51.987
2023-04-19,H1.ZE20,P3,"['2023-04-19 02:00:00+00:00', '2023-04-19 04:00:00+00:00', '2023-04-19 05:00:00+00:00', '2023-04-19 06:00:00+00:00', '2023-04-19 07:00:00+00:00', '2023-04-19 16:00:00+00:00', '2023-04-19 17:00:00+00:00', '2023-04-19 19:00:00+00:00', '2023-04-19 20:00:00+00:00', '2023-04-19 22:00:00+00:00', '2023-04-19 23:00:00+00:00']",11,4.342,-41641.913,-10936.864
2023-04-19,H1.ZE20,I2,"['2023-04-19 02:00:00+00:00', '2023-04-19 04:00:00+00:00', '2023-04-19 05:00:00+00:00', '2023-04-19 06:00:00+00:00', '2023-04-19 07:00:00+00:00', '2023-04-19 16:00:00+00:00', '2023-04-19 17:00:00+00:00', '2023-04-19 19:00:00+00:00', '2023-04-19 20:00:00+00:00', '2023-04-19 22:00:00+00:00', '2023-04-19 23:00:00+00:00']",11,4.341,-190.108,-54.617
2023-04-19,H1.W12,Tvl,"['2023-04-19 10:00:00+00:00', '2023-04-19 11:00:00+00:00', '2023-04-19 14:00:00+00:00']",3,4.338,73.379,77.702
2023-04-19,H1.Z20,f,"['2023-04-19 07:00:00+00:00', '2023-04-19 11:00:00+00:00', '2023-04-19 22:00:00+00:00']",3,4.329,50.06,50.055
2023-04-19,H1.ZE20,I1,"['2023-04-19 02:00:00+00:00', '2023-04-19 04:00:00+00:00', '2023-04-19 05:00:00+00:00', '2023-04-19 06:00:00+00:00', '2023-04-19 07:00:00+00:00', '2023-04-19 16:00:00+00:00', '2023-04-19 17:00:00+00:00', '2023-04-19 19:00:00+00:00', '2023-04-19 20:00:00+00:00', '2023-04-19 22:00:00+00:00', '2023-04-19 23:00:00+00:00']",11,4.327,-204.05,-60.742
2023-04-19,H1.Z20,I2,"['2023-04-19 02:00:00+00:00', '2023-04-19 04:00:00+00:00', '2023-04-19 05:00:00+00:00', '2023-04-19 06:00:00+00:00', '2023-04-19 07:00:00+00:00', '2023-04-19 16:00:00+00:00', '2023-04-19 17:00:00+00:00', '2023-04-19 19:00:00+00:00', '2023-04-19 20:00:00+00:00', '2023-04-19 22:00:00+00:00', '2023-04-19 23:00:00+00:00']",11,4.326,-190.214,-54.921
2023-04-19,H1.Z20,P2,"['2023-04-19 02:00:00+00:00', '2023-04-19 04:00:00+00:00', '2023-04-19 05:00:00+00:00', '2023-04-19 06:00:00+00:00', '2023-04-19 07:00:00+00:00', '2023-04-19 16:00:00+00:00', '2023-04-19 17:00:00+00:00', '2023-04-19 19:00:00+00:00', '2023-04-19 20:00:00+00:00', '2023-04-19 22:00:00+00:00', '2023-04-19 23:00:00+00:00']",11,4.326,-43171.693,-11115.137
2023-04-19,H1.Z20,I1,"['2023-04-19 02:00:00+00:00', '2023-04-19 04:00:00+00:00', '2023-04-19 05:00:00+00:00', '2023-04-19 06:00:00+00:00', '2023-04-19 07:00:00+00:00', '2023-04-19 16:00:00+00:00', '2023-04-19 17:00:00+00:00', '2023-04-19 19:00:00+00:00', '2023-04-19 20:00:00+00:00', '2023-04-19 22:00:00+00:00', '2023-04-19 23:00:00+00:00']",11,4.32,-204.331,-61.128
2023-04-19,H1.Z20,P1,"['2023-04-19 02:00:00+00:00', '2023-04-19 04:00:00+00:00', '2023-04-19 05:00:00+00:00', '2023-04-19 06:00:00+00:00', '2023-04-19 07:00:00+00:00', '2023-04-19 16:00:00+00:00', '2023-04-19 17:00:00+00:00', '2023-04-19 19:00:00+00:00', '2023-04-19 20:00:00+00:00', '2023-04-19 22:00:00+00:00', '2023-04-19 23:00:00+00:00']",11,4.319,-46016.792,-11523.919
2023-04-19,H1.ZE20,P2,"['2023-04-19 02:00:00+00:00', '2023-04-19 04:00:00+00:00', '2023-04-19 05:00:00+00:00', '2023-04-19 06:00:00+00:00', '2023-04-19 07:00:00+00:00', '2023-04-19 16:00:00+00:00', '2023-04-19 17:00:00+00:00', '2023-04-19 19:00:00+00:00', '2023-04-19 20:00:00+00:00', '2023-04-19 22:00:00+00:00', '2023-04-19 23:00:00+00:00']",11,4.318,-43177.885,-11134.538
2023-04-19,H1.Z20,P,"['2023-04-19 02:00:00+00:00', '2023-04-19 04:00:00+00:00', '2023-04-19 05:00:00+00:00', '2023-04-19 06:00:00+00:00', '2023-04-19 07:00:00+00:00', '2023-04-19 16:00:00+00:00', '2023-04-19 17:00:00+00:00', '2023-04-19 19:00:00+00:00', '2023-04-19 20:00:00+00:00', '2023-04-19 22:00:00+00:00', '2023-04-19 23:00:00+00:00']",11,4.314,-130794.576,-33549.936
2023-04-19,H1.ZE20,P1,"['2023-04-19 02:00:00+00:00', '2023-04-19 04:00:00+00:00', '2023-04-19 05:00:00+00:00', '2023-04-19 06:00:00+00:00', '2023-04-19 07:00:00+00:00', '2023-04-19 16:00:00+00:00', '2023-04-19 17:00:00+00:00', '2023-04-19 19:00:00+00:00', '2023-04-19 20:00:00+00:00', '2023-04-19 22:00:00+00:00', '2023-04-19 23:00:00+00:00']",11,4.313,-46000.356,-11531.625
2023-04-19,H1.ZE20,P,"['2023-04-19 02:00:00+00:00', '2023-04-19 04:00:00+00:00', '2023-04-19 05:00:00+00:00', '2023-04-19 06:00:00+00:00', '2023-04-19 07:00:00+00:00', '2023-04-19 16:00:00+00:00', '2023-04-19 17:00:00+00:00', '2023-04-19 19:00:00+00:00', '2023-04-19 20:00:00+00:00', '2023-04-19 22:00:00+00:00', '2023-04-19 23:00:00+00:00']",11,4.305,-130820.154,-33603.028
2023-04-19,H1.Z18,I3,"['2023-04-19 02:00:00+00:00', '2023-04-19 04:00:00+00:00', '2023-04-19 05:00:00+00:00', '2023-04-19 06:00:00+00:00', '2023-04-19 07:00:00+00:00', '2023-04-19 16:00:00+00:00', '2023-04-19 17:00:00+00:00', '2023-04-19 19:00:00+00:00', '2023-04-19 20:00:00+00:00', '2023-04-19 22:00:00+00:00', '2023-04-19 23:00:00+00:00']",11,4.302,0.319,0.275
2023-04-19,H4.ZE50,P3,"['2023-04-19 08:00:00+00:00', '2023-04-19 10:00:00+00:00']",2,4.294,1160.607,875.448
2023-04-19,WeatherStation.Weather,Igm,"['2023-04-19 09:00:00+00:00', '2023-04-19 10:00:00+00:00', '2023-04-19 11:00:00+00:00', '2023-04-19 12:00:00+00:00', '2023-04-19 13:00:00+00:00']",5,4.294,234.879,104.651
2023-04-19,H1.Z19,I3,"['2023-04-19 02:00:00+00:00', '2023-04-19 04:00:00+00:00', '2023-04-19 05:00:00+00:00', '2023-04-19 06:00:00+00:00', '2023-04-19 07:00:00+00:00', '2023-04-19 16:00:00+00:00', '2023-04-19 17:00:00+00:00', '2023-04-19 19:00:00+00:00', '2023-04-19 20:00:00+00:00', '2023-04-19 22:00:00+00:00', '2023-04-19 23:00:00+00:00']",11,4.287,7.322,2.192
2023-04-19,H3.Z45,I1,"['2023-04-19 10:00:00+00:00', '2023-04-19 11:00:00+00:00', '2023-04-19 12:00:00+00:00', '2023-04-19 13:00:00+00:00', '2023-04-19 14:00:00+00:00', '2023-04-19 15:00:00+00:00', '2023-04-19 16:00:00+00:00', '2023-04-19 17:00:00+00:00', '2023-04-19 18:00:00+00:00', '2023-04-19 19:00:00+00:00', '2023-04-19 20:00:00+00:00', '2023-04-19 21:00:00+00:00', '2023-04-19 22:00:00+00:00', '2023-04-19 23:00:00+00:00']",14,4.286,3.204,2.005
2023-04-19,H4.Z50,PF2,['2023-04-19 04:00:00+00:00'],1,4.286,0.859,0.85
2023-04-19,WeatherStation.Weather,Igc,"['2023-04-19 09:00:00+00:00', '2023-04-19 10:00:00+00:00', '2023-04-19 11:00:00+00:00', '2023-04-19 12:00:00+00:00', '2023-04-19 13:00:00+00:00']",5,4.283,234.279,104.667
2023-04-19,H2.Z361,P,"['2023-04-19 10:00:00+00:00', '2023-04-19 11:00:00+00:00', '2023-04-19 12:00:00+00:00', '2023-04-19 13:00:00+00:00']",4,4.278,40557.933,55892.597
2023-04-19,H2.T.Z33,PF,"['2023-04-19 10:00:00+00:00', '2023-04-19 11:00:00+00:00', '2023-04-19 12:00:00+00:00']",3,4.277,0.545,0.791
2023-04-19,H2.Z351,P,"['2023-04-19 10:00:00+00:00', '2023-04-19 11:00:00+00:00', '2023-04-19 12:00:00+00:00', '2023-04-19 13:00:00+00:00']",4,4.275,41244.877,56604.373
2023-04-19,H4.Z50,P3,"['2023-04-19 08:00:00+00:00', '2023-04-19 10:00:00+00:00']",2,4.274,1528.661,1173.395
2023-04-19,H2.Z311,P2,"['2023-04-19 09:00:00+00:00', '2023-04-19 10:00:00+00:00', '2023-04-19 11:00:00+00:00', '2023-04-19 12:00:00+00:00', '2023-04-19 13:00:00+00:00']",5,4.269,-20383.401,-9412.13
2023-04-19,H1.Z19,PF1,"['2023-04-19 02:00:00+00:00', '2023-04-19 04:00:00+00:00', '2023-04-19 05:00:00+00:00', '2023-04-19 06:00:00+00:00', '2023-04-19 07:00:00+00:00', '2023-04-19 16:00:00+00:00', '2023-04-19 17:00:00+00:00', '2023-04-19 19:00:00+00:00', '2023-04-19 20:00:00+00:00', '2023-04-19 22:00:00+00:00', '2023-04-19 23:00:00+00:00']",11,4.268,0.665,0.199
2023-04-19,H2.Z311,P3,"['2023-04-19 09:00:00+00:00', '2023-04-19 10:00:00+00:00', '2023-04-19 11:00:00+00:00', '2023-04-19 12:00:00+00:00', '2023-04-19 13:00:00+00:00']",5,4.268,-20426.474,-9437.573
2023-04-19,H2.Z311,P,"['2023-04-19 09:00:00+00:00', '2023-04-19 10:00:00+00:00', '2023-04-19 11:00:00+00:00', '2023-04-19 12:00:00+00:00', '2023-04-19 13:00:00+00:00']",5,4.267,-61202.179,-28286.214
2023-04-19,H3.Z48,f,"['2023-04-19 07:00:00+00:00', '2023-04-19 22:00:00+00:00']",2,4.264,50.089,50.078
2023-04-19,H2.Z311,P1,"['2023-04-19 09:00:00+00:00', '2023-04-19 10:00:00+00:00', '2023-04-19 11:00:00+00:00', '2023-04-19 12:00:00+00:00', '2023-04-19 13:00:00+00:00']",5,4.263,-20391.928,-9436.875
2023-04-19,H2.Z311,I2,"['2023-04-19 09:00:00+00:00', '2023-04-19 10:00:00+00:00', '2023-04-19 11:00:00+00:00', '2023-04-19 12:00:00+00:00', '2023-04-19 13:00:00+00:00']",5,4.254,88.164,41.127
2023-04-19,H2.Z311,I3,"['2023-04-19 09:00:00+00:00', '2023-04-19 10:00:00+00:00', '2023-04-19 11:00:00+00:00', '2023-04-19 12:00:00+00:00', '2023-04-19 13:00:00+00:00']",5,4.253,88.195,41.153
2023-04-19,H3.Z71,f,"['2023-04-19 07:00:00+00:00', '2023-04-19 11:00:00+00:00', '2023-04-19 22:00:00+00:00']",3,4.253,50.098,50.088
2023-04-19,H3.ZE41,P3,"['2023-04-19 12:00:00+00:00', '2023-04-19 13:00:00+00:00', '2023-04-19 14:00:00+00:00']",3,4.252,1353.556,913.057
2023-04-19,H2.Z311,I1,"['2023-04-19 09:00:00+00:00', '2023-04-19 10:00:00+00:00', '2023-04-19 11:00:00+00:00', '2023-04-19 12:00:00+00:00', '2023-04-19 13:00:00+00:00']",5,4.25,88.13,41.166
2023-04-19,H1.W12,W,"['2023-04-19 08:00:00+00:00', '2023-04-19 09:00:00+00:00', '2023-04-19 10:00:00+00:00', '2023-04-19 11:00:00+00:00', '2023-04-19 12:00:00+00:00', '2023-04-19 13:00:00+00:00', '2023-04-19 14:00:00+00:00', '2023-04-19 15:00:00+00:00', '2023-04-19 16:00:00+00:00', '2023-04-19 17:00:00+00:00', '2023-04-19 18:00:00+00:00', '2023-04-19 19:00:00+00:00', '2023-04-19 20:00:00+00:00', '2023-04-19 21:00:00+00:00', '2023-04-19 22:00:00+00:00', '2023-04-19 23:00:00+00:00']",16,4.248,5108710.833,5100450.06
2023-04-19,H3.Z41,P3,"['2023-04-19 12:00:00+00:00', '2023-04-19 13:00:00+00:00', '2023-04-19 14:00:00+00:00']",3,4.244,1359.762,919.855
2023-04-19,H4.Z50,I3,"['2023-04-19 08:00:00+00:00', '2023-04-19 10:00:00+00:00']",2,4.243,7.364,5.713
2023-04-19,H1.Z28,I1,"['2023-04-19 02:00:00+00:00', '2023-04-19 13:00:00+00:00', '2023-04-19 17:00:00+00:00', '2023-04-19 19:00:00+00:00', '2023-04-19 20:00:00+00:00', '2023-04-19 22:00:00+00:00', '2023-04-19 23:00:00+00:00']",7,4.234,-78.054,-61.367
2023-04-19,H1.Z22,P3,"['2023-04-19 04:00:00+00:00', '2023-04-19 11:00:00+00:00', '2023-04-19 12:00:00+00:00']",3,4.231,-11.339,-6.312
2023-04-19,H2.T.Z34,PF3,"['2023-04-19 06:00:00+00:00', '2023-04-19 10:00:00+00:00']",2,4.224,0.992,0.993
2023-04-19,H1.W11,Tdiff,"['2023-04-19 01:00:00+00:00', '2023-04-19 04:00:00+00:00', '2023-04-19 05:00:00+00:00', '2023-04-19 06:00:00+00:00', '2023-04-19 07:00:00+00:00', '2023-04-19 10:00:00+00:00']",6,4.223,18347.128,20734.291
2023-04-19,H1.Z14,f,"['2023-04-19 07:00:00+00:00', '2023-04-19 11:00:00+00:00', '2023-04-19 22:00:00+00:00']",3,4.22,50.107,50.099
2023-04-19,H2.Z351,P1,"['2023-04-19 10:00:00+00:00', '2023-04-19 11:00:00+00:00', '2023-04-19 12:00:00+00:00']",3,4.217,14268.212,19550.414
2023-04-19,H3.ZE41,I3,"['2023-04-19 12:00:00+00:00', '2023-04-19 13:00:00+00:00', '2023-04-19 14:00:00+00:00']",3,4.217,6.058,4.108
2023-04-19,H4.ZE50,I3,"['2023-04-19 08:00:00+00:00', '2023-04-19 10:00:00+00:00']",2,4.213,5.535,4.253
2023-04-19,H3.Z41,I3,"['2023-04-19 12:00:00+00:00', '2023-04-19 13:00:00+00:00', '2023-04-19 14:00:00+00:00']",3,4.207,6.11,4.167
2023-04-19,H3.Z45,PF1,"['2023-04-19 10:00:00+00:00', '2023-04-19 11:00:00+00:00', '2023-04-19 12:00:00+00:00', '2023-04-19 13:00:00+00:00', '2023-04-19 14:00:00+00:00', '2023-04-19 15:00:00+00:00', '2023-04-19 16:00:00+00:00', '2023-04-19 17:00:00+00:00', '2023-04-19 18:00:00+00:00', '2023-04-19 19:00:00+00:00', '2023-04-19 20:00:00+00:00', '2023-04-19 21:00:00+00:00', '2023-04-19 22:00:00+00:00', '2023-04-19 23:00:00+00:00']",14,4.207,0.831,0.726
2023-04-19,H2.Z361,P1,"['2023-04-19 10:00:00+00:00', '2023-04-19 11:00:00+00:00', '2023-04-19 12:00:00+00:00']",3,4.205,13847.247,19213.708
2023-04-19,H1.Z19,P3,"['2023-04-19 02:00:00+00:00', '2023-04-19 04:00:00+00:00', '2023-04-19 05:00:00+00:00', '2023-04-19 06:00:00+00:00', '2023-04-19 07:00:00+00:00', '2023-04-19 16:00:00+00:00', '2023-04-19 17:00:00+00:00', '2023-04-19 19:00:00+00:00', '2023-04-19 20:00:00+00:00', '2023-04-19 22:00:00+00:00', '2023-04-19 23:00:00+00:00']",11,4.203,904.287,259.188
2023-04-19,H3.Z312,P2,"['2023-04-19 09:00:00+00:00', '2023-04-19 10:00:00+00:00', '2023-04-19 11:00:00+00:00', '2023-04-19 12:00:00+00:00', '2023-04-19 13:00:00+00:00']",5,4.203,-12747.728,-5929.152
2023-04-19,H3.Z312,P,"['2023-04-19 09:00:00+00:00', '2023-04-19 10:00:00+00:00', '2023-04-19 11:00:00+00:00', '2023-04-19 12:00:00+00:00', '2023-04-19 13:00:00+00:00']",5,4.202,-38286.456,-17822.537
2023-04-19,H3.Z312,P1,"['2023-04-19 09:00:00+00:00', '2023-04-19 10:00:00+00:00', '2023-04-19 11:00:00+00:00', '2023-04-19 12:00:00+00:00', '2023-04-19 13:00:00+00:00']",5,4.202,-12770.129,-5950.7
2023-04-19,H3.Z312,P3,"['2023-04-19 09:00:00+00:00', '2023-04-19 10:00:00+00:00', '2023-04-19 11:00:00+00:00', '2023-04-19 12:00:00+00:00', '2023-04-19 13:00:00+00:00']",5,4.201,-12768.667,-5942.748
2023-04-19,H2.T.Z33,PF2,"['2023-04-19 10:00:00+00:00', '2023-04-19 11:00:00+00:00', '2023-04-19 12:00:00+00:00']",3,4.197,0.586,0.774
2023-04-19,H1.Z310,P2,"['2023-04-19 09:00:00+00:00', '2023-04-19 10:00:00+00:00', '2023-04-19 11:00:00+00:00', '2023-04-19 12:00:00+00:00', '2023-04-19 13:00:00+00:00']",5,4.196,-6700.878,-3097.1
2023-04-19,H4.ZE50,P2,"['2023-04-19 08:00:00+00:00', '2023-04-19 10:00:00+00:00']",2,4.193,1046.232,750.063
2023-04-19,H1.Z310,P,"['2023-04-19 09:00:00+00:00', '2023-04-19 10:00:00+00:00', '2023-04-19 11:00:00+00:00', '2023-04-19 12:00:00+00:00', '2023-04-19 13:00:00+00:00']",5,4.192,-20174.677,-9337.226
2023-04-19,H1.Z310,P3,"['2023-04-19 09:00:00+00:00', '2023-04-19 10:00:00+00:00', '2023-04-19 11:00:00+00:00', '2023-04-19 12:00:00+00:00', '2023-04-19 13:00:00+00:00']",5,4.192,-6740.82,-3119.259
2023-04-19,V.Z84,P2,"['2023-04-19 09:00:00+00:00', '2023-04-19 10:00:00+00:00', '2023-04-19 11:00:00+00:00', '2023-04-19 12:00:00+00:00', '2023-04-19 13:00:00+00:00']",5,4.192,-9668.221,-4443.768
2023-04-19,H1.Z310,P1,"['2023-04-19 09:00:00+00:00', '2023-04-19 10:00:00+00:00', '2023-04-19 11:00:00+00:00', '2023-04-19 12:00:00+00:00', '2023-04-19 13:00:00+00:00']",5,4.188,-6732.268,-3120.84
2023-04-19,H3.Z312,I2,"['2023-04-19 09:00:00+00:00', '2023-04-19 10:00:00+00:00', '2023-04-19 11:00:00+00:00', '2023-04-19 12:00:00+00:00', '2023-04-19 13:00:00+00:00']",5,4.182,55.098,25.893
2023-04-19,H3.Z312,I3,"['2023-04-19 09:00:00+00:00', '2023-04-19 10:00:00+00:00', '2023-04-19 11:00:00+00:00', '2023-04-19 12:00:00+00:00', '2023-04-19 13:00:00+00:00']",5,4.182,55.091,25.893
2023-04-19,H4.Z51,f,"['2023-04-19 07:00:00+00:00', '2023-04-19 11:00:00+00:00', '2023-04-19 19:00:00+00:00', '2023-04-19 22:00:00+00:00']",4,4.182,50.091,50.079
2023-04-19,H3.Z312,I1,"['2023-04-19 09:00:00+00:00', '2023-04-19 10:00:00+00:00', '2023-04-19 11:00:00+00:00', '2023-04-19 12:00:00+00:00', '2023-04-19 13:00:00+00:00']",5,4.181,55.124,25.942
2023-04-19,H1.W12,P,"['2023-04-19 02:00:00+00:00', '2023-04-19 04:00:00+00:00', '2023-04-19 05:00:00+00:00', '2023-04-19 06:00:00+00:00', '2023-04-19 07:00:00+00:00', '2023-04-19 16:00:00+00:00', '2023-04-19 17:00:00+00:00', '2023-04-19 19:00:00+00:00', '2023-04-19 20:00:00+00:00', '2023-04-19 22:00:00+00:00', '2023-04-19 23:00:00+00:00']",11,4.18,213337.097,62744.77
2023-04-19,V.Z84,P,"['2023-04-19 09:00:00+00:00', '2023-04-19 10:00:00+00:00', '2023-04-19 11:00:00+00:00', '2023-04-19 12:00:00+00:00', '2023-04-19 13:00:00+00:00']",5,4.18,-26739.518,-12281.808
2023-04-19,V.Z84,P1,"['2023-04-19 09:00:00+00:00', '2023-04-19 10:00:00+00:00', '2023-04-19 11:00:00+00:00', '2023-04-19 12:00:00+00:00', '2023-04-19 13:00:00+00:00']",5,4.176,-8527.915,-3912.562
2023-04-19,V.Z84,I2,"['2023-04-19 09:00:00+00:00', '2023-04-19 10:00:00+00:00', '2023-04-19 11:00:00+00:00', '2023-04-19 12:00:00+00:00', '2023-04-19 13:00:00+00:00']",5,4.172,-43.992,-20.743
2023-04-19,V.Z84,P3,"['2023-04-19 09:00:00+00:00', '2023-04-19 10:00:00+00:00', '2023-04-19 11:00:00+00:00', '2023-04-19 12:00:00+00:00', '2023-04-19 13:00:00+00:00']",5,4.17,-8543.56,-3925.646
2023-04-19,H1.Z310,I2,"['2023-04-19 09:00:00+00:00', '2023-04-19 10:00:00+00:00', '2023-04-19 11:00:00+00:00', '2023-04-19 12:00:00+00:00', '2023-04-19 13:00:00+00:00']",5,4.168,29.13,13.682
2023-04-19,H1.Z310,I3,"['2023-04-19 09:00:00+00:00', '2023-04-19 10:00:00+00:00', '2023-04-19 11:00:00+00:00', '2023-04-19 12:00:00+00:00', '2023-04-19 13:00:00+00:00']",5,4.166,29.238,13.75
2023-04-19,H4.Z50,P2,"['2023-04-19 08:00:00+00:00', '2023-04-19 10:00:00+00:00']",2,4.165,1387.993,1002.136
2023-04-19,H1.Z310,I1,"['2023-04-19 09:00:00+00:00', '2023-04-19 10:00:00+00:00', '2023-04-19 11:00:00+00:00', '2023-04-19 12:00:00+00:00', '2023-04-19 13:00:00+00:00']",5,4.162,29.251,13.776
2023-04-19,H2.T.Z33,PF3,"['2023-04-19 10:00:00+00:00', '2023-04-19 11:00:00+00:00', '2023-04-19 12:00:00+00:00']",3,4.161,0.506,0.777
2023-04-19,H2.Z351,P2,"['2023-04-19 10:00:00+00:00', '2023-04-19 11:00:00+00:00', '2023-04-19 12:00:00+00:00']",3,4.157,13596.845,18132.498
2023-04-19,V.Z84,I1,"['2023-04-19 09:00:00+00:00', '2023-04-19 10:00:00+00:00', '2023-04-19 11:00:00+00:00', '2023-04-19 12:00:00+00:00', '2023-04-19 13:00:00+00:00']",5,4.153,-38.448,-18.117
2023-04-19,H1.W12,Tdiff,"['2023-04-19 02:00:00+00:00', '2023-04-19 04:00:00+00:00', '2023-04-19 05:00:00+00:00', '2023-04-19 06:00:00+00:00', '2023-04-19 07:00:00+00:00', '2023-04-19 16:00:00+00:00', '2023-04-19 17:00:00+00:00', '2023-04-19 19:00:00+00:00', '2023-04-19 20:00:00+00:00', '2023-04-19 22:00:00+00:00', '2023-04-19 23:00:00+00:00']",11,4.149,11322.882,3466.158
2023-04-19,H1.Z19,f,"['2023-04-19 07:00:00+00:00', '2023-04-19 11:00:00+00:00', '2023-04-19 19:00:00+00:00', '2023-04-19 22:00:00+00:00']",4,4.149,50.053,50.043
2023-04-19,V.ZE84,P2,"['2023-04-19 09:00:00+00:00', '2023-04-19 10:00:00+00:00', '2023-04-19 11:00:00+00:00', '2023-04-19 12:00:00+00:00', '2023-04-19 13:00:00+00:00']",5,4.149,-9681.71,-4462.685
2023-04-19,H2.Z361,P2,"['2023-04-19 10:00:00+00:00', '2023-04-19 11:00:00+00:00', '2023-04-19 12:00:00+00:00']",3,4.147,13550.724,18024.888
2023-04-19,V.Z84,I3,"['2023-04-19 09:00:00+00:00', '2023-04-19 10:00:00+00:00', '2023-04-19 11:00:00+00:00', '2023-04-19 12:00:00+00:00', '2023-04-19 13:00:00+00:00']",5,4.145,-38.54,-18.201
2023-04-19,V.ZE84,P,"['2023-04-19 09:00:00+00:00', '2023-04-19 10:00:00+00:00', '2023-04-19 11:00:00+00:00', '2023-04-19 12:00:00+00:00', '2023-04-19 13:00:00+00:00']",5,4.142,-18213.168,-8386.268
2023-04-19,H3.Z44,f,"['2023-04-19 07:00:00+00:00', '2023-04-19 19:00:00+00:00', '2023-04-19 22:00:00+00:00']",3,4.135,50.065,50.06
2023-04-19,V.ZE84,P1,"['2023-04-19 09:00:00+00:00', '2023-04-19 10:00:00+00:00', '2023-04-19 11:00:00+00:00', '2023-04-19 12:00:00+00:00', '2023-04-19 13:00:00+00:00']",5,4.133,-8531.466,-3923.592
2023-04-19,H4.Z50,I1,"['2023-04-19 08:00:00+00:00', '2023-04-19 10:00:00+00:00']",2,4.129,10.539,8.175
2023-04-19,V.ZE84,I2,"['2023-04-19 09:00:00+00:00', '2023-04-19 10:00:00+00:00', '2023-04-19 11:00:00+00:00', '2023-04-19 12:00:00+00:00', '2023-04-19 13:00:00+00:00']",5,4.128,-43.909,-20.728
2023-04-19,H1.Z25,PF3,"['2023-04-19 06:00:00+00:00', '2023-04-19 07:00:00+00:00', '2023-04-19 16:00:00+00:00', '2023-04-19 17:00:00+00:00', '2023-04-19 19:00:00+00:00', '2023-04-19 20:00:00+00:00', '2023-04-19 22:00:00+00:00', '2023-04-19 23:00:00+00:00']",8,4.121,0.031,0.445
2023-04-19,H1.Z25,f,"['2023-04-19 07:00:00+00:00', '2023-04-19 11:00:00+00:00', '2023-04-19 19:00:00+00:00', '2023-04-19 22:00:00+00:00']",4,4.113,50.068,50.056
2023-04-19,H1.Z24,f,"['2023-04-19 07:00:00+00:00', '2023-04-19 22:00:00+00:00']",2,4.112,50.074,50.068
2023-04-19,H4.Z50,P1,"['2023-04-19 08:00:00+00:00', '2023-04-19 10:00:00+00:00']",2,4.112,2275.622,1725.623
2023-04-19,V.ZE84,I1,"['2023-04-19 09:00:00+00:00', '2023-04-19 10:00:00+00:00', '2023-04-19 11:00:00+00:00', '2023-04-19 12:00:00+00:00', '2023-04-19 13:00:00+00:00']",5,4.108,-38.318,-18.077
2023-04-19,H4.ZE50,I1,"['2023-04-19 08:00:00+00:00', '2023-04-19 09:00:00+00:00', '2023-04-19 10:00:00+00:00']",3,4.081,7.899,6.084
2023-04-19,H2.Z69,f,"['2023-04-19 07:00:00+00:00', '2023-04-19 11:00:00+00:00', '2023-04-19 22:00:00+00:00']",3,4.08,50.064,50.055
2023-04-19,H4.ZE50,P1,"['2023-04-19 08:00:00+00:00', '2023-04-19 09:00:00+00:00', '2023-04-19 10:00:00+00:00']",3,4.071,1707.053,1285.204
2023-04-19,V.ZE84,f,"['2023-04-19 07:00:00+00:00', '2023-04-19 11:00:00+00:00', '2023-04-19 22:00:00+00:00']",3,4.065,50.005,49.999
2023-04-19,H1.Z15,f,"['2023-04-19 07:00:00+00:00', '2023-04-19 11:00:00+00:00', '2023-04-19 22:00:00+00:00']",3,4.064,50.005,49.998
2023-04-19,H4.ZE50,I2,"['2023-04-19 08:00:00+00:00', '2023-04-19 10:00:00+00:00']",2,4.062,4.957,3.734
2023-04-19,H1.Z17,f,"['2023-04-19 07:00:00+00:00', '2023-04-19 11:00:00+00:00', '2023-04-19 22:00:00+00:00']",3,4.06,50.005,49.998
2023-04-19,H1.Z310,f,"['2023-04-19 07:00:00+00:00', '2023-04-19 11:00:00+00:00', '2023-04-19 22:00:00+00:00']",3,4.055,50.005,49.998
2023-04-19,H2.ZE74,f,"['2023-04-19 07:00:00+00:00', '2023-04-19 11:00:00+00:00', '2023-04-19 22:00:00+00:00']",3,4.055,50.005,49.999
2023-04-19,H2.Z361,f,"['2023-04-19 07:00:00+00:00', '2023-04-19 11:00:00+00:00', '2023-04-19 22:00:00+00:00']",3,4.053,50.005,49.998
2023-04-19,H1.ZE20,f,"['2023-04-19 07:00:00+00:00', '2023-04-19 11:00:00+00:00', '2023-04-19 22:00:00+00:00']",3,4.047,50.005,49.998
2023-04-19,H3.Z312,f,"['2023-04-19 07:00:00+00:00', '2023-04-19 11:00:00+00:00', '2023-04-19 22:00:00+00:00']",3,4.047,50.005,49.998
2023-04-19,H4.ZE51,f,"['2023-04-19 07:00:00+00:00', '2023-04-19 11:00:00+00:00', '2023-04-19 22:00:00+00:00']",3,4.045,50.005,49.999
2023-04-19,V.Z81,f,"['2023-04-19 07:00:00+00:00', '2023-04-19 11:00:00+00:00', '2023-04-19 22:00:00+00:00']",3,4.045,50.005,49.998
2023-04-19,H1.Z22,I3,"['2023-04-19 02:00:00+00:00', '2023-04-19 04:00:00+00:00', '2023-04-19 05:00:00+00:00', '2023-04-19 11:00:00+00:00']",4,4.041,0.115,0.048
2023-04-19,H1.Z18,PF3,"['2023-04-19 02:00:00+00:00', '2023-04-19 04:00:00+00:00', '2023-04-19 05:00:00+00:00', '2023-04-19 06:00:00+00:00', '2023-04-19 07:00:00+00:00', '2023-04-19 16:00:00+00:00', '2023-04-19 17:00:00+00:00', '2023-04-19 19:00:00+00:00', '2023-04-19 20:00:00+00:00', '2023-04-19 22:00:00+00:00', '2023-04-19 23:00:00+00:00']",11,4.04,0.035,0.12
2023-04-19,H4.ZE50,f,"['2023-04-19 07:00:00+00:00', '2023-04-19 11:00:00+00:00', '2023-04-19 22:00:00+00:00']",3,4.04,50.005,49.998
2023-04-19,H2.ZE64,f,"['2023-04-19 07:00:00+00:00', '2023-04-19 11:00:00+00:00', '2023-04-19 22:00:00+00:00']",3,4.033,50.005,49.999
2023-04-19,H2.ZE65,f,"['2023-04-19 07:00:00+00:00', '2023-04-19 11:00:00+00:00', '2023-04-19 22:00:00+00:00']",3,4.03,50.005,49.999
2023-04-19,H2.ZE66,f,"['2023-04-19 07:00:00+00:00', '2023-04-19 11:00:00+00:00', '2023-04-19 22:00:00+00:00']",3,4.03,50.005,49.998
2023-04-19,H2.T.Z32,f,"['2023-04-19 07:00:00+00:00', '2023-04-19 11:00:00+00:00', '2023-04-19 19:00:00+00:00', '2023-04-19 22:00:00+00:00']",4,4.028,50.106,50.094
2023-04-19,V.Z82,f,"['2023-04-19 07:00:00+00:00', '2023-04-19 11:00:00+00:00', '2023-04-19 22:00:00+00:00']",3,4.028,50.005,49.998
2023-04-19,WeatherStation.Weather,Dp,"['2023-04-19 12:00:00+00:00', '2023-04-19 13:00:00+00:00', '2023-04-19 14:00:00+00:00', '2023-04-19 15:00:00+00:00', '2023-04-19 16:00:00+00:00', '2023-04-19 17:00:00+00:00', '2023-04-19 18:00:00+00:00', '2023-04-19 19:00:00+00:00']",8,4.017,1.725,5.548
2023-04-19,H3.Z45,P,"['2023-04-19 10:00:00+00:00', '2023-04-19 11:00:00+00:00', '2023-04-19 12:00:00+00:00', '2023-04-19 13:00:00+00:00', '2023-04-19 14:00:00+00:00', '2023-04-19 15:00:00+00:00', '2023-04-19 16:00:00+00:00', '2023-04-19 17:00:00+00:00', '2023-04-19 18:00:00+00:00', '2023-04-19 19:00:00+00:00', '2023-04-19 20:00:00+00:00', '2023-04-19 21:00:00+00:00', '2023-04-19 22:00:00+00:00', '2023-04-19 23:00:00+00:00']",14,4.016,1199.764,613.245
2023-04-19,H4.ZE50,P,"['2023-04-19 08:00:00+00:00', '2023-04-19 10:00:00+00:00']",2,4.013,3913.857,2910.713
2023-04-19,H3.ZE41,f,"['2023-04-19 07:00:00+00:00', '2023-04-19 11:00:00+00:00', '2023-04-19 22:00:00+00:00']",3,4.011,50.005,49.999
2023-04-19,H2.T.Z31,f,"['2023-04-19 07:00:00+00:00', '2023-04-19 11:00:00+00:00', '2023-04-19 19:00:00+00:00', '2023-04-19 22:00:00+00:00']",4,4.001,50.061,50.054
2023-04-19,H3.ZE40,f,"['2023-04-19 07:00:00+00:00', '2023-04-19 11:00:00+00:00', '2023-04-19 22:00:00+00:00']",3,4.001,50.005,49.999
2023-04-19,H3.ZE44,f,"['2023-04-19 07:00:00+00:00', '2023-04-19 11:00:00+00:00', '2023-04-19 22:00:00+00:00']",3,3.998,50.005,49.999
2023-04-19,H4.Z50,P,"['2023-04-19 08:00:00+00:00', '2023-04-19 10:00:00+00:00']",2,3.996,5196.386,3899.342
2023-04-19,H1.Z26,f,"['2023-04-19 07:00:00+00:00', '2023-04-19 11:00:00+00:00', '2023-04-19 22:00:00+00:00']",3,3.993,50.005,49.998
2023-04-19,H1.Z29,f,"['2023-04-19 07:00:00+00:00', '2023-04-19 11:00:00+00:00', '2023-04-19 22:00:00+00:00']",3,3.987,50.005,49.999
2023-04-19,H2.ZE67,f,"['2023-04-19 07:00:00+00:00', '2023-04-19 11:00:00+00:00', '2023-04-19 22:00:00+00:00']",3,3.987,50.005,49.999
2023-04-19,H4.Z50,I2,"['2023-04-19 08:00:00+00:00', '2023-04-19 10:00:00+00:00']",2,3.986,6.587,5.01
2023-04-19,H2.Z351,f,"['2023-04-19 07:00:00+00:00', '2023-04-19 11:00:00+00:00', '2023-04-19 22:00:00+00:00']",3,3.985,50.004,49.998
2023-04-19,H2.Z311,f,"['2023-04-19 07:00:00+00:00', '2023-04-19 11:00:00+00:00', '2023-04-19 22:00:00+00:00']",3,3.982,50.005,49.998
2023-04-19,H3.ZE43,f,"['2023-04-19 07:00:00+00:00', '2023-04-19 11:00:00+00:00', '2023-04-19 22:00:00+00:00']",3,3.98,50.005,49.999
2023-04-19,H2.T.Z33,P1,"['2023-04-19 10:00:00+00:00', '2023-04-19 11:00:00+00:00', '2023-04-19 12:00:00+00:00']",3,3.978,10802.235,13611.541
2023-04-19,H2.T.Z34,WQ_in,"['2023-04-19 10:00:00+00:00', '2023-04-19 11:00:00+00:00', '2023-04-19 12:00:00+00:00', '2023-04-19 13:00:00+00:00', '2023-04-19 14:00:00+00:00', '2023-04-19 15:00:00+00:00', '2023-04-19 16:00:00+00:00', '2023-04-19 17:00:00+00:00', '2023-04-19 18:00:00+00:00', '2023-04-19 19:00:00+00:00', '2023-04-19 20:00:00+00:00', '2023-04-19 21:00:00+00:00', '2023-04-19 22:00:00+00:00', '2023-04-19 23:00:00+00:00']",14,3.974,294825.876,294576.093
2023-04-19,H1.Z27,f,"['2023-04-19 07:00:00+00:00', '2023-04-19 11:00:00+00:00', '2023-04-19 22:00:00+00:00']",3,3.97,50.005,49.999
2023-04-19,H1.Z28,f,"['2023-04-19 07:00:00+00:00', '2023-04-19 11:00:00+00:00', '2023-04-19 22:00:00+00:00']",3,3.965,50.005,49.999
2023-04-19,H1.Z21,f,"['2023-04-19 07:00:00+00:00', '2023-04-19 19:00:00+00:00', '2023-04-19 22:00:00+00:00']",3,3.938,50.098,50.087
2023-04-19,H1.Z27,P2,"['2023-04-19 09:00:00+00:00', '2023-04-19 10:00:00+00:00']",2,3.921,9102.634,7723.28
2023-04-19,H1.Z26,P3,"['2023-04-19 09:00:00+00:00', '2023-04-19 10:00:00+00:00']",2,3.916,6022.521,4285.523
2023-04-19,H2.Z62,f,"['2023-04-19 07:00:00+00:00', '2023-04-19 19:00:00+00:00', '2023-04-19 22:00:00+00:00']",3,3.914,50.04,50.033
2023-04-19,H1.Z26,PF3,"['2023-04-19 09:00:00+00:00', '2023-04-19 10:00:00+00:00']",2,3.909,0.136,0.097
2023-04-19,H1.Z27,P3,"['2023-04-19 09:00:00+00:00', '2023-04-19 10:00:00+00:00']",2,3.9,8740.216,7400.454
2023-04-19,H1.Z27,I2,"['2023-04-19 09:00:00+00:00', '2023-04-19 10:00:00+00:00']",2,3.893,43.32,37.735
2023-04-19,H1.Z23,f,"['2023-04-19 07:00:00+00:00', '2023-04-19 22:00:00+00:00']",2,3.892,50.036,50.03
2023-04-19,H1.Z13,f,"['2023-04-19 07:00:00+00:00', '2023-04-19 22:00:00+00:00']",2,3.887,50.077,50.067
2023-04-19,H1.Z28,P1,"['2023-04-19 02:00:00+00:00', '2023-04-19 04:00:00+00:00', '2023-04-19 05:00:00+00:00', '2023-04-19 13:00:00+00:00', '2023-04-19 16:00:00+00:00', '2023-04-19 17:00:00+00:00', '2023-04-19 19:00:00+00:00', '2023-04-19 20:00:00+00:00', '2023-04-19 22:00:00+00:00', '2023-04-19 23:00:00+00:00']",10,3.876,-8755.176,4827.051
2023-04-19,H1.Z27,P,"['2023-04-19 09:00:00+00:00', '2023-04-19 10:00:00+00:00']",2,3.871,26774.654,22943.717
2023-04-19,H1.Z16,f,"['2023-04-19 07:00:00+00:00', '2023-04-19 11:00:00+00:00', '2023-04-19 22:00:00+00:00']",3,3.859,50.081,50.071
2023-04-19,H1.Z27,I3,"['2023-04-19 09:00:00+00:00', '2023-04-19 10:00:00+00:00']",2,3.857,41.956,36.755
2023-04-19,V.Z82,PF1,"['2023-04-19 02:00:00+00:00', '2023-04-19 04:00:00+00:00', '2023-04-19 05:00:00+00:00', '2023-04-19 06:00:00+00:00', '2023-04-19 07:00:00+00:00', '2023-04-19 12:00:00+00:00', '2023-04-19 13:00:00+00:00', '2023-04-19 16:00:00+00:00', '2023-04-19 17:00:00+00:00', '2023-04-19 19:00:00+00:00', '2023-04-19 20:00:00+00:00', '2023-04-19 22:00:00+00:00', '2023-04-19 23:00:00+00:00']",13,3.846,-0.515,0.553
2023-04-19,H2.T.Z33,P,"['2023-04-19 10:00:00+00:00', '2023-04-19 11:00:00+00:00', '2023-04-19 12:00:00+00:00']",3,3.844,30874.591,37752.394
2023-04-19,H2.T.Z33,P3,"['2023-04-19 10:00:00+00:00', '2023-04-19 11:00:00+00:00', '2023-04-19 12:00:00+00:00']",3,3.824,9494.05,12012.624
2023-04-19,H1.Z15,I2,"['2023-04-19 13:00:00+00:00', '2023-04-19 17:00:00+00:00', '2023-04-19 19:00:00+00:00', '2023-04-19 20:00:00+00:00']",4,3.812,-140.667,-115.118
2023-04-19,H1.Z21,P1,"['2023-04-19 09:00:00+00:00', '2023-04-19 10:00:00+00:00', '2023-04-19 11:00:00+00:00', '2023-04-19 12:00:00+00:00', '2023-04-19 13:00:00+00:00']",5,3.812,29.889,17.505
2023-04-19,H1.Z18,PF,"['2023-04-19 02:00:00+00:00', '2023-04-19 04:00:00+00:00', '2023-04-19 05:00:00+00:00', '2023-04-19 06:00:00+00:00', '2023-04-19 07:00:00+00:00', '2023-04-19 16:00:00+00:00', '2023-04-19 17:00:00+00:00', '2023-04-19 19:00:00+00:00', '2023-04-19 20:00:00+00:00', '2023-04-19 22:00:00+00:00', '2023-04-19 23:00:00+00:00']",11,3.808,0.492,0.541
2023-04-19,H1.Z15,P2,"['2023-04-19 02:00:00+00:00', '2023-04-19 04:00:00+00:00', '2023-04-19 05:00:00+00:00', '2023-04-19 12:00:00+00:00', '2023-04-19 13:00:00+00:00', '2023-04-19 16:00:00+00:00', '2023-04-19 17:00:00+00:00', '2023-04-19 19:00:00+00:00', '2023-04-19 20:00:00+00:00', '2023-04-19 22:00:00+00:00', '2023-04-19 23:00:00+00:00']",11,3.799,-17574.453,7499.854
2023-04-19,H1.Z28,P2,"['2023-04-19 02:00:00+00:00', '2023-04-19 04:00:00+00:00', '2023-04-19 05:00:00+00:00', '2023-04-19 13:00:00+00:00', '2023-04-19 16:00:00+00:00', '2023-04-19 17:00:00+00:00', '2023-04-19 19:00:00+00:00', '2023-04-19 20:00:00+00:00', '2023-04-19 22:00:00+00:00', '2023-04-19 23:00:00+00:00']",10,3.791,-4861.857,7659.878
2023-04-19,H1.Z21,I1,"['2023-04-19 10:00:00+00:00', '2023-04-19 11:00:00+00:00', '2023-04-19 12:00:00+00:00', '2023-04-19 13:00:00+00:00']",4,3.787,0.153,0.083
2023-04-19,H1.Z27,P1,"['2023-04-19 09:00:00+00:00', '2023-04-19 10:00:00+00:00']",2,3.787,8931.804,7820.012
2023-04-19,H3.Z41,f,"['2023-04-19 07:00:00+00:00', '2023-04-19 22:00:00+00:00']",2,3.786,50.043,50.037
2023-04-19,H1.Z15,P1,"['2023-04-19 02:00:00+00:00', '2023-04-19 04:00:00+00:00', '2023-04-19 05:00:00+00:00', '2023-04-19 12:00:00+00:00', '2023-04-19 13:00:00+00:00', '2023-04-19 16:00:00+00:00', '2023-04-19 17:00:00+00:00', '2023-04-19 19:00:00+00:00', '2023-04-19 20:00:00+00:00', '2023-04-19 22:00:00+00:00', '2023-04-19 23:00:00+00:00']",11,3.778,-14587.645,11355.891
2023-04-19,H1.Z27,I1,"['2023-04-19 09:00:00+00:00', '2023-04-19 10:00:00+00:00']",2,3.771,42.352,37.792
2023-04-19,H1.Z28,P,"['2023-04-19 02:00:00+00:00', '2023-04-19 04:00:00+00:00', '2023-04-19 05:00:00+00:00', '2023-04-19 13:00:00+00:00', '2023-04-19 17:00:00+00:00', '2023-04-19 19:00:00+00:00', '2023-04-19 20:00:00+00:00', '2023-04-19 23:00:00+00:00']",8,3.748,-16959.6,16842.05
2023-04-19,H1.Z21,PF3,"['2023-04-19 10:00:00+00:00', '2023-04-19 11:00:00+00:00', '2023-04-19 12:00:00+00:00', '2023-04-19 14:00:00+00:00']",4,3.731,0.268,0.301
2023-04-19,H1.Z28,PF2,"['2023-04-19 02:00:00+00:00', '2023-04-19 04:00:00+00:00', '2023-04-19 05:00:00+00:00', '2023-04-19 06:00:00+00:00', '2023-04-19 07:00:00+00:00', '2023-04-19 16:00:00+00:00', '2023-04-19 17:00:00+00:00', '2023-04-19 19:00:00+00:00', '2023-04-19 20:00:00+00:00', '2023-04-19 22:00:00+00:00', '2023-04-19 23:00:00+00:00']",11,3.725,-0.202,0.51
2023-04-19,V.Z82,PF2,"['2023-04-19 02:00:00+00:00', '2023-04-19 04:00:00+00:00', '2023-04-19 05:00:00+00:00', '2023-04-19 06:00:00+00:00', '2023-04-19 07:00:00+00:00', '2023-04-19 12:00:00+00:00', '2023-04-19 13:00:00+00:00', '2023-04-19 16:00:00+00:00', '2023-04-19 17:00:00+00:00', '2023-04-19 19:00:00+00:00', '2023-04-19 20:00:00+00:00', '2023-04-19 23:00:00+00:00']",12,3.721,-0.522,0.542
2023-04-19,H1.Z15,P,"['2023-04-19 02:00:00+00:00', '2023-04-19 04:00:00+00:00', '2023-04-19 05:00:00+00:00', '2023-04-19 12:00:00+00:00', '2023-04-19 13:00:00+00:00', '2023-04-19 16:00:00+00:00', '2023-04-19 17:00:00+00:00', '2023-04-19 19:00:00+00:00', '2023-04-19 20:00:00+00:00', '2023-04-19 23:00:00+00:00']",10,3.719,-48036.469,29716.87
2023-04-19,V.Z82,PF,"['2023-04-19 02:00:00+00:00', '2023-04-19 04:00:00+00:00', '2023-04-19 05:00:00+00:00', '2023-04-19 06:00:00+00:00', '2023-04-19 07:00:00+00:00', '2023-04-19 12:00:00+00:00', '2023-04-19 13:00:00+00:00', '2023-04-19 16:00:00+00:00', '2023-04-19 17:00:00+00:00', '2023-04-19 19:00:00+00:00', '2023-04-19 20:00:00+00:00', '2023-04-19 23:00:00+00:00']",12,3.706,-0.481,0.529
2023-04-19,H3.Z43,f,"['2023-04-19 07:00:00+00:00', '2023-04-19 11:00:00+00:00', '2023-04-19 22:00:00+00:00']",3,3.698,50.089,50.085
2023-04-19,H1.Z15,PF1,"['2023-04-19 02:00:00+00:00', '2023-04-19 04:00:00+00:00', '2023-04-19 05:00:00+00:00', '2023-04-19 06:00:00+00:00', '2023-04-19 07:00:00+00:00', '2023-04-19 13:00:00+00:00', '2023-04-19 16:00:00+00:00', '2023-04-19 17:00:00+00:00', '2023-04-19 19:00:00+00:00', '2023-04-19 20:00:00+00:00', '2023-04-19 23:00:00+00:00']",11,3.697,-0.392,0.422
2023-04-19,H2.Z68,f,"['2023-04-19 07:00:00+00:00', '2023-04-19 22:00:00+00:00']",2,3.695,50.11,50.106
2023-04-19,H1.Z28,I2,"['2023-04-19 13:00:00+00:00', '2023-04-19 17:00:00+00:00', '2023-04-19 19:00:00+00:00', '2023-04-19 20:00:00+00:00', '2023-04-19 23:00:00+00:00']",5,3.693,-79.801,-66.225
2023-04-19,H2.T.Z33,P2,"['2023-04-19 10:00:00+00:00', '2023-04-19 11:00:00+00:00', '2023-04-19 12:00:00+00:00']",3,3.684,10579.685,12128.498
2023-04-19,H2.T.Z34,Q,"['2023-04-19 07:00:00+00:00', '2023-04-19 08:00:00+00:00', '2023-04-19 09:00:00+00:00', '2023-04-19 10:00:00+00:00', '2023-04-19 11:00:00+00:00', '2023-04-19 12:00:00+00:00', '2023-04-19 13:00:00+00:00', '2023-04-19 14:00:00+00:00']",8,3.678,1698.807,-3884.551
2023-04-19,V.Z82,PF3,"['2023-04-19 02:00:00+00:00', '2023-04-19 04:00:00+00:00', '2023-04-19 05:00:00+00:00', '2023-04-19 06:00:00+00:00', '2023-04-19 07:00:00+00:00', '2023-04-19 12:00:00+00:00', '2023-04-19 13:00:00+00:00', '2023-04-19 16:00:00+00:00', '2023-04-19 17:00:00+00:00', '2023-04-19 19:00:00+00:00', '2023-04-19 20:00:00+00:00', '2023-04-19 23:00:00+00:00']",12,3.662,-0.451,0.546
2023-04-19,H1.Z10,f,"['2023-04-19 07:00:00+00:00', '2023-04-19 22:00:00+00:00']",2,3.661,50.111,50.096
2023-04-19,H3.Z40,f,"['2023-04-19 07:00:00+00:00', '2023-04-19 22:00:00+00:00']",2,3.653,50.107,50.102
2023-04-19,H3.Z42,f,['2023-04-19 22:00:00+00:00'],1,3.649,50.068,50.061
2023-04-19,H2.Z69,I1,"['2023-04-19 02:00:00+00:00', '2023-04-19 03:00:00+00:00', '2023-04-19 06:00:00+00:00', '2023-04-19 07:00:00+00:00', '2023-04-19 08:00:00+00:00']",5,3.642,4.499,4.726
2023-04-19,H1.Z28,PF,"['2023-04-19 02:00:00+00:00', '2023-04-19 04:00:00+00:00', '2023-04-19 05:00:00+00:00', '2023-04-19 06:00:00+00:00', '2023-04-19 07:00:00+00:00', '2023-04-19 17:00:00+00:00', '2023-04-19 19:00:00+00:00', '2023-04-19 20:00:00+00:00', '2023-04-19 23:00:00+00:00']",9,3.638,-0.268,0.438
2023-04-19,H3.Z45,P3,"['2023-04-19 10:00:00+00:00', '2023-04-19 11:00:00+00:00', '2023-04-19 12:00:00+00:00', '2023-04-19 13:00:00+00:00', '2023-04-19 14:00:00+00:00', '2023-04-19 15:00:00+00:00', '2023-04-19 16:00:00+00:00', '2023-04-19 17:00:00+00:00', '2023-04-19 18:00:00+00:00', '2023-04-19 19:00:00+00:00', '2023-04-19 20:00:00+00:00', '2023-04-19 21:00:00+00:00', '2023-04-19 22:00:00+00:00', '2023-04-19 23:00:00+00:00']",14,3.638,281.356,139.776
2023-04-19,H1.Z15,I1,"['2023-04-19 13:00:00+00:00', '2023-04-19 17:00:00+00:00', '2023-04-19 19:00:00+00:00']",3,3.637,-137.551,-115.969
2023-04-19,H1.Z24,PF3,['2023-04-19 11:00:00+00:00'],1,3.635,0.556,0.394
2023-04-19,V.Z82,P2,"['2023-04-19 12:00:00+00:00', '2023-04-19 13:00:00+00:00']",2,3.633,-11536.593,11599.598
2023-04-19,V.Z81,P2,"['2023-04-19 12:00:00+00:00', '2023-04-19 13:00:00+00:00']",2,3.631,-18089.055,5465.484
2023-04-19,H1.Z28,PF1,"['2023-04-19 02:00:00+00:00', '2023-04-19 04:00:00+00:00', '2023-04-19 05:00:00+00:00', '2023-04-19 06:00:00+00:00', '2023-04-19 07:00:00+00:00', '2023-04-19 17:00:00+00:00', '2023-04-19 19:00:00+00:00', '2023-04-19 20:00:00+00:00', '2023-04-19 23:00:00+00:00']",9,3.622,-0.405,0.361
2023-04-19,H2.Z65,f,"['2023-04-19 07:00:00+00:00', '2023-04-19 22:00:00+00:00']",2,3.615,50.132,50.128
2023-04-19,H2.Z63,f,"['2023-04-19 07:00:00+00:00', '2023-04-19 22:00:00+00:00']",2,3.613,50.123,50.117
2023-04-19,H1.Z22,I1,"['2023-04-19 10:00:00+00:00', '2023-04-19 11:00:00+00:00', '2023-04-19 12:00:00+00:00']",3,3.607,0.126,0.075
2023-04-19,H1.Z29,PF3,"['2023-04-19 02:00:00+00:00', '2023-04-19 04:00:00+00:00', '2023-04-19 05:00:00+00:00', '2023-04-19 06:00:00+00:00', '2023-04-19 07:00:00+00:00', '2023-04-19 16:00:00+00:00', '2023-04-19 17:00:00+00:00', '2023-04-19 19:00:00+00:00', '2023-04-19 20:00:00+00:00', '2023-04-19 23:00:00+00:00']",10,3.605,-0.608,0.147
2023-04-19,H1.Z29,PF2,"['2023-04-19 02:00:00+00:00', '2023-04-19 04:00:00+00:00', '2023-04-19 05:00:00+00:00', '2023-04-19 06:00:00+00:00', '2023-04-19 07:00:00+00:00', '2023-04-19 17:00:00+00:00', '2023-04-19 19:00:00+00:00', '2023-04-19 20:00:00+00:00', '2023-04-19 23:00:00+00:00']",9,3.585,-0.538,0.265
2023-04-19,H1.Z29,PF,"['2023-04-19 02:00:00+00:00', '2023-04-19 04:00:00+00:00', '2023-04-19 05:00:00+00:00', '2023-04-19 06:00:00+00:00', '2023-04-19 07:00:00+00:00', '2023-04-19 17:00:00+00:00', '2023-04-19 19:00:00+00:00', '2023-04-19 20:00:00+00:00', '2023-04-19 23:00:00+00:00']",9,3.577,-0.536,0.253
2023-04-19,H1.Z18,P1,"['2023-04-19 02:00:00+00:00', '2023-04-19 04:00:00+00:00', '2023-04-19 05:00:00+00:00', '2023-04-19 06:00:00+00:00', '2023-04-19 07:00:00+00:00', '2023-04-19 17:00:00+00:00', '2023-04-19 19:00:00+00:00', '2023-04-19 20:00:00+00:00', '2023-04-19 23:00:00+00:00']",9,3.575,18.586,12.166
2023-04-19,H1.Z15,P3,"['2023-04-19 02:00:00+00:00', '2023-04-19 04:00:00+00:00', '2023-04-19 05:00:00+00:00', '2023-04-19 13:00:00+00:00', '2023-04-19 17:00:00+00:00', '2023-04-19 19:00:00+00:00', '2023-04-19 20:00:00+00:00', '2023-04-19 23:00:00+00:00']",8,3.571,-15874.371,10861.145
2023-04-19,H1.Z28,I3,"['2023-04-19 13:00:00+00:00', '2023-04-19 17:00:00+00:00', '2023-04-19 19:00:00+00:00', '2023-04-19 20:00:00+00:00', '2023-04-19 23:00:00+00:00']",5,3.564,-55.385,-43.174
2023-04-19,H1.Z11,f,"['2023-04-19 07:00:00+00:00', '2023-04-19 22:00:00+00:00']",2,3.56,50.054,50.048
2023-04-19,H1.Z15,PF,"['2023-04-19 02:00:00+00:00', '2023-04-19 04:00:00+00:00', '2023-04-19 05:00:00+00:00', '2023-04-19 06:00:00+00:00', '2023-04-19 07:00:00+00:00', '2023-04-19 13:00:00+00:00', '2023-04-19 16:00:00+00:00', '2023-04-19 17:00:00+00:00', '2023-04-19 19:00:00+00:00', '2023-04-19 20:00:00+00:00', '2023-04-19 23:00:00+00:00']",11,3.56,-0.395,0.353
2023-04-19,H1.Z22,Q,['2023-04-19 10:00:00+00:00'],1,3.543,3.279,3.279
2023-04-19,H1.Z29,PF1,"['2023-04-19 02:00:00+00:00', '2023-04-19 04:00:00+00:00', '2023-04-19 05:00:00+00:00', '2023-04-19 06:00:00+00:00', '2023-04-19 07:00:00+00:00', '2023-04-19 17:00:00+00:00', '2023-04-19 19:00:00+00:00', '2023-04-19 20:00:00+00:00', '2023-04-19 23:00:00+00:00']",9,3.536,-0.533,0.266
2023-04-19,H3.Z49,f,"['2023-04-19 07:00:00+00:00', '2023-04-19 11:00:00+00:00']",2,3.532,50.049,50.043
2023-04-19,H1.W12,Trl,"['2023-04-19 10:00:00+00:00', '2023-04-19 11:00:00+00:00', '2023-04-19 14:00:00+00:00']",3,3.529,61.943,74.256
2023-04-19,H1.Z22,P1,"['2023-04-19 10:00:00+00:00', '2023-04-19 11:00:00+00:00', '2023-04-19 12:00:00+00:00']",3,3.519,-17.947,-15.574
2023-04-19,H3.Z45,f,"['2023-04-19 11:00:00+00:00', '2023-04-19 22:00:00+00:00']",2,3.519,50.118,50.113
2023-04-19,H1.Z15,PF3,"['2023-04-19 02:00:00+00:00', '2023-04-19 04:00:00+00:00', '2023-04-19 05:00:00+00:00', '2023-04-19 07:00:00+00:00', '2023-04-19 13:00:00+00:00', '2023-04-19 17:00:00+00:00', '2023-04-19 19:00:00+00:00', '2023-04-19 20:00:00+00:00', '2023-04-19 23:00:00+00:00']",9,3.517,-0.349,0.372
2023-04-19,H1.Z18,Q,"['2023-04-19 17:00:00+00:00', '2023-04-19 19:00:00+00:00', '2023-04-19 20:00:00+00:00', '2023-04-19 22:00:00+00:00']",4,3.511,104.094,91.579
2023-04-19,H1.Z22,PF3,"['2023-04-19 10:00:00+00:00', '2023-04-19 11:00:00+00:00', '2023-04-19 12:00:00+00:00']",3,3.511,-0.372,-0.252
2023-04-19,H1.K14,Tdiff,"['2023-04-19 10:00:00+00:00', '2023-04-19 11:00:00+00:00']",2,3.504,-959.361,-810.443
2023-04-19,H2.ZE74,PF2,['2023-04-19 09:00:00+00:00'],1,3.503,0.508,0.509
2023-04-19,V.Z81,P,"['2023-04-19 12:00:00+00:00', '2023-04-19 13:00:00+00:00']",2,3.478,-51053.55,18540.405
2023-04-19,H2.Z69,PF1,"['2023-04-19 11:00:00+00:00', '2023-04-19 12:00:00+00:00', '2023-04-19 17:00:00+00:00', '2023-04-19 18:00:00+00:00', '2023-04-19 19:00:00+00:00', '2023-04-19 20:00:00+00:00', '2023-04-19 21:00:00+00:00', '2023-04-19 22:00:00+00:00']",8,3.477,0.48,0.507
2023-04-19,V.Z82,P,"['2023-04-19 12:00:00+00:00', '2023-04-19 13:00:00+00:00']",2,3.471,-33672.714,34617.832
2023-04-19,H1.Z28,PF3,"['2023-04-19 02:00:00+00:00', '2023-04-19 04:00:00+00:00', '2023-04-19 05:00:00+00:00', '2023-04-19 17:00:00+00:00', '2023-04-19 19:00:00+00:00', '2023-04-19 20:00:00+00:00', '2023-04-19 23:00:00+00:00']",7,3.467,-0.187,0.468
2023-04-19,H2.Z64,f,['2023-04-19 22:00:00+00:00'],1,3.462,50.108,50.107
2023-04-19,H1.Z20,PF2,"['2023-04-19 02:00:00+00:00', '2023-04-19 04:00:00+00:00', '2023-04-19 05:00:00+00:00', '2023-04-19 06:00:00+00:00', '2023-04-19 07:00:00+00:00', '2023-04-19 16:00:00+00:00', '2023-04-19 17:00:00+00:00', '2023-04-19 19:00:00+00:00', '2023-04-19 20:00:00+00:00', '2023-04-19 23:00:00+00:00']",10,3.45,-0.557,0.251
2023-04-19,H1.Z15,PF2,"['2023-04-19 02:00:00+00:00', '2023-04-19 04:00:00+00:00', '2023-04-19 05:00:00+00:00', '2023-04-19 06:00:00+00:00', '2023-04-19 07:00:00+00:00', '2023-04-19 17:00:00+00:00', '2023-04-19 19:00:00+00:00', '2023-04-19 20:00:00+00:00', '2023-04-19 23:00:00+00:00']",9,3.444,-0.475,0.282
2023-04-19,H1.Z20,PF3,"['2023-04-19 02:00:00+00:00', '2023-04-19 04:00:00+00:00', '2023-04-19 05:00:00+00:00', '2023-04-19 06:00:00+00:00', '2023-04-19 07:00:00+00:00', '2023-04-19 17:00:00+00:00', '2023-04-19 19:00:00+00:00', '2023-04-19 20:00:00+00:00', '2023-04-19 23:00:00+00:00']",9,3.443,-0.6,0.09
2023-04-19,H2.Z70,f,"['2023-04-19 07:00:00+00:00', '2023-04-19 22:00:00+00:00']",2,3.442,50.073,50.069
2023-04-19,H1.Z22,f,"['2023-04-19 11:00:00+00:00', '2023-04-19 22:00:00+00:00']",2,3.44,50.078,50.071
2023-04-19,H3.Z45,WQ_in,"['2023-04-19 00:00:00+00:00', '2023-04-19 01:00:00+00:00', '2023-04-19 02:00:00+00:00', '2023-04-19 03:00:00+00:00', '2023-04-19 04:00:00+00:00', '2023-04-19 05:00:00+00:00', '2023-04-19 06:00:00+00:00', '2023-04-19 07:00:00+00:00', '2023-04-19 08:00:00+00:00', '2023-04-19 09:00:00+00:00', '2023-04-19 10:00:00+00:00', '2023-04-19 11:00:00+00:00', '2023-04-19 12:00:00+00:00', '2023-04-19 13:00:00+00:00', '2023-04-19 14:00:00+00:00', '2023-04-19 15:00:00+00:00', '2023-04-19 16:00:00+00:00', '2023-04-19 17:00:00+00:00', '2023-04-19 18:00:00+00:00', '2023-04-19 19:00:00+00:00', '2023-04-19 20:00:00+00:00', '2023-04-19 21:00:00+00:00', '2023-04-19 22:00:00+00:00', '2023-04-19 23:00:00+00:00']",24,3.44,62174.71,62174.581
2023-04-19,H1.Z28,P3,"['2023-04-19 02:00:00+00:00', '2023-04-19 04:00:00+00:00', '2023-04-19 05:00:00+00:00', '2023-04-19 17:00:00+00:00', '2023-04-19 19:00:00+00:00', '2023-04-19 20:00:00+00:00', '2023-04-19 23:00:00+00:00']",7,3.433,-3340.531,4355.087
2023-04-19,V.Z81,P1,"['2023-04-19 12:00:00+00:00', '2023-04-19 13:00:00+00:00']",2,3.43,-17836.89,6357.572
2023-04-19,V.Z82,P1,"['2023-04-19 12:00:00+00:00', '2023-04-19 13:00:00+00:00']",2,3.428,-11732.026,12033.983
2023-04-19,H3.Z45,P2,"['2023-04-19 10:00:00+00:00', '2023-04-19 11:00:00+00:00', '2023-04-19 12:00:00+00:00', '2023-04-19 13:00:00+00:00', '2023-04-19 14:00:00+00:00', '2023-04-19 15:00:00+00:00', '2023-04-19 16:00:00+00:00', '2023-04-19 17:00:00+00:00', '2023-04-19 18:00:00+00:00', '2023-04-19 19:00:00+00:00', '2023-04-19 20:00:00+00:00', '2023-04-19 21:00:00+00:00', '2023-04-19 22:00:00+00:00', '2023-04-19 23:00:00+00:00']",14,3.422,272.101,131.196
2023-04-19,H3.Z49,PF3,"['2023-04-19 14:00:00+00:00', '2023-04-19 15:00:00+00:00']",2,3.408,0.076,0.078
2023-04-19,H1.Z20,PF1,"['2023-04-19 02:00:00+00:00', '2023-04-19 04:00:00+00:00', '2023-04-19 05:00:00+00:00', '2023-04-19 06:00:00+00:00', '2023-04-19 07:00:00+00:00', '2023-04-19 17:00:00+00:00', '2023-04-19 19:00:00+00:00', '2023-04-19 20:00:00+00:00', '2023-04-19 23:00:00+00:00']",9,3.38,-0.536,0.253
2023-04-19,H2.T.Z33,f,['2023-04-19 11:00:00+00:00'],1,3.373,50.106,50.103
2023-04-19,H1.ZE20,PF,"['2023-04-19 02:00:00+00:00', '2023-04-19 04:00:00+00:00', '2023-04-19 05:00:00+00:00', '2023-04-19 06:00:00+00:00', '2023-04-19 07:00:00+00:00', '2023-04-19 17:00:00+00:00', '2023-04-19 19:00:00+00:00', '2023-04-19 20:00:00+00:00', '2023-04-19 23:00:00+00:00']",9,3.368,-0.542,0.23
2023-04-19,H1.Z20,PF,"['2023-04-19 02:00:00+00:00', '2023-04-19 04:00:00+00:00', '2023-04-19 05:00:00+00:00', '2023-04-19 06:00:00+00:00', '2023-04-19 07:00:00+00:00', '2023-04-19 17:00:00+00:00', '2023-04-19 19:00:00+00:00', '2023-04-19 20:00:00+00:00', '2023-04-19 23:00:00+00:00']",9,3.365,-0.54,0.236
2023-04-19,H2.Z69,I3,['2023-04-19 08:00:00+00:00'],1,3.362,5.174,5.366
2023-04-19,V.Z81,P3,"['2023-04-19 12:00:00+00:00', '2023-04-19 13:00:00+00:00']",2,3.361,-15127.605,6717.367
2023-04-19,H2.Z69,P1,"['2023-04-19 00:00:00+00:00', '2023-04-19 01:00:00+00:00', '2023-04-19 02:00:00+00:00', '2023-04-19 03:00:00+00:00', '2023-04-19 04:00:00+00:00', '2023-04-19 05:00:00+00:00', '2023-04-19 06:00:00+00:00', '2023-04-19 07:00:00+00:00', '2023-04-19 08:00:00+00:00', '2023-04-19 09:00:00+00:00', '2023-04-19 10:00:00+00:00', '2023-04-19 15:00:00+00:00', '2023-04-19 16:00:00+00:00', '2023-04-19 17:00:00+00:00', '2023-04-19 18:00:00+00:00']",15,3.354,501.387,555.697
2023-04-19,H2.ZE74,P2,['2023-04-19 09:00:00+00:00'],1,3.352,163.591,163.86
2023-04-19,V.Z82,P3,"['2023-04-19 12:00:00+00:00', '2023-04-19 13:00:00+00:00']",2,3.341,-10404.096,10984.25
2023-04-19,H1.Z19,PF,"['2023-04-19 02:00:00+00:00', '2023-04-19 04:00:00+00:00', '2023-04-19 05:00:00+00:00', '2023-04-19 06:00:00+00:00', '2023-04-19 07:00:00+00:00', '2023-04-19 17:00:00+00:00', '2023-04-19 19:00:00+00:00', '2023-04-19 20:00:00+00:00', '2023-04-19 23:00:00+00:00']",9,3.334,0.374,0.068
2023-04-19,H2.Z69,I2,['2023-04-19 08:00:00+00:00'],1,3.334,4.453,4.653
2023-04-19,H3.Z46,f,['2023-04-19 22:00:00+00:00'],1,3.333,50.07,50.062
2023-04-19,H3.Z49,P1,"['2023-04-19 09:00:00+00:00', '2023-04-19 14:00:00+00:00']",2,3.331,6.181,3.475
2023-04-19,H1.ZE20,PF2,"['2023-04-19 02:00:00+00:00', '2023-04-19 04:00:00+00:00', '2023-04-19 05:00:00+00:00', '2023-04-19 06:00:00+00:00', '2023-04-19 07:00:00+00:00', '2023-04-19 17:00:00+00:00', '2023-04-19 19:00:00+00:00', '2023-04-19 20:00:00+00:00', '2023-04-19 23:00:00+00:00']",9,3.33,-0.534,0.264
2023-04-19,H1.ZE20,PF1,"['2023-04-19 02:00:00+00:00', '2023-04-19 04:00:00+00:00', '2023-04-19 05:00:00+00:00', '2023-04-19 06:00:00+00:00', '2023-04-19 07:00:00+00:00', '2023-04-19 17:00:00+00:00', '2023-04-19 19:00:00+00:00', '2023-04-19 20:00:00+00:00', '2023-04-19 23:00:00+00:00']",9,3.329,-0.541,0.245
2023-04-19,WeatherStation.Weather,Ua,"['2023-04-19 13:00:00+00:00', '2023-04-19 14:00:00+00:00', '2023-04-19 15:00:00+00:00']",3,3.32,54.834,78.233
2023-04-19,H4.ZE51,I2,"['2023-04-19 10:00:00+00:00', '2023-04-19 11:00:00+00:00']",2,3.318,12.082,10.588
2023-04-19,H1.Z19,PF3,"['2023-04-19 02:00:00+00:00', '2023-04-19 04:00:00+00:00', '2023-04-19 05:00:00+00:00', '2023-04-19 06:00:00+00:00', '2023-04-19 07:00:00+00:00', '2023-04-19 17:00:00+00:00', '2023-04-19 19:00:00+00:00', '2023-04-19 20:00:00+00:00', '2023-04-19 23:00:00+00:00']",9,3.317,0.366,0.065
2023-04-19,H1.Z15,I3,"['2023-04-19 13:00:00+00:00', '2023-04-19 17:00:00+00:00', '2023-04-19 19:00:00+00:00', '2023-04-19 20:00:00+00:00']",4,3.299,-162.124,-132.076
2023-04-19,H2.Z67,f,"['2023-04-19 07:00:00+00:00', '2023-04-19 22:00:00+00:00']",2,3.294,50.066,50.062
2023-04-19,H3.ZE41,P2,['2023-04-19 14:00:00+00:00'],1,3.289,2408.31,1805.205
2023-04-19,H2.ZE74,I2,['2023-04-19 09:00:00+00:00'],1,3.286,1.404,1.405
2023-04-19,H3.Z41,P2,['2023-04-19 14:00:00+00:00'],1,3.28,2406.604,1802.933
2023-04-19,H4.ZE51,I3,['2023-04-19 13:00:00+00:00'],1,3.28,9.676,8.103
2023-04-19,H2.T.Z30,I1,['2023-04-19 10:00:00+00:00'],1,3.279,28.633,24.041
2023-04-19,H4.Z51,I3,['2023-04-19 13:00:00+00:00'],1,3.273,7.324,6.147
2023-04-19,H1.ZE20,PF3,"['2023-04-19 02:00:00+00:00', '2023-04-19 04:00:00+00:00', '2023-04-19 05:00:00+00:00', '2023-04-19 06:00:00+00:00', '2023-04-19 07:00:00+00:00', '2023-04-19 17:00:00+00:00', '2023-04-19 19:00:00+00:00', '2023-04-19 20:00:00+00:00', '2023-04-19 23:00:00+00:00']",9,3.263,-0.575,0.105
2023-04-19,H3.Z41,P,['2023-04-19 14:00:00+00:00'],1,3.257,6373.945,4391.565
2023-04-19,H4.ZE51,P2,"['2023-04-19 10:00:00+00:00', '2023-04-19 11:00:00+00:00']",2,3.257,2540.684,1933.158
2023-04-19,H3.ZE41,P,['2023-04-19 14:00:00+00:00'],1,3.252,6294.79,4409.083
2023-04-19,H3.Z49,P3,['2023-04-19 14:00:00+00:00'],1,3.248,8.507,8.771
2023-04-19,H2.ZE74,P,['2023-04-19 09:00:00+00:00'],1,3.233,487.98,484.689
2023-04-19,H2.T.Z30,I3,['2023-04-19 08:00:00+00:00'],1,3.232,31.728,27.268
2023-04-19,H1.Z18,I1,"['2023-04-19 04:00:00+00:00', '2023-04-19 17:00:00+00:00', '2023-04-19 19:00:00+00:00', '2023-04-19 20:00:00+00:00']",4,3.231,0.13,0.093
2023-04-19,H3.ZE41,I2,['2023-04-19 14:00:00+00:00'],1,3.23,11.445,8.87
2023-04-19,H2.T.Z30,P1,['2023-04-19 10:00:00+00:00'],1,3.226,6226.795,5129.113
2023-04-19,H3.Z41,I2,['2023-04-19 14:00:00+00:00'],1,3.222,11.508,8.921
2023-04-19,WeatherStation.Weather,Ah,"['2023-04-19 13:00:00+00:00', '2023-04-19 14:00:00+00:00']",2,3.216,6.284,8.047
2023-04-19,H4.ZE51,P3,['2023-04-19 13:00:00+00:00'],1,3.203,1683.417,1330.185
2023-04-19,H4.Z51,P3,['2023-04-19 13:00:00+00:00'],1,3.196,1265.723,1001.569
2023-04-19,H3.Z41,Q,['2023-04-19 14:00:00+00:00'],1,3.19,-2138.577,-1869.727
2023-04-19,H3.Z49,PF1,"['2023-04-19 09:00:00+00:00', '2023-04-19 14:00:00+00:00']",2,3.181,0.053,0.03
2023-04-19,H2.T.Z30,P3,['2023-04-19 08:00:00+00:00'],1,3.163,7076.137,5982.957
2023-04-19,H2.Z66,PF1,['2023-04-19 03:00:00+00:00'],1,3.16,0.745,0.75
2023-04-19,H2.T.Z30,I2,"['2023-04-19 08:00:00+00:00', '2023-04-19 10:00:00+00:00']",2,3.13,28.392,23.998
2023-04-19,H2.T.Z30,P2,['2023-04-19 10:00:00+00:00'],1,3.129,6212.169,5057.353
2023-04-19,H4.Z51,I2,['2023-04-19 10:00:00+00:00'],1,3.121,9.108,8.026
2023-04-19,H2.Z61,f,['2023-04-19 22:00:00+00:00'],1,3.116,50.165,50.165
2023-04-19,H2.ZE74,PF,['2023-04-19 09:00:00+00:00'],1,3.103,0.537,0.543
2023-04-19,H4.Z51,P2,"['2023-04-19 10:00:00+00:00', '2023-04-19 11:00:00+00:00']",2,3.09,1907.912,1456.235
2023-04-19,V.K21,qv,"['2023-04-19 07:00:00+00:00', '2023-04-19 08:00:00+00:00', '2023-04-19 09:00:00+00:00', '2023-04-19 11:00:00+00:00', '2023-04-19 12:00:00+00:00', '2023-04-19 13:00:00+00:00', '2023-04-19 14:00:00+00:00', '2023-04-19 15:00:00+00:00', '2023-04-19 16:00:00+00:00', '2023-04-19 17:00:00+00:00', '2023-04-19 18:00:00+00:00', '2023-04-19 19:00:00+00:00', '2023-04-19 20:00:00+00:00', '2023-04-19 21:00:00+00:00', '2023-04-19 22:00:00+00:00', '2023-04-19 23:00:00+00:00']",16,3.084,19.403,33.588
2023-04-19,H3.Z45,I3,"['2023-04-19 20:00:00+00:00', '2023-04-19 21:00:00+00:00', '2023-04-19 22:00:00+00:00', '2023-04-19 23:00:00+00:00']",4,3.075,1.705,1.195
2023-04-19,H3.Z47,PF,"['2023-04-19 12:00:00+00:00', '2023-04-19 14:00:00+00:00']",2,3.058,0.865,0.729
2023-04-19,H3.Z48,W,"['2023-04-19 16:00:00+00:00', '2023-04-19 17:00:00+00:00', '2023-04-19 18:00:00+00:00', '2023-04-19 19:00:00+00:00', '2023-04-19 20:00:00+00:00', '2023-04-19 21:00:00+00:00', '2023-04-19 22:00:00+00:00', '2023-04-19 23:00:00+00:00']",8,3.058,42055.905,42005.248
2023-04-19,H3.Z48,W_in,"['2023-04-19 16:00:00+00:00', '2023-04-19 17:00:00+00:00', '2023-04-19 18:00:00+00:00', '2023-04-19 19:00:00+00:00', '2023-04-19 20:00:00+00:00', '2023-04-19 21:00:00+00:00', '2023-04-19 22:00:00+00:00', '2023-04-19 23:00:00+00:00']",8,3.058,42059.419,42008.754
2023-04-19,H3.Z48,WQ,"['2023-04-19 16:00:00+00:00', '2023-04-19 17:00:00+00:00', '2023-04-19 18:00:00+00:00', '2023-04-19 19:00:00+00:00', '2023-04-19 20:00:00+00:00', '2023-04-19 21:00:00+00:00', '2023-04-19 22:00:00+00:00', '2023-04-19 23:00:00+00:00']",8,3.056,23776.619,23746.655
2023-04-19,H3.Z48,WQ_in,"['2023-04-19 16:00:00+00:00', '2023-04-19 17:00:00+00:00', '2023-04-19 18:00:00+00:00', '2023-04-19 19:00:00+00:00', '2023-04-19 20:00:00+00:00', '2023-04-19 21:00:00+00:00', '2023-04-19 22:00:00+00:00', '2023-04-19 23:00:00+00:00']",8,3.056,26135.235,26105.271
2023-04-19,H1.K14,qv,"['2023-04-19 07:00:00+00:00', '2023-04-19 08:00:00+00:00', '2023-04-19 09:00:00+00:00', '2023-04-19 11:00:00+00:00', '2023-04-19 12:00:00+00:00', '2023-04-19 13:00:00+00:00', '2023-04-19 14:00:00+00:00', '2023-04-19 15:00:00+00:00', '2023-04-19 16:00:00+00:00', '2023-04-19 17:00:00+00:00', '2023-04-19 18:00:00+00:00', '2023-04-19 19:00:00+00:00', '2023-04-19 20:00:00+00:00', '2023-04-19 21:00:00+00:00', '2023-04-19 22:00:00+00:00', '2023-04-19 23:00:00+00:00']",16,3.051,6.326,20.7
2023-04-19,H1.Z11,WQ,"['2023-04-19 18:00:00+00:00', '2023-04-19 19:00:00+00:00', '2023-04-19 20:00:00+00:00', '2023-04-19 21:00:00+00:00', '2023-04-19 22:00:00+00:00', '2023-04-19 23:00:00+00:00']",6,3.05,233023.804,233018.638
2023-04-19,H1.Z11,WQ_in,"['2023-04-19 18:00:00+00:00', '2023-04-19 19:00:00+00:00', '2023-04-19 20:00:00+00:00', '2023-04-19 21:00:00+00:00', '2023-04-19 22:00:00+00:00', '2023-04-19 23:00:00+00:00']",6,3.05,233023.834,233018.668
2023-04-19,H2.K21,qv,"['2023-04-19 07:00:00+00:00', '2023-04-19 08:00:00+00:00', '2023-04-19 09:00:00+00:00', '2023-04-19 11:00:00+00:00', '2023-04-19 12:00:00+00:00', '2023-04-19 13:00:00+00:00', '2023-04-19 14:00:00+00:00', '2023-04-19 15:00:00+00:00', '2023-04-19 16:00:00+00:00', '2023-04-19 17:00:00+00:00', '2023-04-19 18:00:00+00:00', '2023-04-19 19:00:00+00:00', '2023-04-19 20:00:00+00:00', '2023-04-19 21:00:00+00:00', '2023-04-19 22:00:00+00:00', '2023-04-19 23:00:00+00:00']",16,3.041,7.085,23.566
2023-04-19,H1.Z22,PF1,"['2023-04-19 19:00:00+00:00', '2023-04-19 20:00:00+00:00']",2,3.038,-0.261,-0.444
2023-04-19,H2.Z69,P,['2023-04-19 08:00:00+00:00'],1,3.033,1633.608,1770.214
2023-04-19,H3.Z41,P1,['2023-04-19 06:00:00+00:00'],1,3.031,2605.872,1669.001
2023-04-19,H1.Z12,WQ,"['2023-04-19 20:00:00+00:00', '2023-04-19 21:00:00+00:00', '2023-04-19 22:00:00+00:00', '2023-04-19 23:00:00+00:00']",4,3.026,235994.537,235989.493
2023-04-19,H1.Z12,WQ_in,"['2023-04-19 20:00:00+00:00', '2023-04-19 21:00:00+00:00', '2023-04-19 22:00:00+00:00', '2023-04-19 23:00:00+00:00']",4,3.025,235997.863,235992.819
2023-04-20,H3.Z49,P3,"['2023-04-20 06:00:00+00:00', '2023-04-20 07:00:00+00:00', '2023-04-20 08:00:00+00:00', '2023-04-20 09:00:00+00:00', '2023-04-20 10:00:00+00:00', '2023-04-20 11:00:00+00:00', '2023-04-20 12:00:00+00:00', '2023-04-20 13:00:00+00:00', '2023-04-20 14:00:00+00:00']",9,1322.149,116.719,8.707
2023-04-20,H3.Z49,P,"['2023-04-20 06:00:00+00:00', '2023-04-20 07:00:00+00:00', '2023-04-20 08:00:00+00:00', '2023-04-20 09:00:00+00:00', '2023-04-20 10:00:00+00:00', '2023-04-20 11:00:00+00:00', '2023-04-20 12:00:00+00:00', '2023-04-20 13:00:00+00:00', '2023-04-20 14:00:00+00:00']",9,1209.43,361.523,37.428
2023-04-20,H3.Z49,I2,"['2023-04-20 06:00:00+00:00', '2023-04-20 07:00:00+00:00', '2023-04-20 08:00:00+00:00', '2023-04-20 09:00:00+00:00', '2023-04-20 10:00:00+00:00', '2023-04-20 11:00:00+00:00', '2023-04-20 12:00:00+00:00', '2023-04-20 13:00:00+00:00', '2023-04-20 14:00:00+00:00']",9,958.436,1.135,0.547
2023-04-20,H3.Z49,P2,"['2023-04-20 06:00:00+00:00', '2023-04-20 07:00:00+00:00', '2023-04-20 08:00:00+00:00', '2023-04-20 09:00:00+00:00', '2023-04-20 10:00:00+00:00', '2023-04-20 11:00:00+00:00', '2023-04-20 12:00:00+00:00', '2023-04-20 13:00:00+00:00', '2023-04-20 14:00:00+00:00']",9,898.838,135.707,25.061
2023-04-20,H3.Z49,I3,"['2023-04-20 06:00:00+00:00', '2023-04-20 07:00:00+00:00', '2023-04-20 08:00:00+00:00', '2023-04-20 09:00:00+00:00', '2023-04-20 10:00:00+00:00', '2023-04-20 11:00:00+00:00', '2023-04-20 12:00:00+00:00', '2023-04-20 13:00:00+00:00', '2023-04-20 14:00:00+00:00']",9,859.379,1.065,0.471
2023-04-20,H3.Z49,I1,"['2023-04-20 06:00:00+00:00', '2023-04-20 07:00:00+00:00', '2023-04-20 08:00:00+00:00', '2023-04-20 09:00:00+00:00', '2023-04-20 10:00:00+00:00', '2023-04-20 11:00:00+00:00', '2023-04-20 12:00:00+00:00', '2023-04-20 13:00:00+00:00', '2023-04-20 14:00:00+00:00']",9,456.053,1.046,0.491
2023-04-20,H3.Z49,P1,"['2023-04-20 06:00:00+00:00', '2023-04-20 07:00:00+00:00', '2023-04-20 08:00:00+00:00', '2023-04-20 09:00:00+00:00', '2023-04-20 10:00:00+00:00', '2023-04-20 11:00:00+00:00', '2023-04-20 12:00:00+00:00', '2023-04-20 13:00:00+00:00', '2023-04-20 14:00:00+00:00']",9,354.103,109.133,3.664
2023-04-20,H1.K16,P,"['2023-04-20 11:00:00+00:00', '2023-04-20 12:00:00+00:00']",2,227.374,8552.045,3970.53
2023-04-20,H1.Z16,PF,"['2023-04-20 11:00:00+00:00', '2023-04-20 12:00:00+00:00', '2023-04-20 13:00:00+00:00', '2023-04-20 14:00:00+00:00', '2023-04-20 15:00:00+00:00', '2023-04-20 21:00:00+00:00', '2023-04-20 22:00:00+00:00']",7,181.685,0.994,0.994
2023-04-20,H3.Z49,PF,"['2023-04-20 06:00:00+00:00', '2023-04-20 07:00:00+00:00', '2023-04-20 08:00:00+00:00', '2023-04-20 09:00:00+00:00', '2023-04-20 10:00:00+00:00', '2023-04-20 11:00:00+00:00', '2023-04-20 12:00:00+00:00', '2023-04-20 13:00:00+00:00', '2023-04-20 14:00:00+00:00']",9,153.034,0.231,0.105
2023-04-20,H1.Z16,I1,"['2023-04-20 11:00:00+00:00', '2023-04-20 12:00:00+00:00', '2023-04-20 13:00:00+00:00', '2023-04-20 14:00:00+00:00']",4,129.85,1.203,1.112
2023-04-20,H1.Z16,I2,"['2023-04-20 11:00:00+00:00', '2023-04-20 12:00:00+00:00', '2023-04-20 13:00:00+00:00', '2023-04-20 14:00:00+00:00']",4,129.512,1.206,1.116
2023-04-20,H3.Z49,PF3,"['2023-04-20 06:00:00+00:00', '2023-04-20 07:00:00+00:00', '2023-04-20 08:00:00+00:00', '2023-04-20 09:00:00+00:00', '2023-04-20 10:00:00+00:00', '2023-04-20 11:00:00+00:00', '2023-04-20 12:00:00+00:00', '2023-04-20 13:00:00+00:00', '2023-04-20 14:00:00+00:00']",9,125.173,0.178,0.077
2023-04-20,H1.K11,P,"['2023-04-20 11:00:00+00:00', '2023-04-20 12:00:00+00:00']",2,122.592,23976.701,10091.885
2023-04-20,H3.Z49,PF2,"['2023-04-20 06:00:00+00:00', '2023-04-20 07:00:00+00:00', '2023-04-20 08:00:00+00:00', '2023-04-20 09:00:00+00:00', '2023-04-20 10:00:00+00:00', '2023-04-20 11:00:00+00:00', '2023-04-20 12:00:00+00:00', '2023-04-20 13:00:00+00:00', '2023-04-20 14:00:00+00:00']",9,83.388,0.286,0.193
2023-04-20,H2.ZE66,PF,"['2023-04-20 11:00:00+00:00', '2023-04-20 13:00:00+00:00', '2023-04-20 16:00:00+00:00', '2023-04-20 17:00:00+00:00', '2023-04-20 20:00:00+00:00', '2023-04-20 22:00:00+00:00']",6,81.549,0.62,0.49
2023-04-20,H3.Z49,Q,"['2023-04-20 06:00:00+00:00', '2023-04-20 07:00:00+00:00', '2023-04-20 08:00:00+00:00', '2023-04-20 09:00:00+00:00', '2023-04-20 10:00:00+00:00', '2023-04-20 11:00:00+00:00', '2023-04-20 12:00:00+00:00', '2023-04-20 13:00:00+00:00']",8,80.253,-278.195,-326.465
2023-04-20,H1.Z11,PF3,"['2023-04-20 09:00:00+00:00', '2023-04-20 10:00:00+00:00', '2023-04-20 11:00:00+00:00']",3,70.747,0.028,0.001
2023-04-20,H1.Z16,P2,"['2023-04-20 11:00:00+00:00', '2023-04-20 12:00:00+00:00', '2023-04-20 13:00:00+00:00', '2023-04-20 14:00:00+00:00']",4,68.189,224.96,206.729
2023-04-20,H1.Z16,P,"['2023-04-20 11:00:00+00:00', '2023-04-20 12:00:00+00:00', '2023-04-20 13:00:00+00:00', '2023-04-20 14:00:00+00:00']",4,61.425,477.968,440.977
2023-04-20,H1.Z11,PF,"['2023-04-20 09:00:00+00:00', '2023-04-20 10:00:00+00:00', '2023-04-20 11:00:00+00:00']",3,61.171,0.985,0.996
2023-04-20,H1.Z16,P1,"['2023-04-20 11:00:00+00:00', '2023-04-20 12:00:00+00:00', '2023-04-20 13:00:00+00:00', '2023-04-20 14:00:00+00:00']",4,55.847,253.007,234.249
2023-04-20,H1.Z11,I3,"['2023-04-20 09:00:00+00:00', '2023-04-20 10:00:00+00:00', '2023-04-20 11:00:00+00:00']",3,53.387,1.87,0.049
2023-04-20,H1.Z11,Q,"['2023-04-20 09:00:00+00:00', '2023-04-20 10:00:00+00:00', '2023-04-20 11:00:00+00:00']",3,49.938,858.01,39.317
2023-04-20,H1.Z11,P3,"['2023-04-20 09:00:00+00:00', '2023-04-20 10:00:00+00:00', '2023-04-20 11:00:00+00:00']",3,49.931,296.362,8.26
2023-04-20,H1.Z12,I2,"['2023-04-20 09:00:00+00:00', '2023-04-20 10:00:00+00:00', '2023-04-20 11:00:00+00:00']",3,49.184,2.381,0.507
2023-04-20,H1.Z11,I2,"['2023-04-20 09:00:00+00:00', '2023-04-20 10:00:00+00:00', '2023-04-20 11:00:00+00:00']",3,48.335,2.331,0.495
2023-04-20,H1.Z11,I1,"['2023-04-20 09:00:00+00:00', '2023-04-20 10:00:00+00:00', '2023-04-20 11:00:00+00:00']",3,47.597,2.286,0.502
2023-04-20,H1.Z12,P2,"['2023-04-20 09:00:00+00:00', '2023-04-20 10:00:00+00:00', '2023-04-20 11:00:00+00:00']",3,47.271,392.337,93.073
2023-04-20,H1.Z11,P2,"['2023-04-20 09:00:00+00:00', '2023-04-20 10:00:00+00:00', '2023-04-20 11:00:00+00:00']",3,46.759,384.954,92.317
2023-04-20,H1.Z12,I1,"['2023-04-20 09:00:00+00:00', '2023-04-20 10:00:00+00:00', '2023-04-20 11:00:00+00:00']",3,46.577,2.267,0.498
2023-04-20,H1.Z12,P,"['2023-04-20 09:00:00+00:00', '2023-04-20 10:00:00+00:00', '2023-04-20 11:00:00+00:00']",3,46.509,1072.682,203.94
2023-04-20,H1.Z12,P1,"['2023-04-20 09:00:00+00:00', '2023-04-20 10:00:00+00:00', '2023-04-20 11:00:00+00:00']",3,46.287,384.904,100.65
2023-04-20,H1.Z11,P1,"['2023-04-20 09:00:00+00:00', '2023-04-20 10:00:00+00:00', '2023-04-20 11:00:00+00:00']",3,46.156,391.99,103.131
2023-04-20,H1.Z11,P,"['2023-04-20 09:00:00+00:00', '2023-04-20 10:00:00+00:00', '2023-04-20 11:00:00+00:00']",3,46.138,1066.193,204.333
2023-04-20,H1.Z12,Q,"['2023-04-20 09:00:00+00:00', '2023-04-20 10:00:00+00:00', '2023-04-20 11:00:00+00:00']",3,45.827,878.225,40.024
2023-04-20,H1.Z12,P3,"['2023-04-20 09:00:00+00:00', '2023-04-20 10:00:00+00:00', '2023-04-20 11:00:00+00:00']",3,44.287,297.748,10.628
2023-04-20,H1.Z12,I3,"['2023-04-20 09:00:00+00:00', '2023-04-20 10:00:00+00:00', '2023-04-20 11:00:00+00:00']",3,42.399,1.916,0.089
2023-04-20,H1.Z11,PF1,"['2023-04-20 09:00:00+00:00', '2023-04-20 10:00:00+00:00', '2023-04-20 11:00:00+00:00', '2023-04-20 12:00:00+00:00']",4,42.011,0.903,0.913
2023-04-20,H1.Z12,PF,"['2023-04-20 09:00:00+00:00', '2023-04-20 10:00:00+00:00', '2023-04-20 11:00:00+00:00']",3,40.46,0.987,0.997
2023-04-20,H3.Z49,PF1,"['2023-04-20 06:00:00+00:00', '2023-04-20 07:00:00+00:00', '2023-04-20 08:00:00+00:00', '2023-04-20 09:00:00+00:00', '2023-04-20 10:00:00+00:00', '2023-04-20 11:00:00+00:00', '2023-04-20 12:00:00+00:00', '2023-04-20 13:00:00+00:00']",8,39.127,0.156,0.031
2023-04-20,H3.Z45,WQ_in,"['2023-04-20 08:00:00+00:00', '2023-04-20 09:00:00+00:00', '2023-04-20 10:00:00+00:00', '2023-04-20 11:00:00+00:00', '2023-04-20 12:00:00+00:00', '2023-04-20 13:00:00+00:00', '2023-04-20 14:00:00+00:00', '2023-04-20 15:00:00+00:00', '2023-04-20 16:00:00+00:00', '2023-04-20 17:00:00+00:00', '2023-04-20 18:00:00+00:00', '2023-04-20 19:00:00+00:00', '2023-04-20 20:00:00+00:00', '2023-04-20 21:00:00+00:00', '2023-04-20 22:00:00+00:00', '2023-04-20 23:00:00+00:00']",16,38.162,62175.456,62174.601
2023-04-20,H1.Z16,PF2,"['2023-04-20 11:00:00+00:00', '2023-04-20 12:00:00+00:00', '2023-04-20 13:00:00+00:00', '2023-04-20 15:00:00+00:00']",4,37.127,0.807,0.806
2023-04-20,V.K21,P,"['2023-04-20 11:00:00+00:00', '2023-04-20 12:00:00+00:00']",2,36.896,40427.118,35366.88
2023-04-20,H1.K11,Trl,"['2023-04-20 09:00:00+00:00', '2023-04-20 10:00:00+00:00', '2023-04-20 11:00:00+00:00', '2023-04-20 12:00:00+00:00', '2023-04-20 13:00:00+00:00']",5,33.19,4.942,5.447
2023-04-20,V.K21,Tvl,"['2023-04-20 09:00:00+00:00', '2023-04-20 10:00:00+00:00', '2023-04-20 11:00:00+00:00', '2023-04-20 12:00:00+00:00', '2023-04-20 13:00:00+00:00']",5,32.499,4.248,4.626
2023-04-20,H1.K11,Tvl,"['2023-04-20 09:00:00+00:00', '2023-04-20 10:00:00+00:00', '2023-04-20 11:00:00+00:00', '2023-04-20 12:00:00+00:00', '2023-04-20 13:00:00+00:00']",5,31.567,4.27,4.64
2023-04-20,H1.Z16,PF1,"['2023-04-20 11:00:00+00:00', '2023-04-20 12:00:00+00:00', '2023-04-20 13:00:00+00:00']",3,31.183,0.914,0.915
2023-04-20,H1.K16,Tvl,"['2023-04-20 09:00:00+00:00', '2023-04-20 10:00:00+00:00', '2023-04-20 11:00:00+00:00', '2023-04-20 12:00:00+00:00', '2023-04-20 13:00:00+00:00']",5,29.903,4.381,4.743
2023-04-20,H1.Z12,PF1,"['2023-04-20 09:00:00+00:00', '2023-04-20 10:00:00+00:00', '2023-04-20 11:00:00+00:00', '2023-04-20 12:00:00+00:00']",4,27.388,0.894,0.902
2023-04-20,H3.Z45,Q,"['2023-04-20 07:00:00+00:00', '2023-04-20 08:00:00+00:00', '2023-04-20 09:00:00+00:00', '2023-04-20 10:00:00+00:00', '2023-04-20 11:00:00+00:00', '2023-04-20 12:00:00+00:00', '2023-04-20 13:00:00+00:00', '2023-04-20 14:00:00+00:00', '2023-04-20 15:00:00+00:00', '2023-04-20 16:00:00+00:00', '2023-04-20 17:00:00+00:00', '2023-04-20 18:00:00+00:00', '2023-04-20 19:00:00+00:00', '2023-04-20 20:00:00+00:00', '2023-04-20 21:00:00+00:00', '2023-04-20 22:00:00+00:00', '2023-04-20 23:00:00+00:00']",17,19.854,-181.779,-845.855
2023-04-20,H1.W12,qv,"['2023-04-20 08:00:00+00:00', '2023-04-20 09:00:00+00:00', '2023-04-20 12:00:00+00:00']",3,16.54,15.281,15.8
2023-04-20,V.K21,Trl,"['2023-04-20 09:00:00+00:00', '2023-04-20 10:00:00+00:00', '2023-04-20 11:00:00+00:00', '2023-04-20 12:00:00+00:00', '2023-04-20 13:00:00+00:00']",5,16.457,5.281,5.735
2023-04-20,H1.Z12,PF2,"['2023-04-20 09:00:00+00:00', '2023-04-20 11:00:00+00:00', '2023-04-20 12:00:00+00:00']",3,14.474,0.804,0.808
2023-04-20,H1.K15,Tdiff,"['2023-04-20 05:00:00+00:00', '2023-04-20 09:00:00+00:00', '2023-04-20 10:00:00+00:00', '2023-04-20 11:00:00+00:00', '2023-04-20 12:00:00+00:00', '2023-04-20 13:00:00+00:00']",6,12.324,-10959.549,-10705.916
2023-04-20,H1.Z11,PF2,"['2023-04-20 09:00:00+00:00', '2023-04-20 11:00:00+00:00', '2023-04-20 12:00:00+00:00']",3,12.185,0.812,0.824
2023-04-20,H1.K15,Tvl,"['2023-04-20 10:00:00+00:00', '2023-04-20 11:00:00+00:00', '2023-04-20 12:00:00+00:00', '2023-04-20 13:00:00+00:00']",4,12.012,8.75,9.485
2023-04-20,H1.Z21,WQ_in,"['2023-04-20 00:00:00+00:00', '2023-04-20 01:00:00+00:00', '2023-04-20 02:00:00+00:00', '2023-04-20 03:00:00+00:00', '2023-04-20 04:00:00+00:00', '2023-04-20 05:00:00+00:00', '2023-04-20 06:00:00+00:00', '2023-04-20 07:00:00+00:00', '2023-04-20 08:00:00+00:00', '2023-04-20 09:00:00+00:00', '2023-04-20 10:00:00+00:00', '2023-04-20 11:00:00+00:00', '2023-04-20 12:00:00+00:00', '2023-04-20 13:00:00+00:00', '2023-04-20 14:00:00+00:00', '2023-04-20 15:00:00+00:00', '2023-04-20 16:00:00+00:00', '2023-04-20 17:00:00+00:00', '2023-04-20 18:00:00+00:00', '2023-04-20 19:00:00+00:00', '2023-04-20 20:00:00+00:00', '2023-04-20 21:00:00+00:00', '2023-04-20 22:00:00+00:00', '2023-04-20 23:00:00+00:00']",24,10.88,6296.186,6296.158
2023-04-20,H1.Z12,WQ,"['2023-04-20 11:00:00+00:00', '2023-04-20 12:00:00+00:00', '2023-04-20 13:00:00+00:00', '2023-04-20 14:00:00+00:00', '2023-04-20 15:00:00+00:00', '2023-04-20 16:00:00+00:00', '2023-04-20 17:00:00+00:00', '2023-04-20 18:00:00+00:00', '2023-04-20 19:00:00+00:00', '2023-04-20 20:00:00+00:00', '2023-04-20 21:00:00+00:00', '2023-04-20 22:00:00+00:00', '2023-04-20 23:00:00+00:00']",13,10.523,236005.071,235990.41
2023-04-20,H1.Z12,WQ_in,"['2023-04-20 11:00:00+00:00', '2023-04-20 12:00:00+00:00', '2023-04-20 13:00:00+00:00', '2023-04-20 14:00:00+00:00', '2023-04-20 15:00:00+00:00', '2023-04-20 16:00:00+00:00', '2023-04-20 17:00:00+00:00', '2023-04-20 18:00:00+00:00', '2023-04-20 19:00:00+00:00', '2023-04-20 20:00:00+00:00', '2023-04-20 21:00:00+00:00', '2023-04-20 22:00:00+00:00', '2023-04-20 23:00:00+00:00']",13,10.523,236008.396,235993.735
2023-04-20,H1.Z11,WQ_in,"['2023-04-20 11:00:00+00:00', '2023-04-20 12:00:00+00:00', '2023-04-20 13:00:00+00:00', '2023-04-20 14:00:00+00:00', '2023-04-20 15:00:00+00:00', '2023-04-20 16:00:00+00:00', '2023-04-20 17:00:00+00:00', '2023-04-20 18:00:00+00:00', '2023-04-20 19:00:00+00:00', '2023-04-20 20:00:00+00:00', '2023-04-20 21:00:00+00:00', '2023-04-20 22:00:00+00:00', '2023-04-20 23:00:00+00:00']",13,10.191,233034.182,233019.617
2023-04-20,H1.Z11,WQ,"['2023-04-20 11:00:00+00:00', '2023-04-20 12:00:00+00:00', '2023-04-20 13:00:00+00:00', '2023-04-20 14:00:00+00:00', '2023-04-20 15:00:00+00:00', '2023-04-20 16:00:00+00:00', '2023-04-20 17:00:00+00:00', '2023-04-20 18:00:00+00:00', '2023-04-20 19:00:00+00:00', '2023-04-20 20:00:00+00:00', '2023-04-20 21:00:00+00:00', '2023-04-20 22:00:00+00:00', '2023-04-20 23:00:00+00:00']",13,10.19,233034.152,233019.586
2023-04-20,H2.Z66,WQ,"['2023-04-20 15:00:00+00:00', '2023-04-20 16:00:00+00:00', '2023-04-20 17:00:00+00:00', '2023-04-20 18:00:00+00:00', '2023-04-20 19:00:00+00:00', '2023-04-20 20:00:00+00:00', '2023-04-20 21:00:00+00:00', '2023-04-20 22:00:00+00:00', '2023-04-20 23:00:00+00:00']",9,8.269,150067.935,150053.602
2023-04-20,H2.Z66,WQ_in,"['2023-04-20 15:00:00+00:00', '2023-04-20 16:00:00+00:00', '2023-04-20 17:00:00+00:00', '2023-04-20 18:00:00+00:00', '2023-04-20 19:00:00+00:00', '2023-04-20 20:00:00+00:00', '2023-04-20 21:00:00+00:00', '2023-04-20 22:00:00+00:00', '2023-04-20 23:00:00+00:00']",9,8.269,150067.935,150053.603
2023-04-20,H2.ZE66,W3,"['2023-04-20 15:00:00+00:00', '2023-04-20 16:00:00+00:00', '2023-04-20 17:00:00+00:00', '2023-04-20 18:00:00+00:00', '2023-04-20 19:00:00+00:00', '2023-04-20 20:00:00+00:00', '2023-04-20 21:00:00+00:00', '2023-04-20 22:00:00+00:00', '2023-04-20 23:00:00+00:00']",9,8.224,8878.905,8873.288
2023-04-20,H2.ZE66,W2,"['2023-04-20 15:00:00+00:00', '2023-04-20 16:00:00+00:00', '2023-04-20 17:00:00+00:00', '2023-04-20 18:00:00+00:00', '2023-04-20 19:00:00+00:00', '2023-04-20 20:00:00+00:00', '2023-04-20 21:00:00+00:00', '2023-04-20 22:00:00+00:00', '2023-04-20 23:00:00+00:00']",9,8.22,8677.346,8671.651
2023-04-20,H2.Z66,W,"['2023-04-20 15:00:00+00:00', '2023-04-20 16:00:00+00:00', '2023-04-20 17:00:00+00:00', '2023-04-20 18:00:00+00:00', '2023-04-20 19:00:00+00:00', '2023-04-20 20:00:00+00:00', '2023-04-20 21:00:00+00:00', '2023-04-20 22:00:00+00:00', '2023-04-20 23:00:00+00:00']",9,8.085,216890.785,216872.228
2023-04-20,H2.Z66,W_in,"['2023-04-20 15:00:00+00:00', '2023-04-20 16:00:00+00:00', '2023-04-20 17:00:00+00:00', '2023-04-20 18:00:00+00:00', '2023-04-20 19:00:00+00:00', '2023-04-20 20:00:00+00:00', '2023-04-20 21:00:00+00:00', '2023-04-20 22:00:00+00:00', '2023-04-20 23:00:00+00:00']",9,8.085,216890.785,216872.228
2023-04-20,H2.ZE66,W,"['2023-04-20 15:00:00+00:00', '2023-04-20 16:00:00+00:00', '2023-04-20 17:00:00+00:00', '2023-04-20 18:00:00+00:00', '2023-04-20 19:00:00+00:00', '2023-04-20 20:00:00+00:00', '2023-04-20 21:00:00+00:00', '2023-04-20 22:00:00+00:00', '2023-04-20 23:00:00+00:00']",9,8.08,26243.225,26224.818
2023-04-20,H2.ZE66,W_in,"['2023-04-20 15:00:00+00:00', '2023-04-20 16:00:00+00:00', '2023-04-20 17:00:00+00:00', '2023-04-20 18:00:00+00:00', '2023-04-20 19:00:00+00:00', '2023-04-20 20:00:00+00:00', '2023-04-20 21:00:00+00:00', '2023-04-20 22:00:00+00:00', '2023-04-20 23:00:00+00:00']",9,8.079,26243.236,26224.83
2023-04-20,H1.Z20,WQ,"['2023-04-20 00:00:00+00:00', '2023-04-20 01:00:00+00:00', '2023-04-20 02:00:00+00:00', '2023-04-20 03:00:00+00:00', '2023-04-20 04:00:00+00:00', '2023-04-20 05:00:00+00:00', '2023-04-20 06:00:00+00:00', '2023-04-20 07:00:00+00:00', '2023-04-20 08:00:00+00:00', '2023-04-20 09:00:00+00:00', '2023-04-20 10:00:00+00:00', '2023-04-20 11:00:00+00:00', '2023-04-20 12:00:00+00:00', '2023-04-20 13:00:00+00:00', '2023-04-20 14:00:00+00:00', '2023-04-20 15:00:00+00:00', '2023-04-20 16:00:00+00:00', '2023-04-20 17:00:00+00:00', '2023-04-20 18:00:00+00:00', '2023-04-20 19:00:00+00:00', '2023-04-20 20:00:00+00:00', '2023-04-20 21:00:00+00:00', '2023-04-20 22:00:00+00:00', '2023-04-20 23:00:00+00:00']",24,7.778,-256873.233,-256448.387
2023-04-20,H2.ZE66,W1,"['2023-04-20 15:00:00+00:00', '2023-04-20 16:00:00+00:00', '2023-04-20 17:00:00+00:00', '2023-04-20 18:00:00+00:00', '2023-04-20 19:00:00+00:00', '2023-04-20 20:00:00+00:00', '2023-04-20 21:00:00+00:00', '2023-04-20 22:00:00+00:00', '2023-04-20 23:00:00+00:00']",9,7.604,8686.973,8679.88
2023-04-20,H1.K16,Trl,"['2023-04-20 10:00:00+00:00', '2023-04-20 11:00:00+00:00', '2023-04-20 12:00:00+00:00', '2023-04-20 13:00:00+00:00']",4,6.906,10.457,12.25
2023-04-20,H1.Z17,I1,['2023-04-20 11:00:00+00:00'],1,6.851,76.747,71.771
2023-04-20,H3.Z43,PF3,"['2023-04-20 03:00:00+00:00', '2023-04-20 04:00:00+00:00', '2023-04-20 05:00:00+00:00', '2023-04-20 06:00:00+00:00']",4,6.765,0.51,0.672
2023-04-20,H3.Z49,W,"['2023-04-20 10:00:00+00:00', '2023-04-20 11:00:00+00:00', '2023-04-20 12:00:00+00:00', '2023-04-20 13:00:00+00:00', '2023-04-20 14:00:00+00:00', '2023-04-20 15:00:00+00:00', '2023-04-20 16:00:00+00:00', '2023-04-20 17:00:00+00:00', '2023-04-20 18:00:00+00:00', '2023-04-20 19:00:00+00:00', '2023-04-20 20:00:00+00:00', '2023-04-20 21:00:00+00:00', '2023-04-20 22:00:00+00:00', '2023-04-20 23:00:00+00:00']",14,6.593,18086.95,18079.349
2023-04-20,H3.Z49,W_in,"['2023-04-20 10:00:00+00:00', '2023-04-20 11:00:00+00:00', '2023-04-20 12:00:00+00:00', '2023-04-20 13:00:00+00:00', '2023-04-20 14:00:00+00:00', '2023-04-20 15:00:00+00:00', '2023-04-20 16:00:00+00:00', '2023-04-20 17:00:00+00:00', '2023-04-20 18:00:00+00:00', '2023-04-20 19:00:00+00:00', '2023-04-20 20:00:00+00:00', '2023-04-20 21:00:00+00:00', '2023-04-20 22:00:00+00:00', '2023-04-20 23:00:00+00:00']",14,6.593,18086.948,18079.346
2023-04-20,H1.K15,Trl,"['2023-04-20 02:00:00+00:00', '2023-04-20 03:00:00+00:00', '2023-04-20 04:00:00+00:00', '2023-04-20 05:00:00+00:00']",4,6.559,19.784,20.051
2023-04-20,H1.Z29,W2,"['2023-04-20 00:00:00+00:00', '2023-04-20 01:00:00+00:00', '2023-04-20 02:00:00+00:00', '2023-04-20 03:00:00+00:00', '2023-04-20 04:00:00+00:00', '2023-04-20 05:00:00+00:00', '2023-04-20 06:00:00+00:00', '2023-04-20 07:00:00+00:00', '2023-04-20 08:00:00+00:00', '2023-04-20 09:00:00+00:00', '2023-04-20 10:00:00+00:00', '2023-04-20 11:00:00+00:00', '2023-04-20 12:00:00+00:00', '2023-04-20 13:00:00+00:00', '2023-04-20 14:00:00+00:00', '2023-04-20 15:00:00+00:00', '2023-04-20 16:00:00+00:00', '2023-04-20 17:00:00+00:00', '2023-04-20 18:00:00+00:00', '2023-04-20 19:00:00+00:00', '2023-04-20 20:00:00+00:00', '2023-04-20 21:00:00+00:00', '2023-04-20 22:00:00+00:00', '2023-04-20 23:00:00+00:00']",24,6.491,-789368.404,-787483.253
2023-04-20,H1.Z12,PF3,['2023-04-20 11:00:00+00:00'],1,6.433,0.135,0.112
2023-04-20,H1.Z29,W,"['2023-04-20 00:00:00+00:00', '2023-04-20 01:00:00+00:00', '2023-04-20 02:00:00+00:00', '2023-04-20 03:00:00+00:00', '2023-04-20 04:00:00+00:00', '2023-04-20 05:00:00+00:00', '2023-04-20 06:00:00+00:00', '2023-04-20 07:00:00+00:00', '2023-04-20 08:00:00+00:00', '2023-04-20 09:00:00+00:00', '2023-04-20 10:00:00+00:00', '2023-04-20 11:00:00+00:00', '2023-04-20 12:00:00+00:00', '2023-04-20 13:00:00+00:00', '2023-04-20 14:00:00+00:00', '2023-04-20 15:00:00+00:00', '2023-04-20 16:00:00+00:00', '2023-04-20 17:00:00+00:00', '2023-04-20 18:00:00+00:00', '2023-04-20 19:00:00+00:00', '2023-04-20 20:00:00+00:00', '2023-04-20 21:00:00+00:00', '2023-04-20 22:00:00+00:00', '2023-04-20 23:00:00+00:00']",24,6.411,-2368695.173,-2362919.43
2023-04-20,H1.Z29,W1,"['2023-04-20 00:00:00+00:00', '2023-04-20 01:00:00+00:00', '2023-04-20 02:00:00+00:00', '2023-04-20 03:00:00+00:00', '2023-04-20 04:00:00+00:00', '2023-04-20 05:00:00+00:00', '2023-04-20 06:00:00+00:00', '2023-04-20 07:00:00+00:00', '2023-04-20 08:00:00+00:00', '2023-04-20 09:00:00+00:00', '2023-04-20 10:00:00+00:00', '2023-04-20 11:00:00+00:00', '2023-04-20 12:00:00+00:00', '2023-04-20 13:00:00+00:00', '2023-04-20 14:00:00+00:00', '2023-04-20 15:00:00+00:00', '2023-04-20 16:00:00+00:00', '2023-04-20 17:00:00+00:00', '2023-04-20 18:00:00+00:00', '2023-04-20 19:00:00+00:00', '2023-04-20 20:00:00+00:00', '2023-04-20 21:00:00+00:00', '2023-04-20 22:00:00+00:00', '2023-04-20 23:00:00+00:00']",24,6.395,-850630.373,-848591.712
2023-04-20,H1.Z29,W3,"['2023-04-20 00:00:00+00:00', '2023-04-20 01:00:00+00:00', '2023-04-20 02:00:00+00:00', '2023-04-20 03:00:00+00:00', '2023-04-20 04:00:00+00:00', '2023-04-20 05:00:00+00:00', '2023-04-20 06:00:00+00:00', '2023-04-20 07:00:00+00:00', '2023-04-20 08:00:00+00:00', '2023-04-20 09:00:00+00:00', '2023-04-20 10:00:00+00:00', '2023-04-20 11:00:00+00:00', '2023-04-20 12:00:00+00:00', '2023-04-20 13:00:00+00:00', '2023-04-20 14:00:00+00:00', '2023-04-20 15:00:00+00:00', '2023-04-20 16:00:00+00:00', '2023-04-20 17:00:00+00:00', '2023-04-20 18:00:00+00:00', '2023-04-20 19:00:00+00:00', '2023-04-20 20:00:00+00:00', '2023-04-20 21:00:00+00:00', '2023-04-20 22:00:00+00:00', '2023-04-20 23:00:00+00:00']",24,6.346,-728697.273,-726845.358
2023-04-20,H1.W12,Tvl,"['2023-04-20 08:00:00+00:00', '2023-04-20 09:00:00+00:00', '2023-04-20 12:00:00+00:00']",3,6.263,75.017,77.025
2023-04-20,H3.Z43,PF,"['2023-04-20 03:00:00+00:00', '2023-04-20 04:00:00+00:00', '2023-04-20 05:00:00+00:00', '2023-04-20 06:00:00+00:00']",4,6.224,0.762,0.734
2023-04-20,H3.ZE43,PF3,"['2023-04-20 03:00:00+00:00', '2023-04-20 04:00:00+00:00', '2023-04-20 05:00:00+00:00', '2023-04-20 06:00:00+00:00']",4,6.166,0.747,0.712
2023-04-20,H2.ZE66,PF1,"['2023-04-20 11:00:00+00:00', '2023-04-20 13:00:00+00:00', '2023-04-20 14:00:00+00:00', '2023-04-20 15:00:00+00:00', '2023-04-20 16:00:00+00:00', '2023-04-20 17:00:00+00:00', '2023-04-20 18:00:00+00:00', '2023-04-20 19:00:00+00:00', '2023-04-20 20:00:00+00:00', '2023-04-20 21:00:00+00:00', '2023-04-20 22:00:00+00:00', '2023-04-20 23:00:00+00:00']",12,6.004,0.907,0.921
2023-04-20,H2.K21,Trl,"['2023-04-20 00:00:00+00:00', '2023-04-20 04:00:00+00:00', '2023-04-20 05:00:00+00:00', '2023-04-20 06:00:00+00:00', '2023-04-20 07:00:00+00:00', '2023-04-20 08:00:00+00:00', '2023-04-20 09:00:00+00:00', '2023-04-20 10:00:00+00:00', '2023-04-20 11:00:00+00:00', '2023-04-20 13:00:00+00:00', '2023-04-20 15:00:00+00:00', '2023-04-20 16:00:00+00:00', '2023-04-20 17:00:00+00:00', '2023-04-20 18:00:00+00:00', '2023-04-20 19:00:00+00:00', '2023-04-20 20:00:00+00:00', '2023-04-20 21:00:00+00:00', '2023-04-20 22:00:00+00:00', '2023-04-20 23:00:00+00:00']",19,5.99,15.411,6.419
2023-04-20,H1.Z17,PF2,['2023-04-20 11:00:00+00:00'],1,5.985,0.906,0.91
2023-04-20,H1.Z17,P1,['2023-04-20 11:00:00+00:00'],1,5.876,16322.134,15151.349
2023-04-20,H1.Z28,W_out,"['2023-04-20 00:00:00+00:00', '2023-04-20 01:00:00+00:00', '2023-04-20 02:00:00+00:00', '2023-04-20 03:00:00+00:00', '2023-04-20 04:00:00+00:00', '2023-04-20 05:00:00+00:00', '2023-04-20 06:00:00+00:00', '2023-04-20 07:00:00+00:00', '2023-04-20 08:00:00+00:00', '2023-04-20 09:00:00+00:00', '2023-04-20 10:00:00+00:00', '2023-04-20 11:00:00+00:00', '2023-04-20 12:00:00+00:00', '2023-04-20 13:00:00+00:00', '2023-04-20 14:00:00+00:00', '2023-04-20 15:00:00+00:00', '2023-04-20 16:00:00+00:00', '2023-04-20 17:00:00+00:00', '2023-04-20 18:00:00+00:00', '2023-04-20 19:00:00+00:00', '2023-04-20 20:00:00+00:00', '2023-04-20 21:00:00+00:00', '2023-04-20 22:00:00+00:00', '2023-04-20 23:00:00+00:00']",24,5.865,505636.582,504497.324
2023-04-20,H1.Z17,I3,['2023-04-20 11:00:00+00:00'],1,5.848,65.086,60.96
2023-04-20,H3.ZE43,PF1,"['2023-04-20 03:00:00+00:00', '2023-04-20 04:00:00+00:00', '2023-04-20 05:00:00+00:00', '2023-04-20 06:00:00+00:00']",4,5.841,0.798,0.769
2023-04-20,H1.Z17,PF1,['2023-04-20 11:00:00+00:00'],1,5.824,0.932,0.927
2023-04-20,H3.Z43,PF1,"['2023-04-20 03:00:00+00:00', '2023-04-20 04:00:00+00:00', '2023-04-20 05:00:00+00:00', '2023-04-20 06:00:00+00:00']",4,5.763,0.8,0.774
2023-04-20,H2.ZE66,PF3,"['2023-04-20 11:00:00+00:00', '2023-04-20 12:00:00+00:00', '2023-04-20 13:00:00+00:00', '2023-04-20 14:00:00+00:00', '2023-04-20 15:00:00+00:00', '2023-04-20 16:00:00+00:00', '2023-04-20 17:00:00+00:00', '2023-04-20 18:00:00+00:00', '2023-04-20 19:00:00+00:00', '2023-04-20 20:00:00+00:00', '2023-04-20 21:00:00+00:00', '2023-04-20 22:00:00+00:00', '2023-04-20 23:00:00+00:00']",13,5.731,0.974,0.997
2023-04-20,H2.K21,Tvl,"['2023-04-20 00:00:00+00:00', '2023-04-20 02:00:00+00:00', '2023-04-20 03:00:00+00:00', '2023-04-20 04:00:00+00:00', '2023-04-20 05:00:00+00:00', '2023-04-20 06:00:00+00:00', '2023-04-20 07:00:00+00:00', '2023-04-20 08:00:00+00:00', '2023-04-20 09:00:00+00:00', '2023-04-20 10:00:00+00:00', '2023-04-20 11:00:00+00:00', '2023-04-20 13:00:00+00:00', '2023-04-20 14:00:00+00:00', '2023-04-20 15:00:00+00:00', '2023-04-20 16:00:00+00:00', '2023-04-20 17:00:00+00:00', '2023-04-20 18:00:00+00:00', '2023-04-20 19:00:00+00:00', '2023-04-20 20:00:00+00:00', '2023-04-20 21:00:00+00:00', '2023-04-20 22:00:00+00:00', '2023-04-20 23:00:00+00:00']",22,5.694,15.423,6.011
2023-04-20,H1.Z15,W_out,"['2023-04-20 00:00:00+00:00', '2023-04-20 01:00:00+00:00', '2023-04-20 02:00:00+00:00', '2023-04-20 03:00:00+00:00', '2023-04-20 04:00:00+00:00', '2023-04-20 05:00:00+00:00', '2023-04-20 06:00:00+00:00', '2023-04-20 07:00:00+00:00', '2023-04-20 08:00:00+00:00', '2023-04-20 09:00:00+00:00', '2023-04-20 10:00:00+00:00', '2023-04-20 11:00:00+00:00', '2023-04-20 12:00:00+00:00', '2023-04-20 13:00:00+00:00', '2023-04-20 14:00:00+00:00', '2023-04-20 15:00:00+00:00', '2023-04-20 16:00:00+00:00', '2023-04-20 17:00:00+00:00', '2023-04-20 18:00:00+00:00', '2023-04-20 19:00:00+00:00', '2023-04-20 20:00:00+00:00', '2023-04-20 21:00:00+00:00', '2023-04-20 22:00:00+00:00', '2023-04-20 23:00:00+00:00']",24,5.654,937457.499,934690.489
2023-04-20,V.Z82,W_out,"['2023-04-20 00:00:00+00:00', '2023-04-20 01:00:00+00:00', '2023-04-20 02:00:00+00:00', '2023-04-20 03:00:00+00:00', '2023-04-20 04:00:00+00:00', '2023-04-20 05:00:00+00:00', '2023-04-20 06:00:00+00:00', '2023-04-20 07:00:00+00:00', '2023-04-20 08:00:00+00:00', '2023-04-20 09:00:00+00:00', '2023-04-20 10:00:00+00:00', '2023-04-20 11:00:00+00:00', '2023-04-20 12:00:00+00:00', '2023-04-20 13:00:00+00:00', '2023-04-20 14:00:00+00:00', '2023-04-20 15:00:00+00:00', '2023-04-20 16:00:00+00:00', '2023-04-20 17:00:00+00:00', '2023-04-20 18:00:00+00:00', '2023-04-20 19:00:00+00:00', '2023-04-20 20:00:00+00:00', '2023-04-20 21:00:00+00:00', '2023-04-20 22:00:00+00:00', '2023-04-20 23:00:00+00:00']",24,5.557,613607.695,611795.044
2023-04-20,H1.Z20,WQ_out,"['2023-04-20 00:00:00+00:00', '2023-04-20 01:00:00+00:00', '2023-04-20 02:00:00+00:00', '2023-04-20 03:00:00+00:00', '2023-04-20 04:00:00+00:00', '2023-04-20 05:00:00+00:00', '2023-04-20 06:00:00+00:00', '2023-04-20 07:00:00+00:00', '2023-04-20 08:00:00+00:00', '2023-04-20 09:00:00+00:00', '2023-04-20 10:00:00+00:00', '2023-04-20 11:00:00+00:00', '2023-04-20 12:00:00+00:00', '2023-04-20 13:00:00+00:00', '2023-04-20 14:00:00+00:00', '2023-04-20 15:00:00+00:00', '2023-04-20 16:00:00+00:00', '2023-04-20 17:00:00+00:00', '2023-04-20 18:00:00+00:00', '2023-04-20 19:00:00+00:00', '2023-04-20 20:00:00+00:00', '2023-04-20 21:00:00+00:00', '2023-04-20 22:00:00+00:00', '2023-04-20 23:00:00+00:00']",24,5.497,272586.591,272023.344
2023-04-20,H2.Z66,I2,"['2023-04-20 11:00:00+00:00', '2023-04-20 12:00:00+00:00', '2023-04-20 13:00:00+00:00', '2023-04-20 14:00:00+00:00', '2023-04-20 15:00:00+00:00', '2023-04-20 16:00:00+00:00', '2023-04-20 17:00:00+00:00', '2023-04-20 18:00:00+00:00', '2023-04-20 19:00:00+00:00', '2023-04-20 20:00:00+00:00', '2023-04-20 21:00:00+00:00', '2023-04-20 22:00:00+00:00', '2023-04-20 23:00:00+00:00']",13,5.464,4.662,0.569
2023-04-20,H1.K14,Tvl,"['2023-04-20 00:00:00+00:00', '2023-04-20 01:00:00+00:00', '2023-04-20 02:00:00+00:00', '2023-04-20 03:00:00+00:00', '2023-04-20 04:00:00+00:00', '2023-04-20 05:00:00+00:00', '2023-04-20 06:00:00+00:00', '2023-04-20 07:00:00+00:00', '2023-04-20 08:00:00+00:00', '2023-04-20 10:00:00+00:00', '2023-04-20 11:00:00+00:00', '2023-04-20 12:00:00+00:00', '2023-04-20 13:00:00+00:00', '2023-04-20 14:00:00+00:00', '2023-04-20 15:00:00+00:00', '2023-04-20 16:00:00+00:00', '2023-04-20 17:00:00+00:00', '2023-04-20 18:00:00+00:00', '2023-04-20 19:00:00+00:00', '2023-04-20 21:00:00+00:00', '2023-04-20 23:00:00+00:00']",21,5.422,17.589,6.185
2023-04-20,H1.Z17,I2,['2023-04-20 11:00:00+00:00'],1,5.404,68.956,69.335
2023-04-20,H1.Z22,WQ_out,"['2023-04-20 02:00:00+00:00', '2023-04-20 03:00:00+00:00', '2023-04-20 04:00:00+00:00', '2023-04-20 05:00:00+00:00', '2023-04-20 06:00:00+00:00', '2023-04-20 07:00:00+00:00', '2023-04-20 08:00:00+00:00', '2023-04-20 09:00:00+00:00', '2023-04-20 10:00:00+00:00', '2023-04-20 11:00:00+00:00', '2023-04-20 12:00:00+00:00', '2023-04-20 13:00:00+00:00', '2023-04-20 14:00:00+00:00', '2023-04-20 15:00:00+00:00', '2023-04-20 16:00:00+00:00', '2023-04-20 17:00:00+00:00', '2023-04-20 18:00:00+00:00', '2023-04-20 19:00:00+00:00', '2023-04-20 20:00:00+00:00', '2023-04-20 21:00:00+00:00', '2023-04-20 22:00:00+00:00', '2023-04-20 23:00:00+00:00']",22,5.365,178.74,178.566
2023-04-20,H2.Z67,PF2,"['2023-04-20 11:00:00+00:00', '2023-04-20 12:00:00+00:00', '2023-04-20 13:00:00+00:00', '2023-04-20 14:00:00+00:00', '2023-04-20 15:00:00+00:00', '2023-04-20 16:00:00+00:00', '2023-04-20 17:00:00+00:00', '2023-04-20 18:00:00+00:00', '2023-04-20 19:00:00+00:00', '2023-04-20 20:00:00+00:00', '2023-04-20 21:00:00+00:00', '2023-04-20 22:00:00+00:00', '2023-04-20 23:00:00+00:00']",13,5.338,0.135,0.251
2023-04-20,H2.Z66,I3,"['2023-04-20 11:00:00+00:00', '2023-04-20 12:00:00+00:00', '2023-04-20 13:00:00+00:00', '2023-04-20 14:00:00+00:00', '2023-04-20 15:00:00+00:00', '2023-04-20 16:00:00+00:00', '2023-04-20 17:00:00+00:00', '2023-04-20 18:00:00+00:00', '2023-04-20 19:00:00+00:00', '2023-04-20 20:00:00+00:00', '2023-04-20 21:00:00+00:00', '2023-04-20 22:00:00+00:00']",12,5.289,4.708,0.495
2023-04-20,V.Z81,W_out,"['2023-04-20 00:00:00+00:00', '2023-04-20 01:00:00+00:00', '2023-04-20 02:00:00+00:00', '2023-04-20 03:00:00+00:00', '2023-04-20 04:00:00+00:00', '2023-04-20 05:00:00+00:00', '2023-04-20 06:00:00+00:00', '2023-04-20 07:00:00+00:00', '2023-04-20 08:00:00+00:00', '2023-04-20 09:00:00+00:00', '2023-04-20 10:00:00+00:00', '2023-04-20 11:00:00+00:00', '2023-04-20 12:00:00+00:00', '2023-04-20 13:00:00+00:00', '2023-04-20 14:00:00+00:00', '2023-04-20 15:00:00+00:00', '2023-04-20 16:00:00+00:00', '2023-04-20 17:00:00+00:00', '2023-04-20 18:00:00+00:00', '2023-04-20 19:00:00+00:00', '2023-04-20 20:00:00+00:00', '2023-04-20 21:00:00+00:00', '2023-04-20 22:00:00+00:00', '2023-04-20 23:00:00+00:00']",24,5.1,870672.192,868075.532
2023-04-20,H1.K14,Trl,"['2023-04-20 00:00:00+00:00', '2023-04-20 01:00:00+00:00', '2023-04-20 02:00:00+00:00', '2023-04-20 03:00:00+00:00', '2023-04-20 04:00:00+00:00', '2023-04-20 05:00:00+00:00', '2023-04-20 06:00:00+00:00', '2023-04-20 07:00:00+00:00', '2023-04-20 08:00:00+00:00', '2023-04-20 10:00:00+00:00', '2023-04-20 11:00:00+00:00', '2023-04-20 12:00:00+00:00', '2023-04-20 13:00:00+00:00', '2023-04-20 14:00:00+00:00', '2023-04-20 15:00:00+00:00', '2023-04-20 16:00:00+00:00', '2023-04-20 17:00:00+00:00', '2023-04-20 18:00:00+00:00', '2023-04-20 19:00:00+00:00', '2023-04-20 21:00:00+00:00', '2023-04-20 23:00:00+00:00']",21,5.063,18.171,7.052
2023-04-20,H1.Z17,P,['2023-04-20 11:00:00+00:00'],1,5.037,43441.258,41297.29
2023-04-20,H1.W12,Trl,"['2023-04-20 08:00:00+00:00', '2023-04-20 09:00:00+00:00']",2,4.959,61.821,72.603
2023-04-20,H1.Z29,W_out,"['2023-04-20 01:00:00+00:00', '2023-04-20 02:00:00+00:00', '2023-04-20 03:00:00+00:00', '2023-04-20 04:00:00+00:00', '2023-04-20 05:00:00+00:00', '2023-04-20 06:00:00+00:00', '2023-04-20 07:00:00+00:00', '2023-04-20 08:00:00+00:00', '2023-04-20 09:00:00+00:00', '2023-04-20 10:00:00+00:00', '2023-04-20 11:00:00+00:00', '2023-04-20 12:00:00+00:00', '2023-04-20 13:00:00+00:00', '2023-04-20 14:00:00+00:00', '2023-04-20 15:00:00+00:00', '2023-04-20 16:00:00+00:00', '2023-04-20 17:00:00+00:00', '2023-04-20 18:00:00+00:00', '2023-04-20 19:00:00+00:00', '2023-04-20 20:00:00+00:00', '2023-04-20 21:00:00+00:00', '2023-04-20 22:00:00+00:00', '2023-04-20 23:00:00+00:00']",23,4.956,3001282.802,2994647.833
2023-04-20,H1.Z17,P3,['2023-04-20 11:00:00+00:00'],1,4.934,12913.24,11814.817
2023-04-20,H1.Z18,PF2,"['2023-04-20 08:00:00+00:00', '2023-04-20 09:00:00+00:00']",2,4.926,0.875,0.871
2023-04-20,H3.ZE43,PF,"['2023-04-20 03:00:00+00:00', '2023-04-20 04:00:00+00:00', '2023-04-20 05:00:00+00:00', '2023-04-20 06:00:00+00:00']",4,4.87,0.736,0.725
2023-04-20,H2.Z66,PF3,"['2023-04-20 11:00:00+00:00', '2023-04-20 12:00:00+00:00', '2023-04-20 13:00:00+00:00', '2023-04-20 14:00:00+00:00', '2023-04-20 15:00:00+00:00', '2023-04-20 16:00:00+00:00', '2023-04-20 17:00:00+00:00', '2023-04-20 18:00:00+00:00', '2023-04-20 19:00:00+00:00', '2023-04-20 20:00:00+00:00', '2023-04-20 21:00:00+00:00', '2023-04-20 22:00:00+00:00', '2023-04-20 23:00:00+00:00']",13,4.849,0.128,0.014
2023-04-20,H2.Z66,P,"['2023-04-20 11:00:00+00:00', '2023-04-20 12:00:00+00:00', '2023-04-20 13:00:00+00:00', '2023-04-20 14:00:00+00:00', '2023-04-20 15:00:00+00:00', '2023-04-20 16:00:00+00:00', '2023-04-20 17:00:00+00:00', '2023-04-20 18:00:00+00:00', '2023-04-20 19:00:00+00:00', '2023-04-20 20:00:00+00:00', '2023-04-20 21:00:00+00:00', '2023-04-20 22:00:00+00:00', '2023-04-20 23:00:00+00:00']",13,4.824,2451.994,286.778
2023-04-20,H2.Z66,I1,"['2023-04-20 11:00:00+00:00', '2023-04-20 12:00:00+00:00', '2023-04-20 13:00:00+00:00', '2023-04-20 14:00:00+00:00', '2023-04-20 15:00:00+00:00', '2023-04-20 16:00:00+00:00', '2023-04-20 17:00:00+00:00', '2023-04-20 18:00:00+00:00', '2023-04-20 19:00:00+00:00', '2023-04-20 20:00:00+00:00', '2023-04-20 21:00:00+00:00', '2023-04-20 22:00:00+00:00']",12,4.792,4.62,0.594
2023-04-20,H1.ZE20,W1,"['2023-04-20 02:00:00+00:00', '2023-04-20 03:00:00+00:00', '2023-04-20 04:00:00+00:00', '2023-04-20 05:00:00+00:00', '2023-04-20 06:00:00+00:00', '2023-04-20 07:00:00+00:00', '2023-04-20 08:00:00+00:00', '2023-04-20 09:00:00+00:00', '2023-04-20 10:00:00+00:00', '2023-04-20 11:00:00+00:00', '2023-04-20 12:00:00+00:00', '2023-04-20 13:00:00+00:00', '2023-04-20 14:00:00+00:00', '2023-04-20 15:00:00+00:00', '2023-04-20 16:00:00+00:00', '2023-04-20 17:00:00+00:00', '2023-04-20 18:00:00+00:00', '2023-04-20 19:00:00+00:00', '2023-04-20 20:00:00+00:00', '2023-04-20 21:00:00+00:00', '2023-04-20 22:00:00+00:00', '2023-04-20 23:00:00+00:00']",22,4.778,-190178.786,-187714.357
2023-04-20,H1.Z26,PF2,"['2023-04-20 11:00:00+00:00', '2023-04-20 12:00:00+00:00', '2023-04-20 13:00:00+00:00']",3,4.754,0.047,0.034
2023-04-20,H1.Z26,PF1,"['2023-04-20 11:00:00+00:00', '2023-04-20 12:00:00+00:00', '2023-04-20 13:00:00+00:00']",3,4.752,0.072,0.056
2023-04-20,H1.Z26,P2,"['2023-04-20 11:00:00+00:00', '2023-04-20 12:00:00+00:00', '2023-04-20 13:00:00+00:00']",3,4.741,2084.27,1525.595
2023-04-20,H1.Z25,WQ_out,"['2023-04-20 00:00:00+00:00', '2023-04-20 01:00:00+00:00', '2023-04-20 02:00:00+00:00', '2023-04-20 03:00:00+00:00', '2023-04-20 04:00:00+00:00', '2023-04-20 05:00:00+00:00', '2023-04-20 06:00:00+00:00', '2023-04-20 07:00:00+00:00', '2023-04-20 08:00:00+00:00', '2023-04-20 09:00:00+00:00', '2023-04-20 10:00:00+00:00', '2023-04-20 11:00:00+00:00', '2023-04-20 12:00:00+00:00', '2023-04-20 13:00:00+00:00', '2023-04-20 14:00:00+00:00', '2023-04-20 15:00:00+00:00', '2023-04-20 16:00:00+00:00', '2023-04-20 17:00:00+00:00', '2023-04-20 18:00:00+00:00', '2023-04-20 19:00:00+00:00', '2023-04-20 20:00:00+00:00', '2023-04-20 21:00:00+00:00', '2023-04-20 22:00:00+00:00', '2023-04-20 23:00:00+00:00']",24,4.72,15.976,15.645
2023-04-20,H1.Z26,P1,"['2023-04-20 11:00:00+00:00', '2023-04-20 12:00:00+00:00', '2023-04-20 13:00:00+00:00']",3,4.716,2903.066,2316.464
2023-04-20,H2.Z66,P3,"['2023-04-20 11:00:00+00:00', '2023-04-20 12:00:00+00:00', '2023-04-20 13:00:00+00:00', '2023-04-20 14:00:00+00:00', '2023-04-20 15:00:00+00:00', '2023-04-20 16:00:00+00:00', '2023-04-20 17:00:00+00:00', '2023-04-20 18:00:00+00:00', '2023-04-20 19:00:00+00:00', '2023-04-20 20:00:00+00:00', '2023-04-20 21:00:00+00:00', '2023-04-20 22:00:00+00:00']",12,4.712,857.735,94.108
2023-04-20,H1.Z20,W,"['2023-04-20 02:00:00+00:00', '2023-04-20 03:00:00+00:00', '2023-04-20 04:00:00+00:00', '2023-04-20 05:00:00+00:00', '2023-04-20 06:00:00+00:00', '2023-04-20 07:00:00+00:00', '2023-04-20 08:00:00+00:00', '2023-04-20 09:00:00+00:00', '2023-04-20 10:00:00+00:00', '2023-04-20 11:00:00+00:00', '2023-04-20 12:00:00+00:00', '2023-04-20 13:00:00+00:00', '2023-04-20 14:00:00+00:00', '2023-04-20 15:00:00+00:00', '2023-04-20 16:00:00+00:00', '2023-04-20 17:00:00+00:00', '2023-04-20 18:00:00+00:00', '2023-04-20 19:00:00+00:00', '2023-04-20 20:00:00+00:00', '2023-04-20 21:00:00+00:00', '2023-04-20 22:00:00+00:00', '2023-04-20 23:00:00+00:00']",22,4.711,-3159742.074,-3152691.72
2023-04-20,H1.ZE20,W,"['2023-04-20 02:00:00+00:00', '2023-04-20 03:00:00+00:00', '2023-04-20 04:00:00+00:00', '2023-04-20 05:00:00+00:00', '2023-04-20 06:00:00+00:00', '2023-04-20 07:00:00+00:00', '2023-04-20 08:00:00+00:00', '2023-04-20 09:00:00+00:00', '2023-04-20 10:00:00+00:00', '2023-04-20 11:00:00+00:00', '2023-04-20 12:00:00+00:00', '2023-04-20 13:00:00+00:00', '2023-04-20 14:00:00+00:00', '2023-04-20 15:00:00+00:00', '2023-04-20 16:00:00+00:00', '2023-04-20 17:00:00+00:00', '2023-04-20 18:00:00+00:00', '2023-04-20 19:00:00+00:00', '2023-04-20 20:00:00+00:00', '2023-04-20 21:00:00+00:00', '2023-04-20 22:00:00+00:00', '2023-04-20 23:00:00+00:00']",22,4.71,-537186.836,-530129.824
2023-04-20,H1.ZE20,W2,"['2023-04-20 02:00:00+00:00', '2023-04-20 03:00:00+00:00', '2023-04-20 04:00:00+00:00', '2023-04-20 05:00:00+00:00', '2023-04-20 06:00:00+00:00', '2023-04-20 07:00:00+00:00', '2023-04-20 08:00:00+00:00', '2023-04-20 09:00:00+00:00', '2023-04-20 10:00:00+00:00', '2023-04-20 11:00:00+00:00', '2023-04-20 12:00:00+00:00', '2023-04-20 13:00:00+00:00', '2023-04-20 14:00:00+00:00', '2023-04-20 15:00:00+00:00', '2023-04-20 16:00:00+00:00', '2023-04-20 17:00:00+00:00', '2023-04-20 18:00:00+00:00', '2023-04-20 19:00:00+00:00', '2023-04-20 20:00:00+00:00', '2023-04-20 21:00:00+00:00', '2023-04-20 22:00:00+00:00', '2023-04-20 23:00:00+00:00']",22,4.696,-176856.098,-174524.93
2023-04-20,H1.Z24,PF2,"['2023-04-20 02:00:00+00:00', '2023-04-20 03:00:00+00:00', '2023-04-20 04:00:00+00:00', '2023-04-20 05:00:00+00:00', '2023-04-20 06:00:00+00:00', '2023-04-20 11:00:00+00:00', '2023-04-20 13:00:00+00:00', '2023-04-20 14:00:00+00:00', '2023-04-20 15:00:00+00:00', '2023-04-20 16:00:00+00:00', '2023-04-20 17:00:00+00:00', '2023-04-20 18:00:00+00:00', '2023-04-20 19:00:00+00:00', '2023-04-20 20:00:00+00:00', '2023-04-20 22:00:00+00:00']",15,4.657,0.467,0.702
2023-04-20,H1.ZE20,W3,"['2023-04-20 03:00:00+00:00', '2023-04-20 04:00:00+00:00', '2023-04-20 05:00:00+00:00', '2023-04-20 06:00:00+00:00', '2023-04-20 07:00:00+00:00', '2023-04-20 08:00:00+00:00', '2023-04-20 09:00:00+00:00', '2023-04-20 10:00:00+00:00', '2023-04-20 11:00:00+00:00', '2023-04-20 12:00:00+00:00', '2023-04-20 13:00:00+00:00', '2023-04-20 14:00:00+00:00', '2023-04-20 15:00:00+00:00', '2023-04-20 16:00:00+00:00', '2023-04-20 17:00:00+00:00', '2023-04-20 18:00:00+00:00', '2023-04-20 19:00:00+00:00', '2023-04-20 20:00:00+00:00', '2023-04-20 21:00:00+00:00', '2023-04-20 22:00:00+00:00', '2023-04-20 23:00:00+00:00']",21,4.65,-170151.949,-167890.54
2023-04-20,H1.Z24,PF1,"['2023-04-20 02:00:00+00:00', '2023-04-20 03:00:00+00:00', '2023-04-20 04:00:00+00:00', '2023-04-20 05:00:00+00:00', '2023-04-20 06:00:00+00:00', '2023-04-20 10:00:00+00:00', '2023-04-20 11:00:00+00:00', '2023-04-20 13:00:00+00:00', '2023-04-20 14:00:00+00:00', '2023-04-20 15:00:00+00:00', '2023-04-20 16:00:00+00:00', '2023-04-20 17:00:00+00:00', '2023-04-20 18:00:00+00:00', '2023-04-20 19:00:00+00:00', '2023-04-20 20:00:00+00:00', '2023-04-20 22:00:00+00:00']",16,4.62,0.16,0.686
2023-04-20,H2.Z67,PF,"['2023-04-20 11:00:00+00:00', '2023-04-20 12:00:00+00:00', '2023-04-20 13:00:00+00:00', '2023-04-20 14:00:00+00:00', '2023-04-20 15:00:00+00:00', '2023-04-20 16:00:00+00:00', '2023-04-20 17:00:00+00:00', '2023-04-20 18:00:00+00:00', '2023-04-20 19:00:00+00:00', '2023-04-20 20:00:00+00:00', '2023-04-20 21:00:00+00:00', '2023-04-20 22:00:00+00:00']",12,4.597,0.489,0.557
2023-04-20,H2.ZE66,I3,"['2023-04-20 11:00:00+00:00', '2023-04-20 12:00:00+00:00', '2023-04-20 13:00:00+00:00', '2023-04-20 14:00:00+00:00', '2023-04-20 15:00:00+00:00', '2023-04-20 16:00:00+00:00', '2023-04-20 17:00:00+00:00', '2023-04-20 18:00:00+00:00', '2023-04-20 19:00:00+00:00', '2023-04-20 20:00:00+00:00', '2023-04-20 21:00:00+00:00', '2023-04-20 22:00:00+00:00', '2023-04-20 23:00:00+00:00']",13,4.594,3.966,0.432
2023-04-20,H3.Z71,U2,"['2023-04-20 11:00:00+00:00', '2023-04-20 12:00:00+00:00', '2023-04-20 13:00:00+00:00', '2023-04-20 14:00:00+00:00', '2023-04-20 15:00:00+00:00', '2023-04-20 16:00:00+00:00', '2023-04-20 17:00:00+00:00', '2023-04-20 18:00:00+00:00', '2023-04-20 19:00:00+00:00', '2023-04-20 20:00:00+00:00', '2023-04-20 21:00:00+00:00', '2023-04-20 22:00:00+00:00', '2023-04-20 23:00:00+00:00']",13,4.588,231.966,231.919
2023-04-20,H1.Z20,W_out,"['2023-04-20 03:00:00+00:00', '2023-04-20 04:00:00+00:00', '2023-04-20 05:00:00+00:00', '2023-04-20 06:00:00+00:00', '2023-04-20 07:00:00+00:00', '2023-04-20 08:00:00+00:00', '2023-04-20 09:00:00+00:00', '2023-04-20 10:00:00+00:00', '2023-04-20 11:00:00+00:00', '2023-04-20 12:00:00+00:00', '2023-04-20 13:00:00+00:00', '2023-04-20 14:00:00+00:00', '2023-04-20 15:00:00+00:00', '2023-04-20 16:00:00+00:00', '2023-04-20 17:00:00+00:00', '2023-04-20 18:00:00+00:00', '2023-04-20 19:00:00+00:00', '2023-04-20 20:00:00+00:00', '2023-04-20 21:00:00+00:00', '2023-04-20 22:00:00+00:00', '2023-04-20 23:00:00+00:00']",21,4.587,3173669.906,3166495.383
2023-04-20,H1.ZE20,W_out,"['2023-04-20 03:00:00+00:00', '2023-04-20 04:00:00+00:00', '2023-04-20 05:00:00+00:00', '2023-04-20 06:00:00+00:00', '2023-04-20 07:00:00+00:00', '2023-04-20 08:00:00+00:00', '2023-04-20 09:00:00+00:00', '2023-04-20 10:00:00+00:00', '2023-04-20 11:00:00+00:00', '2023-04-20 12:00:00+00:00', '2023-04-20 13:00:00+00:00', '2023-04-20 14:00:00+00:00', '2023-04-20 15:00:00+00:00', '2023-04-20 16:00:00+00:00', '2023-04-20 17:00:00+00:00', '2023-04-20 18:00:00+00:00', '2023-04-20 19:00:00+00:00', '2023-04-20 20:00:00+00:00', '2023-04-20 21:00:00+00:00', '2023-04-20 22:00:00+00:00', '2023-04-20 23:00:00+00:00']",21,4.586,539105.269,531923.746
2023-04-20,H1.Z26,PF,"['2023-04-20 11:00:00+00:00', '2023-04-20 12:00:00+00:00', '2023-04-20 13:00:00+00:00']",3,4.58,0.088,0.066
2023-04-20,H2.Z66,P2,"['2023-04-20 11:00:00+00:00', '2023-04-20 12:00:00+00:00', '2023-04-20 13:00:00+00:00', '2023-04-20 14:00:00+00:00', '2023-04-20 15:00:00+00:00', '2023-04-20 16:00:00+00:00', '2023-04-20 17:00:00+00:00', '2023-04-20 18:00:00+00:00', '2023-04-20 19:00:00+00:00', '2023-04-20 20:00:00+00:00', '2023-04-20 21:00:00+00:00', '2023-04-20 22:00:00+00:00', '2023-04-20 23:00:00+00:00']",13,4.568,806.434,91.478
2023-04-20,H2.Z66,P1,"['2023-04-20 11:00:00+00:00', '2023-04-20 12:00:00+00:00', '2023-04-20 13:00:00+00:00', '2023-04-20 14:00:00+00:00', '2023-04-20 15:00:00+00:00', '2023-04-20 16:00:00+00:00', '2023-04-20 17:00:00+00:00', '2023-04-20 18:00:00+00:00', '2023-04-20 19:00:00+00:00', '2023-04-20 20:00:00+00:00', '2023-04-20 21:00:00+00:00', '2023-04-20 22:00:00+00:00', '2023-04-20 23:00:00+00:00']",13,4.553,805.644,104.513
2023-04-20,H1.Z26,P,"['2023-04-20 11:00:00+00:00', '2023-04-20 12:00:00+00:00', '2023-04-20 13:00:00+00:00']",3,4.547,11461.455,8635.193
2023-04-20,H2.ZE67,PF2,"['2023-04-20 11:00:00+00:00', '2023-04-20 12:00:00+00:00', '2023-04-20 13:00:00+00:00', '2023-04-20 14:00:00+00:00', '2023-04-20 15:00:00+00:00', '2023-04-20 16:00:00+00:00', '2023-04-20 17:00:00+00:00', '2023-04-20 18:00:00+00:00', '2023-04-20 19:00:00+00:00', '2023-04-20 20:00:00+00:00', '2023-04-20 21:00:00+00:00', '2023-04-20 22:00:00+00:00', '2023-04-20 23:00:00+00:00']",13,4.538,0.09,0.192
2023-04-20,H2.Z66,Q,"['2023-04-20 11:00:00+00:00', '2023-04-20 12:00:00+00:00', '2023-04-20 13:00:00+00:00', '2023-04-20 14:00:00+00:00', '2023-04-20 15:00:00+00:00', '2023-04-20 16:00:00+00:00', '2023-04-20 17:00:00+00:00', '2023-04-20 18:00:00+00:00', '2023-04-20 19:00:00+00:00', '2023-04-20 20:00:00+00:00', '2023-04-20 21:00:00+00:00', '2023-04-20 22:00:00+00:00', '2023-04-20 23:00:00+00:00']",13,4.527,1776.647,208.314
2023-04-20,H3.Z45,I2,"['2023-04-20 07:00:00+00:00', '2023-04-20 08:00:00+00:00', '2023-04-20 09:00:00+00:00', '2023-04-20 10:00:00+00:00', '2023-04-20 11:00:00+00:00', '2023-04-20 12:00:00+00:00', '2023-04-20 13:00:00+00:00', '2023-04-20 14:00:00+00:00', '2023-04-20 15:00:00+00:00', '2023-04-20 16:00:00+00:00', '2023-04-20 17:00:00+00:00', '2023-04-20 18:00:00+00:00', '2023-04-20 19:00:00+00:00', '2023-04-20 20:00:00+00:00', '2023-04-20 21:00:00+00:00', '2023-04-20 22:00:00+00:00', '2023-04-20 23:00:00+00:00']",17,4.455,0.717,1.708
2023-04-20,H2.ZE66,P1,"['2023-04-20 11:00:00+00:00', '2023-04-20 12:00:00+00:00', '2023-04-20 13:00:00+00:00', '2023-04-20 14:00:00+00:00', '2023-04-20 15:00:00+00:00', '2023-04-20 16:00:00+00:00', '2023-04-20 17:00:00+00:00', '2023-04-20 18:00:00+00:00', '2023-04-20 19:00:00+00:00', '2023-04-20 20:00:00+00:00', '2023-04-20 21:00:00+00:00', '2023-04-20 22:00:00+00:00', '2023-04-20 23:00:00+00:00']",13,4.428,787.41,103.215
2023-04-20,H2.ZE66,I1,"['2023-04-20 11:00:00+00:00', '2023-04-20 12:00:00+00:00', '2023-04-20 13:00:00+00:00', '2023-04-20 14:00:00+00:00', '2023-04-20 15:00:00+00:00', '2023-04-20 16:00:00+00:00', '2023-04-20 17:00:00+00:00', '2023-04-20 18:00:00+00:00', '2023-04-20 19:00:00+00:00', '2023-04-20 20:00:00+00:00', '2023-04-20 21:00:00+00:00', '2023-04-20 22:00:00+00:00', '2023-04-20 23:00:00+00:00']",13,4.398,4.245,0.55
2023-04-20,H2.ZE66,I2,"['2023-04-20 11:00:00+00:00', '2023-04-20 12:00:00+00:00', '2023-04-20 13:00:00+00:00', '2023-04-20 14:00:00+00:00', '2023-04-20 15:00:00+00:00', '2023-04-20 16:00:00+00:00', '2023-04-20 17:00:00+00:00', '2023-04-20 18:00:00+00:00', '2023-04-20 19:00:00+00:00', '2023-04-20 20:00:00+00:00', '2023-04-20 21:00:00+00:00', '2023-04-20 22:00:00+00:00', '2023-04-20 23:00:00+00:00']",13,4.388,4.229,0.548
2023-04-20,H2.ZE66,P,"['2023-04-20 11:00:00+00:00', '2023-04-20 12:00:00+00:00', '2023-04-20 13:00:00+00:00', '2023-04-20 14:00:00+00:00', '2023-04-20 15:00:00+00:00', '2023-04-20 16:00:00+00:00', '2023-04-20 17:00:00+00:00', '2023-04-20 18:00:00+00:00', '2023-04-20 19:00:00+00:00', '2023-04-20 20:00:00+00:00', '2023-04-20 21:00:00+00:00', '2023-04-20 22:00:00+00:00', '2023-04-20 23:00:00+00:00']",13,4.384,2374.902,283.124
2023-04-20,H2.ZE66,P2,"['2023-04-20 11:00:00+00:00', '2023-04-20 12:00:00+00:00', '2023-04-20 13:00:00+00:00', '2023-04-20 14:00:00+00:00', '2023-04-20 15:00:00+00:00', '2023-04-20 16:00:00+00:00', '2023-04-20 17:00:00+00:00', '2023-04-20 18:00:00+00:00', '2023-04-20 19:00:00+00:00', '2023-04-20 20:00:00+00:00', '2023-04-20 21:00:00+00:00', '2023-04-20 22:00:00+00:00', '2023-04-20 23:00:00+00:00']",13,4.377,784.498,89.713
2023-04-20,H2.ZE66,P3,"['2023-04-20 11:00:00+00:00', '2023-04-20 12:00:00+00:00', '2023-04-20 13:00:00+00:00', '2023-04-20 14:00:00+00:00', '2023-04-20 15:00:00+00:00', '2023-04-20 16:00:00+00:00', '2023-04-20 17:00:00+00:00', '2023-04-20 18:00:00+00:00', '2023-04-20 19:00:00+00:00', '2023-04-20 20:00:00+00:00', '2023-04-20 21:00:00+00:00', '2023-04-20 22:00:00+00:00', '2023-04-20 23:00:00+00:00']",13,4.348,834.288,93.754
2023-04-20,H1.Z17,PF,['2023-04-20 11:00:00+00:00'],1,4.343,0.9,0.89
2023-04-20,H1.W12,W,"['2023-04-20 04:00:00+00:00', '2023-04-20 05:00:00+00:00', '2023-04-20 06:00:00+00:00', '2023-04-20 07:00:00+00:00', '2023-04-20 08:00:00+00:00', '2023-04-20 09:00:00+00:00', '2023-04-20 10:00:00+00:00', '2023-04-20 11:00:00+00:00', '2023-04-20 12:00:00+00:00', '2023-04-20 13:00:00+00:00', '2023-04-20 14:00:00+00:00', '2023-04-20 15:00:00+00:00', '2023-04-20 16:00:00+00:00', '2023-04-20 17:00:00+00:00', '2023-04-20 18:00:00+00:00', '2023-04-20 19:00:00+00:00', '2023-04-20 20:00:00+00:00', '2023-04-20 21:00:00+00:00', '2023-04-20 22:00:00+00:00', '2023-04-20 23:00:00+00:00']",20,4.325,5114134.167,5102130.179
2023-04-20,H1.Z25,PF3,"['2023-04-20 02:00:00+00:00', '2023-04-20 03:00:00+00:00', '2023-04-20 04:00:00+00:00', '2023-04-20 05:00:00+00:00', '2023-04-20 06:00:00+00:00', '2023-04-20 11:00:00+00:00', '2023-04-20 13:00:00+00:00', '2023-04-20 18:00:00+00:00', '2023-04-20 19:00:00+00:00', '2023-04-20 22:00:00+00:00']",10,4.297,-0.257,0.38
2023-04-20,H1.Z11,W,"['2023-04-20 12:00:00+00:00', '2023-04-20 13:00:00+00:00', '2023-04-20 14:00:00+00:00', '2023-04-20 15:00:00+00:00', '2023-04-20 16:00:00+00:00', '2023-04-20 17:00:00+00:00', '2023-04-20 18:00:00+00:00', '2023-04-20 19:00:00+00:00', '2023-04-20 20:00:00+00:00', '2023-04-20 21:00:00+00:00', '2023-04-20 22:00:00+00:00', '2023-04-20 23:00:00+00:00']",12,4.291,271904.086,271872.532
2023-04-20,H1.Z11,W_in,"['2023-04-20 12:00:00+00:00', '2023-04-20 13:00:00+00:00', '2023-04-20 14:00:00+00:00', '2023-04-20 15:00:00+00:00', '2023-04-20 16:00:00+00:00', '2023-04-20 17:00:00+00:00', '2023-04-20 18:00:00+00:00', '2023-04-20 19:00:00+00:00', '2023-04-20 20:00:00+00:00', '2023-04-20 21:00:00+00:00', '2023-04-20 22:00:00+00:00', '2023-04-20 23:00:00+00:00']",12,4.291,271904.726,271873.172
2023-04-20,H1.Z12,W,"['2023-04-20 12:00:00+00:00', '2023-04-20 13:00:00+00:00', '2023-04-20 14:00:00+00:00', '2023-04-20 15:00:00+00:00', '2023-04-20 16:00:00+00:00', '2023-04-20 17:00:00+00:00', '2023-04-20 18:00:00+00:00', '2023-04-20 19:00:00+00:00', '2023-04-20 20:00:00+00:00', '2023-04-20 21:00:00+00:00', '2023-04-20 22:00:00+00:00', '2023-04-20 23:00:00+00:00']",12,4.29,272506.534,272475.023
2023-04-20,H1.Z12,W_in,"['2023-04-20 12:00:00+00:00', '2023-04-20 13:00:00+00:00', '2023-04-20 14:00:00+00:00', '2023-04-20 15:00:00+00:00', '2023-04-20 16:00:00+00:00', '2023-04-20 17:00:00+00:00', '2023-04-20 18:00:00+00:00', '2023-04-20 19:00:00+00:00', '2023-04-20 20:00:00+00:00', '2023-04-20 21:00:00+00:00', '2023-04-20 22:00:00+00:00', '2023-04-20 23:00:00+00:00']",12,4.29,272506.564,272475.053
2023-04-20,H1.Z25,PF2,"['2023-04-20 02:00:00+00:00', '2023-04-20 10:00:00+00:00', '2023-04-20 11:00:00+00:00', '2023-04-20 13:00:00+00:00', '2023-04-20 19:00:00+00:00']",5,4.268,0.567,0.723
2023-04-20,H1.Z17,P2,['2023-04-20 11:00:00+00:00'],1,4.25,14205.883,14331.125
2023-04-20,H2.ZE66,PF2,"['2023-04-20 11:00:00+00:00', '2023-04-20 12:00:00+00:00', '2023-04-20 13:00:00+00:00', '2023-04-20 14:00:00+00:00', '2023-04-20 15:00:00+00:00', '2023-04-20 16:00:00+00:00', '2023-04-20 17:00:00+00:00', '2023-04-20 18:00:00+00:00', '2023-04-20 20:00:00+00:00', '2023-04-20 21:00:00+00:00', '2023-04-20 22:00:00+00:00', '2023-04-20 23:00:00+00:00']",12,4.235,0.24,0.139
2023-04-20,H1.Z24,PF3,"['2023-04-20 08:00:00+00:00', '2023-04-20 09:00:00+00:00', '2023-04-20 12:00:00+00:00']",3,4.234,0.647,0.407
2023-04-20,H1.W11,qv,"['2023-04-20 05:00:00+00:00', '2023-04-20 06:00:00+00:00', '2023-04-20 08:00:00+00:00', '2023-04-20 09:00:00+00:00']",4,4.111,16.141,11.758
2023-04-20,H1.Z25,PF1,"['2023-04-20 08:00:00+00:00', '2023-04-20 09:00:00+00:00', '2023-04-20 13:00:00+00:00']",3,4.009,0.874,0.813
2023-04-20,H4.ZE50,PF2,"['2023-04-20 04:00:00+00:00', '2023-04-20 05:00:00+00:00']",2,4.0,0.866,0.86
2023-04-20,H1.Z25,PF,"['2023-04-20 10:00:00+00:00', '2023-04-20 11:00:00+00:00', '2023-04-20 12:00:00+00:00', '2023-04-20 13:00:00+00:00']",4,3.916,0.955,0.9
2023-04-20,H1.Z26,PF3,"['2023-04-20 12:00:00+00:00', '2023-04-20 13:00:00+00:00']",2,3.901,0.147,0.108
2023-04-20,H4.Z50,PF2,"['2023-04-20 04:00:00+00:00', '2023-04-20 05:00:00+00:00']",2,3.898,0.855,0.848
2023-04-20,H4.ZE50,P2,['2023-04-20 09:00:00+00:00'],1,3.892,906.326,769.482
2023-04-20,H1.Z26,P3,"['2023-04-20 12:00:00+00:00', '2023-04-20 13:00:00+00:00']",2,3.886,6474.118,4793.135
2023-04-20,H1.W11,Tvl,"['2023-04-20 08:00:00+00:00', '2023-04-20 09:00:00+00:00']",2,3.823,70.02,70.81
2023-04-20,H4.Z50,P2,['2023-04-20 09:00:00+00:00'],1,3.823,1205.845,1026.09
2023-04-20,H1.Z20,Q,"['2023-04-20 05:00:00+00:00', '2023-04-20 06:00:00+00:00', '2023-04-20 07:00:00+00:00', '2023-04-20 11:00:00+00:00', '2023-04-20 13:00:00+00:00', '2023-04-20 14:00:00+00:00', '2023-04-20 15:00:00+00:00']",7,3.817,-12375.336,-1507.259
2023-04-20,H2.ZE67,I2,"['2023-04-20 11:00:00+00:00', '2023-04-20 12:00:00+00:00', '2023-04-20 13:00:00+00:00', '2023-04-20 14:00:00+00:00', '2023-04-20 15:00:00+00:00', '2023-04-20 16:00:00+00:00', '2023-04-20 17:00:00+00:00', '2023-04-20 18:00:00+00:00', '2023-04-20 19:00:00+00:00', '2023-04-20 20:00:00+00:00', '2023-04-20 21:00:00+00:00', '2023-04-20 22:00:00+00:00', '2023-04-20 23:00:00+00:00']",13,3.785,2.71,5.95
2023-04-20,H2.ZE67,I1,"['2023-04-20 11:00:00+00:00', '2023-04-20 12:00:00+00:00', '2023-04-20 13:00:00+00:00', '2023-04-20 14:00:00+00:00', '2023-04-20 15:00:00+00:00', '2023-04-20 16:00:00+00:00', '2023-04-20 17:00:00+00:00', '2023-04-20 18:00:00+00:00', '2023-04-20 19:00:00+00:00', '2023-04-20 20:00:00+00:00', '2023-04-20 21:00:00+00:00', '2023-04-20 22:00:00+00:00', '2023-04-20 23:00:00+00:00']",13,3.783,2.71,5.984
2023-04-20,H2.ZE67,P2,"['2023-04-20 11:00:00+00:00', '2023-04-20 12:00:00+00:00', '2023-04-20 13:00:00+00:00', '2023-04-20 14:00:00+00:00', '2023-04-20 15:00:00+00:00', '2023-04-20 16:00:00+00:00', '2023-04-20 17:00:00+00:00', '2023-04-20 18:00:00+00:00', '2023-04-20 19:00:00+00:00', '2023-04-20 20:00:00+00:00', '2023-04-20 21:00:00+00:00', '2023-04-20 22:00:00+00:00', '2023-04-20 23:00:00+00:00']",13,3.776,481.469,1080.735
2023-04-20,H2.ZE67,P,"['2023-04-20 11:00:00+00:00', '2023-04-20 12:00:00+00:00', '2023-04-20 13:00:00+00:00', '2023-04-20 14:00:00+00:00', '2023-04-20 15:00:00+00:00', '2023-04-20 16:00:00+00:00', '2023-04-20 17:00:00+00:00', '2023-04-20 18:00:00+00:00', '2023-04-20 19:00:00+00:00', '2023-04-20 20:00:00+00:00', '2023-04-20 21:00:00+00:00', '2023-04-20 22:00:00+00:00', '2023-04-20 23:00:00+00:00']",13,3.773,1465.38,3276.896
2023-04-20,H2.ZE67,P1,"['2023-04-20 11:00:00+00:00', '2023-04-20 12:00:00+00:00', '2023-04-20 13:00:00+00:00', '2023-04-20 14:00:00+00:00', '2023-04-20 15:00:00+00:00', '2023-04-20 16:00:00+00:00', '2023-04-20 17:00:00+00:00', '2023-04-20 18:00:00+00:00', '2023-04-20 19:00:00+00:00', '2023-04-20 20:00:00+00:00', '2023-04-20 21:00:00+00:00', '2023-04-20 22:00:00+00:00', '2023-04-20 23:00:00+00:00']",13,3.77,489.93,1081.583
2023-04-20,H4.ZE50,I2,['2023-04-20 09:00:00+00:00'],1,3.766,4.383,3.823
2023-04-20,H1.Z27,PF,"['2023-04-20 21:00:00+00:00', '2023-04-20 22:00:00+00:00', '2023-04-20 23:00:00+00:00']",3,3.751,0.867,0.865
2023-04-20,V.Z81,W2,"['2023-04-20 17:00:00+00:00', '2023-04-20 18:00:00+00:00', '2023-04-20 19:00:00+00:00', '2023-04-20 20:00:00+00:00', '2023-04-20 21:00:00+00:00', '2023-04-20 22:00:00+00:00', '2023-04-20 23:00:00+00:00']",7,3.744,195666.317,196155.112
2023-04-20,H2.Z67,P2,"['2023-04-20 11:00:00+00:00', '2023-04-20 12:00:00+00:00', '2023-04-20 13:00:00+00:00', '2023-04-20 14:00:00+00:00', '2023-04-20 15:00:00+00:00', '2023-04-20 16:00:00+00:00', '2023-04-20 17:00:00+00:00', '2023-04-20 18:00:00+00:00', '2023-04-20 19:00:00+00:00', '2023-04-20 20:00:00+00:00', '2023-04-20 21:00:00+00:00', '2023-04-20 22:00:00+00:00', '2023-04-20 23:00:00+00:00']",13,3.721,488.225,1102.556
2023-04-20,H2.Z67,PF1,['2023-04-20 11:00:00+00:00'],1,3.715,0.791,0.814
2023-04-20,H2.Z67,Q,"['2023-04-20 11:00:00+00:00', '2023-04-20 12:00:00+00:00', '2023-04-20 13:00:00+00:00', '2023-04-20 14:00:00+00:00', '2023-04-20 15:00:00+00:00', '2023-04-20 16:00:00+00:00', '2023-04-20 17:00:00+00:00', '2023-04-20 18:00:00+00:00', '2023-04-20 19:00:00+00:00', '2023-04-20 20:00:00+00:00', '2023-04-20 21:00:00+00:00', '2023-04-20 22:00:00+00:00', '2023-04-20 23:00:00+00:00']",13,3.714,1133.773,2536.905
2023-04-20,H2.Z67,P,"['2023-04-20 11:00:00+00:00', '2023-04-20 12:00:00+00:00', '2023-04-20 13:00:00+00:00', '2023-04-20 14:00:00+00:00', '2023-04-20 15:00:00+00:00', '2023-04-20 16:00:00+00:00', '2023-04-20 17:00:00+00:00', '2023-04-20 18:00:00+00:00', '2023-04-20 19:00:00+00:00', '2023-04-20 20:00:00+00:00', '2023-04-20 21:00:00+00:00', '2023-04-20 22:00:00+00:00', '2023-04-20 23:00:00+00:00']",13,3.711,1487.757,3340.725
2023-04-20,H2.Z67,P1,"['2023-04-20 11:00:00+00:00', '2023-04-20 12:00:00+00:00', '2023-04-20 13:00:00+00:00', '2023-04-20 14:00:00+00:00', '2023-04-20 15:00:00+00:00', '2023-04-20 16:00:00+00:00', '2023-04-20 17:00:00+00:00', '2023-04-20 18:00:00+00:00', '2023-04-20 19:00:00+00:00', '2023-04-20 20:00:00+00:00', '2023-04-20 21:00:00+00:00', '2023-04-20 22:00:00+00:00', '2023-04-20 23:00:00+00:00']",13,3.708,495.583,1105.286
2023-04-20,H4.Z50,I2,['2023-04-20 09:00:00+00:00'],1,3.701,5.861,5.119
2023-04-20,V.K21,Tdiff,['2023-04-20 11:00:00+00:00'],1,3.693,-1020.233,-980.293
2023-04-20,H4.ZE50,P,['2023-04-20 09:00:00+00:00'],1,3.688,3525.362,2933.259
2023-04-20,H2.ZE67,I3,"['2023-04-20 11:00:00+00:00', '2023-04-20 12:00:00+00:00', '2023-04-20 13:00:00+00:00', '2023-04-20 14:00:00+00:00', '2023-04-20 15:00:00+00:00', '2023-04-20 16:00:00+00:00', '2023-04-20 17:00:00+00:00', '2023-04-20 18:00:00+00:00', '2023-04-20 19:00:00+00:00', '2023-04-20 20:00:00+00:00', '2023-04-20 21:00:00+00:00', '2023-04-20 22:00:00+00:00', '2023-04-20 23:00:00+00:00']",13,3.646,2.522,5.516
2023-04-20,H1.Z27,I2,"['2023-04-20 08:00:00+00:00', '2023-04-20 09:00:00+00:00', '2023-04-20 10:00:00+00:00', '2023-04-20 11:00:00+00:00', '2023-04-20 12:00:00+00:00', '2023-04-20 13:00:00+00:00']",6,3.641,59.044,39.382
2023-04-20,H1.Z27,I3,"['2023-04-20 08:00:00+00:00', '2023-04-20 09:00:00+00:00', '2023-04-20 10:00:00+00:00', '2023-04-20 11:00:00+00:00', '2023-04-20 12:00:00+00:00', '2023-04-20 13:00:00+00:00']",6,3.608,57.866,38.255
2023-04-20,H4.ZE50,I1,['2023-04-20 09:00:00+00:00'],1,3.603,7.166,6.12
2023-04-20,H1.Z27,P2,"['2023-04-20 08:00:00+00:00', '2023-04-20 09:00:00+00:00', '2023-04-20 10:00:00+00:00', '2023-04-20 11:00:00+00:00', '2023-04-20 12:00:00+00:00', '2023-04-20 13:00:00+00:00']",6,3.585,12149.588,8142.958
2023-04-20,H4.ZE50,P1,['2023-04-20 09:00:00+00:00'],1,3.582,1531.545,1294.922
2023-04-20,H4.ZE50,P3,['2023-04-20 09:00:00+00:00'],1,3.577,1087.491,868.86
2023-04-20,H1.Z28,I1,"['2023-04-20 02:00:00+00:00', '2023-04-20 03:00:00+00:00', '2023-04-20 04:00:00+00:00', '2023-04-20 05:00:00+00:00', '2023-04-20 19:00:00+00:00', '2023-04-20 20:00:00+00:00', '2023-04-20 22:00:00+00:00']",7,3.574,-80.741,-63.054
2023-04-20,H1.Z27,I1,"['2023-04-20 08:00:00+00:00', '2023-04-20 09:00:00+00:00', '2023-04-20 10:00:00+00:00', '2023-04-20 11:00:00+00:00', '2023-04-20 12:00:00+00:00', '2023-04-20 13:00:00+00:00']",6,3.572,58.27,38.998
2023-04-20,H4.Z50,P,['2023-04-20 09:00:00+00:00'],1,3.569,4684.5,3921.163
2023-04-20,H1.Z27,P3,"['2023-04-20 08:00:00+00:00', '2023-04-20 09:00:00+00:00', '2023-04-20 11:00:00+00:00', '2023-04-20 12:00:00+00:00', '2023-04-20 13:00:00+00:00']",5,3.566,11789.343,7794.135
2023-04-20,H4.ZE50,I3,['2023-04-20 09:00:00+00:00'],1,3.559,5.249,4.22
2023-04-20,H1.Z27,P,"['2023-04-20 08:00:00+00:00', '2023-04-20 09:00:00+00:00', '2023-04-20 11:00:00+00:00', '2023-04-20 12:00:00+00:00', '2023-04-20 13:00:00+00:00']",5,3.558,36028.099,24061.585
2023-04-20,H3.Z47,I2,['2023-04-20 13:00:00+00:00'],1,3.546,6.853,5.257
2023-04-20,H2.ZE67,P3,"['2023-04-20 11:00:00+00:00', '2023-04-20 12:00:00+00:00', '2023-04-20 13:00:00+00:00', '2023-04-20 14:00:00+00:00', '2023-04-20 15:00:00+00:00', '2023-04-20 16:00:00+00:00', '2023-04-20 17:00:00+00:00', '2023-04-20 18:00:00+00:00', '2023-04-20 19:00:00+00:00', '2023-04-20 20:00:00+00:00', '2023-04-20 21:00:00+00:00', '2023-04-20 22:00:00+00:00', '2023-04-20 23:00:00+00:00']",13,3.534,561.104,1298.816
2023-04-20,H2.Z70,WQ,"['2023-04-20 12:00:00+00:00', '2023-04-20 13:00:00+00:00', '2023-04-20 14:00:00+00:00', '2023-04-20 15:00:00+00:00', '2023-04-20 16:00:00+00:00', '2023-04-20 17:00:00+00:00', '2023-04-20 18:00:00+00:00', '2023-04-20 19:00:00+00:00', '2023-04-20 20:00:00+00:00', '2023-04-20 21:00:00+00:00', '2023-04-20 22:00:00+00:00', '2023-04-20 23:00:00+00:00']",12,3.533,192616.634,192264.796
2023-04-20,H2.Z70,WQ_in,"['2023-04-20 12:00:00+00:00', '2023-04-20 13:00:00+00:00', '2023-04-20 14:00:00+00:00', '2023-04-20 15:00:00+00:00', '2023-04-20 16:00:00+00:00', '2023-04-20 17:00:00+00:00', '2023-04-20 18:00:00+00:00', '2023-04-20 19:00:00+00:00', '2023-04-20 20:00:00+00:00', '2023-04-20 21:00:00+00:00', '2023-04-20 22:00:00+00:00', '2023-04-20 23:00:00+00:00']",12,3.533,192626.538,192274.699
2023-04-20,H2.ZE67,PF3,"['2023-04-20 11:00:00+00:00', '2023-04-20 12:00:00+00:00', '2023-04-20 13:00:00+00:00', '2023-04-20 14:00:00+00:00', '2023-04-20 15:00:00+00:00', '2023-04-20 16:00:00+00:00', '2023-04-20 17:00:00+00:00', '2023-04-20 18:00:00+00:00', '2023-04-20 19:00:00+00:00', '2023-04-20 20:00:00+00:00', '2023-04-20 21:00:00+00:00', '2023-04-20 22:00:00+00:00', '2023-04-20 23:00:00+00:00']",13,3.524,0.981,0.959
2023-04-20,H1.Z27,P1,"['2023-04-20 08:00:00+00:00', '2023-04-20 09:00:00+00:00', '2023-04-20 11:00:00+00:00', '2023-04-20 12:00:00+00:00', '2023-04-20 13:00:00+00:00']",5,3.519,12089.167,8124.521
2023-04-20,H1.Z21,P2,"['2023-04-20 10:00:00+00:00', '2023-04-20 11:00:00+00:00', '2023-04-20 13:00:00+00:00']",3,3.517,-15.3,-0.722
2023-04-20,H4.Z50,I1,['2023-04-20 09:00:00+00:00'],1,3.515,9.543,8.214
2023-04-20,H3.Z41,I1,"['2023-04-20 06:00:00+00:00', '2023-04-20 07:00:00+00:00']",2,3.493,11.892,8.483
2023-04-20,H3.Z41,P1,['2023-04-20 06:00:00+00:00'],1,3.486,2523.554,1691.026
2023-04-20,H1.W11,Tdiff,"['2023-04-20 08:00:00+00:00', '2023-04-20 09:00:00+00:00']",2,3.483,21076.299,20165.656
2023-04-20,H2.Z67,PF3,"['2023-04-20 11:00:00+00:00', '2023-04-20 12:00:00+00:00', '2023-04-20 13:00:00+00:00', '2023-04-20 14:00:00+00:00', '2023-04-20 15:00:00+00:00', '2023-04-20 16:00:00+00:00', '2023-04-20 17:00:00+00:00', '2023-04-20 18:00:00+00:00', '2023-04-20 19:00:00+00:00', '2023-04-20 20:00:00+00:00', '2023-04-20 21:00:00+00:00', '2023-04-20 22:00:00+00:00', '2023-04-20 23:00:00+00:00']",13,3.457,0.091,0.193
2023-04-20,H4.Z50,P1,['2023-04-20 09:00:00+00:00'],1,3.449,2033.607,1736.176
2023-04-20,H2.Z67,P3,"['2023-04-20 11:00:00+00:00', '2023-04-20 12:00:00+00:00', '2023-04-20 13:00:00+00:00', '2023-04-20 14:00:00+00:00', '2023-04-20 15:00:00+00:00', '2023-04-20 16:00:00+00:00', '2023-04-20 17:00:00+00:00', '2023-04-20 18:00:00+00:00', '2023-04-20 19:00:00+00:00', '2023-04-20 20:00:00+00:00', '2023-04-20 21:00:00+00:00', '2023-04-20 22:00:00+00:00', '2023-04-20 23:00:00+00:00']",13,3.431,556.046,1220.708
2023-04-20,H2.Z70,W,"['2023-04-20 13:00:00+00:00', '2023-04-20 14:00:00+00:00', '2023-04-20 15:00:00+00:00', '2023-04-20 16:00:00+00:00', '2023-04-20 17:00:00+00:00', '2023-04-20 18:00:00+00:00', '2023-04-20 19:00:00+00:00', '2023-04-20 20:00:00+00:00', '2023-04-20 21:00:00+00:00', '2023-04-20 22:00:00+00:00', '2023-04-20 23:00:00+00:00']",11,3.427,92184.682,92021.35
2023-04-20,H2.Z70,W_in,"['2023-04-20 13:00:00+00:00', '2023-04-20 14:00:00+00:00', '2023-04-20 15:00:00+00:00', '2023-04-20 16:00:00+00:00', '2023-04-20 17:00:00+00:00', '2023-04-20 18:00:00+00:00', '2023-04-20 19:00:00+00:00', '2023-04-20 20:00:00+00:00', '2023-04-20 21:00:00+00:00', '2023-04-20 22:00:00+00:00', '2023-04-20 23:00:00+00:00']",11,3.427,92184.682,92021.35
2023-04-20,H4.Z50,I3,['2023-04-20 09:00:00+00:00'],1,3.422,7.011,5.656
2023-04-20,H4.Z50,P3,['2023-04-20 09:00:00+00:00'],1,3.416,1448.206,1160.513
2023-04-20,H2.T.Z30,I2,['2023-04-20 09:00:00+00:00'],1,3.415,30.159,24.001
2023-04-20,H3.Z47,P2,['2023-04-20 13:00:00+00:00'],1,3.411,1378.699,955.43
2023-04-20,H4.Z51,I3,"['2023-04-20 11:00:00+00:00', '2023-04-20 14:00:00+00:00']",2,3.407,7.181,6.188
2023-04-20,H2.Z67,I3,"['2023-04-20 11:00:00+00:00', '2023-04-20 12:00:00+00:00', '2023-04-20 13:00:00+00:00', '2023-04-20 14:00:00+00:00', '2023-04-20 15:00:00+00:00', '2023-04-20 16:00:00+00:00', '2023-04-20 17:00:00+00:00', '2023-04-20 18:00:00+00:00', '2023-04-20 19:00:00+00:00', '2023-04-20 20:00:00+00:00', '2023-04-20 21:00:00+00:00', '2023-04-20 22:00:00+00:00', '2023-04-20 23:00:00+00:00']",13,3.4,3.017,6.626
2023-04-20,H2.Z67,I1,"['2023-04-20 11:00:00+00:00', '2023-04-20 12:00:00+00:00', '2023-04-20 13:00:00+00:00', '2023-04-20 14:00:00+00:00', '2023-04-20 15:00:00+00:00', '2023-04-20 16:00:00+00:00', '2023-04-20 17:00:00+00:00', '2023-04-20 18:00:00+00:00', '2023-04-20 19:00:00+00:00', '2023-04-20 20:00:00+00:00', '2023-04-20 21:00:00+00:00', '2023-04-20 22:00:00+00:00', '2023-04-20 23:00:00+00:00']",13,3.393,3.125,6.756
2023-04-20,H2.Z62,P,['2023-04-20 12:00:00+00:00'],1,3.39,14.482,14.56
2023-04-20,H4.ZE51,I3,"['2023-04-20 11:00:00+00:00', '2023-04-20 14:00:00+00:00']",2,3.382,9.46,8.157
2023-04-20,H3.Z43,PF2,"['2023-04-20 03:00:00+00:00', '2023-04-20 04:00:00+00:00', '2023-04-20 05:00:00+00:00']",3,3.373,0.694,0.705
2023-04-20,H2.Z67,I2,"['2023-04-20 11:00:00+00:00', '2023-04-20 12:00:00+00:00', '2023-04-20 13:00:00+00:00', '2023-04-20 14:00:00+00:00', '2023-04-20 15:00:00+00:00', '2023-04-20 16:00:00+00:00', '2023-04-20 17:00:00+00:00', '2023-04-20 18:00:00+00:00', '2023-04-20 19:00:00+00:00', '2023-04-20 20:00:00+00:00', '2023-04-20 21:00:00+00:00', '2023-04-20 22:00:00+00:00', '2023-04-20 23:00:00+00:00']",13,3.369,3.165,6.637
2023-04-20,H2.Z66,PF2,"['2023-04-20 11:00:00+00:00', '2023-04-20 13:00:00+00:00', '2023-04-20 16:00:00+00:00', '2023-04-20 17:00:00+00:00', '2023-04-20 18:00:00+00:00', '2023-04-20 20:00:00+00:00', '2023-04-20 21:00:00+00:00', '2023-04-20 22:00:00+00:00']",8,3.368,0.233,0.149
2023-04-20,H1.Z28,I2,"['2023-04-20 02:00:00+00:00', '2023-04-20 03:00:00+00:00', '2023-04-20 04:00:00+00:00', '2023-04-20 11:00:00+00:00', '2023-04-20 20:00:00+00:00', '2023-04-20 22:00:00+00:00']",6,3.351,-81.519,-68.05
2023-04-20,H1.Z16,Q,['2023-04-20 13:00:00+00:00'],1,3.339,49.565,48.541
2023-04-20,H1.Z25,Q,"['2023-04-20 10:00:00+00:00', '2023-04-20 11:00:00+00:00', '2023-04-20 12:00:00+00:00', '2023-04-20 13:00:00+00:00']",4,3.335,2308.403,5771.303
2023-04-20,H4.Z51,P3,"['2023-04-20 11:00:00+00:00', '2023-04-20 14:00:00+00:00']",2,3.33,1228.962,1004.94
2023-04-20,H3.ZE41,P1,['2023-04-20 06:00:00+00:00'],1,3.323,2528.933,1698.735
2023-04-20,H3.ZE41,I1,['2023-04-20 06:00:00+00:00'],1,3.321,11.849,8.437
2023-04-20,H4.ZE51,P3,"['2023-04-20 11:00:00+00:00', '2023-04-20 14:00:00+00:00']",2,3.315,1626.589,1335.031
2023-04-20,H3.Z47,I3,['2023-04-20 13:00:00+00:00'],1,3.313,8.284,6.811
2023-04-20,H2.T.Z30,P2,['2023-04-20 09:00:00+00:00'],1,3.306,6565.353,5070.223
2023-04-20,H1.Z24,Q,"['2023-04-20 10:00:00+00:00', '2023-04-20 11:00:00+00:00', '2023-04-20 12:00:00+00:00', '2023-04-20 13:00:00+00:00']",4,3.29,3040.143,7544.646
2023-04-20,H1.Z29,I3,"['2023-04-20 02:00:00+00:00', '2023-04-20 03:00:00+00:00', '2023-04-20 04:00:00+00:00', '2023-04-20 05:00:00+00:00', '2023-04-20 06:00:00+00:00', '2023-04-20 13:00:00+00:00', '2023-04-20 14:00:00+00:00', '2023-04-20 19:00:00+00:00', '2023-04-20 20:00:00+00:00', '2023-04-20 22:00:00+00:00']",10,3.287,207.384,83.684
2023-04-20,H3.Z45,PF2,"['2023-04-20 07:00:00+00:00', '2023-04-20 08:00:00+00:00', '2023-04-20 09:00:00+00:00', '2023-04-20 10:00:00+00:00', '2023-04-20 11:00:00+00:00', '2023-04-20 12:00:00+00:00', '2023-04-20 13:00:00+00:00', '2023-04-20 14:00:00+00:00', '2023-04-20 15:00:00+00:00', '2023-04-20 16:00:00+00:00', '2023-04-20 17:00:00+00:00', '2023-04-20 18:00:00+00:00', '2023-04-20 19:00:00+00:00', '2023-04-20 20:00:00+00:00', '2023-04-20 21:00:00+00:00', '2023-04-20 22:00:00+00:00', '2023-04-20 23:00:00+00:00']",17,3.287,0.188,0.364
2023-04-20,H1.Z15,I3,"['2023-04-20 02:00:00+00:00', '2023-04-20 03:00:00+00:00', '2023-04-20 22:00:00+00:00']",3,3.281,-166.607,-135.152
2023-04-20,H3.Z47,P,['2023-04-20 13:00:00+00:00'],1,3.281,4935.686,3718.26
2023-04-20,H1.Z15,I1,"['2023-04-20 02:00:00+00:00', '2023-04-20 03:00:00+00:00', '2023-04-20 04:00:00+00:00', '2023-04-20 11:00:00+00:00', '2023-04-20 22:00:00+00:00']",5,3.279,-138.485,-117.743
2023-04-20,H3.Z71,Q,"['2023-04-20 01:00:00+00:00', '2023-04-20 02:00:00+00:00', '2023-04-20 03:00:00+00:00', '2023-04-20 04:00:00+00:00']",4,3.276,-2250.226,-2321.116
2023-04-20,H1.Z15,I2,"['2023-04-20 02:00:00+00:00', '2023-04-20 03:00:00+00:00', '2023-04-20 04:00:00+00:00', '2023-04-20 22:00:00+00:00']",4,3.274,-142.854,-118.469
2023-04-20,H1.Z28,I3,"['2023-04-20 02:00:00+00:00', '2023-04-20 03:00:00+00:00', '2023-04-20 04:00:00+00:00', '2023-04-20 22:00:00+00:00']",4,3.255,-56.995,-44.941
2023-04-20,H1.Z21,PF2,"['2023-04-20 06:00:00+00:00', '2023-04-20 13:00:00+00:00', '2023-04-20 14:00:00+00:00']",3,3.235,-0.629,0.024
2023-04-20,H2.T.Z30,I3,['2023-04-20 09:00:00+00:00'],1,3.22,32.729,26.957
2023-04-20,H2.T.Z33,I2,"['2023-04-20 13:00:00+00:00', '2023-04-20 14:00:00+00:00']",2,3.217,78.985,64.896
2023-04-20,H1.Z29,I1,"['2023-04-20 02:00:00+00:00', '2023-04-20 03:00:00+00:00', '2023-04-20 04:00:00+00:00', '2023-04-20 05:00:00+00:00', '2023-04-20 06:00:00+00:00', '2023-04-20 13:00:00+00:00', '2023-04-20 14:00:00+00:00', '2023-04-20 17:00:00+00:00', '2023-04-20 18:00:00+00:00', '2023-04-20 19:00:00+00:00', '2023-04-20 22:00:00+00:00']",11,3.202,228.943,93.589
2023-04-20,H1.Z29,I2,"['2023-04-20 02:00:00+00:00', '2023-04-20 03:00:00+00:00', '2023-04-20 04:00:00+00:00', '2023-04-20 05:00:00+00:00', '2023-04-20 06:00:00+00:00', '2023-04-20 13:00:00+00:00', '2023-04-20 14:00:00+00:00', '2023-04-20 17:00:00+00:00', '2023-04-20 18:00:00+00:00', '2023-04-20 19:00:00+00:00', '2023-04-20 22:00:00+00:00']",11,3.202,213.344,87.61
2023-04-20,H1.Z25,I1,"['2023-04-20 10:00:00+00:00', '2023-04-20 11:00:00+00:00', '2023-04-20 12:00:00+00:00', '2023-04-20 13:00:00+00:00']",4,3.198,7.039,16.409
2023-04-20,H1.Z24,I2,"['2023-04-20 10:00:00+00:00', '2023-04-20 11:00:00+00:00', '2023-04-20 12:00:00+00:00', '2023-04-20 13:00:00+00:00']",4,3.183,7.415,17.028
2023-04-20,H1.Z24,I3,"['2023-04-20 10:00:00+00:00', '2023-04-20 11:00:00+00:00', '2023-04-20 12:00:00+00:00', '2023-04-20 13:00:00+00:00']",4,3.163,6.99,16.606
2023-04-20,H2.T.Z30,P3,['2023-04-20 09:00:00+00:00'],1,3.161,7299.968,5913.255
2023-04-20,H1.Z25,I2,"['2023-04-20 10:00:00+00:00', '2023-04-20 11:00:00+00:00', '2023-04-20 12:00:00+00:00', '2023-04-20 13:00:00+00:00']",4,3.152,6.815,16.706
2023-04-20,H1.Z25,P3,"['2023-04-20 10:00:00+00:00', '2023-04-20 11:00:00+00:00', '2023-04-20 12:00:00+00:00', '2023-04-20 13:00:00+00:00']",4,3.152,851.31,2436.94
2023-04-20,H1.Z29,P3,"['2023-04-20 02:00:00+00:00', '2023-04-20 03:00:00+00:00', '2023-04-20 04:00:00+00:00', '2023-04-20 05:00:00+00:00', '2023-04-20 13:00:00+00:00', '2023-04-20 19:00:00+00:00', '2023-04-20 22:00:00+00:00']",7,3.147,-46432.507,-9704.789
2023-04-20,H1.Z24,PF,['2023-04-20 12:00:00+00:00'],1,3.143,0.913,0.861
2023-04-20,H3.Z47,P3,['2023-04-20 13:00:00+00:00'],1,3.14,1609.659,1264.11
2023-04-20,V.Z81,I1,['2023-04-20 22:00:00+00:00'],1,3.132,144.142,122.384
2023-04-20,H1.Z24,I1,"['2023-04-20 10:00:00+00:00', '2023-04-20 11:00:00+00:00', '2023-04-20 12:00:00+00:00', '2023-04-20 13:00:00+00:00']",4,3.131,6.454,16.219
2023-04-20,H1.Z25,I3,"['2023-04-20 10:00:00+00:00', '2023-04-20 11:00:00+00:00', '2023-04-20 12:00:00+00:00', '2023-04-20 13:00:00+00:00']",4,3.129,4.659,11.392
2023-04-20,H1.Z18,P2,['2023-04-20 11:00:00+00:00'],1,3.127,48.788,50.019
2023-04-20,H1.Z29,P,"['2023-04-20 02:00:00+00:00', '2023-04-20 04:00:00+00:00', '2023-04-20 05:00:00+00:00', '2023-04-20 13:00:00+00:00', '2023-04-20 19:00:00+00:00', '2023-04-20 22:00:00+00:00']",6,3.123,-145511.089,-30084.459
2023-04-20,H2.Z66,PF1,['2023-04-20 07:00:00+00:00'],1,3.122,0.717,0.74
2023-04-20,H1.Z29,P2,"['2023-04-20 02:00:00+00:00', '2023-04-20 04:00:00+00:00', '2023-04-20 05:00:00+00:00', '2023-04-20 13:00:00+00:00', '2023-04-20 17:00:00+00:00', '2023-04-20 18:00:00+00:00', '2023-04-20 19:00:00+00:00', '2023-04-20 22:00:00+00:00']",8,3.119,-47801.689,-9704.807
2023-04-20,H2.T.Z30,P,['2023-04-20 09:00:00+00:00'],1,3.111,20206.471,16064.46
2023-04-20,H1.Z29,P1,"['2023-04-20 02:00:00+00:00', '2023-04-20 04:00:00+00:00', '2023-04-20 05:00:00+00:00', '2023-04-20 06:00:00+00:00', '2023-04-20 13:00:00+00:00', '2023-04-20 19:00:00+00:00']",6,3.106,-51279.009,-10672.864
2023-04-20,H1.Z24,P1,"['2023-04-20 10:00:00+00:00', '2023-04-20 11:00:00+00:00', '2023-04-20 13:00:00+00:00']",3,3.089,961.009,2669.634
2023-04-20,V.Z81,I3,['2023-04-20 22:00:00+00:00'],1,3.089,148.324,124.797
2023-04-20,H3.Z47,I1,['2023-04-20 13:00:00+00:00'],1,3.085,10.227,8.781
2023-04-20,H1.Z24,P3,['2023-04-20 12:00:00+00:00'],1,3.063,1119.718,2749.807
2023-04-20,H1.Z10,P2,['2023-04-20 06:00:00+00:00'],1,3.059,1210.617,1209.556
2023-04-20,H1.Z25,P1,['2023-04-20 12:00:00+00:00'],1,3.038,1159.344,2709.012
2023-04-20,H1.Z25,P,"['2023-04-20 10:00:00+00:00', '2023-04-20 11:00:00+00:00', '2023-04-20 12:00:00+00:00', '2023-04-20 13:00:00+00:00']",4,3.032,3101.729,7934.007
2023-04-20,H4.ZE50,PF,['2023-04-20 09:00:00+00:00'],1,3.028,0.846,0.841
2023-04-20,H1.Z18,I3,"['2023-04-20 17:00:00+00:00', '2023-04-20 18:00:00+00:00']",2,3.025,0.326,0.282
2023-04-20,H1.Z25,P2,"['2023-04-20 10:00:00+00:00', '2023-04-20 11:00:00+00:00', '2023-04-20 12:00:00+00:00', '2023-04-20 13:00:00+00:00']",4,3.018,1096.728,2807.328
2023-04-20,H1.Z24,P2,['2023-04-20 13:00:00+00:00'],1,3.004,1099.826,2808.408
2023-04-20,H1.Z24,P,['2023-04-20 12:00:00+00:00'],1,3.003,3180.92,8207.544
2023-04-20,H1.Z18,P3,['2023-04-20 16:00:00+00:00'],1,3.002,1.211,6.371
