meter_urn,period_type,period_label,column_a,column_b,corr,abs_corr,rank
V.K21,seasonal,Winter,Igc,Igm,0.999017,0.999017,1
V.K21,seasonal,Winter,V,W,0.996631,0.996631,2
V.K21,seasonal,Winter,Trl,Tvl,0.982424,0.982424,3
V.K21,seasonal,Winter,Ah,Dp,0.979601,0.979601,4
V.K21,seasonal,Winter,H,Ta,0.968818,0.968818,5
V.K21,seasonal,Winter,Ah,H,0.940929,0.940929,6
V.K21,seasonal,Winter,Dp,H,0.939106,0.939106,7
V.K21,seasonal,Winter,H,rho,-0.853877,0.853877,8
V.K21,seasonal,Winter,Dp,Ta,0.844408,0.844408,9
V.K21,seasonal,Winter,Ta,rho,-0.840724,0.840724,10
V.K21,seasonal,Winter,Ah,Ta,0.828603,0.828603,11
V.K21,seasonal,Winter,Dp,rho,-0.775085,0.775085,12
V.K21,seasonal,Winter,Ah,rho,-0.766467,0.766467,13
V.K21,seasonal,Winter,Sc,rho,-0.502751,0.502751,14
V.K21,seasonal,Winter,P,qv,0.48275,0.48275,15
V.K21,seasonal,Winter,Dc,Sc,0.478647,0.478647,16
V.K21,seasonal,Winter,Igm,Ua,-0.477417,0.477417,17
V.K21,seasonal,Winter,Igc,Ua,-0.46835,0.46835,18
V.K21,seasonal,Winter,Sc,Ta,0.44448,0.44448,19
V.K21,seasonal,Winter,H,Sc,0.39761,0.39761,20
V.K21,seasonal,Winter,Dp,Ua,0.34595,0.34595,21
V.K21,seasonal,Winter,Dc,Ta,0.3426,0.3426,22
V.K21,seasonal,Winter,Ah,Ua,0.337418,0.337418,23
V.K21,seasonal,Winter,Dc,H,0.332968,0.332968,24
V.K21,seasonal,Winter,Dc,Dp,0.322171,0.322171,25
V.K21,seasonal,Winter,W,qv,-0.316862,0.316862,26
V.K21,seasonal,Winter,Dc,rho,-0.308297,0.308297,27
V.K21,seasonal,Winter,Sc,Ua,-0.307494,0.307494,28
V.K21,seasonal,Winter,V,qv,-0.301455,0.301455,29
V.K21,seasonal,Winter,Ah,Dc,0.288559,0.288559,30
V.K21,seasonal,Winter,Ah,Sc,0.278309,0.278309,31
V.K21,seasonal,Winter,Dp,Sc,0.274353,0.274353,32
V.K21,seasonal,Winter,Tdiff,qv,0.256633,0.256633,33
V.K21,seasonal,Winter,P,Tdiff,-0.253813,0.253813,34
V.K21,seasonal,Winter,P,W,-0.205407,0.205407,35
V.K21,seasonal,Winter,Ta,Ua,-0.203218,0.203218,36
V.K21,seasonal,Winter,Tdiff,Trl,-0.189098,0.189098,37
V.K21,seasonal,Winter,Trl,qv,-0.184015,0.184015,38
V.K21,seasonal,Winter,P,Tvl,-0.17975,0.17975,39
V.K21,seasonal,Winter,P,V,-0.17958,0.17958,40
V.K21,seasonal,Winter,Tvl,qv,-0.159002,0.159002,41
V.K21,seasonal,Winter,Igm,Ta,0.150337,0.150337,42
V.K21,seasonal,Winter,Igm,Sc,0.147435,0.147435,43
V.K21,seasonal,Winter,W,Dp,0.145218,0.145218,44
V.K21,seasonal,Winter,Igc,Sc,0.144565,0.144565,45
V.K21,seasonal,Winter,Igc,Ta,0.144416,0.144416,46
V.K21,seasonal,Winter,P,Trl,-0.141395,0.141395,47
V.K21,seasonal,Winter,V,Dp,0.140957,0.140957,48
V.K21,seasonal,Winter,W,Ah,0.140775,0.140775,49
V.K21,seasonal,Winter,V,Ah,0.135617,0.135617,50
V.K21,seasonal,Winter,Dp,Igc,-0.128516,0.128516,51
V.K21,seasonal,Winter,Dp,Igm,-0.128296,0.128296,52
V.K21,seasonal,Winter,Ah,Igm,-0.124443,0.124443,53
V.K21,seasonal,Winter,Ah,Igc,-0.124431,0.124431,54
V.K21,seasonal,Winter,W,H,0.116067,0.116067,55
V.K21,seasonal,Winter,P,Dp,-0.115554,0.115554,56
V.K21,seasonal,Winter,qv,Ta,-0.112048,0.112048,57
V.K21,seasonal,Winter,P,Ta,-0.110846,0.110846,58
V.K21,seasonal,Winter,V,H,0.110336,0.110336,59
V.K21,seasonal,Winter,P,H,-0.107232,0.107232,60
V.K21,seasonal,Winter,V,Ua,0.099722,0.099722,61
V.K21,seasonal,Winter,P,Ah,-0.096765,0.096765,62
V.K21,seasonal,Winter,W,Ua,0.096709,0.096709,63
V.K21,seasonal,Winter,W,Ta,0.091479,0.091479,64
V.K21,seasonal,Winter,Tvl,V,-0.090592,0.090592,65
V.K21,seasonal,Winter,Tvl,W,-0.089052,0.089052,66
V.K21,seasonal,Winter,Trl,Ah,0.086671,0.086671,67
V.K21,seasonal,Winter,V,Ta,0.086003,0.086003,68
V.K21,seasonal,Winter,Trl,H,0.085935,0.085935,69
V.K21,seasonal,Winter,Trl,W,-0.085749,0.085749,70
V.K21,seasonal,Winter,Tvl,Ah,0.084132,0.084132,71
V.K21,seasonal,Winter,Trl,Dp,0.083246,0.083246,72
V.K21,seasonal,Winter,Trl,Ta,0.083114,0.083114,73
V.K21,seasonal,Winter,Tvl,H,0.080077,0.080077,74
V.K21,seasonal,Winter,Trl,V,-0.08007,0.08007,75
V.K21,seasonal,Winter,qv,Ua,0.079788,0.079788,76
V.K21,seasonal,Winter,qv,H,-0.079531,0.079531,77
V.K21,seasonal,Winter,Tvl,Dp,0.07935,0.07935,78
V.K21,seasonal,Winter,W,Sc,0.075318,0.075318,79
V.K21,seasonal,Winter,Tvl,Ta,0.074857,0.074857,80
V.K21,seasonal,Winter,Tdiff,V,-0.072254,0.072254,81
V.K21,seasonal,Winter,V,Sc,0.066352,0.066352,82
V.K21,seasonal,Winter,qv,Dp,-0.064618,0.064618,83
V.K21,seasonal,Winter,Tdiff,Ua,0.064521,0.064521,84
V.K21,seasonal,Winter,Tdiff,Ta,-0.06343,0.06343,85
V.K21,seasonal,Winter,P,rho,0.061999,0.061999,86
V.K21,seasonal,Winter,Tdiff,Igm,-0.061884,0.061884,87
V.K21,seasonal,Winter,Tdiff,Igc,-0.061243,0.061243,88
V.K21,seasonal,Winter,W,Igm,-0.058301,0.058301,89
V.K21,seasonal,Winter,W,Igc,-0.058262,0.058262,90
V.K21,seasonal,Winter,Ua,rho,0.055847,0.055847,91
V.K21,seasonal,Winter,qv,Dc,-0.054385,0.054385,92
V.K21,seasonal,Winter,V,Igm,-0.054381,0.054381,93
V.K21,seasonal,Winter,V,Igc,-0.05437,0.05437,94
V.K21,seasonal,Winter,Tdiff,W,-0.053659,0.053659,95
V.K21,seasonal,Winter,W,rho,-0.05262,0.05262,96
V.K21,seasonal,Winter,Tdiff,Dc,-0.052418,0.052418,97
V.K21,seasonal,Winter,P,Igm,0.048513,0.048513,98
V.K21,seasonal,Winter,P,Igc,0.048366,0.048366,99
V.K21,seasonal,Winter,P,Dc,-0.047604,0.047604,100
V.K21,seasonal,Winter,V,rho,-0.046255,0.046255,101
V.K21,seasonal,Winter,Tdiff,H,-0.045421,0.045421,102
V.K21,seasonal,Winter,qv,Sc,-0.039679,0.039679,103
V.K21,seasonal,Winter,Tvl,Sc,-0.038371,0.038371,104
V.K21,seasonal,Winter,Tdiff,Tvl,-0.037089,0.037089,105
V.K21,seasonal,Winter,H,Igm,0.036292,0.036292,106
V.K21,seasonal,Winter,qv,Ah,-0.035317,0.035317,107
V.K21,seasonal,Winter,Dc,Ua,-0.034465,0.034465,108
V.K21,seasonal,Winter,H,Igc,0.032682,0.032682,109
V.K21,seasonal,Winter,Trl,Sc,-0.031093,0.031093,110
V.K21,seasonal,Winter,P,Sc,-0.030117,0.030117,111
V.K21,seasonal,Winter,Tvl,Ua,0.02922,0.02922,112
V.K21,seasonal,Winter,Igm,rho,-0.029123,0.029123,113
V.K21,seasonal,Winter,W,Dc,0.028765,0.028765,114
V.K21,seasonal,Winter,Tdiff,Dp,-0.028711,0.028711,115
V.K21,seasonal,Winter,Tdiff,Sc,-0.026753,0.026753,116
V.K21,seasonal,Winter,Trl,Igc,0.026251,0.026251,117
V.K21,seasonal,Winter,Dc,Igc,-0.026067,0.026067,118
V.K21,seasonal,Winter,Trl,Igm,0.025926,0.025926,119
V.K21,seasonal,Winter,Dc,Igm,-0.024997,0.024997,120
V.K21,seasonal,Winter,qv,Igm,-0.024805,0.024805,121
V.K21,seasonal,Winter,qv,Igc,-0.024569,0.024569,122
V.K21,seasonal,Winter,Igc,rho,-0.024557,0.024557,123
V.K21,seasonal,Winter,V,Dc,0.024428,0.024428,124
V.K21,seasonal,Winter,Tdiff,rho,-0.022313,0.022313,125
V.K21,seasonal,Winter,H,Ua,0.021549,0.021549,126
V.K21,seasonal,Winter,Tdiff,Ah,-0.020954,0.020954,127
V.K21,seasonal,Winter,Trl,Ua,0.020907,0.020907,128
V.K21,seasonal,Winter,Tvl,Igc,0.018869,0.018869,129
V.K21,seasonal,Winter,Tvl,Igm,0.018472,0.018472,130
V.K21,seasonal,Winter,P,Ua,-0.016557,0.016557,131
V.K21,seasonal,Winter,Tvl,Dc,-0.005456,0.005456,132
V.K21,seasonal,Winter,Trl,rho,0.005346,0.005346,133
V.K21,seasonal,Winter,Trl,Dc,0.004569,0.004569,134
V.K21,seasonal,Winter,qv,rho,0.00161,0.00161,135
V.K21,seasonal,Winter,Tvl,rho,0.000993,0.000993,136
V.K21,seasonal,Spring,Igc,Igm,0.999067,0.999067,1
V.K21,seasonal,Spring,V,W,0.996725,0.996725,2
V.K21,seasonal,Spring,Ah,Dp,0.976225,0.976225,3
V.K21,seasonal,Spring,Ta,rho,-0.924847,0.924847,4
V.K21,seasonal,Spring,H,Ta,0.917834,0.917834,5
V.K21,seasonal,Spring,H,rho,-0.907176,0.907176,6
V.K21,seasonal,Spring,Trl,Tvl,0.87353,0.87353,7
V.K21,seasonal,Spring,Dp,H,0.860814,0.860814,8
V.K21,seasonal,Spring,Ah,H,0.843659,0.843659,9
V.K21,seasonal,Spring,Dp,rho,-0.682453,0.682453,10
V.K21,seasonal,Spring,Ah,rho,-0.635594,0.635594,11
V.K21,seasonal,Spring,P,qv,0.626091,0.626091,12
V.K21,seasonal,Spring,Dp,Ta,0.609649,0.609649,13
V.K21,seasonal,Spring,Igm,Ua,-0.566801,0.566801,14
V.K21,seasonal,Spring,Ah,Ta,0.561837,0.561837,15
V.K21,seasonal,Spring,Igc,Ua,-0.556079,0.556079,16
V.K21,seasonal,Spring,Ta,Ua,-0.523956,0.523956,17
V.K21,seasonal,Spring,Igm,Ta,0.476543,0.476543,18
V.K21,seasonal,Spring,Igc,Ta,0.467881,0.467881,19
V.K21,seasonal,Spring,P,Ta,0.439985,0.439985,20
V.K21,seasonal,Spring,Tvl,W,-0.400823,0.400823,21
V.K21,seasonal,Spring,P,H,0.382069,0.382069,22
V.K21,seasonal,Spring,P,rho,-0.378946,0.378946,23
V.K21,seasonal,Spring,Tvl,V,-0.375447,0.375447,24
V.K21,seasonal,Spring,Ah,Ua,0.369508,0.369508,25
V.K21,seasonal,Spring,Igm,Sc,0.367633,0.367633,26
V.K21,seasonal,Spring,Igm,rho,-0.36468,0.36468,27
V.K21,seasonal,Spring,Tdiff,H,-0.363856,0.363856,28
V.K21,seasonal,Spring,Igc,Sc,0.362256,0.362256,29
V.K21,seasonal,Spring,Igc,rho,-0.356622,0.356622,30
V.K21,seasonal,Spring,Ua,rho,0.35604,0.35604,31
V.K21,seasonal,Spring,Tdiff,Ta,-0.35175,0.35175,32
V.K21,seasonal,Spring,Dp,Ua,0.33805,0.33805,33
V.K21,seasonal,Spring,P,Igm,0.323594,0.323594,34
V.K21,seasonal,Spring,P,Igc,0.319645,0.319645,35
V.K21,seasonal,Spring,Dc,Sc,0.31828,0.31828,36
V.K21,seasonal,Spring,Tdiff,Trl,-0.313892,0.313892,37
V.K21,seasonal,Spring,Trl,W,-0.313622,0.313622,38
V.K21,seasonal,Spring,Tdiff,rho,0.305965,0.305965,39
V.K21,seasonal,Spring,Sc,Ua,-0.298276,0.298276,40
V.K21,seasonal,Spring,P,Ua,-0.297447,0.297447,41
V.K21,seasonal,Spring,H,Igm,0.294375,0.294375,42
V.K21,seasonal,Spring,H,Igc,0.289618,0.289618,43
V.K21,seasonal,Spring,Trl,V,-0.289426,0.289426,44
V.K21,seasonal,Spring,Tdiff,Ah,-0.279384,0.279384,45
V.K21,seasonal,Spring,P,Tdiff,-0.268695,0.268695,46
V.K21,seasonal,Spring,Tdiff,Dp,-0.268236,0.268236,47
V.K21,seasonal,Spring,Sc,rho,-0.258947,0.258947,48
V.K21,seasonal,Spring,P,Ah,0.191359,0.191359,49
V.K21,seasonal,Spring,Sc,Ta,0.188914,0.188914,50
V.K21,seasonal,Spring,Trl,qv,-0.183449,0.183449,51
V.K21,seasonal,Spring,P,Dp,0.183305,0.183305,52
V.K21,seasonal,Spring,qv,Igm,0.182977,0.182977,53
V.K21,seasonal,Spring,qv,Igc,0.180515,0.180515,54
V.K21,seasonal,Spring,qv,Ta,0.172157,0.172157,55
V.K21,seasonal,Spring,Dc,Dp,0.170658,0.170658,56
V.K21,seasonal,Spring,Tdiff,Tvl,0.166113,0.166113,57
V.K21,seasonal,Spring,H,Ua,-0.165858,0.165858,58
V.K21,seasonal,Spring,Tdiff,W,-0.153317,0.153317,59
V.K21,seasonal,Spring,Tdiff,V,-0.152037,0.152037,60
V.K21,seasonal,Spring,Tdiff,qv,0.145118,0.145118,61
V.K21,seasonal,Spring,Tdiff,Igm,-0.144844,0.144844,62
V.K21,seasonal,Spring,qv,rho,-0.143439,0.143439,63
V.K21,seasonal,Spring,Tdiff,Igc,-0.143319,0.143319,64
V.K21,seasonal,Spring,Ah,Dc,0.14226,0.14226,65
V.K21,seasonal,Spring,P,Tvl,-0.140877,0.140877,66
V.K21,seasonal,Spring,qv,H,0.134735,0.134735,67
V.K21,seasonal,Spring,Tdiff,Ua,0.132607,0.132607,68
V.K21,seasonal,Spring,qv,Ua,-0.128775,0.128775,69
V.K21,seasonal,Spring,V,qv,-0.118628,0.118628,70
V.K21,seasonal,Spring,V,rho,0.117996,0.117996,71
V.K21,seasonal,Spring,Dc,rho,-0.116968,0.116968,72
V.K21,seasonal,Spring,W,qv,-0.116467,0.116467,73
V.K21,seasonal,Spring,Tvl,qv,-0.112392,0.112392,74
V.K21,seasonal,Spring,Tvl,Dp,-0.107749,0.107749,75
V.K21,seasonal,Spring,W,rho,0.107653,0.107653,76
V.K21,seasonal,Spring,Trl,Ta,0.104096,0.104096,77
V.K21,seasonal,Spring,Trl,Ua,-0.103337,0.103337,78
V.K21,seasonal,Spring,Tvl,Ah,-0.10316,0.10316,79
V.K21,seasonal,Spring,Dc,H,0.102909,0.102909,80
V.K21,seasonal,Spring,P,V,-0.101148,0.101148,81
V.K21,seasonal,Spring,P,W,-0.094752,0.094752,82
V.K21,seasonal,Spring,Dc,Ua,0.094734,0.094734,83
V.K21,seasonal,Spring,H,Sc,0.087529,0.087529,84
V.K21,seasonal,Spring,Tvl,H,-0.086416,0.086416,85
V.K21,seasonal,Spring,Trl,H,0.081286,0.081286,86
V.K21,seasonal,Spring,Ah,Sc,-0.079181,0.079181,87
V.K21,seasonal,Spring,Trl,rho,-0.07895,0.07895,88
V.K21,seasonal,Spring,P,Sc,0.071296,0.071296,89
V.K21,seasonal,Spring,V,H,-0.063093,0.063093,90
V.K21,seasonal,Spring,Tvl,rho,0.060043,0.060043,91
V.K21,seasonal,Spring,V,Ah,-0.058263,0.058263,92
V.K21,seasonal,Spring,Tvl,Ta,-0.057222,0.057222,93
V.K21,seasonal,Spring,Trl,Igm,0.056908,0.056908,94
V.K21,seasonal,Spring,Trl,Igc,0.056385,0.056385,95
V.K21,seasonal,Spring,Dp,Sc,-0.055832,0.055832,96
V.K21,seasonal,Spring,Dc,Ta,0.05499,0.05499,97
V.K21,seasonal,Spring,W,H,-0.05443,0.05443,98
V.K21,seasonal,Spring,V,Ta,-0.049285,0.049285,99
V.K21,seasonal,Spring,qv,Dp,0.0488,0.0488,100
V.K21,seasonal,Spring,V,Dp,-0.046277,0.046277,101
V.K21,seasonal,Spring,W,Ah,-0.04622,0.04622,102
V.K21,seasonal,Spring,qv,Ah,0.045902,0.045902,103
V.K21,seasonal,Spring,W,Ta,-0.045187,0.045187,104
V.K21,seasonal,Spring,V,Sc,0.044519,0.044519,105
V.K21,seasonal,Spring,W,Sc,0.044199,0.044199,106
V.K21,seasonal,Spring,Tvl,Ua,-0.040706,0.040706,107
V.K21,seasonal,Spring,W,Dp,-0.035449,0.035449,108
V.K21,seasonal,Spring,Tdiff,Dc,-0.032995,0.032995,109
V.K21,seasonal,Spring,Ah,Igm,-0.032838,0.032838,110
V.K21,seasonal,Spring,Ah,Igc,-0.030898,0.030898,111
V.K21,seasonal,Spring,P,Dc,-0.030106,0.030106,112
V.K21,seasonal,Spring,Tdiff,Sc,-0.02986,0.02986,113
V.K21,seasonal,Spring,Trl,Dc,0.029201,0.029201,114
V.K21,seasonal,Spring,Trl,Ah,0.026408,0.026408,115
V.K21,seasonal,Spring,P,Trl,-0.023457,0.023457,116
V.K21,seasonal,Spring,Trl,Sc,0.018437,0.018437,117
V.K21,seasonal,Spring,Tvl,Dc,0.016467,0.016467,118
V.K21,seasonal,Spring,Dc,Igc,-0.014396,0.014396,119
V.K21,seasonal,Spring,Trl,Dp,0.014389,0.014389,120
V.K21,seasonal,Spring,Dc,Igm,-0.012393,0.012393,121
V.K21,seasonal,Spring,Tvl,Igm,-0.011451,0.011451,122
V.K21,seasonal,Spring,Tvl,Igc,-0.011195,0.011195,123
V.K21,seasonal,Spring,qv,Sc,0.010092,0.010092,124
V.K21,seasonal,Spring,V,Dc,0.010084,0.010084,125
V.K21,seasonal,Spring,qv,Dc,-0.006771,0.006771,126
V.K21,seasonal,Spring,Dp,Igm,-0.004573,0.004573,127
V.K21,seasonal,Spring,W,Dc,0.004551,0.004551,128
V.K21,seasonal,Spring,V,Ua,-0.004193,0.004193,129
V.K21,seasonal,Spring,W,Igm,-0.003772,0.003772,130
V.K21,seasonal,Spring,W,Igc,-0.003547,0.003547,131
V.K21,seasonal,Spring,Dp,Igc,-0.00319,0.00319,132
V.K21,seasonal,Spring,Tvl,Sc,-0.00287,0.00287,133
V.K21,seasonal,Spring,W,Ua,0.002288,0.002288,134
V.K21,seasonal,Spring,V,Igm,-0.001061,0.001061,135
V.K21,seasonal,Spring,V,Igc,-0.000853,0.000853,136
V.K21,seasonal,Summer,Igc,Igm,0.99892,0.99892,1
V.K21,seasonal,Summer,V,W,0.99534,0.99534,2
V.K21,seasonal,Summer,Ah,Dp,0.990053,0.990053,3
V.K21,seasonal,Summer,Ta,rho,-0.957518,0.957518,4
V.K21,seasonal,Summer,Trl,Tvl,0.930674,0.930674,5
V.K21,seasonal,Summer,H,rho,-0.806397,0.806397,6
V.K21,seasonal,Summer,Ta,Ua,-0.773207,0.773207,7
V.K21,seasonal,Summer,Dp,H,0.752169,0.752169,8
V.K21,seasonal,Summer,H,Ta,0.735592,0.735592,9
V.K21,seasonal,Summer,Ah,H,0.708281,0.708281,10
V.K21,seasonal,Summer,P,qv,0.682308,0.682308,11
V.K21,seasonal,Summer,Ua,rho,0.64861,0.64861,12
V.K21,seasonal,Summer,Tvl,W,-0.613863,0.613863,13
V.K21,seasonal,Summer,Tvl,V,-0.593767,0.593767,14
V.K21,seasonal,Summer,Igm,Ua,-0.577177,0.577177,15
V.K21,seasonal,Summer,Ah,Ua,0.571191,0.571191,16
V.K21,seasonal,Summer,Igc,Ua,-0.566101,0.566101,17
V.K21,seasonal,Summer,P,Ta,0.555131,0.555131,18
V.K21,seasonal,Summer,Igm,Ta,0.548354,0.548354,19
V.K21,seasonal,Summer,Trl,W,-0.540816,0.540816,20
V.K21,seasonal,Summer,Igc,Ta,0.537206,0.537206,21
V.K21,seasonal,Summer,Trl,V,-0.518055,0.518055,22
V.K21,seasonal,Summer,P,rho,-0.515894,0.515894,23
V.K21,seasonal,Summer,Igm,Sc,0.512751,0.512751,24
V.K21,seasonal,Summer,Dp,Ua,0.510588,0.510588,25
V.K21,seasonal,Summer,Igc,Sc,0.507091,0.507091,26
V.K21,seasonal,Summer,P,Tdiff,-0.48663,0.48663,27
V.K21,seasonal,Summer,Igm,rho,-0.468899,0.468899,28
V.K21,seasonal,Summer,P,Igm,0.467538,0.467538,29
V.K21,seasonal,Summer,P,Igc,0.462821,0.462821,30
V.K21,seasonal,Summer,Igc,rho,-0.458128,0.458128,31
V.K21,seasonal,Summer,Tdiff,Ta,-0.449703,0.449703,32
V.K21,seasonal,Summer,P,Ua,-0.44644,0.44644,33
V.K21,seasonal,Summer,Dc,Sc,0.43801,0.43801,34
V.K21,seasonal,Summer,Sc,Ua,-0.422939,0.422939,35
V.K21,seasonal,Summer,Tdiff,rho,0.418372,0.418372,36
V.K21,seasonal,Summer,P,H,0.390636,0.390636,37
V.K21,seasonal,Summer,Sc,rho,-0.369427,0.369427,38
V.K21,seasonal,Summer,Sc,Ta,0.364111,0.364111,39
V.K21,seasonal,Summer,Tdiff,H,-0.355841,0.355841,40
V.K21,seasonal,Summer,Tdiff,Ua,0.340708,0.340708,41
V.K21,seasonal,Summer,Tdiff,Igm,-0.297909,0.297909,42
V.K21,seasonal,Summer,Tdiff,Igc,-0.293274,0.293274,43
V.K21,seasonal,Summer,Tdiff,V,-0.281844,0.281844,44
V.K21,seasonal,Summer,Tdiff,W,-0.275639,0.275639,45
V.K21,seasonal,Summer,P,Sc,0.272332,0.272332,46
V.K21,seasonal,Summer,Dp,rho,-0.257069,0.257069,47
V.K21,seasonal,Summer,Tdiff,Tvl,0.252667,0.252667,48
V.K21,seasonal,Summer,Trl,Ta,0.251115,0.251115,49
V.K21,seasonal,Summer,V,qv,0.246706,0.246706,50
V.K21,seasonal,Summer,H,Igm,0.246112,0.246112,51
V.K21,seasonal,Summer,Trl,rho,-0.246111,0.246111,52
V.K21,seasonal,Summer,W,qv,0.243666,0.243666,53
V.K21,seasonal,Summer,H,Igc,0.241471,0.241471,54
V.K21,seasonal,Summer,Tdiff,Sc,-0.238126,0.238126,55
V.K21,seasonal,Summer,qv,Igm,0.22889,0.22889,56
V.K21,seasonal,Summer,qv,Igc,0.227878,0.227878,57
V.K21,seasonal,Summer,Ah,Igm,-0.206957,0.206957,58
V.K21,seasonal,Summer,Ah,Igc,-0.202138,0.202138,59
V.K21,seasonal,Summer,Trl,H,0.201384,0.201384,60
V.K21,seasonal,Summer,qv,Ta,0.193686,0.193686,61
V.K21,seasonal,Summer,qv,rho,-0.18945,0.18945,62
V.K21,seasonal,Summer,Ah,rho,-0.187629,0.187629,63
V.K21,seasonal,Summer,Ah,Sc,-0.179084,0.179084,64
V.K21,seasonal,Summer,Trl,Ua,-0.175146,0.175146,65
V.K21,seasonal,Summer,Dp,Igm,-0.165816,0.165816,66
V.K21,seasonal,Summer,Dp,Igc,-0.161662,0.161662,67
V.K21,seasonal,Summer,H,Ua,-0.160441,0.160441,68
V.K21,seasonal,Summer,qv,Sc,0.150874,0.150874,69
V.K21,seasonal,Summer,qv,H,0.150731,0.150731,70
V.K21,seasonal,Summer,Dp,Sc,-0.150627,0.150627,71
V.K21,seasonal,Summer,Trl,Igm,0.150604,0.150604,72
V.K21,seasonal,Summer,qv,Ua,-0.149838,0.149838,73
V.K21,seasonal,Summer,Trl,Igc,0.147859,0.147859,74
V.K21,seasonal,Summer,H,Sc,0.138292,0.138292,75
V.K21,seasonal,Summer,Dp,Ta,0.115366,0.115366,76
V.K21,seasonal,Summer,P,Trl,0.108689,0.108689,77
V.K21,seasonal,Summer,Dc,Igm,0.108192,0.108192,78
V.K21,seasonal,Summer,Tdiff,Trl,-0.106156,0.106156,79
V.K21,seasonal,Summer,Dc,Igc,0.104771,0.104771,80
V.K21,seasonal,Summer,Dc,Ua,-0.10364,0.10364,81
V.K21,seasonal,Summer,Tdiff,Dp,-0.09042,0.09042,82
V.K21,seasonal,Summer,Tvl,rho,-0.083284,0.083284,83
V.K21,seasonal,Summer,Tdiff,Dc,-0.081614,0.081614,84
V.K21,seasonal,Summer,P,Tvl,-0.078571,0.078571,85
V.K21,seasonal,Summer,Tvl,Ta,0.07508,0.07508,86
V.K21,seasonal,Summer,W,Sc,0.070725,0.070725,87
V.K21,seasonal,Summer,V,Sc,0.069075,0.069075,88
V.K21,seasonal,Summer,Tdiff,qv,-0.067769,0.067769,89
V.K21,seasonal,Summer,Tvl,qv,-0.067568,0.067568,90
V.K21,seasonal,Summer,Tvl,H,0.06497,0.06497,91
V.K21,seasonal,Summer,Dc,Ta,0.059937,0.059937,92
V.K21,seasonal,Summer,Dc,rho,-0.058781,0.058781,93
V.K21,seasonal,Summer,Tdiff,Ah,-0.057991,0.057991,94
V.K21,seasonal,Summer,Trl,Dp,0.057413,0.057413,95
V.K21,seasonal,Summer,Trl,Sc,0.057156,0.057156,96
V.K21,seasonal,Summer,Trl,qv,-0.052887,0.052887,97
V.K21,seasonal,Summer,Ah,Dc,-0.052288,0.052288,98
V.K21,seasonal,Summer,P,Dc,0.044943,0.044943,99
V.K21,seasonal,Summer,Dc,Dp,-0.044739,0.044739,100
V.K21,seasonal,Summer,Ah,Ta,0.043195,0.043195,101
V.K21,seasonal,Summer,Tvl,Ua,-0.040225,0.040225,102
V.K21,seasonal,Summer,P,W,0.037861,0.037861,103
V.K21,seasonal,Summer,Trl,Ah,0.035973,0.035973,104
V.K21,seasonal,Summer,V,Ta,-0.035852,0.035852,105
V.K21,seasonal,Summer,Tvl,Igm,0.034816,0.034816,106
V.K21,seasonal,Summer,P,V,0.034075,0.034075,107
V.K21,seasonal,Summer,Tvl,Igc,0.033854,0.033854,108
V.K21,seasonal,Summer,P,Dp,0.033454,0.033454,109
V.K21,seasonal,Summer,V,rho,0.031337,0.031337,110
V.K21,seasonal,Summer,Tvl,Sc,-0.029303,0.029303,111
V.K21,seasonal,Summer,Tvl,Dp,0.026023,0.026023,112
V.K21,seasonal,Summer,qv,Dp,0.025631,0.025631,113
V.K21,seasonal,Summer,V,Ua,0.025534,0.025534,114
V.K21,seasonal,Summer,V,Igm,-0.024704,0.024704,115
V.K21,seasonal,Summer,V,Igc,-0.024367,0.024367,116
V.K21,seasonal,Summer,W,Igm,-0.02417,0.02417,117
V.K21,seasonal,Summer,W,Igc,-0.023824,0.023824,118
V.K21,seasonal,Summer,V,H,-0.023383,0.023383,119
V.K21,seasonal,Summer,W,Ta,-0.022275,0.022275,120
V.K21,seasonal,Summer,W,H,-0.020804,0.020804,121
V.K21,seasonal,Summer,W,rho,0.01936,0.01936,122
V.K21,seasonal,Summer,qv,Ah,0.019345,0.019345,123
V.K21,seasonal,Summer,Tvl,Dc,-0.01761,0.01761,124
V.K21,seasonal,Summer,Tvl,Ah,0.017526,0.017526,125
V.K21,seasonal,Summer,W,Dp,-0.01502,0.01502,126
V.K21,seasonal,Summer,Trl,Dc,0.009592,0.009592,127
V.K21,seasonal,Summer,W,Ah,-0.007776,0.007776,128
V.K21,seasonal,Summer,Dc,H,0.007497,0.007497,129
V.K21,seasonal,Summer,W,Ua,0.006896,0.006896,130
V.K21,seasonal,Summer,V,Dp,-0.0049,0.0049,131
V.K21,seasonal,Summer,qv,Dc,-0.003095,0.003095,132
V.K21,seasonal,Summer,V,Ah,0.002753,0.002753,133
V.K21,seasonal,Summer,W,Dc,0.002595,0.002595,134
V.K21,seasonal,Summer,P,Ah,-0.002267,0.002267,135
V.K21,seasonal,Summer,V,Dc,0.001441,0.001441,136
V.K21,seasonal,Autumn,Igc,Igm,0.999113,0.999113,1
V.K21,seasonal,Autumn,V,W,0.995836,0.995836,2
V.K21,seasonal,Autumn,Ah,Dp,0.987039,0.987039,3
V.K21,seasonal,Autumn,H,Ta,0.953577,0.953577,4
V.K21,seasonal,Autumn,Dp,H,0.942881,0.942881,5
V.K21,seasonal,Autumn,Ah,H,0.924598,0.924598,6
V.K21,seasonal,Autumn,Ta,rho,-0.917983,0.917983,7
V.K21,seasonal,Autumn,H,rho,-0.906511,0.906511,8
V.K21,seasonal,Autumn,Trl,Tvl,0.84111,0.84111,9
V.K21,seasonal,Autumn,Dp,Ta,0.811729,0.811729,10
V.K21,seasonal,Autumn,Dp,rho,-0.801137,0.801137,11
V.K21,seasonal,Autumn,Ah,Ta,0.767727,0.767727,12
V.K21,seasonal,Autumn,Ah,rho,-0.761234,0.761234,13
V.K21,seasonal,Autumn,Trl,W,-0.660012,0.660012,14
V.K21,seasonal,Autumn,Ta,Ua,-0.65567,0.65567,15
V.K21,seasonal,Autumn,Trl,V,-0.639222,0.639222,16
V.K21,seasonal,Autumn,Igm,Ua,-0.627136,0.627136,17
V.K21,seasonal,Autumn,Tvl,W,-0.624691,0.624691,18
V.K21,seasonal,Autumn,Igc,Ua,-0.615643,0.615643,19
V.K21,seasonal,Autumn,Tvl,V,-0.613547,0.613547,20
V.K21,seasonal,Autumn,Ua,rho,0.53441,0.53441,21
V.K21,seasonal,Autumn,Igm,Ta,0.5204,0.5204,22
V.K21,seasonal,Autumn,Igc,Ta,0.512996,0.512996,23
V.K21,seasonal,Autumn,P,qv,0.465029,0.465029,24
V.K21,seasonal,Autumn,Dc,Sc,0.431924,0.431924,25
V.K21,seasonal,Autumn,H,Ua,-0.412742,0.412742,26
V.K21,seasonal,Autumn,Igm,rho,-0.408852,0.408852,27
V.K21,seasonal,Autumn,P,Ta,0.408456,0.408456,28
V.K21,seasonal,Autumn,Igc,rho,-0.40205,0.40205,29
V.K21,seasonal,Autumn,H,Igm,0.383932,0.383932,30
V.K21,seasonal,Autumn,H,Igc,0.379654,0.379654,31
V.K21,seasonal,Autumn,P,H,0.361148,0.361148,32
V.K21,seasonal,Autumn,P,rho,-0.350806,0.350806,33
V.K21,seasonal,Autumn,P,Ua,-0.33684,0.33684,34
V.K21,seasonal,Autumn,Sc,Ua,-0.334778,0.334778,35
V.K21,seasonal,Autumn,Tdiff,Trl,-0.314382,0.314382,36
V.K21,seasonal,Autumn,P,Igm,0.312881,0.312881,37
V.K21,seasonal,Autumn,Igm,Sc,0.310161,0.310161,38
V.K21,seasonal,Autumn,P,Igc,0.308799,0.308799,39
V.K21,seasonal,Autumn,Igc,Sc,0.305924,0.305924,40
V.K21,seasonal,Autumn,Sc,rho,-0.289827,0.289827,41
V.K21,seasonal,Autumn,Tdiff,qv,0.287714,0.287714,42
V.K21,seasonal,Autumn,P,Dp,0.263389,0.263389,43
V.K21,seasonal,Autumn,P,Ah,0.24987,0.24987,44
V.K21,seasonal,Autumn,Tdiff,Ta,-0.246807,0.246807,45
V.K21,seasonal,Autumn,Tvl,Ah,-0.24193,0.24193,46
V.K21,seasonal,Autumn,Tvl,Dp,-0.240244,0.240244,47
V.K21,seasonal,Autumn,Tdiff,Tvl,0.236699,0.236699,48
V.K21,seasonal,Autumn,Tdiff,H,-0.225841,0.225841,49
V.K21,seasonal,Autumn,Dp,Igm,0.196494,0.196494,50
V.K21,seasonal,Autumn,Dp,Igc,0.196293,0.196293,51
V.K21,seasonal,Autumn,Tdiff,Igm,-0.194928,0.194928,52
V.K21,seasonal,Autumn,Tvl,H,-0.194832,0.194832,53
V.K21,seasonal,Autumn,Tdiff,Igc,-0.19213,0.19213,54
V.K21,seasonal,Autumn,Sc,Ta,0.191562,0.191562,55
V.K21,seasonal,Autumn,Tdiff,Dp,-0.190911,0.190911,56
V.K21,seasonal,Autumn,Tdiff,rho,0.179255,0.179255,57
V.K21,seasonal,Autumn,Tdiff,Ah,-0.1721,0.1721,58
V.K21,seasonal,Autumn,P,Tdiff,-0.166592,0.166592,59
V.K21,seasonal,Autumn,Dc,rho,-0.164467,0.164467,60
V.K21,seasonal,Autumn,W,Ah,0.162432,0.162432,61
V.K21,seasonal,Autumn,Ah,Igc,0.159254,0.159254,62
V.K21,seasonal,Autumn,Ah,Igm,0.15882,0.15882,63
V.K21,seasonal,Autumn,Tdiff,Ua,0.157355,0.157355,64
V.K21,seasonal,Autumn,V,Ah,0.153233,0.153233,65
V.K21,seasonal,Autumn,W,Dp,0.148606,0.148606,66
V.K21,seasonal,Autumn,Trl,Ua,-0.146733,0.146733,67
V.K21,seasonal,Autumn,Trl,qv,-0.140919,0.140919,68
V.K21,seasonal,Autumn,Tvl,Ta,-0.139848,0.139848,69
V.K21,seasonal,Autumn,V,Dp,0.138796,0.138796,70
V.K21,seasonal,Autumn,Trl,Ah,-0.13851,0.13851,71
V.K21,seasonal,Autumn,Dc,Ta,0.13706,0.13706,72
V.K21,seasonal,Autumn,Dc,Ua,-0.129041,0.129041,73
V.K21,seasonal,Autumn,qv,Ua,-0.12785,0.12785,74
V.K21,seasonal,Autumn,P,Tvl,-0.127621,0.127621,75
V.K21,seasonal,Autumn,Trl,Dp,-0.12659,0.12659,76
V.K21,seasonal,Autumn,Tvl,rho,0.120848,0.120848,77
V.K21,seasonal,Autumn,Dc,H,0.120571,0.120571,78
V.K21,seasonal,Autumn,Dc,Igm,0.11459,0.11459,79
V.K21,seasonal,Autumn,V,Ua,0.113303,0.113303,80
V.K21,seasonal,Autumn,H,Sc,0.112905,0.112905,81
V.K21,seasonal,Autumn,Dc,Igc,0.112691,0.112691,82
V.K21,seasonal,Autumn,W,H,0.106703,0.106703,83
V.K21,seasonal,Autumn,W,Ua,0.105463,0.105463,84
V.K21,seasonal,Autumn,Tdiff,W,0.105445,0.105445,85
V.K21,seasonal,Autumn,Dp,Ua,-0.1022,0.1022,86
V.K21,seasonal,Autumn,Dc,Dp,0.096485,0.096485,87
V.K21,seasonal,Autumn,V,H,0.095355,0.095355,88
V.K21,seasonal,Autumn,V,Sc,0.09381,0.09381,89
V.K21,seasonal,Autumn,W,rho,-0.092495,0.092495,90
V.K21,seasonal,Autumn,Tdiff,V,0.09035,0.09035,91
V.K21,seasonal,Autumn,W,Sc,0.089644,0.089644,92
V.K21,seasonal,Autumn,P,V,-0.088442,0.088442,93
V.K21,seasonal,Autumn,P,Sc,0.086448,0.086448,94
V.K21,seasonal,Autumn,P,W,-0.085516,0.085516,95
V.K21,seasonal,Autumn,qv,Igm,0.083726,0.083726,96
V.K21,seasonal,Autumn,Ah,Dc,0.082527,0.082527,97
V.K21,seasonal,Autumn,qv,Igc,0.082466,0.082466,98
V.K21,seasonal,Autumn,V,rho,-0.081746,0.081746,99
V.K21,seasonal,Autumn,qv,Sc,0.076242,0.076242,100
V.K21,seasonal,Autumn,Tvl,Ua,-0.073748,0.073748,101
V.K21,seasonal,Autumn,Trl,H,-0.06733,0.06733,102
V.K21,seasonal,Autumn,Trl,Igm,0.06427,0.06427,103
V.K21,seasonal,Autumn,P,Dc,0.063088,0.063088,104
V.K21,seasonal,Autumn,Trl,Igc,0.062976,0.062976,105
V.K21,seasonal,Autumn,qv,Ta,0.055917,0.055917,106
V.K21,seasonal,Autumn,V,qv,-0.048981,0.048981,107
V.K21,seasonal,Autumn,W,Ta,0.048809,0.048809,108
V.K21,seasonal,Autumn,Ah,Ua,-0.045406,0.045406,109
V.K21,seasonal,Autumn,qv,rho,-0.041409,0.041409,110
V.K21,seasonal,Autumn,Tvl,Dc,0.039359,0.039359,111
V.K21,seasonal,Autumn,V,Ta,0.036842,0.036842,112
V.K21,seasonal,Autumn,Tvl,Igm,-0.035604,0.035604,113
V.K21,seasonal,Autumn,Tvl,Igc,-0.03549,0.03549,114
V.K21,seasonal,Autumn,P,Trl,-0.035438,0.035438,115
V.K21,seasonal,Autumn,Trl,Dc,0.034969,0.034969,116
V.K21,seasonal,Autumn,W,qv,-0.034873,0.034873,117
V.K21,seasonal,Autumn,V,Dc,0.033941,0.033941,118
V.K21,seasonal,Autumn,W,Dc,0.029234,0.029234,119
V.K21,seasonal,Autumn,qv,Dp,-0.026634,0.026634,120
V.K21,seasonal,Autumn,qv,H,0.025305,0.025305,121
V.K21,seasonal,Autumn,Tvl,Sc,0.021822,0.021822,122
V.K21,seasonal,Autumn,Trl,rho,0.021797,0.021797,123
V.K21,seasonal,Autumn,qv,Ah,-0.021037,0.021037,124
V.K21,seasonal,Autumn,Tvl,qv,0.018773,0.018773,125
V.K21,seasonal,Autumn,Dp,Sc,0.01624,0.01624,126
V.K21,seasonal,Autumn,Tdiff,Sc,0.01525,0.01525,127
V.K21,seasonal,Autumn,Trl,Sc,0.013497,0.013497,128
V.K21,seasonal,Autumn,Ah,Sc,-0.011222,0.011222,129
V.K21,seasonal,Autumn,V,Igc,-0.009087,0.009087,130
V.K21,seasonal,Autumn,V,Igm,-0.00894,0.00894,131
V.K21,seasonal,Autumn,Tdiff,Dc,0.008007,0.008007,132
V.K21,seasonal,Autumn,qv,Dc,0.005872,0.005872,133
V.K21,seasonal,Autumn,W,Igc,-0.00586,0.00586,134
V.K21,seasonal,Autumn,W,Igm,-0.005706,0.005706,135
V.K21,seasonal,Autumn,Trl,Ta,-0.005421,0.005421,136
H1.K11,seasonal,Winter,Igc,Igm,0.999017,0.999017,1
H1.K11,seasonal,Winter,V,W,0.995998,0.995998,2
H1.K11,seasonal,Winter,Ah,Dp,0.979601,0.979601,3
H1.K11,seasonal,Winter,Trl,Tvl,0.977567,0.977567,4
H1.K11,seasonal,Winter,H,Ta,0.968818,0.968818,5
H1.K11,seasonal,Winter,Ah,H,0.940929,0.940929,6
H1.K11,seasonal,Winter,Dp,H,0.939106,0.939106,7
H1.K11,seasonal,Winter,H,rho,-0.853877,0.853877,8
H1.K11,seasonal,Winter,Dp,Ta,0.844408,0.844408,9
H1.K11,seasonal,Winter,Ta,rho,-0.840724,0.840724,10
H1.K11,seasonal,Winter,Ah,Ta,0.828603,0.828603,11
H1.K11,seasonal,Winter,Dp,rho,-0.775085,0.775085,12
H1.K11,seasonal,Winter,Ah,rho,-0.766467,0.766467,13
H1.K11,seasonal,Winter,Trl,qv,-0.724375,0.724375,14
H1.K11,seasonal,Winter,Tvl,qv,-0.71811,0.71811,15
H1.K11,seasonal,Winter,Tdiff,Trl,-0.587494,0.587494,16
H1.K11,seasonal,Winter,Sc,rho,-0.502751,0.502751,17
H1.K11,seasonal,Winter,Dc,Sc,0.478647,0.478647,18
H1.K11,seasonal,Winter,Igm,Ua,-0.477417,0.477417,19
H1.K11,seasonal,Winter,Igc,Ua,-0.46835,0.46835,20
H1.K11,seasonal,Winter,Sc,Ta,0.44448,0.44448,21
H1.K11,seasonal,Winter,Tdiff,Tvl,-0.406401,0.406401,22
H1.K11,seasonal,Winter,H,Sc,0.39761,0.39761,23
H1.K11,seasonal,Winter,Tdiff,qv,0.391132,0.391132,24
H1.K11,seasonal,Winter,Dp,Ua,0.34595,0.34595,25
H1.K11,seasonal,Winter,Dc,Ta,0.3426,0.3426,26
H1.K11,seasonal,Winter,Ah,Ua,0.337418,0.337418,27
H1.K11,seasonal,Winter,P,qv,0.3343,0.3343,28
H1.K11,seasonal,Winter,Dc,H,0.332968,0.332968,29
H1.K11,seasonal,Winter,Dc,Dp,0.322171,0.322171,30
H1.K11,seasonal,Winter,Dc,rho,-0.308297,0.308297,31
H1.K11,seasonal,Winter,Sc,Ua,-0.307494,0.307494,32
H1.K11,seasonal,Winter,P,Tvl,-0.303331,0.303331,33
H1.K11,seasonal,Winter,Ah,Dc,0.288559,0.288559,34
H1.K11,seasonal,Winter,P,Trl,-0.285249,0.285249,35
H1.K11,seasonal,Winter,Ah,Sc,0.278309,0.278309,36
H1.K11,seasonal,Winter,Dp,Sc,0.274353,0.274353,37
H1.K11,seasonal,Winter,Tdiff,V,-0.228958,0.228958,38
H1.K11,seasonal,Winter,Tdiff,W,-0.22621,0.22621,39
H1.K11,seasonal,Winter,Ta,Ua,-0.203218,0.203218,40
H1.K11,seasonal,Winter,V,qv,-0.173824,0.173824,41
H1.K11,seasonal,Winter,W,Dp,0.157178,0.157178,42
H1.K11,seasonal,Winter,Igm,Ta,0.150337,0.150337,43
H1.K11,seasonal,Winter,W,Ah,0.15013,0.15013,44
H1.K11,seasonal,Winter,W,qv,-0.149852,0.149852,45
H1.K11,seasonal,Winter,V,Dp,0.148289,0.148289,46
H1.K11,seasonal,Winter,Igm,Sc,0.147435,0.147435,47
H1.K11,seasonal,Winter,Igc,Sc,0.144565,0.144565,48
H1.K11,seasonal,Winter,Igc,Ta,0.144416,0.144416,49
H1.K11,seasonal,Winter,V,Ah,0.142368,0.142368,50
H1.K11,seasonal,Winter,Tdiff,Ah,-0.137905,0.137905,51
H1.K11,seasonal,Winter,Tdiff,Dp,-0.134106,0.134106,52
H1.K11,seasonal,Winter,Dp,Igc,-0.128516,0.128516,53
H1.K11,seasonal,Winter,Dp,Igm,-0.128296,0.128296,54
H1.K11,seasonal,Winter,Tdiff,H,-0.127301,0.127301,55
H1.K11,seasonal,Winter,W,H,0.126345,0.126345,56
H1.K11,seasonal,Winter,Ah,Igm,-0.124443,0.124443,57
H1.K11,seasonal,Winter,Ah,Igc,-0.124431,0.124431,58
H1.K11,seasonal,Winter,V,H,0.118918,0.118918,59
H1.K11,seasonal,Winter,Tdiff,Ta,-0.111702,0.111702,60
H1.K11,seasonal,Winter,W,Ta,0.101879,0.101879,61
H1.K11,seasonal,Winter,W,Ua,0.100383,0.100383,62
H1.K11,seasonal,Winter,V,Ua,0.096359,0.096359,63
H1.K11,seasonal,Winter,V,Ta,0.095165,0.095165,64
H1.K11,seasonal,Winter,W,Sc,0.089129,0.089129,65
H1.K11,seasonal,Winter,Trl,Ta,0.0879,0.0879,66
H1.K11,seasonal,Winter,Trl,Dp,0.085601,0.085601,67
H1.K11,seasonal,Winter,Tvl,W,-0.084503,0.084503,68
H1.K11,seasonal,Winter,Trl,H,0.083544,0.083544,69
H1.K11,seasonal,Winter,V,Sc,0.080258,0.080258,70
H1.K11,seasonal,Winter,Trl,Ah,0.07754,0.07754,71
H1.K11,seasonal,Winter,P,W,-0.076498,0.076498,72
H1.K11,seasonal,Winter,P,V,-0.074987,0.074987,73
H1.K11,seasonal,Winter,Tdiff,Sc,-0.074707,0.074707,74
H1.K11,seasonal,Winter,P,Tdiff,0.073206,0.073206,75
H1.K11,seasonal,Winter,Tdiff,rho,0.071509,0.071509,76
H1.K11,seasonal,Winter,Tvl,Ta,0.07064,0.07064,77
H1.K11,seasonal,Winter,P,Igm,0.069514,0.069514,78
H1.K11,seasonal,Winter,P,Igc,0.06808,0.06808,79
H1.K11,seasonal,Winter,Tvl,V,-0.066782,0.066782,80
H1.K11,seasonal,Winter,W,Igm,-0.064568,0.064568,81
H1.K11,seasonal,Winter,W,Igc,-0.064549,0.064549,82
H1.K11,seasonal,Winter,W,rho,-0.062315,0.062315,83
H1.K11,seasonal,Winter,Tvl,Dp,0.061974,0.061974,84
H1.K11,seasonal,Winter,qv,Sc,-0.061684,0.061684,85
H1.K11,seasonal,Winter,Tvl,H,0.061392,0.061392,86
H1.K11,seasonal,Winter,V,rho,-0.056907,0.056907,87
H1.K11,seasonal,Winter,V,Igm,-0.056209,0.056209,88
H1.K11,seasonal,Winter,V,Igc,-0.056187,0.056187,89
H1.K11,seasonal,Winter,Ua,rho,0.055847,0.055847,90
H1.K11,seasonal,Winter,P,rho,-0.054273,0.054273,91
H1.K11,seasonal,Winter,qv,Dc,-0.053607,0.053607,92
H1.K11,seasonal,Winter,Tvl,Ah,0.051458,0.051458,93
H1.K11,seasonal,Winter,Tdiff,Ua,-0.048571,0.048571,94
H1.K11,seasonal,Winter,W,Dc,0.045686,0.045686,95
H1.K11,seasonal,Winter,qv,Dp,-0.042151,0.042151,96
H1.K11,seasonal,Winter,Tvl,rho,0.040657,0.040657,97
H1.K11,seasonal,Winter,qv,Ta,-0.039051,0.039051,98
H1.K11,seasonal,Winter,P,Ua,-0.037502,0.037502,99
H1.K11,seasonal,Winter,H,Igm,0.036292,0.036292,100
H1.K11,seasonal,Winter,Trl,Dc,0.035708,0.035708,101
H1.K11,seasonal,Winter,Dc,Ua,-0.034465,0.034465,102
H1.K11,seasonal,Winter,Tdiff,Dc,-0.033804,0.033804,103
H1.K11,seasonal,Winter,H,Igc,0.032682,0.032682,104
H1.K11,seasonal,Winter,Tvl,Dc,0.032547,0.032547,105
H1.K11,seasonal,Winter,qv,H,-0.031504,0.031504,106
H1.K11,seasonal,Winter,V,Dc,0.030402,0.030402,107
H1.K11,seasonal,Winter,Igm,rho,-0.029123,0.029123,108
H1.K11,seasonal,Winter,Tvl,Igc,0.026579,0.026579,109
H1.K11,seasonal,Winter,Tvl,Igm,0.026322,0.026322,110
H1.K11,seasonal,Winter,Dc,Igc,-0.026067,0.026067,111
H1.K11,seasonal,Winter,Tvl,Sc,-0.025898,0.025898,112
H1.K11,seasonal,Winter,qv,Ah,-0.025222,0.025222,113
H1.K11,seasonal,Winter,Dc,Igm,-0.024997,0.024997,114
H1.K11,seasonal,Winter,Trl,W,-0.02457,0.02457,115
H1.K11,seasonal,Winter,Igc,rho,-0.024557,0.024557,116
H1.K11,seasonal,Winter,qv,rho,-0.024289,0.024289,117
H1.K11,seasonal,Winter,H,Ua,0.021549,0.021549,118
H1.K11,seasonal,Winter,Trl,Igc,0.020832,0.020832,119
H1.K11,seasonal,Winter,Trl,Igm,0.020662,0.020662,120
H1.K11,seasonal,Winter,Trl,rho,0.020398,0.020398,121
H1.K11,seasonal,Winter,P,Ta,0.019372,0.019372,122
H1.K11,seasonal,Winter,Trl,Ua,0.017421,0.017421,123
H1.K11,seasonal,Winter,Tdiff,Igc,0.014295,0.014295,124
H1.K11,seasonal,Winter,P,H,0.014119,0.014119,125
H1.K11,seasonal,Winter,Tdiff,Igm,0.013959,0.013959,126
H1.K11,seasonal,Winter,P,Dp,-0.008284,0.008284,127
H1.K11,seasonal,Winter,Trl,V,-0.008258,0.008258,128
H1.K11,seasonal,Winter,Trl,Sc,-0.008223,0.008223,129
H1.K11,seasonal,Winter,Tvl,Ua,0.006386,0.006386,130
H1.K11,seasonal,Winter,qv,Ua,-0.005993,0.005993,131
H1.K11,seasonal,Winter,P,Dc,-0.005991,0.005991,132
H1.K11,seasonal,Winter,qv,Igc,-0.004247,0.004247,133
H1.K11,seasonal,Winter,qv,Igm,-0.004098,0.004098,134
H1.K11,seasonal,Winter,P,Ah,0.000426,0.000426,135
H1.K11,seasonal,Winter,P,Sc,-0.000235,0.000235,136
H1.K11,seasonal,Spring,Igc,Igm,0.999067,0.999067,1
H1.K11,seasonal,Spring,V,W,0.996392,0.996392,2
H1.K11,seasonal,Spring,Ah,Dp,0.976225,0.976225,3
H1.K11,seasonal,Spring,Trl,Tvl,0.970712,0.970712,4
H1.K11,seasonal,Spring,Ta,rho,-0.924847,0.924847,5
H1.K11,seasonal,Spring,H,Ta,0.917834,0.917834,6
H1.K11,seasonal,Spring,H,rho,-0.907176,0.907176,7
H1.K11,seasonal,Spring,Tvl,qv,-0.860916,0.860916,8
H1.K11,seasonal,Spring,Dp,H,0.860814,0.860814,9
H1.K11,seasonal,Spring,Trl,qv,-0.849451,0.849451,10
H1.K11,seasonal,Spring,Ah,H,0.843659,0.843659,11
H1.K11,seasonal,Spring,P,Tdiff,-0.724302,0.724302,12
H1.K11,seasonal,Spring,Dp,rho,-0.682453,0.682453,13
H1.K11,seasonal,Spring,Ah,rho,-0.635594,0.635594,14
H1.K11,seasonal,Spring,Dp,Ta,0.609649,0.609649,15
H1.K11,seasonal,Spring,Igm,Ua,-0.566801,0.566801,16
H1.K11,seasonal,Spring,Ah,Ta,0.561837,0.561837,17
H1.K11,seasonal,Spring,Igc,Ua,-0.556079,0.556079,18
H1.K11,seasonal,Spring,Ta,Ua,-0.523956,0.523956,19
H1.K11,seasonal,Spring,Igm,Ta,0.476543,0.476543,20
H1.K11,seasonal,Spring,Igc,Ta,0.467881,0.467881,21
H1.K11,seasonal,Spring,P,Ta,0.446176,0.446176,22
H1.K11,seasonal,Spring,P,H,0.413165,0.413165,23
H1.K11,seasonal,Spring,P,rho,-0.403922,0.403922,24
H1.K11,seasonal,Spring,Tdiff,Tvl,0.370454,0.370454,25
H1.K11,seasonal,Spring,Ah,Ua,0.369508,0.369508,26
H1.K11,seasonal,Spring,Igm,Sc,0.367633,0.367633,27
H1.K11,seasonal,Spring,Igm,rho,-0.36468,0.36468,28
H1.K11,seasonal,Spring,Igc,Sc,0.362256,0.362256,29
H1.K11,seasonal,Spring,Igc,rho,-0.356622,0.356622,30
H1.K11,seasonal,Spring,Ua,rho,0.35604,0.35604,31
H1.K11,seasonal,Spring,Tdiff,Ta,-0.347775,0.347775,32
H1.K11,seasonal,Spring,Dp,Ua,0.33805,0.33805,33
H1.K11,seasonal,Spring,Tdiff,rho,0.337466,0.337466,34
H1.K11,seasonal,Spring,Tdiff,H,-0.330029,0.330029,35
H1.K11,seasonal,Spring,Dc,Sc,0.31828,0.31828,36
H1.K11,seasonal,Spring,P,Tvl,-0.315201,0.315201,37
H1.K11,seasonal,Spring,P,Igm,0.304593,0.304593,38
H1.K11,seasonal,Spring,P,Igc,0.300396,0.300396,39
H1.K11,seasonal,Spring,Sc,Ua,-0.298276,0.298276,40
H1.K11,seasonal,Spring,H,Igm,0.294375,0.294375,41
H1.K11,seasonal,Spring,H,Igc,0.289618,0.289618,42
H1.K11,seasonal,Spring,Tdiff,qv,-0.267041,0.267041,43
H1.K11,seasonal,Spring,Sc,rho,-0.258947,0.258947,44
H1.K11,seasonal,Spring,P,Ah,0.249378,0.249378,45
H1.K11,seasonal,Spring,P,Ua,-0.245559,0.245559,46
H1.K11,seasonal,Spring,P,Dp,0.242601,0.242601,47
H1.K11,seasonal,Spring,Tdiff,W,0.237757,0.237757,48
H1.K11,seasonal,Spring,Tdiff,Igm,-0.237101,0.237101,49
H1.K11,seasonal,Spring,Tdiff,Igc,-0.233779,0.233779,50
H1.K11,seasonal,Spring,Tdiff,V,0.223646,0.223646,51
H1.K11,seasonal,Spring,Tdiff,Dp,-0.214444,0.214444,52
H1.K11,seasonal,Spring,Tdiff,Ah,-0.212038,0.212038,53
H1.K11,seasonal,Spring,P,qv,0.211163,0.211163,54
H1.K11,seasonal,Spring,Trl,Ta,0.193976,0.193976,55
H1.K11,seasonal,Spring,Sc,Ta,0.188914,0.188914,56
H1.K11,seasonal,Spring,Dc,Dp,0.170658,0.170658,57
H1.K11,seasonal,Spring,H,Ua,-0.165858,0.165858,58
H1.K11,seasonal,Spring,Trl,H,0.165649,0.165649,59
H1.K11,seasonal,Spring,P,W,-0.165396,0.165396,60
H1.K11,seasonal,Spring,Tdiff,Ua,0.162362,0.162362,61
H1.K11,seasonal,Spring,P,V,-0.153143,0.153143,62
H1.K11,seasonal,Spring,Trl,Ua,-0.152725,0.152725,63
H1.K11,seasonal,Spring,P,Trl,-0.151221,0.151221,64
H1.K11,seasonal,Spring,Ah,Dc,0.14226,0.14226,65
H1.K11,seasonal,Spring,Tdiff,Trl,0.140149,0.140149,66
H1.K11,seasonal,Spring,qv,Ua,0.134781,0.134781,67
H1.K11,seasonal,Spring,Trl,rho,-0.13439,0.13439,68
H1.K11,seasonal,Spring,W,qv,-0.130651,0.130651,69
H1.K11,seasonal,Spring,qv,Ta,-0.129575,0.129575,70
H1.K11,seasonal,Spring,W,rho,0.117081,0.117081,71
H1.K11,seasonal,Spring,Dc,rho,-0.116968,0.116968,72
H1.K11,seasonal,Spring,V,rho,0.116952,0.116952,73
H1.K11,seasonal,Spring,V,qv,-0.110888,0.110888,74
H1.K11,seasonal,Spring,Tvl,Ua,-0.103638,0.103638,75
H1.K11,seasonal,Spring,Dc,H,0.102909,0.102909,76
H1.K11,seasonal,Spring,Tvl,Ta,0.098477,0.098477,77
H1.K11,seasonal,Spring,qv,H,-0.097921,0.097921,78
H1.K11,seasonal,Spring,Dc,Ua,0.094734,0.094734,79
H1.K11,seasonal,Spring,Tvl,W,0.093492,0.093492,80
H1.K11,seasonal,Spring,Tvl,V,0.088547,0.088547,81
H1.K11,seasonal,Spring,Trl,Igm,0.088091,0.088091,82
H1.K11,seasonal,Spring,H,Sc,0.087529,0.087529,83
H1.K11,seasonal,Spring,Trl,Igc,0.087,0.087,84
H1.K11,seasonal,Spring,qv,rho,0.083347,0.083347,85
H1.K11,seasonal,Spring,Trl,Ah,0.081432,0.081432,86
H1.K11,seasonal,Spring,Tdiff,Sc,-0.081046,0.081046,87
H1.K11,seasonal,Spring,Ah,Sc,-0.079181,0.079181,88
H1.K11,seasonal,Spring,Tvl,H,0.076513,0.076513,89
H1.K11,seasonal,Spring,P,Sc,0.0752,0.0752,90
H1.K11,seasonal,Spring,Trl,Dp,0.071595,0.071595,91
H1.K11,seasonal,Spring,qv,Igm,-0.06697,0.06697,92
H1.K11,seasonal,Spring,qv,Igc,-0.066002,0.066002,93
H1.K11,seasonal,Spring,W,H,-0.063239,0.063239,94
H1.K11,seasonal,Spring,V,H,-0.063104,0.063104,95
H1.K11,seasonal,Spring,V,Ah,-0.058061,0.058061,96
H1.K11,seasonal,Spring,W,Ah,-0.05646,0.05646,97
H1.K11,seasonal,Spring,Dp,Sc,-0.055832,0.055832,98
H1.K11,seasonal,Spring,Dc,Ta,0.05499,0.05499,99
H1.K11,seasonal,Spring,W,Ta,-0.050803,0.050803,100
H1.K11,seasonal,Spring,V,Ta,-0.049407,0.049407,101
H1.K11,seasonal,Spring,W,Sc,0.047094,0.047094,102
H1.K11,seasonal,Spring,qv,Dc,0.046189,0.046189,103
H1.K11,seasonal,Spring,V,Dp,-0.045947,0.045947,104
H1.K11,seasonal,Spring,Tvl,rho,-0.045343,0.045343,105
H1.K11,seasonal,Spring,V,Sc,0.044736,0.044736,106
H1.K11,seasonal,Spring,W,Dp,-0.044302,0.044302,107
H1.K11,seasonal,Spring,Trl,W,0.0408,0.0408,108
H1.K11,seasonal,Spring,Tvl,Sc,-0.039934,0.039934,109
H1.K11,seasonal,Spring,Trl,V,0.039036,0.039036,110
H1.K11,seasonal,Spring,P,Dc,-0.038109,0.038109,111
H1.K11,seasonal,Spring,Ah,Igm,-0.032838,0.032838,112
H1.K11,seasonal,Spring,Ah,Igc,-0.030898,0.030898,113
H1.K11,seasonal,Spring,qv,Ah,-0.026939,0.026939,114
H1.K11,seasonal,Spring,Tvl,Ah,0.026197,0.026197,115
H1.K11,seasonal,Spring,Tvl,Igm,0.025192,0.025192,116
H1.K11,seasonal,Spring,Tvl,Igc,0.024992,0.024992,117
H1.K11,seasonal,Spring,Trl,Sc,-0.021636,0.021636,118
H1.K11,seasonal,Spring,Tvl,Dc,-0.019908,0.019908,119
H1.K11,seasonal,Spring,qv,Sc,0.019553,0.019553,120
H1.K11,seasonal,Spring,Trl,Dc,-0.018861,0.018861,121
H1.K11,seasonal,Spring,qv,Dp,-0.01818,0.01818,122
H1.K11,seasonal,Spring,Tvl,Dp,0.016419,0.016419,123
H1.K11,seasonal,Spring,Dc,Igc,-0.014396,0.014396,124
H1.K11,seasonal,Spring,Dc,Igm,-0.012393,0.012393,125
H1.K11,seasonal,Spring,Tdiff,Dc,-0.010862,0.010862,126
H1.K11,seasonal,Spring,V,Dc,0.00749,0.00749,127
H1.K11,seasonal,Spring,W,Dc,0.005305,0.005305,128
H1.K11,seasonal,Spring,W,Igm,-0.004627,0.004627,129
H1.K11,seasonal,Spring,Dp,Igm,-0.004573,0.004573,130
H1.K11,seasonal,Spring,W,Igc,-0.004409,0.004409,131
H1.K11,seasonal,Spring,V,Ua,-0.003438,0.003438,132
H1.K11,seasonal,Spring,Dp,Igc,-0.00319,0.00319,133
H1.K11,seasonal,Spring,V,Igm,-0.000874,0.000874,134
H1.K11,seasonal,Spring,V,Igc,-0.000664,0.000664,135
H1.K11,seasonal,Spring,W,Ua,8.7e-05,8.7e-05,136
H1.K11,seasonal,Summer,Igc,Igm,0.99892,0.99892,1
H1.K11,seasonal,Summer,V,W,0.993217,0.993217,2
H1.K11,seasonal,Summer,Ah,Dp,0.990053,0.990053,3
H1.K11,seasonal,Summer,Ta,rho,-0.957518,0.957518,4
H1.K11,seasonal,Summer,P,Tdiff,-0.925567,0.925567,5
H1.K11,seasonal,Summer,Trl,Tvl,0.886707,0.886707,6
H1.K11,seasonal,Summer,H,rho,-0.806397,0.806397,7
H1.K11,seasonal,Summer,Ta,Ua,-0.773207,0.773207,8
H1.K11,seasonal,Summer,Dp,H,0.752169,0.752169,9
H1.K11,seasonal,Summer,H,Ta,0.735592,0.735592,10
H1.K11,seasonal,Summer,P,Ta,0.723333,0.723333,11
H1.K11,seasonal,Summer,Tdiff,Ta,-0.718119,0.718119,12
H1.K11,seasonal,Summer,Ah,H,0.708281,0.708281,13
H1.K11,seasonal,Summer,Tdiff,rho,0.690124,0.690124,14
H1.K11,seasonal,Summer,P,rho,-0.689607,0.689607,15
H1.K11,seasonal,Summer,Ua,rho,0.64861,0.64861,16
H1.K11,seasonal,Summer,Tvl,W,-0.599198,0.599198,17
H1.K11,seasonal,Summer,Trl,W,-0.59414,0.59414,18
H1.K11,seasonal,Summer,Igm,Ua,-0.577177,0.577177,19
H1.K11,seasonal,Summer,P,H,0.575806,0.575806,20
H1.K11,seasonal,Summer,Ah,Ua,0.571191,0.571191,21
H1.K11,seasonal,Summer,Trl,V,-0.567837,0.567837,22
H1.K11,seasonal,Summer,Tdiff,H,-0.567174,0.567174,23
H1.K11,seasonal,Summer,Tvl,V,-0.566211,0.566211,24
H1.K11,seasonal,Summer,Igc,Ua,-0.566101,0.566101,25
H1.K11,seasonal,Summer,Trl,qv,-0.5544,0.5544,26
H1.K11,seasonal,Summer,Igm,Ta,0.548354,0.548354,27
H1.K11,seasonal,Summer,Tdiff,Ua,0.538318,0.538318,28
H1.K11,seasonal,Summer,Igc,Ta,0.537206,0.537206,29
H1.K11,seasonal,Summer,P,Ua,-0.532464,0.532464,30
H1.K11,seasonal,Summer,Igm,Sc,0.512751,0.512751,31
H1.K11,seasonal,Summer,Dp,Ua,0.510588,0.510588,32
H1.K11,seasonal,Summer,Igc,Sc,0.507091,0.507091,33
H1.K11,seasonal,Summer,P,Igm,0.48291,0.48291,34
H1.K11,seasonal,Summer,P,Igc,0.475625,0.475625,35
H1.K11,seasonal,Summer,Tdiff,Igm,-0.469812,0.469812,36
H1.K11,seasonal,Summer,Igm,rho,-0.468899,0.468899,37
H1.K11,seasonal,Summer,Tdiff,Igc,-0.462496,0.462496,38
H1.K11,seasonal,Summer,Igc,rho,-0.458128,0.458128,39
H1.K11,seasonal,Summer,Tvl,qv,-0.442685,0.442685,40
H1.K11,seasonal,Summer,Tdiff,Trl,-0.442353,0.442353,41
H1.K11,seasonal,Summer,Dc,Sc,0.43801,0.43801,42
H1.K11,seasonal,Summer,W,qv,0.433992,0.433992,43
H1.K11,seasonal,Summer,Sc,Ua,-0.422939,0.422939,44
H1.K11,seasonal,Summer,V,qv,0.415631,0.415631,45
H1.K11,seasonal,Summer,Trl,Ta,0.382717,0.382717,46
H1.K11,seasonal,Summer,Trl,rho,-0.3775,0.3775,47
H1.K11,seasonal,Summer,Sc,rho,-0.369427,0.369427,48
H1.K11,seasonal,Summer,Sc,Ta,0.364111,0.364111,49
H1.K11,seasonal,Summer,P,Trl,0.360884,0.360884,50
H1.K11,seasonal,Summer,Tdiff,qv,0.34093,0.34093,51
H1.K11,seasonal,Summer,Tdiff,Sc,-0.326085,0.326085,52
H1.K11,seasonal,Summer,P,Sc,0.314966,0.314966,53
H1.K11,seasonal,Summer,Trl,H,0.304004,0.304004,54
H1.K11,seasonal,Summer,Trl,Ua,-0.276181,0.276181,55
H1.K11,seasonal,Summer,Dp,rho,-0.257069,0.257069,56
H1.K11,seasonal,Summer,qv,Ta,-0.253544,0.253544,57
H1.K11,seasonal,Summer,qv,rho,0.251165,0.251165,58
H1.K11,seasonal,Summer,H,Igm,0.246112,0.246112,59
H1.K11,seasonal,Summer,H,Igc,0.241471,0.241471,60
H1.K11,seasonal,Summer,Trl,Igm,0.239498,0.239498,61
H1.K11,seasonal,Summer,Trl,Igc,0.23549,0.23549,62
H1.K11,seasonal,Summer,qv,H,-0.21906,0.21906,63
H1.K11,seasonal,Summer,Ah,Igm,-0.206957,0.206957,64
H1.K11,seasonal,Summer,Ah,Igc,-0.202138,0.202138,65
H1.K11,seasonal,Summer,qv,Ua,0.189302,0.189302,66
H1.K11,seasonal,Summer,Ah,rho,-0.187629,0.187629,67
H1.K11,seasonal,Summer,Ah,Sc,-0.179084,0.179084,68
H1.K11,seasonal,Summer,Dp,Igm,-0.165816,0.165816,69
H1.K11,seasonal,Summer,Dp,Igc,-0.161662,0.161662,70
H1.K11,seasonal,Summer,H,Ua,-0.160441,0.160441,71
H1.K11,seasonal,Summer,Dp,Sc,-0.150627,0.150627,72
H1.K11,seasonal,Summer,P,Dp,0.140191,0.140191,73
H1.K11,seasonal,Summer,H,Sc,0.138292,0.138292,74
H1.K11,seasonal,Summer,Tdiff,Dp,-0.134055,0.134055,75
H1.K11,seasonal,Summer,Tdiff,V,0.132613,0.132613,76
H1.K11,seasonal,Summer,P,qv,-0.12904,0.12904,77
H1.K11,seasonal,Summer,Tdiff,W,0.125152,0.125152,78
H1.K11,seasonal,Summer,Trl,Sc,0.118664,0.118664,79
H1.K11,seasonal,Summer,Dp,Ta,0.115366,0.115366,80
H1.K11,seasonal,Summer,Dc,Igm,0.108192,0.108192,81
H1.K11,seasonal,Summer,qv,Igm,-0.106852,0.106852,82
H1.K11,seasonal,Summer,qv,Igc,-0.104823,0.104823,83
H1.K11,seasonal,Summer,Dc,Igc,0.104771,0.104771,84
H1.K11,seasonal,Summer,Dc,Ua,-0.10364,0.10364,85
H1.K11,seasonal,Summer,P,Ah,0.096012,0.096012,86
H1.K11,seasonal,Summer,Tdiff,Ah,-0.08871,0.08871,87
H1.K11,seasonal,Summer,P,Dc,0.083498,0.083498,88
H1.K11,seasonal,Summer,Trl,Dp,0.076262,0.076262,89
H1.K11,seasonal,Summer,V,Sc,0.073822,0.073822,90
H1.K11,seasonal,Summer,P,Tvl,-0.073317,0.073317,91
H1.K11,seasonal,Summer,Tdiff,Dc,-0.073254,0.073254,92
H1.K11,seasonal,Summer,qv,Dp,-0.071242,0.071242,93
H1.K11,seasonal,Summer,W,Sc,0.069859,0.069859,94
H1.K11,seasonal,Summer,Tvl,rho,-0.067653,0.067653,95
H1.K11,seasonal,Summer,qv,Sc,-0.065796,0.065796,96
H1.K11,seasonal,Summer,Dc,Ta,0.059937,0.059937,97
H1.K11,seasonal,Summer,Tvl,Ta,0.059444,0.059444,98
H1.K11,seasonal,Summer,qv,Ah,-0.059013,0.059013,99
H1.K11,seasonal,Summer,Dc,rho,-0.058781,0.058781,100
H1.K11,seasonal,Summer,Ah,Dc,-0.052288,0.052288,101
H1.K11,seasonal,Summer,Trl,Ah,0.049543,0.049543,102
H1.K11,seasonal,Summer,Tvl,H,0.048197,0.048197,103
H1.K11,seasonal,Summer,Dc,Dp,-0.044739,0.044739,104
H1.K11,seasonal,Summer,Ah,Ta,0.043195,0.043195,105
H1.K11,seasonal,Summer,V,Ta,-0.042392,0.042392,106
H1.K11,seasonal,Summer,V,Ua,0.035353,0.035353,107
H1.K11,seasonal,Summer,Tvl,Ua,-0.033568,0.033568,108
H1.K11,seasonal,Summer,Tvl,Sc,-0.032994,0.032994,109
H1.K11,seasonal,Summer,V,rho,0.032862,0.032862,110
H1.K11,seasonal,Summer,qv,Dc,0.031622,0.031622,111
H1.K11,seasonal,Summer,W,Igm,-0.029386,0.029386,112
H1.K11,seasonal,Summer,W,Igc,-0.029041,0.029041,113
H1.K11,seasonal,Summer,Tvl,Igm,0.028428,0.028428,114
H1.K11,seasonal,Summer,Tvl,Igc,0.027713,0.027713,115
H1.K11,seasonal,Summer,V,Igm,-0.027405,0.027405,116
H1.K11,seasonal,Summer,V,Igc,-0.02705,0.02705,117
H1.K11,seasonal,Summer,W,Ta,-0.024818,0.024818,118
H1.K11,seasonal,Summer,P,V,-0.023492,0.023492,119
H1.K11,seasonal,Summer,V,H,-0.022435,0.022435,120
H1.K11,seasonal,Summer,Tdiff,Tvl,0.020921,0.020921,121
H1.K11,seasonal,Summer,Tvl,Dc,-0.020212,0.020212,122
H1.K11,seasonal,Summer,W,Ua,0.0178,0.0178,123
H1.K11,seasonal,Summer,W,rho,0.017441,0.017441,124
H1.K11,seasonal,Summer,Tvl,Dp,0.015436,0.015436,125
H1.K11,seasonal,Summer,Trl,Dc,0.014077,0.014077,126
H1.K11,seasonal,Summer,W,H,-0.013067,0.013067,127
H1.K11,seasonal,Summer,V,Ah,0.010708,0.010708,128
H1.K11,seasonal,Summer,Tvl,Ah,0.008865,0.008865,129
H1.K11,seasonal,Summer,P,W,-0.008174,0.008174,130
H1.K11,seasonal,Summer,Dc,H,0.007497,0.007497,131
H1.K11,seasonal,Summer,W,Ah,0.006093,0.006093,132
H1.K11,seasonal,Summer,V,Dp,0.002008,0.002008,133
H1.K11,seasonal,Summer,W,Dp,-0.001523,0.001523,134
H1.K11,seasonal,Summer,V,Dc,-0.001436,0.001436,135
H1.K11,seasonal,Summer,W,Dc,0.000529,0.000529,136
H1.K11,seasonal,Autumn,Igc,Igm,0.999113,0.999113,1
H1.K11,seasonal,Autumn,V,W,0.994408,0.994408,2
H1.K11,seasonal,Autumn,Ah,Dp,0.987039,0.987039,3
H1.K11,seasonal,Autumn,H,Ta,0.953577,0.953577,4
H1.K11,seasonal,Autumn,Dp,H,0.942881,0.942881,5
H1.K11,seasonal,Autumn,Ah,H,0.924598,0.924598,6
H1.K11,seasonal,Autumn,Trl,Tvl,0.920298,0.920298,7
H1.K11,seasonal,Autumn,Ta,rho,-0.917983,0.917983,8
H1.K11,seasonal,Autumn,H,rho,-0.906511,0.906511,9
H1.K11,seasonal,Autumn,Dp,Ta,0.811729,0.811729,10
H1.K11,seasonal,Autumn,Dp,rho,-0.801137,0.801137,11
H1.K11,seasonal,Autumn,Ah,Ta,0.767727,0.767727,12
H1.K11,seasonal,Autumn,Ah,rho,-0.761234,0.761234,13
H1.K11,seasonal,Autumn,Tvl,qv,-0.711635,0.711635,14
H1.K11,seasonal,Autumn,Trl,qv,-0.692697,0.692697,15
H1.K11,seasonal,Autumn,Ta,Ua,-0.65567,0.65567,16
H1.K11,seasonal,Autumn,Igm,Ua,-0.627136,0.627136,17
H1.K11,seasonal,Autumn,Igc,Ua,-0.615643,0.615643,18
H1.K11,seasonal,Autumn,Ua,rho,0.53441,0.53441,19
H1.K11,seasonal,Autumn,Igm,Ta,0.5204,0.5204,20
H1.K11,seasonal,Autumn,Igc,Ta,0.512996,0.512996,21
H1.K11,seasonal,Autumn,Tdiff,Ta,-0.473735,0.473735,22
H1.K11,seasonal,Autumn,Tvl,W,-0.451649,0.451649,23
H1.K11,seasonal,Autumn,Trl,W,-0.446969,0.446969,24
H1.K11,seasonal,Autumn,Tdiff,H,-0.438828,0.438828,25
H1.K11,seasonal,Autumn,P,Tdiff,-0.434571,0.434571,26
H1.K11,seasonal,Autumn,Dc,Sc,0.431924,0.431924,27
H1.K11,seasonal,Autumn,Tdiff,rho,0.428545,0.428545,28
H1.K11,seasonal,Autumn,Tvl,V,-0.418707,0.418707,29
H1.K11,seasonal,Autumn,Trl,V,-0.417897,0.417897,30
H1.K11,seasonal,Autumn,H,Ua,-0.412742,0.412742,31
H1.K11,seasonal,Autumn,P,Ta,0.410018,0.410018,32
H1.K11,seasonal,Autumn,Igm,rho,-0.408852,0.408852,33
H1.K11,seasonal,Autumn,Igc,rho,-0.40205,0.40205,34
H1.K11,seasonal,Autumn,H,Igm,0.383932,0.383932,35
H1.K11,seasonal,Autumn,H,Igc,0.379654,0.379654,36
H1.K11,seasonal,Autumn,P,H,0.374009,0.374009,37
H1.K11,seasonal,Autumn,P,rho,-0.366275,0.366275,38
H1.K11,seasonal,Autumn,Tdiff,Ua,0.36093,0.36093,39
H1.K11,seasonal,Autumn,Tdiff,Tvl,0.345413,0.345413,40
H1.K11,seasonal,Autumn,Sc,Ua,-0.334778,0.334778,41
H1.K11,seasonal,Autumn,P,Ua,-0.334224,0.334224,42
H1.K11,seasonal,Autumn,Tdiff,Dp,-0.329298,0.329298,43
H1.K11,seasonal,Autumn,Tdiff,Ah,-0.328211,0.328211,44
H1.K11,seasonal,Autumn,Tdiff,Igm,-0.31807,0.31807,45
H1.K11,seasonal,Autumn,Tdiff,Igc,-0.313175,0.313175,46
H1.K11,seasonal,Autumn,Igm,Sc,0.310161,0.310161,47
H1.K11,seasonal,Autumn,Igc,Sc,0.305924,0.305924,48
H1.K11,seasonal,Autumn,Tvl,Ah,-0.292598,0.292598,49
H1.K11,seasonal,Autumn,Sc,rho,-0.289827,0.289827,50
H1.K11,seasonal,Autumn,P,Igm,0.287132,0.287132,51
H1.K11,seasonal,Autumn,Tvl,Dp,-0.285085,0.285085,52
H1.K11,seasonal,Autumn,P,Igc,0.28272,0.28272,53
H1.K11,seasonal,Autumn,W,qv,0.275576,0.275576,54
H1.K11,seasonal,Autumn,P,Dp,0.270981,0.270981,55
H1.K11,seasonal,Autumn,P,Ah,0.270445,0.270445,56
H1.K11,seasonal,Autumn,Tvl,H,-0.267652,0.267652,57
H1.K11,seasonal,Autumn,P,Tvl,-0.237845,0.237845,58
H1.K11,seasonal,Autumn,V,qv,0.222657,0.222657,59
H1.K11,seasonal,Autumn,Tvl,Ta,-0.220345,0.220345,60
H1.K11,seasonal,Autumn,Tvl,rho,0.212832,0.212832,61
H1.K11,seasonal,Autumn,Dp,Igm,0.196494,0.196494,62
H1.K11,seasonal,Autumn,Dp,Igc,0.196293,0.196293,63
H1.K11,seasonal,Autumn,Sc,Ta,0.191562,0.191562,64
H1.K11,seasonal,Autumn,qv,Dp,0.176452,0.176452,65
H1.K11,seasonal,Autumn,qv,Ah,0.171463,0.171463,66
H1.K11,seasonal,Autumn,Trl,Ah,-0.170744,0.170744,67
H1.K11,seasonal,Autumn,W,Ah,0.165467,0.165467,68
H1.K11,seasonal,Autumn,Dc,rho,-0.164467,0.164467,69
H1.K11,seasonal,Autumn,Trl,Dp,-0.162073,0.162073,70
H1.K11,seasonal,Autumn,Ah,Igc,0.159254,0.159254,71
H1.K11,seasonal,Autumn,Ah,Igm,0.15882,0.15882,72
H1.K11,seasonal,Autumn,Tdiff,qv,-0.151974,0.151974,73
H1.K11,seasonal,Autumn,W,Dp,0.151426,0.151426,74
H1.K11,seasonal,Autumn,V,Ah,0.150762,0.150762,75
H1.K11,seasonal,Autumn,qv,H,0.14099,0.14099,76
H1.K11,seasonal,Autumn,Dc,Ta,0.13706,0.13706,77
H1.K11,seasonal,Autumn,Trl,Ua,-0.136345,0.136345,78
H1.K11,seasonal,Autumn,V,Dp,0.135977,0.135977,79
H1.K11,seasonal,Autumn,qv,rho,-0.13175,0.13175,80
H1.K11,seasonal,Autumn,Dc,Ua,-0.129041,0.129041,81
H1.K11,seasonal,Autumn,P,W,0.125724,0.125724,82
H1.K11,seasonal,Autumn,Dc,H,0.120571,0.120571,83
H1.K11,seasonal,Autumn,P,V,0.114821,0.114821,84
H1.K11,seasonal,Autumn,Dc,Igm,0.11459,0.11459,85
H1.K11,seasonal,Autumn,H,Sc,0.112905,0.112905,86
H1.K11,seasonal,Autumn,Dc,Igc,0.112691,0.112691,87
H1.K11,seasonal,Autumn,W,H,0.11221,0.11221,88
H1.K11,seasonal,Autumn,V,Ua,0.10788,0.10788,89
H1.K11,seasonal,Autumn,qv,Ta,0.104238,0.104238,90
H1.K11,seasonal,Autumn,Dp,Ua,-0.1022,0.1022,91
H1.K11,seasonal,Autumn,W,rho,-0.100577,0.100577,92
H1.K11,seasonal,Autumn,Tdiff,Sc,-0.099673,0.099673,93
H1.K11,seasonal,Autumn,Trl,H,-0.09896,0.09896,94
H1.K11,seasonal,Autumn,W,Ua,0.097122,0.097122,95
H1.K11,seasonal,Autumn,Dc,Dp,0.096485,0.096485,96
H1.K11,seasonal,Autumn,V,Sc,0.095335,0.095335,97
H1.K11,seasonal,Autumn,V,H,0.0947,0.0947,98
H1.K11,seasonal,Autumn,W,Sc,0.093638,0.093638,99
H1.K11,seasonal,Autumn,P,qv,0.091033,0.091033,100
H1.K11,seasonal,Autumn,Ah,Dc,0.082527,0.082527,101
H1.K11,seasonal,Autumn,V,rho,-0.081451,0.081451,102
H1.K11,seasonal,Autumn,Tdiff,W,-0.07853,0.07853,103
H1.K11,seasonal,Autumn,P,Trl,-0.071813,0.071813,104
H1.K11,seasonal,Autumn,P,Sc,0.0717,0.0717,105
H1.K11,seasonal,Autumn,Tvl,Igm,-0.064838,0.064838,106
H1.K11,seasonal,Autumn,Tvl,Igc,-0.064681,0.064681,107
H1.K11,seasonal,Autumn,Tdiff,V,-0.063898,0.063898,108
H1.K11,seasonal,Autumn,Trl,Igm,0.06209,0.06209,109
H1.K11,seasonal,Autumn,Trl,Igc,0.060273,0.060273,110
H1.K11,seasonal,Autumn,W,Ta,0.055394,0.055394,111
H1.K11,seasonal,Autumn,Trl,Sc,0.050157,0.050157,112
H1.K11,seasonal,Autumn,Tdiff,Trl,-0.046617,0.046617,113
H1.K11,seasonal,Autumn,Ah,Ua,-0.045406,0.045406,114
H1.K11,seasonal,Autumn,Trl,rho,0.045338,0.045338,115
H1.K11,seasonal,Autumn,P,Dc,0.04442,0.04442,116
H1.K11,seasonal,Autumn,Trl,Dc,0.041345,0.041345,117
H1.K11,seasonal,Autumn,V,Ta,0.037485,0.037485,118
H1.K11,seasonal,Autumn,qv,Ua,0.036691,0.036691,119
H1.K11,seasonal,Autumn,Trl,Ta,-0.03498,0.03498,120
H1.K11,seasonal,Autumn,W,Dc,0.031331,0.031331,121
H1.K11,seasonal,Autumn,V,Dc,0.030725,0.030725,122
H1.K11,seasonal,Autumn,Tvl,Dc,0.029596,0.029596,123
H1.K11,seasonal,Autumn,Tdiff,Dc,-0.024649,0.024649,124
H1.K11,seasonal,Autumn,Dp,Sc,0.01624,0.01624,125
H1.K11,seasonal,Autumn,Tvl,Ua,0.012112,0.012112,126
H1.K11,seasonal,Autumn,Ah,Sc,-0.011222,0.011222,127
H1.K11,seasonal,Autumn,qv,Igm,-0.009873,0.009873,128
H1.K11,seasonal,Autumn,qv,Igc,-0.008605,0.008605,129
H1.K11,seasonal,Autumn,qv,Dc,0.008249,0.008249,130
H1.K11,seasonal,Autumn,V,Igc,-0.008135,0.008135,131
H1.K11,seasonal,Autumn,V,Igm,-0.008,0.008,132
H1.K11,seasonal,Autumn,Tvl,Sc,0.007379,0.007379,133
H1.K11,seasonal,Autumn,W,Igc,-0.001867,0.001867,134
H1.K11,seasonal,Autumn,W,Igm,-0.00172,0.00172,135
H1.K11,seasonal,Autumn,qv,Sc,7e-06,7e-06,136
H1.K12,seasonal,Winter,Igc,Igm,0.999017,0.999017,1
H1.K12,seasonal,Winter,V,W,0.998233,0.998233,2
H1.K12,seasonal,Winter,Ah,Dp,0.979601,0.979601,3
H1.K12,seasonal,Winter,H,Ta,0.968818,0.968818,4
H1.K12,seasonal,Winter,Ah,H,0.940929,0.940929,5
H1.K12,seasonal,Winter,Dp,H,0.939106,0.939106,6
H1.K12,seasonal,Winter,P,qv,0.854747,0.854747,7
H1.K12,seasonal,Winter,H,rho,-0.853877,0.853877,8
H1.K12,seasonal,Winter,Dp,Ta,0.844408,0.844408,9
H1.K12,seasonal,Winter,Ta,rho,-0.840724,0.840724,10
H1.K12,seasonal,Winter,Ah,Ta,0.828603,0.828603,11
H1.K12,seasonal,Winter,Dp,rho,-0.775085,0.775085,12
H1.K12,seasonal,Winter,Ah,rho,-0.766467,0.766467,13
H1.K12,seasonal,Winter,Trl,Tvl,0.71796,0.71796,14
H1.K12,seasonal,Winter,Sc,rho,-0.502751,0.502751,15
H1.K12,seasonal,Winter,Dc,Sc,0.478647,0.478647,16
H1.K12,seasonal,Winter,Igm,Ua,-0.477417,0.477417,17
H1.K12,seasonal,Winter,Igc,Ua,-0.46835,0.46835,18
H1.K12,seasonal,Winter,P,Tvl,-0.4586,0.4586,19
H1.K12,seasonal,Winter,Sc,Ta,0.44448,0.44448,20
H1.K12,seasonal,Winter,Tdiff,Trl,-0.409005,0.409005,21
H1.K12,seasonal,Winter,H,Sc,0.39761,0.39761,22
H1.K12,seasonal,Winter,Tvl,W,0.395653,0.395653,23
H1.K12,seasonal,Winter,Tvl,V,0.375798,0.375798,24
H1.K12,seasonal,Winter,Tvl,qv,-0.356058,0.356058,25
H1.K12,seasonal,Winter,Dp,Ua,0.34595,0.34595,26
H1.K12,seasonal,Winter,P,Trl,-0.343014,0.343014,27
H1.K12,seasonal,Winter,Dc,Ta,0.3426,0.3426,28
H1.K12,seasonal,Winter,Ah,Ua,0.337418,0.337418,29
H1.K12,seasonal,Winter,Tdiff,Tvl,0.334675,0.334675,30
H1.K12,seasonal,Winter,Dc,H,0.332968,0.332968,31
H1.K12,seasonal,Winter,Trl,W,0.33019,0.33019,32
H1.K12,seasonal,Winter,Trl,V,0.329262,0.329262,33
H1.K12,seasonal,Winter,Dc,Dp,0.322171,0.322171,34
H1.K12,seasonal,Winter,Dc,rho,-0.308297,0.308297,35
H1.K12,seasonal,Winter,Sc,Ua,-0.307494,0.307494,36
H1.K12,seasonal,Winter,Trl,qv,-0.297877,0.297877,37
H1.K12,seasonal,Winter,Ah,Dc,0.288559,0.288559,38
H1.K12,seasonal,Winter,Ah,Sc,0.278309,0.278309,39
H1.K12,seasonal,Winter,Dp,Sc,0.274353,0.274353,40
H1.K12,seasonal,Winter,Ta,Ua,-0.203218,0.203218,41
H1.K12,seasonal,Winter,W,qv,-0.193367,0.193367,42
H1.K12,seasonal,Winter,Trl,Ta,0.179074,0.179074,43
H1.K12,seasonal,Winter,V,qv,-0.177321,0.177321,44
H1.K12,seasonal,Winter,Trl,H,0.171484,0.171484,45
H1.K12,seasonal,Winter,Trl,Dp,0.158248,0.158248,46
H1.K12,seasonal,Winter,Trl,Ah,0.154394,0.154394,47
H1.K12,seasonal,Winter,P,Ta,-0.150789,0.150789,48
H1.K12,seasonal,Winter,Igm,Ta,0.150337,0.150337,49
H1.K12,seasonal,Winter,P,Dp,-0.148307,0.148307,50
H1.K12,seasonal,Winter,Igm,Sc,0.147435,0.147435,51
H1.K12,seasonal,Winter,P,H,-0.146875,0.146875,52
H1.K12,seasonal,Winter,Igc,Sc,0.144565,0.144565,53
H1.K12,seasonal,Winter,Igc,Ta,0.144416,0.144416,54
H1.K12,seasonal,Winter,P,Tdiff,-0.142997,0.142997,55
H1.K12,seasonal,Winter,W,Dp,0.13656,0.13656,56
H1.K12,seasonal,Winter,Tvl,Ah,0.134689,0.134689,57
H1.K12,seasonal,Winter,V,Dp,0.134616,0.134616,58
H1.K12,seasonal,Winter,W,Ah,0.132976,0.132976,59
H1.K12,seasonal,Winter,P,Ah,-0.131459,0.131459,60
H1.K12,seasonal,Winter,V,Ah,0.1306,0.1306,61
H1.K12,seasonal,Winter,Dp,Igc,-0.128516,0.128516,62
H1.K12,seasonal,Winter,Dp,Igm,-0.128296,0.128296,63
H1.K12,seasonal,Winter,Tvl,Dp,0.126322,0.126322,64
H1.K12,seasonal,Winter,Ah,Igm,-0.124443,0.124443,65
H1.K12,seasonal,Winter,Ah,Igc,-0.124431,0.124431,66
H1.K12,seasonal,Winter,Tvl,H,0.118556,0.118556,67
H1.K12,seasonal,Winter,Tdiff,Ta,-0.114369,0.114369,68
H1.K12,seasonal,Winter,W,H,0.11071,0.11071,69
H1.K12,seasonal,Winter,Tdiff,Ua,0.109797,0.109797,70
H1.K12,seasonal,Winter,P,rho,0.109538,0.109538,71
H1.K12,seasonal,Winter,V,H,0.108414,0.108414,72
H1.K12,seasonal,Winter,P,W,-0.10761,0.10761,73
H1.K12,seasonal,Winter,Tvl,Ta,0.10228,0.10228,74
H1.K12,seasonal,Winter,qv,Ta,-0.100999,0.100999,75
H1.K12,seasonal,Winter,qv,Dp,-0.099093,0.099093,76
H1.K12,seasonal,Winter,Tdiff,Sc,-0.093997,0.093997,77
H1.K12,seasonal,Winter,qv,H,-0.092287,0.092287,78
H1.K12,seasonal,Winter,W,Ta,0.088301,0.088301,79
H1.K12,seasonal,Winter,P,V,-0.08655,0.08655,80
H1.K12,seasonal,Winter,V,Ta,0.086428,0.086428,81
H1.K12,seasonal,Winter,W,Ua,0.086061,0.086061,82
H1.K12,seasonal,Winter,V,Ua,0.086021,0.086021,83
H1.K12,seasonal,Winter,Tdiff,Dc,-0.083367,0.083367,84
H1.K12,seasonal,Winter,Tdiff,H,-0.082518,0.082518,85
H1.K12,seasonal,Winter,Tdiff,W,0.080069,0.080069,86
H1.K12,seasonal,Winter,qv,Ah,-0.077985,0.077985,87
H1.K12,seasonal,Winter,W,Sc,0.076693,0.076693,88
H1.K12,seasonal,Winter,Tdiff,Igc,-0.07516,0.07516,89
H1.K12,seasonal,Winter,Tdiff,Igm,-0.075077,0.075077,90
H1.K12,seasonal,Winter,V,Sc,0.072622,0.072622,91
H1.K12,seasonal,Winter,Tdiff,qv,-0.07074,0.07074,92
H1.K12,seasonal,Winter,Tvl,Ua,0.061609,0.061609,93
H1.K12,seasonal,Winter,P,Dc,-0.058436,0.058436,94
H1.K12,seasonal,Winter,Tdiff,V,0.055943,0.055943,95
H1.K12,seasonal,Winter,Ua,rho,0.055847,0.055847,96
H1.K12,seasonal,Winter,Tdiff,Dp,-0.052572,0.052572,97
H1.K12,seasonal,Winter,W,Igm,-0.051811,0.051811,98
H1.K12,seasonal,Winter,W,Igc,-0.051809,0.051809,99
H1.K12,seasonal,Winter,Tvl,Sc,-0.05086,0.05086,100
H1.K12,seasonal,Winter,V,Igm,-0.049497,0.049497,101
H1.K12,seasonal,Winter,V,Igc,-0.049484,0.049484,102
H1.K12,seasonal,Winter,qv,Dc,-0.048431,0.048431,103
H1.K12,seasonal,Winter,W,rho,-0.046192,0.046192,104
H1.K12,seasonal,Winter,V,rho,-0.042326,0.042326,105
H1.K12,seasonal,Winter,qv,rho,0.040567,0.040567,106
H1.K12,seasonal,Winter,Trl,Dc,0.040042,0.040042,107
H1.K12,seasonal,Winter,P,Sc,-0.039227,0.039227,108
H1.K12,seasonal,Winter,Tdiff,Ah,-0.036817,0.036817,109
H1.K12,seasonal,Winter,H,Igm,0.036292,0.036292,110
H1.K12,seasonal,Winter,Dc,Ua,-0.034465,0.034465,111
H1.K12,seasonal,Winter,Tvl,Igm,-0.034175,0.034175,112
H1.K12,seasonal,Winter,Tvl,Igc,-0.033995,0.033995,113
H1.K12,seasonal,Winter,qv,Igc,0.033496,0.033496,114
H1.K12,seasonal,Winter,qv,Igm,0.03296,0.03296,115
H1.K12,seasonal,Winter,H,Igc,0.032682,0.032682,116
H1.K12,seasonal,Winter,Igm,rho,-0.029123,0.029123,117
H1.K12,seasonal,Winter,qv,Sc,-0.028424,0.028424,118
H1.K12,seasonal,Winter,Trl,Igc,0.026105,0.026105,119
H1.K12,seasonal,Winter,Dc,Igc,-0.026067,0.026067,120
H1.K12,seasonal,Winter,Trl,Igm,0.025913,0.025913,121
H1.K12,seasonal,Winter,Dc,Igm,-0.024997,0.024997,122
H1.K12,seasonal,Winter,Igc,rho,-0.024557,0.024557,123
H1.K12,seasonal,Winter,W,Dc,0.022364,0.022364,124
H1.K12,seasonal,Winter,H,Ua,0.021549,0.021549,125
H1.K12,seasonal,Winter,V,Dc,0.021237,0.021237,126
H1.K12,seasonal,Winter,Trl,Ua,-0.017877,0.017877,127
H1.K12,seasonal,Winter,P,Igc,0.014327,0.014327,128
H1.K12,seasonal,Winter,P,Igm,0.013796,0.013796,129
H1.K12,seasonal,Winter,Tvl,Dc,-0.012813,0.012813,130
H1.K12,seasonal,Winter,Tdiff,rho,0.012539,0.012539,131
H1.K12,seasonal,Winter,Trl,Sc,0.010602,0.010602,132
H1.K12,seasonal,Winter,P,Ua,-0.00996,0.00996,133
H1.K12,seasonal,Winter,Trl,rho,-0.004341,0.004341,134
H1.K12,seasonal,Winter,qv,Ua,-0.002618,0.002618,135
H1.K12,seasonal,Winter,Tvl,rho,-0.001564,0.001564,136
H1.K12,seasonal,Spring,Igc,Igm,0.999067,0.999067,1
H1.K12,seasonal,Spring,V,W,0.998423,0.998423,2
H1.K12,seasonal,Spring,Ah,Dp,0.976225,0.976225,3
H1.K12,seasonal,Spring,Ta,rho,-0.924847,0.924847,4
H1.K12,seasonal,Spring,H,Ta,0.917834,0.917834,5
H1.K12,seasonal,Spring,H,rho,-0.907176,0.907176,6
H1.K12,seasonal,Spring,P,qv,0.894489,0.894489,7
H1.K12,seasonal,Spring,Dp,H,0.860814,0.860814,8
H1.K12,seasonal,Spring,Ah,H,0.843659,0.843659,9
H1.K12,seasonal,Spring,Dp,rho,-0.682453,0.682453,10
H1.K12,seasonal,Spring,Tdiff,Tvl,0.672145,0.672145,11
H1.K12,seasonal,Spring,Ah,rho,-0.635594,0.635594,12
H1.K12,seasonal,Spring,Dp,Ta,0.609649,0.609649,13
H1.K12,seasonal,Spring,Trl,Tvl,0.567894,0.567894,14
H1.K12,seasonal,Spring,Igm,Ua,-0.566801,0.566801,15
H1.K12,seasonal,Spring,Ah,Ta,0.561837,0.561837,16
H1.K12,seasonal,Spring,Igc,Ua,-0.556079,0.556079,17
H1.K12,seasonal,Spring,Trl,W,0.552992,0.552992,18
H1.K12,seasonal,Spring,Trl,V,0.543358,0.543358,19
H1.K12,seasonal,Spring,Ta,Ua,-0.523956,0.523956,20
H1.K12,seasonal,Spring,Tvl,W,0.495111,0.495111,21
H1.K12,seasonal,Spring,Igm,Ta,0.476543,0.476543,22
H1.K12,seasonal,Spring,Tvl,V,0.473931,0.473931,23
H1.K12,seasonal,Spring,Igc,Ta,0.467881,0.467881,24
H1.K12,seasonal,Spring,P,Tvl,-0.438237,0.438237,25
H1.K12,seasonal,Spring,Tvl,qv,-0.43052,0.43052,26
H1.K12,seasonal,Spring,Trl,qv,-0.39155,0.39155,27
H1.K12,seasonal,Spring,Ah,Ua,0.369508,0.369508,28
H1.K12,seasonal,Spring,Igm,Sc,0.367633,0.367633,29
H1.K12,seasonal,Spring,Igm,rho,-0.36468,0.36468,30
H1.K12,seasonal,Spring,Igc,Sc,0.362256,0.362256,31
H1.K12,seasonal,Spring,P,Trl,-0.358169,0.358169,32
H1.K12,seasonal,Spring,Igc,rho,-0.356622,0.356622,33
H1.K12,seasonal,Spring,Ua,rho,0.35604,0.35604,34
H1.K12,seasonal,Spring,Dp,Ua,0.33805,0.33805,35
H1.K12,seasonal,Spring,Dc,Sc,0.31828,0.31828,36
H1.K12,seasonal,Spring,Sc,Ua,-0.298276,0.298276,37
H1.K12,seasonal,Spring,H,Igm,0.294375,0.294375,38
H1.K12,seasonal,Spring,H,Igc,0.289618,0.289618,39
H1.K12,seasonal,Spring,Sc,rho,-0.258947,0.258947,40
H1.K12,seasonal,Spring,Tdiff,Trl,-0.223818,0.223818,41
H1.K12,seasonal,Spring,W,qv,-0.222121,0.222121,42
H1.K12,seasonal,Spring,V,qv,-0.212514,0.212514,43
H1.K12,seasonal,Spring,P,W,-0.195476,0.195476,44
H1.K12,seasonal,Spring,P,Tdiff,-0.192733,0.192733,45
H1.K12,seasonal,Spring,Sc,Ta,0.188914,0.188914,46
H1.K12,seasonal,Spring,P,V,-0.18755,0.18755,47
H1.K12,seasonal,Spring,Dc,Dp,0.170658,0.170658,48
H1.K12,seasonal,Spring,H,Ua,-0.165858,0.165858,49
H1.K12,seasonal,Spring,Tdiff,qv,-0.153526,0.153526,50
H1.K12,seasonal,Spring,P,Ta,0.14415,0.14415,51
H1.K12,seasonal,Spring,P,Ua,-0.142314,0.142314,52
H1.K12,seasonal,Spring,Ah,Dc,0.14226,0.14226,53
H1.K12,seasonal,Spring,P,rho,-0.12858,0.12858,54
H1.K12,seasonal,Spring,Dc,rho,-0.116968,0.116968,55
H1.K12,seasonal,Spring,P,H,0.1105,0.1105,56
H1.K12,seasonal,Spring,V,rho,0.108706,0.108706,57
H1.K12,seasonal,Spring,Dc,H,0.102909,0.102909,58
H1.K12,seasonal,Spring,W,rho,0.100615,0.100615,59
H1.K12,seasonal,Spring,Dc,Ua,0.094734,0.094734,60
H1.K12,seasonal,Spring,Tvl,Ta,0.092564,0.092564,61
H1.K12,seasonal,Spring,Tdiff,W,0.091473,0.091473,62
H1.K12,seasonal,Spring,Tvl,H,0.08969,0.08969,63
H1.K12,seasonal,Spring,H,Sc,0.087529,0.087529,64
H1.K12,seasonal,Spring,Trl,Dp,0.083463,0.083463,65
H1.K12,seasonal,Spring,qv,Ua,-0.082836,0.082836,66
H1.K12,seasonal,Spring,Ah,Sc,-0.079181,0.079181,67
H1.K12,seasonal,Spring,Tdiff,V,0.074635,0.074635,68
H1.K12,seasonal,Spring,P,Igm,0.074599,0.074599,69
H1.K12,seasonal,Spring,Tvl,Dp,0.073464,0.073464,70
H1.K12,seasonal,Spring,Trl,Ah,0.072963,0.072963,71
H1.K12,seasonal,Spring,P,Igc,0.072479,0.072479,72
H1.K12,seasonal,Spring,Tdiff,Dc,-0.06928,0.06928,73
H1.K12,seasonal,Spring,Tvl,Ah,0.068676,0.068676,74
H1.K12,seasonal,Spring,Trl,H,0.06668,0.06668,75
H1.K12,seasonal,Spring,Tdiff,Ta,0.061666,0.061666,76
H1.K12,seasonal,Spring,Tdiff,Igm,0.057005,0.057005,77
H1.K12,seasonal,Spring,Tdiff,Igc,0.056983,0.056983,78
H1.K12,seasonal,Spring,V,H,-0.055832,0.055832,79
H1.K12,seasonal,Spring,Dp,Sc,-0.055832,0.055832,80
H1.K12,seasonal,Spring,Dc,Ta,0.05499,0.05499,81
H1.K12,seasonal,Spring,Trl,Ta,0.05255,0.05255,82
H1.K12,seasonal,Spring,Tdiff,Ua,-0.050211,0.050211,83
H1.K12,seasonal,Spring,V,Ah,-0.048989,0.048989,84
H1.K12,seasonal,Spring,W,H,-0.047986,0.047986,85
H1.K12,seasonal,Spring,qv,Ta,0.045966,0.045966,86
H1.K12,seasonal,Spring,V,Ta,-0.045719,0.045719,87
H1.K12,seasonal,Spring,Tdiff,H,0.045689,0.045689,88
H1.K12,seasonal,Spring,qv,Igm,0.044709,0.044709,89
H1.K12,seasonal,Spring,Tvl,Igc,0.044607,0.044607,90
H1.K12,seasonal,Spring,Tvl,Igm,0.044489,0.044489,91
H1.K12,seasonal,Spring,qv,Igc,0.043568,0.043568,92
H1.K12,seasonal,Spring,Tdiff,Sc,-0.043204,0.043204,93
H1.K12,seasonal,Spring,Trl,Dc,0.042999,0.042999,94
H1.K12,seasonal,Spring,W,Ta,-0.04075,0.04075,95
H1.K12,seasonal,Spring,Tvl,rho,-0.040492,0.040492,96
H1.K12,seasonal,Spring,V,Dp,-0.040298,0.040298,97
H1.K12,seasonal,Spring,W,Sc,0.039893,0.039893,98
H1.K12,seasonal,Spring,W,Ah,-0.03941,0.03941,99
H1.K12,seasonal,Spring,qv,rho,-0.039178,0.039178,100
H1.K12,seasonal,Spring,V,Sc,0.03905,0.03905,101
H1.K12,seasonal,Spring,qv,Dp,-0.034643,0.034643,102
H1.K12,seasonal,Spring,Tvl,Ua,-0.034014,0.034014,103
H1.K12,seasonal,Spring,Ah,Igm,-0.032838,0.032838,104
H1.K12,seasonal,Spring,Ah,Igc,-0.030898,0.030898,105
H1.K12,seasonal,Spring,W,Dp,-0.030717,0.030717,106
H1.K12,seasonal,Spring,Tvl,Sc,-0.027572,0.027572,107
H1.K12,seasonal,Spring,P,Dc,-0.027162,0.027162,108
H1.K12,seasonal,Spring,P,Ah,0.02676,0.02676,109
H1.K12,seasonal,Spring,Tdiff,rho,-0.026508,0.026508,110
H1.K12,seasonal,Spring,qv,Ah,-0.026313,0.026313,111
H1.K12,seasonal,Spring,Tvl,Dc,-0.024665,0.024665,112
H1.K12,seasonal,Spring,Trl,rho,-0.021362,0.021362,113
H1.K12,seasonal,Spring,qv,H,0.020011,0.020011,114
H1.K12,seasonal,Spring,Tdiff,Ah,0.015586,0.015586,115
H1.K12,seasonal,Spring,Dc,Igc,-0.014396,0.014396,116
H1.K12,seasonal,Spring,P,Dp,0.013252,0.013252,117
H1.K12,seasonal,Spring,Dc,Igm,-0.012393,0.012393,118
H1.K12,seasonal,Spring,Trl,Ua,0.012314,0.012314,119
H1.K12,seasonal,Spring,Tdiff,Dp,0.011663,0.011663,120
H1.K12,seasonal,Spring,qv,Dc,-0.010707,0.010707,121
H1.K12,seasonal,Spring,Trl,Sc,0.010421,0.010421,122
H1.K12,seasonal,Spring,P,Sc,-0.006239,0.006239,123
H1.K12,seasonal,Spring,qv,Sc,-0.005768,0.005768,124
H1.K12,seasonal,Spring,Trl,Igm,-0.00541,0.00541,125
H1.K12,seasonal,Spring,Trl,Igc,-0.005305,0.005305,126
H1.K12,seasonal,Spring,Dp,Igm,-0.004573,0.004573,127
H1.K12,seasonal,Spring,W,Igm,-0.003456,0.003456,128
H1.K12,seasonal,Spring,W,Igc,-0.003227,0.003227,129
H1.K12,seasonal,Spring,Dp,Igc,-0.00319,0.00319,130
H1.K12,seasonal,Spring,V,Igm,-0.002764,0.002764,131
H1.K12,seasonal,Spring,V,Ua,-0.002746,0.002746,132
H1.K12,seasonal,Spring,V,Igc,-0.002542,0.002542,133
H1.K12,seasonal,Spring,W,Ua,0.00164,0.00164,134
H1.K12,seasonal,Spring,V,Dc,0.001618,0.001618,135
H1.K12,seasonal,Spring,W,Dc,-7.5e-05,7.5e-05,136
H1.K12,seasonal,Summer,Igc,Igm,0.99892,0.99892,1
H1.K12,seasonal,Summer,V,W,0.998381,0.998381,2
H1.K12,seasonal,Summer,Ah,Dp,0.990053,0.990053,3
H1.K12,seasonal,Summer,P,qv,0.963013,0.963013,4
H1.K12,seasonal,Summer,Ta,rho,-0.957518,0.957518,5
H1.K12,seasonal,Summer,H,rho,-0.806397,0.806397,6
H1.K12,seasonal,Summer,Ta,Ua,-0.773207,0.773207,7
H1.K12,seasonal,Summer,Dp,H,0.752169,0.752169,8
H1.K12,seasonal,Summer,H,Ta,0.735592,0.735592,9
H1.K12,seasonal,Summer,Ah,H,0.708281,0.708281,10
H1.K12,seasonal,Summer,Trl,Tvl,0.686032,0.686032,11
H1.K12,seasonal,Summer,Ua,rho,0.64861,0.64861,12
H1.K12,seasonal,Summer,Tdiff,Tvl,0.636575,0.636575,13
H1.K12,seasonal,Summer,Igm,Ua,-0.577177,0.577177,14
H1.K12,seasonal,Summer,Ah,Ua,0.571191,0.571191,15
H1.K12,seasonal,Summer,Igc,Ua,-0.566101,0.566101,16
H1.K12,seasonal,Summer,P,Tvl,-0.558654,0.558654,17
H1.K12,seasonal,Summer,Igm,Ta,0.548354,0.548354,18
H1.K12,seasonal,Summer,Igc,Ta,0.537206,0.537206,19
H1.K12,seasonal,Summer,Tvl,qv,-0.514934,0.514934,20
H1.K12,seasonal,Summer,Igm,Sc,0.512751,0.512751,21
H1.K12,seasonal,Summer,Dp,Ua,0.510588,0.510588,22
H1.K12,seasonal,Summer,Igc,Sc,0.507091,0.507091,23
H1.K12,seasonal,Summer,Igm,rho,-0.468899,0.468899,24
H1.K12,seasonal,Summer,P,Trl,-0.46081,0.46081,25
H1.K12,seasonal,Summer,Igc,rho,-0.458128,0.458128,26
H1.K12,seasonal,Summer,Dc,Sc,0.43801,0.43801,27
H1.K12,seasonal,Summer,Trl,W,0.43184,0.43184,28
H1.K12,seasonal,Summer,Sc,Ua,-0.422939,0.422939,29
H1.K12,seasonal,Summer,Trl,V,0.417725,0.417725,30
H1.K12,seasonal,Summer,Trl,qv,-0.411926,0.411926,31
H1.K12,seasonal,Summer,Sc,rho,-0.369427,0.369427,32
H1.K12,seasonal,Summer,Sc,Ta,0.364111,0.364111,33
H1.K12,seasonal,Summer,P,Tdiff,-0.273553,0.273553,34
H1.K12,seasonal,Summer,Tdiff,qv,-0.266124,0.266124,35
H1.K12,seasonal,Summer,Dp,rho,-0.257069,0.257069,36
H1.K12,seasonal,Summer,H,Igm,0.246112,0.246112,37
H1.K12,seasonal,Summer,Tvl,W,0.241718,0.241718,38
H1.K12,seasonal,Summer,H,Igc,0.241471,0.241471,39
H1.K12,seasonal,Summer,Tvl,V,0.220679,0.220679,40
H1.K12,seasonal,Summer,Ah,Igm,-0.206957,0.206957,41
H1.K12,seasonal,Summer,Ah,Igc,-0.202138,0.202138,42
H1.K12,seasonal,Summer,Ah,rho,-0.187629,0.187629,43
H1.K12,seasonal,Summer,Ah,Sc,-0.179084,0.179084,44
H1.K12,seasonal,Summer,Dp,Igm,-0.165816,0.165816,45
H1.K12,seasonal,Summer,Dp,Igc,-0.161662,0.161662,46
H1.K12,seasonal,Summer,H,Ua,-0.160441,0.160441,47
H1.K12,seasonal,Summer,Dp,Sc,-0.150627,0.150627,48
H1.K12,seasonal,Summer,Tdiff,V,-0.1401,0.1401,49
H1.K12,seasonal,Summer,H,Sc,0.138292,0.138292,50
H1.K12,seasonal,Summer,Tdiff,W,-0.126287,0.126287,51
H1.K12,seasonal,Summer,Tdiff,Trl,-0.123263,0.123263,52
H1.K12,seasonal,Summer,Dp,Ta,0.115366,0.115366,53
H1.K12,seasonal,Summer,Dc,Igm,0.108192,0.108192,54
H1.K12,seasonal,Summer,Dc,Igc,0.104771,0.104771,55
H1.K12,seasonal,Summer,Dc,Ua,-0.10364,0.10364,56
H1.K12,seasonal,Summer,Trl,Ah,0.090768,0.090768,57
H1.K12,seasonal,Summer,Trl,Dp,0.083775,0.083775,58
H1.K12,seasonal,Summer,Trl,H,0.07464,0.07464,59
H1.K12,seasonal,Summer,W,Sc,0.071452,0.071452,60
H1.K12,seasonal,Summer,V,Sc,0.070736,0.070736,61
H1.K12,seasonal,Summer,Trl,Igc,-0.064046,0.064046,62
H1.K12,seasonal,Summer,Trl,Igm,-0.063906,0.063906,63
H1.K12,seasonal,Summer,Dc,Ta,0.059937,0.059937,64
H1.K12,seasonal,Summer,Dc,rho,-0.058781,0.058781,65
H1.K12,seasonal,Summer,Ah,Dc,-0.052288,0.052288,66
H1.K12,seasonal,Summer,Tvl,Ah,0.050102,0.050102,67
H1.K12,seasonal,Summer,Trl,rho,-0.04479,0.04479,68
H1.K12,seasonal,Summer,Dc,Dp,-0.044739,0.044739,69
H1.K12,seasonal,Summer,Tvl,Dp,0.043966,0.043966,70
H1.K12,seasonal,Summer,Ah,Ta,0.043195,0.043195,71
H1.K12,seasonal,Summer,Trl,Sc,0.041078,0.041078,72
H1.K12,seasonal,Summer,Tdiff,Igc,0.040356,0.040356,73
H1.K12,seasonal,Summer,Tdiff,Igm,0.039928,0.039928,74
H1.K12,seasonal,Summer,Trl,Ua,0.037386,0.037386,75
H1.K12,seasonal,Summer,P,H,0.036079,0.036079,76
H1.K12,seasonal,Summer,Tvl,H,0.035693,0.035693,77
H1.K12,seasonal,Summer,qv,H,0.035284,0.035284,78
H1.K12,seasonal,Summer,qv,Dp,0.03319,0.03319,79
H1.K12,seasonal,Summer,W,Dp,-0.033064,0.033064,80
H1.K12,seasonal,Summer,V,H,-0.032746,0.032746,81
H1.K12,seasonal,Summer,qv,Ah,0.032121,0.032121,82
H1.K12,seasonal,Summer,qv,Sc,-0.03174,0.03174,83
H1.K12,seasonal,Summer,W,H,-0.031657,0.031657,84
H1.K12,seasonal,Summer,Tdiff,H,-0.030659,0.030659,85
H1.K12,seasonal,Summer,P,Ta,0.030237,0.030237,86
H1.K12,seasonal,Summer,Tdiff,Dp,-0.028516,0.028516,87
H1.K12,seasonal,Summer,V,rho,0.028283,0.028283,88
H1.K12,seasonal,Summer,V,Dp,-0.027899,0.027899,89
H1.K12,seasonal,Summer,Tdiff,Ah,-0.027592,0.027592,90
H1.K12,seasonal,Summer,Tvl,rho,-0.027212,0.027212,91
H1.K12,seasonal,Summer,W,Ah,-0.026788,0.026788,92
H1.K12,seasonal,Summer,V,Ta,-0.025126,0.025126,93
H1.K12,seasonal,Summer,Tvl,Ua,0.024992,0.024992,94
H1.K12,seasonal,Summer,Tvl,Sc,0.024193,0.024193,95
H1.K12,seasonal,Summer,P,V,0.023337,0.023337,96
H1.K12,seasonal,Summer,P,Dp,0.022749,0.022749,97
H1.K12,seasonal,Summer,P,Ah,0.02261,0.02261,98
H1.K12,seasonal,Summer,W,rho,0.02237,0.02237,99
H1.K12,seasonal,Summer,V,Ah,-0.021883,0.021883,100
H1.K12,seasonal,Summer,P,Igm,0.020406,0.020406,101
H1.K12,seasonal,Summer,P,Igc,0.020271,0.020271,102
H1.K12,seasonal,Summer,Tvl,Dc,-0.020038,0.020038,103
H1.K12,seasonal,Summer,qv,Ta,0.02,0.02,104
H1.K12,seasonal,Summer,Tvl,Igm,-0.019831,0.019831,105
H1.K12,seasonal,Summer,Tvl,Igc,-0.019654,0.019654,106
H1.K12,seasonal,Summer,V,Igm,-0.019583,0.019583,107
H1.K12,seasonal,Summer,V,Igc,-0.019247,0.019247,108
H1.K12,seasonal,Summer,W,Ta,-0.019075,0.019075,109
H1.K12,seasonal,Summer,P,Sc,-0.018983,0.018983,110
H1.K12,seasonal,Summer,Trl,Dc,-0.018975,0.018975,111
H1.K12,seasonal,Summer,P,rho,-0.018738,0.018738,112
H1.K12,seasonal,Summer,W,Igm,-0.018543,0.018543,113
H1.K12,seasonal,Summer,W,Igc,-0.018197,0.018197,114
H1.K12,seasonal,Summer,Tdiff,Ta,-0.017959,0.017959,115
H1.K12,seasonal,Summer,V,qv,0.017698,0.017698,116
H1.K12,seasonal,Summer,Trl,Ta,0.017146,0.017146,117
H1.K12,seasonal,Summer,qv,Igm,0.012936,0.012936,118
H1.K12,seasonal,Summer,qv,Igc,0.012875,0.012875,119
H1.K12,seasonal,Summer,P,Ua,-0.012089,0.012089,120
H1.K12,seasonal,Summer,P,W,0.011287,0.011287,121
H1.K12,seasonal,Summer,Tdiff,Sc,-0.010757,0.010757,122
H1.K12,seasonal,Summer,Tdiff,rho,0.010422,0.010422,123
H1.K12,seasonal,Summer,qv,rho,-0.010335,0.010335,124
H1.K12,seasonal,Summer,V,Dc,0.008893,0.008893,125
H1.K12,seasonal,Summer,Tdiff,Dc,-0.007607,0.007607,126
H1.K12,seasonal,Summer,W,Ua,-0.007552,0.007552,127
H1.K12,seasonal,Summer,Dc,H,0.007497,0.007497,128
H1.K12,seasonal,Summer,W,Dc,0.006849,0.006849,129
H1.K12,seasonal,Summer,qv,Ua,0.004882,0.004882,130
H1.K12,seasonal,Summer,Tdiff,Ua,-0.004817,0.004817,131
H1.K12,seasonal,Summer,P,Dc,0.00355,0.00355,132
H1.K12,seasonal,Summer,W,qv,0.001726,0.001726,133
H1.K12,seasonal,Summer,qv,Dc,-0.001163,0.001163,134
H1.K12,seasonal,Summer,V,Ua,0.001048,0.001048,135
H1.K12,seasonal,Summer,Tvl,Ta,0.000644,0.000644,136
H1.K12,seasonal,Autumn,Igc,Igm,0.999113,0.999113,1
H1.K12,seasonal,Autumn,V,W,0.998227,0.998227,2
H1.K12,seasonal,Autumn,Ah,Dp,0.987039,0.987039,3
H1.K12,seasonal,Autumn,H,Ta,0.953577,0.953577,4
H1.K12,seasonal,Autumn,P,qv,0.950938,0.950938,5
H1.K12,seasonal,Autumn,Dp,H,0.942881,0.942881,6
H1.K12,seasonal,Autumn,Ah,H,0.924598,0.924598,7
H1.K12,seasonal,Autumn,Ta,rho,-0.917983,0.917983,8
H1.K12,seasonal,Autumn,H,rho,-0.906511,0.906511,9
H1.K12,seasonal,Autumn,Dp,Ta,0.811729,0.811729,10
H1.K12,seasonal,Autumn,Dp,rho,-0.801137,0.801137,11
H1.K12,seasonal,Autumn,Ah,Ta,0.767727,0.767727,12
H1.K12,seasonal,Autumn,Trl,Tvl,0.765424,0.765424,13
H1.K12,seasonal,Autumn,Ah,rho,-0.761234,0.761234,14
H1.K12,seasonal,Autumn,Ta,Ua,-0.65567,0.65567,15
H1.K12,seasonal,Autumn,Igm,Ua,-0.627136,0.627136,16
H1.K12,seasonal,Autumn,Igc,Ua,-0.615643,0.615643,17
H1.K12,seasonal,Autumn,P,Tvl,-0.580694,0.580694,18
H1.K12,seasonal,Autumn,Tvl,qv,-0.580677,0.580677,19
H1.K12,seasonal,Autumn,Tdiff,Tvl,0.560275,0.560275,20
H1.K12,seasonal,Autumn,Trl,qv,-0.552576,0.552576,21
H1.K12,seasonal,Autumn,P,Trl,-0.534759,0.534759,22
H1.K12,seasonal,Autumn,Ua,rho,0.53441,0.53441,23
H1.K12,seasonal,Autumn,Igm,Ta,0.5204,0.5204,24
H1.K12,seasonal,Autumn,Igc,Ta,0.512996,0.512996,25
H1.K12,seasonal,Autumn,Dc,Sc,0.431924,0.431924,26
H1.K12,seasonal,Autumn,H,Ua,-0.412742,0.412742,27
H1.K12,seasonal,Autumn,Igm,rho,-0.408852,0.408852,28
H1.K12,seasonal,Autumn,Igc,rho,-0.40205,0.40205,29
H1.K12,seasonal,Autumn,H,Igm,0.383932,0.383932,30
H1.K12,seasonal,Autumn,H,Igc,0.379654,0.379654,31
H1.K12,seasonal,Autumn,Sc,Ua,-0.334778,0.334778,32
H1.K12,seasonal,Autumn,Tvl,W,0.334505,0.334505,33
H1.K12,seasonal,Autumn,Tvl,V,0.327298,0.327298,34
H1.K12,seasonal,Autumn,Igm,Sc,0.310161,0.310161,35
H1.K12,seasonal,Autumn,Igc,Sc,0.305924,0.305924,36
H1.K12,seasonal,Autumn,Trl,H,0.301956,0.301956,37
H1.K12,seasonal,Autumn,Trl,rho,-0.29768,0.29768,38
H1.K12,seasonal,Autumn,Trl,Ah,0.293171,0.293171,39
H1.K12,seasonal,Autumn,Sc,rho,-0.289827,0.289827,40
H1.K12,seasonal,Autumn,Trl,Dp,0.284315,0.284315,41
H1.K12,seasonal,Autumn,Trl,Ta,0.271917,0.271917,42
H1.K12,seasonal,Autumn,Trl,W,0.248796,0.248796,43
H1.K12,seasonal,Autumn,Trl,V,0.241041,0.241041,44
H1.K12,seasonal,Autumn,P,Tdiff,-0.21735,0.21735,45
H1.K12,seasonal,Autumn,W,qv,-0.206286,0.206286,46
H1.K12,seasonal,Autumn,V,qv,-0.203479,0.203479,47
H1.K12,seasonal,Autumn,Tvl,H,0.20178,0.20178,48
H1.K12,seasonal,Autumn,Dp,Igm,0.196494,0.196494,49
H1.K12,seasonal,Autumn,Dp,Igc,0.196293,0.196293,50
H1.K12,seasonal,Autumn,Tdiff,qv,-0.194758,0.194758,51
H1.K12,seasonal,Autumn,Sc,Ta,0.191562,0.191562,52
H1.K12,seasonal,Autumn,Tdiff,W,0.187699,0.187699,53
H1.K12,seasonal,Autumn,Tvl,Ta,0.186763,0.186763,54
H1.K12,seasonal,Autumn,Tdiff,V,0.186305,0.186305,55
H1.K12,seasonal,Autumn,Tvl,Ah,0.185689,0.185689,56
H1.K12,seasonal,Autumn,Tvl,rho,-0.184586,0.184586,57
H1.K12,seasonal,Autumn,Dc,rho,-0.164467,0.164467,58
H1.K12,seasonal,Autumn,Tvl,Dp,0.161057,0.161057,59
H1.K12,seasonal,Autumn,Ah,Igc,0.159254,0.159254,60
H1.K12,seasonal,Autumn,Ah,Igm,0.15882,0.15882,61
H1.K12,seasonal,Autumn,W,Ah,0.153265,0.153265,62
H1.K12,seasonal,Autumn,V,Ah,0.150945,0.150945,63
H1.K12,seasonal,Autumn,P,W,-0.145813,0.145813,64
H1.K12,seasonal,Autumn,P,V,-0.143133,0.143133,65
H1.K12,seasonal,Autumn,W,Dp,0.139853,0.139853,66
H1.K12,seasonal,Autumn,V,Dp,0.137388,0.137388,67
H1.K12,seasonal,Autumn,Dc,Ta,0.13706,0.13706,68
H1.K12,seasonal,Autumn,Dc,Ua,-0.129041,0.129041,69
H1.K12,seasonal,Autumn,Dc,H,0.120571,0.120571,70
H1.K12,seasonal,Autumn,V,Ua,0.117988,0.117988,71
H1.K12,seasonal,Autumn,W,Ua,0.116999,0.116999,72
H1.K12,seasonal,Autumn,Tvl,Ua,-0.116536,0.116536,73
H1.K12,seasonal,Autumn,Tdiff,Dp,-0.116472,0.116472,74
H1.K12,seasonal,Autumn,Dc,Igm,0.11459,0.11459,75
H1.K12,seasonal,Autumn,P,Dp,0.113563,0.113563,76
H1.K12,seasonal,Autumn,H,Sc,0.112905,0.112905,77
H1.K12,seasonal,Autumn,Dc,Igc,0.112691,0.112691,78
H1.K12,seasonal,Autumn,P,H,0.10676,0.10676,79
H1.K12,seasonal,Autumn,Trl,Ua,-0.104313,0.104313,80
H1.K12,seasonal,Autumn,Dp,Ua,-0.1022,0.1022,81
H1.K12,seasonal,Autumn,P,Ta,0.102107,0.102107,82
H1.K12,seasonal,Autumn,Trl,Igm,0.101846,0.101846,83
H1.K12,seasonal,Autumn,P,Ah,0.101652,0.101652,84
H1.K12,seasonal,Autumn,P,rho,-0.101555,0.101555,85
H1.K12,seasonal,Autumn,Trl,Igc,0.101313,0.101313,86
H1.K12,seasonal,Autumn,Tdiff,rho,0.101198,0.101198,87
H1.K12,seasonal,Autumn,Tvl,Igm,0.098704,0.098704,88
H1.K12,seasonal,Autumn,Tvl,Igc,0.098059,0.098059,89
H1.K12,seasonal,Autumn,Tdiff,Trl,-0.097743,0.097743,90
H1.K12,seasonal,Autumn,Dc,Dp,0.096485,0.096485,91
H1.K12,seasonal,Autumn,W,H,0.094363,0.094363,92
H1.K12,seasonal,Autumn,V,H,0.091697,0.091697,93
H1.K12,seasonal,Autumn,Tdiff,Ah,-0.089922,0.089922,94
H1.K12,seasonal,Autumn,Ah,Dc,0.082527,0.082527,95
H1.K12,seasonal,Autumn,Tdiff,H,-0.077366,0.077366,96
H1.K12,seasonal,Autumn,W,Sc,0.076592,0.076592,97
H1.K12,seasonal,Autumn,W,rho,-0.072996,0.072996,98
H1.K12,seasonal,Autumn,V,Sc,0.072608,0.072608,99
H1.K12,seasonal,Autumn,V,rho,-0.066332,0.066332,100
H1.K12,seasonal,Autumn,Tdiff,Ta,-0.062445,0.062445,101
H1.K12,seasonal,Autumn,Ah,Ua,-0.045406,0.045406,102
H1.K12,seasonal,Autumn,Tdiff,Ua,-0.043593,0.043593,103
H1.K12,seasonal,Autumn,P,Igm,0.042956,0.042956,104
H1.K12,seasonal,Autumn,P,Igc,0.042285,0.042285,105
H1.K12,seasonal,Autumn,qv,Ua,0.036286,0.036286,106
H1.K12,seasonal,Autumn,W,Ta,0.03597,0.03597,107
H1.K12,seasonal,Autumn,V,Ta,0.033523,0.033523,108
H1.K12,seasonal,Autumn,Trl,Sc,0.031611,0.031611,109
H1.K12,seasonal,Autumn,Tdiff,Dc,-0.030889,0.030889,110
H1.K12,seasonal,Autumn,P,Dc,0.030741,0.030741,111
H1.K12,seasonal,Autumn,qv,Dc,0.030721,0.030721,112
H1.K12,seasonal,Autumn,P,Ua,-0.021893,0.021893,113
H1.K12,seasonal,Autumn,Tvl,Sc,0.020678,0.020678,114
H1.K12,seasonal,Autumn,W,Dc,0.020117,0.020117,115
H1.K12,seasonal,Autumn,Tdiff,Igm,0.019165,0.019165,116
H1.K12,seasonal,Autumn,Tdiff,Igc,0.018927,0.018927,117
H1.K12,seasonal,Autumn,V,Dc,0.017259,0.017259,118
H1.K12,seasonal,Autumn,Dp,Sc,0.01624,0.01624,119
H1.K12,seasonal,Autumn,qv,Dp,0.015452,0.015452,120
H1.K12,seasonal,Autumn,Tdiff,Sc,-0.011605,0.011605,121
H1.K12,seasonal,Autumn,Ah,Sc,-0.011222,0.011222,122
H1.K12,seasonal,Autumn,W,Igc,-0.010725,0.010725,123
H1.K12,seasonal,Autumn,W,Igm,-0.010564,0.010564,124
H1.K12,seasonal,Autumn,Tvl,Dc,-0.010102,0.010102,125
H1.K12,seasonal,Autumn,V,Igc,-0.00946,0.00946,126
H1.K12,seasonal,Autumn,V,Igm,-0.009303,0.009303,127
H1.K12,seasonal,Autumn,qv,rho,-0.008727,0.008727,128
H1.K12,seasonal,Autumn,Trl,Dc,0.008425,0.008425,129
H1.K12,seasonal,Autumn,qv,Sc,-0.00626,0.00626,130
H1.K12,seasonal,Autumn,qv,Ta,-0.005944,0.005944,131
H1.K12,seasonal,Autumn,P,Sc,0.004206,0.004206,132
H1.K12,seasonal,Autumn,qv,Ah,0.003751,0.003751,133
H1.K12,seasonal,Autumn,qv,Igc,-0.003292,0.003292,134
H1.K12,seasonal,Autumn,qv,Igm,-0.003246,0.003246,135
H1.K12,seasonal,Autumn,qv,H,-0.00302,0.00302,136
H1.K14,seasonal,Winter,Igc,Igm,0.999017,0.999017,1
H1.K14,seasonal,Winter,V,W,0.99101,0.99101,2
H1.K14,seasonal,Winter,Ah,Dp,0.979601,0.979601,3
H1.K14,seasonal,Winter,Trl,Tvl,0.968855,0.968855,4
H1.K14,seasonal,Winter,H,Ta,0.968818,0.968818,5
H1.K14,seasonal,Winter,Ah,H,0.940929,0.940929,6
H1.K14,seasonal,Winter,Dp,H,0.939106,0.939106,7
H1.K14,seasonal,Winter,H,rho,-0.853877,0.853877,8
H1.K14,seasonal,Winter,Dp,Ta,0.844408,0.844408,9
H1.K14,seasonal,Winter,Ta,rho,-0.840724,0.840724,10
H1.K14,seasonal,Winter,Ah,Ta,0.828603,0.828603,11
H1.K14,seasonal,Winter,Dp,rho,-0.775085,0.775085,12
H1.K14,seasonal,Winter,Ah,rho,-0.766467,0.766467,13
H1.K14,seasonal,Winter,P,qv,0.552729,0.552729,14
H1.K14,seasonal,Winter,Sc,rho,-0.502751,0.502751,15
H1.K14,seasonal,Winter,Dc,Sc,0.478647,0.478647,16
H1.K14,seasonal,Winter,Igm,Ua,-0.477417,0.477417,17
H1.K14,seasonal,Winter,Igc,Ua,-0.46835,0.46835,18
H1.K14,seasonal,Winter,Sc,Ta,0.44448,0.44448,19
H1.K14,seasonal,Winter,Tvl,qv,-0.420412,0.420412,20
H1.K14,seasonal,Winter,Trl,qv,-0.415301,0.415301,21
H1.K14,seasonal,Winter,Tdiff,Trl,-0.413986,0.413986,22
H1.K14,seasonal,Winter,H,Sc,0.39761,0.39761,23
H1.K14,seasonal,Winter,Tvl,W,0.372785,0.372785,24
H1.K14,seasonal,Winter,Trl,W,0.368948,0.368948,25
H1.K14,seasonal,Winter,Dp,Ua,0.34595,0.34595,26
H1.K14,seasonal,Winter,Dc,Ta,0.3426,0.3426,27
H1.K14,seasonal,Winter,Ah,Ua,0.337418,0.337418,28
H1.K14,seasonal,Winter,P,V,-0.335821,0.335821,29
H1.K14,seasonal,Winter,Dc,H,0.332968,0.332968,30
H1.K14,seasonal,Winter,P,Tvl,-0.326712,0.326712,31
H1.K14,seasonal,Winter,Tvl,V,0.323623,0.323623,32
H1.K14,seasonal,Winter,Dc,Dp,0.322171,0.322171,33
H1.K14,seasonal,Winter,P,W,-0.319672,0.319672,34
H1.K14,seasonal,Winter,Trl,V,0.3169,0.3169,35
H1.K14,seasonal,Winter,Dc,rho,-0.308297,0.308297,36
H1.K14,seasonal,Winter,Sc,Ua,-0.307494,0.307494,37
H1.K14,seasonal,Winter,Ah,Dc,0.288559,0.288559,38
H1.K14,seasonal,Winter,Ah,Sc,0.278309,0.278309,39
H1.K14,seasonal,Winter,Dp,Sc,0.274353,0.274353,40
H1.K14,seasonal,Winter,P,Trl,-0.269453,0.269453,41
H1.K14,seasonal,Winter,V,qv,-0.213591,0.213591,42
H1.K14,seasonal,Winter,Ta,Ua,-0.203218,0.203218,43
H1.K14,seasonal,Winter,W,qv,-0.200255,0.200255,44
H1.K14,seasonal,Winter,Tdiff,Ta,-0.200007,0.200007,45
H1.K14,seasonal,Winter,Tdiff,H,-0.190423,0.190423,46
H1.K14,seasonal,Winter,Tdiff,Tvl,-0.184904,0.184904,47
H1.K14,seasonal,Winter,P,Tdiff,-0.166662,0.166662,48
H1.K14,seasonal,Winter,Tdiff,rho,0.164787,0.164787,49
H1.K14,seasonal,Winter,V,Dp,0.161197,0.161197,50
H1.K14,seasonal,Winter,W,Dp,0.15789,0.15789,51
H1.K14,seasonal,Winter,Tdiff,Ah,-0.155589,0.155589,52
H1.K14,seasonal,Winter,V,Ah,0.151207,0.151207,53
H1.K14,seasonal,Winter,W,Ah,0.150867,0.150867,54
H1.K14,seasonal,Winter,Igm,Ta,0.150337,0.150337,55
H1.K14,seasonal,Winter,Igm,Sc,0.147435,0.147435,56
H1.K14,seasonal,Winter,Igc,Sc,0.144565,0.144565,57
H1.K14,seasonal,Winter,Igc,Ta,0.144416,0.144416,58
H1.K14,seasonal,Winter,Tdiff,Dp,-0.14362,0.14362,59
H1.K14,seasonal,Winter,Trl,Ta,0.13546,0.13546,60
H1.K14,seasonal,Winter,Trl,H,0.132433,0.132433,61
H1.K14,seasonal,Winter,Dp,Igc,-0.128516,0.128516,62
H1.K14,seasonal,Winter,Dp,Igm,-0.128296,0.128296,63
H1.K14,seasonal,Winter,V,H,0.124892,0.124892,64
H1.K14,seasonal,Winter,Ah,Igm,-0.124443,0.124443,65
H1.K14,seasonal,Winter,Ah,Igc,-0.124431,0.124431,66
H1.K14,seasonal,Winter,W,H,0.123827,0.123827,67
H1.K14,seasonal,Winter,Trl,Ah,0.119203,0.119203,68
H1.K14,seasonal,Winter,V,Ua,0.11665,0.11665,69
H1.K14,seasonal,Winter,W,Ua,0.111773,0.111773,70
H1.K14,seasonal,Winter,Trl,Dp,0.110373,0.110373,71
H1.K14,seasonal,Winter,Tdiff,Igm,-0.110229,0.110229,72
H1.K14,seasonal,Winter,Tdiff,Igc,-0.107991,0.107991,73
H1.K14,seasonal,Winter,Tdiff,W,-0.100268,0.100268,74
H1.K14,seasonal,Winter,V,Ta,0.098356,0.098356,75
H1.K14,seasonal,Winter,W,Ta,0.096849,0.096849,76
H1.K14,seasonal,Winter,Tvl,H,0.092639,0.092639,77
H1.K14,seasonal,Winter,Tvl,Ta,0.092071,0.092071,78
H1.K14,seasonal,Winter,Tdiff,Sc,-0.09104,0.09104,79
H1.K14,seasonal,Winter,Tvl,Ah,0.089567,0.089567,80
H1.K14,seasonal,Winter,Tdiff,Ua,0.083329,0.083329,81
H1.K14,seasonal,Winter,qv,Ua,0.083029,0.083029,82
H1.K14,seasonal,Winter,Tvl,Dp,0.082281,0.082281,83
H1.K14,seasonal,Winter,Tdiff,qv,0.075932,0.075932,84
H1.K14,seasonal,Winter,Tdiff,V,-0.071237,0.071237,85
H1.K14,seasonal,Winter,V,rho,-0.071097,0.071097,86
H1.K14,seasonal,Winter,W,Sc,0.070411,0.070411,87
H1.K14,seasonal,Winter,V,Sc,0.068113,0.068113,88
H1.K14,seasonal,Winter,Tvl,Sc,-0.066644,0.066644,89
H1.K14,seasonal,Winter,W,Igm,-0.064602,0.064602,90
H1.K14,seasonal,Winter,W,Igc,-0.064568,0.064568,91
H1.K14,seasonal,Winter,W,rho,-0.064254,0.064254,92
H1.K14,seasonal,Winter,V,Igm,-0.063244,0.063244,93
H1.K14,seasonal,Winter,V,Igc,-0.063218,0.063218,94
H1.K14,seasonal,Winter,qv,Ta,-0.057664,0.057664,95
H1.K14,seasonal,Winter,P,Igm,0.056724,0.056724,96
H1.K14,seasonal,Winter,P,Igc,0.05592,0.05592,97
H1.K14,seasonal,Winter,Ua,rho,0.055847,0.055847,98
H1.K14,seasonal,Winter,Trl,Igm,0.046747,0.046747,99
H1.K14,seasonal,Winter,Trl,Igc,0.046643,0.046643,100
H1.K14,seasonal,Winter,qv,Igc,-0.045411,0.045411,101
H1.K14,seasonal,Winter,qv,Igm,-0.045392,0.045392,102
H1.K14,seasonal,Winter,H,Igm,0.036292,0.036292,103
H1.K14,seasonal,Winter,V,Dc,0.035933,0.035933,104
H1.K14,seasonal,Winter,W,Dc,0.035022,0.035022,105
H1.K14,seasonal,Winter,Dc,Ua,-0.034465,0.034465,106
H1.K14,seasonal,Winter,H,Igc,0.032682,0.032682,107
H1.K14,seasonal,Winter,qv,H,-0.031847,0.031847,108
H1.K14,seasonal,Winter,Trl,Sc,-0.030392,0.030392,109
H1.K14,seasonal,Winter,Igm,rho,-0.029123,0.029123,110
H1.K14,seasonal,Winter,qv,rho,-0.028668,0.028668,111
H1.K14,seasonal,Winter,Trl,Ua,-0.02761,0.02761,112
H1.K14,seasonal,Winter,P,Dp,-0.027267,0.027267,113
H1.K14,seasonal,Winter,Dc,Igc,-0.026067,0.026067,114
H1.K14,seasonal,Winter,Dc,Igm,-0.024997,0.024997,115
H1.K14,seasonal,Winter,Igc,rho,-0.024557,0.024557,116
H1.K14,seasonal,Winter,Tvl,Dc,-0.024147,0.024147,117
H1.K14,seasonal,Winter,Tvl,rho,0.023546,0.023546,118
H1.K14,seasonal,Winter,Trl,rho,-0.022956,0.022956,119
H1.K14,seasonal,Winter,H,Ua,0.021549,0.021549,120
H1.K14,seasonal,Winter,P,Ta,-0.020979,0.020979,121
H1.K14,seasonal,Winter,P,rho,-0.020561,0.020561,122
H1.K14,seasonal,Winter,Tvl,Igc,0.019637,0.019637,123
H1.K14,seasonal,Winter,P,H,-0.019294,0.019294,124
H1.K14,seasonal,Winter,Tvl,Igm,0.019211,0.019211,125
H1.K14,seasonal,Winter,Trl,Dc,-0.018589,0.018589,126
H1.K14,seasonal,Winter,P,Ah,-0.017941,0.017941,127
H1.K14,seasonal,Winter,qv,Dc,-0.010299,0.010299,128
H1.K14,seasonal,Winter,P,Ua,-0.010014,0.010014,129
H1.K14,seasonal,Winter,qv,Dp,-0.010014,0.010014,130
H1.K14,seasonal,Winter,qv,Sc,-0.009574,0.009574,131
H1.K14,seasonal,Winter,Tdiff,Dc,-0.004797,0.004797,132
H1.K14,seasonal,Winter,P,Dc,-0.004054,0.004054,133
H1.K14,seasonal,Winter,Tvl,Ua,-0.002813,0.002813,134
H1.K14,seasonal,Winter,P,Sc,-0.002753,0.002753,135
H1.K14,seasonal,Winter,qv,Ah,0.002254,0.002254,136
H1.K14,seasonal,Spring,Igc,Igm,0.999067,0.999067,1
H1.K14,seasonal,Spring,V,W,0.990282,0.990282,2
H1.K14,seasonal,Spring,Ah,Dp,0.976225,0.976225,3
H1.K14,seasonal,Spring,Ta,rho,-0.924847,0.924847,4
H1.K14,seasonal,Spring,H,Ta,0.917834,0.917834,5
H1.K14,seasonal,Spring,Trl,Tvl,0.916379,0.916379,6
H1.K14,seasonal,Spring,H,rho,-0.907176,0.907176,7
H1.K14,seasonal,Spring,Dp,H,0.860814,0.860814,8
H1.K14,seasonal,Spring,Ah,H,0.843659,0.843659,9
H1.K14,seasonal,Spring,Dp,rho,-0.682453,0.682453,10
H1.K14,seasonal,Spring,Ah,rho,-0.635594,0.635594,11
H1.K14,seasonal,Spring,Dp,Ta,0.609649,0.609649,12
H1.K14,seasonal,Spring,Igm,Ua,-0.566801,0.566801,13
H1.K14,seasonal,Spring,Ah,Ta,0.561837,0.561837,14
H1.K14,seasonal,Spring,Igc,Ua,-0.556079,0.556079,15
H1.K14,seasonal,Spring,P,qv,0.550947,0.550947,16
H1.K14,seasonal,Spring,Trl,qv,-0.535915,0.535915,17
H1.K14,seasonal,Spring,Ta,Ua,-0.523956,0.523956,18
H1.K14,seasonal,Spring,Tvl,qv,-0.485898,0.485898,19
H1.K14,seasonal,Spring,Igm,Ta,0.476543,0.476543,20
H1.K14,seasonal,Spring,P,Ta,0.469289,0.469289,21
H1.K14,seasonal,Spring,Igc,Ta,0.467881,0.467881,22
H1.K14,seasonal,Spring,P,Tvl,-0.438867,0.438867,23
H1.K14,seasonal,Spring,P,H,0.416205,0.416205,24
H1.K14,seasonal,Spring,Tdiff,Ta,-0.415728,0.415728,25
H1.K14,seasonal,Spring,Tdiff,H,-0.403007,0.403007,26
H1.K14,seasonal,Spring,P,rho,-0.397293,0.397293,27
H1.K14,seasonal,Spring,P,Igm,0.38835,0.38835,28
H1.K14,seasonal,Spring,P,Igc,0.384961,0.384961,29
H1.K14,seasonal,Spring,Tdiff,rho,0.379086,0.379086,30
H1.K14,seasonal,Spring,Ah,Ua,0.369508,0.369508,31
H1.K14,seasonal,Spring,Igm,Sc,0.367633,0.367633,32
H1.K14,seasonal,Spring,Igm,rho,-0.36468,0.36468,33
H1.K14,seasonal,Spring,Igc,Sc,0.362256,0.362256,34
H1.K14,seasonal,Spring,Igc,rho,-0.356622,0.356622,35
H1.K14,seasonal,Spring,Ua,rho,0.35604,0.35604,36
H1.K14,seasonal,Spring,Dp,Ua,0.33805,0.33805,37
H1.K14,seasonal,Spring,P,Trl,-0.323616,0.323616,38
H1.K14,seasonal,Spring,Dc,Sc,0.31828,0.31828,39
H1.K14,seasonal,Spring,Sc,Ua,-0.298276,0.298276,40
H1.K14,seasonal,Spring,H,Igm,0.294375,0.294375,41
H1.K14,seasonal,Spring,H,Igc,0.289618,0.289618,42
H1.K14,seasonal,Spring,P,Tdiff,-0.288683,0.288683,43
H1.K14,seasonal,Spring,P,Ua,-0.283715,0.283715,44
H1.K14,seasonal,Spring,Tdiff,Ah,-0.272751,0.272751,45
H1.K14,seasonal,Spring,Tdiff,Dp,-0.271638,0.271638,46
H1.K14,seasonal,Spring,Sc,rho,-0.258947,0.258947,47
H1.K14,seasonal,Spring,Tdiff,Igm,-0.250874,0.250874,48
H1.K14,seasonal,Spring,Tdiff,Igc,-0.248291,0.248291,49
H1.K14,seasonal,Spring,P,Dp,0.230322,0.230322,50
H1.K14,seasonal,Spring,P,Ah,0.22718,0.22718,51
H1.K14,seasonal,Spring,Tdiff,Trl,-0.211398,0.211398,52
H1.K14,seasonal,Spring,Tdiff,Ua,0.203916,0.203916,53
H1.K14,seasonal,Spring,qv,Ta,0.199613,0.199613,54
H1.K14,seasonal,Spring,Tvl,H,-0.190964,0.190964,55
H1.K14,seasonal,Spring,Tdiff,Tvl,0.189378,0.189378,56
H1.K14,seasonal,Spring,Sc,Ta,0.188914,0.188914,57
H1.K14,seasonal,Spring,Tvl,Ta,-0.1831,0.1831,58
H1.K14,seasonal,Spring,qv,Igm,0.182587,0.182587,59
H1.K14,seasonal,Spring,qv,Igc,0.180263,0.180263,60
H1.K14,seasonal,Spring,Tvl,rho,0.177996,0.177996,61
H1.K14,seasonal,Spring,qv,H,0.170674,0.170674,62
H1.K14,seasonal,Spring,Dc,Dp,0.170658,0.170658,63
H1.K14,seasonal,Spring,H,Ua,-0.165858,0.165858,64
H1.K14,seasonal,Spring,qv,rho,-0.162018,0.162018,65
H1.K14,seasonal,Spring,Tvl,Dp,-0.14947,0.14947,66
H1.K14,seasonal,Spring,Tvl,Ah,-0.148673,0.148673,67
H1.K14,seasonal,Spring,Ah,Dc,0.14226,0.14226,68
H1.K14,seasonal,Spring,V,rho,0.139904,0.139904,69
H1.K14,seasonal,Spring,Tvl,V,0.131175,0.131175,70
H1.K14,seasonal,Spring,W,rho,0.125921,0.125921,71
H1.K14,seasonal,Spring,Tdiff,qv,0.118088,0.118088,72
H1.K14,seasonal,Spring,Dc,rho,-0.116968,0.116968,73
H1.K14,seasonal,Spring,qv,Ua,-0.11149,0.11149,74
H1.K14,seasonal,Spring,P,Sc,0.105024,0.105024,75
H1.K14,seasonal,Spring,Dc,H,0.102909,0.102909,76
H1.K14,seasonal,Spring,Trl,V,0.10124,0.10124,77
H1.K14,seasonal,Spring,qv,Dp,0.098745,0.098745,78
H1.K14,seasonal,Spring,Dc,Ua,0.094734,0.094734,79
H1.K14,seasonal,Spring,Tvl,W,0.093513,0.093513,80
H1.K14,seasonal,Spring,qv,Ah,0.087596,0.087596,81
H1.K14,seasonal,Spring,H,Sc,0.087529,0.087529,82
H1.K14,seasonal,Spring,V,Ah,-0.086555,0.086555,83
H1.K14,seasonal,Spring,V,H,-0.084242,0.084242,84
H1.K14,seasonal,Spring,Ah,Sc,-0.079181,0.079181,85
H1.K14,seasonal,Spring,Trl,W,0.078654,0.078654,86
H1.K14,seasonal,Spring,Tvl,Igm,-0.07564,0.07564,87
H1.K14,seasonal,Spring,Tvl,Igc,-0.073866,0.073866,88
H1.K14,seasonal,Spring,W,H,-0.072436,0.072436,89
H1.K14,seasonal,Spring,Tdiff,Sc,-0.069762,0.069762,90
H1.K14,seasonal,Spring,V,Dp,-0.069717,0.069717,91
H1.K14,seasonal,Spring,Tdiff,V,0.068568,0.068568,92
H1.K14,seasonal,Spring,W,Ah,-0.068406,0.068406,93
H1.K14,seasonal,Spring,V,Ta,-0.059831,0.059831,94
H1.K14,seasonal,Spring,Dp,Sc,-0.055832,0.055832,95
H1.K14,seasonal,Spring,W,Ta,-0.055662,0.055662,96
H1.K14,seasonal,Spring,Trl,Sc,0.055154,0.055154,97
H1.K14,seasonal,Spring,Dc,Ta,0.05499,0.05499,98
H1.K14,seasonal,Spring,W,Dp,-0.053718,0.053718,99
H1.K14,seasonal,Spring,W,Sc,0.052996,0.052996,100
H1.K14,seasonal,Spring,V,Sc,0.052956,0.052956,101
H1.K14,seasonal,Spring,P,W,0.050476,0.050476,102
H1.K14,seasonal,Spring,Trl,Dc,0.048176,0.048176,103
H1.K14,seasonal,Spring,Tvl,Ua,0.047795,0.047795,104
H1.K14,seasonal,Spring,Tvl,Dc,0.047749,0.047749,105
H1.K14,seasonal,Spring,P,V,0.043437,0.043437,106
H1.K14,seasonal,Spring,V,qv,0.041077,0.041077,107
H1.K14,seasonal,Spring,Trl,Dp,-0.037461,0.037461,108
H1.K14,seasonal,Spring,Trl,Ah,-0.035907,0.035907,109
H1.K14,seasonal,Spring,Tdiff,W,0.033321,0.033321,110
H1.K14,seasonal,Spring,Ah,Igm,-0.032838,0.032838,111
H1.K14,seasonal,Spring,Trl,Ua,-0.032344,0.032344,112
H1.K14,seasonal,Spring,Ah,Igc,-0.030898,0.030898,113
H1.K14,seasonal,Spring,Tvl,Sc,0.028279,0.028279,114
H1.K14,seasonal,Spring,Trl,H,-0.026687,0.026687,115
H1.K14,seasonal,Spring,Trl,Igc,0.024739,0.024739,116
H1.K14,seasonal,Spring,Trl,Igm,0.024002,0.024002,117
H1.K14,seasonal,Spring,Trl,rho,0.023405,0.023405,118
H1.K14,seasonal,Spring,V,Dc,0.023176,0.023176,119
H1.K14,seasonal,Spring,W,qv,0.02144,0.02144,120
H1.K14,seasonal,Spring,qv,Sc,0.020303,0.020303,121
H1.K14,seasonal,Spring,V,Ua,-0.015012,0.015012,122
H1.K14,seasonal,Spring,W,Dc,0.014977,0.014977,123
H1.K14,seasonal,Spring,Trl,Ta,-0.014835,0.014835,124
H1.K14,seasonal,Spring,Dc,Igc,-0.014396,0.014396,125
H1.K14,seasonal,Spring,Dc,Igm,-0.012393,0.012393,126
H1.K14,seasonal,Spring,qv,Dc,0.009537,0.009537,127
H1.K14,seasonal,Spring,Dp,Igm,-0.004573,0.004573,128
H1.K14,seasonal,Spring,W,Ua,-0.003746,0.003746,129
H1.K14,seasonal,Spring,Dp,Igc,-0.00319,0.00319,130
H1.K14,seasonal,Spring,P,Dc,-0.002677,0.002677,131
H1.K14,seasonal,Spring,V,Igc,0.002379,0.002379,132
H1.K14,seasonal,Spring,W,Igm,-0.00228,0.00228,133
H1.K14,seasonal,Spring,V,Igm,0.002199,0.002199,134
H1.K14,seasonal,Spring,W,Igc,-0.002068,0.002068,135
H1.K14,seasonal,Spring,Tdiff,Dc,-0.000319,0.000319,136
H1.K14,seasonal,Summer,Igc,Igm,0.99892,0.99892,1
H1.K14,seasonal,Summer,Ah,Dp,0.990053,0.990053,2
H1.K14,seasonal,Summer,V,W,0.983302,0.983302,3
H1.K14,seasonal,Summer,Ta,rho,-0.957518,0.957518,4
H1.K14,seasonal,Summer,Trl,Tvl,0.949293,0.949293,5
H1.K14,seasonal,Summer,H,rho,-0.806397,0.806397,6
H1.K14,seasonal,Summer,Ta,Ua,-0.773207,0.773207,7
H1.K14,seasonal,Summer,Dp,H,0.752169,0.752169,8
H1.K14,seasonal,Summer,H,Ta,0.735592,0.735592,9
H1.K14,seasonal,Summer,Ah,H,0.708281,0.708281,10
H1.K14,seasonal,Summer,Tvl,qv,-0.663032,0.663032,11
H1.K14,seasonal,Summer,Ua,rho,0.64861,0.64861,12
H1.K14,seasonal,Summer,P,qv,0.645212,0.645212,13
H1.K14,seasonal,Summer,Trl,qv,-0.643933,0.643933,14
H1.K14,seasonal,Summer,P,Tdiff,-0.622819,0.622819,15
H1.K14,seasonal,Summer,Igm,Ua,-0.577177,0.577177,16
H1.K14,seasonal,Summer,Ah,Ua,0.571191,0.571191,17
H1.K14,seasonal,Summer,P,Ta,0.570563,0.570563,18
H1.K14,seasonal,Summer,Igc,Ua,-0.566101,0.566101,19
H1.K14,seasonal,Summer,Igm,Ta,0.548354,0.548354,20
H1.K14,seasonal,Summer,Igc,Ta,0.537206,0.537206,21
H1.K14,seasonal,Summer,P,rho,-0.528874,0.528874,22
H1.K14,seasonal,Summer,Igm,Sc,0.512751,0.512751,23
H1.K14,seasonal,Summer,P,Igm,0.510978,0.510978,24
H1.K14,seasonal,Summer,Dp,Ua,0.510588,0.510588,25
H1.K14,seasonal,Summer,Igc,Sc,0.507091,0.507091,26
H1.K14,seasonal,Summer,P,Igc,0.506683,0.506683,27
H1.K14,seasonal,Summer,P,Ua,-0.476188,0.476188,28
H1.K14,seasonal,Summer,Igm,rho,-0.468899,0.468899,29
H1.K14,seasonal,Summer,Tdiff,Ta,-0.459935,0.459935,30
H1.K14,seasonal,Summer,P,Tvl,-0.458753,0.458753,31
H1.K14,seasonal,Summer,Igc,rho,-0.458128,0.458128,32
H1.K14,seasonal,Summer,Dc,Sc,0.43801,0.43801,33
H1.K14,seasonal,Summer,Tdiff,rho,0.424157,0.424157,34
H1.K14,seasonal,Summer,Sc,Ua,-0.422939,0.422939,35
H1.K14,seasonal,Summer,Tdiff,Ua,0.407602,0.407602,36
H1.K14,seasonal,Summer,Tdiff,Igm,-0.385643,0.385643,37
H1.K14,seasonal,Summer,Tdiff,Igc,-0.382227,0.382227,38
H1.K14,seasonal,Summer,P,H,0.377283,0.377283,39
H1.K14,seasonal,Summer,Sc,rho,-0.369427,0.369427,40
H1.K14,seasonal,Summer,Sc,Ta,0.364111,0.364111,41
H1.K14,seasonal,Summer,Tdiff,Tvl,0.30651,0.30651,42
H1.K14,seasonal,Summer,qv,Igm,0.298848,0.298848,43
H1.K14,seasonal,Summer,qv,Igc,0.297225,0.297225,44
H1.K14,seasonal,Summer,P,Sc,0.294088,0.294088,45
H1.K14,seasonal,Summer,qv,rho,-0.293492,0.293492,46
H1.K14,seasonal,Summer,qv,Ta,0.293017,0.293017,47
H1.K14,seasonal,Summer,Tdiff,V,0.292909,0.292909,48
H1.K14,seasonal,Summer,Tdiff,H,-0.282733,0.282733,49
H1.K14,seasonal,Summer,P,Trl,-0.278454,0.278454,50
H1.K14,seasonal,Summer,Tdiff,W,0.271629,0.271629,51
H1.K14,seasonal,Summer,Dp,rho,-0.257069,0.257069,52
H1.K14,seasonal,Summer,H,Igm,0.246112,0.246112,53
H1.K14,seasonal,Summer,H,Igc,0.241471,0.241471,54
H1.K14,seasonal,Summer,qv,Ua,-0.23967,0.23967,55
H1.K14,seasonal,Summer,Tdiff,Sc,-0.218373,0.218373,56
H1.K14,seasonal,Summer,qv,H,0.214299,0.214299,57
H1.K14,seasonal,Summer,qv,Sc,0.212043,0.212043,58
H1.K14,seasonal,Summer,Ah,Igm,-0.206957,0.206957,59
H1.K14,seasonal,Summer,Ah,Igc,-0.202138,0.202138,60
H1.K14,seasonal,Summer,Trl,W,-0.194153,0.194153,61
H1.K14,seasonal,Summer,Ah,rho,-0.187629,0.187629,62
H1.K14,seasonal,Summer,Ah,Sc,-0.179084,0.179084,63
H1.K14,seasonal,Summer,Dp,Igm,-0.165816,0.165816,64
H1.K14,seasonal,Summer,Tdiff,qv,-0.164886,0.164886,65
H1.K14,seasonal,Summer,Dp,Igc,-0.161662,0.161662,66
H1.K14,seasonal,Summer,H,Ua,-0.160441,0.160441,67
H1.K14,seasonal,Summer,Trl,V,-0.155443,0.155443,68
H1.K14,seasonal,Summer,Dp,Sc,-0.150627,0.150627,69
H1.K14,seasonal,Summer,Tvl,rho,0.146967,0.146967,70
H1.K14,seasonal,Summer,H,Sc,0.138292,0.138292,71
H1.K14,seasonal,Summer,Tvl,Ta,-0.133564,0.133564,72
H1.K14,seasonal,Summer,Tvl,Igm,-0.130227,0.130227,73
H1.K14,seasonal,Summer,Tvl,Igc,-0.130006,0.130006,74
H1.K14,seasonal,Summer,W,qv,0.126418,0.126418,75
H1.K14,seasonal,Summer,Tvl,Ua,0.117186,0.117186,76
H1.K14,seasonal,Summer,Dp,Ta,0.115366,0.115366,77
H1.K14,seasonal,Summer,Dc,Igm,0.108192,0.108192,78
H1.K14,seasonal,Summer,V,qv,0.105383,0.105383,79
H1.K14,seasonal,Summer,Dc,Igc,0.104771,0.104771,80
H1.K14,seasonal,Summer,Dc,Ua,-0.10364,0.10364,81
H1.K14,seasonal,Summer,Tvl,H,-0.101239,0.101239,82
H1.K14,seasonal,Summer,Tvl,W,-0.098855,0.098855,83
H1.K14,seasonal,Summer,Tvl,Sc,-0.083597,0.083597,84
H1.K14,seasonal,Summer,W,Sc,0.067287,0.067287,85
H1.K14,seasonal,Summer,Tdiff,Ah,0.062761,0.062761,86
H1.K14,seasonal,Summer,Trl,Dc,0.061297,0.061297,87
H1.K14,seasonal,Summer,Dc,Ta,0.059937,0.059937,88
H1.K14,seasonal,Summer,V,Sc,0.059024,0.059024,89
H1.K14,seasonal,Summer,Dc,rho,-0.058781,0.058781,90
H1.K14,seasonal,Summer,Tvl,V,-0.055619,0.055619,91
H1.K14,seasonal,Summer,Ah,Dc,-0.052288,0.052288,92
H1.K14,seasonal,Summer,Tdiff,Dc,-0.049393,0.049393,93
H1.K14,seasonal,Summer,V,Ua,0.047761,0.047761,94
H1.K14,seasonal,Summer,V,Ta,-0.045981,0.045981,95
H1.K14,seasonal,Summer,Dc,Dp,-0.044739,0.044739,96
H1.K14,seasonal,Summer,Ah,Ta,0.043195,0.043195,97
H1.K14,seasonal,Summer,Tvl,Dc,0.04284,0.04284,98
H1.K14,seasonal,Summer,P,Ah,-0.038953,0.038953,99
H1.K14,seasonal,Summer,V,rho,0.03682,0.03682,100
H1.K14,seasonal,Summer,P,Dc,0.036588,0.036588,101
H1.K14,seasonal,Summer,P,V,-0.034027,0.034027,102
H1.K14,seasonal,Summer,W,Igm,-0.030412,0.030412,103
H1.K14,seasonal,Summer,W,Igc,-0.030083,0.030083,104
H1.K14,seasonal,Summer,Tdiff,Dp,0.029779,0.029779,105
H1.K14,seasonal,Summer,W,Ta,-0.029723,0.029723,106
H1.K14,seasonal,Summer,V,Igm,-0.028156,0.028156,107
H1.K14,seasonal,Summer,Trl,Ah,-0.028093,0.028093,108
H1.K14,seasonal,Summer,V,Igc,-0.027854,0.027854,109
H1.K14,seasonal,Summer,W,Ua,0.026745,0.026745,110
H1.K14,seasonal,Summer,P,W,-0.022733,0.022733,111
H1.K14,seasonal,Summer,V,Ah,0.022606,0.022606,112
H1.K14,seasonal,Summer,W,rho,0.020151,0.020151,113
H1.K14,seasonal,Summer,qv,Dp,0.019721,0.019721,114
H1.K14,seasonal,Summer,Trl,Sc,-0.017172,0.017172,115
H1.K14,seasonal,Summer,V,H,-0.016958,0.016958,116
H1.K14,seasonal,Summer,Trl,rho,0.015202,0.015202,117
H1.K14,seasonal,Summer,V,Dp,0.014659,0.014659,118
H1.K14,seasonal,Summer,Trl,Dp,-0.014653,0.014653,119
H1.K14,seasonal,Summer,W,Ah,0.013323,0.013323,120
H1.K14,seasonal,Summer,Trl,H,-0.01306,0.01306,121
H1.K14,seasonal,Summer,W,H,-0.011563,0.011563,122
H1.K14,seasonal,Summer,Trl,Igc,-0.011469,0.011469,123
H1.K14,seasonal,Summer,Trl,Igm,-0.010543,0.010543,124
H1.K14,seasonal,Summer,Trl,Ta,0.010528,0.010528,125
H1.K14,seasonal,Summer,Trl,Ua,-0.010238,0.010238,126
H1.K14,seasonal,Summer,qv,Ah,0.00862,0.00862,127
H1.K14,seasonal,Summer,qv,Dc,-0.00811,0.00811,128
H1.K14,seasonal,Summer,Tvl,Ah,-0.007951,0.007951,129
H1.K14,seasonal,Summer,Dc,H,0.007497,0.007497,130
H1.K14,seasonal,Summer,V,Dc,-0.007456,0.007456,131
H1.K14,seasonal,Summer,W,Dp,0.005462,0.005462,132
H1.K14,seasonal,Summer,Tvl,Dp,-0.005328,0.005328,133
H1.K14,seasonal,Summer,Tdiff,Trl,-0.004858,0.004858,134
H1.K14,seasonal,Summer,W,Dc,-0.003973,0.003973,135
H1.K14,seasonal,Summer,P,Dp,-0.001495,0.001495,136
H1.K14,seasonal,Autumn,Igc,Igm,0.999113,0.999113,1
H1.K14,seasonal,Autumn,Ah,Dp,0.987039,0.987039,2
H1.K14,seasonal,Autumn,V,W,0.986485,0.986485,3
H1.K14,seasonal,Autumn,Trl,Tvl,0.969977,0.969977,4
H1.K14,seasonal,Autumn,H,Ta,0.953577,0.953577,5
H1.K14,seasonal,Autumn,Dp,H,0.942881,0.942881,6
H1.K14,seasonal,Autumn,Ah,H,0.924598,0.924598,7
H1.K14,seasonal,Autumn,Ta,rho,-0.917983,0.917983,8
H1.K14,seasonal,Autumn,H,rho,-0.906511,0.906511,9
H1.K14,seasonal,Autumn,Dp,Ta,0.811729,0.811729,10
H1.K14,seasonal,Autumn,Dp,rho,-0.801137,0.801137,11
H1.K14,seasonal,Autumn,Ah,Ta,0.767727,0.767727,12
H1.K14,seasonal,Autumn,Ah,rho,-0.761234,0.761234,13
H1.K14,seasonal,Autumn,Trl,qv,-0.738814,0.738814,14
H1.K14,seasonal,Autumn,Tvl,qv,-0.720329,0.720329,15
H1.K14,seasonal,Autumn,Ta,Ua,-0.65567,0.65567,16
H1.K14,seasonal,Autumn,Igm,Ua,-0.627136,0.627136,17
H1.K14,seasonal,Autumn,Igc,Ua,-0.615643,0.615643,18
H1.K14,seasonal,Autumn,Ua,rho,0.53441,0.53441,19
H1.K14,seasonal,Autumn,Igm,Ta,0.5204,0.5204,20
H1.K14,seasonal,Autumn,Igc,Ta,0.512996,0.512996,21
H1.K14,seasonal,Autumn,P,Ua,-0.479987,0.479987,22
H1.K14,seasonal,Autumn,P,qv,0.471484,0.471484,23
H1.K14,seasonal,Autumn,P,Igm,0.443399,0.443399,24
H1.K14,seasonal,Autumn,P,Tdiff,-0.442444,0.442444,25
H1.K14,seasonal,Autumn,P,Ta,0.441936,0.441936,26
H1.K14,seasonal,Autumn,P,Igc,0.4381,0.4381,27
H1.K14,seasonal,Autumn,Dc,Sc,0.431924,0.431924,28
H1.K14,seasonal,Autumn,H,Ua,-0.412742,0.412742,29
H1.K14,seasonal,Autumn,Igm,rho,-0.408852,0.408852,30
H1.K14,seasonal,Autumn,Igc,rho,-0.40205,0.40205,31
H1.K14,seasonal,Autumn,P,Tvl,-0.387446,0.387446,32
H1.K14,seasonal,Autumn,H,Igm,0.383932,0.383932,33
H1.K14,seasonal,Autumn,H,Igc,0.379654,0.379654,34
H1.K14,seasonal,Autumn,P,rho,-0.35061,0.35061,35
H1.K14,seasonal,Autumn,P,H,0.347459,0.347459,36
H1.K14,seasonal,Autumn,Sc,Ua,-0.334778,0.334778,37
H1.K14,seasonal,Autumn,Tdiff,Ta,-0.327606,0.327606,38
H1.K14,seasonal,Autumn,Igm,Sc,0.310161,0.310161,39
H1.K14,seasonal,Autumn,Igc,Sc,0.305924,0.305924,40
H1.K14,seasonal,Autumn,Tdiff,Ua,0.295153,0.295153,41
H1.K14,seasonal,Autumn,Tdiff,rho,0.293509,0.293509,42
H1.K14,seasonal,Autumn,P,Trl,-0.290527,0.290527,43
H1.K14,seasonal,Autumn,Sc,rho,-0.289827,0.289827,44
H1.K14,seasonal,Autumn,Tdiff,Igm,-0.283123,0.283123,45
H1.K14,seasonal,Autumn,Tdiff,H,-0.279926,0.279926,46
H1.K14,seasonal,Autumn,Tdiff,Igc,-0.278897,0.278897,47
H1.K14,seasonal,Autumn,qv,Ua,-0.222354,0.222354,48
H1.K14,seasonal,Autumn,Tdiff,Tvl,0.211078,0.211078,49
H1.K14,seasonal,Autumn,Tdiff,Dp,-0.200994,0.200994,50
H1.K14,seasonal,Autumn,Dp,Igm,0.196494,0.196494,51
H1.K14,seasonal,Autumn,Dp,Igc,0.196293,0.196293,52
H1.K14,seasonal,Autumn,Sc,Ta,0.191562,0.191562,53
H1.K14,seasonal,Autumn,P,Dp,0.187634,0.187634,54
H1.K14,seasonal,Autumn,Tdiff,Ah,-0.180405,0.180405,55
H1.K14,seasonal,Autumn,P,Ah,0.174383,0.174383,56
H1.K14,seasonal,Autumn,P,V,-0.170645,0.170645,57
H1.K14,seasonal,Autumn,Tdiff,Sc,-0.170474,0.170474,58
H1.K14,seasonal,Autumn,Tdiff,W,0.170063,0.170063,59
H1.K14,seasonal,Autumn,W,Ah,0.169377,0.169377,60
H1.K14,seasonal,Autumn,Tvl,Ua,0.168257,0.168257,61
H1.K14,seasonal,Autumn,Tdiff,V,0.16453,0.16453,62
H1.K14,seasonal,Autumn,Dc,rho,-0.164467,0.164467,63
H1.K14,seasonal,Autumn,Ah,Igc,0.159254,0.159254,64
H1.K14,seasonal,Autumn,Ah,Igm,0.15882,0.15882,65
H1.K14,seasonal,Autumn,W,Dp,0.15585,0.15585,66
H1.K14,seasonal,Autumn,V,Ah,0.147506,0.147506,67
H1.K14,seasonal,Autumn,Dc,Ta,0.13706,0.13706,68
H1.K14,seasonal,Autumn,qv,Igm,0.134076,0.134076,69
H1.K14,seasonal,Autumn,V,Dp,0.133572,0.133572,70
H1.K14,seasonal,Autumn,qv,Igc,0.131915,0.131915,71
H1.K14,seasonal,Autumn,P,W,-0.131854,0.131854,72
H1.K14,seasonal,Autumn,Dc,Ua,-0.129041,0.129041,73
H1.K14,seasonal,Autumn,P,Sc,0.127922,0.127922,74
H1.K14,seasonal,Autumn,Dc,H,0.120571,0.120571,75
H1.K14,seasonal,Autumn,V,Ua,0.119963,0.119963,76
H1.K14,seasonal,Autumn,W,H,0.115174,0.115174,77
H1.K14,seasonal,Autumn,Dc,Igm,0.11459,0.11459,78
H1.K14,seasonal,Autumn,H,Sc,0.112905,0.112905,79
H1.K14,seasonal,Autumn,Dc,Igc,0.112691,0.112691,80
H1.K14,seasonal,Autumn,V,Sc,0.109421,0.109421,81
H1.K14,seasonal,Autumn,W,rho,-0.107805,0.107805,82
H1.K14,seasonal,Autumn,Trl,Ua,0.103956,0.103956,83
H1.K14,seasonal,Autumn,Dp,Ua,-0.1022,0.1022,84
H1.K14,seasonal,Autumn,W,Sc,0.101342,0.101342,85
H1.K14,seasonal,Autumn,W,Ua,0.100524,0.100524,86
H1.K14,seasonal,Autumn,Dc,Dp,0.096485,0.096485,87
H1.K14,seasonal,Autumn,qv,Sc,0.092902,0.092902,88
H1.K14,seasonal,Autumn,Tdiff,Dc,-0.092718,0.092718,89
H1.K14,seasonal,Autumn,Tvl,Sc,-0.090666,0.090666,90
H1.K14,seasonal,Autumn,V,H,0.088558,0.088558,91
H1.K14,seasonal,Autumn,V,rho,-0.086748,0.086748,92
H1.K14,seasonal,Autumn,qv,Ta,0.08474,0.08474,93
H1.K14,seasonal,Autumn,Trl,Dp,0.084674,0.084674,94
H1.K14,seasonal,Autumn,Trl,W,-0.083221,0.083221,95
H1.K14,seasonal,Autumn,Ah,Dc,0.082527,0.082527,96
H1.K14,seasonal,Autumn,Tvl,rho,0.07046,0.07046,97
H1.K14,seasonal,Autumn,Tvl,Ta,-0.069229,0.069229,98
H1.K14,seasonal,Autumn,Trl,Ah,0.068564,0.068564,99
H1.K14,seasonal,Autumn,Tvl,Igm,-0.06504,0.06504,100
H1.K14,seasonal,Autumn,Tvl,Igc,-0.063049,0.063049,101
H1.K14,seasonal,Autumn,qv,Dp,-0.062747,0.062747,102
H1.K14,seasonal,Autumn,W,Ta,0.057098,0.057098,103
H1.K14,seasonal,Autumn,V,Dc,0.05585,0.05585,104
H1.K14,seasonal,Autumn,qv,Ah,-0.051829,0.051829,105
H1.K14,seasonal,Autumn,V,qv,-0.051772,0.051772,106
H1.K14,seasonal,Autumn,Trl,Sc,-0.050429,0.050429,107
H1.K14,seasonal,Autumn,P,Dc,0.049722,0.049722,108
H1.K14,seasonal,Autumn,Tvl,W,-0.04873,0.04873,109
H1.K14,seasonal,Autumn,qv,rho,-0.046612,0.046612,110
H1.K14,seasonal,Autumn,Ah,Ua,-0.045406,0.045406,111
H1.K14,seasonal,Autumn,W,Dc,0.041387,0.041387,112
H1.K14,seasonal,Autumn,Trl,V,-0.040279,0.040279,113
H1.K14,seasonal,Autumn,Tvl,Dp,0.036254,0.036254,114
H1.K14,seasonal,Autumn,Tvl,H,-0.033157,0.033157,115
H1.K14,seasonal,Autumn,Trl,H,0.032067,0.032067,116
H1.K14,seasonal,Autumn,qv,H,0.029454,0.029454,117
H1.K14,seasonal,Autumn,V,Ta,0.029355,0.029355,118
H1.K14,seasonal,Autumn,Tdiff,Trl,-0.0252,0.0252,119
H1.K14,seasonal,Autumn,Tvl,Ah,0.025079,0.025079,120
H1.K14,seasonal,Autumn,Tvl,Dc,-0.018495,0.018495,121
H1.K14,seasonal,Autumn,W,qv,0.016646,0.016646,122
H1.K14,seasonal,Autumn,Dp,Sc,0.01624,0.01624,123
H1.K14,seasonal,Autumn,V,Igc,-0.013058,0.013058,124
H1.K14,seasonal,Autumn,V,Igm,-0.012915,0.012915,125
H1.K14,seasonal,Autumn,Ah,Sc,-0.011222,0.011222,126
H1.K14,seasonal,Autumn,Tdiff,qv,-0.010964,0.010964,127
H1.K14,seasonal,Autumn,Tvl,V,-0.009245,0.009245,128
H1.K14,seasonal,Autumn,qv,Dc,-0.008613,0.008613,129
H1.K14,seasonal,Autumn,Trl,Ta,0.006007,0.006007,130
H1.K14,seasonal,Autumn,Trl,Dc,0.003649,0.003649,131
H1.K14,seasonal,Autumn,W,Igc,-0.003406,0.003406,132
H1.K14,seasonal,Autumn,W,Igm,-0.003255,0.003255,133
H1.K14,seasonal,Autumn,Trl,rho,0.002029,0.002029,134
H1.K14,seasonal,Autumn,Trl,Igc,0.001361,0.001361,135
H1.K14,seasonal,Autumn,Trl,Igm,0.000332,0.000332,136
H1.K15,seasonal,Winter,Igc,Igm,0.999017,0.999017,1
H1.K15,seasonal,Winter,V,W,0.990983,0.990983,2
H1.K15,seasonal,Winter,Ah,Dp,0.979601,0.979601,3
H1.K15,seasonal,Winter,H,Ta,0.968818,0.968818,4
H1.K15,seasonal,Winter,P,qv,0.953511,0.953511,5
H1.K15,seasonal,Winter,Ah,H,0.940929,0.940929,6
H1.K15,seasonal,Winter,Dp,H,0.939106,0.939106,7
H1.K15,seasonal,Winter,H,rho,-0.853877,0.853877,8
H1.K15,seasonal,Winter,Dp,Ta,0.844408,0.844408,9
H1.K15,seasonal,Winter,Ta,rho,-0.840724,0.840724,10
H1.K15,seasonal,Winter,Ah,Ta,0.828603,0.828603,11
H1.K15,seasonal,Winter,Tdiff,Tvl,0.779018,0.779018,12
H1.K15,seasonal,Winter,Dp,rho,-0.775085,0.775085,13
H1.K15,seasonal,Winter,Ah,rho,-0.766467,0.766467,14
H1.K15,seasonal,Winter,Trl,qv,-0.639327,0.639327,15
H1.K15,seasonal,Winter,V,qv,-0.637007,0.637007,16
H1.K15,seasonal,Winter,P,V,-0.615381,0.615381,17
H1.K15,seasonal,Winter,P,Trl,-0.600318,0.600318,18
H1.K15,seasonal,Winter,Trl,Tvl,0.573948,0.573948,19
H1.K15,seasonal,Winter,W,qv,-0.549219,0.549219,20
H1.K15,seasonal,Winter,P,W,-0.527835,0.527835,21
H1.K15,seasonal,Winter,Sc,rho,-0.502751,0.502751,22
H1.K15,seasonal,Winter,Dc,Sc,0.478647,0.478647,23
H1.K15,seasonal,Winter,Igm,Ua,-0.477417,0.477417,24
H1.K15,seasonal,Winter,Igc,Ua,-0.46835,0.46835,25
H1.K15,seasonal,Winter,Sc,Ta,0.44448,0.44448,26
H1.K15,seasonal,Winter,Trl,V,0.427003,0.427003,27
H1.K15,seasonal,Winter,H,Sc,0.39761,0.39761,28
H1.K15,seasonal,Winter,Trl,W,0.361071,0.361071,29
H1.K15,seasonal,Winter,Dp,Ua,0.34595,0.34595,30
H1.K15,seasonal,Winter,Dc,Ta,0.3426,0.3426,31
H1.K15,seasonal,Winter,Ah,Ua,0.337418,0.337418,32
H1.K15,seasonal,Winter,Dc,H,0.332968,0.332968,33
H1.K15,seasonal,Winter,Dc,Dp,0.322171,0.322171,34
H1.K15,seasonal,Winter,Dc,rho,-0.308297,0.308297,35
H1.K15,seasonal,Winter,Sc,Ua,-0.307494,0.307494,36
H1.K15,seasonal,Winter,Ah,Dc,0.288559,0.288559,37
H1.K15,seasonal,Winter,P,Tvl,-0.286808,0.286808,38
H1.K15,seasonal,Winter,Tvl,qv,-0.282298,0.282298,39
H1.K15,seasonal,Winter,Ah,Sc,0.278309,0.278309,40
H1.K15,seasonal,Winter,Dp,Sc,0.274353,0.274353,41
H1.K15,seasonal,Winter,Ta,Ua,-0.203218,0.203218,42
H1.K15,seasonal,Winter,Tdiff,qv,0.19814,0.19814,43
H1.K15,seasonal,Winter,Tvl,V,0.18087,0.18087,44
H1.K15,seasonal,Winter,P,Tdiff,0.158118,0.158118,45
H1.K15,seasonal,Winter,Igm,Ta,0.150337,0.150337,46
H1.K15,seasonal,Winter,Igm,Sc,0.147435,0.147435,47
H1.K15,seasonal,Winter,Tdiff,W,-0.145396,0.145396,48
H1.K15,seasonal,Winter,Trl,Dp,0.145239,0.145239,49
H1.K15,seasonal,Winter,Igc,Sc,0.144565,0.144565,50
H1.K15,seasonal,Winter,Igc,Ta,0.144416,0.144416,51
H1.K15,seasonal,Winter,Tdiff,V,-0.140839,0.140839,52
H1.K15,seasonal,Winter,W,Dp,0.133702,0.133702,53
H1.K15,seasonal,Winter,Tdiff,rho,0.132701,0.132701,54
H1.K15,seasonal,Winter,Tvl,W,0.132322,0.132322,55
H1.K15,seasonal,Winter,V,Dp,0.131273,0.131273,56
H1.K15,seasonal,Winter,W,Ah,0.130724,0.130724,57
H1.K15,seasonal,Winter,Dp,Igc,-0.128516,0.128516,58
H1.K15,seasonal,Winter,Dp,Igm,-0.128296,0.128296,59
H1.K15,seasonal,Winter,Tdiff,Ua,-0.127834,0.127834,60
H1.K15,seasonal,Winter,Tdiff,Dp,-0.127016,0.127016,61
H1.K15,seasonal,Winter,V,Ah,0.125774,0.125774,62
H1.K15,seasonal,Winter,Ah,Igm,-0.124443,0.124443,63
H1.K15,seasonal,Winter,Ah,Igc,-0.124431,0.124431,64
H1.K15,seasonal,Winter,Trl,Dc,0.118857,0.118857,65
H1.K15,seasonal,Winter,Trl,Ah,0.116861,0.116861,66
H1.K15,seasonal,Winter,W,H,0.107186,0.107186,67
H1.K15,seasonal,Winter,Tdiff,Ah,-0.107095,0.107095,68
H1.K15,seasonal,Winter,Trl,H,0.10563,0.10563,69
H1.K15,seasonal,Winter,V,H,0.105276,0.105276,70
H1.K15,seasonal,Winter,Trl,Ua,0.101473,0.101473,71
H1.K15,seasonal,Winter,Trl,Ta,0.094064,0.094064,72
H1.K15,seasonal,Winter,W,Ua,0.088088,0.088088,73
H1.K15,seasonal,Winter,V,Ta,0.085248,0.085248,74
H1.K15,seasonal,Winter,W,Ta,0.08428,0.08428,75
H1.K15,seasonal,Winter,V,Ua,0.082686,0.082686,76
H1.K15,seasonal,Winter,Tdiff,H,-0.08208,0.08208,77
H1.K15,seasonal,Winter,Tvl,rho,0.08094,0.08094,78
H1.K15,seasonal,Winter,W,Sc,0.077528,0.077528,79
H1.K15,seasonal,Winter,Trl,Igm,-0.076633,0.076633,80
H1.K15,seasonal,Winter,Trl,Igc,-0.076554,0.076554,81
H1.K15,seasonal,Winter,V,Sc,0.07452,0.07452,82
H1.K15,seasonal,Winter,Tdiff,Igc,0.069183,0.069183,83
H1.K15,seasonal,Winter,Tdiff,Igm,0.069074,0.069074,84
H1.K15,seasonal,Winter,qv,Dc,-0.058192,0.058192,85
H1.K15,seasonal,Winter,W,Igm,-0.057212,0.057212,86
H1.K15,seasonal,Winter,W,Igc,-0.057172,0.057172,87
H1.K15,seasonal,Winter,Ua,rho,0.055847,0.055847,88
H1.K15,seasonal,Winter,V,Igm,-0.05557,0.05557,89
H1.K15,seasonal,Winter,V,Igc,-0.055547,0.055547,90
H1.K15,seasonal,Winter,Tdiff,Ta,-0.054484,0.054484,91
H1.K15,seasonal,Winter,P,Dc,-0.051524,0.051524,92
H1.K15,seasonal,Winter,Tvl,Dc,0.051414,0.051414,93
H1.K15,seasonal,Winter,V,Dc,0.051347,0.051347,94
H1.K15,seasonal,Winter,qv,Ah,-0.050875,0.050875,95
H1.K15,seasonal,Winter,P,Igm,0.047298,0.047298,96
H1.K15,seasonal,Winter,P,Igc,0.047079,0.047079,97
H1.K15,seasonal,Winter,qv,Ua,-0.047064,0.047064,98
H1.K15,seasonal,Winter,qv,Dp,-0.044782,0.044782,99
H1.K15,seasonal,Winter,qv,Igm,0.043957,0.043957,100
H1.K15,seasonal,Winter,qv,Igc,0.043349,0.043349,101
H1.K15,seasonal,Winter,Tvl,Sc,0.042346,0.042346,102
H1.K15,seasonal,Winter,W,rho,-0.040171,0.040171,103
H1.K15,seasonal,Winter,Trl,rho,-0.038416,0.038416,104
H1.K15,seasonal,Winter,qv,Sc,-0.037663,0.037663,105
H1.K15,seasonal,Winter,Tvl,Ua,-0.037285,0.037285,106
H1.K15,seasonal,Winter,P,rho,-0.036819,0.036819,107
H1.K15,seasonal,Winter,H,Igm,0.036292,0.036292,108
H1.K15,seasonal,Winter,W,Dc,0.035914,0.035914,109
H1.K15,seasonal,Winter,Trl,Sc,0.034713,0.034713,110
H1.K15,seasonal,Winter,Dc,Ua,-0.034465,0.034465,111
H1.K15,seasonal,Winter,Tdiff,Dc,-0.033613,0.033613,112
H1.K15,seasonal,Winter,H,Igc,0.032682,0.032682,113
H1.K15,seasonal,Winter,P,Ua,-0.031664,0.031664,114
H1.K15,seasonal,Winter,qv,H,-0.031232,0.031232,115
H1.K15,seasonal,Winter,V,rho,-0.031138,0.031138,116
H1.K15,seasonal,Winter,Igm,rho,-0.029123,0.029123,117
H1.K15,seasonal,Winter,Dc,Igc,-0.026067,0.026067,118
H1.K15,seasonal,Winter,P,Ah,-0.025203,0.025203,119
H1.K15,seasonal,Winter,Dc,Igm,-0.024997,0.024997,120
H1.K15,seasonal,Winter,Igc,rho,-0.024557,0.024557,121
H1.K15,seasonal,Winter,H,Ua,0.021549,0.021549,122
H1.K15,seasonal,Winter,qv,rho,-0.020793,0.020793,123
H1.K15,seasonal,Winter,Tdiff,Sc,0.020422,0.020422,124
H1.K15,seasonal,Winter,P,Dp,-0.020032,0.020032,125
H1.K15,seasonal,Winter,P,Sc,-0.020027,0.020027,126
H1.K15,seasonal,Winter,Tdiff,Trl,-0.018154,0.018154,127
H1.K15,seasonal,Winter,Tvl,Ta,0.017946,0.017946,128
H1.K15,seasonal,Winter,qv,Ta,-0.01557,0.01557,129
H1.K15,seasonal,Winter,P,H,-0.012652,0.012652,130
H1.K15,seasonal,Winter,Tvl,Igc,0.011974,0.011974,131
H1.K15,seasonal,Winter,Tvl,Igm,0.011744,0.011744,132
H1.K15,seasonal,Winter,Tvl,Ah,-0.011008,0.011008,133
H1.K15,seasonal,Winter,Tvl,Dp,-0.0075,0.0075,134
H1.K15,seasonal,Winter,P,Ta,-0.003703,0.003703,135
H1.K15,seasonal,Winter,Tvl,H,0.002636,0.002636,136
H1.K15,seasonal,Spring,Igc,Igm,0.999067,0.999067,1
H1.K15,seasonal,Spring,V,W,0.99478,0.99478,2
H1.K15,seasonal,Spring,Ah,Dp,0.976225,0.976225,3
H1.K15,seasonal,Spring,Ta,rho,-0.924847,0.924847,4
H1.K15,seasonal,Spring,H,Ta,0.917834,0.917834,5
H1.K15,seasonal,Spring,H,rho,-0.907176,0.907176,6
H1.K15,seasonal,Spring,Dp,H,0.860814,0.860814,7
H1.K15,seasonal,Spring,Ah,H,0.843659,0.843659,8
H1.K15,seasonal,Spring,Tdiff,Tvl,0.765601,0.765601,9
H1.K15,seasonal,Spring,Dp,rho,-0.682453,0.682453,10
H1.K15,seasonal,Spring,Ah,rho,-0.635594,0.635594,11
H1.K15,seasonal,Spring,Trl,V,0.625833,0.625833,12
H1.K15,seasonal,Spring,Dp,Ta,0.609649,0.609649,13
H1.K15,seasonal,Spring,Trl,W,0.569055,0.569055,14
H1.K15,seasonal,Spring,Igm,Ua,-0.566801,0.566801,15
H1.K15,seasonal,Spring,Ah,Ta,0.561837,0.561837,16
H1.K15,seasonal,Spring,Igc,Ua,-0.556079,0.556079,17
H1.K15,seasonal,Spring,Tdiff,Trl,-0.528687,0.528687,18
H1.K15,seasonal,Spring,Ta,Ua,-0.523956,0.523956,19
H1.K15,seasonal,Spring,P,qv,0.493165,0.493165,20
H1.K15,seasonal,Spring,Trl,qv,-0.482907,0.482907,21
H1.K15,seasonal,Spring,Igm,Ta,0.476543,0.476543,22
H1.K15,seasonal,Spring,Tdiff,V,-0.474398,0.474398,23
H1.K15,seasonal,Spring,Igc,Ta,0.467881,0.467881,24
H1.K15,seasonal,Spring,qv,Ta,0.460897,0.460897,25
H1.K15,seasonal,Spring,qv,H,0.44031,0.44031,26
H1.K15,seasonal,Spring,Tdiff,W,-0.433164,0.433164,27
H1.K15,seasonal,Spring,qv,rho,-0.419357,0.419357,28
H1.K15,seasonal,Spring,Ah,Ua,0.369508,0.369508,29
H1.K15,seasonal,Spring,Igm,Sc,0.367633,0.367633,30
H1.K15,seasonal,Spring,P,Ta,0.364843,0.364843,31
H1.K15,seasonal,Spring,Igm,rho,-0.36468,0.36468,32
H1.K15,seasonal,Spring,Igc,Sc,0.362256,0.362256,33
H1.K15,seasonal,Spring,Igc,rho,-0.356622,0.356622,34
H1.K15,seasonal,Spring,Ua,rho,0.35604,0.35604,35
H1.K15,seasonal,Spring,Dp,Ua,0.33805,0.33805,36
H1.K15,seasonal,Spring,Dc,Sc,0.31828,0.31828,37
H1.K15,seasonal,Spring,P,Ua,-0.31276,0.31276,38
H1.K15,seasonal,Spring,V,qv,-0.31112,0.31112,39
H1.K15,seasonal,Spring,P,rho,-0.29932,0.29932,40
H1.K15,seasonal,Spring,Sc,Ua,-0.298276,0.298276,41
H1.K15,seasonal,Spring,H,Igm,0.294375,0.294375,42
H1.K15,seasonal,Spring,P,Igm,0.293368,0.293368,43
H1.K15,seasonal,Spring,W,qv,-0.293108,0.293108,44
H1.K15,seasonal,Spring,H,Igc,0.289618,0.289618,45
H1.K15,seasonal,Spring,P,Igc,0.288027,0.288027,46
H1.K15,seasonal,Spring,qv,Igm,0.286023,0.286023,47
H1.K15,seasonal,Spring,qv,Ah,0.285158,0.285158,48
H1.K15,seasonal,Spring,qv,Igc,0.281685,0.281685,49
H1.K15,seasonal,Spring,P,Tvl,-0.271381,0.271381,50
H1.K15,seasonal,Spring,qv,Dp,0.269612,0.269612,51
H1.K15,seasonal,Spring,Sc,rho,-0.258947,0.258947,52
H1.K15,seasonal,Spring,P,H,0.258378,0.258378,53
H1.K15,seasonal,Spring,Tdiff,qv,0.24465,0.24465,54
H1.K15,seasonal,Spring,qv,Ua,-0.242101,0.242101,55
H1.K15,seasonal,Spring,P,Tdiff,-0.2243,0.2243,56
H1.K15,seasonal,Spring,Sc,Ta,0.188914,0.188914,57
H1.K15,seasonal,Spring,Dc,Dp,0.170658,0.170658,58
H1.K15,seasonal,Spring,H,Ua,-0.165858,0.165858,59
H1.K15,seasonal,Spring,Trl,Ah,-0.153249,0.153249,60
H1.K15,seasonal,Spring,Trl,rho,0.148197,0.148197,61
H1.K15,seasonal,Spring,Ah,Dc,0.14226,0.14226,62
H1.K15,seasonal,Spring,Trl,Tvl,0.140062,0.140062,63
H1.K15,seasonal,Spring,Trl,Dp,-0.134286,0.134286,64
H1.K15,seasonal,Spring,Tdiff,Ah,0.117057,0.117057,65
H1.K15,seasonal,Spring,Dc,rho,-0.116968,0.116968,66
H1.K15,seasonal,Spring,P,Sc,0.113294,0.113294,67
H1.K15,seasonal,Spring,Trl,H,-0.112541,0.112541,68
H1.K15,seasonal,Spring,V,rho,0.108697,0.108697,69
H1.K15,seasonal,Spring,W,rho,0.108155,0.108155,70
H1.K15,seasonal,Spring,Tdiff,rho,-0.106976,0.106976,71
H1.K15,seasonal,Spring,Dc,H,0.102909,0.102909,72
H1.K15,seasonal,Spring,Tdiff,Sc,-0.098793,0.098793,73
H1.K15,seasonal,Spring,Dc,Ua,0.094734,0.094734,74
H1.K15,seasonal,Spring,Tvl,Sc,-0.094534,0.094534,75
H1.K15,seasonal,Spring,Tdiff,H,0.088343,0.088343,76
H1.K15,seasonal,Spring,H,Sc,0.087529,0.087529,77
H1.K15,seasonal,Spring,Tdiff,Dp,0.082624,0.082624,78
H1.K15,seasonal,Spring,Tvl,qv,-0.081057,0.081057,79
H1.K15,seasonal,Spring,Trl,Ua,-0.079511,0.079511,80
H1.K15,seasonal,Spring,Ah,Sc,-0.079181,0.079181,81
H1.K15,seasonal,Spring,Tvl,V,-0.078497,0.078497,82
H1.K15,seasonal,Spring,P,Dp,0.076521,0.076521,83
H1.K15,seasonal,Spring,Tvl,W,-0.073386,0.073386,84
H1.K15,seasonal,Spring,Tvl,Dc,-0.06837,0.06837,85
H1.K15,seasonal,Spring,W,H,-0.060225,0.060225,86
H1.K15,seasonal,Spring,Tdiff,Dc,-0.05789,0.05789,87
H1.K15,seasonal,Spring,V,H,-0.055891,0.055891,88
H1.K15,seasonal,Spring,Dp,Sc,-0.055832,0.055832,89
H1.K15,seasonal,Spring,Dc,Ta,0.05499,0.05499,90
H1.K15,seasonal,Spring,Trl,Ta,-0.054274,0.054274,91
H1.K15,seasonal,Spring,W,Ta,-0.053173,0.053173,92
H1.K15,seasonal,Spring,W,Ah,-0.047912,0.047912,93
H1.K15,seasonal,Spring,V,Ta,-0.046865,0.046865,94
H1.K15,seasonal,Spring,V,Ah,-0.04676,0.04676,95
H1.K15,seasonal,Spring,V,Sc,0.046322,0.046322,96
H1.K15,seasonal,Spring,P,Ah,0.045265,0.045265,97
H1.K15,seasonal,Spring,qv,Sc,0.045048,0.045048,98
H1.K15,seasonal,Spring,W,Sc,0.043795,0.043795,99
H1.K15,seasonal,Spring,Tdiff,Ta,0.042736,0.042736,100
H1.K15,seasonal,Spring,W,Dp,-0.037822,0.037822,101
H1.K15,seasonal,Spring,Tvl,Igm,-0.037566,0.037566,102
H1.K15,seasonal,Spring,Tvl,Igc,-0.036884,0.036884,103
H1.K15,seasonal,Spring,V,Dp,-0.035198,0.035198,104
H1.K15,seasonal,Spring,Ah,Igm,-0.032838,0.032838,105
H1.K15,seasonal,Spring,Tdiff,Ua,0.032667,0.032667,106
H1.K15,seasonal,Spring,Ah,Igc,-0.030898,0.030898,107
H1.K15,seasonal,Spring,Trl,Sc,0.02681,0.02681,108
H1.K15,seasonal,Spring,Tdiff,Igm,-0.023857,0.023857,109
H1.K15,seasonal,Spring,Tdiff,Igc,-0.022822,0.022822,110
H1.K15,seasonal,Spring,Tvl,Ua,-0.02164,0.02164,111
H1.K15,seasonal,Spring,Tvl,Ah,0.021461,0.021461,112
H1.K15,seasonal,Spring,Tvl,H,0.018649,0.018649,113
H1.K15,seasonal,Spring,Dc,Igc,-0.014396,0.014396,114
H1.K15,seasonal,Spring,Tvl,rho,-0.013279,0.013279,115
H1.K15,seasonal,Spring,Trl,Igc,-0.013255,0.013255,116
H1.K15,seasonal,Spring,P,Trl,-0.013143,0.013143,117
H1.K15,seasonal,Spring,qv,Dc,-0.012621,0.012621,118
H1.K15,seasonal,Spring,Trl,Igm,-0.012568,0.012568,119
H1.K15,seasonal,Spring,Dc,Igm,-0.012393,0.012393,120
H1.K15,seasonal,Spring,W,Igm,-0.009984,0.009984,121
H1.K15,seasonal,Spring,W,Igc,-0.009747,0.009747,122
H1.K15,seasonal,Spring,W,Ua,0.009453,0.009453,123
H1.K15,seasonal,Spring,Tvl,Ta,0.009328,0.009328,124
H1.K15,seasonal,Spring,V,Igm,-0.00759,0.00759,125
H1.K15,seasonal,Spring,V,Igc,-0.00736,0.00736,126
H1.K15,seasonal,Spring,V,Ua,0.005252,0.005252,127
H1.K15,seasonal,Spring,Dp,Igm,-0.004573,0.004573,128
H1.K15,seasonal,Spring,Tvl,Dp,-0.004239,0.004239,129
H1.K15,seasonal,Spring,Dp,Igc,-0.00319,0.00319,130
H1.K15,seasonal,Spring,P,W,-0.002873,0.002873,131
H1.K15,seasonal,Spring,W,Dc,-0.002512,0.002512,132
H1.K15,seasonal,Spring,P,V,-0.002364,0.002364,133
H1.K15,seasonal,Spring,P,Dc,0.001967,0.001967,134
H1.K15,seasonal,Spring,Trl,Dc,-0.001462,0.001462,135
H1.K15,seasonal,Spring,V,Dc,0.00036,0.00036,136
H1.K15,seasonal,Summer,Igc,Igm,0.99892,0.99892,1
H1.K15,seasonal,Summer,V,W,0.998461,0.998461,2
H1.K15,seasonal,Summer,Ah,Dp,0.990053,0.990053,3
H1.K15,seasonal,Summer,Ta,rho,-0.957518,0.957518,4
H1.K15,seasonal,Summer,P,qv,0.811399,0.811399,5
H1.K15,seasonal,Summer,H,rho,-0.806397,0.806397,6
H1.K15,seasonal,Summer,Ta,Ua,-0.773207,0.773207,7
H1.K15,seasonal,Summer,Dp,H,0.752169,0.752169,8
H1.K15,seasonal,Summer,H,Ta,0.735592,0.735592,9
H1.K15,seasonal,Summer,Ah,H,0.708281,0.708281,10
H1.K15,seasonal,Summer,Tdiff,Trl,-0.691756,0.691756,11
H1.K15,seasonal,Summer,P,Ta,0.690487,0.690487,12
H1.K15,seasonal,Summer,Trl,qv,-0.667627,0.667627,13
H1.K15,seasonal,Summer,P,rho,-0.660015,0.660015,14
H1.K15,seasonal,Summer,Ua,rho,0.64861,0.64861,15
H1.K15,seasonal,Summer,Tvl,V,-0.609187,0.609187,16
H1.K15,seasonal,Summer,Tdiff,Tvl,0.594524,0.594524,17
H1.K15,seasonal,Summer,Tvl,W,-0.592605,0.592605,18
H1.K15,seasonal,Summer,Igm,Ua,-0.577177,0.577177,19
H1.K15,seasonal,Summer,Ah,Ua,0.571191,0.571191,20
H1.K15,seasonal,Summer,Igc,Ua,-0.566101,0.566101,21
H1.K15,seasonal,Summer,P,H,0.553717,0.553717,22
H1.K15,seasonal,Summer,Igm,Ta,0.548354,0.548354,23
H1.K15,seasonal,Summer,qv,Ta,0.537995,0.537995,24
H1.K15,seasonal,Summer,Igc,Ta,0.537206,0.537206,25
H1.K15,seasonal,Summer,qv,rho,-0.519796,0.519796,26
H1.K15,seasonal,Summer,Igm,Sc,0.512751,0.512751,27
H1.K15,seasonal,Summer,Dp,Ua,0.510588,0.510588,28
H1.K15,seasonal,Summer,Igc,Sc,0.507091,0.507091,29
H1.K15,seasonal,Summer,P,Ua,-0.502325,0.502325,30
H1.K15,seasonal,Summer,Tdiff,qv,0.493519,0.493519,31
H1.K15,seasonal,Summer,qv,H,0.478877,0.478877,32
H1.K15,seasonal,Summer,Igm,rho,-0.468899,0.468899,33
H1.K15,seasonal,Summer,P,Trl,-0.465865,0.465865,34
H1.K15,seasonal,Summer,Igc,rho,-0.458128,0.458128,35
H1.K15,seasonal,Summer,Dc,Sc,0.43801,0.43801,36
H1.K15,seasonal,Summer,Tdiff,V,-0.429143,0.429143,37
H1.K15,seasonal,Summer,Tdiff,W,-0.423629,0.423629,38
H1.K15,seasonal,Summer,Sc,Ua,-0.422939,0.422939,39
H1.K15,seasonal,Summer,P,Tvl,-0.417275,0.417275,40
H1.K15,seasonal,Summer,P,Igm,0.369614,0.369614,41
H1.K15,seasonal,Summer,Sc,rho,-0.369427,0.369427,42
H1.K15,seasonal,Summer,Sc,Ta,0.364111,0.364111,43
H1.K15,seasonal,Summer,P,Igc,0.362538,0.362538,44
H1.K15,seasonal,Summer,qv,Ua,-0.345434,0.345434,45
H1.K15,seasonal,Summer,qv,Igm,0.283307,0.283307,46
H1.K15,seasonal,Summer,qv,Igc,0.278079,0.278079,47
H1.K15,seasonal,Summer,Dp,rho,-0.257069,0.257069,48
H1.K15,seasonal,Summer,P,Sc,0.251767,0.251767,49
H1.K15,seasonal,Summer,H,Igm,0.246112,0.246112,50
H1.K15,seasonal,Summer,H,Igc,0.241471,0.241471,51
H1.K15,seasonal,Summer,Ah,Igm,-0.206957,0.206957,52
H1.K15,seasonal,Summer,Ah,Igc,-0.202138,0.202138,53
H1.K15,seasonal,Summer,Ah,rho,-0.187629,0.187629,54
H1.K15,seasonal,Summer,Tvl,Ta,-0.187444,0.187444,55
H1.K15,seasonal,Summer,Trl,Ta,-0.184539,0.184539,56
H1.K15,seasonal,Summer,qv,Sc,0.18425,0.18425,57
H1.K15,seasonal,Summer,qv,Dp,0.182063,0.182063,58
H1.K15,seasonal,Summer,Tvl,rho,0.180113,0.180113,59
H1.K15,seasonal,Summer,Ah,Sc,-0.179084,0.179084,60
H1.K15,seasonal,Summer,Trl,H,-0.17734,0.17734,61
H1.K15,seasonal,Summer,Trl,Tvl,0.168521,0.168521,62
H1.K15,seasonal,Summer,Trl,rho,0.166348,0.166348,63
H1.K15,seasonal,Summer,Dp,Igm,-0.165816,0.165816,64
H1.K15,seasonal,Summer,Tvl,H,-0.161999,0.161999,65
H1.K15,seasonal,Summer,Dp,Igc,-0.161662,0.161662,66
H1.K15,seasonal,Summer,H,Ua,-0.160441,0.160441,67
H1.K15,seasonal,Summer,Dp,Sc,-0.150627,0.150627,68
H1.K15,seasonal,Summer,qv,Ah,0.147234,0.147234,69
H1.K15,seasonal,Summer,P,Dp,0.139064,0.139064,70
H1.K15,seasonal,Summer,H,Sc,0.138292,0.138292,71
H1.K15,seasonal,Summer,Tvl,Ua,0.137669,0.137669,72
H1.K15,seasonal,Summer,Trl,Igm,-0.115917,0.115917,73
H1.K15,seasonal,Summer,Dp,Ta,0.115366,0.115366,74
H1.K15,seasonal,Summer,Trl,Igc,-0.113982,0.113982,75
H1.K15,seasonal,Summer,Tvl,Sc,-0.110849,0.110849,76
H1.K15,seasonal,Summer,Dc,Igm,0.108192,0.108192,77
H1.K15,seasonal,Summer,Dc,Igc,0.104771,0.104771,78
H1.K15,seasonal,Summer,Dc,Ua,-0.10364,0.10364,79
H1.K15,seasonal,Summer,W,qv,-0.100656,0.100656,80
H1.K15,seasonal,Summer,Trl,Ua,0.098787,0.098787,81
H1.K15,seasonal,Summer,P,Ah,0.098179,0.098179,82
H1.K15,seasonal,Summer,V,qv,-0.094751,0.094751,83
H1.K15,seasonal,Summer,Trl,Dp,-0.083464,0.083464,84
H1.K15,seasonal,Summer,Tvl,Igm,-0.08073,0.08073,85
H1.K15,seasonal,Summer,Trl,Sc,-0.079551,0.079551,86
H1.K15,seasonal,Summer,Tvl,Igc,-0.078804,0.078804,87
H1.K15,seasonal,Summer,P,Tdiff,0.074544,0.074544,88
H1.K15,seasonal,Summer,P,V,0.072534,0.072534,89
H1.K15,seasonal,Summer,Trl,Ah,-0.070806,0.070806,90
H1.K15,seasonal,Summer,Tvl,qv,-0.070739,0.070739,91
H1.K15,seasonal,Summer,W,Sc,0.067896,0.067896,92
H1.K15,seasonal,Summer,V,Sc,0.06669,0.06669,93
H1.K15,seasonal,Summer,qv,Dc,0.064951,0.064951,94
H1.K15,seasonal,Summer,P,W,0.060989,0.060989,95
H1.K15,seasonal,Summer,Trl,Dc,-0.060079,0.060079,96
H1.K15,seasonal,Summer,Dc,Ta,0.059937,0.059937,97
H1.K15,seasonal,Summer,Dc,rho,-0.058781,0.058781,98
H1.K15,seasonal,Summer,Tvl,Dp,-0.053562,0.053562,99
H1.K15,seasonal,Summer,P,Dc,0.053135,0.053135,100
H1.K15,seasonal,Summer,Ah,Dc,-0.052288,0.052288,101
H1.K15,seasonal,Summer,Tvl,Ah,-0.044936,0.044936,102
H1.K15,seasonal,Summer,Dc,Dp,-0.044739,0.044739,103
H1.K15,seasonal,Summer,Ah,Ta,0.043195,0.043195,104
H1.K15,seasonal,Summer,Tdiff,Igm,0.035421,0.035421,105
H1.K15,seasonal,Summer,Tdiff,Igc,0.035217,0.035217,106
H1.K15,seasonal,Summer,Tdiff,Dp,0.030099,0.030099,107
H1.K15,seasonal,Summer,W,Igm,-0.02945,0.02945,108
H1.K15,seasonal,Summer,W,Igc,-0.029109,0.029109,109
H1.K15,seasonal,Summer,Tdiff,Dc,0.028308,0.028308,110
H1.K15,seasonal,Summer,Tdiff,H,0.027559,0.027559,111
H1.K15,seasonal,Summer,Tvl,Dc,-0.027507,0.027507,112
H1.K15,seasonal,Summer,V,Igm,-0.026618,0.026618,113
H1.K15,seasonal,Summer,V,Igc,-0.026274,0.026274,114
H1.K15,seasonal,Summer,Tdiff,Ah,0.026128,0.026128,115
H1.K15,seasonal,Summer,Trl,V,-0.023471,0.023471,116
H1.K15,seasonal,Summer,Tdiff,Ua,0.020213,0.020213,117
H1.K15,seasonal,Summer,W,Ta,-0.017952,0.017952,118
H1.K15,seasonal,Summer,Tdiff,Sc,-0.016193,0.016193,119
H1.K15,seasonal,Summer,Trl,W,-0.015244,0.015244,120
H1.K15,seasonal,Summer,Tdiff,Ta,0.014179,0.014179,121
H1.K15,seasonal,Summer,V,H,-0.014072,0.014072,122
H1.K15,seasonal,Summer,V,Dp,-0.013639,0.013639,123
H1.K15,seasonal,Summer,V,Ta,-0.013212,0.013212,124
H1.K15,seasonal,Summer,W,rho,0.012156,0.012156,125
H1.K15,seasonal,Summer,V,rho,0.010823,0.010823,126
H1.K15,seasonal,Summer,W,Ua,0.010322,0.010322,127
H1.K15,seasonal,Summer,W,H,-0.010137,0.010137,128
H1.K15,seasonal,Summer,Dc,H,0.007497,0.007497,129
H1.K15,seasonal,Summer,V,Ah,-0.007349,0.007349,130
H1.K15,seasonal,Summer,Tdiff,rho,-0.005003,0.005003,131
H1.K15,seasonal,Summer,W,Dp,-0.003616,0.003616,132
H1.K15,seasonal,Summer,W,Ah,0.003289,0.003289,133
H1.K15,seasonal,Summer,V,Dc,0.002709,0.002709,134
H1.K15,seasonal,Summer,W,Dc,0.00246,0.00246,135
H1.K15,seasonal,Summer,V,Ua,0.000101,0.000101,136
H1.K15,seasonal,Autumn,Igc,Igm,0.999113,0.999113,1
H1.K15,seasonal,Autumn,V,W,0.997081,0.997081,2
H1.K15,seasonal,Autumn,Ah,Dp,0.987039,0.987039,3
H1.K15,seasonal,Autumn,H,Ta,0.953577,0.953577,4
H1.K15,seasonal,Autumn,Dp,H,0.942881,0.942881,5
H1.K15,seasonal,Autumn,Ah,H,0.924598,0.924598,6
H1.K15,seasonal,Autumn,Ta,rho,-0.917983,0.917983,7
H1.K15,seasonal,Autumn,H,rho,-0.906511,0.906511,8
H1.K15,seasonal,Autumn,Dp,Ta,0.811729,0.811729,9
H1.K15,seasonal,Autumn,Dp,rho,-0.801137,0.801137,10
H1.K15,seasonal,Autumn,Tdiff,Tvl,0.768571,0.768571,11
H1.K15,seasonal,Autumn,Ah,Ta,0.767727,0.767727,12
H1.K15,seasonal,Autumn,Ah,rho,-0.761234,0.761234,13
H1.K15,seasonal,Autumn,Ta,Ua,-0.65567,0.65567,14
H1.K15,seasonal,Autumn,Igm,Ua,-0.627136,0.627136,15
H1.K15,seasonal,Autumn,Igc,Ua,-0.615643,0.615643,16
H1.K15,seasonal,Autumn,Trl,Tvl,0.571944,0.571944,17
H1.K15,seasonal,Autumn,P,Ta,0.557714,0.557714,18
H1.K15,seasonal,Autumn,Ua,rho,0.53441,0.53441,19
H1.K15,seasonal,Autumn,Igm,Ta,0.5204,0.5204,20
H1.K15,seasonal,Autumn,Igc,Ta,0.512996,0.512996,21
H1.K15,seasonal,Autumn,P,H,0.511666,0.511666,22
H1.K15,seasonal,Autumn,P,Trl,-0.502176,0.502176,23
H1.K15,seasonal,Autumn,P,rho,-0.482996,0.482996,24
H1.K15,seasonal,Autumn,P,Ua,-0.445027,0.445027,25
H1.K15,seasonal,Autumn,Tvl,H,-0.437433,0.437433,26
H1.K15,seasonal,Autumn,Dc,Sc,0.431924,0.431924,27
H1.K15,seasonal,Autumn,Tvl,Ta,-0.417929,0.417929,28
H1.K15,seasonal,Autumn,H,Ua,-0.412742,0.412742,29
H1.K15,seasonal,Autumn,Igm,rho,-0.408852,0.408852,30
H1.K15,seasonal,Autumn,Tvl,Ah,-0.402811,0.402811,31
H1.K15,seasonal,Autumn,P,Tvl,-0.402367,0.402367,32
H1.K15,seasonal,Autumn,Igc,rho,-0.40205,0.40205,33
H1.K15,seasonal,Autumn,Tvl,Dp,-0.40091,0.40091,34
H1.K15,seasonal,Autumn,P,Igm,0.392176,0.392176,35
H1.K15,seasonal,Autumn,P,Igc,0.386482,0.386482,36
H1.K15,seasonal,Autumn,H,Igm,0.383932,0.383932,37
H1.K15,seasonal,Autumn,Tvl,rho,0.380495,0.380495,38
H1.K15,seasonal,Autumn,H,Igc,0.379654,0.379654,39
H1.K15,seasonal,Autumn,P,Ah,0.375774,0.375774,40
H1.K15,seasonal,Autumn,P,Dp,0.374626,0.374626,41
H1.K15,seasonal,Autumn,Tdiff,Ta,-0.359981,0.359981,42
H1.K15,seasonal,Autumn,Tdiff,H,-0.35685,0.35685,43
H1.K15,seasonal,Autumn,Tdiff,rho,0.336011,0.336011,44
H1.K15,seasonal,Autumn,Sc,Ua,-0.334778,0.334778,45
H1.K15,seasonal,Autumn,Tvl,W,-0.329308,0.329308,46
H1.K15,seasonal,Autumn,Tvl,V,-0.323109,0.323109,47
H1.K15,seasonal,Autumn,Tdiff,Dp,-0.31473,0.31473,48
H1.K15,seasonal,Autumn,Igm,Sc,0.310161,0.310161,49
H1.K15,seasonal,Autumn,Tdiff,Ah,-0.30599,0.30599,50
H1.K15,seasonal,Autumn,Igc,Sc,0.305924,0.305924,51
H1.K15,seasonal,Autumn,Sc,rho,-0.289827,0.289827,52
H1.K15,seasonal,Autumn,Trl,V,-0.27743,0.27743,53
H1.K15,seasonal,Autumn,Trl,W,-0.262426,0.262426,54
H1.K15,seasonal,Autumn,P,qv,0.241191,0.241191,55
H1.K15,seasonal,Autumn,Trl,qv,-0.240335,0.240335,56
H1.K15,seasonal,Autumn,Trl,Ah,-0.228489,0.228489,57
H1.K15,seasonal,Autumn,qv,Ta,0.222576,0.222576,58
H1.K15,seasonal,Autumn,Trl,H,-0.21732,0.21732,59
H1.K15,seasonal,Autumn,Trl,Dp,-0.214291,0.214291,60
H1.K15,seasonal,Autumn,qv,H,0.208586,0.208586,61
H1.K15,seasonal,Autumn,Tdiff,Ua,0.207425,0.207425,62
H1.K15,seasonal,Autumn,Tvl,Ua,0.196654,0.196654,63
H1.K15,seasonal,Autumn,Dp,Igm,0.196494,0.196494,64
H1.K15,seasonal,Autumn,Tdiff,W,-0.196413,0.196413,65
H1.K15,seasonal,Autumn,Dp,Igc,0.196293,0.196293,66
H1.K15,seasonal,Autumn,Sc,Ta,0.191562,0.191562,67
H1.K15,seasonal,Autumn,Tvl,Igm,-0.19086,0.19086,68
H1.K15,seasonal,Autumn,qv,rho,-0.189593,0.189593,69
H1.K15,seasonal,Autumn,Tvl,Igc,-0.188963,0.188963,70
H1.K15,seasonal,Autumn,Trl,Ta,-0.183827,0.183827,71
H1.K15,seasonal,Autumn,Tdiff,V,-0.177358,0.177358,72
H1.K15,seasonal,Autumn,V,Ah,0.176151,0.176151,73
H1.K15,seasonal,Autumn,W,Ah,0.175526,0.175526,74
H1.K15,seasonal,Autumn,qv,Ua,-0.16671,0.16671,75
H1.K15,seasonal,Autumn,Dc,rho,-0.164467,0.164467,76
H1.K15,seasonal,Autumn,V,Dp,0.162475,0.162475,77
H1.K15,seasonal,Autumn,W,Dp,0.162049,0.162049,78
H1.K15,seasonal,Autumn,Tvl,qv,-0.159503,0.159503,79
H1.K15,seasonal,Autumn,Ah,Igc,0.159254,0.159254,80
H1.K15,seasonal,Autumn,Ah,Igm,0.15882,0.15882,81
H1.K15,seasonal,Autumn,qv,Ah,0.158774,0.158774,82
H1.K15,seasonal,Autumn,qv,Dp,0.156008,0.156008,83
H1.K15,seasonal,Autumn,Trl,rho,0.154914,0.154914,84
H1.K15,seasonal,Autumn,qv,Igm,0.153874,0.153874,85
H1.K15,seasonal,Autumn,qv,Igc,0.151522,0.151522,86
H1.K15,seasonal,Autumn,Dc,Ta,0.13706,0.13706,87
H1.K15,seasonal,Autumn,Dc,Ua,-0.129041,0.129041,88
H1.K15,seasonal,Autumn,Trl,Igm,-0.128824,0.128824,89
H1.K15,seasonal,Autumn,Trl,Igc,-0.128555,0.128555,90
H1.K15,seasonal,Autumn,Tdiff,Igm,-0.127809,0.127809,91
H1.K15,seasonal,Autumn,Tdiff,Igc,-0.125679,0.125679,92
H1.K15,seasonal,Autumn,W,H,0.122366,0.122366,93
H1.K15,seasonal,Autumn,V,H,0.121802,0.121802,94
H1.K15,seasonal,Autumn,Dc,H,0.120571,0.120571,95
H1.K15,seasonal,Autumn,Dc,Igm,0.11459,0.11459,96
H1.K15,seasonal,Autumn,H,Sc,0.112905,0.112905,97
H1.K15,seasonal,Autumn,Dc,Igc,0.112691,0.112691,98
H1.K15,seasonal,Autumn,W,rho,-0.106048,0.106048,99
H1.K15,seasonal,Autumn,Dp,Ua,-0.1022,0.1022,100
H1.K15,seasonal,Autumn,V,rho,-0.100863,0.100863,101
H1.K15,seasonal,Autumn,P,Tdiff,-0.099146,0.099146,102
H1.K15,seasonal,Autumn,V,Ua,0.097599,0.097599,103
H1.K15,seasonal,Autumn,Dc,Dp,0.096485,0.096485,104
H1.K15,seasonal,Autumn,W,Ua,0.094844,0.094844,105
H1.K15,seasonal,Autumn,W,Sc,0.085744,0.085744,106
H1.K15,seasonal,Autumn,Ah,Dc,0.082527,0.082527,107
H1.K15,seasonal,Autumn,Tdiff,Trl,-0.082405,0.082405,108
H1.K15,seasonal,Autumn,V,Sc,0.076355,0.076355,109
H1.K15,seasonal,Autumn,P,V,0.070294,0.070294,110
H1.K15,seasonal,Autumn,P,Sc,0.066836,0.066836,111
H1.K15,seasonal,Autumn,W,Ta,0.064955,0.064955,112
H1.K15,seasonal,Autumn,V,Ta,0.063847,0.063847,113
H1.K15,seasonal,Autumn,P,W,0.062546,0.062546,114
H1.K15,seasonal,Autumn,V,qv,0.057859,0.057859,115
H1.K15,seasonal,Autumn,W,qv,0.055283,0.055283,116
H1.K15,seasonal,Autumn,Trl,Dc,0.049982,0.049982,117
H1.K15,seasonal,Autumn,P,Dc,0.049152,0.049152,118
H1.K15,seasonal,Autumn,Ah,Ua,-0.045406,0.045406,119
H1.K15,seasonal,Autumn,Trl,Ua,0.039262,0.039262,120
H1.K15,seasonal,Autumn,W,Dc,0.027007,0.027007,121
H1.K15,seasonal,Autumn,Tdiff,Dc,-0.026442,0.026442,122
H1.K15,seasonal,Autumn,qv,Dc,-0.026113,0.026113,123
H1.K15,seasonal,Autumn,Trl,Sc,0.025543,0.025543,124
H1.K15,seasonal,Autumn,Tdiff,Sc,-0.021955,0.021955,125
H1.K15,seasonal,Autumn,V,Dc,0.021101,0.021101,126
H1.K15,seasonal,Autumn,Dp,Sc,0.01624,0.01624,127
H1.K15,seasonal,Autumn,Ah,Sc,-0.011222,0.011222,128
H1.K15,seasonal,Autumn,qv,Sc,0.011171,0.011171,129
H1.K15,seasonal,Autumn,Tdiff,qv,-0.010586,0.010586,130
H1.K15,seasonal,Autumn,Tvl,Dc,0.008888,0.008888,131
H1.K15,seasonal,Autumn,V,Igm,0.003615,0.003615,132
H1.K15,seasonal,Autumn,V,Igc,0.003454,0.003454,133
H1.K15,seasonal,Autumn,Tvl,Sc,-0.003272,0.003272,134
H1.K15,seasonal,Autumn,W,Igm,0.002364,0.002364,135
H1.K15,seasonal,Autumn,W,Igc,0.002208,0.002208,136
H1.K16,seasonal,Winter,Igc,Igm,0.998968,0.998968,1
H1.K16,seasonal,Winter,Ah,Dp,0.983584,0.983584,2
H1.K16,seasonal,Winter,H,Ta,0.968402,0.968402,3
H1.K16,seasonal,Winter,V,W,0.968008,0.968008,4
H1.K16,seasonal,Winter,Dp,H,0.944404,0.944404,5
H1.K16,seasonal,Winter,Ah,H,0.938255,0.938255,6
H1.K16,seasonal,Winter,Trl,Tvl,0.874402,0.874402,7
H1.K16,seasonal,Winter,W,qv,-0.853757,0.853757,8
H1.K16,seasonal,Winter,H,rho,-0.851323,0.851323,9
H1.K16,seasonal,Winter,Dp,Ta,0.848407,0.848407,10
H1.K16,seasonal,Winter,Ta,rho,-0.834518,0.834518,11
H1.K16,seasonal,Winter,Ah,Ta,0.823237,0.823237,12
H1.K16,seasonal,Winter,Tdiff,qv,0.813556,0.813556,13
H1.K16,seasonal,Winter,Dp,rho,-0.78219,0.78219,14
H1.K16,seasonal,Winter,Ah,rho,-0.7655,0.7655,15
H1.K16,seasonal,Winter,V,qv,-0.752305,0.752305,16
H1.K16,seasonal,Winter,Tdiff,W,-0.705195,0.705195,17
H1.K16,seasonal,Winter,Tdiff,V,-0.570167,0.570167,18
H1.K16,seasonal,Winter,Sc,rho,-0.514721,0.514721,19
H1.K16,seasonal,Winter,Dc,Sc,0.49935,0.49935,20
H1.K16,seasonal,Winter,Igm,Ua,-0.467247,0.467247,21
H1.K16,seasonal,Winter,Sc,Ta,0.458601,0.458601,22
H1.K16,seasonal,Winter,Igc,Ua,-0.457803,0.457803,23
H1.K16,seasonal,Winter,Tdiff,Tvl,0.432388,0.432388,24
H1.K16,seasonal,Winter,H,Sc,0.421019,0.421019,25
H1.K16,seasonal,Winter,Dp,Sc,0.318684,0.318684,26
H1.K16,seasonal,Winter,Dc,Ta,0.316473,0.316473,27
H1.K16,seasonal,Winter,Ah,Sc,0.310367,0.310367,28
H1.K16,seasonal,Winter,Dc,H,0.300416,0.300416,29
H1.K16,seasonal,Winter,Sc,Ua,-0.300284,0.300284,30
H1.K16,seasonal,Winter,Ta,Ua,-0.296874,0.296874,31
H1.K16,seasonal,Winter,P,Trl,-0.285374,0.285374,32
H1.K16,seasonal,Winter,P,Tvl,-0.283149,0.283149,33
H1.K16,seasonal,Winter,Dc,rho,-0.273698,0.273698,34
H1.K16,seasonal,Winter,Dc,Dp,0.272231,0.272231,35
H1.K16,seasonal,Winter,Ah,Ua,0.261756,0.261756,36
H1.K16,seasonal,Winter,Ah,Dc,0.248061,0.248061,37
H1.K16,seasonal,Winter,Dp,Ua,0.245925,0.245925,38
H1.K16,seasonal,Winter,Trl,W,0.245855,0.245855,39
H1.K16,seasonal,Winter,Trl,qv,-0.240745,0.240745,40
H1.K16,seasonal,Winter,Trl,V,0.209152,0.209152,41
H1.K16,seasonal,Winter,Igm,Ta,0.191968,0.191968,42
H1.K16,seasonal,Winter,Igc,Ta,0.18586,0.18586,43
H1.K16,seasonal,Winter,Tvl,qv,0.177565,0.177565,44
H1.K16,seasonal,Winter,Igm,Sc,0.136469,0.136469,45
H1.K16,seasonal,Winter,Igc,Sc,0.133628,0.133628,46
H1.K16,seasonal,Winter,Trl,Ah,0.131376,0.131376,47
H1.K16,seasonal,Winter,Tvl,W,-0.11993,0.11993,48
H1.K16,seasonal,Winter,Ua,rho,0.118665,0.118665,49
H1.K16,seasonal,Winter,Trl,Dp,0.118087,0.118087,50
H1.K16,seasonal,Winter,Trl,H,0.114992,0.114992,51
H1.K16,seasonal,Winter,Dc,Ua,-0.114364,0.114364,52
H1.K16,seasonal,Winter,P,qv,0.108188,0.108188,53
H1.K16,seasonal,Winter,Trl,Ta,0.098872,0.098872,54
H1.K16,seasonal,Winter,P,W,-0.088313,0.088313,55
H1.K16,seasonal,Winter,Tvl,V,-0.087946,0.087946,56
H1.K16,seasonal,Winter,Tvl,Ah,0.087819,0.087819,57
H1.K16,seasonal,Winter,W,Ah,0.087055,0.087055,58
H1.K16,seasonal,Winter,Tvl,Dp,0.085242,0.085242,59
H1.K16,seasonal,Winter,Ah,Igc,-0.083757,0.083757,60
H1.K16,seasonal,Winter,Ah,Igm,-0.083604,0.083604,61
H1.K16,seasonal,Winter,W,Sc,0.0824,0.0824,62
H1.K16,seasonal,Winter,H,Igm,0.080158,0.080158,63
H1.K16,seasonal,Winter,Tvl,H,0.078864,0.078864,64
H1.K16,seasonal,Winter,P,V,-0.076387,0.076387,65
H1.K16,seasonal,Winter,W,Dp,0.076364,0.076364,66
H1.K16,seasonal,Winter,H,Igc,0.076325,0.076325,67
H1.K16,seasonal,Winter,V,Ah,0.0758,0.0758,68
H1.K16,seasonal,Winter,Dp,Igc,-0.074731,0.074731,69
H1.K16,seasonal,Winter,Dp,Igm,-0.074276,0.074276,70
H1.K16,seasonal,Winter,Tvl,Ta,0.07118,0.07118,71
H1.K16,seasonal,Winter,V,Dc,-0.07038,0.07038,72
H1.K16,seasonal,Winter,H,Ua,-0.069789,0.069789,73
H1.K16,seasonal,Winter,V,Sc,0.067535,0.067535,74
H1.K16,seasonal,Winter,V,Dp,0.067306,0.067306,75
H1.K16,seasonal,Winter,Tdiff,Ah,-0.065318,0.065318,76
H1.K16,seasonal,Winter,qv,Dc,0.064835,0.064835,77
H1.K16,seasonal,Winter,W,H,0.063841,0.063841,78
H1.K16,seasonal,Winter,Tdiff,Trl,-0.058381,0.058381,79
H1.K16,seasonal,Winter,P,Tdiff,-0.057089,0.057089,80
H1.K16,seasonal,Winter,Tvl,Sc,-0.05676,0.05676,81
H1.K16,seasonal,Winter,Igm,rho,-0.05428,0.05428,82
H1.K16,seasonal,Winter,V,Ua,0.053792,0.053792,83
H1.K16,seasonal,Winter,Tdiff,Sc,-0.053508,0.053508,84
H1.K16,seasonal,Winter,Tdiff,H,-0.052719,0.052719,85
H1.K16,seasonal,Winter,V,H,0.052163,0.052163,86
H1.K16,seasonal,Winter,Igc,rho,-0.049628,0.049628,87
H1.K16,seasonal,Winter,W,Dc,-0.047956,0.047956,88
H1.K16,seasonal,Winter,W,Ua,0.047196,0.047196,89
H1.K16,seasonal,Winter,qv,Sc,-0.047066,0.047066,90
H1.K16,seasonal,Winter,Tdiff,Dp,-0.045537,0.045537,91
H1.K16,seasonal,Winter,Trl,Ua,0.044955,0.044955,92
H1.K16,seasonal,Winter,P,rho,-0.042975,0.042975,93
H1.K16,seasonal,Winter,W,Ta,0.042678,0.042678,94
H1.K16,seasonal,Winter,Tvl,Ua,0.04124,0.04124,95
H1.K16,seasonal,Winter,qv,Ah,-0.041038,0.041038,96
H1.K16,seasonal,Winter,Tdiff,Ta,-0.038039,0.038039,97
H1.K16,seasonal,Winter,Trl,Sc,-0.033892,0.033892,98
H1.K16,seasonal,Winter,qv,Ua,-0.032119,0.032119,99
H1.K16,seasonal,Winter,V,Ta,0.031337,0.031337,100
H1.K16,seasonal,Winter,V,rho,-0.030741,0.030741,101
H1.K16,seasonal,Winter,W,rho,-0.030221,0.030221,102
H1.K16,seasonal,Winter,W,Igm,-0.028624,0.028624,103
H1.K16,seasonal,Winter,W,Igc,-0.028616,0.028616,104
H1.K16,seasonal,Winter,Tdiff,Igc,0.028536,0.028536,105
H1.K16,seasonal,Winter,Tdiff,Igm,0.028427,0.028427,106
H1.K16,seasonal,Winter,Tdiff,rho,0.027615,0.027615,107
H1.K16,seasonal,Winter,qv,Igm,0.024604,0.024604,108
H1.K16,seasonal,Winter,qv,Igc,0.024591,0.024591,109
H1.K16,seasonal,Winter,Tdiff,Dc,0.024053,0.024053,110
H1.K16,seasonal,Winter,qv,Dp,-0.022587,0.022587,111
H1.K16,seasonal,Winter,qv,rho,0.020924,0.020924,112
H1.K16,seasonal,Winter,Trl,Dc,-0.020804,0.020804,113
H1.K16,seasonal,Winter,Tvl,rho,0.020248,0.020248,114
H1.K16,seasonal,Winter,V,Igm,-0.019506,0.019506,115
H1.K16,seasonal,Winter,V,Igc,-0.019503,0.019503,116
H1.K16,seasonal,Winter,Tvl,Igc,0.018793,0.018793,117
H1.K16,seasonal,Winter,Tvl,Igm,0.018342,0.018342,118
H1.K16,seasonal,Winter,qv,H,-0.018309,0.018309,119
H1.K16,seasonal,Winter,P,Igc,-0.011649,0.011649,120
H1.K16,seasonal,Winter,P,Igm,-0.011544,0.011544,121
H1.K16,seasonal,Winter,Tvl,Dc,-0.007742,0.007742,122
H1.K16,seasonal,Winter,P,Dp,0.007659,0.007659,123
H1.K16,seasonal,Winter,Trl,rho,0.007588,0.007588,124
H1.K16,seasonal,Winter,P,Dc,0.006425,0.006425,125
H1.K16,seasonal,Winter,Trl,Igc,0.00582,0.00582,126
H1.K16,seasonal,Winter,Trl,Igm,0.005372,0.005372,127
H1.K16,seasonal,Winter,P,Ua,0.005345,0.005345,128
H1.K16,seasonal,Winter,P,H,0.003979,0.003979,129
H1.K16,seasonal,Winter,P,Ta,0.003308,0.003308,130
H1.K16,seasonal,Winter,P,Ah,0.002529,0.002529,131
H1.K16,seasonal,Winter,qv,Ta,0.00168,0.00168,132
H1.K16,seasonal,Winter,Dc,Igm,0.000894,0.000894,133
H1.K16,seasonal,Winter,P,Sc,0.000818,0.000818,134
H1.K16,seasonal,Winter,Dc,Igc,-0.000301,0.000301,135
H1.K16,seasonal,Winter,Tdiff,Ua,0.000142,0.000142,136
H1.K16,seasonal,Spring,Igc,Igm,0.999072,0.999072,1
H1.K16,seasonal,Spring,Ah,Dp,0.979857,0.979857,2
H1.K16,seasonal,Spring,V,W,0.967988,0.967988,3
H1.K16,seasonal,Spring,Ta,rho,-0.923774,0.923774,4
H1.K16,seasonal,Spring,W,qv,-0.919638,0.919638,5
H1.K16,seasonal,Spring,Tdiff,qv,0.914806,0.914806,6
H1.K16,seasonal,Spring,H,Ta,0.910829,0.910829,7
H1.K16,seasonal,Spring,H,rho,-0.909571,0.909571,8
H1.K16,seasonal,Spring,V,qv,-0.850613,0.850613,9
H1.K16,seasonal,Spring,Dp,H,0.841252,0.841252,10
H1.K16,seasonal,Spring,Tdiff,W,-0.831116,0.831116,11
H1.K16,seasonal,Spring,Ah,H,0.82183,0.82183,12
H1.K16,seasonal,Spring,Tdiff,V,-0.730978,0.730978,13
H1.K16,seasonal,Spring,Dp,rho,-0.657498,0.657498,14
H1.K16,seasonal,Spring,Ah,rho,-0.610838,0.610838,15
H1.K16,seasonal,Spring,Tdiff,Tvl,0.601037,0.601037,16
H1.K16,seasonal,Spring,Igm,Ua,-0.563135,0.563135,17
H1.K16,seasonal,Spring,Dp,Ta,0.560534,0.560534,18
H1.K16,seasonal,Spring,Igc,Ua,-0.552447,0.552447,19
H1.K16,seasonal,Spring,Ta,Ua,-0.538386,0.538386,20
H1.K16,seasonal,Spring,Trl,Tvl,0.517517,0.517517,21
H1.K16,seasonal,Spring,Ah,Ta,0.513889,0.513889,22
H1.K16,seasonal,Spring,Igm,Ta,0.474807,0.474807,23
H1.K16,seasonal,Spring,Trl,qv,-0.467498,0.467498,24
H1.K16,seasonal,Spring,Igc,Ta,0.465598,0.465598,25
H1.K16,seasonal,Spring,Tvl,qv,0.440934,0.440934,26
H1.K16,seasonal,Spring,Trl,V,0.429543,0.429543,27
H1.K16,seasonal,Spring,Trl,W,0.422687,0.422687,28
H1.K16,seasonal,Spring,Ah,Ua,0.411759,0.411759,29
H1.K16,seasonal,Spring,Tvl,W,-0.402566,0.402566,30
H1.K16,seasonal,Spring,Dp,Ua,0.377619,0.377619,31
H1.K16,seasonal,Spring,Tdiff,Trl,-0.371419,0.371419,32
H1.K16,seasonal,Spring,Igm,Sc,0.360001,0.360001,33
H1.K16,seasonal,Spring,Igm,rho,-0.355347,0.355347,34
H1.K16,seasonal,Spring,Igc,Sc,0.354572,0.354572,35
H1.K16,seasonal,Spring,Ua,rho,0.353413,0.353413,36
H1.K16,seasonal,Spring,Igc,rho,-0.346958,0.346958,37
H1.K16,seasonal,Spring,Dc,Sc,0.321907,0.321907,38
H1.K16,seasonal,Spring,Sc,rho,-0.308675,0.308675,39
H1.K16,seasonal,Spring,Tvl,V,-0.304005,0.304005,40
H1.K16,seasonal,Spring,H,Igm,0.284035,0.284035,41
H1.K16,seasonal,Spring,Sc,Ua,-0.281251,0.281251,42
H1.K16,seasonal,Spring,H,Igc,0.278793,0.278793,43
H1.K16,seasonal,Spring,Sc,Ta,0.224251,0.224251,44
H1.K16,seasonal,Spring,P,H,0.214111,0.214111,45
H1.K16,seasonal,Spring,Tdiff,Ah,-0.210869,0.210869,46
H1.K16,seasonal,Spring,Tdiff,Dp,-0.202763,0.202763,47
H1.K16,seasonal,Spring,P,Tvl,-0.202017,0.202017,48
H1.K16,seasonal,Spring,P,Ta,0.197093,0.197093,49
H1.K16,seasonal,Spring,Tdiff,H,-0.194115,0.194115,50
H1.K16,seasonal,Spring,P,rho,-0.184204,0.184204,51
H1.K16,seasonal,Spring,Dc,Dp,0.18098,0.18098,52
H1.K16,seasonal,Spring,P,Dp,0.176498,0.176498,53
H1.K16,seasonal,Spring,P,Ah,0.173404,0.173404,54
H1.K16,seasonal,Spring,Ah,Dc,0.161855,0.161855,55
H1.K16,seasonal,Spring,H,Ua,-0.161761,0.161761,56
H1.K16,seasonal,Spring,Tvl,Dp,-0.153781,0.153781,57
H1.K16,seasonal,Spring,P,Tdiff,-0.152361,0.152361,58
H1.K16,seasonal,Spring,Tvl,Ah,-0.150712,0.150712,59
H1.K16,seasonal,Spring,qv,Ah,-0.14866,0.14866,60
H1.K16,seasonal,Spring,Tdiff,rho,0.146122,0.146122,61
H1.K16,seasonal,Spring,qv,Dp,-0.139151,0.139151,62
H1.K16,seasonal,Spring,Tdiff,Ta,-0.138214,0.138214,63
H1.K16,seasonal,Spring,H,Sc,0.134463,0.134463,64
H1.K16,seasonal,Spring,qv,H,-0.130553,0.130553,65
H1.K16,seasonal,Spring,Dc,rho,-0.130215,0.130215,66
H1.K16,seasonal,Spring,Tvl,H,-0.127185,0.127185,67
H1.K16,seasonal,Spring,Dc,H,0.112136,0.112136,68
H1.K16,seasonal,Spring,Dc,Ua,0.105287,0.105287,69
H1.K16,seasonal,Spring,Tvl,rho,0.100044,0.100044,70
H1.K16,seasonal,Spring,qv,Ta,-0.087706,0.087706,71
H1.K16,seasonal,Spring,W,Ah,0.086504,0.086504,72
H1.K16,seasonal,Spring,qv,rho,0.085534,0.085534,73
H1.K16,seasonal,Spring,Tvl,Ta,-0.081809,0.081809,74
H1.K16,seasonal,Spring,P,Trl,-0.075678,0.075678,75
H1.K16,seasonal,Spring,W,Dp,0.069011,0.069011,76
H1.K16,seasonal,Spring,Ah,Igm,-0.065675,0.065675,77
H1.K16,seasonal,Spring,Ah,Igc,-0.063738,0.063738,78
H1.K16,seasonal,Spring,Trl,H,0.061257,0.061257,79
H1.K16,seasonal,Spring,Tvl,Ua,-0.059455,0.059455,80
H1.K16,seasonal,Spring,P,Igc,0.059087,0.059087,81
H1.K16,seasonal,Spring,P,Igm,0.058598,0.058598,82
H1.K16,seasonal,Spring,W,H,0.055352,0.055352,83
H1.K16,seasonal,Spring,Trl,Ta,0.053331,0.053331,84
H1.K16,seasonal,Spring,Trl,Ah,0.052509,0.052509,85
H1.K16,seasonal,Spring,Dc,Ta,0.05115,0.05115,86
H1.K16,seasonal,Spring,W,Dc,-0.048768,0.048768,87
H1.K16,seasonal,Spring,V,Dc,-0.046803,0.046803,88
H1.K16,seasonal,Spring,Tdiff,Dc,0.046153,0.046153,89
H1.K16,seasonal,Spring,qv,Dc,0.045902,0.045902,90
H1.K16,seasonal,Spring,V,Ah,0.042638,0.042638,91
H1.K16,seasonal,Spring,Trl,rho,-0.041875,0.041875,92
H1.K16,seasonal,Spring,Tdiff,Ua,-0.040589,0.040589,93
H1.K16,seasonal,Spring,Trl,Dp,0.040115,0.040115,94
H1.K16,seasonal,Spring,P,Ua,-0.03788,0.03788,95
H1.K16,seasonal,Spring,Ah,Sc,-0.037588,0.037588,96
H1.K16,seasonal,Spring,Dp,Igm,-0.035864,0.035864,97
H1.K16,seasonal,Spring,Dp,Igc,-0.034467,0.034467,98
H1.K16,seasonal,Spring,W,Ua,0.032669,0.032669,99
H1.K16,seasonal,Spring,Trl,Dc,-0.030538,0.030538,100
H1.K16,seasonal,Spring,qv,Ua,-0.029795,0.029795,101
H1.K16,seasonal,Spring,Trl,Ua,-0.024587,0.024587,102
H1.K16,seasonal,Spring,V,H,0.023545,0.023545,103
H1.K16,seasonal,Spring,V,Dp,0.023524,0.023524,104
H1.K16,seasonal,Spring,V,Sc,-0.022587,0.022587,105
H1.K16,seasonal,Spring,W,Ta,0.018824,0.018824,106
H1.K16,seasonal,Spring,Dc,Igc,-0.018613,0.018613,107
H1.K16,seasonal,Spring,qv,Sc,0.018319,0.018319,108
H1.K16,seasonal,Spring,Tvl,Dc,0.017818,0.017818,109
H1.K16,seasonal,Spring,Dp,Sc,-0.016793,0.016793,110
H1.K16,seasonal,Spring,Dc,Igm,-0.016371,0.016371,111
H1.K16,seasonal,Spring,W,rho,-0.016093,0.016093,112
H1.K16,seasonal,Spring,W,Sc,-0.015594,0.015594,113
H1.K16,seasonal,Spring,P,V,0.014516,0.014516,114
H1.K16,seasonal,Spring,Tvl,Sc,0.013804,0.013804,115
H1.K16,seasonal,Spring,V,rho,0.013541,0.013541,116
H1.K16,seasonal,Spring,Tdiff,Igc,-0.012493,0.012493,117
H1.K16,seasonal,Spring,Tdiff,Igm,-0.012437,0.012437,118
H1.K16,seasonal,Spring,Tdiff,Sc,0.011874,0.011874,119
H1.K16,seasonal,Spring,Tvl,Igm,-0.00858,0.00858,120
H1.K16,seasonal,Spring,Tvl,Igc,-0.008339,0.008339,121
H1.K16,seasonal,Spring,Trl,Sc,0.007504,0.007504,122
H1.K16,seasonal,Spring,P,qv,0.00728,0.00728,123
H1.K16,seasonal,Spring,qv,Igm,-0.006866,0.006866,124
H1.K16,seasonal,Spring,qv,Igc,-0.00686,0.00686,125
H1.K16,seasonal,Spring,P,Dc,-0.005967,0.005967,126
H1.K16,seasonal,Spring,P,Sc,-0.005957,0.005957,127
H1.K16,seasonal,Spring,V,Ua,0.005099,0.005099,128
H1.K16,seasonal,Spring,W,Igm,-0.004592,0.004592,129
H1.K16,seasonal,Spring,W,Igc,-0.004385,0.004385,130
H1.K16,seasonal,Spring,Trl,Igc,0.004353,0.004353,131
H1.K16,seasonal,Spring,Trl,Igm,0.004028,0.004028,132
H1.K16,seasonal,Spring,V,Igc,0.003882,0.003882,133
H1.K16,seasonal,Spring,P,W,-0.003871,0.003871,134
H1.K16,seasonal,Spring,V,Igm,0.003711,0.003711,135
H1.K16,seasonal,Spring,V,Ta,0.00269,0.00269,136
H1.K16,seasonal,Summer,Igc,Igm,0.998904,0.998904,1
H1.K16,seasonal,Summer,Ah,Dp,0.990642,0.990642,2
H1.K16,seasonal,Summer,V,W,0.961658,0.961658,3
H1.K16,seasonal,Summer,Ta,rho,-0.954525,0.954525,4
H1.K16,seasonal,Summer,W,qv,-0.917879,0.917879,5
H1.K16,seasonal,Summer,Tdiff,qv,0.901019,0.901019,6
H1.K16,seasonal,Summer,V,qv,-0.898098,0.898098,7
H1.K16,seasonal,Summer,H,rho,-0.80441,0.80441,8
H1.K16,seasonal,Summer,Tdiff,W,-0.782482,0.782482,9
H1.K16,seasonal,Summer,Ta,Ua,-0.772624,0.772624,10
H1.K16,seasonal,Summer,Tdiff,V,-0.764641,0.764641,11
H1.K16,seasonal,Summer,Dp,H,0.756301,0.756301,12
H1.K16,seasonal,Summer,H,Ta,0.735467,0.735467,13
H1.K16,seasonal,Summer,Ah,H,0.714808,0.714808,14
H1.K16,seasonal,Summer,Ua,rho,0.646406,0.646406,15
H1.K16,seasonal,Summer,Tvl,qv,0.627902,0.627902,16
H1.K16,seasonal,Summer,Tdiff,Tvl,0.624982,0.624982,17
H1.K16,seasonal,Summer,Tdiff,Trl,-0.597377,0.597377,18
H1.K16,seasonal,Summer,Igm,Ua,-0.577346,0.577346,19
H1.K16,seasonal,Summer,Igc,Ua,-0.566309,0.566309,20
H1.K16,seasonal,Summer,Ah,Ua,0.564791,0.564791,21
H1.K16,seasonal,Summer,Tvl,W,-0.555129,0.555129,22
H1.K16,seasonal,Summer,Igm,Ta,0.543499,0.543499,23
H1.K16,seasonal,Summer,Igc,Ta,0.532292,0.532292,24
H1.K16,seasonal,Summer,Igm,Sc,0.509566,0.509566,25
H1.K16,seasonal,Summer,Dp,Ua,0.506874,0.506874,26
H1.K16,seasonal,Summer,Igc,Sc,0.504016,0.504016,27
H1.K16,seasonal,Summer,Tvl,V,-0.487022,0.487022,28
H1.K16,seasonal,Summer,Trl,qv,-0.473487,0.473487,29
H1.K16,seasonal,Summer,Igm,rho,-0.461182,0.461182,30
H1.K16,seasonal,Summer,Trl,V,0.451041,0.451041,31
H1.K16,seasonal,Summer,Igc,rho,-0.450288,0.450288,32
H1.K16,seasonal,Summer,Dc,Sc,0.434033,0.434033,33
H1.K16,seasonal,Summer,Sc,Ua,-0.419603,0.419603,34
H1.K16,seasonal,Summer,Trl,W,0.40225,0.40225,35
H1.K16,seasonal,Summer,Sc,rho,-0.383772,0.383772,36
H1.K16,seasonal,Summer,Sc,Ta,0.367454,0.367454,37
H1.K16,seasonal,Summer,Dp,rho,-0.262906,0.262906,38
H1.K16,seasonal,Summer,Trl,Tvl,0.251217,0.251217,39
H1.K16,seasonal,Summer,H,Igm,0.238172,0.238172,40
H1.K16,seasonal,Summer,H,Igc,0.23335,0.23335,41
H1.K16,seasonal,Summer,Ah,Igm,-0.20836,0.20836,42
H1.K16,seasonal,Summer,P,Tvl,-0.205518,0.205518,43
H1.K16,seasonal,Summer,Ah,Igc,-0.203845,0.203845,44
H1.K16,seasonal,Summer,Ah,rho,-0.19616,0.19616,45
H1.K16,seasonal,Summer,P,Dp,0.1866,0.1866,46
H1.K16,seasonal,Summer,P,Trl,-0.176653,0.176653,47
H1.K16,seasonal,Summer,Trl,Ua,-0.176205,0.176205,48
H1.K16,seasonal,Summer,P,Ah,0.173122,0.173122,49
H1.K16,seasonal,Summer,Ah,Sc,-0.169236,0.169236,50
H1.K16,seasonal,Summer,Dp,Igm,-0.16914,0.16914,51
H1.K16,seasonal,Summer,Dp,Igc,-0.165269,0.165269,52
H1.K16,seasonal,Summer,P,W,-0.161207,0.161207,53
H1.K16,seasonal,Summer,H,Ua,-0.159257,0.159257,54
H1.K16,seasonal,Summer,Trl,Ta,0.158234,0.158234,55
H1.K16,seasonal,Summer,H,Sc,0.145171,0.145171,56
H1.K16,seasonal,Summer,Trl,rho,-0.142633,0.142633,57
H1.K16,seasonal,Summer,Dp,Sc,-0.140193,0.140193,58
H1.K16,seasonal,Summer,P,H,0.128694,0.128694,59
H1.K16,seasonal,Summer,Tdiff,Ua,0.124457,0.124457,60
H1.K16,seasonal,Summer,Dp,Ta,0.121108,0.121108,61
H1.K16,seasonal,Summer,Dc,Igm,0.10841,0.10841,62
H1.K16,seasonal,Summer,Dc,Igc,0.104925,0.104925,63
H1.K16,seasonal,Summer,P,qv,0.102456,0.102456,64
H1.K16,seasonal,Summer,Dc,Ua,-0.096404,0.096404,65
H1.K16,seasonal,Summer,P,Ua,0.094786,0.094786,66
H1.K16,seasonal,Summer,qv,Dp,0.087736,0.087736,67
H1.K16,seasonal,Summer,Tdiff,Ah,0.086702,0.086702,68
H1.K16,seasonal,Summer,qv,Ua,0.086441,0.086441,69
H1.K16,seasonal,Summer,qv,Ah,0.085344,0.085344,70
H1.K16,seasonal,Summer,Tvl,rho,-0.083664,0.083664,71
H1.K16,seasonal,Summer,Tdiff,Dp,0.083616,0.083616,72
H1.K16,seasonal,Summer,Trl,Ah,-0.079147,0.079147,73
H1.K16,seasonal,Summer,W,Sc,0.07568,0.07568,74
H1.K16,seasonal,Summer,Tdiff,Ta,-0.075222,0.075222,75
H1.K16,seasonal,Summer,qv,Sc,-0.0749,0.0749,76
H1.K16,seasonal,Summer,V,Sc,0.073857,0.073857,77
H1.K16,seasonal,Summer,Dc,rho,-0.073103,0.073103,78
H1.K16,seasonal,Summer,Tvl,Ta,0.068909,0.068909,79
H1.K16,seasonal,Summer,Trl,Dp,-0.066507,0.066507,80
H1.K16,seasonal,Summer,Tvl,H,0.064651,0.064651,81
H1.K16,seasonal,Summer,P,Igc,-0.063453,0.063453,82
H1.K16,seasonal,Summer,Dc,Ta,0.06325,0.06325,83
H1.K16,seasonal,Summer,P,Igm,-0.063144,0.063144,84
H1.K16,seasonal,Summer,W,Ua,-0.059946,0.059946,85
H1.K16,seasonal,Summer,P,Dc,0.059478,0.059478,86
H1.K16,seasonal,Summer,Trl,H,0.056857,0.056857,87
H1.K16,seasonal,Summer,W,Dp,-0.054166,0.054166,88
H1.K16,seasonal,Summer,Ah,Ta,0.052311,0.052311,89
H1.K16,seasonal,Summer,P,Sc,-0.050913,0.050913,90
H1.K16,seasonal,Summer,Tdiff,rho,0.049604,0.049604,91
H1.K16,seasonal,Summer,P,V,-0.049405,0.049405,92
H1.K16,seasonal,Summer,Tdiff,Dc,-0.048715,0.048715,93
H1.K16,seasonal,Summer,W,Ah,-0.047927,0.047927,94
H1.K16,seasonal,Summer,V,Dp,-0.047788,0.047788,95
H1.K16,seasonal,Summer,V,Dc,0.044396,0.044396,96
H1.K16,seasonal,Summer,V,Ah,-0.043993,0.043993,97
H1.K16,seasonal,Summer,Tdiff,Sc,-0.04311,0.04311,98
H1.K16,seasonal,Summer,V,Ua,-0.041156,0.041156,99
H1.K16,seasonal,Summer,Ah,Dc,-0.038959,0.038959,100
H1.K16,seasonal,Summer,qv,Dc,-0.038759,0.038759,101
H1.K16,seasonal,Summer,qv,H,0.03721,0.03721,102
H1.K16,seasonal,Summer,Tvl,Igm,0.035472,0.035472,103
H1.K16,seasonal,Summer,Tvl,Igc,0.03432,0.03432,104
H1.K16,seasonal,Summer,Tvl,Dp,0.03323,0.03323,105
H1.K16,seasonal,Summer,W,Dc,0.032093,0.032093,106
H1.K16,seasonal,Summer,Dc,Dp,-0.032043,0.032043,107
H1.K16,seasonal,Summer,Trl,Sc,0.031354,0.031354,108
H1.K16,seasonal,Summer,qv,Ta,-0.029153,0.029153,109
H1.K16,seasonal,Summer,Trl,Dc,0.029146,0.029146,110
H1.K16,seasonal,Summer,Tvl,Dc,-0.028841,0.028841,111
H1.K16,seasonal,Summer,P,Tdiff,-0.02836,0.02836,112
H1.K16,seasonal,Summer,Trl,Igm,0.028154,0.028154,113
H1.K16,seasonal,Summer,Tvl,Ua,-0.027862,0.027862,114
H1.K16,seasonal,Summer,Trl,Igc,0.027187,0.027187,115
H1.K16,seasonal,Summer,V,H,-0.02611,0.02611,116
H1.K16,seasonal,Summer,W,Ta,0.024206,0.024206,117
H1.K16,seasonal,Summer,Tvl,Ah,0.024035,0.024035,118
H1.K16,seasonal,Summer,P,Ta,0.020701,0.020701,119
H1.K16,seasonal,Summer,Tvl,Sc,-0.018743,0.018743,120
H1.K16,seasonal,Summer,Dc,H,0.01861,0.01861,121
H1.K16,seasonal,Summer,qv,rho,0.015792,0.015792,122
H1.K16,seasonal,Summer,W,H,-0.015603,0.015603,123
H1.K16,seasonal,Summer,W,rho,-0.014425,0.014425,124
H1.K16,seasonal,Summer,P,rho,-0.014345,0.014345,125
H1.K16,seasonal,Summer,V,Igm,-0.014246,0.014246,126
H1.K16,seasonal,Summer,V,Igc,-0.013958,0.013958,127
H1.K16,seasonal,Summer,W,Igm,-0.009618,0.009618,128
H1.K16,seasonal,Summer,W,Igc,-0.00927,0.00927,129
H1.K16,seasonal,Summer,V,rho,0.00655,0.00655,130
H1.K16,seasonal,Summer,Tdiff,H,0.006475,0.006475,131
H1.K16,seasonal,Summer,V,Ta,0.006337,0.006337,132
H1.K16,seasonal,Summer,Tdiff,Igm,0.002408,0.002408,133
H1.K16,seasonal,Summer,Tdiff,Igc,0.002292,0.002292,134
H1.K16,seasonal,Summer,qv,Igm,0.001,0.001,135
H1.K16,seasonal,Summer,qv,Igc,0.000767,0.000767,136
H1.K16,seasonal,Autumn,Igc,Igm,0.999089,0.999089,1
H1.K16,seasonal,Autumn,Ah,Dp,0.987719,0.987719,2
H1.K16,seasonal,Autumn,V,W,0.961906,0.961906,3
H1.K16,seasonal,Autumn,V,qv,-0.957729,0.957729,4
H1.K16,seasonal,Autumn,H,Ta,0.954957,0.954957,5
H1.K16,seasonal,Autumn,Dp,H,0.947909,0.947909,6
H1.K16,seasonal,Autumn,Ah,H,0.930538,0.930538,7
H1.K16,seasonal,Autumn,W,qv,-0.923751,0.923751,8
H1.K16,seasonal,Autumn,Ta,rho,-0.913072,0.913072,9
H1.K16,seasonal,Autumn,H,rho,-0.90198,0.90198,10
H1.K16,seasonal,Autumn,Tdiff,qv,0.860743,0.860743,11
H1.K16,seasonal,Autumn,Tdiff,V,-0.848887,0.848887,12
H1.K16,seasonal,Autumn,Tdiff,W,-0.842443,0.842443,13
H1.K16,seasonal,Autumn,Tdiff,Tvl,0.828333,0.828333,14
H1.K16,seasonal,Autumn,Dp,Ta,0.823321,0.823321,15
H1.K16,seasonal,Autumn,Dp,rho,-0.805171,0.805171,16
H1.K16,seasonal,Autumn,Ah,Ta,0.780758,0.780758,17
H1.K16,seasonal,Autumn,Ah,rho,-0.765849,0.765849,18
H1.K16,seasonal,Autumn,Ta,Ua,-0.647398,0.647398,19
H1.K16,seasonal,Autumn,Igm,Ua,-0.633732,0.633732,20
H1.K16,seasonal,Autumn,Tvl,V,-0.623237,0.623237,21
H1.K16,seasonal,Autumn,Igc,Ua,-0.622107,0.622107,22
H1.K16,seasonal,Autumn,Tvl,qv,0.618649,0.618649,23
H1.K16,seasonal,Autumn,Trl,W,0.610557,0.610557,24
H1.K16,seasonal,Autumn,Trl,qv,-0.577879,0.577879,25
H1.K16,seasonal,Autumn,Tvl,W,-0.577284,0.577284,26
H1.K16,seasonal,Autumn,Trl,V,0.554311,0.554311,27
H1.K16,seasonal,Autumn,Ua,rho,0.524791,0.524791,28
H1.K16,seasonal,Autumn,Igm,Ta,0.511679,0.511679,29
H1.K16,seasonal,Autumn,Igc,Ta,0.504362,0.504362,30
H1.K16,seasonal,Autumn,Tdiff,Trl,-0.503891,0.503891,31
H1.K16,seasonal,Autumn,Dc,Sc,0.454746,0.454746,32
H1.K16,seasonal,Autumn,H,Ua,-0.406076,0.406076,33
H1.K16,seasonal,Autumn,Igm,rho,-0.394102,0.394102,34
H1.K16,seasonal,Autumn,Igc,rho,-0.387443,0.387443,35
H1.K16,seasonal,Autumn,H,Igm,0.373147,0.373147,36
H1.K16,seasonal,Autumn,H,Igc,0.368935,0.368935,37
H1.K16,seasonal,Autumn,Sc,Ua,-0.339518,0.339518,38
H1.K16,seasonal,Autumn,Igm,Sc,0.302302,0.302302,39
H1.K16,seasonal,Autumn,Tdiff,Dp,-0.301091,0.301091,40
H1.K16,seasonal,Autumn,Tdiff,Ah,-0.299077,0.299077,41
H1.K16,seasonal,Autumn,Igc,Sc,0.298291,0.298291,42
H1.K16,seasonal,Autumn,Sc,rho,-0.297575,0.297575,43
H1.K16,seasonal,Autumn,Tdiff,H,-0.27406,0.27406,44
H1.K16,seasonal,Autumn,Tvl,Dp,-0.264398,0.264398,45
H1.K16,seasonal,Autumn,Tvl,Ah,-0.257658,0.257658,46
H1.K16,seasonal,Autumn,Tdiff,Ta,-0.229068,0.229068,47
H1.K16,seasonal,Autumn,P,Trl,-0.227795,0.227795,48
H1.K16,seasonal,Autumn,Tvl,H,-0.224181,0.224181,49
H1.K16,seasonal,Autumn,Tdiff,rho,0.198965,0.198965,50
H1.K16,seasonal,Autumn,Sc,Ta,0.192827,0.192827,51
H1.K16,seasonal,Autumn,Dp,Igm,0.190978,0.190978,52
H1.K16,seasonal,Autumn,Dp,Igc,0.190719,0.190719,53
H1.K16,seasonal,Autumn,Tvl,Ta,-0.178593,0.178593,54
H1.K16,seasonal,Autumn,Ah,Igc,0.154934,0.154934,55
H1.K16,seasonal,Autumn,Ah,Igm,0.154599,0.154599,56
H1.K16,seasonal,Autumn,V,Ah,0.154389,0.154389,57
H1.K16,seasonal,Autumn,W,Ah,0.151804,0.151804,58
H1.K16,seasonal,Autumn,Trl,H,0.148798,0.148798,59
H1.K16,seasonal,Autumn,Dc,rho,-0.147057,0.147057,60
H1.K16,seasonal,Autumn,V,Dp,0.146868,0.146868,61
H1.K16,seasonal,Autumn,qv,Ah,-0.146397,0.146397,62
H1.K16,seasonal,Autumn,Tvl,rho,0.145483,0.145483,63
H1.K16,seasonal,Autumn,W,Dp,0.141027,0.141027,64
H1.K16,seasonal,Autumn,Trl,Ah,0.1404,0.1404,65
H1.K16,seasonal,Autumn,Trl,Ta,0.139859,0.139859,66
H1.K16,seasonal,Autumn,Trl,rho,-0.136412,0.136412,67
H1.K16,seasonal,Autumn,Trl,Dp,0.136043,0.136043,68
H1.K16,seasonal,Autumn,qv,Dp,-0.135338,0.135338,69
H1.K16,seasonal,Autumn,Dc,Ua,-0.130216,0.130216,70
H1.K16,seasonal,Autumn,V,H,0.128972,0.128972,71
H1.K16,seasonal,Autumn,W,H,0.125079,0.125079,72
H1.K16,seasonal,Autumn,P,Tvl,-0.121895,0.121895,73
H1.K16,seasonal,Autumn,qv,H,-0.117827,0.117827,74
H1.K16,seasonal,Autumn,H,Sc,0.113211,0.113211,75
H1.K16,seasonal,Autumn,Dc,Ta,0.11285,0.11285,76
H1.K16,seasonal,Autumn,Dp,Ua,-0.110405,0.110405,77
H1.K16,seasonal,Autumn,W,rho,-0.110264,0.110264,78
H1.K16,seasonal,Autumn,Dc,Igm,0.101712,0.101712,79
H1.K16,seasonal,Autumn,Dc,Igc,0.099819,0.099819,80
H1.K16,seasonal,Autumn,V,Ta,0.094999,0.094999,81
H1.K16,seasonal,Autumn,Dc,H,0.093489,0.093489,82
H1.K16,seasonal,Autumn,V,rho,-0.090731,0.090731,83
H1.K16,seasonal,Autumn,W,Ta,0.088465,0.088465,84
H1.K16,seasonal,Autumn,P,qv,0.088383,0.088383,85
H1.K16,seasonal,Autumn,qv,Ta,-0.082125,0.082125,86
H1.K16,seasonal,Autumn,qv,rho,0.080467,0.080467,87
H1.K16,seasonal,Autumn,Tvl,Dc,0.078718,0.078718,88
H1.K16,seasonal,Autumn,P,Ta,0.070523,0.070523,89
H1.K16,seasonal,Autumn,P,W,-0.070501,0.070501,90
H1.K16,seasonal,Autumn,Dc,Dp,0.070064,0.070064,91
H1.K16,seasonal,Autumn,Tdiff,Igm,-0.068734,0.068734,92
H1.K16,seasonal,Autumn,Tdiff,Igc,-0.068353,0.068353,93
H1.K16,seasonal,Autumn,Trl,Ua,-0.067297,0.067297,94
H1.K16,seasonal,Autumn,P,H,0.066594,0.066594,95
H1.K16,seasonal,Autumn,P,V,-0.064505,0.064505,96
H1.K16,seasonal,Autumn,P,Dp,0.062878,0.062878,97
H1.K16,seasonal,Autumn,Trl,Tvl,0.061278,0.061278,98
H1.K16,seasonal,Autumn,Trl,Igm,0.058854,0.058854,99
H1.K16,seasonal,Autumn,Trl,Igc,0.05862,0.05862,100
H1.K16,seasonal,Autumn,W,Sc,0.056788,0.056788,101
H1.K16,seasonal,Autumn,Ah,Dc,0.056632,0.056632,102
H1.K16,seasonal,Autumn,P,Ah,0.055182,0.055182,103
H1.K16,seasonal,Autumn,P,rho,-0.054454,0.054454,104
H1.K16,seasonal,Autumn,Ah,Ua,-0.052896,0.052896,105
H1.K16,seasonal,Autumn,Tvl,Sc,0.046774,0.046774,106
H1.K16,seasonal,Autumn,Tdiff,Dc,0.046032,0.046032,107
H1.K16,seasonal,Autumn,P,Ua,-0.044159,0.044159,108
H1.K16,seasonal,Autumn,Trl,Sc,0.043176,0.043176,109
H1.K16,seasonal,Autumn,Tvl,Igm,-0.04113,0.04113,110
H1.K16,seasonal,Autumn,Tvl,Igc,-0.040925,0.040925,111
H1.K16,seasonal,Autumn,qv,Dc,0.040681,0.040681,112
H1.K16,seasonal,Autumn,Tvl,Ua,-0.040675,0.040675,113
H1.K16,seasonal,Autumn,Trl,Dc,0.03971,0.03971,114
H1.K16,seasonal,Autumn,V,Dc,-0.036257,0.036257,115
H1.K16,seasonal,Autumn,qv,Ua,-0.032842,0.032842,116
H1.K16,seasonal,Autumn,V,Sc,0.03159,0.03159,117
H1.K16,seasonal,Autumn,qv,Igm,-0.027134,0.027134,118
H1.K16,seasonal,Autumn,qv,Igc,-0.026944,0.026944,119
H1.K16,seasonal,Autumn,W,Ua,0.026659,0.026659,120
H1.K16,seasonal,Autumn,V,Ua,0.023789,0.023789,121
H1.K16,seasonal,Autumn,V,Igm,0.023112,0.023112,122
H1.K16,seasonal,Autumn,V,Igc,0.023025,0.023025,123
H1.K16,seasonal,Autumn,Dp,Sc,0.022962,0.022962,124
H1.K16,seasonal,Autumn,W,Dc,-0.017902,0.017902,125
H1.K16,seasonal,Autumn,P,Sc,-0.017181,0.017181,126
H1.K16,seasonal,Autumn,Tdiff,Sc,0.016567,0.016567,127
H1.K16,seasonal,Autumn,W,Igm,0.015044,0.015044,128
H1.K16,seasonal,Autumn,qv,Sc,-0.015041,0.015041,129
H1.K16,seasonal,Autumn,W,Igc,0.014947,0.014947,130
H1.K16,seasonal,Autumn,P,Tdiff,0.01291,0.01291,131
H1.K16,seasonal,Autumn,Ah,Sc,-0.00847,0.00847,132
H1.K16,seasonal,Autumn,P,Igc,-0.001303,0.001303,133
H1.K16,seasonal,Autumn,P,Igm,-0.001275,0.001275,134
H1.K16,seasonal,Autumn,Tdiff,Ua,0.000605,0.000605,135
H1.K16,seasonal,Autumn,P,Dc,0.000479,0.000479,136
H2.K21,seasonal,Winter,Igc,Igm,0.999017,0.999017,1
H2.K21,seasonal,Winter,V,W,0.997766,0.997766,2
H2.K21,seasonal,Winter,Ah,Dp,0.979601,0.979601,3
H2.K21,seasonal,Winter,H,Ta,0.968818,0.968818,4
H2.K21,seasonal,Winter,Trl,Tvl,0.949752,0.949752,5
H2.K21,seasonal,Winter,Ah,H,0.940929,0.940929,6
H2.K21,seasonal,Winter,Dp,H,0.939106,0.939106,7
H2.K21,seasonal,Winter,H,rho,-0.853877,0.853877,8
H2.K21,seasonal,Winter,Dp,Ta,0.844408,0.844408,9
H2.K21,seasonal,Winter,Ta,rho,-0.840724,0.840724,10
H2.K21,seasonal,Winter,P,qv,0.833834,0.833834,11
H2.K21,seasonal,Winter,Ah,Ta,0.828603,0.828603,12
H2.K21,seasonal,Winter,Trl,qv,-0.810368,0.810368,13
H2.K21,seasonal,Winter,Dp,rho,-0.775085,0.775085,14
H2.K21,seasonal,Winter,Ah,rho,-0.766467,0.766467,15
H2.K21,seasonal,Winter,Tvl,qv,-0.754125,0.754125,16
H2.K21,seasonal,Winter,P,Trl,-0.701769,0.701769,17
H2.K21,seasonal,Winter,P,Tvl,-0.66356,0.66356,18
H2.K21,seasonal,Winter,Tvl,V,0.565358,0.565358,19
H2.K21,seasonal,Winter,Trl,V,0.561836,0.561836,20
H2.K21,seasonal,Winter,Tvl,W,0.558818,0.558818,21
H2.K21,seasonal,Winter,Trl,W,0.551895,0.551895,22
H2.K21,seasonal,Winter,Sc,rho,-0.502751,0.502751,23
H2.K21,seasonal,Winter,Dc,Sc,0.478647,0.478647,24
H2.K21,seasonal,Winter,Igm,Ua,-0.477417,0.477417,25
H2.K21,seasonal,Winter,Igc,Ua,-0.46835,0.46835,26
H2.K21,seasonal,Winter,V,qv,-0.46529,0.46529,27
H2.K21,seasonal,Winter,W,qv,-0.457869,0.457869,28
H2.K21,seasonal,Winter,Sc,Ta,0.44448,0.44448,29
H2.K21,seasonal,Winter,P,V,-0.43228,0.43228,30
H2.K21,seasonal,Winter,P,W,-0.423756,0.423756,31
H2.K21,seasonal,Winter,H,Sc,0.39761,0.39761,32
H2.K21,seasonal,Winter,Dp,Ua,0.34595,0.34595,33
H2.K21,seasonal,Winter,Dc,Ta,0.3426,0.3426,34
H2.K21,seasonal,Winter,Ah,Ua,0.337418,0.337418,35
H2.K21,seasonal,Winter,Dc,H,0.332968,0.332968,36
H2.K21,seasonal,Winter,Dc,Dp,0.322171,0.322171,37
H2.K21,seasonal,Winter,Dc,rho,-0.308297,0.308297,38
H2.K21,seasonal,Winter,Sc,Ua,-0.307494,0.307494,39
H2.K21,seasonal,Winter,Ah,Dc,0.288559,0.288559,40
H2.K21,seasonal,Winter,Ah,Sc,0.278309,0.278309,41
H2.K21,seasonal,Winter,Dp,Sc,0.274353,0.274353,42
H2.K21,seasonal,Winter,Ta,Ua,-0.203218,0.203218,43
H2.K21,seasonal,Winter,Trl,Ta,0.172109,0.172109,44
H2.K21,seasonal,Winter,Tvl,Ta,0.162225,0.162225,45
H2.K21,seasonal,Winter,W,Dp,0.159453,0.159453,46
H2.K21,seasonal,Winter,Trl,H,0.156778,0.156778,47
H2.K21,seasonal,Winter,V,Dp,0.155065,0.155065,48
H2.K21,seasonal,Winter,Tvl,H,0.151634,0.151634,49
H2.K21,seasonal,Winter,W,Ah,0.151582,0.151582,50
H2.K21,seasonal,Winter,Igm,Ta,0.150337,0.150337,51
H2.K21,seasonal,Winter,Igm,Sc,0.147435,0.147435,52
H2.K21,seasonal,Winter,V,Ah,0.146043,0.146043,53
H2.K21,seasonal,Winter,Trl,Dp,0.144815,0.144815,54
H2.K21,seasonal,Winter,Igc,Sc,0.144565,0.144565,55
H2.K21,seasonal,Winter,Igc,Ta,0.144416,0.144416,56
H2.K21,seasonal,Winter,Tvl,Dp,0.140827,0.140827,57
H2.K21,seasonal,Winter,Tdiff,qv,0.13776,0.13776,58
H2.K21,seasonal,Winter,Tdiff,V,-0.137485,0.137485,59
H2.K21,seasonal,Winter,Tvl,Ah,0.128592,0.128592,60
H2.K21,seasonal,Winter,Dp,Igc,-0.128516,0.128516,61
H2.K21,seasonal,Winter,Dp,Igm,-0.128296,0.128296,62
H2.K21,seasonal,Winter,Trl,Ah,0.127043,0.127043,63
H2.K21,seasonal,Winter,Tdiff,W,-0.12589,0.12589,64
H2.K21,seasonal,Winter,W,H,0.124655,0.124655,65
H2.K21,seasonal,Winter,Ah,Igm,-0.124443,0.124443,66
H2.K21,seasonal,Winter,Ah,Igc,-0.124431,0.124431,67
H2.K21,seasonal,Winter,V,H,0.119014,0.119014,68
H2.K21,seasonal,Winter,V,Ua,0.11533,0.11533,69
H2.K21,seasonal,Winter,W,Ua,0.113521,0.113521,70
H2.K21,seasonal,Winter,W,Ta,0.097674,0.097674,71
H2.K21,seasonal,Winter,V,Ta,0.09248,0.09248,72
H2.K21,seasonal,Winter,W,Sc,0.071614,0.071614,73
H2.K21,seasonal,Winter,Tdiff,Dc,-0.068506,0.068506,74
H2.K21,seasonal,Winter,Trl,Dc,0.068128,0.068128,75
H2.K21,seasonal,Winter,W,rho,-0.066491,0.066491,76
H2.K21,seasonal,Winter,W,Igm,-0.065219,0.065219,77
H2.K21,seasonal,Winter,W,Igc,-0.065206,0.065206,78
H2.K21,seasonal,Winter,Trl,Sc,0.064912,0.064912,79
H2.K21,seasonal,Winter,P,Ta,-0.063757,0.063757,80
H2.K21,seasonal,Winter,V,Igm,-0.063105,0.063105,81
H2.K21,seasonal,Winter,V,Igc,-0.063078,0.063078,82
H2.K21,seasonal,Winter,V,rho,-0.061701,0.061701,83
H2.K21,seasonal,Winter,qv,Ta,-0.061695,0.061695,84
H2.K21,seasonal,Winter,V,Sc,0.0616,0.0616,85
H2.K21,seasonal,Winter,P,Dp,-0.05894,0.05894,86
H2.K21,seasonal,Winter,Tvl,Sc,0.057748,0.057748,87
H2.K21,seasonal,Winter,P,H,-0.057441,0.057441,88
H2.K21,seasonal,Winter,Ua,rho,0.055847,0.055847,89
H2.K21,seasonal,Winter,qv,Ua,0.052317,0.052317,90
H2.K21,seasonal,Winter,Tvl,Dc,0.049486,0.049486,91
H2.K21,seasonal,Winter,P,Ah,-0.046507,0.046507,92
H2.K21,seasonal,Winter,qv,H,-0.044573,0.044573,93
H2.K21,seasonal,Winter,Trl,rho,-0.042122,0.042122,94
H2.K21,seasonal,Winter,Tdiff,Trl,-0.040669,0.040669,95
H2.K21,seasonal,Winter,Tdiff,Tvl,0.038037,0.038037,96
H2.K21,seasonal,Winter,Tdiff,Sc,-0.036874,0.036874,97
H2.K21,seasonal,Winter,H,Igm,0.036292,0.036292,98
H2.K21,seasonal,Winter,W,Dc,0.035896,0.035896,99
H2.K21,seasonal,Winter,Tvl,rho,-0.034862,0.034862,100
H2.K21,seasonal,Winter,Trl,Ua,-0.034771,0.034771,101
H2.K21,seasonal,Winter,Dc,Ua,-0.034465,0.034465,102
H2.K21,seasonal,Winter,V,Dc,0.033062,0.033062,103
H2.K21,seasonal,Winter,Tdiff,Igm,-0.032944,0.032944,104
H2.K21,seasonal,Winter,H,Igc,0.032682,0.032682,105
H2.K21,seasonal,Winter,qv,Dp,-0.03224,0.03224,106
H2.K21,seasonal,Winter,Trl,Igc,0.031512,0.031512,107
H2.K21,seasonal,Winter,Trl,Igm,0.031147,0.031147,108
H2.K21,seasonal,Winter,P,Igm,0.030729,0.030729,109
H2.K21,seasonal,Winter,Tdiff,Igc,-0.030556,0.030556,110
H2.K21,seasonal,Winter,P,Igc,0.03041,0.03041,111
H2.K21,seasonal,Winter,Igm,rho,-0.029123,0.029123,112
H2.K21,seasonal,Winter,qv,Sc,-0.029088,0.029088,113
H2.K21,seasonal,Winter,Dc,Igc,-0.026067,0.026067,114
H2.K21,seasonal,Winter,Dc,Igm,-0.024997,0.024997,115
H2.K21,seasonal,Winter,Igc,rho,-0.024557,0.024557,116
H2.K21,seasonal,Winter,P,Tdiff,-0.024196,0.024196,117
H2.K21,seasonal,Winter,Tvl,Ua,-0.023584,0.023584,118
H2.K21,seasonal,Winter,Tdiff,rho,0.021918,0.021918,119
H2.K21,seasonal,Winter,H,Ua,0.021549,0.021549,120
H2.K21,seasonal,Winter,Tdiff,Ua,0.020285,0.020285,121
H2.K21,seasonal,Winter,qv,Ah,-0.019488,0.019488,122
H2.K21,seasonal,Winter,Tvl,Igc,0.018541,0.018541,123
H2.K21,seasonal,Winter,P,Dc,-0.018051,0.018051,124
H2.K21,seasonal,Winter,Tvl,Igm,0.018025,0.018025,125
H2.K21,seasonal,Winter,Tdiff,Ta,-0.017386,0.017386,126
H2.K21,seasonal,Winter,P,Sc,-0.016201,0.016201,127
H2.K21,seasonal,Winter,Tdiff,H,-0.011394,0.011394,128
H2.K21,seasonal,Winter,Tdiff,Dp,-0.009735,0.009735,129
H2.K21,seasonal,Winter,qv,rho,-0.009446,0.009446,130
H2.K21,seasonal,Winter,qv,Dc,-0.007003,0.007003,131
H2.K21,seasonal,Winter,qv,Igc,0.00434,0.00434,132
H2.K21,seasonal,Winter,qv,Igm,0.004335,0.004335,133
H2.K21,seasonal,Winter,P,Ua,0.003382,0.003382,134
H2.K21,seasonal,Winter,P,rho,0.003351,0.003351,135
H2.K21,seasonal,Winter,Tdiff,Ah,-0.001398,0.001398,136
H2.K21,seasonal,Spring,Igc,Igm,0.999067,0.999067,1
H2.K21,seasonal,Spring,V,W,0.998243,0.998243,2
H2.K21,seasonal,Spring,Trl,Tvl,0.986158,0.986158,3
H2.K21,seasonal,Spring,Ah,Dp,0.976225,0.976225,4
H2.K21,seasonal,Spring,Ta,rho,-0.924847,0.924847,5
H2.K21,seasonal,Spring,H,Ta,0.917834,0.917834,6
H2.K21,seasonal,Spring,H,rho,-0.907176,0.907176,7
H2.K21,seasonal,Spring,Dp,H,0.860814,0.860814,8
H2.K21,seasonal,Spring,Ah,H,0.843659,0.843659,9
H2.K21,seasonal,Spring,Tvl,qv,-0.732966,0.732966,10
H2.K21,seasonal,Spring,Trl,qv,-0.728327,0.728327,11
H2.K21,seasonal,Spring,P,qv,0.721408,0.721408,12
H2.K21,seasonal,Spring,Dp,rho,-0.682453,0.682453,13
H2.K21,seasonal,Spring,Ah,rho,-0.635594,0.635594,14
H2.K21,seasonal,Spring,Dp,Ta,0.609649,0.609649,15
H2.K21,seasonal,Spring,Igm,Ua,-0.566801,0.566801,16
H2.K21,seasonal,Spring,Ah,Ta,0.561837,0.561837,17
H2.K21,seasonal,Spring,Igc,Ua,-0.556079,0.556079,18
H2.K21,seasonal,Spring,Ta,Ua,-0.523956,0.523956,19
H2.K21,seasonal,Spring,P,Ta,0.483497,0.483497,20
H2.K21,seasonal,Spring,Igm,Ta,0.476543,0.476543,21
H2.K21,seasonal,Spring,P,Tvl,-0.475475,0.475475,22
H2.K21,seasonal,Spring,Igc,Ta,0.467881,0.467881,23
H2.K21,seasonal,Spring,qv,Ta,0.452791,0.452791,24
H2.K21,seasonal,Spring,P,Trl,-0.449207,0.449207,25
H2.K21,seasonal,Spring,P,H,0.43641,0.43641,26
H2.K21,seasonal,Spring,P,rho,-0.409987,0.409987,27
H2.K21,seasonal,Spring,P,Tdiff,-0.407702,0.407702,28
H2.K21,seasonal,Spring,qv,H,0.391857,0.391857,29
H2.K21,seasonal,Spring,P,Igm,0.375412,0.375412,30
H2.K21,seasonal,Spring,P,Igc,0.371484,0.371484,31
H2.K21,seasonal,Spring,Ah,Ua,0.369508,0.369508,32
H2.K21,seasonal,Spring,qv,rho,-0.369302,0.369302,33
H2.K21,seasonal,Spring,Igm,Sc,0.367633,0.367633,34
H2.K21,seasonal,Spring,Igm,rho,-0.36468,0.36468,35
H2.K21,seasonal,Spring,qv,Igm,0.362645,0.362645,36
H2.K21,seasonal,Spring,Igc,Sc,0.362256,0.362256,37
H2.K21,seasonal,Spring,qv,Igc,0.358026,0.358026,38
H2.K21,seasonal,Spring,Igc,rho,-0.356622,0.356622,39
H2.K21,seasonal,Spring,Ua,rho,0.35604,0.35604,40
H2.K21,seasonal,Spring,Dp,Ua,0.33805,0.33805,41
H2.K21,seasonal,Spring,Dc,Sc,0.31828,0.31828,42
H2.K21,seasonal,Spring,Sc,Ua,-0.298276,0.298276,43
H2.K21,seasonal,Spring,H,Igm,0.294375,0.294375,44
H2.K21,seasonal,Spring,H,Igc,0.289618,0.289618,45
H2.K21,seasonal,Spring,P,Ua,-0.280294,0.280294,46
H2.K21,seasonal,Spring,qv,Ua,-0.277627,0.277627,47
H2.K21,seasonal,Spring,Sc,rho,-0.258947,0.258947,48
H2.K21,seasonal,Spring,P,Ah,0.247376,0.247376,49
H2.K21,seasonal,Spring,P,Dp,0.243656,0.243656,50
H2.K21,seasonal,Spring,Tvl,Ta,-0.226936,0.226936,51
H2.K21,seasonal,Spring,Tvl,H,-0.222731,0.222731,52
H2.K21,seasonal,Spring,Trl,Ta,-0.21865,0.21865,53
H2.K21,seasonal,Spring,Trl,H,-0.21746,0.21746,54
H2.K21,seasonal,Spring,qv,Dp,0.216931,0.216931,55
H2.K21,seasonal,Spring,qv,Ah,0.202837,0.202837,56
H2.K21,seasonal,Spring,Tvl,rho,0.197141,0.197141,57
H2.K21,seasonal,Spring,Sc,Ta,0.188914,0.188914,58
H2.K21,seasonal,Spring,Trl,rho,0.188895,0.188895,59
H2.K21,seasonal,Spring,Tdiff,Igm,-0.17941,0.17941,60
H2.K21,seasonal,Spring,Tdiff,Igc,-0.177572,0.177572,61
H2.K21,seasonal,Spring,V,qv,0.173721,0.173721,62
H2.K21,seasonal,Spring,Tvl,Dp,-0.171992,0.171992,63
H2.K21,seasonal,Spring,W,qv,0.171517,0.171517,64
H2.K21,seasonal,Spring,Trl,Dp,-0.171201,0.171201,65
H2.K21,seasonal,Spring,Dc,Dp,0.170658,0.170658,66
H2.K21,seasonal,Spring,H,Ua,-0.165858,0.165858,67
H2.K21,seasonal,Spring,Trl,Ah,-0.160498,0.160498,68
H2.K21,seasonal,Spring,Tvl,Ah,-0.160122,0.160122,69
H2.K21,seasonal,Spring,Tdiff,qv,-0.154878,0.154878,70
H2.K21,seasonal,Spring,Trl,W,-0.153189,0.153189,71
H2.K21,seasonal,Spring,Tvl,W,-0.152954,0.152954,72
H2.K21,seasonal,Spring,Trl,V,-0.15242,0.15242,73
H2.K21,seasonal,Spring,Tvl,V,-0.152178,0.152178,74
H2.K21,seasonal,Spring,Tdiff,Sc,-0.143947,0.143947,75
H2.K21,seasonal,Spring,Ah,Dc,0.14226,0.14226,76
H2.K21,seasonal,Spring,V,rho,0.134251,0.134251,77
H2.K21,seasonal,Spring,W,rho,0.133826,0.133826,78
H2.K21,seasonal,Spring,Dc,rho,-0.116968,0.116968,79
H2.K21,seasonal,Spring,Dc,H,0.102909,0.102909,80
H2.K21,seasonal,Spring,Tdiff,Ua,0.099524,0.099524,81
H2.K21,seasonal,Spring,Dc,Ua,0.094734,0.094734,82
H2.K21,seasonal,Spring,P,Sc,0.090762,0.090762,83
H2.K21,seasonal,Spring,Tvl,Igm,-0.088104,0.088104,84
H2.K21,seasonal,Spring,H,Sc,0.087529,0.087529,85
H2.K21,seasonal,Spring,Tdiff,Tvl,0.086482,0.086482,86
H2.K21,seasonal,Spring,Tvl,Igc,-0.085947,0.085947,87
H2.K21,seasonal,Spring,W,H,-0.081113,0.081113,88
H2.K21,seasonal,Spring,Ah,Sc,-0.079181,0.079181,89
H2.K21,seasonal,Spring,V,H,-0.07887,0.07887,90
H2.K21,seasonal,Spring,V,Ah,-0.077916,0.077916,91
H2.K21,seasonal,Spring,W,Ah,-0.077782,0.077782,92
H2.K21,seasonal,Spring,Trl,Igm,-0.074633,0.074633,93
H2.K21,seasonal,Spring,Tvl,Ua,0.073132,0.073132,94
H2.K21,seasonal,Spring,Trl,Igc,-0.072728,0.072728,95
H2.K21,seasonal,Spring,Trl,Ua,0.064939,0.064939,96
H2.K21,seasonal,Spring,W,Dp,-0.062551,0.062551,97
H2.K21,seasonal,Spring,W,Ta,-0.061993,0.061993,98
H2.K21,seasonal,Spring,V,Dp,-0.061747,0.061747,99
H2.K21,seasonal,Spring,V,Ta,-0.058201,0.058201,100
H2.K21,seasonal,Spring,Dp,Sc,-0.055832,0.055832,101
H2.K21,seasonal,Spring,Tdiff,Ta,-0.055627,0.055627,102
H2.K21,seasonal,Spring,W,Sc,0.055078,0.055078,103
H2.K21,seasonal,Spring,Dc,Ta,0.05499,0.05499,104
H2.K21,seasonal,Spring,V,Sc,0.05415,0.05415,105
H2.K21,seasonal,Spring,qv,Sc,0.052961,0.052961,106
H2.K21,seasonal,Spring,Tdiff,rho,0.05285,0.05285,107
H2.K21,seasonal,Spring,Trl,Dc,0.044226,0.044226,108
H2.K21,seasonal,Spring,Tdiff,Dp,0.043996,0.043996,109
H2.K21,seasonal,Spring,Tdiff,Dc,-0.039532,0.039532,110
H2.K21,seasonal,Spring,Tvl,Dc,0.03949,0.03949,111
H2.K21,seasonal,Spring,Tdiff,Ah,0.036229,0.036229,112
H2.K21,seasonal,Spring,Trl,Sc,0.03567,0.03567,113
H2.K21,seasonal,Spring,Tdiff,V,-0.034963,0.034963,114
H2.K21,seasonal,Spring,Tdiff,W,-0.034364,0.034364,115
H2.K21,seasonal,Spring,Ah,Igm,-0.032838,0.032838,116
H2.K21,seasonal,Spring,Ah,Igc,-0.030898,0.030898,117
H2.K21,seasonal,Spring,qv,Dc,-0.026397,0.026397,118
H2.K21,seasonal,Spring,Tvl,Sc,0.022003,0.022003,119
H2.K21,seasonal,Spring,Tdiff,H,-0.021814,0.021814,120
H2.K21,seasonal,Spring,V,Dc,0.02155,0.02155,121
H2.K21,seasonal,Spring,P,V,0.018693,0.018693,122
H2.K21,seasonal,Spring,W,Dc,0.017183,0.017183,123
H2.K21,seasonal,Spring,P,W,0.015749,0.015749,124
H2.K21,seasonal,Spring,Dc,Igc,-0.014396,0.014396,125
H2.K21,seasonal,Spring,Dc,Igm,-0.012393,0.012393,126
H2.K21,seasonal,Spring,P,Dc,-0.009263,0.009263,127
H2.K21,seasonal,Spring,V,Ua,-0.009097,0.009097,128
H2.K21,seasonal,Spring,Tdiff,Trl,0.007033,0.007033,129
H2.K21,seasonal,Spring,W,Ua,-0.005488,0.005488,130
H2.K21,seasonal,Spring,Dp,Igm,-0.004573,0.004573,131
H2.K21,seasonal,Spring,Dp,Igc,-0.00319,0.00319,132
H2.K21,seasonal,Spring,W,Igm,-0.002984,0.002984,133
H2.K21,seasonal,Spring,W,Igc,-0.002772,0.002772,134
H2.K21,seasonal,Spring,V,Igm,-0.000141,0.000141,135
H2.K21,seasonal,Spring,V,Igc,5.3e-05,5.3e-05,136
H2.K21,seasonal,Summer,Igc,Igm,0.99892,0.99892,1
H2.K21,seasonal,Summer,V,W,0.997542,0.997542,2
H2.K21,seasonal,Summer,Trl,Tvl,0.994526,0.994526,3
H2.K21,seasonal,Summer,Ah,Dp,0.990053,0.990053,4
H2.K21,seasonal,Summer,Ta,rho,-0.957518,0.957518,5
H2.K21,seasonal,Summer,P,Tdiff,-0.914666,0.914666,6
H2.K21,seasonal,Summer,H,rho,-0.806397,0.806397,7
H2.K21,seasonal,Summer,Ta,Ua,-0.773207,0.773207,8
H2.K21,seasonal,Summer,Dp,H,0.752169,0.752169,9
H2.K21,seasonal,Summer,H,Ta,0.735592,0.735592,10
H2.K21,seasonal,Summer,P,qv,0.721543,0.721543,11
H2.K21,seasonal,Summer,Ah,H,0.708281,0.708281,12
H2.K21,seasonal,Summer,Ua,rho,0.64861,0.64861,13
H2.K21,seasonal,Summer,P,Ta,0.640283,0.640283,14
H2.K21,seasonal,Summer,Tdiff,qv,-0.630187,0.630187,15
H2.K21,seasonal,Summer,P,rho,-0.595263,0.595263,16
H2.K21,seasonal,Summer,Igm,Ua,-0.577177,0.577177,17
H2.K21,seasonal,Summer,Ah,Ua,0.571191,0.571191,18
H2.K21,seasonal,Summer,Tdiff,Ta,-0.569576,0.569576,19
H2.K21,seasonal,Summer,Igc,Ua,-0.566101,0.566101,20
H2.K21,seasonal,Summer,qv,Ta,0.557189,0.557189,21
H2.K21,seasonal,Summer,Igm,Ta,0.548354,0.548354,22
H2.K21,seasonal,Summer,P,Igm,0.547642,0.547642,23
H2.K21,seasonal,Summer,qv,Ua,-0.544814,0.544814,24
H2.K21,seasonal,Summer,P,Igc,0.541733,0.541733,25
H2.K21,seasonal,Summer,Tdiff,rho,0.538342,0.538342,26
H2.K21,seasonal,Summer,Igc,Ta,0.537206,0.537206,27
H2.K21,seasonal,Summer,qv,Igm,0.532189,0.532189,28
H2.K21,seasonal,Summer,qv,Igc,0.528717,0.528717,29
H2.K21,seasonal,Summer,P,Ua,-0.526245,0.526245,30
H2.K21,seasonal,Summer,Igm,Sc,0.512751,0.512751,31
H2.K21,seasonal,Summer,Dp,Ua,0.510588,0.510588,32
H2.K21,seasonal,Summer,qv,rho,-0.508462,0.508462,33
H2.K21,seasonal,Summer,Igc,Sc,0.507091,0.507091,34
H2.K21,seasonal,Summer,Tvl,qv,-0.495482,0.495482,35
H2.K21,seasonal,Summer,Tdiff,Igm,-0.493727,0.493727,36
H2.K21,seasonal,Summer,Tdiff,Igc,-0.488453,0.488453,37
H2.K21,seasonal,Summer,Igm,rho,-0.468899,0.468899,38
H2.K21,seasonal,Summer,Igc,rho,-0.458128,0.458128,39
H2.K21,seasonal,Summer,Trl,qv,-0.448803,0.448803,40
H2.K21,seasonal,Summer,Tdiff,Ua,0.440192,0.440192,41
H2.K21,seasonal,Summer,Dc,Sc,0.43801,0.43801,42
H2.K21,seasonal,Summer,Tdiff,Tvl,0.427333,0.427333,43
H2.K21,seasonal,Summer,P,H,0.425869,0.425869,44
H2.K21,seasonal,Summer,Sc,Ua,-0.422939,0.422939,45
H2.K21,seasonal,Summer,P,Tvl,-0.42054,0.42054,46
H2.K21,seasonal,Summer,Tdiff,H,-0.412126,0.412126,47
H2.K21,seasonal,Summer,Sc,rho,-0.369427,0.369427,48
H2.K21,seasonal,Summer,Sc,Ta,0.364111,0.364111,49
H2.K21,seasonal,Summer,qv,Sc,0.35377,0.35377,50
H2.K21,seasonal,Summer,P,Trl,-0.341834,0.341834,51
H2.K21,seasonal,Summer,Tdiff,Trl,0.339781,0.339781,52
H2.K21,seasonal,Summer,qv,H,0.316741,0.316741,53
H2.K21,seasonal,Summer,P,Sc,0.303353,0.303353,54
H2.K21,seasonal,Summer,Tdiff,Sc,-0.280685,0.280685,55
H2.K21,seasonal,Summer,Dp,rho,-0.257069,0.257069,56
H2.K21,seasonal,Summer,H,Igm,0.246112,0.246112,57
H2.K21,seasonal,Summer,H,Igc,0.241471,0.241471,58
H2.K21,seasonal,Summer,Ah,Igm,-0.206957,0.206957,59
H2.K21,seasonal,Summer,Ah,Igc,-0.202138,0.202138,60
H2.K21,seasonal,Summer,Ah,rho,-0.187629,0.187629,61
H2.K21,seasonal,Summer,Ah,Sc,-0.179084,0.179084,62
H2.K21,seasonal,Summer,W,qv,-0.169655,0.169655,63
H2.K21,seasonal,Summer,V,qv,-0.167167,0.167167,64
H2.K21,seasonal,Summer,Dp,Igm,-0.165816,0.165816,65
H2.K21,seasonal,Summer,Dp,Igc,-0.161662,0.161662,66
H2.K21,seasonal,Summer,H,Ua,-0.160441,0.160441,67
H2.K21,seasonal,Summer,Trl,W,-0.15201,0.15201,68
H2.K21,seasonal,Summer,Dp,Sc,-0.150627,0.150627,69
H2.K21,seasonal,Summer,Tvl,W,-0.144779,0.144779,70
H2.K21,seasonal,Summer,Trl,V,-0.143851,0.143851,71
H2.K21,seasonal,Summer,H,Sc,0.138292,0.138292,72
H2.K21,seasonal,Summer,Tvl,V,-0.136301,0.136301,73
H2.K21,seasonal,Summer,Tvl,Igm,-0.125345,0.125345,74
H2.K21,seasonal,Summer,Tvl,Igc,-0.125181,0.125181,75
H2.K21,seasonal,Summer,Tvl,rho,0.121661,0.121661,76
H2.K21,seasonal,Summer,Tvl,Ua,0.118128,0.118128,77
H2.K21,seasonal,Summer,Tvl,Ta,-0.115527,0.115527,78
H2.K21,seasonal,Summer,Dp,Ta,0.115366,0.115366,79
H2.K21,seasonal,Summer,qv,Ah,-0.114292,0.114292,80
H2.K21,seasonal,Summer,Dc,Igm,0.108192,0.108192,81
H2.K21,seasonal,Summer,Dc,Igc,0.104771,0.104771,82
H2.K21,seasonal,Summer,Dc,Ua,-0.10364,0.10364,83
H2.K21,seasonal,Summer,qv,Dp,-0.079089,0.079089,84
H2.K21,seasonal,Summer,Trl,Igc,-0.078631,0.078631,85
H2.K21,seasonal,Summer,Trl,Igm,-0.07824,0.07824,86
H2.K21,seasonal,Summer,Tvl,H,-0.076784,0.076784,87
H2.K21,seasonal,Summer,Tvl,Sc,-0.076729,0.076729,88
H2.K21,seasonal,Summer,Trl,Ua,0.076716,0.076716,89
H2.K21,seasonal,Summer,Trl,rho,0.069834,0.069834,90
H2.K21,seasonal,Summer,P,V,-0.066606,0.066606,91
H2.K21,seasonal,Summer,W,Sc,0.066179,0.066179,92
H2.K21,seasonal,Summer,V,Sc,0.065125,0.065125,93
H2.K21,seasonal,Summer,P,W,-0.063595,0.063595,94
H2.K21,seasonal,Summer,Trl,Ta,-0.060063,0.060063,95
H2.K21,seasonal,Summer,Dc,Ta,0.059937,0.059937,96
H2.K21,seasonal,Summer,Dc,rho,-0.058781,0.058781,97
H2.K21,seasonal,Summer,qv,Dc,0.054173,0.054173,98
H2.K21,seasonal,Summer,Ah,Dc,-0.052288,0.052288,99
H2.K21,seasonal,Summer,Trl,Sc,-0.050277,0.050277,100
H2.K21,seasonal,Summer,Tdiff,Dp,-0.04958,0.04958,101
H2.K21,seasonal,Summer,Trl,Dc,0.048485,0.048485,102
H2.K21,seasonal,Summer,Dc,Dp,-0.044739,0.044739,103
H2.K21,seasonal,Summer,Tvl,Dc,0.044077,0.044077,104
H2.K21,seasonal,Summer,Ah,Ta,0.043195,0.043195,105
H2.K21,seasonal,Summer,P,Ah,-0.040524,0.040524,106
H2.K21,seasonal,Summer,V,Ta,-0.036609,0.036609,107
H2.K21,seasonal,Summer,Trl,H,-0.0365,0.0365,108
H2.K21,seasonal,Summer,Tdiff,Dc,-0.035014,0.035014,109
H2.K21,seasonal,Summer,V,Ua,0.032716,0.032716,110
H2.K21,seasonal,Summer,W,Igm,-0.032042,0.032042,111
H2.K21,seasonal,Summer,W,Igc,-0.03172,0.03172,112
H2.K21,seasonal,Summer,W,Ta,-0.031149,0.031149,113
H2.K21,seasonal,Summer,P,Dc,0.030996,0.030996,114
H2.K21,seasonal,Summer,W,Ua,0.030744,0.030744,115
H2.K21,seasonal,Summer,V,Igm,-0.028232,0.028232,116
H2.K21,seasonal,Summer,V,rho,0.028178,0.028178,117
H2.K21,seasonal,Summer,V,Igc,-0.027905,0.027905,118
H2.K21,seasonal,Summer,W,rho,0.0207,0.0207,119
H2.K21,seasonal,Summer,Trl,Dp,0.01866,0.01866,120
H2.K21,seasonal,Summer,W,Ah,0.017493,0.017493,121
H2.K21,seasonal,Summer,V,H,-0.016936,0.016936,122
H2.K21,seasonal,Summer,Tdiff,V,0.016634,0.016634,123
H2.K21,seasonal,Summer,Tvl,Dp,0.013047,0.013047,124
H2.K21,seasonal,Summer,V,Ah,0.012735,0.012735,125
H2.K21,seasonal,Summer,Tdiff,Ah,-0.012469,0.012469,126
H2.K21,seasonal,Summer,Tdiff,W,0.01139,0.01139,127
H2.K21,seasonal,Summer,Trl,Ah,0.010787,0.010787,128
H2.K21,seasonal,Summer,W,H,-0.009753,0.009753,129
H2.K21,seasonal,Summer,W,Dp,0.00975,0.00975,130
H2.K21,seasonal,Summer,Tvl,Ah,0.009249,0.009249,131
H2.K21,seasonal,Summer,Dc,H,0.007497,0.007497,132
H2.K21,seasonal,Summer,V,Dc,-0.006097,0.006097,133
H2.K21,seasonal,Summer,V,Dp,0.004914,0.004914,134
H2.K21,seasonal,Summer,W,Dc,-0.004454,0.004454,135
H2.K21,seasonal,Summer,P,Dp,0.002676,0.002676,136
H2.K21,seasonal,Autumn,Igc,Igm,0.999113,0.999113,1
H2.K21,seasonal,Autumn,V,W,0.996549,0.996549,2
H2.K21,seasonal,Autumn,Trl,Tvl,0.994039,0.994039,3
H2.K21,seasonal,Autumn,Ah,Dp,0.987039,0.987039,4
H2.K21,seasonal,Autumn,H,Ta,0.953577,0.953577,5
H2.K21,seasonal,Autumn,Dp,H,0.942881,0.942881,6
H2.K21,seasonal,Autumn,Ah,H,0.924598,0.924598,7
H2.K21,seasonal,Autumn,Ta,rho,-0.917983,0.917983,8
H2.K21,seasonal,Autumn,H,rho,-0.906511,0.906511,9
H2.K21,seasonal,Autumn,Dp,Ta,0.811729,0.811729,10
H2.K21,seasonal,Autumn,Dp,rho,-0.801137,0.801137,11
H2.K21,seasonal,Autumn,Ah,Ta,0.767727,0.767727,12
H2.K21,seasonal,Autumn,Ah,rho,-0.761234,0.761234,13
H2.K21,seasonal,Autumn,P,qv,0.677371,0.677371,14
H2.K21,seasonal,Autumn,Ta,Ua,-0.65567,0.65567,15
H2.K21,seasonal,Autumn,Tvl,qv,-0.642316,0.642316,16
H2.K21,seasonal,Autumn,Trl,qv,-0.634882,0.634882,17
H2.K21,seasonal,Autumn,Igm,Ua,-0.627136,0.627136,18
H2.K21,seasonal,Autumn,Igc,Ua,-0.615643,0.615643,19
H2.K21,seasonal,Autumn,V,qv,-0.567834,0.567834,20
H2.K21,seasonal,Autumn,W,qv,-0.536582,0.536582,21
H2.K21,seasonal,Autumn,Ua,rho,0.53441,0.53441,22
H2.K21,seasonal,Autumn,Igm,Ta,0.5204,0.5204,23
H2.K21,seasonal,Autumn,P,Ua,-0.520309,0.520309,24
H2.K21,seasonal,Autumn,Igc,Ta,0.512996,0.512996,25
H2.K21,seasonal,Autumn,P,Tvl,-0.501173,0.501173,26
H2.K21,seasonal,Autumn,P,Ta,0.469342,0.469342,27
H2.K21,seasonal,Autumn,P,Trl,-0.467596,0.467596,28
H2.K21,seasonal,Autumn,P,Igm,0.463696,0.463696,29
H2.K21,seasonal,Autumn,qv,Ua,-0.459906,0.459906,30
H2.K21,seasonal,Autumn,P,Igc,0.457378,0.457378,31
H2.K21,seasonal,Autumn,P,Tdiff,-0.439864,0.439864,32
H2.K21,seasonal,Autumn,Dc,Sc,0.431924,0.431924,33
H2.K21,seasonal,Autumn,H,Ua,-0.412742,0.412742,34
H2.K21,seasonal,Autumn,Igm,rho,-0.408852,0.408852,35
H2.K21,seasonal,Autumn,Igc,rho,-0.40205,0.40205,36
H2.K21,seasonal,Autumn,H,Igm,0.383932,0.383932,37
H2.K21,seasonal,Autumn,H,Igc,0.379654,0.379654,38
H2.K21,seasonal,Autumn,P,rho,-0.367417,0.367417,39
H2.K21,seasonal,Autumn,P,H,0.360047,0.360047,40
H2.K21,seasonal,Autumn,qv,Igm,0.34838,0.34838,41
H2.K21,seasonal,Autumn,qv,Igc,0.343239,0.343239,42
H2.K21,seasonal,Autumn,Sc,Ua,-0.334778,0.334778,43
H2.K21,seasonal,Autumn,Igm,Sc,0.310161,0.310161,44
H2.K21,seasonal,Autumn,Igc,Sc,0.305924,0.305924,45
H2.K21,seasonal,Autumn,Tvl,Ua,0.299487,0.299487,46
H2.K21,seasonal,Autumn,qv,Ta,0.299117,0.299117,47
H2.K21,seasonal,Autumn,Sc,rho,-0.289827,0.289827,48
H2.K21,seasonal,Autumn,Trl,Ua,0.283831,0.283831,49
H2.K21,seasonal,Autumn,Tdiff,Igm,-0.25536,0.25536,50
H2.K21,seasonal,Autumn,Tvl,V,0.25495,0.25495,51
H2.K21,seasonal,Autumn,Tdiff,Igc,-0.252249,0.252249,52
H2.K21,seasonal,Autumn,Trl,V,0.24976,0.24976,53
H2.K21,seasonal,Autumn,Tvl,Ta,-0.222462,0.222462,54
H2.K21,seasonal,Autumn,Tdiff,Ua,0.218024,0.218024,55
H2.K21,seasonal,Autumn,Tvl,W,0.217678,0.217678,56
H2.K21,seasonal,Autumn,Trl,Ta,-0.215373,0.215373,57
H2.K21,seasonal,Autumn,Trl,W,0.211562,0.211562,58
H2.K21,seasonal,Autumn,P,V,-0.208183,0.208183,59
H2.K21,seasonal,Autumn,Dp,Igm,0.196494,0.196494,60
H2.K21,seasonal,Autumn,Dp,Igc,0.196293,0.196293,61
H2.K21,seasonal,Autumn,Tdiff,Tvl,0.191814,0.191814,62
H2.K21,seasonal,Autumn,Sc,Ta,0.191562,0.191562,63
H2.K21,seasonal,Autumn,qv,H,0.189321,0.189321,64
H2.K21,seasonal,Autumn,P,W,-0.186428,0.186428,65
H2.K21,seasonal,Autumn,P,Dp,0.178926,0.178926,66
H2.K21,seasonal,Autumn,qv,rho,-0.172193,0.172193,67
H2.K21,seasonal,Autumn,W,Ah,0.17108,0.17108,68
H2.K21,seasonal,Autumn,Tdiff,Sc,-0.171029,0.171029,69
H2.K21,seasonal,Autumn,Tvl,H,-0.169366,0.169366,70
H2.K21,seasonal,Autumn,Trl,H,-0.167314,0.167314,71
H2.K21,seasonal,Autumn,P,Ah,0.164611,0.164611,72
H2.K21,seasonal,Autumn,Dc,rho,-0.164467,0.164467,73
H2.K21,seasonal,Autumn,V,Ah,0.164428,0.164428,74
H2.K21,seasonal,Autumn,Ah,Igc,0.159254,0.159254,75
H2.K21,seasonal,Autumn,Ah,Igm,0.15882,0.15882,76
H2.K21,seasonal,Autumn,Tdiff,qv,-0.158777,0.158777,77
H2.K21,seasonal,Autumn,W,Dp,0.157819,0.157819,78
H2.K21,seasonal,Autumn,V,Dp,0.150376,0.150376,79
H2.K21,seasonal,Autumn,Dc,Ta,0.13706,0.13706,80
H2.K21,seasonal,Autumn,Tvl,Igm,-0.136464,0.136464,81
H2.K21,seasonal,Autumn,Tvl,Igc,-0.133767,0.133767,82
H2.K21,seasonal,Autumn,Dc,Ua,-0.129041,0.129041,83
H2.K21,seasonal,Autumn,Tdiff,Ta,-0.128919,0.128919,84
H2.K21,seasonal,Autumn,P,Sc,0.120621,0.120621,85
H2.K21,seasonal,Autumn,Dc,H,0.120571,0.120571,86
H2.K21,seasonal,Autumn,W,H,0.116801,0.116801,87
H2.K21,seasonal,Autumn,Trl,Igm,-0.115795,0.115795,88
H2.K21,seasonal,Autumn,Tvl,rho,0.115301,0.115301,89
H2.K21,seasonal,Autumn,Dc,Igm,0.11459,0.11459,90
H2.K21,seasonal,Autumn,V,Ua,0.113723,0.113723,91
H2.K21,seasonal,Autumn,Trl,Igc,-0.11335,0.11335,92
H2.K21,seasonal,Autumn,H,Sc,0.112905,0.112905,93
H2.K21,seasonal,Autumn,Dc,Igc,0.112691,0.112691,94
H2.K21,seasonal,Autumn,Trl,rho,0.109658,0.109658,95
H2.K21,seasonal,Autumn,W,rho,-0.108218,0.108218,96
H2.K21,seasonal,Autumn,V,H,0.105889,0.105889,97
H2.K21,seasonal,Autumn,Tdiff,Trl,0.103366,0.103366,98
H2.K21,seasonal,Autumn,Tdiff,rho,0.102373,0.102373,99
H2.K21,seasonal,Autumn,Dp,Ua,-0.1022,0.1022,100
H2.K21,seasonal,Autumn,W,Sc,0.101023,0.101023,101
H2.K21,seasonal,Autumn,W,Ua,0.100675,0.100675,102
H2.K21,seasonal,Autumn,V,Sc,0.097497,0.097497,103
H2.K21,seasonal,Autumn,Dc,Dp,0.096485,0.096485,104
H2.K21,seasonal,Autumn,V,rho,-0.094483,0.094483,105
H2.K21,seasonal,Autumn,Ah,Dc,0.082527,0.082527,106
H2.K21,seasonal,Autumn,Trl,Ah,-0.082137,0.082137,107
H2.K21,seasonal,Autumn,Tvl,Ah,-0.077108,0.077108,108
H2.K21,seasonal,Autumn,Tdiff,W,0.072504,0.072504,109
H2.K21,seasonal,Autumn,Trl,Dp,-0.070449,0.070449,110
H2.K21,seasonal,Autumn,Tdiff,H,-0.069245,0.069245,111
H2.K21,seasonal,Autumn,Tdiff,V,0.067544,0.067544,112
H2.K21,seasonal,Autumn,Tdiff,Dc,-0.067067,0.067067,113
H2.K21,seasonal,Autumn,Tvl,Dp,-0.066438,0.066438,114
H2.K21,seasonal,Autumn,W,Ta,0.058591,0.058591,115
H2.K21,seasonal,Autumn,qv,Sc,0.050934,0.050934,116
H2.K21,seasonal,Autumn,V,Ta,0.045613,0.045613,117
H2.K21,seasonal,Autumn,Ah,Ua,-0.045406,0.045406,118
H2.K21,seasonal,Autumn,Trl,Dc,0.044678,0.044678,119
H2.K21,seasonal,Autumn,V,Dc,0.042198,0.042198,120
H2.K21,seasonal,Autumn,W,Dc,0.042196,0.042196,121
H2.K21,seasonal,Autumn,P,Dc,0.039825,0.039825,122
H2.K21,seasonal,Autumn,Tvl,Dc,0.039366,0.039366,123
H2.K21,seasonal,Autumn,Trl,Sc,0.031453,0.031453,124
H2.K21,seasonal,Autumn,qv,Dp,0.023588,0.023588,125
H2.K21,seasonal,Autumn,Tdiff,Ah,0.020751,0.020751,126
H2.K21,seasonal,Autumn,qv,Ah,0.019819,0.019819,127
H2.K21,seasonal,Autumn,Tvl,Sc,0.016978,0.016978,128
H2.K21,seasonal,Autumn,Dp,Sc,0.01624,0.01624,129
H2.K21,seasonal,Autumn,Ah,Sc,-0.011222,0.011222,130
H2.K21,seasonal,Autumn,Tdiff,Dp,0.010173,0.010173,131
H2.K21,seasonal,Autumn,V,Igc,-0.006225,0.006225,132
H2.K21,seasonal,Autumn,V,Igm,-0.006072,0.006072,133
H2.K21,seasonal,Autumn,W,Igc,-0.002629,0.002629,134
H2.K21,seasonal,Autumn,W,Igm,-0.002477,0.002477,135
H2.K21,seasonal,Autumn,qv,Dc,-0.002113,0.002113,136
H1.W11,seasonal,Winter,V,W,0.99957,0.99957,1
H1.W11,seasonal,Winter,Igc,Igm,0.999017,0.999017,2
H1.W11,seasonal,Winter,Ah,Dp,0.979601,0.979601,3
H1.W11,seasonal,Winter,H,Ta,0.968818,0.968818,4
H1.W11,seasonal,Winter,Ah,H,0.940929,0.940929,5
H1.W11,seasonal,Winter,Dp,H,0.939106,0.939106,6
H1.W11,seasonal,Winter,H,rho,-0.853877,0.853877,7
H1.W11,seasonal,Winter,Trl,Tvl,0.852397,0.852397,8
H1.W11,seasonal,Winter,P,Tdiff,0.84527,0.84527,9
H1.W11,seasonal,Winter,Dp,Ta,0.844408,0.844408,10
H1.W11,seasonal,Winter,Ta,rho,-0.840724,0.840724,11
H1.W11,seasonal,Winter,Ah,Ta,0.828603,0.828603,12
H1.W11,seasonal,Winter,Dp,rho,-0.775085,0.775085,13
H1.W11,seasonal,Winter,Ah,rho,-0.766467,0.766467,14
H1.W11,seasonal,Winter,Tdiff,Trl,-0.544841,0.544841,15
H1.W11,seasonal,Winter,Sc,rho,-0.502751,0.502751,16
H1.W11,seasonal,Winter,Dc,Sc,0.478647,0.478647,17
H1.W11,seasonal,Winter,Igm,Ua,-0.477417,0.477417,18
H1.W11,seasonal,Winter,Igc,Ua,-0.46835,0.46835,19
H1.W11,seasonal,Winter,Sc,Ta,0.44448,0.44448,20
H1.W11,seasonal,Winter,P,Ta,-0.437554,0.437554,21
H1.W11,seasonal,Winter,P,H,-0.429427,0.429427,22
H1.W11,seasonal,Winter,Tdiff,Ta,-0.424377,0.424377,23
H1.W11,seasonal,Winter,Tdiff,H,-0.413301,0.413301,24
H1.W11,seasonal,Winter,Trl,qv,0.405129,0.405129,25
H1.W11,seasonal,Winter,H,Sc,0.39761,0.39761,26
H1.W11,seasonal,Winter,P,Ah,-0.378291,0.378291,27
H1.W11,seasonal,Winter,Tdiff,Dp,-0.376098,0.376098,28
H1.W11,seasonal,Winter,P,Dp,-0.374145,0.374145,29
H1.W11,seasonal,Winter,Tdiff,qv,-0.365852,0.365852,30
H1.W11,seasonal,Winter,Tdiff,Ah,-0.362901,0.362901,31
H1.W11,seasonal,Winter,P,Trl,-0.358554,0.358554,32
H1.W11,seasonal,Winter,Dp,Ua,0.34595,0.34595,33
H1.W11,seasonal,Winter,Dc,Ta,0.3426,0.3426,34
H1.W11,seasonal,Winter,Ah,Ua,0.337418,0.337418,35
H1.W11,seasonal,Winter,Dc,H,0.332968,0.332968,36
H1.W11,seasonal,Winter,Dc,Dp,0.322171,0.322171,37
H1.W11,seasonal,Winter,Dc,rho,-0.308297,0.308297,38
H1.W11,seasonal,Winter,Sc,Ua,-0.307494,0.307494,39
H1.W11,seasonal,Winter,Tvl,Ta,-0.306811,0.306811,40
H1.W11,seasonal,Winter,P,rho,0.304409,0.304409,41
H1.W11,seasonal,Winter,Tvl,H,-0.30176,0.30176,42
H1.W11,seasonal,Winter,Ah,Dc,0.288559,0.288559,43
H1.W11,seasonal,Winter,Tdiff,rho,0.278873,0.278873,44
H1.W11,seasonal,Winter,Ah,Sc,0.278309,0.278309,45
H1.W11,seasonal,Winter,Tvl,rho,0.276347,0.276347,46
H1.W11,seasonal,Winter,Dp,Sc,0.274353,0.274353,47
H1.W11,seasonal,Winter,Tvl,Ah,-0.262561,0.262561,48
H1.W11,seasonal,Winter,Tvl,qv,0.255261,0.255261,49
H1.W11,seasonal,Winter,Tvl,Dp,-0.252288,0.252288,50
H1.W11,seasonal,Winter,Tvl,Sc,-0.246116,0.246116,51
H1.W11,seasonal,Winter,Ta,Ua,-0.203218,0.203218,52
H1.W11,seasonal,Winter,Tvl,Dc,-0.164369,0.164369,53
H1.W11,seasonal,Winter,Trl,Sc,-0.155926,0.155926,54
H1.W11,seasonal,Winter,Igm,Ta,0.150337,0.150337,55
H1.W11,seasonal,Winter,P,qv,0.14849,0.14849,56
H1.W11,seasonal,Winter,Igm,Sc,0.147435,0.147435,57
H1.W11,seasonal,Winter,Igc,Sc,0.144565,0.144565,58
H1.W11,seasonal,Winter,Igc,Ta,0.144416,0.144416,59
H1.W11,seasonal,Winter,P,Sc,-0.141191,0.141191,60
H1.W11,seasonal,Winter,V,Dp,0.133501,0.133501,61
H1.W11,seasonal,Winter,W,Dp,0.130387,0.130387,62
H1.W11,seasonal,Winter,V,Ah,0.129436,0.129436,63
H1.W11,seasonal,Winter,Dp,Igc,-0.128516,0.128516,64
H1.W11,seasonal,Winter,Dp,Igm,-0.128296,0.128296,65
H1.W11,seasonal,Winter,W,Ah,0.126333,0.126333,66
H1.W11,seasonal,Winter,Ah,Igm,-0.124443,0.124443,67
H1.W11,seasonal,Winter,Ah,Igc,-0.124431,0.124431,68
H1.W11,seasonal,Winter,P,Dc,-0.113374,0.113374,69
H1.W11,seasonal,Winter,Tdiff,Dc,-0.110515,0.110515,70
H1.W11,seasonal,Winter,V,H,0.106695,0.106695,71
H1.W11,seasonal,Winter,W,H,0.106545,0.106545,72
H1.W11,seasonal,Winter,W,qv,-0.099503,0.099503,73
H1.W11,seasonal,Winter,P,Tvl,0.099261,0.099261,74
H1.W11,seasonal,Winter,Tdiff,Sc,-0.096438,0.096438,75
H1.W11,seasonal,Winter,V,qv,-0.095648,0.095648,76
H1.W11,seasonal,Winter,V,Ua,0.087549,0.087549,77
H1.W11,seasonal,Winter,W,Ta,0.086656,0.086656,78
H1.W11,seasonal,Winter,Trl,rho,0.086042,0.086042,79
H1.W11,seasonal,Winter,V,Ta,0.084591,0.084591,80
H1.W11,seasonal,Winter,Tvl,Ua,0.083696,0.083696,81
H1.W11,seasonal,Winter,Trl,Dc,-0.079754,0.079754,82
H1.W11,seasonal,Winter,W,Ua,0.078253,0.078253,83
H1.W11,seasonal,Winter,W,Sc,0.073473,0.073473,84
H1.W11,seasonal,Winter,V,Sc,0.069656,0.069656,85
H1.W11,seasonal,Winter,P,Ua,0.066246,0.066246,86
H1.W11,seasonal,Winter,qv,Sc,-0.065877,0.065877,87
H1.W11,seasonal,Winter,qv,Dp,0.062765,0.062765,88
H1.W11,seasonal,Winter,Tvl,Igm,-0.058474,0.058474,89
H1.W11,seasonal,Winter,Tvl,Igc,-0.056249,0.056249,90
H1.W11,seasonal,Winter,Ua,rho,0.055847,0.055847,91
H1.W11,seasonal,Winter,P,V,-0.053094,0.053094,92
H1.W11,seasonal,Winter,P,W,-0.050583,0.050583,93
H1.W11,seasonal,Winter,Trl,Ua,0.050212,0.050212,94
H1.W11,seasonal,Winter,V,Igm,-0.049468,0.049468,95
H1.W11,seasonal,Winter,V,Igc,-0.049462,0.049462,96
H1.W11,seasonal,Winter,qv,Ta,0.047803,0.047803,97
H1.W11,seasonal,Winter,P,Igm,-0.044609,0.044609,98
H1.W11,seasonal,Winter,W,Igc,-0.0437,0.0437,99
H1.W11,seasonal,Winter,W,Igm,-0.0437,0.0437,100
H1.W11,seasonal,Winter,qv,H,0.04181,0.04181,101
H1.W11,seasonal,Winter,P,Igc,-0.041361,0.041361,102
H1.W11,seasonal,Winter,V,rho,-0.03921,0.03921,103
H1.W11,seasonal,Winter,qv,Ua,0.038775,0.038775,104
H1.W11,seasonal,Winter,Tdiff,Ua,0.037666,0.037666,105
H1.W11,seasonal,Winter,W,rho,-0.037548,0.037548,106
H1.W11,seasonal,Winter,Trl,H,-0.037008,0.037008,107
H1.W11,seasonal,Winter,H,Igm,0.036292,0.036292,108
H1.W11,seasonal,Winter,Trl,Ta,-0.035425,0.035425,109
H1.W11,seasonal,Winter,Trl,Igc,-0.034882,0.034882,110
H1.W11,seasonal,Winter,Trl,Igm,-0.034856,0.034856,111
H1.W11,seasonal,Winter,Dc,Ua,-0.034465,0.034465,112
H1.W11,seasonal,Winter,qv,Ah,0.034407,0.034407,113
H1.W11,seasonal,Winter,H,Igc,0.032682,0.032682,114
H1.W11,seasonal,Winter,Trl,Ah,-0.030534,0.030534,115
H1.W11,seasonal,Winter,Igm,rho,-0.029123,0.029123,116
H1.W11,seasonal,Winter,Tdiff,Tvl,-0.02651,0.02651,117
H1.W11,seasonal,Winter,Tdiff,Igm,-0.026277,0.026277,118
H1.W11,seasonal,Winter,Dc,Igc,-0.026067,0.026067,119
H1.W11,seasonal,Winter,Dc,Igm,-0.024997,0.024997,120
H1.W11,seasonal,Winter,Igc,rho,-0.024557,0.024557,121
H1.W11,seasonal,Winter,qv,Igc,-0.023436,0.023436,122
H1.W11,seasonal,Winter,Tdiff,Igc,-0.022646,0.022646,123
H1.W11,seasonal,Winter,qv,Igm,-0.022341,0.022341,124
H1.W11,seasonal,Winter,W,Dc,0.022039,0.022039,125
H1.W11,seasonal,Winter,H,Ua,0.021549,0.021549,126
H1.W11,seasonal,Winter,V,Dc,0.021318,0.021318,127
H1.W11,seasonal,Winter,Tdiff,W,0.019141,0.019141,128
H1.W11,seasonal,Winter,qv,Dc,0.017915,0.017915,129
H1.W11,seasonal,Winter,Trl,W,-0.015702,0.015702,130
H1.W11,seasonal,Winter,Trl,Dp,-0.015121,0.015121,131
H1.W11,seasonal,Winter,qv,rho,-0.014765,0.014765,132
H1.W11,seasonal,Winter,Tdiff,V,0.014565,0.014565,133
H1.W11,seasonal,Winter,Trl,V,-0.010435,0.010435,134
H1.W11,seasonal,Winter,Tvl,W,-0.006344,0.006344,135
H1.W11,seasonal,Winter,Tvl,V,-0.002925,0.002925,136
H1.W11,seasonal,Spring,V,W,0.999778,0.999778,1
H1.W11,seasonal,Spring,Igc,Igm,0.999067,0.999067,2
H1.W11,seasonal,Spring,Ah,Dp,0.976225,0.976225,3
H1.W11,seasonal,Spring,Ta,rho,-0.924847,0.924847,4
H1.W11,seasonal,Spring,H,Ta,0.917834,0.917834,5
H1.W11,seasonal,Spring,H,rho,-0.907176,0.907176,6
H1.W11,seasonal,Spring,Dp,H,0.860814,0.860814,7
H1.W11,seasonal,Spring,Ah,H,0.843659,0.843659,8
H1.W11,seasonal,Spring,P,Ta,-0.69988,0.69988,9
H1.W11,seasonal,Spring,P,H,-0.684288,0.684288,10
H1.W11,seasonal,Spring,Dp,rho,-0.682453,0.682453,11
H1.W11,seasonal,Spring,P,rho,0.678339,0.678339,12
H1.W11,seasonal,Spring,Trl,qv,0.670844,0.670844,13
H1.W11,seasonal,Spring,Tdiff,Trl,-0.645593,0.645593,14
H1.W11,seasonal,Spring,Ah,rho,-0.635594,0.635594,15
H1.W11,seasonal,Spring,Tdiff,qv,-0.623058,0.623058,16
H1.W11,seasonal,Spring,Dp,Ta,0.609649,0.609649,17
H1.W11,seasonal,Spring,Igm,Ua,-0.566801,0.566801,18
H1.W11,seasonal,Spring,Ah,Ta,0.561837,0.561837,19
H1.W11,seasonal,Spring,Igc,Ua,-0.556079,0.556079,20
H1.W11,seasonal,Spring,Trl,Tvl,0.55114,0.55114,21
H1.W11,seasonal,Spring,Ta,Ua,-0.523956,0.523956,22
H1.W11,seasonal,Spring,P,Dp,-0.507209,0.507209,23
H1.W11,seasonal,Spring,Tvl,rho,0.498042,0.498042,24
H1.W11,seasonal,Spring,P,Ah,-0.482641,0.482641,25
H1.W11,seasonal,Spring,Igm,Ta,0.476543,0.476543,26
H1.W11,seasonal,Spring,Igc,Ta,0.467881,0.467881,27
H1.W11,seasonal,Spring,Tvl,Ta,-0.461074,0.461074,28
H1.W11,seasonal,Spring,Tvl,H,-0.455534,0.455534,29
H1.W11,seasonal,Spring,P,qv,0.369969,0.369969,30
H1.W11,seasonal,Spring,Ah,Ua,0.369508,0.369508,31
H1.W11,seasonal,Spring,Igm,Sc,0.367633,0.367633,32
H1.W11,seasonal,Spring,Tdiff,V,0.366809,0.366809,33
H1.W11,seasonal,Spring,Igm,rho,-0.36468,0.36468,34
H1.W11,seasonal,Spring,Tdiff,W,0.36333,0.36333,35
H1.W11,seasonal,Spring,Igc,Sc,0.362256,0.362256,36
H1.W11,seasonal,Spring,Igc,rho,-0.356622,0.356622,37
H1.W11,seasonal,Spring,P,Tvl,0.356105,0.356105,38
H1.W11,seasonal,Spring,Ua,rho,0.35604,0.35604,39
H1.W11,seasonal,Spring,Dp,Ua,0.33805,0.33805,40
H1.W11,seasonal,Spring,P,Igm,-0.328763,0.328763,41
H1.W11,seasonal,Spring,P,Tdiff,0.324528,0.324528,42
H1.W11,seasonal,Spring,P,Igc,-0.323917,0.323917,43
H1.W11,seasonal,Spring,Tvl,Dp,-0.32142,0.32142,44
H1.W11,seasonal,Spring,V,qv,-0.319174,0.319174,45
H1.W11,seasonal,Spring,Tvl,Ah,-0.318707,0.318707,46
H1.W11,seasonal,Spring,Dc,Sc,0.31828,0.31828,47
H1.W11,seasonal,Spring,W,qv,-0.310444,0.310444,48
H1.W11,seasonal,Spring,Sc,Ua,-0.298276,0.298276,49
H1.W11,seasonal,Spring,H,Igm,0.294375,0.294375,50
H1.W11,seasonal,Spring,P,Ua,0.290623,0.290623,51
H1.W11,seasonal,Spring,H,Igc,0.289618,0.289618,52
H1.W11,seasonal,Spring,Tdiff,Ta,-0.288429,0.288429,53
H1.W11,seasonal,Spring,Tdiff,rho,0.281324,0.281324,54
H1.W11,seasonal,Spring,Tdiff,Tvl,0.281161,0.281161,55
H1.W11,seasonal,Spring,Tvl,Igm,-0.264802,0.264802,56
H1.W11,seasonal,Spring,Tvl,Igc,-0.261066,0.261066,57
H1.W11,seasonal,Spring,Sc,rho,-0.258947,0.258947,58
H1.W11,seasonal,Spring,qv,H,-0.254292,0.254292,59
H1.W11,seasonal,Spring,Tdiff,H,-0.250028,0.250028,60
H1.W11,seasonal,Spring,qv,Ah,-0.236752,0.236752,61
H1.W11,seasonal,Spring,qv,Dp,-0.22823,0.22823,62
H1.W11,seasonal,Spring,qv,rho,0.227411,0.227411,63
H1.W11,seasonal,Spring,qv,Ta,-0.216133,0.216133,64
H1.W11,seasonal,Spring,Tvl,Ua,0.196409,0.196409,65
H1.W11,seasonal,Spring,Tdiff,Ua,0.190048,0.190048,66
H1.W11,seasonal,Spring,Sc,Ta,0.188914,0.188914,67
H1.W11,seasonal,Spring,Tvl,W,0.183916,0.183916,68
H1.W11,seasonal,Spring,Tvl,V,0.180765,0.180765,69
H1.W11,seasonal,Spring,Trl,V,-0.176033,0.176033,70
H1.W11,seasonal,Spring,Tdiff,Igm,-0.171476,0.171476,71
H1.W11,seasonal,Spring,Dc,Dp,0.170658,0.170658,72
H1.W11,seasonal,Spring,Trl,W,-0.170511,0.170511,73
H1.W11,seasonal,Spring,Tdiff,Igc,-0.168575,0.168575,74
H1.W11,seasonal,Spring,H,Ua,-0.165858,0.165858,75
H1.W11,seasonal,Spring,Tvl,qv,0.162822,0.162822,76
H1.W11,seasonal,Spring,Trl,rho,0.150535,0.150535,77
H1.W11,seasonal,Spring,Trl,H,-0.14381,0.14381,78
H1.W11,seasonal,Spring,Ah,Dc,0.14226,0.14226,79
H1.W11,seasonal,Spring,Trl,Ah,-0.140911,0.140911,80
H1.W11,seasonal,Spring,Tdiff,Dp,-0.136633,0.136633,81
H1.W11,seasonal,Spring,Trl,Dp,-0.135877,0.135877,82
H1.W11,seasonal,Spring,Tdiff,Ah,-0.128378,0.128378,83
H1.W11,seasonal,Spring,Tvl,Sc,-0.127251,0.127251,84
H1.W11,seasonal,Spring,Dc,rho,-0.116968,0.116968,85
H1.W11,seasonal,Spring,Trl,Ta,-0.114929,0.114929,86
H1.W11,seasonal,Spring,P,Sc,-0.110756,0.110756,87
H1.W11,seasonal,Spring,W,rho,0.106486,0.106486,88
H1.W11,seasonal,Spring,V,rho,0.104777,0.104777,89
H1.W11,seasonal,Spring,Dc,H,0.102909,0.102909,90
H1.W11,seasonal,Spring,Dc,Ua,0.094734,0.094734,91
H1.W11,seasonal,Spring,Tdiff,Sc,-0.094395,0.094395,92
H1.W11,seasonal,Spring,H,Sc,0.087529,0.087529,93
H1.W11,seasonal,Spring,Ah,Sc,-0.079181,0.079181,94
H1.W11,seasonal,Spring,Trl,Igm,-0.0611,0.0611,95
H1.W11,seasonal,Spring,Trl,Igc,-0.060653,0.060653,96
H1.W11,seasonal,Spring,qv,Igm,-0.056577,0.056577,97
H1.W11,seasonal,Spring,Dp,Sc,-0.055832,0.055832,98
H1.W11,seasonal,Spring,qv,Igc,-0.055748,0.055748,99
H1.W11,seasonal,Spring,Dc,Ta,0.05499,0.05499,100
H1.W11,seasonal,Spring,qv,Dc,0.053783,0.053783,101
H1.W11,seasonal,Spring,W,H,-0.053684,0.053684,102
H1.W11,seasonal,Spring,V,H,-0.052114,0.052114,103
H1.W11,seasonal,Spring,W,Ah,-0.04755,0.04755,104
H1.W11,seasonal,Spring,V,Ah,-0.045284,0.045284,105
H1.W11,seasonal,Spring,W,Ta,-0.043085,0.043085,106
H1.W11,seasonal,Spring,V,Ta,-0.042402,0.042402,107
H1.W11,seasonal,Spring,V,Sc,0.040615,0.040615,108
H1.W11,seasonal,Spring,W,Sc,0.039818,0.039818,109
H1.W11,seasonal,Spring,W,Dp,-0.036931,0.036931,110
H1.W11,seasonal,Spring,V,Dp,-0.035053,0.035053,111
H1.W11,seasonal,Spring,Ah,Igm,-0.032838,0.032838,112
H1.W11,seasonal,Spring,Ah,Igc,-0.030898,0.030898,113
H1.W11,seasonal,Spring,Trl,Dc,0.030274,0.030274,114
H1.W11,seasonal,Spring,P,Dc,-0.023677,0.023677,115
H1.W11,seasonal,Spring,qv,Sc,0.02176,0.02176,116
H1.W11,seasonal,Spring,P,V,-0.021125,0.021125,117
H1.W11,seasonal,Spring,Tvl,Dc,0.020225,0.020225,118
H1.W11,seasonal,Spring,Trl,Sc,-0.019282,0.019282,119
H1.W11,seasonal,Spring,qv,Ua,0.01852,0.01852,120
H1.W11,seasonal,Spring,P,W,-0.018336,0.018336,121
H1.W11,seasonal,Spring,Tdiff,Dc,-0.0162,0.0162,122
H1.W11,seasonal,Spring,Dc,Igc,-0.014396,0.014396,123
H1.W11,seasonal,Spring,Dc,Igm,-0.012393,0.012393,124
H1.W11,seasonal,Spring,Trl,Ua,-0.009186,0.009186,125
H1.W11,seasonal,Spring,Dp,Igm,-0.004573,0.004573,126
H1.W11,seasonal,Spring,Dp,Igc,-0.00319,0.00319,127
H1.W11,seasonal,Spring,W,Dc,0.002487,0.002487,128
H1.W11,seasonal,Spring,V,Igm,-0.002084,0.002084,129
H1.W11,seasonal,Spring,V,Igc,-0.001865,0.001865,130
H1.W11,seasonal,Spring,W,Ua,-0.001708,0.001708,131
H1.W11,seasonal,Spring,W,Igm,-0.001685,0.001685,132
H1.W11,seasonal,Spring,W,Igc,-0.001473,0.001473,133
H1.W11,seasonal,Spring,V,Dc,0.001395,0.001395,134
H1.W11,seasonal,Spring,P,Trl,0.000675,0.000675,135
H1.W11,seasonal,Spring,V,Ua,-0.000517,0.000517,136
H1.W11,seasonal,Summer,V,W,0.99952,0.99952,1
H1.W11,seasonal,Summer,Igc,Igm,0.99892,0.99892,2
H1.W11,seasonal,Summer,Ah,Dp,0.990053,0.990053,3
H1.W11,seasonal,Summer,Ta,rho,-0.957518,0.957518,4
H1.W11,seasonal,Summer,Trl,Tvl,0.93527,0.93527,5
H1.W11,seasonal,Summer,H,rho,-0.806397,0.806397,6
H1.W11,seasonal,Summer,Ta,Ua,-0.773207,0.773207,7
H1.W11,seasonal,Summer,Dp,H,0.752169,0.752169,8
H1.W11,seasonal,Summer,H,Ta,0.735592,0.735592,9
H1.W11,seasonal,Summer,Ah,H,0.708281,0.708281,10
H1.W11,seasonal,Summer,Ua,rho,0.64861,0.64861,11
H1.W11,seasonal,Summer,Igm,Ua,-0.577177,0.577177,12
H1.W11,seasonal,Summer,Ah,Ua,0.571191,0.571191,13
H1.W11,seasonal,Summer,Igc,Ua,-0.566101,0.566101,14
H1.W11,seasonal,Summer,Tdiff,qv,-0.55467,0.55467,15
H1.W11,seasonal,Summer,Igm,Ta,0.548354,0.548354,16
H1.W11,seasonal,Summer,Igc,Ta,0.537206,0.537206,17
H1.W11,seasonal,Summer,Igm,Sc,0.512751,0.512751,18
H1.W11,seasonal,Summer,Dp,Ua,0.510588,0.510588,19
H1.W11,seasonal,Summer,Igc,Sc,0.507091,0.507091,20
H1.W11,seasonal,Summer,Igm,rho,-0.468899,0.468899,21
H1.W11,seasonal,Summer,Igc,rho,-0.458128,0.458128,22
H1.W11,seasonal,Summer,Tdiff,Tvl,0.456087,0.456087,23
H1.W11,seasonal,Summer,Dc,Sc,0.43801,0.43801,24
H1.W11,seasonal,Summer,Sc,Ua,-0.422939,0.422939,25
H1.W11,seasonal,Summer,Trl,V,-0.384519,0.384519,26
H1.W11,seasonal,Summer,Trl,W,-0.382765,0.382765,27
H1.W11,seasonal,Summer,P,Tvl,0.369806,0.369806,28
H1.W11,seasonal,Summer,Sc,rho,-0.369427,0.369427,29
H1.W11,seasonal,Summer,Sc,Ta,0.364111,0.364111,30
H1.W11,seasonal,Summer,P,Tdiff,0.335372,0.335372,31
H1.W11,seasonal,Summer,P,qv,0.315863,0.315863,32
H1.W11,seasonal,Summer,P,rho,0.315862,0.315862,33
H1.W11,seasonal,Summer,P,Ta,-0.304728,0.304728,34
H1.W11,seasonal,Summer,Tvl,rho,0.285106,0.285106,35
H1.W11,seasonal,Summer,P,Trl,0.279784,0.279784,36
H1.W11,seasonal,Summer,Tvl,H,-0.275711,0.275711,37
H1.W11,seasonal,Summer,Tdiff,W,0.264224,0.264224,38
H1.W11,seasonal,Summer,Tvl,Ta,-0.261675,0.261675,39
H1.W11,seasonal,Summer,Tdiff,V,0.260128,0.260128,40
H1.W11,seasonal,Summer,Dp,rho,-0.257069,0.257069,41
H1.W11,seasonal,Summer,P,H,-0.256008,0.256008,42
H1.W11,seasonal,Summer,Tvl,V,-0.250911,0.250911,43
H1.W11,seasonal,Summer,Tvl,W,-0.247887,0.247887,44
H1.W11,seasonal,Summer,H,Igm,0.246112,0.246112,45
H1.W11,seasonal,Summer,H,Igc,0.241471,0.241471,46
H1.W11,seasonal,Summer,Trl,rho,0.240362,0.240362,47
H1.W11,seasonal,Summer,Tdiff,H,-0.229694,0.229694,48
H1.W11,seasonal,Summer,P,Ua,0.228611,0.228611,49
H1.W11,seasonal,Summer,Trl,Ta,-0.218881,0.218881,50
H1.W11,seasonal,Summer,Trl,H,-0.216671,0.216671,51
H1.W11,seasonal,Summer,P,Igm,-0.213752,0.213752,52
H1.W11,seasonal,Summer,P,Igc,-0.212301,0.212301,53
H1.W11,seasonal,Summer,W,qv,-0.210326,0.210326,54
H1.W11,seasonal,Summer,Ah,Igm,-0.206957,0.206957,55
H1.W11,seasonal,Summer,V,qv,-0.205974,0.205974,56
H1.W11,seasonal,Summer,Ah,Igc,-0.202138,0.202138,57
H1.W11,seasonal,Summer,Trl,qv,0.20163,0.20163,58
H1.W11,seasonal,Summer,Tdiff,rho,0.197003,0.197003,59
H1.W11,seasonal,Summer,Tvl,Sc,-0.187899,0.187899,60
H1.W11,seasonal,Summer,Ah,rho,-0.187629,0.187629,61
H1.W11,seasonal,Summer,Trl,Sc,-0.186873,0.186873,62
H1.W11,seasonal,Summer,Tdiff,Ta,-0.185282,0.185282,63
H1.W11,seasonal,Summer,P,Sc,-0.184852,0.184852,64
H1.W11,seasonal,Summer,Ah,Sc,-0.179084,0.179084,65
H1.W11,seasonal,Summer,Tdiff,Dp,-0.169327,0.169327,66
H1.W11,seasonal,Summer,Dp,Igm,-0.165816,0.165816,67
H1.W11,seasonal,Summer,Dp,Igc,-0.161662,0.161662,68
H1.W11,seasonal,Summer,H,Ua,-0.160441,0.160441,69
H1.W11,seasonal,Summer,Dp,Sc,-0.150627,0.150627,70
H1.W11,seasonal,Summer,Tdiff,Ah,-0.148532,0.148532,71
H1.W11,seasonal,Summer,Tvl,Dp,-0.145574,0.145574,72
H1.W11,seasonal,Summer,Tvl,Igm,-0.145259,0.145259,73
H1.W11,seasonal,Summer,Tvl,Igc,-0.142232,0.142232,74
H1.W11,seasonal,Summer,Tvl,Ua,0.141022,0.141022,75
H1.W11,seasonal,Summer,H,Sc,0.138292,0.138292,76
H1.W11,seasonal,Summer,Trl,Ua,0.135184,0.135184,77
H1.W11,seasonal,Summer,Tvl,Ah,-0.132687,0.132687,78
H1.W11,seasonal,Summer,Trl,Igm,-0.126468,0.126468,79
H1.W11,seasonal,Summer,Tvl,Dc,-0.124283,0.124283,80
H1.W11,seasonal,Summer,Trl,Igc,-0.124271,0.124271,81
H1.W11,seasonal,Summer,Tdiff,Dc,-0.123769,0.123769,82
H1.W11,seasonal,Summer,qv,Ua,0.115456,0.115456,83
H1.W11,seasonal,Summer,Dp,Ta,0.115366,0.115366,84
H1.W11,seasonal,Summer,Tdiff,Trl,0.111877,0.111877,85
H1.W11,seasonal,Summer,Dc,Igm,0.108192,0.108192,86
H1.W11,seasonal,Summer,Dc,Igc,0.104771,0.104771,87
H1.W11,seasonal,Summer,Dc,Ua,-0.10364,0.10364,88
H1.W11,seasonal,Summer,Trl,Dp,-0.095079,0.095079,89
H1.W11,seasonal,Summer,Tdiff,Igm,-0.090743,0.090743,90
H1.W11,seasonal,Summer,Trl,Dc,-0.089612,0.089612,91
H1.W11,seasonal,Summer,Trl,Ah,-0.088936,0.088936,92
H1.W11,seasonal,Summer,Tdiff,Igc,-0.087756,0.087756,93
H1.W11,seasonal,Summer,qv,Igc,-0.08725,0.08725,94
H1.W11,seasonal,Summer,qv,Igm,-0.086533,0.086533,95
H1.W11,seasonal,Summer,qv,Dp,0.084518,0.084518,96
H1.W11,seasonal,Summer,qv,Dc,0.08242,0.08242,97
H1.W11,seasonal,Summer,P,Dp,-0.079177,0.079177,98
H1.W11,seasonal,Summer,qv,Ah,0.07604,0.07604,99
H1.W11,seasonal,Summer,qv,rho,0.075284,0.075284,100
H1.W11,seasonal,Summer,W,Sc,0.072596,0.072596,101
H1.W11,seasonal,Summer,V,Sc,0.071894,0.071894,102
H1.W11,seasonal,Summer,qv,Ta,-0.071403,0.071403,103
H1.W11,seasonal,Summer,P,Ah,-0.060517,0.060517,104
H1.W11,seasonal,Summer,Dc,Ta,0.059937,0.059937,105
H1.W11,seasonal,Summer,Dc,rho,-0.058781,0.058781,106
H1.W11,seasonal,Summer,Tdiff,Sc,-0.058224,0.058224,107
H1.W11,seasonal,Summer,Tdiff,Ua,0.056879,0.056879,108
H1.W11,seasonal,Summer,P,Dc,-0.053437,0.053437,109
H1.W11,seasonal,Summer,Ah,Dc,-0.052288,0.052288,110
H1.W11,seasonal,Summer,qv,Sc,-0.052094,0.052094,111
H1.W11,seasonal,Summer,P,W,-0.051194,0.051194,112
H1.W11,seasonal,Summer,P,V,-0.048797,0.048797,113
H1.W11,seasonal,Summer,Dc,Dp,-0.044739,0.044739,114
H1.W11,seasonal,Summer,Ah,Ta,0.043195,0.043195,115
H1.W11,seasonal,Summer,W,H,-0.031494,0.031494,116
H1.W11,seasonal,Summer,W,Ta,-0.029874,0.029874,117
H1.W11,seasonal,Summer,V,H,-0.029027,0.029027,118
H1.W11,seasonal,Summer,W,rho,0.028872,0.028872,119
H1.W11,seasonal,Summer,V,Ta,-0.02777,0.02777,120
H1.W11,seasonal,Summer,V,rho,0.026359,0.026359,121
H1.W11,seasonal,Summer,W,Dp,-0.023075,0.023075,122
H1.W11,seasonal,Summer,V,Dp,-0.021457,0.021457,123
H1.W11,seasonal,Summer,V,Igm,-0.021121,0.021121,124
H1.W11,seasonal,Summer,V,Igc,-0.020772,0.020772,125
H1.W11,seasonal,Summer,W,Igm,-0.018803,0.018803,126
H1.W11,seasonal,Summer,W,Igc,-0.018446,0.018446,127
H1.W11,seasonal,Summer,Tvl,qv,-0.01684,0.01684,128
H1.W11,seasonal,Summer,W,Ah,-0.015477,0.015477,129
H1.W11,seasonal,Summer,V,Ah,-0.014069,0.014069,130
H1.W11,seasonal,Summer,W,Ua,0.008512,0.008512,131
H1.W11,seasonal,Summer,V,Ua,0.007591,0.007591,132
H1.W11,seasonal,Summer,Dc,H,0.007497,0.007497,133
H1.W11,seasonal,Summer,V,Dc,0.001976,0.001976,134
H1.W11,seasonal,Summer,W,Dc,0.001402,0.001402,135
H1.W11,seasonal,Summer,qv,H,-0.000849,0.000849,136
H1.W11,seasonal,Autumn,V,W,0.999865,0.999865,1
H1.W11,seasonal,Autumn,Igc,Igm,0.999113,0.999113,2
H1.W11,seasonal,Autumn,Ah,Dp,0.987039,0.987039,3
H1.W11,seasonal,Autumn,H,Ta,0.953577,0.953577,4
H1.W11,seasonal,Autumn,Dp,H,0.942881,0.942881,5
H1.W11,seasonal,Autumn,Ah,H,0.924598,0.924598,6
H1.W11,seasonal,Autumn,Ta,rho,-0.917983,0.917983,7
H1.W11,seasonal,Autumn,H,rho,-0.906511,0.906511,8
H1.W11,seasonal,Autumn,Trl,Tvl,0.889277,0.889277,9
H1.W11,seasonal,Autumn,Dp,Ta,0.811729,0.811729,10
H1.W11,seasonal,Autumn,Dp,rho,-0.801137,0.801137,11
H1.W11,seasonal,Autumn,Ah,Ta,0.767727,0.767727,12
H1.W11,seasonal,Autumn,Ah,rho,-0.761234,0.761234,13
H1.W11,seasonal,Autumn,P,Ta,-0.736333,0.736333,14
H1.W11,seasonal,Autumn,P,H,-0.735276,0.735276,15
H1.W11,seasonal,Autumn,P,rho,0.672267,0.672267,16
H1.W11,seasonal,Autumn,P,Dp,-0.66819,0.66819,17
H1.W11,seasonal,Autumn,Ta,Ua,-0.65567,0.65567,18
H1.W11,seasonal,Autumn,P,Ah,-0.639415,0.639415,19
H1.W11,seasonal,Autumn,Igm,Ua,-0.627136,0.627136,20
H1.W11,seasonal,Autumn,Igc,Ua,-0.615643,0.615643,21
H1.W11,seasonal,Autumn,P,Tdiff,0.611756,0.611756,22
H1.W11,seasonal,Autumn,Trl,qv,0.587903,0.587903,23
H1.W11,seasonal,Autumn,Tdiff,Ta,-0.539685,0.539685,24
H1.W11,seasonal,Autumn,Tdiff,H,-0.534909,0.534909,25
H1.W11,seasonal,Autumn,Ua,rho,0.53441,0.53441,26
H1.W11,seasonal,Autumn,Igm,Ta,0.5204,0.5204,27
H1.W11,seasonal,Autumn,Igc,Ta,0.512996,0.512996,28
H1.W11,seasonal,Autumn,Tdiff,Dp,-0.476997,0.476997,29
H1.W11,seasonal,Autumn,Tdiff,Ah,-0.460568,0.460568,30
H1.W11,seasonal,Autumn,Tdiff,rho,0.460528,0.460528,31
H1.W11,seasonal,Autumn,P,Tvl,0.432966,0.432966,32
H1.W11,seasonal,Autumn,Dc,Sc,0.431924,0.431924,33
H1.W11,seasonal,Autumn,Trl,W,-0.430751,0.430751,34
H1.W11,seasonal,Autumn,Tvl,H,-0.429197,0.429197,35
H1.W11,seasonal,Autumn,Trl,V,-0.425814,0.425814,36
H1.W11,seasonal,Autumn,Tvl,Ta,-0.425713,0.425713,37
H1.W11,seasonal,Autumn,Tvl,qv,0.422,0.422,38
H1.W11,seasonal,Autumn,H,Ua,-0.412742,0.412742,39
H1.W11,seasonal,Autumn,Tvl,rho,0.409806,0.409806,40
H1.W11,seasonal,Autumn,Igm,rho,-0.408852,0.408852,41
H1.W11,seasonal,Autumn,Igc,rho,-0.40205,0.40205,42
H1.W11,seasonal,Autumn,P,Ua,0.401198,0.401198,43
H1.W11,seasonal,Autumn,H,Igm,0.383932,0.383932,44
H1.W11,seasonal,Autumn,H,Igc,0.379654,0.379654,45
H1.W11,seasonal,Autumn,Tvl,Ah,-0.369715,0.369715,46
H1.W11,seasonal,Autumn,Tvl,Dp,-0.36548,0.36548,47
H1.W11,seasonal,Autumn,Tvl,W,-0.350815,0.350815,48
H1.W11,seasonal,Autumn,P,Igm,-0.350625,0.350625,49
H1.W11,seasonal,Autumn,P,Igc,-0.347265,0.347265,50
H1.W11,seasonal,Autumn,Tvl,V,-0.346962,0.346962,51
H1.W11,seasonal,Autumn,W,qv,-0.344214,0.344214,52
H1.W11,seasonal,Autumn,Tdiff,qv,-0.341414,0.341414,53
H1.W11,seasonal,Autumn,V,qv,-0.339167,0.339167,54
H1.W11,seasonal,Autumn,Sc,Ua,-0.334778,0.334778,55
H1.W11,seasonal,Autumn,P,qv,0.331666,0.331666,56
H1.W11,seasonal,Autumn,Igm,Sc,0.310161,0.310161,57
H1.W11,seasonal,Autumn,Igc,Sc,0.305924,0.305924,58
H1.W11,seasonal,Autumn,Tdiff,Ua,0.305059,0.305059,59
H1.W11,seasonal,Autumn,Sc,rho,-0.289827,0.289827,60
H1.W11,seasonal,Autumn,Tdiff,Igm,-0.279366,0.279366,61
H1.W11,seasonal,Autumn,Tdiff,Igc,-0.27638,0.27638,62
H1.W11,seasonal,Autumn,Tvl,Ua,0.256839,0.256839,63
H1.W11,seasonal,Autumn,Tdiff,Tvl,0.256416,0.256416,64
H1.W11,seasonal,Autumn,qv,rho,0.227558,0.227558,65
H1.W11,seasonal,Autumn,Tvl,Igm,-0.227342,0.227342,66
H1.W11,seasonal,Autumn,Tvl,Igc,-0.224561,0.224561,67
H1.W11,seasonal,Autumn,Tdiff,Trl,-0.213748,0.213748,68
H1.W11,seasonal,Autumn,Trl,rho,0.197694,0.197694,69
H1.W11,seasonal,Autumn,Dp,Igm,0.196494,0.196494,70
H1.W11,seasonal,Autumn,Dp,Igc,0.196293,0.196293,71
H1.W11,seasonal,Autumn,Sc,Ta,0.191562,0.191562,72
H1.W11,seasonal,Autumn,qv,H,-0.189987,0.189987,73
H1.W11,seasonal,Autumn,qv,Ta,-0.184267,0.184267,74
H1.W11,seasonal,Autumn,Trl,H,-0.182176,0.182176,75
H1.W11,seasonal,Autumn,Trl,Ta,-0.176345,0.176345,76
H1.W11,seasonal,Autumn,qv,Ah,-0.166262,0.166262,77
H1.W11,seasonal,Autumn,qv,Dp,-0.164732,0.164732,78
H1.W11,seasonal,Autumn,Dc,rho,-0.164467,0.164467,79
H1.W11,seasonal,Autumn,Tdiff,W,0.160064,0.160064,80
H1.W11,seasonal,Autumn,V,Ah,0.159536,0.159536,81
H1.W11,seasonal,Autumn,Ah,Igc,0.159254,0.159254,82
H1.W11,seasonal,Autumn,Ah,Igm,0.15882,0.15882,83
H1.W11,seasonal,Autumn,W,Ah,0.158784,0.158784,84
H1.W11,seasonal,Autumn,Tdiff,V,0.157856,0.157856,85
H1.W11,seasonal,Autumn,Trl,Ah,-0.157089,0.157089,86
H1.W11,seasonal,Autumn,P,Trl,0.14814,0.14814,87
H1.W11,seasonal,Autumn,V,Dp,0.14549,0.14549,88
H1.W11,seasonal,Autumn,Trl,Dp,-0.145064,0.145064,89
H1.W11,seasonal,Autumn,W,Dp,0.144195,0.144195,90
H1.W11,seasonal,Autumn,Dc,Ta,0.13706,0.13706,91
H1.W11,seasonal,Autumn,P,W,-0.134344,0.134344,92
H1.W11,seasonal,Autumn,P,V,-0.13417,0.13417,93
H1.W11,seasonal,Autumn,Dc,Ua,-0.129041,0.129041,94
H1.W11,seasonal,Autumn,Dc,H,0.120571,0.120571,95
H1.W11,seasonal,Autumn,Tvl,Sc,-0.117116,0.117116,96
H1.W11,seasonal,Autumn,Trl,Ua,0.115904,0.115904,97
H1.W11,seasonal,Autumn,Dc,Igm,0.11459,0.11459,98
H1.W11,seasonal,Autumn,H,Sc,0.112905,0.112905,99
H1.W11,seasonal,Autumn,Dc,Igc,0.112691,0.112691,100
H1.W11,seasonal,Autumn,Trl,Sc,-0.112232,0.112232,101
H1.W11,seasonal,Autumn,V,Ua,0.109448,0.109448,102
H1.W11,seasonal,Autumn,W,Ua,0.109193,0.109193,103
H1.W11,seasonal,Autumn,qv,Ua,0.105407,0.105407,104
H1.W11,seasonal,Autumn,V,H,0.102565,0.102565,105
H1.W11,seasonal,Autumn,Dp,Ua,-0.1022,0.1022,106
H1.W11,seasonal,Autumn,W,H,0.101819,0.101819,107
H1.W11,seasonal,Autumn,Trl,Igm,-0.098275,0.098275,108
H1.W11,seasonal,Autumn,Trl,Igc,-0.096861,0.096861,109
H1.W11,seasonal,Autumn,Dc,Dp,0.096485,0.096485,110
H1.W11,seasonal,Autumn,qv,Sc,-0.095421,0.095421,111
H1.W11,seasonal,Autumn,P,Sc,-0.08921,0.08921,112
H1.W11,seasonal,Autumn,V,Sc,0.086374,0.086374,113
H1.W11,seasonal,Autumn,W,Sc,0.086046,0.086046,114
H1.W11,seasonal,Autumn,V,rho,-0.085077,0.085077,115
H1.W11,seasonal,Autumn,W,rho,-0.084821,0.084821,116
H1.W11,seasonal,Autumn,P,Dc,-0.083595,0.083595,117
H1.W11,seasonal,Autumn,Ah,Dc,0.082527,0.082527,118
H1.W11,seasonal,Autumn,qv,Igm,-0.069554,0.069554,119
H1.W11,seasonal,Autumn,qv,Igc,-0.069257,0.069257,120
H1.W11,seasonal,Autumn,Tvl,Dc,-0.060817,0.060817,121
H1.W11,seasonal,Autumn,Ah,Ua,-0.045406,0.045406,122
H1.W11,seasonal,Autumn,Trl,Dc,-0.044617,0.044617,123
H1.W11,seasonal,Autumn,V,Ta,0.044303,0.044303,124
H1.W11,seasonal,Autumn,W,Ta,0.04352,0.04352,125
H1.W11,seasonal,Autumn,qv,Dc,-0.03781,0.03781,126
H1.W11,seasonal,Autumn,Tdiff,Dc,-0.036062,0.036062,127
H1.W11,seasonal,Autumn,W,Dc,0.027624,0.027624,128
H1.W11,seasonal,Autumn,V,Dc,0.027455,0.027455,129
H1.W11,seasonal,Autumn,Dp,Sc,0.01624,0.01624,130
H1.W11,seasonal,Autumn,Tdiff,Sc,-0.013457,0.013457,131
H1.W11,seasonal,Autumn,Ah,Sc,-0.011222,0.011222,132
H1.W11,seasonal,Autumn,V,Igc,-0.006102,0.006102,133
H1.W11,seasonal,Autumn,V,Igm,-0.005949,0.005949,134
H1.W11,seasonal,Autumn,W,Igc,-0.005579,0.005579,135
H1.W11,seasonal,Autumn,W,Igm,-0.005427,0.005427,136
H1.W12,seasonal,Winter,V,W,0.999801,0.999801,1
H1.W12,seasonal,Winter,Igc,Igm,0.999017,0.999017,2
H1.W12,seasonal,Winter,Ah,Dp,0.979601,0.979601,3
H1.W12,seasonal,Winter,H,Ta,0.968818,0.968818,4
H1.W12,seasonal,Winter,Trl,Tvl,0.960312,0.960312,5
H1.W12,seasonal,Winter,P,Tdiff,0.95154,0.95154,6
H1.W12,seasonal,Winter,Ah,H,0.940929,0.940929,7
H1.W12,seasonal,Winter,Dp,H,0.939106,0.939106,8
H1.W12,seasonal,Winter,Tvl,qv,0.937481,0.937481,9
H1.W12,seasonal,Winter,Trl,qv,0.927108,0.927108,10
H1.W12,seasonal,Winter,H,rho,-0.853877,0.853877,11
H1.W12,seasonal,Winter,Dp,Ta,0.844408,0.844408,12
H1.W12,seasonal,Winter,Ta,rho,-0.840724,0.840724,13
H1.W12,seasonal,Winter,Ah,Ta,0.828603,0.828603,14
H1.W12,seasonal,Winter,Dp,rho,-0.775085,0.775085,15
H1.W12,seasonal,Winter,Ah,rho,-0.766467,0.766467,16
H1.W12,seasonal,Winter,P,Tvl,0.672272,0.672272,17
H1.W12,seasonal,Winter,P,qv,0.631767,0.631767,18
H1.W12,seasonal,Winter,Tdiff,Tvl,0.564646,0.564646,19
H1.W12,seasonal,Winter,Sc,rho,-0.502751,0.502751,20
H1.W12,seasonal,Winter,Dc,Sc,0.478647,0.478647,21
H1.W12,seasonal,Winter,Igm,Ua,-0.477417,0.477417,22
H1.W12,seasonal,Winter,Igc,Ua,-0.46835,0.46835,23
H1.W12,seasonal,Winter,P,Trl,0.452273,0.452273,24
H1.W12,seasonal,Winter,Tdiff,qv,0.449064,0.449064,25
H1.W12,seasonal,Winter,Sc,Ta,0.44448,0.44448,26
H1.W12,seasonal,Winter,H,Sc,0.39761,0.39761,27
H1.W12,seasonal,Winter,Dp,Ua,0.34595,0.34595,28
H1.W12,seasonal,Winter,Dc,Ta,0.3426,0.3426,29
H1.W12,seasonal,Winter,Ah,Ua,0.337418,0.337418,30
H1.W12,seasonal,Winter,Dc,H,0.332968,0.332968,31
H1.W12,seasonal,Winter,Dc,Dp,0.322171,0.322171,32
H1.W12,seasonal,Winter,Tdiff,Trl,0.31222,0.31222,33
H1.W12,seasonal,Winter,Dc,rho,-0.308297,0.308297,34
H1.W12,seasonal,Winter,Sc,Ua,-0.307494,0.307494,35
H1.W12,seasonal,Winter,Ah,Dc,0.288559,0.288559,36
H1.W12,seasonal,Winter,Ah,Sc,0.278309,0.278309,37
H1.W12,seasonal,Winter,Dp,Sc,0.274353,0.274353,38
H1.W12,seasonal,Winter,Ta,Ua,-0.203218,0.203218,39
H1.W12,seasonal,Winter,Trl,V,-0.197282,0.197282,40
H1.W12,seasonal,Winter,Trl,W,-0.195252,0.195252,41
H1.W12,seasonal,Winter,Tvl,V,-0.187499,0.187499,42
H1.W12,seasonal,Winter,Tvl,W,-0.18506,0.18506,43
H1.W12,seasonal,Winter,Igm,Ta,0.150337,0.150337,44
H1.W12,seasonal,Winter,V,qv,-0.148777,0.148777,45
H1.W12,seasonal,Winter,Igm,Sc,0.147435,0.147435,46
H1.W12,seasonal,Winter,W,qv,-0.146707,0.146707,47
H1.W12,seasonal,Winter,Igc,Sc,0.144565,0.144565,48
H1.W12,seasonal,Winter,Igc,Ta,0.144416,0.144416,49
H1.W12,seasonal,Winter,W,Dp,0.132408,0.132408,50
H1.W12,seasonal,Winter,V,Dp,0.131419,0.131419,51
H1.W12,seasonal,Winter,Dp,Igc,-0.128516,0.128516,52
H1.W12,seasonal,Winter,Dp,Igm,-0.128296,0.128296,53
H1.W12,seasonal,Winter,W,Ah,0.128012,0.128012,54
H1.W12,seasonal,Winter,V,Ah,0.127151,0.127151,55
H1.W12,seasonal,Winter,Ah,Igm,-0.124443,0.124443,56
H1.W12,seasonal,Winter,Ah,Igc,-0.124431,0.124431,57
H1.W12,seasonal,Winter,W,H,0.109002,0.109002,58
H1.W12,seasonal,Winter,V,H,0.107583,0.107583,59
H1.W12,seasonal,Winter,W,Ta,0.089475,0.089475,60
H1.W12,seasonal,Winter,V,Ta,0.087751,0.087751,61
H1.W12,seasonal,Winter,V,Ua,0.078264,0.078264,62
H1.W12,seasonal,Winter,W,Sc,0.077673,0.077673,63
H1.W12,seasonal,Winter,V,Sc,0.077291,0.077291,64
H1.W12,seasonal,Winter,W,Ua,0.077048,0.077048,65
H1.W12,seasonal,Winter,qv,Dp,0.061174,0.061174,66
H1.W12,seasonal,Winter,qv,Ah,0.06008,0.06008,67
H1.W12,seasonal,Winter,Tdiff,V,-0.058137,0.058137,68
H1.W12,seasonal,Winter,Tdiff,W,-0.055889,0.055889,69
H1.W12,seasonal,Winter,Ua,rho,0.055847,0.055847,70
H1.W12,seasonal,Winter,Trl,Dp,0.054935,0.054935,71
H1.W12,seasonal,Winter,Trl,Ah,0.054535,0.054535,72
H1.W12,seasonal,Winter,Tdiff,Sc,0.052168,0.052168,73
H1.W12,seasonal,Winter,Trl,rho,-0.050488,0.050488,74
H1.W12,seasonal,Winter,Tvl,rho,-0.05048,0.05048,75
H1.W12,seasonal,Winter,Tvl,Ah,0.049926,0.049926,76
H1.W12,seasonal,Winter,qv,H,0.049596,0.049596,77
H1.W12,seasonal,Winter,qv,rho,-0.048703,0.048703,78
H1.W12,seasonal,Winter,qv,Ua,0.048484,0.048484,79
H1.W12,seasonal,Winter,Tdiff,Ua,-0.047441,0.047441,80
H1.W12,seasonal,Winter,Tvl,Dp,0.047322,0.047322,81
H1.W12,seasonal,Winter,P,Sc,0.046349,0.046349,82
H1.W12,seasonal,Winter,Trl,H,0.045977,0.045977,83
H1.W12,seasonal,Winter,Trl,Ua,0.045698,0.045698,84
H1.W12,seasonal,Winter,Tvl,H,0.044857,0.044857,85
H1.W12,seasonal,Winter,V,Igm,-0.043502,0.043502,86
H1.W12,seasonal,Winter,V,Igc,-0.043501,0.043501,87
H1.W12,seasonal,Winter,W,Igc,-0.043151,0.043151,88
H1.W12,seasonal,Winter,W,Igm,-0.043151,0.043151,89
H1.W12,seasonal,Winter,W,rho,-0.041107,0.041107,90
H1.W12,seasonal,Winter,V,rho,-0.040272,0.040272,91
H1.W12,seasonal,Winter,P,V,-0.038537,0.038537,92
H1.W12,seasonal,Winter,qv,Ta,0.037497,0.037497,93
H1.W12,seasonal,Winter,P,W,-0.036343,0.036343,94
H1.W12,seasonal,Winter,H,Igm,0.036292,0.036292,95
H1.W12,seasonal,Winter,Tvl,Ta,0.036017,0.036017,96
H1.W12,seasonal,Winter,Trl,Ta,0.034934,0.034934,97
H1.W12,seasonal,Winter,Dc,Ua,-0.034465,0.034465,98
H1.W12,seasonal,Winter,H,Igc,0.032682,0.032682,99
H1.W12,seasonal,Winter,P,H,0.031447,0.031447,100
H1.W12,seasonal,Winter,P,Ta,0.03064,0.03064,101
H1.W12,seasonal,Winter,P,Dc,0.030092,0.030092,102
H1.W12,seasonal,Winter,Igm,rho,-0.029123,0.029123,103
H1.W12,seasonal,Winter,Trl,Dc,-0.028787,0.028787,104
H1.W12,seasonal,Winter,Trl,Sc,-0.028747,0.028747,105
H1.W12,seasonal,Winter,Tdiff,Dc,0.028249,0.028249,106
H1.W12,seasonal,Winter,P,Ah,0.028039,0.028039,107
H1.W12,seasonal,Winter,Dc,Igc,-0.026067,0.026067,108
H1.W12,seasonal,Winter,Tvl,Ua,0.025902,0.025902,109
H1.W12,seasonal,Winter,Dc,Igm,-0.024997,0.024997,110
H1.W12,seasonal,Winter,Igc,rho,-0.024557,0.024557,111
H1.W12,seasonal,Winter,W,Dc,0.023828,0.023828,112
H1.W12,seasonal,Winter,P,rho,-0.023539,0.023539,113
H1.W12,seasonal,Winter,P,Dp,0.023404,0.023404,114
H1.W12,seasonal,Winter,V,Dc,0.022628,0.022628,115
H1.W12,seasonal,Winter,H,Ua,0.021549,0.021549,116
H1.W12,seasonal,Winter,Tdiff,rho,-0.021501,0.021501,117
H1.W12,seasonal,Winter,qv,Igc,-0.02109,0.02109,118
H1.W12,seasonal,Winter,qv,Igm,-0.021043,0.021043,119
H1.W12,seasonal,Winter,P,Ua,-0.019517,0.019517,120
H1.W12,seasonal,Winter,Trl,Igc,-0.018175,0.018175,121
H1.W12,seasonal,Winter,Trl,Igm,-0.018074,0.018074,122
H1.W12,seasonal,Winter,Tdiff,Ta,0.017867,0.017867,123
H1.W12,seasonal,Winter,Tdiff,Igc,0.016741,0.016741,124
H1.W12,seasonal,Winter,Tdiff,Igm,0.016532,0.016532,125
H1.W12,seasonal,Winter,Tvl,Dc,-0.016514,0.016514,126
H1.W12,seasonal,Winter,Tdiff,H,0.015197,0.015197,127
H1.W12,seasonal,Winter,qv,Dc,-0.014508,0.014508,128
H1.W12,seasonal,Winter,Tvl,Igc,-0.010994,0.010994,129
H1.W12,seasonal,Winter,Tvl,Igm,-0.01096,0.01096,130
H1.W12,seasonal,Winter,Tvl,Sc,-0.009409,0.009409,131
H1.W12,seasonal,Winter,Tdiff,Ah,0.007145,0.007145,132
H1.W12,seasonal,Winter,qv,Sc,-0.007125,0.007125,133
H1.W12,seasonal,Winter,P,Igc,0.003255,0.003255,134
H1.W12,seasonal,Winter,P,Igm,0.003085,0.003085,135
H1.W12,seasonal,Winter,Tdiff,Dp,-0.002956,0.002956,136
H1.W12,seasonal,Spring,V,W,0.999829,0.999829,1
H1.W12,seasonal,Spring,Igc,Igm,0.999067,0.999067,2
H1.W12,seasonal,Spring,Trl,Tvl,0.983381,0.983381,3
H1.W12,seasonal,Spring,Ah,Dp,0.976225,0.976225,4
H1.W12,seasonal,Spring,Ta,rho,-0.924847,0.924847,5
H1.W12,seasonal,Spring,H,Ta,0.917834,0.917834,6
H1.W12,seasonal,Spring,H,rho,-0.907176,0.907176,7
H1.W12,seasonal,Spring,Tvl,qv,0.903153,0.903153,8
H1.W12,seasonal,Spring,Trl,qv,0.902106,0.902106,9
H1.W12,seasonal,Spring,P,qv,0.890004,0.890004,10
H1.W12,seasonal,Spring,Dp,H,0.860814,0.860814,11
H1.W12,seasonal,Spring,Ah,H,0.843659,0.843659,12
H1.W12,seasonal,Spring,P,Tdiff,0.827547,0.827547,13
H1.W12,seasonal,Spring,P,Tvl,0.819254,0.819254,14
H1.W12,seasonal,Spring,P,Trl,0.755787,0.755787,15
H1.W12,seasonal,Spring,Tdiff,Tvl,0.712324,0.712324,16
H1.W12,seasonal,Spring,Dp,rho,-0.682453,0.682453,17
H1.W12,seasonal,Spring,Ah,rho,-0.635594,0.635594,18
H1.W12,seasonal,Spring,Dp,Ta,0.609649,0.609649,19
H1.W12,seasonal,Spring,Tdiff,qv,0.608542,0.608542,20
H1.W12,seasonal,Spring,Tdiff,Trl,0.594808,0.594808,21
H1.W12,seasonal,Spring,Igm,Ua,-0.566801,0.566801,22
H1.W12,seasonal,Spring,Ah,Ta,0.561837,0.561837,23
H1.W12,seasonal,Spring,Igc,Ua,-0.556079,0.556079,24
H1.W12,seasonal,Spring,qv,rho,0.529722,0.529722,25
H1.W12,seasonal,Spring,qv,H,-0.526429,0.526429,26
H1.W12,seasonal,Spring,Ta,Ua,-0.523956,0.523956,27
H1.W12,seasonal,Spring,qv,Ta,-0.512691,0.512691,28
H1.W12,seasonal,Spring,P,rho,0.510479,0.510479,29
H1.W12,seasonal,Spring,P,H,-0.508824,0.508824,30
H1.W12,seasonal,Spring,P,Ta,-0.496752,0.496752,31
H1.W12,seasonal,Spring,Igm,Ta,0.476543,0.476543,32
H1.W12,seasonal,Spring,Igc,Ta,0.467881,0.467881,33
H1.W12,seasonal,Spring,qv,Dp,-0.409154,0.409154,34
H1.W12,seasonal,Spring,Tvl,rho,0.406245,0.406245,35
H1.W12,seasonal,Spring,qv,Ah,-0.400736,0.400736,36
H1.W12,seasonal,Spring,P,Dp,-0.397592,0.397592,37
H1.W12,seasonal,Spring,Trl,rho,0.396093,0.396093,38
H1.W12,seasonal,Spring,Tvl,H,-0.391761,0.391761,39
H1.W12,seasonal,Spring,P,Ah,-0.386954,0.386954,40
H1.W12,seasonal,Spring,Trl,H,-0.379551,0.379551,41
H1.W12,seasonal,Spring,Ah,Ua,0.369508,0.369508,42
H1.W12,seasonal,Spring,Igm,Sc,0.367633,0.367633,43
H1.W12,seasonal,Spring,Igm,rho,-0.36468,0.36468,44
H1.W12,seasonal,Spring,Igc,Sc,0.362256,0.362256,45
H1.W12,seasonal,Spring,Tvl,Ta,-0.358594,0.358594,46
H1.W12,seasonal,Spring,Igc,rho,-0.356622,0.356622,47
H1.W12,seasonal,Spring,Ua,rho,0.35604,0.35604,48
H1.W12,seasonal,Spring,Trl,Ta,-0.351402,0.351402,49
H1.W12,seasonal,Spring,Dp,Ua,0.33805,0.33805,50
H1.W12,seasonal,Spring,Tvl,Ah,-0.326328,0.326328,51
H1.W12,seasonal,Spring,Tvl,Dp,-0.321587,0.321587,52
H1.W12,seasonal,Spring,Tdiff,rho,0.3193,0.3193,53
H1.W12,seasonal,Spring,Tdiff,H,-0.318874,0.318874,54
H1.W12,seasonal,Spring,Dc,Sc,0.31828,0.31828,55
H1.W12,seasonal,Spring,Trl,Ah,-0.310734,0.310734,56
H1.W12,seasonal,Spring,Trl,Dp,-0.307845,0.307845,57
H1.W12,seasonal,Spring,Sc,Ua,-0.298276,0.298276,58
H1.W12,seasonal,Spring,H,Igm,0.294375,0.294375,59
H1.W12,seasonal,Spring,Tdiff,Ah,-0.292131,0.292131,60
H1.W12,seasonal,Spring,H,Igc,0.289618,0.289618,61
H1.W12,seasonal,Spring,Tdiff,Dp,-0.283662,0.283662,62
H1.W12,seasonal,Spring,Tdiff,Ta,-0.272659,0.272659,63
H1.W12,seasonal,Spring,Sc,rho,-0.258947,0.258947,64
H1.W12,seasonal,Spring,Sc,Ta,0.188914,0.188914,65
H1.W12,seasonal,Spring,Dc,Dp,0.170658,0.170658,66
H1.W12,seasonal,Spring,H,Ua,-0.165858,0.165858,67
H1.W12,seasonal,Spring,qv,Ua,0.165445,0.165445,68
H1.W12,seasonal,Spring,P,Ua,0.159121,0.159121,69
H1.W12,seasonal,Spring,Ah,Dc,0.14226,0.14226,70
H1.W12,seasonal,Spring,P,Igm,-0.141765,0.141765,71
H1.W12,seasonal,Spring,P,Igc,-0.13851,0.13851,72
H1.W12,seasonal,Spring,Dc,rho,-0.116968,0.116968,73
H1.W12,seasonal,Spring,qv,Igm,-0.110843,0.110843,74
H1.W12,seasonal,Spring,V,rho,0.109367,0.109367,75
H1.W12,seasonal,Spring,W,rho,0.109298,0.109298,76
H1.W12,seasonal,Spring,qv,Igc,-0.107689,0.107689,77
H1.W12,seasonal,Spring,Dc,H,0.102909,0.102909,78
H1.W12,seasonal,Spring,W,qv,0.095508,0.095508,79
H1.W12,seasonal,Spring,Dc,Ua,0.094734,0.094734,80
H1.W12,seasonal,Spring,V,qv,0.093041,0.093041,81
H1.W12,seasonal,Spring,Tvl,W,0.091073,0.091073,82
H1.W12,seasonal,Spring,Trl,W,0.089162,0.089162,83
H1.W12,seasonal,Spring,Tvl,V,0.088315,0.088315,84
H1.W12,seasonal,Spring,H,Sc,0.087529,0.087529,85
H1.W12,seasonal,Spring,Trl,V,0.086508,0.086508,86
H1.W12,seasonal,Spring,Trl,Ua,0.085573,0.085573,87
H1.W12,seasonal,Spring,Tdiff,W,0.08095,0.08095,88
H1.W12,seasonal,Spring,Tvl,Ua,0.080215,0.080215,89
H1.W12,seasonal,Spring,Ah,Sc,-0.079181,0.079181,90
H1.W12,seasonal,Spring,Tdiff,V,0.078608,0.078608,91
H1.W12,seasonal,Spring,Tvl,Dc,0.071984,0.071984,92
H1.W12,seasonal,Spring,P,W,0.06948,0.06948,93
H1.W12,seasonal,Spring,Trl,Dc,0.067802,0.067802,94
H1.W12,seasonal,Spring,P,V,0.067563,0.067563,95
H1.W12,seasonal,Spring,Tdiff,Dc,0.059303,0.059303,96
H1.W12,seasonal,Spring,W,H,-0.05701,0.05701,97
H1.W12,seasonal,Spring,V,H,-0.056745,0.056745,98
H1.W12,seasonal,Spring,Dp,Sc,-0.055832,0.055832,99
H1.W12,seasonal,Spring,Dc,Ta,0.05499,0.05499,100
H1.W12,seasonal,Spring,W,Ah,-0.054051,0.054051,101
H1.W12,seasonal,Spring,V,Ah,-0.053881,0.053881,102
H1.W12,seasonal,Spring,Tdiff,Igm,-0.043365,0.043365,103
H1.W12,seasonal,Spring,W,Ta,-0.043189,0.043189,104
H1.W12,seasonal,Spring,V,Dp,-0.043025,0.043025,105
H1.W12,seasonal,Spring,V,Ta,-0.042984,0.042984,106
H1.W12,seasonal,Spring,W,Dp,-0.042706,0.042706,107
H1.W12,seasonal,Spring,Tdiff,Igc,-0.041619,0.041619,108
H1.W12,seasonal,Spring,qv,Dc,0.0408,0.0408,109
H1.W12,seasonal,Spring,W,Sc,0.040122,0.040122,110
H1.W12,seasonal,Spring,V,Sc,0.038848,0.038848,111
H1.W12,seasonal,Spring,P,Dc,0.038361,0.038361,112
H1.W12,seasonal,Spring,Tdiff,Sc,0.032902,0.032902,113
H1.W12,seasonal,Spring,Tvl,Sc,0.032881,0.032881,114
H1.W12,seasonal,Spring,Ah,Igm,-0.032838,0.032838,115
H1.W12,seasonal,Spring,qv,Sc,0.031828,0.031828,116
H1.W12,seasonal,Spring,Tvl,Igm,-0.031338,0.031338,117
H1.W12,seasonal,Spring,Ah,Igc,-0.030898,0.030898,118
H1.W12,seasonal,Spring,Tvl,Igc,-0.029174,0.029174,119
H1.W12,seasonal,Spring,Trl,Sc,0.027494,0.027494,120
H1.W12,seasonal,Spring,P,Sc,0.026938,0.026938,121
H1.W12,seasonal,Spring,Trl,Igm,-0.025914,0.025914,122
H1.W12,seasonal,Spring,Trl,Igc,-0.023849,0.023849,123
H1.W12,seasonal,Spring,Tdiff,Ua,0.023096,0.023096,124
H1.W12,seasonal,Spring,Dc,Igc,-0.014396,0.014396,125
H1.W12,seasonal,Spring,Dc,Igm,-0.012393,0.012393,126
H1.W12,seasonal,Spring,V,Ua,-0.008012,0.008012,127
H1.W12,seasonal,Spring,W,Ua,-0.007285,0.007285,128
H1.W12,seasonal,Spring,Dp,Igm,-0.004573,0.004573,129
H1.W12,seasonal,Spring,Dp,Igc,-0.00319,0.00319,130
H1.W12,seasonal,Spring,W,Dc,0.001198,0.001198,131
H1.W12,seasonal,Spring,V,Igc,0.000989,0.000989,132
H1.W12,seasonal,Spring,V,Dc,0.000961,0.000961,133
H1.W12,seasonal,Spring,V,Igm,0.000787,0.000787,134
H1.W12,seasonal,Spring,W,Igc,0.000669,0.000669,135
H1.W12,seasonal,Spring,W,Igm,0.000464,0.000464,136
H1.W12,seasonal,Summer,V,W,0.999861,0.999861,1
H1.W12,seasonal,Summer,Igc,Igm,0.99892,0.99892,2
H1.W12,seasonal,Summer,Ah,Dp,0.990053,0.990053,3
H1.W12,seasonal,Summer,Trl,Tvl,0.959452,0.959452,4
H1.W12,seasonal,Summer,Ta,rho,-0.957518,0.957518,5
H1.W12,seasonal,Summer,P,qv,0.880682,0.880682,6
H1.W12,seasonal,Summer,H,rho,-0.806397,0.806397,7
H1.W12,seasonal,Summer,Ta,Ua,-0.773207,0.773207,8
H1.W12,seasonal,Summer,Dp,H,0.752169,0.752169,9
H1.W12,seasonal,Summer,H,Ta,0.735592,0.735592,10
H1.W12,seasonal,Summer,Ah,H,0.708281,0.708281,11
H1.W12,seasonal,Summer,Tdiff,Tvl,0.691507,0.691507,12
H1.W12,seasonal,Summer,Ua,rho,0.64861,0.64861,13
H1.W12,seasonal,Summer,Igm,Ua,-0.577177,0.577177,14
H1.W12,seasonal,Summer,Ah,Ua,0.571191,0.571191,15
H1.W12,seasonal,Summer,Igc,Ua,-0.566101,0.566101,16
H1.W12,seasonal,Summer,Trl,qv,0.556272,0.556272,17
H1.W12,seasonal,Summer,Igm,Ta,0.548354,0.548354,18
H1.W12,seasonal,Summer,Igc,Ta,0.537206,0.537206,19
H1.W12,seasonal,Summer,Tvl,qv,0.524465,0.524465,20
H1.W12,seasonal,Summer,Igm,Sc,0.512751,0.512751,21
H1.W12,seasonal,Summer,Dp,Ua,0.510588,0.510588,22
H1.W12,seasonal,Summer,Igc,Sc,0.507091,0.507091,23
H1.W12,seasonal,Summer,Tdiff,Trl,0.473435,0.473435,24
H1.W12,seasonal,Summer,Igm,rho,-0.468899,0.468899,25
H1.W12,seasonal,Summer,Igc,rho,-0.458128,0.458128,26
H1.W12,seasonal,Summer,P,Tvl,0.444691,0.444691,27
H1.W12,seasonal,Summer,Dc,Sc,0.43801,0.43801,28
H1.W12,seasonal,Summer,Sc,Ua,-0.422939,0.422939,29
H1.W12,seasonal,Summer,P,Trl,0.422794,0.422794,30
H1.W12,seasonal,Summer,Sc,rho,-0.369427,0.369427,31
H1.W12,seasonal,Summer,Sc,Ta,0.364111,0.364111,32
H1.W12,seasonal,Summer,P,Tdiff,0.322321,0.322321,33
H1.W12,seasonal,Summer,Tdiff,H,-0.282486,0.282486,34
H1.W12,seasonal,Summer,Tdiff,W,0.27645,0.27645,35
H1.W12,seasonal,Summer,Tdiff,V,0.275164,0.275164,36
H1.W12,seasonal,Summer,Dp,rho,-0.257069,0.257069,37
H1.W12,seasonal,Summer,H,Igm,0.246112,0.246112,38
H1.W12,seasonal,Summer,Tvl,W,0.242397,0.242397,39
H1.W12,seasonal,Summer,Tvl,V,0.24187,0.24187,40
H1.W12,seasonal,Summer,H,Igc,0.241471,0.241471,41
H1.W12,seasonal,Summer,Tvl,H,-0.239944,0.239944,42
H1.W12,seasonal,Summer,Tdiff,Ta,-0.233069,0.233069,43
H1.W12,seasonal,Summer,Tdiff,rho,0.229659,0.229659,44
H1.W12,seasonal,Summer,Tvl,rho,0.229524,0.229524,45
H1.W12,seasonal,Summer,Tvl,Ta,-0.22379,0.22379,46
H1.W12,seasonal,Summer,Tdiff,qv,0.223013,0.223013,47
H1.W12,seasonal,Summer,Ah,Igm,-0.206957,0.206957,48
H1.W12,seasonal,Summer,Ah,Igc,-0.202138,0.202138,49
H1.W12,seasonal,Summer,Trl,rho,0.19478,0.19478,50
H1.W12,seasonal,Summer,Trl,W,0.193537,0.193537,51
H1.W12,seasonal,Summer,Trl,V,0.19338,0.19338,52
H1.W12,seasonal,Summer,Tdiff,Dp,-0.188078,0.188078,53
H1.W12,seasonal,Summer,Ah,rho,-0.187629,0.187629,54
H1.W12,seasonal,Summer,Trl,H,-0.187335,0.187335,55
H1.W12,seasonal,Summer,Trl,Ta,-0.186678,0.186678,56
H1.W12,seasonal,Summer,Ah,Sc,-0.179084,0.179084,57
H1.W12,seasonal,Summer,Tdiff,Ah,-0.175578,0.175578,58
H1.W12,seasonal,Summer,W,qv,0.169632,0.169632,59
H1.W12,seasonal,Summer,V,qv,0.168645,0.168645,60
H1.W12,seasonal,Summer,Dp,Igm,-0.165816,0.165816,61
H1.W12,seasonal,Summer,Dp,Igc,-0.161662,0.161662,62
H1.W12,seasonal,Summer,H,Ua,-0.160441,0.160441,63
H1.W12,seasonal,Summer,qv,Ta,-0.153186,0.153186,64
H1.W12,seasonal,Summer,Dp,Sc,-0.150627,0.150627,65
H1.W12,seasonal,Summer,P,W,0.142695,0.142695,66
H1.W12,seasonal,Summer,P,V,0.141813,0.141813,67
H1.W12,seasonal,Summer,H,Sc,0.138292,0.138292,68
H1.W12,seasonal,Summer,Tvl,Dp,-0.135729,0.135729,69
H1.W12,seasonal,Summer,qv,rho,0.133309,0.133309,70
H1.W12,seasonal,Summer,qv,Ua,0.128878,0.128878,71
H1.W12,seasonal,Summer,Tvl,Ah,-0.122556,0.122556,72
H1.W12,seasonal,Summer,Tdiff,Igc,0.120891,0.120891,73
H1.W12,seasonal,Summer,Tdiff,Igm,0.116644,0.116644,74
H1.W12,seasonal,Summer,Dp,Ta,0.115366,0.115366,75
H1.W12,seasonal,Summer,qv,H,-0.115125,0.115125,76
H1.W12,seasonal,Summer,Tvl,Ua,0.111495,0.111495,77
H1.W12,seasonal,Summer,P,Ta,-0.110666,0.110666,78
H1.W12,seasonal,Summer,Dc,Igm,0.108192,0.108192,79
H1.W12,seasonal,Summer,Trl,Ua,0.106928,0.106928,80
H1.W12,seasonal,Summer,Dc,Igc,0.104771,0.104771,81
H1.W12,seasonal,Summer,qv,Igm,-0.104077,0.104077,82
H1.W12,seasonal,Summer,Dc,Ua,-0.10364,0.10364,83
H1.W12,seasonal,Summer,qv,Igc,-0.103177,0.103177,84
H1.W12,seasonal,Summer,P,Ua,0.096622,0.096622,85
H1.W12,seasonal,Summer,Trl,Dp,-0.094907,0.094907,86
H1.W12,seasonal,Summer,P,rho,0.091581,0.091581,87
H1.W12,seasonal,Summer,Trl,Ah,-0.083416,0.083416,88
H1.W12,seasonal,Summer,P,H,-0.081608,0.081608,89
H1.W12,seasonal,Summer,Tdiff,Ua,0.079966,0.079966,90
H1.W12,seasonal,Summer,P,Igm,-0.07891,0.07891,91
H1.W12,seasonal,Summer,P,Igc,-0.078254,0.078254,92
H1.W12,seasonal,Summer,W,Sc,0.074234,0.074234,93
H1.W12,seasonal,Summer,V,Sc,0.074151,0.074151,94
H1.W12,seasonal,Summer,Dc,Ta,0.059937,0.059937,95
H1.W12,seasonal,Summer,Dc,rho,-0.058781,0.058781,96
H1.W12,seasonal,Summer,Ah,Dc,-0.052288,0.052288,97
H1.W12,seasonal,Summer,Tdiff,Sc,0.050033,0.050033,98
H1.W12,seasonal,Summer,Trl,Igm,-0.048995,0.048995,99
H1.W12,seasonal,Summer,Trl,Sc,-0.047996,0.047996,100
H1.W12,seasonal,Summer,Trl,Igc,-0.045931,0.045931,101
H1.W12,seasonal,Summer,Dc,Dp,-0.044739,0.044739,102
H1.W12,seasonal,Summer,Ah,Ta,0.043195,0.043195,103
H1.W12,seasonal,Summer,qv,Sc,-0.041733,0.041733,104
H1.W12,seasonal,Summer,W,Ta,-0.035211,0.035211,105
H1.W12,seasonal,Summer,V,Ta,-0.034988,0.034988,106
H1.W12,seasonal,Summer,Tvl,Dc,-0.034942,0.034942,107
H1.W12,seasonal,Summer,Tdiff,Dc,-0.034501,0.034501,108
H1.W12,seasonal,Summer,W,H,-0.033324,0.033324,109
H1.W12,seasonal,Summer,V,H,-0.033213,0.033213,110
H1.W12,seasonal,Summer,V,rho,0.032035,0.032035,111
H1.W12,seasonal,Summer,W,rho,0.031768,0.031768,112
H1.W12,seasonal,Summer,Trl,Dc,-0.030054,0.030054,113
H1.W12,seasonal,Summer,P,Sc,-0.024217,0.024217,114
H1.W12,seasonal,Summer,Tvl,Sc,-0.024057,0.024057,115
H1.W12,seasonal,Summer,W,Dp,-0.020921,0.020921,116
H1.W12,seasonal,Summer,V,Dp,-0.020792,0.020792,117
H1.W12,seasonal,Summer,V,Igm,-0.019643,0.019643,118
H1.W12,seasonal,Summer,W,Igm,-0.019627,0.019627,119
H1.W12,seasonal,Summer,V,Igc,-0.019287,0.019287,120
H1.W12,seasonal,Summer,W,Igc,-0.019268,0.019268,121
H1.W12,seasonal,Summer,qv,Dp,-0.019154,0.019154,122
H1.W12,seasonal,Summer,W,Ua,0.014472,0.014472,123
H1.W12,seasonal,Summer,V,Ua,0.014339,0.014339,124
H1.W12,seasonal,Summer,V,Ah,-0.012774,0.012774,125
H1.W12,seasonal,Summer,W,Ah,-0.012773,0.012773,126
H1.W12,seasonal,Summer,qv,Ah,-0.011486,0.011486,127
H1.W12,seasonal,Summer,qv,Dc,-0.01039,0.01039,128
H1.W12,seasonal,Summer,P,Dp,-0.01029,0.01029,129
H1.W12,seasonal,Summer,Dc,H,0.007497,0.007497,130
H1.W12,seasonal,Summer,P,Dc,-0.006371,0.006371,131
H1.W12,seasonal,Summer,P,Ah,-0.006084,0.006084,132
H1.W12,seasonal,Summer,Tvl,Igm,-0.005025,0.005025,133
H1.W12,seasonal,Summer,Tvl,Igc,-0.001142,0.001142,134
H1.W12,seasonal,Summer,W,Dc,-0.00114,0.00114,135
H1.W12,seasonal,Summer,V,Dc,0.000133,0.000133,136
H1.W12,seasonal,Autumn,V,W,0.999876,0.999876,1
H1.W12,seasonal,Autumn,Igc,Igm,0.999113,0.999113,2
H1.W12,seasonal,Autumn,Ah,Dp,0.987039,0.987039,3
H1.W12,seasonal,Autumn,Trl,Tvl,0.982391,0.982391,4
H1.W12,seasonal,Autumn,H,Ta,0.953577,0.953577,5
H1.W12,seasonal,Autumn,Dp,H,0.942881,0.942881,6
H1.W12,seasonal,Autumn,Ah,H,0.924598,0.924598,7
H1.W12,seasonal,Autumn,Tvl,qv,0.922627,0.922627,8
H1.W12,seasonal,Autumn,Ta,rho,-0.917983,0.917983,9
H1.W12,seasonal,Autumn,Trl,qv,0.915459,0.915459,10
H1.W12,seasonal,Autumn,H,rho,-0.906511,0.906511,11
H1.W12,seasonal,Autumn,P,Tdiff,0.87142,0.87142,12
H1.W12,seasonal,Autumn,P,qv,0.869812,0.869812,13
H1.W12,seasonal,Autumn,P,Tvl,0.835029,0.835029,14
H1.W12,seasonal,Autumn,Dp,Ta,0.811729,0.811729,15
H1.W12,seasonal,Autumn,Dp,rho,-0.801137,0.801137,16
H1.W12,seasonal,Autumn,Ah,Ta,0.767727,0.767727,17
H1.W12,seasonal,Autumn,Ah,rho,-0.761234,0.761234,18
H1.W12,seasonal,Autumn,P,Trl,0.749545,0.749545,19
H1.W12,seasonal,Autumn,Tdiff,Tvl,0.716209,0.716209,20
H1.W12,seasonal,Autumn,Ta,Ua,-0.65567,0.65567,21
H1.W12,seasonal,Autumn,Igm,Ua,-0.627136,0.627136,22
H1.W12,seasonal,Autumn,Tdiff,qv,0.626629,0.626629,23
H1.W12,seasonal,Autumn,qv,H,-0.616737,0.616737,24
H1.W12,seasonal,Autumn,Igc,Ua,-0.615643,0.615643,25
H1.W12,seasonal,Autumn,qv,Ta,-0.60958,0.60958,26
H1.W12,seasonal,Autumn,Tdiff,Trl,0.576741,0.576741,27
H1.W12,seasonal,Autumn,P,H,-0.562652,0.562652,28
H1.W12,seasonal,Autumn,Tvl,H,-0.5601,0.5601,29
H1.W12,seasonal,Autumn,qv,Dp,-0.557252,0.557252,30
H1.W12,seasonal,Autumn,P,Ta,-0.555486,0.555486,31
H1.W12,seasonal,Autumn,Trl,H,-0.548988,0.548988,32
H1.W12,seasonal,Autumn,Tvl,Ta,-0.547165,0.547165,33
H1.W12,seasonal,Autumn,qv,Ah,-0.547078,0.547078,34
H1.W12,seasonal,Autumn,Trl,Ta,-0.538407,0.538407,35
H1.W12,seasonal,Autumn,Ua,rho,0.53441,0.53441,36
H1.W12,seasonal,Autumn,qv,rho,0.521839,0.521839,37
H1.W12,seasonal,Autumn,Igm,Ta,0.5204,0.5204,38
H1.W12,seasonal,Autumn,Tvl,Dp,-0.514921,0.514921,39
H1.W12,seasonal,Autumn,Igc,Ta,0.512996,0.512996,40
H1.W12,seasonal,Autumn,P,Dp,-0.510008,0.510008,41
H1.W12,seasonal,Autumn,Tvl,Ah,-0.504554,0.504554,42
H1.W12,seasonal,Autumn,Trl,Dp,-0.50256,0.50256,43
H1.W12,seasonal,Autumn,P,Ah,-0.50036,0.50036,44
H1.W12,seasonal,Autumn,Trl,Ah,-0.491751,0.491751,45
H1.W12,seasonal,Autumn,Tvl,rho,0.479307,0.479307,46
H1.W12,seasonal,Autumn,Trl,rho,0.475451,0.475451,47
H1.W12,seasonal,Autumn,P,rho,0.467163,0.467163,48
H1.W12,seasonal,Autumn,Dc,Sc,0.431924,0.431924,49
H1.W12,seasonal,Autumn,H,Ua,-0.412742,0.412742,50
H1.W12,seasonal,Autumn,Igm,rho,-0.408852,0.408852,51
H1.W12,seasonal,Autumn,Tdiff,H,-0.402811,0.402811,52
H1.W12,seasonal,Autumn,Igc,rho,-0.40205,0.40205,53
H1.W12,seasonal,Autumn,Tdiff,Ta,-0.385345,0.385345,54
H1.W12,seasonal,Autumn,H,Igm,0.383932,0.383932,55
H1.W12,seasonal,Autumn,Tdiff,Dp,-0.37971,0.37971,56
H1.W12,seasonal,Autumn,H,Igc,0.379654,0.379654,57
H1.W12,seasonal,Autumn,Tdiff,Ah,-0.374057,0.374057,58
H1.W12,seasonal,Autumn,Sc,Ua,-0.334778,0.334778,59
H1.W12,seasonal,Autumn,Tdiff,rho,0.322953,0.322953,60
H1.W12,seasonal,Autumn,qv,Ua,0.315939,0.315939,61
H1.W12,seasonal,Autumn,Igm,Sc,0.310161,0.310161,62
H1.W12,seasonal,Autumn,Igc,Sc,0.305924,0.305924,63
H1.W12,seasonal,Autumn,Sc,rho,-0.289827,0.289827,64
H1.W12,seasonal,Autumn,P,Ua,0.283931,0.283931,65
H1.W12,seasonal,Autumn,Trl,Ua,0.264982,0.264982,66
H1.W12,seasonal,Autumn,Tvl,Ua,0.263883,0.263883,67
H1.W12,seasonal,Autumn,P,Igm,-0.235405,0.235405,68
H1.W12,seasonal,Autumn,P,Igc,-0.233472,0.233472,69
H1.W12,seasonal,Autumn,qv,Igm,-0.22929,0.22929,70
H1.W12,seasonal,Autumn,qv,Igc,-0.227545,0.227545,71
H1.W12,seasonal,Autumn,Dp,Igm,0.196494,0.196494,72
H1.W12,seasonal,Autumn,Dp,Igc,0.196293,0.196293,73
H1.W12,seasonal,Autumn,Sc,Ta,0.191562,0.191562,74
H1.W12,seasonal,Autumn,Tvl,Igm,-0.172516,0.172516,75
H1.W12,seasonal,Autumn,Tvl,Igc,-0.170837,0.170837,76
H1.W12,seasonal,Autumn,Trl,Igm,-0.167734,0.167734,77
H1.W12,seasonal,Autumn,Trl,Igc,-0.166245,0.166245,78
H1.W12,seasonal,Autumn,Dc,rho,-0.164467,0.164467,79
H1.W12,seasonal,Autumn,Tdiff,Ua,0.16366,0.16366,80
H1.W12,seasonal,Autumn,Ah,Igc,0.159254,0.159254,81
H1.W12,seasonal,Autumn,Ah,Igm,0.15882,0.15882,82
H1.W12,seasonal,Autumn,V,Ah,0.15192,0.15192,83
H1.W12,seasonal,Autumn,W,Ah,0.151708,0.151708,84
H1.W12,seasonal,Autumn,Dc,Ta,0.13706,0.13706,85
H1.W12,seasonal,Autumn,V,Dp,0.136998,0.136998,86
H1.W12,seasonal,Autumn,W,Dp,0.136861,0.136861,87
H1.W12,seasonal,Autumn,Dc,Ua,-0.129041,0.129041,88
H1.W12,seasonal,Autumn,Tdiff,Igm,-0.125241,0.125241,89
H1.W12,seasonal,Autumn,Tdiff,Igc,-0.123371,0.123371,90
H1.W12,seasonal,Autumn,Dc,H,0.120571,0.120571,91
H1.W12,seasonal,Autumn,Dc,Igm,0.11459,0.11459,92
H1.W12,seasonal,Autumn,H,Sc,0.112905,0.112905,93
H1.W12,seasonal,Autumn,Dc,Igc,0.112691,0.112691,94
H1.W12,seasonal,Autumn,V,Ua,0.107831,0.107831,95
H1.W12,seasonal,Autumn,W,Ua,0.107722,0.107722,96
H1.W12,seasonal,Autumn,Dp,Ua,-0.1022,0.1022,97
H1.W12,seasonal,Autumn,Dc,Dp,0.096485,0.096485,98
H1.W12,seasonal,Autumn,V,H,0.095926,0.095926,99
H1.W12,seasonal,Autumn,W,H,0.095849,0.095849,100
H1.W12,seasonal,Autumn,W,Sc,0.092434,0.092434,101
H1.W12,seasonal,Autumn,V,Sc,0.090789,0.090789,102
H1.W12,seasonal,Autumn,W,rho,-0.083019,0.083019,103
H1.W12,seasonal,Autumn,Ah,Dc,0.082527,0.082527,104
H1.W12,seasonal,Autumn,V,rho,-0.081881,0.081881,105
H1.W12,seasonal,Autumn,Tdiff,V,0.060843,0.060843,106
H1.W12,seasonal,Autumn,Tdiff,W,0.060713,0.060713,107
H1.W12,seasonal,Autumn,Trl,Dc,-0.04699,0.04699,108
H1.W12,seasonal,Autumn,Tvl,Dc,-0.046724,0.046724,109
H1.W12,seasonal,Autumn,Ah,Ua,-0.045406,0.045406,110
H1.W12,seasonal,Autumn,V,qv,0.044829,0.044829,111
H1.W12,seasonal,Autumn,P,V,0.044659,0.044659,112
H1.W12,seasonal,Autumn,W,qv,0.044404,0.044404,113
H1.W12,seasonal,Autumn,P,W,0.044346,0.044346,114
H1.W12,seasonal,Autumn,P,Sc,0.043487,0.043487,115
H1.W12,seasonal,Autumn,Tdiff,Sc,0.038926,0.038926,116
H1.W12,seasonal,Autumn,V,Ta,0.038753,0.038753,117
H1.W12,seasonal,Autumn,W,Ta,0.03873,0.03873,118
H1.W12,seasonal,Autumn,qv,Sc,0.038084,0.038084,119
H1.W12,seasonal,Autumn,Tdiff,Dc,-0.031291,0.031291,120
H1.W12,seasonal,Autumn,W,Dc,0.030994,0.030994,121
H1.W12,seasonal,Autumn,V,Dc,0.029421,0.029421,122
H1.W12,seasonal,Autumn,qv,Dc,-0.028768,0.028768,123
H1.W12,seasonal,Autumn,Trl,W,-0.024769,0.024769,124
H1.W12,seasonal,Autumn,Trl,V,-0.023854,0.023854,125
H1.W12,seasonal,Autumn,P,Dc,-0.023521,0.023521,126
H1.W12,seasonal,Autumn,Dp,Sc,0.01624,0.01624,127
H1.W12,seasonal,Autumn,Tvl,Sc,0.014969,0.014969,128
H1.W12,seasonal,Autumn,Ah,Sc,-0.011222,0.011222,129
H1.W12,seasonal,Autumn,W,Igc,-0.007471,0.007471,130
H1.W12,seasonal,Autumn,W,Igm,-0.007323,0.007323,131
H1.W12,seasonal,Autumn,Trl,Sc,0.007274,0.007274,132
H1.W12,seasonal,Autumn,V,Igc,-0.00719,0.00719,133
H1.W12,seasonal,Autumn,V,Igm,-0.007043,0.007043,134
H1.W12,seasonal,Autumn,Tvl,W,-0.005134,0.005134,135
H1.W12,seasonal,Autumn,Tvl,V,-0.004349,0.004349,136
