meter_urn,period_type,period_label,column_a,column_b,corr,abs_corr,rank
H1.Z10,6year,all,W,W_in,1.0,1.0,1
H1.Z10,6year,all,WQ,WQ_out,-0.999994,0.999994,2
H1.Z10,6year,all,Igc,Igm,0.999125,0.999125,3
H1.Z10,6year,all,W,WQ_out,0.999076,0.999076,4
H1.Z10,6year,all,WQ_out,W_in,0.999071,0.999071,5
H1.Z10,6year,all,W,WQ,-0.998986,0.998986,6
H1.Z10,6year,all,WQ,W_in,-0.998981,0.998981,7
H1.Z10,6year,all,W,WQ_in,0.997138,0.997138,8
H1.Z10,6year,all,WQ_in,W_in,0.997133,0.997133,9
H1.Z10,6year,all,WQ_in,WQ_out,0.995797,0.995797,10
H1.Z10,6year,all,WQ,WQ_in,-0.995475,0.995475,11
H1.Z10,6year,all,I1,P1,0.995306,0.995306,12
H1.Z10,6year,all,I3,P3,0.99389,0.99389,13
H1.Z10,6year,all,I2,P2,0.993537,0.993537,14
H1.Z10,6year,all,U1,U2,0.993081,0.993081,15
H1.Z10,6year,all,U1,U3,0.986154,0.986154,16
H1.Z10,6year,all,U2,U3,0.982635,0.982635,17
H1.Z10,6year,all,Ah,Dp,0.976628,0.976628,18
H1.Z10,6year,all,I3,P,0.952218,0.952218,19
H1.Z10,6year,all,Ta,rho,-0.951922,0.951922,20
H1.Z10,6year,all,H,Ta,0.949278,0.949278,21
H1.Z10,6year,all,P,P3,0.945168,0.945168,22
H1.Z10,6year,all,I2,P,0.93836,0.93836,23
H1.Z10,6year,all,H,rho,-0.932181,0.932181,24
H1.Z10,6year,all,PF,PF2,0.928857,0.928857,25
H1.Z10,6year,all,P,P2,0.928621,0.928621,26
H1.Z10,6year,all,Dp,H,0.926718,0.926718,27
H1.Z10,6year,all,P,P1,0.926008,0.926008,28
H1.Z10,6year,all,I1,P,0.919655,0.919655,29
H1.Z10,6year,all,I2,I3,0.917607,0.917607,30
H1.Z10,6year,all,Ah,H,0.913166,0.913166,31
H1.Z10,6year,all,I3,P2,0.900869,0.900869,32
H1.Z10,6year,all,I2,P3,0.899354,0.899354,33
H1.Z10,6year,all,I1,I2,0.895715,0.895715,34
H1.Z10,6year,all,I3,P1,0.893579,0.893579,35
H1.Z10,6year,all,I2,P1,0.892566,0.892566,36
H1.Z10,6year,all,I1,I3,0.891307,0.891307,37
H1.Z10,6year,all,P2,P3,0.890653,0.890653,38
H1.Z10,6year,all,PF,PF3,0.881948,0.881948,39
H1.Z10,6year,all,P1,P3,0.875163,0.875163,40
H1.Z10,6year,all,P1,P2,0.868129,0.868129,41
H1.Z10,6year,all,I1,P3,0.865344,0.865344,42
H1.Z10,6year,all,I1,P2,0.864431,0.864431,43
H1.Z10,6year,all,PF2,PF3,0.814432,0.814432,44
H1.Z10,6year,all,Dp,rho,-0.80795,0.80795,45
H1.Z10,6year,all,PF,PF1,0.792817,0.792817,46
H1.Z10,6year,all,Dp,Ta,0.784378,0.784378,47
H1.Z10,6year,all,Ah,rho,-0.761871,0.761871,48
H1.Z10,6year,all,PF1,PF3,0.760872,0.760872,49
H1.Z10,6year,all,PF1,PF2,0.739581,0.739581,50
H1.Z10,6year,all,Ah,Ta,0.739406,0.739406,51
H1.Z10,6year,all,W_in,W_out,0.729518,0.729518,52
H1.Z10,6year,all,W,W_out,0.729399,0.729399,53
H1.Z10,6year,all,WQ_out,W_out,0.709545,0.709545,54
H1.Z10,6year,all,WQ,W_out,-0.709487,0.709487,55
H1.Z10,6year,all,WQ_in,W_out,0.707936,0.707936,56
H1.Z10,6year,all,f,H,0.681138,0.681138,57
H1.Z10,6year,all,f,Dp,0.660608,0.660608,58
H1.Z10,6year,all,f,Ah,0.638918,0.638918,59
H1.Z10,6year,all,f,Ta,0.637499,0.637499,60
H1.Z10,6year,all,I3,Q,0.626743,0.626743,61
H1.Z10,6year,all,Igm,Ua,-0.623988,0.623988,62
H1.Z10,6year,all,Igc,Ua,-0.614971,0.614971,63
H1.Z10,6year,all,f,rho,-0.606425,0.606425,64
H1.Z10,6year,all,P3,Q,0.604563,0.604563,65
H1.Z10,6year,all,I1,Q,0.600397,0.600397,66
H1.Z10,6year,all,Ta,Ua,-0.588175,0.588175,67
H1.Z10,6year,all,P1,Q,0.587396,0.587396,68
H1.Z10,6year,all,WQ_out,f,0.571551,0.571551,69
H1.Z10,6year,all,WQ,f,-0.571371,0.571371,70
H1.Z10,6year,all,W,f,0.569452,0.569452,71
H1.Z10,6year,all,W_in,f,0.569445,0.569445,72
H1.Z10,6year,all,WQ_in,f,0.569238,0.569238,73
H1.Z10,6year,all,P,Q,0.550267,0.550267,74
H1.Z10,6year,all,Igm,Ta,0.51477,0.51477,75
H1.Z10,6year,all,Igc,Ta,0.509324,0.509324,76
H1.Z10,6year,all,Ua,rho,0.481531,0.481531,77
H1.Z10,6year,all,I2,Q,0.46466,0.46466,78
H1.Z10,6year,all,Igm,rho,-0.434835,0.434835,79
H1.Z10,6year,all,Igc,rho,-0.429845,0.429845,80
H1.Z10,6year,all,P2,PF,0.424183,0.424183,81
H1.Z10,6year,all,P2,Q,0.419134,0.419134,82
H1.Z10,6year,all,P2,PF2,0.417849,0.417849,83
H1.Z10,6year,all,Dc,Sc,0.412072,0.412072,84
H1.Z10,6year,all,W_out,f,0.385669,0.385669,85
H1.Z10,6year,all,H,Igm,0.370593,0.370593,86
H1.Z10,6year,all,I2,PF,0.368173,0.368173,87
H1.Z10,6year,all,H,Igc,0.368034,0.368034,88
H1.Z10,6year,all,I2,PF2,0.36544,0.36544,89
H1.Z10,6year,all,P3,PF3,0.363863,0.363863,90
H1.Z10,6year,all,P3,PF,0.359635,0.359635,91
H1.Z10,6year,all,P,PF,0.358158,0.358158,92
H1.Z10,6year,all,P2,PF3,0.355581,0.355581,93
H1.Z10,6year,all,PF2,Q,-0.35121,0.35121,94
H1.Z10,6year,all,H,Ua,-0.330479,0.330479,95
H1.Z10,6year,all,I3,PF,0.316469,0.316469,96
H1.Z10,6year,all,P,PF3,0.307756,0.307756,97
H1.Z10,6year,all,P,PF2,0.306382,0.306382,98
H1.Z10,6year,all,I3,PF3,0.305724,0.305724,99
H1.Z10,6year,all,I2,PF3,0.295068,0.295068,100
H1.Z10,6year,all,Igm,Sc,0.295006,0.295006,101
H1.Z10,6year,all,Igc,Sc,0.290909,0.290909,102
H1.Z10,6year,all,Sc,Ua,-0.285992,0.285992,103
H1.Z10,6year,all,U3,Igc,-0.280421,0.280421,104
H1.Z10,6year,all,U3,Igm,-0.276273,0.276273,105
H1.Z10,6year,all,P2,W_out,-0.273898,0.273898,106
H1.Z10,6year,all,P2,PF1,0.271248,0.271248,107
H1.Z10,6year,all,P3,PF2,0.269154,0.269154,108
H1.Z10,6year,all,P1,PF,0.260011,0.260011,109
H1.Z10,6year,all,I2,W_out,-0.259396,0.259396,110
H1.Z10,6year,all,PF2,W_out,-0.25645,0.25645,111
H1.Z10,6year,all,PF3,Q,-0.252052,0.252052,112
H1.Z10,6year,all,PF1,Q,-0.242728,0.242728,113
H1.Z10,6year,all,I3,PF2,0.240152,0.240152,114
H1.Z10,6year,all,P3,PF1,0.229106,0.229106,115
H1.Z10,6year,all,U1,Igc,-0.229022,0.229022,116
H1.Z10,6year,all,U3,WQ,-0.226045,0.226045,117
H1.Z10,6year,all,U3,WQ_out,0.225788,0.225788,118
H1.Z10,6year,all,U1,Igm,-0.224477,0.224477,119
H1.Z10,6year,all,PF,Q,-0.223106,0.223106,120
H1.Z10,6year,all,U3,W,0.221795,0.221795,121
H1.Z10,6year,all,U3,W_in,0.221792,0.221792,122
H1.Z10,6year,all,I2,PF1,0.22132,0.22132,123
H1.Z10,6year,all,P,PF1,0.221047,0.221047,124
H1.Z10,6year,all,P1,PF2,0.21652,0.21652,125
H1.Z10,6year,all,U2,Igc,-0.215145,0.215145,126
H1.Z10,6year,all,U1,WQ,-0.214853,0.214853,127
H1.Z10,6year,all,U1,WQ_out,0.214601,0.214601,128
H1.Z10,6year,all,U2,WQ,-0.214167,0.214167,129
H1.Z10,6year,all,U2,WQ_out,0.214009,0.214009,130
H1.Z10,6year,all,U3,WQ_in,0.211828,0.211828,131
H1.Z10,6year,all,U2,Igm,-0.21079,0.21079,132
H1.Z10,6year,all,U1,W,0.21056,0.21056,133
H1.Z10,6year,all,U1,W_in,0.210555,0.210555,134
H1.Z10,6year,all,U2,W,0.210349,0.210349,135
H1.Z10,6year,all,U2,W_in,0.210343,0.210343,136
H1.Z10,6year,all,Q,WQ_in,0.208715,0.208715,137
H1.Z10,6year,all,Q,W_out,0.208181,0.208181,138
H1.Z10,6year,all,I1,PF,0.206829,0.206829,139
H1.Z10,6year,all,U2,WQ_in,0.20344,0.20344,140
H1.Z10,6year,all,Q,W_in,0.203095,0.203095,141
H1.Z10,6year,all,Q,W,0.20308,0.20308,142
H1.Z10,6year,all,U1,WQ_in,0.201063,0.201063,143
H1.Z10,6year,all,Q,WQ_out,0.20024,0.20024,144
H1.Z10,6year,all,Q,WQ,-0.200092,0.200092,145
H1.Z10,6year,all,I2,U2,-0.195167,0.195167,146
H1.Z10,6year,all,I2,U3,-0.194528,0.194528,147
H1.Z10,6year,all,I2,U1,-0.193807,0.193807,148
H1.Z10,6year,all,I3,PF1,0.188584,0.188584,149
H1.Z10,6year,all,I1,U2,-0.179965,0.179965,150
H1.Z10,6year,all,P2,U2,-0.179455,0.179455,151
H1.Z10,6year,all,I1,PF2,0.178728,0.178728,152
H1.Z10,6year,all,I1,U1,-0.178688,0.178688,153
H1.Z10,6year,all,P2,U3,-0.178457,0.178457,154
H1.Z10,6year,all,P2,U1,-0.177686,0.177686,155
H1.Z10,6year,all,f,Igc,0.177299,0.177299,156
H1.Z10,6year,all,f,Igm,0.177164,0.177164,157
H1.Z10,6year,all,I3,U2,-0.175269,0.175269,158
H1.Z10,6year,all,f,Ua,-0.173247,0.173247,159
H1.Z10,6year,all,I3,U1,-0.172362,0.172362,160
H1.Z10,6year,all,I1,U3,-0.172191,0.172191,161
H1.Z10,6year,all,I1,W_out,-0.171955,0.171955,162
H1.Z10,6year,all,P,U2,-0.17157,0.17157,163
H1.Z10,6year,all,I3,U3,-0.169915,0.169915,164
H1.Z10,6year,all,Sc,rho,-0.169745,0.169745,165
H1.Z10,6year,all,PF,W_out,-0.169623,0.169623,166
H1.Z10,6year,all,P1,U2,-0.169359,0.169359,167
H1.Z10,6year,all,I2,WQ_in,-0.167884,0.167884,168
H1.Z10,6year,all,P,U1,-0.167741,0.167741,169
H1.Z10,6year,all,P1,PF3,0.16757,0.16757,170
H1.Z10,6year,all,P1,U1,-0.167518,0.167518,171
H1.Z10,6year,all,U2,f,0.16714,0.16714,172
H1.Z10,6year,all,P1,W_out,-0.166637,0.166637,173
H1.Z10,6year,all,P3,U2,-0.165047,0.165047,174
H1.Z10,6year,all,P2,WQ_in,-0.164023,0.164023,175
H1.Z10,6year,all,I2,W_in,-0.163381,0.163381,176
H1.Z10,6year,all,I2,W,-0.163347,0.163347,177
H1.Z10,6year,all,P,U3,-0.162098,0.162098,178
H1.Z10,6year,all,P3,U1,-0.161542,0.161542,179
H1.Z10,6year,all,P2,W_in,-0.160336,0.160336,180
H1.Z10,6year,all,P2,W,-0.160297,0.160297,181
H1.Z10,6year,all,P1,U3,-0.159872,0.159872,182
H1.Z10,6year,all,I2,WQ_out,-0.158686,0.158686,183
H1.Z10,6year,all,I2,WQ,0.158636,0.158636,184
H1.Z10,6year,all,P3,U3,-0.157851,0.157851,185
H1.Z10,6year,all,P2,WQ_out,-0.155109,0.155109,186
H1.Z10,6year,all,P2,WQ,0.155092,0.155092,187
H1.Z10,6year,all,I1,WQ_in,-0.154157,0.154157,188
H1.Z10,6year,all,Dp,Igc,0.152858,0.152858,189
H1.Z10,6year,all,Dp,Igm,0.151816,0.151816,190
H1.Z10,6year,all,U1,f,0.15171,0.15171,191
H1.Z10,6year,all,I2,Igc,0.150445,0.150445,192
H1.Z10,6year,all,P,W_out,-0.149972,0.149972,193
H1.Z10,6year,all,I2,Igm,0.149913,0.149913,194
H1.Z10,6year,all,Q,U1,-0.149896,0.149896,195
H1.Z10,6year,all,Q,U2,-0.149549,0.149549,196
H1.Z10,6year,all,U3,Ta,-0.145059,0.145059,197
H1.Z10,6year,all,I1,W_in,-0.144917,0.144917,198
H1.Z10,6year,all,I1,W,-0.144901,0.144901,199
H1.Z10,6year,all,U3,W_out,0.143783,0.143783,200
H1.Z10,6year,all,Q,U3,-0.143485,0.143485,201
H1.Z10,6year,all,P2,Igc,0.142808,0.142808,202
H1.Z10,6year,all,P2,Igm,0.142264,0.142264,203
H1.Z10,6year,all,U3,H,-0.141023,0.141023,204
H1.Z10,6year,all,I1,WQ_out,-0.140536,0.140536,205
H1.Z10,6year,all,PF2,WQ_in,-0.14032,0.14032,206
H1.Z10,6year,all,I1,WQ,0.140223,0.140223,207
H1.Z10,6year,all,U3,rho,0.13921,0.13921,208
H1.Z10,6year,all,I3,Igc,0.139161,0.139161,209
H1.Z10,6year,all,I3,Igm,0.138512,0.138512,210
H1.Z10,6year,all,P1,WQ_in,-0.13773,0.13773,211
H1.Z10,6year,all,P1,PF1,0.136658,0.136658,212
H1.Z10,6year,all,I1,f,-0.13579,0.13579,213
H1.Z10,6year,all,I1,Igc,0.135266,0.135266,214
H1.Z10,6year,all,I1,Igm,0.13452,0.13452,215
H1.Z10,6year,all,Q,Igc,0.134045,0.134045,216
H1.Z10,6year,all,Q,Igm,0.132738,0.132738,217
H1.Z10,6year,all,P1,f,-0.131939,0.131939,218
H1.Z10,6year,all,PF2,W_in,-0.131912,0.131912,219
H1.Z10,6year,all,PF2,W,-0.131873,0.131873,220
H1.Z10,6year,all,P,Igc,0.131757,0.131757,221
H1.Z10,6year,all,P1,Igc,0.131595,0.131595,222
H1.Z10,6year,all,P,Igm,0.131064,0.131064,223
H1.Z10,6year,all,P1,Igm,0.130775,0.130775,224
H1.Z10,6year,all,U1,W_out,0.130151,0.130151,225
H1.Z10,6year,all,P3,Igc,0.129987,0.129987,226
H1.Z10,6year,all,P3,Igm,0.129283,0.129283,227
H1.Z10,6year,all,P1,W_in,-0.127874,0.127874,228
H1.Z10,6year,all,P1,W,-0.127856,0.127856,229
H1.Z10,6year,all,PF2,WQ_out,-0.126374,0.126374,230
H1.Z10,6year,all,PF2,WQ,0.12627,0.12627,231
H1.Z10,6year,all,U2,W_out,0.124936,0.124936,232
H1.Z10,6year,all,Ah,Igc,0.124644,0.124644,233
H1.Z10,6year,all,Q,Sc,0.123471,0.123471,234
H1.Z10,6year,all,P1,WQ_out,-0.123114,0.123114,235
H1.Z10,6year,all,Ah,Igm,0.122945,0.122945,236
H1.Z10,6year,all,P1,WQ,0.122778,0.122778,237
H1.Z10,6year,all,I2,f,-0.117553,0.117553,238
H1.Z10,6year,all,I1,PF3,0.114268,0.114268,239
H1.Z10,6year,all,U3,Ah,-0.110762,0.110762,240
H1.Z10,6year,all,P,f,-0.109625,0.109625,241
H1.Z10,6year,all,P2,f,-0.109486,0.109486,242
H1.Z10,6year,all,Dc,rho,-0.10867,0.10867,243
H1.Z10,6year,all,Sc,Ta,0.108,0.108,244
H1.Z10,6year,all,U3,f,0.107489,0.107489,245
H1.Z10,6year,all,PF3,W_out,-0.106345,0.106345,246
H1.Z10,6year,all,U3,Dp,-0.103213,0.103213,247
H1.Z10,6year,all,Ah,Sc,-0.100471,0.100471,248
H1.Z10,6year,all,U3,Ua,0.100222,0.100222,249
H1.Z10,6year,all,PF2,Sc,-0.09658,0.09658,250
H1.Z10,6year,all,W_out,Ua,0.095888,0.095888,251
H1.Z10,6year,all,PF2,rho,-0.091711,0.091711,252
H1.Z10,6year,all,Dc,Dp,0.091373,0.091373,253
H1.Z10,6year,all,WQ_out,Dp,0.091168,0.091168,254
H1.Z10,6year,all,WQ,Dp,-0.091142,0.091142,255
H1.Z10,6year,all,W_in,Dp,0.090399,0.090399,256
H1.Z10,6year,all,W,Dp,0.090398,0.090398,257
H1.Z10,6year,all,WQ_in,Dp,0.089518,0.089518,258
H1.Z10,6year,all,WQ_out,Ah,0.085501,0.085501,259
H1.Z10,6year,all,WQ,Ah,-0.085479,0.085479,260
H1.Z10,6year,all,Dc,Ta,0.085213,0.085213,261
H1.Z10,6year,all,W_in,Ah,0.084809,0.084809,262
H1.Z10,6year,all,W,Ah,0.084808,0.084808,263
H1.Z10,6year,all,WQ_in,Ah,0.083058,0.083058,264
H1.Z10,6year,all,PF2,H,0.082342,0.082342,265
H1.Z10,6year,all,P3,W,0.080328,0.080328,266
H1.Z10,6year,all,P3,W_in,0.080305,0.080305,267
H1.Z10,6year,all,I2,Ua,-0.080196,0.080196,268
H1.Z10,6year,all,P3,WQ_out,0.080033,0.080033,269
H1.Z10,6year,all,PF1,WQ,-0.079999,0.079999,270
H1.Z10,6year,all,I1,PF1,0.079932,0.079932,271
H1.Z10,6year,all,PF1,WQ_out,0.079903,0.079903,272
H1.Z10,6year,all,P3,WQ,-0.079865,0.079865,273
H1.Z10,6year,all,P3,WQ_in,0.079693,0.079693,274
H1.Z10,6year,all,Dc,H,0.078058,0.078058,275
H1.Z10,6year,all,PF,U3,-0.07799,0.07799,276
H1.Z10,6year,all,PF,Sc,-0.077388,0.077388,277
H1.Z10,6year,all,PF1,W,0.077017,0.077017,278
H1.Z10,6year,all,PF1,W_in,0.07699,0.07699,279
H1.Z10,6year,all,PF2,Ta,0.076905,0.076905,280
H1.Z10,6year,all,P1,Sc,0.0769,0.0769,281
H1.Z10,6year,all,I1,Sc,0.076396,0.076396,282
H1.Z10,6year,all,P2,Ua,-0.074894,0.074894,283
H1.Z10,6year,all,PF2,Ah,0.074486,0.074486,284
H1.Z10,6year,all,PF,U2,-0.070909,0.070909,285
H1.Z10,6year,all,I3,Sc,0.070695,0.070695,286
H1.Z10,6year,all,PF1,WQ_in,0.069307,0.069307,287
H1.Z10,6year,all,P,WQ_in,-0.06926,0.06926,288
H1.Z10,6year,all,PF2,U3,-0.069113,0.069113,289
H1.Z10,6year,all,PF,U1,-0.069017,0.069017,290
H1.Z10,6year,all,Dp,Sc,-0.068645,0.068645,291
H1.Z10,6year,all,U1,rho,0.068187,0.068187,292
H1.Z10,6year,all,P3,Sc,0.068025,0.068025,293
H1.Z10,6year,all,U1,Ta,-0.067502,0.067502,294
H1.Z10,6year,all,U1,H,-0.067435,0.067435,295
H1.Z10,6year,all,Q,f,0.067164,0.067164,296
H1.Z10,6year,all,P,W_in,-0.065921,0.065921,297
H1.Z10,6year,all,P,W,-0.065897,0.065897,298
H1.Z10,6year,all,W_out,Dp,0.065517,0.065517,299
H1.Z10,6year,all,W_out,Ah,0.065002,0.065002,300
H1.Z10,6year,all,P,WQ,0.064202,0.064202,301
H1.Z10,6year,all,P,WQ_out,-0.064159,0.064159,302
H1.Z10,6year,all,PF2,Dp,0.063359,0.063359,303
H1.Z10,6year,all,PF3,U2,-0.06251,0.06251,304
H1.Z10,6year,all,WQ_in,H,0.062098,0.062098,305
H1.Z10,6year,all,Ah,Ua,0.062062,0.062062,306
H1.Z10,6year,all,PF3,U3,-0.061854,0.061854,307
H1.Z10,6year,all,W,H,0.061786,0.061786,308
H1.Z10,6year,all,W_in,H,0.061782,0.061782,309
H1.Z10,6year,all,WQ_out,H,0.061662,0.061662,310
H1.Z10,6year,all,PF,rho,-0.061517,0.061517,311
H1.Z10,6year,all,WQ,H,-0.061498,0.061498,312
H1.Z10,6year,all,I1,Ua,-0.061098,0.061098,313
H1.Z10,6year,all,P,Sc,0.059252,0.059252,314
H1.Z10,6year,all,Ah,Dc,0.059082,0.059082,315
H1.Z10,6year,all,PF3,U1,-0.058927,0.058927,316
H1.Z10,6year,all,PF,H,0.057394,0.057394,317
H1.Z10,6year,all,I3,W,0.057153,0.057153,318
H1.Z10,6year,all,I3,W_in,0.057133,0.057133,319
H1.Z10,6year,all,I3,WQ_out,0.056993,0.056993,320
H1.Z10,6year,all,I3,WQ,-0.056848,0.056848,321
H1.Z10,6year,all,PF2,U1,-0.056679,0.056679,322
H1.Z10,6year,all,U2,rho,0.056659,0.056659,323
H1.Z10,6year,all,PF2,U2,-0.056544,0.056544,324
H1.Z10,6year,all,WQ,Ua,-0.056294,0.056294,325
H1.Z10,6year,all,I3,WQ_in,0.056186,0.056186,326
H1.Z10,6year,all,WQ_out,Ua,0.055894,0.055894,327
H1.Z10,6year,all,P1,Ua,-0.055579,0.055579,328
H1.Z10,6year,all,PF3,Sc,-0.055501,0.055501,329
H1.Z10,6year,all,U2,H,-0.055104,0.055104,330
H1.Z10,6year,all,U2,Ta,-0.054944,0.054944,331
H1.Z10,6year,all,PF,Ah,0.054583,0.054583,332
H1.Z10,6year,all,U1,Ah,-0.053753,0.053753,333
H1.Z10,6year,all,W_in,Ua,0.053638,0.053638,334
H1.Z10,6year,all,W,Ua,0.053624,0.053624,335
H1.Z10,6year,all,PF,Igc,0.053128,0.053128,336
H1.Z10,6year,all,PF,Igm,0.052873,0.052873,337
H1.Z10,6year,all,PF1,W_out,-0.052248,0.052248,338
H1.Z10,6year,all,f,Sc,-0.052176,0.052176,339
H1.Z10,6year,all,I3,Ua,-0.05199,0.05199,340
H1.Z10,6year,all,Dc,Igm,0.051427,0.051427,341
H1.Z10,6year,all,PF,Ta,0.050758,0.050758,342
H1.Z10,6year,all,W_out,Igm,-0.050388,0.050388,343
H1.Z10,6year,all,PF1,rho,-0.050308,0.050308,344
H1.Z10,6year,all,W_out,Igc,-0.05024,0.05024,345
H1.Z10,6year,all,U1,Ua,0.049867,0.049867,346
H1.Z10,6year,all,P1,Dc,0.049336,0.049336,347
H1.Z10,6year,all,Dc,Igc,0.049296,0.049296,348
H1.Z10,6year,all,WQ_in,Ua,0.049053,0.049053,349
H1.Z10,6year,all,I1,Dc,0.04863,0.04863,350
H1.Z10,6year,all,WQ_in,Sc,0.048621,0.048621,351
H1.Z10,6year,all,P1,Dp,-0.047829,0.047829,352
H1.Z10,6year,all,PF2,Igm,0.04697,0.04697,353
H1.Z10,6year,all,PF2,Igc,0.046789,0.046789,354
H1.Z10,6year,all,P,Ua,-0.046527,0.046527,355
H1.Z10,6year,all,U1,Dp,-0.046222,0.046222,356
H1.Z10,6year,all,U1,Sc,-0.045475,0.045475,357
H1.Z10,6year,all,P1,Ah,-0.045418,0.045418,358
H1.Z10,6year,all,U2,Ua,0.045384,0.045384,359
H1.Z10,6year,all,I3,Dc,0.04535,0.04535,360
H1.Z10,6year,all,P3,Dc,0.044656,0.044656,361
H1.Z10,6year,all,U2,Sc,-0.044634,0.044634,362
H1.Z10,6year,all,PF,WQ_in,-0.044503,0.044503,363
H1.Z10,6year,all,W_in,Sc,0.044368,0.044368,364
H1.Z10,6year,all,W,Sc,0.044367,0.044367,365
H1.Z10,6year,all,P,Dc,0.043692,0.043692,366
H1.Z10,6year,all,I1,Dp,-0.043513,0.043513,367
H1.Z10,6year,all,I3,W_out,-0.043434,0.043434,368
H1.Z10,6year,all,U2,Ah,-0.043324,0.043324,369
H1.Z10,6year,all,WQ,Sc,-0.043082,0.043082,370
H1.Z10,6year,all,WQ_out,Sc,0.043072,0.043072,371
H1.Z10,6year,all,PF1,Ah,0.042961,0.042961,372
H1.Z10,6year,all,P,Dp,-0.042095,0.042095,373
H1.Z10,6year,all,P2,Ta,0.042076,0.042076,374
H1.Z10,6year,all,P3,Ua,-0.041725,0.041725,375
H1.Z10,6year,all,I1,Ah,-0.04168,0.04168,376
H1.Z10,6year,all,WQ_in,Ta,0.04107,0.04107,377
H1.Z10,6year,all,PF1,H,0.040769,0.040769,378
H1.Z10,6year,all,PF,Dp,0.04064,0.04064,379
H1.Z10,6year,all,Dc,Ua,-0.040308,0.040308,380
H1.Z10,6year,all,I2,Ta,0.040002,0.040002,381
H1.Z10,6year,all,W,Ta,0.039154,0.039154,382
H1.Z10,6year,all,W_in,Ta,0.039146,0.039146,383
H1.Z10,6year,all,PF1,Sc,-0.039133,0.039133,384
H1.Z10,6year,all,W_out,Sc,0.039006,0.039006,385
H1.Z10,6year,all,PF2,Ua,-0.038813,0.038813,386
H1.Z10,6year,all,WQ_out,Ta,0.038497,0.038497,387
H1.Z10,6year,all,PF1,f,0.038271,0.038271,388
H1.Z10,6year,all,WQ,Ta,-0.038244,0.038244,389
H1.Z10,6year,all,Q,Dc,0.035502,0.035502,390
H1.Z10,6year,all,PF,W_in,-0.035491,0.035491,391
H1.Z10,6year,all,PF,W,-0.035457,0.035457,392
H1.Z10,6year,all,U2,Dp,-0.034494,0.034494,393
H1.Z10,6year,all,P,Ah,-0.033876,0.033876,394
H1.Z10,6year,all,P3,W_out,-0.03315,0.03315,395
H1.Z10,6year,all,WQ_in,rho,-0.032613,0.032613,396
H1.Z10,6year,all,PF1,Ta,0.032449,0.032449,397
H1.Z10,6year,all,PF2,f,-0.031873,0.031873,398
H1.Z10,6year,all,PF,WQ_out,-0.031452,0.031452,399
H1.Z10,6year,all,PF,WQ,0.031396,0.031396,400
H1.Z10,6year,all,I2,Sc,0.031393,0.031393,401
H1.Z10,6year,all,I2,Dc,0.031305,0.031305,402
H1.Z10,6year,all,PF1,Dp,0.030965,0.030965,403
H1.Z10,6year,all,W,rho,-0.030459,0.030459,404
H1.Z10,6year,all,W_in,rho,-0.030457,0.030457,405
H1.Z10,6year,all,P2,rho,-0.029437,0.029437,406
H1.Z10,6year,all,P2,H,0.029368,0.029368,407
H1.Z10,6year,all,WQ_out,rho,-0.029207,0.029207,408
H1.Z10,6year,all,WQ,rho,0.029012,0.029012,409
H1.Z10,6year,all,P2,Dc,0.028599,0.028599,410
H1.Z10,6year,all,f,Dc,0.02814,0.02814,411
H1.Z10,6year,all,Q,Ua,-0.02804,0.02804,412
H1.Z10,6year,all,PF,Ua,-0.027706,0.027706,413
H1.Z10,6year,all,I2,rho,-0.027615,0.027615,414
H1.Z10,6year,all,PF1,Igc,0.027271,0.027271,415
H1.Z10,6year,all,PF1,Igm,0.027116,0.027116,416
H1.Z10,6year,all,U3,Sc,-0.027037,0.027037,417
H1.Z10,6year,all,PF3,WQ_out,0.026758,0.026758,418
H1.Z10,6year,all,PF3,WQ,-0.026696,0.026696,419
H1.Z10,6year,all,PF3,WQ_in,0.026581,0.026581,420
H1.Z10,6year,all,PF3,W,0.02592,0.02592,421
H1.Z10,6year,all,PF3,W_in,0.025888,0.025888,422
H1.Z10,6year,all,I3,f,-0.025347,0.025347,423
H1.Z10,6year,all,Dp,Ua,0.025124,0.025124,424
H1.Z10,6year,all,W_out,H,0.025051,0.025051,425
H1.Z10,6year,all,I2,H,0.024779,0.024779,426
H1.Z10,6year,all,P1,H,-0.024741,0.024741,427
H1.Z10,6year,all,I3,Ta,0.021095,0.021095,428
H1.Z10,6year,all,PF3,f,-0.020761,0.020761,429
H1.Z10,6year,all,H,Sc,0.020463,0.020463,430
H1.Z10,6year,all,P2,Sc,0.01947,0.01947,431
H1.Z10,6year,all,P3,f,-0.019249,0.019249,432
H1.Z10,6year,all,P,H,-0.018903,0.018903,433
H1.Z10,6year,all,I1,H,-0.018778,0.018778,434
H1.Z10,6year,all,P1,rho,0.018664,0.018664,435
H1.Z10,6year,all,WQ,Igm,0.018464,0.018464,436
H1.Z10,6year,all,WQ,Igc,0.018326,0.018326,437
H1.Z10,6year,all,WQ_out,Igm,-0.018266,0.018266,438
H1.Z10,6year,all,W_out,Dc,-0.01825,0.01825,439
H1.Z10,6year,all,WQ_out,Igc,-0.018128,0.018128,440
H1.Z10,6year,all,W_in,Igm,-0.017981,0.017981,441
H1.Z10,6year,all,W,Igm,-0.017972,0.017972,442
H1.Z10,6year,all,W_in,Igc,-0.017843,0.017843,443
H1.Z10,6year,all,W,Igc,-0.017834,0.017834,444
H1.Z10,6year,all,WQ_in,Igm,-0.016838,0.016838,445
H1.Z10,6year,all,WQ_in,Igc,-0.016702,0.016702,446
H1.Z10,6year,all,PF3,Ah,0.016281,0.016281,447
H1.Z10,6year,all,PF3,rho,-0.015327,0.015327,448
H1.Z10,6year,all,P,rho,0.014945,0.014945,449
H1.Z10,6year,all,P3,Dp,-0.013719,0.013719,450
H1.Z10,6year,all,PF3,Igc,0.013456,0.013456,451
H1.Z10,6year,all,PF3,Igm,0.012991,0.012991,452
H1.Z10,6year,all,I1,rho,0.01293,0.01293,453
H1.Z10,6year,all,I3,H,0.012298,0.012298,454
H1.Z10,6year,all,I3,rho,-0.012284,0.012284,455
H1.Z10,6year,all,P3,Ta,0.012066,0.012066,456
H1.Z10,6year,all,PF1,Ua,-0.011917,0.011917,457
H1.Z10,6year,all,W_out,rho,-0.011209,0.011209,458
H1.Z10,6year,all,Q,Ah,-0.010717,0.010717,459
H1.Z10,6year,all,I3,Dp,-0.010243,0.010243,460
H1.Z10,6year,all,PF3,H,0.010105,0.010105,461
H1.Z10,6year,all,I2,Dp,-0.009296,0.009296,462
H1.Z10,6year,all,PF,Dc,-0.007976,0.007976,463
H1.Z10,6year,all,W_out,Ta,-0.007742,0.007742,464
H1.Z10,6year,all,Q,Ta,0.007542,0.007542,465
H1.Z10,6year,all,PF,f,-0.007332,0.007332,466
H1.Z10,6year,all,P1,Ta,-0.006859,0.006859,467
H1.Z10,6year,all,U3,Dc,0.006824,0.006824,468
H1.Z10,6year,all,P,Ta,-0.006608,0.006608,469
H1.Z10,6year,all,P2,Ah,0.006461,0.006461,470
H1.Z10,6year,all,PF2,Dc,-0.006192,0.006192,471
H1.Z10,6year,all,P3,Ah,-0.005833,0.005833,472
H1.Z10,6year,all,PF3,Dc,-0.005498,0.005498,473
H1.Z10,6year,all,P3,H,0.005443,0.005443,474
H1.Z10,6year,all,Q,Dp,-0.005137,0.005137,475
H1.Z10,6year,all,WQ_out,Dc,0.004849,0.004849,476
H1.Z10,6year,all,WQ,Dc,-0.004829,0.004829,477
H1.Z10,6year,all,P3,rho,-0.004766,0.004766,478
H1.Z10,6year,all,W,Dc,0.004743,0.004743,479
H1.Z10,6year,all,W_in,Dc,0.004737,0.004737,480
H1.Z10,6year,all,WQ_in,Dc,0.004573,0.004573,481
H1.Z10,6year,all,Q,rho,-0.004316,0.004316,482
H1.Z10,6year,all,PF1,U2,-0.004035,0.004035,483
H1.Z10,6year,all,P2,Dp,-0.003019,0.003019,484
H1.Z10,6year,all,I3,Ah,-0.002921,0.002921,485
H1.Z10,6year,all,PF1,U3,-0.002371,0.002371,486
H1.Z10,6year,all,PF1,U1,-0.002337,0.002337,487
H1.Z10,6year,all,PF1,Dc,-0.002199,0.002199,488
H1.Z10,6year,all,PF3,Ta,0.001713,0.001713,489
H1.Z10,6year,all,U2,Dc,-0.001611,0.001611,490
H1.Z10,6year,all,PF3,Ua,-0.00111,0.00111,491
H1.Z10,6year,all,I2,Ah,-0.000806,0.000806,492
H1.Z10,6year,all,Q,H,-0.000753,0.000753,493
H1.Z10,6year,all,U1,Dc,0.000465,0.000465,494
H1.Z10,6year,all,PF3,Dp,-0.000182,0.000182,495
H1.Z10,6year,all,I1,Ta,0.000157,0.000157,496
H1.Z16,6year,all,W,W_in,1.0,1.0,1
H1.Z16,6year,all,WQ,WQ_in,1.0,1.0,2
H1.Z16,6year,all,P,P2,0.999973,0.999973,3
H1.Z16,6year,all,P,P1,0.999971,0.999971,4
H1.Z16,6year,all,P1,P2,0.999956,0.999956,5
H1.Z16,6year,all,I1,I2,0.999271,0.999271,6
H1.Z16,6year,all,Igc,Igm,0.999125,0.999125,7
H1.Z16,6year,all,I1,I3,0.998944,0.998944,8
H1.Z16,6year,all,I2,I3,0.998546,0.998546,9
H1.Z16,6year,all,I3,P3,0.998436,0.998436,10
H1.Z16,6year,all,I3,PF3,0.997932,0.997932,11
H1.Z16,6year,all,I1,P,0.997762,0.997762,12
H1.Z16,6year,all,I1,P3,0.99775,0.99775,13
H1.Z16,6year,all,I2,P,0.997682,0.997682,14
H1.Z16,6year,all,I1,P2,0.997643,0.997643,15
H1.Z16,6year,all,I2,P2,0.997613,0.997613,16
H1.Z16,6year,all,P,P3,0.997551,0.997551,17
H1.Z16,6year,all,I1,P1,0.99754,0.99754,18
H1.Z16,6year,all,I2,P1,0.997457,0.997457,19
H1.Z16,6year,all,P2,P3,0.997309,0.997309,20
H1.Z16,6year,all,P1,P3,0.997297,0.997297,21
H1.Z16,6year,all,I2,P3,0.997218,0.997218,22
H1.Z16,6year,all,I1,PF3,0.996501,0.996501,23
H1.Z16,6year,all,PF3,Q,0.996498,0.996498,24
H1.Z16,6year,all,I2,Q,0.996486,0.996486,25
H1.Z16,6year,all,I1,Q,0.996377,0.996377,26
H1.Z16,6year,all,I2,PF3,0.996203,0.996203,27
H1.Z16,6year,all,W,WQ_in,0.995814,0.995814,28
H1.Z16,6year,all,WQ,W_in,0.995814,0.995814,29
H1.Z16,6year,all,WQ_in,W_in,0.995814,0.995814,30
H1.Z16,6year,all,W,WQ,0.995813,0.995813,31
H1.Z16,6year,all,I3,P,0.995678,0.995678,32
H1.Z16,6year,all,I3,P2,0.995443,0.995443,33
H1.Z16,6year,all,I3,P1,0.995285,0.995285,34
H1.Z16,6year,all,I3,Q,0.994899,0.994899,35
H1.Z16,6year,all,U1,U2,0.993498,0.993498,36
H1.Z16,6year,all,P3,PF3,0.993175,0.993175,37
H1.Z16,6year,all,PF,PF1,0.992169,0.992169,38
H1.Z16,6year,all,P,Q,0.99175,0.99175,39
H1.Z16,6year,all,P2,Q,0.991735,0.991735,40
H1.Z16,6year,all,P1,Q,0.991444,0.991444,41
H1.Z16,6year,all,P,PF3,0.990055,0.990055,42
H1.Z16,6year,all,P2,PF3,0.98981,0.98981,43
H1.Z16,6year,all,P3,Q,0.989756,0.989756,44
H1.Z16,6year,all,P1,PF3,0.989522,0.989522,45
H1.Z16,6year,all,U1,U3,0.986328,0.986328,46
H1.Z16,6year,all,U2,U3,0.983762,0.983762,47
H1.Z16,6year,all,Ah,Dp,0.976628,0.976628,48
H1.Z16,6year,all,PF,PF3,-0.970609,0.970609,49
H1.Z16,6year,all,PF,Q,-0.970223,0.970223,50
H1.Z16,6year,all,I3,PF,-0.95727,0.95727,51
H1.Z16,6year,all,I2,PF,-0.954899,0.954899,52
H1.Z16,6year,all,I1,PF,-0.954847,0.954847,53
H1.Z16,6year,all,Ta,rho,-0.951922,0.951922,54
H1.Z16,6year,all,H,Ta,0.949278,0.949278,55
H1.Z16,6year,all,PF1,Q,-0.949167,0.949167,56
H1.Z16,6year,all,PF1,PF3,-0.943769,0.943769,57
H1.Z16,6year,all,P3,PF,-0.941219,0.941219,58
H1.Z16,6year,all,P,PF,-0.937275,0.937275,59
H1.Z16,6year,all,P2,PF,-0.937044,0.937044,60
H1.Z16,6year,all,PF1,PF2,0.936378,0.936378,61
H1.Z16,6year,all,P1,PF,-0.936277,0.936277,62
H1.Z16,6year,all,H,rho,-0.932181,0.932181,63
H1.Z16,6year,all,I2,PF1,-0.927175,0.927175,64
H1.Z16,6year,all,I3,PF1,-0.926936,0.926936,65
H1.Z16,6year,all,Dp,H,0.926718,0.926718,66
H1.Z16,6year,all,I1,PF1,-0.926641,0.926641,67
H1.Z16,6year,all,Ah,H,0.913166,0.913166,68
H1.Z16,6year,all,PF,PF2,0.911171,0.911171,69
H1.Z16,6year,all,P,PF1,-0.907633,0.907633,70
H1.Z16,6year,all,P2,PF1,-0.907601,0.907601,71
H1.Z16,6year,all,P3,PF1,-0.907474,0.907474,72
H1.Z16,6year,all,P1,PF1,-0.906626,0.906626,73
H1.Z16,6year,all,Dp,rho,-0.80795,0.80795,74
H1.Z16,6year,all,PF2,Q,-0.80161,0.80161,75
H1.Z16,6year,all,PF2,PF3,-0.792438,0.792438,76
H1.Z16,6year,all,Dp,Ta,0.784378,0.784378,77
H1.Z16,6year,all,I3,PF2,-0.763048,0.763048,78
H1.Z16,6year,all,I2,PF2,-0.762335,0.762335,79
H1.Z16,6year,all,Ah,rho,-0.761871,0.761871,80
H1.Z16,6year,all,I1,PF2,-0.761642,0.761642,81
H1.Z16,6year,all,Ah,Ta,0.739406,0.739406,82
H1.Z16,6year,all,P3,PF2,-0.731255,0.731255,83
H1.Z16,6year,all,P,PF2,-0.730251,0.730251,84
H1.Z16,6year,all,P2,PF2,-0.730195,0.730195,85
H1.Z16,6year,all,P1,PF2,-0.729036,0.729036,86
H1.Z16,6year,all,f,H,0.630594,0.630594,87
H1.Z16,6year,all,Igm,Ua,-0.623988,0.623988,88
H1.Z16,6year,all,Igc,Ua,-0.614971,0.614971,89
H1.Z16,6year,all,f,Ta,0.609717,0.609717,90
H1.Z16,6year,all,f,Dp,0.590222,0.590222,91
H1.Z16,6year,all,Ta,Ua,-0.588175,0.588175,92
H1.Z16,6year,all,f,rho,-0.571184,0.571184,93
H1.Z16,6year,all,f,Ah,0.566307,0.566307,94
H1.Z16,6year,all,W,f,0.526478,0.526478,95
H1.Z16,6year,all,W_in,f,0.526478,0.526478,96
H1.Z16,6year,all,Igm,Ta,0.51477,0.51477,97
H1.Z16,6year,all,WQ,f,0.510414,0.510414,98
H1.Z16,6year,all,WQ_in,f,0.510414,0.510414,99
H1.Z16,6year,all,Igc,Ta,0.509324,0.509324,100
H1.Z16,6year,all,Ua,rho,0.481531,0.481531,101
H1.Z16,6year,all,Igm,rho,-0.434835,0.434835,102
H1.Z16,6year,all,Igc,rho,-0.429845,0.429845,103
H1.Z16,6year,all,Dc,Sc,0.412072,0.412072,104
H1.Z16,6year,all,H,Igm,0.370593,0.370593,105
H1.Z16,6year,all,H,Igc,0.368034,0.368034,106
H1.Z16,6year,all,H,Ua,-0.330479,0.330479,107
H1.Z16,6year,all,Igm,Sc,0.295006,0.295006,108
H1.Z16,6year,all,Igc,Sc,0.290909,0.290909,109
H1.Z16,6year,all,U3,Igc,-0.28616,0.28616,110
H1.Z16,6year,all,Sc,Ua,-0.285992,0.285992,111
H1.Z16,6year,all,U3,Igm,-0.281975,0.281975,112
H1.Z16,6year,all,PF2,WQ,-0.24175,0.24175,113
H1.Z16,6year,all,PF2,WQ_in,-0.24175,0.24175,114
H1.Z16,6year,all,PF2,W,-0.236299,0.236299,115
H1.Z16,6year,all,PF2,W_in,-0.236299,0.236299,116
H1.Z16,6year,all,U1,Igc,-0.23263,0.23263,117
H1.Z16,6year,all,U1,Igm,-0.228012,0.228012,118
H1.Z16,6year,all,U2,Igc,-0.220756,0.220756,119
H1.Z16,6year,all,f,Ua,-0.219918,0.219918,120
H1.Z16,6year,all,U2,Igm,-0.2164,0.2164,121
H1.Z16,6year,all,f,Igm,0.212965,0.212965,122
H1.Z16,6year,all,f,Igc,0.212539,0.212539,123
H1.Z16,6year,all,U3,W,0.200182,0.200182,124
H1.Z16,6year,all,U3,W_in,0.200182,0.200182,125
H1.Z16,6year,all,U3,WQ,0.189922,0.189922,126
H1.Z16,6year,all,U3,WQ_in,0.189922,0.189922,127
H1.Z16,6year,all,U1,W,0.187313,0.187313,128
H1.Z16,6year,all,U1,W_in,0.187313,0.187313,129
H1.Z16,6year,all,U2,W,0.186733,0.186733,130
H1.Z16,6year,all,U2,W_in,0.186733,0.186733,131
H1.Z16,6year,all,PF,WQ,-0.181466,0.181466,132
H1.Z16,6year,all,PF,WQ_in,-0.181466,0.181466,133
H1.Z16,6year,all,U2,WQ,0.17737,0.17737,134
H1.Z16,6year,all,U2,WQ_in,0.17737,0.17737,135
H1.Z16,6year,all,U1,WQ,0.177241,0.177241,136
H1.Z16,6year,all,U1,WQ_in,0.177241,0.177241,137
H1.Z16,6year,all,PF,W,-0.17493,0.17493,138
H1.Z16,6year,all,PF,W_in,-0.17493,0.17493,139
H1.Z16,6year,all,PF3,WQ,0.172221,0.172221,140
H1.Z16,6year,all,PF3,WQ_in,0.172221,0.172221,141
H1.Z16,6year,all,Q,WQ,0.17211,0.17211,142
H1.Z16,6year,all,Q,WQ_in,0.17211,0.17211,143
H1.Z16,6year,all,Sc,rho,-0.169745,0.169745,144
H1.Z16,6year,all,I2,WQ,0.16929,0.16929,145
H1.Z16,6year,all,I2,WQ_in,0.16929,0.16929,146
H1.Z16,6year,all,I1,WQ,0.169232,0.169232,147
H1.Z16,6year,all,I1,WQ_in,0.169232,0.169232,148
H1.Z16,6year,all,I3,WQ,0.168923,0.168923,149
H1.Z16,6year,all,I3,WQ_in,0.168923,0.168923,150
H1.Z16,6year,all,PF3,W,0.166317,0.166317,151
H1.Z16,6year,all,PF3,W_in,0.166317,0.166317,152
H1.Z16,6year,all,Q,W,0.16598,0.16598,153
H1.Z16,6year,all,Q,W_in,0.16598,0.16598,154
H1.Z16,6year,all,U3,Ta,-0.165117,0.165117,155
H1.Z16,6year,all,P3,WQ,0.164964,0.164964,156
H1.Z16,6year,all,P3,WQ_in,0.164964,0.164964,157
H1.Z16,6year,all,P1,WQ,0.163637,0.163637,158
H1.Z16,6year,all,P1,WQ_in,0.163637,0.163637,159
H1.Z16,6year,all,P2,WQ,0.16355,0.16355,160
H1.Z16,6year,all,P2,WQ_in,0.16355,0.16355,161
H1.Z16,6year,all,P,WQ,0.163497,0.163497,162
H1.Z16,6year,all,P,WQ_in,0.163497,0.163497,163
H1.Z16,6year,all,I2,W,0.163413,0.163413,164
H1.Z16,6year,all,I2,W_in,0.163413,0.163413,165
H1.Z16,6year,all,I1,W,0.163366,0.163366,166
H1.Z16,6year,all,I1,W_in,0.163366,0.163366,167
H1.Z16,6year,all,U3,H,-0.1632,0.1632,168
H1.Z16,6year,all,I3,W,0.163115,0.163115,169
H1.Z16,6year,all,I3,W_in,0.163115,0.163115,170
H1.Z16,6year,all,U3,rho,0.159582,0.159582,171
H1.Z16,6year,all,P3,W,0.159366,0.159366,172
H1.Z16,6year,all,P3,W_in,0.159366,0.159366,173
H1.Z16,6year,all,P1,W,0.158083,0.158083,174
H1.Z16,6year,all,P1,W_in,0.158083,0.158083,175
H1.Z16,6year,all,P2,W,0.157944,0.157944,176
H1.Z16,6year,all,P2,W_in,0.157944,0.157944,177
H1.Z16,6year,all,P,W,0.1579,0.1579,178
H1.Z16,6year,all,P,W_in,0.1579,0.1579,179
H1.Z16,6year,all,PF1,WQ,-0.155992,0.155992,180
H1.Z16,6year,all,PF1,WQ_in,-0.155992,0.155992,181
H1.Z16,6year,all,Dp,Igc,0.152858,0.152858,182
H1.Z16,6year,all,Dp,Igm,0.151816,0.151816,183
H1.Z16,6year,all,PF1,W,-0.148352,0.148352,184
H1.Z16,6year,all,PF1,W_in,-0.148352,0.148352,185
H1.Z16,6year,all,U3,Ah,-0.132242,0.132242,186
H1.Z16,6year,all,U2,f,0.12579,0.12579,187
H1.Z16,6year,all,U3,Dp,-0.125378,0.125378,188
H1.Z16,6year,all,Ah,Igc,0.124644,0.124644,189
H1.Z16,6year,all,PF2,f,-0.124093,0.124093,190
H1.Z16,6year,all,Ah,Igm,0.122945,0.122945,191
H1.Z16,6year,all,PF2,U3,-0.119943,0.119943,192
H1.Z16,6year,all,U1,f,0.117231,0.117231,193
H1.Z16,6year,all,PF2,U1,-0.116015,0.116015,194
H1.Z16,6year,all,Dc,rho,-0.10867,0.10867,195
H1.Z16,6year,all,Sc,Ta,0.108,0.108,196
H1.Z16,6year,all,PF2,U2,-0.107839,0.107839,197
H1.Z16,6year,all,U3,Ua,0.103315,0.103315,198
H1.Z16,6year,all,Ah,Sc,-0.100471,0.100471,199
H1.Z16,6year,all,P3,f,0.095203,0.095203,200
H1.Z16,6year,all,I1,f,0.095131,0.095131,201
H1.Z16,6year,all,I3,f,0.094998,0.094998,202
H1.Z16,6year,all,I2,f,0.094982,0.094982,203
H1.Z16,6year,all,P1,f,0.094804,0.094804,204
H1.Z16,6year,all,PF3,f,0.094787,0.094787,205
H1.Z16,6year,all,P,f,0.094434,0.094434,206
H1.Z16,6year,all,P2,f,0.094192,0.094192,207
H1.Z16,6year,all,Q,f,0.093834,0.093834,208
H1.Z16,6year,all,Dc,Dp,0.091373,0.091373,209
H1.Z16,6year,all,PF,f,-0.090507,0.090507,210
H1.Z16,6year,all,U1,H,-0.089118,0.089118,211
H1.Z16,6year,all,U1,rho,0.087466,0.087466,212
H1.Z16,6year,all,U1,Ta,-0.08637,0.08637,213
H1.Z16,6year,all,Dc,Ta,0.085213,0.085213,214
H1.Z16,6year,all,U2,H,-0.081433,0.081433,215
H1.Z16,6year,all,U2,rho,0.080601,0.080601,216
H1.Z16,6year,all,U2,Ta,-0.078877,0.078877,217
H1.Z16,6year,all,W,Dp,0.078839,0.078839,218
H1.Z16,6year,all,W_in,Dp,0.078839,0.078839,219
H1.Z16,6year,all,Dc,H,0.078058,0.078058,220
H1.Z16,6year,all,U1,Ah,-0.075818,0.075818,221
H1.Z16,6year,all,U3,f,0.072877,0.072877,222
H1.Z16,6year,all,W,Ah,0.072367,0.072367,223
H1.Z16,6year,all,W_in,Ah,0.072367,0.072367,224
H1.Z16,6year,all,WQ,Dp,0.07027,0.07027,225
H1.Z16,6year,all,WQ_in,Dp,0.07027,0.07027,226
H1.Z16,6year,all,PF1,Sc,-0.069192,0.069192,227
H1.Z16,6year,all,U1,Dp,-0.069021,0.069021,228
H1.Z16,6year,all,U2,Ah,-0.068722,0.068722,229
H1.Z16,6year,all,Dp,Sc,-0.068645,0.068645,230
H1.Z16,6year,all,PF,Sc,-0.065733,0.065733,231
H1.Z16,6year,all,Q,Sc,0.065336,0.065336,232
H1.Z16,6year,all,PF1,f,-0.06508,0.06508,233
H1.Z16,6year,all,PF3,Sc,0.064603,0.064603,234
H1.Z16,6year,all,I3,Sc,0.064556,0.064556,235
H1.Z16,6year,all,I2,Sc,0.064213,0.064213,236
H1.Z16,6year,all,I1,Sc,0.06411,0.06411,237
H1.Z16,6year,all,P3,Sc,0.063406,0.063406,238
H1.Z16,6year,all,P2,Sc,0.063385,0.063385,239
H1.Z16,6year,all,P,Sc,0.063038,0.063038,240
H1.Z16,6year,all,WQ,Ah,0.062935,0.062935,241
H1.Z16,6year,all,WQ_in,Ah,0.062935,0.062935,242
H1.Z16,6year,all,P1,Sc,0.062801,0.062801,243
H1.Z16,6year,all,P3,Ta,0.06257,0.06257,244
H1.Z16,6year,all,Ah,Ua,0.062062,0.062062,245
H1.Z16,6year,all,P1,Ta,0.061827,0.061827,246
H1.Z16,6year,all,P,Ta,0.061663,0.061663,247
H1.Z16,6year,all,P2,Ta,0.061198,0.061198,248
H1.Z16,6year,all,P3,Igm,0.060844,0.060844,249
H1.Z16,6year,all,U2,Dp,-0.060746,0.060746,250
H1.Z16,6year,all,P,Igm,0.060331,0.060331,251
H1.Z16,6year,all,P1,Igm,0.060313,0.060313,252
H1.Z16,6year,all,P2,Igm,0.060089,0.060089,253
H1.Z16,6year,all,P3,Igc,0.059698,0.059698,254
H1.Z16,6year,all,P,Igc,0.059196,0.059196,255
H1.Z16,6year,all,P1,Igc,0.059169,0.059169,256
H1.Z16,6year,all,Ah,Dc,0.059082,0.059082,257
H1.Z16,6year,all,P2,Igc,0.058955,0.058955,258
H1.Z16,6year,all,I3,Ta,0.05854,0.05854,259
H1.Z16,6year,all,I1,Ta,0.058336,0.058336,260
H1.Z16,6year,all,W,Ua,0.058202,0.058202,261
H1.Z16,6year,all,W_in,Ua,0.058202,0.058202,262
H1.Z16,6year,all,P3,rho,-0.058199,0.058199,263
H1.Z16,6year,all,I2,Ta,0.05786,0.05786,264
H1.Z16,6year,all,I3,Igm,0.05723,0.05723,265
H1.Z16,6year,all,P1,rho,-0.057225,0.057225,266
H1.Z16,6year,all,P,rho,-0.057075,0.057075,267
H1.Z16,6year,all,I1,Igm,0.057067,0.057067,268
H1.Z16,6year,all,I2,Igm,0.056897,0.056897,269
H1.Z16,6year,all,P3,H,0.056656,0.056656,270
H1.Z16,6year,all,P2,rho,-0.05661,0.05661,271
H1.Z16,6year,all,PF2,Sc,-0.056414,0.056414,272
H1.Z16,6year,all,I3,Igc,0.056137,0.056137,273
H1.Z16,6year,all,I1,Igc,0.055976,0.055976,274
H1.Z16,6year,all,WQ,Ua,0.055959,0.055959,275
H1.Z16,6year,all,WQ_in,Ua,0.055959,0.055959,276
H1.Z16,6year,all,WQ,Sc,0.055929,0.055929,277
H1.Z16,6year,all,WQ_in,Sc,0.055929,0.055929,278
H1.Z16,6year,all,I2,Igc,0.05581,0.05581,279
H1.Z16,6year,all,P1,H,0.055463,0.055463,280
H1.Z16,6year,all,P,H,0.055372,0.055372,281
H1.Z16,6year,all,P2,H,0.05487,0.05487,282
H1.Z16,6year,all,PF3,Ta,0.054679,0.054679,283
H1.Z16,6year,all,I3,rho,-0.0546,0.0546,284
H1.Z16,6year,all,I1,rho,-0.054357,0.054357,285
H1.Z16,6year,all,f,Sc,-0.05406,0.05406,286
H1.Z16,6year,all,PF3,Igm,0.053839,0.053839,287
H1.Z16,6year,all,I2,rho,-0.053824,0.053824,288
H1.Z16,6year,all,I3,H,0.053529,0.053529,289
H1.Z16,6year,all,I1,H,0.053133,0.053133,290
H1.Z16,6year,all,PF3,Igc,0.052831,0.052831,291
H1.Z16,6year,all,I2,H,0.052627,0.052627,292
H1.Z16,6year,all,Q,Ta,0.05254,0.05254,293
H1.Z16,6year,all,W,Sc,0.051633,0.051633,294
H1.Z16,6year,all,W_in,Sc,0.051633,0.051633,295
H1.Z16,6year,all,Dc,Igm,0.051427,0.051427,296
H1.Z16,6year,all,Q,Igm,0.051358,0.051358,297
H1.Z16,6year,all,PF3,rho,-0.051303,0.051303,298
H1.Z16,6year,all,PF3,H,0.050963,0.050963,299
H1.Z16,6year,all,Q,Igc,0.050331,0.050331,300
H1.Z16,6year,all,U1,Ua,0.050243,0.050243,301
H1.Z16,6year,all,Dc,Igc,0.049296,0.049296,302
H1.Z16,6year,all,U2,Ua,0.049173,0.049173,303
H1.Z16,6year,all,Q,rho,-0.049162,0.049162,304
H1.Z16,6year,all,W,H,0.048747,0.048747,305
H1.Z16,6year,all,W_in,H,0.048747,0.048747,306
H1.Z16,6year,all,Q,H,0.04835,0.04835,307
H1.Z16,6year,all,U1,Sc,-0.048295,0.048295,308
H1.Z16,6year,all,U2,Sc,-0.047544,0.047544,309
H1.Z16,6year,all,P1,Ua,-0.045498,0.045498,310
H1.Z16,6year,all,P3,Ua,-0.045358,0.045358,311
H1.Z16,6year,all,P,Ua,-0.045312,0.045312,312
H1.Z16,6year,all,P2,Ua,-0.045108,0.045108,313
H1.Z16,6year,all,P3,Dp,0.042925,0.042925,314
H1.Z16,6year,all,I1,Ua,-0.041761,0.041761,315
H1.Z16,6year,all,I3,Ua,-0.041703,0.041703,316
H1.Z16,6year,all,P1,Dp,0.041697,0.041697,317
H1.Z16,6year,all,P,Dp,0.041682,0.041682,318
H1.Z16,6year,all,I2,Ua,-0.0415,0.0415,319
H1.Z16,6year,all,P2,Dp,0.041256,0.041256,320
H1.Z16,6year,all,I3,Dp,0.041169,0.041169,321
H1.Z16,6year,all,WQ,H,0.041088,0.041088,322
H1.Z16,6year,all,WQ_in,H,0.041088,0.041088,323
H1.Z16,6year,all,P3,Ah,0.040794,0.040794,324
H1.Z16,6year,all,I1,Dp,0.04075,0.04075,325
H1.Z16,6year,all,I2,Dp,0.04035,0.04035,326
H1.Z16,6year,all,Dc,Ua,-0.040308,0.040308,327
H1.Z16,6year,all,PF3,Dp,0.040269,0.040269,328
H1.Z16,6year,all,I3,Ah,0.039367,0.039367,329
H1.Z16,6year,all,P,Ah,0.039308,0.039308,330
H1.Z16,6year,all,P1,Ah,0.039297,0.039297,331
H1.Z16,6year,all,PF3,Ah,0.038915,0.038915,332
H1.Z16,6year,all,P2,Ah,0.038845,0.038845,333
H1.Z16,6year,all,I1,Ah,0.038824,0.038824,334
H1.Z16,6year,all,I2,Ah,0.038373,0.038373,335
H1.Z16,6year,all,Q,Dp,0.037883,0.037883,336
H1.Z16,6year,all,PF3,Ua,-0.037462,0.037462,337
H1.Z16,6year,all,Q,Ua,-0.036796,0.036796,338
H1.Z16,6year,all,PF,Ta,-0.036296,0.036296,339
H1.Z16,6year,all,Q,Ah,0.036209,0.036209,340
H1.Z16,6year,all,PF,H,-0.036045,0.036045,341
H1.Z16,6year,all,PF,Igm,-0.035866,0.035866,342
H1.Z16,6year,all,PF,rho,0.035184,0.035184,343
H1.Z16,6year,all,PF,Igc,-0.035039,0.035039,344
H1.Z16,6year,all,PF1,Igm,-0.032886,0.032886,345
H1.Z16,6year,all,PF1,Igc,-0.032281,0.032281,346
H1.Z16,6year,all,PF1,Dc,-0.031221,0.031221,347
H1.Z16,6year,all,PF,Dp,-0.031172,0.031172,348
H1.Z16,6year,all,U3,Sc,-0.031058,0.031058,349
H1.Z16,6year,all,PF,Ah,-0.03093,0.03093,350
H1.Z16,6year,all,PF,Dc,-0.030654,0.030654,351
H1.Z16,6year,all,Q,Dc,0.030568,0.030568,352
H1.Z16,6year,all,PF3,Dc,0.029696,0.029696,353
H1.Z16,6year,all,I1,Dc,0.029273,0.029273,354
H1.Z16,6year,all,I2,Dc,0.029272,0.029272,355
H1.Z16,6year,all,I3,Dc,0.029222,0.029222,356
H1.Z16,6year,all,PF2,Dc,-0.029201,0.029201,357
H1.Z16,6year,all,P2,Dc,0.028781,0.028781,358
H1.Z16,6year,all,P,Dc,0.028587,0.028587,359
H1.Z16,6year,all,WQ,Igm,-0.028539,0.028539,360
H1.Z16,6year,all,WQ_in,Igm,-0.028539,0.028539,361
H1.Z16,6year,all,P1,Dc,0.02849,0.02849,362
H1.Z16,6year,all,WQ,Igc,-0.028417,0.028417,363
H1.Z16,6year,all,WQ_in,Igc,-0.028417,0.028417,364
H1.Z16,6year,all,P3,Dc,0.028332,0.028332,365
H1.Z16,6year,all,PF2,Ah,-0.027671,0.027671,366
H1.Z16,6year,all,PF2,Dp,-0.02722,0.02722,367
H1.Z16,6year,all,W,Ta,0.027051,0.027051,368
H1.Z16,6year,all,W_in,Ta,0.027051,0.027051,369
H1.Z16,6year,all,W,Igm,-0.025655,0.025655,370
H1.Z16,6year,all,W_in,Igm,-0.025655,0.025655,371
H1.Z16,6year,all,W,Igc,-0.025525,0.025525,372
H1.Z16,6year,all,W_in,Igc,-0.025525,0.025525,373
H1.Z16,6year,all,Dp,Ua,0.025124,0.025124,374
H1.Z16,6year,all,W,rho,-0.024526,0.024526,375
H1.Z16,6year,all,W_in,rho,-0.024526,0.024526,376
H1.Z16,6year,all,PF1,rho,0.02311,0.02311,377
H1.Z16,6year,all,PF1,H,-0.022773,0.022773,378
H1.Z16,6year,all,PF1,Ta,-0.022462,0.022462,379
H1.Z16,6year,all,WQ,rho,-0.022093,0.022093,380
H1.Z16,6year,all,WQ_in,rho,-0.022093,0.022093,381
H1.Z16,6year,all,WQ,Ta,0.021575,0.021575,382
H1.Z16,6year,all,WQ_in,Ta,0.021575,0.021575,383
H1.Z16,6year,all,PF,Ua,0.021128,0.021128,384
H1.Z16,6year,all,PF2,Igc,0.020675,0.020675,385
H1.Z16,6year,all,H,Sc,0.020463,0.020463,386
H1.Z16,6year,all,PF,U3,-0.02046,0.02046,387
H1.Z16,6year,all,PF1,Ah,-0.020221,0.020221,388
H1.Z16,6year,all,PF2,Igm,0.019966,0.019966,389
H1.Z16,6year,all,PF,U1,-0.01937,0.01937,390
H1.Z16,6year,all,PF1,Dp,-0.019312,0.019312,391
H1.Z16,6year,all,PF2,H,-0.018031,0.018031,392
H1.Z16,6year,all,PF1,U2,0.016244,0.016244,393
H1.Z16,6year,all,PF1,Ua,0.014667,0.014667,394
H1.Z16,6year,all,PF2,Ua,-0.013994,0.013994,395
H1.Z16,6year,all,Q,U1,0.013453,0.013453,396
H1.Z16,6year,all,Q,U3,0.012496,0.012496,397
H1.Z16,6year,all,PF2,rho,0.012065,0.012065,398
H1.Z16,6year,all,PF,U2,-0.010623,0.010623,399
H1.Z16,6year,all,PF2,Ta,-0.009696,0.009696,400
H1.Z16,6year,all,P1,U1,0.009099,0.009099,401
H1.Z16,6year,all,f,Dc,0.008904,0.008904,402
H1.Z16,6year,all,I1,U1,0.008896,0.008896,403
H1.Z16,6year,all,I2,U1,0.008539,0.008539,404
H1.Z16,6year,all,P2,U1,0.008121,0.008121,405
H1.Z16,6year,all,PF1,U1,0.007815,0.007815,406
H1.Z16,6year,all,P,U1,0.007565,0.007565,407
H1.Z16,6year,all,I3,U1,0.007278,0.007278,408
H1.Z16,6year,all,I1,U3,0.007204,0.007204,409
H1.Z16,6year,all,I2,U3,0.007023,0.007023,410
H1.Z16,6year,all,P1,U3,0.006704,0.006704,411
H1.Z16,6year,all,U2,Dc,-0.006203,0.006203,412
H1.Z16,6year,all,P2,U3,0.006039,0.006039,413
H1.Z16,6year,all,I3,U3,0.005779,0.005779,414
H1.Z16,6year,all,PF3,U1,0.005674,0.005674,415
H1.Z16,6year,all,P3,U1,0.005571,0.005571,416
H1.Z16,6year,all,P,U3,0.005357,0.005357,417
H1.Z16,6year,all,PF3,U3,0.004698,0.004698,418
H1.Z16,6year,all,Q,U2,0.004383,0.004383,419
H1.Z16,6year,all,PF1,U3,0.004305,0.004305,420
H1.Z16,6year,all,W,Dc,0.003613,0.003613,421
H1.Z16,6year,all,W_in,Dc,0.003613,0.003613,422
H1.Z16,6year,all,U1,Dc,-0.003578,0.003578,423
H1.Z16,6year,all,P3,U2,-0.003483,0.003483,424
H1.Z16,6year,all,P3,U3,0.003449,0.003449,425
H1.Z16,6year,all,PF3,U2,-0.003375,0.003375,426
H1.Z16,6year,all,WQ,Dc,0.003133,0.003133,427
H1.Z16,6year,all,WQ_in,Dc,0.003133,0.003133,428
H1.Z16,6year,all,U3,Dc,0.002139,0.002139,429
H1.Z16,6year,all,I3,U2,-0.001735,0.001735,430
H1.Z16,6year,all,P,U2,-0.001474,0.001474,431
H1.Z16,6year,all,P2,U2,-0.000814,0.000814,432
H1.Z16,6year,all,I2,U2,-0.000458,0.000458,433
H1.Z16,6year,all,I1,U2,-0.000198,0.000198,434
H1.Z16,6year,all,P1,U2,3.8e-05,3.8e-05,435
H1.Z13,6year,all,W,W_in,1.0,1.0,1
H1.Z13,6year,all,WQ,WQ_in,1.0,1.0,2
H1.Z13,6year,all,I1,I2,0.99951,0.99951,3
H1.Z13,6year,all,P1,P2,0.999181,0.999181,4
H1.Z13,6year,all,Igc,Igm,0.999125,0.999125,5
H1.Z13,6year,all,W,WQ,0.998615,0.998615,6
H1.Z13,6year,all,W,WQ_in,0.998615,0.998615,7
H1.Z13,6year,all,WQ,W_in,0.998615,0.998615,8
H1.Z13,6year,all,WQ_in,W_in,0.998615,0.998615,9
H1.Z13,6year,all,I2,I3,0.998613,0.998613,10
H1.Z13,6year,all,I1,I3,0.99851,0.99851,11
H1.Z13,6year,all,P2,P3,0.997411,0.997411,12
H1.Z13,6year,all,P,P2,0.99725,0.99725,13
H1.Z13,6year,all,P,P1,0.996963,0.996963,14
H1.Z13,6year,all,P1,P3,0.996493,0.996493,15
H1.Z13,6year,all,P,P3,0.996028,0.996028,16
H1.Z13,6year,all,PF,PF2,0.993667,0.993667,17
H1.Z13,6year,all,U1,U2,0.992973,0.992973,18
H1.Z13,6year,all,U1,U3,0.98591,0.98591,19
H1.Z13,6year,all,U2,U3,0.982145,0.982145,20
H1.Z13,6year,all,Ah,Dp,0.976628,0.976628,21
H1.Z13,6year,all,PF,PF3,0.972888,0.972888,22
H1.Z13,6year,all,I3,P1,0.970062,0.970062,23
H1.Z13,6year,all,I3,P2,0.969809,0.969809,24
H1.Z13,6year,all,I3,P,0.967735,0.967735,25
H1.Z13,6year,all,I1,P1,0.965877,0.965877,26
H1.Z13,6year,all,I2,P1,0.964857,0.964857,27
H1.Z13,6year,all,I3,P3,0.964319,0.964319,28
H1.Z13,6year,all,I1,P2,0.964168,0.964168,29
H1.Z13,6year,all,I2,P2,0.964069,0.964069,30
H1.Z13,6year,all,I1,P,0.961972,0.961972,31
H1.Z13,6year,all,I2,P,0.961396,0.961396,32
H1.Z13,6year,all,I1,P3,0.955896,0.955896,33
H1.Z13,6year,all,I2,P3,0.955194,0.955194,34
H1.Z13,6year,all,Ta,rho,-0.951922,0.951922,35
H1.Z13,6year,all,H,Ta,0.949278,0.949278,36
H1.Z13,6year,all,PF2,PF3,0.948886,0.948886,37
H1.Z13,6year,all,PF1,PF3,0.946148,0.946148,38
H1.Z13,6year,all,H,rho,-0.932181,0.932181,39
H1.Z13,6year,all,Dp,H,0.926718,0.926718,40
H1.Z13,6year,all,I2,Q,0.917773,0.917773,41
H1.Z13,6year,all,I1,Q,0.915829,0.915829,42
H1.Z13,6year,all,Ah,H,0.913166,0.913166,43
H1.Z13,6year,all,I3,Q,0.905503,0.905503,44
H1.Z13,6year,all,PF,PF1,0.897039,0.897039,45
H1.Z13,6year,all,PF1,PF2,0.861801,0.861801,46
H1.Z13,6year,all,WQ,W_out,0.815963,0.815963,47
H1.Z13,6year,all,WQ_in,W_out,0.815963,0.815963,48
H1.Z13,6year,all,Dp,rho,-0.80795,0.80795,49
H1.Z13,6year,all,W,W_out,0.794065,0.794065,50
H1.Z13,6year,all,W_in,W_out,0.794065,0.794065,51
H1.Z13,6year,all,P1,Q,0.787908,0.787908,52
H1.Z13,6year,all,P,Q,0.787285,0.787285,53
H1.Z13,6year,all,W,WQ_out,0.786385,0.786385,54
H1.Z13,6year,all,WQ_out,W_in,0.786385,0.786385,55
H1.Z13,6year,all,P2,Q,0.785376,0.785376,56
H1.Z13,6year,all,Dp,Ta,0.784378,0.784378,57
H1.Z13,6year,all,P3,Q,0.767708,0.767708,58
H1.Z13,6year,all,WQ,WQ_out,0.765901,0.765901,59
H1.Z13,6year,all,WQ_in,WQ_out,0.765901,0.765901,60
H1.Z13,6year,all,Ah,rho,-0.761871,0.761871,61
H1.Z13,6year,all,f,H,0.757183,0.757183,62
H1.Z13,6year,all,Ah,Ta,0.739406,0.739406,63
H1.Z13,6year,all,f,Ta,0.720695,0.720695,64
H1.Z13,6year,all,f,Dp,0.713983,0.713983,65
H1.Z13,6year,all,f,Ah,0.693147,0.693147,66
H1.Z13,6year,all,f,rho,-0.686267,0.686267,67
H1.Z13,6year,all,Igm,Ua,-0.623988,0.623988,68
H1.Z13,6year,all,Igc,Ua,-0.614971,0.614971,69
H1.Z13,6year,all,WQ_out,W_out,0.596613,0.596613,70
H1.Z13,6year,all,PF3,f,-0.592641,0.592641,71
H1.Z13,6year,all,Ta,Ua,-0.588175,0.588175,72
H1.Z13,6year,all,P3,PF3,0.578741,0.578741,73
H1.Z13,6year,all,PF,f,-0.573792,0.573792,74
H1.Z13,6year,all,P3,PF2,0.563868,0.563868,75
H1.Z13,6year,all,P3,PF,0.563444,0.563444,76
H1.Z13,6year,all,P,PF3,0.558868,0.558868,77
H1.Z13,6year,all,PF2,f,-0.557735,0.557735,78
H1.Z13,6year,all,P2,PF3,0.554961,0.554961,79
H1.Z13,6year,all,P1,PF3,0.551759,0.551759,80
H1.Z13,6year,all,P,PF2,0.547309,0.547309,81
H1.Z13,6year,all,P2,PF2,0.546755,0.546755,82
H1.Z13,6year,all,P,PF,0.546203,0.546203,83
H1.Z13,6year,all,P2,PF,0.544267,0.544267,84
H1.Z13,6year,all,PF3,H,-0.542851,0.542851,85
H1.Z13,6year,all,PF3,Ta,-0.542777,0.542777,86
H1.Z13,6year,all,P1,PF2,0.542181,0.542181,87
H1.Z13,6year,all,P1,PF,0.541088,0.541088,88
H1.Z13,6year,all,PF,Ta,-0.532164,0.532164,89
H1.Z13,6year,all,PF,H,-0.529736,0.529736,90
H1.Z13,6year,all,PF2,Ta,-0.527884,0.527884,91
H1.Z13,6year,all,PF2,H,-0.523071,0.523071,92
H1.Z13,6year,all,Igm,Ta,0.51477,0.51477,93
H1.Z13,6year,all,Igc,Ta,0.509324,0.509324,94
H1.Z13,6year,all,PF3,rho,0.505537,0.505537,95
H1.Z13,6year,all,PF1,f,-0.501417,0.501417,96
H1.Z13,6year,all,P3,PF1,0.496024,0.496024,97
H1.Z13,6year,all,PF,rho,0.490897,0.490897,98
H1.Z13,6year,all,P,PF1,0.485835,0.485835,99
H1.Z13,6year,all,P2,PF1,0.484887,0.484887,100
H1.Z13,6year,all,PF2,rho,0.483449,0.483449,101
H1.Z13,6year,all,P1,PF1,0.483251,0.483251,102
H1.Z13,6year,all,Ua,rho,0.481531,0.481531,103
H1.Z13,6year,all,PF3,Dp,-0.471745,0.471745,104
H1.Z13,6year,all,W_out,f,0.46253,0.46253,105
H1.Z13,6year,all,PF3,Ah,-0.461951,0.461951,106
H1.Z13,6year,all,WQ,f,0.455354,0.455354,107
H1.Z13,6year,all,WQ_in,f,0.455354,0.455354,108
H1.Z13,6year,all,PF,Dp,-0.453071,0.453071,109
H1.Z13,6year,all,W,f,0.450583,0.450583,110
H1.Z13,6year,all,W_in,f,0.450583,0.450583,111
H1.Z13,6year,all,Q,Igm,0.450493,0.450493,112
H1.Z13,6year,all,PF1,Ta,-0.44878,0.44878,113
H1.Z13,6year,all,Q,Igc,0.446911,0.446911,114
H1.Z13,6year,all,PF,Ah,-0.446553,0.446553,115
H1.Z13,6year,all,PF1,H,-0.446054,0.446054,116
H1.Z13,6year,all,PF2,Dp,-0.441823,0.441823,117
H1.Z13,6year,all,Q,Ta,0.43859,0.43859,118
H1.Z13,6year,all,PF2,Ah,-0.437209,0.437209,119
H1.Z13,6year,all,Igm,rho,-0.434835,0.434835,120
H1.Z13,6year,all,Igc,rho,-0.429845,0.429845,121
H1.Z13,6year,all,P1,WQ,-0.412969,0.412969,122
H1.Z13,6year,all,P1,WQ_in,-0.412969,0.412969,123
H1.Z13,6year,all,P3,WQ,-0.412847,0.412847,124
H1.Z13,6year,all,P3,WQ_in,-0.412847,0.412847,125
H1.Z13,6year,all,P3,W,-0.412822,0.412822,126
H1.Z13,6year,all,P3,W_in,-0.412822,0.412822,127
H1.Z13,6year,all,P1,W,-0.412782,0.412782,128
H1.Z13,6year,all,P1,W_in,-0.412782,0.412782,129
H1.Z13,6year,all,Dc,Sc,0.412072,0.412072,130
H1.Z13,6year,all,PF1,rho,0.410985,0.410985,131
H1.Z13,6year,all,P,WQ,-0.407384,0.407384,132
H1.Z13,6year,all,P,WQ_in,-0.407384,0.407384,133
H1.Z13,6year,all,P,W,-0.406868,0.406868,134
H1.Z13,6year,all,P,W_in,-0.406868,0.406868,135
H1.Z13,6year,all,P2,WQ,-0.404596,0.404596,136
H1.Z13,6year,all,P2,WQ_in,-0.404596,0.404596,137
H1.Z13,6year,all,P2,W,-0.404429,0.404429,138
H1.Z13,6year,all,P2,W_in,-0.404429,0.404429,139
H1.Z13,6year,all,Q,Ua,-0.402198,0.402198,140
H1.Z13,6year,all,Q,rho,-0.400979,0.400979,141
H1.Z13,6year,all,PF3,WQ,-0.389686,0.389686,142
H1.Z13,6year,all,PF3,WQ_in,-0.389686,0.389686,143
H1.Z13,6year,all,PF3,W,-0.387641,0.387641,144
H1.Z13,6year,all,PF3,W_in,-0.387641,0.387641,145
H1.Z13,6year,all,PF,WQ,-0.385411,0.385411,146
H1.Z13,6year,all,PF,WQ_in,-0.385411,0.385411,147
H1.Z13,6year,all,PF,W,-0.383426,0.383426,148
H1.Z13,6year,all,PF,W_in,-0.383426,0.383426,149
H1.Z13,6year,all,PF1,Dp,-0.378458,0.378458,150
H1.Z13,6year,all,I3,PF3,0.375674,0.375674,151
H1.Z13,6year,all,PF1,Ah,-0.374665,0.374665,152
H1.Z13,6year,all,WQ_out,f,0.374577,0.374577,153
H1.Z13,6year,all,H,Igm,0.370593,0.370593,154
H1.Z13,6year,all,H,Igc,0.368034,0.368034,155
H1.Z13,6year,all,Q,H,0.367015,0.367015,156
H1.Z13,6year,all,PF2,WQ,-0.364402,0.364402,157
H1.Z13,6year,all,PF2,WQ_in,-0.364402,0.364402,158
H1.Z13,6year,all,PF2,W,-0.362476,0.362476,159
H1.Z13,6year,all,PF2,W_in,-0.362476,0.362476,160
H1.Z13,6year,all,PF1,WQ,-0.35839,0.35839,161
H1.Z13,6year,all,PF1,WQ_in,-0.35839,0.35839,162
H1.Z13,6year,all,PF1,W,-0.35586,0.35586,163
H1.Z13,6year,all,PF1,W_in,-0.35586,0.35586,164
H1.Z13,6year,all,I1,PF3,0.353539,0.353539,165
H1.Z13,6year,all,I2,PF3,0.352846,0.352846,166
H1.Z13,6year,all,P3,WQ_out,-0.351036,0.351036,167
H1.Z13,6year,all,I3,PF,0.349292,0.349292,168
H1.Z13,6year,all,I3,W,-0.348538,0.348538,169
H1.Z13,6year,all,I3,W_in,-0.348538,0.348538,170
H1.Z13,6year,all,I3,WQ,-0.348217,0.348217,171
H1.Z13,6year,all,I3,WQ_in,-0.348217,0.348217,172
H1.Z13,6year,all,I3,PF2,0.347732,0.347732,173
H1.Z13,6year,all,I1,W,-0.347069,0.347069,174
H1.Z13,6year,all,I1,W_in,-0.347069,0.347069,175
H1.Z13,6year,all,I1,WQ,-0.346893,0.346893,176
H1.Z13,6year,all,I1,WQ_in,-0.346893,0.346893,177
H1.Z13,6year,all,I2,W,-0.345486,0.345486,178
H1.Z13,6year,all,I2,W_in,-0.345486,0.345486,179
H1.Z13,6year,all,I2,WQ,-0.345299,0.345299,180
H1.Z13,6year,all,I2,WQ_in,-0.345299,0.345299,181
H1.Z13,6year,all,P1,WQ_out,-0.34495,0.34495,182
H1.Z13,6year,all,I1,U3,-0.343322,0.343322,183
H1.Z13,6year,all,I2,U3,-0.342625,0.342625,184
H1.Z13,6year,all,I3,U2,-0.34152,0.34152,185
H1.Z13,6year,all,I3,U3,-0.34083,0.34083,186
H1.Z13,6year,all,I3,U1,-0.340121,0.340121,187
H1.Z13,6year,all,P2,WQ_out,-0.339795,0.339795,188
H1.Z13,6year,all,P,WQ_out,-0.339633,0.339633,189
H1.Z13,6year,all,I1,U2,-0.33872,0.33872,190
H1.Z13,6year,all,I2,U1,-0.337934,0.337934,191
H1.Z13,6year,all,I2,U2,-0.337704,0.337704,192
H1.Z13,6year,all,I1,U1,-0.337542,0.337542,193
H1.Z13,6year,all,H,Ua,-0.330479,0.330479,194
H1.Z13,6year,all,Q,U3,-0.329181,0.329181,195
H1.Z13,6year,all,I1,PF,0.329097,0.329097,196
H1.Z13,6year,all,I2,PF,0.328274,0.328274,197
H1.Z13,6year,all,I1,PF2,0.327374,0.327374,198
H1.Z13,6year,all,I2,PF2,0.326676,0.326676,199
H1.Z13,6year,all,P3,W_out,-0.315335,0.315335,200
H1.Z13,6year,all,I3,PF1,0.313259,0.313259,201
H1.Z13,6year,all,P,W_out,-0.311911,0.311911,202
H1.Z13,6year,all,P1,W_out,-0.311623,0.311623,203
H1.Z13,6year,all,PF2,Igm,-0.310188,0.310188,204
H1.Z13,6year,all,PF2,Igc,-0.309208,0.309208,205
H1.Z13,6year,all,P2,W_out,-0.306731,0.306731,206
H1.Z13,6year,all,Q,U1,-0.306079,0.306079,207
H1.Z13,6year,all,P3,U2,-0.305945,0.305945,208
H1.Z13,6year,all,I2,Igm,0.305807,0.305807,209
H1.Z13,6year,all,I1,Igm,0.304793,0.304793,210
H1.Z13,6year,all,Q,U2,-0.303913,0.303913,211
H1.Z13,6year,all,I2,Igc,0.303122,0.303122,212
H1.Z13,6year,all,P1,U2,-0.302267,0.302267,213
H1.Z13,6year,all,I1,Igc,0.302085,0.302085,214
H1.Z13,6year,all,I3,WQ_out,-0.301466,0.301466,215
H1.Z13,6year,all,P3,U1,-0.301308,0.301308,216
H1.Z13,6year,all,PF,Igm,-0.299695,0.299695,217
H1.Z13,6year,all,P,U2,-0.299456,0.299456,218
H1.Z13,6year,all,I2,PF1,0.299218,0.299218,219
H1.Z13,6year,all,P1,U1,-0.299194,0.299194,220
H1.Z13,6year,all,I1,PF1,0.299078,0.299078,221
H1.Z13,6year,all,PF,Igc,-0.29874,0.29874,222
H1.Z13,6year,all,P2,U2,-0.298056,0.298056,223
H1.Z13,6year,all,I1,WQ_out,-0.29687,0.29687,224
H1.Z13,6year,all,P2,U1,-0.296407,0.296407,225
H1.Z13,6year,all,I2,WQ_out,-0.296315,0.296315,226
H1.Z13,6year,all,P,U1,-0.296207,0.296207,227
H1.Z13,6year,all,Igm,Sc,0.295006,0.295006,228
H1.Z13,6year,all,P1,U3,-0.292467,0.292467,229
H1.Z13,6year,all,PF3,WQ_out,-0.291549,0.291549,230
H1.Z13,6year,all,Igc,Sc,0.290909,0.290909,231
H1.Z13,6year,all,I3,Igm,0.289358,0.289358,232
H1.Z13,6year,all,PF3,W_out,-0.288394,0.288394,233
H1.Z13,6year,all,PF2,Ua,0.288321,0.288321,234
H1.Z13,6year,all,P3,U3,-0.287574,0.287574,235
H1.Z13,6year,all,PF3,Igm,-0.286974,0.286974,236
H1.Z13,6year,all,I3,Igc,0.2868,0.2868,237
H1.Z13,6year,all,P2,U3,-0.286173,0.286173,238
H1.Z13,6year,all,PF3,Igc,-0.286032,0.286032,239
H1.Z13,6year,all,P,U3,-0.285992,0.285992,240
H1.Z13,6year,all,Sc,Ua,-0.285992,0.285992,241
H1.Z13,6year,all,PF,Ua,0.281605,0.281605,242
H1.Z13,6year,all,PF,WQ_out,-0.280717,0.280717,243
H1.Z13,6year,all,U3,Igc,-0.280001,0.280001,244
H1.Z13,6year,all,PF,W_out,-0.27735,0.27735,245
H1.Z13,6year,all,U3,Igm,-0.27587,0.27587,246
H1.Z13,6year,all,PF3,Ua,0.275729,0.275729,247
H1.Z13,6year,all,P3,f,-0.271259,0.271259,248
H1.Z13,6year,all,I1,Ua,-0.267238,0.267238,249
H1.Z13,6year,all,I2,Ua,-0.266479,0.266479,250
H1.Z13,6year,all,PF1,W_out,-0.264642,0.264642,251
H1.Z13,6year,all,PF1,Igm,-0.26287,0.26287,252
H1.Z13,6year,all,PF1,Igc,-0.262218,0.262218,253
H1.Z13,6year,all,PF2,WQ_out,-0.262214,0.262214,254
H1.Z13,6year,all,I3,W_out,-0.262021,0.262021,255
H1.Z13,6year,all,I1,W_out,-0.260018,0.260018,256
H1.Z13,6year,all,I2,W_out,-0.259154,0.259154,257
H1.Z13,6year,all,PF2,W_out,-0.258619,0.258619,258
H1.Z13,6year,all,PF1,WQ_out,-0.251344,0.251344,259
H1.Z13,6year,all,I3,Ua,-0.249444,0.249444,260
H1.Z13,6year,all,PF1,Ua,0.242278,0.242278,261
H1.Z13,6year,all,P,f,-0.242188,0.242188,262
H1.Z13,6year,all,f,Ua,-0.239939,0.239939,263
H1.Z13,6year,all,P2,f,-0.237861,0.237861,264
H1.Z13,6year,all,U3,W,0.235415,0.235415,265
H1.Z13,6year,all,U3,W_in,0.235415,0.235415,266
H1.Z13,6year,all,P1,f,-0.232208,0.232208,267
H1.Z13,6year,all,U3,WQ,0.230993,0.230993,268
H1.Z13,6year,all,U3,WQ_in,0.230993,0.230993,269
H1.Z13,6year,all,U1,Igc,-0.22837,0.22837,270
H1.Z13,6year,all,U1,W,0.225112,0.225112,271
H1.Z13,6year,all,U1,W_in,0.225112,0.225112,272
H1.Z13,6year,all,U1,Igm,-0.223838,0.223838,273
H1.Z13,6year,all,U2,W,0.222001,0.222001,274
H1.Z13,6year,all,U2,W_in,0.222001,0.222001,275
H1.Z13,6year,all,U1,WQ,0.220573,0.220573,276
H1.Z13,6year,all,U1,WQ_in,0.220573,0.220573,277
H1.Z13,6year,all,I1,Ta,0.218576,0.218576,278
H1.Z13,6year,all,Q,Dp,0.218448,0.218448,279
H1.Z13,6year,all,U2,WQ,0.217369,0.217369,280
H1.Z13,6year,all,U2,WQ_in,0.217369,0.217369,281
H1.Z13,6year,all,I2,Ta,0.214893,0.214893,282
H1.Z13,6year,all,U2,Igc,-0.213391,0.213391,283
H1.Z13,6year,all,f,Igm,0.210687,0.210687,284
H1.Z13,6year,all,f,Igc,0.210493,0.210493,285
H1.Z13,6year,all,Q,Ah,0.210168,0.210168,286
H1.Z13,6year,all,Q,WQ,-0.209575,0.209575,287
H1.Z13,6year,all,Q,WQ_in,-0.209575,0.209575,288
H1.Z13,6year,all,U2,Igm,-0.209046,0.209046,289
H1.Z13,6year,all,Q,W,-0.208532,0.208532,290
H1.Z13,6year,all,Q,W_in,-0.208532,0.208532,291
H1.Z13,6year,all,I1,rho,-0.202558,0.202558,292
H1.Z13,6year,all,I2,rho,-0.19832,0.19832,293
H1.Z13,6year,all,U3,WQ_out,0.19345,0.19345,294
H1.Z13,6year,all,U2,WQ_out,0.190743,0.190743,295
H1.Z13,6year,all,U1,WQ_out,0.188965,0.188965,296
H1.Z13,6year,all,W_out,Ah,0.188473,0.188473,297
H1.Z13,6year,all,W_out,Dp,0.186877,0.186877,298
H1.Z13,6year,all,I3,Ta,0.184187,0.184187,299
H1.Z13,6year,all,Q,WQ_out,-0.18304,0.18304,300
H1.Z13,6year,all,P1,Igm,0.176382,0.176382,301
H1.Z13,6year,all,P1,Igc,0.174258,0.174258,302
H1.Z13,6year,all,Q,W_out,-0.172859,0.172859,303
H1.Z13,6year,all,Sc,rho,-0.169745,0.169745,304
H1.Z13,6year,all,I3,rho,-0.169423,0.169423,305
H1.Z13,6year,all,P2,Igm,0.168375,0.168375,306
H1.Z13,6year,all,P,Igm,0.168037,0.168037,307
H1.Z13,6year,all,P2,Igc,0.166319,0.166319,308
H1.Z13,6year,all,P,Igc,0.166,0.166,309
H1.Z13,6year,all,W_out,H,0.156685,0.156685,310
H1.Z13,6year,all,P1,Ua,-0.155821,0.155821,311
H1.Z13,6year,all,I1,H,0.155772,0.155772,312
H1.Z13,6year,all,Dp,Igc,0.152858,0.152858,313
H1.Z13,6year,all,Dp,Igm,0.151816,0.151816,314
H1.Z13,6year,all,I2,H,0.151656,0.151656,315
H1.Z13,6year,all,P3,Igm,0.150962,0.150962,316
H1.Z13,6year,all,U3,W_out,0.149508,0.149508,317
H1.Z13,6year,all,P3,Igc,0.149086,0.149086,318
H1.Z13,6year,all,U1,W_out,0.148245,0.148245,319
H1.Z13,6year,all,P,Ua,-0.147846,0.147846,320
H1.Z13,6year,all,P2,Ua,-0.146807,0.146807,321
H1.Z13,6year,all,U3,Ta,-0.143933,0.143933,322
H1.Z13,6year,all,U2,W_out,0.141741,0.141741,323
H1.Z13,6year,all,U3,H,-0.139746,0.139746,324
H1.Z13,6year,all,U3,rho,0.138039,0.138039,325
H1.Z13,6year,all,W_out,rho,-0.130025,0.130025,326
H1.Z13,6year,all,P3,Ua,-0.127603,0.127603,327
H1.Z13,6year,all,Ah,Igc,0.124644,0.124644,328
H1.Z13,6year,all,P3,Ah,-0.124086,0.124086,329
H1.Z13,6year,all,Ah,Igm,0.122945,0.122945,330
H1.Z13,6year,all,Q,f,0.122735,0.122735,331
H1.Z13,6year,all,P3,Dp,-0.122626,0.122626,332
H1.Z13,6year,all,I3,H,0.122331,0.122331,333
H1.Z13,6year,all,WQ_out,Dp,0.120774,0.120774,334
H1.Z13,6year,all,U2,f,0.117976,0.117976,335
H1.Z13,6year,all,WQ_out,Ah,0.116475,0.116475,336
H1.Z13,6year,all,PF3,U2,-0.115123,0.115123,337
H1.Z13,6year,all,I3,f,-0.115086,0.115086,338
H1.Z13,6year,all,W_out,Ta,0.113925,0.113925,339
H1.Z13,6year,all,U3,Ah,-0.10943,0.10943,340
H1.Z13,6year,all,Dc,rho,-0.10867,0.10867,341
H1.Z13,6year,all,Sc,Ta,0.108,0.108,342
H1.Z13,6year,all,Q,Sc,0.103906,0.103906,343
H1.Z13,6year,all,U3,Dp,-0.101709,0.101709,344
H1.Z13,6year,all,PF3,U1,-0.101005,0.101005,345
H1.Z13,6year,all,Ah,Sc,-0.100471,0.100471,346
H1.Z13,6year,all,U3,Ua,0.100381,0.100381,347
H1.Z13,6year,all,U1,f,0.099466,0.099466,348
H1.Z13,6year,all,P,Ah,-0.098748,0.098748,349
H1.Z13,6year,all,P,Dp,-0.095707,0.095707,350
H1.Z13,6year,all,P2,Ah,-0.092833,0.092833,351
H1.Z13,6year,all,WQ,Dp,0.092083,0.092083,352
H1.Z13,6year,all,WQ_in,Dp,0.092083,0.092083,353
H1.Z13,6year,all,Dc,Dp,0.091373,0.091373,354
H1.Z13,6year,all,I2,f,-0.091041,0.091041,355
H1.Z13,6year,all,PF,U2,-0.089906,0.089906,356
H1.Z13,6year,all,P2,Dp,-0.088557,0.088557,357
H1.Z13,6year,all,I1,f,-0.088527,0.088527,358
H1.Z13,6year,all,W,Dp,0.087884,0.087884,359
H1.Z13,6year,all,W_in,Dp,0.087884,0.087884,360
H1.Z13,6year,all,WQ_out,H,0.08755,0.08755,361
H1.Z13,6year,all,WQ,Ah,0.086613,0.086613,362
H1.Z13,6year,all,WQ_in,Ah,0.086613,0.086613,363
H1.Z13,6year,all,Dc,Ta,0.085213,0.085213,364
H1.Z13,6year,all,P1,Ah,-0.083577,0.083577,365
H1.Z13,6year,all,I3,Sc,0.082237,0.082237,366
H1.Z13,6year,all,W,Ah,0.082182,0.082182,367
H1.Z13,6year,all,W_in,Ah,0.082182,0.082182,368
H1.Z13,6year,all,I2,Sc,0.082014,0.082014,369
H1.Z13,6year,all,I1,Sc,0.08148,0.08148,370
H1.Z13,6year,all,PF,U1,-0.080475,0.080475,371
H1.Z13,6year,all,PF1,U2,-0.079937,0.079937,372
H1.Z13,6year,all,P1,Dp,-0.078951,0.078951,373
H1.Z13,6year,all,Dc,H,0.078058,0.078058,374
H1.Z13,6year,all,PF2,U2,-0.077106,0.077106,375
H1.Z13,6year,all,PF1,U1,-0.071516,0.071516,376
H1.Z13,6year,all,PF2,U1,-0.070058,0.070058,377
H1.Z13,6year,all,WQ_out,Ua,0.069516,0.069516,378
H1.Z13,6year,all,Dp,Sc,-0.068645,0.068645,379
H1.Z13,6year,all,U1,rho,0.065236,0.065236,380
H1.Z13,6year,all,U1,Ta,-0.064577,0.064577,381
H1.Z13,6year,all,U1,H,-0.064208,0.064208,382
H1.Z13,6year,all,Ah,Ua,0.062062,0.062062,383
H1.Z13,6year,all,WQ,H,0.060927,0.060927,384
H1.Z13,6year,all,WQ_in,H,0.060927,0.060927,385
H1.Z13,6year,all,WQ,Ua,0.060529,0.060529,386
H1.Z13,6year,all,WQ_in,Ua,0.060529,0.060529,387
H1.Z13,6year,all,W_out,Ua,0.060472,0.060472,388
H1.Z13,6year,all,P3,H,-0.059746,0.059746,389
H1.Z13,6year,all,Ah,Dc,0.059082,0.059082,390
H1.Z13,6year,all,W,Ua,0.058796,0.058796,391
H1.Z13,6year,all,W_in,Ua,0.058796,0.058796,392
H1.Z13,6year,all,W,H,0.057403,0.057403,393
H1.Z13,6year,all,W_in,H,0.057403,0.057403,394
H1.Z13,6year,all,PF1,Sc,-0.05712,0.05712,395
H1.Z13,6year,all,WQ_out,Ta,0.057101,0.057101,396
H1.Z13,6year,all,PF3,Sc,-0.056438,0.056438,397
H1.Z13,6year,all,PF3,U3,-0.056134,0.056134,398
H1.Z13,6year,all,P2,Sc,0.05577,0.05577,399
H1.Z13,6year,all,P1,Sc,0.054893,0.054893,400
H1.Z13,6year,all,f,Sc,-0.054797,0.054797,401
H1.Z13,6year,all,PF,Sc,-0.054602,0.054602,402
H1.Z13,6year,all,P3,Sc,0.053504,0.053504,403
H1.Z13,6year,all,WQ_out,rho,-0.053184,0.053184,404
H1.Z13,6year,all,P,Sc,0.052951,0.052951,405
H1.Z13,6year,all,U2,rho,0.051704,0.051704,406
H1.Z13,6year,all,Dc,Igm,0.051427,0.051427,407
H1.Z13,6year,all,U1,Ah,-0.050566,0.050566,408
H1.Z13,6year,all,I1,Dp,0.049941,0.049941,409
H1.Z13,6year,all,PF2,Sc,-0.049861,0.049861,410
H1.Z13,6year,all,U2,Ta,-0.049812,0.049812,411
H1.Z13,6year,all,U2,H,-0.049785,0.049785,412
H1.Z13,6year,all,U1,Ua,0.049607,0.049607,413
H1.Z13,6year,all,Dc,Igc,0.049296,0.049296,414
H1.Z13,6year,all,PF3,Dc,-0.047321,0.047321,415
H1.Z13,6year,all,PF,Dc,-0.045841,0.045841,416
H1.Z13,6year,all,I2,Dp,0.045635,0.045635,417
H1.Z13,6year,all,U1,Sc,-0.04529,0.04529,418
H1.Z13,6year,all,P1,Ta,0.044794,0.044794,419
H1.Z13,6year,all,U2,Sc,-0.044499,0.044499,420
H1.Z13,6year,all,U3,f,0.044124,0.044124,421
H1.Z13,6year,all,U2,Ua,0.043648,0.043648,422
H1.Z13,6year,all,I1,Ah,0.043488,0.043488,423
H1.Z13,6year,all,U1,Dp,-0.042799,0.042799,424
H1.Z13,6year,all,WQ,Sc,0.042448,0.042448,425
H1.Z13,6year,all,WQ_in,Sc,0.042448,0.042448,426
H1.Z13,6year,all,W,Sc,0.042312,0.042312,427
H1.Z13,6year,all,W_in,Sc,0.042312,0.042312,428
H1.Z13,6year,all,P1,rho,-0.042244,0.042244,429
H1.Z13,6year,all,PF1,Dc,-0.04142,0.04142,430
H1.Z13,6year,all,PF2,Dc,-0.041111,0.041111,431
H1.Z13,6year,all,Dc,Ua,-0.040308,0.040308,432
H1.Z13,6year,all,I2,Ah,0.039347,0.039347,433
H1.Z13,6year,all,U2,Ah,-0.038522,0.038522,434
H1.Z13,6year,all,PF1,U3,-0.037385,0.037385,435
H1.Z13,6year,all,W_out,Sc,0.036993,0.036993,436
H1.Z13,6year,all,WQ,Ta,0.036394,0.036394,437
H1.Z13,6year,all,WQ_in,Ta,0.036394,0.036394,438
H1.Z13,6year,all,PF,U3,-0.034337,0.034337,439
H1.Z13,6year,all,W,Ta,0.034091,0.034091,440
H1.Z13,6year,all,W_in,Ta,0.034091,0.034091,441
H1.Z13,6year,all,Q,Dc,0.033216,0.033216,442
H1.Z13,6year,all,P2,Ta,0.031525,0.031525,443
H1.Z13,6year,all,P2,rho,-0.02952,0.02952,444
H1.Z13,6year,all,U2,Dp,-0.029454,0.029454,445
H1.Z13,6year,all,WQ,rho,-0.028399,0.028399,446
H1.Z13,6year,all,WQ_in,rho,-0.028399,0.028399,447
H1.Z13,6year,all,P,H,-0.027329,0.027329,448
H1.Z13,6year,all,U3,Sc,-0.026639,0.026639,449
H1.Z13,6year,all,P,Ta,0.02618,0.02618,450
H1.Z13,6year,all,PF3,Q,0.025762,0.025762,451
H1.Z13,6year,all,Dp,Ua,0.025124,0.025124,452
H1.Z13,6year,all,W,rho,-0.024508,0.024508,453
H1.Z13,6year,all,W_in,rho,-0.024508,0.024508,454
H1.Z13,6year,all,P,rho,-0.024171,0.024171,455
H1.Z13,6year,all,f,Dc,0.023946,0.023946,456
H1.Z13,6year,all,PF2,Q,-0.023129,0.023129,457
H1.Z13,6year,all,I1,Dc,0.022555,0.022555,458
H1.Z13,6year,all,I2,Dc,0.022087,0.022087,459
H1.Z13,6year,all,I3,Dc,0.021508,0.021508,460
H1.Z13,6year,all,P2,H,-0.021496,0.021496,461
H1.Z13,6year,all,WQ_out,Sc,0.02099,0.02099,462
H1.Z13,6year,all,WQ,Igm,-0.020949,0.020949,463
H1.Z13,6year,all,WQ_in,Igm,-0.020949,0.020949,464
H1.Z13,6year,all,I3,Dp,0.020943,0.020943,465
H1.Z13,6year,all,WQ,Igc,-0.020811,0.020811,466
H1.Z13,6year,all,WQ_in,Igc,-0.020811,0.020811,467
H1.Z13,6year,all,H,Sc,0.020463,0.020463,468
H1.Z13,6year,all,PF2,U3,-0.019822,0.019822,469
H1.Z13,6year,all,W,Igm,-0.019163,0.019163,470
H1.Z13,6year,all,W_in,Igm,-0.019163,0.019163,471
H1.Z13,6year,all,W,Igc,-0.019027,0.019027,472
H1.Z13,6year,all,W_in,Igc,-0.019027,0.019027,473
H1.Z13,6year,all,I3,Ah,0.016138,0.016138,474
H1.Z13,6year,all,PF,Q,-0.015093,0.015093,475
H1.Z13,6year,all,WQ_out,Igm,-0.014612,0.014612,476
H1.Z13,6year,all,WQ_out,Igc,-0.014544,0.014544,477
H1.Z13,6year,all,W_out,Igm,-0.01424,0.01424,478
H1.Z13,6year,all,W_out,Igc,-0.014167,0.014167,479
H1.Z13,6year,all,P2,Dc,0.009379,0.009379,480
H1.Z13,6year,all,P1,H,-0.009158,0.009158,481
H1.Z13,6year,all,P1,Dc,0.009142,0.009142,482
H1.Z13,6year,all,P3,rho,0.008831,0.008831,483
H1.Z13,6year,all,P3,Ta,-0.007963,0.007963,484
H1.Z13,6year,all,W_out,Dc,0.007572,0.007572,485
H1.Z13,6year,all,U3,Dc,0.0069,0.0069,486
H1.Z13,6year,all,P3,Dc,0.006729,0.006729,487
H1.Z13,6year,all,P,Dc,0.006071,0.006071,488
H1.Z13,6year,all,W,Dc,0.005583,0.005583,489
H1.Z13,6year,all,W_in,Dc,0.005583,0.005583,490
H1.Z13,6year,all,WQ,Dc,0.004653,0.004653,491
H1.Z13,6year,all,WQ_in,Dc,0.004653,0.004653,492
H1.Z13,6year,all,PF1,Q,0.003796,0.003796,493
H1.Z13,6year,all,WQ_out,Dc,0.002449,0.002449,494
H1.Z13,6year,all,U2,Dc,-0.001235,0.001235,495
H1.Z13,6year,all,U1,Dc,0.000612,0.000612,496
H2.Z64,6year,all,W,W_in,1.0,1.0,1
H2.Z64,6year,all,WQ,WQ_out,-1.0,1.0,2
H2.Z64,6year,all,U1,U2,0.999578,0.999578,3
H2.Z64,6year,all,U1,U3,0.999432,0.999432,4
H2.Z64,6year,all,U2,U3,0.999196,0.999196,5
H2.Z64,6year,all,Igc,Igm,0.999125,0.999125,6
H2.Z64,6year,all,I3,P3,0.999098,0.999098,7
H2.Z64,6year,all,I1,P1,0.999012,0.999012,8
H2.Z64,6year,all,I2,P2,0.998974,0.998974,9
H2.Z64,6year,all,PF,PF3,0.997652,0.997652,10
H2.Z64,6year,all,I2,I3,0.995585,0.995585,11
H2.Z64,6year,all,P2,P3,0.995511,0.995511,12
H2.Z64,6year,all,W,WQ,-0.994889,0.994889,13
H2.Z64,6year,all,W,WQ_out,0.994889,0.994889,14
H2.Z64,6year,all,WQ,W_in,-0.994889,0.994889,15
H2.Z64,6year,all,WQ_out,W_in,0.994889,0.994889,16
H2.Z64,6year,all,I2,P3,0.994734,0.994734,17
H2.Z64,6year,all,I3,P2,0.994499,0.994499,18
H2.Z64,6year,all,PF,PF2,0.991052,0.991052,19
H2.Z64,6year,all,P1,P2,0.990676,0.990676,20
H2.Z64,6year,all,PF1,PF3,0.990458,0.990458,21
H2.Z64,6year,all,I1,P2,0.99017,0.99017,22
H2.Z64,6year,all,I1,I2,0.989403,0.989403,23
H2.Z64,6year,all,PF,PF1,0.989195,0.989195,24
H2.Z64,6year,all,I2,P1,0.988058,0.988058,25
H2.Z64,6year,all,P1,P3,0.983266,0.983266,26
H2.Z64,6year,all,PF2,PF3,0.982857,0.982857,27
H2.Z64,6year,all,U3,f,0.982145,0.982145,28
H2.Z64,6year,all,I1,P3,0.981896,0.981896,29
H2.Z64,6year,all,U1,f,0.981578,0.981578,30
H2.Z64,6year,all,I1,I3,0.981343,0.981343,31
H2.Z64,6year,all,I3,P1,0.980942,0.980942,32
H2.Z64,6year,all,U2,f,0.980525,0.980525,33
H2.Z64,6year,all,Ah,Dp,0.976628,0.976628,34
H2.Z64,6year,all,PF1,PF2,0.963724,0.963724,35
H2.Z64,6year,all,Ta,rho,-0.951922,0.951922,36
H2.Z64,6year,all,H,Ta,0.949278,0.949278,37
H2.Z64,6year,all,P,P2,0.94474,0.94474,38
H2.Z64,6year,all,I2,P,0.943693,0.943693,39
H2.Z64,6year,all,P,P1,0.94161,0.94161,40
H2.Z64,6year,all,I1,P,0.941091,0.941091,41
H2.Z64,6year,all,P,P3,0.940693,0.940693,42
H2.Z64,6year,all,I3,P,0.939572,0.939572,43
H2.Z64,6year,all,H,rho,-0.932181,0.932181,44
H2.Z64,6year,all,Dp,H,0.926718,0.926718,45
H2.Z64,6year,all,W,W_out,0.926463,0.926463,46
H2.Z64,6year,all,W_in,W_out,0.926463,0.926463,47
H2.Z64,6year,all,WQ,W_out,-0.923797,0.923797,48
H2.Z64,6year,all,WQ_out,W_out,0.923797,0.923797,49
H2.Z64,6year,all,Ah,H,0.913166,0.913166,50
H2.Z64,6year,all,P1,PF2,0.81511,0.81511,51
H2.Z64,6year,all,P2,PF2,0.809984,0.809984,52
H2.Z64,6year,all,Dp,rho,-0.80795,0.80795,53
H2.Z64,6year,all,I1,PF2,0.807881,0.807881,54
H2.Z64,6year,all,P3,PF2,0.806758,0.806758,55
H2.Z64,6year,all,I2,PF2,0.802219,0.802219,56
H2.Z64,6year,all,I3,PF2,0.79895,0.79895,57
H2.Z64,6year,all,P1,PF,0.788993,0.788993,58
H2.Z64,6year,all,Dp,Ta,0.784378,0.784378,59
H2.Z64,6year,all,P3,PF,0.781744,0.781744,60
H2.Z64,6year,all,I1,PF,0.779764,0.779764,61
H2.Z64,6year,all,P2,PF,0.779681,0.779681,62
H2.Z64,6year,all,I3,PF,0.772803,0.772803,63
H2.Z64,6year,all,I2,PF,0.771285,0.771285,64
H2.Z64,6year,all,P1,PF3,0.765023,0.765023,65
H2.Z64,6year,all,P1,PF1,0.763669,0.763669,66
H2.Z64,6year,all,P3,PF3,0.762957,0.762957,67
H2.Z64,6year,all,Ah,rho,-0.761871,0.761871,68
H2.Z64,6year,all,P,PF2,0.759893,0.759893,69
H2.Z64,6year,all,P2,PF3,0.757438,0.757438,70
H2.Z64,6year,all,I1,PF3,0.755434,0.755434,71
H2.Z64,6year,all,I3,PF3,0.753998,0.753998,72
H2.Z64,6year,all,P3,PF1,0.753317,0.753317,73
H2.Z64,6year,all,I1,PF1,0.752042,0.752042,74
H2.Z64,6year,all,I2,PF3,0.749463,0.749463,75
H2.Z64,6year,all,P2,PF1,0.747084,0.747084,76
H2.Z64,6year,all,I3,PF1,0.743014,0.743014,77
H2.Z64,6year,all,Ah,Ta,0.739406,0.739406,78
H2.Z64,6year,all,I2,PF1,0.737557,0.737557,79
H2.Z64,6year,all,P,PF,0.733289,0.733289,80
H2.Z64,6year,all,P,PF3,0.712962,0.712962,81
H2.Z64,6year,all,P,PF1,0.704887,0.704887,82
H2.Z64,6year,all,Igm,Ua,-0.623988,0.623988,83
H2.Z64,6year,all,Igc,Ua,-0.614971,0.614971,84
H2.Z64,6year,all,Ta,Ua,-0.588175,0.588175,85
H2.Z64,6year,all,P3,W,-0.581896,0.581896,86
H2.Z64,6year,all,P3,W_in,-0.581896,0.581896,87
H2.Z64,6year,all,I3,W,-0.576952,0.576952,88
H2.Z64,6year,all,I3,W_in,-0.576952,0.576952,89
H2.Z64,6year,all,P3,WQ,0.571884,0.571884,90
H2.Z64,6year,all,P3,WQ_out,-0.571884,0.571884,91
H2.Z64,6year,all,P2,W,-0.567307,0.567307,92
H2.Z64,6year,all,P2,W_in,-0.567307,0.567307,93
H2.Z64,6year,all,I3,WQ,0.566432,0.566432,94
H2.Z64,6year,all,I3,WQ_out,-0.566432,0.566432,95
H2.Z64,6year,all,I2,W,-0.565197,0.565197,96
H2.Z64,6year,all,I2,W_in,-0.565197,0.565197,97
H2.Z64,6year,all,P2,WQ,0.559361,0.559361,98
H2.Z64,6year,all,P2,WQ_out,-0.559361,0.559361,99
H2.Z64,6year,all,I2,WQ,0.556567,0.556567,100
H2.Z64,6year,all,I2,WQ_out,-0.556567,0.556567,101
H2.Z64,6year,all,PF3,f,0.535759,0.535759,102
H2.Z64,6year,all,P1,W,-0.528044,0.528044,103
H2.Z64,6year,all,P1,W_in,-0.528044,0.528044,104
H2.Z64,6year,all,P,W,-0.52558,0.52558,105
H2.Z64,6year,all,P,W_in,-0.52558,0.52558,106
H2.Z64,6year,all,P1,WQ,0.525448,0.525448,107
H2.Z64,6year,all,P1,WQ_out,-0.525448,0.525448,108
H2.Z64,6year,all,I1,W,-0.522611,0.522611,109
H2.Z64,6year,all,I1,W_in,-0.522611,0.522611,110
H2.Z64,6year,all,I1,WQ,0.519751,0.519751,111
H2.Z64,6year,all,I1,WQ_out,-0.519751,0.519751,112
H2.Z64,6year,all,P,WQ,0.518419,0.518419,113
H2.Z64,6year,all,P,WQ_out,-0.518419,0.518419,114
H2.Z64,6year,all,Igm,Ta,0.51477,0.51477,115
H2.Z64,6year,all,PF,f,0.513178,0.513178,116
H2.Z64,6year,all,PF3,U3,0.511382,0.511382,117
H2.Z64,6year,all,Igc,Ta,0.509324,0.509324,118
H2.Z64,6year,all,PF3,U1,0.507267,0.507267,119
H2.Z64,6year,all,PF3,U2,0.504306,0.504306,120
H2.Z64,6year,all,PF1,f,0.500065,0.500065,121
H2.Z64,6year,all,PF,U3,0.487685,0.487685,122
H2.Z64,6year,all,PF2,f,0.484502,0.484502,123
H2.Z64,6year,all,PF,U1,0.48383,0.48383,124
H2.Z64,6year,all,Ua,rho,0.481531,0.481531,125
H2.Z64,6year,all,PF,U2,0.48047,0.48047,126
H2.Z64,6year,all,PF1,U3,0.47464,0.47464,127
H2.Z64,6year,all,PF1,U1,0.470705,0.470705,128
H2.Z64,6year,all,PF1,U2,0.467362,0.467362,129
H2.Z64,6year,all,PF2,U3,0.458632,0.458632,130
H2.Z64,6year,all,PF2,U1,0.455165,0.455165,131
H2.Z64,6year,all,PF2,U2,0.451631,0.451631,132
H2.Z64,6year,all,PF2,W,-0.449317,0.449317,133
H2.Z64,6year,all,PF2,W_in,-0.449317,0.449317,134
H2.Z64,6year,all,PF2,WQ,0.44865,0.44865,135
H2.Z64,6year,all,PF2,WQ_out,-0.44865,0.44865,136
H2.Z64,6year,all,PF,W,-0.438603,0.438603,137
H2.Z64,6year,all,PF,W_in,-0.438603,0.438603,138
H2.Z64,6year,all,PF,WQ,0.438577,0.438577,139
H2.Z64,6year,all,PF,WQ_out,-0.438577,0.438577,140
H2.Z64,6year,all,PF3,W,-0.437024,0.437024,141
H2.Z64,6year,all,PF3,W_in,-0.437024,0.437024,142
H2.Z64,6year,all,PF3,WQ,0.435969,0.435969,143
H2.Z64,6year,all,PF3,WQ_out,-0.435969,0.435969,144
H2.Z64,6year,all,Igm,rho,-0.434835,0.434835,145
H2.Z64,6year,all,Igc,rho,-0.429845,0.429845,146
H2.Z64,6year,all,PF1,WQ,0.417396,0.417396,147
H2.Z64,6year,all,PF1,WQ_out,-0.417396,0.417396,148
H2.Z64,6year,all,PF1,W,-0.415683,0.415683,149
H2.Z64,6year,all,PF1,W_in,-0.415683,0.415683,150
H2.Z64,6year,all,Dc,Sc,0.412072,0.412072,151
H2.Z64,6year,all,P3,W_out,-0.40068,0.40068,152
H2.Z64,6year,all,I3,W_out,-0.395402,0.395402,153
H2.Z64,6year,all,P2,W_out,-0.388208,0.388208,154
H2.Z64,6year,all,I2,W_out,-0.386683,0.386683,155
H2.Z64,6year,all,H,Igm,0.370593,0.370593,156
H2.Z64,6year,all,H,Igc,0.368034,0.368034,157
H2.Z64,6year,all,P1,W_out,-0.354227,0.354227,158
H2.Z64,6year,all,I1,W_out,-0.34887,0.34887,159
H2.Z64,6year,all,P,W_out,-0.345282,0.345282,160
H2.Z64,6year,all,H,Ua,-0.330479,0.330479,161
H2.Z64,6year,all,PF3,W_out,-0.299424,0.299424,162
H2.Z64,6year,all,PF2,W_out,-0.298089,0.298089,163
H2.Z64,6year,all,PF,W_out,-0.295488,0.295488,164
H2.Z64,6year,all,Igm,Sc,0.295006,0.295006,165
H2.Z64,6year,all,Igc,Sc,0.290909,0.290909,166
H2.Z64,6year,all,Sc,Ua,-0.285992,0.285992,167
H2.Z64,6year,all,PF1,W_out,-0.281604,0.281604,168
H2.Z64,6year,all,Q,U2,-0.242775,0.242775,169
H2.Z64,6year,all,Q,U3,-0.242016,0.242016,170
H2.Z64,6year,all,Q,U1,-0.24135,0.24135,171
H2.Z64,6year,all,P1,Q,0.235167,0.235167,172
H2.Z64,6year,all,I1,Q,0.228113,0.228113,173
H2.Z64,6year,all,Q,f,-0.213848,0.213848,174
H2.Z64,6year,all,Q,Ta,-0.175321,0.175321,175
H2.Z64,6year,all,Sc,rho,-0.169745,0.169745,176
H2.Z64,6year,all,Q,H,-0.166715,0.166715,177
H2.Z64,6year,all,Q,rho,0.162864,0.162864,178
H2.Z64,6year,all,P2,Q,0.160171,0.160171,179
H2.Z64,6year,all,Dp,Igc,0.152858,0.152858,180
H2.Z64,6year,all,Dp,Igm,0.151816,0.151816,181
H2.Z64,6year,all,I2,Q,0.143568,0.143568,182
H2.Z64,6year,all,PF2,Q,0.143206,0.143206,183
H2.Z64,6year,all,PF1,Q,0.140329,0.140329,184
H2.Z64,6year,all,Q,Ua,0.136102,0.136102,185
H2.Z64,6year,all,PF,Q,0.133802,0.133802,186
H2.Z64,6year,all,Q,Ah,-0.127959,0.127959,187
H2.Z64,6year,all,Ah,Igc,0.124644,0.124644,188
H2.Z64,6year,all,Ah,Igm,0.122945,0.122945,189
H2.Z64,6year,all,P3,Q,0.120886,0.120886,190
H2.Z64,6year,all,Q,Dp,-0.117153,0.117153,191
H2.Z64,6year,all,I2,f,0.11425,0.11425,192
H2.Z64,6year,all,I3,f,0.113657,0.113657,193
H2.Z64,6year,all,I1,f,0.111232,0.111232,194
H2.Z64,6year,all,Dc,rho,-0.10867,0.10867,195
H2.Z64,6year,all,Sc,Ta,0.108,0.108,196
H2.Z64,6year,all,PF3,Q,0.107588,0.107588,197
H2.Z64,6year,all,I3,Q,0.106947,0.106947,198
H2.Z64,6year,all,Ah,Sc,-0.100471,0.100471,199
H2.Z64,6year,all,P3,f,0.100249,0.100249,200
H2.Z64,6year,all,I2,U3,0.098464,0.098464,201
H2.Z64,6year,all,P2,f,0.098446,0.098446,202
H2.Z64,6year,all,P1,f,0.097901,0.097901,203
H2.Z64,6year,all,I3,U3,0.097702,0.097702,204
H2.Z64,6year,all,WQ,Dp,-0.095129,0.095129,205
H2.Z64,6year,all,WQ_out,Dp,0.095129,0.095129,206
H2.Z64,6year,all,I2,U1,0.095087,0.095087,207
H2.Z64,6year,all,I3,U1,0.094233,0.094233,208
H2.Z64,6year,all,I1,U3,0.094142,0.094142,209
H2.Z64,6year,all,P,f,0.093351,0.093351,210
H2.Z64,6year,all,I1,Dp,-0.093097,0.093097,211
H2.Z64,6year,all,Dc,Dp,0.091373,0.091373,212
H2.Z64,6year,all,W,Dp,0.091159,0.091159,213
H2.Z64,6year,all,W_in,Dp,0.091159,0.091159,214
H2.Z64,6year,all,I1,U1,0.090807,0.090807,215
H2.Z64,6year,all,P1,Dp,-0.090527,0.090527,216
H2.Z64,6year,all,I2,U2,0.090327,0.090327,217
H2.Z64,6year,all,WQ,Ah,-0.090185,0.090185,218
H2.Z64,6year,all,WQ_out,Ah,0.090185,0.090185,219
H2.Z64,6year,all,I3,U2,0.089429,0.089429,220
H2.Z64,6year,all,P3,U3,0.087641,0.087641,221
H2.Z64,6year,all,P,U3,0.086275,0.086275,222
H2.Z64,6year,all,I1,U2,0.085692,0.085692,223
H2.Z64,6year,all,P2,U3,0.085692,0.085692,224
H2.Z64,6year,all,Dc,Ta,0.085213,0.085213,225
H2.Z64,6year,all,W,Ah,0.085022,0.085022,226
H2.Z64,6year,all,W_in,Ah,0.085022,0.085022,227
H2.Z64,6year,all,Q,Igm,-0.08471,0.08471,228
H2.Z64,6year,all,P3,U1,0.084076,0.084076,229
H2.Z64,6year,all,P1,U3,0.083921,0.083921,230
H2.Z64,6year,all,Q,Igc,-0.083862,0.083862,231
H2.Z64,6year,all,P2,U1,0.082423,0.082423,232
H2.Z64,6year,all,P,U1,0.081708,0.081708,233
H2.Z64,6year,all,I2,Dp,-0.080829,0.080829,234
H2.Z64,6year,all,P1,U1,0.080602,0.080602,235
H2.Z64,6year,all,P3,U2,0.079446,0.079446,236
H2.Z64,6year,all,Dc,H,0.078058,0.078058,237
H2.Z64,6year,all,P2,U2,0.077839,0.077839,238
H2.Z64,6year,all,I1,Ah,-0.077747,0.077747,239
H2.Z64,6year,all,P2,Dp,-0.077631,0.077631,240
H2.Z64,6year,all,P,U2,0.077112,0.077112,241
H2.Z64,6year,all,I3,Dp,-0.075984,0.075984,242
H2.Z64,6year,all,P1,U2,0.075582,0.075582,243
H2.Z64,6year,all,P1,Ah,-0.075052,0.075052,244
H2.Z64,6year,all,P3,Dp,-0.074564,0.074564,245
H2.Z64,6year,all,Q,W_out,-0.073379,0.073379,246
H2.Z64,6year,all,I1,H,-0.073303,0.073303,247
H2.Z64,6year,all,P1,H,-0.07135,0.07135,248
H2.Z64,6year,all,Dp,Sc,-0.068645,0.068645,249
H2.Z64,6year,all,WQ,H,-0.064459,0.064459,250
H2.Z64,6year,all,WQ_out,H,0.064459,0.064459,251
H2.Z64,6year,all,I2,Ah,-0.064435,0.064435,252
H2.Z64,6year,all,I1,Ta,-0.063464,0.063464,253
H2.Z64,6year,all,P,Dp,-0.062931,0.062931,254
H2.Z64,6year,all,W_out,Ah,0.062455,0.062455,255
H2.Z64,6year,all,W,H,0.062359,0.062359,256
H2.Z64,6year,all,W_in,H,0.062359,0.062359,257
H2.Z64,6year,all,P1,Ta,-0.062326,0.062326,258
H2.Z64,6year,all,Ah,Ua,0.062062,0.062062,259
H2.Z64,6year,all,P2,Ah,-0.061382,0.061382,260
H2.Z64,6year,all,Q,Sc,0.061224,0.061224,261
H2.Z64,6year,all,WQ,Ua,-0.059317,0.059317,262
H2.Z64,6year,all,WQ_out,Ua,0.059317,0.059317,263
H2.Z64,6year,all,Ah,Dc,0.059082,0.059082,264
H2.Z64,6year,all,I3,Ah,-0.058673,0.058673,265
H2.Z64,6year,all,Q,WQ,0.058194,0.058194,266
H2.Z64,6year,all,Q,WQ_out,-0.058194,0.058194,267
H2.Z64,6year,all,P3,Ah,-0.057339,0.057339,268
H2.Z64,6year,all,W_out,Dp,0.05715,0.05715,269
H2.Z64,6year,all,I2,H,-0.055033,0.055033,270
H2.Z64,6year,all,I1,rho,0.054725,0.054725,271
H2.Z64,6year,all,P1,rho,0.053226,0.053226,272
H2.Z64,6year,all,W,Ua,0.053111,0.053111,273
H2.Z64,6year,all,W_in,Ua,0.053111,0.053111,274
H2.Z64,6year,all,P2,H,-0.052859,0.052859,275
H2.Z64,6year,all,Dc,Igm,0.051427,0.051427,276
H2.Z64,6year,all,Dc,Igc,0.049296,0.049296,277
H2.Z64,6year,all,I3,Ua,-0.048138,0.048138,278
H2.Z64,6year,all,W_out,H,0.046921,0.046921,279
H2.Z64,6year,all,P3,H,-0.046462,0.046462,280
H2.Z64,6year,all,I3,H,-0.046302,0.046302,281
H2.Z64,6year,all,W_out,Sc,0.045827,0.045827,282
H2.Z64,6year,all,U1,W_out,0.045426,0.045426,283
H2.Z64,6year,all,Q,Dc,0.044473,0.044473,284
H2.Z64,6year,all,U2,H,0.044071,0.044071,285
H2.Z64,6year,all,P,Ah,-0.043987,0.043987,286
H2.Z64,6year,all,P3,Ua,-0.043864,0.043864,287
H2.Z64,6year,all,U1,W,0.043769,0.043769,288
H2.Z64,6year,all,U1,W_in,0.043769,0.043769,289
H2.Z64,6year,all,I2,Ta,-0.043712,0.043712,290
H2.Z64,6year,all,WQ,Sc,-0.043661,0.043661,291
H2.Z64,6year,all,WQ_out,Sc,0.043661,0.043661,292
H2.Z64,6year,all,U2,W_out,0.042636,0.042636,293
H2.Z64,6year,all,U2,Ah,0.042592,0.042592,294
H2.Z64,6year,all,P2,Ta,-0.042437,0.042437,295
H2.Z64,6year,all,U1,WQ,-0.042014,0.042014,296
H2.Z64,6year,all,U1,WQ_out,0.042014,0.042014,297
H2.Z64,6year,all,U2,W,0.041367,0.041367,298
H2.Z64,6year,all,U2,W_in,0.041367,0.041367,299
H2.Z64,6year,all,W,Sc,0.040904,0.040904,300
H2.Z64,6year,all,W_in,Sc,0.040904,0.040904,301
H2.Z64,6year,all,U2,Dp,0.040815,0.040815,302
H2.Z64,6year,all,Dc,Ua,-0.040308,0.040308,303
H2.Z64,6year,all,W,Ta,0.04018,0.04018,304
H2.Z64,6year,all,W_in,Ta,0.04018,0.04018,305
H2.Z64,6year,all,U2,Ta,0.04003,0.04003,306
H2.Z64,6year,all,I3,Igm,0.039941,0.039941,307
H2.Z64,6year,all,I3,Igc,0.039761,0.039761,308
H2.Z64,6year,all,WQ,Ta,-0.039373,0.039373,309
H2.Z64,6year,all,WQ_out,Ta,0.039373,0.039373,310
H2.Z64,6year,all,U2,WQ,-0.039233,0.039233,311
H2.Z64,6year,all,U2,WQ_out,0.039233,0.039233,312
H2.Z64,6year,all,P,H,-0.039081,0.039081,313
H2.Z64,6year,all,I2,Ua,-0.037594,0.037594,314
H2.Z64,6year,all,U1,Ah,0.036874,0.036874,315
H2.Z64,6year,all,U1,H,0.036731,0.036731,316
H2.Z64,6year,all,U3,W_out,0.036022,0.036022,317
H2.Z64,6year,all,W_out,rho,-0.035688,0.035688,318
H2.Z64,6year,all,U2,rho,-0.035544,0.035544,319
H2.Z64,6year,all,P3,Ta,-0.03523,0.03523,320
H2.Z64,6year,all,P2,Ua,-0.035084,0.035084,321
H2.Z64,6year,all,I2,rho,0.034721,0.034721,322
H2.Z64,6year,all,U1,Dp,0.034658,0.034658,323
H2.Z64,6year,all,P,Sc,-0.03457,0.03457,324
H2.Z64,6year,all,I2,Igm,0.034331,0.034331,325
H2.Z64,6year,all,P3,Igm,0.03425,0.03425,326
H2.Z64,6year,all,I2,Igc,0.034186,0.034186,327
H2.Z64,6year,all,U3,W,0.03403,0.03403,328
H2.Z64,6year,all,U3,W_in,0.03403,0.03403,329
H2.Z64,6year,all,P3,Igc,0.033983,0.033983,330
H2.Z64,6year,all,I3,Ta,-0.033975,0.033975,331
H2.Z64,6year,all,PF1,Ta,-0.033745,0.033745,332
H2.Z64,6year,all,U2,Dc,-0.033668,0.033668,333
H2.Z64,6year,all,W_out,f,0.033497,0.033497,334
H2.Z64,6year,all,Q,W,-0.033425,0.033425,335
H2.Z64,6year,all,Q,W_in,-0.033425,0.033425,336
H2.Z64,6year,all,P2,rho,0.033318,0.033318,337
H2.Z64,6year,all,U1,Dc,-0.033154,0.033154,338
H2.Z64,6year,all,P,Ta,-0.032994,0.032994,339
H2.Z64,6year,all,U2,Sc,-0.032736,0.032736,340
H2.Z64,6year,all,U3,Dc,-0.032734,0.032734,341
H2.Z64,6year,all,U1,Sc,-0.032655,0.032655,342
H2.Z64,6year,all,f,Ah,0.032564,0.032564,343
H2.Z64,6year,all,P,Igm,0.03253,0.03253,344
H2.Z64,6year,all,WQ,rho,0.032347,0.032347,345
H2.Z64,6year,all,WQ_out,rho,-0.032347,0.032347,346
H2.Z64,6year,all,P,Igc,0.032308,0.032308,347
H2.Z64,6year,all,U1,Ta,0.032286,0.032286,348
H2.Z64,6year,all,U3,WQ,-0.032168,0.032168,349
H2.Z64,6year,all,U3,WQ_out,0.032168,0.032168,350
H2.Z64,6year,all,P2,Igm,0.031926,0.031926,351
H2.Z64,6year,all,U3,Ah,0.031755,0.031755,352
H2.Z64,6year,all,P2,Igc,0.031697,0.031697,353
H2.Z64,6year,all,PF,Ta,-0.031566,0.031566,354
H2.Z64,6year,all,f,Dp,0.030442,0.030442,355
H2.Z64,6year,all,f,H,0.030347,0.030347,356
H2.Z64,6year,all,U3,Sc,-0.030284,0.030284,357
H2.Z64,6year,all,U3,H,0.030278,0.030278,358
H2.Z64,6year,all,P,rho,0.030085,0.030085,359
H2.Z64,6year,all,W_out,Ta,0.029725,0.029725,360
H2.Z64,6year,all,PF2,Ta,-0.029622,0.029622,361
H2.Z64,6year,all,U3,Igc,-0.029611,0.029611,362
H2.Z64,6year,all,U3,Dp,0.029401,0.029401,363
H2.Z64,6year,all,f,Dc,-0.028977,0.028977,364
H2.Z64,6year,all,P,Ua,-0.028892,0.028892,365
H2.Z64,6year,all,PF3,Ta,-0.028502,0.028502,366
H2.Z64,6year,all,U3,Igm,-0.028485,0.028485,367
H2.Z64,6year,all,U1,rho,-0.028374,0.028374,368
H2.Z64,6year,all,W,rho,-0.028054,0.028054,369
H2.Z64,6year,all,W_in,rho,-0.028054,0.028054,370
H2.Z64,6year,all,W,f,0.027674,0.027674,371
H2.Z64,6year,all,W_in,f,0.027674,0.027674,372
H2.Z64,6year,all,WQ,f,-0.026135,0.026135,373
H2.Z64,6year,all,WQ_out,f,0.026135,0.026135,374
H2.Z64,6year,all,PF1,Dp,-0.025681,0.025681,375
H2.Z64,6year,all,U3,Ta,0.025516,0.025516,376
H2.Z64,6year,all,PF1,Ua,0.025432,0.025432,377
H2.Z64,6year,all,PF1,H,-0.025191,0.025191,378
H2.Z64,6year,all,Dp,Ua,0.025124,0.025124,379
H2.Z64,6year,all,f,Ta,0.025026,0.025026,380
H2.Z64,6year,all,PF2,Dp,-0.024736,0.024736,381
H2.Z64,6year,all,W_out,Dc,-0.024732,0.024732,382
H2.Z64,6year,all,PF1,rho,0.024544,0.024544,383
H2.Z64,6year,all,PF3,Ua,0.024424,0.024424,384
H2.Z64,6year,all,PF,Dp,-0.024345,0.024345,385
H2.Z64,6year,all,U1,Igc,-0.024299,0.024299,386
H2.Z64,6year,all,I1,Igm,0.024282,0.024282,387
H2.Z64,6year,all,P3,rho,0.024171,0.024171,388
H2.Z64,6year,all,I1,Igc,0.024149,0.024149,389
H2.Z64,6year,all,PF,H,-0.023526,0.023526,390
H2.Z64,6year,all,I3,rho,0.023233,0.023233,391
H2.Z64,6year,all,U1,Igm,-0.023167,0.023167,392
H2.Z64,6year,all,PF,rho,0.023049,0.023049,393
H2.Z64,6year,all,PF,Ua,0.023024,0.023024,394
H2.Z64,6year,all,PF2,H,-0.022817,0.022817,395
H2.Z64,6year,all,U3,rho,-0.022476,0.022476,396
H2.Z64,6year,all,f,rho,-0.022057,0.022057,397
H2.Z64,6year,all,PF2,rho,0.021877,0.021877,398
H2.Z64,6year,all,PF2,Igm,0.021078,0.021078,399
H2.Z64,6year,all,PF2,Igc,0.020968,0.020968,400
H2.Z64,6year,all,P1,Igm,0.020671,0.020671,401
H2.Z64,6year,all,H,Sc,0.020463,0.020463,402
H2.Z64,6year,all,P1,Igc,0.020443,0.020443,403
H2.Z64,6year,all,I1,Ua,-0.020299,0.020299,404
H2.Z64,6year,all,PF3,rho,0.019603,0.019603,405
H2.Z64,6year,all,PF3,Dp,-0.019429,0.019429,406
H2.Z64,6year,all,PF3,H,-0.019391,0.019391,407
H2.Z64,6year,all,P,Dc,-0.019363,0.019363,408
H2.Z64,6year,all,WQ,Igm,0.019199,0.019199,409
H2.Z64,6year,all,WQ_out,Igm,-0.019199,0.019199,410
H2.Z64,6year,all,WQ,Igc,0.019056,0.019056,411
H2.Z64,6year,all,WQ_out,Igc,-0.019056,0.019056,412
H2.Z64,6year,all,PF2,Ua,0.018924,0.018924,413
H2.Z64,6year,all,U2,Igc,-0.018871,0.018871,414
H2.Z64,6year,all,P1,Ua,-0.018532,0.018532,415
H2.Z64,6year,all,W_out,Ua,0.018417,0.018417,416
H2.Z64,6year,all,f,Sc,-0.017924,0.017924,417
H2.Z64,6year,all,U2,Igm,-0.017722,0.017722,418
H2.Z64,6year,all,PF2,Sc,-0.016738,0.016738,419
H2.Z64,6year,all,PF3,Sc,-0.01668,0.01668,420
H2.Z64,6year,all,P,Q,-0.01643,0.01643,421
H2.Z64,6year,all,W,Igm,-0.016364,0.016364,422
H2.Z64,6year,all,W_in,Igm,-0.016364,0.016364,423
H2.Z64,6year,all,W,Igc,-0.01623,0.01623,424
H2.Z64,6year,all,W_in,Igc,-0.01623,0.01623,425
H2.Z64,6year,all,PF,Sc,-0.015143,0.015143,426
H2.Z64,6year,all,PF,Igm,0.012544,0.012544,427
H2.Z64,6year,all,PF1,Ah,-0.012541,0.012541,428
H2.Z64,6year,all,PF2,Ah,-0.012524,0.012524,429
H2.Z64,6year,all,PF,Igc,0.012476,0.012476,430
H2.Z64,6year,all,PF,Ah,-0.011633,0.011633,431
H2.Z64,6year,all,PF1,Sc,-0.010902,0.010902,432
H2.Z64,6year,all,f,Igm,0.008383,0.008383,433
H2.Z64,6year,all,PF1,Igm,0.008364,0.008364,434
H2.Z64,6year,all,f,Igc,0.008326,0.008326,435
H2.Z64,6year,all,PF1,Igc,0.008274,0.008274,436
H2.Z64,6year,all,PF2,Dc,0.008027,0.008027,437
H2.Z64,6year,all,PF3,Igm,0.007449,0.007449,438
H2.Z64,6year,all,PF3,Igc,0.007411,0.007411,439
H2.Z64,6year,all,PF3,Ah,-0.006696,0.006696,440
H2.Z64,6year,all,PF1,Dc,0.006343,0.006343,441
H2.Z64,6year,all,W,Dc,0.005933,0.005933,442
H2.Z64,6year,all,W_in,Dc,0.005933,0.005933,443
H2.Z64,6year,all,PF,Dc,0.005776,0.005776,444
H2.Z64,6year,all,U2,Ua,-0.005267,0.005267,445
H2.Z64,6year,all,P1,Dc,0.004948,0.004948,446
H2.Z64,6year,all,I1,Dc,0.004388,0.004388,447
H2.Z64,6year,all,WQ,Dc,-0.004263,0.004263,448
H2.Z64,6year,all,WQ_out,Dc,0.004263,0.004263,449
H2.Z64,6year,all,f,Ua,0.004138,0.004138,450
H2.Z64,6year,all,I1,Sc,0.003986,0.003986,451
H2.Z64,6year,all,W_out,Igc,0.0036,0.0036,452
H2.Z64,6year,all,PF3,Dc,0.003569,0.003569,453
H2.Z64,6year,all,W_out,Igm,0.003499,0.003499,454
H2.Z64,6year,all,P2,Sc,-0.003384,0.003384,455
H2.Z64,6year,all,U3,Ua,0.003063,0.003063,456
H2.Z64,6year,all,P2,Dc,0.002403,0.002403,457
H2.Z64,6year,all,P1,Sc,0.002062,0.002062,458
H2.Z64,6year,all,I2,Dc,0.001794,0.001794,459
H2.Z64,6year,all,P3,Dc,0.001396,0.001396,460
H2.Z64,6year,all,I2,Sc,-0.001353,0.001353,461
H2.Z64,6year,all,I3,Sc,0.0011,0.0011,462
H2.Z64,6year,all,U1,Ua,-0.00105,0.00105,463
H2.Z64,6year,all,P3,Sc,-0.001008,0.001008,464
H2.Z64,6year,all,I3,Dc,0.000741,0.000741,465
H4.Z50,6year,all,W,W_in,1.0,1.0,1
H4.Z50,6year,all,WQ,WQ_in,1.0,1.0,2
H4.Z50,6year,all,I1,P1,0.999768,0.999768,3
H4.Z50,6year,all,W,WQ,0.999624,0.999624,4
H4.Z50,6year,all,W,WQ_in,0.999561,0.999561,5
H4.Z50,6year,all,WQ_in,W_in,0.999561,0.999561,6
H4.Z50,6year,all,WQ,W_in,0.99956,0.99956,7
H4.Z50,6year,all,Igc,Igm,0.999125,0.999125,8
H4.Z50,6year,all,I3,P3,0.997431,0.997431,9
H4.Z50,6year,all,I2,P2,0.995682,0.995682,10
H4.Z50,6year,all,U2,U3,0.989458,0.989458,11
H4.Z50,6year,all,P,P1,0.988628,0.988628,12
H4.Z50,6year,all,I1,P,0.987795,0.987795,13
H4.Z50,6year,all,P,P2,0.984701,0.984701,14
H4.Z50,6year,all,U1,U3,0.983655,0.983655,15
H4.Z50,6year,all,U1,U2,0.980151,0.980151,16
H4.Z50,6year,all,I2,P,0.978842,0.978842,17
H4.Z50,6year,all,P,P3,0.976741,0.976741,18
H4.Z50,6year,all,Ah,Dp,0.976628,0.976628,19
H4.Z50,6year,all,I3,P,0.973322,0.973322,20
H4.Z50,6year,all,P1,P2,0.965007,0.965007,21
H4.Z50,6year,all,I1,P2,0.964205,0.964205,22
H4.Z50,6year,all,I2,P1,0.955308,0.955308,23
H4.Z50,6year,all,I1,I2,0.954735,0.954735,24
H4.Z50,6year,all,Ta,rho,-0.951922,0.951922,25
H4.Z50,6year,all,H,Ta,0.949278,0.949278,26
H4.Z50,6year,all,P2,P3,0.944838,0.944838,27
H4.Z50,6year,all,P1,P3,0.943552,0.943552,28
H4.Z50,6year,all,I2,P3,0.942938,0.942938,29
H4.Z50,6year,all,I1,P3,0.941909,0.941909,30
H4.Z50,6year,all,I3,P2,0.940947,0.940947,31
H4.Z50,6year,all,I3,P1,0.939901,0.939901,32
H4.Z50,6year,all,I2,I3,0.939567,0.939567,33
H4.Z50,6year,all,I1,I3,0.937806,0.937806,34
H4.Z50,6year,all,H,rho,-0.932181,0.932181,35
H4.Z50,6year,all,Dp,H,0.926718,0.926718,36
H4.Z50,6year,all,W,WQ_out,0.92453,0.92453,37
H4.Z50,6year,all,WQ_out,W_in,0.92453,0.92453,38
H4.Z50,6year,all,WQ_in,WQ_out,0.923437,0.923437,39
H4.Z50,6year,all,WQ,WQ_out,0.923329,0.923329,40
H4.Z50,6year,all,Ah,H,0.913166,0.913166,41
H4.Z50,6year,all,Dp,rho,-0.80795,0.80795,42
H4.Z50,6year,all,Dp,Ta,0.784378,0.784378,43
H4.Z50,6year,all,Ah,rho,-0.761871,0.761871,44
H4.Z50,6year,all,I2,Q,0.743328,0.743328,45
H4.Z50,6year,all,Ah,Ta,0.739406,0.739406,46
H4.Z50,6year,all,I3,Q,0.715779,0.715779,47
H4.Z50,6year,all,P1,PF1,0.70629,0.70629,48
H4.Z50,6year,all,I1,PF1,0.701513,0.701513,49
H4.Z50,6year,all,P2,Q,0.694956,0.694956,50
H4.Z50,6year,all,P3,Q,0.694931,0.694931,51
H4.Z50,6year,all,P,Q,0.693638,0.693638,52
H4.Z50,6year,all,PF,PF3,0.690863,0.690863,53
H4.Z50,6year,all,P,PF1,0.687267,0.687267,54
H4.Z50,6year,all,I1,Q,0.665132,0.665132,55
H4.Z50,6year,all,P1,Q,0.664601,0.664601,56
H4.Z50,6year,all,P2,PF1,0.663762,0.663762,57
H4.Z50,6year,all,I2,PF1,0.659659,0.659659,58
H4.Z50,6year,all,PF,PF2,0.650264,0.650264,59
H4.Z50,6year,all,P3,PF1,0.647321,0.647321,60
H4.Z50,6year,all,I3,PF1,0.640119,0.640119,61
H4.Z50,6year,all,Igm,Ua,-0.623988,0.623988,62
H4.Z50,6year,all,Igc,Ua,-0.614971,0.614971,63
H4.Z50,6year,all,P3,PF3,0.602878,0.602878,64
H4.Z50,6year,all,Ta,Ua,-0.588175,0.588175,65
H4.Z50,6year,all,P3,PF,0.583179,0.583179,66
H4.Z50,6year,all,P1,PF,0.580413,0.580413,67
H4.Z50,6year,all,I1,PF,0.578196,0.578196,68
H4.Z50,6year,all,P,PF,0.575378,0.575378,69
H4.Z50,6year,all,I3,PF3,0.560245,0.560245,70
H4.Z50,6year,all,I3,PF,0.555006,0.555006,71
H4.Z50,6year,all,P,PF3,0.554275,0.554275,72
H4.Z50,6year,all,I2,PF3,0.528457,0.528457,73
H4.Z50,6year,all,f,H,0.528094,0.528094,74
H4.Z50,6year,all,P2,PF,0.527844,0.527844,75
H4.Z50,6year,all,I1,PF3,0.523326,0.523326,76
H4.Z50,6year,all,P2,PF3,0.520844,0.520844,77
H4.Z50,6year,all,P1,PF3,0.520099,0.520099,78
H4.Z50,6year,all,Igm,Ta,0.51477,0.51477,79
H4.Z50,6year,all,f,Dp,0.513958,0.513958,80
H4.Z50,6year,all,Igc,Ta,0.509324,0.509324,81
H4.Z50,6year,all,f,Ah,0.503675,0.503675,82
H4.Z50,6year,all,PF,PF1,0.489629,0.489629,83
H4.Z50,6year,all,f,Ta,0.487289,0.487289,84
H4.Z50,6year,all,I2,PF,0.482006,0.482006,85
H4.Z50,6year,all,Ua,rho,0.481531,0.481531,86
H4.Z50,6year,all,PF1,Q,0.47307,0.47307,87
H4.Z50,6year,all,f,rho,-0.446884,0.446884,88
H4.Z50,6year,all,Igm,rho,-0.434835,0.434835,89
H4.Z50,6year,all,Igc,rho,-0.429845,0.429845,90
H4.Z50,6year,all,Dc,Sc,0.412072,0.412072,91
H4.Z50,6year,all,PF1,PF3,0.407407,0.407407,92
H4.Z50,6year,all,P3,U2,-0.39705,0.39705,93
H4.Z50,6year,all,I3,U2,-0.396741,0.396741,94
H4.Z50,6year,all,WQ,f,0.396186,0.396186,95
H4.Z50,6year,all,WQ_in,f,0.396148,0.396148,96
H4.Z50,6year,all,W,f,0.393136,0.393136,97
H4.Z50,6year,all,W_in,f,0.393136,0.393136,98
H4.Z50,6year,all,I2,U2,-0.387537,0.387537,99
H4.Z50,6year,all,P,U2,-0.375085,0.375085,100
H4.Z50,6year,all,H,Igm,0.370593,0.370593,101
H4.Z50,6year,all,P2,U2,-0.368426,0.368426,102
H4.Z50,6year,all,H,Igc,0.368034,0.368034,103
H4.Z50,6year,all,PF3,U2,-0.361764,0.361764,104
H4.Z50,6year,all,I3,U3,-0.352396,0.352396,105
H4.Z50,6year,all,P3,U3,-0.351981,0.351981,106
H4.Z50,6year,all,I1,U2,-0.349719,0.349719,107
H4.Z50,6year,all,P3,U1,-0.349138,0.349138,108
H4.Z50,6year,all,P1,U2,-0.348844,0.348844,109
H4.Z50,6year,all,I3,U1,-0.347309,0.347309,110
H4.Z50,6year,all,PF3,U1,-0.343667,0.343667,111
H4.Z50,6year,all,I2,U1,-0.33945,0.33945,112
H4.Z50,6year,all,P,U1,-0.336488,0.336488,113
H4.Z50,6year,all,PF3,U3,-0.334982,0.334982,114
H4.Z50,6year,all,I2,U3,-0.333346,0.333346,115
H4.Z50,6year,all,PF2,Q,-0.331123,0.331123,116
H4.Z50,6year,all,H,Ua,-0.330479,0.330479,117
H4.Z50,6year,all,P,U3,-0.326912,0.326912,118
H4.Z50,6year,all,P2,U1,-0.325282,0.325282,119
H4.Z50,6year,all,I1,U1,-0.323135,0.323135,120
H4.Z50,6year,all,P1,U1,-0.321937,0.321937,121
H4.Z50,6year,all,P2,U3,-0.317125,0.317125,122
H4.Z50,6year,all,Q,U2,-0.315659,0.315659,123
H4.Z50,6year,all,WQ_out,f,0.31502,0.31502,124
H4.Z50,6year,all,Q,Igc,0.312989,0.312989,125
H4.Z50,6year,all,Q,Igm,0.311208,0.311208,126
H4.Z50,6year,all,P1,Igc,0.304561,0.304561,127
H4.Z50,6year,all,I1,Igc,0.304224,0.304224,128
H4.Z50,6year,all,I1,U3,-0.303135,0.303135,129
H4.Z50,6year,all,P1,U3,-0.302446,0.302446,130
H4.Z50,6year,all,P1,Igm,0.299598,0.299598,131
H4.Z50,6year,all,I1,Igm,0.299304,0.299304,132
H4.Z50,6year,all,PF1,U1,-0.298942,0.298942,133
H4.Z50,6year,all,P,Igc,0.298478,0.298478,134
H4.Z50,6year,all,Igm,Sc,0.295006,0.295006,135
H4.Z50,6year,all,P1,PF2,0.294265,0.294265,136
H4.Z50,6year,all,PF1,Igc,0.294057,0.294057,137
H4.Z50,6year,all,P,Igm,0.293633,0.293633,138
H4.Z50,6year,all,I2,Igc,0.293625,0.293625,139
H4.Z50,6year,all,PF3,Q,0.292455,0.292455,140
H4.Z50,6year,all,I1,PF2,0.292356,0.292356,141
H4.Z50,6year,all,P2,Igc,0.290953,0.290953,142
H4.Z50,6year,all,Igc,Sc,0.290909,0.290909,143
H4.Z50,6year,all,PF1,U2,-0.290645,0.290645,144
H4.Z50,6year,all,I3,Igc,0.290426,0.290426,145
H4.Z50,6year,all,PF1,Igm,0.289623,0.289623,146
H4.Z50,6year,all,I2,Igm,0.288815,0.288815,147
H4.Z50,6year,all,P2,Igm,0.286107,0.286107,148
H4.Z50,6year,all,I3,Igm,0.286104,0.286104,149
H4.Z50,6year,all,Sc,Ua,-0.285992,0.285992,150
H4.Z50,6year,all,P3,Igc,0.282064,0.282064,151
H4.Z50,6year,all,P3,Igm,0.277645,0.277645,152
H4.Z50,6year,all,PF1,U3,-0.26835,0.26835,153
H4.Z50,6year,all,Q,U3,-0.264419,0.264419,154
H4.Z50,6year,all,Q,U1,-0.2562,0.2562,155
H4.Z50,6year,all,P,PF2,0.255986,0.255986,156
H4.Z50,6year,all,PF,U1,-0.245716,0.245716,157
H4.Z50,6year,all,Q,Ta,0.242119,0.242119,158
H4.Z50,6year,all,PF,WQ,0.237542,0.237542,159
H4.Z50,6year,all,PF,WQ_in,0.237528,0.237528,160
H4.Z50,6year,all,Q,rho,-0.236032,0.236032,161
H4.Z50,6year,all,U1,Igc,-0.234837,0.234837,162
H4.Z50,6year,all,PF,W,0.234791,0.234791,163
H4.Z50,6year,all,PF,W_in,0.234791,0.234791,164
H4.Z50,6year,all,PF,U2,-0.23345,0.23345,165
H4.Z50,6year,all,Q,WQ,-0.232262,0.232262,166
H4.Z50,6year,all,Q,WQ_in,-0.232246,0.232246,167
H4.Z50,6year,all,P2,PF2,0.230755,0.230755,168
H4.Z50,6year,all,Q,W,-0.229828,0.229828,169
H4.Z50,6year,all,Q,W_in,-0.229828,0.229828,170
H4.Z50,6year,all,U1,Igm,-0.229124,0.229124,171
H4.Z50,6year,all,PF,U3,-0.227852,0.227852,172
H4.Z50,6year,all,Q,H,0.227015,0.227015,173
H4.Z50,6year,all,P3,PF2,0.214805,0.214805,174
H4.Z50,6year,all,PF3,WQ_out,0.214214,0.214214,175
H4.Z50,6year,all,PF3,WQ_in,0.213778,0.213778,176
H4.Z50,6year,all,PF3,WQ,0.213766,0.213766,177
H4.Z50,6year,all,PF3,W,0.213153,0.213153,178
H4.Z50,6year,all,PF3,W_in,0.213153,0.213153,179
H4.Z50,6year,all,I3,PF2,0.211107,0.211107,180
H4.Z50,6year,all,PF,WQ_out,0.200001,0.200001,181
H4.Z50,6year,all,PF1,PF2,0.193779,0.193779,182
H4.Z50,6year,all,Q,WQ_out,-0.191892,0.191892,183
H4.Z50,6year,all,Q,Ua,-0.174328,0.174328,184
H4.Z50,6year,all,Q,Dp,0.173029,0.173029,185
H4.Z50,6year,all,PF,Igc,0.171674,0.171674,186
H4.Z50,6year,all,Sc,rho,-0.169745,0.169745,187
H4.Z50,6year,all,U3,Igc,-0.169456,0.169456,188
H4.Z50,6year,all,Q,Ah,0.16867,0.16867,189
H4.Z50,6year,all,I3,WQ,-0.168583,0.168583,190
H4.Z50,6year,all,I3,WQ_in,-0.16857,0.16857,191
H4.Z50,6year,all,I3,W,-0.168179,0.168179,192
H4.Z50,6year,all,I3,W_in,-0.168179,0.168179,193
H4.Z50,6year,all,PF,Igm,0.167401,0.167401,194
H4.Z50,6year,all,U2,Igc,-0.166202,0.166202,195
H4.Z50,6year,all,PF3,Igc,0.16601,0.16601,196
H4.Z50,6year,all,U3,Igm,-0.163891,0.163891,197
H4.Z50,6year,all,PF3,Igm,0.162515,0.162515,198
H4.Z50,6year,all,U2,Igm,-0.160636,0.160636,199
H4.Z50,6year,all,f,Igc,0.157327,0.157327,200
H4.Z50,6year,all,PF,H,-0.157021,0.157021,201
H4.Z50,6year,all,f,Igm,0.155576,0.155576,202
H4.Z50,6year,all,PF,Ta,-0.1554,0.1554,203
H4.Z50,6year,all,PF,rho,0.153261,0.153261,204
H4.Z50,6year,all,Dp,Igc,0.152858,0.152858,205
H4.Z50,6year,all,Dp,Igm,0.151816,0.151816,206
H4.Z50,6year,all,U2,f,0.151594,0.151594,207
H4.Z50,6year,all,PF2,WQ,0.151027,0.151027,208
H4.Z50,6year,all,PF2,WQ_in,0.151007,0.151007,209
H4.Z50,6year,all,PF2,W,0.14784,0.14784,210
H4.Z50,6year,all,PF2,W_in,0.14784,0.14784,211
H4.Z50,6year,all,P3,Sc,0.145428,0.145428,212
H4.Z50,6year,all,PF,Sc,0.14428,0.14428,213
H4.Z50,6year,all,I2,PF2,0.144078,0.144078,214
H4.Z50,6year,all,I3,Sc,0.142113,0.142113,215
H4.Z50,6year,all,P3,WQ,-0.141807,0.141807,216
H4.Z50,6year,all,P3,WQ_in,-0.141794,0.141794,217
H4.Z50,6year,all,P3,W,-0.141379,0.141379,218
H4.Z50,6year,all,P3,W_in,-0.141379,0.141379,219
H4.Z50,6year,all,PF3,Sc,0.140888,0.140888,220
H4.Z50,6year,all,P,Sc,0.139972,0.139972,221
H4.Z50,6year,all,I3,WQ_out,-0.137801,0.137801,222
H4.Z50,6year,all,U3,f,0.137341,0.137341,223
H4.Z50,6year,all,I2,Sc,0.135346,0.135346,224
H4.Z50,6year,all,P1,Sc,0.13484,0.13484,225
H4.Z50,6year,all,I1,Sc,0.134533,0.134533,226
H4.Z50,6year,all,P2,Sc,0.13385,0.13385,227
H4.Z50,6year,all,PF,Ah,-0.132712,0.132712,228
H4.Z50,6year,all,PF,Dp,-0.127615,0.127615,229
H4.Z50,6year,all,PF1,Sc,0.126977,0.126977,230
H4.Z50,6year,all,PF1,H,0.125611,0.125611,231
H4.Z50,6year,all,f,Ua,-0.125291,0.125291,232
H4.Z50,6year,all,PF1,rho,-0.125009,0.125009,233
H4.Z50,6year,all,Ah,Igc,0.124644,0.124644,234
H4.Z50,6year,all,PF1,Ta,0.12368,0.12368,235
H4.Z50,6year,all,Ah,Igm,0.122945,0.122945,236
H4.Z50,6year,all,U3,W,0.121957,0.121957,237
H4.Z50,6year,all,U3,W_in,0.121957,0.121957,238
H4.Z50,6year,all,U3,WQ,0.121112,0.121112,239
H4.Z50,6year,all,U3,WQ_in,0.121109,0.121109,240
H4.Z50,6year,all,U2,W,0.119372,0.119372,241
H4.Z50,6year,all,U2,W_in,0.119372,0.119372,242
H4.Z50,6year,all,U2,WQ,0.118457,0.118457,243
H4.Z50,6year,all,U2,WQ_in,0.118454,0.118454,244
H4.Z50,6year,all,P3,WQ_out,-0.113273,0.113273,245
H4.Z50,6year,all,PF2,WQ_out,0.111271,0.111271,246
H4.Z50,6year,all,Dc,rho,-0.10867,0.10867,247
H4.Z50,6year,all,U3,WQ_out,0.108343,0.108343,248
H4.Z50,6year,all,Sc,Ta,0.108,0.108,249
H4.Z50,6year,all,PF1,Ah,0.10665,0.10665,250
H4.Z50,6year,all,U2,WQ_out,0.105833,0.105833,251
H4.Z50,6year,all,PF1,Dp,0.104387,0.104387,252
H4.Z50,6year,all,I2,WQ,-0.101284,0.101284,253
H4.Z50,6year,all,I2,WQ_in,-0.101276,0.101276,254
H4.Z50,6year,all,Q,Sc,0.100715,0.100715,255
H4.Z50,6year,all,Ah,Sc,-0.100471,0.100471,256
H4.Z50,6year,all,I2,W,-0.099898,0.099898,257
H4.Z50,6year,all,I2,W_in,-0.099898,0.099898,258
H4.Z50,6year,all,U2,Sc,-0.095473,0.095473,259
H4.Z50,6year,all,I3,f,-0.092488,0.092488,260
H4.Z50,6year,all,U1,f,0.092312,0.092312,261
H4.Z50,6year,all,U3,Sc,-0.091423,0.091423,262
H4.Z50,6year,all,Dc,Dp,0.091373,0.091373,263
H4.Z50,6year,all,P3,f,-0.090947,0.090947,264
H4.Z50,6year,all,WQ,Dp,0.089747,0.089747,265
H4.Z50,6year,all,U1,Sc,-0.087059,0.087059,266
H4.Z50,6year,all,W,Dp,0.085917,0.085917,267
H4.Z50,6year,all,Dc,Ta,0.085213,0.085213,268
H4.Z50,6year,all,P2,WQ,-0.084704,0.084704,269
H4.Z50,6year,all,P2,WQ_in,-0.084698,0.084698,270
H4.Z50,6year,all,WQ,Ah,0.083963,0.083963,271
H4.Z50,6year,all,P2,W,-0.083555,0.083555,272
H4.Z50,6year,all,P2,W_in,-0.083555,0.083555,273
H4.Z50,6year,all,I2,WQ_out,-0.083214,0.083214,274
H4.Z50,6year,all,PF1,Ua,-0.081341,0.081341,275
H4.Z50,6year,all,f,Sc,-0.08071,0.08071,276
H4.Z50,6year,all,W,Ah,0.079638,0.079638,277
H4.Z50,6year,all,Dc,H,0.078058,0.078058,278
H4.Z50,6year,all,P,WQ,-0.077662,0.077662,279
H4.Z50,6year,all,P,WQ_in,-0.077651,0.077651,280
H4.Z50,6year,all,P,W,-0.076969,0.076969,281
H4.Z50,6year,all,P,W_in,-0.076969,0.076969,282
H4.Z50,6year,all,U1,W,0.070225,0.070225,283
H4.Z50,6year,all,U1,W_in,0.070225,0.070225,284
H4.Z50,6year,all,P2,WQ_out,-0.069332,0.069332,285
H4.Z50,6year,all,U1,WQ,0.068745,0.068745,286
H4.Z50,6year,all,U1,WQ_in,0.068741,0.068741,287
H4.Z50,6year,all,Dp,Sc,-0.068645,0.068645,288
H4.Z50,6year,all,PF2,Igc,0.067293,0.067293,289
H4.Z50,6year,all,PF2,PF3,0.067014,0.067014,290
H4.Z50,6year,all,PF1,Dc,0.066116,0.066116,291
H4.Z50,6year,all,PF2,Igm,0.065635,0.065635,292
H4.Z50,6year,all,I2,Ua,-0.065134,0.065134,293
H4.Z50,6year,all,PF,Ua,0.065129,0.065129,294
H4.Z50,6year,all,PF3,Ta,-0.064173,0.064173,295
H4.Z50,6year,all,I1,Ua,-0.063896,0.063896,296
H4.Z50,6year,all,I3,Ua,-0.063706,0.063706,297
H4.Z50,6year,all,PF2,U2,0.063622,0.063622,298
H4.Z50,6year,all,PF2,f,0.063493,0.063493,299
H4.Z50,6year,all,P1,Ua,-0.063234,0.063234,300
H4.Z50,6year,all,Ah,Ua,0.062062,0.062062,301
H4.Z50,6year,all,P2,Ua,-0.061256,0.061256,302
H4.Z50,6year,all,PF3,H,-0.061197,0.061197,303
H4.Z50,6year,all,P,Ua,-0.060407,0.060407,304
H4.Z50,6year,all,WQ,H,0.059547,0.059547,305
H4.Z50,6year,all,Ah,Dc,0.059082,0.059082,306
H4.Z50,6year,all,U1,WQ_out,0.058717,0.058717,307
H4.Z50,6year,all,PF3,rho,0.058465,0.058465,308
H4.Z50,6year,all,WQ,Ua,0.05776,0.05776,309
H4.Z50,6year,all,PF3,Dc,0.057163,0.057163,310
H4.Z50,6year,all,W,H,0.056979,0.056979,311
H4.Z50,6year,all,U2,Ta,0.056561,0.056561,312
H4.Z50,6year,all,P3,Dc,0.05637,0.05637,313
H4.Z50,6year,all,P,WQ_out,-0.056156,0.056156,314
H4.Z50,6year,all,I1,Ta,0.055784,0.055784,315
H4.Z50,6year,all,I3,Dc,0.054716,0.054716,316
H4.Z50,6year,all,W,Ua,0.054344,0.054344,317
H4.Z50,6year,all,P1,Ta,0.054144,0.054144,318
H4.Z50,6year,all,P,Dc,0.053411,0.053411,319
H4.Z50,6year,all,I2,Dc,0.053014,0.053014,320
H4.Z50,6year,all,P3,Ua,-0.052897,0.052897,321
H4.Z50,6year,all,I2,Ta,0.052762,0.052762,322
H4.Z50,6year,all,PF,Dc,0.052186,0.052186,323
H4.Z50,6year,all,PF2,rho,0.052114,0.052114,324
H4.Z50,6year,all,U2,H,0.051716,0.051716,325
H4.Z50,6year,all,I2,rho,-0.051656,0.051656,326
H4.Z50,6year,all,P2,Dc,0.051634,0.051634,327
H4.Z50,6year,all,Dc,Igm,0.051427,0.051427,328
H4.Z50,6year,all,Q,Dc,0.051136,0.051136,329
H4.Z50,6year,all,I1,Dc,0.050611,0.050611,330
H4.Z50,6year,all,P1,Dc,0.050607,0.050607,331
H4.Z50,6year,all,I1,rho,-0.050052,0.050052,332
H4.Z50,6year,all,Dc,Igc,0.049296,0.049296,333
H4.Z50,6year,all,U3,Ta,0.049233,0.049233,334
H4.Z50,6year,all,P1,rho,-0.048898,0.048898,335
H4.Z50,6year,all,U2,rho,-0.04888,0.04888,336
H4.Z50,6year,all,I1,H,0.047941,0.047941,337
H4.Z50,6year,all,I3,rho,-0.047726,0.047726,338
H4.Z50,6year,all,PF3,Ah,-0.046638,0.046638,339
H4.Z50,6year,all,P2,Ta,0.046552,0.046552,340
H4.Z50,6year,all,P1,H,0.046312,0.046312,341
H4.Z50,6year,all,PF3,Dp,-0.045107,0.045107,342
H4.Z50,6year,all,P2,rho,-0.0448,0.0448,343
H4.Z50,6year,all,P,Ta,0.044342,0.044342,344
H4.Z50,6year,all,PF2,H,-0.044078,0.044078,345
H4.Z50,6year,all,I2,H,0.043622,0.043622,346
H4.Z50,6year,all,PF2,Ta,-0.0436,0.0436,347
H4.Z50,6year,all,I3,Ta,0.043243,0.043243,348
H4.Z50,6year,all,P,rho,-0.043221,0.043221,349
H4.Z50,6year,all,U3,H,0.043141,0.043141,350
H4.Z50,6year,all,W,Sc,0.042933,0.042933,351
H4.Z50,6year,all,U3,rho,-0.041677,0.041677,352
H4.Z50,6year,all,P,f,-0.041646,0.041646,353
H4.Z50,6year,all,WQ,Sc,0.041108,0.041108,354
H4.Z50,6year,all,Dc,Ua,-0.040308,0.040308,355
H4.Z50,6year,all,I2,f,-0.040303,0.040303,356
H4.Z50,6year,all,PF2,U3,0.039912,0.039912,357
H4.Z50,6year,all,U2,Dp,0.039486,0.039486,358
H4.Z50,6year,all,WQ_out,Sc,0.039343,0.039343,359
H4.Z50,6year,all,U2,Ah,0.037812,0.037812,360
H4.Z50,6year,all,P2,H,0.037542,0.037542,361
H4.Z50,6year,all,WQ_in,Ua,0.03676,0.03676,362
H4.Z50,6year,all,PF1,f,0.036293,0.036293,363
H4.Z50,6year,all,WQ,Ta,0.036266,0.036266,364
H4.Z50,6year,all,P,H,0.035573,0.035573,365
H4.Z50,6year,all,W_in,rho,0.035519,0.035519,366
H4.Z50,6year,all,W,Ta,0.035332,0.035332,367
H4.Z50,6year,all,P2,f,-0.035254,0.035254,368
H4.Z50,6year,all,PF2,Ah,-0.034937,0.034937,369
H4.Z50,6year,all,WQ_in,rho,0.033761,0.033761,370
H4.Z50,6year,all,I1,Dp,0.033406,0.033406,371
H4.Z50,6year,all,U3,Ua,-0.033169,0.033169,372
H4.Z50,6year,all,I3,H,0.032798,0.032798,373
H4.Z50,6year,all,W_in,Ua,0.032541,0.032541,374
H4.Z50,6year,all,P3,rho,-0.03249,0.03249,375
H4.Z50,6year,all,W_in,Sc,0.032244,0.032244,376
H4.Z50,6year,all,P1,Dp,0.031994,0.031994,377
H4.Z50,6year,all,U2,Ua,-0.030813,0.030813,378
H4.Z50,6year,all,WQ_in,Sc,0.030245,0.030245,379
H4.Z50,6year,all,U2,Dc,-0.030219,0.030219,380
H4.Z50,6year,all,PF,f,-0.030005,0.030005,381
H4.Z50,6year,all,I1,Ah,0.02974,0.02974,382
H4.Z50,6year,all,U3,Dp,0.029518,0.029518,383
H4.Z50,6year,all,U3,Ah,0.028721,0.028721,384
H4.Z50,6year,all,P1,Ah,0.028355,0.028355,385
H4.Z50,6year,all,PF2,Dp,-0.028165,0.028165,386
H4.Z50,6year,all,PF3,Ua,0.027992,0.027992,387
H4.Z50,6year,all,PF2,Sc,0.027926,0.027926,388
H4.Z50,6year,all,I2,Dp,0.027749,0.027749,389
H4.Z50,6year,all,P3,Ta,0.027451,0.027451,390
H4.Z50,6year,all,WQ,rho,-0.026265,0.026265,391
H4.Z50,6year,all,U3,Dc,-0.025838,0.025838,392
H4.Z50,6year,all,W,rho,-0.02561,0.02561,393
H4.Z50,6year,all,Dp,Ua,0.025124,0.025124,394
H4.Z50,6year,all,I2,Ah,0.023894,0.023894,395
H4.Z50,6year,all,U1,Dc,-0.02384,0.02384,396
H4.Z50,6year,all,P2,Dp,0.023469,0.023469,397
H4.Z50,6year,all,PF2,Ua,0.023253,0.023253,398
H4.Z50,6year,all,P,Dp,0.022088,0.022088,399
H4.Z50,6year,all,P1,WQ,-0.02108,0.02108,400
H4.Z50,6year,all,P1,WQ_in,-0.021066,0.021066,401
H4.Z50,6year,all,P1,W,-0.020518,0.020518,402
H4.Z50,6year,all,P1,W_in,-0.020518,0.020518,403
H4.Z50,6year,all,H,Sc,0.020463,0.020463,404
H4.Z50,6year,all,WQ_out,rho,0.020013,0.020013,405
H4.Z50,6year,all,P2,Ah,0.01922,0.01922,406
H4.Z50,6year,all,f,Dc,0.01921,0.01921,407
H4.Z50,6year,all,WQ,Igm,-0.01856,0.01856,408
H4.Z50,6year,all,PF2,U1,0.018447,0.018447,409
H4.Z50,6year,all,WQ,Igc,-0.018417,0.018417,410
H4.Z50,6year,all,I3,Dp,0.018177,0.018177,411
H4.Z50,6year,all,WQ_out,Ua,-0.018163,0.018163,412
H4.Z50,6year,all,P3,H,0.018162,0.018162,413
H4.Z50,6year,all,P,Ah,0.017912,0.017912,414
H4.Z50,6year,all,W,Igm,-0.017839,0.017839,415
H4.Z50,6year,all,W,Igc,-0.017698,0.017698,416
H4.Z50,6year,all,WQ_in,Dp,0.017563,0.017563,417
H4.Z50,6year,all,Q,f,0.016754,0.016754,418
H4.Z50,6year,all,WQ_out,Ah,-0.015882,0.015882,419
H4.Z50,6year,all,I1,WQ,-0.01476,0.01476,420
H4.Z50,6year,all,I1,WQ_in,-0.014746,0.014746,421
H4.Z50,6year,all,PF1,WQ_out,-0.014517,0.014517,422
H4.Z50,6year,all,I1,W,-0.014198,0.014198,423
H4.Z50,6year,all,I1,W_in,-0.014198,0.014198,424
H4.Z50,6year,all,I3,Ah,0.01307,0.01307,425
H4.Z50,6year,all,W_in,Dp,0.011936,0.011936,426
H4.Z50,6year,all,WQ_in,Igm,-0.011793,0.011793,427
H4.Z50,6year,all,WQ_in,Igc,-0.011725,0.011725,428
H4.Z50,6year,all,WQ_out,Igc,0.011404,0.011404,429
H4.Z50,6year,all,WQ_out,Igm,0.011343,0.011343,430
H4.Z50,6year,all,W_in,Igm,-0.010879,0.010879,431
H4.Z50,6year,all,W_in,Igc,-0.010814,0.010814,432
H4.Z50,6year,all,W_in,Ta,-0.010697,0.010697,433
H4.Z50,6year,all,PF3,f,-0.010584,0.010584,434
H4.Z50,6year,all,U1,Ua,0.010089,0.010089,435
H4.Z50,6year,all,W_in,H,-0.009295,0.009295,436
H4.Z50,6year,all,WQ_in,Ta,-0.008868,0.008868,437
H4.Z50,6year,all,WQ_out,Dc,-0.008548,0.008548,438
H4.Z50,6year,all,PF2,Dc,0.007919,0.007919,439
H4.Z50,6year,all,P1,f,-0.007473,0.007473,440
H4.Z50,6year,all,U1,H,-0.007306,0.007306,441
H4.Z50,6year,all,U1,Ah,-0.00719,0.00719,442
H4.Z50,6year,all,P3,Dp,0.007035,0.007035,443
H4.Z50,6year,all,PF,Q,-0.006946,0.006946,444
H4.Z50,6year,all,WQ_out,Ta,0.006847,0.006847,445
H4.Z50,6year,all,U1,Dp,-0.006667,0.006667,446
H4.Z50,6year,all,PF1,WQ_in,-0.006538,0.006538,447
H4.Z50,6year,all,PF1,WQ,-0.006531,0.006531,448
H4.Z50,6year,all,PF1,W,-0.006359,0.006359,449
H4.Z50,6year,all,PF1,W_in,-0.006359,0.006359,450
H4.Z50,6year,all,U1,Ta,-0.006295,0.006295,451
H4.Z50,6year,all,U1,rho,0.006118,0.006118,452
H4.Z50,6year,all,W_in,Dc,-0.005377,0.005377,453
H4.Z50,6year,all,WQ_in,Ah,0.005363,0.005363,454
H4.Z50,6year,all,WQ_in,H,-0.005214,0.005214,455
H4.Z50,6year,all,WQ_in,Dc,-0.00511,0.00511,456
H4.Z50,6year,all,WQ_out,H,-0.004935,0.004935,457
H4.Z50,6year,all,I1,WQ_out,0.004767,0.004767,458
H4.Z50,6year,all,WQ,Dc,0.003936,0.003936,459
H4.Z50,6year,all,W,Dc,0.003831,0.003831,460
H4.Z50,6year,all,I1,f,-0.003772,0.003772,461
H4.Z50,6year,all,WQ_out,Dp,-0.00295,0.00295,462
H4.Z50,6year,all,P3,Ah,0.002402,0.002402,463
H4.Z50,6year,all,P1,WQ_out,-0.001107,0.001107,464
H4.Z50,6year,all,W_in,Ah,-0.00106,0.00106,465
H2.Z68,6year,all,W,W_in,1.0,1.0,1
H2.Z68,6year,all,WQ,WQ_in,1.0,1.0,2
H2.Z68,6year,all,W,WQ,0.999884,0.999884,3
H2.Z68,6year,all,W,WQ_in,0.999884,0.999884,4
H2.Z68,6year,all,WQ,W_in,0.999884,0.999884,5
H2.Z68,6year,all,WQ_in,W_in,0.999884,0.999884,6
H2.Z68,6year,all,Igc,Igm,0.999125,0.999125,7
H2.Z68,6year,all,I2,I3,0.992279,0.992279,8
H2.Z68,6year,all,U1,U2,0.989652,0.989652,9
H2.Z68,6year,all,I1,I2,0.986849,0.986849,10
H2.Z68,6year,all,I1,I3,0.986137,0.986137,11
H2.Z68,6year,all,U1,U3,0.98449,0.98449,12
H2.Z68,6year,all,U2,U3,0.980521,0.980521,13
H2.Z68,6year,all,Ah,Dp,0.976628,0.976628,14
H2.Z68,6year,all,P1,P3,0.974472,0.974472,15
H2.Z68,6year,all,P,P1,0.969319,0.969319,16
H2.Z68,6year,all,PF,PF1,0.966144,0.966144,17
H2.Z68,6year,all,I1,P3,0.958642,0.958642,18
H2.Z68,6year,all,I1,P1,0.956615,0.956615,19
H2.Z68,6year,all,I3,Q,0.955217,0.955217,20
H2.Z68,6year,all,P,P3,0.95236,0.95236,21
H2.Z68,6year,all,Ta,rho,-0.951922,0.951922,22
H2.Z68,6year,all,H,Ta,0.949278,0.949278,23
H2.Z68,6year,all,I2,Q,0.947823,0.947823,24
H2.Z68,6year,all,P1,P2,0.94659,0.94659,25
H2.Z68,6year,all,P,P2,0.945518,0.945518,26
H2.Z68,6year,all,I3,P3,0.941373,0.941373,27
H2.Z68,6year,all,I2,P3,0.936273,0.936273,28
H2.Z68,6year,all,I2,P2,0.935923,0.935923,29
H2.Z68,6year,all,I1,Q,0.934111,0.934111,30
H2.Z68,6year,all,P2,P3,0.933344,0.933344,31
H2.Z68,6year,all,H,rho,-0.932181,0.932181,32
H2.Z68,6year,all,PF1,PF3,0.931903,0.931903,33
H2.Z68,6year,all,I1,P2,0.926879,0.926879,34
H2.Z68,6year,all,Dp,H,0.926718,0.926718,35
H2.Z68,6year,all,I1,P,0.924989,0.924989,36
H2.Z68,6year,all,I2,P1,0.919006,0.919006,37
H2.Z68,6year,all,PF,PF3,0.917735,0.917735,38
H2.Z68,6year,all,Ah,H,0.913166,0.913166,39
H2.Z68,6year,all,I3,P1,0.907292,0.907292,40
H2.Z68,6year,all,I3,P2,0.901803,0.901803,41
H2.Z68,6year,all,I2,P,0.9001,0.9001,42
H2.Z68,6year,all,PF,PF2,0.894929,0.894929,43
H2.Z68,6year,all,I3,P,0.8834,0.8834,44
H2.Z68,6year,all,P3,Q,0.838816,0.838816,45
H2.Z68,6year,all,P,Q,0.833589,0.833589,46
H2.Z68,6year,all,P1,Q,0.814392,0.814392,47
H2.Z68,6year,all,P2,Q,0.812781,0.812781,48
H2.Z68,6year,all,Dp,rho,-0.80795,0.80795,49
H2.Z68,6year,all,PF1,PF2,0.802619,0.802619,50
H2.Z68,6year,all,Dp,Ta,0.784378,0.784378,51
H2.Z68,6year,all,Ah,rho,-0.761871,0.761871,52
H2.Z68,6year,all,WQ,f,0.751138,0.751138,53
H2.Z68,6year,all,WQ_in,f,0.751138,0.751138,54
H2.Z68,6year,all,W,f,0.748997,0.748997,55
H2.Z68,6year,all,W_in,f,0.748997,0.748997,56
H2.Z68,6year,all,Ah,Ta,0.739406,0.739406,57
H2.Z68,6year,all,PF2,PF3,0.667179,0.667179,58
H2.Z68,6year,all,Igm,Ua,-0.623988,0.623988,59
H2.Z68,6year,all,Igc,Ua,-0.614971,0.614971,60
H2.Z68,6year,all,Ta,Ua,-0.588175,0.588175,61
H2.Z68,6year,all,Igm,Ta,0.51477,0.51477,62
H2.Z68,6year,all,Igc,Ta,0.509324,0.509324,63
H2.Z68,6year,all,Ua,rho,0.481531,0.481531,64
H2.Z68,6year,all,P1,PF1,0.454002,0.454002,65
H2.Z68,6year,all,P,PF1,0.442401,0.442401,66
H2.Z68,6year,all,f,Dp,0.440602,0.440602,67
H2.Z68,6year,all,f,Ah,0.435144,0.435144,68
H2.Z68,6year,all,Igm,rho,-0.434835,0.434835,69
H2.Z68,6year,all,Igc,rho,-0.429845,0.429845,70
H2.Z68,6year,all,P1,PF3,0.428681,0.428681,71
H2.Z68,6year,all,f,H,0.423777,0.423777,72
H2.Z68,6year,all,P,PF3,0.421497,0.421497,73
H2.Z68,6year,all,Dc,Sc,0.412072,0.412072,74
H2.Z68,6year,all,P3,PF3,0.409079,0.409079,75
H2.Z68,6year,all,PF2,H,-0.385023,0.385023,76
H2.Z68,6year,all,PF2,Ta,-0.37977,0.37977,77
H2.Z68,6year,all,P2,PF1,0.371989,0.371989,78
H2.Z68,6year,all,H,Igm,0.370593,0.370593,79
H2.Z68,6year,all,P3,PF1,0.36939,0.36939,80
H2.Z68,6year,all,H,Igc,0.368034,0.368034,81
H2.Z68,6year,all,f,Ta,0.368005,0.368005,82
H2.Z68,6year,all,PF2,rho,0.36408,0.36408,83
H2.Z68,6year,all,PF1,U2,-0.358498,0.358498,84
H2.Z68,6year,all,PF1,U1,-0.357883,0.357883,85
H2.Z68,6year,all,PF2,Q,-0.353394,0.353394,86
H2.Z68,6year,all,P1,U2,-0.352268,0.352268,87
H2.Z68,6year,all,f,rho,-0.347284,0.347284,88
H2.Z68,6year,all,P1,U1,-0.347268,0.347268,89
H2.Z68,6year,all,PF2,Ah,-0.332938,0.332938,90
H2.Z68,6year,all,PF2,Dp,-0.332796,0.332796,91
H2.Z68,6year,all,P2,U2,-0.332069,0.332069,92
H2.Z68,6year,all,P,U2,-0.331061,0.331061,93
H2.Z68,6year,all,H,Ua,-0.330479,0.330479,94
H2.Z68,6year,all,PF,U2,-0.328931,0.328931,95
H2.Z68,6year,all,P,PF,0.328109,0.328109,96
H2.Z68,6year,all,PF1,U3,-0.327962,0.327962,97
H2.Z68,6year,all,P2,PF3,0.324901,0.324901,98
H2.Z68,6year,all,P,U1,-0.322832,0.322832,99
H2.Z68,6year,all,P1,PF,0.321536,0.321536,100
H2.Z68,6year,all,PF,U1,-0.320537,0.320537,101
H2.Z68,6year,all,PF3,U2,-0.318225,0.318225,102
H2.Z68,6year,all,PF3,U1,-0.317136,0.317136,103
H2.Z68,6year,all,P2,U1,-0.31502,0.31502,104
H2.Z68,6year,all,P1,U3,-0.314017,0.314017,105
H2.Z68,6year,all,PF3,U3,-0.299212,0.299212,106
H2.Z68,6year,all,P3,U2,-0.298912,0.298912,107
H2.Z68,6year,all,P1,Igc,0.296493,0.296493,108
H2.Z68,6year,all,P1,Igm,0.296362,0.296362,109
H2.Z68,6year,all,Igm,Sc,0.295006,0.295006,110
H2.Z68,6year,all,P3,U1,-0.293889,0.293889,111
H2.Z68,6year,all,Igc,Sc,0.290909,0.290909,112
H2.Z68,6year,all,P2,PF,0.290439,0.290439,113
H2.Z68,6year,all,P,U3,-0.290072,0.290072,114
H2.Z68,6year,all,PF,U3,-0.287592,0.287592,115
H2.Z68,6year,all,Sc,Ua,-0.285992,0.285992,116
H2.Z68,6year,all,P3,Igm,0.28552,0.28552,117
H2.Z68,6year,all,P3,Igc,0.285267,0.285267,118
H2.Z68,6year,all,I1,U2,-0.28392,0.28392,119
H2.Z68,6year,all,I1,U1,-0.278638,0.278638,120
H2.Z68,6year,all,I1,Igc,0.278365,0.278365,121
H2.Z68,6year,all,I1,Igm,0.278352,0.278352,122
H2.Z68,6year,all,P,Igc,0.277141,0.277141,123
H2.Z68,6year,all,P,Igm,0.27699,0.27699,124
H2.Z68,6year,all,P2,U3,-0.271906,0.271906,125
H2.Z68,6year,all,P3,U3,-0.264205,0.264205,126
H2.Z68,6year,all,PF2,U2,-0.258863,0.258863,127
H2.Z68,6year,all,I2,U2,-0.255529,0.255529,128
H2.Z68,6year,all,Q,Igm,0.252629,0.252629,129
H2.Z68,6year,all,Q,Igc,0.252296,0.252296,130
H2.Z68,6year,all,I1,U3,-0.251499,0.251499,131
H2.Z68,6year,all,I2,U1,-0.246821,0.246821,132
H2.Z68,6year,all,P3,PF,0.24681,0.24681,133
H2.Z68,6year,all,I3,Igm,0.244023,0.244023,134
H2.Z68,6year,all,I3,Igc,0.243895,0.243895,135
H2.Z68,6year,all,PF2,U1,-0.238311,0.238311,136
H2.Z68,6year,all,I3,U2,-0.228076,0.228076,137
H2.Z68,6year,all,PF,Q,-0.226521,0.226521,138
H2.Z68,6year,all,I3,PF2,-0.225812,0.225812,139
H2.Z68,6year,all,I3,U1,-0.222826,0.222826,140
H2.Z68,6year,all,I2,U3,-0.218511,0.218511,141
H2.Z68,6year,all,I2,Igc,0.215541,0.215541,142
H2.Z68,6year,all,I2,Igm,0.21538,0.21538,143
H2.Z68,6year,all,P2,f,-0.205241,0.205241,144
H2.Z68,6year,all,P3,Ua,-0.20072,0.20072,145
H2.Z68,6year,all,U3,Igc,-0.19944,0.19944,146
H2.Z68,6year,all,I3,U3,-0.19743,0.19743,147
H2.Z68,6year,all,PF2,U3,-0.196847,0.196847,148
H2.Z68,6year,all,PF2,f,-0.195328,0.195328,149
H2.Z68,6year,all,U3,Igm,-0.193837,0.193837,150
H2.Z68,6year,all,Q,Ua,-0.191176,0.191176,151
H2.Z68,6year,all,PF2,Ua,0.190099,0.190099,152
H2.Z68,6year,all,I1,PF1,0.189785,0.189785,153
H2.Z68,6year,all,U2,f,0.186531,0.186531,154
H2.Z68,6year,all,P2,PF2,0.185787,0.185787,155
H2.Z68,6year,all,P3,Ta,0.185219,0.185219,156
H2.Z68,6year,all,P1,Ua,-0.182617,0.182617,157
H2.Z68,6year,all,I1,Ua,-0.181258,0.181258,158
H2.Z68,6year,all,I1,W,-0.180993,0.180993,159
H2.Z68,6year,all,I1,W_in,-0.180993,0.180993,160
H2.Z68,6year,all,I1,WQ,-0.179754,0.179754,161
H2.Z68,6year,all,I1,WQ_in,-0.179754,0.179754,162
H2.Z68,6year,all,I1,PF3,0.179746,0.179746,163
H2.Z68,6year,all,P,Ua,-0.17893,0.17893,164
H2.Z68,6year,all,PF3,Igm,0.178724,0.178724,165
H2.Z68,6year,all,PF3,Igc,0.178626,0.178626,166
H2.Z68,6year,all,I2,W,-0.178324,0.178324,167
H2.Z68,6year,all,I2,W_in,-0.178324,0.178324,168
H2.Z68,6year,all,U1,f,0.177472,0.177472,169
H2.Z68,6year,all,I2,WQ,-0.176654,0.176654,170
H2.Z68,6year,all,I2,WQ_in,-0.176654,0.176654,171
H2.Z68,6year,all,P1,W,-0.174804,0.174804,172
H2.Z68,6year,all,P1,W_in,-0.174804,0.174804,173
H2.Z68,6year,all,P1,WQ,-0.174249,0.174249,174
H2.Z68,6year,all,P1,WQ_in,-0.174249,0.174249,175
H2.Z68,6year,all,P3,rho,-0.173907,0.173907,176
H2.Z68,6year,all,P1,Sc,0.171255,0.171255,177
H2.Z68,6year,all,I3,Ua,-0.170484,0.170484,178
H2.Z68,6year,all,Sc,rho,-0.169745,0.169745,179
H2.Z68,6year,all,I3,W,-0.167469,0.167469,180
H2.Z68,6year,all,I3,W_in,-0.167469,0.167469,181
H2.Z68,6year,all,U1,Igc,-0.166979,0.166979,182
H2.Z68,6year,all,I3,WQ,-0.165654,0.165654,183
H2.Z68,6year,all,I3,WQ_in,-0.165654,0.165654,184
H2.Z68,6year,all,P,Sc,0.164583,0.164583,185
H2.Z68,6year,all,P1,f,-0.16369,0.16369,186
H2.Z68,6year,all,U1,Igm,-0.161462,0.161462,187
H2.Z68,6year,all,PF1,f,-0.157211,0.157211,188
H2.Z68,6year,all,Q,Ta,0.156639,0.156639,189
H2.Z68,6year,all,P2,Dp,-0.15631,0.15631,190
H2.Z68,6year,all,Q,W,-0.154876,0.154876,191
H2.Z68,6year,all,Q,W_in,-0.154876,0.154876,192
H2.Z68,6year,all,Q,WQ,-0.154594,0.154594,193
H2.Z68,6year,all,Q,WQ_in,-0.154594,0.154594,194
H2.Z68,6year,all,I1,Sc,0.154413,0.154413,195
H2.Z68,6year,all,P,f,-0.153734,0.153734,196
H2.Z68,6year,all,Dp,Igc,0.152858,0.152858,197
H2.Z68,6year,all,P2,Ah,-0.152542,0.152542,198
H2.Z68,6year,all,I2,PF2,-0.151906,0.151906,199
H2.Z68,6year,all,Dp,Igm,0.151816,0.151816,200
H2.Z68,6year,all,PF3,Ta,0.150914,0.150914,201
H2.Z68,6year,all,P3,H,0.150571,0.150571,202
H2.Z68,6year,all,PF2,Igm,-0.149456,0.149456,203
H2.Z68,6year,all,PF2,Igc,-0.148193,0.148193,204
H2.Z68,6year,all,P3,Sc,0.147292,0.147292,205
H2.Z68,6year,all,Q,rho,-0.146721,0.146721,206
H2.Z68,6year,all,PF1,Igc,0.146716,0.146716,207
H2.Z68,6year,all,PF1,Igm,0.146126,0.146126,208
H2.Z68,6year,all,P2,Igc,0.144411,0.144411,209
H2.Z68,6year,all,P2,Sc,0.14403,0.14403,210
H2.Z68,6year,all,P2,Igm,0.143838,0.143838,211
H2.Z68,6year,all,Q,U2,-0.141436,0.141436,212
H2.Z68,6year,all,PF3,rho,-0.140084,0.140084,213
H2.Z68,6year,all,P2,W,-0.139095,0.139095,214
H2.Z68,6year,all,P2,W_in,-0.139095,0.139095,215
H2.Z68,6year,all,P2,WQ,-0.138355,0.138355,216
H2.Z68,6year,all,P2,WQ_in,-0.138355,0.138355,217
H2.Z68,6year,all,Q,U1,-0.138115,0.138115,218
H2.Z68,6year,all,P,PF2,0.137696,0.137696,219
H2.Z68,6year,all,I3,Ta,0.13722,0.13722,220
H2.Z68,6year,all,PF,f,-0.137069,0.137069,221
H2.Z68,6year,all,U2,Igc,-0.136983,0.136983,222
H2.Z68,6year,all,I2,f,-0.13687,0.13687,223
H2.Z68,6year,all,P3,W,-0.136105,0.136105,224
H2.Z68,6year,all,P3,W_in,-0.136105,0.136105,225
H2.Z68,6year,all,I2,Sc,0.134783,0.134783,226
H2.Z68,6year,all,I1,PF2,-0.134716,0.134716,227
H2.Z68,6year,all,P3,WQ,-0.134591,0.134591,228
H2.Z68,6year,all,P3,WQ_in,-0.134591,0.134591,229
H2.Z68,6year,all,PF3,H,0.133954,0.133954,230
H2.Z68,6year,all,I2,Ua,-0.133015,0.133015,231
H2.Z68,6year,all,PF,Ah,-0.132034,0.132034,232
H2.Z68,6year,all,U2,Igm,-0.13152,0.13152,233
H2.Z68,6year,all,I3,Sc,0.131008,0.131008,234
H2.Z68,6year,all,I3,rho,-0.13082,0.13082,235
H2.Z68,6year,all,PF,H,-0.13072,0.13072,236
H2.Z68,6year,all,I1,f,-0.130172,0.130172,237
H2.Z68,6year,all,PF,Dp,-0.128988,0.128988,238
H2.Z68,6year,all,Q,Sc,0.127743,0.127743,239
H2.Z68,6year,all,P,WQ,-0.127547,0.127547,240
H2.Z68,6year,all,P,WQ_in,-0.127547,0.127547,241
H2.Z68,6year,all,U1,W,0.12754,0.12754,242
H2.Z68,6year,all,U1,W_in,0.12754,0.12754,243
H2.Z68,6year,all,U1,WQ,0.127126,0.127126,244
H2.Z68,6year,all,U1,WQ_in,0.127126,0.127126,245
H2.Z68,6year,all,P,W,-0.126806,0.126806,246
H2.Z68,6year,all,P,W_in,-0.126806,0.126806,247
H2.Z68,6year,all,P2,H,-0.126315,0.126315,248
H2.Z68,6year,all,Ah,Igc,0.124644,0.124644,249
H2.Z68,6year,all,I1,Ta,0.123943,0.123943,250
H2.Z68,6year,all,Ah,Igm,0.122945,0.122945,251
H2.Z68,6year,all,PF3,Ua,-0.121378,0.121378,252
H2.Z68,6year,all,Q,U3,-0.121118,0.121118,253
H2.Z68,6year,all,Q,H,0.120195,0.120195,254
H2.Z68,6year,all,U3,f,0.118828,0.118828,255
H2.Z68,6year,all,I1,rho,-0.115479,0.115479,256
H2.Z68,6year,all,PF,Ta,-0.114036,0.114036,257
H2.Z68,6year,all,PF,rho,0.113214,0.113214,258
H2.Z68,6year,all,Dc,rho,-0.10867,0.10867,259
H2.Z68,6year,all,I2,PF1,0.10811,0.10811,260
H2.Z68,6year,all,Sc,Ta,0.108,0.108,261
H2.Z68,6year,all,U2,W,0.107784,0.107784,262
H2.Z68,6year,all,U2,W_in,0.107784,0.107784,263
H2.Z68,6year,all,U2,WQ,0.106982,0.106982,264
H2.Z68,6year,all,U2,WQ_in,0.106982,0.106982,265
H2.Z68,6year,all,P1,Ta,0.106649,0.106649,266
H2.Z68,6year,all,PF1,Sc,0.106271,0.106271,267
H2.Z68,6year,all,I3,H,0.105816,0.105816,268
H2.Z68,6year,all,P,Ta,0.104341,0.104341,269
H2.Z68,6year,all,P1,PF2,0.101582,0.101582,270
H2.Z68,6year,all,Ah,Sc,-0.100471,0.100471,271
H2.Z68,6year,all,PF3,Q,-0.099787,0.099787,272
H2.Z68,6year,all,I2,PF3,0.097951,0.097951,273
H2.Z68,6year,all,PF3,Dp,0.097506,0.097506,274
H2.Z68,6year,all,P1,rho,-0.095234,0.095234,275
H2.Z68,6year,all,U2,Ta,0.095113,0.095113,276
H2.Z68,6year,all,WQ,Dp,0.094648,0.094648,277
H2.Z68,6year,all,WQ_in,Dp,0.094648,0.094648,278
H2.Z68,6year,all,PF1,Q,-0.093917,0.093917,279
H2.Z68,6year,all,P2,Ta,-0.093352,0.093352,280
H2.Z68,6year,all,PF3,Ah,0.092644,0.092644,281
H2.Z68,6year,all,W,Dp,0.092458,0.092458,282
H2.Z68,6year,all,W_in,Dp,0.092458,0.092458,283
H2.Z68,6year,all,P,rho,-0.09222,0.09222,284
H2.Z68,6year,all,P2,rho,0.09169,0.09169,285
H2.Z68,6year,all,I3,f,-0.091381,0.091381,286
H2.Z68,6year,all,Dc,Dp,0.091373,0.091373,287
H2.Z68,6year,all,U2,H,0.090764,0.090764,288
H2.Z68,6year,all,I3,PF3,0.090583,0.090583,289
H2.Z68,6year,all,Q,f,-0.090195,0.090195,290
H2.Z68,6year,all,WQ,Ah,0.089967,0.089967,291
H2.Z68,6year,all,WQ_in,Ah,0.089967,0.089967,292
H2.Z68,6year,all,W,Ah,0.087588,0.087588,293
H2.Z68,6year,all,W_in,Ah,0.087588,0.087588,294
H2.Z68,6year,all,U2,rho,-0.08692,0.08692,295
H2.Z68,6year,all,PF3,Sc,0.0869,0.0869,296
H2.Z68,6year,all,I1,H,0.085332,0.085332,297
H2.Z68,6year,all,Dc,Ta,0.085213,0.085213,298
H2.Z68,6year,all,PF,Sc,0.081732,0.081732,299
H2.Z68,6year,all,P3,Ah,0.080614,0.080614,300
H2.Z68,6year,all,P3,Dp,0.080323,0.080323,301
H2.Z68,6year,all,Dc,H,0.078058,0.078058,302
H2.Z68,6year,all,PF1,Ah,-0.07782,0.07782,303
H2.Z68,6year,all,U1,Sc,-0.077309,0.077309,304
H2.Z68,6year,all,P3,f,-0.076583,0.076583,305
H2.Z68,6year,all,PF2,W,0.07454,0.07454,306
H2.Z68,6year,all,PF2,W_in,0.07454,0.07454,307
H2.Z68,6year,all,U2,Sc,-0.074102,0.074102,308
H2.Z68,6year,all,PF1,Dp,-0.074089,0.074089,309
H2.Z68,6year,all,U2,Dp,0.074032,0.074032,310
H2.Z68,6year,all,PF2,WQ,0.072246,0.072246,311
H2.Z68,6year,all,PF2,WQ_in,0.072246,0.072246,312
H2.Z68,6year,all,U2,Ah,0.071715,0.071715,313
H2.Z68,6year,all,I3,PF1,0.071284,0.071284,314
H2.Z68,6year,all,U3,W,0.068712,0.068712,315
H2.Z68,6year,all,U3,W_in,0.068712,0.068712,316
H2.Z68,6year,all,Dp,Sc,-0.068645,0.068645,317
H2.Z68,6year,all,U3,WQ,0.068177,0.068177,318
H2.Z68,6year,all,U3,WQ_in,0.068177,0.068177,319
H2.Z68,6year,all,f,Igc,0.067019,0.067019,320
H2.Z68,6year,all,f,Igm,0.065717,0.065717,321
H2.Z68,6year,all,WQ,H,0.063552,0.063552,322
H2.Z68,6year,all,WQ_in,H,0.063552,0.063552,323
H2.Z68,6year,all,P1,H,0.063185,0.063185,324
H2.Z68,6year,all,U3,Sc,-0.062926,0.062926,325
H2.Z68,6year,all,U1,Ta,0.062904,0.062904,326
H2.Z68,6year,all,Ah,Ua,0.062062,0.062062,327
H2.Z68,6year,all,W,H,0.06206,0.06206,328
H2.Z68,6year,all,W_in,H,0.06206,0.06206,329
H2.Z68,6year,all,WQ,Ua,0.060746,0.060746,330
H2.Z68,6year,all,WQ_in,Ua,0.060746,0.060746,331
H2.Z68,6year,all,P,H,0.060692,0.060692,332
H2.Z68,6year,all,U1,H,0.060682,0.060682,333
H2.Z68,6year,all,PF1,WQ,-0.060096,0.060096,334
H2.Z68,6year,all,PF1,WQ_in,-0.060096,0.060096,335
H2.Z68,6year,all,Ah,Dc,0.059082,0.059082,336
H2.Z68,6year,all,W,Ua,0.058934,0.058934,337
H2.Z68,6year,all,W_in,Ua,0.058934,0.058934,338
H2.Z68,6year,all,PF1,W,-0.058749,0.058749,339
H2.Z68,6year,all,PF1,W_in,-0.058749,0.058749,340
H2.Z68,6year,all,I3,PF,-0.057054,0.057054,341
H2.Z68,6year,all,U1,rho,-0.056896,0.056896,342
H2.Z68,6year,all,PF1,Ua,-0.056358,0.056358,343
H2.Z68,6year,all,P,Dc,0.055844,0.055844,344
H2.Z68,6year,all,I2,Ta,0.055376,0.055376,345
H2.Z68,6year,all,PF1,Dc,0.055115,0.055115,346
H2.Z68,6year,all,PF3,Dc,0.054478,0.054478,347
H2.Z68,6year,all,P1,Dc,0.053415,0.053415,348
H2.Z68,6year,all,P2,Ua,-0.052789,0.052789,349
H2.Z68,6year,all,I1,PF,0.05168,0.05168,350
H2.Z68,6year,all,Q,Ah,0.051491,0.051491,351
H2.Z68,6year,all,I2,rho,-0.051447,0.051447,352
H2.Z68,6year,all,Dc,Igm,0.051427,0.051427,353
H2.Z68,6year,all,PF1,H,-0.051404,0.051404,354
H2.Z68,6year,all,Q,Dp,0.05136,0.05136,355
H2.Z68,6year,all,U2,Ua,-0.050451,0.050451,356
H2.Z68,6year,all,Dc,Igc,0.049296,0.049296,357
H2.Z68,6year,all,U1,Ah,0.04883,0.04883,358
H2.Z68,6year,all,PF,Igc,0.048767,0.048767,359
H2.Z68,6year,all,U1,Dp,0.04871,0.04871,360
H2.Z68,6year,all,PF,Igm,0.048079,0.048079,361
H2.Z68,6year,all,f,Sc,-0.047201,0.047201,362
H2.Z68,6year,all,I3,Ah,0.046014,0.046014,363
H2.Z68,6year,all,P3,Dc,0.045048,0.045048,364
H2.Z68,6year,all,W,Sc,0.043652,0.043652,365
H2.Z68,6year,all,W_in,Sc,0.043652,0.043652,366
H2.Z68,6year,all,I3,Dp,0.043304,0.043304,367
H2.Z68,6year,all,WQ,Sc,0.043205,0.043205,368
H2.Z68,6year,all,WQ_in,Sc,0.043205,0.043205,369
H2.Z68,6year,all,PF,Dc,0.041933,0.041933,370
H2.Z68,6year,all,I1,Dc,0.041402,0.041402,371
H2.Z68,6year,all,Dc,Ua,-0.040308,0.040308,372
H2.Z68,6year,all,PF2,Sc,0.040094,0.040094,373
H2.Z68,6year,all,WQ,Ta,0.038057,0.038057,374
H2.Z68,6year,all,WQ_in,Ta,0.038057,0.038057,375
H2.Z68,6year,all,W,Ta,0.037427,0.037427,376
H2.Z68,6year,all,W_in,Ta,0.037427,0.037427,377
H2.Z68,6year,all,Q,Dc,0.034199,0.034199,378
H2.Z68,6year,all,U1,Ua,-0.032723,0.032723,379
H2.Z68,6year,all,PF1,rho,0.031581,0.031581,380
H2.Z68,6year,all,I2,Dp,-0.030723,0.030723,381
H2.Z68,6year,all,WQ,rho,-0.030408,0.030408,382
H2.Z68,6year,all,WQ_in,rho,-0.030408,0.030408,383
H2.Z68,6year,all,I3,Dc,0.030321,0.030321,384
H2.Z68,6year,all,P2,Dc,0.030248,0.030248,385
H2.Z68,6year,all,W,rho,-0.029555,0.029555,386
H2.Z68,6year,all,W_in,rho,-0.029555,0.029555,387
H2.Z68,6year,all,I2,Dc,0.027995,0.027995,388
H2.Z68,6year,all,I2,Ah,-0.026973,0.026973,389
H2.Z68,6year,all,U3,Ta,0.026381,0.026381,390
H2.Z68,6year,all,U3,rho,-0.025686,0.025686,391
H2.Z68,6year,all,U3,H,0.025418,0.025418,392
H2.Z68,6year,all,Dp,Ua,0.025124,0.025124,393
H2.Z68,6year,all,PF1,Ta,-0.024995,0.024995,394
H2.Z68,6year,all,U2,Dc,-0.023169,0.023169,395
H2.Z68,6year,all,f,Ua,-0.022655,0.022655,396
H2.Z68,6year,all,I2,H,0.022388,0.022388,397
H2.Z68,6year,all,U1,Dc,-0.021736,0.021736,398
H2.Z68,6year,all,H,Sc,0.020463,0.020463,399
H2.Z68,6year,all,U3,Ah,0.02019,0.02019,400
H2.Z68,6year,all,WQ,Igm,-0.01955,0.01955,401
H2.Z68,6year,all,WQ_in,Igm,-0.01955,0.01955,402
H2.Z68,6year,all,WQ,Igc,-0.019408,0.019408,403
H2.Z68,6year,all,WQ_in,Igc,-0.019408,0.019408,404
H2.Z68,6year,all,U3,Dp,0.019312,0.019312,405
H2.Z68,6year,all,I1,Ah,0.019276,0.019276,406
H2.Z68,6year,all,W,Igm,-0.019138,0.019138,407
H2.Z68,6year,all,W_in,Igm,-0.019138,0.019138,408
H2.Z68,6year,all,W,Igc,-0.018996,0.018996,409
H2.Z68,6year,all,W_in,Igc,-0.018996,0.018996,410
H2.Z68,6year,all,PF,Ua,0.018875,0.018875,411
H2.Z68,6year,all,I1,Dp,0.018301,0.018301,412
H2.Z68,6year,all,U3,Dc,-0.017633,0.017633,413
H2.Z68,6year,all,PF3,WQ,0.015388,0.015388,414
H2.Z68,6year,all,PF3,WQ_in,0.015388,0.015388,415
H2.Z68,6year,all,PF3,W,0.015331,0.015331,416
H2.Z68,6year,all,PF3,W_in,0.015331,0.015331,417
H2.Z68,6year,all,PF2,Dc,0.014708,0.014708,418
H2.Z68,6year,all,PF,W,0.012257,0.012257,419
H2.Z68,6year,all,PF,W_in,0.012257,0.012257,420
H2.Z68,6year,all,U3,Ua,-0.012058,0.012058,421
H2.Z68,6year,all,I2,PF,-0.011751,0.011751,422
H2.Z68,6year,all,P3,PF2,0.011235,0.011235,423
H2.Z68,6year,all,PF,WQ,0.010871,0.010871,424
H2.Z68,6year,all,PF,WQ_in,0.010871,0.010871,425
H2.Z68,6year,all,P,Ah,-0.007306,0.007306,426
H2.Z68,6year,all,PF3,f,-0.005373,0.005373,427
H2.Z68,6year,all,P1,Ah,-0.005228,0.005228,428
H2.Z68,6year,all,P,Dp,-0.004712,0.004712,429
H2.Z68,6year,all,W,Dc,0.004597,0.004597,430
H2.Z68,6year,all,W_in,Dc,0.004597,0.004597,431
H2.Z68,6year,all,WQ,Dc,0.004558,0.004558,432
H2.Z68,6year,all,WQ_in,Dc,0.004558,0.004558,433
H2.Z68,6year,all,P1,Dp,-0.004453,0.004453,434
H2.Z68,6year,all,f,Dc,-0.000297,0.000297,435
V.Z84,6year,all,W,W_out,-1.0,1.0,1
V.Z84,6year,all,P,P3,0.999977,0.999977,2
V.Z84,6year,all,P1,P3,0.999975,0.999975,3
V.Z84,6year,all,I1,I3,0.999974,0.999974,4
V.Z84,6year,all,P,P1,0.999974,0.999974,5
V.Z84,6year,all,P,P2,0.999942,0.999942,6
V.Z84,6year,all,I1,P1,0.999897,0.999897,7
V.Z84,6year,all,I1,P,0.999889,0.999889,8
V.Z84,6year,all,I1,P3,0.999884,0.999884,9
V.Z84,6year,all,I2,P2,0.999883,0.999883,10
V.Z84,6year,all,I3,P3,0.999882,0.999882,11
V.Z84,6year,all,I3,P,0.999869,0.999869,12
V.Z84,6year,all,P2,P3,0.999858,0.999858,13
V.Z84,6year,all,I2,I3,0.999852,0.999852,14
V.Z84,6year,all,I3,P1,0.99985,0.99985,15
V.Z84,6year,all,P1,P2,0.999848,0.999848,16
V.Z84,6year,all,I1,I2,0.999843,0.999843,17
V.Z84,6year,all,I2,P,0.999802,0.999802,18
V.Z84,6year,all,I1,P2,0.999785,0.999785,19
V.Z84,6year,all,I3,P2,0.999773,0.999773,20
V.Z84,6year,all,I2,P3,0.999709,0.999709,21
V.Z84,6year,all,I2,P1,0.99969,0.99969,22
V.Z84,6year,all,Igc,Igm,0.9991,0.9991,23
V.Z84,6year,all,PF1,PF3,0.999061,0.999061,24
V.Z84,6year,all,PF2,PF3,0.995311,0.995311,25
V.Z84,6year,all,PF1,PF2,0.994189,0.994189,26
V.Z84,6year,all,U1,U2,0.99239,0.99239,27
V.Z84,6year,all,U1,U3,0.988396,0.988396,28
V.Z84,6year,all,U2,U3,0.988277,0.988277,29
V.Z84,6year,all,I2,Igc,-0.981173,0.981173,30
V.Z84,6year,all,P2,Igc,-0.98092,0.98092,31
V.Z84,6year,all,I2,Igm,-0.980875,0.980875,32
V.Z84,6year,all,P2,Igm,-0.980647,0.980647,33
V.Z84,6year,all,P,Igc,-0.979775,0.979775,34
V.Z84,6year,all,P,Igm,-0.979473,0.979473,35
V.Z84,6year,all,I3,Igc,-0.979465,0.979465,36
V.Z84,6year,all,I1,Igc,-0.979304,0.979304,37
V.Z84,6year,all,P3,Igc,-0.97917,0.97917,38
V.Z84,6year,all,I3,Igm,-0.979127,0.979127,39
V.Z84,6year,all,P1,Igc,-0.978989,0.978989,40
V.Z84,6year,all,I1,Igm,-0.97896,0.97896,41
V.Z84,6year,all,P3,Igm,-0.978852,0.978852,42
V.Z84,6year,all,P1,Igm,-0.978668,0.978668,43
V.Z84,6year,all,Ah,Dp,0.978339,0.978339,44
V.Z84,6year,all,Ta,rho,-0.949994,0.949994,45
V.Z84,6year,all,H,Ta,0.947141,0.947141,46
V.Z84,6year,all,H,rho,-0.931153,0.931153,47
V.Z84,6year,all,Dp,H,0.927546,0.927546,48
V.Z84,6year,all,Ah,H,0.912958,0.912958,49
V.Z84,6year,all,W,W_in,-0.880951,0.880951,50
V.Z84,6year,all,W_in,W_out,0.880951,0.880951,51
V.Z84,6year,all,Dp,rho,-0.808349,0.808349,52
V.Z84,6year,all,Dp,Ta,0.780076,0.780076,53
V.Z84,6year,all,Ah,rho,-0.76095,0.76095,54
V.Z84,6year,all,Ah,Ta,0.734498,0.734498,55
V.Z84,6year,all,I2,PF3,0.69099,0.69099,56
V.Z84,6year,all,I3,PF3,0.690829,0.690829,57
V.Z84,6year,all,I2,PF2,0.690141,0.690141,58
V.Z84,6year,all,I1,PF3,0.689325,0.689325,59
V.Z84,6year,all,I3,PF2,0.688706,0.688706,60
V.Z84,6year,all,P2,PF3,0.688494,0.688494,61
V.Z84,6year,all,P3,PF3,0.688063,0.688063,62
V.Z84,6year,all,P,PF3,0.688022,0.688022,63
V.Z84,6year,all,PF2,Igm,-0.687636,0.687636,64
V.Z84,6year,all,P2,PF2,0.687599,0.687599,65
V.Z84,6year,all,P1,PF3,0.687358,0.687358,66
V.Z84,6year,all,PF2,Igc,-0.687296,0.687296,67
V.Z84,6year,all,I1,PF2,0.687212,0.687212,68
V.Z84,6year,all,P,PF2,0.686294,0.686294,69
V.Z84,6year,all,P3,PF2,0.685874,0.685874,70
V.Z84,6year,all,P1,PF2,0.685163,0.685163,71
V.Z84,6year,all,I2,PF1,0.684902,0.684902,72
V.Z84,6year,all,I3,PF1,0.684747,0.684747,73
V.Z84,6year,all,I1,PF1,0.683239,0.683239,74
V.Z84,6year,all,P2,PF1,0.682345,0.682345,75
V.Z84,6year,all,P3,PF1,0.681944,0.681944,76
V.Z84,6year,all,P,PF1,0.681895,0.681895,77
V.Z84,6year,all,P1,PF1,0.681247,0.681247,78
V.Z84,6year,all,PF3,Igm,-0.67829,0.67829,79
V.Z84,6year,all,PF3,Igc,-0.677958,0.677958,80
V.Z84,6year,all,PF1,Igm,-0.672117,0.672117,81
V.Z84,6year,all,PF1,Igc,-0.67179,0.67179,82
V.Z84,6year,all,Igm,Ua,-0.625532,0.625532,83
V.Z84,6year,all,Igc,Ua,-0.616566,0.616566,84
V.Z84,6year,all,I2,Ua,0.603303,0.603303,85
V.Z84,6year,all,P2,Ua,0.60291,0.60291,86
V.Z84,6year,all,I3,Ua,0.601823,0.601823,87
V.Z84,6year,all,P,Ua,0.601741,0.601741,88
V.Z84,6year,all,I1,Ua,0.601449,0.601449,89
V.Z84,6year,all,P3,Ua,0.601313,0.601313,90
V.Z84,6year,all,P1,Ua,0.600797,0.600797,91
V.Z84,6year,all,Ta,Ua,-0.594693,0.594693,92
V.Z84,6year,all,Igm,Ta,0.508175,0.508175,93
V.Z84,6year,all,Igc,Ta,0.502659,0.502659,94
V.Z84,6year,all,I2,Ta,-0.495561,0.495561,95
V.Z84,6year,all,I3,Ta,-0.495327,0.495327,96
V.Z84,6year,all,I1,Ta,-0.494801,0.494801,97
V.Z84,6year,all,P2,Ta,-0.494363,0.494363,98
V.Z84,6year,all,P3,Ta,-0.493953,0.493953,99
V.Z84,6year,all,P,Ta,-0.493873,0.493873,100
V.Z84,6year,all,P1,Ta,-0.49319,0.49319,101
V.Z84,6year,all,Ua,rho,0.479259,0.479259,102
V.Z84,6year,all,PF2,Ua,0.455934,0.455934,103
V.Z84,6year,all,PF3,Ua,0.449681,0.449681,104
V.Z84,6year,all,PF1,Ua,0.443346,0.443346,105
V.Z84,6year,all,Igm,rho,-0.422428,0.422428,106
V.Z84,6year,all,Dc,Sc,0.417578,0.417578,107
V.Z84,6year,all,Igc,rho,-0.4174,0.4174,108
V.Z84,6year,all,I2,rho,0.414236,0.414236,109
V.Z84,6year,all,I3,rho,0.414209,0.414209,110
V.Z84,6year,all,I1,rho,0.413696,0.413696,111
V.Z84,6year,all,P2,rho,0.413002,0.413002,112
V.Z84,6year,all,P3,rho,0.412786,0.412786,113
V.Z84,6year,all,P,rho,0.412652,0.412652,114
V.Z84,6year,all,P1,rho,0.412079,0.412079,115
V.Z84,6year,all,PF2,Ta,-0.397189,0.397189,116
V.Z84,6year,all,PF3,Ta,-0.392132,0.392132,117
V.Z84,6year,all,PF1,Ta,-0.38522,0.38522,118
V.Z84,6year,all,H,Igm,0.35873,0.35873,119
V.Z84,6year,all,H,Igc,0.356105,0.356105,120
V.Z84,6year,all,I3,H,-0.353058,0.353058,121
V.Z84,6year,all,I2,H,-0.352684,0.352684,122
V.Z84,6year,all,I1,H,-0.352651,0.352651,123
V.Z84,6year,all,P3,H,-0.351634,0.351634,124
V.Z84,6year,all,P2,H,-0.351402,0.351402,125
V.Z84,6year,all,P,H,-0.351356,0.351356,126
V.Z84,6year,all,P1,H,-0.350987,0.350987,127
V.Z84,6year,all,PF2,rho,0.34834,0.34834,128
V.Z84,6year,all,PF3,rho,0.343687,0.343687,129
V.Z84,6year,all,PF1,rho,0.337649,0.337649,130
V.Z84,6year,all,H,Ua,-0.329593,0.329593,131
V.Z84,6year,all,PF2,Sc,-0.325259,0.325259,132
V.Z84,6year,all,PF2,U3,0.319607,0.319607,133
V.Z84,6year,all,PF1,U3,0.31855,0.31855,134
V.Z84,6year,all,PF3,U3,0.317951,0.317951,135
V.Z84,6year,all,PF3,Sc,-0.317624,0.317624,136
V.Z84,6year,all,PF1,Sc,-0.315987,0.315987,137
V.Z84,6year,all,Igm,Sc,0.300261,0.300261,138
V.Z84,6year,all,PF2,U2,0.300026,0.300026,139
V.Z84,6year,all,PF1,U2,0.299734,0.299734,140
V.Z84,6year,all,P2,Sc,-0.299631,0.299631,141
V.Z84,6year,all,I2,Sc,-0.299386,0.299386,142
V.Z84,6year,all,P,Sc,-0.298636,0.298636,143
V.Z84,6year,all,PF3,U2,0.298518,0.298518,144
V.Z84,6year,all,I3,Sc,-0.298158,0.298158,145
V.Z84,6year,all,P3,Sc,-0.298152,0.298152,146
V.Z84,6year,all,PF2,H,-0.298046,0.298046,147
V.Z84,6year,all,P1,Sc,-0.297981,0.297981,148
V.Z84,6year,all,I1,Sc,-0.297648,0.297648,149
V.Z84,6year,all,Igc,Sc,0.296165,0.296165,150
V.Z84,6year,all,PF3,H,-0.294753,0.294753,151
V.Z84,6year,all,Sc,Ua,-0.293674,0.293674,152
V.Z84,6year,all,PF1,H,-0.288989,0.288989,153
V.Z84,6year,all,PF2,U1,0.286551,0.286551,154
V.Z84,6year,all,PF1,U1,0.285827,0.285827,155
V.Z84,6year,all,PF3,U1,0.284837,0.284837,156
V.Z84,6year,all,U3,Igc,-0.251857,0.251857,157
V.Z84,6year,all,I2,U3,0.25179,0.25179,158
V.Z84,6year,all,I3,U3,0.251587,0.251587,159
V.Z84,6year,all,I1,U3,0.251056,0.251056,160
V.Z84,6year,all,P3,U3,0.246849,0.246849,161
V.Z84,6year,all,P2,U3,0.246834,0.246834,162
V.Z84,6year,all,P,U3,0.246749,0.246749,163
V.Z84,6year,all,U3,Igm,-0.246645,0.246645,164
V.Z84,6year,all,P1,U3,0.246529,0.246529,165
V.Z84,6year,all,I2,U1,0.210205,0.210205,166
V.Z84,6year,all,I3,U1,0.209918,0.209918,167
V.Z84,6year,all,U1,Igc,-0.209785,0.209785,168
V.Z84,6year,all,I1,U1,0.209374,0.209374,169
V.Z84,6year,all,P3,U1,0.205367,0.205367,170
V.Z84,6year,all,P2,U1,0.20535,0.20535,171
V.Z84,6year,all,P,U1,0.20524,0.20524,172
V.Z84,6year,all,P1,U1,0.20497,0.20497,173
V.Z84,6year,all,U1,Igm,-0.204465,0.204465,174
V.Z84,6year,all,I2,U2,0.19594,0.19594,175
V.Z84,6year,all,I3,U2,0.19571,0.19571,176
V.Z84,6year,all,I1,U2,0.195108,0.195108,177
V.Z84,6year,all,U2,Igc,-0.194708,0.194708,178
V.Z84,6year,all,P3,U2,0.190889,0.190889,179
V.Z84,6year,all,P2,U2,0.190846,0.190846,180
V.Z84,6year,all,P,U2,0.190769,0.190769,181
V.Z84,6year,all,P1,U2,0.190542,0.190542,182
V.Z84,6year,all,U2,Igm,-0.189614,0.189614,183
V.Z84,6year,all,Sc,rho,-0.185356,0.185356,184
V.Z84,6year,all,PF2,Dp,-0.147164,0.147164,185
V.Z84,6year,all,PF3,Dp,-0.145568,0.145568,186
V.Z84,6year,all,I3,Dp,-0.143678,0.143678,187
V.Z84,6year,all,I1,Dp,-0.143405,0.143405,188
V.Z84,6year,all,I2,Dp,-0.142671,0.142671,189
V.Z84,6year,all,P3,Dp,-0.142384,0.142384,190
V.Z84,6year,all,P,Dp,-0.141925,0.141925,191
V.Z84,6year,all,P1,Dp,-0.141917,0.141917,192
V.Z84,6year,all,PF1,Dp,-0.141533,0.141533,193
V.Z84,6year,all,P2,Dp,-0.141509,0.141509,194
V.Z84,6year,all,Dp,Igc,0.140362,0.140362,195
V.Z84,6year,all,Dp,Igm,0.139402,0.139402,196
V.Z84,6year,all,U3,H,-0.138383,0.138383,197
V.Z84,6year,all,U3,Ah,-0.131224,0.131224,198
V.Z84,6year,all,U3,Dp,-0.130053,0.130053,199
V.Z84,6year,all,U3,Ta,-0.126637,0.126637,200
V.Z84,6year,all,PF2,Ah,-0.12365,0.12365,201
V.Z84,6year,all,PF3,Ah,-0.123018,0.123018,202
V.Z84,6year,all,Sc,Ta,0.121309,0.121309,203
V.Z84,6year,all,PF1,Ah,-0.119561,0.119561,204
V.Z84,6year,all,U3,rho,0.115951,0.115951,205
V.Z84,6year,all,I3,Ah,-0.114388,0.114388,206
V.Z84,6year,all,I1,Ah,-0.114202,0.114202,207
V.Z84,6year,all,I2,Ah,-0.113293,0.113293,208
V.Z84,6year,all,P3,Ah,-0.113143,0.113143,209
V.Z84,6year,all,P1,Ah,-0.112752,0.112752,210
V.Z84,6year,all,P,Ah,-0.112658,0.112658,211
V.Z84,6year,all,P2,Ah,-0.112129,0.112129,212
V.Z84,6year,all,Ah,Igc,0.11117,0.11117,213
V.Z84,6year,all,Ah,Igm,0.109582,0.109582,214
V.Z84,6year,all,Dc,rho,-0.108389,0.108389,215
V.Z84,6year,all,PF2,Dc,-0.107255,0.107255,216
V.Z84,6year,all,U1,Ah,-0.103563,0.103563,217
V.Z84,6year,all,PF3,Dc,-0.102878,0.102878,218
V.Z84,6year,all,U1,Dp,-0.102427,0.102427,219
V.Z84,6year,all,PF1,Dc,-0.101926,0.101926,220
V.Z84,6year,all,U1,H,-0.099409,0.099409,221
V.Z84,6year,all,U2,Ah,-0.098226,0.098226,222
V.Z84,6year,all,U2,Dp,-0.095502,0.095502,223
V.Z84,6year,all,Ah,Sc,-0.09215,0.09215,224
V.Z84,6year,all,U2,H,-0.092091,0.092091,225
V.Z84,6year,all,U1,Ta,-0.083449,0.083449,226
V.Z84,6year,all,Dc,Ta,0.081512,0.081512,227
V.Z84,6year,all,U1,rho,0.078307,0.078307,228
V.Z84,6year,all,W,Dp,-0.078175,0.078175,229
V.Z84,6year,all,W_out,Dp,0.078175,0.078175,230
V.Z84,6year,all,W,Ah,-0.077659,0.077659,231
V.Z84,6year,all,W_out,Ah,0.077659,0.077659,232
V.Z84,6year,all,U2,Ta,-0.075349,0.075349,233
V.Z84,6year,all,Dc,Dp,0.072098,0.072098,234
V.Z84,6year,all,U2,rho,0.071337,0.071337,235
V.Z84,6year,all,Dc,H,0.071313,0.071313,236
V.Z84,6year,all,P2,Dc,-0.071147,0.071147,237
V.Z84,6year,all,I2,Dc,-0.071008,0.071008,238
V.Z84,6year,all,P,Dc,-0.070834,0.070834,239
V.Z84,6year,all,P3,Dc,-0.070673,0.070673,240
V.Z84,6year,all,P1,Dc,-0.070641,0.070641,241
V.Z84,6year,all,I3,Dc,-0.070613,0.070613,242
V.Z84,6year,all,I1,Dc,-0.070502,0.070502,243
V.Z84,6year,all,W_in,Dp,0.070185,0.070185,244
V.Z84,6year,all,W_in,Ah,0.069173,0.069173,245
V.Z84,6year,all,Ah,Ua,0.065607,0.065607,246
V.Z84,6year,all,W,H,-0.063303,0.063303,247
V.Z84,6year,all,W_out,H,0.063303,0.063303,248
V.Z84,6year,all,Dc,Ua,-0.061778,0.061778,249
V.Z84,6year,all,Dc,Igm,0.060407,0.060407,250
V.Z84,6year,all,Dp,Sc,-0.059268,0.059268,251
V.Z84,6year,all,W_in,H,0.059209,0.059209,252
V.Z84,6year,all,Dc,Igc,0.05806,0.05806,253
V.Z84,6year,all,W_in,rho,-0.054423,0.054423,254
V.Z84,6year,all,U1,W_in,0.054287,0.054287,255
V.Z84,6year,all,U3,W_in,0.050808,0.050808,256
V.Z84,6year,all,W_in,Sc,0.050264,0.050264,257
V.Z84,6year,all,W,rho,0.049124,0.049124,258
V.Z84,6year,all,W_out,rho,-0.049124,0.049124,259
V.Z84,6year,all,Ah,Dc,0.047965,0.047965,260
V.Z84,6year,all,W,Sc,-0.045119,0.045119,261
V.Z84,6year,all,W_out,Sc,0.045119,0.045119,262
V.Z84,6year,all,W,Ta,-0.044677,0.044677,263
V.Z84,6year,all,W_out,Ta,0.044677,0.044677,264
V.Z84,6year,all,W_in,Ta,0.043911,0.043911,265
V.Z84,6year,all,U2,W_in,0.042912,0.042912,266
V.Z84,6year,all,U1,W,-0.039346,0.039346,267
V.Z84,6year,all,U1,W_out,0.039346,0.039346,268
V.Z84,6year,all,U3,Ua,0.038405,0.038405,269
V.Z84,6year,all,U1,Sc,-0.033702,0.033702,270
V.Z84,6year,all,P1,W,-0.032039,0.032039,271
V.Z84,6year,all,P1,W_out,0.032039,0.032039,272
V.Z84,6year,all,U2,Sc,-0.031991,0.031991,273
V.Z84,6year,all,U3,W,-0.031845,0.031845,274
V.Z84,6year,all,U3,W_out,0.031845,0.031845,275
V.Z84,6year,all,I1,W,-0.031601,0.031601,276
V.Z84,6year,all,I1,W_out,0.031601,0.031601,277
V.Z84,6year,all,H,Sc,0.031559,0.031559,278
V.Z84,6year,all,P1,W_in,0.030942,0.030942,279
V.Z84,6year,all,P,W,-0.030804,0.030804,280
V.Z84,6year,all,P,W_out,0.030804,0.030804,281
V.Z84,6year,all,I1,W_in,0.030726,0.030726,282
V.Z84,6year,all,I2,W,-0.030487,0.030487,283
V.Z84,6year,all,I2,W_out,0.030487,0.030487,284
V.Z84,6year,all,P2,W,-0.030487,0.030487,285
V.Z84,6year,all,P2,W_out,0.030487,0.030487,286
V.Z84,6year,all,P,W_in,0.029935,0.029935,287
V.Z84,6year,all,P3,W,-0.02991,0.02991,288
V.Z84,6year,all,P3,W_out,0.02991,0.02991,289
V.Z84,6year,all,I2,W_in,0.029864,0.029864,290
V.Z84,6year,all,P2,W_in,0.029723,0.029723,291
V.Z84,6year,all,I3,W,-0.029499,0.029499,292
V.Z84,6year,all,I3,W_out,0.029499,0.029499,293
V.Z84,6year,all,P3,W_in,0.029155,0.029155,294
V.Z84,6year,all,I3,W_in,0.028884,0.028884,295
V.Z84,6year,all,PF1,W,-0.025614,0.025614,296
V.Z84,6year,all,PF1,W_out,0.025614,0.025614,297
V.Z84,6year,all,U2,W,-0.025366,0.025366,298
V.Z84,6year,all,U2,W_out,0.025366,0.025366,299
V.Z84,6year,all,Dp,Ua,0.024162,0.024162,300
V.Z84,6year,all,W,Ua,-0.022544,0.022544,301
V.Z84,6year,all,W_out,Ua,0.022544,0.022544,302
V.Z84,6year,all,PF1,W_in,0.020407,0.020407,303
V.Z84,6year,all,U2,Dc,-0.019189,0.019189,304
V.Z84,6year,all,U3,Sc,-0.017509,0.017509,305
V.Z84,6year,all,U1,Dc,-0.017061,0.017061,306
V.Z84,6year,all,W_in,Dc,-0.016445,0.016445,307
V.Z84,6year,all,PF3,W,-0.01511,0.01511,308
V.Z84,6year,all,PF3,W_out,0.01511,0.01511,309
V.Z84,6year,all,W_in,Ua,0.014196,0.014196,310
V.Z84,6year,all,W,Dc,0.012501,0.012501,311
V.Z84,6year,all,W_out,Dc,-0.012501,0.012501,312
V.Z84,6year,all,PF2,W,-0.012308,0.012308,313
V.Z84,6year,all,PF2,W_out,0.012308,0.012308,314
V.Z84,6year,all,PF3,W_in,0.011447,0.011447,315
V.Z84,6year,all,PF2,W_in,0.010527,0.010527,316
V.Z84,6year,all,W,Igm,0.009208,0.009208,317
V.Z84,6year,all,W_out,Igm,-0.009208,0.009208,318
V.Z84,6year,all,W,Igc,0.009075,0.009075,319
V.Z84,6year,all,W_out,Igc,-0.009075,0.009075,320
V.Z84,6year,all,U3,Dc,-0.008821,0.008821,321
V.Z84,6year,all,W_in,Igm,-0.008711,0.008711,322
V.Z84,6year,all,W_in,Igc,-0.008512,0.008512,323
V.Z84,6year,all,U1,Ua,0.004457,0.004457,324
V.Z84,6year,all,U2,Ua,0.001813,0.001813,325
H1.Z20,6year,all,W,W_out,-1.0,1.0,1
H1.Z20,6year,all,WQ,WQ_out,-0.999995,0.999995,2
H1.Z20,6year,all,I2,I3,0.999883,0.999883,3
H1.Z20,6year,all,I3,P3,0.99987,0.99987,4
H1.Z20,6year,all,P2,P3,0.999868,0.999868,5
H1.Z20,6year,all,P1,P2,0.999857,0.999857,6
H1.Z20,6year,all,I1,I2,0.999855,0.999855,7
H1.Z20,6year,all,I2,P2,0.99983,0.99983,8
H1.Z20,6year,all,I1,I3,0.999815,0.999815,9
H1.Z20,6year,all,P1,P3,0.99981,0.99981,10
H1.Z20,6year,all,WQ_out,W_out,0.999782,0.999782,11
H1.Z20,6year,all,W,WQ_out,-0.999779,0.999779,12
H1.Z20,6year,all,I2,P3,0.99977,0.99977,13
H1.Z20,6year,all,WQ,W_out,-0.999743,0.999743,14
H1.Z20,6year,all,W,WQ,0.999741,0.999741,15
H1.Z20,6year,all,I3,P2,0.999716,0.999716,16
H1.Z20,6year,all,I2,P1,0.999645,0.999645,17
H1.Z20,6year,all,I1,P3,0.999644,0.999644,18
H1.Z20,6year,all,I3,P1,0.999622,0.999622,19
H1.Z20,6year,all,P,P1,0.999595,0.999595,20
H1.Z20,6year,all,P,P2,0.999593,0.999593,21
H1.Z20,6year,all,I1,P1,0.999571,0.999571,22
H1.Z20,6year,all,I1,P2,0.999571,0.999571,23
H1.Z20,6year,all,P,P3,0.999569,0.999569,24
H1.Z20,6year,all,I2,P,0.99941,0.99941,25
H1.Z20,6year,all,I3,P,0.999391,0.999391,26
H1.Z20,6year,all,I1,P,0.999265,0.999265,27
H1.Z20,6year,all,WQ_in,W_out,0.999167,0.999167,28
H1.Z20,6year,all,W,WQ_in,-0.99916,0.99916,29
H1.Z20,6year,all,Igc,Igm,0.999125,0.999125,30
H1.Z20,6year,all,WQ_in,WQ_out,0.998846,0.998846,31
H1.Z20,6year,all,WQ_in,W_in,0.998743,0.998743,32
H1.Z20,6year,all,WQ,WQ_in,-0.998695,0.998695,33
H1.Z20,6year,all,PF1,PF3,0.998609,0.998609,34
H1.Z20,6year,all,PF,PF3,0.998269,0.998269,35
H1.Z20,6year,all,WQ_out,W_in,0.998108,0.998108,36
H1.Z20,6year,all,WQ,W_in,-0.99799,0.99799,37
H1.Z20,6year,all,W_in,W_out,0.997788,0.997788,38
H1.Z20,6year,all,W,W_in,-0.99777,0.99777,39
H1.Z20,6year,all,PF,PF1,0.997698,0.997698,40
H1.Z20,6year,all,PF2,PF3,0.995711,0.995711,41
H1.Z20,6year,all,PF1,PF2,0.995485,0.995485,42
H1.Z20,6year,all,U1,U2,0.993112,0.993112,43
H1.Z20,6year,all,PF,PF2,0.990148,0.990148,44
H1.Z20,6year,all,U1,U3,0.986098,0.986098,45
H1.Z20,6year,all,U2,U3,0.982756,0.982756,46
H1.Z20,6year,all,Ah,Dp,0.976628,0.976628,47
H1.Z20,6year,all,I1,PF3,0.975938,0.975938,48
H1.Z20,6year,all,P1,PF3,0.975866,0.975866,49
H1.Z20,6year,all,P1,PF1,0.975733,0.975733,50
H1.Z20,6year,all,I1,PF1,0.975366,0.975366,51
H1.Z20,6year,all,P3,PF3,0.975328,0.975328,52
H1.Z20,6year,all,P,PF3,0.975307,0.975307,53
H1.Z20,6year,all,I1,PF,0.975306,0.975306,54
H1.Z20,6year,all,I2,PF3,0.9752,0.9752,55
H1.Z20,6year,all,P,PF1,0.975039,0.975039,56
H1.Z20,6year,all,I3,PF3,0.97503,0.97503,57
H1.Z20,6year,all,P3,PF1,0.974966,0.974966,58
H1.Z20,6year,all,P2,PF3,0.974894,0.974894,59
H1.Z20,6year,all,I2,PF1,0.974811,0.974811,60
H1.Z20,6year,all,I3,PF1,0.974646,0.974646,61
H1.Z20,6year,all,P2,PF1,0.974584,0.974584,62
H1.Z20,6year,all,I2,PF,0.974313,0.974313,63
H1.Z20,6year,all,P1,PF2,0.974227,0.974227,64
H1.Z20,6year,all,I3,PF,0.974032,0.974032,65
H1.Z20,6year,all,P1,PF,0.974015,0.974015,66
H1.Z20,6year,all,P3,PF,0.973862,0.973862,67
H1.Z20,6year,all,P,PF,0.973618,0.973618,68
H1.Z20,6year,all,P,PF2,0.973316,0.973316,69
H1.Z20,6year,all,P2,PF,0.97325,0.97325,70
H1.Z20,6year,all,P3,PF2,0.972902,0.972902,71
H1.Z20,6year,all,P2,PF2,0.972845,0.972845,72
H1.Z20,6year,all,I1,PF2,0.972042,0.972042,73
H1.Z20,6year,all,I3,PF2,0.971864,0.971864,74
H1.Z20,6year,all,I2,PF2,0.971858,0.971858,75
H1.Z20,6year,all,Ta,rho,-0.951922,0.951922,76
H1.Z20,6year,all,H,Ta,0.949278,0.949278,77
H1.Z20,6year,all,H,rho,-0.932181,0.932181,78
H1.Z20,6year,all,Dp,H,0.926718,0.926718,79
H1.Z20,6year,all,Ah,H,0.913166,0.913166,80
H1.Z20,6year,all,P1,Q,0.905433,0.905433,81
H1.Z20,6year,all,I3,Q,0.904924,0.904924,82
H1.Z20,6year,all,P2,Q,0.904546,0.904546,83
H1.Z20,6year,all,P,Q,0.904482,0.904482,84
H1.Z20,6year,all,I2,Q,0.904455,0.904455,85
H1.Z20,6year,all,I1,Q,0.904306,0.904306,86
H1.Z20,6year,all,P3,Q,0.902614,0.902614,87
H1.Z20,6year,all,PF2,Q,0.847191,0.847191,88
H1.Z20,6year,all,PF1,Q,0.840975,0.840975,89
H1.Z20,6year,all,PF3,Q,0.839262,0.839262,90
H1.Z20,6year,all,PF,Q,0.833539,0.833539,91
H1.Z20,6year,all,Dp,rho,-0.80795,0.80795,92
H1.Z20,6year,all,Dp,Ta,0.784378,0.784378,93
H1.Z20,6year,all,Ah,rho,-0.761871,0.761871,94
H1.Z20,6year,all,Ah,Ta,0.739406,0.739406,95
H1.Z20,6year,all,WQ,f,-0.653938,0.653938,96
H1.Z20,6year,all,WQ_out,f,0.653918,0.653918,97
H1.Z20,6year,all,W_out,f,0.653331,0.653331,98
H1.Z20,6year,all,W,f,-0.653326,0.653326,99
H1.Z20,6year,all,W_in,f,0.652992,0.652992,100
H1.Z20,6year,all,WQ_in,f,0.652801,0.652801,101
H1.Z20,6year,all,PF,H,0.638929,0.638929,102
H1.Z20,6year,all,PF,Ta,0.636437,0.636437,103
H1.Z20,6year,all,PF3,H,0.625512,0.625512,104
H1.Z20,6year,all,Igm,Ua,-0.623988,0.623988,105
H1.Z20,6year,all,PF3,Ta,0.622679,0.622679,106
H1.Z20,6year,all,PF1,H,0.620668,0.620668,107
H1.Z20,6year,all,PF1,Ta,0.618695,0.618695,108
H1.Z20,6year,all,I1,H,0.61531,0.61531,109
H1.Z20,6year,all,Igc,Ua,-0.614971,0.614971,110
H1.Z20,6year,all,I2,H,0.612986,0.612986,111
H1.Z20,6year,all,I3,H,0.612654,0.612654,112
H1.Z20,6year,all,I1,Ta,0.611579,0.611579,113
H1.Z20,6year,all,P3,H,0.610034,0.610034,114
H1.Z20,6year,all,P,H,0.609402,0.609402,115
H1.Z20,6year,all,I2,Ta,0.609267,0.609267,116
H1.Z20,6year,all,I3,Ta,0.608941,0.608941,117
H1.Z20,6year,all,P2,H,0.60847,0.60847,118
H1.Z20,6year,all,P1,H,0.607532,0.607532,119
H1.Z20,6year,all,PF,rho,-0.607513,0.607513,120
H1.Z20,6year,all,P3,Ta,0.606314,0.606314,121
H1.Z20,6year,all,P,Ta,0.605434,0.605434,122
H1.Z20,6year,all,P2,Ta,0.604675,0.604675,123
H1.Z20,6year,all,P1,Ta,0.603867,0.603867,124
H1.Z20,6year,all,PF2,H,0.596142,0.596142,125
H1.Z20,6year,all,PF3,rho,-0.594793,0.594793,126
H1.Z20,6year,all,PF2,Ta,0.593219,0.593219,127
H1.Z20,6year,all,PF1,rho,-0.591282,0.591282,128
H1.Z20,6year,all,Ta,Ua,-0.588175,0.588175,129
H1.Z20,6year,all,I1,rho,-0.580403,0.580403,130
H1.Z20,6year,all,I2,rho,-0.578259,0.578259,131
H1.Z20,6year,all,I3,rho,-0.577933,0.577933,132
H1.Z20,6year,all,P3,rho,-0.575517,0.575517,133
H1.Z20,6year,all,P,rho,-0.574679,0.574679,134
H1.Z20,6year,all,P2,rho,-0.574048,0.574048,135
H1.Z20,6year,all,P1,rho,-0.573287,0.573287,136
H1.Z20,6year,all,PF2,rho,-0.567548,0.567548,137
H1.Z20,6year,all,PF,Dp,0.553043,0.553043,138
H1.Z20,6year,all,PF,Ah,0.545688,0.545688,139
H1.Z20,6year,all,PF3,Dp,0.541894,0.541894,140
H1.Z20,6year,all,PF1,Dp,0.537437,0.537437,141
H1.Z20,6year,all,PF3,Ah,0.534704,0.534704,142
H1.Z20,6year,all,I1,Dp,0.533786,0.533786,143
H1.Z20,6year,all,I2,Dp,0.531912,0.531912,144
H1.Z20,6year,all,I3,Dp,0.531759,0.531759,145
H1.Z20,6year,all,PF1,Ah,0.529668,0.529668,146
H1.Z20,6year,all,P3,Dp,0.529465,0.529465,147
H1.Z20,6year,all,P,Dp,0.529241,0.529241,148
H1.Z20,6year,all,P2,Dp,0.528223,0.528223,149
H1.Z20,6year,all,I1,Ah,0.527372,0.527372,150
H1.Z20,6year,all,P1,Dp,0.527264,0.527264,151
H1.Z20,6year,all,I2,Ah,0.525405,0.525405,152
H1.Z20,6year,all,I3,Ah,0.525138,0.525138,153
H1.Z20,6year,all,P3,Ah,0.522914,0.522914,154
H1.Z20,6year,all,P,Ah,0.522722,0.522722,155
H1.Z20,6year,all,P2,Ah,0.521682,0.521682,156
H1.Z20,6year,all,P1,Ah,0.520726,0.520726,157
H1.Z20,6year,all,PF2,Dp,0.517749,0.517749,158
H1.Z20,6year,all,Igm,Ta,0.51477,0.51477,159
H1.Z20,6year,all,PF2,Ah,0.510066,0.510066,160
H1.Z20,6year,all,Igc,Ta,0.509324,0.509324,161
H1.Z20,6year,all,Q,H,0.506884,0.506884,162
H1.Z20,6year,all,Q,Ta,0.498082,0.498082,163
H1.Z20,6year,all,Ua,rho,0.481531,0.481531,164
H1.Z20,6year,all,Q,rho,-0.473036,0.473036,165
H1.Z20,6year,all,Q,Dp,0.45119,0.45119,166
H1.Z20,6year,all,Q,Ah,0.442731,0.442731,167
H1.Z20,6year,all,Igm,rho,-0.434835,0.434835,168
H1.Z20,6year,all,Igc,rho,-0.429845,0.429845,169
H1.Z20,6year,all,Dc,Sc,0.412072,0.412072,170
H1.Z20,6year,all,H,Igm,0.370593,0.370593,171
H1.Z20,6year,all,H,Igc,0.368034,0.368034,172
H1.Z20,6year,all,H,Ua,-0.330479,0.330479,173
H1.Z20,6year,all,PF,Ua,-0.314336,0.314336,174
H1.Z20,6year,all,PF3,Ua,-0.305908,0.305908,175
H1.Z20,6year,all,PF1,Ua,-0.305584,0.305584,176
H1.Z20,6year,all,I1,Ua,-0.297657,0.297657,177
H1.Z20,6year,all,I2,Ua,-0.296347,0.296347,178
H1.Z20,6year,all,I3,Ua,-0.29604,0.29604,179
H1.Z20,6year,all,Igm,Sc,0.295006,0.295006,180
H1.Z20,6year,all,P3,Ua,-0.294778,0.294778,181
H1.Z20,6year,all,P2,Ua,-0.29363,0.29363,182
H1.Z20,6year,all,P1,Ua,-0.293557,0.293557,183
H1.Z20,6year,all,P,Ua,-0.293524,0.293524,184
H1.Z20,6year,all,Igc,Sc,0.290909,0.290909,185
H1.Z20,6year,all,PF2,Ua,-0.289434,0.289434,186
H1.Z20,6year,all,U3,Igc,-0.286373,0.286373,187
H1.Z20,6year,all,Sc,Ua,-0.285992,0.285992,188
H1.Z20,6year,all,U3,Igm,-0.282257,0.282257,189
H1.Z20,6year,all,PF,Igm,0.280024,0.280024,190
H1.Z20,6year,all,PF,Igc,0.278749,0.278749,191
H1.Z20,6year,all,PF1,Igm,0.274475,0.274475,192
H1.Z20,6year,all,PF3,Igm,0.273685,0.273685,193
H1.Z20,6year,all,PF1,Igc,0.273223,0.273223,194
H1.Z20,6year,all,PF3,Igc,0.272428,0.272428,195
H1.Z20,6year,all,I1,Igm,0.267881,0.267881,196
H1.Z20,6year,all,I2,Igm,0.267177,0.267177,197
H1.Z20,6year,all,P3,Igm,0.266843,0.266843,198
H1.Z20,6year,all,I3,Igm,0.266704,0.266704,199
H1.Z20,6year,all,I1,Igc,0.266602,0.266602,200
H1.Z20,6year,all,P1,Igm,0.266327,0.266327,201
H1.Z20,6year,all,P,Igm,0.266041,0.266041,202
H1.Z20,6year,all,P2,Igm,0.266021,0.266021,203
H1.Z20,6year,all,I2,Igc,0.265892,0.265892,204
H1.Z20,6year,all,P3,Igc,0.265593,0.265593,205
H1.Z20,6year,all,I3,Igc,0.265423,0.265423,206
H1.Z20,6year,all,P1,Igc,0.265072,0.265072,207
H1.Z20,6year,all,P,Igc,0.264786,0.264786,208
H1.Z20,6year,all,P2,Igc,0.264765,0.264765,209
H1.Z20,6year,all,PF2,Igm,0.263756,0.263756,210
H1.Z20,6year,all,PF2,Igc,0.262577,0.262577,211
H1.Z20,6year,all,U1,Igc,-0.235097,0.235097,212
H1.Z20,6year,all,U1,Igm,-0.230579,0.230579,213
H1.Z20,6year,all,PF3,U3,-0.223928,0.223928,214
H1.Z20,6year,all,PF,U3,-0.223851,0.223851,215
H1.Z20,6year,all,PF1,U3,-0.223723,0.223723,216
H1.Z20,6year,all,U3,W_in,0.22315,0.22315,217
H1.Z20,6year,all,U3,WQ,-0.22291,0.22291,218
H1.Z20,6year,all,U3,WQ_out,0.222665,0.222665,219
H1.Z20,6year,all,U2,Igc,-0.221828,0.221828,220
H1.Z20,6year,all,PF2,U3,-0.220203,0.220203,221
H1.Z20,6year,all,U3,W_out,0.219244,0.219244,222
H1.Z20,6year,all,U3,W,-0.219226,0.219226,223
H1.Z20,6year,all,U3,WQ_in,0.218521,0.218521,224
H1.Z20,6year,all,U2,Igm,-0.217503,0.217503,225
H1.Z20,6year,all,U1,WQ,-0.215959,0.215959,226
H1.Z20,6year,all,U1,WQ_out,0.215722,0.215722,227
H1.Z20,6year,all,Q,Ua,-0.215293,0.215293,228
H1.Z20,6year,all,U1,W_in,0.214835,0.214835,229
H1.Z20,6year,all,U2,WQ,-0.214304,0.214304,230
H1.Z20,6year,all,U2,WQ_out,0.214024,0.214024,231
H1.Z20,6year,all,U1,W_out,0.212887,0.212887,232
H1.Z20,6year,all,U1,W,-0.212877,0.212877,233
H1.Z20,6year,all,U2,W_in,0.212682,0.212682,234
H1.Z20,6year,all,U1,WQ_in,0.211712,0.211712,235
H1.Z20,6year,all,U2,W_out,0.210986,0.210986,236
H1.Z20,6year,all,U2,W,-0.210977,0.210977,237
H1.Z20,6year,all,U2,WQ_in,0.209326,0.209326,238
H1.Z20,6year,all,P,U3,-0.199185,0.199185,239
H1.Z20,6year,all,P1,U3,-0.198624,0.198624,240
H1.Z20,6year,all,P2,U3,-0.198527,0.198527,241
H1.Z20,6year,all,P3,U3,-0.197851,0.197851,242
H1.Z20,6year,all,I1,U3,-0.19362,0.19362,243
H1.Z20,6year,all,I2,U3,-0.193426,0.193426,244
H1.Z20,6year,all,I3,U3,-0.190915,0.190915,245
H1.Z20,6year,all,U2,f,0.184097,0.184097,246
H1.Z20,6year,all,U3,f,0.183023,0.183023,247
H1.Z20,6year,all,U1,f,0.18027,0.18027,248
H1.Z20,6year,all,Q,Igm,0.178412,0.178412,249
H1.Z20,6year,all,Q,Igc,0.176822,0.176822,250
H1.Z20,6year,all,Sc,rho,-0.169745,0.169745,251
H1.Z20,6year,all,f,Dp,0.164124,0.164124,252
H1.Z20,6year,all,U3,Ta,-0.161491,0.161491,253
H1.Z20,6year,all,f,Ah,0.158142,0.158142,254
H1.Z20,6year,all,U3,H,-0.157855,0.157855,255
H1.Z20,6year,all,U3,rho,0.154477,0.154477,256
H1.Z20,6year,all,Dp,Igc,0.152858,0.152858,257
H1.Z20,6year,all,Dp,Igm,0.151816,0.151816,258
H1.Z20,6year,all,PF3,U1,-0.130904,0.130904,259
H1.Z20,6year,all,PF1,U1,-0.130264,0.130264,260
H1.Z20,6year,all,PF,U1,-0.129784,0.129784,261
H1.Z20,6year,all,Q,f,0.129077,0.129077,262
H1.Z20,6year,all,PF2,U1,-0.128511,0.128511,263
H1.Z20,6year,all,U3,Ah,-0.125577,0.125577,264
H1.Z20,6year,all,Ah,Igc,0.124644,0.124644,265
H1.Z20,6year,all,Ah,Igm,0.122945,0.122945,266
H1.Z20,6year,all,U3,Dp,-0.118412,0.118412,267
H1.Z20,6year,all,f,Ua,0.114176,0.114176,268
H1.Z20,6year,all,Dc,rho,-0.10867,0.10867,269
H1.Z20,6year,all,f,H,0.108305,0.108305,270
H1.Z20,6year,all,Sc,Ta,0.108,0.108,271
H1.Z20,6year,all,U3,Ua,0.10703,0.10703,272
H1.Z20,6year,all,Q,Sc,-0.106429,0.106429,273
H1.Z20,6year,all,P,U1,-0.105851,0.105851,274
H1.Z20,6year,all,P2,U1,-0.105697,0.105697,275
H1.Z20,6year,all,PF3,U2,-0.104936,0.104936,276
H1.Z20,6year,all,P1,U1,-0.104865,0.104865,277
H1.Z20,6year,all,P3,U1,-0.104601,0.104601,278
H1.Z20,6year,all,PF,U2,-0.104383,0.104383,279
H1.Z20,6year,all,PF1,U2,-0.104084,0.104084,280
H1.Z20,6year,all,PF2,U2,-0.101964,0.101964,281
H1.Z20,6year,all,Ah,Sc,-0.100471,0.100471,282
H1.Z20,6year,all,I2,U1,-0.100218,0.100218,283
H1.Z20,6year,all,I1,U1,-0.099355,0.099355,284
H1.Z20,6year,all,I3,U1,-0.097537,0.097537,285
H1.Z20,6year,all,Dc,Dp,0.091373,0.091373,286
H1.Z20,6year,all,Dc,Ta,0.085213,0.085213,287
H1.Z20,6year,all,U1,H,-0.083852,0.083852,288
H1.Z20,6year,all,U1,Ta,-0.083554,0.083554,289
H1.Z20,6year,all,U1,rho,0.083091,0.083091,290
H1.Z20,6year,all,I1,Sc,-0.08292,0.08292,291
H1.Z20,6year,all,W_in,Dp,0.082094,0.082094,292
H1.Z20,6year,all,P1,Sc,-0.082078,0.082078,293
H1.Z20,6year,all,P,Sc,-0.081725,0.081725,294
H1.Z20,6year,all,I3,Sc,-0.08143,0.08143,295
H1.Z20,6year,all,I2,Sc,-0.081283,0.081283,296
H1.Z20,6year,all,P3,Sc,-0.081021,0.081021,297
H1.Z20,6year,all,P2,Sc,-0.080972,0.080972,298
H1.Z20,6year,all,I3,f,0.08044,0.08044,299
H1.Z20,6year,all,P3,f,0.078419,0.078419,300
H1.Z20,6year,all,Dc,H,0.078058,0.078058,301
H1.Z20,6year,all,P,U2,-0.077874,0.077874,302
H1.Z20,6year,all,I1,f,0.077802,0.077802,303
H1.Z20,6year,all,I2,f,0.07748,0.07748,304
H1.Z20,6year,all,P2,U2,-0.077396,0.077396,305
H1.Z20,6year,all,W_in,Ah,0.077384,0.077384,306
H1.Z20,6year,all,P3,U2,-0.077033,0.077033,307
H1.Z20,6year,all,P1,U2,-0.076841,0.076841,308
H1.Z20,6year,all,P,f,0.076426,0.076426,309
H1.Z20,6year,all,P2,f,0.076194,0.076194,310
H1.Z20,6year,all,P1,f,0.076026,0.076026,311
H1.Z20,6year,all,PF1,Sc,-0.073685,0.073685,312
H1.Z20,6year,all,U2,rho,0.073344,0.073344,313
H1.Z20,6year,all,U2,H,-0.073336,0.073336,314
H1.Z20,6year,all,U2,Ta,-0.072837,0.072837,315
H1.Z20,6year,all,PF3,Sc,-0.072749,0.072749,316
H1.Z20,6year,all,PF,Sc,-0.072315,0.072315,317
H1.Z20,6year,all,I2,U2,-0.07201,0.07201,318
H1.Z20,6year,all,I1,U2,-0.071532,0.071532,319
H1.Z20,6year,all,PF2,Sc,-0.071414,0.071414,320
H1.Z20,6year,all,Q,U2,0.071275,0.071275,321
H1.Z20,6year,all,WQ_in,Dp,0.071032,0.071032,322
H1.Z20,6year,all,W_out,Dp,0.070165,0.070165,323
H1.Z20,6year,all,W,Dp,-0.070115,0.070115,324
H1.Z20,6year,all,I3,U2,-0.069961,0.069961,325
H1.Z20,6year,all,WQ_out,Dp,0.069154,0.069154,326
H1.Z20,6year,all,WQ,Dp,-0.069029,0.069029,327
H1.Z20,6year,all,Dp,Sc,-0.068645,0.068645,328
H1.Z20,6year,all,U1,Ah,-0.068178,0.068178,329
H1.Z20,6year,all,WQ_in,Ah,0.066963,0.066963,330
H1.Z20,6year,all,W_out,Ah,0.065656,0.065656,331
H1.Z20,6year,all,W,Ah,-0.065607,0.065607,332
H1.Z20,6year,all,WQ_out,Ah,0.064468,0.064468,333
H1.Z20,6year,all,WQ,Ah,-0.064305,0.064305,334
H1.Z20,6year,all,Ah,Ua,0.062062,0.062062,335
H1.Z20,6year,all,U1,Dp,-0.061054,0.061054,336
H1.Z20,6year,all,f,Ta,0.060347,0.060347,337
H1.Z20,6year,all,f,rho,-0.059598,0.059598,338
H1.Z20,6year,all,U2,Ah,-0.05926,0.05926,339
H1.Z20,6year,all,Ah,Dc,0.059082,0.059082,340
H1.Z20,6year,all,U1,Ua,0.056528,0.056528,341
H1.Z20,6year,all,W_in,H,0.054857,0.054857,342
H1.Z20,6year,all,WQ,Sc,-0.054499,0.054499,343
H1.Z20,6year,all,W,Sc,-0.054484,0.054484,344
H1.Z20,6year,all,W_out,Sc,0.054462,0.054462,345
H1.Z20,6year,all,WQ_out,Sc,0.054407,0.054407,346
H1.Z20,6year,all,U2,Ua,0.052973,0.052973,347
H1.Z20,6year,all,WQ_in,Sc,0.052897,0.052897,348
H1.Z20,6year,all,W_in,Ua,0.051854,0.051854,349
H1.Z20,6year,all,Dc,Igm,0.051427,0.051427,350
H1.Z20,6year,all,U2,Dp,-0.050919,0.050919,351
H1.Z20,6year,all,PF3,f,0.050302,0.050302,352
H1.Z20,6year,all,Dc,Igc,0.049296,0.049296,353
H1.Z20,6year,all,W_in,Sc,0.049134,0.049134,354
H1.Z20,6year,all,PF,f,0.048867,0.048867,355
H1.Z20,6year,all,W_out,H,0.047888,0.047888,356
H1.Z20,6year,all,W,H,-0.047859,0.047859,357
H1.Z20,6year,all,WQ,H,-0.047056,0.047056,358
H1.Z20,6year,all,WQ_out,H,0.047036,0.047036,359
H1.Z20,6year,all,WQ_in,H,0.046666,0.046666,360
H1.Z20,6year,all,WQ_in,Ua,0.045861,0.045861,361
H1.Z20,6year,all,Q,U3,-0.04551,0.04551,362
H1.Z20,6year,all,PF2,f,0.044967,0.044967,363
H1.Z20,6year,all,U1,Sc,-0.044046,0.044046,364
H1.Z20,6year,all,U2,Sc,-0.043088,0.043088,365
H1.Z20,6year,all,Q,W,-0.040934,0.040934,366
H1.Z20,6year,all,Q,W_out,0.040914,0.040914,367
H1.Z20,6year,all,Q,WQ,-0.04059,0.04059,368
H1.Z20,6year,all,Q,WQ_out,0.040327,0.040327,369
H1.Z20,6year,all,f,Igm,-0.040322,0.040322,370
H1.Z20,6year,all,Dc,Ua,-0.040308,0.040308,371
H1.Z20,6year,all,W_out,Ua,0.039411,0.039411,372
H1.Z20,6year,all,W,Ua,-0.039359,0.039359,373
H1.Z20,6year,all,WQ_out,Ua,0.038903,0.038903,374
H1.Z20,6year,all,Q,U1,0.038638,0.038638,375
H1.Z20,6year,all,WQ,Ua,-0.038459,0.038459,376
H1.Z20,6year,all,f,Igc,-0.038136,0.038136,377
H1.Z20,6year,all,PF1,f,0.037904,0.037904,378
H1.Z20,6year,all,Q,WQ_in,0.036125,0.036125,379
H1.Z20,6year,all,Q,W_in,0.036006,0.036006,380
H1.Z20,6year,all,W_in,Ta,0.033318,0.033318,381
H1.Z20,6year,all,W_out,Ta,0.030716,0.030716,382
H1.Z20,6year,all,W,Ta,-0.030704,0.030704,383
H1.Z20,6year,all,PF1,W_in,-0.030681,0.030681,384
H1.Z20,6year,all,WQ,Ta,-0.030417,0.030417,385
H1.Z20,6year,all,WQ_out,Ta,0.030256,0.030256,386
H1.Z20,6year,all,PF1,WQ_in,-0.029806,0.029806,387
H1.Z20,6year,all,WQ_in,Ta,0.027685,0.027685,388
H1.Z20,6year,all,PF1,WQ_out,-0.026801,0.026801,389
H1.Z20,6year,all,PF1,WQ,0.026609,0.026609,390
H1.Z20,6year,all,U3,Sc,-0.025589,0.025589,391
H1.Z20,6year,all,Dp,Ua,0.025124,0.025124,392
H1.Z20,6year,all,PF1,W_out,-0.024719,0.024719,393
H1.Z20,6year,all,PF1,W,0.024695,0.024695,394
H1.Z20,6year,all,W_in,rho,-0.024352,0.024352,395
H1.Z20,6year,all,Q,Dc,-0.022219,0.022219,396
H1.Z20,6year,all,W_out,rho,-0.021517,0.021517,397
H1.Z20,6year,all,W,rho,0.021505,0.021505,398
H1.Z20,6year,all,f,Sc,-0.020835,0.020835,399
H1.Z20,6year,all,WQ,rho,0.020772,0.020772,400
H1.Z20,6year,all,WQ_out,rho,-0.02064,0.02064,401
H1.Z20,6year,all,H,Sc,0.020463,0.020463,402
H1.Z20,6year,all,PF2,W_in,-0.019573,0.019573,403
H1.Z20,6year,all,WQ_in,rho,-0.01853,0.01853,404
H1.Z20,6year,all,PF2,WQ_in,-0.018443,0.018443,405
H1.Z20,6year,all,PF2,WQ_out,-0.015992,0.015992,406
H1.Z20,6year,all,PF2,WQ,0.015836,0.015836,407
H1.Z20,6year,all,W_in,Igm,-0.014873,0.014873,408
H1.Z20,6year,all,W_in,Igc,-0.014737,0.014737,409
H1.Z20,6year,all,PF,W_in,-0.014071,0.014071,410
H1.Z20,6year,all,PF2,W_out,-0.013816,0.013816,411
H1.Z20,6year,all,PF2,W,0.013792,0.013792,412
H1.Z20,6year,all,PF,WQ_in,-0.013041,0.013041,413
H1.Z20,6year,all,PF3,W_in,-0.012421,0.012421,414
H1.Z20,6year,all,WQ_in,Igm,-0.012277,0.012277,415
H1.Z20,6year,all,WQ_in,Igc,-0.012139,0.012139,416
H1.Z20,6year,all,PF3,WQ_in,-0.011403,0.011403,417
H1.Z20,6year,all,P,Dc,-0.010639,0.010639,418
H1.Z20,6year,all,P2,Dc,-0.010622,0.010622,419
H1.Z20,6year,all,P1,Dc,-0.010575,0.010575,420
H1.Z20,6year,all,I2,Dc,-0.010437,0.010437,421
H1.Z20,6year,all,I1,Dc,-0.010261,0.010261,422
H1.Z20,6year,all,P3,Dc,-0.010165,0.010165,423
H1.Z20,6year,all,I3,Dc,-0.010152,0.010152,424
H1.Z20,6year,all,PF,WQ_out,-0.010042,0.010042,425
H1.Z20,6year,all,PF,WQ,0.009851,0.009851,426
H1.Z20,6year,all,W_out,Igm,-0.009097,0.009097,427
H1.Z20,6year,all,W,Igm,0.009073,0.009073,428
H1.Z20,6year,all,W_in,Dc,0.008973,0.008973,429
H1.Z20,6year,all,W_out,Igc,-0.008956,0.008956,430
H1.Z20,6year,all,W,Igc,0.008932,0.008932,431
H1.Z20,6year,all,WQ_out,Igm,-0.008879,0.008879,432
H1.Z20,6year,all,WQ_out,Igc,-0.008739,0.008739,433
H1.Z20,6year,all,WQ,Igm,0.008663,0.008663,434
H1.Z20,6year,all,PF2,Dc,-0.008587,0.008587,435
H1.Z20,6year,all,WQ,Igc,0.008523,0.008523,436
H1.Z20,6year,all,PF3,WQ_out,-0.008504,0.008504,437
H1.Z20,6year,all,PF3,WQ,0.00832,0.00832,438
H1.Z20,6year,all,PF1,Dc,-0.008259,0.008259,439
H1.Z20,6year,all,WQ_in,Dc,0.007988,0.007988,440
H1.Z20,6year,all,PF,W_out,-0.007939,0.007939,441
H1.Z20,6year,all,WQ_out,Dc,0.007923,0.007923,442
H1.Z20,6year,all,WQ,Dc,-0.007918,0.007918,443
H1.Z20,6year,all,PF,W,0.007914,0.007914,444
H1.Z20,6year,all,PF3,Dc,-0.00785,0.00785,445
H1.Z20,6year,all,W_out,Dc,0.006999,0.006999,446
H1.Z20,6year,all,W,Dc,-0.00699,0.00699,447
H1.Z20,6year,all,f,Dc,-0.00679,0.00679,448
H1.Z20,6year,all,P2,W_in,-0.006512,0.006512,449
H1.Z20,6year,all,PF3,W_out,-0.006427,0.006427,450
H1.Z20,6year,all,PF3,W,0.006402,0.006402,451
H1.Z20,6year,all,I3,W,-0.006304,0.006304,452
H1.Z20,6year,all,I3,W_out,0.006279,0.006279,453
H1.Z20,6year,all,PF,Dc,-0.006174,0.006174,454
H1.Z20,6year,all,U3,Dc,0.006102,0.006102,455
H1.Z20,6year,all,P1,W_in,-0.0053,0.0053,456
H1.Z20,6year,all,P2,WQ_in,-0.005075,0.005075,457
H1.Z20,6year,all,P,W_in,-0.005039,0.005039,458
H1.Z20,6year,all,I3,WQ,-0.004959,0.004959,459
H1.Z20,6year,all,I3,WQ_out,0.004752,0.004752,460
H1.Z20,6year,all,I2,W_in,-0.004533,0.004533,461
H1.Z20,6year,all,P3,W,-0.003945,0.003945,462
H1.Z20,6year,all,P3,W_out,0.003919,0.003919,463
H1.Z20,6year,all,P1,WQ_in,-0.003836,0.003836,464
H1.Z20,6year,all,P,WQ_in,-0.003565,0.003565,465
H1.Z20,6year,all,I1,W_in,-0.003165,0.003165,466
H1.Z20,6year,all,I1,W,-0.003148,0.003148,467
H1.Z20,6year,all,I2,WQ_in,-0.003146,0.003146,468
H1.Z20,6year,all,I1,W_out,0.003122,0.003122,469
H1.Z20,6year,all,P3,WQ,-0.002539,0.002539,470
H1.Z20,6year,all,P3,WQ_out,0.002339,0.002339,471
H1.Z20,6year,all,P3,W_in,-0.002283,0.002283,472
H1.Z20,6year,all,U2,Dc,-0.002261,0.002261,473
H1.Z20,6year,all,P2,WQ_out,-0.001919,0.001919,474
H1.Z20,6year,all,I1,WQ,-0.001785,0.001785,475
H1.Z20,6year,all,I1,WQ_in,-0.001746,0.001746,476
H1.Z20,6year,all,P2,WQ,0.001719,0.001719,477
H1.Z20,6year,all,I2,W,-0.001662,0.001662,478
H1.Z20,6year,all,I2,W_out,0.001636,0.001636,479
H1.Z20,6year,all,I1,WQ_out,0.001575,0.001575,480
H1.Z20,6year,all,I3,WQ_in,0.001486,0.001486,481
H1.Z20,6year,all,P,W,-0.001195,0.001195,482
H1.Z20,6year,all,P,W_out,0.001169,0.001169,483
H1.Z20,6year,all,P1,W,-0.000959,0.000959,484
H1.Z20,6year,all,P1,W_out,0.000933,0.000933,485
H1.Z20,6year,all,P3,WQ_in,-0.000823,0.000823,486
H1.Z20,6year,all,P1,WQ_out,-0.00066,0.00066,487
H1.Z20,6year,all,P1,WQ,0.000459,0.000459,488
H1.Z20,6year,all,P,WQ_out,-0.000436,0.000436,489
H1.Z20,6year,all,P2,W_out,-0.000363,0.000363,490
H1.Z20,6year,all,U1,Dc,-0.000352,0.000352,491
H1.Z20,6year,all,P2,W,0.000337,0.000337,492
H1.Z20,6year,all,I2,WQ,-0.000319,0.000319,493
H1.Z20,6year,all,P,WQ,0.000238,0.000238,494
H1.Z20,6year,all,I3,W_in,0.000118,0.000118,495
H1.Z20,6year,all,I2,WQ_out,0.000112,0.000112,496
H2.T.Z33,6year,all,W,W_in,0.999208,0.999208,1
H2.T.Z33,6year,all,Igc,Igm,0.999125,0.999125,2
H2.T.Z33,6year,all,WQ,WQ_in,0.9983,0.9983,3
H2.T.Z33,6year,all,W,WQ_in,0.998193,0.998193,4
H2.T.Z33,6year,all,WQ_in,W_in,0.997663,0.997663,5
H2.T.Z33,6year,all,PF,PF2,0.996811,0.996811,6
H2.T.Z33,6year,all,PF,PF1,0.996606,0.996606,7
H2.T.Z33,6year,all,PF,PF3,0.996596,0.996596,8
H2.T.Z33,6year,all,W,WQ,0.995008,0.995008,9
H2.T.Z33,6year,all,P,P2,0.994269,0.994269,10
H2.T.Z33,6year,all,PF1,PF2,0.993556,0.993556,11
H2.T.Z33,6year,all,PF2,PF3,0.993156,0.993156,12
H2.T.Z33,6year,all,WQ,W_in,0.992401,0.992401,13
H2.T.Z33,6year,all,PF1,PF3,0.992102,0.992102,14
H2.T.Z33,6year,all,P,P1,0.990206,0.990206,15
H2.T.Z33,6year,all,P,P3,0.989983,0.989983,16
H2.T.Z33,6year,all,P2,P3,0.986405,0.986405,17
H2.T.Z33,6year,all,P1,P2,0.986053,0.986053,18
H2.T.Z33,6year,all,U1,U2,0.983084,0.983084,19
H2.T.Z33,6year,all,WQ_out,W_in,0.978452,0.978452,20
H2.T.Z33,6year,all,Ah,Dp,0.976628,0.976628,21
H2.T.Z33,6year,all,I2,I3,0.975654,0.975654,22
H2.T.Z33,6year,all,P1,P3,0.973727,0.973727,23
H2.T.Z33,6year,all,I1,I2,0.972139,0.972139,24
H2.T.Z33,6year,all,W,WQ_out,0.970746,0.970746,25
H2.T.Z33,6year,all,WQ_out,W_out,0.970603,0.970603,26
H2.T.Z33,6year,all,U1,U3,0.969571,0.969571,27
H2.T.Z33,6year,all,U2,U3,0.966741,0.966741,28
H2.T.Z33,6year,all,WQ_in,WQ_out,0.964558,0.964558,29
H2.T.Z33,6year,all,I1,I3,0.957793,0.957793,30
H2.T.Z33,6year,all,Ta,rho,-0.951922,0.951922,31
H2.T.Z33,6year,all,H,Ta,0.949278,0.949278,32
H2.T.Z33,6year,all,WQ,WQ_out,0.947541,0.947541,33
H2.T.Z33,6year,all,H,rho,-0.932181,0.932181,34
H2.T.Z33,6year,all,Dp,H,0.926718,0.926718,35
H2.T.Z33,6year,all,W_in,W_out,0.925868,0.925868,36
H2.T.Z33,6year,all,Ah,H,0.913166,0.913166,37
H2.T.Z33,6year,all,WQ_in,W_out,0.911014,0.911014,38
H2.T.Z33,6year,all,W,W_out,0.9101,0.9101,39
H2.T.Z33,6year,all,WQ,W_out,0.888116,0.888116,40
H2.T.Z33,6year,all,Dp,rho,-0.80795,0.80795,41
H2.T.Z33,6year,all,Dp,Ta,0.784378,0.784378,42
H2.T.Z33,6year,all,Ah,rho,-0.761871,0.761871,43
H2.T.Z33,6year,all,P,PF2,0.74246,0.74246,44
H2.T.Z33,6year,all,P1,PF2,0.742081,0.742081,45
H2.T.Z33,6year,all,P2,PF2,0.739721,0.739721,46
H2.T.Z33,6year,all,Ah,Ta,0.739406,0.739406,47
H2.T.Z33,6year,all,P3,PF2,0.738514,0.738514,48
H2.T.Z33,6year,all,P1,PF1,0.737387,0.737387,49
H2.T.Z33,6year,all,P,PF1,0.73368,0.73368,50
H2.T.Z33,6year,all,P1,PF,0.733286,0.733286,51
H2.T.Z33,6year,all,P,PF,0.732879,0.732879,52
H2.T.Z33,6year,all,P3,PF,0.730158,0.730158,53
H2.T.Z33,6year,all,P2,PF1,0.728547,0.728547,54
H2.T.Z33,6year,all,P2,PF,0.728421,0.728421,55
H2.T.Z33,6year,all,P3,PF1,0.727914,0.727914,56
H2.T.Z33,6year,all,P3,PF3,0.725054,0.725054,57
H2.T.Z33,6year,all,P,PF3,0.724443,0.724443,58
H2.T.Z33,6year,all,P1,PF3,0.722668,0.722668,59
H2.T.Z33,6year,all,P2,PF3,0.718835,0.718835,60
H2.T.Z33,6year,all,I3,Q,0.695747,0.695747,61
H2.T.Z33,6year,all,I1,Q,0.676571,0.676571,62
H2.T.Z33,6year,all,I2,Q,0.664667,0.664667,63
H2.T.Z33,6year,all,I1,P1,0.662666,0.662666,64
H2.T.Z33,6year,all,I1,P,0.6497,0.6497,65
H2.T.Z33,6year,all,I1,P2,0.64698,0.64698,66
H2.T.Z33,6year,all,I3,P3,0.63721,0.63721,67
H2.T.Z33,6year,all,I1,P3,0.631068,0.631068,68
H2.T.Z33,6year,all,I3,P,0.62545,0.62545,69
H2.T.Z33,6year,all,I3,P2,0.62446,0.62446,70
H2.T.Z33,6year,all,Igm,Ua,-0.623988,0.623988,71
H2.T.Z33,6year,all,WQ,f,0.621539,0.621539,72
H2.T.Z33,6year,all,Igc,Ua,-0.614971,0.614971,73
H2.T.Z33,6year,all,W,f,0.61445,0.61445,74
H2.T.Z33,6year,all,I2,P2,0.613818,0.613818,75
H2.T.Z33,6year,all,WQ_in,f,0.613416,0.613416,76
H2.T.Z33,6year,all,I3,P1,0.607788,0.607788,77
H2.T.Z33,6year,all,W_in,f,0.605117,0.605117,78
H2.T.Z33,6year,all,PF3,Igc,-0.604015,0.604015,79
H2.T.Z33,6year,all,I2,P,0.603736,0.603736,80
H2.T.Z33,6year,all,PF3,Igm,-0.603655,0.603655,81
H2.T.Z33,6year,all,PF,Igc,-0.595411,0.595411,82
H2.T.Z33,6year,all,I2,P1,0.595302,0.595302,83
H2.T.Z33,6year,all,PF,Igm,-0.595149,0.595149,84
H2.T.Z33,6year,all,I2,P3,0.594737,0.594737,85
H2.T.Z33,6year,all,PF1,Igc,-0.593721,0.593721,86
H2.T.Z33,6year,all,PF1,Igm,-0.593529,0.593529,87
H2.T.Z33,6year,all,PF2,Igc,-0.590243,0.590243,88
H2.T.Z33,6year,all,PF2,Igm,-0.589928,0.589928,89
H2.T.Z33,6year,all,Ta,Ua,-0.588175,0.588175,90
H2.T.Z33,6year,all,WQ_out,f,0.550339,0.550339,91
H2.T.Z33,6year,all,Igm,Ta,0.51477,0.51477,92
H2.T.Z33,6year,all,Igc,Ta,0.509324,0.509324,93
H2.T.Z33,6year,all,Ua,rho,0.481531,0.481531,94
H2.T.Z33,6year,all,Igm,rho,-0.434835,0.434835,95
H2.T.Z33,6year,all,P,Q,0.433745,0.433745,96
H2.T.Z33,6year,all,P3,Q,0.433613,0.433613,97
H2.T.Z33,6year,all,W_out,f,0.429988,0.429988,98
H2.T.Z33,6year,all,Igc,rho,-0.429845,0.429845,99
H2.T.Z33,6year,all,P2,Q,0.429734,0.429734,100
H2.T.Z33,6year,all,I1,U2,-0.427229,0.427229,101
H2.T.Z33,6year,all,P1,Q,0.426793,0.426793,102
H2.T.Z33,6year,all,I1,U1,-0.42601,0.42601,103
H2.T.Z33,6year,all,P2,U2,-0.418779,0.418779,104
H2.T.Z33,6year,all,P1,U2,-0.417315,0.417315,105
H2.T.Z33,6year,all,I2,U2,-0.416586,0.416586,106
H2.T.Z33,6year,all,f,Dp,0.415407,0.415407,107
H2.T.Z33,6year,all,Dc,Sc,0.412072,0.412072,108
H2.T.Z33,6year,all,P,U2,-0.411452,0.411452,109
H2.T.Z33,6year,all,f,H,0.401514,0.401514,110
H2.T.Z33,6year,all,P3,U2,-0.396487,0.396487,111
H2.T.Z33,6year,all,I2,U1,-0.396199,0.396199,112
H2.T.Z33,6year,all,f,Ah,0.394831,0.394831,113
H2.T.Z33,6year,all,I3,U2,-0.394755,0.394755,114
H2.T.Z33,6year,all,P1,U1,-0.379142,0.379142,115
H2.T.Z33,6year,all,I3,U1,-0.373499,0.373499,116
H2.T.Z33,6year,all,H,Igm,0.370593,0.370593,117
H2.T.Z33,6year,all,H,Igc,0.368034,0.368034,118
H2.T.Z33,6year,all,P2,U1,-0.364809,0.364809,119
H2.T.Z33,6year,all,f,Ta,0.3635,0.3635,120
H2.T.Z33,6year,all,P,U1,-0.36178,0.36178,121
H2.T.Z33,6year,all,I1,U3,-0.358901,0.358901,122
H2.T.Z33,6year,all,PF3,Ua,0.350183,0.350183,123
H2.T.Z33,6year,all,PF,Ua,0.344546,0.344546,124
H2.T.Z33,6year,all,PF1,Ua,0.344539,0.344539,125
H2.T.Z33,6year,all,I2,U3,-0.343786,0.343786,126
H2.T.Z33,6year,all,f,rho,-0.341153,0.341153,127
H2.T.Z33,6year,all,PF2,Ua,0.340216,0.340216,128
H2.T.Z33,6year,all,P3,U1,-0.340077,0.340077,129
H2.T.Z33,6year,all,I3,U3,-0.33754,0.33754,130
H2.T.Z33,6year,all,Q,Ta,0.332564,0.332564,131
H2.T.Z33,6year,all,H,Ua,-0.330479,0.330479,132
H2.T.Z33,6year,all,PF1,Ta,-0.323819,0.323819,133
H2.T.Z33,6year,all,PF,Ta,-0.31922,0.31922,134
H2.T.Z33,6year,all,Q,rho,-0.316626,0.316626,135
H2.T.Z33,6year,all,PF3,Ta,-0.315858,0.315858,136
H2.T.Z33,6year,all,PF2,Ta,-0.313633,0.313633,137
H2.T.Z33,6year,all,P3,Igc,-0.313565,0.313565,138
H2.T.Z33,6year,all,P3,Igm,-0.312247,0.312247,139
H2.T.Z33,6year,all,Q,H,0.302894,0.302894,140
H2.T.Z33,6year,all,P,Igc,-0.297457,0.297457,141
H2.T.Z33,6year,all,P,Igm,-0.296188,0.296188,142
H2.T.Z33,6year,all,Igm,Sc,0.295006,0.295006,143
H2.T.Z33,6year,all,Q,Igm,0.292428,0.292428,144
H2.T.Z33,6year,all,Igc,Sc,0.290909,0.290909,145
H2.T.Z33,6year,all,Q,Igc,0.290758,0.290758,146
H2.T.Z33,6year,all,P2,Igc,-0.290276,0.290276,147
H2.T.Z33,6year,all,P2,Igm,-0.288996,0.288996,148
H2.T.Z33,6year,all,Sc,Ua,-0.285992,0.285992,149
H2.T.Z33,6year,all,P1,Igc,-0.28515,0.28515,150
H2.T.Z33,6year,all,P1,Igm,-0.284043,0.284043,151
H2.T.Z33,6year,all,Q,U2,-0.282047,0.282047,152
H2.T.Z33,6year,all,Q,U3,-0.280673,0.280673,153
H2.T.Z33,6year,all,Q,U1,-0.276379,0.276379,154
H2.T.Z33,6year,all,PF1,rho,0.274449,0.274449,155
H2.T.Z33,6year,all,PF,rho,0.269346,0.269346,156
H2.T.Z33,6year,all,P1,WQ,-0.266348,0.266348,157
H2.T.Z33,6year,all,PF3,rho,0.265306,0.265306,158
H2.T.Z33,6year,all,PF2,rho,0.263743,0.263743,159
H2.T.Z33,6year,all,P1,WQ_in,-0.261218,0.261218,160
H2.T.Z33,6year,all,P1,U3,-0.257443,0.257443,161
H2.T.Z33,6year,all,PF1,H,-0.256786,0.256786,162
H2.T.Z33,6year,all,P1,W,-0.256538,0.256538,163
H2.T.Z33,6year,all,P1,W_in,-0.254415,0.254415,164
H2.T.Z33,6year,all,PF,H,-0.251329,0.251329,165
H2.T.Z33,6year,all,P1,f,-0.251146,0.251146,166
H2.T.Z33,6year,all,P,U3,-0.249267,0.249267,167
H2.T.Z33,6year,all,P2,U3,-0.249241,0.249241,168
H2.T.Z33,6year,all,Q,Ua,-0.246816,0.246816,169
H2.T.Z33,6year,all,PF2,H,-0.246367,0.246367,170
H2.T.Z33,6year,all,PF3,H,-0.245425,0.245425,171
H2.T.Z33,6year,all,P3,U3,-0.240785,0.240785,172
H2.T.Z33,6year,all,PF2,WQ,-0.236304,0.236304,173
H2.T.Z33,6year,all,PF1,WQ,-0.235645,0.235645,174
H2.T.Z33,6year,all,I2,Igm,0.235631,0.235631,175
H2.T.Z33,6year,all,U1,f,0.234196,0.234196,176
H2.T.Z33,6year,all,I2,Igc,0.234136,0.234136,177
H2.T.Z33,6year,all,PF2,WQ_in,-0.233278,0.233278,178
H2.T.Z33,6year,all,PF1,WQ_in,-0.232582,0.232582,179
H2.T.Z33,6year,all,PF2,W,-0.229698,0.229698,180
H2.T.Z33,6year,all,PF1,W,-0.229089,0.229089,181
H2.T.Z33,6year,all,PF2,W_in,-0.228869,0.228869,182
H2.T.Z33,6year,all,PF,WQ,-0.228394,0.228394,183
H2.T.Z33,6year,all,PF1,W_in,-0.228179,0.228179,184
H2.T.Z33,6year,all,P1,WQ_out,-0.226638,0.226638,185
H2.T.Z33,6year,all,PF,WQ_in,-0.225428,0.225428,186
H2.T.Z33,6year,all,PF1,f,-0.22404,0.22404,187
H2.T.Z33,6year,all,PF,W,-0.221991,0.221991,188
H2.T.Z33,6year,all,PF,W_in,-0.221112,0.221112,189
H2.T.Z33,6year,all,U2,f,0.219791,0.219791,190
H2.T.Z33,6year,all,Q,Dp,0.219304,0.219304,191
H2.T.Z33,6year,all,PF3,WQ,-0.218749,0.218749,192
H2.T.Z33,6year,all,PF2,f,-0.218743,0.218743,193
H2.T.Z33,6year,all,PF,f,-0.218445,0.218445,194
H2.T.Z33,6year,all,PF3,WQ_in,-0.216148,0.216148,195
H2.T.Z33,6year,all,Q,Ah,0.213484,0.213484,196
H2.T.Z33,6year,all,P,WQ,-0.213191,0.213191,197
H2.T.Z33,6year,all,PF3,W,-0.213062,0.213062,198
H2.T.Z33,6year,all,PF3,W_in,-0.212343,0.212343,199
H2.T.Z33,6year,all,P2,WQ,-0.211904,0.211904,200
H2.T.Z33,6year,all,PF2,WQ_out,-0.20952,0.20952,201
H2.T.Z33,6year,all,P1,W_out,-0.209317,0.209317,202
H2.T.Z33,6year,all,PF3,f,-0.209295,0.209295,203
H2.T.Z33,6year,all,PF1,WQ_out,-0.208695,0.208695,204
H2.T.Z33,6year,all,P,WQ_in,-0.208516,0.208516,205
H2.T.Z33,6year,all,I1,Igm,0.20771,0.20771,206
H2.T.Z33,6year,all,P2,WQ_in,-0.206658,0.206658,207
H2.T.Z33,6year,all,I1,Igc,0.206345,0.206345,208
H2.T.Z33,6year,all,P,W,-0.203409,0.203409,209
H2.T.Z33,6year,all,PF,WQ_out,-0.202297,0.202297,210
H2.T.Z33,6year,all,P,W_in,-0.201914,0.201914,211
H2.T.Z33,6year,all,P2,W,-0.20108,0.20108,212
H2.T.Z33,6year,all,P,f,-0.200142,0.200142,213
H2.T.Z33,6year,all,P2,W_in,-0.199451,0.199451,214
H2.T.Z33,6year,all,P2,f,-0.198928,0.198928,215
H2.T.Z33,6year,all,I3,Igm,0.195762,0.195762,216
H2.T.Z33,6year,all,PF3,WQ_out,-0.195065,0.195065,217
H2.T.Z33,6year,all,PF3,Sc,-0.19471,0.19471,218
H2.T.Z33,6year,all,I3,Igc,0.194238,0.194238,219
H2.T.Z33,6year,all,PF1,Sc,-0.191607,0.191607,220
H2.T.Z33,6year,all,PF,Sc,-0.190065,0.190065,221
H2.T.Z33,6year,all,PF2,W_out,-0.18989,0.18989,222
H2.T.Z33,6year,all,PF2,Sc,-0.189546,0.189546,223
H2.T.Z33,6year,all,PF1,W_out,-0.187961,0.187961,224
H2.T.Z33,6year,all,U1,WQ,0.185722,0.185722,225
H2.T.Z33,6year,all,I3,Ta,0.185171,0.185171,226
H2.T.Z33,6year,all,I1,WQ,-0.184952,0.184952,227
H2.T.Z33,6year,all,U1,W,0.184945,0.184945,228
H2.T.Z33,6year,all,U1,WQ_in,0.183,0.183,229
H2.T.Z33,6year,all,PF,W_out,-0.182396,0.182396,230
H2.T.Z33,6year,all,U1,W_in,0.18189,0.18189,231
H2.T.Z33,6year,all,I1,WQ_in,-0.181447,0.181447,232
H2.T.Z33,6year,all,I3,rho,-0.178899,0.178899,233
H2.T.Z33,6year,all,U3,f,0.178575,0.178575,234
H2.T.Z33,6year,all,P,WQ_out,-0.178232,0.178232,235
H2.T.Z33,6year,all,I1,W,-0.177902,0.177902,236
H2.T.Z33,6year,all,PF3,W_out,-0.177005,0.177005,237
H2.T.Z33,6year,all,I2,Ua,-0.176881,0.176881,238
H2.T.Z33,6year,all,I1,W_in,-0.176299,0.176299,239
H2.T.Z33,6year,all,U3,Igc,-0.174107,0.174107,240
H2.T.Z33,6year,all,P2,WQ_out,-0.173849,0.173849,241
H2.T.Z33,6year,all,P,W_out,-0.172894,0.172894,242
H2.T.Z33,6year,all,Sc,rho,-0.169745,0.169745,243
H2.T.Z33,6year,all,P2,W_out,-0.169429,0.169429,244
H2.T.Z33,6year,all,I2,Ta,0.169339,0.169339,245
H2.T.Z33,6year,all,U3,Igm,-0.168866,0.168866,246
H2.T.Z33,6year,all,Q,WQ,-0.167508,0.167508,247
H2.T.Z33,6year,all,Q,WQ_in,-0.166917,0.166917,248
H2.T.Z33,6year,all,Q,W_out,-0.165661,0.165661,249
H2.T.Z33,6year,all,Q,W_in,-0.163946,0.163946,250
H2.T.Z33,6year,all,Q,W,-0.163203,0.163203,251
H2.T.Z33,6year,all,U1,WQ_out,0.162962,0.162962,252
H2.T.Z33,6year,all,PF2,U2,-0.161433,0.161433,253
H2.T.Z33,6year,all,I2,rho,-0.159538,0.159538,254
H2.T.Z33,6year,all,I3,H,0.158797,0.158797,255
H2.T.Z33,6year,all,I1,WQ_out,-0.157601,0.157601,256
H2.T.Z33,6year,all,P3,WQ,-0.157365,0.157365,257
H2.T.Z33,6year,all,PF,U2,-0.15691,0.15691,258
H2.T.Z33,6year,all,Q,WQ_out,-0.156867,0.156867,259
H2.T.Z33,6year,all,PF1,U2,-0.155929,0.155929,260
H2.T.Z33,6year,all,P3,WQ_in,-0.153936,0.153936,261
H2.T.Z33,6year,all,I1,W_out,-0.152983,0.152983,262
H2.T.Z33,6year,all,Dp,Igc,0.152858,0.152858,263
H2.T.Z33,6year,all,I1,Ua,-0.152736,0.152736,264
H2.T.Z33,6year,all,U2,WQ,0.15195,0.15195,265
H2.T.Z33,6year,all,Dp,Igm,0.151816,0.151816,266
H2.T.Z33,6year,all,I1,f,-0.151644,0.151644,267
H2.T.Z33,6year,all,P3,f,-0.150008,0.150008,268
H2.T.Z33,6year,all,I3,Ua,-0.149897,0.149897,269
H2.T.Z33,6year,all,P3,W,-0.148825,0.148825,270
H2.T.Z33,6year,all,P3,W_in,-0.148278,0.148278,271
H2.T.Z33,6year,all,PF3,U2,-0.146876,0.146876,272
H2.T.Z33,6year,all,P3,Ua,0.146817,0.146817,273
H2.T.Z33,6year,all,U2,W,0.146736,0.146736,274
H2.T.Z33,6year,all,U2,WQ_in,0.146374,0.146374,275
H2.T.Z33,6year,all,PF1,Dp,-0.143792,0.143792,276
H2.T.Z33,6year,all,U2,W_in,0.142282,0.142282,277
H2.T.Z33,6year,all,P1,Ta,-0.141519,0.141519,278
H2.T.Z33,6year,all,P3,W_out,-0.139145,0.139145,279
H2.T.Z33,6year,all,PF,Dp,-0.137483,0.137483,280
H2.T.Z33,6year,all,P,Ua,0.13657,0.13657,281
H2.T.Z33,6year,all,PF2,Dp,-0.134048,0.134048,282
H2.T.Z33,6year,all,I2,Sc,0.133868,0.133868,283
H2.T.Z33,6year,all,P1,Ua,0.132913,0.132913,284
H2.T.Z33,6year,all,P3,WQ_out,-0.131622,0.131622,285
H2.T.Z33,6year,all,I2,H,0.131433,0.131433,286
H2.T.Z33,6year,all,U3,WQ,0.130372,0.130372,287
H2.T.Z33,6year,all,PF3,Dp,-0.128877,0.128877,288
H2.T.Z33,6year,all,PF1,Ah,-0.12877,0.12877,289
H2.T.Z33,6year,all,P2,Ua,0.128303,0.128303,290
H2.T.Z33,6year,all,U3,W,0.126742,0.126742,291
H2.T.Z33,6year,all,U3,WQ_in,0.125331,0.125331,292
H2.T.Z33,6year,all,Ah,Igc,0.124644,0.124644,293
H2.T.Z33,6year,all,Ah,Igm,0.122945,0.122945,294
H2.T.Z33,6year,all,PF,Ah,-0.122865,0.122865,295
H2.T.Z33,6year,all,U3,W_in,0.121789,0.121789,296
H2.T.Z33,6year,all,U1,W_out,0.121377,0.121377,297
H2.T.Z33,6year,all,PF2,Ah,-0.119504,0.119504,298
H2.T.Z33,6year,all,U1,Igc,-0.119118,0.119118,299
H2.T.Z33,6year,all,P1,H,-0.118637,0.118637,300
H2.T.Z33,6year,all,I1,Ta,0.117162,0.117162,301
H2.T.Z33,6year,all,Q,Sc,0.116732,0.116732,302
H2.T.Z33,6year,all,P,Ta,-0.116115,0.116115,303
H2.T.Z33,6year,all,U2,WQ_out,0.114973,0.114973,304
H2.T.Z33,6year,all,I1,Sc,0.114925,0.114925,305
H2.T.Z33,6year,all,I3,Sc,0.114903,0.114903,306
H2.T.Z33,6year,all,PF3,Ah,-0.114383,0.114383,307
H2.T.Z33,6year,all,U1,Igm,-0.114115,0.114115,308
H2.T.Z33,6year,all,P1,rho,0.113961,0.113961,309
H2.T.Z33,6year,all,PF2,U1,-0.112681,0.112681,310
H2.T.Z33,6year,all,P2,Ta,-0.110789,0.110789,311
H2.T.Z33,6year,all,PF1,U1,-0.10937,0.10937,312
H2.T.Z33,6year,all,Dc,rho,-0.10867,0.10867,313
H2.T.Z33,6year,all,PF,U1,-0.108322,0.108322,314
H2.T.Z33,6year,all,I3,Dp,0.108174,0.108174,315
H2.T.Z33,6year,all,I1,rho,-0.108019,0.108019,316
H2.T.Z33,6year,all,Sc,Ta,0.108,0.108,317
H2.T.Z33,6year,all,I1,PF2,0.105526,0.105526,318
H2.T.Z33,6year,all,Ah,Sc,-0.100471,0.100471,319
H2.T.Z33,6year,all,I3,Ah,0.097796,0.097796,320
H2.T.Z33,6year,all,U3,WQ_out,0.097316,0.097316,321
H2.T.Z33,6year,all,PF3,U1,-0.096344,0.096344,322
H2.T.Z33,6year,all,P3,Ta,-0.095524,0.095524,323
H2.T.Z33,6year,all,WQ,Dp,0.094648,0.094648,324
H2.T.Z33,6year,all,I2,WQ,-0.094526,0.094526,325
H2.T.Z33,6year,all,f,Igc,0.092102,0.092102,326
H2.T.Z33,6year,all,Dc,Dp,0.091373,0.091373,327
H2.T.Z33,6year,all,U1,Ta,0.090737,0.090737,328
H2.T.Z33,6year,all,f,Igm,0.090403,0.090403,329
H2.T.Z33,6year,all,I2,WQ_in,-0.090336,0.090336,330
H2.T.Z33,6year,all,U2,Ta,0.090184,0.090184,331
H2.T.Z33,6year,all,WQ,Ah,0.088697,0.088697,332
H2.T.Z33,6year,all,P,H,-0.088493,0.088493,333
H2.T.Z33,6year,all,P,rho,0.086906,0.086906,334
H2.T.Z33,6year,all,U1,H,0.086637,0.086637,335
H2.T.Z33,6year,all,P2,H,-0.085785,0.085785,336
H2.T.Z33,6year,all,I2,W,-0.085347,0.085347,337
H2.T.Z33,6year,all,Dc,Ta,0.085213,0.085213,338
H2.T.Z33,6year,all,I1,PF,0.085075,0.085075,339
H2.T.Z33,6year,all,WQ_in,Ua,0.08474,0.08474,340
H2.T.Z33,6year,all,I2,W_in,-0.084122,0.084122,341
H2.T.Z33,6year,all,I1,PF1,0.083693,0.083693,342
H2.T.Z33,6year,all,WQ_in,Dp,0.082613,0.082613,343
H2.T.Z33,6year,all,U1,rho,-0.082043,0.082043,344
H2.T.Z33,6year,all,W,Dp,0.08204,0.08204,345
H2.T.Z33,6year,all,P1,Dp,-0.082031,0.082031,346
H2.T.Z33,6year,all,P2,rho,0.081506,0.081506,347
H2.T.Z33,6year,all,W_out,Ah,0.081371,0.081371,348
H2.T.Z33,6year,all,I1,H,0.08107,0.08107,349
H2.T.Z33,6year,all,W_out,Dp,0.079967,0.079967,350
H2.T.Z33,6year,all,U2,H,0.079779,0.079779,351
H2.T.Z33,6year,all,I2,W_out,-0.079358,0.079358,352
H2.T.Z33,6year,all,Dc,H,0.078058,0.078058,353
H2.T.Z33,6year,all,W_in,Ua,0.07748,0.07748,354
H2.T.Z33,6year,all,U2,rho,-0.077297,0.077297,355
H2.T.Z33,6year,all,I3,Dc,0.07728,0.07728,356
H2.T.Z33,6year,all,I2,Dc,0.076709,0.076709,357
H2.T.Z33,6year,all,WQ_out,Dp,0.076236,0.076236,358
H2.T.Z33,6year,all,W,Ah,0.075987,0.075987,359
H2.T.Z33,6year,all,W_in,Dp,0.075167,0.075167,360
H2.T.Z33,6year,all,Q,Dc,0.074818,0.074818,361
H2.T.Z33,6year,all,WQ_in,Ah,0.074686,0.074686,362
H2.T.Z33,6year,all,U1,Dp,0.073795,0.073795,363
H2.T.Z33,6year,all,U2,Igc,-0.073621,0.073621,364
H2.T.Z33,6year,all,P1,Ah,-0.073051,0.073051,365
H2.T.Z33,6year,all,I2,f,-0.070402,0.070402,366
H2.T.Z33,6year,all,WQ_out,Ah,0.069512,0.069512,367
H2.T.Z33,6year,all,U1,Ah,0.06946,0.06946,368
H2.T.Z33,6year,all,U2,W_out,0.069442,0.069442,369
H2.T.Z33,6year,all,I1,PF3,0.069339,0.069339,370
H2.T.Z33,6year,all,I3,PF2,0.069183,0.069183,371
H2.T.Z33,6year,all,I2,Dp,0.069019,0.069019,372
H2.T.Z33,6year,all,U2,Igm,-0.068886,0.068886,373
H2.T.Z33,6year,all,Dp,Sc,-0.068645,0.068645,374
H2.T.Z33,6year,all,I1,Dc,0.068607,0.068607,375
H2.T.Z33,6year,all,WQ,Ua,0.068463,0.068463,376
H2.T.Z33,6year,all,W_in,Ah,0.067382,0.067382,377
H2.T.Z33,6year,all,I2,WQ_out,-0.067237,0.067237,378
H2.T.Z33,6year,all,WQ_out,Ua,0.066471,0.066471,379
H2.T.Z33,6year,all,U1,Sc,-0.066451,0.066451,380
H2.T.Z33,6year,all,P3,rho,0.064249,0.064249,381
H2.T.Z33,6year,all,Ah,Ua,0.062062,0.062062,382
H2.T.Z33,6year,all,P3,H,-0.061857,0.061857,383
H2.T.Z33,6year,all,U2,Ua,-0.061615,0.061615,384
H2.T.Z33,6year,all,WQ,H,0.060421,0.060421,385
H2.T.Z33,6year,all,U2,Dp,0.059728,0.059728,386
H2.T.Z33,6year,all,W,Ua,0.059662,0.059662,387
H2.T.Z33,6year,all,Ah,Dc,0.059082,0.059082,388
H2.T.Z33,6year,all,W_out,Ua,0.059062,0.059062,389
H2.T.Z33,6year,all,W_in,Sc,0.059047,0.059047,390
H2.T.Z33,6year,all,PF3,Q,-0.05894,0.05894,391
H2.T.Z33,6year,all,I2,Ah,0.058879,0.058879,392
H2.T.Z33,6year,all,WQ_out,Sc,0.058799,0.058799,393
H2.T.Z33,6year,all,I3,W_out,-0.058607,0.058607,394
H2.T.Z33,6year,all,U2,Sc,-0.056937,0.056937,395
H2.T.Z33,6year,all,U2,Ah,0.054845,0.054845,396
H2.T.Z33,6year,all,P3,Sc,-0.053895,0.053895,397
H2.T.Z33,6year,all,WQ_in,Sc,0.053726,0.053726,398
H2.T.Z33,6year,all,W_out,H,0.052846,0.052846,399
H2.T.Z33,6year,all,Dc,Igm,0.051427,0.051427,400
H2.T.Z33,6year,all,W,H,0.051404,0.051404,401
H2.T.Z33,6year,all,U3,Sc,-0.051169,0.051169,402
H2.T.Z33,6year,all,P,Sc,-0.049619,0.049619,403
H2.T.Z33,6year,all,PF,Q,-0.049582,0.049582,404
H2.T.Z33,6year,all,Dc,Igc,0.049296,0.049296,405
H2.T.Z33,6year,all,P1,Sc,-0.049168,0.049168,406
H2.T.Z33,6year,all,I3,PF,0.048115,0.048115,407
H2.T.Z33,6year,all,PF1,Q,-0.047361,0.047361,408
H2.T.Z33,6year,all,f,Ua,-0.047118,0.047118,409
H2.T.Z33,6year,all,P,Dp,-0.046422,0.046422,410
H2.T.Z33,6year,all,U1,Ua,-0.045937,0.045937,411
H2.T.Z33,6year,all,W,Sc,0.045882,0.045882,412
H2.T.Z33,6year,all,P2,Dp,-0.044986,0.044986,413
H2.T.Z33,6year,all,I3,WQ,-0.044548,0.044548,414
H2.T.Z33,6year,all,WQ_out,H,0.043177,0.043177,415
H2.T.Z33,6year,all,I3,PF1,0.042966,0.042966,416
H2.T.Z33,6year,all,U3,W_out,0.042777,0.042777,417
H2.T.Z33,6year,all,I3,WQ_in,-0.042725,0.042725,418
H2.T.Z33,6year,all,P2,Sc,-0.042572,0.042572,419
H2.T.Z33,6year,all,WQ_in,H,0.04218,0.04218,420
H2.T.Z33,6year,all,P2,Ah,-0.040772,0.040772,421
H2.T.Z33,6year,all,W_out,Sc,0.040453,0.040453,422
H2.T.Z33,6year,all,Dc,Ua,-0.040308,0.040308,423
H2.T.Z33,6year,all,P,Ah,-0.040152,0.040152,424
H2.T.Z33,6year,all,WQ_in,Igm,-0.038558,0.038558,425
H2.T.Z33,6year,all,WQ_in,Igc,-0.038422,0.038422,426
H2.T.Z33,6year,all,I3,W_in,-0.0384,0.0384,427
H2.T.Z33,6year,all,I3,W,-0.038164,0.038164,428
H2.T.Z33,6year,all,WQ,Sc,0.037726,0.037726,429
H2.T.Z33,6year,all,W_in,H,0.037667,0.037667,430
H2.T.Z33,6year,all,P3,Dc,0.03717,0.03717,431
H2.T.Z33,6year,all,I2,PF2,0.036616,0.036616,432
H2.T.Z33,6year,all,P2,Dc,0.036399,0.036399,433
H2.T.Z33,6year,all,W_in,Igm,-0.035163,0.035163,434
H2.T.Z33,6year,all,W_in,Igc,-0.035019,0.035019,435
H2.T.Z33,6year,all,I3,PF3,0.034627,0.034627,436
H2.T.Z33,6year,all,P,Dc,0.034464,0.034464,437
H2.T.Z33,6year,all,WQ,Ta,0.034277,0.034277,438
H2.T.Z33,6year,all,W_out,rho,-0.032767,0.032767,439
H2.T.Z33,6year,all,I3,WQ_out,-0.032401,0.032401,440
H2.T.Z33,6year,all,WQ_out,Igm,-0.030575,0.030575,441
H2.T.Z33,6year,all,WQ_out,Igc,-0.030414,0.030414,442
H2.T.Z33,6year,all,P1,Dc,0.029711,0.029711,443
H2.T.Z33,6year,all,PF2,Q,-0.029336,0.029336,444
H2.T.Z33,6year,all,W,Ta,0.028934,0.028934,445
H2.T.Z33,6year,all,f,Sc,-0.027791,0.027791,446
H2.T.Z33,6year,all,PF1,Dc,-0.027604,0.027604,447
H2.T.Z33,6year,all,W_out,Igm,-0.02733,0.02733,448
H2.T.Z33,6year,all,W_out,Igc,-0.027201,0.027201,449
H2.T.Z33,6year,all,U2,Dc,-0.027022,0.027022,450
H2.T.Z33,6year,all,PF3,Dc,-0.026786,0.026786,451
H2.T.Z33,6year,all,PF,Dc,-0.026155,0.026155,452
H2.T.Z33,6year,all,U1,Dc,-0.025819,0.025819,453
H2.T.Z33,6year,all,PF2,Dc,-0.025695,0.025695,454
H2.T.Z33,6year,all,W_out,Ta,0.025175,0.025175,455
H2.T.Z33,6year,all,Dp,Ua,0.025124,0.025124,456
H2.T.Z33,6year,all,WQ,rho,-0.024592,0.024592,457
H2.T.Z33,6year,all,WQ,Igm,-0.024391,0.024391,458
H2.T.Z33,6year,all,WQ,Igc,-0.024269,0.024269,459
H2.T.Z33,6year,all,W,Igm,-0.021009,0.021009,460
H2.T.Z33,6year,all,W,Igc,-0.020871,0.020871,461
H2.T.Z33,6year,all,H,Sc,0.020463,0.020463,462
H2.T.Z33,6year,all,U3,Ta,0.02015,0.02015,463
H2.T.Z33,6year,all,W,rho,-0.020116,0.020116,464
H2.T.Z33,6year,all,WQ_out,Ta,0.019921,0.019921,465
H2.T.Z33,6year,all,I1,Dp,0.019598,0.019598,466
H2.T.Z33,6year,all,I3,f,-0.017703,0.017703,467
H2.T.Z33,6year,all,WQ_out,rho,-0.01759,0.01759,468
H2.T.Z33,6year,all,U3,Dc,-0.01657,0.01657,469
H2.T.Z33,6year,all,I1,Ah,0.016504,0.016504,470
H2.T.Z33,6year,all,U3,rho,-0.015607,0.015607,471
H2.T.Z33,6year,all,I2,PF,0.01511,0.01511,472
H2.T.Z33,6year,all,U3,Ua,-0.015029,0.015029,473
H2.T.Z33,6year,all,WQ_in,Ta,0.01495,0.01495,474
H2.T.Z33,6year,all,f,Dc,0.014186,0.014186,475
H2.T.Z33,6year,all,U3,H,0.014024,0.014024,476
H2.T.Z33,6year,all,W_in,Ta,0.012939,0.012939,477
H2.T.Z33,6year,all,P3,Dp,-0.012342,0.012342,478
H2.T.Z33,6year,all,PF2,U3,-0.01233,0.01233,479
H2.T.Z33,6year,all,I2,PF1,0.012202,0.012202,480
H2.T.Z33,6year,all,W_out,Dc,-0.012135,0.012135,481
H2.T.Z33,6year,all,WQ_in,rho,-0.010066,0.010066,482
H2.T.Z33,6year,all,Q,f,-0.009942,0.009942,483
H2.T.Z33,6year,all,W_in,Dc,0.009514,0.009514,484
H2.T.Z33,6year,all,WQ_in,Dc,0.009352,0.009352,485
H2.T.Z33,6year,all,PF,U3,-0.009337,0.009337,486
H2.T.Z33,6year,all,U3,Dp,0.009193,0.009193,487
H2.T.Z33,6year,all,W_in,rho,-0.008662,0.008662,488
H2.T.Z33,6year,all,P3,Ah,-0.008627,0.008627,489
H2.T.Z33,6year,all,PF1,U3,-0.008247,0.008247,490
H2.T.Z33,6year,all,W,Dc,0.00656,0.00656,491
H2.T.Z33,6year,all,WQ,Dc,0.006436,0.006436,492
H2.T.Z33,6year,all,U3,Ah,0.004928,0.004928,493
H2.T.Z33,6year,all,WQ_out,Dc,0.004261,0.004261,494
H2.T.Z33,6year,all,PF3,U3,-0.001024,0.001024,495
H2.T.Z33,6year,all,I2,PF3,-0.000516,0.000516,496
H2.Z35,6year,all,W,W_in,0.999989,0.999989,1
H2.Z35,6year,all,WQ,WQ_in,0.999848,0.999848,2
H2.Z35,6year,all,PF,PF3,0.999394,0.999394,3
H2.Z35,6year,all,W,WQ,0.999324,0.999324,4
H2.Z35,6year,all,PF,PF1,0.999306,0.999306,5
H2.Z35,6year,all,W,WQ_in,0.999143,0.999143,6
H2.Z35,6year,all,WQ_in,W_in,0.99913,0.99913,7
H2.Z35,6year,all,Igc,Igm,0.999125,0.999125,8
H2.Z35,6year,all,PF,PF2,0.998935,0.998935,9
H2.Z35,6year,all,WQ,W_in,0.998405,0.998405,10
H2.Z35,6year,all,PF1,PF3,0.998315,0.998315,11
H2.Z35,6year,all,PF2,PF3,0.997894,0.997894,12
H2.Z35,6year,all,PF1,PF2,0.997455,0.997455,13
H2.Z35,6year,all,P,P2,0.997434,0.997434,14
H2.Z35,6year,all,P,P3,0.996801,0.996801,15
H2.Z35,6year,all,P,P1,0.996686,0.996686,16
H2.Z35,6year,all,U1,U2,0.993596,0.993596,17
H2.Z35,6year,all,P2,P3,0.992885,0.992885,18
H2.Z35,6year,all,P1,P2,0.992024,0.992024,19
H2.Z35,6year,all,P1,P3,0.990328,0.990328,20
H2.Z35,6year,all,I2,I3,0.990079,0.990079,21
H2.Z35,6year,all,I1,I2,0.98954,0.98954,22
H2.Z35,6year,all,WQ_out,W_in,0.989155,0.989155,23
H2.Z35,6year,all,W,WQ_out,0.988967,0.988967,24
H2.Z35,6year,all,I1,I3,0.987979,0.987979,25
H2.Z35,6year,all,WQ_in,WQ_out,0.984205,0.984205,26
H2.Z35,6year,all,U2,U3,0.98296,0.98296,27
H2.Z35,6year,all,U1,U3,0.982552,0.982552,28
H2.Z35,6year,all,WQ,WQ_out,0.980965,0.980965,29
H2.Z35,6year,all,Ah,Dp,0.976628,0.976628,30
H2.Z35,6year,all,Ta,rho,-0.951922,0.951922,31
H2.Z35,6year,all,H,Ta,0.949278,0.949278,32
H2.Z35,6year,all,H,rho,-0.932181,0.932181,33
H2.Z35,6year,all,Dp,H,0.926718,0.926718,34
H2.Z35,6year,all,Ah,H,0.913166,0.913166,35
H2.Z35,6year,all,I2,P2,0.896479,0.896479,36
H2.Z35,6year,all,I1,P1,0.896459,0.896459,37
H2.Z35,6year,all,I2,P,0.891944,0.891944,38
H2.Z35,6year,all,I2,P1,0.889691,0.889691,39
H2.Z35,6year,all,I3,P,0.889441,0.889441,40
H2.Z35,6year,all,I1,P,0.889293,0.889293,41
H2.Z35,6year,all,I3,P3,0.888691,0.888691,42
H2.Z35,6year,all,I3,P2,0.886631,0.886631,43
H2.Z35,6year,all,I3,P1,0.886188,0.886188,44
H2.Z35,6year,all,I1,P2,0.885729,0.885729,45
H2.Z35,6year,all,I2,P3,0.882633,0.882633,46
H2.Z35,6year,all,I3,Q,0.878935,0.878935,47
H2.Z35,6year,all,I1,P3,0.878347,0.878347,48
H2.Z35,6year,all,I1,Q,0.869094,0.869094,49
H2.Z35,6year,all,I2,Q,0.864068,0.864068,50
H2.Z35,6year,all,Dp,rho,-0.80795,0.80795,51
H2.Z35,6year,all,Dp,Ta,0.784378,0.784378,52
H2.Z35,6year,all,Ah,rho,-0.761871,0.761871,53
H2.Z35,6year,all,Ah,Ta,0.739406,0.739406,54
H2.Z35,6year,all,f,H,0.72135,0.72135,55
H2.Z35,6year,all,P,Q,0.706326,0.706326,56
H2.Z35,6year,all,P2,Q,0.705677,0.705677,57
H2.Z35,6year,all,P1,Q,0.705518,0.705518,58
H2.Z35,6year,all,P3,Q,0.702193,0.702193,59
H2.Z35,6year,all,f,Ta,0.682427,0.682427,60
H2.Z35,6year,all,f,Dp,0.677821,0.677821,61
H2.Z35,6year,all,f,Ah,0.659016,0.659016,62
H2.Z35,6year,all,f,rho,-0.6494,0.6494,63
H2.Z35,6year,all,Igm,Ua,-0.623988,0.623988,64
H2.Z35,6year,all,Igc,Ua,-0.614971,0.614971,65
H2.Z35,6year,all,Ta,Ua,-0.588175,0.588175,66
H2.Z35,6year,all,P3,PF2,0.558483,0.558483,67
H2.Z35,6year,all,P,PF2,0.549978,0.549978,68
H2.Z35,6year,all,P2,PF2,0.546585,0.546585,69
H2.Z35,6year,all,P3,PF,0.544447,0.544447,70
H2.Z35,6year,all,P3,PF1,0.543027,0.543027,71
H2.Z35,6year,all,P1,PF2,0.541662,0.541662,72
H2.Z35,6year,all,P3,PF3,0.541655,0.541655,73
H2.Z35,6year,all,P,PF,0.53595,0.53595,74
H2.Z35,6year,all,P,PF1,0.534879,0.534879,75
H2.Z35,6year,all,P,PF3,0.532803,0.532803,76
H2.Z35,6year,all,P2,PF,0.532308,0.532308,77
H2.Z35,6year,all,P2,PF1,0.531064,0.531064,78
H2.Z35,6year,all,P2,PF3,0.529091,0.529091,79
H2.Z35,6year,all,P1,PF,0.527984,0.527984,80
H2.Z35,6year,all,P1,PF1,0.52742,0.52742,81
H2.Z35,6year,all,P1,PF3,0.524596,0.524596,82
H2.Z35,6year,all,Igm,Ta,0.51477,0.51477,83
H2.Z35,6year,all,Igc,Ta,0.509324,0.509324,84
H2.Z35,6year,all,WQ_out,W_out,0.488981,0.488981,85
H2.Z35,6year,all,Ua,rho,0.481531,0.481531,86
H2.Z35,6year,all,W_in,W_out,0.480353,0.480353,87
H2.Z35,6year,all,WQ_in,W_out,0.477169,0.477169,88
H2.Z35,6year,all,WQ,W_out,0.475021,0.475021,89
H2.Z35,6year,all,W,W_out,0.47312,0.47312,90
H2.Z35,6year,all,W_out,f,0.472936,0.472936,91
H2.Z35,6year,all,W_in,f,0.454025,0.454025,92
H2.Z35,6year,all,W,f,0.452906,0.452906,93
H2.Z35,6year,all,WQ,f,0.451866,0.451866,94
H2.Z35,6year,all,WQ_in,f,0.450759,0.450759,95
H2.Z35,6year,all,Q,Igm,0.440355,0.440355,96
H2.Z35,6year,all,Q,Igc,0.439916,0.439916,97
H2.Z35,6year,all,Igm,rho,-0.434835,0.434835,98
H2.Z35,6year,all,WQ_out,f,0.43172,0.43172,99
H2.Z35,6year,all,Igc,rho,-0.429845,0.429845,100
H2.Z35,6year,all,I2,U2,-0.418411,0.418411,101
H2.Z35,6year,all,PF3,W_out,-0.418038,0.418038,102
H2.Z35,6year,all,I3,U2,-0.415499,0.415499,103
H2.Z35,6year,all,PF1,W_out,-0.414929,0.414929,104
H2.Z35,6year,all,PF,W_out,-0.414608,0.414608,105
H2.Z35,6year,all,PF2,W_out,-0.413926,0.413926,106
H2.Z35,6year,all,I1,U2,-0.4135,0.4135,107
H2.Z35,6year,all,Dc,Sc,0.412072,0.412072,108
H2.Z35,6year,all,P3,W_out,-0.41143,0.41143,109
H2.Z35,6year,all,P1,W_out,-0.408477,0.408477,110
H2.Z35,6year,all,P,W_out,-0.407924,0.407924,111
H2.Z35,6year,all,I2,U1,-0.407,0.407,112
H2.Z35,6year,all,I1,U1,-0.406097,0.406097,113
H2.Z35,6year,all,I3,U1,-0.405754,0.405754,114
H2.Z35,6year,all,P2,W_out,-0.402258,0.402258,115
H2.Z35,6year,all,Q,U1,-0.397932,0.397932,116
H2.Z35,6year,all,Q,U2,-0.396525,0.396525,117
H2.Z35,6year,all,H,Igm,0.370593,0.370593,118
H2.Z35,6year,all,W_out,H,0.369036,0.369036,119
H2.Z35,6year,all,H,Igc,0.368034,0.368034,120
H2.Z35,6year,all,P2,U2,-0.357999,0.357999,121
H2.Z35,6year,all,I3,U3,-0.357226,0.357226,122
H2.Z35,6year,all,Q,U3,-0.356921,0.356921,123
H2.Z35,6year,all,P,U2,-0.355288,0.355288,124
H2.Z35,6year,all,I2,U3,-0.353112,0.353112,125
H2.Z35,6year,all,P1,U2,-0.353095,0.353095,126
H2.Z35,6year,all,P3,U2,-0.352469,0.352469,127
H2.Z35,6year,all,I1,U3,-0.352355,0.352355,128
H2.Z35,6year,all,W_out,Ta,0.347824,0.347824,129
H2.Z35,6year,all,P2,U1,-0.340537,0.340537,130
H2.Z35,6year,all,P,U1,-0.338877,0.338877,131
H2.Z35,6year,all,P1,U1,-0.338218,0.338218,132
H2.Z35,6year,all,P3,U1,-0.335572,0.335572,133
H2.Z35,6year,all,W_out,Ah,0.33084,0.33084,134
H2.Z35,6year,all,H,Ua,-0.330479,0.330479,135
H2.Z35,6year,all,PF1,Igc,-0.330085,0.330085,136
H2.Z35,6year,all,PF1,Igm,-0.329802,0.329802,137
H2.Z35,6year,all,PF,Igc,-0.327113,0.327113,138
H2.Z35,6year,all,PF3,Igc,-0.327087,0.327087,139
H2.Z35,6year,all,PF3,Igm,-0.327004,0.327004,140
H2.Z35,6year,all,PF,Igm,-0.326919,0.326919,141
H2.Z35,6year,all,W_out,rho,-0.325291,0.325291,142
H2.Z35,6year,all,W_out,Dp,0.325201,0.325201,143
H2.Z35,6year,all,PF2,Igc,-0.319386,0.319386,144
H2.Z35,6year,all,PF2,Igm,-0.319183,0.319183,145
H2.Z35,6year,all,I3,Igc,0.312528,0.312528,146
H2.Z35,6year,all,I3,Igm,0.312455,0.312455,147
H2.Z35,6year,all,I1,Igm,0.304026,0.304026,148
H2.Z35,6year,all,I1,Igc,0.303777,0.303777,149
H2.Z35,6year,all,P1,WQ_out,-0.303618,0.303618,150
H2.Z35,6year,all,I2,Igm,0.300507,0.300507,151
H2.Z35,6year,all,I2,Igc,0.300479,0.300479,152
H2.Z35,6year,all,P1,W_in,-0.298389,0.298389,153
H2.Z35,6year,all,P1,W,-0.296985,0.296985,154
H2.Z35,6year,all,P2,WQ_out,-0.295246,0.295246,155
H2.Z35,6year,all,Igm,Sc,0.295006,0.295006,156
H2.Z35,6year,all,P1,WQ_in,-0.293265,0.293265,157
H2.Z35,6year,all,P1,WQ,-0.291743,0.291743,158
H2.Z35,6year,all,Q,Ta,0.291605,0.291605,159
H2.Z35,6year,all,Igc,Sc,0.290909,0.290909,160
H2.Z35,6year,all,P2,W_in,-0.288742,0.288742,161
H2.Z35,6year,all,P2,U3,-0.288097,0.288097,162
H2.Z35,6year,all,P,U3,-0.287946,0.287946,163
H2.Z35,6year,all,P3,U3,-0.287439,0.287439,164
H2.Z35,6year,all,P2,W,-0.287353,0.287353,165
H2.Z35,6year,all,P,WQ_out,-0.286838,0.286838,166
H2.Z35,6year,all,P1,U3,-0.286372,0.286372,167
H2.Z35,6year,all,Sc,Ua,-0.285992,0.285992,168
H2.Z35,6year,all,P2,WQ_in,-0.284456,0.284456,169
H2.Z35,6year,all,I2,W_out,-0.284053,0.284053,170
H2.Z35,6year,all,P2,WQ,-0.282906,0.282906,171
H2.Z35,6year,all,I3,W_out,-0.28241,0.28241,172
H2.Z35,6year,all,Q,Ua,-0.282134,0.282134,173
H2.Z35,6year,all,I1,W_out,-0.281781,0.281781,174
H2.Z35,6year,all,P,W_in,-0.279849,0.279849,175
H2.Z35,6year,all,P,W,-0.278412,0.278412,176
H2.Z35,6year,all,Q,rho,-0.275748,0.275748,177
H2.Z35,6year,all,P,WQ_in,-0.274916,0.274916,178
H2.Z35,6year,all,P,WQ,-0.27327,0.27327,179
H2.Z35,6year,all,P2,f,-0.261969,0.261969,180
H2.Z35,6year,all,P1,f,-0.259746,0.259746,181
H2.Z35,6year,all,P3,WQ_out,-0.258926,0.258926,182
H2.Z35,6year,all,P,f,-0.250477,0.250477,183
H2.Z35,6year,all,P3,W_in,-0.249431,0.249431,184
H2.Z35,6year,all,P3,W,-0.247918,0.247918,185
H2.Z35,6year,all,PF1,WQ_out,-0.245074,0.245074,186
H2.Z35,6year,all,P3,WQ_in,-0.244046,0.244046,187
H2.Z35,6year,all,PF2,WQ_out,-0.243455,0.243455,188
H2.Z35,6year,all,PF,WQ_out,-0.243329,0.243329,189
H2.Z35,6year,all,PF3,WQ_out,-0.24325,0.24325,190
H2.Z35,6year,all,Q,H,0.242414,0.242414,191
H2.Z35,6year,all,P3,WQ,-0.242162,0.242162,192
H2.Z35,6year,all,I1,WQ_out,-0.239251,0.239251,193
H2.Z35,6year,all,I1,W_in,-0.238435,0.238435,194
H2.Z35,6year,all,PF1,Ta,-0.23808,0.23808,195
H2.Z35,6year,all,PF3,Ta,-0.237776,0.237776,196
H2.Z35,6year,all,I1,W,-0.237557,0.237557,197
H2.Z35,6year,all,PF,Ta,-0.235883,0.235883,198
H2.Z35,6year,all,I2,WQ_out,-0.235823,0.235823,199
H2.Z35,6year,all,I1,WQ_in,-0.235253,0.235253,200
H2.Z35,6year,all,I1,WQ,-0.234457,0.234457,201
H2.Z35,6year,all,I2,W_in,-0.234228,0.234228,202
H2.Z35,6year,all,I2,W,-0.233345,0.233345,203
H2.Z35,6year,all,I2,WQ_in,-0.232025,0.232025,204
H2.Z35,6year,all,PF1,W_in,-0.231472,0.231472,205
H2.Z35,6year,all,I2,WQ,-0.231254,0.231254,206
H2.Z35,6year,all,PF1,W,-0.229739,0.229739,207
H2.Z35,6year,all,PF,W_in,-0.229355,0.229355,208
H2.Z35,6year,all,PF2,W_in,-0.229347,0.229347,209
H2.Z35,6year,all,PF2,Ta,-0.229024,0.229024,210
H2.Z35,6year,all,PF3,W_in,-0.228866,0.228866,211
H2.Z35,6year,all,P3,f,-0.227635,0.227635,212
H2.Z35,6year,all,PF,W,-0.22762,0.22762,213
H2.Z35,6year,all,PF2,W,-0.227614,0.227614,214
H2.Z35,6year,all,f,Ua,-0.227477,0.227477,215
H2.Z35,6year,all,PF3,W,-0.227113,0.227113,216
H2.Z35,6year,all,PF1,f,-0.226124,0.226124,217
H2.Z35,6year,all,PF1,WQ_in,-0.2255,0.2255,218
H2.Z35,6year,all,PF3,f,-0.223875,0.223875,219
H2.Z35,6year,all,PF,f,-0.223549,0.223549,220
H2.Z35,6year,all,PF2,WQ_in,-0.223423,0.223423,221
H2.Z35,6year,all,PF,WQ_in,-0.223403,0.223403,222
H2.Z35,6year,all,PF1,WQ,-0.223185,0.223185,223
H2.Z35,6year,all,PF3,WQ_in,-0.22289,0.22289,224
H2.Z35,6year,all,PF2,f,-0.221515,0.221515,225
H2.Z35,6year,all,PF2,WQ,-0.221066,0.221066,226
H2.Z35,6year,all,PF,WQ,-0.221056,0.221056,227
H2.Z35,6year,all,PF3,WQ,-0.220501,0.220501,228
H2.Z35,6year,all,PF1,rho,0.212798,0.212798,229
H2.Z35,6year,all,PF3,rho,0.212726,0.212726,230
H2.Z35,6year,all,PF,rho,0.21083,0.21083,231
H2.Z35,6year,all,Q,Sc,0.205986,0.205986,232
H2.Z35,6year,all,U3,Igc,-0.205401,0.205401,233
H2.Z35,6year,all,I2,f,-0.205073,0.205073,234
H2.Z35,6year,all,PF2,rho,0.204242,0.204242,235
H2.Z35,6year,all,PF1,H,-0.204138,0.204138,236
H2.Z35,6year,all,PF3,H,-0.203446,0.203446,237
H2.Z35,6year,all,PF,H,-0.201977,0.201977,238
H2.Z35,6year,all,PF3,Ua,0.201325,0.201325,239
H2.Z35,6year,all,PF1,Ua,0.200404,0.200404,240
H2.Z35,6year,all,U3,Igm,-0.199402,0.199402,241
H2.Z35,6year,all,PF,Ua,0.19901,0.19901,242
H2.Z35,6year,all,PF2,H,-0.195944,0.195944,243
H2.Z35,6year,all,I1,f,-0.195724,0.195724,244
H2.Z35,6year,all,PF2,Ua,0.192907,0.192907,245
H2.Z35,6year,all,f,Igc,0.190275,0.190275,246
H2.Z35,6year,all,f,Igm,0.189683,0.189683,247
H2.Z35,6year,all,I3,WQ_out,-0.187623,0.187623,248
H2.Z35,6year,all,U2,f,0.183844,0.183844,249
H2.Z35,6year,all,I3,W_in,-0.183065,0.183065,250
H2.Z35,6year,all,I3,W,-0.182093,0.182093,251
H2.Z35,6year,all,I3,WQ_in,-0.179756,0.179756,252
H2.Z35,6year,all,I3,WQ,-0.178674,0.178674,253
H2.Z35,6year,all,I3,Ua,-0.177227,0.177227,254
H2.Z35,6year,all,U1,Igc,-0.17293,0.17293,255
H2.Z35,6year,all,I2,Ua,-0.17176,0.17176,256
H2.Z35,6year,all,I1,Ua,-0.171695,0.171695,257
H2.Z35,6year,all,I1,Sc,0.17064,0.17064,258
H2.Z35,6year,all,I2,Sc,0.170568,0.170568,259
H2.Z35,6year,all,U1,f,0.169794,0.169794,260
H2.Z35,6year,all,Sc,rho,-0.169745,0.169745,261
H2.Z35,6year,all,U2,Igc,-0.167081,0.167081,262
H2.Z35,6year,all,U1,Igm,-0.166972,0.166972,263
H2.Z35,6year,all,I3,Sc,0.166951,0.166951,264
H2.Z35,6year,all,U2,Igm,-0.161295,0.161295,265
H2.Z35,6year,all,I3,f,-0.158418,0.158418,266
H2.Z35,6year,all,I2,PF2,0.155751,0.155751,267
H2.Z35,6year,all,Dp,Igc,0.152858,0.152858,268
H2.Z35,6year,all,Dp,Igm,0.151816,0.151816,269
H2.Z35,6year,all,I3,PF2,0.151697,0.151697,270
H2.Z35,6year,all,I1,PF2,0.14858,0.14858,271
H2.Z35,6year,all,W_out,Ua,-0.144385,0.144385,272
H2.Z35,6year,all,I2,PF,0.138651,0.138651,273
H2.Z35,6year,all,Q,Dp,0.138126,0.138126,274
H2.Z35,6year,all,I2,PF1,0.137198,0.137198,275
H2.Z35,6year,all,WQ_in,Dp,0.136966,0.136966,276
H2.Z35,6year,all,U2,WQ_out,0.136434,0.136434,277
H2.Z35,6year,all,U2,W_in,0.135787,0.135787,278
H2.Z35,6year,all,U2,W,0.135655,0.135655,279
H2.Z35,6year,all,W_in,Dp,0.134933,0.134933,280
H2.Z35,6year,all,I2,PF3,0.134384,0.134384,281
H2.Z35,6year,all,I3,PF,0.133989,0.133989,282
H2.Z35,6year,all,PF1,Dp,-0.13375,0.13375,283
H2.Z35,6year,all,W_in,H,0.133283,0.133283,284
H2.Z35,6year,all,W_in,Ta,0.133109,0.133109,285
H2.Z35,6year,all,U2,WQ_in,0.133009,0.133009,286
H2.Z35,6year,all,Q,Ah,0.132565,0.132565,287
H2.Z35,6year,all,U1,WQ_out,0.13255,0.13255,288
H2.Z35,6year,all,U2,WQ,0.132443,0.132443,289
H2.Z35,6year,all,I3,PF1,0.132411,0.132411,290
H2.Z35,6year,all,PF3,Dp,-0.131998,0.131998,291
H2.Z35,6year,all,WQ_in,H,0.131763,0.131763,292
H2.Z35,6year,all,PF,Dp,-0.131644,0.131644,293
H2.Z35,6year,all,U1,W_in,0.131436,0.131436,294
H2.Z35,6year,all,U1,W,0.13138,0.13138,295
H2.Z35,6year,all,I1,PF,0.131353,0.131353,296
H2.Z35,6year,all,I1,PF1,0.129789,0.129789,297
H2.Z35,6year,all,I3,PF3,0.129363,0.129363,298
H2.Z35,6year,all,WQ_in,Ta,0.12915,0.12915,299
H2.Z35,6year,all,U1,WQ_in,0.127956,0.127956,300
H2.Z35,6year,all,PF2,Dp,-0.127639,0.127639,301
H2.Z35,6year,all,U1,WQ,0.127284,0.127284,302
H2.Z35,6year,all,I1,PF3,0.126985,0.126985,303
H2.Z35,6year,all,Ah,Igc,0.124644,0.124644,304
H2.Z35,6year,all,Ah,Igm,0.122945,0.122945,305
H2.Z35,6year,all,PF1,Ah,-0.122264,0.122264,306
H2.Z35,6year,all,PF3,Ah,-0.120953,0.120953,307
H2.Z35,6year,all,PF,Ah,-0.120395,0.120395,308
H2.Z35,6year,all,WQ_in,Ah,0.119014,0.119014,309
H2.Z35,6year,all,PF1,Sc,-0.117535,0.117535,310
H2.Z35,6year,all,PF3,Sc,-0.117521,0.117521,311
H2.Z35,6year,all,W_in,Ah,0.116991,0.116991,312
H2.Z35,6year,all,PF,Sc,-0.116707,0.116707,313
H2.Z35,6year,all,U3,f,0.11664,0.11664,314
H2.Z35,6year,all,P2,Igm,0.116583,0.116583,315
H2.Z35,6year,all,PF2,Ah,-0.116467,0.116467,316
H2.Z35,6year,all,P2,Igc,0.116398,0.116398,317
H2.Z35,6year,all,U3,W_in,0.116378,0.116378,318
H2.Z35,6year,all,U3,W,0.116317,0.116317,319
H2.Z35,6year,all,P3,Igm,0.116221,0.116221,320
H2.Z35,6year,all,P3,Igc,0.116219,0.116219,321
H2.Z35,6year,all,I3,Ta,0.116189,0.116189,322
H2.Z35,6year,all,f,Sc,-0.116081,0.116081,323
H2.Z35,6year,all,P,Igm,0.116024,0.116024,324
H2.Z35,6year,all,P,Igc,0.115819,0.115819,325
H2.Z35,6year,all,U3,WQ,0.115716,0.115716,326
H2.Z35,6year,all,U3,WQ_in,0.115565,0.115565,327
H2.Z35,6year,all,P1,Igm,0.114494,0.114494,328
H2.Z35,6year,all,WQ_out,Ta,0.114396,0.114396,329
H2.Z35,6year,all,P1,Igc,0.11408,0.11408,330
H2.Z35,6year,all,PF3,Q,-0.114024,0.114024,331
H2.Z35,6year,all,I3,rho,-0.113562,0.113562,332
H2.Z35,6year,all,PF2,Sc,-0.112989,0.112989,333
H2.Z35,6year,all,U3,WQ_out,0.112025,0.112025,334
H2.Z35,6year,all,PF1,Q,-0.109162,0.109162,335
H2.Z35,6year,all,Dc,rho,-0.10867,0.10867,336
H2.Z35,6year,all,WQ_out,H,0.108139,0.108139,337
H2.Z35,6year,all,Sc,Ta,0.108,0.108,338
H2.Z35,6year,all,PF,Q,-0.10753,0.10753,339
H2.Z35,6year,all,W_in,rho,-0.10448,0.10448,340
H2.Z35,6year,all,WQ_out,Dp,0.101938,0.101938,341
H2.Z35,6year,all,WQ_in,rho,-0.100711,0.100711,342
H2.Z35,6year,all,Ah,Sc,-0.100471,0.100471,343
H2.Z35,6year,all,P2,Sc,0.093495,0.093495,344
H2.Z35,6year,all,P1,Sc,0.093249,0.093249,345
H2.Z35,6year,all,I1,Ta,0.092294,0.092294,346
H2.Z35,6year,all,U2,Sc,-0.092139,0.092139,347
H2.Z35,6year,all,P,Sc,0.091481,0.091481,348
H2.Z35,6year,all,Dc,Dp,0.091373,0.091373,349
H2.Z35,6year,all,I1,rho,-0.091122,0.091122,350
H2.Z35,6year,all,WQ_out,rho,-0.090494,0.090494,351
H2.Z35,6year,all,U1,Sc,-0.088046,0.088046,352
H2.Z35,6year,all,PF2,Q,-0.087831,0.087831,353
H2.Z35,6year,all,P3,Sc,0.087008,0.087008,354
H2.Z35,6year,all,Q,Dc,0.08692,0.08692,355
H2.Z35,6year,all,WQ_out,Ah,0.086545,0.086545,356
H2.Z35,6year,all,W_out,Igc,0.085666,0.085666,357
H2.Z35,6year,all,W_out,Igm,0.085573,0.085573,358
H2.Z35,6year,all,Dc,Ta,0.085213,0.085213,359
H2.Z35,6year,all,Q,WQ_out,-0.084153,0.084153,360
H2.Z35,6year,all,Q,W,-0.081438,0.081438,361
H2.Z35,6year,all,Q,W_in,-0.081322,0.081322,362
H2.Z35,6year,all,P2,Dp,-0.080626,0.080626,363
H2.Z35,6year,all,Q,WQ_in,-0.080508,0.080508,364
H2.Z35,6year,all,I2,Ta,0.080032,0.080032,365
H2.Z35,6year,all,Q,WQ,-0.080011,0.080011,366
H2.Z35,6year,all,I2,rho,-0.079404,0.079404,367
H2.Z35,6year,all,U2,W_out,0.078361,0.078361,368
H2.Z35,6year,all,Dc,H,0.078058,0.078058,369
H2.Z35,6year,all,P2,Ah,-0.07691,0.07691,370
H2.Z35,6year,all,WQ,Dp,0.076657,0.076657,371
H2.Z35,6year,all,U2,Ta,0.07545,0.07545,372
H2.Z35,6year,all,W,Dp,0.07433,0.07433,373
H2.Z35,6year,all,I3,H,0.074295,0.074295,374
H2.Z35,6year,all,P1,Dp,-0.073971,0.073971,375
H2.Z35,6year,all,U2,H,0.070321,0.070321,376
H2.Z35,6year,all,I3,Dc,0.070256,0.070256,377
H2.Z35,6year,all,U1,Ta,0.070056,0.070056,378
H2.Z35,6year,all,U2,rho,-0.069934,0.069934,379
H2.Z35,6year,all,P,Dp,-0.068993,0.068993,380
H2.Z35,6year,all,P2,Ua,-0.068871,0.068871,381
H2.Z35,6year,all,Dp,Sc,-0.068645,0.068645,382
H2.Z35,6year,all,P1,Ah,-0.068571,0.068571,383
H2.Z35,6year,all,WQ,Ah,0.068318,0.068318,384
H2.Z35,6year,all,I1,Dc,0.067184,0.067184,385
H2.Z35,6year,all,P,Ua,-0.066291,0.066291,386
H2.Z35,6year,all,W,Ah,0.066015,0.066015,387
H2.Z35,6year,all,WQ,Ua,0.065195,0.065195,388
H2.Z35,6year,all,P,Ah,-0.065022,0.065022,389
H2.Z35,6year,all,P1,Ua,-0.065011,0.065011,390
H2.Z35,6year,all,I2,Dc,0.064489,0.064489,391
H2.Z35,6year,all,P3,Ua,-0.064443,0.064443,392
H2.Z35,6year,all,U1,rho,-0.062973,0.062973,393
H2.Z35,6year,all,U3,Sc,-0.062828,0.062828,394
H2.Z35,6year,all,Ah,Ua,0.062062,0.062062,395
H2.Z35,6year,all,U1,H,0.061467,0.061467,396
H2.Z35,6year,all,W,Ua,0.059498,0.059498,397
H2.Z35,6year,all,Ah,Dc,0.059082,0.059082,398
H2.Z35,6year,all,U1,W_out,0.059036,0.059036,399
H2.Z35,6year,all,U2,Dp,0.058273,0.058273,400
H2.Z35,6year,all,U3,W_out,0.053496,0.053496,401
H2.Z35,6year,all,U2,Ah,0.052779,0.052779,402
H2.Z35,6year,all,Dc,Igm,0.051427,0.051427,403
H2.Z35,6year,all,P3,Dp,-0.051145,0.051145,404
H2.Z35,6year,all,WQ_out,Ua,-0.050196,0.050196,405
H2.Z35,6year,all,P2,H,-0.049521,0.049521,406
H2.Z35,6year,all,Dc,Igc,0.049296,0.049296,407
H2.Z35,6year,all,I1,H,0.049108,0.049108,408
H2.Z35,6year,all,P3,Ah,-0.048487,0.048487,409
H2.Z35,6year,all,WQ_out,Igc,0.048334,0.048334,410
H2.Z35,6year,all,WQ_out,Igm,0.048302,0.048302,411
H2.Z35,6year,all,U1,Dp,0.046617,0.046617,412
H2.Z35,6year,all,U1,Ua,-0.043586,0.043586,413
H2.Z35,6year,all,WQ,H,0.043541,0.043541,414
H2.Z35,6year,all,W,H,0.04335,0.04335,415
H2.Z35,6year,all,W_out,Sc,-0.04291,0.04291,416
H2.Z35,6year,all,W_in,Igc,0.042403,0.042403,417
H2.Z35,6year,all,W_in,Igm,0.042373,0.042373,418
H2.Z35,6year,all,P1,H,-0.042148,0.042148,419
H2.Z35,6year,all,U1,Ah,0.040717,0.040717,420
H2.Z35,6year,all,P3,Dc,0.040517,0.040517,421
H2.Z35,6year,all,PF1,Dc,-0.040503,0.040503,422
H2.Z35,6year,all,Dc,Ua,-0.040308,0.040308,423
H2.Z35,6year,all,PF,Dc,-0.039915,0.039915,424
H2.Z35,6year,all,PF3,Dc,-0.039857,0.039857,425
H2.Z35,6year,all,WQ_out,Sc,0.03922,0.03922,426
H2.Z35,6year,all,P,Dc,0.038688,0.038688,427
H2.Z35,6year,all,P,H,-0.038666,0.038666,428
H2.Z35,6year,all,P1,Dc,0.038589,0.038589,429
H2.Z35,6year,all,PF2,Dc,-0.038504,0.038504,430
H2.Z35,6year,all,U2,Ua,-0.036709,0.036709,431
H2.Z35,6year,all,P2,Dc,0.036624,0.036624,432
H2.Z35,6year,all,W_in,Ua,-0.036254,0.036254,433
H2.Z35,6year,all,WQ_in,Igc,0.035085,0.035085,434
H2.Z35,6year,all,I2,Ah,-0.035082,0.035082,435
H2.Z35,6year,all,WQ_in,Igm,0.035057,0.035057,436
H2.Z35,6year,all,WQ_in,Dc,0.034756,0.034756,437
H2.Z35,6year,all,I2,H,0.034743,0.034743,438
H2.Z35,6year,all,U2,Dc,-0.034279,0.034279,439
H2.Z35,6year,all,W_in,Dc,0.034052,0.034052,440
H2.Z35,6year,all,I2,Dp,-0.033952,0.033952,441
H2.Z35,6year,all,W_out,Dc,-0.032159,0.032159,442
H2.Z35,6year,all,WQ_out,Dc,0.031193,0.031193,443
H2.Z35,6year,all,U1,Dc,-0.02919,0.02919,444
H2.Z35,6year,all,W,Sc,0.026762,0.026762,445
H2.Z35,6year,all,WQ_in,Ua,-0.026654,0.026654,446
H2.Z35,6year,all,PF2,U2,-0.025615,0.025615,447
H2.Z35,6year,all,Dp,Ua,0.025124,0.025124,448
H2.Z35,6year,all,U3,Dc,-0.025023,0.025023,449
H2.Z35,6year,all,WQ,Sc,0.024526,0.024526,450
H2.Z35,6year,all,P2,Ta,-0.024266,0.024266,451
H2.Z35,6year,all,W,Ta,0.024054,0.024054,452
H2.Z35,6year,all,P3,H,-0.023469,0.023469,453
H2.Z35,6year,all,WQ,Ta,0.022624,0.022624,454
H2.Z35,6year,all,W_in,Sc,0.021615,0.021615,455
H2.Z35,6year,all,I1,Dp,-0.021402,0.021402,456
H2.Z35,6year,all,I1,Ah,-0.021242,0.021242,457
H2.Z35,6year,all,WQ,Igm,-0.020538,0.020538,458
H2.Z35,6year,all,H,Sc,0.020463,0.020463,459
H2.Z35,6year,all,WQ,Igc,-0.020441,0.020441,460
H2.Z35,6year,all,P1,Ta,-0.019266,0.019266,461
H2.Z35,6year,all,WQ_in,Sc,0.018467,0.018467,462
H2.Z35,6year,all,PF,U2,-0.017107,0.017107,463
H2.Z35,6year,all,PF3,U2,-0.016983,0.016983,464
H2.Z35,6year,all,W,Igm,-0.016358,0.016358,465
H2.Z35,6year,all,W,Igc,-0.016261,0.016261,466
H2.Z35,6year,all,PF1,U3,0.016156,0.016156,467
H2.Z35,6year,all,P,Ta,-0.015677,0.015677,468
H2.Z35,6year,all,PF1,U2,-0.01541,0.01541,469
H2.Z35,6year,all,PF3,U3,0.014984,0.014984,470
H2.Z35,6year,all,PF,U3,0.014647,0.014647,471
H2.Z35,6year,all,P2,rho,0.014443,0.014443,472
H2.Z35,6year,all,U3,Ta,0.012319,0.012319,473
H2.Z35,6year,all,U3,Ua,-0.011711,0.011711,474
H2.Z35,6year,all,U3,rho,-0.010879,0.010879,475
H2.Z35,6year,all,P1,rho,0.009258,0.009258,476
H2.Z35,6year,all,f,Dc,0.009024,0.009024,477
H2.Z35,6year,all,WQ,Dc,0.0089,0.0089,478
H2.Z35,6year,all,W,Dc,0.008697,0.008697,479
H2.Z35,6year,all,Q,W_out,0.007359,0.007359,480
H2.Z35,6year,all,W,rho,-0.006856,0.006856,481
H2.Z35,6year,all,PF2,U3,0.006587,0.006587,482
H2.Z35,6year,all,P3,rho,-0.006152,0.006152,483
H2.Z35,6year,all,P,rho,0.006032,0.006032,484
H2.Z35,6year,all,PF2,U1,-0.005687,0.005687,485
H2.Z35,6year,all,I3,Dp,0.005589,0.005589,486
H2.Z35,6year,all,Q,f,-0.00552,0.00552,487
H2.Z35,6year,all,WQ,rho,-0.005425,0.005425,488
H2.Z35,6year,all,U3,Ah,-0.005376,0.005376,489
H2.Z35,6year,all,U3,H,0.00486,0.00486,490
H2.Z35,6year,all,PF1,U1,0.004845,0.004845,491
H2.Z35,6year,all,PF3,U1,0.003211,0.003211,492
H2.Z35,6year,all,PF,U1,0.00294,0.00294,493
H2.Z35,6year,all,P3,Ta,-0.002881,0.002881,494
H2.Z35,6year,all,I3,Ah,0.002862,0.002862,495
H2.Z35,6year,all,U3,Dp,-7e-06,7e-06,496
H2.ZE64,6year,all,W,W_in,1.0,1.0,1
H2.ZE64,6year,all,W,W1,0.999998,0.999998,2
H2.ZE64,6year,all,W,W2,0.999998,0.999998,3
H2.ZE64,6year,all,W1,W_in,0.999998,0.999998,4
H2.ZE64,6year,all,W2,W_in,0.999998,0.999998,5
H2.ZE64,6year,all,W,W3,0.999997,0.999997,6
H2.ZE64,6year,all,W3,W_in,0.999997,0.999997,7
H2.ZE64,6year,all,W1,W2,0.999995,0.999995,8
H2.ZE64,6year,all,W1,W3,0.999992,0.999992,9
H2.ZE64,6year,all,W2,W3,0.999992,0.999992,10
H2.ZE64,6year,all,P,P3,0.999583,0.999583,11
H2.ZE64,6year,all,I1,I3,0.999521,0.999521,12
H2.ZE64,6year,all,P1,P3,0.999207,0.999207,13
H2.ZE64,6year,all,Igc,Igm,0.999072,0.999072,14
H2.ZE64,6year,all,P,P1,0.998654,0.998654,15
H2.ZE64,6year,all,I2,I3,0.998352,0.998352,16
H2.ZE64,6year,all,I1,I2,0.998029,0.998029,17
H2.ZE64,6year,all,P,P2,0.997178,0.997178,18
H2.ZE64,6year,all,PF,PF3,0.995614,0.995614,19
H2.ZE64,6year,all,P2,P3,0.99493,0.99493,20
H2.ZE64,6year,all,P1,P2,0.992121,0.992121,21
H2.ZE64,6year,all,I2,P2,0.990669,0.990669,22
H2.ZE64,6year,all,I3,P2,0.989965,0.989965,23
H2.ZE64,6year,all,I1,P2,0.989875,0.989875,24
H2.ZE64,6year,all,U1,U3,0.989458,0.989458,25
H2.ZE64,6year,all,I3,P,0.987886,0.987886,26
H2.ZE64,6year,all,I1,P,0.9877,0.9877,27
H2.ZE64,6year,all,PF1,PF3,0.987656,0.987656,28
H2.ZE64,6year,all,U1,U2,0.987509,0.987509,29
H2.ZE64,6year,all,I2,P,0.986086,0.986086,30
H2.ZE64,6year,all,I3,P3,0.985964,0.985964,31
H2.ZE64,6year,all,PF,PF2,0.985569,0.985569,32
H2.ZE64,6year,all,I1,P3,0.985299,0.985299,33
H2.ZE64,6year,all,I1,P1,0.983477,0.983477,34
H2.ZE64,6year,all,I2,P3,0.983343,0.983343,35
H2.ZE64,6year,all,I3,P1,0.983273,0.983273,36
H2.ZE64,6year,all,PF,PF1,0.983189,0.983189,37
H2.ZE64,6year,all,U2,U3,0.981372,0.981372,38
H2.ZE64,6year,all,I2,P1,0.979839,0.979839,39
H2.ZE64,6year,all,PF2,PF3,0.976927,0.976927,40
H2.ZE64,6year,all,Ah,Dp,0.976894,0.976894,41
H2.ZE64,6year,all,Ta,rho,-0.951787,0.951787,42
H2.ZE64,6year,all,PF1,PF2,0.942794,0.942794,43
H2.ZE64,6year,all,H,Ta,0.941005,0.941005,44
H2.ZE64,6year,all,I1,PF2,0.940761,0.940761,45
H2.ZE64,6year,all,I3,PF2,0.938549,0.938549,46
H2.ZE64,6year,all,P2,PF2,0.936125,0.936125,47
H2.ZE64,6year,all,P,PF2,0.93578,0.93578,48
H2.ZE64,6year,all,I2,PF2,0.935415,0.935415,49
H2.ZE64,6year,all,P1,PF2,0.933776,0.933776,50
H2.ZE64,6year,all,P3,PF2,0.933208,0.933208,51
H2.ZE64,6year,all,H,rho,-0.927676,0.927676,52
H2.ZE64,6year,all,Dp,H,0.923394,0.923394,53
H2.ZE64,6year,all,I1,PF,0.921765,0.921765,54
H2.ZE64,6year,all,P1,PF,0.92088,0.92088,55
H2.ZE64,6year,all,I3,PF,0.920156,0.920156,56
H2.ZE64,6year,all,P,PF,0.918547,0.918547,57
H2.ZE64,6year,all,P3,PF,0.918433,0.918433,58
H2.ZE64,6year,all,P1,PF3,0.912262,0.912262,59
H2.ZE64,6year,all,P2,PF,0.912064,0.912064,60
H2.ZE64,6year,all,I1,PF3,0.911679,0.911679,61
H2.ZE64,6year,all,I3,PF3,0.910517,0.910517,62
H2.ZE64,6year,all,P3,PF3,0.910486,0.910486,63
H2.ZE64,6year,all,P,PF3,0.909649,0.909649,64
H2.ZE64,6year,all,I2,PF,0.908294,0.908294,65
H2.ZE64,6year,all,P2,PF3,0.90195,0.90195,66
H2.ZE64,6year,all,I2,PF3,0.89767,0.89767,67
H2.ZE64,6year,all,Ah,H,0.897297,0.897297,68
H2.ZE64,6year,all,P1,PF1,0.884201,0.884201,69
H2.ZE64,6year,all,I1,PF1,0.879181,0.879181,70
H2.ZE64,6year,all,P3,PF1,0.879043,0.879043,71
H2.ZE64,6year,all,I3,PF1,0.877253,0.877253,72
H2.ZE64,6year,all,P,PF1,0.876867,0.876867,73
H2.ZE64,6year,all,P2,PF1,0.863167,0.863167,74
H2.ZE64,6year,all,I2,PF1,0.856649,0.856649,75
H2.ZE64,6year,all,Dp,rho,-0.790641,0.790641,76
H2.ZE64,6year,all,Dp,Ta,0.760394,0.760394,77
H2.ZE64,6year,all,Ah,rho,-0.726799,0.726799,78
H2.ZE64,6year,all,W2,W_out,0.701856,0.701856,79
H2.ZE64,6year,all,W,W_out,0.700567,0.700567,80
H2.ZE64,6year,all,W_in,W_out,0.700567,0.700567,81
H2.ZE64,6year,all,W3,W_out,0.700401,0.700401,82
H2.ZE64,6year,all,W1,W_out,0.699433,0.699433,83
H2.ZE64,6year,all,Ah,Ta,0.695738,0.695738,84
H2.ZE64,6year,all,I2,W2,0.643564,0.643564,85
H2.ZE64,6year,all,I2,W1,0.643272,0.643272,86
H2.ZE64,6year,all,I2,W,0.642751,0.642751,87
H2.ZE64,6year,all,I2,W_in,0.642751,0.642751,88
H2.ZE64,6year,all,Ta,Ua,-0.642099,0.642099,89
H2.ZE64,6year,all,I2,W3,0.641468,0.641468,90
H2.ZE64,6year,all,I3,W2,0.640484,0.640484,91
H2.ZE64,6year,all,I3,W1,0.640195,0.640195,92
H2.ZE64,6year,all,I3,W,0.639677,0.639677,93
H2.ZE64,6year,all,I3,W_in,0.639677,0.639677,94
H2.ZE64,6year,all,I3,W3,0.638402,0.638402,95
H2.ZE64,6year,all,I1,W2,0.63415,0.63415,96
H2.ZE64,6year,all,I1,W1,0.633842,0.633842,97
H2.ZE64,6year,all,I1,W,0.633334,0.633334,98
H2.ZE64,6year,all,I1,W_in,0.633334,0.633334,99
H2.ZE64,6year,all,I1,W3,0.63206,0.63206,100
H2.ZE64,6year,all,P2,W2,0.623754,0.623754,101
H2.ZE64,6year,all,P2,W1,0.623432,0.623432,102
H2.ZE64,6year,all,Igm,Ua,-0.623259,0.623259,103
H2.ZE64,6year,all,P2,W,0.622928,0.622928,104
H2.ZE64,6year,all,P2,W_in,0.622928,0.622928,105
H2.ZE64,6year,all,P2,W3,0.621648,0.621648,106
H2.ZE64,6year,all,P,W2,0.614973,0.614973,107
H2.ZE64,6year,all,P,W1,0.614646,0.614646,108
H2.ZE64,6year,all,Igc,Ua,-0.614352,0.614352,109
H2.ZE64,6year,all,P3,W2,0.6143,0.6143,110
H2.ZE64,6year,all,P,W,0.614143,0.614143,111
H2.ZE64,6year,all,P,W_in,0.614143,0.614143,112
H2.ZE64,6year,all,P3,W1,0.61398,0.61398,113
H2.ZE64,6year,all,P3,W,0.613473,0.613473,114
H2.ZE64,6year,all,P3,W_in,0.613473,0.613473,115
H2.ZE64,6year,all,P,W3,0.612861,0.612861,116
H2.ZE64,6year,all,P3,W3,0.61219,0.61219,117
H2.ZE64,6year,all,P1,W2,0.604177,0.604177,118
H2.ZE64,6year,all,P1,W1,0.603838,0.603838,119
H2.ZE64,6year,all,P1,W,0.603343,0.603343,120
H2.ZE64,6year,all,P1,W_in,0.603343,0.603343,121
H2.ZE64,6year,all,P1,W3,0.602065,0.602065,122
H2.ZE64,6year,all,PF2,W2,0.54042,0.54042,123
H2.ZE64,6year,all,PF2,W1,0.539635,0.539635,124
H2.ZE64,6year,all,PF2,W,0.539419,0.539419,125
H2.ZE64,6year,all,PF2,W_in,0.539419,0.539419,126
H2.ZE64,6year,all,PF2,W3,0.538246,0.538246,127
H2.ZE64,6year,all,Ua,rho,0.535171,0.535171,128
H2.ZE64,6year,all,PF,W2,0.521106,0.521106,129
H2.ZE64,6year,all,PF,W1,0.520366,0.520366,130
H2.ZE64,6year,all,PF,W,0.520142,0.520142,131
H2.ZE64,6year,all,PF,W_in,0.520142,0.520142,132
H2.ZE64,6year,all,PF,W3,0.518999,0.518999,133
H2.ZE64,6year,all,PF3,W2,0.513566,0.513566,134
H2.ZE64,6year,all,PF3,W1,0.512851,0.512851,135
H2.ZE64,6year,all,PF3,W,0.512613,0.512613,136
H2.ZE64,6year,all,PF3,W_in,0.512613,0.512613,137
H2.ZE64,6year,all,PF3,W3,0.511466,0.511466,138
H2.ZE64,6year,all,Igm,Ta,0.510688,0.510688,139
H2.ZE64,6year,all,Igc,Ta,0.50494,0.50494,140
H2.ZE64,6year,all,PF1,W2,0.480293,0.480293,141
H2.ZE64,6year,all,PF1,W1,0.479637,0.479637,142
H2.ZE64,6year,all,PF1,W,0.479404,0.479404,143
H2.ZE64,6year,all,PF1,W_in,0.479404,0.479404,144
H2.ZE64,6year,all,PF1,W3,0.478323,0.478323,145
H2.ZE64,6year,all,Igm,rho,-0.4282,0.4282,146
H2.ZE64,6year,all,Igc,rho,-0.422816,0.422816,147
H2.ZE64,6year,all,Dc,Sc,0.40882,0.40882,148
H2.ZE64,6year,all,H,Ua,-0.368031,0.368031,149
H2.ZE64,6year,all,H,Igm,0.358892,0.358892,150
H2.ZE64,6year,all,H,Igc,0.35605,0.35605,151
H2.ZE64,6year,all,Igm,Sc,0.297721,0.297721,152
H2.ZE64,6year,all,Igc,Sc,0.293527,0.293527,153
H2.ZE64,6year,all,Sc,Ua,-0.267491,0.267491,154
H2.ZE64,6year,all,W_out,Ta,0.263257,0.263257,155
H2.ZE64,6year,all,W_out,rho,-0.252885,0.252885,156
H2.ZE64,6year,all,W1,Ua,0.247776,0.247776,157
H2.ZE64,6year,all,W,Ua,0.247346,0.247346,158
H2.ZE64,6year,all,W_in,Ua,0.247346,0.247346,159
H2.ZE64,6year,all,W3,Ua,0.247194,0.247194,160
H2.ZE64,6year,all,W2,Ua,0.247076,0.247076,161
H2.ZE64,6year,all,W_out,H,0.241645,0.241645,162
H2.ZE64,6year,all,U3,Igc,-0.215132,0.215132,163
H2.ZE64,6year,all,U3,Igm,-0.208766,0.208766,164
H2.ZE64,6year,all,W_out,Ua,-0.205787,0.205787,165
H2.ZE64,6year,all,Sc,rho,-0.187064,0.187064,166
H2.ZE64,6year,all,W_out,Dp,0.185963,0.185963,167
H2.ZE64,6year,all,I3,Ua,0.177031,0.177031,168
H2.ZE64,6year,all,I2,Ua,0.174804,0.174804,169
H2.ZE64,6year,all,P3,Ua,0.173548,0.173548,170
H2.ZE64,6year,all,I1,Ua,0.168538,0.168538,171
H2.ZE64,6year,all,P,Ua,0.167618,0.167618,172
H2.ZE64,6year,all,P2,Ua,0.164535,0.164535,173
H2.ZE64,6year,all,P1,Ua,0.163914,0.163914,174
H2.ZE64,6year,all,U1,Igc,-0.16266,0.16266,175
H2.ZE64,6year,all,W_out,Ah,0.162145,0.162145,176
H2.ZE64,6year,all,W_out,Igc,0.157442,0.157442,177
H2.ZE64,6year,all,W_out,Igm,0.157022,0.157022,178
H2.ZE64,6year,all,U1,Igm,-0.1562,0.1562,179
H2.ZE64,6year,all,U2,W1,-0.156171,0.156171,180
H2.ZE64,6year,all,U2,W3,-0.156142,0.156142,181
H2.ZE64,6year,all,U2,W,-0.156108,0.156108,182
H2.ZE64,6year,all,U2,W_in,-0.156108,0.156108,183
H2.ZE64,6year,all,U2,W2,-0.156011,0.156011,184
H2.ZE64,6year,all,W1,Igm,-0.141983,0.141983,185
H2.ZE64,6year,all,W1,Igc,-0.141813,0.141813,186
H2.ZE64,6year,all,W,Igm,-0.141618,0.141618,187
H2.ZE64,6year,all,W_in,Igm,-0.141618,0.141618,188
H2.ZE64,6year,all,W3,Igm,-0.141505,0.141505,189
H2.ZE64,6year,all,W,Igc,-0.141447,0.141447,190
H2.ZE64,6year,all,W_in,Igc,-0.141447,0.141447,191
H2.ZE64,6year,all,W2,Igm,-0.141372,0.141372,192
H2.ZE64,6year,all,W3,Igc,-0.141334,0.141334,193
H2.ZE64,6year,all,W2,Igc,-0.141202,0.141202,194
H2.ZE64,6year,all,PF,U2,-0.139663,0.139663,195
H2.ZE64,6year,all,Dp,Igc,0.133894,0.133894,196
H2.ZE64,6year,all,Dp,Igm,0.132931,0.132931,197
H2.ZE64,6year,all,PF3,Ah,0.132368,0.132368,198
H2.ZE64,6year,all,PF3,Ua,0.132356,0.132356,199
H2.ZE64,6year,all,PF2,Ah,0.130967,0.130967,200
H2.ZE64,6year,all,PF1,U2,-0.130235,0.130235,201
H2.ZE64,6year,all,W1,Ta,-0.130214,0.130214,202
H2.ZE64,6year,all,W3,Ta,-0.129813,0.129813,203
H2.ZE64,6year,all,W,Ta,-0.129627,0.129627,204
H2.ZE64,6year,all,W_in,Ta,-0.129627,0.129627,205
H2.ZE64,6year,all,W2,Ta,-0.128851,0.128851,206
H2.ZE64,6year,all,PF,Ah,0.128364,0.128364,207
H2.ZE64,6year,all,PF2,U2,-0.126321,0.126321,208
H2.ZE64,6year,all,Sc,Ta,0.121497,0.121497,209
H2.ZE64,6year,all,PF2,Dp,0.121463,0.121463,210
H2.ZE64,6year,all,PF3,Dp,0.121133,0.121133,211
H2.ZE64,6year,all,PF1,Ua,0.121015,0.121015,212
H2.ZE64,6year,all,I3,U2,-0.117654,0.117654,213
H2.ZE64,6year,all,PF,Dp,0.117039,0.117039,214
H2.ZE64,6year,all,PF3,U2,-0.115342,0.115342,215
H2.ZE64,6year,all,I1,U2,-0.114979,0.114979,216
H2.ZE64,6year,all,PF1,Ah,0.114766,0.114766,217
H2.ZE64,6year,all,PF,Ua,0.110068,0.110068,218
H2.ZE64,6year,all,I2,U2,-0.109907,0.109907,219
H2.ZE64,6year,all,U2,Ta,0.109886,0.109886,220
H2.ZE64,6year,all,U2,Igc,-0.107678,0.107678,221
H2.ZE64,6year,all,U2,Ua,-0.107304,0.107304,222
H2.ZE64,6year,all,PF2,Ua,0.105395,0.105395,223
H2.ZE64,6year,all,I3,Igc,-0.102641,0.102641,224
H2.ZE64,6year,all,I3,Igm,-0.102599,0.102599,225
H2.ZE64,6year,all,P3,Igc,-0.102442,0.102442,226
H2.ZE64,6year,all,Dc,rho,-0.102088,0.102088,227
H2.ZE64,6year,all,I2,W_out,0.101978,0.101978,228
H2.ZE64,6year,all,PF1,Dp,0.101825,0.101825,229
H2.ZE64,6year,all,P3,Igm,-0.101755,0.101755,230
H2.ZE64,6year,all,U2,Igm,-0.101383,0.101383,231
H2.ZE64,6year,all,P1,U2,-0.09916,0.09916,232
H2.ZE64,6year,all,I2,Igm,-0.098202,0.098202,233
H2.ZE64,6year,all,I2,Igc,-0.098196,0.098196,234
H2.ZE64,6year,all,PF,U1,-0.097783,0.097783,235
H2.ZE64,6year,all,P3,U2,-0.09775,0.09775,236
H2.ZE64,6year,all,P,U2,-0.097531,0.097531,237
H2.ZE64,6year,all,PF,U3,-0.095784,0.095784,238
H2.ZE64,6year,all,P2,U2,-0.095208,0.095208,239
H2.ZE64,6year,all,Ah,Igc,0.093816,0.093816,240
H2.ZE64,6year,all,P,Igc,-0.09377,0.09377,241
H2.ZE64,6year,all,P,Igm,-0.093102,0.093102,242
H2.ZE64,6year,all,Ah,Igm,0.092195,0.092195,243
H2.ZE64,6year,all,Ah,Sc,-0.090316,0.090316,244
H2.ZE64,6year,all,I1,Igc,-0.08998,0.08998,245
H2.ZE64,6year,all,I1,Igm,-0.08997,0.08997,246
H2.ZE64,6year,all,P2,Igc,-0.089331,0.089331,247
H2.ZE64,6year,all,W1,Sc,0.089261,0.089261,248
H2.ZE64,6year,all,W,Sc,0.089102,0.089102,249
H2.ZE64,6year,all,W_in,Sc,0.089102,0.089102,250
H2.ZE64,6year,all,W3,Sc,0.0891,0.0891,251
H2.ZE64,6year,all,P1,Igc,-0.088972,0.088972,252
H2.ZE64,6year,all,W2,Sc,0.088947,0.088947,253
H2.ZE64,6year,all,PF1,U1,-0.088893,0.088893,254
H2.ZE64,6year,all,P2,Igm,-0.088679,0.088679,255
H2.ZE64,6year,all,P1,Igm,-0.08831,0.08831,256
H2.ZE64,6year,all,I3,Ta,-0.088037,0.088037,257
H2.ZE64,6year,all,PF2,U3,-0.086425,0.086425,258
H2.ZE64,6year,all,U2,rho,-0.085716,0.085716,259
H2.ZE64,6year,all,PF1,U3,-0.085711,0.085711,260
H2.ZE64,6year,all,U2,H,0.085131,0.085131,261
H2.ZE64,6year,all,PF2,U1,-0.084516,0.084516,262
H2.ZE64,6year,all,I2,Ta,-0.083679,0.083679,263
H2.ZE64,6year,all,I1,Ta,-0.082172,0.082172,264
H2.ZE64,6year,all,P3,Ta,-0.082118,0.082118,265
H2.ZE64,6year,all,PF2,H,0.078753,0.078753,266
H2.ZE64,6year,all,P,Ta,-0.078009,0.078009,267
H2.ZE64,6year,all,f,Ua,0.077493,0.077493,268
H2.ZE64,6year,all,P1,Ta,-0.076878,0.076878,269
H2.ZE64,6year,all,PF3,U1,-0.076332,0.076332,270
H2.ZE64,6year,all,I3,W_out,0.076103,0.076103,271
H2.ZE64,6year,all,I1,W_out,0.075943,0.075943,272
H2.ZE64,6year,all,P2,Ta,-0.074594,0.074594,273
H2.ZE64,6year,all,PF,H,0.073751,0.073751,274
H2.ZE64,6year,all,Dc,Ta,0.072544,0.072544,275
H2.ZE64,6year,all,PF2,W_out,0.07145,0.07145,276
H2.ZE64,6year,all,U3,W3,-0.070745,0.070745,277
H2.ZE64,6year,all,U3,W1,-0.0707,0.0707,278
H2.ZE64,6year,all,U3,W,-0.070688,0.070688,279
H2.ZE64,6year,all,U3,W_in,-0.070688,0.070688,280
H2.ZE64,6year,all,PF3,U3,-0.070679,0.070679,281
H2.ZE64,6year,all,U3,W2,-0.070616,0.070616,282
H2.ZE64,6year,all,U1,W1,-0.069945,0.069945,283
H2.ZE64,6year,all,U1,W,-0.069857,0.069857,284
H2.ZE64,6year,all,U1,W_in,-0.069857,0.069857,285
H2.ZE64,6year,all,U1,W3,-0.069849,0.069849,286
H2.ZE64,6year,all,U1,W2,-0.069777,0.069777,287
H2.ZE64,6year,all,U1,Ta,0.069664,0.069664,288
H2.ZE64,6year,all,PF3,H,0.0684,0.0684,289
H2.ZE64,6year,all,W1,rho,0.068039,0.068039,290
H2.ZE64,6year,all,W3,rho,0.067771,0.067771,291
H2.ZE64,6year,all,W,rho,0.067521,0.067521,292
H2.ZE64,6year,all,W_in,rho,0.067521,0.067521,293
H2.ZE64,6year,all,W2,rho,0.066747,0.066747,294
H2.ZE64,6year,all,U1,Ua,-0.066494,0.066494,295
H2.ZE64,6year,all,Dc,Ua,-0.064568,0.064568,296
H2.ZE64,6year,all,Dc,H,0.064357,0.064357,297
H2.ZE64,6year,all,PF2,rho,-0.063088,0.063088,298
H2.ZE64,6year,all,Ah,Ua,0.062666,0.062666,299
H2.ZE64,6year,all,W2,Ah,0.062142,0.062142,300
H2.ZE64,6year,all,I3,U1,-0.061589,0.061589,301
H2.ZE64,6year,all,W,Ah,0.061435,0.061435,302
H2.ZE64,6year,all,W_in,Ah,0.061435,0.061435,303
H2.ZE64,6year,all,W3,Ah,0.061189,0.061189,304
H2.ZE64,6year,all,W1,Ah,0.060979,0.060979,305
H2.ZE64,6year,all,Dc,Dp,0.06028,0.06028,306
H2.ZE64,6year,all,I1,U1,-0.059958,0.059958,307
H2.ZE64,6year,all,PF,rho,-0.059267,0.059267,308
H2.ZE64,6year,all,U1,Sc,-0.059256,0.059256,309
H2.ZE64,6year,all,PF1,H,0.056077,0.056077,310
H2.ZE64,6year,all,I1,U3,-0.055865,0.055865,311
H2.ZE64,6year,all,I2,U1,-0.055771,0.055771,312
H2.ZE64,6year,all,U1,H,0.054875,0.054875,313
H2.ZE64,6year,all,I3,U3,-0.054551,0.054551,314
H2.ZE64,6year,all,P2,W_out,0.053199,0.053199,315
H2.ZE64,6year,all,U1,rho,-0.052812,0.052812,316
H2.ZE64,6year,all,I3,Sc,0.051566,0.051566,317
H2.ZE64,6year,all,U3,Sc,-0.051256,0.051256,318
H2.ZE64,6year,all,U2,Sc,-0.051091,0.051091,319
H2.ZE64,6year,all,f,Ta,-0.051061,0.051061,320
H2.ZE64,6year,all,I1,Sc,0.050903,0.050903,321
H2.ZE64,6year,all,U3,W_out,-0.050099,0.050099,322
H2.ZE64,6year,all,PF3,rho,-0.049621,0.049621,323
H2.ZE64,6year,all,I2,U3,-0.049527,0.049527,324
H2.ZE64,6year,all,Dp,Sc,-0.049487,0.049487,325
H2.ZE64,6year,all,I2,Sc,0.049481,0.049481,326
H2.ZE64,6year,all,PF3,Igm,-0.049461,0.049461,327
H2.ZE64,6year,all,W1,H,-0.04939,0.04939,328
H2.ZE64,6year,all,U2,Dp,0.049073,0.049073,329
H2.ZE64,6year,all,PF3,Igc,-0.049066,0.049066,330
H2.ZE64,6year,all,W3,H,-0.049039,0.049039,331
H2.ZE64,6year,all,P1,Sc,0.048973,0.048973,332
H2.ZE64,6year,all,W,H,-0.048814,0.048814,333
H2.ZE64,6year,all,W_in,H,-0.048814,0.048814,334
H2.ZE64,6year,all,I3,rho,0.048455,0.048455,335
H2.ZE64,6year,all,P3,Sc,0.04817,0.04817,336
H2.ZE64,6year,all,W2,H,-0.048009,0.048009,337
H2.ZE64,6year,all,P,Sc,0.047896,0.047896,338
H2.ZE64,6year,all,f,rho,0.046846,0.046846,339
H2.ZE64,6year,all,P2,Sc,0.046294,0.046294,340
H2.ZE64,6year,all,I2,rho,0.045454,0.045454,341
H2.ZE64,6year,all,P2,Dc,0.045318,0.045318,342
H2.ZE64,6year,all,P1,U1,-0.045186,0.045186,343
H2.ZE64,6year,all,P3,Dc,0.044667,0.044667,344
H2.ZE64,6year,all,P,Dc,0.044168,0.044168,345
H2.ZE64,6year,all,I1,rho,0.044108,0.044108,346
H2.ZE64,6year,all,P,U1,-0.044044,0.044044,347
H2.ZE64,6year,all,P3,U1,-0.043626,0.043626,348
H2.ZE64,6year,all,P3,rho,0.04344,0.04344,349
H2.ZE64,6year,all,P2,Ah,0.043251,0.043251,350
H2.ZE64,6year,all,P2,U1,-0.043113,0.043113,351
H2.ZE64,6year,all,W_out,Dc,-0.042861,0.042861,352
H2.ZE64,6year,all,P3,Ah,0.042595,0.042595,353
H2.ZE64,6year,all,Dc,Igm,0.042378,0.042378,354
H2.ZE64,6year,all,P,Ah,0.042361,0.042361,355
H2.ZE64,6year,all,U2,W_out,-0.042348,0.042348,356
H2.ZE64,6year,all,P1,Dc,0.042328,0.042328,357
H2.ZE64,6year,all,PF1,rho,-0.041738,0.041738,358
H2.ZE64,6year,all,U3,Ta,0.041342,0.041342,359
H2.ZE64,6year,all,Ah,Dc,0.041212,0.041212,360
H2.ZE64,6year,all,PF1,Igm,-0.041186,0.041186,361
H2.ZE64,6year,all,P1,Ah,0.04105,0.04105,362
H2.ZE64,6year,all,PF1,Igc,-0.040913,0.040913,363
H2.ZE64,6year,all,P,rho,0.040607,0.040607,364
H2.ZE64,6year,all,P1,rho,0.039577,0.039577,365
H2.ZE64,6year,all,Dc,Igc,0.039246,0.039246,366
H2.ZE64,6year,all,U2,Ah,0.039021,0.039021,367
H2.ZE64,6year,all,W2,Dp,0.038944,0.038944,368
H2.ZE64,6year,all,f,Dc,-0.038837,0.038837,369
H2.ZE64,6year,all,P2,rho,0.038572,0.038572,370
H2.ZE64,6year,all,I2,Ah,0.038464,0.038464,371
H2.ZE64,6year,all,P1,U3,-0.038346,0.038346,372
H2.ZE64,6year,all,U3,H,0.038194,0.038194,373
H2.ZE64,6year,all,W,Dp,0.038182,0.038182,374
H2.ZE64,6year,all,W_in,Dp,0.038182,0.038182,375
H2.ZE64,6year,all,PF,W_out,0.038152,0.038152,376
H2.ZE64,6year,all,W3,Dp,0.037859,0.037859,377
H2.ZE64,6year,all,W1,Dp,0.037751,0.037751,378
H2.ZE64,6year,all,I3,Dc,0.037483,0.037483,379
H2.ZE64,6year,all,I3,H,-0.037057,0.037057,380
H2.ZE64,6year,all,P2,Dp,0.036273,0.036273,381
H2.ZE64,6year,all,P,U3,-0.03607,0.03607,382
H2.ZE64,6year,all,I2,Dc,0.035983,0.035983,383
H2.ZE64,6year,all,P2,U3,-0.035957,0.035957,384
H2.ZE64,6year,all,I3,Ah,0.035903,0.035903,385
H2.ZE64,6year,all,I1,Ah,0.035758,0.035758,386
H2.ZE64,6year,all,I1,Dc,0.035658,0.035658,387
H2.ZE64,6year,all,H,Sc,0.034349,0.034349,388
H2.ZE64,6year,all,P,Dp,0.033918,0.033918,389
H2.ZE64,6year,all,P3,U3,-0.033768,0.033768,390
H2.ZE64,6year,all,I1,H,-0.033531,0.033531,391
H2.ZE64,6year,all,P3,Dp,0.033479,0.033479,392
H2.ZE64,6year,all,I2,H,-0.033311,0.033311,393
H2.ZE64,6year,all,PF1,Dc,0.033004,0.033004,394
H2.ZE64,6year,all,U3,rho,-0.032993,0.032993,395
H2.ZE64,6year,all,I2,Dp,0.032642,0.032642,396
H2.ZE64,6year,all,PF1,Sc,0.031986,0.031986,397
H2.ZE64,6year,all,P1,Dp,0.031879,0.031879,398
H2.ZE64,6year,all,U1,Dp,0.031696,0.031696,399
H2.ZE64,6year,all,U3,Dp,0.031531,0.031531,400
H2.ZE64,6year,all,PF3,Dc,0.031084,0.031084,401
H2.ZE64,6year,all,PF,Sc,0.030912,0.030912,402
H2.ZE64,6year,all,f,Sc,-0.030137,0.030137,403
H2.ZE64,6year,all,P3,H,-0.03013,0.03013,404
H2.ZE64,6year,all,PF,Dc,0.030051,0.030051,405
H2.ZE64,6year,all,I1,Dp,0.029162,0.029162,406
H2.ZE64,6year,all,I3,Dp,0.028791,0.028791,407
H2.ZE64,6year,all,U3,Ah,0.028403,0.028403,408
H2.ZE64,6year,all,f,H,-0.028283,0.028283,409
H2.ZE64,6year,all,PF2,Sc,0.028038,0.028038,410
H2.ZE64,6year,all,P,H,-0.027752,0.027752,411
H2.ZE64,6year,all,P1,H,-0.027567,0.027567,412
H2.ZE64,6year,all,PF2,Ta,0.027174,0.027174,413
H2.ZE64,6year,all,U1,Ah,0.026823,0.026823,414
H2.ZE64,6year,all,PF2,Dc,0.025829,0.025829,415
H2.ZE64,6year,all,P2,H,-0.025383,0.025383,416
H2.ZE64,6year,all,P1,W_out,-0.024152,0.024152,417
H2.ZE64,6year,all,U3,Ua,-0.024146,0.024146,418
H2.ZE64,6year,all,PF3,Sc,0.023846,0.023846,419
H2.ZE64,6year,all,U3,Dc,0.022553,0.022553,420
H2.ZE64,6year,all,W_out,Sc,0.021313,0.021313,421
H2.ZE64,6year,all,PF,Ta,0.020706,0.020706,422
H2.ZE64,6year,all,PF,Igm,-0.01964,0.01964,423
H2.ZE64,6year,all,PF,Igc,-0.019361,0.019361,424
H2.ZE64,6year,all,PF3,W_out,0.019329,0.019329,425
H2.ZE64,6year,all,f,Igc,0.016672,0.016672,426
H2.ZE64,6year,all,P1,f,-0.014723,0.014723,427
H2.ZE64,6year,all,P3,f,-0.014427,0.014427,428
H2.ZE64,6year,all,P,f,-0.013668,0.013668,429
H2.ZE64,6year,all,I3,f,-0.013478,0.013478,430
H2.ZE64,6year,all,PF1,W_out,-0.013182,0.013182,431
H2.ZE64,6year,all,I2,f,-0.012825,0.012825,432
H2.ZE64,6year,all,I1,f,-0.0122,0.0122,433
H2.ZE64,6year,all,U2,Dc,0.011997,0.011997,434
H2.ZE64,6year,all,W1,Dc,0.011802,0.011802,435
H2.ZE64,6year,all,P2,f,-0.011767,0.011767,436
H2.ZE64,6year,all,W_out,f,0.011649,0.011649,437
H2.ZE64,6year,all,W,Dc,0.011621,0.011621,438
H2.ZE64,6year,all,W_in,Dc,0.011621,0.011621,439
H2.ZE64,6year,all,W2,Dc,0.01162,0.01162,440
H2.ZE64,6year,all,W3,Dc,0.01145,0.01145,441
H2.ZE64,6year,all,P3,W_out,-0.01135,0.01135,442
H2.ZE64,6year,all,U1,Dc,0.01132,0.01132,443
H2.ZE64,6year,all,U1,W_out,-0.010574,0.010574,444
H2.ZE64,6year,all,f,Igm,0.010075,0.010075,445
H2.ZE64,6year,all,f,Ah,0.009429,0.009429,446
H2.ZE64,6year,all,PF3,Ta,0.009305,0.009305,447
H2.ZE64,6year,all,W3,f,0.009193,0.009193,448
H2.ZE64,6year,all,W,f,0.009142,0.009142,449
H2.ZE64,6year,all,W_in,f,0.009142,0.009142,450
H2.ZE64,6year,all,W1,f,0.009124,0.009124,451
H2.ZE64,6year,all,W2,f,0.009108,0.009108,452
H2.ZE64,6year,all,f,Dp,0.00906,0.00906,453
H2.ZE64,6year,all,PF2,Igm,-0.007791,0.007791,454
H2.ZE64,6year,all,PF2,Igc,-0.007394,0.007394,455
H2.ZE64,6year,all,Dp,Ua,-0.0069,0.0069,456
H2.ZE64,6year,all,PF,f,-0.006712,0.006712,457
H2.ZE64,6year,all,P,W_out,0.004435,0.004435,458
H2.ZE64,6year,all,PF2,f,-0.004165,0.004165,459
H2.ZE64,6year,all,U3,f,-0.004076,0.004076,460
H2.ZE64,6year,all,U2,f,0.00366,0.00366,461
H2.ZE64,6year,all,U1,f,-0.003061,0.003061,462
H2.ZE64,6year,all,PF1,Ta,0.002192,0.002192,463
H2.ZE64,6year,all,PF1,f,-0.000759,0.000759,464
H2.ZE64,6year,all,PF3,f,0.000604,0.000604,465
