timestamp,recon_error,threshold
2023-01-02 00:00:00,0.0034658547956496477,0.002779289543722207
2023-01-02 01:00:00,0.003686912590637803,0.002779289543722207
2023-01-02 02:00:00,0.003894567023962736,0.002779289543722207
2023-01-02 03:00:00,0.0036766205448657274,0.002779289543722207
2023-01-02 04:00:00,0.003326404606923461,0.002779289543722207
2023-01-02 05:00:00,0.0029533477500081062,0.002779289543722207
2023-01-07 13:00:00,0.0032186780590564013,0.002779289543722207
2023-01-07 14:00:00,0.0033048787154257298,0.002779289543722207
2023-01-07 15:00:00,0.003310020547360182,0.002779289543722207
2023-01-07 16:00:00,0.003145836293697357,0.002779289543722207
2023-01-07 17:00:00,0.0034500909969210625,0.002779289543722207
2023-01-07 18:00:00,0.0028630506712943316,0.002779289543722207
2023-01-07 19:00:00,0.0028627528809010983,0.002779289543722207
2023-01-07 21:00:00,0.0035706213675439358,0.002779289543722207
2023-01-07 22:00:00,0.003162422915920615,0.002779289543722207
2023-01-07 23:00:00,0.0035380632616579533,0.002779289543722207
2023-01-08 00:00:00,0.0037363364826887846,0.002779289543722207
2023-01-08 02:00:00,0.0033619357272982597,0.002779289543722207
2023-02-16 15:00:00,0.002792316023260355,0.002779289543722207
2023-02-16 16:00:00,0.0028299279510974884,0.002779289543722207
2023-02-16 17:00:00,0.002895722631365061,0.002779289543722207
2023-02-16 18:00:00,0.003043426899239421,0.002779289543722207
2023-02-16 19:00:00,0.003160561202093959,0.002779289543722207
2023-02-16 20:00:00,0.0029978665988892317,0.002779289543722207
2023-02-16 21:00:00,0.002880531596019864,0.002779289543722207
2023-02-16 22:00:00,0.0028746009338647127,0.002779289543722207
2023-02-16 23:00:00,0.0030033569782972336,0.002779289543722207
2023-02-17 00:00:00,0.0029267682693898678,0.002779289543722207
2023-02-17 01:00:00,0.002843413734808564,0.002779289543722207
2023-03-03 20:00:00,0.0028841320890933275,0.002779289543722207
2023-03-03 21:00:00,0.003318584058433771,0.002779289543722207
2023-03-03 22:00:00,0.004037889651954174,0.002779289543722207
2023-03-03 23:00:00,0.004844251554459333,0.002779289543722207
2023-03-04 00:00:00,0.005347906146198511,0.002779289543722207
2023-03-04 01:00:00,0.0060370564460754395,0.002779289543722207
2023-03-04 02:00:00,0.00685410900041461,0.002779289543722207
2023-03-04 03:00:00,0.007972292602062225,0.002779289543722207
2023-03-04 04:00:00,0.008829120546579361,0.002779289543722207
2023-03-04 05:00:00,0.00965418852865696,0.002779289543722207
2023-03-04 06:00:00,0.010373110882937908,0.002779289543722207
2023-03-04 07:00:00,0.010662239044904709,0.002779289543722207
2023-03-04 08:00:00,0.009667249396443367,0.002779289543722207
2023-03-04 09:00:00,0.009816845878958702,0.002779289543722207
2023-03-04 10:00:00,0.010017476044595242,0.002779289543722207
2023-03-04 11:00:00,0.009773047640919685,0.002779289543722207
2023-03-04 12:00:00,0.009354311041533947,0.002779289543722207
2023-03-04 13:00:00,0.009022221900522709,0.002779289543722207
2023-03-04 14:00:00,0.008794204331934452,0.002779289543722207
2023-03-04 15:00:00,0.00866552721709013,0.002779289543722207
2023-03-04 16:00:00,0.008574459701776505,0.002779289543722207
2023-03-04 17:00:00,0.00840679183602333,0.002779289543722207
2023-03-04 18:00:00,0.008231570944190025,0.002779289543722207
2023-03-04 19:00:00,0.008136563934385777,0.002779289543722207
2023-03-04 20:00:00,0.008860455825924873,0.002779289543722207
2023-03-04 21:00:00,0.008559496141970158,0.002779289543722207
2023-03-04 22:00:00,0.008976288139820099,0.002779289543722207
2023-03-04 23:00:00,0.009173877537250519,0.002779289543722207
2023-03-05 00:00:00,0.009509198367595673,0.002779289543722207
2023-03-05 01:00:00,0.007883149199187756,0.002779289543722207
2023-03-05 02:00:00,0.006993671413511038,0.002779289543722207
2023-03-05 03:00:00,0.0061903707683086395,0.002779289543722207
2023-03-05 04:00:00,0.00552345672622323,0.002779289543722207
2023-03-05 05:00:00,0.004957349039614201,0.002779289543722207
2023-03-05 06:00:00,0.004589819349348545,0.002779289543722207
2023-03-05 07:00:00,0.004423714242875576,0.002779289543722207
2023-03-05 08:00:00,0.004416105803102255,0.002779289543722207
2023-03-05 09:00:00,0.004476040136069059,0.002779289543722207
2023-03-05 10:00:00,0.004655812866985798,0.002779289543722207
2023-03-05 11:00:00,0.004924770910292864,0.002779289543722207
2023-03-05 12:00:00,0.0050444938242435455,0.002779289543722207
2023-03-05 13:00:00,0.005094107706099749,0.002779289543722207
2023-03-05 14:00:00,0.0050270771607756615,0.002779289543722207
2023-03-05 15:00:00,0.004892432596534491,0.002779289543722207
2023-03-05 16:00:00,0.004676805809140205,0.002779289543722207
2023-03-05 17:00:00,0.004492743406444788,0.002779289543722207
2023-03-05 18:00:00,0.004152853041887283,0.002779289543722207
2023-03-05 19:00:00,0.0036073864903301,0.002779289543722207
2023-03-05 20:00:00,0.0028969307895749807,0.002779289543722207
2023-03-27 12:00:00,0.0032183711882680655,0.002779289543722207
2023-03-27 13:00:00,0.003850210690870881,0.002779289543722207
2023-03-27 14:00:00,0.004191545303910971,0.002779289543722207
2023-03-27 15:00:00,0.0042450912296772,0.002779289543722207
2023-03-27 16:00:00,0.004360198974609375,0.002779289543722207
2023-03-27 17:00:00,0.004056960344314575,0.002779289543722207
2023-03-27 18:00:00,0.0038947395514696836,0.002779289543722207
2023-03-27 19:00:00,0.0038727349601686,0.002779289543722207
2023-03-27 20:00:00,0.0038357400335371494,0.002779289543722207
2023-03-27 21:00:00,0.0035913747269660234,0.002779289543722207
2023-03-27 22:00:00,0.003281559329479933,0.002779289543722207
2023-03-27 23:00:00,0.00306246941909194,0.002779289543722207
2023-03-28 00:00:00,0.0029295929707586765,0.002779289543722207
2023-03-28 01:00:00,0.0028120989445596933,0.002779289543722207
2023-04-03 03:00:00,0.002905962523072958,0.002779289543722207
2023-04-04 17:00:00,0.003846036270260811,0.002779289543722207
2023-04-09 10:00:00,0.0027876233216375113,0.002779289543722207
2023-04-09 11:00:00,0.0031383491586893797,0.002779289543722207
2023-04-09 12:00:00,0.002812350168824196,0.002779289543722207
2023-04-09 23:00:00,0.00287821632809937,0.002779289543722207
2023-04-10 09:00:00,0.002874756697565317,0.002779289543722207
2023-04-18 17:00:00,0.002878177911043167,0.002779289543722207
2023-04-18 18:00:00,0.0029440834186971188,0.002779289543722207
2023-04-18 19:00:00,0.0031515168957412243,0.002779289543722207
2023-04-18 20:00:00,0.002796264598146081,0.002779289543722207
2023-04-18 23:00:00,0.003132610348984599,0.002779289543722207
2023-04-19 00:00:00,0.003084081457927823,0.002779289543722207
2023-04-19 01:00:00,0.0032196668907999992,0.002779289543722207
2023-04-19 02:00:00,0.003225300693884492,0.002779289543722207
2023-04-19 03:00:00,0.0035091533791273832,0.002779289543722207
2023-04-19 04:00:00,0.003858540439978242,0.002779289543722207
2023-04-19 05:00:00,0.004020296968519688,0.002779289543722207
2023-04-19 06:00:00,0.0042258682660758495,0.002779289543722207
2023-04-19 07:00:00,0.0034336745738983154,0.002779289543722207
2023-04-19 08:00:00,0.0034589648712426424,0.002779289543722207
2023-04-19 09:00:00,0.003835716051980853,0.002779289543722207
2023-04-19 10:00:00,0.00350182899273932,0.002779289543722207
2023-04-19 11:00:00,0.003507468616589904,0.002779289543722207
2023-04-19 12:00:00,0.003971248399466276,0.002779289543722207
2023-04-19 13:00:00,0.005345855839550495,0.002779289543722207
2023-04-19 14:00:00,0.004412313457578421,0.002779289543722207
2023-04-19 15:00:00,0.004684945102781057,0.002779289543722207
2023-04-19 16:00:00,0.00445916410535574,0.002779289543722207
2023-04-19 17:00:00,0.004412870388478041,0.002779289543722207
2023-04-19 18:00:00,0.004216936882585287,0.002779289543722207
2023-04-19 19:00:00,0.0043428209610283375,0.002779289543722207
2023-04-19 20:00:00,0.004513749852776527,0.002779289543722207
2023-04-19 21:00:00,0.004152645822614431,0.002779289543722207
2023-04-19 22:00:00,0.003538025775924325,0.002779289543722207
2023-04-19 23:00:00,0.0041381483897566795,0.002779289543722207
2023-04-20 00:00:00,0.0039527262561023235,0.002779289543722207
2023-04-20 01:00:00,0.0040765684098005295,0.002779289543722207
2023-04-20 02:00:00,0.0037299273535609245,0.002779289543722207
2023-04-20 03:00:00,0.0028953400906175375,0.002779289543722207
2023-04-20 10:00:00,0.0029613343067467213,0.002779289543722207
2023-04-20 11:00:00,0.0027823634445667267,0.002779289543722207
2023-04-20 12:00:00,0.007238106802105904,0.002779289543722207
2023-04-20 13:00:00,0.010105716995894909,0.002779289543722207
2023-04-20 14:00:00,0.010592020116746426,0.002779289543722207
2023-04-20 15:00:00,0.010335119441151619,0.002779289543722207
2023-04-20 16:00:00,0.009989229962229729,0.002779289543722207
2023-04-20 17:00:00,0.009390952065587044,0.002779289543722207
2023-04-20 18:00:00,0.009175675921142101,0.002779289543722207
2023-04-20 19:00:00,0.009050971828401089,0.002779289543722207
2023-04-20 20:00:00,0.009074194356799126,0.002779289543722207
2023-04-20 21:00:00,0.009083331562578678,0.002779289543722207
2023-04-20 22:00:00,0.00944061391055584,0.002779289543722207
2023-04-20 23:00:00,0.009299798868596554,0.002779289543722207
2023-04-21 00:00:00,0.009036602452397346,0.002779289543722207
2023-04-21 01:00:00,0.00915886927396059,0.002779289543722207
2023-04-21 02:00:00,0.009322010912001133,0.002779289543722207
2023-04-21 03:00:00,0.00945578794926405,0.002779289543722207
2023-04-21 04:00:00,0.009650924243032932,0.002779289543722207
2023-04-21 05:00:00,0.0100067974999547,0.002779289543722207
2023-04-21 06:00:00,0.00941228773444891,0.002779289543722207
2023-04-21 07:00:00,0.009325356222689152,0.002779289543722207
2023-04-21 08:00:00,0.008153926581144333,0.002779289543722207
2023-04-21 09:00:00,0.008779922500252724,0.002779289543722207
2023-04-21 10:00:00,0.007402697578072548,0.002779289543722207
2023-04-21 11:00:00,0.009930999018251896,0.002779289543722207
2023-04-21 12:00:00,0.003959876485168934,0.002779289543722207
2023-04-21 13:00:00,0.003062640316784382,0.002779289543722207
2023-04-21 14:00:00,0.00400858698412776,0.002779289543722207
2023-04-21 15:00:00,0.004058068618178368,0.002779289543722207
2023-04-21 16:00:00,0.004094830714166164,0.002779289543722207
2023-04-21 17:00:00,0.003947713878005743,0.002779289543722207
2023-04-21 18:00:00,0.004446397535502911,0.002779289543722207
2023-04-21 19:00:00,0.004324243403971195,0.002779289543722207
2023-04-21 20:00:00,0.0043953778222203255,0.002779289543722207
2023-04-21 21:00:00,0.0043581398203969,0.002779289543722207
2023-04-21 22:00:00,0.004441261291503906,0.002779289543722207
2023-04-21 23:00:00,0.004544527269899845,0.002779289543722207
2023-04-22 00:00:00,0.004617659840732813,0.002779289543722207
2023-04-22 01:00:00,0.004769582767039537,0.002779289543722207
2023-04-22 02:00:00,0.004682302474975586,0.002779289543722207
2023-04-22 03:00:00,0.004674732685089111,0.002779289543722207
2023-04-22 04:00:00,0.004367568995803595,0.002779289543722207
2023-04-22 05:00:00,0.004241134040057659,0.002779289543722207
2023-04-22 06:00:00,0.0041865576058626175,0.002779289543722207
2023-04-22 07:00:00,0.0035383845679461956,0.002779289543722207
2023-04-22 08:00:00,0.003402853384613991,0.002779289543722207
2023-04-24 13:00:00,0.0033532269299030304,0.002779289543722207
2023-04-24 14:00:00,0.003786204382777214,0.002779289543722207
2023-04-24 15:00:00,0.003661795984953642,0.002779289543722207
2023-04-24 16:00:00,0.0037112992722541094,0.002779289543722207
2023-04-24 17:00:00,0.0032124060671776533,0.002779289543722207
2023-04-24 18:00:00,0.0029246092308312654,0.002779289543722207
2023-04-24 19:00:00,0.002947992878034711,0.002779289543722207
2023-04-24 21:00:00,0.002957164542749524,0.002779289543722207
2023-04-24 22:00:00,0.0032067333813756704,0.002779289543722207
2023-04-24 23:00:00,0.0031931926496326923,0.002779289543722207
2023-04-25 00:00:00,0.003236331045627594,0.002779289543722207
2023-04-25 01:00:00,0.003525348613038659,0.002779289543722207
2023-04-25 02:00:00,0.0036860473919659853,0.002779289543722207
2023-04-25 03:00:00,0.003540604142472148,0.002779289543722207
2023-04-25 04:00:00,0.003635033732280135,0.002779289543722207
2023-04-25 05:00:00,0.003717019921168685,0.002779289543722207
2023-04-25 06:00:00,0.003948630765080452,0.002779289543722207
2023-04-25 07:00:00,0.003429861506447196,0.002779289543722207
2023-04-25 08:00:00,0.0036497123073786497,0.002779289543722207
2023-04-25 10:00:00,0.0036085902247577906,0.002779289543722207
2023-04-25 18:00:00,0.002860740292817354,0.002779289543722207
2023-04-26 23:00:00,0.002790259663015604,0.002779289543722207
2023-04-27 00:00:00,0.0027888875920325518,0.002779289543722207
2023-04-27 01:00:00,0.0028254652861505747,0.002779289543722207
2023-04-27 11:00:00,0.003229718189686537,0.002779289543722207
2023-04-27 12:00:00,0.0033614560961723328,0.002779289543722207
2023-04-27 13:00:00,0.0039430102333426476,0.002779289543722207
2023-04-27 14:00:00,0.0037430059164762497,0.002779289543722207
2023-04-27 15:00:00,0.002953692339360714,0.002779289543722207
2023-04-27 17:00:00,0.0038367677479982376,0.002779289543722207
2023-04-27 18:00:00,0.003433625679463148,0.002779289543722207
2023-04-27 19:00:00,0.004467872437089682,0.002779289543722207
2023-04-27 20:00:00,0.0047593857161700726,0.002779289543722207
2023-04-27 21:00:00,0.004587103147059679,0.002779289543722207
2023-04-27 22:00:00,0.0049546509981155396,0.002779289543722207
2023-04-27 23:00:00,0.005376763176172972,0.002779289543722207
2023-04-28 00:00:00,0.005457550287246704,0.002779289543722207
2023-04-28 01:00:00,0.005749030504375696,0.002779289543722207
2023-04-28 02:00:00,0.006182469427585602,0.002779289543722207
2023-04-28 03:00:00,0.006143713369965553,0.002779289543722207
2023-04-28 04:00:00,0.005701497197151184,0.002779289543722207
2023-04-28 05:00:00,0.005024935118854046,0.002779289543722207
2023-04-28 06:00:00,0.004261986818164587,0.002779289543722207
2023-04-28 07:00:00,0.003607871476560831,0.002779289543722207
2023-04-28 08:00:00,0.0033627634402364492,0.002779289543722207
2023-04-28 09:00:00,0.0036061606369912624,0.002779289543722207
2023-04-28 10:00:00,0.00331616448238492,0.002779289543722207
2023-04-28 11:00:00,0.0033974952530115843,0.002779289543722207
2023-04-28 12:00:00,0.003856923198327422,0.002779289543722207
2023-04-28 13:00:00,0.0035264811012893915,0.002779289543722207
2023-04-29 11:00:00,0.0030997463036328554,0.002779289543722207
2023-05-01 04:00:00,0.002805824391543865,0.002779289543722207
2023-05-01 05:00:00,0.002980654826387763,0.002779289543722207
2023-05-01 06:00:00,0.0028391738887876272,0.002779289543722207
2023-05-01 07:00:00,0.002988719381392002,0.002779289543722207
2023-05-01 08:00:00,0.0030379395466297865,0.002779289543722207
2023-05-01 09:00:00,0.0029624642338603735,0.002779289543722207
2023-05-01 10:00:00,0.0029756156727671623,0.002779289543722207
2023-05-01 11:00:00,0.0032212731894105673,0.002779289543722207
2023-05-01 12:00:00,0.003360343398526311,0.002779289543722207
2023-05-01 13:00:00,0.003614111803472042,0.002779289543722207
2023-05-01 14:00:00,0.003523170482367277,0.002779289543722207
2023-05-01 15:00:00,0.0032765965443104506,0.002779289543722207
2023-05-01 16:00:00,0.003469644347205758,0.002779289543722207
2023-05-02 07:00:00,0.003191933035850525,0.002779289543722207
2023-05-03 20:00:00,0.003313950728625059,0.002779289543722207
2023-05-03 21:00:00,0.0033210935071110725,0.002779289543722207
2023-05-03 22:00:00,0.003258747048676014,0.002779289543722207
2023-05-03 23:00:00,0.0034158092457801104,0.002779289543722207
2023-05-04 00:00:00,0.0033427828457206488,0.002779289543722207
2023-05-04 01:00:00,0.0034001993481069803,0.002779289543722207
2023-05-04 02:00:00,0.0034885380882769823,0.002779289543722207
2023-05-04 03:00:00,0.0034113405272364616,0.002779289543722207
2023-05-04 04:00:00,0.003474291879683733,0.002779289543722207
2023-05-04 05:00:00,0.0034640843514353037,0.002779289543722207
2023-05-04 06:00:00,0.0036282804794609547,0.002779289543722207
2023-05-04 07:00:00,0.0031006946228444576,0.002779289543722207
2023-05-04 08:00:00,0.0034355316311120987,0.002779289543722207
2023-05-04 09:00:00,0.0030019369442015886,0.002779289543722207
2023-05-04 10:00:00,0.003250634064897895,0.002779289543722207
2023-05-05 06:00:00,0.002833006903529167,0.002779289543722207
2023-05-05 07:00:00,0.0028337198309600353,0.002779289543722207
2023-05-05 08:00:00,0.002922334708273411,0.002779289543722207
2023-05-05 09:00:00,0.0028844065964221954,0.002779289543722207
2023-05-05 10:00:00,0.0028789627831429243,0.002779289543722207
2023-05-05 11:00:00,0.0032535481732338667,0.002779289543722207
2023-05-05 12:00:00,0.0032975198701024055,0.002779289543722207
2023-05-05 13:00:00,0.0032030444126576185,0.002779289543722207
2023-05-05 14:00:00,0.0032419145572930574,0.002779289543722207
2023-05-05 15:00:00,0.0031800628639757633,0.002779289543722207
2023-05-05 16:00:00,0.0032015424221754074,0.002779289543722207
2023-05-05 17:00:00,0.0033938901033252478,0.002779289543722207
2023-05-06 20:00:00,0.002795072505250573,0.002779289543722207
2023-05-06 23:00:00,0.00292566348798573,0.002779289543722207
2023-05-07 00:00:00,0.003068647114560008,0.002779289543722207
2023-05-07 01:00:00,0.003070014761760831,0.002779289543722207
2023-05-07 07:00:00,0.002994842827320099,0.002779289543722207
2023-05-07 08:00:00,0.002796456217765808,0.002779289543722207
2023-05-07 09:00:00,0.0028051703702658415,0.002779289543722207
2023-05-07 10:00:00,0.0029676812700927258,0.002779289543722207
2023-05-07 11:00:00,0.003048061393201351,0.002779289543722207
2023-05-07 12:00:00,0.0029518981464207172,0.002779289543722207
2023-05-07 18:00:00,0.0032127161975950003,0.002779289543722207
2023-05-07 19:00:00,0.0034576207399368286,0.002779289543722207
2023-05-07 20:00:00,0.0034647879656404257,0.002779289543722207
2023-05-07 21:00:00,0.003210856346413493,0.002779289543722207
2023-05-07 22:00:00,0.0034308808390051126,0.002779289543722207
2023-05-07 23:00:00,0.0032637102995067835,0.002779289543722207
2023-05-08 00:00:00,0.0032543358393013477,0.002779289543722207
2023-05-08 01:00:00,0.0031788721680641174,0.002779289543722207
2023-05-08 02:00:00,0.003133427118882537,0.002779289543722207
2023-05-08 03:00:00,0.0030954009853303432,0.002779289543722207
2023-05-08 04:00:00,0.003175818594172597,0.002779289543722207
2023-05-08 05:00:00,0.003112448612228036,0.002779289543722207
2023-05-08 06:00:00,0.0029905512928962708,0.002779289543722207
2023-05-08 07:00:00,0.0031669798772782087,0.002779289543722207
2023-05-08 08:00:00,0.0033200623001903296,0.002779289543722207
2023-05-08 09:00:00,0.003483717329800129,0.002779289543722207
2023-05-08 10:00:00,0.0034321192651987076,0.002779289543722207
2023-05-08 11:00:00,0.0034182036761194468,0.002779289543722207
2023-05-08 12:00:00,0.0036488643381744623,0.002779289543722207
2023-05-08 13:00:00,0.004459495190531015,0.002779289543722207
2023-05-08 14:00:00,0.003965160809457302,0.002779289543722207
2023-05-08 16:00:00,0.003079339861869812,0.002779289543722207
2023-05-09 05:00:00,0.0034722071141004562,0.002779289543722207
2023-05-09 06:00:00,0.0033188569359481335,0.002779289543722207
2023-05-09 07:00:00,0.0035992811899632215,0.002779289543722207
2023-05-09 08:00:00,0.002990641864016652,0.002779289543722207
2023-05-09 09:00:00,0.0035011155996471643,0.002779289543722207
2023-05-09 10:00:00,0.0035323798656463623,0.002779289543722207
2023-05-09 11:00:00,0.004322039894759655,0.002779289543722207
2023-05-09 12:00:00,0.004155824426561594,0.002779289543722207
2023-05-09 13:00:00,0.004405017010867596,0.002779289543722207
2023-05-09 14:00:00,0.004064854234457016,0.002779289543722207
2023-05-09 15:00:00,0.0037926349323242903,0.002779289543722207
2023-05-09 16:00:00,0.004481797106564045,0.002779289543722207
2023-05-09 17:00:00,0.0038109326269477606,0.002779289543722207
2023-05-09 18:00:00,0.004166681785136461,0.002779289543722207
2023-05-09 19:00:00,0.003808353329077363,0.002779289543722207
2023-05-09 20:00:00,0.0037054684944450855,0.002779289543722207
2023-05-09 21:00:00,0.0034954496659338474,0.002779289543722207
2023-05-09 22:00:00,0.0033944593742489815,0.002779289543722207
2023-05-09 23:00:00,0.0034282165579497814,0.002779289543722207
2023-05-10 00:00:00,0.003139878623187542,0.002779289543722207
2023-05-10 01:00:00,0.003200235776603222,0.002779289543722207
2023-05-10 05:00:00,0.0029370372649282217,0.002779289543722207
2023-05-10 11:00:00,0.002813400235027075,0.002779289543722207
2023-05-10 12:00:00,0.0028999727219343185,0.002779289543722207
2023-05-10 13:00:00,0.0027886368334293365,0.002779289543722207
2023-05-10 20:00:00,0.0027877860702574253,0.002779289543722207
2023-05-10 21:00:00,0.0030012112110853195,0.002779289543722207
2023-05-10 22:00:00,0.0030209505930542946,0.002779289543722207
2023-05-10 23:00:00,0.003001568838953972,0.002779289543722207
2023-05-11 00:00:00,0.0030038137920200825,0.002779289543722207
2023-05-11 01:00:00,0.0029361166525632143,0.002779289543722207
2023-05-11 02:00:00,0.0030960808508098125,0.002779289543722207
2023-05-11 03:00:00,0.002925281412899494,0.002779289543722207
2023-05-11 04:00:00,0.0031383514869958162,0.002779289543722207
2023-05-11 05:00:00,0.00319831445813179,0.002779289543722207
2023-05-11 06:00:00,0.0035067128483206034,0.002779289543722207
2023-05-11 07:00:00,0.004707221407443285,0.002779289543722207
2023-05-11 08:00:00,0.004253399558365345,0.002779289543722207
2023-05-11 09:00:00,0.004033308941870928,0.002779289543722207
2023-05-11 10:00:00,0.003951509017497301,0.002779289543722207
2023-05-11 11:00:00,0.004313529469072819,0.002779289543722207
2023-05-11 12:00:00,0.004358343314379454,0.002779289543722207
2023-05-11 13:00:00,0.004659793805330992,0.002779289543722207
2023-05-11 14:00:00,0.005124551709741354,0.002779289543722207
2023-05-11 15:00:00,0.005223653744906187,0.002779289543722207
2023-05-11 16:00:00,0.0053128586150705814,0.002779289543722207
2023-05-11 17:00:00,0.005848828237503767,0.002779289543722207
2023-05-11 18:00:00,0.004874906502664089,0.002779289543722207
2023-05-11 19:00:00,0.004884445574134588,0.002779289543722207
2023-05-11 20:00:00,0.0043654427863657475,0.002779289543722207
2023-05-11 21:00:00,0.00484020309522748,0.002779289543722207
2023-05-11 22:00:00,0.004896924830973148,0.002779289543722207
2023-05-11 23:00:00,0.004783695098012686,0.002779289543722207
2023-05-12 00:00:00,0.005034337751567364,0.002779289543722207
2023-05-12 01:00:00,0.004466709215193987,0.002779289543722207
2023-05-12 02:00:00,0.004203231073915958,0.002779289543722207
2023-05-12 03:00:00,0.004581932444125414,0.002779289543722207
2023-05-12 04:00:00,0.004808421246707439,0.002779289543722207
2023-05-12 05:00:00,0.004370611160993576,0.002779289543722207
2023-05-12 06:00:00,0.00431030010804534,0.002779289543722207
2023-05-12 07:00:00,0.004247355740517378,0.002779289543722207
2023-05-12 08:00:00,0.003950062673538923,0.002779289543722207
2023-05-12 09:00:00,0.0035264489706605673,0.002779289543722207
2023-05-12 10:00:00,0.003697472158819437,0.002779289543722207
2023-05-12 11:00:00,0.004022092558443546,0.002779289543722207
2023-05-12 12:00:00,0.004021002445369959,0.002779289543722207
2023-05-12 13:00:00,0.0038933337200433016,0.002779289543722207
2023-05-12 14:00:00,0.003691475372761488,0.002779289543722207
2023-05-12 15:00:00,0.0033397278748452663,0.002779289543722207
2023-05-12 16:00:00,0.003334485460072756,0.002779289543722207
2023-05-12 17:00:00,0.003914404194802046,0.002779289543722207
2023-05-12 18:00:00,0.003455038648098707,0.002779289543722207
2023-05-12 19:00:00,0.004008586518466473,0.002779289543722207
2023-05-12 20:00:00,0.0031627495773136616,0.002779289543722207
2023-05-12 21:00:00,0.003672705264762044,0.002779289543722207
2023-05-12 22:00:00,0.003268192056566477,0.002779289543722207
2023-05-12 23:00:00,0.0033161742612719536,0.002779289543722207
2023-05-13 00:00:00,0.002863614819943905,0.002779289543722207
2023-05-13 01:00:00,0.003082754323258996,0.002779289543722207
2023-05-13 03:00:00,0.0029153290670365095,0.002779289543722207
2023-05-13 04:00:00,0.00308816647157073,0.002779289543722207
2023-05-13 05:00:00,0.00321294367313385,0.002779289543722207
2023-05-13 06:00:00,0.0038398911710828543,0.002779289543722207
2023-05-13 07:00:00,0.004159728065133095,0.002779289543722207
2023-05-13 08:00:00,0.004424553830176592,0.002779289543722207
2023-05-13 09:00:00,0.00452731316909194,0.002779289543722207
2023-05-13 10:00:00,0.004618420265614986,0.002779289543722207
2023-05-13 11:00:00,0.004481990355998278,0.002779289543722207
2023-05-13 12:00:00,0.004782835021615028,0.002779289543722207
2023-05-13 13:00:00,0.00474443519487977,0.002779289543722207
2023-05-13 14:00:00,0.004458594135940075,0.002779289543722207
2023-05-13 15:00:00,0.0041044726967811584,0.002779289543722207
2023-05-13 16:00:00,0.003416126361116767,0.002779289543722207
2023-05-13 17:00:00,0.003273952519521117,0.002779289543722207
2023-05-13 18:00:00,0.003213646821677685,0.002779289543722207
2023-05-13 19:00:00,0.0034849578514695168,0.002779289543722207
2023-05-13 20:00:00,0.0033695257734507322,0.002779289543722207
2023-05-13 21:00:00,0.003323768265545368,0.002779289543722207
2023-05-13 22:00:00,0.0030461440328508615,0.002779289543722207
2023-05-13 23:00:00,0.0029228588100522757,0.002779289543722207
2023-05-14 00:00:00,0.0030540209263563156,0.002779289543722207
2023-05-14 01:00:00,0.0029272809624671936,0.002779289543722207
2023-05-14 02:00:00,0.002821954432874918,0.002779289543722207
2023-05-14 03:00:00,0.0028149497229605913,0.002779289543722207
2023-05-14 18:00:00,0.002913702977821231,0.002779289543722207
2023-05-14 20:00:00,0.0030484157614409924,0.002779289543722207
2023-05-14 21:00:00,0.0032277696300297976,0.002779289543722207
2023-05-14 22:00:00,0.0032674793619662523,0.002779289543722207
2023-05-14 23:00:00,0.0030811999458819628,0.002779289543722207
2023-05-15 00:00:00,0.0030413134954869747,0.002779289543722207
2023-05-15 01:00:00,0.003101561451330781,0.002779289543722207
2023-05-15 02:00:00,0.002888279967010021,0.002779289543722207
2023-05-15 03:00:00,0.0028136244509369135,0.002779289543722207
2023-05-15 08:00:00,0.0034210924059152603,0.002779289543722207
2023-05-15 09:00:00,0.0036804955452680588,0.002779289543722207
2023-05-15 10:00:00,0.0036088074557483196,0.002779289543722207
2023-05-15 11:00:00,0.0037049823440611362,0.002779289543722207
2023-05-15 12:00:00,0.0035344006028026342,0.002779289543722207
2023-05-15 13:00:00,0.0035739608574658632,0.002779289543722207
2023-05-15 14:00:00,0.003473948920145631,0.002779289543722207
2023-05-15 15:00:00,0.003137383610010147,0.002779289543722207
2023-05-15 16:00:00,0.002795847598463297,0.002779289543722207
2023-05-15 17:00:00,0.0030078610870987177,0.002779289543722207
2023-05-15 18:00:00,0.0032524645794183016,0.002779289543722207
2023-05-15 19:00:00,0.0036109096836298704,0.002779289543722207
2023-05-15 20:00:00,0.0037039427552372217,0.002779289543722207
2023-05-15 21:00:00,0.003701379057019949,0.002779289543722207
2023-05-15 22:00:00,0.003740034531801939,0.002779289543722207
2023-05-15 23:00:00,0.0038404292427003384,0.002779289543722207
2023-05-16 00:00:00,0.004167789593338966,0.002779289543722207
2023-05-16 01:00:00,0.004173835273832083,0.002779289543722207
2023-05-16 02:00:00,0.004382234066724777,0.002779289543722207
2023-05-16 03:00:00,0.004552400670945644,0.002779289543722207
2023-05-16 04:00:00,0.003706525545567274,0.002779289543722207
2023-05-16 05:00:00,0.0035337405279278755,0.002779289543722207
2023-05-16 06:00:00,0.003297446994110942,0.002779289543722207
2023-05-16 07:00:00,0.003425055183470249,0.002779289543722207
2023-05-16 08:00:00,0.003425764385610819,0.002779289543722207
2023-05-16 09:00:00,0.002922193845734,0.002779289543722207
2023-05-16 10:00:00,0.0030296107288450003,0.002779289543722207
2023-05-16 11:00:00,0.0035488142166286707,0.002779289543722207
2023-05-16 12:00:00,0.003810353809967637,0.002779289543722207
2023-05-16 13:00:00,0.003595237620174885,0.002779289543722207
2023-05-16 14:00:00,0.004289098549634218,0.002779289543722207
2023-05-16 15:00:00,0.003640981623902917,0.002779289543722207
2023-05-16 16:00:00,0.0030736043117940426,0.002779289543722207
2023-05-16 17:00:00,0.0027911742217838764,0.002779289543722207
2023-05-16 18:00:00,0.002925446256995201,0.002779289543722207
2023-05-16 19:00:00,0.003019037190824747,0.002779289543722207
2023-05-16 20:00:00,0.0033113446552306414,0.002779289543722207
2023-05-16 21:00:00,0.0032032893504947424,0.002779289543722207
2023-05-16 22:00:00,0.003131262492388487,0.002779289543722207
2023-05-16 23:00:00,0.0031085312366485596,0.002779289543722207
2023-05-17 00:00:00,0.0029550327453762293,0.002779289543722207
2023-05-17 05:00:00,0.0030336505733430386,0.002779289543722207
2023-05-17 06:00:00,0.002785539021715522,0.002779289543722207
2023-05-17 07:00:00,0.0035916855558753014,0.002779289543722207
2023-05-17 08:00:00,0.0034197603818029165,0.002779289543722207
2023-05-17 10:00:00,0.002933903830125928,0.002779289543722207
2023-05-17 11:00:00,0.002968380693346262,0.002779289543722207
2023-05-17 13:00:00,0.0029181288555264473,0.002779289543722207
2023-05-17 19:00:00,0.0031990462448447943,0.002779289543722207
2023-05-17 20:00:00,0.003431162564083934,0.002779289543722207
2023-05-17 21:00:00,0.0035862678196281195,0.002779289543722207
2023-05-17 22:00:00,0.003706603078171611,0.002779289543722207
2023-05-17 23:00:00,0.003794153919443488,0.002779289543722207
2023-05-18 00:00:00,0.0037297727540135384,0.002779289543722207
2023-05-18 01:00:00,0.0037596726324409246,0.002779289543722207
2023-05-18 02:00:00,0.0037359301932156086,0.002779289543722207
2023-05-18 03:00:00,0.0036031301133334637,0.002779289543722207
2023-05-18 04:00:00,0.0033244432415813208,0.002779289543722207
2023-05-18 05:00:00,0.0031505650840699673,0.002779289543722207
2023-05-18 06:00:00,0.003608552273362875,0.002779289543722207
2023-05-18 07:00:00,0.003088511759415269,0.002779289543722207
2023-05-18 08:00:00,0.003090047277510166,0.002779289543722207
2023-05-18 09:00:00,0.003366757882758975,0.002779289543722207
2023-05-18 10:00:00,0.003815173637121916,0.002779289543722207
2023-05-18 11:00:00,0.004128716420382261,0.002779289543722207
2023-05-18 12:00:00,0.0039865379221737385,0.002779289543722207
2023-05-18 13:00:00,0.003560219192877412,0.002779289543722207
2023-05-18 14:00:00,0.00373009592294693,0.002779289543722207
2023-05-18 15:00:00,0.0036219090688973665,0.002779289543722207
2023-05-18 16:00:00,0.0035588073078542948,0.002779289543722207
2023-05-18 17:00:00,0.0029562022536993027,0.002779289543722207
2023-05-20 06:00:00,0.0031852538231760263,0.002779289543722207
2023-05-20 07:00:00,0.0030044708400964737,0.002779289543722207
2023-05-20 11:00:00,0.003058692440390587,0.002779289543722207
2023-05-20 12:00:00,0.0028840741142630577,0.002779289543722207
2023-05-20 13:00:00,0.0027880086563527584,0.002779289543722207
2023-05-20 16:00:00,0.0028961466159671545,0.002779289543722207
2023-05-21 15:00:00,0.003042022231966257,0.002779289543722207
2023-05-21 16:00:00,0.003112500300630927,0.002779289543722207
2023-06-24 04:00:00,0.0028565030079334974,0.002779289543722207
2023-06-24 05:00:00,0.0029690107330679893,0.002779289543722207
2023-06-24 06:00:00,0.002969890832901001,0.002779289543722207
2023-06-24 07:00:00,0.002924460219219327,0.002779289543722207
2023-06-24 08:00:00,0.0030792842153459787,0.002779289543722207
2023-06-24 09:00:00,0.0030166504438966513,0.002779289543722207
2023-06-24 10:00:00,0.0030127549543976784,0.002779289543722207
2023-06-24 11:00:00,0.003194606164470315,0.002779289543722207
2023-06-24 12:00:00,0.002961719175800681,0.002779289543722207
2023-06-24 13:00:00,0.0033186045475304127,0.002779289543722207
2023-06-24 14:00:00,0.0031782975420355797,0.002779289543722207
2023-06-24 15:00:00,0.003151498967781663,0.002779289543722207
2023-06-24 16:00:00,0.0030782457906752825,0.002779289543722207
2023-06-24 17:00:00,0.0030507734045386314,0.002779289543722207
2023-06-24 18:00:00,0.0029906383715569973,0.002779289543722207
2023-06-24 19:00:00,0.002913063857704401,0.002779289543722207
2023-06-24 22:00:00,0.004275191109627485,0.002779289543722207
2023-06-24 23:00:00,0.004344564862549305,0.002779289543722207
2023-06-25 00:00:00,0.004315770231187344,0.002779289543722207
2023-06-25 01:00:00,0.004612164571881294,0.002779289543722207
2023-06-25 02:00:00,0.004522770643234253,0.002779289543722207
2023-06-25 03:00:00,0.004548441618680954,0.002779289543722207
2023-06-25 04:00:00,0.005474332254379988,0.002779289543722207
2023-06-25 05:00:00,0.005390849430114031,0.002779289543722207
2023-06-25 06:00:00,0.00598696107044816,0.002779289543722207
2023-06-25 07:00:00,0.005754575598984957,0.002779289543722207
2023-06-25 08:00:00,0.005399506073445082,0.002779289543722207
2023-06-25 09:00:00,0.004951349459588528,0.002779289543722207
2023-06-25 10:00:00,0.004431695677340031,0.002779289543722207
2023-06-25 11:00:00,0.004561793990433216,0.002779289543722207
2023-06-25 12:00:00,0.005083119031041861,0.002779289543722207
2023-06-25 13:00:00,0.005160101689398289,0.002779289543722207
2023-06-25 14:00:00,0.005154630169272423,0.002779289543722207
2023-06-25 15:00:00,0.005112954881042242,0.002779289543722207
2023-06-25 16:00:00,0.0052025578916072845,0.002779289543722207
2023-06-25 17:00:00,0.005319796968251467,0.002779289543722207
2023-06-25 18:00:00,0.005361085291951895,0.002779289543722207
2023-06-25 19:00:00,0.0048792725428938866,0.002779289543722207
2023-06-25 20:00:00,0.002924612956121564,0.002779289543722207
2023-06-25 21:00:00,0.0028123310767114162,0.002779289543722207
2023-06-25 22:00:00,0.003967377822846174,0.002779289543722207
2023-06-25 23:00:00,0.003178192302584648,0.002779289543722207
2023-06-26 00:00:00,0.003925669472664595,0.002779289543722207
2023-06-26 01:00:00,0.0039490764029324055,0.002779289543722207
2023-06-26 02:00:00,0.0031465101055800915,0.002779289543722207
2023-06-26 03:00:00,0.003675680374726653,0.002779289543722207
2023-06-26 04:00:00,0.004142367746680975,0.002779289543722207
2023-06-26 05:00:00,0.0036403927952051163,0.002779289543722207
2023-06-26 06:00:00,0.003640103852376342,0.002779289543722207
2023-06-26 07:00:00,0.0036135418340563774,0.002779289543722207
2023-06-26 08:00:00,0.0037651320453733206,0.002779289543722207
2023-06-26 09:00:00,0.004058448132127523,0.002779289543722207
2023-06-26 10:00:00,0.004251114558428526,0.002779289543722207
2023-06-26 11:00:00,0.004383999854326248,0.002779289543722207
2023-06-26 12:00:00,0.004610901232808828,0.002779289543722207
2023-06-26 13:00:00,0.0048180739395320415,0.002779289543722207
2023-06-26 14:00:00,0.004872482270002365,0.002779289543722207
2023-06-26 15:00:00,0.004750730935484171,0.002779289543722207
2023-06-26 16:00:00,0.004750113934278488,0.002779289543722207
2023-06-26 17:00:00,0.004899180494248867,0.002779289543722207
2023-06-26 18:00:00,0.0050535681657493114,0.002779289543722207
2023-06-26 19:00:00,0.004993985407054424,0.002779289543722207
2023-06-26 20:00:00,0.004980968777090311,0.002779289543722207
2023-06-26 21:00:00,0.005394601263105869,0.002779289543722207
2023-06-26 22:00:00,0.004897295031696558,0.002779289543722207
2023-06-26 23:00:00,0.004986431449651718,0.002779289543722207
2023-06-27 00:00:00,0.0048526739701628685,0.002779289543722207
2023-06-27 01:00:00,0.004726525861769915,0.002779289543722207
2023-06-27 02:00:00,0.005685681942850351,0.002779289543722207
2023-06-27 03:00:00,0.0051488266326487064,0.002779289543722207
2023-06-27 04:00:00,0.004785984754562378,0.002779289543722207
2023-06-27 05:00:00,0.005661082454025745,0.002779289543722207
2023-06-27 06:00:00,0.0053244782611727715,0.002779289543722207
2023-06-27 07:00:00,0.005624150857329369,0.002779289543722207
2023-06-27 08:00:00,0.006130580324679613,0.002779289543722207
2023-06-27 09:00:00,0.006618503946810961,0.002779289543722207
2023-06-27 10:00:00,0.006779048126190901,0.002779289543722207
2023-06-27 11:00:00,0.007022276986390352,0.002779289543722207
2023-06-27 12:00:00,0.007025503553450108,0.002779289543722207
2023-06-27 13:00:00,0.0068345628678798676,0.002779289543722207
2023-06-27 14:00:00,0.006942402105778456,0.002779289543722207
2023-06-27 15:00:00,0.007239401340484619,0.002779289543722207
2023-06-27 16:00:00,0.007394264917820692,0.002779289543722207
2023-06-27 17:00:00,0.0073331608437001705,0.002779289543722207
2023-06-27 18:00:00,0.00503879738971591,0.002779289543722207
2023-06-27 19:00:00,0.00500909611582756,0.002779289543722207
2023-06-27 20:00:00,0.00455338042229414,0.002779289543722207
2023-06-27 21:00:00,0.0044846502132713795,0.002779289543722207
2023-06-27 22:00:00,0.004311760887503624,0.002779289543722207
2023-06-28 23:00:00,0.002791839186102152,0.002779289543722207
2023-06-29 00:00:00,0.0028828075155615807,0.002779289543722207
2023-06-29 01:00:00,0.0029454168397933245,0.002779289543722207
2023-06-29 02:00:00,0.0030256484169512987,0.002779289543722207
2023-06-29 03:00:00,0.003104051109403372,0.002779289543722207
2023-06-29 04:00:00,0.0032312246039509773,0.002779289543722207
2023-06-29 05:00:00,0.004179543815553188,0.002779289543722207
2023-06-29 06:00:00,0.004694097209721804,0.002779289543722207
2023-06-29 07:00:00,0.00516046117991209,0.002779289543722207
2023-06-29 08:00:00,0.0045593916438519955,0.002779289543722207
2023-06-29 09:00:00,0.00466746324673295,0.002779289543722207
2023-06-29 10:00:00,0.004741104785352945,0.002779289543722207
2023-06-29 11:00:00,0.004830381833016872,0.002779289543722207
2023-06-29 12:00:00,0.004693915601819754,0.002779289543722207
2023-06-29 13:00:00,0.005459749139845371,0.002779289543722207
2023-06-29 14:00:00,0.0053122746758162975,0.002779289543722207
2023-06-29 15:00:00,0.004613935481756926,0.002779289543722207
2023-06-29 16:00:00,0.004472668282687664,0.002779289543722207
2023-06-29 17:00:00,0.00457843067124486,0.002779289543722207
2023-06-29 18:00:00,0.004266134463250637,0.002779289543722207
2023-06-29 19:00:00,0.004285014234483242,0.002779289543722207
2023-06-29 20:00:00,0.004176442511379719,0.002779289543722207
2023-06-29 21:00:00,0.003923020791262388,0.002779289543722207
2023-06-29 22:00:00,0.0030868046451359987,0.002779289543722207
2023-06-29 23:00:00,0.0033112838864326477,0.002779289543722207
2023-06-30 00:00:00,0.0037017252761870623,0.002779289543722207
2023-06-30 01:00:00,0.0040083983913064,0.002779289543722207
2023-06-30 02:00:00,0.004019335377961397,0.002779289543722207
2023-06-30 03:00:00,0.0033373297192156315,0.002779289543722207
2023-07-01 01:00:00,0.0029031881131231785,0.002779289543722207
2023-07-01 02:00:00,0.003626895369961858,0.002779289543722207
2023-07-01 03:00:00,0.004399140831083059,0.002779289543722207
2023-07-01 04:00:00,0.004565815441310406,0.002779289543722207
2023-07-01 05:00:00,0.004597409628331661,0.002779289543722207
2023-07-01 06:00:00,0.00456328596919775,0.002779289543722207
2023-07-01 07:00:00,0.0045354170724749565,0.002779289543722207
2023-07-01 08:00:00,0.004632262047380209,0.002779289543722207
2023-07-01 09:00:00,0.004491060506552458,0.002779289543722207
2023-07-01 10:00:00,0.005034634377807379,0.002779289543722207
2023-07-01 11:00:00,0.004830834921449423,0.002779289543722207
2023-07-01 12:00:00,0.004560620989650488,0.002779289543722207
2023-07-01 13:00:00,0.004426266066730022,0.002779289543722207
2023-07-01 14:00:00,0.004355461802333593,0.002779289543722207
2023-07-01 15:00:00,0.004256393760442734,0.002779289543722207
2023-07-01 16:00:00,0.004013790283352137,0.002779289543722207
2023-07-01 17:00:00,0.003908928483724594,0.002779289543722207
2023-07-01 18:00:00,0.0032876047771424055,0.002779289543722207
2023-07-01 23:00:00,0.003088283585384488,0.002779289543722207
2023-07-02 00:00:00,0.002960702171549201,0.002779289543722207
2023-07-03 16:00:00,0.0027910012286156416,0.002779289543722207
2023-07-03 17:00:00,0.002982794540002942,0.002779289543722207
2023-07-03 18:00:00,0.002944780047982931,0.002779289543722207
2023-07-03 19:00:00,0.0028787364717572927,0.002779289543722207
2023-07-05 03:00:00,0.0029729970265179873,0.002779289543722207
2023-07-05 04:00:00,0.003096073167398572,0.002779289543722207
2023-07-05 05:00:00,0.002932128496468067,0.002779289543722207
2023-07-05 06:00:00,0.0029025760013610125,0.002779289543722207
2023-07-05 07:00:00,0.0029254916589707136,0.002779289543722207
2023-07-05 08:00:00,0.0030137565918266773,0.002779289543722207
2023-07-05 09:00:00,0.0031427473295480013,0.002779289543722207
2023-07-05 10:00:00,0.003146524541079998,0.002779289543722207
2023-07-05 11:00:00,0.00304658361710608,0.002779289543722207
2023-07-05 12:00:00,0.0032092900946736336,0.002779289543722207
2023-07-05 13:00:00,0.003117752494290471,0.002779289543722207
2023-07-05 14:00:00,0.0031666988506913185,0.002779289543722207
2023-07-05 15:00:00,0.0032081876415759325,0.002779289543722207
2023-07-05 16:00:00,0.0030762702226638794,0.002779289543722207
2023-07-05 17:00:00,0.002984848339110613,0.002779289543722207
2023-07-05 18:00:00,0.002955186879262328,0.002779289543722207
2023-07-05 19:00:00,0.002871061209589243,0.002779289543722207
2023-07-05 20:00:00,0.002819245448336005,0.002779289543722207
2023-07-05 23:00:00,0.004344138782471418,0.002779289543722207
2023-07-06 00:00:00,0.003928727470338345,0.002779289543722207
2023-07-06 01:00:00,0.0034625576809048653,0.002779289543722207
2023-07-06 04:00:00,0.0031393864192068577,0.002779289543722207
2023-07-06 05:00:00,0.0031854556873440742,0.002779289543722207
2023-07-06 06:00:00,0.004154928028583527,0.002779289543722207
2023-07-06 07:00:00,0.004178655333817005,0.002779289543722207
2023-07-06 08:00:00,0.0041229818016290665,0.002779289543722207
2023-07-06 09:00:00,0.004202018491923809,0.002779289543722207
2023-07-06 10:00:00,0.004161853808909655,0.002779289543722207
2023-07-06 11:00:00,0.004751987289637327,0.002779289543722207
2023-07-06 12:00:00,0.004845608025789261,0.002779289543722207
2023-07-06 13:00:00,0.004914950579404831,0.002779289543722207
2023-07-06 14:00:00,0.004919706378132105,0.002779289543722207
2023-07-06 15:00:00,0.004662456456571817,0.002779289543722207
2023-07-06 16:00:00,0.0045449137687683105,0.002779289543722207
2023-07-06 17:00:00,0.004173201974481344,0.002779289543722207
2023-07-06 18:00:00,0.0039431373588740826,0.002779289543722207
2023-07-06 19:00:00,0.0037304514553397894,0.002779289543722207
2023-07-06 20:00:00,0.0038065447006374598,0.002779289543722207
2023-07-06 21:00:00,0.002986971056088805,0.002779289543722207
2023-07-07 01:00:00,0.003000764176249504,0.002779289543722207
2023-07-07 02:00:00,0.0030305241234600544,0.002779289543722207
2023-07-07 11:00:00,0.0028420088347047567,0.002779289543722207
2023-07-07 12:00:00,0.0028627992141991854,0.002779289543722207
2023-07-07 14:00:00,0.0028202752582728863,0.002779289543722207
2023-07-07 15:00:00,0.0029449344146996737,0.002779289543722207
2023-07-11 03:00:00,0.0028531395364552736,0.002779289543722207
2023-07-11 04:00:00,0.00293546449393034,0.002779289543722207
2023-07-11 05:00:00,0.002930879360064864,0.002779289543722207
2023-07-11 06:00:00,0.002932279370725155,0.002779289543722207
2023-07-11 07:00:00,0.0029274197295308113,0.002779289543722207
2023-07-11 08:00:00,0.0029313177801668644,0.002779289543722207
2023-07-11 09:00:00,0.002865803660824895,0.002779289543722207
2023-07-11 10:00:00,0.0029527870938181877,0.002779289543722207
2023-07-11 11:00:00,0.0030715803150087595,0.002779289543722207
2023-07-11 12:00:00,0.0030407728627324104,0.002779289543722207
2023-07-11 13:00:00,0.003105571959167719,0.002779289543722207
2023-07-11 14:00:00,0.0031220470555126667,0.002779289543722207
2023-07-11 15:00:00,0.003038854105398059,0.002779289543722207
2023-07-11 16:00:00,0.0029659622814506292,0.002779289543722207
2023-07-11 17:00:00,0.002931910566985607,0.002779289543722207
2023-07-11 18:00:00,0.0030299006029963493,0.002779289543722207
2023-07-11 19:00:00,0.003014835063368082,0.002779289543722207
2023-07-11 20:00:00,0.00301217008382082,0.002779289543722207
2023-07-11 21:00:00,0.0030213582795113325,0.002779289543722207
2023-07-11 22:00:00,0.0031367719639092684,0.002779289543722207
2023-07-13 10:00:00,0.00281699700281024,0.002779289543722207
2023-07-13 14:00:00,0.0028694914653897285,0.002779289543722207
2023-07-13 15:00:00,0.002897979924455285,0.002779289543722207
2023-07-14 00:00:00,0.0029229025822132826,0.002779289543722207
2023-07-14 01:00:00,0.002826891141012311,0.002779289543722207
2023-07-14 02:00:00,0.002881568158045411,0.002779289543722207
2023-07-14 03:00:00,0.002945413812994957,0.002779289543722207
2023-07-14 04:00:00,0.0029730366077274084,0.002779289543722207
2023-07-14 05:00:00,0.0029195265378803015,0.002779289543722207
2023-07-14 06:00:00,0.002872773678973317,0.002779289543722207
2023-07-14 07:00:00,0.0029697848949581385,0.002779289543722207
2023-07-14 08:00:00,0.0029936814680695534,0.002779289543722207
2023-07-14 09:00:00,0.002848338568583131,0.002779289543722207
2023-07-14 10:00:00,0.002828819677233696,0.002779289543722207
2023-07-14 11:00:00,0.002797052962705493,0.002779289543722207
2023-07-15 11:00:00,0.002840709639713168,0.002779289543722207
2023-07-16 01:00:00,0.002792361890897155,0.002779289543722207
2023-07-16 03:00:00,0.003394222352653742,0.002779289543722207
2023-07-16 04:00:00,0.004137646406888962,0.002779289543722207
2023-07-16 05:00:00,0.004900266882032156,0.002779289543722207
2023-07-16 06:00:00,0.005600693169981241,0.002779289543722207
2023-07-16 07:00:00,0.006540393922477961,0.002779289543722207
2023-07-16 08:00:00,0.007427364122122526,0.002779289543722207
2023-07-16 09:00:00,0.007852436974644661,0.002779289543722207
2023-07-16 10:00:00,0.008607159368693829,0.002779289543722207
2023-07-16 11:00:00,0.009407018311321735,0.002779289543722207
2023-07-16 12:00:00,0.010008804500102997,0.002779289543722207
2023-07-16 13:00:00,0.01074266992509365,0.002779289543722207
2023-07-16 14:00:00,0.011594674549996853,0.002779289543722207
2023-07-16 15:00:00,0.0126161128282547,0.002779289543722207
2023-07-16 16:00:00,0.013369097374379635,0.002779289543722207
2023-07-16 17:00:00,0.014359141699969769,0.002779289543722207
2023-07-16 18:00:00,0.015060454607009888,0.002779289543722207
2023-07-16 19:00:00,0.016042763367295265,0.002779289543722207
2023-07-16 20:00:00,0.016386989504098892,0.002779289543722207
2023-07-16 21:00:00,0.016718635335564613,0.002779289543722207
2023-07-16 22:00:00,0.016761554405093193,0.002779289543722207
2023-07-16 23:00:00,0.017257891595363617,0.002779289543722207
2023-07-17 00:00:00,0.017675600945949554,0.002779289543722207
2023-07-17 01:00:00,0.01825989969074726,0.002779289543722207
2023-07-17 02:00:00,0.018935352563858032,0.002779289543722207
2023-07-17 03:00:00,0.019267506897449493,0.002779289543722207
2023-07-17 04:00:00,0.019505592063069344,0.002779289543722207
2023-07-17 05:00:00,0.01966671273112297,0.002779289543722207
2023-07-17 06:00:00,0.01996108703315258,0.002779289543722207
2023-07-17 07:00:00,0.01963525079190731,0.002779289543722207
2023-07-17 08:00:00,0.01891108974814415,0.002779289543722207
2023-07-17 09:00:00,0.01974302902817726,0.002779289543722207
2023-07-17 10:00:00,0.0185525082051754,0.002779289543722207
2023-07-17 11:00:00,0.017831262201070786,0.002779289543722207
2023-07-17 12:00:00,0.017458438873291016,0.002779289543722207
2023-07-17 13:00:00,0.016645608469843864,0.002779289543722207
2023-07-17 14:00:00,0.01609952747821808,0.002779289543722207
2023-07-17 15:00:00,0.01544859353452921,0.002779289543722207
2023-07-17 16:00:00,0.014894593507051468,0.002779289543722207
2023-07-17 17:00:00,0.014102672226727009,0.002779289543722207
2023-07-17 18:00:00,0.013393621891736984,0.002779289543722207
2023-07-17 19:00:00,0.012640967033803463,0.002779289543722207
2023-07-17 20:00:00,0.01193598099052906,0.002779289543722207
2023-07-17 21:00:00,0.010460513643920422,0.002779289543722207
2023-07-17 22:00:00,0.009606226347386837,0.002779289543722207
2023-07-17 23:00:00,0.0080867363139987,0.002779289543722207
2023-07-18 00:00:00,0.008072483353316784,0.002779289543722207
2023-07-18 01:00:00,0.007481416221708059,0.002779289543722207
2023-07-18 02:00:00,0.00686646718531847,0.002779289543722207
2023-07-18 03:00:00,0.006243982817977667,0.002779289543722207
2023-07-18 04:00:00,0.005639240611344576,0.002779289543722207
2023-07-18 05:00:00,0.005570662673562765,0.002779289543722207
2023-07-18 06:00:00,0.005217112135142088,0.002779289543722207
2023-07-18 07:00:00,0.005223458632826805,0.002779289543722207
2023-07-18 08:00:00,0.004074039403349161,0.002779289543722207
2023-07-18 09:00:00,0.0035484477411955595,0.002779289543722207
2023-07-18 10:00:00,0.003436229657381773,0.002779289543722207
2023-07-18 11:00:00,0.003844300052151084,0.002779289543722207
2023-07-18 12:00:00,0.0038428506813943386,0.002779289543722207
2023-07-18 13:00:00,0.0036482634022831917,0.002779289543722207
2023-07-18 14:00:00,0.003734433790668845,0.002779289543722207
2023-07-18 15:00:00,0.0038176430389285088,0.002779289543722207
2023-07-18 16:00:00,0.0036328244023025036,0.002779289543722207
2023-07-18 17:00:00,0.0035497371573001146,0.002779289543722207
2023-07-18 18:00:00,0.0035302513279020786,0.002779289543722207
2023-07-18 19:00:00,0.003411254147067666,0.002779289543722207
2023-07-18 20:00:00,0.0031869306694716215,0.002779289543722207
2023-07-18 21:00:00,0.0029162385035306215,0.002779289543722207
2023-07-21 09:00:00,0.0030064848251640797,0.002779289543722207
2023-07-21 10:00:00,0.0033702864311635494,0.002779289543722207
2023-07-21 11:00:00,0.0034751519560813904,0.002779289543722207
2023-07-21 12:00:00,0.003361399983987212,0.002779289543722207
2023-07-21 13:00:00,0.0034431403037160635,0.002779289543722207
2023-07-21 14:00:00,0.0034180916845798492,0.002779289543722207
2023-07-21 15:00:00,0.0035045200493186712,0.002779289543722207
2023-07-21 16:00:00,0.003393318271264434,0.002779289543722207
2023-07-21 17:00:00,0.003377458779141307,0.002779289543722207
2023-07-21 18:00:00,0.0033038901165127754,0.002779289543722207
2023-07-21 19:00:00,0.0035283835604786873,0.002779289543722207
2023-07-21 20:00:00,0.005157064646482468,0.002779289543722207
2023-07-21 21:00:00,0.004838902503252029,0.002779289543722207
2023-07-21 22:00:00,0.005553446244448423,0.002779289543722207
2023-07-21 23:00:00,0.0057298834435641766,0.002779289543722207
2023-07-22 00:00:00,0.0057612634263932705,0.002779289543722207
2023-07-22 01:00:00,0.0058885798789560795,0.002779289543722207
2023-07-22 02:00:00,0.0053824689239263535,0.002779289543722207
2023-07-22 03:00:00,0.0058072153478860855,0.002779289543722207
2023-07-22 04:00:00,0.005575414746999741,0.002779289543722207
2023-07-22 05:00:00,0.0047897398471832275,0.002779289543722207
2023-07-22 06:00:00,0.004680959042161703,0.002779289543722207
2023-07-22 07:00:00,0.004600465763360262,0.002779289543722207
2023-07-22 08:00:00,0.0047906129620969296,0.002779289543722207
2023-07-22 09:00:00,0.005547136999666691,0.002779289543722207
2023-07-22 10:00:00,0.005378450267016888,0.002779289543722207
2023-07-22 11:00:00,0.0050938427448272705,0.002779289543722207
2023-07-22 12:00:00,0.005289812572300434,0.002779289543722207
2023-07-22 13:00:00,0.005443112459033728,0.002779289543722207
2023-07-22 14:00:00,0.00560034578666091,0.002779289543722207
2023-07-22 15:00:00,0.005657688248902559,0.002779289543722207
2023-07-22 16:00:00,0.0054015121422708035,0.002779289543722207
2023-07-22 17:00:00,0.005444940645247698,0.002779289543722207
2023-07-22 18:00:00,0.003423331305384636,0.002779289543722207
2023-07-22 19:00:00,0.0036087811458855867,0.002779289543722207
2023-07-22 20:00:00,0.003427225397899747,0.002779289543722207
2023-07-22 21:00:00,0.004509266000241041,0.002779289543722207
2023-07-22 22:00:00,0.005026691593229771,0.002779289543722207
2023-07-22 23:00:00,0.0046867975033819675,0.002779289543722207
2023-07-23 00:00:00,0.003056521061807871,0.002779289543722207
2023-07-23 01:00:00,0.0029480422381311655,0.002779289543722207
2023-07-25 10:00:00,0.0028386451303958893,0.002779289543722207
2023-07-25 11:00:00,0.0031015973072499037,0.002779289543722207
2023-07-25 12:00:00,0.0033071860671043396,0.002779289543722207
2023-07-25 13:00:00,0.003590705106034875,0.002779289543722207
2023-07-25 14:00:00,0.003437099512666464,0.002779289543722207
2023-07-25 15:00:00,0.00541032524779439,0.002779289543722207
2023-07-25 16:00:00,0.004464284051209688,0.002779289543722207
2023-07-25 17:00:00,0.005252479109913111,0.002779289543722207
2023-07-25 18:00:00,0.005684510339051485,0.002779289543722207
2023-07-25 19:00:00,0.005903154145926237,0.002779289543722207
2023-07-25 20:00:00,0.006009058095514774,0.002779289543722207
2023-07-25 21:00:00,0.006253737490624189,0.002779289543722207
2023-07-25 22:00:00,0.006466217804700136,0.002779289543722207
2023-07-25 23:00:00,0.006585718598216772,0.002779289543722207
2023-07-26 00:00:00,0.007884306833148003,0.002779289543722207
2023-07-26 01:00:00,0.007485393434762955,0.002779289543722207
2023-07-26 02:00:00,0.00563946645706892,0.002779289543722207
2023-07-26 03:00:00,0.0060411072336137295,0.002779289543722207
2023-07-26 04:00:00,0.006607905030250549,0.002779289543722207
2023-07-26 05:00:00,0.006611046846956015,0.002779289543722207
2023-07-26 06:00:00,0.007095634937286377,0.002779289543722207
2023-07-26 07:00:00,0.006886649411171675,0.002779289543722207
2023-07-26 08:00:00,0.006998797412961721,0.002779289543722207
2023-07-26 09:00:00,0.007547502405941486,0.002779289543722207
2023-07-26 10:00:00,0.007483343593776226,0.002779289543722207
2023-07-26 11:00:00,0.007999706082046032,0.002779289543722207
2023-07-26 12:00:00,0.007171071600168943,0.002779289543722207
2023-07-26 13:00:00,0.007061305455863476,0.002779289543722207
2023-07-26 14:00:00,0.006478635594248772,0.002779289543722207
2023-07-26 15:00:00,0.006987304426729679,0.002779289543722207
2023-07-26 16:00:00,0.006611031014472246,0.002779289543722207
2023-07-26 17:00:00,0.006349968258291483,0.002779289543722207
2023-07-26 18:00:00,0.006075521465390921,0.002779289543722207
2023-07-26 19:00:00,0.005794490687549114,0.002779289543722207
2023-07-26 20:00:00,0.004804882686585188,0.002779289543722207
2023-07-26 21:00:00,0.0042978269048035145,0.002779289543722207
2023-07-26 22:00:00,0.0060246349312365055,0.002779289543722207
2023-07-26 23:00:00,0.004855534993112087,0.002779289543722207
2023-07-27 00:00:00,0.006355296354740858,0.002779289543722207
2023-07-27 01:00:00,0.006714973133057356,0.002779289543722207
2023-07-27 02:00:00,0.005730902776122093,0.002779289543722207
2023-07-27 03:00:00,0.00528204720467329,0.002779289543722207
2023-07-27 04:00:00,0.0066420105285942554,0.002779289543722207
2023-07-27 05:00:00,0.006686406675726175,0.002779289543722207
2023-07-27 06:00:00,0.00659021083265543,0.002779289543722207
2023-07-27 07:00:00,0.006093686446547508,0.002779289543722207
2023-07-27 08:00:00,0.005931844003498554,0.002779289543722207
2023-07-27 09:00:00,0.0054822564125061035,0.002779289543722207
2023-07-27 10:00:00,0.005645282566547394,0.002779289543722207
2023-07-27 11:00:00,0.006506733130663633,0.002779289543722207
2023-07-27 12:00:00,0.006262160837650299,0.002779289543722207
2023-07-27 13:00:00,0.006966930348426104,0.002779289543722207
2023-07-27 14:00:00,0.00703173503279686,0.002779289543722207
2023-07-27 15:00:00,0.006898015271872282,0.002779289543722207
2023-07-27 16:00:00,0.006580675486475229,0.002779289543722207
2023-07-27 17:00:00,0.00620659813284874,0.002779289543722207
2023-07-27 18:00:00,0.005847391206771135,0.002779289543722207
2023-07-27 19:00:00,0.005786340683698654,0.002779289543722207
2023-07-27 20:00:00,0.004279851447790861,0.002779289543722207
2023-07-27 21:00:00,0.004154222086071968,0.002779289543722207
2023-07-27 22:00:00,0.0040120286867022514,0.002779289543722207
2023-07-27 23:00:00,0.004937510006129742,0.002779289543722207
2023-07-28 00:00:00,0.005303732119500637,0.002779289543722207
2023-07-28 01:00:00,0.005568049382418394,0.002779289543722207
2023-07-28 02:00:00,0.004116848111152649,0.002779289543722207
2023-07-28 03:00:00,0.003971084486693144,0.002779289543722207
2023-07-28 04:00:00,0.00347849540412426,0.002779289543722207
2023-07-28 05:00:00,0.0034400802105665207,0.002779289543722207
2023-07-28 06:00:00,0.003522933227941394,0.002779289543722207
2023-07-28 07:00:00,0.003352169180288911,0.002779289543722207
2023-07-28 08:00:00,0.003364934353157878,0.002779289543722207
2023-07-28 09:00:00,0.003160756314173341,0.002779289543722207
2023-07-28 10:00:00,0.0027905418537557125,0.002779289543722207
2023-07-28 11:00:00,0.0029627529438585043,0.002779289543722207
2023-07-28 12:00:00,0.0030116720590740442,0.002779289543722207
2023-07-28 13:00:00,0.0030280412174761295,0.002779289543722207
2023-07-28 14:00:00,0.003084489144384861,0.002779289543722207
2023-07-28 15:00:00,0.0033210229594260454,0.002779289543722207
2023-07-28 16:00:00,0.003257135394960642,0.002779289543722207
2023-07-28 17:00:00,0.0034589108545333147,0.002779289543722207
2023-07-28 18:00:00,0.003580712014809251,0.002779289543722207
2023-07-28 19:00:00,0.0035367952659726143,0.002779289543722207
2023-07-28 20:00:00,0.0032365876249969006,0.002779289543722207
2023-07-29 06:00:00,0.002864980371668935,0.002779289543722207
2023-07-29 07:00:00,0.002906461013481021,0.002779289543722207
2023-07-29 08:00:00,0.0029643073212355375,0.002779289543722207
2023-07-29 09:00:00,0.0030454816296696663,0.002779289543722207
2023-07-29 10:00:00,0.0032063485123217106,0.002779289543722207
2023-07-29 11:00:00,0.0028339577838778496,0.002779289543722207
2023-07-29 12:00:00,0.0028019719757139683,0.002779289543722207
2023-07-29 13:00:00,0.0032940905075520277,0.002779289543722207
2023-07-29 14:00:00,0.0028844026383012533,0.002779289543722207
2023-07-29 15:00:00,0.002849418669939041,0.002779289543722207
2023-07-29 16:00:00,0.0029400514904409647,0.002779289543722207
2023-07-29 17:00:00,0.002997881965711713,0.002779289543722207
2023-07-29 18:00:00,0.002961196005344391,0.002779289543722207
2023-07-29 19:00:00,0.0029460235964506865,0.002779289543722207
2023-07-29 20:00:00,0.002933539915829897,0.002779289543722207
2023-07-29 21:00:00,0.002910998882725835,0.002779289543722207
2023-07-29 22:00:00,0.002938324585556984,0.002779289543722207
2023-07-29 23:00:00,0.0029083779081702232,0.002779289543722207
2023-07-30 00:00:00,0.0029182760044932365,0.002779289543722207
2023-07-30 01:00:00,0.0029125327710062265,0.002779289543722207
2023-07-30 02:00:00,0.002890239004045725,0.002779289543722207
2023-08-01 09:00:00,0.0029654682148247957,0.002779289543722207
2023-08-01 10:00:00,0.0031100870110094547,0.002779289543722207
2023-08-01 11:00:00,0.0029189514461904764,0.002779289543722207
2023-08-01 12:00:00,0.0030845862347632647,0.002779289543722207
2023-08-01 13:00:00,0.0030091048683971167,0.002779289543722207
2023-08-01 14:00:00,0.002783682430163026,0.002779289543722207
2023-08-01 20:00:00,0.0038553159683942795,0.002779289543722207
2023-08-01 21:00:00,0.004018818959593773,0.002779289543722207
2023-08-01 22:00:00,0.004114795941859484,0.002779289543722207
2023-08-01 23:00:00,0.003943599760532379,0.002779289543722207
2023-08-02 00:00:00,0.003944491967558861,0.002779289543722207
2023-08-02 01:00:00,0.003975940868258476,0.002779289543722207
2023-08-02 02:00:00,0.0040984912775456905,0.002779289543722207
2023-08-02 03:00:00,0.004040176514536142,0.002779289543722207
2023-08-02 04:00:00,0.003493270371109247,0.002779289543722207
2023-08-02 05:00:00,0.0034459014423191547,0.002779289543722207
2023-08-02 06:00:00,0.0035663496237248182,0.002779289543722207
2023-08-02 07:00:00,0.003294542897492647,0.002779289543722207
2023-08-02 08:00:00,0.0028714467771351337,0.002779289543722207
2023-08-02 09:00:00,0.002815844025462866,0.002779289543722207
2023-08-02 10:00:00,0.002907499670982361,0.002779289543722207
2023-08-02 11:00:00,0.0029801749624311924,0.002779289543722207
2023-08-02 12:00:00,0.003594820387661457,0.002779289543722207
2023-08-02 13:00:00,0.0036837910301983356,0.002779289543722207
2023-08-02 14:00:00,0.0038315127603709698,0.002779289543722207
2023-08-02 15:00:00,0.003930088132619858,0.002779289543722207
2023-08-02 16:00:00,0.004085886757820845,0.002779289543722207
2023-08-02 17:00:00,0.004212961997836828,0.002779289543722207
2023-08-02 18:00:00,0.0029830827843397856,0.002779289543722207
2023-08-02 19:00:00,0.0029726990032941103,0.002779289543722207
2023-08-03 05:00:00,0.004394932184368372,0.002779289543722207
2023-08-03 06:00:00,0.004299405962228775,0.002779289543722207
2023-08-03 07:00:00,0.004243662115186453,0.002779289543722207
2023-08-03 08:00:00,0.004124992992728949,0.002779289543722207
2023-08-03 09:00:00,0.0043570431880652905,0.002779289543722207
2023-08-03 10:00:00,0.004382254555821419,0.002779289543722207
2023-08-03 11:00:00,0.004335334524512291,0.002779289543722207
2023-08-03 12:00:00,0.0040808552876114845,0.002779289543722207
2023-08-03 13:00:00,0.0040460005402565,0.002779289543722207
2023-08-03 14:00:00,0.004031703807413578,0.002779289543722207
2023-08-03 15:00:00,0.003944207914173603,0.002779289543722207
2023-08-03 16:00:00,0.0038930645678192377,0.002779289543722207
2023-08-03 17:00:00,0.004008476156741381,0.002779289543722207
2023-08-03 18:00:00,0.0038848586846143007,0.002779289543722207
2023-08-03 19:00:00,0.0038695356342941523,0.002779289543722207
2023-08-03 20:00:00,0.0038748951628804207,0.002779289543722207
2023-08-03 21:00:00,0.0039008362218737602,0.002779289543722207
2023-08-03 22:00:00,0.005180762615054846,0.002779289543722207
2023-08-03 23:00:00,0.005207958165556192,0.002779289543722207
2023-08-04 00:00:00,0.0050411163829267025,0.002779289543722207
2023-08-04 01:00:00,0.004432294983416796,0.002779289543722207
2023-08-04 02:00:00,0.0030821766704320908,0.002779289543722207
2023-08-04 03:00:00,0.0028160831425338984,0.002779289543722207
2023-08-04 18:00:00,0.0027957886923104525,0.002779289543722207
2023-08-04 19:00:00,0.0036238976754248142,0.002779289543722207
2023-08-04 20:00:00,0.0035428039263933897,0.002779289543722207
2023-08-04 21:00:00,0.003503604093566537,0.002779289543722207
2023-08-04 22:00:00,0.003005150007084012,0.002779289543722207
2023-08-04 23:00:00,0.002925590146332979,0.002779289543722207
2023-08-05 00:00:00,0.002883398672565818,0.002779289543722207
2023-08-05 01:00:00,0.0028504563961178064,0.002779289543722207
2023-08-05 02:00:00,0.0028384614270180464,0.002779289543722207
2023-08-05 03:00:00,0.0032393482979387045,0.002779289543722207
2023-08-05 04:00:00,0.0033835493959486485,0.002779289543722207
2023-08-05 05:00:00,0.003561585210263729,0.002779289543722207
2023-08-05 06:00:00,0.0035307013895362616,0.002779289543722207
2023-08-05 07:00:00,0.0035984194837510586,0.002779289543722207
2023-08-05 08:00:00,0.0035616462118923664,0.002779289543722207
2023-08-05 09:00:00,0.003438587300479412,0.002779289543722207
2023-08-05 10:00:00,0.0036343869287520647,0.002779289543722207
2023-08-05 11:00:00,0.003497825702652335,0.002779289543722207
2023-08-05 12:00:00,0.0033656656742095947,0.002779289543722207
2023-08-05 13:00:00,0.0032869905699044466,0.002779289543722207
2023-08-05 14:00:00,0.003217624966055155,0.002779289543722207
2023-08-05 15:00:00,0.003202284686267376,0.002779289543722207
2023-08-06 15:00:00,0.003069681115448475,0.002779289543722207
2023-08-06 16:00:00,0.0036897126119583845,0.002779289543722207
2023-08-06 17:00:00,0.004045841749757528,0.002779289543722207
2023-08-06 18:00:00,0.004109376575797796,0.002779289543722207
2023-08-06 19:00:00,0.004082473926246166,0.002779289543722207
2023-08-06 20:00:00,0.005014357622712851,0.002779289543722207
2023-08-06 21:00:00,0.00542115606367588,0.002779289543722207
2023-08-06 22:00:00,0.006142905913293362,0.002779289543722207
2023-08-06 23:00:00,0.006438747979700565,0.002779289543722207
2023-08-07 00:00:00,0.006374407093971968,0.002779289543722207
2023-08-07 01:00:00,0.005980218295007944,0.002779289543722207
2023-08-07 02:00:00,0.006661898922175169,0.002779289543722207
2023-08-07 03:00:00,0.006751040928065777,0.002779289543722207
2023-08-07 04:00:00,0.007066379301249981,0.002779289543722207
2023-08-07 05:00:00,0.007399247493594885,0.002779289543722207
2023-08-07 06:00:00,0.007659745402634144,0.002779289543722207
2023-08-07 07:00:00,0.008211693726480007,0.002779289543722207
2023-08-07 08:00:00,0.007605892140418291,0.002779289543722207
2023-08-07 09:00:00,0.007269187830388546,0.002779289543722207
2023-08-07 10:00:00,0.006840576883405447,0.002779289543722207
2023-08-07 11:00:00,0.007598136086016893,0.002779289543722207
2023-08-07 12:00:00,0.007367404643446207,0.002779289543722207
2023-08-07 13:00:00,0.007812688127160072,0.002779289543722207
2023-08-07 14:00:00,0.007166543509811163,0.002779289543722207
2023-08-07 15:00:00,0.006623316090553999,0.002779289543722207
2023-08-07 16:00:00,0.006609163712710142,0.002779289543722207
2023-08-07 17:00:00,0.007300195749849081,0.002779289543722207
2023-08-07 18:00:00,0.0076215509325265884,0.002779289543722207
2023-08-07 19:00:00,0.0066357944160699844,0.002779289543722207
2023-08-07 20:00:00,0.006790402811020613,0.002779289543722207
2023-08-07 21:00:00,0.005500085651874542,0.002779289543722207
2023-08-07 22:00:00,0.006677813362330198,0.002779289543722207
2023-08-07 23:00:00,0.0064592561684548855,0.002779289543722207
2023-08-08 00:00:00,0.006285155192017555,0.002779289543722207
2023-08-08 01:00:00,0.006605806760489941,0.002779289543722207
2023-08-08 02:00:00,0.005589762236922979,0.002779289543722207
2023-08-08 03:00:00,0.0055119046010077,0.002779289543722207
2023-08-08 04:00:00,0.005565368104726076,0.002779289543722207
2023-08-08 05:00:00,0.006084261927753687,0.002779289543722207
2023-08-08 06:00:00,0.005983613897114992,0.002779289543722207
2023-08-08 07:00:00,0.005953169893473387,0.002779289543722207
2023-08-08 08:00:00,0.005403513554483652,0.002779289543722207
2023-08-08 09:00:00,0.0053036147728562355,0.002779289543722207
2023-08-08 10:00:00,0.005206966307014227,0.002779289543722207
2023-08-08 11:00:00,0.004906248766928911,0.002779289543722207
2023-08-08 12:00:00,0.004496918525546789,0.002779289543722207
2023-08-08 13:00:00,0.004292232450097799,0.002779289543722207
2023-08-08 14:00:00,0.004222100600600243,0.002779289543722207
2023-08-08 15:00:00,0.004371206741780043,0.002779289543722207
2023-08-08 16:00:00,0.005221304018050432,0.002779289543722207
2023-08-08 17:00:00,0.005945834796875715,0.002779289543722207
2023-08-08 18:00:00,0.004314369522035122,0.002779289543722207
2023-08-08 19:00:00,0.003974895924329758,0.002779289543722207
2023-08-08 20:00:00,0.0041582053527235985,0.002779289543722207
2023-08-08 21:00:00,0.004015791229903698,0.002779289543722207
2023-08-08 22:00:00,0.0038057812489569187,0.002779289543722207
2023-08-08 23:00:00,0.003867514431476593,0.002779289543722207
2023-08-09 00:00:00,0.003807254834100604,0.002779289543722207
2023-08-09 01:00:00,0.003642208408564329,0.002779289543722207
2023-08-09 11:00:00,0.0029163584113121033,0.002779289543722207
2023-08-09 12:00:00,0.003936668857932091,0.002779289543722207
2023-08-09 13:00:00,0.004017213359475136,0.002779289543722207
2023-08-09 14:00:00,0.003969825804233551,0.002779289543722207
2023-08-09 15:00:00,0.0037771398201584816,0.002779289543722207
2023-08-09 16:00:00,0.003148752963170409,0.002779289543722207
2023-08-09 17:00:00,0.0028530280105769634,0.002779289543722207
2023-08-10 00:00:00,0.003079053247347474,0.002779289543722207
2023-08-10 01:00:00,0.0034287634771317244,0.002779289543722207
2023-08-10 02:00:00,0.00389163033105433,0.002779289543722207
2023-08-10 03:00:00,0.004151655826717615,0.002779289543722207
2023-08-10 04:00:00,0.0037234830670058727,0.002779289543722207
2023-08-10 05:00:00,0.004108829889446497,0.002779289543722207
2023-08-10 06:00:00,0.0033686188980937004,0.002779289543722207
2023-08-10 07:00:00,0.0033895159140229225,0.002779289543722207
2023-08-10 08:00:00,0.0032494214829057455,0.002779289543722207
2023-08-10 09:00:00,0.003530512098222971,0.002779289543722207
2023-08-10 10:00:00,0.003958903718739748,0.002779289543722207
2023-08-10 11:00:00,0.004092560149729252,0.002779289543722207
2023-08-10 12:00:00,0.003952869214117527,0.002779289543722207
2023-08-10 13:00:00,0.0038891728036105633,0.002779289543722207
2023-08-10 14:00:00,0.0038319621235132217,0.002779289543722207
2023-08-10 15:00:00,0.0038769643288105726,0.002779289543722207
2023-08-10 16:00:00,0.0037114317528903484,0.002779289543722207
2023-08-10 17:00:00,0.003463523928076029,0.002779289543722207
2023-08-10 18:00:00,0.003207433968782425,0.002779289543722207
2023-08-10 19:00:00,0.0031486537773162127,0.002779289543722207
2023-08-10 20:00:00,0.002995121292769909,0.002779289543722207
2023-08-10 21:00:00,0.00419331481680274,0.002779289543722207
2023-08-10 22:00:00,0.004440939985215664,0.002779289543722207
2023-08-10 23:00:00,0.004367846995592117,0.002779289543722207
2023-08-11 00:00:00,0.004352056887000799,0.002779289543722207
2023-08-11 01:00:00,0.004326418973505497,0.002779289543722207
2023-08-11 02:00:00,0.0033441793639212847,0.002779289543722207
2023-08-11 03:00:00,0.0033089141361415386,0.002779289543722207
2023-08-11 04:00:00,0.00286676618270576,0.002779289543722207
2023-08-11 05:00:00,0.0033234755974262953,0.002779289543722207
2023-08-11 06:00:00,0.003663477720692754,0.002779289543722207
2023-08-11 07:00:00,0.003875138470903039,0.002779289543722207
2023-08-11 08:00:00,0.0035626257304102182,0.002779289543722207
2023-08-11 09:00:00,0.0036344837862998247,0.002779289543722207
2023-08-11 10:00:00,0.003700944595038891,0.002779289543722207
2023-08-11 11:00:00,0.003892873413860798,0.002779289543722207
2023-08-11 12:00:00,0.004046683665364981,0.002779289543722207
2023-08-11 13:00:00,0.004128282889723778,0.002779289543722207
2023-08-11 14:00:00,0.0043602315708994865,0.002779289543722207
2023-08-11 15:00:00,0.004461563192307949,0.002779289543722207
2023-08-11 16:00:00,0.004361218772828579,0.002779289543722207
2023-08-11 17:00:00,0.00419935118407011,0.002779289543722207
2023-08-11 18:00:00,0.004169721622020006,0.002779289543722207
2023-08-11 19:00:00,0.0034536009188741446,0.002779289543722207
2023-08-11 20:00:00,0.0030546016059815884,0.002779289543722207
2023-08-21 10:00:00,0.0028239625971764326,0.002779289543722207
2023-08-21 11:00:00,0.0032303009647876024,0.002779289543722207
2023-08-21 12:00:00,0.0038145643193274736,0.002779289543722207
2023-08-21 13:00:00,0.0044683655723929405,0.002779289543722207
2023-08-21 14:00:00,0.004985343664884567,0.002779289543722207
2023-08-21 15:00:00,0.005443235859274864,0.002779289543722207
2023-08-21 16:00:00,0.005957400891929865,0.002779289543722207
2023-08-21 17:00:00,0.006378487683832645,0.002779289543722207
2023-08-21 18:00:00,0.006840917281806469,0.002779289543722207
2023-08-21 19:00:00,0.007548859342932701,0.002779289543722207
2023-08-21 20:00:00,0.008057834580540657,0.002779289543722207
2023-08-21 21:00:00,0.008345961570739746,0.002779289543722207
2023-08-21 22:00:00,0.008276943117380142,0.002779289543722207
2023-08-21 23:00:00,0.008383926004171371,0.002779289543722207
2023-08-22 00:00:00,0.008800599724054337,0.002779289543722207
2023-08-22 01:00:00,0.00921408087015152,0.002779289543722207
2023-08-22 02:00:00,0.009148449636995792,0.002779289543722207
2023-08-22 03:00:00,0.010120773687958717,0.002779289543722207
2023-08-22 04:00:00,0.0067985644564032555,0.002779289543722207
2023-08-22 05:00:00,0.0064351786859333515,0.002779289543722207
2023-08-22 06:00:00,0.005829212721437216,0.002779289543722207
2023-08-22 07:00:00,0.0052382247522473335,0.002779289543722207
2023-08-22 08:00:00,0.004887579008936882,0.002779289543722207
2023-08-22 09:00:00,0.004742002114653587,0.002779289543722207
2023-08-22 10:00:00,0.0046127960085868835,0.002779289543722207
2023-08-22 11:00:00,0.004431541543453932,0.002779289543722207
2023-08-22 12:00:00,0.00387448538094759,0.002779289543722207
2023-08-22 13:00:00,0.0034954329021275043,0.002779289543722207
2023-08-22 14:00:00,0.0032340255565941334,0.002779289543722207
2023-08-22 15:00:00,0.0028844813350588083,0.002779289543722207
2023-08-27 19:00:00,0.0032549318857491016,0.002779289543722207
2023-08-28 00:00:00,0.003284318372607231,0.002779289543722207
2023-08-28 01:00:00,0.0032098565716296434,0.002779289543722207
2023-08-28 02:00:00,0.004146657418459654,0.002779289543722207
2023-08-28 03:00:00,0.004009336233139038,0.002779289543722207
2023-08-28 04:00:00,0.00412744702771306,0.002779289543722207
2023-08-28 05:00:00,0.004090241156518459,0.002779289543722207
2023-08-28 06:00:00,0.004533367697149515,0.002779289543722207
2023-08-28 07:00:00,0.004646750632673502,0.002779289543722207
2023-08-28 08:00:00,0.004802622366696596,0.002779289543722207
2023-08-28 09:00:00,0.005218814127147198,0.002779289543722207
2023-08-28 10:00:00,0.005707572679966688,0.002779289543722207
2023-08-28 11:00:00,0.006258171517401934,0.002779289543722207
2023-08-28 12:00:00,0.006041187327355146,0.002779289543722207
2023-08-28 13:00:00,0.005929647013545036,0.002779289543722207
2023-08-28 14:00:00,0.005874125752598047,0.002779289543722207
2023-08-28 15:00:00,0.0055328249000012875,0.002779289543722207
2023-08-28 16:00:00,0.005546616390347481,0.002779289543722207
2023-08-28 17:00:00,0.004522542469203472,0.002779289543722207
2023-08-28 18:00:00,0.004733483772724867,0.002779289543722207
2023-08-28 19:00:00,0.0040762959979474545,0.002779289543722207
2023-08-28 20:00:00,0.004334361758083105,0.002779289543722207
2023-08-28 21:00:00,0.0035301223397254944,0.002779289543722207
2023-08-28 22:00:00,0.0031827245838940144,0.002779289543722207
2023-08-28 23:00:00,0.003519165562465787,0.002779289543722207
2023-08-29 00:00:00,0.003024772275239229,0.002779289543722207
2023-08-29 01:00:00,0.0030843496788293123,0.002779289543722207
2023-08-29 02:00:00,0.003140130080282688,0.002779289543722207
2023-08-29 03:00:00,0.0029749227687716484,0.002779289543722207
2023-08-29 05:00:00,0.003802133724093437,0.002779289543722207
2023-08-29 06:00:00,0.00361934513784945,0.002779289543722207
2023-08-29 07:00:00,0.0036446661688387394,0.002779289543722207
2023-08-29 08:00:00,0.003712994046509266,0.002779289543722207
2023-08-29 09:00:00,0.0037628361023962498,0.002779289543722207
2023-08-29 10:00:00,0.004612318240106106,0.002779289543722207
2023-08-29 11:00:00,0.005137970205396414,0.002779289543722207
2023-08-29 12:00:00,0.005499873775988817,0.002779289543722207
2023-08-29 13:00:00,0.005219359882175922,0.002779289543722207
2023-08-29 14:00:00,0.004679088480770588,0.002779289543722207
2023-08-29 15:00:00,0.0054057007655501366,0.002779289543722207
2023-08-29 16:00:00,0.005744106601923704,0.002779289543722207
2023-08-29 17:00:00,0.005666927434504032,0.002779289543722207
2023-08-29 18:00:00,0.005444379989057779,0.002779289543722207
2023-08-29 19:00:00,0.004624627530574799,0.002779289543722207
2023-08-29 20:00:00,0.004886670503765345,0.002779289543722207
2023-08-29 21:00:00,0.005332825239747763,0.002779289543722207
2023-08-29 22:00:00,0.005659931339323521,0.002779289543722207
2023-08-29 23:00:00,0.005333969835191965,0.002779289543722207
2023-08-30 00:00:00,0.005425641778856516,0.002779289543722207
2023-08-30 01:00:00,0.0058702388778328896,0.002779289543722207
2023-08-30 02:00:00,0.004715189803391695,0.002779289543722207
2023-08-30 03:00:00,0.0045212553814053535,0.002779289543722207
2023-08-30 04:00:00,0.003597826464101672,0.002779289543722207
2023-08-30 05:00:00,0.003585173049941659,0.002779289543722207
2023-08-30 06:00:00,0.004464160185307264,0.002779289543722207
2023-08-30 07:00:00,0.004441574215888977,0.002779289543722207
2023-08-30 08:00:00,0.0042814826592803,0.002779289543722207
2023-08-30 09:00:00,0.0046892911195755005,0.002779289543722207
2023-08-30 10:00:00,0.005354873836040497,0.002779289543722207
2023-08-30 11:00:00,0.005581786390393972,0.002779289543722207
2023-08-30 12:00:00,0.005562437232583761,0.002779289543722207
2023-08-30 13:00:00,0.005636732093989849,0.002779289543722207
2023-08-30 14:00:00,0.005320638418197632,0.002779289543722207
2023-08-30 15:00:00,0.004016542807221413,0.002779289543722207
2023-08-30 16:00:00,0.003958071116358042,0.002779289543722207
2023-08-30 17:00:00,0.0034555376041680574,0.002779289543722207
2023-08-30 18:00:00,0.005064788740128279,0.002779289543722207
2023-08-30 19:00:00,0.005008104722946882,0.002779289543722207
2023-08-30 20:00:00,0.005053514149039984,0.002779289543722207
2023-08-30 21:00:00,0.005188314709812403,0.002779289543722207
2023-08-30 22:00:00,0.0050877779722213745,0.002779289543722207
2023-08-30 23:00:00,0.005174607504159212,0.002779289543722207
2023-08-31 00:00:00,0.005318076815456152,0.002779289543722207
2023-08-31 01:00:00,0.005866930354386568,0.002779289543722207
2023-08-31 02:00:00,0.005042703356593847,0.002779289543722207
2023-08-31 03:00:00,0.004773752298206091,0.002779289543722207
2023-08-31 04:00:00,0.004884388297796249,0.002779289543722207
2023-08-31 05:00:00,0.004550453275442123,0.002779289543722207
2023-08-31 06:00:00,0.0053567467257380486,0.002779289543722207
2023-08-31 07:00:00,0.005077345762401819,0.002779289543722207
2023-08-31 08:00:00,0.00462403055280447,0.002779289543722207
2023-08-31 09:00:00,0.0051026493310928345,0.002779289543722207
2023-08-31 10:00:00,0.005304104648530483,0.002779289543722207
2023-08-31 11:00:00,0.005629015155136585,0.002779289543722207
2023-08-31 12:00:00,0.005619372241199017,0.002779289543722207
2023-08-31 13:00:00,0.006388395559042692,0.002779289543722207
2023-08-31 14:00:00,0.006581790745258331,0.002779289543722207
2023-08-31 15:00:00,0.006580232176929712,0.002779289543722207
2023-08-31 16:00:00,0.005326869431883097,0.002779289543722207
2023-08-31 17:00:00,0.0045324452221393585,0.002779289543722207
2023-08-31 18:00:00,0.004337194841355085,0.002779289543722207
2023-08-31 19:00:00,0.004150350112468004,0.002779289543722207
2023-08-31 20:00:00,0.005546210799366236,0.002779289543722207
2023-08-31 21:00:00,0.00602460652589798,0.002779289543722207
2023-08-31 22:00:00,0.005913423839956522,0.002779289543722207
2023-08-31 23:00:00,0.006350306328386068,0.002779289543722207
2023-09-01 00:00:00,0.0069771078415215015,0.002779289543722207
2023-09-01 01:00:00,0.008972374722361565,0.002779289543722207
2023-09-01 02:00:00,0.00819861888885498,0.002779289543722207
2023-09-01 03:00:00,0.007099129259586334,0.002779289543722207
2023-09-01 04:00:00,0.006932868156582117,0.002779289543722207
2023-09-01 05:00:00,0.006699701305478811,0.002779289543722207
2023-09-01 06:00:00,0.007795973680913448,0.002779289543722207
2023-09-01 07:00:00,0.008377124555408955,0.002779289543722207
2023-09-01 08:00:00,0.00900319404900074,0.002779289543722207
2023-09-01 09:00:00,0.008924922905862331,0.002779289543722207
2023-09-01 10:00:00,0.008490286767482758,0.002779289543722207
2023-09-01 11:00:00,0.008280918933451176,0.002779289543722207
2023-09-01 12:00:00,0.007770057767629623,0.002779289543722207
2023-09-01 13:00:00,0.007941039279103279,0.002779289543722207
2023-09-01 14:00:00,0.008250480517745018,0.002779289543722207
2023-09-01 15:00:00,0.00799261499196291,0.002779289543722207
2023-09-01 16:00:00,0.007773508783429861,0.002779289543722207
2023-09-01 17:00:00,0.007633270230144262,0.002779289543722207
2023-09-01 18:00:00,0.007456476334482431,0.002779289543722207
2023-09-01 19:00:00,0.007224774453788996,0.002779289543722207
2023-09-01 20:00:00,0.0063523948192596436,0.002779289543722207
2023-09-01 21:00:00,0.006241997238248587,0.002779289543722207
2023-09-01 22:00:00,0.005705137737095356,0.002779289543722207
2023-09-01 23:00:00,0.00504935160279274,0.002779289543722207
2023-09-02 00:00:00,0.005501020234078169,0.002779289543722207
2023-09-02 01:00:00,0.005275016184896231,0.002779289543722207
2023-09-02 02:00:00,0.0050512515008449554,0.002779289543722207
2023-09-02 03:00:00,0.0051775104366242886,0.002779289543722207
2023-09-02 04:00:00,0.004555881023406982,0.002779289543722207
2023-09-02 05:00:00,0.004105961415916681,0.002779289543722207
2023-09-02 06:00:00,0.0042631980031728745,0.002779289543722207
2023-09-02 07:00:00,0.0045277439057827,0.002779289543722207
2023-09-02 08:00:00,0.0047782473266124725,0.002779289543722207
2023-09-02 09:00:00,0.0049413773231208324,0.002779289543722207
2023-09-02 10:00:00,0.00512823136523366,0.002779289543722207
2023-09-02 11:00:00,0.005175513681024313,0.002779289543722207
2023-09-02 12:00:00,0.005091900937259197,0.002779289543722207
2023-09-02 13:00:00,0.004783054813742638,0.002779289543722207
2023-09-02 14:00:00,0.004574112128466368,0.002779289543722207
2023-09-02 15:00:00,0.004636114463210106,0.002779289543722207
2023-09-02 16:00:00,0.0036780720110982656,0.002779289543722207
2023-09-02 17:00:00,0.0031954783480614424,0.002779289543722207
2023-09-02 18:00:00,0.0030171785037964582,0.002779289543722207
2023-09-02 19:00:00,0.0028157271444797516,0.002779289543722207
2023-09-02 20:00:00,0.0034528598189353943,0.002779289543722207
2023-09-02 21:00:00,0.003307041246443987,0.002779289543722207
2023-09-02 22:00:00,0.002970851957798004,0.002779289543722207
2023-09-02 23:00:00,0.0028645568527281284,0.002779289543722207
2023-09-03 00:00:00,0.002821981208398938,0.002779289543722207
2023-09-03 12:00:00,0.0029085867572575808,0.002779289543722207
2023-09-03 13:00:00,0.0029891759622842073,0.002779289543722207
2023-09-03 14:00:00,0.002914893440902233,0.002779289543722207
2023-09-03 15:00:00,0.002888737479224801,0.002779289543722207
2023-09-03 16:00:00,0.0029234844259917736,0.002779289543722207
2023-09-03 17:00:00,0.0029714354313910007,0.002779289543722207
2023-09-03 19:00:00,0.0034876312129199505,0.002779289543722207
2023-09-03 20:00:00,0.0038603635039180517,0.002779289543722207
2023-09-03 21:00:00,0.003852286608889699,0.002779289543722207
2023-09-03 22:00:00,0.003914470784366131,0.002779289543722207
2023-09-03 23:00:00,0.00383514235727489,0.002779289543722207
2023-09-04 00:00:00,0.003797362092882395,0.002779289543722207
2023-09-04 01:00:00,0.004357215017080307,0.002779289543722207
2023-09-04 02:00:00,0.004342787433415651,0.002779289543722207
2023-09-04 03:00:00,0.004412784241139889,0.002779289543722207
2023-09-04 04:00:00,0.004350388888269663,0.002779289543722207
2023-09-04 05:00:00,0.004750529304146767,0.002779289543722207
2023-09-04 06:00:00,0.004894396290183067,0.002779289543722207
2023-09-04 07:00:00,0.00490447785705328,0.002779289543722207
2023-09-04 08:00:00,0.004852535668760538,0.002779289543722207
2023-09-04 09:00:00,0.004664915148168802,0.002779289543722207
2023-09-04 10:00:00,0.004467022139579058,0.002779289543722207
2023-09-04 11:00:00,0.004637771751731634,0.002779289543722207
2023-09-04 12:00:00,0.004661773331463337,0.002779289543722207
2023-09-04 13:00:00,0.004736931063234806,0.002779289543722207
2023-09-04 14:00:00,0.004836904816329479,0.002779289543722207
2023-09-04 15:00:00,0.00482925632968545,0.002779289543722207
2023-09-04 16:00:00,0.004728493746370077,0.002779289543722207
2023-09-04 17:00:00,0.003528762608766556,0.002779289543722207
2023-09-04 18:00:00,0.0035453869495540857,0.002779289543722207
2023-09-04 21:00:00,0.0028844953048974276,0.002779289543722207
2023-09-04 22:00:00,0.004252964165061712,0.002779289543722207
2023-09-04 23:00:00,0.0031995049212127924,0.002779289543722207
2023-09-05 00:00:00,0.0029904597904533148,0.002779289543722207
2023-09-05 07:00:00,0.003062647068873048,0.002779289543722207
2023-09-06 17:00:00,0.002826143056154251,0.002779289543722207
2023-09-06 18:00:00,0.0027838973328471184,0.002779289543722207
2023-09-06 23:00:00,0.0033749020658433437,0.002779289543722207
2023-09-07 00:00:00,0.0031380332075059414,0.002779289543722207
2023-09-07 01:00:00,0.003328647231683135,0.002779289543722207
2023-09-07 02:00:00,0.0036236168816685677,0.002779289543722207
2023-09-07 03:00:00,0.0030102431774139404,0.002779289543722207
2023-09-07 04:00:00,0.003026094753295183,0.002779289543722207
2023-09-07 05:00:00,0.0035941130481660366,0.002779289543722207
2023-09-07 06:00:00,0.0034401179291307926,0.002779289543722207
2023-09-07 07:00:00,0.003969785291701555,0.002779289543722207
2023-09-07 08:00:00,0.0039009307511150837,0.002779289543722207
2023-09-07 09:00:00,0.00367887900210917,0.002779289543722207
2023-09-07 10:00:00,0.003550591878592968,0.002779289543722207
2023-09-07 11:00:00,0.003533358220010996,0.002779289543722207
2023-09-07 12:00:00,0.003621042938902974,0.002779289543722207
2023-09-07 13:00:00,0.0037036400754004717,0.002779289543722207
2023-09-07 14:00:00,0.0037938933819532394,0.002779289543722207
2023-09-07 15:00:00,0.003743896260857582,0.002779289543722207
2023-09-07 16:00:00,0.0036327852867543697,0.002779289543722207
2023-09-07 17:00:00,0.0034930978436022997,0.002779289543722207
2023-09-07 18:00:00,0.0034129570703953505,0.002779289543722207
2023-09-07 19:00:00,0.0032692723907530308,0.002779289543722207
2023-09-07 20:00:00,0.0034026550129055977,0.002779289543722207
2023-09-07 21:00:00,0.0028692795895040035,0.002779289543722207
2023-09-07 22:00:00,0.0028942469507455826,0.002779289543722207
2023-09-08 03:00:00,0.00307336263358593,0.002779289543722207
2023-09-08 20:00:00,0.002969683613628149,0.002779289543722207
2023-09-08 21:00:00,0.003088460536673665,0.002779289543722207
2023-09-08 22:00:00,0.0031347626354545355,0.002779289543722207
2023-09-08 23:00:00,0.0031933006830513477,0.002779289543722207
2023-09-11 21:00:00,0.0034819040447473526,0.002779289543722207
2023-09-11 22:00:00,0.003287592204287648,0.002779289543722207
2023-09-11 23:00:00,0.003345207776874304,0.002779289543722207
2023-09-12 00:00:00,0.0031867418438196182,0.002779289543722207
2023-09-12 01:00:00,0.003147921757772565,0.002779289543722207
2023-09-12 02:00:00,0.003076075343415141,0.002779289543722207
2023-09-12 03:00:00,0.0028289901092648506,0.002779289543722207
2023-09-12 04:00:00,0.0028860035818070173,0.002779289543722207
2023-09-12 05:00:00,0.002918732352554798,0.002779289543722207
2023-09-12 06:00:00,0.002974872477352619,0.002779289543722207
2023-09-12 07:00:00,0.002813149942085147,0.002779289543722207
2023-09-12 09:00:00,0.0028626746498048306,0.002779289543722207
2023-09-13 18:00:00,0.002850460819900036,0.002779289543722207
2023-09-13 19:00:00,0.002949272748082876,0.002779289543722207
2023-09-13 20:00:00,0.003025425598025322,0.002779289543722207
2023-09-13 21:00:00,0.0031055225990712643,0.002779289543722207
2023-09-13 22:00:00,0.0031599681824445724,0.002779289543722207
2023-09-13 23:00:00,0.0031534507870674133,0.002779289543722207
2023-09-14 00:00:00,0.003225571708753705,0.002779289543722207
2023-09-14 01:00:00,0.0032380535267293453,0.002779289543722207
2023-09-14 02:00:00,0.003221114631742239,0.002779289543722207
2023-09-14 03:00:00,0.0037983811926096678,0.002779289543722207
2023-09-14 04:00:00,0.0032864040695130825,0.002779289543722207
2023-09-14 05:00:00,0.005398661829531193,0.002779289543722207
2023-09-14 06:00:00,0.005359595641493797,0.002779289543722207
2023-09-14 07:00:00,0.00516872201114893,0.002779289543722207
2023-09-14 08:00:00,0.005243533756583929,0.002779289543722207
2023-09-14 09:00:00,0.005259484983980656,0.002779289543722207
2023-09-14 10:00:00,0.005269282031804323,0.002779289543722207
2023-09-14 11:00:00,0.005524433683604002,0.002779289543722207
2023-09-14 12:00:00,0.005518871825188398,0.002779289543722207
2023-09-14 13:00:00,0.006458568852394819,0.002779289543722207
2023-09-14 14:00:00,0.006425526458770037,0.002779289543722207
2023-09-14 15:00:00,0.006276176311075687,0.002779289543722207
2023-09-14 16:00:00,0.005060634575784206,0.002779289543722207
2023-09-14 17:00:00,0.004409143701195717,0.002779289543722207
2023-09-14 18:00:00,0.0037951041013002396,0.002779289543722207
2023-09-14 19:00:00,0.004067721776664257,0.002779289543722207
2023-09-14 20:00:00,0.004223521798849106,0.002779289543722207
2023-09-14 21:00:00,0.0043482170440256596,0.002779289543722207
2023-09-14 22:00:00,0.004232097417116165,0.002779289543722207
2023-09-14 23:00:00,0.004141681827604771,0.002779289543722207
2023-09-15 00:00:00,0.00402115611359477,0.002779289543722207
2023-09-15 01:00:00,0.0036467460449784994,0.002779289543722207
2023-09-15 02:00:00,0.0028505937661975622,0.002779289543722207
2023-09-15 03:00:00,0.0028861009050160646,0.002779289543722207
2023-09-15 04:00:00,0.0033987234346568584,0.002779289543722207
2023-09-15 05:00:00,0.003523197490721941,0.002779289543722207
2023-09-15 06:00:00,0.004171404056251049,0.002779289543722207
2023-09-15 07:00:00,0.004064392298460007,0.002779289543722207
2023-09-15 08:00:00,0.0037072375416755676,0.002779289543722207
2023-09-15 09:00:00,0.0028753867372870445,0.002779289543722207
2023-09-15 10:00:00,0.0029291471000760794,0.002779289543722207
2023-09-19 11:00:00,0.003238789737224579,0.002779289543722207
2023-09-19 12:00:00,0.0030633159913122654,0.002779289543722207
2023-09-19 13:00:00,0.003526110202074051,0.002779289543722207
2023-09-19 14:00:00,0.0037214222829788923,0.002779289543722207
2023-09-19 15:00:00,0.0037279268726706505,0.002779289543722207
2023-09-19 16:00:00,0.0034655160270631313,0.002779289543722207
2023-09-19 18:00:00,0.002828648779541254,0.002779289543722207
2023-09-19 20:00:00,0.049717776477336884,0.002779289543722207
2023-09-19 21:00:00,0.06751195341348648,0.002779289543722207
2023-09-19 22:00:00,0.07275593280792236,0.002779289543722207
2023-09-19 23:00:00,0.0831124410033226,0.002779289543722207
2023-09-20 00:00:00,0.08948371559381485,0.002779289543722207
2023-09-20 01:00:00,0.09466715157032013,0.002779289543722207
2023-09-20 02:00:00,0.09386500716209412,0.002779289543722207
2023-09-20 03:00:00,0.10026678442955017,0.002779289543722207
2023-09-20 04:00:00,0.10560467094182968,0.002779289543722207
2023-09-20 05:00:00,0.11168546974658966,0.002779289543722207
2023-09-20 06:00:00,0.11530806869268417,0.002779289543722207
2023-09-20 07:00:00,0.11676368862390518,0.002779289543722207
2023-09-20 08:00:00,0.12393907457590103,0.002779289543722207
2023-09-20 09:00:00,0.12341707199811935,0.002779289543722207
2023-09-20 10:00:00,0.12543164193630219,0.002779289543722207
2023-09-20 11:00:00,0.1255616694688797,0.002779289543722207
2023-09-20 12:00:00,0.11912133544683456,0.002779289543722207
2023-09-20 13:00:00,0.11710561066865921,0.002779289543722207
2023-09-20 14:00:00,0.11929448693990707,0.002779289543722207
2023-09-20 15:00:00,0.12012600898742676,0.002779289543722207
2023-09-20 16:00:00,0.12121071666479111,0.002779289543722207
2023-09-20 17:00:00,0.12716816365718842,0.002779289543722207
2023-09-20 18:00:00,0.13242164254188538,0.002779289543722207
2023-09-20 19:00:00,0.10805130004882812,0.002779289543722207
2023-09-20 20:00:00,0.07106776535511017,0.002779289543722207
2023-09-20 21:00:00,0.05237860232591629,0.002779289543722207
2023-09-20 22:00:00,0.04786207526922226,0.002779289543722207
2023-09-20 23:00:00,0.043400708585977554,0.002779289543722207
2023-09-21 00:00:00,0.04169871285557747,0.002779289543722207
2023-09-21 01:00:00,0.04051237553358078,0.002779289543722207
2023-09-21 02:00:00,0.03667183965444565,0.002779289543722207
2023-09-21 03:00:00,0.029420962557196617,0.002779289543722207
2023-09-21 04:00:00,0.020241212099790573,0.002779289543722207
2023-09-21 05:00:00,0.012451490387320518,0.002779289543722207
2023-09-21 15:00:00,0.0031294655054807663,0.002779289543722207
2023-09-21 16:00:00,0.0031463676132261753,0.002779289543722207
2023-09-21 17:00:00,0.003014420857653022,0.002779289543722207
2023-09-21 18:00:00,0.0028334581293165684,0.002779289543722207
2023-09-21 19:00:00,0.0036624243948608637,0.002779289543722207
2023-09-21 20:00:00,0.0035214463714510202,0.002779289543722207
2023-09-21 21:00:00,0.003867370542138815,0.002779289543722207
2023-09-21 22:00:00,0.0038913008756935596,0.002779289543722207
2023-09-21 23:00:00,0.003738678991794586,0.002779289543722207
2023-09-22 00:00:00,0.003545963205397129,0.002779289543722207
2023-09-22 01:00:00,0.003554835682734847,0.002779289543722207
2023-09-22 02:00:00,0.0031551741994917393,0.002779289543722207
2023-09-22 07:00:00,0.0033264055382460356,0.002779289543722207
2023-09-22 08:00:00,0.003442266723141074,0.002779289543722207
2023-09-22 09:00:00,0.003689480945467949,0.002779289543722207
2023-09-22 10:00:00,0.0037412187084555626,0.002779289543722207
2023-09-22 11:00:00,0.004759177565574646,0.002779289543722207
2023-09-22 12:00:00,0.0049543241038918495,0.002779289543722207
2023-09-22 13:00:00,0.005029820371419191,0.002779289543722207
2023-09-22 14:00:00,0.004789332859218121,0.002779289543722207
2023-09-22 15:00:00,0.004753409419208765,0.002779289543722207
2023-09-22 16:00:00,0.0045589664950966835,0.002779289543722207
2023-09-22 17:00:00,0.004235283005982637,0.002779289543722207
2023-09-22 18:00:00,0.0037254071794450283,0.002779289543722207
2023-09-22 19:00:00,0.0044141472317278385,0.002779289543722207
2023-09-22 20:00:00,0.004353057127445936,0.002779289543722207
2023-09-22 21:00:00,0.004848284646868706,0.002779289543722207
2023-09-22 22:00:00,0.005349503830075264,0.002779289543722207
2023-09-22 23:00:00,0.0052934675477445126,0.002779289543722207
2023-09-23 00:00:00,0.004975688178092241,0.002779289543722207
2023-09-23 01:00:00,0.004530547186732292,0.002779289543722207
2023-09-23 02:00:00,0.004488909151405096,0.002779289543722207
2023-09-23 03:00:00,0.004685429390519857,0.002779289543722207
2023-09-23 04:00:00,0.004553432110697031,0.002779289543722207
2023-09-23 05:00:00,0.004364092368632555,0.002779289543722207
2023-09-23 06:00:00,0.0038291681557893753,0.002779289543722207
2023-09-23 07:00:00,0.004052046220749617,0.002779289543722207
2023-09-23 08:00:00,0.004122135695070028,0.002779289543722207
2023-09-23 09:00:00,0.003935934044420719,0.002779289543722207
2023-09-23 10:00:00,0.003679815912619233,0.002779289543722207
2023-09-23 11:00:00,0.0042142076417803764,0.002779289543722207
2023-09-23 12:00:00,0.004095383454114199,0.002779289543722207
2023-09-23 13:00:00,0.003730459837242961,0.002779289543722207
2023-09-23 14:00:00,0.00479510985314846,0.002779289543722207
2023-09-23 15:00:00,0.003656320506706834,0.002779289543722207
2023-09-23 16:00:00,0.003539795521646738,0.002779289543722207
2023-09-23 17:00:00,0.003743330016732216,0.002779289543722207
2023-09-23 19:00:00,0.004365048371255398,0.002779289543722207
2023-09-23 20:00:00,0.0047217076644301414,0.002779289543722207
2023-09-23 21:00:00,0.0049975099973380566,0.002779289543722207
2023-09-23 22:00:00,0.0056731319054961205,0.002779289543722207
2023-09-23 23:00:00,0.005876197014003992,0.002779289543722207
2023-09-24 00:00:00,0.005985632538795471,0.002779289543722207
2023-09-24 01:00:00,0.0060476865619421005,0.002779289543722207
2023-09-24 02:00:00,0.005791122559458017,0.002779289543722207
2023-09-24 03:00:00,0.005414187908172607,0.002779289543722207
2023-09-24 04:00:00,0.005565555300563574,0.002779289543722207
2023-09-24 05:00:00,0.005905761383473873,0.002779289543722207
2023-09-24 06:00:00,0.006300601176917553,0.002779289543722207
2023-09-24 07:00:00,0.006349506787955761,0.002779289543722207
2023-09-24 08:00:00,0.006839927285909653,0.002779289543722207
2023-09-24 09:00:00,0.007063367869704962,0.002779289543722207
2023-09-24 10:00:00,0.006630812771618366,0.002779289543722207
2023-09-24 11:00:00,0.0063701206818223,0.002779289543722207
2023-09-24 12:00:00,0.006166652776300907,0.002779289543722207
2023-09-24 13:00:00,0.0060064648278057575,0.002779289543722207
2023-09-24 14:00:00,0.005596132483333349,0.002779289543722207
2023-09-24 15:00:00,0.005170904099941254,0.002779289543722207
2023-09-24 16:00:00,0.005499546881765127,0.002779289543722207
2023-09-24 17:00:00,0.004897432401776314,0.002779289543722207
2023-09-24 18:00:00,0.005283943377435207,0.002779289543722207
2023-09-24 19:00:00,0.004918128717690706,0.002779289543722207
2023-09-24 20:00:00,0.005151052959263325,0.002779289543722207
2023-09-24 21:00:00,0.005333066917955875,0.002779289543722207
2023-09-24 22:00:00,0.004889527801424265,0.002779289543722207
2023-09-24 23:00:00,0.005402765702456236,0.002779289543722207
2023-09-25 00:00:00,0.0054527889005839825,0.002779289543722207
2023-09-25 01:00:00,0.005566835403442383,0.002779289543722207
2023-09-25 02:00:00,0.005436948966234922,0.002779289543722207
2023-09-25 03:00:00,0.005303376354277134,0.002779289543722207
2023-09-25 04:00:00,0.005314883776009083,0.002779289543722207
2023-09-25 05:00:00,0.005388384684920311,0.002779289543722207
2023-09-25 06:00:00,0.004859408363699913,0.002779289543722207
2023-09-25 07:00:00,0.004807093180716038,0.002779289543722207
2023-09-25 08:00:00,0.005074422340840101,0.002779289543722207
2023-09-25 09:00:00,0.005094908643513918,0.002779289543722207
2023-09-25 10:00:00,0.00509978411719203,0.002779289543722207
2023-09-25 11:00:00,0.005069962702691555,0.002779289543722207
2023-09-25 12:00:00,0.005191626492887735,0.002779289543722207
2023-09-25 13:00:00,0.005092168692499399,0.002779289543722207
2023-09-25 14:00:00,0.004699985962361097,0.002779289543722207
2023-09-25 15:00:00,0.005105806048959494,0.002779289543722207
2023-09-25 16:00:00,0.004290896002203226,0.002779289543722207
2023-09-25 17:00:00,0.0051490445621311665,0.002779289543722207
2023-09-25 18:00:00,0.005315434653311968,0.002779289543722207
2023-09-25 19:00:00,0.005329648964107037,0.002779289543722207
2023-09-25 20:00:00,0.004485147073864937,0.002779289543722207
2023-09-25 21:00:00,0.005115945357829332,0.002779289543722207
2023-09-25 22:00:00,0.0043866438791155815,0.002779289543722207
2023-09-25 23:00:00,0.004467513412237167,0.002779289543722207
2023-09-26 00:00:00,0.003974451217800379,0.002779289543722207
2023-09-26 01:00:00,0.0042224787175655365,0.002779289543722207
2023-09-26 02:00:00,0.003992992918938398,0.002779289543722207
2023-09-26 03:00:00,0.0035647989716380835,0.002779289543722207
2023-09-26 04:00:00,0.004168194718658924,0.002779289543722207
2023-09-26 05:00:00,0.004461733158677816,0.002779289543722207
2023-09-26 06:00:00,0.004199254792183638,0.002779289543722207
2023-09-26 07:00:00,0.005071806255728006,0.002779289543722207
2023-09-26 08:00:00,0.005269827786833048,0.002779289543722207
2023-09-26 09:00:00,0.005966721568256617,0.002779289543722207
2023-09-26 10:00:00,0.00607265392318368,0.002779289543722207
2023-09-26 11:00:00,0.00548764131963253,0.002779289543722207
2023-09-26 12:00:00,0.005284469574689865,0.002779289543722207
2023-09-26 13:00:00,0.0053006927482783794,0.002779289543722207
2023-09-26 14:00:00,0.005537904798984528,0.002779289543722207
2023-09-26 15:00:00,0.004386140499264002,0.002779289543722207
2023-09-26 16:00:00,0.004006215836852789,0.002779289543722207
2023-09-26 17:00:00,0.004316101316362619,0.002779289543722207
2023-09-26 18:00:00,0.004065200686454773,0.002779289543722207
2023-09-26 19:00:00,0.0039971377700567245,0.002779289543722207
2023-09-26 20:00:00,0.004789788741618395,0.002779289543722207
2023-09-26 21:00:00,0.004929749295115471,0.002779289543722207
2023-09-26 22:00:00,0.004645622801035643,0.002779289543722207
2023-09-26 23:00:00,0.004930413328111172,0.002779289543722207
2023-09-27 00:00:00,0.004934612195938826,0.002779289543722207
2023-09-27 01:00:00,0.005486987065523863,0.002779289543722207
2023-09-27 02:00:00,0.005359485745429993,0.002779289543722207
2023-09-27 03:00:00,0.004699742421507835,0.002779289543722207
2023-09-27 04:00:00,0.004431665409356356,0.002779289543722207
2023-09-27 05:00:00,0.005052714142948389,0.002779289543722207
2023-09-27 06:00:00,0.005377735011279583,0.002779289543722207
2023-09-27 07:00:00,0.005207102745771408,0.002779289543722207
2023-09-27 08:00:00,0.004975039046257734,0.002779289543722207
2023-09-27 09:00:00,0.0056281620636582375,0.002779289543722207
2023-09-27 10:00:00,0.0060034748166799545,0.002779289543722207
2023-09-27 11:00:00,0.006267284043133259,0.002779289543722207
2023-09-27 12:00:00,0.005916408263146877,0.002779289543722207
2023-09-27 13:00:00,0.005789853632450104,0.002779289543722207
2023-09-27 14:00:00,0.005238030571490526,0.002779289543722207
2023-09-27 15:00:00,0.004684973508119583,0.002779289543722207
2023-09-27 16:00:00,0.004391947761178017,0.002779289543722207
2023-09-27 17:00:00,0.0048636277206242085,0.002779289543722207
2023-09-27 18:00:00,0.0042259045876562595,0.002779289543722207
2023-09-27 19:00:00,0.003923630807548761,0.002779289543722207
2023-09-27 20:00:00,0.0036862569395452738,0.002779289543722207
2023-09-27 21:00:00,0.004283617250621319,0.002779289543722207
2023-09-27 22:00:00,0.0039010941982269287,0.002779289543722207
2023-09-27 23:00:00,0.003585769096389413,0.002779289543722207
2023-09-28 00:00:00,0.0038986126892268658,0.002779289543722207
2023-09-28 01:00:00,0.003707655007019639,0.002779289543722207
2023-09-28 02:00:00,0.0034260160755366087,0.002779289543722207
2023-09-28 03:00:00,0.0032585873268544674,0.002779289543722207
2023-09-28 04:00:00,0.00438438355922699,0.002779289543722207
2023-09-28 05:00:00,0.004328868351876736,0.002779289543722207
2023-09-28 06:00:00,0.004258593078702688,0.002779289543722207
2023-09-28 07:00:00,0.004717974457889795,0.002779289543722207
2023-09-28 08:00:00,0.005851400084793568,0.002779289543722207
2023-09-28 09:00:00,0.005548437125980854,0.002779289543722207
2023-09-28 10:00:00,0.006033187732100487,0.002779289543722207
2023-09-28 11:00:00,0.00606389669701457,0.002779289543722207
2023-09-28 12:00:00,0.005962336901575327,0.002779289543722207
2023-09-28 13:00:00,0.006009044591337442,0.002779289543722207
2023-09-28 14:00:00,0.0056674727238714695,0.002779289543722207
2023-09-28 15:00:00,0.004678834229707718,0.002779289543722207
2023-09-28 16:00:00,0.004705062601715326,0.002779289543722207
2023-09-28 17:00:00,0.004384400323033333,0.002779289543722207
2023-09-28 18:00:00,0.00464030634611845,0.002779289543722207
2023-09-28 19:00:00,0.0044129956513643265,0.002779289543722207
2023-09-28 20:00:00,0.004185034893453121,0.002779289543722207
2023-09-28 21:00:00,0.004094449337571859,0.002779289543722207
2023-09-28 22:00:00,0.003845897736027837,0.002779289543722207
2023-09-28 23:00:00,0.0034890053793787956,0.002779289543722207
2023-09-29 00:00:00,0.0030950785148888826,0.002779289543722207
2023-09-29 02:00:00,0.003367952536791563,0.002779289543722207
2023-09-29 03:00:00,0.0037357062101364136,0.002779289543722207
2023-09-29 04:00:00,0.0033808546140789986,0.002779289543722207
2023-09-29 05:00:00,0.0032267491333186626,0.002779289543722207
2023-09-29 06:00:00,0.0031018946319818497,0.002779289543722207
2023-09-29 07:00:00,0.0030272318981587887,0.002779289543722207
2023-09-29 08:00:00,0.0030077507253736258,0.002779289543722207
2023-09-29 11:00:00,0.002912608440965414,0.002779289543722207
2023-09-29 12:00:00,0.002855244791135192,0.002779289543722207
2023-09-29 13:00:00,0.00285002076998353,0.002779289543722207
2023-09-29 14:00:00,0.002816195599734783,0.002779289543722207
2023-09-29 15:00:00,0.0030064978636801243,0.002779289543722207
2023-09-29 16:00:00,0.0030666720122098923,0.002779289543722207
2023-09-29 17:00:00,0.003096130210906267,0.002779289543722207
2023-09-29 18:00:00,0.0032336448784917593,0.002779289543722207
2023-09-29 19:00:00,0.004764420911669731,0.002779289543722207
2023-09-29 20:00:00,0.004404750186949968,0.002779289543722207
2023-09-29 21:00:00,0.004808762576431036,0.002779289543722207
2023-09-29 22:00:00,0.004877461586147547,0.002779289543722207
2023-09-29 23:00:00,0.004840454552322626,0.002779289543722207
2023-09-30 00:00:00,0.003930236678570509,0.002779289543722207
2023-09-30 01:00:00,0.0036183528136461973,0.002779289543722207
2023-09-30 02:00:00,0.0029034006875008345,0.002779289543722207
2023-09-30 03:00:00,0.0030770404264330864,0.002779289543722207
2023-09-30 04:00:00,0.0030184839852154255,0.002779289543722207
2023-09-30 05:00:00,0.0033963588066399097,0.002779289543722207
2023-09-30 06:00:00,0.0036104447208344936,0.002779289543722207
2023-09-30 07:00:00,0.0034946962259709835,0.002779289543722207
2023-09-30 08:00:00,0.003619940485805273,0.002779289543722207
2023-09-30 09:00:00,0.003842064877972007,0.002779289543722207
2023-09-30 10:00:00,0.0038409545086324215,0.002779289543722207
2023-09-30 11:00:00,0.003734158119186759,0.002779289543722207
2023-09-30 12:00:00,0.003690350102260709,0.002779289543722207
2023-09-30 13:00:00,0.0038704518228769302,0.002779289543722207
2023-09-30 14:00:00,0.0037135647144168615,0.002779289543722207
2023-09-30 15:00:00,0.0036349135916680098,0.002779289543722207
2023-09-30 16:00:00,0.003998598549515009,0.002779289543722207
2023-09-30 17:00:00,0.003378605702891946,0.002779289543722207
2023-09-30 18:00:00,0.0029389988631010056,0.002779289543722207
2023-09-30 19:00:00,0.002982790581882,0.002779289543722207
2023-09-30 20:00:00,0.0030439808033406734,0.002779289543722207
2023-09-30 21:00:00,0.004022743087261915,0.002779289543722207
2023-09-30 22:00:00,0.00406816229224205,0.002779289543722207
2023-09-30 23:00:00,0.0043357671238482,0.002779289543722207
2023-10-01 00:00:00,0.004840490408241749,0.002779289543722207
2023-10-01 01:00:00,0.004953594878315926,0.002779289543722207
2023-10-01 02:00:00,0.005208421032875776,0.002779289543722207
2023-10-01 03:00:00,0.005158551502972841,0.002779289543722207
2023-10-01 04:00:00,0.005496342666447163,0.002779289543722207
2023-10-01 05:00:00,0.00580614572390914,0.002779289543722207
2023-10-01 06:00:00,0.00600627763196826,0.002779289543722207
2023-10-01 07:00:00,0.006231925915926695,0.002779289543722207
2023-10-01 08:00:00,0.006871106568723917,0.002779289543722207
2023-10-01 09:00:00,0.0071316990070044994,0.002779289543722207
2023-10-01 10:00:00,0.007324279751628637,0.002779289543722207
2023-10-01 11:00:00,0.006646900437772274,0.002779289543722207
2023-10-01 12:00:00,0.006625401321798563,0.002779289543722207
2023-10-01 13:00:00,0.0061583202332258224,0.002779289543722207
2023-10-01 14:00:00,0.005952910520136356,0.002779289543722207
2023-10-01 15:00:00,0.005226669367402792,0.002779289543722207
2023-10-01 16:00:00,0.004868927877396345,0.002779289543722207
2023-10-01 17:00:00,0.004619951359927654,0.002779289543722207
2023-10-01 18:00:00,0.004004848655313253,0.002779289543722207
2023-10-01 19:00:00,0.003648326499387622,0.002779289543722207
2023-10-01 20:00:00,0.003856839844956994,0.002779289543722207
2023-10-01 21:00:00,0.0034960247576236725,0.002779289543722207
2023-10-01 22:00:00,0.0030961339361965656,0.002779289543722207
2023-10-01 23:00:00,0.0030036079697310925,0.002779289543722207
2023-10-02 03:00:00,0.00279841385781765,0.002779289543722207
2023-10-02 08:00:00,0.0032100826501846313,0.002779289543722207
2023-10-02 09:00:00,0.0031930559780448675,0.002779289543722207
2023-10-02 10:00:00,0.00312279281206429,0.002779289543722207
2023-10-02 11:00:00,0.0029339571483433247,0.002779289543722207
2023-10-02 12:00:00,0.0030938745476305485,0.002779289543722207
2023-10-02 13:00:00,0.0031339668203145266,0.002779289543722207
2023-10-02 14:00:00,0.0031231350731104612,0.002779289543722207
2023-10-02 15:00:00,0.003124951384961605,0.002779289543722207
2023-10-02 16:00:00,0.003271020483225584,0.002779289543722207
2023-10-02 17:00:00,0.0032823383808135986,0.002779289543722207
2023-10-02 21:00:00,0.0029648663476109505,0.002779289543722207
2023-10-02 22:00:00,0.003328542923554778,0.002779289543722207
2023-10-02 23:00:00,0.0033938845153898,0.002779289543722207
2023-10-03 17:00:00,0.0031316056847572327,0.002779289543722207
2023-10-03 20:00:00,0.003961359150707722,0.002779289543722207
2023-10-03 21:00:00,0.004333021119236946,0.002779289543722207
2023-10-03 22:00:00,0.005653591360896826,0.002779289543722207
2023-10-03 23:00:00,0.005417161621153355,0.002779289543722207
2023-10-04 00:00:00,0.0055166068486869335,0.002779289543722207
2023-10-04 01:00:00,0.005196184851229191,0.002779289543722207
2023-10-04 02:00:00,0.0053802356123924255,0.002779289543722207
2023-10-04 03:00:00,0.005450093653053045,0.002779289543722207
2023-10-04 04:00:00,0.005371146369725466,0.002779289543722207
2023-10-04 05:00:00,0.005447898060083389,0.002779289543722207
2023-10-04 06:00:00,0.006034554447978735,0.002779289543722207
2023-10-04 07:00:00,0.00616375682875514,0.002779289543722207
2023-10-04 08:00:00,0.006341127213090658,0.002779289543722207
2023-10-04 09:00:00,0.0070604924112558365,0.002779289543722207
2023-10-04 10:00:00,0.006418160628527403,0.002779289543722207
2023-10-04 11:00:00,0.006558074150234461,0.002779289543722207
2023-10-04 12:00:00,0.00675184465944767,0.002779289543722207
2023-10-04 13:00:00,0.006379184778779745,0.002779289543722207
2023-10-04 14:00:00,0.006706799380481243,0.002779289543722207
2023-10-04 15:00:00,0.005177233833819628,0.002779289543722207
2023-10-04 16:00:00,0.004136386327445507,0.002779289543722207
2023-10-04 17:00:00,0.0038175107911229134,0.002779289543722207
2023-10-04 18:00:00,0.003573884256184101,0.002779289543722207
2023-10-04 19:00:00,0.0036681166384369135,0.002779289543722207
2023-10-04 20:00:00,0.0032965666614472866,0.002779289543722207
2023-10-04 21:00:00,0.003468259936198592,0.002779289543722207
2023-10-04 22:00:00,0.004624637775123119,0.002779289543722207
2023-10-04 23:00:00,0.0038539397064596415,0.002779289543722207
2023-10-05 00:00:00,0.0034582242369651794,0.002779289543722207
2023-10-05 01:00:00,0.004208087455481291,0.002779289543722207
2023-10-05 02:00:00,0.0045402138493955135,0.002779289543722207
2023-10-05 03:00:00,0.004472160246223211,0.002779289543722207
2023-10-05 04:00:00,0.0041512902826070786,0.002779289543722207
2023-10-05 05:00:00,0.004633911419659853,0.002779289543722207
2023-10-05 06:00:00,0.004871272016316652,0.002779289543722207
2023-10-05 07:00:00,0.0045701791532337666,0.002779289543722207
2023-10-05 08:00:00,0.004500611685216427,0.002779289543722207
2023-10-05 09:00:00,0.0044880458153784275,0.002779289543722207
2023-10-05 10:00:00,0.00442848727107048,0.002779289543722207
2023-10-05 11:00:00,0.004962974693626165,0.002779289543722207
2023-10-05 12:00:00,0.0055621229112148285,0.002779289543722207
2023-10-05 13:00:00,0.004965492989867926,0.002779289543722207
2023-10-05 14:00:00,0.004789405968040228,0.002779289543722207
2023-10-05 15:00:00,0.004733899608254433,0.002779289543722207
2023-10-05 16:00:00,0.005096726585179567,0.002779289543722207
2023-10-05 17:00:00,0.005596873816102743,0.002779289543722207
2023-10-05 18:00:00,0.005897596478462219,0.002779289543722207
2023-10-05 19:00:00,0.005272859241813421,0.002779289543722207
2023-10-05 20:00:00,0.005181077402085066,0.002779289543722207
2023-10-05 21:00:00,0.0051792883314192295,0.002779289543722207
2023-10-05 22:00:00,0.005153598729521036,0.002779289543722207
2023-10-05 23:00:00,0.006474344525486231,0.002779289543722207
2023-10-06 00:00:00,0.0054308404214680195,0.002779289543722207
2023-10-06 01:00:00,0.005638070870190859,0.002779289543722207
2023-10-06 02:00:00,0.006057441234588623,0.002779289543722207
2023-10-06 03:00:00,0.0056226057931780815,0.002779289543722207
2023-10-06 04:00:00,0.00491733243688941,0.002779289543722207
2023-10-06 05:00:00,0.004119500983506441,0.002779289543722207
2023-10-06 06:00:00,0.004039543215185404,0.002779289543722207
2023-10-06 07:00:00,0.003348869737237692,0.002779289543722207
2023-10-06 08:00:00,0.0029126154258847237,0.002779289543722207
2023-10-06 09:00:00,0.0033348421566188335,0.002779289543722207
2023-10-06 10:00:00,0.0032030921429395676,0.002779289543722207
2023-10-06 16:00:00,0.002894851379096508,0.002779289543722207
2023-10-06 17:00:00,0.003201571526005864,0.002779289543722207
2023-10-06 18:00:00,0.004132680129259825,0.002779289543722207
2023-10-06 19:00:00,0.0044870018027722836,0.002779289543722207
2023-10-06 20:00:00,0.004159975331276655,0.002779289543722207
2023-10-06 21:00:00,0.004172858316451311,0.002779289543722207
2023-10-06 22:00:00,0.004226523917168379,0.002779289543722207
2023-10-06 23:00:00,0.004519899375736713,0.002779289543722207
2023-10-07 00:00:00,0.004619992338120937,0.002779289543722207
2023-10-07 01:00:00,0.004884183872491121,0.002779289543722207
2023-10-07 02:00:00,0.004960323683917522,0.002779289543722207
2023-10-07 03:00:00,0.004722933284938335,0.002779289543722207
2023-10-07 04:00:00,0.004623448476195335,0.002779289543722207
2023-10-07 05:00:00,0.004583536181598902,0.002779289543722207
2023-10-07 06:00:00,0.004595515318214893,0.002779289543722207
2023-10-07 07:00:00,0.0052925352938473225,0.002779289543722207
2023-10-07 08:00:00,0.004719623364508152,0.002779289543722207
2023-10-07 09:00:00,0.004664980806410313,0.002779289543722207
2023-10-07 10:00:00,0.005669273901730776,0.002779289543722207
2023-10-07 11:00:00,0.005711566191166639,0.002779289543722207
2023-10-07 12:00:00,0.004064495675265789,0.002779289543722207
2023-10-07 13:00:00,0.0037266090512275696,0.002779289543722207
2023-10-07 14:00:00,0.0038216959219425917,0.002779289543722207
2023-10-07 15:00:00,0.002900906139984727,0.002779289543722207
2023-10-07 16:00:00,0.002829569624736905,0.002779289543722207
2023-10-07 21:00:00,0.0028761790599673986,0.002779289543722207
2023-10-08 02:00:00,0.003321277443319559,0.002779289543722207
2023-10-08 03:00:00,0.0036453965585678816,0.002779289543722207
2023-10-08 04:00:00,0.003991990815848112,0.002779289543722207
2023-10-08 05:00:00,0.0036849777679890394,0.002779289543722207
2023-10-08 06:00:00,0.00450467923656106,0.002779289543722207
2023-10-08 07:00:00,0.004399384371936321,0.002779289543722207
2023-10-08 08:00:00,0.004765466321259737,0.002779289543722207
2023-10-08 09:00:00,0.004489143379032612,0.002779289543722207
2023-10-08 10:00:00,0.004582035820931196,0.002779289543722207
2023-10-08 11:00:00,0.004624854773283005,0.002779289543722207
2023-10-08 12:00:00,0.004807564429938793,0.002779289543722207
2023-10-08 13:00:00,0.005015346687287092,0.002779289543722207
2023-10-08 14:00:00,0.005045054014772177,0.002779289543722207
2023-10-08 15:00:00,0.005271278787404299,0.002779289543722207
2023-10-08 16:00:00,0.005438255146145821,0.002779289543722207
2023-10-08 17:00:00,0.004426011815667152,0.002779289543722207
2023-10-08 18:00:00,0.004295739345252514,0.002779289543722207
2023-10-08 19:00:00,0.004537688568234444,0.002779289543722207
2023-10-08 20:00:00,0.004490417428314686,0.002779289543722207
2023-10-08 21:00:00,0.004510554950684309,0.002779289543722207
2023-10-08 22:00:00,0.004385644104331732,0.002779289543722207
2023-10-08 23:00:00,0.003448179690167308,0.002779289543722207
2023-10-09 00:00:00,0.00410098023712635,0.002779289543722207
2023-10-09 01:00:00,0.003344678319990635,0.002779289543722207
2023-10-09 02:00:00,0.0032676677219569683,0.002779289543722207
2023-10-09 03:00:00,0.0034823580645024776,0.002779289543722207
2023-10-09 04:00:00,0.003813380841165781,0.002779289543722207
2023-10-09 05:00:00,0.0038645255845040083,0.002779289543722207
2023-10-09 06:00:00,0.004478598944842815,0.002779289543722207
2023-10-09 07:00:00,0.004313748329877853,0.002779289543722207
2023-10-09 08:00:00,0.004492572508752346,0.002779289543722207
2023-10-09 09:00:00,0.004627926740795374,0.002779289543722207
2023-10-09 10:00:00,0.005590088665485382,0.002779289543722207
2023-10-09 11:00:00,0.005302746780216694,0.002779289543722207
2023-10-09 12:00:00,0.005801276303827763,0.002779289543722207
2023-10-09 13:00:00,0.005763103719800711,0.002779289543722207
2023-10-09 14:00:00,0.006138079799711704,0.002779289543722207
2023-10-09 15:00:00,0.006732814479619265,0.002779289543722207
2023-10-09 16:00:00,0.007566525135189295,0.002779289543722207
2023-10-09 17:00:00,0.006543985567986965,0.002779289543722207
2023-10-09 18:00:00,0.0065270583145320415,0.002779289543722207
2023-10-09 19:00:00,0.0056198397651314735,0.002779289543722207
2023-10-09 20:00:00,0.005428857635706663,0.002779289543722207
2023-10-09 21:00:00,0.005934813525527716,0.002779289543722207
2023-10-09 22:00:00,0.0050392658449709415,0.002779289543722207
2023-10-09 23:00:00,0.005499873775988817,0.002779289543722207
2023-10-10 00:00:00,0.005163012538105249,0.002779289543722207
2023-10-10 01:00:00,0.004476956557482481,0.002779289543722207
2023-10-10 02:00:00,0.005136140156537294,0.002779289543722207
2023-10-10 03:00:00,0.00509657571092248,0.002779289543722207
2023-10-10 04:00:00,0.004063083324581385,0.002779289543722207
2023-10-10 05:00:00,0.003805882530286908,0.002779289543722207
2023-10-10 06:00:00,0.0038648832123726606,0.002779289543722207
2023-10-10 07:00:00,0.0028883505146950483,0.002779289543722207
2023-10-10 09:00:00,0.0028826508205384016,0.002779289543722207
2023-10-10 10:00:00,0.0034521387424319983,0.002779289543722207
2023-10-10 11:00:00,0.0027921651490032673,0.002779289543722207
2023-10-10 12:00:00,0.0030839552637189627,0.002779289543722207
2023-10-10 13:00:00,0.0030568023212254047,0.002779289543722207
2023-10-10 14:00:00,0.003339136950671673,0.002779289543722207
2023-10-10 15:00:00,0.0032266872003674507,0.002779289543722207
2023-10-10 16:00:00,0.003214359749108553,0.002779289543722207
2023-10-10 17:00:00,0.003451856318861246,0.002779289543722207
2023-10-10 18:00:00,0.003419136395677924,0.002779289543722207
2023-10-10 19:00:00,0.0030806863214820623,0.002779289543722207
2023-10-10 20:00:00,0.0036628246307373047,0.002779289543722207
2023-10-10 21:00:00,0.003993261139839888,0.002779289543722207
2023-10-10 22:00:00,0.003766363952308893,0.002779289543722207
2023-10-10 23:00:00,0.0035535634960979223,0.002779289543722207
2023-10-11 02:00:00,0.003878191579133272,0.002779289543722207
2023-10-11 03:00:00,0.0037211624439805746,0.002779289543722207
2023-10-11 04:00:00,0.0033438499085605145,0.002779289543722207
2023-10-11 05:00:00,0.002993231639266014,0.002779289543722207
2023-10-11 06:00:00,0.0030855874065309763,0.002779289543722207
2023-10-11 07:00:00,0.002908497815951705,0.002779289543722207
2023-10-11 08:00:00,0.0029245184268802404,0.002779289543722207
2023-10-11 09:00:00,0.0031360508874058723,0.002779289543722207
2023-10-11 10:00:00,0.003407182404771447,0.002779289543722207
2023-10-11 11:00:00,0.004032602533698082,0.002779289543722207
2023-10-11 12:00:00,0.003981463145464659,0.002779289543722207
2023-10-11 13:00:00,0.003987694624811411,0.002779289543722207
2023-10-11 14:00:00,0.003883977420628071,0.002779289543722207
2023-10-11 15:00:00,0.0032882194500416517,0.002779289543722207
2023-10-11 16:00:00,0.0030382471159100533,0.002779289543722207
2023-10-11 17:00:00,0.003548332490026951,0.002779289543722207
2023-10-11 18:00:00,0.004023122601211071,0.002779289543722207
2023-10-11 19:00:00,0.004037612583488226,0.002779289543722207
2023-10-11 20:00:00,0.004033980891108513,0.002779289543722207
2023-10-11 21:00:00,0.003694079350680113,0.002779289543722207
2023-10-11 22:00:00,0.0038370145484805107,0.002779289543722207
2023-10-11 23:00:00,0.0044210790656507015,0.002779289543722207
2023-10-12 00:00:00,0.003994799219071865,0.002779289543722207
2023-10-12 01:00:00,0.003896500449627638,0.002779289543722207
2023-10-12 02:00:00,0.005160692147910595,0.002779289543722207
2023-10-12 03:00:00,0.004374834708869457,0.002779289543722207
2023-10-12 04:00:00,0.0043317703530192375,0.002779289543722207
2023-10-12 05:00:00,0.007102747913450003,0.002779289543722207
2023-10-12 06:00:00,0.0070595648139715195,0.002779289543722207
2023-10-12 07:00:00,0.006796720437705517,0.002779289543722207
2023-10-12 08:00:00,0.0071265422739088535,0.002779289543722207
2023-10-12 09:00:00,0.0077475192956626415,0.002779289543722207
2023-10-12 10:00:00,0.008215663023293018,0.002779289543722207
2023-10-12 11:00:00,0.009501504711806774,0.002779289543722207
2023-10-12 12:00:00,0.009426286444067955,0.002779289543722207
2023-10-12 13:00:00,0.00767946382984519,0.002779289543722207
2023-10-12 14:00:00,0.006550959777086973,0.002779289543722207
2023-10-12 15:00:00,0.005722484551370144,0.002779289543722207
2023-10-12 16:00:00,0.005390659905970097,0.002779289543722207
2023-10-12 17:00:00,0.00789425615221262,0.002779289543722207
2023-10-12 18:00:00,0.009019747376441956,0.002779289543722207
2023-10-12 19:00:00,0.0067980303429067135,0.002779289543722207
2023-10-12 20:00:00,0.0068290564231574535,0.002779289543722207
2023-10-12 21:00:00,0.0066549633629620075,0.002779289543722207
2023-10-12 22:00:00,0.007683033123612404,0.002779289543722207
2023-10-12 23:00:00,0.007887905463576317,0.002779289543722207
2023-10-13 00:00:00,0.007482005748897791,0.002779289543722207
2023-10-13 01:00:00,0.00771780451759696,0.002779289543722207
2023-10-13 02:00:00,0.006384355016052723,0.002779289543722207
2023-10-13 03:00:00,0.005375457927584648,0.002779289543722207
2023-10-13 04:00:00,0.005271679721772671,0.002779289543722207
2023-10-13 05:00:00,0.00603493582457304,0.002779289543722207
2023-10-13 06:00:00,0.006967926397919655,0.002779289543722207
2023-10-13 07:00:00,0.006538329645991325,0.002779289543722207
2023-10-13 08:00:00,0.006579105742275715,0.002779289543722207
2023-10-13 09:00:00,0.00591193325817585,0.002779289543722207
2023-10-13 10:00:00,0.005525784566998482,0.002779289543722207
2023-10-13 11:00:00,0.005616059526801109,0.002779289543722207
2023-10-13 12:00:00,0.006551877595484257,0.002779289543722207
2023-10-13 13:00:00,0.005415553227066994,0.002779289543722207
2023-10-13 14:00:00,0.0058091250248253345,0.002779289543722207
2023-10-13 15:00:00,0.005678811576217413,0.002779289543722207
2023-10-13 16:00:00,0.005636321380734444,0.002779289543722207
2023-10-13 17:00:00,0.004607160575687885,0.002779289543722207
2023-10-13 18:00:00,0.0036714421585202217,0.002779289543722207
2023-10-13 19:00:00,0.003673333441838622,0.002779289543722207
2023-10-13 20:00:00,0.0038550507742911577,0.002779289543722207
2023-10-13 21:00:00,0.0029859663918614388,0.002779289543722207
2023-10-14 14:00:00,0.0032157485838979483,0.002779289543722207
2023-10-14 15:00:00,0.0031966727692633867,0.002779289543722207
2023-10-14 16:00:00,0.003673255443572998,0.002779289543722207
2023-10-14 17:00:00,0.0033836925867944956,0.002779289543722207
2023-10-14 18:00:00,0.0046662637032568455,0.002779289543722207
2023-10-14 19:00:00,0.004603993147611618,0.002779289543722207
2023-10-14 20:00:00,0.004525677766650915,0.002779289543722207
2023-10-14 21:00:00,0.00455072894692421,0.002779289543722207
2023-10-14 22:00:00,0.005701701622456312,0.002779289543722207
2023-10-14 23:00:00,0.006040481384843588,0.002779289543722207
2023-10-15 00:00:00,0.006344810593873262,0.002779289543722207
2023-10-15 01:00:00,0.006691596936434507,0.002779289543722207
2023-10-15 02:00:00,0.006673556752502918,0.002779289543722207
2023-10-15 03:00:00,0.00680034514516592,0.002779289543722207
2023-10-15 04:00:00,0.006463341880589724,0.002779289543722207
2023-10-15 05:00:00,0.004990166053175926,0.002779289543722207
2023-10-15 06:00:00,0.004775309469550848,0.002779289543722207
2023-10-15 07:00:00,0.004683508537709713,0.002779289543722207
2023-10-15 08:00:00,0.004137346055358648,0.002779289543722207
2023-10-15 09:00:00,0.004801331553608179,0.002779289543722207
2023-10-15 10:00:00,0.005001824349164963,0.002779289543722207
2023-10-15 11:00:00,0.004738331772387028,0.002779289543722207
2023-10-15 12:00:00,0.00419330270960927,0.002779289543722207
2023-10-15 13:00:00,0.003976661246269941,0.002779289543722207
2023-10-15 14:00:00,0.004009935539215803,0.002779289543722207
2023-10-15 15:00:00,0.004516430664807558,0.002779289543722207
2023-10-15 16:00:00,0.004085796419531107,0.002779289543722207
2023-10-15 17:00:00,0.005265124142169952,0.002779289543722207
2023-10-15 18:00:00,0.004470440559089184,0.002779289543722207
2023-10-15 19:00:00,0.004276373889297247,0.002779289543722207
2023-10-15 20:00:00,0.004118543583899736,0.002779289543722207
2023-10-15 21:00:00,0.0043272338807582855,0.002779289543722207
2023-10-15 22:00:00,0.0034420134034007788,0.002779289543722207
2023-10-15 23:00:00,0.0037229019217193127,0.002779289543722207
2023-10-16 00:00:00,0.0034234265331178904,0.002779289543722207
2023-10-16 01:00:00,0.003606801386922598,0.002779289543722207
2023-10-16 02:00:00,0.003348222468048334,0.002779289543722207
2023-10-16 03:00:00,0.003500305349007249,0.002779289543722207
2023-10-16 04:00:00,0.0031793059315532446,0.002779289543722207
2023-10-16 05:00:00,0.0033337692730128765,0.002779289543722207
2023-10-16 06:00:00,0.002912516240030527,0.002779289543722207
2023-10-16 07:00:00,0.00300260866060853,0.002779289543722207
2023-10-16 08:00:00,0.0028381957672536373,0.002779289543722207
2023-10-16 09:00:00,0.002826615935191512,0.002779289543722207
2023-10-16 10:00:00,0.002847235882654786,0.002779289543722207
2023-10-17 23:00:00,0.0029891524463891983,0.002779289543722207
2023-10-18 01:00:00,0.0028809416107833385,0.002779289543722207
2023-10-18 02:00:00,0.0030602263286709785,0.002779289543722207
2023-10-18 03:00:00,0.003060263814404607,0.002779289543722207
2023-10-18 04:00:00,0.0029977262020111084,0.002779289543722207
2023-10-18 05:00:00,0.00278886454179883,0.002779289543722207
2023-10-18 10:00:00,0.00303711392916739,0.002779289543722207
2023-10-18 11:00:00,0.002834916114807129,0.002779289543722207
2023-10-18 12:00:00,0.0034426990896463394,0.002779289543722207
2023-10-18 13:00:00,0.00348073523491621,0.002779289543722207
2023-10-18 14:00:00,0.003377128392457962,0.002779289543722207
2023-10-18 15:00:00,0.0033078764099627733,0.002779289543722207
2023-10-18 16:00:00,0.003050223458558321,0.002779289543722207
2023-10-18 17:00:00,0.002980862045660615,0.002779289543722207
2023-10-18 18:00:00,0.002865810878574848,0.002779289543722207
2023-10-18 19:00:00,0.002843277296051383,0.002779289543722207
2023-10-18 20:00:00,0.0032755290158092976,0.002779289543722207
2023-10-18 21:00:00,0.0029126538429409266,0.002779289543722207
2023-11-02 09:00:00,0.0027848647441715,0.002779289543722207
2023-11-07 05:00:00,0.002834014128893614,0.002779289543722207
2023-11-11 15:00:00,0.002898840233683586,0.002779289543722207
2023-11-11 16:00:00,0.0027909742202609777,0.002779289543722207
2023-11-11 17:00:00,0.003306387923657894,0.002779289543722207
2023-11-11 18:00:00,0.003190486691892147,0.002779289543722207
2023-11-11 19:00:00,0.003388357814401388,0.002779289543722207
2023-11-11 20:00:00,0.003551329020410776,0.002779289543722207
2023-11-11 21:00:00,0.00308221229352057,0.002779289543722207
2023-11-11 22:00:00,0.0031377223785966635,0.002779289543722207
2023-11-11 23:00:00,0.0030693532899022102,0.002779289543722207
2023-11-12 00:00:00,0.002956485841423273,0.002779289543722207
2023-11-12 01:00:00,0.002863864181563258,0.002779289543722207
2023-11-12 02:00:00,0.0029066172428429127,0.002779289543722207
2023-11-12 03:00:00,0.0029420561622828245,0.002779289543722207
2023-11-12 04:00:00,0.0029498739168047905,0.002779289543722207
2023-11-24 04:00:00,0.002946937456727028,0.002779289543722207
2023-11-24 06:00:00,0.0038491871673613787,0.002779289543722207
2023-11-24 07:00:00,0.004290520679205656,0.002779289543722207
2023-11-24 08:00:00,0.00456939497962594,0.002779289543722207
2023-11-24 09:00:00,0.00469923485070467,0.002779289543722207
2023-11-24 10:00:00,0.004700855351984501,0.002779289543722207
2023-11-24 11:00:00,0.004603492561727762,0.002779289543722207
2023-11-24 12:00:00,0.004685028921812773,0.002779289543722207
2023-11-24 13:00:00,0.004823379684239626,0.002779289543722207
2023-11-24 14:00:00,0.00516719464212656,0.002779289543722207
2023-11-24 15:00:00,0.005200422368943691,0.002779289543722207
2023-11-24 16:00:00,0.0054778107441961765,0.002779289543722207
2023-11-24 17:00:00,0.005487619899213314,0.002779289543722207
2023-11-24 18:00:00,0.0053581963293254375,0.002779289543722207
2023-11-24 19:00:00,0.005818788893520832,0.002779289543722207
2023-11-24 20:00:00,0.005780348088592291,0.002779289543722207
2023-11-24 21:00:00,0.004799275193363428,0.002779289543722207
2023-11-24 22:00:00,0.0039367168210446835,0.002779289543722207
2023-11-24 23:00:00,0.004029481206089258,0.002779289543722207
2023-11-25 00:00:00,0.004399353172630072,0.002779289543722207
2023-11-25 01:00:00,0.004524362739175558,0.002779289543722207
2023-11-25 02:00:00,0.004143840633332729,0.002779289543722207
2023-11-25 03:00:00,0.0036871335469186306,0.002779289543722207
2023-11-25 04:00:00,0.002799518406391144,0.002779289543722207
2023-11-25 06:00:00,0.003069973085075617,0.002779289543722207
2023-11-25 07:00:00,0.0031033391132950783,0.002779289543722207
2023-11-25 08:00:00,0.002938624704256654,0.002779289543722207
2023-11-25 09:00:00,0.0035466088447719812,0.002779289543722207
2023-11-25 10:00:00,0.0033949727658182383,0.002779289543722207
2023-11-25 11:00:00,0.0038517059292644262,0.002779289543722207
2023-11-25 12:00:00,0.003719757776707411,0.002779289543722207
2023-11-25 13:00:00,0.004044392146170139,0.002779289543722207
2023-11-25 14:00:00,0.004449972417205572,0.002779289543722207
2023-11-25 15:00:00,0.004638415761291981,0.002779289543722207
2023-11-25 16:00:00,0.00527198938652873,0.002779289543722207
2023-11-25 17:00:00,0.004884498193860054,0.002779289543722207
2023-11-25 18:00:00,0.004662401508539915,0.002779289543722207
2023-11-25 19:00:00,0.004322207532823086,0.002779289543722207
2023-11-25 20:00:00,0.0038000517524778843,0.002779289543722207
2023-11-25 21:00:00,0.0037407835479825735,0.002779289543722207
2023-11-25 22:00:00,0.00365547277033329,0.002779289543722207
2023-11-25 23:00:00,0.0036434803623706102,0.002779289543722207
2023-11-26 00:00:00,0.004580846056342125,0.002779289543722207
2023-11-26 01:00:00,0.005162119399756193,0.002779289543722207
2023-11-26 02:00:00,0.005197987426072359,0.002779289543722207
2023-11-26 03:00:00,0.00517153088003397,0.002779289543722207
2023-11-26 04:00:00,0.005217340309172869,0.002779289543722207
2023-11-26 05:00:00,0.004823554772883654,0.002779289543722207
2023-11-26 06:00:00,0.00524130230769515,0.002779289543722207
2023-11-26 07:00:00,0.004432039335370064,0.002779289543722207
2023-11-26 08:00:00,0.0039977761916816235,0.002779289543722207
2023-11-26 09:00:00,0.003982490859925747,0.002779289543722207
2023-11-26 10:00:00,0.004066620022058487,0.002779289543722207
2023-11-26 11:00:00,0.003967784810811281,0.002779289543722207
2023-11-26 12:00:00,0.004659111611545086,0.002779289543722207
2023-11-26 13:00:00,0.004465674050152302,0.002779289543722207
2023-11-26 14:00:00,0.003933570347726345,0.002779289543722207
2023-11-26 15:00:00,0.0037399788852781057,0.002779289543722207
2023-11-26 16:00:00,0.003489242633804679,0.002779289543722207
2023-11-26 17:00:00,0.003662943374365568,0.002779289543722207
2023-11-26 18:00:00,0.003484228625893593,0.002779289543722207
2023-11-26 19:00:00,0.003296040929853916,0.002779289543722207
2023-11-26 20:00:00,0.0033808175940066576,0.002779289543722207
2023-11-26 21:00:00,0.0030102531891316175,0.002779289543722207
2023-11-26 22:00:00,0.0029695474077016115,0.002779289543722207
2023-11-26 23:00:00,0.003103456227108836,0.002779289543722207
2023-11-27 00:00:00,0.003234146861359477,0.002779289543722207
2023-11-27 01:00:00,0.002958423923701048,0.002779289543722207
2023-11-27 02:00:00,0.002900849562138319,0.002779289543722207
2023-11-27 03:00:00,0.002892537973821163,0.002779289543722207
2023-11-27 07:00:00,0.0029644006863236427,0.002779289543722207
2023-11-27 08:00:00,0.003018750110641122,0.002779289543722207
2023-11-27 09:00:00,0.002849116688594222,0.002779289543722207
2023-11-27 11:00:00,0.0029630400240421295,0.002779289543722207
2023-12-06 13:00:00,0.026809751987457275,0.002779289543722207
2023-12-06 14:00:00,0.03345652297139168,0.002779289543722207
2023-12-06 15:00:00,0.030901148915290833,0.002779289543722207
2023-12-06 16:00:00,0.030495967715978622,0.002779289543722207
2023-12-06 17:00:00,0.030225224792957306,0.002779289543722207
2023-12-06 18:00:00,0.029964597895741463,0.002779289543722207
2023-12-06 19:00:00,0.029839377850294113,0.002779289543722207
2023-12-06 20:00:00,0.029908280819654465,0.002779289543722207
2023-12-06 21:00:00,0.02972138300538063,0.002779289543722207
2023-12-06 22:00:00,0.029961194843053818,0.002779289543722207
2023-12-06 23:00:00,0.03019539639353752,0.002779289543722207
2023-12-07 00:00:00,0.030382750555872917,0.002779289543722207
2023-12-07 01:00:00,0.030973782762885094,0.002779289543722207
2023-12-07 02:00:00,0.031260110437870026,0.002779289543722207
2023-12-07 03:00:00,0.03125153109431267,0.002779289543722207
2023-12-07 04:00:00,0.030976707115769386,0.002779289543722207
2023-12-07 05:00:00,0.030880387872457504,0.002779289543722207
2023-12-07 06:00:00,0.030635641887784004,0.002779289543722207
2023-12-07 07:00:00,0.030646586790680885,0.002779289543722207
2023-12-07 08:00:00,0.03114580176770687,0.002779289543722207
2023-12-07 09:00:00,0.03162100911140442,0.002779289543722207
2023-12-07 10:00:00,0.03177429735660553,0.002779289543722207
2023-12-07 11:00:00,0.03230985254049301,0.002779289543722207
2023-12-07 12:00:00,0.031901951879262924,0.002779289543722207
2023-12-07 13:00:00,0.010406079702079296,0.002779289543722207
2023-12-09 16:00:00,0.002850837307050824,0.002779289543722207
2023-12-09 18:00:00,0.0027920231223106384,0.002779289543722207
2023-12-09 19:00:00,0.0028012548573315144,0.002779289543722207
2023-12-09 20:00:00,0.002860419685021043,0.002779289543722207
2023-12-09 21:00:00,0.002892074640840292,0.002779289543722207
2023-12-09 22:00:00,0.0035163317807018757,0.002779289543722207
2023-12-09 23:00:00,0.003159998683258891,0.002779289543722207
2023-12-10 00:00:00,0.0035921575035899878,0.002779289543722207
2023-12-10 01:00:00,0.0032381562050431967,0.002779289543722207
2023-12-10 02:00:00,0.0033710163552314043,0.002779289543722207
2023-12-10 03:00:00,0.003829661989584565,0.002779289543722207
2023-12-10 04:00:00,0.004085796419531107,0.002779289543722207
2023-12-10 05:00:00,0.0037140462081879377,0.002779289543722207
2023-12-10 06:00:00,0.0036524494644254446,0.002779289543722207
2023-12-10 07:00:00,0.0037250833120197058,0.002779289543722207
2023-12-10 08:00:00,0.0035572033375501633,0.002779289543722207
2023-12-10 09:00:00,0.00349739333614707,0.002779289543722207
2023-12-10 10:00:00,0.0033073448576033115,0.002779289543722207
2023-12-10 11:00:00,0.003554785391315818,0.002779289543722207
2023-12-10 12:00:00,0.003484872402623296,0.002779289543722207
2023-12-10 13:00:00,0.0031065531075000763,0.002779289543722207
2023-12-10 14:00:00,0.003114767838269472,0.002779289543722207
2023-12-10 15:00:00,0.0030971283558756113,0.002779289543722207
2023-12-10 18:00:00,0.003629053942859173,0.002779289543722207
2023-12-10 19:00:00,0.0032058306969702244,0.002779289543722207
2023-12-10 20:00:00,0.0029510310851037502,0.002779289543722207
2023-12-10 21:00:00,0.0028271228075027466,0.002779289543722207
2023-12-11 01:00:00,0.0031694688368588686,0.002779289543722207
2023-12-11 02:00:00,0.0033546125050634146,0.002779289543722207
2023-12-11 03:00:00,0.0028334110975265503,0.002779289543722207
2023-12-11 04:00:00,0.0029385266825556755,0.002779289543722207
2023-12-11 07:00:00,0.003109211102128029,0.002779289543722207
2023-12-11 08:00:00,0.0030739877838641405,0.002779289543722207
2023-12-11 09:00:00,0.0029925075359642506,0.002779289543722207
2023-12-11 10:00:00,0.0030839424580335617,0.002779289543722207
2023-12-11 11:00:00,0.003165349829941988,0.002779289543722207
2023-12-11 12:00:00,0.0031055137515068054,0.002779289543722207
2023-12-11 13:00:00,0.003147812094539404,0.002779289543722207
2023-12-11 14:00:00,0.0032625331077724695,0.002779289543722207
2023-12-11 15:00:00,0.0036609689705073833,0.002779289543722207
2023-12-11 16:00:00,0.0032302681356668472,0.002779289543722207
2023-12-11 17:00:00,0.003605660516768694,0.002779289543722207
2023-12-11 18:00:00,0.003434092504903674,0.002779289543722207
2023-12-11 19:00:00,0.0034743575379252434,0.002779289543722207
2023-12-11 20:00:00,0.003615709487348795,0.002779289543722207
2023-12-11 21:00:00,0.003419573185965419,0.002779289543722207
2023-12-11 22:00:00,0.003693492617458105,0.002779289543722207
2023-12-11 23:00:00,0.00369957834482193,0.002779289543722207
2023-12-12 00:00:00,0.003820922691375017,0.002779289543722207
2023-12-12 01:00:00,0.0037867685314267874,0.002779289543722207
2023-12-12 02:00:00,0.00415002228692174,0.002779289543722207
2023-12-12 03:00:00,0.004322641063481569,0.002779289543722207
2023-12-12 04:00:00,0.004066482651978731,0.002779289543722207
2023-12-12 05:00:00,0.004299249034374952,0.002779289543722207
2023-12-12 06:00:00,0.0037385448813438416,0.002779289543722207
2023-12-12 07:00:00,0.004526175558567047,0.002779289543722207
2023-12-12 08:00:00,0.00417490117251873,0.002779289543722207
2023-12-12 09:00:00,0.004071970470249653,0.002779289543722207
2023-12-12 10:00:00,0.00400771526619792,0.002779289543722207
2023-12-12 11:00:00,0.003716428065672517,0.002779289543722207
2023-12-12 12:00:00,0.0041698431596159935,0.002779289543722207
2023-12-12 13:00:00,0.0033910321071743965,0.002779289543722207
2023-12-12 14:00:00,0.003491163719445467,0.002779289543722207
2023-12-12 15:00:00,0.003457970917224884,0.002779289543722207
2023-12-12 16:00:00,0.0034358897246420383,0.002779289543722207
2023-12-12 17:00:00,0.003559671575203538,0.002779289543722207
2023-12-12 18:00:00,0.0036034509539604187,0.002779289543722207
2023-12-12 19:00:00,0.0031360427383333445,0.002779289543722207
