meter,measurement,day,min_val,max_val,avg_val,anomaly_type,criterion
H1.Z10,U1,2018-01-16,224.89922663358143,229.77626388154417,226.77900152592667,통계적이상(3sigma),"mean=229.89, sigma=0.93, lower=227.10, upper=232.67"
H1.Z10,U1,2018-01-18,225.8766666666667,229.81583333333336,227.06368055555558,통계적이상(3sigma),"mean=229.89, sigma=0.93, lower=227.10, upper=232.67"
H1.Z10,U1,2018-01-19,223.95,228.6783333333333,226.44005692167573,통계적이상(3sigma),"mean=229.89, sigma=0.93, lower=227.10, upper=232.67"
H1.Z10,U1,2018-01-23,224.89922663358143,229.77626388154417,226.77900152592667,통계적이상(3sigma),"mean=229.89, sigma=0.93, lower=227.10, upper=232.67"
H1.Z10,U1,2018-01-25,225.8766666666667,229.81583333333336,227.06368055555558,통계적이상(3sigma),"mean=229.89, sigma=0.93, lower=227.10, upper=232.67"
H1.Z10,U1,2018-01-26,223.95,228.6783333333333,226.44005692167573,통계적이상(3sigma),"mean=229.89, sigma=0.93, lower=227.10, upper=232.67"
H1.Z10,U1,2018-01-30,224.89922663358143,229.77626388154417,226.93751956091697,통계적이상(3sigma),"mean=229.89, sigma=0.93, lower=227.10, upper=232.67"
H1.Z10,U1,2018-02-08,224.73,230.1225,227.05802083333322,통계적이상(3sigma),"mean=229.89, sigma=0.93, lower=227.10, upper=232.67"
H1.Z10,U1,2018-02-21,224.70333333333332,228.76666666666668,226.7133680555555,통계적이상(3sigma),"mean=229.89, sigma=0.93, lower=227.10, upper=232.67"
H1.Z10,U1,2018-03-14,225.075,228.9954781420765,226.9906482191013,통계적이상(3sigma),"mean=229.89, sigma=0.93, lower=227.10, upper=232.67"
H1.Z10,U1,2023-07-16,230.4675455704741,235.94696227067212,232.74897666867412,통계적이상(3sigma),"mean=229.89, sigma=0.93, lower=227.10, upper=232.67"
H1.Z10,U1,2023-12-30,231.08,234.29245936079352,232.94590219421102,통계적이상(3sigma),"mean=229.89, sigma=0.93, lower=227.10, upper=232.67"
H1.Z10,U2,2018-01-16,224.76624141403244,229.9215860215054,226.7149945713585,통계적이상(3sigma),"mean=229.71, sigma=0.93, lower=226.91, upper=232.51"
H1.Z10,U2,2018-01-19,223.8766666666667,228.6208606557377,226.42363247790877,통계적이상(3sigma),"mean=229.71, sigma=0.93, lower=226.91, upper=232.51"
H1.Z10,U2,2018-01-23,224.76624141403244,229.9215860215054,226.7149945713585,통계적이상(3sigma),"mean=229.71, sigma=0.93, lower=226.91, upper=232.51"
H1.Z10,U2,2018-01-26,223.8766666666667,228.6208606557377,226.42363247790877,통계적이상(3sigma),"mean=229.71, sigma=0.93, lower=226.91, upper=232.51"
H1.Z10,U2,2018-01-30,224.76624141403244,229.9215860215054,226.8532804701192,통계적이상(3sigma),"mean=229.71, sigma=0.93, lower=226.91, upper=232.51"
H1.Z10,U2,2018-02-21,224.3625,228.65416666666667,226.42347222222224,통계적이상(3sigma),"mean=229.71, sigma=0.93, lower=226.91, upper=232.51"
H1.Z10,U2,2018-03-14,225.0016666666667,228.7779641421668,226.8114457678704,통계적이상(3sigma),"mean=229.71, sigma=0.93, lower=226.91, upper=232.51"
H1.Z10,U2,2023-07-16,230.36340238822623,236.70529897958795,233.06477057388452,통계적이상(3sigma),"mean=229.71, sigma=0.93, lower=226.91, upper=232.51"
H1.Z10,U2,2023-12-30,230.46166666666667,234.09412602746016,232.63583531841698,통계적이상(3sigma),"mean=229.71, sigma=0.93, lower=226.91, upper=232.51"
H1.Z10,U3,2018-01-16,225.33318387367964,229.9880918385334,227.15095429296596,통계적이상(3sigma),"mean=230.31, sigma=1.00, lower=227.30, upper=233.31"
H1.Z10,U3,2018-01-19,224.2925,229.1792822702852,226.727141656526,통계적이상(3sigma),"mean=230.31, sigma=1.00, lower=227.30, upper=233.31"
H1.Z10,U3,2018-01-21,224.965,228.9008333333333,227.2503472222222,통계적이상(3sigma),"mean=230.31, sigma=1.00, lower=227.30, upper=233.31"
H1.Z10,U3,2018-01-23,225.33318387367964,229.9880918385334,227.15095429296596,통계적이상(3sigma),"mean=230.31, sigma=1.00, lower=227.30, upper=233.31"
H1.Z10,U3,2018-01-26,224.2925,229.1792822702852,226.727141656526,통계적이상(3sigma),"mean=230.31, sigma=1.00, lower=227.30, upper=233.31"
H1.Z10,U3,2018-01-28,224.965,228.9008333333333,227.2503472222222,통계적이상(3sigma),"mean=230.31, sigma=1.00, lower=227.30, upper=233.31"
H1.Z10,U3,2018-01-30,225.33318387367964,229.9880918385334,227.2765318922266,통계적이상(3sigma),"mean=230.31, sigma=1.00, lower=227.30, upper=233.31"
H1.Z10,U3,2018-02-21,224.705,229.2516666666667,226.90996527777781,통계적이상(3sigma),"mean=230.31, sigma=1.00, lower=227.30, upper=233.31"
H1.Z10,U3,2018-03-14,225.265,229.2329577374832,227.14345049147923,통계적이상(3sigma),"mean=230.31, sigma=1.00, lower=227.30, upper=233.31"
H1.Z10,U3,2023-01-07,231.81916666666663,234.17916666666667,233.38018385701275,통계적이상(3sigma),"mean=230.31, sigma=1.00, lower=227.30, upper=233.31"
H1.Z10,U3,2023-07-16,231.059203219607,236.58419709515587,233.4888051660124,통계적이상(3sigma),"mean=230.31, sigma=1.00, lower=227.30, upper=233.31"
H1.Z10,U3,2023-12-21,231.32333333333327,234.95833333333331,233.62438183060112,통계적이상(3sigma),"mean=230.31, sigma=1.00, lower=227.30, upper=233.31"
H1.Z10,U3,2023-12-30,231.575,234.9341393442623,233.56066541438975,통계적이상(3sigma),"mean=230.31, sigma=1.00, lower=227.30, upper=233.31"
H1.Z11,U1,2018-01-16,224.92705762711864,229.91733782830957,226.83833494037302,통계적이상(3sigma),"mean=229.91, sigma=0.92, lower=227.13, upper=232.68"
H1.Z11,U1,2018-01-18,225.87416666666667,229.8575,227.1259722222222,통계적이상(3sigma),"mean=229.91, sigma=0.92, lower=227.13, upper=232.68"
H1.Z11,U1,2018-01-19,223.96916666666667,228.7736885245901,226.4968101092896,통계적이상(3sigma),"mean=229.91, sigma=0.92, lower=227.13, upper=232.68"
H1.Z11,U1,2018-01-23,224.92705762711864,229.91733782830957,226.83833494037302,통계적이상(3sigma),"mean=229.91, sigma=0.92, lower=227.13, upper=232.68"
H1.Z11,U1,2018-01-25,225.87416666666667,229.8575,227.1259722222222,통계적이상(3sigma),"mean=229.91, sigma=0.92, lower=227.13, upper=232.68"
H1.Z11,U1,2018-01-26,223.96916666666667,228.7736885245901,226.4968101092896,통계적이상(3sigma),"mean=229.91, sigma=0.92, lower=227.13, upper=232.68"
H1.Z11,U1,2018-01-30,224.92705762711864,229.91733782830957,227.00307967419994,통계적이상(3sigma),"mean=229.91, sigma=0.92, lower=227.13, upper=232.68"
H1.Z11,U1,2018-02-08,224.75833333333333,230.1725,227.11124999999996,통계적이상(3sigma),"mean=229.91, sigma=0.92, lower=227.13, upper=232.68"
H1.Z11,U1,2018-02-21,224.7475,228.8175,226.74600694444442,통계적이상(3sigma),"mean=229.91, sigma=0.92, lower=227.13, upper=232.68"
H1.Z11,U1,2018-03-14,225.0575,229.02741159734447,227.03531713817372,통계적이상(3sigma),"mean=229.91, sigma=0.92, lower=227.13, upper=232.68"
H1.Z11,U1,2023-07-16,230.4417463304179,235.96862440449,232.76529029906882,통계적이상(3sigma),"mean=229.91, sigma=0.92, lower=227.13, upper=232.68"
H1.Z11,U1,2023-12-30,231.11166666666665,234.29911902465903,232.9712542906507,통계적이상(3sigma),"mean=229.91, sigma=0.92, lower=227.13, upper=232.68"
H1.Z11,U2,2018-01-16,224.6938564929694,229.94941961924908,226.72255528653395,통계적이상(3sigma),"mean=229.64, sigma=0.93, lower=226.86, upper=232.42"
H1.Z11,U2,2018-01-19,223.8175,228.60081267217632,226.4104745056752,통계적이상(3sigma),"mean=229.64, sigma=0.93, lower=226.86, upper=232.42"
H1.Z11,U2,2018-01-23,224.6938564929694,229.94941961924908,226.72255528653395,통계적이상(3sigma),"mean=229.64, sigma=0.93, lower=226.86, upper=232.42"
H1.Z11,U2,2018-01-26,223.8175,228.60081267217632,226.4104745056752,통계적이상(3sigma),"mean=229.64, sigma=0.93, lower=226.86, upper=232.42"
H1.Z11,U2,2018-01-30,224.6938564929694,229.94941961924908,226.8554367698081,통계적이상(3sigma),"mean=229.64, sigma=0.93, lower=226.86, upper=232.42"
H1.Z11,U2,2018-02-21,224.3625,228.66416666666663,226.41420138888884,통계적이상(3sigma),"mean=229.64, sigma=0.93, lower=226.86, upper=232.42"
H1.Z11,U2,2018-03-14,224.9283333333333,228.7490986993632,226.78810290755243,통계적이상(3sigma),"mean=229.64, sigma=0.93, lower=226.86, upper=232.42"
H1.Z11,U2,2023-07-16,230.2400972165966,236.55209044622728,232.949407309094,통계적이상(3sigma),"mean=229.64, sigma=0.93, lower=226.86, upper=232.42"
H1.Z11,U2,2023-12-30,230.38916666666668,234.01541666666665,232.55931010928964,통계적이상(3sigma),"mean=229.64, sigma=0.93, lower=226.86, upper=232.42"
H1.Z11,U3,2018-01-16,225.31643787413608,230.10002600035253,227.2619773260914,통계적이상(3sigma),"mean=230.37, sigma=1.00, lower=227.39, upper=233.36"
H1.Z11,U3,2018-01-19,224.36666666666667,229.28833333333333,226.82881033697632,통계적이상(3sigma),"mean=230.37, sigma=1.00, lower=227.39, upper=233.36"
H1.Z11,U3,2018-01-21,225.01833333333332,229.04083333333332,227.34770833333337,통계적이상(3sigma),"mean=230.37, sigma=1.00, lower=227.39, upper=233.36"
H1.Z11,U3,2018-01-23,225.31643787413608,230.10002600035253,227.2619773260914,통계적이상(3sigma),"mean=230.37, sigma=1.00, lower=227.39, upper=233.36"
H1.Z11,U3,2018-01-26,224.36666666666667,229.28833333333333,226.82881033697632,통계적이상(3sigma),"mean=230.37, sigma=1.00, lower=227.39, upper=233.36"
H1.Z11,U3,2018-01-28,225.01833333333332,229.04083333333332,227.34770833333337,통계적이상(3sigma),"mean=230.37, sigma=1.00, lower=227.39, upper=233.36"
H1.Z11,U3,2018-01-30,225.31643787413608,230.10002600035253,227.38497859646705,통계적이상(3sigma),"mean=230.37, sigma=1.00, lower=227.39, upper=233.36"
H1.Z11,U3,2018-02-21,224.76916666666665,229.36666666666667,227.01524305555554,통계적이상(3sigma),"mean=230.37, sigma=1.00, lower=227.39, upper=233.36"
H1.Z11,U3,2018-03-14,225.30416666666667,229.3290167321501,227.23372245685064,통계적이상(3sigma),"mean=230.37, sigma=1.00, lower=227.39, upper=233.36"
H1.Z11,U3,2023-01-07,231.86666666666667,234.27083333333331,233.43267930327866,통계적이상(3sigma),"mean=230.37, sigma=1.00, lower=227.39, upper=233.36"
H1.Z11,U3,2023-07-16,231.08926672848756,236.6161910963252,233.5375838773051,통계적이상(3sigma),"mean=230.37, sigma=1.00, lower=227.39, upper=233.36"
H1.Z11,U3,2023-12-21,231.38166666666663,235.00416666666663,233.68298438911083,통계적이상(3sigma),"mean=230.37, sigma=1.00, lower=227.39, upper=233.36"
H1.Z11,U3,2023-12-30,231.61416666666668,235.00412602746016,233.61604309688357,통계적이상(3sigma),"mean=230.37, sigma=1.00, lower=227.39, upper=233.36"
H1.Z12,U1,2018-01-16,224.89103598014887,229.86637493389745,226.83441356557924,통계적이상(3sigma),"mean=229.98, sigma=0.93, lower=227.17, upper=232.78"
H1.Z12,U1,2018-01-18,225.86,229.82916666666668,227.09871527777784,통계적이상(3sigma),"mean=229.98, sigma=0.93, lower=227.17, upper=232.78"
H1.Z12,U1,2018-01-19,224.015,228.6975,226.47155704192505,통계적이상(3sigma),"mean=229.98, sigma=0.93, lower=227.17, upper=232.78"
H1.Z12,U1,2018-01-23,224.89103598014887,229.86637493389745,226.83441356557924,통계적이상(3sigma),"mean=229.98, sigma=0.93, lower=227.17, upper=232.78"
H1.Z12,U1,2018-01-25,225.86,229.82916666666668,227.09871527777784,통계적이상(3sigma),"mean=229.98, sigma=0.93, lower=227.17, upper=232.78"
H1.Z12,U1,2018-01-26,224.015,228.6975,226.47155704192505,통계적이상(3sigma),"mean=229.98, sigma=0.93, lower=227.17, upper=232.78"
H1.Z12,U1,2018-01-30,224.89103598014887,229.86637493389745,226.99449517906154,통계적이상(3sigma),"mean=229.98, sigma=0.93, lower=227.17, upper=232.78"
H1.Z12,U1,2018-02-08,224.7325,230.14166666666668,227.07479166666667,통계적이상(3sigma),"mean=229.98, sigma=0.93, lower=227.17, upper=232.78"
H1.Z12,U1,2018-02-21,224.65416666666667,228.79166666666663,226.7158680555555,통계적이상(3sigma),"mean=229.98, sigma=0.93, lower=227.17, upper=232.78"
H1.Z12,U1,2018-03-14,225.13916666666668,229.0843306010929,227.046613758564,통계적이상(3sigma),"mean=229.98, sigma=0.93, lower=227.17, upper=232.78"
H1.Z12,U1,2023-07-16,230.60341656532253,236.104529541085,232.90204033097675,통계적이상(3sigma),"mean=229.98, sigma=0.93, lower=227.17, upper=232.78"
H1.Z12,U1,2023-12-30,231.2008333333333,234.40329269412683,233.06090362442788,통계적이상(3sigma),"mean=229.98, sigma=0.93, lower=227.17, upper=232.78"
H1.Z12,U2,2018-01-16,224.7888564929694,229.91268949409485,226.75204813920652,통계적이상(3sigma),"mean=229.77, sigma=0.94, lower=226.95, upper=232.58"
H1.Z12,U2,2018-01-19,223.875,228.6117759562841,226.4443089421561,통계적이상(3sigma),"mean=229.77, sigma=0.94, lower=226.95, upper=232.58"
H1.Z12,U2,2018-01-23,224.7888564929694,229.91268949409485,226.75204813920652,통계적이상(3sigma),"mean=229.77, sigma=0.94, lower=226.95, upper=232.58"
H1.Z12,U2,2018-01-26,223.875,228.6117759562841,226.4443089421561,통계적이상(3sigma),"mean=229.77, sigma=0.94, lower=226.95, upper=232.58"
H1.Z12,U2,2018-01-30,224.7888564929694,229.91268949409485,226.88489670391974,통계적이상(3sigma),"mean=229.77, sigma=0.94, lower=226.95, upper=232.58"
H1.Z12,U2,2018-02-21,224.34333333333333,228.6825,226.43190972222223,통계적이상(3sigma),"mean=229.77, sigma=0.94, lower=226.95, upper=232.58"
H1.Z12,U2,2018-03-14,225.0625,228.8316393442623,226.86106247942772,통계적이상(3sigma),"mean=229.77, sigma=0.94, lower=226.95, upper=232.58"
H1.Z12,U2,2023-07-16,230.43098518612945,236.784229066653,233.13631721245937,통계적이상(3sigma),"mean=229.77, sigma=0.94, lower=226.95, upper=232.58"
H1.Z12,U2,2023-12-30,230.545,234.16248668319787,232.7124348175062,통계적이상(3sigma),"mean=229.77, sigma=0.94, lower=226.95, upper=232.58"
H1.Z12,U3,2018-01-16,225.25339743589743,230.0588678829544,227.21510728995267,통계적이상(3sigma),"mean=230.42, sigma=1.01, lower=227.40, upper=233.44"
H1.Z12,U3,2018-01-19,224.28583333333333,229.1986418958587,226.80725500158061,통계적이상(3sigma),"mean=230.42, sigma=1.01, lower=227.40, upper=233.44"
H1.Z12,U3,2018-01-21,225.0725,229.0125,227.33090277777774,통계적이상(3sigma),"mean=230.42, sigma=1.01, lower=227.40, upper=233.44"
H1.Z12,U3,2018-01-23,225.25339743589743,230.0588678829544,227.21510728995267,통계적이상(3sigma),"mean=230.42, sigma=1.01, lower=227.40, upper=233.44"
H1.Z12,U3,2018-01-26,224.28583333333333,229.1986418958587,226.80725500158061,통계적이상(3sigma),"mean=230.42, sigma=1.01, lower=227.40, upper=233.44"
H1.Z12,U3,2018-01-28,225.0725,229.0125,227.33090277777774,통계적이상(3sigma),"mean=230.42, sigma=1.01, lower=227.40, upper=233.44"
H1.Z12,U3,2018-01-30,225.25339743589743,230.0588678829544,227.3428757212448,통계적이상(3sigma),"mean=230.42, sigma=1.01, lower=227.40, upper=233.44"
H1.Z12,U3,2018-02-21,224.67416666666668,229.35666666666663,226.96840277777775,통계적이상(3sigma),"mean=230.42, sigma=1.01, lower=227.40, upper=233.44"
H1.Z12,U3,2018-03-14,225.3358333333333,229.3499180327869,227.23435284371507,통계적이상(3sigma),"mean=230.42, sigma=1.01, lower=227.40, upper=233.44"
H1.Z12,U3,2023-01-07,231.94916666666668,234.36416666666668,233.52360883424413,통계적이상(3sigma),"mean=230.42, sigma=1.01, lower=227.40, upper=233.44"
H1.Z12,U3,2023-07-16,231.20426759640952,236.69619572564068,233.62439122948032,통계적이상(3sigma),"mean=230.42, sigma=1.01, lower=227.40, upper=233.44"
H1.Z12,U3,2023-12-21,231.4725,235.08333333333331,233.76465018042734,통계적이상(3sigma),"mean=230.42, sigma=1.01, lower=227.40, upper=233.44"
H1.Z12,U3,2023-12-30,231.71833333333333,235.09410570785693,233.7059725427056,통계적이상(3sigma),"mean=230.42, sigma=1.01, lower=227.40, upper=233.44"
H1.Z13,U1,2018-01-16,224.8274037112957,229.744894676538,226.7367516073306,통계적이상(3sigma),"mean=229.85, sigma=0.93, lower=227.06, upper=232.64"
H1.Z13,U1,2018-01-18,225.79,229.685,227.02361111111114,통계적이상(3sigma),"mean=229.85, sigma=0.93, lower=227.06, upper=232.64"
H1.Z13,U1,2018-01-19,223.8775,228.6108333333333,226.3942681939484,통계적이상(3sigma),"mean=229.85, sigma=0.93, lower=227.06, upper=232.64"
H1.Z13,U1,2018-01-23,224.8274037112957,229.744894676538,226.7367516073306,통계적이상(3sigma),"mean=229.85, sigma=0.93, lower=227.06, upper=232.64"
H1.Z13,U1,2018-01-25,225.79,229.685,227.02361111111114,통계적이상(3sigma),"mean=229.85, sigma=0.93, lower=227.06, upper=232.64"
H1.Z13,U1,2018-01-26,223.8775,228.6108333333333,226.3942681939484,통계적이상(3sigma),"mean=229.85, sigma=0.93, lower=227.06, upper=232.64"
H1.Z13,U1,2018-01-30,224.8274037112957,229.744894676538,226.90548493945641,통계적이상(3sigma),"mean=229.85, sigma=0.93, lower=227.06, upper=232.64"
H1.Z13,U1,2018-02-08,224.70333333333332,230.08166666666665,227.00857638888886,통계적이상(3sigma),"mean=229.85, sigma=0.93, lower=227.06, upper=232.64"
H1.Z13,U1,2018-02-21,224.6075,228.7133333333333,226.64291666666668,통계적이상(3sigma),"mean=229.85, sigma=0.93, lower=227.06, upper=232.64"
H1.Z13,U1,2018-03-14,225.04166666666663,229.00198121302444,226.95750944265725,통계적이상(3sigma),"mean=229.85, sigma=0.93, lower=227.06, upper=232.64"
H1.Z13,U1,2023-07-16,230.42594130319657,235.96189919565543,232.7342600357042,통계적이상(3sigma),"mean=229.85, sigma=0.93, lower=227.06, upper=232.64"
H1.Z13,U1,2023-12-30,231.0825,234.2899453551913,232.93899305555553,통계적이상(3sigma),"mean=229.85, sigma=0.93, lower=227.06, upper=232.64"
H1.Z13,U2,2018-01-16,224.72534739454096,229.81196500969503,226.74801766053045,통계적이상(3sigma),"mean=229.76, sigma=0.94, lower=226.95, upper=232.58"
H1.Z13,U2,2018-01-19,223.8125,228.6360792349727,226.43411683867535,통계적이상(3sigma),"mean=229.76, sigma=0.94, lower=226.95, upper=232.58"
H1.Z13,U2,2018-01-23,224.72534739454096,229.81196500969503,226.74801766053045,통계적이상(3sigma),"mean=229.76, sigma=0.94, lower=226.95, upper=232.58"
H1.Z13,U2,2018-01-26,223.8125,228.6360792349727,226.43411683867535,통계적이상(3sigma),"mean=229.76, sigma=0.94, lower=226.95, upper=232.58"
H1.Z13,U2,2018-01-30,224.72534739454096,229.81196500969503,226.88661711536926,통계적이상(3sigma),"mean=229.76, sigma=0.94, lower=226.95, upper=232.58"
H1.Z13,U2,2018-02-21,224.3491666666667,228.67916666666667,226.43274305555556,통계적이상(3sigma),"mean=229.76, sigma=0.94, lower=226.95, upper=232.58"
H1.Z13,U2,2018-03-14,225.0258333333333,228.85610655737705,226.84979699966428,통계적이상(3sigma),"mean=229.76, sigma=0.94, lower=226.95, upper=232.58"
H1.Z13,U2,2023-07-16,230.4317810502421,236.7903298744483,233.14563938802902,통계적이상(3sigma),"mean=229.76, sigma=0.94, lower=226.95, upper=232.58"
H1.Z13,U2,2023-12-30,230.53,234.14329969692795,232.7018775973504,통계적이상(3sigma),"mean=229.76, sigma=0.94, lower=226.95, upper=232.58"
H1.Z13,U3,2018-01-16,225.1973848677293,229.99519081614665,227.18197167227913,통계적이상(3sigma),"mean=230.35, sigma=1.01, lower=227.34, upper=233.37"
H1.Z13,U3,2018-01-19,224.2516666666667,229.24666666666664,226.7568591607205,통계적이상(3sigma),"mean=230.35, sigma=1.01, lower=227.34, upper=233.37"
H1.Z13,U3,2018-01-21,224.9525,228.90666666666667,227.26607638888888,통계적이상(3sigma),"mean=230.35, sigma=1.01, lower=227.34, upper=233.37"
H1.Z13,U3,2018-01-23,225.1973848677293,229.99519081614665,227.18197167227913,통계적이상(3sigma),"mean=230.35, sigma=1.01, lower=227.34, upper=233.37"
H1.Z13,U3,2018-01-26,224.2516666666667,229.24666666666664,226.7568591607205,통계적이상(3sigma),"mean=230.35, sigma=1.01, lower=227.34, upper=233.37"
H1.Z13,U3,2018-01-28,224.9525,228.90666666666667,227.26607638888888,통계적이상(3sigma),"mean=230.35, sigma=1.01, lower=227.34, upper=233.37"
H1.Z13,U3,2018-01-30,225.1973848677293,229.99519081614665,227.30205765270955,통계적이상(3sigma),"mean=230.35, sigma=1.01, lower=227.34, upper=233.37"
H1.Z13,U3,2018-02-21,224.6675,229.2783333333333,226.92482638888885,통계적이상(3sigma),"mean=230.35, sigma=1.01, lower=227.34, upper=233.37"
H1.Z13,U3,2018-03-14,225.2783333333333,229.33349726775955,227.1744418900254,통계적이상(3sigma),"mean=230.35, sigma=1.01, lower=227.34, upper=233.37"
H1.Z13,U3,2023-01-07,231.86166666666668,234.26666666666668,233.4483333333333,통계적이상(3sigma),"mean=230.35, sigma=1.01, lower=227.34, upper=233.37"
H1.Z13,U3,2023-07-16,231.07183052654577,236.61836573893035,233.5529824084396,통계적이상(3sigma),"mean=230.35, sigma=1.01, lower=227.34, upper=233.37"
H1.Z13,U3,2023-12-21,231.395,235.00083333333333,233.68551715494945,통계적이상(3sigma),"mean=230.35, sigma=1.01, lower=227.34, upper=233.37"
H1.Z13,U3,2023-12-30,231.6383333333333,234.98913303026129,233.62038568022834,통계적이상(3sigma),"mean=230.35, sigma=1.01, lower=227.34, upper=233.37"
H1.Z14,U1,2018-01-16,224.71164805624483,229.62723143091185,226.68883149665,통계적이상(3sigma),"mean=229.77, sigma=0.92, lower=227.01, upper=232.52"
H1.Z14,U1,2018-01-18,225.76416666666668,229.62833333333336,226.95312499999997,통계적이상(3sigma),"mean=229.77, sigma=0.92, lower=227.01, upper=232.52"
H1.Z14,U1,2018-01-19,223.8658333333333,228.58181129476583,226.3381729281775,통계적이상(3sigma),"mean=229.77, sigma=0.92, lower=227.01, upper=232.52"
H1.Z14,U1,2018-01-23,224.71164805624483,229.62723143091185,226.68883149665,통계적이상(3sigma),"mean=229.77, sigma=0.92, lower=227.01, upper=232.52"
H1.Z14,U1,2018-01-25,225.76416666666668,229.62833333333336,226.95312499999997,통계적이상(3sigma),"mean=229.77, sigma=0.92, lower=227.01, upper=232.52"
H1.Z14,U1,2018-01-26,223.8658333333333,228.58181129476583,226.3381729281775,통계적이상(3sigma),"mean=229.77, sigma=0.92, lower=227.01, upper=232.52"
H1.Z14,U1,2018-01-30,224.71164805624483,229.62723143091185,226.8533555707531,통계적이상(3sigma),"mean=229.77, sigma=0.92, lower=227.01, upper=232.52"
H1.Z14,U1,2018-02-08,224.59666666666664,230.03333333333333,226.93218749999994,통계적이상(3sigma),"mean=229.77, sigma=0.92, lower=227.01, upper=232.52"
H1.Z14,U1,2018-02-21,224.5375,228.6875,226.57052083333338,통계적이상(3sigma),"mean=229.77, sigma=0.92, lower=227.01, upper=232.52"
H1.Z14,U1,2018-03-14,224.94666666666663,228.9450638529119,226.8953317748917,통계적이상(3sigma),"mean=229.77, sigma=0.92, lower=227.01, upper=232.52"
H1.Z14,U1,2023-07-16,230.37006336375,235.8461288893972,232.66667731745864,통계적이상(3sigma),"mean=229.77, sigma=0.92, lower=227.01, upper=232.52"
H1.Z14,U1,2023-12-30,230.94916666666668,234.11911202185792,232.80083333333334,통계적이상(3sigma),"mean=229.77, sigma=0.92, lower=227.01, upper=232.52"
H1.Z14,U2,2018-01-16,224.6303308519437,229.7362409659792,226.65569233503015,통계적이상(3sigma),"mean=229.61, sigma=0.92, lower=226.84, upper=232.38"
H1.Z14,U2,2018-01-19,223.76166666666668,228.6002732240437,226.35181441369727,통계적이상(3sigma),"mean=229.61, sigma=0.92, lower=226.84, upper=232.38"
H1.Z14,U2,2018-01-23,224.6303308519437,229.7362409659792,226.65569233503015,통계적이상(3sigma),"mean=229.61, sigma=0.92, lower=226.84, upper=232.38"
H1.Z14,U2,2018-01-26,223.76166666666668,228.6002732240437,226.35181441369727,통계적이상(3sigma),"mean=229.61, sigma=0.92, lower=226.84, upper=232.38"
H1.Z14,U2,2018-01-30,224.6303308519437,229.7362409659792,226.78626552195513,통계적이상(3sigma),"mean=229.61, sigma=0.92, lower=226.84, upper=232.38"
H1.Z14,U2,2018-02-21,224.255,228.6275,226.3399652777778,통계적이상(3sigma),"mean=229.61, sigma=0.92, lower=226.84, upper=232.38"
H1.Z14,U2,2018-03-14,224.90666666666667,228.77,226.75648701562773,통계적이상(3sigma),"mean=229.61, sigma=0.92, lower=226.84, upper=232.38"
H1.Z14,U2,2023-07-16,230.2917784457817,236.5951589415248,232.97572798963998,통계적이상(3sigma),"mean=229.61, sigma=0.92, lower=226.84, upper=232.38"
H1.Z14,U2,2023-12-30,230.3375,233.93666035266563,232.51291979018382,통계적이상(3sigma),"mean=229.61, sigma=0.92, lower=226.84, upper=232.38"
H1.Z14,U3,2018-01-16,225.0366377171216,229.8005662788648,227.05110438076994,통계적이상(3sigma),"mean=230.15, sigma=0.99, lower=227.19, upper=233.12"
H1.Z14,U3,2018-01-19,224.14,229.11416666666668,226.6097306046544,통계적이상(3sigma),"mean=230.15, sigma=0.99, lower=227.19, upper=233.12"
H1.Z14,U3,2018-01-21,224.83416666666665,228.72666666666663,227.139375,통계적이상(3sigma),"mean=230.15, sigma=0.99, lower=227.19, upper=233.12"
H1.Z14,U3,2018-01-23,225.0366377171216,229.8005662788648,227.05110438076994,통계적이상(3sigma),"mean=230.15, sigma=0.99, lower=227.19, upper=233.12"
H1.Z14,U3,2018-01-26,224.14,229.11416666666668,226.6097306046544,통계적이상(3sigma),"mean=230.15, sigma=0.99, lower=227.19, upper=233.12"
H1.Z14,U3,2018-01-28,224.83416666666665,228.72666666666663,227.139375,통계적이상(3sigma),"mean=230.15, sigma=0.99, lower=227.19, upper=233.12"
H1.Z14,U3,2018-01-30,225.0366377171216,229.8005662788648,227.17316107108664,통계적이상(3sigma),"mean=230.15, sigma=0.99, lower=227.19, upper=233.12"
H1.Z14,U3,2018-02-21,224.535,229.1833333333333,226.7973958333333,통계적이상(3sigma),"mean=230.15, sigma=0.99, lower=227.19, upper=233.12"
H1.Z14,U3,2018-03-14,225.1125,229.19179467439545,227.04241048516133,통계적이상(3sigma),"mean=230.15, sigma=0.99, lower=227.19, upper=233.12"
H1.Z14,U3,2023-01-07,231.6483333333333,234.035,233.2175,통계적이상(3sigma),"mean=230.15, sigma=0.99, lower=227.19, upper=233.12"
H1.Z14,U3,2023-07-16,230.8875417121696,236.38536176551028,233.32034614852546,통계적이상(3sigma),"mean=230.15, sigma=0.99, lower=227.19, upper=233.12"
H1.Z14,U3,2023-12-21,231.14416666666665,234.73666666666668,233.44330651267134,통계적이상(3sigma),"mean=230.15, sigma=0.99, lower=227.19, upper=233.12"
H1.Z14,U3,2023-12-30,231.4033333333333,234.7466393442623,233.3850011097335,통계적이상(3sigma),"mean=230.15, sigma=0.99, lower=227.19, upper=233.12"
H1.Z15,U1,2018-01-16,225.1207966260443,229.88458766384235,226.98879892536434,통계적이상(3sigma),"mean=229.90, sigma=0.91, lower=227.17, upper=232.63"
H1.Z15,U1,2018-01-19,224.2428815841676,228.9214740753173,226.65444652155296,통계적이상(3sigma),"mean=229.90, sigma=0.91, lower=227.17, upper=232.63"
H1.Z15,U1,2018-01-23,223.88188131968172,228.01061964670808,226.11458392759172,통계적이상(3sigma),"mean=229.90, sigma=0.91, lower=227.17, upper=232.63"
H1.Z15,U1,2018-02-21,224.8815585729692,228.98157601295344,226.91301637720392,통계적이상(3sigma),"mean=229.90, sigma=0.91, lower=227.17, upper=232.63"
H1.Z15,U1,2018-03-14,225.25584941864017,229.15309191385865,227.15490418240006,통계적이상(3sigma),"mean=229.90, sigma=0.91, lower=227.17, upper=232.63"
H1.Z15,U1,2023-12-30,231.09169801837265,234.2949636464951,232.95197755152503,통계적이상(3sigma),"mean=229.90, sigma=0.91, lower=227.17, upper=232.63"
H1.Z15,U2,2018-01-16,224.96236676787967,229.9441906165792,226.87297311957795,통계적이상(3sigma),"mean=229.63, sigma=0.91, lower=226.90, upper=232.37"
H1.Z15,U2,2018-01-19,223.98615193684887,228.8122589619956,226.56623961221035,통계적이상(3sigma),"mean=229.63, sigma=0.91, lower=226.90, upper=232.37"
H1.Z15,U2,2018-01-23,223.7861742019649,227.86947102864596,225.97444189552925,통계적이상(3sigma),"mean=229.63, sigma=0.91, lower=226.90, upper=232.37"
H1.Z15,U2,2018-02-21,224.52799769036451,228.82641152439427,226.59560639442907,통계적이상(3sigma),"mean=229.63, sigma=0.91, lower=226.90, upper=232.37"
H1.Z15,U2,2023-07-16,229.97620549958668,236.25156069932552,232.66019079393138,통계적이상(3sigma),"mean=229.63, sigma=0.91, lower=226.90, upper=232.37"
H1.Z15,U2,2023-12-30,230.4050985126542,234.03912883966655,232.58172193897585,통계적이상(3sigma),"mean=229.63, sigma=0.91, lower=226.90, upper=232.37"
H1.Z15,U3,2018-01-19,224.35417840321813,229.2346679315172,226.8019565447971,통계적이상(3sigma),"mean=230.20, sigma=1.01, lower=227.16, upper=233.24"
H1.Z15,U3,2018-01-23,223.61644706726125,228.32197961171477,226.15777492815573,통계적이상(3sigma),"mean=230.20, sigma=1.01, lower=227.16, upper=233.24"
H1.Z15,U3,2018-02-21,224.7647243115416,229.37259751527463,227.0168443441062,통계적이상(3sigma),"mean=230.20, sigma=1.01, lower=227.16, upper=233.24"
H1.Z15,U3,2019-08-28,223.5909565395773,231.34335928164649,227.11969007772652,통계적이상(3sigma),"mean=230.20, sigma=1.01, lower=227.16, upper=233.24"
H1.Z15,U3,2023-12-30,231.5037847061199,234.8653654241037,233.48441685864978,통계적이상(3sigma),"mean=230.20, sigma=1.01, lower=227.16, upper=233.24"
H1.Z16,U1,2018-01-16,224.745,229.7075,226.68434027777778,통계적이상(3sigma),"mean=229.84, sigma=0.92, lower=227.07, upper=232.60"
H1.Z16,U1,2018-01-18,225.6733333333333,229.72666666666663,226.95843749999997,통계적이상(3sigma),"mean=229.84, sigma=0.92, lower=227.07, upper=232.60"
H1.Z16,U1,2018-01-19,223.84333333333333,228.66,226.3562847222222,통계적이상(3sigma),"mean=229.84, sigma=0.92, lower=227.07, upper=232.60"
H1.Z16,U1,2018-01-22,225.0925,229.49416666666667,227.01241071428572,통계적이상(3sigma),"mean=229.84, sigma=0.92, lower=227.07, upper=232.60"
H1.Z16,U1,2018-01-23,223.615,227.8358333333333,225.90815972222222,통계적이상(3sigma),"mean=229.84, sigma=0.92, lower=227.07, upper=232.60"
H1.Z16,U1,2018-02-21,224.8475,229.01166666666668,226.89552083333328,통계적이상(3sigma),"mean=229.84, sigma=0.92, lower=227.07, upper=232.60"
H1.Z16,U1,2018-03-14,225.00666666666663,229.1808333333333,227.0623958333333,통계적이상(3sigma),"mean=229.84, sigma=0.92, lower=227.07, upper=232.60"
H1.Z16,U1,2023-12-30,231.04,234.1858333333333,232.84881944444444,통계적이상(3sigma),"mean=229.84, sigma=0.92, lower=227.07, upper=232.60"
H1.Z16,U2,2018-01-16,224.5991666666667,229.79916666666668,226.5970486111111,통계적이상(3sigma),"mean=229.66, sigma=0.93, lower=226.88, upper=232.45"
H1.Z16,U2,2018-01-19,223.72833333333332,228.58916666666667,226.3409375,통계적이상(3sigma),"mean=229.66, sigma=0.93, lower=226.88, upper=232.45"
H1.Z16,U2,2018-01-23,223.5366666666667,227.70333333333332,225.8152083333334,통계적이상(3sigma),"mean=229.66, sigma=0.93, lower=226.88, upper=232.45"
H1.Z16,U2,2018-02-21,224.53583333333333,228.90916666666664,226.61378472222216,통계적이상(3sigma),"mean=229.66, sigma=0.93, lower=226.88, upper=232.45"
H1.Z16,U2,2023-12-30,230.38916666666668,234.0175,232.55951388888892,통계적이상(3sigma),"mean=229.66, sigma=0.93, lower=226.88, upper=232.45"
H1.Z16,U3,2018-01-16,225.0883333333333,229.86666666666667,226.93892361111114,통계적이상(3sigma),"mean=230.20, sigma=1.01, lower=227.18, upper=233.22"
H1.Z16,U3,2018-01-18,225.88166666666663,229.8008333333333,227.18322916666662,통계적이상(3sigma),"mean=230.20, sigma=1.01, lower=227.18, upper=233.22"
H1.Z16,U3,2018-01-19,224.11166666666668,228.99,226.57041666666666,통계적이상(3sigma),"mean=230.20, sigma=1.01, lower=227.18, upper=233.22"
H1.Z16,U3,2018-01-21,224.77416666666667,228.57833333333332,227.02739583333334,통계적이상(3sigma),"mean=230.20, sigma=1.01, lower=227.18, upper=233.22"
H1.Z16,U3,2018-01-23,223.42166666666665,228.1225,225.99618055555558,통계적이상(3sigma),"mean=230.20, sigma=1.01, lower=227.18, upper=233.22"
H1.Z16,U3,2018-02-21,224.7575,229.41416666666663,227.02243055555553,통계적이상(3sigma),"mean=230.20, sigma=1.01, lower=227.18, upper=233.22"
H1.Z16,U3,2018-03-14,225.11416666666668,229.3225,227.13642361111113,통계적이상(3sigma),"mean=230.20, sigma=1.01, lower=227.18, upper=233.22"
H1.Z16,U3,2019-08-28,223.5872583844967,231.49300702356632,227.16707650363537,통계적이상(3sigma),"mean=230.20, sigma=1.01, lower=227.18, upper=233.22"
H1.Z16,U3,2023-12-21,231.16666666666663,234.89,233.49378472222222,통계적이상(3sigma),"mean=230.20, sigma=1.01, lower=227.18, upper=233.22"
H1.Z16,U3,2023-12-30,231.4208333333333,234.79916666666668,233.41250000000005,통계적이상(3sigma),"mean=230.20, sigma=1.01, lower=227.18, upper=233.22"
H1.Z17,U1,2018-01-16,225.14574257744687,229.9267786267158,226.99891018482546,통계적이상(3sigma),"mean=229.91, sigma=0.91, lower=227.18, upper=232.63"
H1.Z17,U1,2018-01-19,224.2682123608069,228.94655030356216,226.66771335409274,통계적이상(3sigma),"mean=229.91, sigma=0.91, lower=227.18, upper=232.63"
H1.Z17,U1,2018-01-23,223.8669347359047,228.0190641771584,226.12102123775801,통계적이상(3sigma),"mean=229.91, sigma=0.91, lower=227.18, upper=232.63"
H1.Z17,U1,2018-02-21,224.91643491115772,228.99758978949652,226.91459958346414,통계적이상(3sigma),"mean=229.91, sigma=0.91, lower=227.18, upper=232.63"
H1.Z17,U1,2018-03-14,225.25321914672875,229.15981703718015,227.15626510399355,통계적이상(3sigma),"mean=229.91, sigma=0.91, lower=227.18, upper=232.63"
H1.Z17,U1,2023-12-30,231.0965844953243,234.29631386599567,232.95080317315083,통계적이상(3sigma),"mean=229.91, sigma=0.91, lower=227.18, upper=232.63"
H1.Z17,U2,2018-01-16,224.9796692572695,229.9704782665738,226.87354520144663,통계적이상(3sigma),"mean=229.63, sigma=0.91, lower=226.89, upper=232.37"
H1.Z17,U2,2018-01-19,224.005104806688,228.82669534030688,226.56963258140706,통계적이상(3sigma),"mean=229.63, sigma=0.91, lower=226.89, upper=232.37"
H1.Z17,U2,2018-01-23,223.74396936677945,227.87176932865265,225.96540663027744,통계적이상(3sigma),"mean=229.63, sigma=0.91, lower=226.89, upper=232.37"
H1.Z17,U2,2018-02-21,224.5624325156053,228.84903767903663,226.59322388469494,통계적이상(3sigma),"mean=229.63, sigma=0.91, lower=226.89, upper=232.37"
H1.Z17,U2,2018-03-14,225.0349549187552,228.81841096987608,226.8807240747957,통계적이상(3sigma),"mean=229.63, sigma=0.91, lower=226.89, upper=232.37"
H1.Z17,U2,2019-08-28,223.59109611511263,231.081444252862,226.88392945989426,통계적이상(3sigma),"mean=229.63, sigma=0.91, lower=226.89, upper=232.37"
H1.Z17,U2,2023-07-16,229.99628388963728,236.25503388345408,232.66445367288608,통계적이상(3sigma),"mean=229.63, sigma=0.91, lower=226.89, upper=232.37"
H1.Z17,U2,2023-12-30,230.42157353137657,234.0518534207693,232.59189360302193,통계적이상(3sigma),"mean=229.63, sigma=0.91, lower=226.89, upper=232.37"
H1.Z17,U3,2018-01-19,224.36728776295985,229.22727218653952,226.80076860723076,통계적이상(3sigma),"mean=230.20, sigma=1.01, lower=227.17, upper=233.24"
H1.Z17,U3,2018-01-23,223.6045731563508,228.32391179502787,226.14577869414495,통계적이상(3sigma),"mean=230.20, sigma=1.01, lower=227.17, upper=233.24"
H1.Z17,U3,2018-02-21,224.78495967968257,229.37284225887728,227.0005107442804,통계적이상(3sigma),"mean=230.20, sigma=1.01, lower=227.17, upper=233.24"
H1.Z17,U3,2019-08-28,223.62526813083213,231.3260946169549,227.099539327006,통계적이상(3sigma),"mean=230.20, sigma=1.01, lower=227.17, upper=233.24"
H1.Z17,U3,2023-12-30,231.5150147317143,234.8672035595686,233.48767368862423,통계적이상(3sigma),"mean=230.20, sigma=1.01, lower=227.17, upper=233.24"
H1.Z18,U1,2018-01-16,224.9163978494624,229.75626255949237,226.79187497951366,통계적이상(3sigma),"mean=229.85, sigma=0.92, lower=227.08, upper=232.62"
H1.Z18,U1,2018-01-18,225.8258333333333,229.7783333333333,227.0466666666666,통계적이상(3sigma),"mean=229.85, sigma=0.92, lower=227.08, upper=232.62"
H1.Z18,U1,2018-01-19,223.93708333333333,228.7111612021858,226.43471051799656,통계적이상(3sigma),"mean=229.85, sigma=0.92, lower=227.08, upper=232.62"
H1.Z18,U1,2018-01-23,224.9163978494624,229.75626255949237,226.79187497951366,통계적이상(3sigma),"mean=229.85, sigma=0.92, lower=227.08, upper=232.62"
H1.Z18,U1,2018-01-25,225.8258333333333,229.7783333333333,227.0466666666666,통계적이상(3sigma),"mean=229.85, sigma=0.92, lower=227.08, upper=232.62"
H1.Z18,U1,2018-01-26,223.93708333333333,228.7111612021858,226.43471051799656,통계적이상(3sigma),"mean=229.85, sigma=0.92, lower=227.08, upper=232.62"
H1.Z18,U1,2018-01-30,224.9163978494624,229.75626255949237,226.95037909836063,통계적이상(3sigma),"mean=229.85, sigma=0.92, lower=227.08, upper=232.62"
H1.Z18,U1,2018-02-08,224.72,230.15166666666667,227.05291666666668,통계적이상(3sigma),"mean=229.85, sigma=0.92, lower=227.08, upper=232.62"
H1.Z18,U1,2018-02-21,224.6133333333333,228.7733333333333,226.6820486111111,통계적이상(3sigma),"mean=229.85, sigma=0.92, lower=227.08, upper=232.62"
H1.Z18,U1,2018-03-14,225.0,229.04457650273224,226.99254693802735,통계적이상(3sigma),"mean=229.85, sigma=0.92, lower=227.08, upper=232.62"
H1.Z18,U1,2023-07-16,230.4075013012858,235.9352309860225,232.72471315950975,통계적이상(3sigma),"mean=229.85, sigma=0.92, lower=227.08, upper=232.62"
H1.Z18,U1,2023-12-30,231.075,234.24087466133997,232.91208505533362,통계적이상(3sigma),"mean=229.85, sigma=0.92, lower=227.08, upper=232.62"
H1.Z18,U2,2018-01-16,224.79669975186104,229.82718182619425,226.748854541493,통계적이상(3sigma),"mean=229.73, sigma=0.93, lower=226.94, upper=232.52"
H1.Z18,U2,2018-01-19,223.8408333333333,228.6059699453552,226.41889782618787,통계적이상(3sigma),"mean=229.73, sigma=0.93, lower=226.94, upper=232.52"
H1.Z18,U2,2018-01-23,224.79669975186104,229.82718182619425,226.748854541493,통계적이상(3sigma),"mean=229.73, sigma=0.93, lower=226.94, upper=232.52"
H1.Z18,U2,2018-01-26,223.8408333333333,228.6059699453552,226.41889782618787,통계적이상(3sigma),"mean=229.73, sigma=0.93, lower=226.94, upper=232.52"
H1.Z18,U2,2018-01-30,224.79669975186104,229.82718182619425,226.88260337211477,통계적이상(3sigma),"mean=229.73, sigma=0.93, lower=226.94, upper=232.52"
H1.Z18,U2,2018-02-21,224.3175,228.6525,226.4178125,통계적이상(3sigma),"mean=229.73, sigma=0.93, lower=226.94, upper=232.52"
H1.Z18,U2,2018-03-14,224.94833333333327,228.84704918032787,226.85222967563882,통계적이상(3sigma),"mean=229.73, sigma=0.93, lower=226.94, upper=232.52"
H1.Z18,U2,2023-07-16,230.3407590218557,236.7495379319884,233.1140926009765,통계적이상(3sigma),"mean=229.73, sigma=0.93, lower=226.94, upper=232.52"
H1.Z18,U2,2023-12-30,230.47083333333333,234.0772159082212,232.6396214995561,통계적이상(3sigma),"mean=229.73, sigma=0.93, lower=226.94, upper=232.52"
H1.Z18,U3,2018-01-16,225.189394127378,229.98173320994184,227.16328411931332,통계적이상(3sigma),"mean=230.31, sigma=0.99, lower=227.33, upper=233.29"
H1.Z18,U3,2018-01-19,224.2633333333333,229.18166666666667,226.7410012522769,통계적이상(3sigma),"mean=230.31, sigma=0.99, lower=227.33, upper=233.29"
H1.Z18,U3,2018-01-21,224.88,228.86,227.24368055555556,통계적이상(3sigma),"mean=230.31, sigma=0.99, lower=227.33, upper=233.29"
H1.Z18,U3,2018-01-23,225.189394127378,229.98173320994184,227.16328411931332,통계적이상(3sigma),"mean=230.31, sigma=0.99, lower=227.33, upper=233.29"
H1.Z18,U3,2018-01-26,224.2633333333333,229.18166666666667,226.7410012522769,통계적이상(3sigma),"mean=230.31, sigma=0.99, lower=227.33, upper=233.29"
H1.Z18,U3,2018-01-28,224.88,228.86,227.24368055555556,통계적이상(3sigma),"mean=230.31, sigma=0.99, lower=227.33, upper=233.29"
H1.Z18,U3,2018-01-30,225.189394127378,229.98173320994184,227.28502268288608,통계적이상(3sigma),"mean=230.31, sigma=0.99, lower=227.33, upper=233.29"
H1.Z18,U3,2018-02-21,224.6275,229.2483333333333,226.89909722222217,통계적이상(3sigma),"mean=230.31, sigma=0.99, lower=227.33, upper=233.29"
H1.Z18,U3,2018-03-14,225.22833333333332,229.30455651899015,227.17376313432385,통계적이상(3sigma),"mean=230.31, sigma=0.99, lower=227.33, upper=233.29"
H1.Z18,U3,2023-01-07,231.80916666666664,234.21,233.39014160159968,통계적이상(3sigma),"mean=230.31, sigma=0.99, lower=227.33, upper=233.29"
H1.Z18,U3,2023-07-16,230.99241102881516,236.64696805755952,233.51503106664242,통계적이상(3sigma),"mean=230.31, sigma=0.99, lower=227.33, upper=233.29"
H1.Z18,U3,2023-12-21,231.3108333333333,234.95583333333332,233.610441697854,통계적이상(3sigma),"mean=230.31, sigma=0.99, lower=227.33, upper=233.29"
H1.Z18,U3,2023-12-30,231.56583333333336,234.8991393442623,233.54742905460407,통계적이상(3sigma),"mean=230.31, sigma=0.99, lower=227.33, upper=233.29"
H1.Z19,U1,2018-01-16,224.9330500413565,229.80755508549268,226.78225602603732,통계적이상(3sigma),"mean=229.94, sigma=0.94, lower=227.11, upper=232.76"
H1.Z19,U1,2018-01-18,225.84166666666667,229.75083333333333,227.02291666666667,통계적이상(3sigma),"mean=229.94, sigma=0.94, lower=227.11, upper=232.76"
H1.Z19,U1,2018-01-19,223.93666666666667,228.68021857923495,226.42419911202182,통계적이상(3sigma),"mean=229.94, sigma=0.94, lower=227.11, upper=232.76"
H1.Z19,U1,2018-01-23,224.9330500413565,229.80755508549268,226.78225602603732,통계적이상(3sigma),"mean=229.94, sigma=0.94, lower=227.11, upper=232.76"
H1.Z19,U1,2018-01-25,225.84166666666667,229.75083333333333,227.02291666666667,통계적이상(3sigma),"mean=229.94, sigma=0.94, lower=227.11, upper=232.76"
H1.Z19,U1,2018-01-26,223.93666666666667,228.68021857923495,226.42419911202182,통계적이상(3sigma),"mean=229.94, sigma=0.94, lower=227.11, upper=232.76"
H1.Z19,U1,2018-01-30,224.9330500413565,229.80755508549268,226.94370628517285,통계적이상(3sigma),"mean=229.94, sigma=0.94, lower=227.11, upper=232.76"
H1.Z19,U1,2018-02-08,224.72,230.10416666666663,227.0464236111111,통계적이상(3sigma),"mean=229.94, sigma=0.94, lower=227.11, upper=232.76"
H1.Z19,U1,2018-02-21,224.6075,228.75083333333333,226.6850347222222,통계적이상(3sigma),"mean=229.94, sigma=0.94, lower=227.11, upper=232.76"
H1.Z19,U1,2018-03-14,225.015,229.02513661202187,227.00315846591835,통계적이상(3sigma),"mean=229.94, sigma=0.94, lower=227.11, upper=232.76"
H1.Z19,U1,2023-07-16,230.46495717831127,236.0810611848428,232.84607207217792,통계적이상(3sigma),"mean=229.94, sigma=0.94, lower=227.11, upper=232.76"
H1.Z19,U1,2023-12-21,230.53583333333333,234.05,232.76442470311687,통계적이상(3sigma),"mean=229.94, sigma=0.94, lower=227.11, upper=232.76"
H1.Z19,U1,2023-12-30,231.21,234.38748668319784,233.06299010997836,통계적이상(3sigma),"mean=229.94, sigma=0.94, lower=227.11, upper=232.76"
H1.Z19,U2,2018-01-16,224.88130272952856,229.92884893354488,226.78439378777293,통계적이상(3sigma),"mean=229.81, sigma=0.94, lower=226.98, upper=232.65"
H1.Z19,U2,2018-01-19,223.89333333333332,228.64672131147543,226.45759089342224,통계적이상(3sigma),"mean=229.81, sigma=0.94, lower=226.98, upper=232.65"
H1.Z19,U2,2018-01-23,224.88130272952856,229.92884893354488,226.78439378777293,통계적이상(3sigma),"mean=229.81, sigma=0.94, lower=226.98, upper=232.65"
H1.Z19,U2,2018-01-26,223.89333333333332,228.64672131147543,226.45759089342224,통계적이상(3sigma),"mean=229.81, sigma=0.94, lower=226.98, upper=232.65"
H1.Z19,U2,2018-01-30,224.88130272952856,229.92884893354488,226.9220260664027,통계적이상(3sigma),"mean=229.81, sigma=0.94, lower=226.98, upper=232.65"
H1.Z19,U2,2018-02-21,224.365,228.74416666666667,226.47732638888886,통계적이상(3sigma),"mean=229.81, sigma=0.94, lower=226.98, upper=232.65"
H1.Z19,U2,2018-03-14,224.995,228.8433599669376,226.8903304227971,통계적이상(3sigma),"mean=229.81, sigma=0.94, lower=226.98, upper=232.65"
H1.Z19,U2,2023-07-16,230.5557957682016,236.85093734945315,233.20082109257154,통계적이상(3sigma),"mean=229.81, sigma=0.94, lower=226.98, upper=232.65"
H1.Z19,U2,2023-12-30,230.63583333333327,234.2541393442623,232.80007399817848,통계적이상(3sigma),"mean=229.81, sigma=0.94, lower=226.98, upper=232.65"
H1.Z19,U3,2018-01-16,225.3327460711332,230.03739291380225,227.17370939252348,통계적이상(3sigma),"mean=230.36, sigma=1.01, lower=227.33, upper=233.40"
H1.Z19,U3,2018-01-19,224.33083333333332,229.17666666666668,226.740131417321,통계적이상(3sigma),"mean=230.36, sigma=1.01, lower=227.33, upper=233.40"
H1.Z19,U3,2018-01-21,224.9391666666667,228.8766666666667,227.26746527777775,통계적이상(3sigma),"mean=230.36, sigma=1.01, lower=227.33, upper=233.40"
H1.Z19,U3,2018-01-23,225.3327460711332,230.03739291380225,227.17370939252348,통계적이상(3sigma),"mean=230.36, sigma=1.01, lower=227.33, upper=233.40"
H1.Z19,U3,2018-01-26,224.33083333333332,229.17666666666668,226.740131417321,통계적이상(3sigma),"mean=230.36, sigma=1.01, lower=227.33, upper=233.40"
H1.Z19,U3,2018-01-28,224.9391666666667,228.8766666666667,227.26746527777775,통계적이상(3sigma),"mean=230.36, sigma=1.01, lower=227.33, upper=233.40"
H1.Z19,U3,2018-01-30,225.3327460711332,230.03739291380225,227.30002380163577,통계적이상(3sigma),"mean=230.36, sigma=1.01, lower=227.33, upper=233.40"
H1.Z19,U3,2018-02-21,224.62,229.28583333333333,226.9167708333334,통계적이상(3sigma),"mean=230.36, sigma=1.01, lower=227.33, upper=233.40"
H1.Z19,U3,2018-03-14,225.20416666666668,229.26771857923495,227.17308284914134,통계적이상(3sigma),"mean=230.36, sigma=1.01, lower=227.33, upper=233.40"
H1.Z19,U3,2023-01-07,231.91583333333332,234.28166666666667,233.47721994535516,통계적이상(3sigma),"mean=230.36, sigma=1.01, lower=227.33, upper=233.40"
H1.Z19,U3,2023-07-16,231.0949826396713,236.6952344581549,233.57740654734255,통계적이상(3sigma),"mean=230.36, sigma=1.01, lower=227.33, upper=233.40"
H1.Z19,U3,2023-12-21,231.45,235.0608333333333,233.73974214480873,통계적이상(3sigma),"mean=230.36, sigma=1.01, lower=227.33, upper=233.40"
H1.Z19,U3,2023-12-30,231.6858333333333,235.04908469945357,233.67444444444445,통계적이상(3sigma),"mean=230.36, sigma=1.01, lower=227.33, upper=233.40"
H1.Z20,U1,2018-01-16,225.00055980420075,229.92445927516783,226.8641478806686,통계적이상(3sigma),"mean=229.85, sigma=0.92, lower=227.08, upper=232.62"
H1.Z20,U1,2018-01-19,224.0533333333333,228.75486338797816,226.5022928051002,통계적이상(3sigma),"mean=229.85, sigma=0.92, lower=227.08, upper=232.62"
H1.Z20,U1,2018-01-23,225.00055980420075,229.92445927516783,226.8641478806686,통계적이상(3sigma),"mean=229.85, sigma=0.92, lower=227.08, upper=232.62"
H1.Z20,U1,2018-01-26,224.0533333333333,228.75486338797816,226.5022928051002,통계적이상(3sigma),"mean=229.85, sigma=0.92, lower=227.08, upper=232.62"
H1.Z20,U1,2018-01-30,225.00055980420075,229.92445927516783,227.0293992868454,통계적이상(3sigma),"mean=229.85, sigma=0.92, lower=227.08, upper=232.62"
H1.Z20,U1,2018-02-21,224.7483333333333,228.8625,226.77548611111106,통계적이상(3sigma),"mean=229.85, sigma=0.92, lower=227.08, upper=232.62"
H1.Z20,U1,2018-03-14,225.0558333333333,229.11605190687573,227.06193098118376,통계적이상(3sigma),"mean=229.85, sigma=0.92, lower=227.08, upper=232.62"
H1.Z20,U1,2023-07-16,230.3716005050508,235.90036687710335,232.6788026649808,통계적이상(3sigma),"mean=229.85, sigma=0.92, lower=227.08, upper=232.62"
H1.Z20,U1,2023-12-21,230.39583333333331,233.925,232.6453045309654,통계적이상(3sigma),"mean=229.85, sigma=0.92, lower=227.08, upper=232.62"
H1.Z20,U1,2023-12-30,231.09625,234.27411202185792,232.93792008196712,통계적이상(3sigma),"mean=229.85, sigma=0.92, lower=227.08, upper=232.62"
H1.Z20,U2,2018-01-16,224.87398018956188,229.8520985369293,226.76134791362503,통계적이상(3sigma),"mean=229.64, sigma=0.93, lower=226.86, upper=232.42"
H1.Z20,U2,2018-01-19,223.88083333333333,228.6440846994536,226.452244755679,통계적이상(3sigma),"mean=229.64, sigma=0.93, lower=226.86, upper=232.42"
H1.Z20,U2,2018-01-23,224.87398018956188,229.8520985369293,226.76134791362503,통계적이상(3sigma),"mean=229.64, sigma=0.93, lower=226.86, upper=232.42"
H1.Z20,U2,2018-01-26,223.88083333333333,228.6440846994536,226.452244755679,통계적이상(3sigma),"mean=229.64, sigma=0.93, lower=226.86, upper=232.42"
H1.Z20,U2,2018-02-21,224.40666666666667,228.73,226.4646875,통계적이상(3sigma),"mean=229.64, sigma=0.93, lower=226.86, upper=232.42"
H1.Z20,U2,2018-03-14,224.96416666666667,228.82689155990263,226.8509130092108,통계적이상(3sigma),"mean=229.64, sigma=0.93, lower=226.86, upper=232.42"
H1.Z20,U2,2023-07-16,230.2440870510515,236.60279883509628,232.95214827098587,통계적이상(3sigma),"mean=229.64, sigma=0.93, lower=226.86, upper=232.42"
H1.Z20,U2,2023-12-21,230.20416666666668,233.59416666666667,232.44065344648786,통계적이상(3sigma),"mean=229.64, sigma=0.93, lower=226.86, upper=232.42"
H1.Z20,U2,2023-12-30,230.41416666666663,234.04830601092897,232.59163763661203,통계적이상(3sigma),"mean=229.64, sigma=0.93, lower=226.86, upper=232.42"
H1.Z20,U3,2018-01-16,225.2619189412738,229.9924091353417,227.13517462486766,통계적이상(3sigma),"mean=230.20, sigma=1.00, lower=227.21, upper=233.19"
H1.Z20,U3,2018-01-19,224.2925,229.15569672131147,226.72763945810564,통계적이상(3sigma),"mean=230.20, sigma=1.00, lower=227.21, upper=233.19"
H1.Z20,U3,2018-01-23,225.2619189412738,229.9924091353417,227.13517462486766,통계적이상(3sigma),"mean=230.20, sigma=1.00, lower=227.21, upper=233.19"
H1.Z20,U3,2018-01-26,224.2925,229.15569672131147,226.72763945810564,통계적이상(3sigma),"mean=230.20, sigma=1.00, lower=227.21, upper=233.19"
H1.Z20,U3,2018-02-21,224.69,229.27083333333331,226.90975694444447,통계적이상(3sigma),"mean=230.20, sigma=1.00, lower=227.21, upper=233.19"
H1.Z20,U3,2018-03-14,225.19083333333336,229.2577732240437,227.1457695132035,통계적이상(3sigma),"mean=230.20, sigma=1.00, lower=227.21, upper=233.19"
H1.Z20,U3,2019-08-28,223.6824104556144,231.3911074383772,227.1870354454362,통계적이상(3sigma),"mean=230.20, sigma=1.00, lower=227.21, upper=233.19"
H1.Z20,U3,2023-01-07,231.76166666666668,234.1025,233.2864907786885,통계적이상(3sigma),"mean=230.20, sigma=1.00, lower=227.21, upper=233.19"
H1.Z20,U3,2023-07-16,230.91411482719425,236.44796544385795,233.3400942509442,통계적이상(3sigma),"mean=230.20, sigma=1.00, lower=227.21, upper=233.19"
H1.Z20,U3,2023-12-21,231.24416666666667,234.84833333333333,233.53735285029305,통계적이상(3sigma),"mean=230.20, sigma=1.00, lower=227.21, upper=233.19"
H1.Z20,U3,2023-12-30,231.50833333333333,234.8585564663024,233.46937499999999,통계적이상(3sigma),"mean=230.20, sigma=1.00, lower=227.21, upper=233.19"
H1.Z21,U1,2018-01-16,224.81391852770884,229.7252392913802,226.7497643155658,통계적이상(3sigma),"mean=229.75, sigma=0.93, lower=226.97, upper=232.53"
H1.Z21,U1,2018-01-19,223.95,228.6927276867031,226.40370476867415,통계적이상(3sigma),"mean=229.75, sigma=0.93, lower=226.97, upper=232.53"
H1.Z21,U1,2018-01-23,224.81391852770884,229.7252392913802,226.7497643155658,통계적이상(3sigma),"mean=229.75, sigma=0.93, lower=226.97, upper=232.53"
H1.Z21,U1,2018-01-26,223.95,228.6927276867031,226.40370476867415,통계적이상(3sigma),"mean=229.75, sigma=0.93, lower=226.97, upper=232.53"
H1.Z21,U1,2018-01-30,224.81391852770884,229.7252392913802,226.91018992817877,통계적이상(3sigma),"mean=229.75, sigma=0.93, lower=226.97, upper=232.53"
H1.Z21,U1,2018-02-21,224.6725,228.7475,226.68774305555553,통계적이상(3sigma),"mean=229.75, sigma=0.93, lower=226.97, upper=232.53"
H1.Z21,U1,2018-03-14,224.965,228.97094262295084,226.93189293762143,통계적이상(3sigma),"mean=229.75, sigma=0.93, lower=226.97, upper=232.53"
H1.Z21,U1,2023-12-21,230.295,233.81166666666667,232.53763121163763,통계적이상(3sigma),"mean=229.75, sigma=0.93, lower=226.97, upper=232.53"
H1.Z21,U1,2023-12-30,230.99,234.18247267759563,232.82583561020041,통계적이상(3sigma),"mean=229.75, sigma=0.93, lower=226.97, upper=232.53"
H1.Z21,U2,2018-01-16,224.78179280397023,229.87820514757587,226.70581794576313,통계적이상(3sigma),"mean=229.59, sigma=0.93, lower=226.80, upper=232.39"
H1.Z21,U2,2018-01-19,223.81666666666663,228.63755464480877,226.39978142076498,통계적이상(3sigma),"mean=229.59, sigma=0.93, lower=226.80, upper=232.39"
H1.Z21,U2,2018-01-23,224.78179280397023,229.87820514757587,226.70581794576313,통계적이상(3sigma),"mean=229.59, sigma=0.93, lower=226.80, upper=232.39"
H1.Z21,U2,2018-01-26,223.81666666666663,228.63755464480877,226.39978142076498,통계적이상(3sigma),"mean=229.59, sigma=0.93, lower=226.80, upper=232.39"
H1.Z21,U2,2018-02-21,224.40666666666667,228.69416666666663,226.42784722222223,통계적이상(3sigma),"mean=229.59, sigma=0.93, lower=226.80, upper=232.39"
H1.Z21,U2,2018-03-14,224.8983333333333,228.7434667404817,226.7749040064069,통계적이상(3sigma),"mean=229.59, sigma=0.93, lower=226.80, upper=232.39"
H1.Z21,U2,2023-07-16,230.1850261845681,236.4935619082176,232.84152087465523,통계적이상(3sigma),"mean=229.59, sigma=0.93, lower=226.80, upper=232.39"
H1.Z21,U2,2023-12-21,230.1875,233.55666666666667,232.40665869763208,통계적이상(3sigma),"mean=229.59, sigma=0.93, lower=226.80, upper=232.39"
H1.Z21,U2,2023-12-30,230.37777777777777,234.00080601092893,232.54437812351725,통계적이상(3sigma),"mean=229.59, sigma=0.93, lower=226.80, upper=232.39"
H1.Z21,U3,2018-01-16,225.1547187758478,229.93991715141905,227.07389507749124,통계적이상(3sigma),"mean=230.14, sigma=1.01, lower=227.12, upper=233.16"
H1.Z21,U3,2018-01-19,224.18666666666667,229.12399539357813,226.66453919786537,통계적이상(3sigma),"mean=230.14, sigma=1.01, lower=227.12, upper=233.16"
H1.Z21,U3,2018-01-23,225.1547187758478,229.93991715141905,227.07389507749124,통계적이상(3sigma),"mean=230.14, sigma=1.01, lower=227.12, upper=233.16"
H1.Z21,U3,2018-01-26,224.18666666666667,229.12399539357813,226.66453919786537,통계적이상(3sigma),"mean=230.14, sigma=1.01, lower=227.12, upper=233.16"
H1.Z21,U3,2018-02-21,224.63333333333333,229.2275,226.8649305555556,통계적이상(3sigma),"mean=230.14, sigma=1.01, lower=227.12, upper=233.16"
H1.Z21,U3,2018-03-14,225.11416666666668,229.17588797814207,227.0544524671445,통계적이상(3sigma),"mean=230.14, sigma=1.01, lower=227.12, upper=233.16"
H1.Z21,U3,2019-08-28,223.57638991084448,231.2687615022655,227.10017923443138,통계적이상(3sigma),"mean=230.14, sigma=1.01, lower=227.12, upper=233.16"
H1.Z21,U3,2023-01-07,231.6775,234.0283333333333,233.22663194444445,통계적이상(3sigma),"mean=230.14, sigma=1.01, lower=227.12, upper=233.16"
H1.Z21,U3,2023-07-16,230.75013309379835,236.3337618388149,233.22965217126898,통계적이상(3sigma),"mean=230.14, sigma=1.01, lower=227.12, upper=233.16"
H1.Z21,U3,2023-12-21,231.2241666666667,234.81,233.50172358834246,통계적이상(3sigma),"mean=230.14, sigma=1.01, lower=227.12, upper=233.16"
H1.Z21,U3,2023-12-30,231.4463888888889,234.8098907103825,233.4185775273224,통계적이상(3sigma),"mean=230.14, sigma=1.01, lower=227.12, upper=233.16"
H1.Z22,U1,2018-01-16,224.90473325062035,229.72860170985368,226.7427314968239,통계적이상(3sigma),"mean=229.90, sigma=0.94, lower=227.09, upper=232.70"
H1.Z22,U1,2018-01-18,225.80916666666664,229.76916666666665,227.03256944444442,통계적이상(3sigma),"mean=229.90, sigma=0.94, lower=227.09, upper=232.70"
H1.Z22,U1,2018-01-19,223.93,228.7466120218579,226.39755692167577,통계적이상(3sigma),"mean=229.90, sigma=0.94, lower=227.09, upper=232.70"
H1.Z22,U1,2018-01-23,224.90473325062035,229.72860170985368,226.7427314968239,통계적이상(3sigma),"mean=229.90, sigma=0.94, lower=227.09, upper=232.70"
H1.Z22,U1,2018-01-25,225.80916666666664,229.76916666666665,227.03256944444442,통계적이상(3sigma),"mean=229.90, sigma=0.94, lower=227.09, upper=232.70"
H1.Z22,U1,2018-01-26,223.93,228.7466120218579,226.39755692167577,통계적이상(3sigma),"mean=229.90, sigma=0.94, lower=227.09, upper=232.70"
H1.Z22,U1,2018-01-30,224.90473325062035,229.72860170985368,226.92088231355817,통계적이상(3sigma),"mean=229.90, sigma=0.94, lower=227.09, upper=232.70"
H1.Z22,U1,2018-02-08,224.74,230.07416666666668,227.02107638888887,통계적이상(3sigma),"mean=229.90, sigma=0.94, lower=227.09, upper=232.70"
H1.Z22,U1,2018-02-21,224.6383333333333,228.73,226.66621527777775,통계적이상(3sigma),"mean=229.90, sigma=0.94, lower=227.09, upper=232.70"
H1.Z22,U1,2018-03-14,224.95583333333332,228.9990846994536,226.96323049980268,통계적이상(3sigma),"mean=229.90, sigma=0.94, lower=227.09, upper=232.70"
H1.Z22,U1,2023-07-16,230.4858358408827,236.02460042842745,232.80279035172953,통계적이상(3sigma),"mean=229.90, sigma=0.94, lower=227.09, upper=232.70"
H1.Z22,U1,2023-12-30,231.15583333333333,234.36411202185792,233.00145748668322,통계적이상(3sigma),"mean=229.90, sigma=0.94, lower=227.09, upper=232.70"
H1.Z22,U2,2018-01-16,224.809515859316,229.81803190551736,226.6990588949856,통계적이상(3sigma),"mean=229.70, sigma=0.94, lower=226.89, upper=232.51"
H1.Z22,U2,2018-01-19,223.80166666666668,228.6606693989071,226.39595797745326,통계적이상(3sigma),"mean=229.70, sigma=0.94, lower=226.89, upper=232.51"
H1.Z22,U2,2018-01-23,224.809515859316,229.81803190551736,226.6990588949856,통계적이상(3sigma),"mean=229.70, sigma=0.94, lower=226.89, upper=232.51"
H1.Z22,U2,2018-01-26,223.80166666666668,228.6606693989071,226.39595797745326,통계적이상(3sigma),"mean=229.70, sigma=0.94, lower=226.89, upper=232.51"
H1.Z22,U2,2018-01-30,224.809515859316,229.81803190551736,226.83880174721767,통계적이상(3sigma),"mean=229.70, sigma=0.94, lower=226.89, upper=232.51"
H1.Z22,U2,2018-02-21,224.35916666666665,228.63666666666668,226.38947916666666,통계적이상(3sigma),"mean=229.70, sigma=0.94, lower=226.89, upper=232.51"
H1.Z22,U2,2018-03-14,224.92,228.75417953755135,226.78853691430064,통계적이상(3sigma),"mean=229.70, sigma=0.94, lower=226.89, upper=232.51"
H1.Z22,U2,2023-07-16,230.3725047738349,236.7104329419749,233.06819772403716,통계적이상(3sigma),"mean=229.70, sigma=0.94, lower=226.89, upper=232.51"
H1.Z22,U2,2023-12-30,230.47583333333333,234.13161202185796,232.66156247130002,통계적이상(3sigma),"mean=229.70, sigma=0.94, lower=226.89, upper=232.51"
H1.Z22,U3,2018-01-16,225.25042975304265,230.02303278688524,227.13583772968298,통계적이상(3sigma),"mean=230.29, sigma=1.00, lower=227.28, upper=233.30"
H1.Z22,U3,2018-01-19,224.16916666666663,229.13620218579237,226.71259961293265,통계적이상(3sigma),"mean=230.29, sigma=1.00, lower=227.28, upper=233.30"
H1.Z22,U3,2018-01-21,224.88583333333327,228.86666666666667,227.21642361111105,통계적이상(3sigma),"mean=230.29, sigma=1.00, lower=227.28, upper=233.30"
H1.Z22,U3,2018-01-23,225.25042975304265,230.02303278688524,227.13583772968298,통계적이상(3sigma),"mean=230.29, sigma=1.00, lower=227.28, upper=233.30"
H1.Z22,U3,2018-01-26,224.16916666666663,229.13620218579237,226.71259961293265,통계적이상(3sigma),"mean=230.29, sigma=1.00, lower=227.28, upper=233.30"
H1.Z22,U3,2018-01-28,224.88583333333327,228.86666666666667,227.21642361111105,통계적이상(3sigma),"mean=230.29, sigma=1.00, lower=227.28, upper=233.30"
H1.Z22,U3,2018-01-30,225.25042975304265,230.02303278688524,227.26325797438764,통계적이상(3sigma),"mean=230.29, sigma=1.00, lower=227.28, upper=233.30"
H1.Z22,U3,2018-02-21,224.64916666666667,229.19916666666668,226.8717708333334,통계적이상(3sigma),"mean=230.29, sigma=1.00, lower=227.28, upper=233.30"
H1.Z22,U3,2018-03-14,225.18416666666664,229.2390573770492,227.11111158992017,통계적이상(3sigma),"mean=230.29, sigma=1.00, lower=227.28, upper=233.30"
H1.Z22,U3,2023-01-07,231.85166666666663,234.22166666666664,233.3942708333333,통계적이상(3sigma),"mean=230.29, sigma=1.00, lower=227.28, upper=233.30"
H1.Z22,U3,2023-07-16,231.03668701651685,236.57293077207265,233.48148387592389,통계적이상(3sigma),"mean=230.29, sigma=1.00, lower=227.28, upper=233.30"
H1.Z22,U3,2023-12-21,231.3325,234.95416666666668,233.63304501787056,통계적이상(3sigma),"mean=230.29, sigma=1.00, lower=227.28, upper=233.30"
H1.Z22,U3,2023-12-30,231.5925,234.9591393442623,233.56996755464482,통계적이상(3sigma),"mean=230.29, sigma=1.00, lower=227.28, upper=233.30"
H1.Z23,U1,2018-01-16,224.8538606286187,229.71047990481227,226.79566513546456,통계적이상(3sigma),"mean=229.88, sigma=0.93, lower=227.11, upper=232.66"
H1.Z23,U1,2018-01-18,225.86666666666667,229.77083333333331,227.0696180555556,통계적이상(3sigma),"mean=229.88, sigma=0.93, lower=227.11, upper=232.66"
H1.Z23,U1,2018-01-19,223.9858333333333,228.73068447597615,226.44440940173885,통계적이상(3sigma),"mean=229.88, sigma=0.93, lower=227.11, upper=232.66"
H1.Z23,U1,2018-01-23,224.8538606286187,229.71047990481227,226.79566513546456,통계적이상(3sigma),"mean=229.88, sigma=0.93, lower=227.11, upper=232.66"
H1.Z23,U1,2018-01-25,225.86666666666667,229.77083333333331,227.0696180555556,통계적이상(3sigma),"mean=229.88, sigma=0.93, lower=227.11, upper=232.66"
H1.Z23,U1,2018-01-26,223.9858333333333,228.73068447597615,226.44440940173885,통계적이상(3sigma),"mean=229.88, sigma=0.93, lower=227.11, upper=232.66"
H1.Z23,U1,2018-01-30,224.8538606286187,229.71047990481227,226.95661719639637,통계적이상(3sigma),"mean=229.88, sigma=0.93, lower=227.11, upper=232.66"
H1.Z23,U1,2018-02-08,224.7875,230.13166666666663,227.06805555555547,통계적이상(3sigma),"mean=229.88, sigma=0.93, lower=227.11, upper=232.66"
H1.Z23,U1,2018-02-21,224.6975,228.83666666666667,226.71673611111115,통계적이상(3sigma),"mean=229.88, sigma=0.93, lower=227.11, upper=232.66"
H1.Z23,U1,2018-03-14,225.08,229.0024180327869,227.00393330190886,통계적이상(3sigma),"mean=229.88, sigma=0.93, lower=227.11, upper=232.66"
H1.Z23,U1,2023-07-16,230.4567383734617,235.98045695658524,232.76447980077828,통계적이상(3sigma),"mean=229.88, sigma=0.93, lower=227.11, upper=232.66"
H1.Z23,U1,2023-12-30,231.10916666666665,234.29748668319783,232.9557013037455,통계적이상(3sigma),"mean=229.88, sigma=0.93, lower=227.11, upper=232.66"
H1.Z23,U2,2018-01-16,224.8141811414392,229.80370659263176,226.73349581163973,통계적이상(3sigma),"mean=229.71, sigma=0.93, lower=226.92, upper=232.49"
H1.Z23,U2,2018-01-19,223.8475,228.68244535519125,226.41284462487178,통계적이상(3sigma),"mean=229.71, sigma=0.93, lower=226.92, upper=232.49"
H1.Z23,U2,2018-01-23,224.8141811414392,229.80370659263176,226.73349581163973,통계적이상(3sigma),"mean=229.71, sigma=0.93, lower=226.92, upper=232.49"
H1.Z23,U2,2018-01-26,223.8475,228.68244535519125,226.41284462487178,통계적이상(3sigma),"mean=229.71, sigma=0.93, lower=226.92, upper=232.49"
H1.Z23,U2,2018-01-30,224.8141811414392,229.80370659263176,226.87404110104447,통계적이상(3sigma),"mean=229.71, sigma=0.93, lower=226.92, upper=232.49"
H1.Z23,U2,2018-02-21,224.37416666666667,228.69666666666663,226.4276736111111,통계적이상(3sigma),"mean=229.71, sigma=0.93, lower=226.92, upper=232.49"
H1.Z23,U2,2018-03-14,225.03583333333333,228.77822404371585,226.8264972128021,통계적이상(3sigma),"mean=229.71, sigma=0.93, lower=226.92, upper=232.49"
H1.Z23,U2,2023-07-16,230.36590557037545,236.7129272997736,233.08519833414655,통계적이상(3sigma),"mean=229.71, sigma=0.93, lower=226.92, upper=232.49"
H1.Z23,U2,2023-12-30,230.44833333333327,234.0883270193323,232.6331987350952,통계적이상(3sigma),"mean=229.71, sigma=0.93, lower=226.92, upper=232.49"
H1.Z23,U3,2018-01-16,225.29058726220012,229.93483606557376,227.09825102279243,통계적이상(3sigma),"mean=230.25, sigma=0.99, lower=227.27, upper=233.24"
H1.Z23,U3,2018-01-19,224.22916666666663,229.1455601092896,226.67873956435938,통계적이상(3sigma),"mean=230.25, sigma=0.99, lower=227.27, upper=233.24"
H1.Z23,U3,2018-01-21,224.98666666666668,228.89916666666667,227.20253472222223,통계적이상(3sigma),"mean=230.25, sigma=0.99, lower=227.27, upper=233.24"
H1.Z23,U3,2018-01-23,225.29058726220012,229.93483606557376,227.09825102279243,통계적이상(3sigma),"mean=230.25, sigma=0.99, lower=227.27, upper=233.24"
H1.Z23,U3,2018-01-26,224.22916666666663,229.1455601092896,226.67873956435938,통계적이상(3sigma),"mean=230.25, sigma=0.99, lower=227.27, upper=233.24"
H1.Z23,U3,2018-01-28,224.98666666666668,228.89916666666667,227.20253472222223,통계적이상(3sigma),"mean=230.25, sigma=0.99, lower=227.27, upper=233.24"
H1.Z23,U3,2018-01-30,225.29058726220012,229.93483606557376,227.23402929737438,통계적이상(3sigma),"mean=230.25, sigma=0.99, lower=227.27, upper=233.24"
H1.Z23,U3,2018-02-21,224.625,229.22916666666663,226.86055555555558,통계적이상(3sigma),"mean=230.25, sigma=0.99, lower=227.27, upper=233.24"
H1.Z23,U3,2018-03-14,225.23,229.1866120218579,227.10209130236794,통계적이상(3sigma),"mean=230.25, sigma=0.99, lower=227.27, upper=233.24"
H1.Z23,U3,2023-01-07,231.7633333333333,234.185,233.34142930327872,통계적이상(3sigma),"mean=230.25, sigma=0.99, lower=227.27, upper=233.24"
H1.Z23,U3,2023-07-16,231.00675616762643,236.55699482110805,233.4504413555212,통계적이상(3sigma),"mean=230.25, sigma=0.99, lower=227.27, upper=233.24"
H1.Z23,U3,2023-12-21,231.2825,234.855,233.55906022313297,통계적이상(3sigma),"mean=230.25, sigma=0.99, lower=227.27, upper=233.24"
H1.Z23,U3,2023-12-30,231.5283333333333,234.8799663635946,233.5018815675177,통계적이상(3sigma),"mean=230.25, sigma=0.99, lower=227.27, upper=233.24"
H1.Z24,U1,2018-01-16,224.82550041356487,229.6866393442623,226.72569549085893,통계적이상(3sigma),"mean=229.77, sigma=0.92, lower=227.02, upper=232.52"
H1.Z24,U1,2018-01-18,225.8025,229.58083333333332,226.9938888888889,통계적이상(3sigma),"mean=229.77, sigma=0.92, lower=227.02, upper=232.52"
H1.Z24,U1,2018-01-19,223.905,228.6433606557377,226.37912283697634,통계적이상(3sigma),"mean=229.77, sigma=0.92, lower=227.02, upper=232.52"
H1.Z24,U1,2018-01-23,224.82550041356487,229.6866393442623,226.72569549085893,통계적이상(3sigma),"mean=229.77, sigma=0.92, lower=227.02, upper=232.52"
H1.Z24,U1,2018-01-25,225.8025,229.58083333333332,226.9938888888889,통계적이상(3sigma),"mean=229.77, sigma=0.92, lower=227.02, upper=232.52"
H1.Z24,U1,2018-01-26,223.905,228.6433606557377,226.37912283697634,통계적이상(3sigma),"mean=229.77, sigma=0.92, lower=227.02, upper=232.52"
H1.Z24,U1,2018-01-30,224.82550041356487,229.6866393442623,226.89367856192973,통계적이상(3sigma),"mean=229.77, sigma=0.92, lower=227.02, upper=232.52"
H1.Z24,U1,2018-02-08,224.74166666666667,230.0258333333333,226.98677083333328,통계적이상(3sigma),"mean=229.77, sigma=0.92, lower=227.02, upper=232.52"
H1.Z24,U1,2018-02-21,224.62222222222223,228.72166666666664,226.63083333333336,통계적이상(3sigma),"mean=229.77, sigma=0.92, lower=227.02, upper=232.52"
H1.Z24,U1,2018-03-14,225.0075,228.87741102998575,226.92899422268906,통계적이상(3sigma),"mean=229.77, sigma=0.92, lower=227.02, upper=232.52"
H1.Z24,U1,2023-07-16,230.34170524462877,235.84786538205103,232.64355657852698,통계적이상(3sigma),"mean=229.77, sigma=0.92, lower=227.02, upper=232.52"
H1.Z24,U1,2023-12-30,230.95361111111112,234.16325136612025,232.81205231819501,통계적이상(3sigma),"mean=229.77, sigma=0.92, lower=227.02, upper=232.52"
H1.Z24,U2,2018-01-16,224.72064516129032,229.7256720430108,226.62657302740197,통계적이상(3sigma),"mean=229.54, sigma=0.92, lower=226.78, upper=232.30"
H1.Z24,U2,2018-01-19,223.76416666666668,228.56244535519127,226.30874052144028,통계적이상(3sigma),"mean=229.54, sigma=0.92, lower=226.78, upper=232.30"
H1.Z24,U2,2018-01-23,224.72064516129032,229.7256720430108,226.62657302740197,통계적이상(3sigma),"mean=229.54, sigma=0.92, lower=226.78, upper=232.30"
H1.Z24,U2,2018-01-26,223.76416666666668,228.56244535519127,226.30874052144028,통계적이상(3sigma),"mean=229.54, sigma=0.92, lower=226.78, upper=232.30"
H1.Z24,U2,2018-01-30,224.72064516129032,229.7256720430108,226.76416647356038,통계적이상(3sigma),"mean=229.54, sigma=0.92, lower=226.78, upper=232.30"
H1.Z24,U2,2018-02-21,224.2475,228.58416666666665,226.30250000000004,통계적이상(3sigma),"mean=229.54, sigma=0.92, lower=226.78, upper=232.30"
H1.Z24,U2,2018-03-14,224.9208333333333,228.6065162748476,226.70865097015974,통계적이상(3sigma),"mean=229.54, sigma=0.92, lower=226.78, upper=232.30"
H1.Z24,U2,2023-07-16,230.1992085720473,236.562866250223,232.90281609440444,통계적이상(3sigma),"mean=229.54, sigma=0.92, lower=226.78, upper=232.30"
H1.Z24,U2,2023-12-30,230.28166666666667,233.90161202185791,232.4455936930783,통계적이상(3sigma),"mean=229.54, sigma=0.92, lower=226.78, upper=232.30"
H1.Z24,U3,2018-01-16,225.2882254910207,229.94093953816324,227.09161226423282,통계적이상(3sigma),"mean=230.19, sigma=0.98, lower=227.25, upper=233.14"
H1.Z24,U3,2018-01-19,224.16833333333332,229.0975273224044,226.6743895652523,통계적이상(3sigma),"mean=230.19, sigma=0.98, lower=227.25, upper=233.14"
H1.Z24,U3,2018-01-21,224.87833333333336,228.9075,227.1889236111111,통계적이상(3sigma),"mean=230.19, sigma=0.98, lower=227.25, upper=233.14"
H1.Z24,U3,2018-01-23,225.2882254910207,229.94093953816324,227.09161226423282,통계적이상(3sigma),"mean=230.19, sigma=0.98, lower=227.25, upper=233.14"
H1.Z24,U3,2018-01-26,224.16833333333332,229.0975273224044,226.6743895652523,통계적이상(3sigma),"mean=230.19, sigma=0.98, lower=227.25, upper=233.14"
H1.Z24,U3,2018-01-28,224.87833333333336,228.9075,227.1889236111111,통계적이상(3sigma),"mean=230.19, sigma=0.98, lower=227.25, upper=233.14"
H1.Z24,U3,2018-01-30,225.2882254910207,229.94093953816324,227.2282007099191,통계적이상(3sigma),"mean=230.19, sigma=0.98, lower=227.25, upper=233.14"
H1.Z24,U3,2018-02-21,224.6175,229.2,226.82930555555558,통계적이상(3sigma),"mean=230.19, sigma=0.98, lower=227.25, upper=233.14"
H1.Z24,U3,2018-03-14,225.21072404371583,229.11081255642756,227.08445806597535,통계적이상(3sigma),"mean=230.19, sigma=0.98, lower=227.25, upper=233.14"
H1.Z24,U3,2022-03-08,195.87916666666663,233.3408333333333,229.71386782786885,물리적이상(전압범위초과),min_val < 207.0V 또는 max_val > 253.0V (EN 50160 230V±10%)
H1.Z24,U3,2023-01-07,231.70333333333332,234.09666666666664,233.26931466302366,통계적이상(3sigma),"mean=230.19, sigma=0.98, lower=227.25, upper=233.14"
H1.Z24,U3,2023-07-16,230.9550512123143,236.51939094960483,233.41092942348973,통계적이상(3sigma),"mean=230.19, sigma=0.98, lower=227.25, upper=233.14"
H1.Z24,U3,2023-12-21,231.205,234.8033333333333,233.47687835790052,통계적이상(3sigma),"mean=230.19, sigma=0.98, lower=227.25, upper=233.14"
H1.Z24,U3,2023-12-30,231.4636111111111,234.8041393442623,233.42073001331678,통계적이상(3sigma),"mean=230.19, sigma=0.98, lower=227.25, upper=233.14"
H1.Z25,U1,2018-01-16,224.8194540942928,229.67494711792705,226.72772295136818,통계적이상(3sigma),"mean=229.81, sigma=0.93, lower=227.03, upper=232.60"
H1.Z25,U1,2018-01-18,225.81,229.6758333333333,227.0038194444444,통계적이상(3sigma),"mean=229.81, sigma=0.93, lower=227.03, upper=232.60"
H1.Z25,U1,2018-01-19,223.8975,228.6573150571704,226.36887526966942,통계적이상(3sigma),"mean=229.81, sigma=0.93, lower=227.03, upper=232.60"
H1.Z25,U1,2018-01-23,224.8194540942928,229.67494711792705,226.72772295136818,통계적이상(3sigma),"mean=229.81, sigma=0.93, lower=227.03, upper=232.60"
H1.Z25,U1,2018-01-25,225.81,229.6758333333333,227.0038194444444,통계적이상(3sigma),"mean=229.81, sigma=0.93, lower=227.03, upper=232.60"
H1.Z25,U1,2018-01-26,223.8975,228.6573150571704,226.36887526966942,통계적이상(3sigma),"mean=229.81, sigma=0.93, lower=227.03, upper=232.60"
H1.Z25,U1,2018-01-30,224.8194540942928,229.67494711792705,226.87835856871223,통계적이상(3sigma),"mean=229.81, sigma=0.93, lower=227.03, upper=232.60"
H1.Z25,U1,2018-02-08,224.70333333333332,230.07833333333332,227.0082638888889,통계적이상(3sigma),"mean=229.81, sigma=0.93, lower=227.03, upper=232.60"
H1.Z25,U1,2018-02-21,224.62,228.7675,226.66850694444443,통계적이상(3sigma),"mean=229.81, sigma=0.93, lower=227.03, upper=232.60"
H1.Z25,U1,2018-03-14,224.9858333333333,228.9196174863388,226.93107641758888,통계적이상(3sigma),"mean=229.81, sigma=0.93, lower=227.03, upper=232.60"
H1.Z25,U1,2023-07-16,230.3575276317899,235.87946415148,232.67541325887655,통계적이상(3sigma),"mean=229.81, sigma=0.93, lower=227.03, upper=232.60"
H1.Z25,U1,2023-12-30,231.0225,234.22497267759564,232.88152891621132,통계적이상(3sigma),"mean=229.81, sigma=0.93, lower=227.03, upper=232.60"
H1.Z25,U2,2018-01-16,224.7542091355697,229.89632117045656,226.694518107199,통계적이상(3sigma),"mean=229.65, sigma=0.93, lower=226.86, upper=232.45"
H1.Z25,U2,2018-01-19,223.80416666666667,228.6917486338798,226.39995047814207,통계적이상(3sigma),"mean=229.65, sigma=0.93, lower=226.86, upper=232.45"
H1.Z25,U2,2018-01-23,224.7542091355697,229.89632117045656,226.694518107199,통계적이상(3sigma),"mean=229.65, sigma=0.93, lower=226.86, upper=232.45"
H1.Z25,U2,2018-01-26,223.80416666666667,228.6917486338798,226.39995047814207,통계적이상(3sigma),"mean=229.65, sigma=0.93, lower=226.86, upper=232.45"
H1.Z25,U2,2018-01-30,224.7542091355697,229.89632117045656,226.8333982128064,통계적이상(3sigma),"mean=229.65, sigma=0.93, lower=226.86, upper=232.45"
H1.Z25,U2,2018-02-21,224.33333333333331,228.66916666666663,226.41048611111106,통계적이상(3sigma),"mean=229.65, sigma=0.93, lower=226.86, upper=232.45"
H1.Z25,U2,2018-03-14,224.94166666666663,228.68717213114755,226.78416186360622,통계적이상(3sigma),"mean=229.65, sigma=0.93, lower=226.86, upper=232.45"
H1.Z25,U2,2023-07-16,230.28168383417324,236.6102295392729,232.97977015936377,통계적이상(3sigma),"mean=229.65, sigma=0.93, lower=226.86, upper=232.45"
H1.Z25,U2,2023-12-30,230.4283333333333,234.03494535519124,232.5923576958106,통계적이상(3sigma),"mean=229.65, sigma=0.93, lower=226.86, upper=232.45"
H1.Z25,U3,2018-01-16,225.1836664225956,229.95537590340209,227.0951555632913,통계적이상(3sigma),"mean=230.25, sigma=1.00, lower=227.26, upper=233.24"
H1.Z25,U3,2018-01-19,224.16416666666663,229.145,226.65071436703093,통계적이상(3sigma),"mean=230.25, sigma=1.00, lower=227.26, upper=233.24"
H1.Z25,U3,2018-01-21,224.8708333333333,228.83666666666667,227.17201388888893,통계적이상(3sigma),"mean=230.25, sigma=1.00, lower=227.26, upper=233.24"
H1.Z25,U3,2018-01-23,225.1836664225956,229.95537590340209,227.0951555632913,통계적이상(3sigma),"mean=230.25, sigma=1.00, lower=227.26, upper=233.24"
H1.Z25,U3,2018-01-26,224.16416666666663,229.145,226.65071436703093,통계적이상(3sigma),"mean=230.25, sigma=1.00, lower=227.26, upper=233.24"
H1.Z25,U3,2018-01-28,224.8708333333333,228.83666666666667,227.17201388888893,통계적이상(3sigma),"mean=230.25, sigma=1.00, lower=227.26, upper=233.24"
H1.Z25,U3,2018-01-30,225.1836664225956,229.95537590340209,227.21028268224666,통계적이상(3sigma),"mean=230.25, sigma=1.00, lower=227.26, upper=233.24"
H1.Z25,U3,2018-02-21,224.5988888888889,229.23666666666668,226.8396527777778,통계적이상(3sigma),"mean=230.25, sigma=1.00, lower=227.26, upper=233.24"
H1.Z25,U3,2018-03-14,225.1575,229.15218795515668,227.07444411226865,통계적이상(3sigma),"mean=230.25, sigma=1.00, lower=227.26, upper=233.24"
H1.Z25,U3,2023-01-07,231.79666666666665,234.1225,233.32587742610704,통계적이상(3sigma),"mean=230.25, sigma=1.00, lower=227.26, upper=233.24"
H1.Z25,U3,2023-07-16,231.00087533551397,236.55709073557168,233.4622206986263,통계적이상(3sigma),"mean=230.25, sigma=1.00, lower=227.26, upper=233.24"
H1.Z25,U3,2023-12-21,231.26833333333332,234.8675,233.55989379084963,통계적이상(3sigma),"mean=230.25, sigma=1.00, lower=227.26, upper=233.24"
H1.Z25,U3,2023-12-30,231.52277777777775,234.8766330302613,233.49371956842845,통계적이상(3sigma),"mean=230.25, sigma=1.00, lower=227.26, upper=233.24"
H1.Z26,U1,2018-01-16,225.2773420079543,230.00211129082584,227.11542768636232,통계적이상(3sigma),"mean=230.00, sigma=0.92, lower=227.25, upper=232.76"
H1.Z26,U1,2018-01-19,224.39226793077205,229.04180684287024,226.78067298279825,통계적이상(3sigma),"mean=230.00, sigma=0.92, lower=227.25, upper=232.76"
H1.Z26,U1,2018-01-23,223.89676319122296,228.129727494982,226.2192129238715,통계적이상(3sigma),"mean=230.00, sigma=0.92, lower=227.25, upper=232.76"
H1.Z26,U1,2018-02-21,224.95289565430448,229.10527047051391,227.0054084916508,통계적이상(3sigma),"mean=230.00, sigma=0.92, lower=227.25, upper=232.76"
H1.Z26,U1,2018-03-14,225.29604863484727,229.19671086629225,227.20389000062985,통계적이상(3sigma),"mean=230.00, sigma=0.92, lower=227.25, upper=232.76"
H1.Z26,U1,2023-12-30,231.26298983676983,234.45466405640735,233.1054676053266,통계적이상(3sigma),"mean=230.00, sigma=0.92, lower=227.25, upper=232.76"
H1.Z26,U2,2018-01-16,225.04031981150263,229.9917038972347,226.9303862248122,통계적이상(3sigma),"mean=229.70, sigma=0.92, lower=226.95, upper=232.44"
H1.Z26,U2,2018-01-19,224.06896452162025,228.88409032637577,226.6283409815558,통계적이상(3sigma),"mean=229.70, sigma=0.92, lower=226.95, upper=232.44"
H1.Z26,U2,2018-01-23,223.75740674336785,227.91775100707983,226.0198386054977,통계적이상(3sigma),"mean=229.70, sigma=0.92, lower=226.95, upper=232.44"
H1.Z26,U2,2018-02-21,224.5629847945243,228.8935650465217,226.63591155342144,통계적이상(3sigma),"mean=229.70, sigma=0.92, lower=226.95, upper=232.44"
H1.Z26,U2,2018-03-14,225.06940402984569,228.8505458577473,226.91901723623724,통계적이상(3sigma),"mean=229.70, sigma=0.92, lower=226.95, upper=232.44"
H1.Z26,U2,2023-07-16,230.06868717400292,236.30975914574344,232.7204730517997,통계적이상(3sigma),"mean=229.70, sigma=0.92, lower=226.95, upper=232.44"
H1.Z26,U2,2023-12-30,230.50082946731573,234.12350823729136,232.6630957077846,통계적이상(3sigma),"mean=229.70, sigma=0.92, lower=226.95, upper=232.44"
H1.Z26,U3,2018-01-19,224.44134321424704,229.32916390313025,226.86285269756831,통계적이상(3sigma),"mean=230.27, sigma=1.02, lower=227.21, upper=233.32"
H1.Z26,U3,2018-01-23,223.6066881052651,228.3750618998207,226.20178684757437,통계적이상(3sigma),"mean=230.27, sigma=1.02, lower=227.21, upper=233.32"
H1.Z26,U3,2018-02-21,224.793943045959,229.43491819593643,227.0568722861871,통계적이상(3sigma),"mean=230.27, sigma=1.02, lower=227.21, upper=233.32"
H1.Z26,U3,2019-08-28,223.6647032504602,231.4273536173496,227.17142767494022,통계적이상(3sigma),"mean=230.27, sigma=1.02, lower=227.21, upper=233.32"
H1.Z26,U3,2023-12-30,231.6208313487985,234.96728248897077,233.58019964443952,통계적이상(3sigma),"mean=230.27, sigma=1.02, lower=227.21, upper=233.32"
H1.Z27,U1,2018-01-16,225.2007802751328,229.9897758183401,227.0751905664546,통계적이상(3sigma),"mean=229.95, sigma=0.91, lower=227.21, upper=232.70"
H1.Z27,U1,2018-01-19,224.39038843790695,229.01924525778983,226.75464542023371,통계적이상(3sigma),"mean=229.95, sigma=0.91, lower=227.21, upper=232.70"
H1.Z27,U1,2018-01-23,223.90349136347925,228.1063487674508,226.2037753537443,통계적이상(3sigma),"mean=229.95, sigma=0.91, lower=227.21, upper=232.70"
H1.Z27,U1,2018-02-21,224.9448078137699,229.0878432464596,226.9790869687076,통계적이상(3sigma),"mean=229.95, sigma=0.91, lower=227.21, upper=232.70"
H1.Z27,U1,2018-03-14,225.2699139065211,229.1711547035501,227.1652580655078,통계적이상(3sigma),"mean=229.95, sigma=0.91, lower=227.21, upper=232.70"
H1.Z27,U1,2023-12-30,231.1994727690609,234.39192906467625,233.04024063324684,통계적이상(3sigma),"mean=229.95, sigma=0.91, lower=227.21, upper=232.70"
H1.Z27,U2,2018-01-16,224.96724527147043,229.98762567137769,226.89101171779217,통계적이상(3sigma),"mean=229.64, sigma=0.91, lower=226.91, upper=232.38"
H1.Z27,U2,2018-01-19,224.07253707885693,228.86402079918656,226.60710990237325,통계적이상(3sigma),"mean=229.64, sigma=0.91, lower=226.91, upper=232.38"
H1.Z27,U2,2018-01-23,223.75019224239344,227.89616664944492,226.00414855235758,통계적이상(3sigma),"mean=229.64, sigma=0.91, lower=226.91, upper=232.38"
H1.Z27,U2,2018-02-21,224.55714543725605,228.8870023091629,226.61015713025498,통계적이상(3sigma),"mean=229.64, sigma=0.91, lower=226.91, upper=232.38"
H1.Z27,U2,2018-03-14,225.05145068698425,228.8266726153557,226.88559699695972,통계적이상(3sigma),"mean=229.64, sigma=0.91, lower=226.91, upper=232.38"
H1.Z27,U2,2019-08-28,223.5827384440104,231.11895640055369,226.89481736563815,통계적이상(3sigma),"mean=229.64, sigma=0.91, lower=226.91, upper=232.38"
H1.Z27,U2,2023-04-12,224.0080904910553,229.7986766841688,226.89522092967525,통계적이상(3sigma),"mean=229.64, sigma=0.91, lower=226.91, upper=232.38"
H1.Z27,U2,2023-07-16,230.01707151308565,236.2375166072623,232.63836729536024,통계적이상(3sigma),"mean=229.64, sigma=0.91, lower=226.91, upper=232.38"
H1.Z27,U2,2023-12-30,230.43549050756292,234.060846323179,232.59713430014907,통계적이상(3sigma),"mean=229.64, sigma=0.91, lower=226.91, upper=232.38"
H1.Z27,U3,2018-01-19,224.44889801025343,229.291196848887,226.84325858277703,통계적이상(3sigma),"mean=230.23, sigma=1.02, lower=227.18, upper=233.28"
H1.Z27,U3,2018-01-23,223.61586811913895,228.36156731743583,226.191572043455,통계적이상(3sigma),"mean=230.23, sigma=1.02, lower=227.18, upper=233.28"
H1.Z27,U3,2018-02-21,224.79984616521065,229.4323472086588,227.03862981265124,통계적이상(3sigma),"mean=230.23, sigma=1.02, lower=227.18, upper=233.28"
H1.Z27,U3,2019-08-28,223.6012565612792,231.32378100372796,227.09660049428783,통계적이상(3sigma),"mean=230.23, sigma=1.02, lower=227.18, upper=233.28"
H1.Z27,U3,2023-12-30,231.577527575236,234.92476234783737,233.53503121037298,통계적이상(3sigma),"mean=230.23, sigma=1.02, lower=227.18, upper=233.28"
H1.Z28,U1,2018-01-16,225.25649931547235,230.01776571083457,227.10809635084706,통계적이상(3sigma),"mean=229.98, sigma=0.92, lower=227.22, upper=232.73"
H1.Z28,U1,2018-01-19,224.3962169326316,229.0220430162222,226.7733407408421,통계적이상(3sigma),"mean=229.98, sigma=0.92, lower=227.22, upper=232.73"
H1.Z28,U1,2018-01-23,223.9168284118724,228.10688464448648,226.21495258057806,통계적이상(3sigma),"mean=229.98, sigma=0.92, lower=227.22, upper=232.73"
H1.Z28,U1,2018-02-21,224.94719456634417,229.12152457931344,226.99901921957223,통계적이상(3sigma),"mean=229.98, sigma=0.92, lower=227.22, upper=232.73"
H1.Z28,U1,2018-03-14,225.2828040228954,229.1642289647651,227.17652632624456,통계적이상(3sigma),"mean=229.98, sigma=0.92, lower=227.22, upper=232.73"
H1.Z28,U1,2023-12-30,231.2367068093429,234.4332434204692,233.07896830099557,통계적이상(3sigma),"mean=229.98, sigma=0.92, lower=227.22, upper=232.73"
H1.Z28,U2,2018-01-16,225.02446106784643,230.0277102211418,226.92754139505368,통계적이상(3sigma),"mean=229.69, sigma=0.91, lower=226.95, upper=232.43"
H1.Z28,U2,2018-01-19,224.1019856346986,228.87524810367128,226.63213789627673,통계적이상(3sigma),"mean=229.69, sigma=0.91, lower=226.95, upper=232.43"
H1.Z28,U2,2018-01-23,223.792912895671,227.9094006339214,226.0288843290912,통계적이상(3sigma),"mean=229.69, sigma=0.91, lower=226.95, upper=232.43"
H1.Z28,U2,2018-02-21,224.57661444182463,228.9182681998972,226.64041139498363,통계적이상(3sigma),"mean=229.69, sigma=0.91, lower=226.95, upper=232.43"
H1.Z28,U2,2018-03-14,225.09536635081045,228.8461052510932,226.9209197787152,통계적이상(3sigma),"mean=229.69, sigma=0.91, lower=226.95, upper=232.43"
H1.Z28,U2,2023-04-12,224.0717897197808,229.8469529165003,226.95006015967544,통계적이상(3sigma),"mean=229.69, sigma=0.91, lower=226.95, upper=232.43"
H1.Z28,U2,2023-07-16,230.0678946297979,236.2918376444541,232.69507482146795,통계적이상(3sigma),"mean=229.69, sigma=0.91, lower=226.95, upper=232.43"
H1.Z28,U2,2023-12-30,230.4889011048493,234.11796298839053,232.65086707218143,통계적이상(3sigma),"mean=229.69, sigma=0.91, lower=226.95, upper=232.43"
H1.Z28,U3,2018-01-19,224.4570121227667,229.28519876268209,226.86396129692048,통계적이상(3sigma),"mean=230.27, sigma=1.02, lower=227.20, upper=233.33"
H1.Z28,U3,2018-01-23,223.6329948841167,228.37148972076372,226.20427991241863,통계적이상(3sigma),"mean=230.27, sigma=1.02, lower=227.20, upper=233.33"
H1.Z28,U3,2018-02-21,224.79761904307765,229.45657913483836,227.05776383163118,통계적이상(3sigma),"mean=230.27, sigma=1.02, lower=227.20, upper=233.33"
H1.Z28,U3,2019-08-28,223.64467775216076,231.33803795957743,227.13551052438456,통계적이상(3sigma),"mean=230.27, sigma=1.02, lower=227.20, upper=233.33"
H1.Z28,U3,2023-12-30,231.6272513527701,234.97887823857636,233.58859205247813,통계적이상(3sigma),"mean=230.27, sigma=1.02, lower=227.20, upper=233.33"
H1.Z29,U1,2018-01-16,225.230485254924,229.9802980947676,227.09854302979105,통계적이상(3sigma),"mean=229.98, sigma=0.92, lower=227.23, upper=232.73"
H1.Z29,U1,2018-01-19,224.35554855346672,229.02544815063467,226.7569834974669,통계적이상(3sigma),"mean=229.98, sigma=0.92, lower=227.23, upper=232.73"
H1.Z29,U1,2018-01-23,223.905725106133,228.11049255371103,226.2046300631038,통계적이상(3sigma),"mean=229.98, sigma=0.92, lower=227.23, upper=232.73"
H1.Z29,U1,2018-02-21,224.9153003067744,229.07886805216512,226.9803286767259,통계적이상(3sigma),"mean=229.98, sigma=0.92, lower=227.23, upper=232.73"
H1.Z29,U1,2018-03-14,225.27082972208623,229.16333607991572,227.19412247368663,통계적이상(3sigma),"mean=229.98, sigma=0.92, lower=227.23, upper=232.73"
H1.Z29,U1,2023-12-30,231.2326511386636,234.42057711435848,233.0756735738355,통계적이상(3sigma),"mean=229.98, sigma=0.92, lower=227.23, upper=232.73"
H1.Z29,U2,2018-01-19,224.0822513198854,228.89573808034203,226.64957814209643,통계적이상(3sigma),"mean=229.71, sigma=0.91, lower=226.96, upper=232.45"
H1.Z29,U2,2018-01-23,223.790400034586,227.94042292277047,226.04398948938692,통계적이상(3sigma),"mean=229.71, sigma=0.91, lower=226.96, upper=232.45"
H1.Z29,U2,2018-02-21,224.5607455889881,228.91880331675276,226.6596323239128,통계적이상(3sigma),"mean=229.71, sigma=0.91, lower=226.96, upper=232.45"
H1.Z29,U2,2018-03-14,225.0715936957465,228.84522623697825,226.93812915340223,통계적이상(3sigma),"mean=229.71, sigma=0.91, lower=226.96, upper=232.45"
H1.Z29,U2,2023-07-16,230.06067504662207,236.316376592048,232.72656000183528,통계적이상(3sigma),"mean=229.71, sigma=0.91, lower=226.96, upper=232.45"
H1.Z29,U2,2023-12-30,230.51890731195624,234.13749181140255,232.67945676822356,통계적이상(3sigma),"mean=229.71, sigma=0.91, lower=226.96, upper=232.45"
H1.Z29,U3,2018-01-19,224.43906522115088,229.3433759307856,226.8745605493588,통계적이상(3sigma),"mean=230.28, sigma=1.02, lower=227.23, upper=233.34"
H1.Z29,U3,2018-01-23,223.65132983737533,228.39151374817,226.21943782115136,통계적이상(3sigma),"mean=230.28, sigma=1.02, lower=227.23, upper=233.34"
H1.Z29,U3,2018-02-21,224.7874946215466,229.44259630839,227.06680889464772,통계적이상(3sigma),"mean=230.28, sigma=1.02, lower=227.23, upper=233.34"
H1.Z29,U3,2019-08-28,223.6917683156335,231.4484385172533,227.2003336654301,통계적이상(3sigma),"mean=230.28, sigma=1.02, lower=227.23, upper=233.34"
H1.Z29,U3,2023-12-30,231.63479235395596,234.97917858803,233.59813468241234,통계적이상(3sigma),"mean=230.28, sigma=1.02, lower=227.23, upper=233.34"
H1.Z310,U1,2023-04-12,224.58680847578157,230.3625112152097,227.36358963347934,통계적이상(3sigma),"mean=230.24, sigma=0.81, lower=227.80, upper=232.68"
H1.Z310,U1,2023-07-16,230.2639315321576,236.3807375639158,232.7704349679125,통계적이상(3sigma),"mean=230.24, sigma=0.81, lower=227.80, upper=232.68"
H1.Z310,U1,2023-12-30,231.15911655927863,234.36599355910877,233.03890259317677,통계적이상(3sigma),"mean=230.24, sigma=0.81, lower=227.80, upper=232.68"
H1.Z310,U2,2023-04-12,224.1563332514607,230.0501437123615,226.97700131371872,통계적이상(3sigma),"mean=229.92, sigma=0.83, lower=227.43, upper=232.41"
H1.Z310,U2,2023-07-16,230.04655686537745,237.0305228393564,232.95653338157572,통계적이상(3sigma),"mean=229.92, sigma=0.83, lower=227.43, upper=232.41"
H1.Z310,U2,2023-08-22,224.94518481018628,230.28904059618256,227.35842544498553,통계적이상(3sigma),"mean=229.92, sigma=0.83, lower=227.43, upper=232.41"
H1.Z310,U2,2023-12-30,230.4052650368264,234.040157698167,232.60480481972976,통계적이상(3sigma),"mean=229.92, sigma=0.83, lower=227.43, upper=232.41"
H1.Z310,U3,2023-01-07,231.70217679341607,234.11376861025352,233.27412400128443,통계적이상(3sigma),"mean=230.55, sigma=0.89, lower=227.89, upper=233.21"
H1.Z310,U3,2023-04-12,224.6888531518756,230.63104410807253,227.6990888016859,통계적이상(3sigma),"mean=230.55, sigma=0.89, lower=227.89, upper=233.21"
H1.Z310,U3,2023-07-16,230.7671114741691,236.88113306591237,233.38946733837062,통계적이상(3sigma),"mean=230.55, sigma=0.89, lower=227.89, upper=233.21"
H1.Z310,U3,2023-08-22,225.06989432818403,230.86098200129973,227.76920003595512,통계적이상(3sigma),"mean=230.55, sigma=0.89, lower=227.89, upper=233.21"
H1.Z310,U3,2023-12-30,231.55229279793048,234.92458074226093,233.55838722446455,통계적이상(3sigma),"mean=230.55, sigma=0.89, lower=227.89, upper=233.21"
H1.ZE20,U1,2023-04-12,224.3609231131421,230.00680004543727,227.17867569132105,통계적이상(3sigma),"mean=230.22, sigma=0.86, lower=227.64, upper=232.81"
H1.ZE20,U1,2023-08-22,224.57073252537865,230.4095891562159,227.37133101927063,통계적이상(3sigma),"mean=230.22, sigma=0.86, lower=227.64, upper=232.81"
H1.ZE20,U1,2023-12-30,231.04884173741124,234.2481928419528,232.90347802913473,통계적이상(3sigma),"mean=230.22, sigma=0.86, lower=227.64, upper=232.81"
H1.ZE20,U2,2023-04-12,223.99813059375396,229.7321469285748,226.84864823471935,통계적이상(3sigma),"mean=229.92, sigma=0.87, lower=227.31, upper=232.53"
H1.ZE20,U2,2023-07-16,230.007779397872,236.2808117520366,232.6793802915722,통계적이상(3sigma),"mean=229.92, sigma=0.87, lower=227.31, upper=232.53"
H1.ZE20,U2,2023-08-22,224.05432337896576,230.1238223523133,226.9496770133196,통계적이상(3sigma),"mean=229.92, sigma=0.87, lower=227.31, upper=232.53"
H1.ZE20,U3,2023-04-12,224.5186135840797,230.3084807501897,227.55536734253405,통계적이상(3sigma),"mean=230.60, sigma=0.95, lower=227.75, upper=233.44"
H1.ZE20,U3,2023-08-22,224.25872601487825,230.6953573698341,227.38638710329607,통계적이상(3sigma),"mean=230.60, sigma=0.95, lower=227.75, upper=233.44"
H2.T.Z30,U1,2022-03-26,231.73,235.23166666666663,234.00201388888885,통계적이상(3sigma),"mean=231.74, sigma=0.75, lower=229.50, upper=233.98"
H2.T.Z30,U1,2022-10-03,232.7333333333333,235.4675,234.02447916666665,통계적이상(3sigma),"mean=231.74, sigma=0.75, lower=229.50, upper=233.98"
H2.T.Z30,U1,2022-11-14,225.36666666666667,233.42416666666668,229.3665277777778,통계적이상(3sigma),"mean=231.74, sigma=0.75, lower=229.50, upper=233.98"
H2.T.Z30,U1,2023-07-16,231.89,237.3325,234.24652777777774,통계적이상(3sigma),"mean=231.74, sigma=0.75, lower=229.50, upper=233.98"
H2.T.Z30,U1,2023-12-05,226.60416666666663,233.2,229.26621527777772,통계적이상(3sigma),"mean=231.74, sigma=0.75, lower=229.50, upper=233.98"
H2.T.Z30,U1,2023-12-06,226.8725,233.0508333333333,229.14385416666664,통계적이상(3sigma),"mean=231.74, sigma=0.75, lower=229.50, upper=233.98"
H2.T.Z30,U2,2022-03-26,231.83083333333332,235.1275,233.90947916666667,통계적이상(3sigma),"mean=231.58, sigma=0.75, lower=229.32, upper=233.84"
H2.T.Z30,U2,2022-10-03,232.2025,235.32833333333332,233.8550694444444,통계적이상(3sigma),"mean=231.58, sigma=0.75, lower=229.32, upper=233.84"
H2.T.Z30,U2,2022-11-14,225.13666666666668,233.35166666666663,229.2332638888889,통계적이상(3sigma),"mean=231.58, sigma=0.75, lower=229.32, upper=233.84"
H2.T.Z30,U2,2023-04-12,226.82083333333333,232.12416666666667,229.20423611111116,통계적이상(3sigma),"mean=231.58, sigma=0.75, lower=229.32, upper=233.84"
H2.T.Z30,U2,2023-07-16,231.51083333333327,237.76416666666668,234.2348263888889,통계적이상(3sigma),"mean=231.58, sigma=0.75, lower=229.32, upper=233.84"
H2.T.Z30,U2,2023-12-05,226.145,232.83416666666665,228.85847222222222,통계적이상(3sigma),"mean=231.58, sigma=0.75, lower=229.32, upper=233.84"
H2.T.Z30,U2,2023-12-06,226.23166666666663,232.75416666666663,228.61215277777782,통계적이상(3sigma),"mean=231.58, sigma=0.75, lower=229.32, upper=233.84"
H2.T.Z30,U3,2022-03-20,232.57166666666663,235.485,234.24166666666667,통계적이상(3sigma),"mean=232.18, sigma=0.68, lower=230.15, upper=234.21"
H2.T.Z30,U3,2022-03-26,231.87166666666664,235.60416666666663,234.26413194444444,통계적이상(3sigma),"mean=232.18, sigma=0.68, lower=230.15, upper=234.21"
H2.T.Z30,U3,2022-10-03,232.85,235.76916666666665,234.24069444444444,통계적이상(3sigma),"mean=232.18, sigma=0.68, lower=230.15, upper=234.21"
H2.T.Z30,U3,2022-11-14,225.9175,234.07,230.03628472222218,통계적이상(3sigma),"mean=232.18, sigma=0.68, lower=230.15, upper=234.21"
H2.T.Z30,U3,2023-01-07,232.7333333333333,235.54083333333332,234.57798611111113,통계적이상(3sigma),"mean=232.18, sigma=0.68, lower=230.15, upper=234.21"
H2.T.Z30,U3,2023-04-12,227.82833333333332,232.88,230.09055555555554,통계적이상(3sigma),"mean=232.18, sigma=0.68, lower=230.15, upper=234.21"
H2.T.Z30,U3,2023-07-16,232.31,237.5016666666667,234.69562500000004,통계적이상(3sigma),"mean=232.18, sigma=0.68, lower=230.15, upper=234.21"
H2.T.Z30,U3,2023-12-05,227.03416666666664,233.48666666666668,229.62184027777778,통계적이상(3sigma),"mean=232.18, sigma=0.68, lower=230.15, upper=234.21"
H2.T.Z30,U3,2023-12-06,227.14416666666665,233.36416666666668,229.40298611111106,통계적이상(3sigma),"mean=232.18, sigma=0.68, lower=230.15, upper=234.21"
H2.T.Z31,U1,2022-03-26,231.90916666666664,235.4375,234.18937499999996,통계적이상(3sigma),"mean=231.92, sigma=0.76, lower=229.65, upper=234.18"
H2.T.Z31,U1,2022-10-03,232.9233333333333,235.66,234.20878472222225,통계적이상(3sigma),"mean=231.92, sigma=0.76, lower=229.65, upper=234.18"
H2.T.Z31,U1,2022-11-14,225.52083333333331,233.515,229.53656250000003,통계적이상(3sigma),"mean=231.92, sigma=0.76, lower=229.65, upper=234.18"
H2.T.Z31,U1,2023-07-16,232.135,237.58916666666667,234.4775694444445,통계적이상(3sigma),"mean=231.92, sigma=0.76, lower=229.65, upper=234.18"
H2.T.Z31,U1,2023-12-05,226.77166666666665,233.365,229.4164236111111,통계적이상(3sigma),"mean=231.92, sigma=0.76, lower=229.65, upper=234.18"
H2.T.Z31,U1,2023-12-06,227.06583333333336,233.20166666666668,229.28329861111112,통계적이상(3sigma),"mean=231.92, sigma=0.76, lower=229.65, upper=234.18"
H2.T.Z31,U2,2022-03-26,232.10916666666665,235.4325,234.18843749999994,통계적이상(3sigma),"mean=231.86, sigma=0.76, lower=229.57, upper=234.15"
H2.T.Z31,U2,2022-11-14,225.35083333333333,233.59416666666667,229.4968055555556,통계적이상(3sigma),"mean=231.86, sigma=0.76, lower=229.57, upper=234.15"
H2.T.Z31,U2,2023-04-12,227.0875,232.4825,229.45371527777777,통계적이상(3sigma),"mean=231.86, sigma=0.76, lower=229.57, upper=234.15"
H2.T.Z31,U2,2023-07-16,231.835,238.12583333333333,234.56999999999996,통계적이상(3sigma),"mean=231.86, sigma=0.76, lower=229.57, upper=234.15"
H2.T.Z31,U2,2023-12-05,226.42666666666668,233.1025,229.0848611111111,통계적이상(3sigma),"mean=231.86, sigma=0.76, lower=229.57, upper=234.15"
H2.T.Z31,U2,2023-12-06,226.45166666666668,232.98083333333332,228.84402777777777,통계적이상(3sigma),"mean=231.86, sigma=0.76, lower=229.57, upper=234.15"
H2.T.Z31,U3,2022-03-26,232.12583333333333,235.8475,234.50725694444444,통계적이상(3sigma),"mean=232.41, sigma=0.69, lower=230.35, upper=234.47"
H2.T.Z31,U3,2022-10-03,233.10916666666665,236.03333333333333,234.47888888888892,통계적이상(3sigma),"mean=232.41, sigma=0.69, lower=230.35, upper=234.47"
H2.T.Z31,U3,2022-11-14,226.12,234.2525,230.26347222222225,통계적이상(3sigma),"mean=232.41, sigma=0.69, lower=230.35, upper=234.47"
H2.T.Z31,U3,2023-01-07,233.0275,235.745,234.81614583333328,통계적이상(3sigma),"mean=232.41, sigma=0.69, lower=230.35, upper=234.47"
H2.T.Z31,U3,2023-04-12,228.075,233.2175,230.3020833333333,통계적이상(3sigma),"mean=232.41, sigma=0.69, lower=230.35, upper=234.47"
H2.T.Z31,U3,2023-07-16,232.6183333333333,237.8008333333333,234.98274305555552,통계적이상(3sigma),"mean=232.41, sigma=0.69, lower=230.35, upper=234.47"
H2.T.Z31,U3,2023-12-05,227.25,233.7425,229.82840277777777,통계적이상(3sigma),"mean=232.41, sigma=0.69, lower=230.35, upper=234.47"
H2.T.Z31,U3,2023-12-06,227.36666666666667,233.5575,229.59350694444444,통계적이상(3sigma),"mean=232.41, sigma=0.69, lower=230.35, upper=234.47"
H2.T.Z32,U1,2022-10-03,232.745,235.4833333333333,234.03194444444446,통계적이상(3sigma),"mean=231.73, sigma=0.76, lower=229.44, upper=234.02"
H2.T.Z32,U1,2022-11-14,225.29083333333332,233.38583333333327,229.35302083333337,통계적이상(3sigma),"mean=231.73, sigma=0.76, lower=229.44, upper=234.02"
H2.T.Z32,U1,2023-07-16,231.94333333333333,237.4033333333333,234.31427083333332,통계적이상(3sigma),"mean=231.73, sigma=0.76, lower=229.44, upper=234.02"
H2.T.Z32,U1,2023-12-05,226.59666666666664,233.11416666666668,229.19392361111113,통계적이상(3sigma),"mean=231.73, sigma=0.76, lower=229.44, upper=234.02"
H2.T.Z32,U1,2023-12-06,226.8325,233.0366666666667,229.07295138888887,통계적이상(3sigma),"mean=231.73, sigma=0.76, lower=229.44, upper=234.02"
H2.T.Z32,U2,2022-03-26,231.8983333333333,235.2133333333333,233.97187499999995,통계적이상(3sigma),"mean=231.63, sigma=0.76, lower=229.34, upper=233.92"
H2.T.Z32,U2,2022-11-14,225.0825,233.485,229.28902777777782,통계적이상(3sigma),"mean=231.63, sigma=0.76, lower=229.34, upper=233.92"
H2.T.Z32,U2,2023-04-12,226.81833333333333,232.24416666666667,229.22652777777776,통계적이상(3sigma),"mean=231.63, sigma=0.76, lower=229.34, upper=233.92"
H2.T.Z32,U2,2023-07-16,231.56583333333336,237.89333333333332,234.33458333333337,통계적이상(3sigma),"mean=231.63, sigma=0.76, lower=229.34, upper=233.92"
H2.T.Z32,U2,2023-12-05,226.23916666666668,232.84666666666664,228.87468749999996,통계적이상(3sigma),"mean=231.63, sigma=0.76, lower=229.34, upper=233.92"
H2.T.Z32,U2,2023-12-06,226.26083333333327,232.81833333333333,228.6391666666667,통계적이상(3sigma),"mean=231.63, sigma=0.76, lower=229.34, upper=233.92"
H2.T.Z32,U3,2022-03-26,231.8058333333333,235.55416666666667,234.20256944444444,통계적이상(3sigma),"mean=232.13, sigma=0.69, lower=230.06, upper=234.19"
H2.T.Z32,U3,2022-10-03,232.83166666666665,235.7425,234.20204861111108,통계적이상(3sigma),"mean=232.13, sigma=0.69, lower=230.06, upper=234.19"
H2.T.Z32,U3,2022-11-14,225.78833333333333,234.0258333333333,229.9902083333333,통계적이상(3sigma),"mean=232.13, sigma=0.69, lower=230.06, upper=234.19"
H2.T.Z32,U3,2023-01-07,232.71,235.40583333333333,234.51527777777778,통계적이상(3sigma),"mean=232.13, sigma=0.69, lower=230.06, upper=234.19"
H2.T.Z32,U3,2023-04-12,227.77,232.9283333333333,230.00961805555553,통계적이상(3sigma),"mean=232.13, sigma=0.69, lower=230.06, upper=234.19"
H2.T.Z32,U3,2023-07-16,232.28,237.51916666666665,234.69694444444448,통계적이상(3sigma),"mean=232.13, sigma=0.69, lower=230.06, upper=234.19"
H2.T.Z32,U3,2023-12-05,227.025,233.45,229.52909722222225,통계적이상(3sigma),"mean=232.13, sigma=0.69, lower=230.06, upper=234.19"
H2.T.Z32,U3,2023-12-06,227.075,233.28416666666664,229.30673611111112,통계적이상(3sigma),"mean=232.13, sigma=0.69, lower=230.06, upper=234.19"
H2.T.Z33,U1,2022-03-26,232.5758333333333,235.3491666666667,234.4058680555555,통계적이상(3sigma),"mean=231.63, sigma=0.90, lower=228.92, upper=234.34"
H2.T.Z33,U1,2023-07-16,231.6375,238.5508333333333,234.6526041666667,통계적이상(3sigma),"mean=231.63, sigma=0.90, lower=228.92, upper=234.34"
H2.T.Z33,U2,2018-07-06,226.245,232.0641666666667,228.57666666666663,통계적이상(3sigma),"mean=231.40, sigma=0.93, lower=228.60, upper=234.19"
H2.T.Z33,U2,2022-03-26,232.7525,235.28583333333333,234.35659722222218,통계적이상(3sigma),"mean=231.40, sigma=0.93, lower=228.60, upper=234.19"
H2.T.Z33,U2,2023-07-16,230.9525,239.10583333333332,234.52343749999997,통계적이상(3sigma),"mean=231.40, sigma=0.93, lower=228.60, upper=234.19"
H2.T.Z33,U2,2023-12-05,225.89666666666665,232.50666666666663,228.48652173532295,통계적이상(3sigma),"mean=231.40, sigma=0.93, lower=228.60, upper=234.19"
H2.T.Z33,U2,2023-12-06,225.6833333333333,232.34416666666667,228.1779097796143,통계적이상(3sigma),"mean=231.40, sigma=0.93, lower=228.60, upper=234.19"
H2.T.Z33,U3,2018-07-06,227.335,232.91666666666663,229.3760763888889,통계적이상(3sigma),"mean=232.01, sigma=0.79, lower=229.64, upper=234.38"
H2.T.Z33,U3,2023-01-07,232.6975,235.44083333333336,234.5476038748832,통계적이상(3sigma),"mean=232.01, sigma=0.79, lower=229.64, upper=234.38"
H2.T.Z33,U3,2023-07-16,231.6758333333333,237.61,234.49263888888888,통계적이상(3sigma),"mean=232.01, sigma=0.79, lower=229.64, upper=234.38"
H2.T.Z33,U3,2023-12-05,226.385,233.12916666666663,229.10957557553334,통계적이상(3sigma),"mean=232.01, sigma=0.79, lower=229.64, upper=234.38"
H2.T.Z33,U3,2023-12-06,226.59416666666667,232.7483333333333,228.87610769581053,통계적이상(3sigma),"mean=232.01, sigma=0.79, lower=229.64, upper=234.38"
H2.T.Z34,U1,2020-03-06,0.0,230.3,200.55291666666676,물리적이상(전압범위초과),min_val < 207.0V 또는 max_val > 253.0V (EN 50160 230V±10%)
H2.T.Z34,U1,2020-03-07,0.0,0.0,0.0,물리적이상(전압범위초과),min_val < 207.0V 또는 max_val > 253.0V (EN 50160 230V±10%)
H2.T.Z34,U1,2020-03-08,0.0,0.0,0.0,물리적이상(전압범위초과),min_val < 207.0V 또는 max_val > 253.0V (EN 50160 230V±10%)
H2.T.Z34,U1,2020-03-09,0.0,233.2516666666667,91.36336805555554,물리적이상(전압범위초과),min_val < 207.0V 또는 max_val > 253.0V (EN 50160 230V±10%)
H2.T.Z34,U2,2020-03-06,0.0,230.1,200.37875,물리적이상(전압범위초과),min_val < 207.0V 또는 max_val > 253.0V (EN 50160 230V±10%)
H2.T.Z34,U2,2020-03-07,0.0,0.0,0.0,물리적이상(전압범위초과),min_val < 207.0V 또는 max_val > 253.0V (EN 50160 230V±10%)
H2.T.Z34,U2,2020-03-08,0.0,0.0,0.0,물리적이상(전압범위초과),min_val < 207.0V 또는 max_val > 253.0V (EN 50160 230V±10%)
H2.T.Z34,U2,2020-03-09,0.0,233.25833333333333,91.3267708333333,물리적이상(전압범위초과),min_val < 207.0V 또는 max_val > 253.0V (EN 50160 230V±10%)
H2.T.Z34,U3,2020-03-06,0.0,231.0,201.1625,물리적이상(전압범위초과),min_val < 207.0V 또는 max_val > 253.0V (EN 50160 230V±10%)
H2.T.Z34,U3,2020-03-07,0.0,0.0,0.0,물리적이상(전압범위초과),min_val < 207.0V 또는 max_val > 253.0V (EN 50160 230V±10%)
H2.T.Z34,U3,2020-03-08,0.0,0.0,0.0,물리적이상(전압범위초과),min_val < 207.0V 또는 max_val > 253.0V (EN 50160 230V±10%)
H2.T.Z34,U3,2020-03-09,0.0,234.1,91.6428125,물리적이상(전압범위초과),min_val < 207.0V 또는 max_val > 253.0V (EN 50160 230V±10%)
H2.Z311,U1,2022-11-14,225.63892998796663,233.37883604377947,229.50590945362208,통계적이상(3sigma),"mean=231.93, sigma=0.75, lower=229.67, upper=234.19"
H2.Z311,U1,2023-07-16,231.74245571674007,237.7399978334784,234.25758014991175,통계적이상(3sigma),"mean=231.93, sigma=0.75, lower=229.67, upper=234.19"
H2.Z311,U1,2023-12-05,226.74781750742648,233.30771744093832,229.41553166364838,통계적이상(3sigma),"mean=231.93, sigma=0.75, lower=229.67, upper=234.19"
H2.Z311,U1,2023-12-06,226.95973158004463,233.1269479729,229.26499266593237,통계적이상(3sigma),"mean=231.93, sigma=0.75, lower=229.67, upper=234.19"
H2.Z311,U2,2022-11-14,225.29639457624685,233.26719344873203,229.25075218511702,통계적이상(3sigma),"mean=231.64, sigma=0.78, lower=229.31, upper=233.98"
H2.Z311,U2,2023-04-12,226.81332974476388,232.273194982262,229.1662391072421,통계적이상(3sigma),"mean=231.64, sigma=0.78, lower=229.31, upper=233.98"
H2.Z311,U2,2023-07-16,231.32574111861916,238.12831242452407,234.22688192015667,통계적이상(3sigma),"mean=231.64, sigma=0.78, lower=229.31, upper=233.98"
H2.Z311,U2,2023-12-05,226.23484058993247,232.8719028215349,228.9343008525855,통계적이상(3sigma),"mean=231.64, sigma=0.78, lower=229.31, upper=233.98"
H2.Z311,U2,2023-12-06,226.2468295904009,232.74696341263908,228.66510643291687,통계적이상(3sigma),"mean=231.64, sigma=0.78, lower=229.31, upper=233.98"
H2.Z311,U3,2022-11-14,225.95649142564827,233.83826912093892,229.9547788731113,통계적이상(3sigma),"mean=232.12, sigma=0.70, lower=230.02, upper=234.22"
H2.Z311,U3,2023-01-07,232.58750156987205,235.33687640157285,234.4283875998767,통계적이상(3sigma),"mean=232.12, sigma=0.70, lower=230.02, upper=234.22"
H2.Z311,U3,2023-04-12,227.7567908166726,232.9180458356175,229.96479973453927,통계적이상(3sigma),"mean=232.12, sigma=0.70, lower=230.02, upper=234.22"
H2.Z311,U3,2023-07-16,231.988267742562,237.62942227154207,234.52087036897478,통계적이상(3sigma),"mean=232.12, sigma=0.70, lower=230.02, upper=234.22"
H2.Z311,U3,2023-12-05,227.00049010098303,233.4527721061769,229.58990218826045,통계적이상(3sigma),"mean=232.12, sigma=0.70, lower=230.02, upper=234.22"
H2.Z311,U3,2023-12-06,227.05819497731423,233.25495411447488,229.34891427505886,통계적이상(3sigma),"mean=232.12, sigma=0.70, lower=230.02, upper=234.22"
H2.Z35,U1,2019-04-21,232.26416666666668,235.53,233.94024305555556,통계적이상(3sigma),"mean=231.60, sigma=0.70, lower=229.50, upper=233.71"
H2.Z64,U1,2020-03-06,0.0,230.6,200.81416666666667,물리적이상(전압범위초과),min_val < 207.0V 또는 max_val > 253.0V (EN 50160 230V±10%)
H2.Z64,U1,2020-03-07,0.0,0.0,0.0,물리적이상(전압범위초과),min_val < 207.0V 또는 max_val > 253.0V (EN 50160 230V±10%)
H2.Z64,U1,2020-03-08,0.0,0.0,0.0,물리적이상(전압범위초과),min_val < 207.0V 또는 max_val > 253.0V (EN 50160 230V±10%)
H2.Z64,U1,2020-03-09,0.0,233.2958333333333,91.40625,물리적이상(전압범위초과),min_val < 207.0V 또는 max_val > 253.0V (EN 50160 230V±10%)
H2.Z64,U2,2020-03-06,0.0,230.3,200.55291666666676,물리적이상(전압범위초과),min_val < 207.0V 또는 max_val > 253.0V (EN 50160 230V±10%)
H2.Z64,U2,2020-03-07,0.0,0.0,0.0,물리적이상(전압범위초과),min_val < 207.0V 또는 max_val > 253.0V (EN 50160 230V±10%)
H2.Z64,U2,2020-03-08,0.0,0.0,0.0,물리적이상(전압범위초과),min_val < 207.0V 또는 max_val > 253.0V (EN 50160 230V±10%)
H2.Z64,U2,2020-03-09,0.0,233.29416666666663,91.35427083333332,물리적이상(전압범위초과),min_val < 207.0V 또는 max_val > 253.0V (EN 50160 230V±10%)
H2.Z64,U3,2020-03-06,0.0,230.6,200.81416666666667,물리적이상(전압범위초과),min_val < 207.0V 또는 max_val > 253.0V (EN 50160 230V±10%)
H2.Z64,U3,2020-03-07,0.0,0.0,0.0,물리적이상(전압범위초과),min_val < 207.0V 또는 max_val > 253.0V (EN 50160 230V±10%)
H2.Z64,U3,2020-03-08,0.0,0.0,0.0,물리적이상(전압범위초과),min_val < 207.0V 또는 max_val > 253.0V (EN 50160 230V±10%)
H2.Z64,U3,2020-03-09,0.0,234.14666666666665,91.69163194444445,물리적이상(전압범위초과),min_val < 207.0V 또는 max_val > 253.0V (EN 50160 230V±10%)
H2.Z65,U1,2022-03-26,231.8675,235.43833333333333,234.15145833333335,통계적이상(3sigma),"mean=231.82, sigma=0.75, lower=229.57, upper=234.07"
H2.Z65,U1,2022-06-04,231.8675,235.41416666666663,234.09065972222223,통계적이상(3sigma),"mean=231.82, sigma=0.75, lower=229.57, upper=234.07"
H2.Z65,U1,2022-10-03,232.855,235.6175,234.20239583333333,통계적이상(3sigma),"mean=231.82, sigma=0.75, lower=229.57, upper=234.07"
H2.Z65,U1,2023-01-07,232.35083333333333,235.10333333333332,234.15093749999997,통계적이상(3sigma),"mean=231.82, sigma=0.75, lower=229.57, upper=234.07"
H2.Z65,U1,2023-07-16,231.8225,237.34,234.23295138888895,통계적이상(3sigma),"mean=231.82, sigma=0.75, lower=229.57, upper=234.07"
H2.Z65,U1,2023-12-05,226.8358333333333,233.39333333333332,229.4494791666666,통계적이상(3sigma),"mean=231.82, sigma=0.75, lower=229.57, upper=234.07"
H2.Z65,U1,2023-12-06,226.7758333333333,233.1675,229.2441666666667,통계적이상(3sigma),"mean=231.82, sigma=0.75, lower=229.57, upper=234.07"
H2.Z65,U2,2022-03-26,231.4925,234.8058333333333,233.63340277777777,통계적이상(3sigma),"mean=231.27, sigma=0.78, lower=228.93, upper=233.61"
H2.Z65,U2,2022-10-03,232.02916666666667,235.16416666666663,233.68781250000004,통계적이상(3sigma),"mean=231.27, sigma=0.78, lower=228.93, upper=233.61"
H2.Z65,U2,2023-07-16,231.22333333333333,237.58083333333332,234.03819444444446,통계적이상(3sigma),"mean=231.27, sigma=0.78, lower=228.93, upper=233.61"
H2.Z65,U2,2023-12-05,225.92,232.5908333333333,228.61940972222226,통계적이상(3sigma),"mean=231.27, sigma=0.78, lower=228.93, upper=233.61"
H2.Z65,U2,2023-12-06,225.65916666666664,232.42666666666668,228.30961805555557,통계적이상(3sigma),"mean=231.27, sigma=0.78, lower=228.93, upper=233.61"
H2.Z65,U3,2022-03-20,232.64166666666668,235.585,234.32375,통계적이상(3sigma),"mean=232.21, sigma=0.68, lower=230.16, upper=234.26"
H2.Z65,U3,2022-03-26,231.89666666666665,235.68416666666664,234.29496527777778,통계적이상(3sigma),"mean=232.21, sigma=0.68, lower=230.16, upper=234.26"
H2.Z65,U3,2022-05-29,232.64166666666668,235.585,234.3029861111111,통계적이상(3sigma),"mean=232.21, sigma=0.68, lower=230.16, upper=234.26"
H2.Z65,U3,2022-10-03,232.885,235.79,234.2851736111111,통계적이상(3sigma),"mean=232.21, sigma=0.68, lower=230.16, upper=234.26"
H2.Z65,U3,2022-11-14,225.9508333333333,234.1133333333333,230.08086805555556,통계적이상(3sigma),"mean=232.21, sigma=0.68, lower=230.16, upper=234.26"
H2.Z65,U3,2023-01-07,232.8141666666667,235.5641666666667,234.62479166666665,통계적이상(3sigma),"mean=232.21, sigma=0.68, lower=230.16, upper=234.26"
H2.Z65,U3,2023-04-12,227.7983333333333,233.08083333333332,230.09361111111113,통계적이상(3sigma),"mean=232.21, sigma=0.68, lower=230.16, upper=234.26"
H2.Z65,U3,2023-07-16,232.26666666666668,237.56166666666667,234.7534375,통계적이상(3sigma),"mean=232.21, sigma=0.68, lower=230.16, upper=234.26"
H2.Z65,U3,2023-12-05,227.1733333333333,233.6383333333333,229.7322916666666,통계적이상(3sigma),"mean=232.21, sigma=0.68, lower=230.16, upper=234.26"
H2.Z65,U3,2023-12-06,227.0375,233.485,229.46715277777776,통계적이상(3sigma),"mean=232.21, sigma=0.68, lower=230.16, upper=234.26"
H2.Z66,U1,2022-03-26,231.89166666666668,235.45916666666665,234.19295138888893,통계적이상(3sigma),"mean=231.86, sigma=0.75, lower=229.61, upper=234.12"
H2.Z66,U1,2022-06-04,231.89166666666668,235.44083333333336,234.1333680555556,통계적이상(3sigma),"mean=231.86, sigma=0.75, lower=229.61, upper=234.12"
H2.Z66,U1,2022-10-03,232.86,235.73416666666665,234.2624652777777,통계적이상(3sigma),"mean=231.86, sigma=0.75, lower=229.61, upper=234.12"
H2.Z66,U1,2023-01-07,232.3983333333333,235.13666666666668,234.21756944444442,통계적이상(3sigma),"mean=231.86, sigma=0.75, lower=229.61, upper=234.12"
H2.Z66,U1,2023-07-16,231.9125,237.395,234.27802083333333,통계적이상(3sigma),"mean=231.86, sigma=0.75, lower=229.61, upper=234.12"
H2.Z66,U1,2023-12-05,226.83666666666667,233.425,229.52138888888888,통계적이상(3sigma),"mean=231.86, sigma=0.75, lower=229.61, upper=234.12"
H2.Z66,U1,2023-12-06,226.83416666666665,233.26583333333332,229.33989583333332,통계적이상(3sigma),"mean=231.86, sigma=0.75, lower=229.61, upper=234.12"
H2.Z66,U2,2022-03-26,231.67666666666668,234.975,233.82038194444442,통계적이상(3sigma),"mean=231.43, sigma=0.78, lower=229.09, upper=233.78"
H2.Z66,U2,2022-10-03,232.225,235.36416666666668,233.85461805555553,통계적이상(3sigma),"mean=231.43, sigma=0.78, lower=229.09, upper=233.78"
H2.Z66,U2,2023-07-16,231.4333333333333,237.74416666666667,234.20065972222213,통계적이상(3sigma),"mean=231.43, sigma=0.78, lower=229.09, upper=233.78"
H2.Z66,U2,2023-12-05,226.02166666666665,232.74916666666667,228.79076388888882,통계적이상(3sigma),"mean=231.43, sigma=0.78, lower=229.09, upper=233.78"
H2.Z66,U2,2023-12-06,225.8408333333333,232.63916666666668,228.50854166666667,통계적이상(3sigma),"mean=231.43, sigma=0.78, lower=229.09, upper=233.78"
H2.Z66,U3,2022-03-20,232.64166666666668,235.5608333333333,234.31368055555552,통계적이상(3sigma),"mean=232.20, sigma=0.68, lower=230.15, upper=234.25"
H2.Z66,U3,2022-03-26,231.9025,235.62,234.28194444444443,통계적이상(3sigma),"mean=232.20, sigma=0.68, lower=230.15, upper=234.25"
H2.Z66,U3,2022-05-29,232.64166666666668,235.5608333333333,234.2948611111111,통계적이상(3sigma),"mean=232.20, sigma=0.68, lower=230.15, upper=234.25"
H2.Z66,U3,2022-10-03,232.83,235.82,234.28208333333336,통계적이상(3sigma),"mean=232.20, sigma=0.68, lower=230.15, upper=234.25"
H2.Z66,U3,2022-11-14,225.97916666666663,234.1125,230.0992013888889,통계적이상(3sigma),"mean=232.20, sigma=0.68, lower=230.15, upper=234.25"
H2.Z66,U3,2023-01-07,232.8058333333333,235.5475,234.63489583333327,통계적이상(3sigma),"mean=232.20, sigma=0.68, lower=230.15, upper=234.25"
H2.Z66,U3,2023-04-12,227.84416666666667,233.15166666666667,230.1039236111111,통계적이상(3sigma),"mean=232.20, sigma=0.68, lower=230.15, upper=234.25"
H2.Z66,U3,2023-07-16,232.32666666666668,237.57833333333332,234.74850694444444,통계적이상(3sigma),"mean=232.20, sigma=0.68, lower=230.15, upper=234.25"
H2.Z66,U3,2023-12-05,227.1733333333333,233.6925,229.7722569444444,통계적이상(3sigma),"mean=232.20, sigma=0.68, lower=230.15, upper=234.25"
H2.Z66,U3,2023-12-06,227.0775,233.51833333333332,229.51475694444446,통계적이상(3sigma),"mean=232.20, sigma=0.68, lower=230.15, upper=234.25"
H2.Z67,U1,2022-03-26,231.9741666666667,235.5508333333333,234.2819444444444,통계적이상(3sigma),"mean=231.96, sigma=0.75, lower=229.71, upper=234.20"
H2.Z67,U1,2022-06-04,231.9741666666667,235.5258333333333,234.22142361111105,통계적이상(3sigma),"mean=231.96, sigma=0.75, lower=229.71, upper=234.20"
H2.Z67,U1,2022-10-03,232.95,235.84666666666664,234.34374999999991,통계적이상(3sigma),"mean=231.96, sigma=0.75, lower=229.71, upper=234.20"
H2.Z67,U1,2022-11-14,225.725,233.6,229.7120486111111,통계적이상(3sigma),"mean=231.96, sigma=0.75, lower=229.71, upper=234.20"
H2.Z67,U1,2023-01-07,232.4325,235.1725,234.2855208333333,통계적이상(3sigma),"mean=231.96, sigma=0.75, lower=229.71, upper=234.20"
H2.Z67,U1,2023-07-16,232.03416666666664,237.465,234.37631944444448,통계적이상(3sigma),"mean=231.96, sigma=0.75, lower=229.71, upper=234.20"
H2.Z67,U1,2023-12-05,226.9475,233.48083333333332,229.58701388888883,통계적이상(3sigma),"mean=231.96, sigma=0.75, lower=229.71, upper=234.20"
H2.Z67,U1,2023-12-06,226.935,233.30916666666664,229.39934027777778,통계적이상(3sigma),"mean=231.96, sigma=0.75, lower=229.71, upper=234.20"
H2.Z67,U2,2022-03-26,231.45833333333331,234.7458333333333,233.59631944444448,통계적이상(3sigma),"mean=231.23, sigma=0.78, lower=228.90, upper=233.56"
H2.Z67,U2,2022-10-03,232.0075,235.19916666666668,233.64711805555558,통계적이상(3sigma),"mean=231.23, sigma=0.78, lower=228.90, upper=233.56"
H2.Z67,U2,2023-07-16,231.2475,237.53416666666664,234.0075347222223,통계적이상(3sigma),"mean=231.23, sigma=0.78, lower=228.90, upper=233.56"
H2.Z67,U2,2023-12-05,225.86916666666667,232.55,228.58104166666666,통계적이상(3sigma),"mean=231.23, sigma=0.78, lower=228.90, upper=233.56"
H2.Z67,U2,2023-12-06,225.6925,232.40833333333333,228.28916666666666,통계적이상(3sigma),"mean=231.23, sigma=0.78, lower=228.90, upper=233.56"
H2.Z67,U3,2022-03-20,232.71,235.6875,234.41284722222224,통계적이상(3sigma),"mean=232.32, sigma=0.68, lower=230.28, upper=234.36"
H2.Z67,U3,2022-03-26,231.985,235.74916666666667,234.3842361111111,통계적이상(3sigma),"mean=232.32, sigma=0.68, lower=230.28, upper=234.36"
H2.Z67,U3,2022-05-29,232.71,235.6875,234.39295138888886,통계적이상(3sigma),"mean=232.32, sigma=0.68, lower=230.28, upper=234.36"
H2.Z67,U3,2022-10-03,232.95416666666668,235.98,234.3967361111111,통계적이상(3sigma),"mean=232.32, sigma=0.68, lower=230.28, upper=234.36"
H2.Z67,U3,2022-11-14,226.11416666666668,234.1833333333333,230.18118055555553,통계적이상(3sigma),"mean=232.32, sigma=0.68, lower=230.28, upper=234.36"
H2.Z67,U3,2023-01-07,232.8875,235.62,234.7336458333333,통계적이상(3sigma),"mean=232.32, sigma=0.68, lower=230.28, upper=234.36"
H2.Z67,U3,2023-04-12,227.905,233.11416666666668,230.18715277777787,통계적이상(3sigma),"mean=232.32, sigma=0.68, lower=230.28, upper=234.36"
H2.Z67,U3,2023-07-16,232.44583333333333,237.6875,234.86989583333332,통계적이상(3sigma),"mean=232.32, sigma=0.68, lower=230.28, upper=234.36"
H2.Z67,U3,2023-12-05,227.2958333333333,233.77416666666667,229.85680555555552,통계적이상(3sigma),"mean=232.32, sigma=0.68, lower=230.28, upper=234.36"
H2.Z67,U3,2023-12-06,227.20666666666665,233.61416666666668,229.59781249999995,통계적이상(3sigma),"mean=232.32, sigma=0.68, lower=230.28, upper=234.36"
H2.Z68,U1,2022-03-26,232.0225,235.56833333333333,234.31104166666668,통계적이상(3sigma),"mean=231.95, sigma=0.76, lower=229.69, upper=234.22"
H2.Z68,U1,2022-06-04,232.0225,235.5533333333333,234.24968750000002,통계적이상(3sigma),"mean=231.95, sigma=0.76, lower=229.69, upper=234.22"
H2.Z68,U1,2022-10-03,233.00583333333333,235.88416666666663,234.37052083333325,통계적이상(3sigma),"mean=231.95, sigma=0.76, lower=229.69, upper=234.22"
H2.Z68,U1,2023-01-07,232.45416666666668,235.2483333333333,234.3160069444444,통계적이상(3sigma),"mean=231.95, sigma=0.76, lower=229.69, upper=234.22"
H2.Z68,U1,2023-07-16,232.02916666666667,237.52666666666667,234.39069444444445,통계적이상(3sigma),"mean=231.95, sigma=0.76, lower=229.69, upper=234.22"
H2.Z68,U1,2023-12-05,226.99416666666667,233.5375,229.6227430555556,통계적이상(3sigma),"mean=231.95, sigma=0.76, lower=229.69, upper=234.22"
H2.Z68,U1,2023-12-06,227.065,233.39583333333331,229.42954861111113,통계적이상(3sigma),"mean=231.95, sigma=0.76, lower=229.69, upper=234.22"
H2.Z68,U2,2022-03-26,231.73916666666668,235.05,233.90166666666667,통계적이상(3sigma),"mean=231.53, sigma=0.78, lower=229.18, upper=233.88"
H2.Z68,U2,2022-10-03,232.325,235.51583333333332,233.96795138888885,통계적이상(3sigma),"mean=231.53, sigma=0.78, lower=229.18, upper=233.88"
H2.Z68,U2,2023-07-16,231.55916666666664,237.85916666666665,234.3149652777778,통계적이상(3sigma),"mean=231.53, sigma=0.78, lower=229.18, upper=233.88"
H2.Z68,U2,2023-12-05,226.17416666666668,232.8175,228.87767361111113,통계적이상(3sigma),"mean=231.53, sigma=0.78, lower=229.18, upper=233.88"
H2.Z68,U2,2023-12-06,226.06583333333336,232.74666666666664,228.59048611111112,통계적이상(3sigma),"mean=231.53, sigma=0.78, lower=229.18, upper=233.88"
H2.Z68,U3,2022-03-20,232.64666666666665,235.6083333333333,234.34635416666666,통계적이상(3sigma),"mean=232.25, sigma=0.68, lower=230.20, upper=234.30"
H2.Z68,U3,2022-03-26,231.9258333333333,235.64583333333331,234.32180555555556,통계적이상(3sigma),"mean=232.25, sigma=0.68, lower=230.20, upper=234.30"
H2.Z68,U3,2022-05-29,232.64666666666665,235.6083333333333,234.32631944444447,통계적이상(3sigma),"mean=232.25, sigma=0.68, lower=230.20, upper=234.30"
H2.Z68,U3,2022-10-03,232.93416666666664,235.895,234.33170138888886,통계적이상(3sigma),"mean=232.25, sigma=0.68, lower=230.20, upper=234.30"
H2.Z68,U3,2022-11-14,225.96666666666667,234.0475,230.10135416666665,통계적이상(3sigma),"mean=232.25, sigma=0.68, lower=230.20, upper=234.30"
H2.Z68,U3,2023-01-07,232.82,235.585,234.66906249999997,통계적이상(3sigma),"mean=232.25, sigma=0.68, lower=230.20, upper=234.30"
H2.Z68,U3,2023-04-12,227.8491666666667,232.94083333333336,230.12072916666662,통계적이상(3sigma),"mean=232.25, sigma=0.68, lower=230.20, upper=234.30"
H2.Z68,U3,2023-07-16,232.38416666666663,237.6375,234.79871527777775,통계적이상(3sigma),"mean=232.25, sigma=0.68, lower=230.20, upper=234.30"
H2.Z68,U3,2023-12-05,227.2433333333333,233.725,229.78402777777777,통계적이상(3sigma),"mean=232.25, sigma=0.68, lower=230.20, upper=234.30"
H2.Z68,U3,2023-12-06,227.21,233.58083333333332,229.5389583333333,통계적이상(3sigma),"mean=232.25, sigma=0.68, lower=230.20, upper=234.30"
H2.Z69,U1,2022-03-26,231.955,235.51083333333327,234.25409722222216,통계적이상(3sigma),"mean=231.91, sigma=0.75, lower=229.65, upper=234.18"
H2.Z69,U1,2022-06-04,231.955,235.51083333333327,234.19343749999996,통계적이상(3sigma),"mean=231.91, sigma=0.75, lower=229.65, upper=234.18"
H2.Z69,U1,2022-10-03,232.99666666666664,235.83166666666665,234.32444444444442,통계적이상(3sigma),"mean=231.91, sigma=0.75, lower=229.65, upper=234.18"
H2.Z69,U1,2023-01-07,232.41333333333333,235.19666666666663,234.265,통계적이상(3sigma),"mean=231.91, sigma=0.75, lower=229.65, upper=234.18"
H2.Z69,U1,2023-07-16,231.9875,237.4525,234.3500347222222,통계적이상(3sigma),"mean=231.91, sigma=0.75, lower=229.65, upper=234.18"
H2.Z69,U1,2023-12-05,226.92666666666668,233.4908333333333,229.5690625,통계적이상(3sigma),"mean=231.91, sigma=0.75, lower=229.65, upper=234.18"
H2.Z69,U1,2023-12-06,227.01083333333327,233.3,229.38538194444445,통계적이상(3sigma),"mean=231.91, sigma=0.75, lower=229.65, upper=234.18"
H2.Z69,U2,2022-03-26,231.7675,235.0458333333333,233.8990625,통계적이상(3sigma),"mean=231.53, sigma=0.79, lower=229.17, upper=233.88"
H2.Z69,U2,2022-10-03,232.29,235.48083333333332,233.94635416666662,통계적이상(3sigma),"mean=231.53, sigma=0.79, lower=229.17, upper=233.88"
H2.Z69,U2,2023-07-16,231.58166666666665,237.8733333333333,234.3319097222222,통계적이상(3sigma),"mean=231.53, sigma=0.79, lower=229.17, upper=233.88"
H2.Z69,U2,2023-12-05,226.16,232.87166666666664,228.86031249999996,통계적이상(3sigma),"mean=231.53, sigma=0.79, lower=229.17, upper=233.88"
H2.Z69,U2,2023-12-06,226.08166666666665,232.715,228.58291666666665,통계적이상(3sigma),"mean=231.53, sigma=0.79, lower=229.17, upper=233.88"
H2.Z69,U3,2022-03-20,232.6275,235.5875,234.31270833333335,통계적이상(3sigma),"mean=232.19, sigma=0.68, lower=230.14, upper=234.25"
H2.Z69,U3,2022-03-26,231.89416666666665,235.635,234.28368055555555,통계적이상(3sigma),"mean=232.19, sigma=0.68, lower=230.14, upper=234.25"
H2.Z69,U3,2022-05-29,232.6275,235.5875,234.29246527777778,통계적이상(3sigma),"mean=232.19, sigma=0.68, lower=230.14, upper=234.25"
H2.Z69,U3,2022-10-03,232.90583333333333,235.86416666666668,234.30055555555555,통계적이상(3sigma),"mean=232.19, sigma=0.68, lower=230.14, upper=234.25"
H2.Z69,U3,2022-11-14,225.96916666666667,234.01666666666668,230.0692361111111,통계적이상(3sigma),"mean=232.19, sigma=0.68, lower=230.14, upper=234.25"
H2.Z69,U3,2023-01-07,232.79416666666663,235.57166666666663,234.6313888888889,통계적이상(3sigma),"mean=232.19, sigma=0.68, lower=230.14, upper=234.25"
H2.Z69,U3,2023-04-12,227.84833333333333,232.93416666666664,230.0944444444444,통계적이상(3sigma),"mean=232.19, sigma=0.68, lower=230.14, upper=234.25"
H2.Z69,U3,2023-07-16,232.3175,237.54416666666663,234.7564236111111,통계적이상(3sigma),"mean=232.19, sigma=0.68, lower=230.14, upper=234.25"
H2.Z69,U3,2023-12-05,227.1808333333333,233.68416666666664,229.74572916666662,통계적이상(3sigma),"mean=232.19, sigma=0.68, lower=230.14, upper=234.25"
H2.Z69,U3,2023-12-06,227.19333333333333,233.52416666666667,229.51201388888887,통계적이상(3sigma),"mean=232.19, sigma=0.68, lower=230.14, upper=234.25"
H2.Z70,U1,2022-03-26,231.8708333333333,235.41416666666663,234.16201388888888,통계적이상(3sigma),"mean=231.83, sigma=0.75, lower=229.57, upper=234.08"
H2.Z70,U1,2022-06-04,231.8708333333333,235.41416666666663,234.10194444444446,통계적이상(3sigma),"mean=231.83, sigma=0.75, lower=229.57, upper=234.08"
H2.Z70,U1,2022-10-03,232.87166666666664,235.6833333333333,234.19604166666667,통계적이상(3sigma),"mean=231.83, sigma=0.75, lower=229.57, upper=234.08"
H2.Z70,U1,2023-01-07,232.3025,235.0608333333333,234.16604166666664,통계적이상(3sigma),"mean=231.83, sigma=0.75, lower=229.57, upper=234.08"
H2.Z70,U1,2023-07-16,231.88666666666668,237.33,234.24038194444438,통계적이상(3sigma),"mean=231.83, sigma=0.75, lower=229.57, upper=234.08"
H2.Z70,U1,2023-12-05,226.83333333333331,233.39083333333332,229.47538194444442,통계적이상(3sigma),"mean=231.83, sigma=0.75, lower=229.57, upper=234.08"
H2.Z70,U1,2023-12-06,226.93166666666667,233.2675,229.28802083333335,통계적이상(3sigma),"mean=231.83, sigma=0.75, lower=229.57, upper=234.08"
H2.Z70,U2,2022-03-26,231.63166666666663,234.88916666666668,233.75868055555546,통계적이상(3sigma),"mean=231.39, sigma=0.78, lower=229.04, upper=233.73"
H2.Z70,U2,2022-10-03,232.1133333333333,235.29333333333332,233.7915277777778,통계적이상(3sigma),"mean=231.39, sigma=0.78, lower=229.04, upper=233.73"
H2.Z70,U2,2023-07-16,231.38916666666668,237.675,234.14295138888883,통계적이상(3sigma),"mean=231.39, sigma=0.78, lower=229.04, upper=233.73"
H2.Z70,U2,2023-12-05,226.03166666666667,232.685,228.73600694444448,통계적이상(3sigma),"mean=231.39, sigma=0.78, lower=229.04, upper=233.73"
H2.Z70,U2,2023-12-06,225.97083333333333,232.61166666666668,228.4453819444444,통계적이상(3sigma),"mean=231.39, sigma=0.78, lower=229.04, upper=233.73"
H2.Z70,U3,2022-03-20,232.6183333333333,235.5608333333333,234.30798611111115,통계적이상(3sigma),"mean=232.21, sigma=0.68, lower=230.16, upper=234.26"
H2.Z70,U3,2022-03-26,231.88583333333327,235.62416666666667,234.2907638888889,통계적이상(3sigma),"mean=232.21, sigma=0.68, lower=230.16, upper=234.26"
H2.Z70,U3,2022-05-29,232.6183333333333,235.5608333333333,234.2891666666667,통계적이상(3sigma),"mean=232.21, sigma=0.68, lower=230.16, upper=234.26"
H2.Z70,U3,2022-10-03,232.83416666666665,235.83,234.26826388888887,통계적이상(3sigma),"mean=232.21, sigma=0.68, lower=230.16, upper=234.26"
H2.Z70,U3,2022-11-14,226.04,234.0525,230.07326388888887,통계적이상(3sigma),"mean=232.21, sigma=0.68, lower=230.16, upper=234.26"
H2.Z70,U3,2023-01-07,232.76583333333332,235.53416666666664,234.63430555555556,통계적이상(3sigma),"mean=232.21, sigma=0.68, lower=230.16, upper=234.26"
H2.Z70,U3,2023-04-12,227.8708333333333,233.0325,230.11493055555556,통계적이상(3sigma),"mean=232.21, sigma=0.68, lower=230.16, upper=234.26"
H2.Z70,U3,2023-07-16,232.3383333333333,237.5366666666667,234.74371527777774,통계적이상(3sigma),"mean=232.21, sigma=0.68, lower=230.16, upper=234.26"
H2.Z70,U3,2023-12-05,227.185,233.65166666666667,229.7627430555555,통계적이상(3sigma),"mean=232.21, sigma=0.68, lower=230.16, upper=234.26"
H2.Z70,U3,2023-12-06,227.15666666666667,233.5675,229.5082986111111,통계적이상(3sigma),"mean=232.21, sigma=0.68, lower=230.16, upper=234.26"
H2.ZE64,U1,2022-11-14,225.33193227809684,233.1308157410285,229.3571513142626,통계적이상(3sigma),"mean=231.88, sigma=0.73, lower=229.68, upper=234.07"
H2.ZE64,U1,2023-04-12,227.3319487652469,232.5437023441856,229.60132718251575,통계적이상(3sigma),"mean=231.88, sigma=0.73, lower=229.68, upper=234.07"
H2.ZE64,U1,2023-12-05,226.6420779942146,233.14023779253623,229.28109013249863,통계적이상(3sigma),"mean=231.88, sigma=0.73, lower=229.68, upper=234.07"
H2.ZE64,U1,2023-12-06,226.72466845585103,233.04202524148823,229.0759949531956,통계적이상(3sigma),"mean=231.88, sigma=0.73, lower=229.68, upper=234.07"
H2.ZE64,U2,2022-11-14,224.9055388976161,232.86571403654807,228.9745285006588,통계적이상(3sigma),"mean=231.47, sigma=0.79, lower=229.11, upper=233.84"
H2.ZE64,U2,2023-04-12,226.59754797766152,231.97879541009715,228.95123310634082,통계적이상(3sigma),"mean=231.47, sigma=0.79, lower=229.11, upper=233.84"
H2.ZE64,U2,2023-07-16,231.108121153637,237.38664963324436,233.85562295023217,통계적이상(3sigma),"mean=231.47, sigma=0.79, lower=229.11, upper=233.84"
H2.ZE64,U2,2023-12-05,225.8759764388142,232.50706593463548,228.58218945231408,통계적이상(3sigma),"mean=231.47, sigma=0.79, lower=229.11, upper=233.84"
H2.ZE64,U2,2023-12-06,225.7547938728325,232.4320856883718,228.2580338840481,통계적이상(3sigma),"mean=231.47, sigma=0.79, lower=229.11, upper=233.84"
H2.ZE64,U3,2022-11-14,225.77439584011296,233.70915116589455,229.88918857487286,통계적이상(3sigma),"mean=232.18, sigma=0.70, lower=230.07, upper=234.29"
H2.ZE64,U3,2023-01-07,232.61099960327155,235.34390965984252,234.4387025765141,통계적이상(3sigma),"mean=232.18, sigma=0.70, lower=230.07, upper=234.29"
H2.ZE64,U3,2023-04-12,227.69630771550396,232.83356770831435,229.9279831679304,통계적이상(3sigma),"mean=232.18, sigma=0.70, lower=230.07, upper=234.29"
H2.ZE64,U3,2023-07-16,232.0281231481221,237.2462099993564,234.44135827387572,통계적이상(3sigma),"mean=232.18, sigma=0.70, lower=230.07, upper=234.29"
H2.ZE64,U3,2023-12-05,227.03030985570223,233.46395043762973,229.59522109359764,통계적이상(3sigma),"mean=232.18, sigma=0.70, lower=230.07, upper=234.29"
H2.ZE64,U3,2023-12-06,227.0311234359137,233.35697184994885,229.3272797398117,통계적이상(3sigma),"mean=232.18, sigma=0.70, lower=230.07, upper=234.29"
H2.ZE65,U1,2022-11-14,225.32695462555927,233.1257372321024,229.28769282008662,통계적이상(3sigma),"mean=231.81, sigma=0.72, lower=229.64, upper=233.98"
H2.ZE65,U1,2023-04-12,227.27456358329076,232.5336275060584,229.54759277439481,통계적이상(3sigma),"mean=231.81, sigma=0.72, lower=229.64, upper=233.98"
H2.ZE65,U1,2023-12-05,226.60736765748936,233.119157074857,229.24508957653578,통계적이상(3sigma),"mean=231.81, sigma=0.72, lower=229.64, upper=233.98"
H2.ZE65,U1,2023-12-06,226.70296845025896,232.9736908735296,229.055158094136,통계적이상(3sigma),"mean=231.81, sigma=0.72, lower=229.64, upper=233.98"
H2.ZE65,U2,2022-11-14,224.88650377012087,232.8490717557873,228.9091252634602,통계적이상(3sigma),"mean=231.42, sigma=0.78, lower=229.08, upper=233.76"
H2.ZE65,U2,2023-04-12,226.5407221106981,231.96948265332165,228.89938447108122,통계적이상(3sigma),"mean=231.42, sigma=0.78, lower=229.08, upper=233.76"
H2.ZE65,U2,2023-07-16,231.05407110727964,237.3051306050851,233.7834802560394,통계적이상(3sigma),"mean=231.42, sigma=0.78, lower=229.08, upper=233.76"
H2.ZE65,U2,2023-12-05,225.84050587398045,232.48089114105855,228.54601007711702,통계적이상(3sigma),"mean=231.42, sigma=0.78, lower=229.08, upper=233.76"
H2.ZE65,U2,2023-12-06,225.7281669084064,232.36459544268396,228.23670045965892,통계적이상(3sigma),"mean=231.42, sigma=0.78, lower=229.08, upper=233.76"
H2.ZE65,U3,2022-11-14,225.80154736592297,233.72824022073613,229.84752671212763,통계적이상(3sigma),"mean=232.14, sigma=0.69, lower=230.06, upper=234.22"
H2.ZE65,U3,2023-01-07,232.56833703419517,235.30466379643505,234.39867080441297,통계적이상(3sigma),"mean=232.14, sigma=0.69, lower=230.06, upper=234.22"
H2.ZE65,U3,2023-04-12,227.6673431362273,232.8539517761184,229.9038216916515,통계적이상(3sigma),"mean=232.14, sigma=0.69, lower=230.06, upper=234.22"
H2.ZE65,U3,2023-07-16,231.99567262590503,237.19970441214565,234.3968123514986,통계적이상(3sigma),"mean=232.14, sigma=0.69, lower=230.06, upper=234.22"
H2.ZE65,U3,2023-12-05,227.0202136667475,233.4679123924793,229.5903585344246,통계적이상(3sigma),"mean=232.14, sigma=0.69, lower=230.06, upper=234.22"
H2.ZE65,U3,2023-12-06,227.0368714815814,233.32035030781935,229.33644098292325,통계적이상(3sigma),"mean=232.14, sigma=0.69, lower=230.06, upper=234.22"
H2.ZE66,U1,2022-11-14,225.31964880141012,233.1308623567762,229.31909621075238,통계적이상(3sigma),"mean=231.85, sigma=0.73, lower=229.65, upper=234.04"
H2.ZE66,U1,2023-04-12,227.30291728973407,232.58609558105488,229.5847940081533,통계적이상(3sigma),"mean=231.85, sigma=0.73, lower=229.65, upper=234.04"
H2.ZE66,U1,2023-12-05,226.61529910549055,233.1392663582616,229.26267220331496,통계적이상(3sigma),"mean=231.85, sigma=0.73, lower=229.65, upper=234.04"
H2.ZE66,U1,2023-12-06,226.69197233675536,232.9969168513509,229.06712214276877,통계적이상(3sigma),"mean=231.85, sigma=0.73, lower=229.65, upper=234.04"
H2.ZE66,U2,2022-11-14,224.91561739737213,232.86546898831563,228.94833684517985,통계적이상(3sigma),"mean=231.46, sigma=0.79, lower=229.09, upper=233.82"
H2.ZE66,U2,2023-04-12,226.5775317012694,232.03182840983095,228.94336514713405,통계적이상(3sigma),"mean=231.46, sigma=0.79, lower=229.09, upper=233.82"
H2.ZE66,U2,2023-07-16,231.1013867625726,237.35270786724337,233.83040267178987,통계적이상(3sigma),"mean=231.46, sigma=0.79, lower=229.09, upper=233.82"
H2.ZE66,U2,2023-12-05,225.85682349827013,232.50873300037577,228.57183643925057,통계적이상(3sigma),"mean=231.46, sigma=0.79, lower=229.09, upper=233.82"
H2.ZE66,U2,2023-12-06,225.72811213389667,232.3955946912941,228.25604084991605,통계적이상(3sigma),"mean=231.46, sigma=0.79, lower=229.09, upper=233.82"
H2.ZE66,U3,2022-11-14,225.75499853816265,233.70109903521632,229.8450217681266,통계적이상(3sigma),"mean=232.14, sigma=0.70, lower=230.04, upper=234.25"
H2.ZE66,U3,2023-01-07,232.56031321648035,235.30878310496905,234.39913031900122,통계적이상(3sigma),"mean=232.14, sigma=0.70, lower=230.04, upper=234.25"
H2.ZE66,U3,2023-04-12,227.6650267115092,232.87275431315055,229.90489152590646,통계적이상(3sigma),"mean=232.14, sigma=0.70, lower=230.04, upper=234.25"
H2.ZE66,U3,2023-07-16,231.99723274614172,237.19305812675745,234.39576125490274,통계적이상(3sigma),"mean=232.14, sigma=0.70, lower=230.04, upper=234.25"
H2.ZE66,U3,2023-12-05,226.99437392435595,233.45229440776072,229.57374360303368,통계적이상(3sigma),"mean=232.14, sigma=0.70, lower=230.04, upper=234.25"
H2.ZE66,U3,2023-12-06,226.99057998776223,233.3115207704852,229.31318019705137,통계적이상(3sigma),"mean=232.14, sigma=0.70, lower=230.04, upper=234.25"
H2.ZE67,U1,2022-11-14,225.3549879032693,233.24668342131235,229.34788735715395,통계적이상(3sigma),"mean=231.84, sigma=0.73, lower=229.64, upper=234.04"
H2.ZE67,U1,2023-04-12,227.2938257125608,232.52297398693,229.5706384393624,통계적이상(3sigma),"mean=231.84, sigma=0.73, lower=229.64, upper=234.04"
H2.ZE67,U1,2023-12-05,226.5920720350271,233.1212302788237,229.2388247606343,통계적이상(3sigma),"mean=231.84, sigma=0.73, lower=229.64, upper=234.04"
H2.ZE67,U1,2023-12-06,226.80911867573332,232.9326282216024,229.05690806565067,통계적이상(3sigma),"mean=231.84, sigma=0.73, lower=229.64, upper=234.04"
H2.ZE67,U2,2022-11-14,224.90665375542932,232.93311784732757,228.93204791971968,통계적이상(3sigma),"mean=231.40, sigma=0.79, lower=229.03, upper=233.77"
H2.ZE67,U2,2023-04-12,226.5218771674697,231.9161810397888,228.88550728762038,통계적이상(3sigma),"mean=231.40, sigma=0.79, lower=229.03, upper=233.77"
H2.ZE67,U2,2023-12-05,225.7884758823144,232.44358244537185,228.50652794189116,통계적이상(3sigma),"mean=231.40, sigma=0.79, lower=229.03, upper=233.77"
H2.ZE67,U2,2023-12-06,225.84852818432915,232.28031378694888,228.2065551138882,통계적이상(3sigma),"mean=231.40, sigma=0.79, lower=229.03, upper=233.77"
H2.ZE67,U3,2022-11-14,225.76206970891607,233.78400662122465,229.84338026876938,통계적이상(3sigma),"mean=232.10, sigma=0.70, lower=230.00, upper=234.21"
H2.ZE67,U3,2023-01-07,232.53158578395823,235.2616244888572,234.36512853382575,통계적이상(3sigma),"mean=232.10, sigma=0.70, lower=230.00, upper=234.21"
H2.ZE67,U3,2023-04-12,227.61701130609416,232.7773053441952,229.8612453854612,통계적이상(3sigma),"mean=232.10, sigma=0.70, lower=230.00, upper=234.21"
H2.ZE67,U3,2023-07-16,231.90542164336577,237.14905825914963,234.34164766271627,통계적이상(3sigma),"mean=232.10, sigma=0.70, lower=230.00, upper=234.21"
H2.ZE67,U3,2023-12-05,226.93181182822835,233.39978004047856,229.51985725867948,통계적이상(3sigma),"mean=232.10, sigma=0.70, lower=230.00, upper=234.21"
H2.ZE67,U3,2023-12-06,227.0824175245457,233.2104755273064,229.27503309711372,통계적이상(3sigma),"mean=232.10, sigma=0.70, lower=230.00, upper=234.21"
H2.ZE74,U1,2022-03-18,204.1324398803704,206.08068537394223,204.90893531936794,물리적이상(전압범위초과),min_val < 207.0V 또는 max_val > 253.0V (EN 50160 230V±10%)
H2.ZE74,U1,2022-03-19,204.18033315716409,206.95889179936088,205.1718881846293,물리적이상(전압범위초과),min_val < 207.0V 또는 max_val > 253.0V (EN 50160 230V±10%)
H2.ZE74,U1,2022-03-20,204.341438632542,207.01924866570323,205.9323920254985,물리적이상(전압범위초과),min_val < 207.0V 또는 max_val > 253.0V (EN 50160 230V±10%)
H2.ZE74,U1,2022-03-21,202.20050461663092,205.8201693216956,204.37766229311615,물리적이상(전압범위초과),min_val < 207.0V 또는 max_val > 253.0V (EN 50160 230V±10%)
H2.ZE74,U1,2022-03-22,201.8067527008056,206.5610228983564,204.42148778842906,물리적이상(전압범위초과),min_val < 207.0V 또는 max_val > 253.0V (EN 50160 230V±10%)
H2.ZE74,U1,2022-03-23,201.706761983236,206.11652510748985,204.24495948827965,물리적이상(전압범위초과),min_val < 207.0V 또는 max_val > 253.0V (EN 50160 230V±10%)
H2.ZE74,U1,2022-03-24,202.7677988518601,206.8661424865174,204.99783122180293,물리적이상(전압범위초과),min_val < 207.0V 또는 max_val > 253.0V (EN 50160 230V±10%)
H2.ZE74,U1,2022-03-25,202.80975021362292,206.02369205898705,204.54470833436346,물리적이상(전압범위초과),min_val < 207.0V 또는 max_val > 253.0V (EN 50160 230V±10%)
H2.ZE74,U1,2022-03-26,204.1553278134801,207.16644607543927,206.0718952118069,물리적이상(전압범위초과),min_val < 207.0V 또는 max_val > 253.0V (EN 50160 230V±10%)
H2.ZE74,U1,2022-03-27,202.68421668158672,207.38087843853535,205.05919224682,물리적이상(전압범위초과),min_val < 207.0V 또는 max_val > 253.0V (EN 50160 230V±10%)
H2.ZE74,U1,2022-03-28,201.80259450276628,205.6782043117946,203.961273536967,물리적이상(전압범위초과),min_val < 207.0V 또는 max_val > 253.0V (EN 50160 230V±10%)
H2.ZE74,U1,2022-03-29,201.06842927258452,206.72677962621117,203.7816432197519,물리적이상(전압범위초과),min_val < 207.0V 또는 max_val > 253.0V (EN 50160 230V±10%)
H2.ZE74,U1,2022-03-30,201.17558822631813,206.2360509999596,203.52563078839205,물리적이상(전압범위초과),min_val < 207.0V 또는 max_val > 253.0V (EN 50160 230V±10%)
H2.ZE74,U1,2022-03-31,201.69821762932696,206.29053558349608,203.78683297212936,물리적이상(전압범위초과),min_val < 207.0V 또는 max_val > 253.0V (EN 50160 230V±10%)
H2.ZE74,U1,2022-04-01,202.00808715820307,206.00068216959644,204.38159493530577,물리적이상(전압범위초과),min_val < 207.0V 또는 max_val > 253.0V (EN 50160 230V±10%)
H2.ZE74,U1,2022-04-02,202.93696131388373,206.92228068033896,204.46287585264028,물리적이상(전압범위초과),min_val < 207.0V 또는 max_val > 253.0V (EN 50160 230V±10%)
H2.ZE74,U1,2022-04-03,202.50116956922744,207.25335325453028,204.80377654750905,물리적이상(전압범위초과),min_val < 207.0V 또는 max_val > 253.0V (EN 50160 230V±10%)
H2.ZE74,U1,2022-04-04,202.6566904534241,205.89791803148037,204.07658754491183,물리적이상(전압범위초과),min_val < 207.0V 또는 max_val > 253.0V (EN 50160 230V±10%)
H2.ZE74,U1,2022-04-05,201.51001697964136,206.22571224636545,203.3833481389504,물리적이상(전압범위초과),min_val < 207.0V 또는 max_val > 253.0V (EN 50160 230V±10%)
H2.ZE74,U1,2022-04-06,201.56646152072545,205.9735812038851,203.27054503023078,물리적이상(전압범위초과),min_val < 207.0V 또는 max_val > 253.0V (EN 50160 230V±10%)
H2.ZE74,U1,2022-04-07,201.60092035929355,205.84107170952677,203.48307812928684,물리적이상(전압범위초과),min_val < 207.0V 또는 max_val > 253.0V (EN 50160 230V±10%)
H2.ZE74,U1,2022-04-08,202.12907772488043,231.9273412068682,217.7988042832006,물리적이상(전압범위초과),min_val < 207.0V 또는 max_val > 253.0V (EN 50160 230V±10%)
H2.ZE74,U2,2022-03-18,77.19041180928545,78.00107681274413,77.54086542765404,물리적이상(전압범위초과),min_val < 207.0V 또는 max_val > 253.0V (EN 50160 230V±10%)
H2.ZE74,U2,2022-03-19,77.28889969796843,78.29018173217773,77.62173102305717,물리적이상(전압범위초과),min_val < 207.0V 또는 max_val > 253.0V (EN 50160 230V±10%)
H2.ZE74,U2,2022-03-20,77.42926946851941,78.35904769897452,77.94549737544286,물리적이상(전압범위초과),min_val < 207.0V 또는 max_val > 253.0V (EN 50160 230V±10%)
H2.ZE74,U2,2022-03-21,76.52522136264379,77.83223283131919,77.33420137228791,물리적이상(전압범위초과),min_val < 207.0V 또는 max_val > 253.0V (EN 50160 230V±10%)
H2.ZE74,U2,2022-03-22,76.31882137722441,78.14601175944014,77.29415332459564,물리적이상(전압범위초과),min_val < 207.0V 또는 max_val > 253.0V (EN 50160 230V±10%)
H2.ZE74,U2,2022-03-23,76.32076367696123,77.99601645999486,77.26872673460234,물리적이상(전압범위초과),min_val < 207.0V 또는 max_val > 253.0V (EN 50160 230V±10%)
H2.ZE74,U2,2022-03-24,76.74770613352464,78.26209819615954,77.5694551408654,물리적이상(전압범위초과),min_val < 207.0V 또는 max_val > 253.0V (EN 50160 230V±10%)
H2.ZE74,U2,2022-03-25,76.72269225226519,77.93530237409799,77.37403818041841,물리적이상(전압범위초과),min_val < 207.0V 또는 max_val > 253.0V (EN 50160 230V±10%)
H2.ZE74,U2,2022-03-26,77.24072854975216,78.37727147420247,77.96642066759969,물리적이상(전압범위초과),min_val < 207.0V 또는 max_val > 253.0V (EN 50160 230V±10%)
H2.ZE74,U2,2022-03-27,76.67515890333388,78.41261607736774,77.5528004117564,물리적이상(전압범위초과),min_val < 207.0V 또는 max_val > 253.0V (EN 50160 230V±10%)
H2.ZE74,U2,2022-03-28,76.32831060621471,77.68716896057136,77.07576735483347,물리적이상(전압범위초과),min_val < 207.0V 또는 max_val > 253.0V (EN 50160 230V±10%)
H2.ZE74,U2,2022-03-29,76.04096875585688,78.17121843938475,77.07026539622733,물리적이상(전압범위초과),min_val < 207.0V 또는 max_val > 253.0V (EN 50160 230V±10%)
H2.ZE74,U2,2022-03-30,76.09252730475532,78.01238647884793,76.9356876411772,물리적이상(전압범위초과),min_val < 207.0V 또는 max_val > 253.0V (EN 50160 230V±10%)
H2.ZE74,U2,2022-03-31,76.28734868367515,78.02102087232802,77.06108617028882,물리적이상(전압범위초과),min_val < 207.0V 또는 max_val > 253.0V (EN 50160 230V±10%)
H2.ZE74,U2,2022-04-01,76.17299277411567,77.87296200646293,77.23105657797595,물리적이상(전압범위초과),min_val < 207.0V 또는 max_val > 253.0V (EN 50160 230V±10%)
H2.ZE74,U2,2022-04-02,76.70008103688559,78.21948240492074,77.28814829284676,물리적이상(전압범위초과),min_val < 207.0V 또는 max_val > 253.0V (EN 50160 230V±10%)
H2.ZE74,U2,2022-04-03,76.61713337580362,78.41117916531032,77.48916564469619,물리적이상(전압범위초과),min_val < 207.0V 또는 max_val > 253.0V (EN 50160 230V±10%)
H2.ZE74,U2,2022-04-04,76.67531870100235,77.9238532935249,77.13745921264272,물리적이상(전압범위초과),min_val < 207.0V 또는 max_val > 253.0V (EN 50160 230V±10%)
H2.ZE74,U2,2022-04-05,76.16915938059488,77.91798837449817,76.89618211657913,물리적이상(전압범위초과),min_val < 207.0V 또는 max_val > 253.0V (EN 50160 230V±10%)
H2.ZE74,U2,2022-04-06,76.13785735236272,77.8637321472168,76.80497235714616,물리적이상(전압범위초과),min_val < 207.0V 또는 max_val > 253.0V (EN 50160 230V±10%)
H2.ZE74,U2,2022-04-07,76.16653438991973,77.87213583063198,76.89541525779102,물리적이상(전압범위초과),min_val < 207.0V 또는 max_val > 253.0V (EN 50160 230V±10%)
H2.ZE74,U2,2022-04-08,76.40136270311142,232.64963234795448,158.93179204621845,물리적이상(전압범위초과),min_val < 207.0V 또는 max_val > 253.0V (EN 50160 230V±10%)
H2.ZE74,U3,2022-03-18,204.37125406901043,206.30597681681337,205.12477115963046,물리적이상(전압범위초과),min_val < 207.0V 또는 max_val > 253.0V (EN 50160 230V±10%)
H2.ZE74,U3,2022-03-19,204.5207640884858,207.1063683064781,205.423036939604,물리적이상(전압범위초과),min_val < 207.0V 또는 max_val > 253.0V (EN 50160 230V±10%)
H2.ZE74,U3,2022-03-20,204.6486299896244,207.30847870720763,206.2032218329111,물리적이상(전압범위초과),min_val < 207.0V 또는 max_val > 253.0V (EN 50160 230V±10%)
H2.ZE74,U3,2022-03-21,202.55523778279667,206.07171086629216,204.63247106516812,물리적이상(전압범위초과),min_val < 207.0V 또는 max_val > 253.0V (EN 50160 230V±10%)
H2.ZE74,U3,2022-03-22,202.06888310750367,206.7967356109617,204.5948109671572,물리적이상(전압범위초과),min_val < 207.0V 또는 max_val > 253.0V (EN 50160 230V±10%)
H2.ZE74,U3,2022-03-23,201.93062779744412,206.40138570149736,204.46687638997165,물리적이상(전압범위초과),min_val < 207.0V 또는 max_val > 253.0V (EN 50160 230V±10%)
H2.ZE74,U3,2022-03-24,202.9927982415093,207.1178480595414,205.23197609152513,물리적이상(전압범위초과),min_val < 207.0V 또는 max_val > 253.0V (EN 50160 230V±10%)
H2.ZE74,U3,2022-03-25,203.05170952690955,206.1404917314318,204.7523387774361,물리적이상(전압범위초과),min_val < 207.0V 또는 max_val > 253.0V (EN 50160 230V±10%)
H2.ZE74,U3,2022-03-26,204.2072331322564,207.40564033508264,206.24451383233793,물리적이상(전압범위초과),min_val < 207.0V 또는 max_val > 253.0V (EN 50160 230V±10%)
H2.ZE74,U3,2022-03-27,202.65731884426515,207.5767023722329,205.18650318741604,물리적이상(전압범위초과),min_val < 207.0V 또는 max_val > 253.0V (EN 50160 230V±10%)
H2.ZE74,U3,2022-03-28,202.08311233520507,205.8358520846893,204.1245277680257,물리적이상(전압범위초과),min_val < 207.0V 또는 max_val > 253.0V (EN 50160 230V±10%)
H2.ZE74,U3,2022-03-29,201.29155309041272,206.95749589107643,203.9558551659153,물리적이상(전압범위초과),min_val < 207.0V 또는 max_val > 253.0V (EN 50160 230V±10%)
H2.ZE74,U3,2022-03-30,201.44892493353927,206.4460126071502,203.68641133355163,물리적이상(전압범위초과),min_val < 207.0V 또는 max_val > 253.0V (EN 50160 230V±10%)
H2.ZE74,U3,2022-03-31,201.95201416015664,206.53152542114216,204.0486077009673,물리적이상(전압범위초과),min_val < 207.0V 또는 max_val > 253.0V (EN 50160 230V±10%)
H2.ZE74,U3,2022-04-01,202.26802731831876,206.31657070583867,204.6468020137152,물리적이상(전압범위초과),min_val < 207.0V 또는 max_val > 253.0V (EN 50160 230V±10%)
H2.ZE74,U3,2022-04-02,203.22285784403488,207.11657407972547,204.70109671063366,물리적이상(전압범위초과),min_val < 207.0V 또는 max_val > 253.0V (EN 50160 230V±10%)
H2.ZE74,U3,2022-04-03,202.7504167683916,207.3989343939884,205.00788744668293,물리적이상(전압범위초과),min_val < 207.0V 또는 max_val > 253.0V (EN 50160 230V±10%)
H2.ZE74,U3,2022-04-04,202.88734771728517,206.22425997416207,204.33119949593765,물리적이상(전압범위초과),min_val < 207.0V 또는 max_val > 253.0V (EN 50160 230V±10%)
H2.ZE74,U3,2022-04-05,201.8093577321372,206.50359734429247,203.6334618561356,물리적이상(전압범위초과),min_val < 207.0V 또는 max_val > 253.0V (EN 50160 230V±10%)
H2.ZE74,U3,2022-04-06,201.832228724162,206.2547146860763,203.51229448704711,물리적이상(전압범위초과),min_val < 207.0V 또는 max_val > 253.0V (EN 50160 230V±10%)
H2.ZE74,U3,2022-04-07,201.9428196207683,206.14901703445975,203.72925439095937,물리적이상(전압범위초과),min_val < 207.0V 또는 max_val > 253.0V (EN 50160 230V±10%)
H2.ZE74,U3,2022-04-08,202.27546507093655,232.675859747992,218.3073916453961,물리적이상(전압범위초과),min_val < 207.0V 또는 max_val > 253.0V (EN 50160 230V±10%)
H3.Z312,U1,2023-07-16,231.47121460169777,238.84316323589064,234.60582538521194,통계적이상(3sigma),"mean=231.75, sigma=0.85, lower=229.20, upper=234.31"
H3.Z312,U1,2023-12-05,226.155438493924,232.99759314209692,228.99007878148197,통계적이상(3sigma),"mean=231.75, sigma=0.85, lower=229.20, upper=234.31"
H3.Z312,U1,2023-12-06,226.4853303769176,232.80201705860077,228.85727745305914,통계적이상(3sigma),"mean=231.75, sigma=0.85, lower=229.20, upper=234.31"
H3.Z312,U2,2022-03-26,232.64084998460612,235.15938715526,234.10417906669417,통계적이상(3sigma),"mean=231.37, sigma=0.90, lower=228.66, upper=234.07"
H3.Z312,U2,2023-04-12,226.10724607469348,231.9395888077701,228.53315881848565,통계적이상(3sigma),"mean=231.37, sigma=0.90, lower=228.66, upper=234.07"
H3.Z312,U2,2023-07-16,230.7183067994196,239.355266972874,234.41925625873657,통계적이상(3sigma),"mean=231.37, sigma=0.90, lower=228.66, upper=234.07"
H3.Z312,U2,2023-12-05,225.7685850520336,232.31756845844453,228.33857452116197,통계적이상(3sigma),"mean=231.37, sigma=0.90, lower=228.66, upper=234.07"
H3.Z312,U2,2023-12-06,225.52360908489968,232.24328110050055,228.0252115772657,통계적이상(3sigma),"mean=231.37, sigma=0.90, lower=228.66, upper=234.07"
H3.Z312,U3,2023-01-07,232.54942994859516,235.29761546791588,234.38721912975984,통계적이상(3sigma),"mean=231.97, sigma=0.74, lower=229.73, upper=234.20"
H3.Z312,U3,2023-07-16,231.56469948750723,237.85317153294235,234.46140642931675,통계적이상(3sigma),"mean=231.97, sigma=0.74, lower=229.73, upper=234.20"
H3.Z312,U3,2023-12-05,226.4543728405253,233.1189814219797,229.16129434113122,통계적이상(3sigma),"mean=231.97, sigma=0.74, lower=229.73, upper=234.20"
H3.Z312,U3,2023-12-06,226.6924343383889,232.86785818228932,228.9246359378561,통계적이상(3sigma),"mean=231.97, sigma=0.74, lower=229.73, upper=234.20"
H3.Z40,U1,2022-03-26,232.585,235.38333333333333,234.4362847222222,통계적이상(3sigma),"mean=231.67, sigma=0.91, lower=228.95, upper=234.39"
H3.Z40,U1,2023-07-16,231.65416666666667,238.58083333333332,234.69892361111116,통계적이상(3sigma),"mean=231.67, sigma=0.91, lower=228.95, upper=234.39"
H3.Z40,U2,2018-07-06,226.23416666666665,232.08,228.61583333333328,통계적이상(3sigma),"mean=231.45, sigma=0.93, lower=228.65, upper=234.24"
H3.Z40,U2,2022-03-26,232.78166666666667,235.28416666666664,234.39173611111116,통계적이상(3sigma),"mean=231.45, sigma=0.93, lower=228.65, upper=234.24"
H3.Z40,U2,2023-07-16,230.955,239.1475,234.56312499999999,통계적이상(3sigma),"mean=231.45, sigma=0.93, lower=228.65, upper=234.24"
H3.Z40,U2,2023-12-05,225.9858333333333,232.5483333333333,228.54775912498246,통계적이상(3sigma),"mean=231.45, sigma=0.93, lower=228.65, upper=234.24"
H3.Z40,U2,2023-12-06,225.65666666666667,232.465,228.2279861111111,통계적이상(3sigma),"mean=231.45, sigma=0.93, lower=228.65, upper=234.24"
H3.Z40,U3,2018-07-06,227.22916666666663,232.79916666666668,229.3051388888889,통계적이상(3sigma),"mean=231.98, sigma=0.79, lower=229.60, upper=234.36"
H3.Z40,U3,2023-01-07,232.76583333333332,235.4475,234.56273622495448,통계적이상(3sigma),"mean=231.98, sigma=0.79, lower=229.60, upper=234.36"
H3.Z40,U3,2023-07-16,231.6616666666667,237.5875,234.4765972222223,통계적이상(3sigma),"mean=231.98, sigma=0.79, lower=229.60, upper=234.36"
H3.Z40,U3,2023-12-05,226.4625,233.1733333333333,229.16032208911312,통계적이상(3sigma),"mean=231.98, sigma=0.79, lower=229.60, upper=234.36"
H3.Z40,U3,2023-12-06,226.53166666666667,232.8633333333333,228.91614469489983,통계적이상(3sigma),"mean=231.98, sigma=0.79, lower=229.60, upper=234.36"
H3.Z41,U1,2022-03-26,232.39166666666668,235.2008333333333,234.2314930555556,통계적이상(3sigma),"mean=231.47, sigma=0.90, lower=228.76, upper=234.17"
H3.Z41,U1,2023-07-16,231.47583333333333,238.3658333333333,234.49031249999996,통계적이상(3sigma),"mean=231.47, sigma=0.90, lower=228.76, upper=234.17"
H3.Z41,U2,2018-07-06,226.12916666666663,231.9008333333333,228.45142361111107,통계적이상(3sigma),"mean=231.26, sigma=0.93, lower=228.47, upper=234.04"
H3.Z41,U2,2022-03-26,232.6083333333333,235.13916666666668,234.20527777777775,통계적이상(3sigma),"mean=231.26, sigma=0.93, lower=228.47, upper=234.04"
H3.Z41,U2,2023-07-16,230.78333333333333,238.94083333333336,234.36649305555557,통계적이상(3sigma),"mean=231.26, sigma=0.93, lower=228.47, upper=234.04"
H3.Z41,U2,2023-12-05,225.80916666666664,232.36,228.35981189575455,통계적이상(3sigma),"mean=231.26, sigma=0.93, lower=228.47, upper=234.04"
H3.Z41,U2,2023-12-06,225.5075,232.335,228.05031250000002,통계적이상(3sigma),"mean=231.26, sigma=0.93, lower=228.47, upper=234.04"
H3.Z41,U3,2018-07-06,227.2333333333333,232.79,229.27371527777777,통계적이상(3sigma),"mean=231.91, sigma=0.79, lower=229.54, upper=234.28"
H3.Z41,U3,2022-03-26,232.14166666666668,235.5525,234.2826736111111,통계적이상(3sigma),"mean=231.91, sigma=0.79, lower=229.54, upper=234.28"
H3.Z41,U3,2023-01-07,232.61916666666667,235.3682513661202,234.44915983606555,통계적이상(3sigma),"mean=231.91, sigma=0.79, lower=229.54, upper=234.28"
H3.Z41,U3,2023-07-16,231.57166666666663,237.4958333333333,234.38447916666667,통계적이상(3sigma),"mean=231.91, sigma=0.79, lower=229.54, upper=234.28"
H3.Z41,U3,2023-12-05,226.31,232.9933333333333,229.02517553769084,통계적이상(3sigma),"mean=231.91, sigma=0.79, lower=229.54, upper=234.28"
H3.Z41,U3,2023-12-06,226.49666666666664,232.795,228.7948241407219,통계적이상(3sigma),"mean=231.91, sigma=0.79, lower=229.54, upper=234.28"
H3.Z42,U1,2022-03-26,232.56666666666663,235.37,234.4077777777778,통계적이상(3sigma),"mean=231.62, sigma=0.90, lower=228.91, upper=234.33"
H3.Z42,U1,2023-07-16,231.66916666666663,238.54916666666668,234.6615277777777,통계적이상(3sigma),"mean=231.62, sigma=0.90, lower=228.91, upper=234.33"
H3.Z42,U2,2018-07-06,226.235,232.02916666666667,228.5813194444444,통계적이상(3sigma),"mean=231.41, sigma=0.93, lower=228.60, upper=234.21"
H3.Z42,U2,2022-03-26,232.79333333333332,235.28416666666664,234.38809027777776,통계적이상(3sigma),"mean=231.41, sigma=0.93, lower=228.60, upper=234.21"
H3.Z42,U2,2023-07-16,230.9925,239.12833333333336,234.53204861111112,통계적이상(3sigma),"mean=231.41, sigma=0.93, lower=228.60, upper=234.21"
H3.Z42,U2,2023-12-05,225.90916666666664,232.54,228.52443862091914,통계적이상(3sigma),"mean=231.41, sigma=0.93, lower=228.60, upper=234.21"
H3.Z42,U2,2023-12-06,225.735,232.4333333333333,228.20701616575585,통계적이상(3sigma),"mean=231.41, sigma=0.93, lower=228.60, upper=234.21"
H3.Z42,U3,2018-07-06,227.1833333333333,232.76083333333327,229.23805555555555,통계적이상(3sigma),"mean=231.93, sigma=0.79, lower=229.55, upper=234.30"
H3.Z42,U3,2022-03-26,232.17666666666668,235.56583333333336,234.29895833333333,통계적이상(3sigma),"mean=231.93, sigma=0.79, lower=229.55, upper=234.30"
H3.Z42,U3,2023-01-07,232.6383333333333,235.4674726775956,234.51246072404373,통계적이상(3sigma),"mean=231.93, sigma=0.79, lower=229.55, upper=234.30"
H3.Z42,U3,2023-07-16,231.65666666666667,237.51916666666665,234.4290277777778,통계적이상(3sigma),"mean=231.93, sigma=0.79, lower=229.55, upper=234.30"
H3.Z42,U3,2023-12-05,226.32416666666668,233.13166666666663,229.11598214764044,통계적이상(3sigma),"mean=231.93, sigma=0.79, lower=229.55, upper=234.30"
H3.Z42,U3,2023-12-06,226.59416666666667,232.77416666666667,228.87993738615663,통계적이상(3sigma),"mean=231.93, sigma=0.79, lower=229.55, upper=234.30"
H4.Z50,U1,2022-03-20,232.6733333333333,235.58916666666667,234.33753472222227,통계적이상(3sigma),"mean=232.09, sigma=0.70, lower=230.00, upper=234.18"
H4.Z50,U1,2022-03-26,231.9391666666667,235.6616666666667,234.3122222222222,통계적이상(3sigma),"mean=232.09, sigma=0.70, lower=230.00, upper=234.18"
H4.Z50,U1,2022-10-03,232.81916666666663,235.77416666666667,234.1908333333333,통계적이상(3sigma),"mean=232.09, sigma=0.70, lower=230.00, upper=234.18"
H4.Z50,U1,2022-11-14,225.57083333333333,234.0775,229.93746527777782,통계적이상(3sigma),"mean=232.09, sigma=0.70, lower=230.00, upper=234.18"
H4.Z50,U1,2023-01-07,232.72583333333333,235.4608333333333,234.55250000000004,통계적이상(3sigma),"mean=232.09, sigma=0.70, lower=230.00, upper=234.18"
H4.Z50,U1,2023-04-12,227.2516666666667,232.7725,229.90222222222224,통계적이상(3sigma),"mean=232.09, sigma=0.70, lower=230.00, upper=234.18"
H4.Z50,U1,2023-05-03,227.2516666666667,232.7725,229.90222222222224,통계적이상(3sigma),"mean=232.09, sigma=0.70, lower=230.00, upper=234.18"
H4.Z50,U2,2022-03-26,231.9425,235.25416666666663,234.0165625,통계적이상(3sigma),"mean=231.53, sigma=0.80, lower=229.13, upper=233.93"
H4.Z50,U2,2023-04-12,226.34166666666667,232.07083333333333,229.11652777777772,통계적이상(3sigma),"mean=231.53, sigma=0.80, lower=229.13, upper=233.93"
H4.Z50,U2,2023-05-03,226.34166666666667,232.07083333333333,229.11652777777772,통계적이상(3sigma),"mean=231.53, sigma=0.80, lower=229.13, upper=233.93"
H4.Z50,U3,2019-04-21,232.45416666666668,235.60333333333332,234.05791666666667,통계적이상(3sigma),"mean=231.77, sigma=0.76, lower=229.51, upper=234.04"
H4.Z50,U3,2022-03-26,231.95,235.42666666666668,234.1967361111111,통계적이상(3sigma),"mean=231.77, sigma=0.76, lower=229.51, upper=234.04"
H4.Z50,U3,2022-10-03,232.815,235.58333333333331,234.10125000000002,통계적이상(3sigma),"mean=231.77, sigma=0.76, lower=229.51, upper=234.04"
H4.Z50,U3,2022-11-14,225.45916666666665,233.5483333333333,229.48208333333332,통계적이상(3sigma),"mean=231.77, sigma=0.76, lower=229.51, upper=234.04"
H4.Z50,U3,2023-01-07,232.2866666666667,234.99416666666667,234.09881944444442,통계적이상(3sigma),"mean=231.77, sigma=0.76, lower=229.51, upper=234.04"
H4.Z51,U1,2022-03-20,232.6275,235.5325,234.28142361111114,통계적이상(3sigma),"mean=232.07, sigma=0.69, lower=229.99, upper=234.15"
H4.Z51,U1,2022-03-26,231.87916666666663,235.59333333333333,234.26048611111108,통계적이상(3sigma),"mean=232.07, sigma=0.69, lower=229.99, upper=234.15"
H4.Z51,U1,2022-11-14,225.57333333333327,234.0133333333333,229.91479166666662,통계적이상(3sigma),"mean=232.07, sigma=0.69, lower=229.99, upper=234.15"
H4.Z51,U1,2023-01-07,232.74916666666667,235.42,234.51951388888892,통계적이상(3sigma),"mean=232.07, sigma=0.69, lower=229.99, upper=234.15"
H4.Z51,U1,2023-04-12,227.22916666666663,232.6425,229.86506944444443,통계적이상(3sigma),"mean=232.07, sigma=0.69, lower=229.99, upper=234.15"
H4.Z51,U1,2023-05-03,227.22916666666663,232.6425,229.86506944444443,통계적이상(3sigma),"mean=232.07, sigma=0.69, lower=229.99, upper=234.15"
H4.Z51,U2,2022-03-26,231.94583333333333,235.26083333333327,234.03312499999996,통계적이상(3sigma),"mean=231.57, sigma=0.80, lower=229.18, upper=233.96"
H4.Z51,U2,2023-04-12,226.3408333333333,232.01833333333332,229.13145833333337,통계적이상(3sigma),"mean=231.57, sigma=0.80, lower=229.18, upper=233.96"
H4.Z51,U2,2023-05-03,226.3408333333333,232.01833333333332,229.13145833333337,통계적이상(3sigma),"mean=231.57, sigma=0.80, lower=229.18, upper=233.96"
H4.Z51,U3,2019-04-21,232.4908333333333,235.68166666666667,234.12076388888886,통계적이상(3sigma),"mean=231.83, sigma=0.75, lower=229.58, upper=234.08"
H4.Z51,U3,2022-03-26,231.97333333333333,235.4875,234.23833333333332,통계적이상(3sigma),"mean=231.83, sigma=0.75, lower=229.58, upper=234.08"
H4.Z51,U3,2022-10-03,232.86,235.59333333333333,234.14631944444446,통계적이상(3sigma),"mean=231.83, sigma=0.75, lower=229.58, upper=234.08"
H4.Z51,U3,2022-11-14,225.51083333333327,233.58416666666665,229.5386111111111,통계적이상(3sigma),"mean=231.83, sigma=0.75, lower=229.58, upper=234.08"
H4.Z51,U3,2023-01-07,232.32333333333327,235.04166666666663,234.1385416666667,통계적이상(3sigma),"mean=231.83, sigma=0.75, lower=229.58, upper=234.08"
H4.ZE50,U1,2022-11-14,225.3215038018,233.62167065266107,229.710755057947,통계적이상(3sigma),"mean=231.99, sigma=0.73, lower=229.79, upper=234.20"
H4.ZE50,U1,2023-01-07,232.52893952400436,235.24285462707775,234.34021793271964,통계적이상(3sigma),"mean=231.99, sigma=0.73, lower=229.79, upper=234.20"
H4.ZE50,U1,2023-04-12,227.0754400804312,232.52808172848023,229.68189051529146,통계적이상(3sigma),"mean=231.99, sigma=0.73, lower=229.79, upper=234.20"
H4.ZE50,U1,2023-07-16,231.84738455762684,237.05528091611697,234.25940331059553,통계적이상(3sigma),"mean=231.99, sigma=0.73, lower=229.79, upper=234.20"
H4.ZE50,U1,2023-12-05,226.5226406335561,233.347942588563,229.39822056311598,통계적이상(3sigma),"mean=231.99, sigma=0.73, lower=229.79, upper=234.20"
H4.ZE50,U1,2023-12-06,226.4949744830205,233.2326661614812,229.11540833805813,통계적이상(3sigma),"mean=231.99, sigma=0.73, lower=229.79, upper=234.20"
H4.ZE50,U2,2022-11-14,224.5651506867037,233.0381985088644,229.01270619199215,통계적이상(3sigma),"mean=231.60, sigma=0.80, lower=229.20, upper=234.00"
H4.ZE50,U2,2023-04-12,226.21799893152172,231.92992148313945,228.9742183195617,통계적이상(3sigma),"mean=231.60, sigma=0.80, lower=229.20, upper=234.00"
H4.ZE50,U2,2023-07-16,231.28883734580768,237.5936892501625,234.0423342720405,통계적이상(3sigma),"mean=231.60, sigma=0.80, lower=229.20, upper=234.00"
H4.ZE50,U2,2023-12-05,225.90831773695,232.9000553067849,228.85175149136364,통계적이상(3sigma),"mean=231.60, sigma=0.80, lower=229.20, upper=234.00"
H4.ZE50,U2,2023-12-06,225.6966924488475,232.84306525366847,228.48865440539262,통계적이상(3sigma),"mean=231.60, sigma=0.80, lower=229.20, upper=234.00"
H4.ZE50,U3,2022-11-14,225.23984750519836,233.13899350188248,229.31212362794813,통계적이상(3sigma),"mean=231.86, sigma=0.74, lower=229.63, upper=234.09"
H4.ZE50,U3,2023-04-12,227.266124052926,232.51702018382272,229.5538531022983,통계적이상(3sigma),"mean=231.86, sigma=0.74, lower=229.63, upper=234.09"
H4.ZE50,U3,2023-12-05,226.50677791767347,233.20027197144495,229.29077334831445,통계적이상(3sigma),"mean=231.86, sigma=0.74, lower=229.63, upper=234.09"
H4.ZE50,U3,2023-12-06,226.5792703398116,233.12929430018903,229.08208505867972,통계적이상(3sigma),"mean=231.86, sigma=0.74, lower=229.63, upper=234.09"
H4.ZE51,U1,2022-11-14,225.32660597942348,233.6369370130442,229.72649105934264,통계적이상(3sigma),"mean=232.00, sigma=0.74, lower=229.80, upper=234.21"
H4.ZE51,U1,2023-01-07,232.53112250632083,235.24079372232697,234.3418626550937,통계적이상(3sigma),"mean=232.00, sigma=0.74, lower=229.80, upper=234.21"
H4.ZE51,U1,2023-04-12,227.07408048724756,232.548867543539,229.68238827610662,통계적이상(3sigma),"mean=232.00, sigma=0.74, lower=229.80, upper=234.21"
H4.ZE51,U1,2023-07-16,231.8602081523601,237.06902551709737,234.27830009537013,통계적이상(3sigma),"mean=232.00, sigma=0.74, lower=229.80, upper=234.21"
H4.ZE51,U1,2023-12-05,226.5272637072629,233.347530953764,229.38925336063346,통계적이상(3sigma),"mean=232.00, sigma=0.74, lower=229.80, upper=234.21"
H4.ZE51,U1,2023-12-06,226.51732805367345,233.2448550880101,229.12090700472413,통계적이상(3sigma),"mean=232.00, sigma=0.74, lower=229.80, upper=234.21"
H4.ZE51,U2,2022-11-14,224.57242431761568,233.04757873989288,229.03159347670513,통계적이상(3sigma),"mean=231.61, sigma=0.80, lower=229.21, upper=234.02"
H4.ZE51,U2,2023-04-12,226.2298078491993,231.96033384535093,228.97958805278668,통계적이상(3sigma),"mean=231.61, sigma=0.80, lower=229.21, upper=234.02"
H4.ZE51,U2,2023-07-16,231.3006903324691,237.60710589837083,234.06562792831383,통계적이상(3sigma),"mean=231.61, sigma=0.80, lower=229.21, upper=234.02"
H4.ZE51,U2,2023-12-05,225.91903587830168,232.9040587927656,228.84614549968896,통계적이상(3sigma),"mean=231.61, sigma=0.80, lower=229.21, upper=234.02"
H4.ZE51,U2,2023-12-06,225.71986011794652,232.85637096614923,228.49697161523568,통계적이상(3sigma),"mean=231.61, sigma=0.80, lower=229.21, upper=234.02"
H4.ZE51,U3,2022-11-14,225.237590316461,233.1420356835946,229.3168970714452,통계적이상(3sigma),"mean=231.86, sigma=0.74, lower=229.63, upper=234.09"
H4.ZE51,U3,2023-04-12,227.26656251695476,232.5359220292832,229.54602627464706,통계적이상(3sigma),"mean=231.86, sigma=0.74, lower=229.63, upper=234.09"
H4.ZE51,U3,2023-12-05,226.5032112459317,233.1952922637565,229.27611310524094,통계적이상(3sigma),"mean=231.86, sigma=0.74, lower=229.63, upper=234.09"
H4.ZE51,U3,2023-12-06,226.5937687928113,233.14110533533636,229.08080719957266,통계적이상(3sigma),"mean=231.86, sigma=0.74, lower=229.63, upper=234.09"
V.Z81,U1,2018-01-08,225.09264254252065,229.3883115132641,227.19981754699631,통계적이상(3sigma),"mean=229.80, sigma=0.84, lower=227.28, upper=232.33"
V.Z81,U1,2018-01-09,225.64533344268764,229.48637850443487,227.2320819897782,통계적이상(3sigma),"mean=229.80, sigma=0.84, lower=227.28, upper=232.33"
V.Z81,U1,2018-01-11,225.20167314317487,229.73734775119385,227.20855651411193,통계적이상(3sigma),"mean=229.80, sigma=0.84, lower=227.28, upper=232.33"
V.Z81,U1,2018-01-16,224.7517282952194,229.6697359779324,226.71109450325972,통계적이상(3sigma),"mean=229.80, sigma=0.84, lower=227.28, upper=232.33"
V.Z81,U1,2018-01-18,225.7774944051111,229.7798623741996,227.01137494750932,통계적이상(3sigma),"mean=229.80, sigma=0.84, lower=227.28, upper=232.33"
V.Z81,U1,2018-01-19,224.0090853034132,228.7338357289632,226.43438557104875,통계적이상(3sigma),"mean=229.80, sigma=0.84, lower=227.28, upper=232.33"
V.Z81,U1,2018-01-21,225.1880398898653,228.55879567464163,227.22035960084602,통계적이상(3sigma),"mean=229.80, sigma=0.84, lower=227.28, upper=232.33"
V.Z81,U1,2018-01-22,225.3130803680421,229.4267053731275,227.05331627740068,통계적이상(3sigma),"mean=229.80, sigma=0.84, lower=227.28, upper=232.33"
V.Z81,U1,2018-01-23,223.84231253729885,227.75358751085116,225.9373318567914,통계적이상(3sigma),"mean=229.80, sigma=0.84, lower=227.28, upper=232.33"
V.Z81,U1,2018-01-26,224.58009769863548,229.80952012701863,227.22469561617416,통계적이상(3sigma),"mean=229.80, sigma=0.84, lower=227.28, upper=232.33"
V.Z81,U1,2018-01-27,225.21837301466212,230.34384585062716,227.18654662914085,통계적이상(3sigma),"mean=229.80, sigma=0.84, lower=227.28, upper=232.33"
V.Z81,U1,2018-02-08,224.58673936631976,230.014687779744,226.9529631071698,통계적이상(3sigma),"mean=229.80, sigma=0.84, lower=227.28, upper=232.33"
V.Z81,U1,2018-02-14,224.7604747051656,229.44515140109536,227.1569234082214,통계적이상(3sigma),"mean=229.80, sigma=0.84, lower=227.28, upper=232.33"
V.Z81,U1,2018-02-21,224.72602943420424,228.6435671106973,226.64712014123938,통계적이상(3sigma),"mean=229.80, sigma=0.84, lower=227.28, upper=232.33"
V.Z81,U1,2018-03-14,225.4463659922285,229.26271572536905,227.21344891918568,통계적이상(3sigma),"mean=229.80, sigma=0.84, lower=227.28, upper=232.33"
V.Z81,U1,2023-04-12,224.63309359898707,230.12186167399133,227.225863681311,통계적이상(3sigma),"mean=229.80, sigma=0.84, lower=227.28, upper=232.33"
V.Z81,U1,2023-12-30,230.65072625083496,233.8550653771902,232.5286514512161,통계적이상(3sigma),"mean=229.80, sigma=0.84, lower=227.28, upper=232.33"
V.Z81,U2,2018-01-08,224.82831279754592,229.24155580308783,227.02563517740745,통계적이상(3sigma),"mean=229.57, sigma=0.83, lower=227.09, upper=232.06"
V.Z81,U2,2018-01-09,225.25364336649537,229.35088034735807,227.0155988772768,통계적이상(3sigma),"mean=229.57, sigma=0.83, lower=227.09, upper=232.06"
V.Z81,U2,2018-01-11,224.94931396484387,229.5329471503364,227.0355762070122,통계적이상(3sigma),"mean=229.57, sigma=0.83, lower=227.09, upper=232.06"
V.Z81,U2,2018-01-16,224.57631103515607,229.66290761954903,226.56920370327887,통계적이상(3sigma),"mean=229.57, sigma=0.83, lower=227.09, upper=232.06"
V.Z81,U2,2018-01-18,225.60845954895024,229.66798025343212,226.88574303480752,통계적이상(3sigma),"mean=229.57, sigma=0.83, lower=227.09, upper=232.06"
V.Z81,U2,2018-01-19,223.77943722195064,228.60096264309385,226.31656774586975,통계적이상(3sigma),"mean=229.57, sigma=0.83, lower=227.09, upper=232.06"
V.Z81,U2,2018-01-21,224.8035899183479,228.3834771686132,226.95686964275615,통계적이상(3sigma),"mean=229.57, sigma=0.83, lower=227.09, upper=232.06"
V.Z81,U2,2018-01-22,225.21754908243813,229.3643887668189,226.87119268748208,통계적이상(3sigma),"mean=229.57, sigma=0.83, lower=227.09, upper=232.06"
V.Z81,U2,2018-01-23,223.7906389194063,227.6514461941192,225.82387200193833,통계적이상(3sigma),"mean=229.57, sigma=0.83, lower=227.09, upper=232.06"
V.Z81,U2,2018-01-24,224.4193093113382,229.52037378946952,227.0457428034736,통계적이상(3sigma),"mean=229.57, sigma=0.83, lower=227.09, upper=232.06"
V.Z81,U2,2018-01-26,224.34619863722045,229.66644068399995,226.98734245102264,통계적이상(3sigma),"mean=229.57, sigma=0.83, lower=227.09, upper=232.06"
V.Z81,U2,2018-01-27,224.97833838568852,230.0131879679367,226.9644190225406,통계적이상(3sigma),"mean=229.57, sigma=0.83, lower=227.09, upper=232.06"
V.Z81,U2,2018-02-08,224.2165456644696,229.8612226782908,226.73904077973737,통계적이상(3sigma),"mean=229.57, sigma=0.83, lower=227.09, upper=232.06"
V.Z81,U2,2018-02-14,224.58742431447928,229.08180104573628,226.86811703480456,통계적이상(3sigma),"mean=229.57, sigma=0.83, lower=227.09, upper=232.06"
V.Z81,U2,2018-02-16,225.48661695692223,229.50499192131863,226.92031523852822,통계적이상(3sigma),"mean=229.57, sigma=0.83, lower=227.09, upper=232.06"
V.Z81,U2,2018-02-21,224.44517028808565,228.5065902964275,226.39483221425215,통계적이상(3sigma),"mean=229.57, sigma=0.83, lower=227.09, upper=232.06"
V.Z81,U2,2023-04-12,224.26328333390416,229.783574778239,226.83801857234474,통계적이상(3sigma),"mean=229.57, sigma=0.83, lower=227.09, upper=232.06"
V.Z81,U2,2023-07-16,229.74831081684255,235.8240688029041,232.36294926127087,통계적이상(3sigma),"mean=229.57, sigma=0.83, lower=227.09, upper=232.06"
V.Z81,U2,2023-12-30,229.9512895469453,233.5962646206692,232.14846716889625,통계적이상(3sigma),"mean=229.57, sigma=0.83, lower=227.09, upper=232.06"
V.Z81,U3,2018-01-04,225.5145644463434,230.1046886323184,227.413004700122,통계적이상(3sigma),"mean=230.03, sigma=0.85, lower=227.49, upper=232.57"
V.Z81,U3,2018-01-08,225.34804775237976,229.54512285020604,227.37429944314002,통계적이상(3sigma),"mean=230.03, sigma=0.85, lower=227.49, upper=232.57"
V.Z81,U3,2018-01-09,225.883297246297,229.6291342671716,227.41250963182924,통계적이상(3sigma),"mean=230.03, sigma=0.85, lower=227.49, upper=232.57"
V.Z81,U3,2018-01-10,225.8154911041265,230.10276899549703,227.48218917165852,통계적이상(3sigma),"mean=230.03, sigma=0.85, lower=227.49, upper=232.57"
V.Z81,U3,2018-01-11,225.38478422376875,229.7421368916825,227.33292438980507,통계적이상(3sigma),"mean=230.03, sigma=0.85, lower=227.49, upper=232.57"
V.Z81,U3,2018-01-16,225.0135855780703,229.83966925785495,226.97356041977977,통계적이상(3sigma),"mean=230.03, sigma=0.85, lower=227.49, upper=232.57"
V.Z81,U3,2018-01-18,226.0272843763561,229.90076293945376,227.2216325249077,통계적이상(3sigma),"mean=230.03, sigma=0.85, lower=227.49, upper=232.57"
V.Z81,U3,2018-01-19,224.1326740095353,228.9207743496368,226.60281012164123,통계적이상(3sigma),"mean=230.03, sigma=0.85, lower=227.49, upper=232.57"
V.Z81,U3,2018-01-21,224.9635636986623,228.6427059258356,227.11243252372932,통계적이상(3sigma),"mean=230.03, sigma=0.85, lower=227.49, upper=232.57"
V.Z81,U3,2018-01-22,225.39081911722877,229.62759666442852,227.26108012380175,통계적이상(3sigma),"mean=230.03, sigma=0.85, lower=227.49, upper=232.57"
V.Z81,U3,2018-01-23,223.87261379665804,228.1241172451441,226.12134436578162,통계적이상(3sigma),"mean=230.03, sigma=0.85, lower=227.49, upper=232.57"
V.Z81,U3,2018-01-26,224.48286706712537,230.0523191745208,227.34347082002725,통계적이상(3sigma),"mean=230.03, sigma=0.85, lower=227.49, upper=232.57"
V.Z81,U3,2018-01-27,225.19349134657148,230.40805799696207,227.25940187317846,통계적이상(3sigma),"mean=230.03, sigma=0.85, lower=227.49, upper=232.57"
V.Z81,U3,2018-02-08,224.8073140801326,230.30738818698427,227.17409662929325,통계적이상(3sigma),"mean=230.03, sigma=0.85, lower=227.49, upper=232.57"
V.Z81,U3,2018-02-14,224.9694183149239,229.79058339436747,227.38135270296576,통계적이상(3sigma),"mean=230.03, sigma=0.85, lower=227.49, upper=232.57"
V.Z81,U3,2018-02-16,226.17866546630867,229.94655934651755,227.45782087590624,통계적이상(3sigma),"mean=230.03, sigma=0.85, lower=227.49, upper=232.57"
V.Z81,U3,2018-02-21,224.8356299591068,229.0661511230465,226.8808429656972,통계적이상(3sigma),"mean=230.03, sigma=0.85, lower=227.49, upper=232.57"
V.Z81,U3,2018-03-14,225.7233165995278,229.58741448296493,227.43504896988736,통계적이상(3sigma),"mean=230.03, sigma=0.85, lower=227.49, upper=232.57"
V.Z81,U3,2023-01-07,230.9832850927029,233.50209078470863,232.66810929913245,통계적이상(3sigma),"mean=230.03, sigma=0.85, lower=227.49, upper=232.57"
V.Z81,U3,2023-04-12,224.78696349264308,230.2762962849931,227.40229468790832,통계적이상(3sigma),"mean=230.03, sigma=0.85, lower=227.49, upper=232.57"
V.Z81,U3,2023-07-16,230.29949026140747,235.61786582394035,232.6766821843788,통계적이상(3sigma),"mean=230.03, sigma=0.85, lower=227.49, upper=232.57"
V.Z81,U3,2023-12-30,230.72663900301924,234.1017035945693,232.74277683214333,통계적이상(3sigma),"mean=230.03, sigma=0.85, lower=227.49, upper=232.57"
V.Z82,U1,2018-01-16,225.60541588838163,230.53233122780725,227.49420754384275,통계적이상(3sigma),"mean=229.87, sigma=0.79, lower=227.50, upper=232.25"
V.Z82,U1,2018-01-19,224.9552045694985,229.7401281229659,227.30760245195236,통계적이상(3sigma),"mean=229.87, sigma=0.79, lower=227.50, upper=232.25"
V.Z82,U1,2018-01-23,224.88748771865627,228.653189779917,226.89347393805596,통계적이상(3sigma),"mean=229.87, sigma=0.79, lower=227.50, upper=232.25"
V.Z82,U1,2018-03-14,225.57332171969952,229.3948122093234,227.3381559682687,통계적이상(3sigma),"mean=229.87, sigma=0.79, lower=227.50, upper=232.25"
V.Z82,U1,2023-04-12,224.63483790148663,230.1122179328065,227.21949252694117,통계적이상(3sigma),"mean=229.87, sigma=0.79, lower=227.50, upper=232.25"
V.Z82,U1,2023-07-16,230.03437204306957,235.4109593862788,232.31015284071077,통계적이상(3sigma),"mean=229.87, sigma=0.79, lower=227.50, upper=232.25"
V.Z82,U1,2023-12-30,230.67669887122452,233.8853502870884,232.55759585915396,통계적이상(3sigma),"mean=229.87, sigma=0.79, lower=227.50, upper=232.25"
V.Z82,U2,2018-01-19,224.75577095879493,229.6212082926428,227.22247931462445,통계적이상(3sigma),"mean=229.61, sigma=0.78, lower=227.28, upper=231.95"
V.Z82,U2,2018-01-23,224.72353543409827,228.552294921572,226.77921367010518,통계적이상(3sigma),"mean=229.61, sigma=0.78, lower=227.28, upper=231.95"
V.Z82,U2,2018-03-14,225.45291037665527,229.1799946781317,227.17714890658252,통계적이상(3sigma),"mean=229.61, sigma=0.78, lower=227.28, upper=231.95"
V.Z82,U2,2023-04-12,224.2560720563303,229.7553246307365,226.8197153452396,통계적이상(3sigma),"mean=229.61, sigma=0.78, lower=227.28, upper=231.95"
V.Z82,U2,2023-07-16,229.7486018925777,235.83895882816392,232.3781852127105,통계적이상(3sigma),"mean=229.61, sigma=0.78, lower=227.28, upper=231.95"
V.Z82,U2,2023-12-30,229.95015739551903,233.60036103487167,232.1500402174007,통계적이상(3sigma),"mean=229.61, sigma=0.78, lower=227.28, upper=231.95"
V.Z82,U3,2018-01-19,225.31981704711947,230.24757164849177,227.70960795556326,통계적이상(3sigma),"mean=230.07, sigma=0.78, lower=227.71, upper=232.42"
V.Z82,U3,2018-01-23,225.326457084016,229.31066501133063,227.3989193377705,통계적이상(3sigma),"mean=230.07, sigma=0.78, lower=227.71, upper=232.42"
V.Z82,U3,2018-03-14,225.79568929036367,229.66632176541745,227.5015642883163,통계적이상(3sigma),"mean=230.07, sigma=0.78, lower=227.71, upper=232.42"
V.Z82,U3,2023-01-07,230.9822958664036,233.46741654554535,232.6631466728347,통계적이상(3sigma),"mean=230.07, sigma=0.78, lower=227.71, upper=232.42"
V.Z82,U3,2023-04-12,224.7765934135153,230.24506303999195,227.38341700436862,통계적이상(3sigma),"mean=230.07, sigma=0.78, lower=227.71, upper=232.42"
V.Z82,U3,2023-07-16,230.2864677969197,235.60877705463503,232.67337402851172,통계적이상(3sigma),"mean=230.07, sigma=0.78, lower=227.71, upper=232.42"
V.Z82,U3,2023-12-30,230.71539918412128,234.09614405938197,232.73418298321587,통계적이상(3sigma),"mean=230.07, sigma=0.78, lower=227.71, upper=232.42"
V.Z84,U1,2019-08-28,224.39949878618117,231.480482010582,227.51238124033515,통계적이상(3sigma),"mean=229.88, sigma=0.74, lower=227.66, upper=232.10"
V.Z84,U1,2019-09-04,224.40585294117645,230.40905068471832,227.5484239335591,통계적이상(3sigma),"mean=229.88, sigma=0.74, lower=227.66, upper=232.10"
V.Z84,U1,2023-04-12,224.5358294333808,229.9555948975291,227.0969866777007,통계적이상(3sigma),"mean=229.88, sigma=0.74, lower=227.66, upper=232.10"
V.Z84,U1,2023-07-16,229.89973766647708,235.1565865762844,232.12157446227766,통계적이상(3sigma),"mean=229.88, sigma=0.74, lower=227.66, upper=232.10"
V.Z84,U1,2023-12-21,229.9163504202161,233.46140159168,232.18309294873805,통계적이상(3sigma),"mean=229.88, sigma=0.74, lower=227.66, upper=232.10"
V.Z84,U1,2023-12-30,230.5376599942719,233.38178382079735,232.27410919081396,통계적이상(3sigma),"mean=229.88, sigma=0.74, lower=227.66, upper=232.10"
V.Z84,U2,2019-08-28,224.3130276532835,231.3374092903828,227.37597513108153,통계적이상(3sigma),"mean=229.67, sigma=0.73, lower=227.48, upper=231.87"
V.Z84,U2,2019-09-04,224.2444874727669,230.34088385620916,227.40389904915148,통계적이상(3sigma),"mean=229.67, sigma=0.73, lower=227.48, upper=231.87"
V.Z84,U2,2023-04-12,224.21543460038987,229.664432946104,226.76142001104003,통계적이상(3sigma),"mean=229.67, sigma=0.73, lower=227.48, upper=231.87"
V.Z84,U2,2023-07-16,229.7168440815352,235.69894554096024,232.2877114710145,통계적이상(3sigma),"mean=229.67, sigma=0.73, lower=227.48, upper=231.87"
V.Z84,U2,2023-08-22,225.162756363667,230.39568826968787,227.47636204453636,통계적이상(3sigma),"mean=229.67, sigma=0.73, lower=227.48, upper=231.87"
V.Z84,U2,2023-12-06,224.53422205335224,231.2360763141864,227.35047802411677,통계적이상(3sigma),"mean=229.67, sigma=0.73, lower=227.48, upper=231.87"
V.Z84,U2,2023-12-21,229.7525576912835,233.15949655809737,231.9840280572562,통계적이상(3sigma),"mean=229.67, sigma=0.73, lower=227.48, upper=231.87"
V.Z84,U2,2023-12-30,229.87388895347377,233.2118133099559,231.9473021250377,통계적이상(3sigma),"mean=229.67, sigma=0.73, lower=227.48, upper=231.87"
V.Z84,U3,2019-08-28,224.5980751633987,231.70585494782708,227.73776617833323,통계적이상(3sigma),"mean=230.20, sigma=0.73, lower=228.01, upper=232.40"
V.Z84,U3,2019-09-04,224.7616922657952,230.9464795362589,227.91403881893885,통계적이상(3sigma),"mean=230.20, sigma=0.73, lower=228.01, upper=232.40"
V.Z84,U3,2023-01-07,230.94147417154,233.5342501210725,232.64724972576764,통계적이상(3sigma),"mean=230.20, sigma=0.73, lower=228.01, upper=232.40"
V.Z84,U3,2023-04-12,224.7935291264949,230.2144554093567,227.387186093369,통계적이상(3sigma),"mean=230.20, sigma=0.73, lower=228.01, upper=232.40"
V.Z84,U3,2023-07-16,230.3119551824149,235.53385603568208,232.6444670699873,통계적이상(3sigma),"mean=230.20, sigma=0.73, lower=228.01, upper=232.40"
V.Z84,U3,2023-12-06,225.32913962877936,231.7173448402345,227.96940465774574,통계적이상(3sigma),"mean=230.20, sigma=0.73, lower=228.01, upper=232.40"
V.Z84,U3,2023-12-21,230.52484211224152,234.13204932478428,232.82974250969687,통계적이상(3sigma),"mean=230.20, sigma=0.73, lower=228.01, upper=232.40"
V.Z84,U3,2023-12-30,230.7086362797092,233.79944140272244,232.60340318231678,통계적이상(3sigma),"mean=230.20, sigma=0.73, lower=228.01, upper=232.40"
V.ZE84,U1,2023-04-12,224.68858890003628,230.20950098673487,227.31960553572708,통계적이상(3sigma),"mean=230.35, sigma=0.75, lower=228.11, upper=232.60"
V.ZE84,U1,2023-04-13,224.87144271002865,231.52914796617296,228.06310603750433,통계적이상(3sigma),"mean=230.35, sigma=0.75, lower=228.11, upper=232.60"
V.ZE84,U1,2023-12-06,225.3101733771351,231.674567497942,228.0005049738063,통계적이상(3sigma),"mean=230.35, sigma=0.75, lower=228.11, upper=232.60"
V.ZE84,U1,2023-12-30,230.82624068329625,234.0331660827595,232.70995047366554,통계적이상(3sigma),"mean=230.35, sigma=0.75, lower=228.11, upper=232.60"
V.ZE84,U2,2023-01-07,230.306025136934,233.13744350798737,232.16409810239725,통계적이상(3sigma),"mean=229.78, sigma=0.78, lower=227.45, upper=232.11"
V.ZE84,U2,2023-04-12,224.0660141256122,229.5972277577721,226.66294417826865,통계적이상(3sigma),"mean=229.78, sigma=0.78, lower=227.45, upper=232.11"
V.ZE84,U2,2023-07-16,229.6849198331264,235.8233245499712,232.3294530873451,통계적이상(3sigma),"mean=229.78, sigma=0.78, lower=227.45, upper=232.11"
V.ZE84,U2,2023-12-06,224.439208902069,231.1111817899921,227.25062001520917,통계적이상(3sigma),"mean=229.78, sigma=0.78, lower=227.45, upper=232.11"
V.ZE84,U3,2023-04-12,224.78233481195232,230.2772257232672,227.42326654463682,통계적이상(3sigma),"mean=230.35, sigma=0.76, lower=228.09, upper=232.62"
V.ZE84,U3,2023-07-16,230.42700560667947,235.78717825921592,232.82422574730413,통계적이상(3sigma),"mean=230.35, sigma=0.76, lower=228.09, upper=232.62"
V.ZE84,U3,2023-12-06,225.37425402969836,231.73229359770056,228.00786354718062,통계적이상(3sigma),"mean=230.35, sigma=0.76, lower=228.09, upper=232.62"
V.ZE84,U3,2023-12-30,230.74607830808205,234.1196858530171,232.76908210560137,통계적이상(3sigma),"mean=230.35, sigma=0.76, lower=228.09, upper=232.62"
