meter,measurement,day,min_val,max_val,avg_val,anomaly_type,criterion
H1.Z10,PF,2018-01-01,0.5316559139784947,0.5567666666666666,0.5439735428949473,통계적이상(3sigma),"mean=0.9185, sigma=0.0695, lower=0.7101, upper=1.1269"
H1.Z10,PF,2018-01-02,0.5301457341794465,0.5622333333333334,0.5487076554992837,통계적이상(3sigma),"mean=0.9185, sigma=0.0695, lower=0.7101, upper=1.1269"
H1.Z10,PF,2018-01-03,0.5388000000000001,0.7549583333333333,0.650270756489071,통계적이상(3sigma),"mean=0.9185, sigma=0.0695, lower=0.7101, upper=1.1269"
H1.Z10,PF,2018-11-09,0.337875,0.9250833333333334,0.6703809027777777,통계적이상(3sigma),"mean=0.9185, sigma=0.0695, lower=0.7101, upper=1.1269"
H1.Z10,PF,2018-11-10,0.3936416666666666,0.4129333333333333,0.40271770833333326,통계적이상(3sigma),"mean=0.9185, sigma=0.0695, lower=0.7101, upper=1.1269"
H1.Z10,PF,2018-11-11,0.3927,0.4080166666666666,0.40012118055555557,통계적이상(3sigma),"mean=0.9185, sigma=0.0695, lower=0.7101, upper=1.1269"
H1.Z10,PF,2021-01-30,0.52545,0.9605666666666668,0.6845233316527884,통계적이상(3sigma),"mean=0.9185, sigma=0.0695, lower=0.7101, upper=1.1269"
H1.Z10,PF,2021-01-31,0.5456583333333334,0.6828,0.6080156249999998,통계적이상(3sigma),"mean=0.9185, sigma=0.0695, lower=0.7101, upper=1.1269"
H1.Z10,PF,2022-12-23,0.3607666666666667,0.9263833333333332,0.64226875,통계적이상(3sigma),"mean=0.9185, sigma=0.0695, lower=0.7101, upper=1.1269"
H1.Z10,PF,2022-12-24,0.3517083333333333,0.3759166666666667,0.36639671561930776,통계적이상(3sigma),"mean=0.9185, sigma=0.0695, lower=0.7101, upper=1.1269"
H1.Z10,PF,2022-12-25,0.3514,0.37235,0.363716836076416,통계적이상(3sigma),"mean=0.9185, sigma=0.0695, lower=0.7101, upper=1.1269"
H1.Z10,PF,2022-12-26,0.3564666666666667,0.3770166666666666,0.36523576388888884,통계적이상(3sigma),"mean=0.9185, sigma=0.0695, lower=0.7101, upper=1.1269"
H1.Z10,PF,2022-12-27,0.34735,0.3845,0.36713559312386157,통계적이상(3sigma),"mean=0.9185, sigma=0.0695, lower=0.7101, upper=1.1269"
H1.Z10,PF,2022-12-28,0.3129,0.3928166666666666,0.3584190972222223,통계적이상(3sigma),"mean=0.9185, sigma=0.0695, lower=0.7101, upper=1.1269"
H1.Z10,PF,2022-12-29,0.319075,0.3879333333333333,0.3614472222222222,통계적이상(3sigma),"mean=0.9185, sigma=0.0695, lower=0.7101, upper=1.1269"
H1.Z10,PF,2022-12-30,0.3639666666666666,0.3852166666666666,0.37363954348816036,통계적이상(3sigma),"mean=0.9185, sigma=0.0695, lower=0.7101, upper=1.1269"
H1.Z10,PF,2022-12-31,0.3546833333333333,0.3831916666666666,0.3712697916666667,통계적이상(3sigma),"mean=0.9185, sigma=0.0695, lower=0.7101, upper=1.1269"
H1.Z10,PF,2023-01-01,0.3549666666666667,0.38095,0.36748333333333333,통계적이상(3sigma),"mean=0.9185, sigma=0.0695, lower=0.7101, upper=1.1269"
H1.Z10,PF,2023-01-02,0.3608833333333333,0.3964666666666667,0.3748447916666667,통계적이상(3sigma),"mean=0.9185, sigma=0.0695, lower=0.7101, upper=1.1269"
H1.Z10,PF,2023-01-03,0.3368583333333333,0.379825,0.36432256944444436,통계적이상(3sigma),"mean=0.9185, sigma=0.0695, lower=0.7101, upper=1.1269"
H1.Z10,PF,2023-01-04,0.3315583333333333,0.454775,0.4045621527777778,통계적이상(3sigma),"mean=0.9185, sigma=0.0695, lower=0.7101, upper=1.1269"
H1.Z10,PF,2023-01-05,0.4092833333333333,0.4539666666666667,0.4371038194444445,통계적이상(3sigma),"mean=0.9185, sigma=0.0695, lower=0.7101, upper=1.1269"
H1.Z10,PF,2023-01-06,0.4129666666666666,0.4528916666666667,0.4329045138888888,통계적이상(3sigma),"mean=0.9185, sigma=0.0695, lower=0.7101, upper=1.1269"
H1.Z10,PF,2023-01-07,0.4187166666666667,0.4516,0.43122395833333343,통계적이상(3sigma),"mean=0.9185, sigma=0.0695, lower=0.7101, upper=1.1269"
H1.Z10,PF,2023-01-08,0.4035333333333333,0.4338166666666667,0.4182743055555555,통계적이상(3sigma),"mean=0.9185, sigma=0.0695, lower=0.7101, upper=1.1269"
H1.Z10,PF,2023-01-09,0.4140333333333333,0.4547166666666667,0.43761527777777776,통계적이상(3sigma),"mean=0.9185, sigma=0.0695, lower=0.7101, upper=1.1269"
H1.Z10,PF,2023-01-10,0.4260166666666666,0.45625,0.4400802083333335,통계적이상(3sigma),"mean=0.9185, sigma=0.0695, lower=0.7101, upper=1.1269"
H1.Z10,PF,2023-01-11,0.4253333333333333,0.4647523224043716,0.4442805327868853,통계적이상(3sigma),"mean=0.9185, sigma=0.0695, lower=0.7101, upper=1.1269"
H1.Z10,PF,2023-01-12,0.431375,0.45335,0.44345659722222225,통계적이상(3sigma),"mean=0.9185, sigma=0.0695, lower=0.7101, upper=1.1269"
H1.Z10,PF,2023-01-13,0.4249833333333333,0.9619916666666666,0.6980116803278689,통계적이상(3sigma),"mean=0.9185, sigma=0.0695, lower=0.7101, upper=1.1269"
H1.Z10,PF,2023-02-01,0.5645749999999999,0.69735,0.6452142361111112,통계적이상(3sigma),"mean=0.9185, sigma=0.0695, lower=0.7101, upper=1.1269"
H1.Z10,PF,2023-02-02,0.5809333333333334,0.7036833333333333,0.6424841871584699,통계적이상(3sigma),"mean=0.9185, sigma=0.0695, lower=0.7101, upper=1.1269"
H1.Z10,PF,2023-02-03,0.5455833333333333,0.7181416666666666,0.6377121527777778,통계적이상(3sigma),"mean=0.9185, sigma=0.0695, lower=0.7101, upper=1.1269"
H1.Z10,PF,2023-02-04,0.5712499999999999,0.6822704918032786,0.6303532843806922,통계적이상(3sigma),"mean=0.9185, sigma=0.0695, lower=0.7101, upper=1.1269"
H1.Z10,PF,2023-02-05,0.5908166666666667,0.6921833333333333,0.6355340277777778,통계적이상(3sigma),"mean=0.9185, sigma=0.0695, lower=0.7101, upper=1.1269"
H1.Z10,PF,2023-02-06,0.5369583333333333,0.69105,0.6227753472222222,통계적이상(3sigma),"mean=0.9185, sigma=0.0695, lower=0.7101, upper=1.1269"
H1.Z10,PF,2023-02-07,0.5569333333333334,0.7056083333333334,0.6360524305555556,통계적이상(3sigma),"mean=0.9185, sigma=0.0695, lower=0.7101, upper=1.1269"
H1.Z10,PF,2023-02-08,0.608,0.7055666666666666,0.6516375,통계적이상(3sigma),"mean=0.9185, sigma=0.0695, lower=0.7101, upper=1.1269"
H1.Z10,PF,2023-02-09,0.5994333333333334,0.7044583333333333,0.6485631944444444,통계적이상(3sigma),"mean=0.9185, sigma=0.0695, lower=0.7101, upper=1.1269"
H1.Z10,PF,2023-02-10,0.4960353825136611,0.9663166666666666,0.6518042748178506,통계적이상(3sigma),"mean=0.9185, sigma=0.0695, lower=0.7101, upper=1.1269"
H1.Z10,PF,2023-02-11,0.4683916666666666,0.6036416666666666,0.5186090277777776,통계적이상(3sigma),"mean=0.9185, sigma=0.0695, lower=0.7101, upper=1.1269"
H1.Z10,PF,2023-02-12,0.4505666666666666,0.6187333333333334,0.5415777777777778,통계적이상(3sigma),"mean=0.9185, sigma=0.0695, lower=0.7101, upper=1.1269"
H1.Z10,PF,2023-02-13,0.4590666666666667,0.8765666666666667,0.6059607638888889,통계적이상(3sigma),"mean=0.9185, sigma=0.0695, lower=0.7101, upper=1.1269"
H1.Z10,PF,2023-02-14,0.40275,0.5858166666666667,0.527601736111111,통계적이상(3sigma),"mean=0.9185, sigma=0.0695, lower=0.7101, upper=1.1269"
H1.Z10,PF,2023-02-15,0.4776833333333333,0.6279416666666666,0.5480211805555557,통계적이상(3sigma),"mean=0.9185, sigma=0.0695, lower=0.7101, upper=1.1269"
H1.Z10,PF,2023-02-16,0.4547333333333333,0.6359833333333333,0.5482875113843351,통계적이상(3sigma),"mean=0.9185, sigma=0.0695, lower=0.7101, upper=1.1269"
H1.Z10,PF,2023-02-17,0.4440666666666666,0.5938666666666667,0.5180868055555555,통계적이상(3sigma),"mean=0.9185, sigma=0.0695, lower=0.7101, upper=1.1269"
H1.Z10,PF,2023-02-18,0.4472833333333333,0.6327999999999999,0.5340590277777778,통계적이상(3sigma),"mean=0.9185, sigma=0.0695, lower=0.7101, upper=1.1269"
H1.Z10,PF,2023-02-19,0.4183,0.5857333333333333,0.5094344433060108,통계적이상(3sigma),"mean=0.9185, sigma=0.0695, lower=0.7101, upper=1.1269"
H1.Z10,PF,2023-02-20,0.4565333333333333,0.6470666666666667,0.531465625,통계적이상(3sigma),"mean=0.9185, sigma=0.0695, lower=0.7101, upper=1.1269"
H1.Z10,PF,2023-02-21,0.4634666666666666,0.6325999999999999,0.5390093579234972,통계적이상(3sigma),"mean=0.9185, sigma=0.0695, lower=0.7101, upper=1.1269"
H1.Z10,PF,2023-02-22,0.4712137978142076,0.851225,0.6553275162091248,통계적이상(3sigma),"mean=0.9185, sigma=0.0695, lower=0.7101, upper=1.1269"
H1.Z10,PF,2023-06-25,0.5891119383625001,0.7104418678355812,0.6464083663118629,통계적이상(3sigma),"mean=0.9185, sigma=0.0695, lower=0.7101, upper=1.1269"
H1.Z10,PF1,2018-01-01,0.6114499999999999,0.6404038515776486,0.6290837202324006,통계적이상(3sigma),"mean=0.9130, sigma=0.0782, lower=0.6783, upper=1.1476"
H1.Z10,PF1,2018-01-02,0.6268890710382513,0.6439510928961749,0.6348173670038944,통계적이상(3sigma),"mean=0.9130, sigma=0.0782, lower=0.6783, upper=1.1476"
H1.Z10,PF1,2018-01-03,0.6213,0.6752666666666667,0.6471633499924904,통계적이상(3sigma),"mean=0.9130, sigma=0.0782, lower=0.6783, upper=1.1476"
H1.Z10,PF1,2018-11-10,0.5844583333333334,0.6131166666666666,0.60106875,통계적이상(3sigma),"mean=0.9130, sigma=0.0782, lower=0.6783, upper=1.1476"
H1.Z10,PF1,2018-11-11,0.5871833333333334,0.6150166666666667,0.601620138888889,통계적이상(3sigma),"mean=0.9130, sigma=0.0782, lower=0.6783, upper=1.1476"
H1.Z10,PF1,2020-09-26,0.60985,0.6798583333333333,0.6530056750910745,통계적이상(3sigma),"mean=0.9130, sigma=0.0782, lower=0.6783, upper=1.1476"
H1.Z10,PF1,2020-09-27,0.6235166666666667,0.6826333333333333,0.6546693704462658,통계적이상(3sigma),"mean=0.9130, sigma=0.0782, lower=0.6783, upper=1.1476"
H1.Z10,PF1,2020-09-28,0.5617833333333333,0.6859666666666667,0.6216440972222222,통계적이상(3sigma),"mean=0.9130, sigma=0.0782, lower=0.6783, upper=1.1476"
H1.Z10,PF1,2020-09-29,0.5703666666666667,0.6550499999999999,0.6120198315118397,통계적이상(3sigma),"mean=0.9130, sigma=0.0782, lower=0.6783, upper=1.1476"
H1.Z10,PF1,2020-10-03,0.6243583333333333,0.6785166666666667,0.6576378472222223,통계적이상(3sigma),"mean=0.9130, sigma=0.0782, lower=0.6783, upper=1.1476"
H1.Z10,PF1,2020-10-04,0.6144333333333333,0.6747666666666667,0.6516465277777778,통계적이상(3sigma),"mean=0.9130, sigma=0.0782, lower=0.6783, upper=1.1476"
H1.Z10,PF1,2021-01-30,0.3307166666666666,0.9602083333333332,0.45621533822317634,통계적이상(3sigma),"mean=0.9130, sigma=0.0782, lower=0.6783, upper=1.1476"
H1.Z10,PF1,2021-01-31,0.3434,0.42065,0.37297361111111105,통계적이상(3sigma),"mean=0.9130, sigma=0.0782, lower=0.6783, upper=1.1476"
H1.Z10,PF1,2022-12-23,0.419275,0.91625,0.6632986111111111,통계적이상(3sigma),"mean=0.9130, sigma=0.0782, lower=0.6783, upper=1.1476"
H1.Z10,PF1,2022-12-24,0.4144416666666667,0.4337083333333333,0.4253932206284153,통계적이상(3sigma),"mean=0.9130, sigma=0.0782, lower=0.6783, upper=1.1476"
H1.Z10,PF1,2022-12-25,0.412975,0.4338,0.42341723507025747,통계적이상(3sigma),"mean=0.9130, sigma=0.0782, lower=0.6783, upper=1.1476"
H1.Z10,PF1,2022-12-26,0.4170833333333333,0.43955,0.425604861111111,통계적이상(3sigma),"mean=0.9130, sigma=0.0782, lower=0.6783, upper=1.1476"
H1.Z10,PF1,2022-12-27,0.4095833333333333,0.4410916666666667,0.425041216985428,통계적이상(3sigma),"mean=0.9130, sigma=0.0782, lower=0.6783, upper=1.1476"
H1.Z10,PF1,2022-12-28,0.3697333333333333,0.45335,0.4172944444444444,통계적이상(3sigma),"mean=0.9130, sigma=0.0782, lower=0.6783, upper=1.1476"
H1.Z10,PF1,2022-12-29,0.3786833333333333,0.4483833333333333,0.42130590277777774,통계적이상(3sigma),"mean=0.9130, sigma=0.0782, lower=0.6783, upper=1.1476"
H1.Z10,PF1,2022-12-30,0.4230583333333333,0.4433999999999999,0.4328518670309654,통계적이상(3sigma),"mean=0.9130, sigma=0.0782, lower=0.6783, upper=1.1476"
H1.Z10,PF1,2022-12-31,0.4152666666666667,0.4407666666666667,0.42982604166666666,통계적이상(3sigma),"mean=0.9130, sigma=0.0782, lower=0.6783, upper=1.1476"
H1.Z10,PF1,2023-01-01,0.4147583333333333,0.4402,0.4277847222222222,통계적이상(3sigma),"mean=0.9130, sigma=0.0782, lower=0.6783, upper=1.1476"
H1.Z10,PF1,2023-01-02,0.4176083333333333,0.4485166666666667,0.43294409722222227,통계적이상(3sigma),"mean=0.9130, sigma=0.0782, lower=0.6783, upper=1.1476"
H1.Z10,PF1,2023-01-03,0.3977666666666666,0.4357166666666667,0.4220819444444444,통계적이상(3sigma),"mean=0.9130, sigma=0.0782, lower=0.6783, upper=1.1476"
H1.Z10,PF1,2023-01-04,0.3919249999999999,0.8681833333333333,0.655813888888889,통계적이상(3sigma),"mean=0.9130, sigma=0.0782, lower=0.6783, upper=1.1476"
H1.Z10,PF1,2023-02-10,0.1350163934426229,0.8033666666666667,0.4105786372950819,통계적이상(3sigma),"mean=0.9130, sigma=0.0782, lower=0.6783, upper=1.1476"
H1.Z10,PF1,2023-02-11,0.1547166666666666,0.2680666666666667,0.2013663194444444,통계적이상(3sigma),"mean=0.9130, sigma=0.0782, lower=0.6783, upper=1.1476"
H1.Z10,PF1,2023-02-12,0.13005,0.25115,0.19161631944444443,통계적이상(3sigma),"mean=0.9130, sigma=0.0782, lower=0.6783, upper=1.1476"
H1.Z10,PF1,2023-02-13,0.1205,0.246875,0.19430208333333332,통계적이상(3sigma),"mean=0.9130, sigma=0.0782, lower=0.6783, upper=1.1476"
H1.Z10,PF1,2023-02-14,0.125475,0.2404,0.1963736111111111,통계적이상(3sigma),"mean=0.9130, sigma=0.0782, lower=0.6783, upper=1.1476"
H1.Z10,PF1,2023-02-15,0.13965,0.25885,0.1989423611111111,통계적이상(3sigma),"mean=0.9130, sigma=0.0782, lower=0.6783, upper=1.1476"
H1.Z10,PF1,2023-02-16,0.1364999999999999,0.4498499999999999,0.2367774874772313,통계적이상(3sigma),"mean=0.9130, sigma=0.0782, lower=0.6783, upper=1.1476"
H1.Z10,PF1,2023-02-17,0.146825,0.2591333333333333,0.19803506944444446,통계적이상(3sigma),"mean=0.9130, sigma=0.0782, lower=0.6783, upper=1.1476"
H1.Z10,PF1,2023-02-18,0.1438166666666666,0.2351333333333333,0.19085798611111107,통계적이상(3sigma),"mean=0.9130, sigma=0.0782, lower=0.6783, upper=1.1476"
H1.Z10,PF1,2023-02-19,0.09175,0.2448166666666666,0.1761808003187614,통계적이상(3sigma),"mean=0.9130, sigma=0.0782, lower=0.6783, upper=1.1476"
H1.Z10,PF1,2023-02-20,0.1122166666666666,0.2515416666666666,0.18785520833333327,통계적이상(3sigma),"mean=0.9130, sigma=0.0782, lower=0.6783, upper=1.1476"
H1.Z10,PF1,2023-02-21,0.1328833333333333,0.2458333333333333,0.18682193761384336,통계적이상(3sigma),"mean=0.9130, sigma=0.0782, lower=0.6783, upper=1.1476"
H1.Z10,PF1,2023-02-22,0.1595166666666666,0.2700833333333333,0.20989548421372195,통계적이상(3sigma),"mean=0.9130, sigma=0.0782, lower=0.6783, upper=1.1476"
H1.Z10,PF1,2023-02-23,0.1911,0.9696666666666668,0.6007194444444445,통계적이상(3sigma),"mean=0.9130, sigma=0.0782, lower=0.6783, upper=1.1476"
H1.Z10,PF1,2023-06-25,0.5738920991166423,0.6411813515760666,0.6040263251893104,통계적이상(3sigma),"mean=0.9130, sigma=0.0782, lower=0.6783, upper=1.1476"
H1.Z10,PF2,2018-01-01,0.1527083333333333,0.25245,0.21018929252983237,통계적이상(3sigma),"mean=0.8968, sigma=0.1412, lower=0.4731, upper=1.3204"
H1.Z10,PF2,2018-01-02,0.1499254098360656,0.2328147540983606,0.1942481769385573,통계적이상(3sigma),"mean=0.8968, sigma=0.1412, lower=0.4731, upper=1.3204"
H1.Z10,PF2,2018-11-10,-0.0418166666666666,-0.0108916666666666,-0.02696701388888885,통계적이상(3sigma),"mean=0.8968, sigma=0.1412, lower=0.4731, upper=1.3204"
H1.Z10,PF2,2018-11-11,-0.046,-0.0088333333333333,-0.023792013888888856,통계적이상(3sigma),"mean=0.8968, sigma=0.1412, lower=0.4731, upper=1.3204"
H1.Z10,PF2,2021-01-30,0.0641416666666666,0.947675,0.31061042371411224,통계적이상(3sigma),"mean=0.8968, sigma=0.1412, lower=0.4731, upper=1.3204"
H1.Z10,PF2,2021-01-31,0.06505,0.080975,0.07211215277777773,통계적이상(3sigma),"mean=0.8968, sigma=0.1412, lower=0.4731, upper=1.3204"
H1.Z10,PF2,2022-12-23,-0.052125,0.9074166666666666,0.43361076388888886,통계적이상(3sigma),"mean=0.8968, sigma=0.1412, lower=0.4731, upper=1.3204"
H1.Z10,PF2,2022-12-24,-0.0324,0.0036083333333333,-0.019120292577413437,통계적이상(3sigma),"mean=0.8968, sigma=0.1412, lower=0.4731, upper=1.3204"
H1.Z10,PF2,2022-12-25,-0.0342833333333333,0.0029833333333333,-0.01802237753708038,통계적이상(3sigma),"mean=0.8968, sigma=0.1412, lower=0.4731, upper=1.3204"
H1.Z10,PF2,2022-12-26,-0.0421916666666666,0.0042583333333333,-0.01949861111111108,통계적이상(3sigma),"mean=0.8968, sigma=0.1412, lower=0.4731, upper=1.3204"
H1.Z10,PF2,2022-12-27,-0.06015,-0.0120833333333333,-0.03301284722222219,통계적이상(3sigma),"mean=0.8968, sigma=0.1412, lower=0.4731, upper=1.3204"
H1.Z10,PF2,2022-12-28,-0.0477333333333333,-0.00825,-0.029592361111111076,통계적이상(3sigma),"mean=0.8968, sigma=0.1412, lower=0.4731, upper=1.3204"
H1.Z10,PF2,2022-12-29,-0.0625333333333333,-0.0097166666666666,-0.030266319444444408,통계적이상(3sigma),"mean=0.8968, sigma=0.1412, lower=0.4731, upper=1.3204"
H1.Z10,PF2,2022-12-30,-0.05945,-0.0167083333333333,-0.03042820469034606,통계적이상(3sigma),"mean=0.8968, sigma=0.1412, lower=0.4731, upper=1.3204"
H1.Z10,PF2,2022-12-31,-0.0273416666666666,-0.0019666666666666,-0.01717638888888885,통계적이상(3sigma),"mean=0.8968, sigma=0.1412, lower=0.4731, upper=1.3204"
H1.Z10,PF2,2023-01-01,-0.0465833333333333,0.0006833333333333,-0.02121562499999997,통계적이상(3sigma),"mean=0.8968, sigma=0.1412, lower=0.4731, upper=1.3204"
H1.Z10,PF2,2023-01-02,-0.0854166666666666,-0.0029249999999999,-0.046667361111111055,통계적이상(3sigma),"mean=0.8968, sigma=0.1412, lower=0.4731, upper=1.3204"
H1.Z10,PF2,2023-01-03,-0.0650333333333333,-0.0359166666666666,-0.050477430555555515,통계적이상(3sigma),"mean=0.8968, sigma=0.1412, lower=0.4731, upper=1.3204"
H1.Z10,PF2,2023-01-04,-0.0716833333333333,-0.03365,-0.05250243055555551,통계적이상(3sigma),"mean=0.8968, sigma=0.1412, lower=0.4731, upper=1.3204"
H1.Z10,PF2,2023-01-05,-0.0763583333333333,-0.0292333333333333,-0.04798680555555554,통계적이상(3sigma),"mean=0.8968, sigma=0.1412, lower=0.4731, upper=1.3204"
H1.Z10,PF2,2023-01-06,-0.0644833333333333,-0.0208333333333333,-0.040728124999999955,통계적이상(3sigma),"mean=0.8968, sigma=0.1412, lower=0.4731, upper=1.3204"
H1.Z10,PF2,2023-01-07,-0.0705666666666666,-0.0377166666666666,-0.048009938524590116,통계적이상(3sigma),"mean=0.8968, sigma=0.1412, lower=0.4731, upper=1.3204"
H1.Z10,PF2,2023-01-08,-0.0494333333333333,-0.0246166666666666,-0.03656597222222219,통계적이상(3sigma),"mean=0.8968, sigma=0.1412, lower=0.4731, upper=1.3204"
H1.Z10,PF2,2023-01-09,-0.0663,-0.028575,-0.0477225694444444,통계적이상(3sigma),"mean=0.8968, sigma=0.1412, lower=0.4731, upper=1.3204"
H1.Z10,PF2,2023-01-10,-0.06515,-0.0318,-0.04828124999999997,통계적이상(3sigma),"mean=0.8968, sigma=0.1412, lower=0.4731, upper=1.3204"
H1.Z10,PF2,2023-01-11,-0.0842416666666666,-0.0351333333333333,-0.05304852572859741,통계적이상(3sigma),"mean=0.8968, sigma=0.1412, lower=0.4731, upper=1.3204"
H1.Z10,PF2,2023-01-12,-0.0770916666666666,-0.0363166666666666,-0.06029687499999995,통계적이상(3sigma),"mean=0.8968, sigma=0.1412, lower=0.4731, upper=1.3204"
H1.Z10,PF2,2023-01-13,-0.0632666666666666,0.9527083333333332,0.4555915869763205,통계적이상(3sigma),"mean=0.8968, sigma=0.1412, lower=0.4731, upper=1.3204"
H1.Z10,PF2,2023-01-31,-0.065525,0.7237333333333333,0.24425416666666666,통계적이상(3sigma),"mean=0.8968, sigma=0.1412, lower=0.4731, upper=1.3204"
H1.Z10,PF2,2023-02-01,-0.0683166666666666,0.0259833333333333,-0.032928124999999975,통계적이상(3sigma),"mean=0.8968, sigma=0.1412, lower=0.4731, upper=1.3204"
H1.Z10,PF2,2023-02-02,-0.05835,0.0222083333333333,-0.03388451161202183,통계적이상(3sigma),"mean=0.8968, sigma=0.1412, lower=0.4731, upper=1.3204"
H1.Z10,PF2,2023-02-03,-0.0643,0.011825,-0.025061458333333318,통계적이상(3sigma),"mean=0.8968, sigma=0.1412, lower=0.4731, upper=1.3204"
H1.Z10,PF2,2023-02-04,-0.0566333333333333,-0.0296833333333333,-0.04382606443533693,통계적이상(3sigma),"mean=0.8968, sigma=0.1412, lower=0.4731, upper=1.3204"
H1.Z10,PF2,2023-02-05,-0.0499916666666666,-0.0210333333333333,-0.0368475694444444,통계적이상(3sigma),"mean=0.8968, sigma=0.1412, lower=0.4731, upper=1.3204"
H1.Z10,PF2,2023-02-06,-0.0533166666666666,0.01505,-0.022382291666666648,통계적이상(3sigma),"mean=0.8968, sigma=0.1412, lower=0.4731, upper=1.3204"
H1.Z10,PF2,2023-02-07,-0.0728666666666666,0.0211916666666666,-0.02556041666666665,통계적이상(3sigma),"mean=0.8968, sigma=0.1412, lower=0.4731, upper=1.3204"
H1.Z10,PF2,2023-02-08,-0.0695333333333333,-0.03395,-0.052972569444444395,통계적이상(3sigma),"mean=0.8968, sigma=0.1412, lower=0.4731, upper=1.3204"
H1.Z10,PF2,2023-02-09,-0.0762166666666666,-0.0430083333333333,-0.058101388888888834,통계적이상(3sigma),"mean=0.8968, sigma=0.1412, lower=0.4731, upper=1.3204"
H1.Z10,PF2,2023-02-10,-0.0575833333333333,0.2535333333333333,0.03294980646630237,통계적이상(3sigma),"mean=0.8968, sigma=0.1412, lower=0.4731, upper=1.3204"
H1.Z10,PF2,2023-02-11,0.057,0.0679833333333333,0.06286562499999997,통계적이상(3sigma),"mean=0.8968, sigma=0.1412, lower=0.4731, upper=1.3204"
H1.Z10,PF2,2023-02-12,0.0517833333333333,0.0707333333333333,0.06448402777777773,통계적이상(3sigma),"mean=0.8968, sigma=0.1412, lower=0.4731, upper=1.3204"
H1.Z10,PF2,2023-02-13,0.0586583333333333,0.0765499999999999,0.06480312499999996,통계적이상(3sigma),"mean=0.8968, sigma=0.1412, lower=0.4731, upper=1.3204"
H1.Z10,PF2,2023-02-14,0.0545,0.0655833333333333,0.060564930555555514,통계적이상(3sigma),"mean=0.8968, sigma=0.1412, lower=0.4731, upper=1.3204"
H1.Z10,PF2,2023-02-15,0.053,0.076225,0.061550694444444415,통계적이상(3sigma),"mean=0.8968, sigma=0.1412, lower=0.4731, upper=1.3204"
H1.Z10,PF2,2023-02-16,0.0500333333333333,0.0650502732240437,0.05732426571038247,통계적이상(3sigma),"mean=0.8968, sigma=0.1412, lower=0.4731, upper=1.3204"
H1.Z10,PF2,2023-02-17,0.0406833333333333,0.078575,0.05721840277777775,통계적이상(3sigma),"mean=0.8968, sigma=0.1412, lower=0.4731, upper=1.3204"
H1.Z10,PF2,2023-02-18,0.0418416666666666,0.0699833333333333,0.056915972222222194,통계적이상(3sigma),"mean=0.8968, sigma=0.1412, lower=0.4731, upper=1.3204"
H1.Z10,PF2,2023-02-19,0.0425833333333333,0.0660166666666666,0.05664532103825132,통계적이상(3sigma),"mean=0.8968, sigma=0.1412, lower=0.4731, upper=1.3204"
H1.Z10,PF2,2023-02-20,0.0385083333333333,0.0742166666666666,0.05967465277777775,통계적이상(3sigma),"mean=0.8968, sigma=0.1412, lower=0.4731, upper=1.3204"
H1.Z10,PF2,2023-02-21,0.0436999999999999,0.074,0.06139730760473585,통계적이상(3sigma),"mean=0.8968, sigma=0.1412, lower=0.4731, upper=1.3204"
H1.Z10,PF2,2023-02-22,0.0571166666666666,0.7928666666666667,0.34736054677335426,통계적이상(3sigma),"mean=0.8968, sigma=0.1412, lower=0.4731, upper=1.3204"
H1.Z10,PF2,2023-06-24,-0.1629602174715267,0.9144789595475408,0.0862474272012234,통계적이상(3sigma),"mean=0.8968, sigma=0.1412, lower=0.4731, upper=1.3204"
H1.Z10,PF2,2023-06-25,-0.1531450475088063,-0.1247373231716213,-0.13713490227458275,통계적이상(3sigma),"mean=0.8968, sigma=0.1412, lower=0.4731, upper=1.3204"
H1.Z10,PF3,2019-05-16,0.6386333333333333,0.7408416666666666,0.6858958333333333,통계적이상(3sigma),"mean=0.9019, sigma=0.0720, lower=0.6859, upper=1.1179"
H1.Z10,PF3,2020-11-07,0.6247833333333334,0.7114166666666667,0.6743479166666667,통계적이상(3sigma),"mean=0.9019, sigma=0.0720, lower=0.6859, upper=1.1179"
H1.Z10,PF3,2020-11-08,0.6108416666666667,0.72785,0.6688930555555556,통계적이상(3sigma),"mean=0.9019, sigma=0.0720, lower=0.6859, upper=1.1179"
H1.Z10,PF3,2021-01-30,0.4244833333333332,0.9261833333333332,0.5463021953405017,통계적이상(3sigma),"mean=0.9019, sigma=0.0720, lower=0.6859, upper=1.1179"
H1.Z10,PF3,2021-01-31,0.4403583333333333,0.5329666666666666,0.4928208333333332,통계적이상(3sigma),"mean=0.9019, sigma=0.0720, lower=0.6859, upper=1.1179"
H1.Z10,PF3,2022-12-23,0.4283833333333333,0.9386666666666666,0.6767170138888888,통계적이상(3sigma),"mean=0.9019, sigma=0.0720, lower=0.6859, upper=1.1179"
H1.Z10,PF3,2022-12-24,0.4108833333333333,0.4400166666666666,0.4259138775045537,통계적이상(3sigma),"mean=0.9019, sigma=0.0720, lower=0.6859, upper=1.1179"
H1.Z10,PF3,2022-12-25,0.40585,0.4260333333333334,0.4174799321276781,통계적이상(3sigma),"mean=0.9019, sigma=0.0720, lower=0.6859, upper=1.1179"
H1.Z10,PF3,2022-12-26,0.41015,0.43705,0.4220822916666667,통계적이상(3sigma),"mean=0.9019, sigma=0.0720, lower=0.6859, upper=1.1179"
H1.Z10,PF3,2022-12-27,0.4139666666666667,0.4412,0.4295734801912568,통계적이상(3sigma),"mean=0.9019, sigma=0.0720, lower=0.6859, upper=1.1179"
H1.Z10,PF3,2022-12-28,0.40625,0.4419333333333333,0.43104027777777776,통계적이상(3sigma),"mean=0.9019, sigma=0.0720, lower=0.6859, upper=1.1179"
H1.Z10,PF3,2022-12-29,0.4169,0.4396,0.4293732638888889,통계적이상(3sigma),"mean=0.9019, sigma=0.0720, lower=0.6859, upper=1.1179"
H1.Z10,PF3,2022-12-30,0.4203916666666666,0.4409833333333333,0.4291600466757741,통계적이상(3sigma),"mean=0.9019, sigma=0.0720, lower=0.6859, upper=1.1179"
H1.Z10,PF3,2022-12-31,0.4185999999999999,0.4420666666666666,0.42868506944444457,통계적이상(3sigma),"mean=0.9019, sigma=0.0720, lower=0.6859, upper=1.1179"
H1.Z10,PF3,2023-01-01,0.4128666666666666,0.4397583333333333,0.4267881944444445,통계적이상(3sigma),"mean=0.9019, sigma=0.0720, lower=0.6859, upper=1.1179"
H1.Z10,PF3,2023-01-02,0.40765,0.4377,0.41953784722222215,통계적이상(3sigma),"mean=0.9019, sigma=0.0720, lower=0.6859, upper=1.1179"
H1.Z10,PF3,2023-01-03,0.4117833333333333,0.43255,0.42468090277777787,통계적이상(3sigma),"mean=0.9019, sigma=0.0720, lower=0.6859, upper=1.1179"
H1.Z10,PF3,2023-01-04,0.4033166666666667,0.4317333333333333,0.4173163194444445,통계적이상(3sigma),"mean=0.9019, sigma=0.0720, lower=0.6859, upper=1.1179"
H1.Z10,PF3,2023-01-05,0.3909166666666666,0.4289,0.40829479166666655,통계적이상(3sigma),"mean=0.9019, sigma=0.0720, lower=0.6859, upper=1.1179"
H1.Z10,PF3,2023-01-06,0.3970416666666667,0.4291666666666666,0.4139006944444444,통계적이상(3sigma),"mean=0.9019, sigma=0.0720, lower=0.6859, upper=1.1179"
H1.Z10,PF3,2023-01-07,0.4073833333333334,0.4226833333333333,0.41531202185792354,통계적이상(3sigma),"mean=0.9019, sigma=0.0720, lower=0.6859, upper=1.1179"
H1.Z10,PF3,2023-01-08,0.4059416666666667,0.4251333333333333,0.41340069444444455,통계적이상(3sigma),"mean=0.9019, sigma=0.0720, lower=0.6859, upper=1.1179"
H1.Z10,PF3,2023-01-09,0.4004333333333333,0.42155,0.41131944444444435,통계적이상(3sigma),"mean=0.9019, sigma=0.0720, lower=0.6859, upper=1.1179"
H1.Z10,PF3,2023-01-10,0.405125,0.42085,0.4128579861111111,통계적이상(3sigma),"mean=0.9019, sigma=0.0720, lower=0.6859, upper=1.1179"
H1.Z10,PF3,2023-01-11,0.3980333333333333,0.4225833333333333,0.4100590391621129,통계적이상(3sigma),"mean=0.9019, sigma=0.0720, lower=0.6859, upper=1.1179"
H1.Z10,PF3,2023-01-12,0.3966166666666667,0.4176666666666666,0.40854131944444444,통계적이상(3sigma),"mean=0.9019, sigma=0.0720, lower=0.6859, upper=1.1179"
H1.Z10,PF3,2023-01-13,0.3932916666666666,0.9689166666666666,0.6510524020947176,통계적이상(3sigma),"mean=0.9019, sigma=0.0720, lower=0.6859, upper=1.1179"
H1.Z10,PF3,2023-02-01,0.5963833333333334,0.7362833333333333,0.6849732638888887,통계적이상(3sigma),"mean=0.9019, sigma=0.0720, lower=0.6859, upper=1.1179"
H1.Z10,PF3,2023-02-02,0.6286333333333333,0.7231333333333333,0.6791457422586521,통계적이상(3sigma),"mean=0.9019, sigma=0.0720, lower=0.6859, upper=1.1179"
H1.Z10,PF3,2023-02-03,0.59,0.741075,0.6777357638888888,통계적이상(3sigma),"mean=0.9019, sigma=0.0720, lower=0.6859, upper=1.1179"
H1.Z10,PF3,2023-02-04,0.623575,0.7285773224043716,0.672412943989071,통계적이상(3sigma),"mean=0.9019, sigma=0.0720, lower=0.6859, upper=1.1179"
H1.Z10,PF3,2023-02-05,0.6444333333333333,0.7323000000000001,0.6810430555555556,통계적이상(3sigma),"mean=0.9019, sigma=0.0720, lower=0.6859, upper=1.1179"
H1.Z10,PF3,2023-02-06,0.6170833333333333,0.734075,0.6713767361111111,통계적이상(3sigma),"mean=0.9019, sigma=0.0720, lower=0.6859, upper=1.1179"
H1.Z10,PF3,2023-02-07,0.6140416666666667,0.7329249999999999,0.6781614583333333,통계적이상(3sigma),"mean=0.9019, sigma=0.0720, lower=0.6859, upper=1.1179"
H1.Z10,PF3,2023-02-10,0.4686103825136612,0.9559333333333332,0.6458252447632058,통계적이상(3sigma),"mean=0.9019, sigma=0.0720, lower=0.6859, upper=1.1179"
H1.Z10,PF3,2023-02-11,0.457875,0.5279666666666666,0.48641111111111107,통계적이상(3sigma),"mean=0.9019, sigma=0.0720, lower=0.6859, upper=1.1179"
H1.Z10,PF3,2023-02-12,0.4354083333333333,0.5388499999999999,0.4998003472222223,통계적이상(3sigma),"mean=0.9019, sigma=0.0720, lower=0.6859, upper=1.1179"
H1.Z10,PF3,2023-02-13,0.4536083333333333,0.8506250000000001,0.5710489583333335,통계적이상(3sigma),"mean=0.9019, sigma=0.0720, lower=0.6859, upper=1.1179"
H1.Z10,PF3,2023-02-14,0.4334416666666666,0.5292583333333334,0.48676666666666657,통계적이상(3sigma),"mean=0.9019, sigma=0.0720, lower=0.6859, upper=1.1179"
H1.Z10,PF3,2023-02-15,0.4412666666666666,0.5451416666666666,0.4926048611111111,통계적이상(3sigma),"mean=0.9019, sigma=0.0720, lower=0.6859, upper=1.1179"
H1.Z10,PF3,2023-02-16,0.441675,0.5411750000000001,0.49824551457194893,통계적이상(3sigma),"mean=0.9019, sigma=0.0720, lower=0.6859, upper=1.1179"
H1.Z10,PF3,2023-02-17,0.31505,0.6509583333333333,0.49648576388888893,통계적이상(3sigma),"mean=0.9019, sigma=0.0720, lower=0.6859, upper=1.1179"
H1.Z10,PF3,2023-02-18,0.4292166666666667,0.5295333333333333,0.4900305555555556,통계적이상(3sigma),"mean=0.9019, sigma=0.0720, lower=0.6859, upper=1.1179"
H1.Z10,PF3,2023-02-19,0.4519583333333333,0.5159166666666667,0.48068871812386155,통계적이상(3sigma),"mean=0.9019, sigma=0.0720, lower=0.6859, upper=1.1179"
H1.Z10,PF3,2023-02-20,0.3770083333333333,0.531525,0.48638715277777766,통계적이상(3sigma),"mean=0.9019, sigma=0.0720, lower=0.6859, upper=1.1179"
H1.Z10,PF3,2023-02-21,0.4472416666666666,0.5316500000000001,0.4944377225207022,통계적이상(3sigma),"mean=0.9019, sigma=0.0720, lower=0.6859, upper=1.1179"
H1.Z10,PF3,2023-02-22,0.3647520491803278,0.5178499999999999,0.48757911491099165,통계적이상(3sigma),"mean=0.9019, sigma=0.0720, lower=0.6859, upper=1.1179"
H1.Z10,PF3,2023-04-30,0.6517416666666667,0.7209,0.6849850694444445,통계적이상(3sigma),"mean=0.9019, sigma=0.0720, lower=0.6859, upper=1.1179"
H1.Z10,PF3,2023-06-25,0.6023982898547937,0.7181782526615016,0.6617313610003809,통계적이상(3sigma),"mean=0.9019, sigma=0.0720, lower=0.6859, upper=1.1179"
H1.Z11,PF,2020-11-06,0.0,0.5917166666666667,0.15362486338797812,통계적이상(3sigma),"mean=0.9191, sigma=0.1294, lower=0.5308, upper=1.3074"
H1.Z11,PF,2020-11-07,0.0,0.302075,0.1327986111111111,통계적이상(3sigma),"mean=0.9191, sigma=0.1294, lower=0.5308, upper=1.3074"
H1.Z11,PF,2020-11-08,0.0157333333333333,0.3868999999999999,0.1752569444444444,통계적이상(3sigma),"mean=0.9191, sigma=0.1294, lower=0.5308, upper=1.3074"
H1.Z11,PF,2020-11-09,0.0,0.4646916666666666,0.08572510815118395,통계적이상(3sigma),"mean=0.9191, sigma=0.1294, lower=0.5308, upper=1.3074"
H1.Z11,PF,2020-11-10,0.0,0.1654333333333333,0.04563923611111107,통계적이상(3sigma),"mean=0.9191, sigma=0.1294, lower=0.5308, upper=1.3074"
H1.Z11,PF,2020-11-11,-0.0032916666666666,0.9955416666666668,0.2129253472222222,통계적이상(3sigma),"mean=0.9191, sigma=0.1294, lower=0.5308, upper=1.3074"
H1.Z11,PF,2020-11-12,0.0,0.1269666666666666,0.016188194444444415,통계적이상(3sigma),"mean=0.9191, sigma=0.1294, lower=0.5308, upper=1.3074"
H1.Z11,PF,2020-11-13,-0.10555,0.0779499999999999,0.013746527777777753,통계적이상(3sigma),"mean=0.9191, sigma=0.1294, lower=0.5308, upper=1.3074"
H1.Z11,PF,2020-11-14,0.0,0.0986666666666666,0.022110069444444408,통계적이상(3sigma),"mean=0.9191, sigma=0.1294, lower=0.5308, upper=1.3074"
H1.Z11,PF,2020-11-15,0.0,0.12905,0.05397152777777773,통계적이상(3sigma),"mean=0.9191, sigma=0.1294, lower=0.5308, upper=1.3074"
H1.Z11,PF,2020-11-16,-0.00095,0.0520166666666666,0.008552777777777758,통계적이상(3sigma),"mean=0.9191, sigma=0.1294, lower=0.5308, upper=1.3074"
H1.Z11,PF,2020-11-17,0.0,0.0720916666666666,0.011763888888888864,통계적이상(3sigma),"mean=0.9191, sigma=0.1294, lower=0.5308, upper=1.3074"
H1.Z11,PF,2020-11-18,-0.6355333333333333,0.04235,-0.035637847222222234,통계적이상(3sigma),"mean=0.9191, sigma=0.1294, lower=0.5308, upper=1.3074"
H1.Z11,PF,2020-11-19,-0.3588333333333333,0.0659083333333333,-0.08389062499999998,통계적이상(3sigma),"mean=0.9191, sigma=0.1294, lower=0.5308, upper=1.3074"
H1.Z11,PF,2020-11-20,-0.6002658469945356,0.19925,-0.03405762750455376,통계적이상(3sigma),"mean=0.9191, sigma=0.1294, lower=0.5308, upper=1.3074"
H1.Z11,PF,2020-11-21,0.0,0.1478916666666666,0.07451979166666663,통계적이상(3sigma),"mean=0.9191, sigma=0.1294, lower=0.5308, upper=1.3074"
H1.Z11,PF,2020-11-22,0.0,0.2118916666666666,0.06095381944444441,통계적이상(3sigma),"mean=0.9191, sigma=0.1294, lower=0.5308, upper=1.3074"
H1.Z11,PF,2020-11-23,-0.7582333333333333,0.2465916666666666,-0.022885763888888914,통계적이상(3sigma),"mean=0.9191, sigma=0.1294, lower=0.5308, upper=1.3074"
H1.Z11,PF,2020-11-24,-0.4685083333333333,0.1932416666666666,0.010087499999999975,통계적이상(3sigma),"mean=0.9191, sigma=0.1294, lower=0.5308, upper=1.3074"
H1.Z11,PF,2020-11-25,-0.3125333333333333,0.1658666666666666,0.018432291666666642,통계적이상(3sigma),"mean=0.9191, sigma=0.1294, lower=0.5308, upper=1.3074"
H1.Z11,PF,2020-11-26,-0.632,0.1136083333333333,-0.07181493055555557,통계적이상(3sigma),"mean=0.9191, sigma=0.1294, lower=0.5308, upper=1.3074"
H1.Z11,PF,2020-11-27,-0.7032416666666667,0.1229249999999999,-0.08325674521857922,통계적이상(3sigma),"mean=0.9191, sigma=0.1294, lower=0.5308, upper=1.3074"
H1.Z11,PF,2020-11-28,0.0,0.1400166666666666,0.06489618055555552,통계적이상(3sigma),"mean=0.9191, sigma=0.1294, lower=0.5308, upper=1.3074"
H1.Z11,PF,2020-11-29,0.0,0.2044833333333333,0.0865972222222222,통계적이상(3sigma),"mean=0.9191, sigma=0.1294, lower=0.5308, upper=1.3074"
H1.Z11,PF,2020-11-30,-0.63345,0.0460083333333333,-0.023947916666666676,통계적이상(3sigma),"mean=0.9191, sigma=0.1294, lower=0.5308, upper=1.3074"
H1.Z11,PF,2020-12-01,-0.5156666666666667,0.14755,-0.006914583333333357,통계적이상(3sigma),"mean=0.9191, sigma=0.1294, lower=0.5308, upper=1.3074"
H1.Z11,PF,2020-12-02,-0.4762166666666667,0.0798333333333333,-0.024476388888888898,통계적이상(3sigma),"mean=0.9191, sigma=0.1294, lower=0.5308, upper=1.3074"
H1.Z11,PF,2020-12-03,-0.6194666666666666,0.1724416666666666,-0.004322916666666693,통계적이상(3sigma),"mean=0.9191, sigma=0.1294, lower=0.5308, upper=1.3074"
H1.Z11,PF,2020-12-04,-0.7050916666666667,0.1946583333333333,-0.029183447176684894,통계적이상(3sigma),"mean=0.9191, sigma=0.1294, lower=0.5308, upper=1.3074"
H1.Z11,PF,2020-12-05,0.02,0.3835499999999999,0.15167727686703095,통계적이상(3sigma),"mean=0.9191, sigma=0.1294, lower=0.5308, upper=1.3074"
H1.Z11,PF,2020-12-06,0.0588999999999999,0.3625083333333333,0.18495833333333322,통계적이상(3sigma),"mean=0.9191, sigma=0.1294, lower=0.5308, upper=1.3074"
H1.Z11,PF,2020-12-07,-0.6554588797814208,0.195725,-0.05820800887978145,통계적이상(3sigma),"mean=0.9191, sigma=0.1294, lower=0.5308, upper=1.3074"
H1.Z11,PF,2020-12-08,-0.6722,0.9951666666666666,0.3918274305555556,통계적이상(3sigma),"mean=0.9191, sigma=0.1294, lower=0.5308, upper=1.3074"
H1.Z11,PF1,2020-11-05,-0.0640833333333333,0.767925,0.47016386612021854,통계적이상(3sigma),"mean=0.8535, sigma=0.1167, lower=0.5033, upper=1.2036"
H1.Z11,PF1,2020-11-06,0.0,0.3455916666666667,0.014399652777777779,통계적이상(3sigma),"mean=0.8535, sigma=0.1167, lower=0.5033, upper=1.2036"
H1.Z11,PF1,2020-11-07,-0.0311666666666666,0.0,-0.0012986111111111082,통계적이상(3sigma),"mean=0.8535, sigma=0.1167, lower=0.5033, upper=1.2036"
H1.Z11,PF1,2020-11-08,-0.027375,0.0,-0.0020989583333333333,통계적이상(3sigma),"mean=0.8535, sigma=0.1167, lower=0.5033, upper=1.2036"
H1.Z11,PF1,2020-11-09,-0.0560333333333333,0.0,-0.002802777777777775,통계적이상(3sigma),"mean=0.8535, sigma=0.1167, lower=0.5033, upper=1.2036"
H1.Z11,PF1,2020-11-10,-0.0214249999999999,0.0,-0.0014920138888888832,통계적이상(3sigma),"mean=0.8535, sigma=0.1167, lower=0.5033, upper=1.2036"
H1.Z11,PF1,2020-11-11,0.0,0.8934083333333334,0.1557204861111111,통계적이상(3sigma),"mean=0.8535, sigma=0.1167, lower=0.5033, upper=1.2036"
H1.Z11,PF1,2020-11-12,0.0,0.0,0.0,통계적이상(3sigma),"mean=0.8535, sigma=0.1167, lower=0.5033, upper=1.2036"
H1.Z11,PF1,2020-11-13,0.0,0.0,0.0,통계적이상(3sigma),"mean=0.8535, sigma=0.1167, lower=0.5033, upper=1.2036"
H1.Z11,PF1,2020-11-14,-0.015125,0.0,-0.0006302083333333333,통계적이상(3sigma),"mean=0.8535, sigma=0.1167, lower=0.5033, upper=1.2036"
H1.Z11,PF1,2020-11-15,0.0,0.0,0.0,통계적이상(3sigma),"mean=0.8535, sigma=0.1167, lower=0.5033, upper=1.2036"
H1.Z11,PF1,2020-11-16,0.0,0.0,0.0,통계적이상(3sigma),"mean=0.8535, sigma=0.1167, lower=0.5033, upper=1.2036"
H1.Z11,PF1,2020-11-17,0.0,0.0,0.0,통계적이상(3sigma),"mean=0.8535, sigma=0.1167, lower=0.5033, upper=1.2036"
H1.Z11,PF1,2020-11-18,-0.4891666666666667,0.0,-0.03714861111111111,통계적이상(3sigma),"mean=0.8535, sigma=0.1167, lower=0.5033, upper=1.2036"
H1.Z11,PF1,2020-11-19,-0.3191333333333333,0.0,-0.04298020833333333,통계적이상(3sigma),"mean=0.8535, sigma=0.1167, lower=0.5033, upper=1.2036"
H1.Z11,PF1,2020-11-20,-0.5243321038251366,0.0,-0.05058953210382513,통계적이상(3sigma),"mean=0.8535, sigma=0.1167, lower=0.5033, upper=1.2036"
H1.Z11,PF1,2020-11-21,-0.0587666666666666,0.0,-0.010649652777777761,통계적이상(3sigma),"mean=0.8535, sigma=0.1167, lower=0.5033, upper=1.2036"
H1.Z11,PF1,2020-11-22,-0.06785,0.0,-0.009514930555555549,통계적이상(3sigma),"mean=0.8535, sigma=0.1167, lower=0.5033, upper=1.2036"
H1.Z11,PF1,2020-11-23,-0.4743166666666666,0.0,-0.029423263888888884,통계적이상(3sigma),"mean=0.8535, sigma=0.1167, lower=0.5033, upper=1.2036"
H1.Z11,PF1,2020-11-24,-0.3809833333333333,0.0,-0.034069791666666654,통계적이상(3sigma),"mean=0.8535, sigma=0.1167, lower=0.5033, upper=1.2036"
H1.Z11,PF1,2020-11-25,-0.3603,0.1439833333333333,-0.01743263888888889,통계적이상(3sigma),"mean=0.8535, sigma=0.1167, lower=0.5033, upper=1.2036"
H1.Z11,PF1,2020-11-26,-0.525,0.0,-0.07601284722222222,통계적이상(3sigma),"mean=0.8535, sigma=0.1167, lower=0.5033, upper=1.2036"
H1.Z11,PF1,2020-11-27,-0.4580666666666667,0.0,-0.07830846994535517,통계적이상(3sigma),"mean=0.8535, sigma=0.1167, lower=0.5033, upper=1.2036"
H1.Z11,PF1,2020-11-28,-0.0131,0.0,-0.0005458333333333334,통계적이상(3sigma),"mean=0.8535, sigma=0.1167, lower=0.5033, upper=1.2036"
H1.Z11,PF1,2020-11-29,-0.0285,0.0,-0.0016895833333333335,통계적이상(3sigma),"mean=0.8535, sigma=0.1167, lower=0.5033, upper=1.2036"
H1.Z11,PF1,2020-11-30,-0.47385,0.0,-0.023282638888888884,통계적이상(3sigma),"mean=0.8535, sigma=0.1167, lower=0.5033, upper=1.2036"
H1.Z11,PF1,2020-12-01,-0.5978,0.0,-0.03642951388888888,통계적이상(3sigma),"mean=0.8535, sigma=0.1167, lower=0.5033, upper=1.2036"
H1.Z11,PF1,2020-12-02,-0.3259166666666667,0.0,-0.029948263888888882,통계적이상(3sigma),"mean=0.8535, sigma=0.1167, lower=0.5033, upper=1.2036"
H1.Z11,PF1,2020-12-03,-0.46765,0.0,-0.05183715277777776,통계적이상(3sigma),"mean=0.8535, sigma=0.1167, lower=0.5033, upper=1.2036"
H1.Z11,PF1,2020-12-04,-0.5309166666666667,0.0,-0.05779221311475408,통계적이상(3sigma),"mean=0.8535, sigma=0.1167, lower=0.5033, upper=1.2036"
H1.Z11,PF1,2020-12-05,-0.084,0.0,-0.010715277777777761,통계적이상(3sigma),"mean=0.8535, sigma=0.1167, lower=0.5033, upper=1.2036"
H1.Z11,PF1,2020-12-06,-0.091375,0.0,-0.010526388888888879,통계적이상(3sigma),"mean=0.8535, sigma=0.1167, lower=0.5033, upper=1.2036"
H1.Z11,PF1,2020-12-07,-0.5356833333333333,0.0,-0.08302954804189434,통계적이상(3sigma),"mean=0.8535, sigma=0.1167, lower=0.5033, upper=1.2036"
H1.Z11,PF1,2020-12-08,-0.4501666666666667,0.9127583333333332,0.34603368055555556,통계적이상(3sigma),"mean=0.8535, sigma=0.1167, lower=0.5033, upper=1.2036"
H1.Z11,PF2,2020-11-06,0.0,0.6059166666666667,0.1474623633879781,통계적이상(3sigma),"mean=0.7761, sigma=0.0939, lower=0.4944, upper=1.0579"
H1.Z11,PF2,2020-11-07,0.0,0.2824583333333333,0.13384270833333328,통계적이상(3sigma),"mean=0.7761, sigma=0.0939, lower=0.4944, upper=1.0579"
H1.Z11,PF2,2020-11-08,0.0157333333333333,0.388125,0.1738663194444444,통계적이상(3sigma),"mean=0.7761, sigma=0.0939, lower=0.4944, upper=1.0579"
H1.Z11,PF2,2020-11-09,0.0,0.4475916666666666,0.08995323315118396,통계적이상(3sigma),"mean=0.7761, sigma=0.0939, lower=0.4944, upper=1.0579"
H1.Z11,PF2,2020-11-10,0.0,0.1670166666666666,0.04837743055555552,통계적이상(3sigma),"mean=0.7761, sigma=0.0939, lower=0.4944, upper=1.0579"
H1.Z11,PF2,2020-11-11,-0.0032916666666666,0.7835333333333333,0.1743677083333333,통계적이상(3sigma),"mean=0.7761, sigma=0.0939, lower=0.4944, upper=1.0579"
H1.Z11,PF2,2020-11-12,0.0,0.1269666666666666,0.01631284722222219,통계적이상(3sigma),"mean=0.7761, sigma=0.0939, lower=0.4944, upper=1.0579"
H1.Z11,PF2,2020-11-13,-0.1099749999999999,0.1047666666666666,0.015023263888888872,통계적이상(3sigma),"mean=0.7761, sigma=0.0939, lower=0.4944, upper=1.0579"
H1.Z11,PF2,2020-11-14,0.0,0.0985166666666666,0.023329861111111072,통계적이상(3sigma),"mean=0.7761, sigma=0.0939, lower=0.4944, upper=1.0579"
H1.Z11,PF2,2020-11-15,0.0,0.1286999999999999,0.05498159722222217,통계적이상(3sigma),"mean=0.7761, sigma=0.0939, lower=0.4944, upper=1.0579"
H1.Z11,PF2,2020-11-16,-0.00095,0.0510833333333333,0.008412152777777758,통계적이상(3sigma),"mean=0.7761, sigma=0.0939, lower=0.4944, upper=1.0579"
H1.Z11,PF2,2020-11-17,0.0,0.0720916666666666,0.012657291666666633,통계적이상(3sigma),"mean=0.7761, sigma=0.0939, lower=0.4944, upper=1.0579"
H1.Z11,PF2,2020-11-18,-0.4142,0.04235,-0.021110763888888898,통계적이상(3sigma),"mean=0.7761, sigma=0.0939, lower=0.4944, upper=1.0579"
H1.Z11,PF2,2020-11-19,-0.3273833333333333,0.1077833333333333,-0.06568090277777779,통계적이상(3sigma),"mean=0.7761, sigma=0.0939, lower=0.4944, upper=1.0579"
H1.Z11,PF2,2020-11-20,-0.3804131147540984,0.1927916666666666,-0.01595369421675775,통계적이상(3sigma),"mean=0.7761, sigma=0.0939, lower=0.4944, upper=1.0579"
H1.Z11,PF2,2020-11-21,0.0,0.2017666666666666,0.08363055555555553,통계적이상(3sigma),"mean=0.7761, sigma=0.0939, lower=0.4944, upper=1.0579"
H1.Z11,PF2,2020-11-22,0.0,0.2577083333333333,0.06924618055555552,통계적이상(3sigma),"mean=0.7761, sigma=0.0939, lower=0.4944, upper=1.0579"
H1.Z11,PF2,2020-11-23,-0.42025,0.2506416666666666,-0.0011739583333333595,통계적이상(3sigma),"mean=0.7761, sigma=0.0939, lower=0.4944, upper=1.0579"
H1.Z11,PF2,2020-11-24,-0.2456666666666666,0.20305,0.028143402777777767,통계적이상(3sigma),"mean=0.7761, sigma=0.0939, lower=0.4944, upper=1.0579"
H1.Z11,PF2,2020-11-25,-0.2200833333333333,0.162075,0.02193715277777776,통계적이상(3sigma),"mean=0.7761, sigma=0.0939, lower=0.4944, upper=1.0579"
H1.Z11,PF2,2020-11-26,-0.3237083333333333,0.1322333333333333,-0.028995833333333363,통계적이상(3sigma),"mean=0.7761, sigma=0.0939, lower=0.4944, upper=1.0579"
H1.Z11,PF2,2020-11-27,-0.3125510928961749,0.1229249999999999,-0.0273996983151184,통계적이상(3sigma),"mean=0.7761, sigma=0.0939, lower=0.4944, upper=1.0579"
H1.Z11,PF2,2020-11-28,0.0,0.1588833333333333,0.06992604166666663,통계적이상(3sigma),"mean=0.7761, sigma=0.0939, lower=0.4944, upper=1.0579"
H1.Z11,PF2,2020-11-29,0.0,0.2058416666666666,0.08594027777777774,통계적이상(3sigma),"mean=0.7761, sigma=0.0939, lower=0.4944, upper=1.0579"
H1.Z11,PF2,2020-11-30,-0.3490333333333333,0.060375,-0.006323263888888892,통계적이상(3sigma),"mean=0.7761, sigma=0.0939, lower=0.4944, upper=1.0579"
H1.Z11,PF2,2020-12-01,-0.0925666666666666,0.3215583333333333,0.02318229166666665,통계적이상(3sigma),"mean=0.7761, sigma=0.0939, lower=0.4944, upper=1.0579"
H1.Z11,PF2,2020-12-02,-0.2045,0.0933666666666666,-0.004134375000000013,통계적이상(3sigma),"mean=0.7761, sigma=0.0939, lower=0.4944, upper=1.0579"
H1.Z11,PF2,2020-12-03,-0.3186166666666666,0.151575,0.023097569444444428,통계적이상(3sigma),"mean=0.7761, sigma=0.0939, lower=0.4944, upper=1.0579"
H1.Z11,PF2,2020-12-04,-0.3302333333333333,0.1932416666666666,0.012657234744990871,통계적이상(3sigma),"mean=0.7761, sigma=0.0939, lower=0.4944, upper=1.0579"
H1.Z11,PF2,2020-12-05,0.02,0.3723083333333333,0.16016693419854278,통계적이상(3sigma),"mean=0.7761, sigma=0.0939, lower=0.4944, upper=1.0579"
H1.Z11,PF2,2020-12-06,0.0588999999999999,0.3489833333333333,0.19499895833333328,통계적이상(3sigma),"mean=0.7761, sigma=0.0939, lower=0.4944, upper=1.0579"
H1.Z11,PF2,2020-12-07,-0.3289666666666667,0.1969416666666666,0.004536691712203992,통계적이상(3sigma),"mean=0.7761, sigma=0.0939, lower=0.4944, upper=1.0579"
H1.Z11,PF2,2020-12-08,-0.2828833333333333,0.7814,0.3221100694444445,통계적이상(3sigma),"mean=0.7761, sigma=0.0939, lower=0.4944, upper=1.0579"
H1.Z11,PF3,2020-08-14,0.5293166666666667,0.8699916666666667,0.7844659722222223,통계적이상(3sigma),"mean=0.1550, sigma=0.2046, lower=-0.4589, upper=0.7688"
H1.Z11,PF3,2020-08-15,0.783025,0.8360749999999999,0.8091746527777778,통계적이상(3sigma),"mean=0.1550, sigma=0.2046, lower=-0.4589, upper=0.7688"
H1.Z11,PF3,2020-08-16,0.7566833333333333,0.8499416666666666,0.8099180555555558,통계적이상(3sigma),"mean=0.1550, sigma=0.2046, lower=-0.4589, upper=0.7688"
H1.Z11,PF3,2020-08-17,0.5599500000000001,0.8643916666666667,0.7813812783173377,통계적이상(3sigma),"mean=0.1550, sigma=0.2046, lower=-0.4589, upper=0.7688"
H1.Z11,PF3,2020-09-11,0.5293166666666667,0.8699916666666667,0.7844659722222223,통계적이상(3sigma),"mean=0.1550, sigma=0.2046, lower=-0.4589, upper=0.7688"
H1.Z11,PF3,2020-09-12,0.783025,0.8360749999999999,0.8091746527777778,통계적이상(3sigma),"mean=0.1550, sigma=0.2046, lower=-0.4589, upper=0.7688"
H1.Z11,PF3,2020-09-13,0.7566833333333333,0.8499416666666666,0.8099180555555558,통계적이상(3sigma),"mean=0.1550, sigma=0.2046, lower=-0.4589, upper=0.7688"
H1.Z11,PF3,2020-09-14,0.5599500000000001,0.8643916666666667,0.7813812783173377,통계적이상(3sigma),"mean=0.1550, sigma=0.2046, lower=-0.4589, upper=0.7688"
H1.Z11,PF3,2020-09-18,0.5293166666666667,0.8699916666666667,0.7844659722222223,통계적이상(3sigma),"mean=0.1550, sigma=0.2046, lower=-0.4589, upper=0.7688"
H1.Z11,PF3,2020-09-19,0.783025,0.8360749999999999,0.8091746527777778,통계적이상(3sigma),"mean=0.1550, sigma=0.2046, lower=-0.4589, upper=0.7688"
H1.Z11,PF3,2020-09-20,0.7566833333333333,0.8499416666666666,0.8099180555555558,통계적이상(3sigma),"mean=0.1550, sigma=0.2046, lower=-0.4589, upper=0.7688"
H1.Z11,PF3,2020-09-23,0.7528,0.8630083333333333,0.8084764002732241,통계적이상(3sigma),"mean=0.1550, sigma=0.2046, lower=-0.4589, upper=0.7688"
H1.Z11,PF3,2020-09-24,0.7200166666666666,0.8542583333333333,0.7891569444444445,통계적이상(3sigma),"mean=0.1550, sigma=0.2046, lower=-0.4589, upper=0.7688"
H1.Z11,PF3,2022-07-20,0.6744416666666666,0.875725,0.8049430555555558,통계적이상(3sigma),"mean=0.1550, sigma=0.2046, lower=-0.4589, upper=0.7688"
H1.Z12,PF,2020-08-07,0.0098666666666666,0.914475,0.6382614583333336,통계적이상(3sigma),"mean=0.9293, sigma=0.0930, lower=0.6501, upper=1.2084"
H1.Z12,PF,2020-09-04,0.0098666666666666,0.914475,0.6382614583333336,통계적이상(3sigma),"mean=0.9293, sigma=0.0930, lower=0.6501, upper=1.2084"
H1.Z12,PF,2020-11-05,-0.0388416666666666,0.7898916666666668,0.5424090163934425,통계적이상(3sigma),"mean=0.9293, sigma=0.0930, lower=0.6501, upper=1.2084"
H1.Z12,PF,2020-11-06,-0.0637166666666666,0.8333666666666667,0.22549270833333332,통계적이상(3sigma),"mean=0.9293, sigma=0.0930, lower=0.6501, upper=1.2084"
H1.Z12,PF,2020-11-07,-0.0719666666666666,0.0445833333333333,-0.00458611111111109,통계적이상(3sigma),"mean=0.9293, sigma=0.0930, lower=0.6501, upper=1.2084"
H1.Z12,PF,2020-11-08,-0.1239333333333333,0.0174333333333333,-0.028014583333333298,통계적이상(3sigma),"mean=0.9293, sigma=0.0930, lower=0.6501, upper=1.2084"
H1.Z12,PF,2020-11-09,-0.0355166666666666,0.7901,0.3102718750000001,통계적이상(3sigma),"mean=0.9293, sigma=0.0930, lower=0.6501, upper=1.2084"
H1.Z12,PF,2020-11-10,0.0869833333333333,0.8213166666666666,0.5567114583333332,통계적이상(3sigma),"mean=0.9293, sigma=0.0930, lower=0.6501, upper=1.2084"
H1.Z12,PF,2020-11-12,0.0147583333333333,0.8073166666666667,0.6055100694444444,통계적이상(3sigma),"mean=0.9293, sigma=0.0930, lower=0.6501, upper=1.2084"
H1.Z12,PF,2020-11-15,0.0257833333333333,0.6944333333333332,0.31076631944444444,통계적이상(3sigma),"mean=0.9293, sigma=0.0930, lower=0.6501, upper=1.2084"
H1.Z12,PF,2020-11-20,0.0045083333333333,0.8043666666666667,0.5712306181693989,통계적이상(3sigma),"mean=0.9293, sigma=0.0930, lower=0.6501, upper=1.2084"
H1.Z12,PF,2020-11-21,0.0367749999999999,0.77215,0.24662048611111106,통계적이상(3sigma),"mean=0.9293, sigma=0.0930, lower=0.6501, upper=1.2084"
H1.Z12,PF,2020-11-22,0.0522166666666666,0.6455833333333333,0.3887819444444443,통계적이상(3sigma),"mean=0.9293, sigma=0.0930, lower=0.6501, upper=1.2084"
H1.Z12,PF,2020-11-24,0.0830666666666666,0.8056333333333333,0.5838067566029143,통계적이상(3sigma),"mean=0.9293, sigma=0.0930, lower=0.6501, upper=1.2084"
H1.Z12,PF,2020-11-25,0.0190416666666666,0.8012666666666667,0.44802048611111106,통계적이상(3sigma),"mean=0.9293, sigma=0.0930, lower=0.6501, upper=1.2084"
H1.Z12,PF,2020-11-26,0.1803833333333333,0.8035333333333334,0.6124635416666667,통계적이상(3sigma),"mean=0.9293, sigma=0.0930, lower=0.6501, upper=1.2084"
H1.Z12,PF,2020-11-27,0.0003499999999999,0.7977916666666667,0.5365562784608379,통계적이상(3sigma),"mean=0.9293, sigma=0.0930, lower=0.6501, upper=1.2084"
H1.Z12,PF,2020-11-28,0.01035,0.7821833333333333,0.383033891165756,통계적이상(3sigma),"mean=0.9293, sigma=0.0930, lower=0.6501, upper=1.2084"
H1.Z12,PF,2020-11-29,0.010675,0.4372999999999999,0.18718680555555553,통계적이상(3sigma),"mean=0.9293, sigma=0.0930, lower=0.6501, upper=1.2084"
H1.Z12,PF,2020-12-03,0.0632,0.8147666666666668,0.5642774305555555,통계적이상(3sigma),"mean=0.9293, sigma=0.0930, lower=0.6501, upper=1.2084"
H1.Z12,PF,2020-12-05,0.0535916666666666,0.70945,0.3292430441712204,통계적이상(3sigma),"mean=0.9293, sigma=0.0930, lower=0.6501, upper=1.2084"
H1.Z12,PF,2020-12-06,0.0017166666666666,0.1800333333333333,0.08094548611111106,통계적이상(3sigma),"mean=0.9293, sigma=0.0930, lower=0.6501, upper=1.2084"
H1.Z12,PF1,2020-11-05,0.0,0.7624666666666666,0.4676187272313297,통계적이상(3sigma),"mean=0.8508, sigma=0.1141, lower=0.5085, upper=1.1931"
H1.Z12,PF1,2020-11-06,0.0,0.34735,0.014472916666666667,통계적이상(3sigma),"mean=0.8508, sigma=0.1141, lower=0.5085, upper=1.1931"
H1.Z12,PF1,2020-11-07,0.0,0.0,0.0,통계적이상(3sigma),"mean=0.8508, sigma=0.1141, lower=0.5085, upper=1.1931"
H1.Z12,PF1,2020-11-08,0.0,0.0,0.0,통계적이상(3sigma),"mean=0.8508, sigma=0.1141, lower=0.5085, upper=1.1931"
H1.Z12,PF1,2020-11-09,-0.019825,0.0,-0.0008260416666666667,통계적이상(3sigma),"mean=0.8508, sigma=0.1141, lower=0.5085, upper=1.1931"
H1.Z12,PF1,2020-11-10,0.0,0.0,0.0,통계적이상(3sigma),"mean=0.8508, sigma=0.1141, lower=0.5085, upper=1.1931"
H1.Z12,PF1,2020-11-11,0.0,0.9085416666666668,0.15855868055555558,통계적이상(3sigma),"mean=0.8508, sigma=0.1141, lower=0.5085, upper=1.1931"
H1.Z12,PF1,2020-11-12,0.0,0.0,0.0,통계적이상(3sigma),"mean=0.8508, sigma=0.1141, lower=0.5085, upper=1.1931"
H1.Z12,PF1,2020-11-13,0.0,0.0,0.0,통계적이상(3sigma),"mean=0.8508, sigma=0.1141, lower=0.5085, upper=1.1931"
H1.Z12,PF1,2020-11-14,0.0,0.0,0.0,통계적이상(3sigma),"mean=0.8508, sigma=0.1141, lower=0.5085, upper=1.1931"
H1.Z12,PF1,2020-11-15,0.0,0.0,0.0,통계적이상(3sigma),"mean=0.8508, sigma=0.1141, lower=0.5085, upper=1.1931"
H1.Z12,PF1,2020-11-16,0.0,0.0,0.0,통계적이상(3sigma),"mean=0.8508, sigma=0.1141, lower=0.5085, upper=1.1931"
H1.Z12,PF1,2020-11-17,0.0,0.0,0.0,통계적이상(3sigma),"mean=0.8508, sigma=0.1141, lower=0.5085, upper=1.1931"
H1.Z12,PF1,2020-11-18,0.0,0.1678333333333333,0.011022916666666662,통계적이상(3sigma),"mean=0.8508, sigma=0.1141, lower=0.5085, upper=1.1931"
H1.Z12,PF1,2020-11-19,0.0,0.1634583333333333,0.01650694444444444,통계적이상(3sigma),"mean=0.8508, sigma=0.1141, lower=0.5085, upper=1.1931"
H1.Z12,PF1,2020-11-20,0.0,0.2503189890710383,0.02177856898907103,통계적이상(3sigma),"mean=0.8508, sigma=0.1141, lower=0.5085, upper=1.1931"
H1.Z12,PF1,2020-11-21,0.0,0.0,0.0,통계적이상(3sigma),"mean=0.8508, sigma=0.1141, lower=0.5085, upper=1.1931"
H1.Z12,PF1,2020-11-22,0.0,0.0,0.0,통계적이상(3sigma),"mean=0.8508, sigma=0.1141, lower=0.5085, upper=1.1931"
H1.Z12,PF1,2020-11-23,-0.0167499999999999,0.1406,0.00807152777777778,통계적이상(3sigma),"mean=0.8508, sigma=0.1141, lower=0.5085, upper=1.1931"
H1.Z12,PF1,2020-11-24,0.0,0.1416166666666666,0.010953472222222219,통계적이상(3sigma),"mean=0.8508, sigma=0.1141, lower=0.5085, upper=1.1931"
H1.Z12,PF1,2020-11-25,0.0,0.1532416666666667,0.01571354166666666,통계적이상(3sigma),"mean=0.8508, sigma=0.1141, lower=0.5085, upper=1.1931"
H1.Z12,PF1,2020-11-26,0.0,0.260675,0.025293055555555544,통계적이상(3sigma),"mean=0.8508, sigma=0.1141, lower=0.5085, upper=1.1931"
H1.Z12,PF1,2020-11-27,0.0,0.085950956284153,0.01406253984517303,통계적이상(3sigma),"mean=0.8508, sigma=0.1141, lower=0.5085, upper=1.1931"
H1.Z12,PF1,2020-11-28,0.0,0.0,0.0,통계적이상(3sigma),"mean=0.8508, sigma=0.1141, lower=0.5085, upper=1.1931"
H1.Z12,PF1,2020-11-29,0.0,0.0,0.0,통계적이상(3sigma),"mean=0.8508, sigma=0.1141, lower=0.5085, upper=1.1931"
H1.Z12,PF1,2020-11-30,0.0,0.1551,0.007379861111111108,통계적이상(3sigma),"mean=0.8508, sigma=0.1141, lower=0.5085, upper=1.1931"
H1.Z12,PF1,2020-12-01,0.0,0.33105,0.01382569444444444,통계적이상(3sigma),"mean=0.8508, sigma=0.1141, lower=0.5085, upper=1.1931"
H1.Z12,PF1,2020-12-02,0.0,0.05155,0.0037222222222222166,통계적이상(3sigma),"mean=0.8508, sigma=0.1141, lower=0.5085, upper=1.1931"
H1.Z12,PF1,2020-12-03,-0.0339666666666666,0.0863,0.005015625000000004,통계적이상(3sigma),"mean=0.8508, sigma=0.1141, lower=0.5085, upper=1.1931"
H1.Z12,PF1,2020-12-04,-0.0317249999999999,0.0075583333333333,-0.0019773964025500876,통계적이상(3sigma),"mean=0.8508, sigma=0.1141, lower=0.5085, upper=1.1931"
H1.Z12,PF1,2020-12-05,0.0,0.0,0.0,통계적이상(3sigma),"mean=0.8508, sigma=0.1141, lower=0.5085, upper=1.1931"
H1.Z12,PF1,2020-12-06,0.0,0.0,0.0,통계적이상(3sigma),"mean=0.8508, sigma=0.1141, lower=0.5085, upper=1.1931"
H1.Z12,PF1,2020-12-07,0.0,0.0344416666666666,0.004024305555555541,통계적이상(3sigma),"mean=0.8508, sigma=0.1141, lower=0.5085, upper=1.1931"
H1.Z12,PF1,2020-12-08,0.0,0.924475,0.3716065972222223,통계적이상(3sigma),"mean=0.8508, sigma=0.1141, lower=0.5085, upper=1.1931"
H1.Z12,PF2,2020-08-07,0.0,0.8690083333333334,0.574957638888889,통계적이상(3sigma),"mean=0.7984, sigma=0.0521, lower=0.6420, upper=0.9547"
H1.Z12,PF2,2020-09-04,0.0,0.8690083333333334,0.574957638888889,통계적이상(3sigma),"mean=0.7984, sigma=0.0521, lower=0.6420, upper=0.9547"
H1.Z12,PF2,2020-11-05,0.0,0.7744083333333334,0.588181585837887,통계적이상(3sigma),"mean=0.7984, sigma=0.0521, lower=0.6420, upper=0.9547"
H1.Z12,PF2,2020-11-06,0.0,0.8404166666666666,0.28526006944444443,통계적이상(3sigma),"mean=0.7984, sigma=0.0521, lower=0.6420, upper=0.9547"
H1.Z12,PF2,2020-11-07,0.0,0.1080083333333333,0.019010069444444437,통계적이상(3sigma),"mean=0.7984, sigma=0.0521, lower=0.6420, upper=0.9547"
H1.Z12,PF2,2020-11-08,0.0,0.0895999999999999,0.007817013888888882,통계적이상(3sigma),"mean=0.7984, sigma=0.0521, lower=0.6420, upper=0.9547"
H1.Z12,PF2,2020-11-09,0.0,0.7271666666666667,0.3483100694444445,통계적이상(3sigma),"mean=0.7984, sigma=0.0521, lower=0.6420, upper=0.9547"
H1.Z12,PF2,2020-11-10,0.0344166666666666,0.8057916666666667,0.581459375,통계적이상(3sigma),"mean=0.7984, sigma=0.0521, lower=0.6420, upper=0.9547"
H1.Z12,PF2,2020-11-11,0.0227666666666666,0.8417416666666667,0.6315923611111111,통계적이상(3sigma),"mean=0.7984, sigma=0.0521, lower=0.6420, upper=0.9547"
H1.Z12,PF2,2020-11-12,0.0,0.7508583333333333,0.62060625,통계적이상(3sigma),"mean=0.7984, sigma=0.0521, lower=0.6420, upper=0.9547"
H1.Z12,PF2,2020-11-13,0.0085833333333333,0.8172166666666667,0.6203119307832423,통계적이상(3sigma),"mean=0.7984, sigma=0.0521, lower=0.6420, upper=0.9547"
H1.Z12,PF2,2020-11-14,0.0381166666666666,0.7314666666666666,0.6114031249999999,통계적이상(3sigma),"mean=0.7984, sigma=0.0521, lower=0.6420, upper=0.9547"
H1.Z12,PF2,2020-11-15,0.0,0.66715,0.29968298611111105,통계적이상(3sigma),"mean=0.7984, sigma=0.0521, lower=0.6420, upper=0.9547"
H1.Z12,PF2,2020-11-19,0.0092833333333333,0.80255,0.606545138888889,통계적이상(3sigma),"mean=0.7984, sigma=0.0521, lower=0.6420, upper=0.9547"
H1.Z12,PF2,2020-11-20,0.0,0.8034083333333333,0.5899064264571949,통계적이상(3sigma),"mean=0.7984, sigma=0.0521, lower=0.6420, upper=0.9547"
H1.Z12,PF2,2020-11-21,0.0,0.6602333333333333,0.20866701388888886,통계적이상(3sigma),"mean=0.7984, sigma=0.0521, lower=0.6420, upper=0.9547"
H1.Z12,PF2,2020-11-22,0.0348833333333333,0.8150833333333334,0.45799618055555563,통계적이상(3sigma),"mean=0.7984, sigma=0.0521, lower=0.6420, upper=0.9547"
H1.Z12,PF2,2020-11-24,0.0118166666666666,0.8398333333333333,0.5756532502276868,통계적이상(3sigma),"mean=0.7984, sigma=0.0521, lower=0.6420, upper=0.9547"
H1.Z12,PF2,2020-11-25,0.0,0.7667416666666667,0.5245322916666666,통계적이상(3sigma),"mean=0.7984, sigma=0.0521, lower=0.6420, upper=0.9547"
H1.Z12,PF2,2020-11-27,0.0,0.7746833333333334,0.6139818249089254,통계적이상(3sigma),"mean=0.7984, sigma=0.0521, lower=0.6420, upper=0.9547"
H1.Z12,PF2,2020-11-28,0.0,0.7014333333333334,0.3623771516393443,통계적이상(3sigma),"mean=0.7984, sigma=0.0521, lower=0.6420, upper=0.9547"
H1.Z12,PF2,2020-11-29,0.0,0.5314666666666666,0.23003993055555552,통계적이상(3sigma),"mean=0.7984, sigma=0.0521, lower=0.6420, upper=0.9547"
H1.Z12,PF2,2020-12-03,0.0460333333333333,0.8316833333333332,0.6155180555555554,통계적이상(3sigma),"mean=0.7984, sigma=0.0521, lower=0.6420, upper=0.9547"
H1.Z12,PF2,2020-12-04,0.0,0.8307249999999999,0.6316650930012611,통계적이상(3sigma),"mean=0.7984, sigma=0.0521, lower=0.6420, upper=0.9547"
H1.Z12,PF2,2020-12-05,0.0,0.6296083333333333,0.2800459471766849,통계적이상(3sigma),"mean=0.7984, sigma=0.0521, lower=0.6420, upper=0.9547"
H1.Z12,PF2,2020-12-06,0.0,0.2094166666666666,0.08971319444444441,통계적이상(3sigma),"mean=0.7984, sigma=0.0521, lower=0.6420, upper=0.9547"
H1.Z12,PF2,2020-12-07,0.0603833333333333,0.7789416666666666,0.6383879952185791,통계적이상(3sigma),"mean=0.7984, sigma=0.0521, lower=0.6420, upper=0.9547"
H1.Z13,PF,2022-04-13,0.4274666666666666,0.6200666666666667,0.4918924008127841,통계적이상(3sigma),"mean=0.7023, sigma=0.0677, lower=0.4992, upper=0.9055"
H1.Z13,PF,2022-04-14,0.4267583333333333,0.455,0.4402489583333334,통계적이상(3sigma),"mean=0.7023, sigma=0.0677, lower=0.4992, upper=0.9055"
H1.Z13,PF,2022-04-30,0.4664583333333333,0.5086,0.4743833333333332,통계적이상(3sigma),"mean=0.7023, sigma=0.0677, lower=0.4992, upper=0.9055"
H1.Z13,PF,2022-05-05,0.4529166666666667,0.5706833333333333,0.4706777777777778,통계적이상(3sigma),"mean=0.7023, sigma=0.0677, lower=0.4992, upper=0.9055"
H1.Z13,PF,2022-05-08,0.457125,0.6735583333333335,0.48928055555555555,통계적이상(3sigma),"mean=0.7023, sigma=0.0677, lower=0.4992, upper=0.9055"
H1.Z13,PF,2022-05-24,0.4107666666666666,0.5794250000000001,0.4933364755533361,통계적이상(3sigma),"mean=0.7023, sigma=0.0677, lower=0.4992, upper=0.9055"
H1.Z13,PF,2022-05-28,0.4567249999999999,0.6502083333333334,0.47227777777777774,통계적이상(3sigma),"mean=0.7023, sigma=0.0677, lower=0.4992, upper=0.9055"
H1.Z13,PF,2022-05-29,0.4528833333333333,0.471325,0.46235416666666657,통계적이상(3sigma),"mean=0.7023, sigma=0.0677, lower=0.4992, upper=0.9055"
H1.Z13,PF,2022-09-14,0.4113666666666667,0.5923416666666667,0.45021111111111106,통계적이상(3sigma),"mean=0.7023, sigma=0.0677, lower=0.4992, upper=0.9055"
H1.Z13,PF1,2022-04-14,0.4113916666666666,0.4437916666666667,0.4248420138888888,통계적이상(3sigma),"mean=0.6931, sigma=0.0730, lower=0.4743, upper=0.9120"
H1.Z13,PF1,2022-04-30,0.450925,0.500425,0.461032638888889,통계적이상(3sigma),"mean=0.6931, sigma=0.0730, lower=0.4743, upper=0.9120"
H1.Z13,PF1,2022-05-05,0.4294666666666666,0.5559416666666667,0.4553701388888889,통계적이상(3sigma),"mean=0.6931, sigma=0.0730, lower=0.4743, upper=0.9120"
H1.Z13,PF1,2022-05-28,0.4442333333333333,0.6482916666666667,0.46038611111111116,통계적이상(3sigma),"mean=0.6931, sigma=0.0730, lower=0.4743, upper=0.9120"
H1.Z13,PF1,2022-05-29,0.441475,0.4567583333333333,0.44940798611111105,통계적이상(3sigma),"mean=0.6931, sigma=0.0730, lower=0.4743, upper=0.9120"
H1.Z13,PF1,2022-09-14,0.3915333333333333,0.58545,0.43646805555555557,통계적이상(3sigma),"mean=0.6931, sigma=0.0730, lower=0.4743, upper=0.9120"
H1.Z13,PF1,2023-01-07,0.9192666666666668,0.9698166666666668,0.9514010302823315,통계적이상(3sigma),"mean=0.6931, sigma=0.0730, lower=0.4743, upper=0.9120"
H1.Z13,PF1,2023-01-08,0.9301666666666668,0.9923,0.9786038194444445,통계적이상(3sigma),"mean=0.6931, sigma=0.0730, lower=0.4743, upper=0.9120"
H1.Z13,PF1,2023-07-16,-0.7231668036337408,-0.0159217985127593,-0.6738441860527029,통계적이상(3sigma),"mean=0.6931, sigma=0.0730, lower=0.4743, upper=0.9120"
H1.Z13,PF1,2023-07-17,-0.774487563414386,0.6578926602011256,0.08777660402660019,통계적이상(3sigma),"mean=0.6931, sigma=0.0730, lower=0.4743, upper=0.9120"
H1.Z13,PF2,2022-04-13,0.44875,0.6226416666666666,0.5069500227686703,통계적이상(3sigma),"mean=0.7065, sigma=0.0660, lower=0.5087, upper=0.9044"
H1.Z13,PF2,2022-04-14,0.4410166666666666,0.4826666666666667,0.46018958333333343,통계적이상(3sigma),"mean=0.7065, sigma=0.0660, lower=0.5087, upper=0.9044"
H1.Z13,PF2,2022-04-30,0.4921583333333333,0.530975,0.5015072916666666,통계적이상(3sigma),"mean=0.7065, sigma=0.0660, lower=0.5087, upper=0.9044"
H1.Z13,PF2,2022-05-05,0.4732166666666667,0.580525,0.4940201388888889,통계적이상(3sigma),"mean=0.7065, sigma=0.0660, lower=0.5087, upper=0.9044"
H1.Z13,PF2,2022-05-28,0.4942666666666666,0.6624333333333333,0.5084444444444445,통계적이상(3sigma),"mean=0.7065, sigma=0.0660, lower=0.5087, upper=0.9044"
H1.Z13,PF2,2022-05-29,0.4910083333333333,0.503475,0.4978170138888889,통계적이상(3sigma),"mean=0.7065, sigma=0.0660, lower=0.5087, upper=0.9044"
H1.Z13,PF2,2022-09-14,0.425475,0.6005166666666668,0.4719760416666667,통계적이상(3sigma),"mean=0.7065, sigma=0.0660, lower=0.5087, upper=0.9044"
H1.Z13,PF3,2022-04-14,0.4113416666666666,0.4551083333333333,0.43392430555555556,통계적이상(3sigma),"mean=0.7054, sigma=0.0742, lower=0.4827, upper=0.9281"
H1.Z13,PF3,2022-04-30,0.445325,0.4922,0.45801145833333323,통계적이상(3sigma),"mean=0.7054, sigma=0.0742, lower=0.4827, upper=0.9281"
H1.Z13,PF3,2022-05-05,0.43035,0.5733333333333334,0.46083437499999996,통계적이상(3sigma),"mean=0.7054, sigma=0.0742, lower=0.4827, upper=0.9281"
H1.Z13,PF3,2022-05-08,0.4292166666666667,0.6625,0.4642927083333333,통계적이상(3sigma),"mean=0.7054, sigma=0.0742, lower=0.4827, upper=0.9281"
H1.Z13,PF3,2022-05-24,0.4075166666666667,0.5777833333333333,0.47802816441467294,통계적이상(3sigma),"mean=0.7054, sigma=0.0742, lower=0.4827, upper=0.9281"
H1.Z13,PF3,2022-05-28,0.4282583333333333,0.6399000000000001,0.445101388888889,통계적이상(3sigma),"mean=0.7054, sigma=0.0742, lower=0.4827, upper=0.9281"
H1.Z13,PF3,2022-05-29,0.42455,0.4563333333333333,0.43714722222222213,통계적이상(3sigma),"mean=0.7054, sigma=0.0742, lower=0.4827, upper=0.9281"
H1.Z13,PF3,2022-09-14,0.3930083333333333,0.5916666666666667,0.43955520833333334,통계적이상(3sigma),"mean=0.7054, sigma=0.0742, lower=0.4827, upper=0.9281"
H1.Z13,PF3,2023-07-16,0.0,0.1966181466669962,0.009101503159029913,통계적이상(3sigma),"mean=0.7054, sigma=0.0742, lower=0.4827, upper=0.9281"
H1.Z13,PF3,2023-07-17,-0.0274182532454122,0.6534288292095735,0.35965773484625535,통계적이상(3sigma),"mean=0.7054, sigma=0.0742, lower=0.4827, upper=0.9281"
H1.Z14,PF,2022-04-13,0.4183666666666666,0.6158833333333333,0.485866689435337,통계적이상(3sigma),"mean=0.6991, sigma=0.0682, lower=0.4946, upper=0.9036"
H1.Z14,PF,2022-04-14,0.4203583333333333,0.4492916666666666,0.43287951388888884,통계적이상(3sigma),"mean=0.6991, sigma=0.0682, lower=0.4946, upper=0.9036"
H1.Z14,PF,2022-04-30,0.4598416666666666,0.5066416666666667,0.46818402777777773,통계적이상(3sigma),"mean=0.6991, sigma=0.0682, lower=0.4946, upper=0.9036"
H1.Z14,PF,2022-05-05,0.44775,0.56445,0.46434409722222214,통계적이상(3sigma),"mean=0.6991, sigma=0.0682, lower=0.4946, upper=0.9036"
H1.Z14,PF,2022-05-08,0.44975,0.6675833333333333,0.48283090277777774,통계적이상(3sigma),"mean=0.6991, sigma=0.0682, lower=0.4946, upper=0.9036"
H1.Z14,PF,2022-05-24,0.4046166666666667,0.5778,0.48732468693078324,통계적이상(3sigma),"mean=0.6991, sigma=0.0682, lower=0.4946, upper=0.9036"
H1.Z14,PF,2022-05-25,0.3961416666666666,0.5727083333333334,0.4931614811020038,통계적이상(3sigma),"mean=0.6991, sigma=0.0682, lower=0.4946, upper=0.9036"
H1.Z14,PF,2022-05-27,0.3959666666666666,0.6246661202185793,0.49419640255009106,통계적이상(3sigma),"mean=0.6991, sigma=0.0682, lower=0.4946, upper=0.9036"
H1.Z14,PF,2022-05-28,0.4483583333333333,0.645225,0.4653746527777778,통계적이상(3sigma),"mean=0.6991, sigma=0.0682, lower=0.4946, upper=0.9036"
H1.Z14,PF,2022-05-29,0.4469333333333333,0.46565,0.45553472222222213,통계적이상(3sigma),"mean=0.6991, sigma=0.0682, lower=0.4946, upper=0.9036"
H1.Z14,PF,2022-09-14,0.4039333333333333,0.587375,0.44359965277777774,통계적이상(3sigma),"mean=0.6991, sigma=0.0682, lower=0.4946, upper=0.9036"
H1.Z14,PF,2023-01-08,0.866225,0.92615,0.9114729166666667,통계적이상(3sigma),"mean=0.6991, sigma=0.0682, lower=0.4946, upper=0.9036"
H1.Z14,PF1,2022-04-13,0.41315,0.6137416666666666,0.4775635016779936,통계적이상(3sigma),"mean=0.6913, sigma=0.0672, lower=0.4896, upper=0.8931"
H1.Z14,PF1,2022-04-14,0.406525,0.439325,0.4194736111111111,통계적이상(3sigma),"mean=0.6913, sigma=0.0672, lower=0.4896, upper=0.8931"
H1.Z14,PF1,2022-04-30,0.447325,0.4993166666666667,0.4569965277777777,통계적이상(3sigma),"mean=0.6913, sigma=0.0672, lower=0.4896, upper=0.8931"
H1.Z14,PF1,2022-05-05,0.4361833333333333,0.5610166666666667,0.4538062499999999,통계적이상(3sigma),"mean=0.6913, sigma=0.0672, lower=0.4896, upper=0.8931"
H1.Z14,PF1,2022-05-08,0.4420666666666666,0.6703500000000001,0.4776048611111112,통계적이상(3sigma),"mean=0.6913, sigma=0.0672, lower=0.4896, upper=0.8931"
H1.Z14,PF1,2022-05-24,0.39025,0.5801416666666667,0.4808497096994535,통계적이상(3sigma),"mean=0.6913, sigma=0.0672, lower=0.4896, upper=0.8931"
H1.Z14,PF1,2022-05-25,0.3843833333333333,0.5701,0.48689620332422584,통계적이상(3sigma),"mean=0.6913, sigma=0.0672, lower=0.4896, upper=0.8931"
H1.Z14,PF1,2022-05-27,0.3850666666666666,0.617366393442623,0.4852728369763207,통계적이상(3sigma),"mean=0.6913, sigma=0.0672, lower=0.4896, upper=0.8931"
H1.Z14,PF1,2022-05-28,0.4413583333333333,0.6468416666666668,0.45850729166666665,통계적이상(3sigma),"mean=0.6913, sigma=0.0672, lower=0.4896, upper=0.8931"
H1.Z14,PF1,2022-05-29,0.4411833333333333,0.4548666666666667,0.4480694444444444,통계적이상(3sigma),"mean=0.6913, sigma=0.0672, lower=0.4896, upper=0.8931"
H1.Z14,PF1,2022-09-14,0.3874,0.5821916666666667,0.4332590277777779,통계적이상(3sigma),"mean=0.6913, sigma=0.0672, lower=0.4896, upper=0.8931"
H1.Z14,PF1,2023-01-07,0.9176333333333332,0.9732166666666668,0.9513801998668322,통계적이상(3sigma),"mean=0.6913, sigma=0.0672, lower=0.4896, upper=0.8931"
H1.Z14,PF1,2023-01-08,0.9339083333333332,0.9953166666666668,0.9814100694444446,통계적이상(3sigma),"mean=0.6913, sigma=0.0672, lower=0.4896, upper=0.8931"
H1.Z14,PF1,2023-07-16,0.0268833372397739,0.5343073412635189,0.10832243724805618,통계적이상(3sigma),"mean=0.6913, sigma=0.0672, lower=0.4896, upper=0.8931"
H1.Z14,PF1,2023-07-17,0.0429203871545796,0.6643230746717762,0.4008680301305417,통계적이상(3sigma),"mean=0.6913, sigma=0.0672, lower=0.4896, upper=0.8931"
H1.Z14,PF2,2022-04-13,0.4350833333333333,0.6126833333333334,0.49397437386156645,통계적이상(3sigma),"mean=0.6985, sigma=0.0671, lower=0.4972, upper=0.8998"
H1.Z14,PF2,2022-04-14,0.4271583333333333,0.4677333333333333,0.4456263888888887,통계적이상(3sigma),"mean=0.6985, sigma=0.0671, lower=0.4972, upper=0.8998"
H1.Z14,PF2,2022-04-30,0.4789833333333332,0.5229916666666666,0.48874479166666657,통계적이상(3sigma),"mean=0.6985, sigma=0.0671, lower=0.4972, upper=0.8998"
H1.Z14,PF2,2022-05-05,0.4561083333333334,0.5652416666666668,0.47963402777777775,통계적이상(3sigma),"mean=0.6985, sigma=0.0671, lower=0.4972, upper=0.8998"
H1.Z14,PF2,2022-05-28,0.4811583333333333,0.6510416666666666,0.4942225694444445,통계적이상(3sigma),"mean=0.6985, sigma=0.0671, lower=0.4972, upper=0.8998"
H1.Z14,PF2,2022-05-29,0.4779583333333333,0.4888916666666666,0.4833052083333334,통계적이상(3sigma),"mean=0.6985, sigma=0.0671, lower=0.4972, upper=0.8998"
H1.Z14,PF2,2022-09-14,0.4127333333333333,0.5897083333333334,0.4585239583333333,통계적이상(3sigma),"mean=0.6985, sigma=0.0671, lower=0.4972, upper=0.8998"
H1.Z14,PF3,2022-04-13,0.4005833333333333,0.6223333333333334,0.4836830316484517,통계적이상(3sigma),"mean=0.7056, sigma=0.0739, lower=0.4839, upper=0.9273"
H1.Z14,PF3,2022-04-14,0.40855,0.4516666666666667,0.43102951388888894,통계적이상(3sigma),"mean=0.7056, sigma=0.0739, lower=0.4839, upper=0.9273"
H1.Z14,PF3,2022-04-30,0.4451833333333333,0.4939416666666666,0.4571611111111111,통계적이상(3sigma),"mean=0.7056, sigma=0.0739, lower=0.4839, upper=0.9273"
H1.Z14,PF3,2022-05-05,0.4293166666666667,0.567875,0.4585940972222222,통계적이상(3sigma),"mean=0.7056, sigma=0.0739, lower=0.4839, upper=0.9273"
H1.Z14,PF3,2022-05-08,0.4254333333333333,0.6603916666666667,0.4623656249999999,통계적이상(3sigma),"mean=0.7056, sigma=0.0739, lower=0.4839, upper=0.9273"
H1.Z14,PF3,2022-05-24,0.4056916666666667,0.5766166666666667,0.47547606443533713,통계적이상(3sigma),"mean=0.7056, sigma=0.0739, lower=0.4839, upper=0.9273"
H1.Z14,PF3,2022-05-28,0.4253916666666666,0.6378333333333334,0.4421652777777778,통계적이상(3sigma),"mean=0.7056, sigma=0.0739, lower=0.4839, upper=0.9273"
H1.Z14,PF3,2022-05-29,0.422225,0.454625,0.4338034722222222,통계적이상(3sigma),"mean=0.7056, sigma=0.0739, lower=0.4839, upper=0.9273"
H1.Z14,PF3,2022-09-14,0.3876,0.5905833333333333,0.4373395833333334,통계적이상(3sigma),"mean=0.7056, sigma=0.0739, lower=0.4839, upper=0.9273"
H1.Z14,PF3,2023-07-16,0.0,0.4996296240688094,0.020817901002867057,통계적이상(3sigma),"mean=0.7056, sigma=0.0739, lower=0.4839, upper=0.9273"
H1.Z14,PF3,2023-07-17,0.0,0.6654498657922372,0.3677807350308569,통계적이상(3sigma),"mean=0.7056, sigma=0.0739, lower=0.4839, upper=0.9273"
H1.Z16,PF,2019-09-09,0.6863624232269044,0.994,0.8921706165380502,통계적이상(3sigma),"mean=0.9871, sigma=0.0229, lower=0.9183, upper=1.0559"
H1.Z16,PF,2019-09-10,0.694052022855486,0.994,0.9173470230620463,통계적이상(3sigma),"mean=0.9871, sigma=0.0229, lower=0.9183, upper=1.0559"
H1.Z16,PF,2019-09-11,0.6971784032087224,0.994,0.9003682709990354,통계적이상(3sigma),"mean=0.9871, sigma=0.0229, lower=0.9183, upper=1.0559"
H1.Z16,PF,2019-09-12,0.713917118450887,0.994,0.8783985001928474,통계적이상(3sigma),"mean=0.9871, sigma=0.0229, lower=0.9183, upper=1.0559"
H1.Z16,PF,2019-09-13,0.7010749904400987,0.994,0.8719264909523249,통계적이상(3sigma),"mean=0.9871, sigma=0.0229, lower=0.9183, upper=1.0559"
H1.Z16,PF,2019-09-16,0.7043916707157915,0.994,0.8853643286160868,통계적이상(3sigma),"mean=0.9871, sigma=0.0229, lower=0.9183, upper=1.0559"
H1.Z16,PF,2019-09-17,0.6871036564744386,0.994,0.9121198330678418,통계적이상(3sigma),"mean=0.9871, sigma=0.0229, lower=0.9183, upper=1.0559"
H1.Z16,PF,2019-09-30,0.7124526698793557,0.994,0.9052263090237882,통계적이상(3sigma),"mean=0.9871, sigma=0.0229, lower=0.9183, upper=1.0559"
H1.Z16,PF,2020-01-25,0.6900281874148411,0.994,0.8910175528710972,통계적이상(3sigma),"mean=0.9871, sigma=0.0229, lower=0.9183, upper=1.0559"
H1.Z16,PF,2020-04-23,0.7409583333333333,0.994,0.9062631944444445,통계적이상(3sigma),"mean=0.9871, sigma=0.0229, lower=0.9183, upper=1.0559"
H1.Z16,PF,2020-04-24,0.7364666666666667,0.994,0.9047586805555553,통계적이상(3sigma),"mean=0.9871, sigma=0.0229, lower=0.9183, upper=1.0559"
H1.Z16,PF,2020-05-18,0.72815,0.994,0.9039232638888888,통계적이상(3sigma),"mean=0.9871, sigma=0.0229, lower=0.9183, upper=1.0559"
H1.Z16,PF,2020-05-21,0.7030333333333333,0.994,0.8976184027777777,통계적이상(3sigma),"mean=0.9871, sigma=0.0229, lower=0.9183, upper=1.0559"
H1.Z16,PF,2020-05-22,0.7133083333333333,0.994,0.8619305555555555,통계적이상(3sigma),"mean=0.9871, sigma=0.0229, lower=0.9183, upper=1.0559"
H1.Z16,PF,2020-05-25,0.6960833333333333,0.994,0.8896263888888889,통계적이상(3sigma),"mean=0.9871, sigma=0.0229, lower=0.9183, upper=1.0559"
H1.Z16,PF,2020-07-30,0.7208916666666666,0.994,0.917898611111111,통계적이상(3sigma),"mean=0.9871, sigma=0.0229, lower=0.9183, upper=1.0559"
H1.Z16,PF,2021-06-24,0.6830666666666667,0.994,0.903376736111111,통계적이상(3sigma),"mean=0.9871, sigma=0.0229, lower=0.9183, upper=1.0559"
H1.Z16,PF,2021-06-25,0.6833666666666667,0.994,0.7546593750000001,통계적이상(3sigma),"mean=0.9871, sigma=0.0229, lower=0.9183, upper=1.0559"
H1.Z16,PF,2021-06-28,0.720375,0.994,0.8821319444444445,통계적이상(3sigma),"mean=0.9871, sigma=0.0229, lower=0.9183, upper=1.0559"
H1.Z16,PF,2021-06-29,0.6860916666666667,0.994,0.812051388888889,통계적이상(3sigma),"mean=0.9871, sigma=0.0229, lower=0.9183, upper=1.0559"
H1.Z16,PF,2021-06-30,0.6847333333333334,0.994,0.8883135416666667,통계적이상(3sigma),"mean=0.9871, sigma=0.0229, lower=0.9183, upper=1.0559"
H1.Z16,PF,2021-07-08,0.6915333333333333,0.994,0.8967694444444444,통계적이상(3sigma),"mean=0.9871, sigma=0.0229, lower=0.9183, upper=1.0559"
H1.Z16,PF,2021-07-09,0.6846916666666666,0.994,0.8958184027777777,통계적이상(3sigma),"mean=0.9871, sigma=0.0229, lower=0.9183, upper=1.0559"
H1.Z16,PF,2021-07-13,0.6827083333333334,0.994,0.8536184027777778,통계적이상(3sigma),"mean=0.9871, sigma=0.0229, lower=0.9183, upper=1.0559"
H1.Z16,PF,2021-07-14,0.6817,0.994,0.7257812499999998,통계적이상(3sigma),"mean=0.9871, sigma=0.0229, lower=0.9183, upper=1.0559"
H1.Z16,PF,2021-07-15,0.6833583333333333,0.994,0.823875,통계적이상(3sigma),"mean=0.9871, sigma=0.0229, lower=0.9183, upper=1.0559"
H1.Z16,PF,2022-01-27,0.8178833333333333,0.994,0.8828604166666666,통계적이상(3sigma),"mean=0.9871, sigma=0.0229, lower=0.9183, upper=1.0559"
H1.Z16,PF,2022-01-28,0.7912666666666667,0.9801666666666669,0.886992361111111,통계적이상(3sigma),"mean=0.9871, sigma=0.0229, lower=0.9183, upper=1.0559"
H1.Z16,PF,2022-01-31,0.6925916666666666,0.994,0.8829972222222224,통계적이상(3sigma),"mean=0.9871, sigma=0.0229, lower=0.9183, upper=1.0559"
H1.Z16,PF,2022-02-01,0.7861833333333333,0.8663083333333332,0.830186458333333,통계적이상(3sigma),"mean=0.9871, sigma=0.0229, lower=0.9183, upper=1.0559"
H1.Z16,PF,2022-02-02,0.7869083333333333,0.994,0.8810538194444444,통계적이상(3sigma),"mean=0.9871, sigma=0.0229, lower=0.9183, upper=1.0559"
H1.Z16,PF,2022-02-07,0.7997916666666666,0.994025,0.8952895833333333,통계적이상(3sigma),"mean=0.9871, sigma=0.0229, lower=0.9183, upper=1.0559"
H1.Z16,PF,2022-02-08,0.7808083333333333,0.866275,0.8221996527777776,통계적이상(3sigma),"mean=0.9871, sigma=0.0229, lower=0.9183, upper=1.0559"
H1.Z16,PF,2022-02-09,0.7499833333333333,0.8504416666666667,0.811715277777778,통계적이상(3sigma),"mean=0.9871, sigma=0.0229, lower=0.9183, upper=1.0559"
H1.Z16,PF,2022-02-10,0.7424416666666667,0.994,0.848920138888889,통계적이상(3sigma),"mean=0.9871, sigma=0.0229, lower=0.9183, upper=1.0559"
H1.Z16,PF,2022-02-11,0.7677083333333333,0.994,0.8550232638888889,통계적이상(3sigma),"mean=0.9871, sigma=0.0229, lower=0.9183, upper=1.0559"
H1.Z16,PF,2022-02-13,0.7514500000000001,0.994,0.8951395833333332,통계적이상(3sigma),"mean=0.9871, sigma=0.0229, lower=0.9183, upper=1.0559"
H1.Z16,PF,2022-02-28,0.7767166666666667,0.994,0.912901736111111,통계적이상(3sigma),"mean=0.9871, sigma=0.0229, lower=0.9183, upper=1.0559"
H1.Z16,PF,2022-03-02,0.7794583333333333,0.994,0.9160996527777777,통계적이상(3sigma),"mean=0.9871, sigma=0.0229, lower=0.9183, upper=1.0559"
H1.Z16,PF,2022-03-06,0.8192333333333334,0.994,0.9037868055555555,통계적이상(3sigma),"mean=0.9871, sigma=0.0229, lower=0.9183, upper=1.0559"
H1.Z16,PF,2022-03-08,0.7918666666666667,0.994,0.9168711805555555,통계적이상(3sigma),"mean=0.9871, sigma=0.0229, lower=0.9183, upper=1.0559"
H1.Z16,PF,2022-04-21,0.6789000000000001,0.994,0.849957986111111,통계적이상(3sigma),"mean=0.9871, sigma=0.0229, lower=0.9183, upper=1.0559"
H1.Z16,PF,2022-04-22,0.678525,0.994,0.8924208333333334,통계적이상(3sigma),"mean=0.9871, sigma=0.0229, lower=0.9183, upper=1.0559"
H1.Z16,PF,2022-05-09,0.6875333333333333,0.994,0.8979628472222223,통계적이상(3sigma),"mean=0.9871, sigma=0.0229, lower=0.9183, upper=1.0559"
H1.Z16,PF,2023-09-20,0.7645583333333333,0.994,0.8937329861111111,통계적이상(3sigma),"mean=0.9871, sigma=0.0229, lower=0.9183, upper=1.0559"
H1.Z16,PF,2023-09-21,0.6858000000000001,0.96075,0.8579892361111113,통계적이상(3sigma),"mean=0.9871, sigma=0.0229, lower=0.9183, upper=1.0559"
H1.Z16,PF,2023-09-22,0.672225,0.9586,0.8819590277777777,통계적이상(3sigma),"mean=0.9871, sigma=0.0229, lower=0.9183, upper=1.0559"
H1.Z16,PF,2023-09-25,0.6910333333333334,0.9613916666666668,0.9023902777777778,통계적이상(3sigma),"mean=0.9871, sigma=0.0229, lower=0.9183, upper=1.0559"
H1.Z16,PF,2023-09-26,0.765575,0.9576,0.891525,통계적이상(3sigma),"mean=0.9871, sigma=0.0229, lower=0.9183, upper=1.0559"
H1.Z16,PF,2023-09-27,0.7913083333333334,0.9578,0.8865204861111112,통계적이상(3sigma),"mean=0.9871, sigma=0.0229, lower=0.9183, upper=1.0559"
H1.Z16,PF,2023-09-28,0.7589833333333333,0.95205,0.8726624999999998,통계적이상(3sigma),"mean=0.9871, sigma=0.0229, lower=0.9183, upper=1.0559"
H1.Z16,PF,2023-09-29,0.7496416666666668,0.9399,0.8644434027777779,통계적이상(3sigma),"mean=0.9871, sigma=0.0229, lower=0.9183, upper=1.0559"
H1.Z16,PF,2023-09-30,0.7652416666666667,0.960675,0.9168027777777777,통계적이상(3sigma),"mean=0.9871, sigma=0.0229, lower=0.9183, upper=1.0559"
H1.Z16,PF,2023-10-01,0.7607083333333333,0.9581416666666668,0.9129972222222222,통계적이상(3sigma),"mean=0.9871, sigma=0.0229, lower=0.9183, upper=1.0559"
H1.Z16,PF,2023-10-02,0.7580916666666667,0.9567666666666668,0.8842347222222222,통계적이상(3sigma),"mean=0.9871, sigma=0.0229, lower=0.9183, upper=1.0559"
H1.Z16,PF,2023-10-04,0.7922583333333333,0.9594166666666666,0.9141902777777777,통계적이상(3sigma),"mean=0.9871, sigma=0.0229, lower=0.9183, upper=1.0559"
H1.Z16,PF,2023-10-06,0.8442666666666666,0.9598166666666668,0.9161975694444444,통계적이상(3sigma),"mean=0.9871, sigma=0.0229, lower=0.9183, upper=1.0559"
H1.Z16,PF,2023-10-08,0.7882416666666666,0.9572,0.915021875,통계적이상(3sigma),"mean=0.9871, sigma=0.0229, lower=0.9183, upper=1.0559"
H1.Z16,PF,2023-10-09,0.7331833333333333,0.9573416666666666,0.8826444444444443,통계적이상(3sigma),"mean=0.9871, sigma=0.0229, lower=0.9183, upper=1.0559"
H1.Z16,PF,2023-10-10,0.688225,0.9558083333333334,0.8719302083333335,통계적이상(3sigma),"mean=0.9871, sigma=0.0229, lower=0.9183, upper=1.0559"
H1.Z16,PF,2023-10-11,0.784175,0.994,0.8980520833333333,통계적이상(3sigma),"mean=0.9871, sigma=0.0229, lower=0.9183, upper=1.0559"
H1.Z16,PF,2023-10-12,0.82615,0.9418666666666666,0.8960246527777777,통계적이상(3sigma),"mean=0.9871, sigma=0.0229, lower=0.9183, upper=1.0559"
H1.Z16,PF,2023-10-13,0.697925,0.9382,0.8406666666666668,통계적이상(3sigma),"mean=0.9871, sigma=0.0229, lower=0.9183, upper=1.0559"
H1.Z16,PF,2023-10-14,0.8211,0.9555666666666668,0.9102465277777779,통계적이상(3sigma),"mean=0.9871, sigma=0.0229, lower=0.9183, upper=1.0559"
H1.Z16,PF,2023-10-19,0.7903333333333333,0.9886666666666668,0.9174878472222222,통계적이상(3sigma),"mean=0.9871, sigma=0.0229, lower=0.9183, upper=1.0559"
H1.Z16,PF,2023-11-14,0.8336416666666667,0.9519833333333332,0.9088815438034188,통계적이상(3sigma),"mean=0.9871, sigma=0.0229, lower=0.9183, upper=1.0559"
H1.Z16,PF1,2019-09-09,0.6946165405348218,0.9162500025835844,0.845473246653095,통계적이상(3sigma),"mean=0.9103, sigma=0.0154, lower=0.8641, upper=0.9564"
H1.Z16,PF1,2019-09-11,0.7025058467429169,0.9160166668388872,0.8538173360483841,통계적이상(3sigma),"mean=0.9103, sigma=0.0154, lower=0.8641, upper=0.9564"
H1.Z16,PF1,2019-09-12,0.7212738049934594,0.9159216844584273,0.8423993458134613,통계적이상(3sigma),"mean=0.9103, sigma=0.0154, lower=0.8641, upper=0.9564"
H1.Z16,PF1,2019-09-13,0.7089719114583038,0.9164229455370628,0.8337581833540382,통계적이상(3sigma),"mean=0.9103, sigma=0.0154, lower=0.8641, upper=0.9564"
H1.Z16,PF1,2019-09-16,0.7085345775360321,0.916103715721882,0.8444282359898602,통계적이상(3sigma),"mean=0.9103, sigma=0.0154, lower=0.8641, upper=0.9564"
H1.Z16,PF1,2019-09-17,0.6941098213282351,0.9160810321490568,0.8606634731239026,통계적이상(3sigma),"mean=0.9103, sigma=0.0154, lower=0.8641, upper=0.9564"
H1.Z16,PF1,2019-09-30,0.7174757265247148,0.9160416670972178,0.8574054334118987,통계적이상(3sigma),"mean=0.9103, sigma=0.0154, lower=0.8641, upper=0.9564"
H1.Z16,PF1,2020-01-25,0.6961214641145931,0.9150518480336814,0.8426964004930282,통계적이상(3sigma),"mean=0.9103, sigma=0.0154, lower=0.8641, upper=0.9564"
H1.Z16,PF1,2020-04-24,0.7414833333333333,0.9167166666666666,0.8632684027777779,통계적이상(3sigma),"mean=0.9103, sigma=0.0154, lower=0.8641, upper=0.9564"
H1.Z16,PF1,2020-05-18,0.7348583333333333,0.917,0.8558753358378873,통계적이상(3sigma),"mean=0.9103, sigma=0.0154, lower=0.8641, upper=0.9564"
H1.Z16,PF1,2020-05-21,0.7134499999999999,0.9178833333333334,0.8544229166666666,통계적이상(3sigma),"mean=0.9103, sigma=0.0154, lower=0.8641, upper=0.9564"
H1.Z16,PF1,2020-05-22,0.7203083333333333,0.9171333333333334,0.8355805555555555,통계적이상(3sigma),"mean=0.9103, sigma=0.0154, lower=0.8641, upper=0.9564"
H1.Z16,PF1,2020-05-25,0.7055833333333332,0.9169083333333334,0.8458743055555554,통계적이상(3sigma),"mean=0.9103, sigma=0.0154, lower=0.8641, upper=0.9564"
H1.Z16,PF1,2021-06-24,0.690425,0.916,0.8517694444444447,통계적이상(3sigma),"mean=0.9103, sigma=0.0154, lower=0.8641, upper=0.9564"
H1.Z16,PF1,2021-06-25,0.6906083333333334,0.9164666666666668,0.7473423611111109,통계적이상(3sigma),"mean=0.9103, sigma=0.0154, lower=0.8641, upper=0.9564"
H1.Z16,PF1,2021-06-28,0.7265166666666667,0.9156583333333334,0.845471875,통계적이상(3sigma),"mean=0.9103, sigma=0.0154, lower=0.8641, upper=0.9564"
H1.Z16,PF1,2021-06-29,0.6950249999999999,0.9154333333333332,0.7944069444444444,통계적이상(3sigma),"mean=0.9103, sigma=0.0154, lower=0.8641, upper=0.9564"
H1.Z16,PF1,2021-06-30,0.6929,0.9160916666666666,0.8407982638888889,통계적이상(3sigma),"mean=0.9103, sigma=0.0154, lower=0.8641, upper=0.9564"
H1.Z16,PF1,2021-07-08,0.6961416666666665,0.9163166666666668,0.84880625,통계적이상(3sigma),"mean=0.9103, sigma=0.0154, lower=0.8641, upper=0.9564"
H1.Z16,PF1,2021-07-09,0.6881,0.9161833333333332,0.8450211805555555,통계적이상(3sigma),"mean=0.9103, sigma=0.0154, lower=0.8641, upper=0.9564"
H1.Z16,PF1,2021-07-13,0.6897333333333333,0.9161916666666666,0.8163524305555557,통계적이상(3sigma),"mean=0.9103, sigma=0.0154, lower=0.8641, upper=0.9564"
H1.Z16,PF1,2021-07-14,0.6886583333333333,0.9150666666666668,0.7236770833333331,통계적이상(3sigma),"mean=0.9103, sigma=0.0154, lower=0.8641, upper=0.9564"
H1.Z16,PF1,2021-07-15,0.6904833333333333,0.9160416666666666,0.7944958333333335,통계적이상(3sigma),"mean=0.9103, sigma=0.0154, lower=0.8641, upper=0.9564"
H1.Z16,PF1,2022-01-27,0.7934833333333333,0.915425,0.8377479166666664,통계적이상(3sigma),"mean=0.9103, sigma=0.0154, lower=0.8641, upper=0.9564"
H1.Z16,PF1,2022-01-28,0.7724583333333332,0.9060666666666668,0.8416989583333332,통계적이상(3sigma),"mean=0.9103, sigma=0.0154, lower=0.8641, upper=0.9564"
H1.Z16,PF1,2022-01-31,0.6995666666666666,0.9158166666666668,0.8367263888888887,통계적이상(3sigma),"mean=0.9103, sigma=0.0154, lower=0.8641, upper=0.9564"
H1.Z16,PF1,2022-02-01,0.7683,0.8296833333333333,0.7998802083333335,통계적이상(3sigma),"mean=0.9103, sigma=0.0154, lower=0.8641, upper=0.9564"
H1.Z16,PF1,2022-02-02,0.7712833333333333,0.916,0.8380149305555555,통계적이상(3sigma),"mean=0.9103, sigma=0.0154, lower=0.8641, upper=0.9564"
H1.Z16,PF1,2022-02-07,0.7656583333333333,0.9159333333333334,0.844989236111111,통계적이상(3sigma),"mean=0.9103, sigma=0.0154, lower=0.8641, upper=0.9564"
H1.Z16,PF1,2022-02-08,0.7675833333333333,0.8264333333333334,0.7935975694444445,통계적이상(3sigma),"mean=0.9103, sigma=0.0154, lower=0.8641, upper=0.9564"
H1.Z16,PF1,2022-02-09,0.7360083333333333,0.8129666666666666,0.7860694444444446,통계적이상(3sigma),"mean=0.9103, sigma=0.0154, lower=0.8641, upper=0.9564"
H1.Z16,PF1,2022-02-10,0.734125,0.916375,0.8120295138888888,통계적이상(3sigma),"mean=0.9103, sigma=0.0154, lower=0.8641, upper=0.9564"
H1.Z16,PF1,2022-02-11,0.7575583333333333,0.9165416666666668,0.8165697916666668,통계적이상(3sigma),"mean=0.9103, sigma=0.0154, lower=0.8641, upper=0.9564"
H1.Z16,PF1,2022-02-13,0.7450166666666667,0.91555,0.8449312500000001,통계적이상(3sigma),"mean=0.9103, sigma=0.0154, lower=0.8641, upper=0.9564"
H1.Z16,PF1,2022-02-28,0.7563083333333334,0.91605,0.8576736111111111,통계적이상(3sigma),"mean=0.9103, sigma=0.0154, lower=0.8641, upper=0.9564"
H1.Z16,PF1,2022-03-02,0.7656666666666666,0.9167416666666668,0.8607097222222221,통계적이상(3sigma),"mean=0.9103, sigma=0.0154, lower=0.8641, upper=0.9564"
H1.Z16,PF1,2022-03-03,0.7719083333333334,0.9160833333333334,0.8629572916666667,통계적이상(3sigma),"mean=0.9103, sigma=0.0154, lower=0.8641, upper=0.9564"
H1.Z16,PF1,2022-03-04,0.7582833333333333,0.916225,0.8625468749999999,통계적이상(3sigma),"mean=0.9103, sigma=0.0154, lower=0.8641, upper=0.9564"
H1.Z16,PF1,2022-03-06,0.7911583333333334,0.9159666666666668,0.8507791666666665,통계적이상(3sigma),"mean=0.9103, sigma=0.0154, lower=0.8641, upper=0.9564"
H1.Z16,PF1,2022-03-08,0.7677833333333334,0.9161333333333334,0.8600975694444445,통계적이상(3sigma),"mean=0.9103, sigma=0.0154, lower=0.8641, upper=0.9564"
H1.Z16,PF1,2022-04-21,0.688225,0.9162083333333334,0.8167461805555556,통계적이상(3sigma),"mean=0.9103, sigma=0.0154, lower=0.8641, upper=0.9564"
H1.Z16,PF1,2022-04-22,0.6884166666666667,0.9164416666666668,0.8471493055555555,통계적이상(3sigma),"mean=0.9103, sigma=0.0154, lower=0.8641, upper=0.9564"
H1.Z16,PF1,2022-05-09,0.6945999999999999,0.916,0.8530687499999999,통계적이상(3sigma),"mean=0.9103, sigma=0.0154, lower=0.8641, upper=0.9564"
H1.Z16,PF1,2023-09-20,0.7711833333333333,0.916025,0.8543326388888891,통계적이상(3sigma),"mean=0.9103, sigma=0.0154, lower=0.8641, upper=0.9564"
H1.Z16,PF1,2023-09-21,0.6910916666666667,0.8919333333333335,0.8239715277777778,통계적이상(3sigma),"mean=0.9103, sigma=0.0154, lower=0.8641, upper=0.9564"
H1.Z16,PF1,2023-09-22,0.6789166666666666,0.89165,0.8384062500000002,통계적이상(3sigma),"mean=0.9103, sigma=0.0154, lower=0.8641, upper=0.9564"
H1.Z16,PF1,2023-09-25,0.6988583333333334,0.89105,0.8530239583333334,통계적이상(3sigma),"mean=0.9103, sigma=0.0154, lower=0.8641, upper=0.9564"
H1.Z16,PF1,2023-09-26,0.7740416666666667,0.892375,0.8504993055555556,통계적이상(3sigma),"mean=0.9103, sigma=0.0154, lower=0.8641, upper=0.9564"
H1.Z16,PF1,2023-09-27,0.7974333333333334,0.8912833333333334,0.8489343750000001,통계적이상(3sigma),"mean=0.9103, sigma=0.0154, lower=0.8641, upper=0.9564"
H1.Z16,PF1,2023-09-28,0.7646722222222222,0.888475,0.8409204861111111,통계적이상(3sigma),"mean=0.9103, sigma=0.0154, lower=0.8641, upper=0.9564"
H1.Z16,PF1,2023-09-29,0.75155,0.8867833333333334,0.8341350694444446,통계적이상(3sigma),"mean=0.9103, sigma=0.0154, lower=0.8641, upper=0.9564"
H1.Z16,PF1,2023-09-30,0.7646999999999999,0.8906083333333333,0.8631607638888891,통계적이상(3sigma),"mean=0.9103, sigma=0.0154, lower=0.8641, upper=0.9564"
H1.Z16,PF1,2023-10-01,0.76695,0.8921166666666667,0.8614881944444442,통계적이상(3sigma),"mean=0.9103, sigma=0.0154, lower=0.8641, upper=0.9564"
H1.Z16,PF1,2023-10-02,0.765775,0.8934833333333334,0.8458440972222222,통계적이상(3sigma),"mean=0.9103, sigma=0.0154, lower=0.8641, upper=0.9564"
H1.Z16,PF1,2023-10-04,0.7803000000000001,0.8871333333333333,0.8613156250000001,통계적이상(3sigma),"mean=0.9103, sigma=0.0154, lower=0.8641, upper=0.9564"
H1.Z16,PF1,2023-10-06,0.8153916666666667,0.8943833333333334,0.8630930555555557,통계적이상(3sigma),"mean=0.9103, sigma=0.0154, lower=0.8641, upper=0.9564"
H1.Z16,PF1,2023-10-09,0.7294416666666667,0.8873083333333334,0.8392309027777777,통계적이상(3sigma),"mean=0.9103, sigma=0.0154, lower=0.8641, upper=0.9564"
H1.Z16,PF1,2023-10-10,0.69275,0.8894833333333333,0.8323288194444446,통계적이상(3sigma),"mean=0.9103, sigma=0.0154, lower=0.8641, upper=0.9564"
H1.Z16,PF1,2023-10-11,0.7889,0.9145833333333332,0.8559975694444445,통계적이상(3sigma),"mean=0.9103, sigma=0.0154, lower=0.8641, upper=0.9564"
H1.Z16,PF1,2023-10-12,0.8033750000000001,0.881375,0.8505031526199495,통계적이상(3sigma),"mean=0.9103, sigma=0.0154, lower=0.8641, upper=0.9564"
H1.Z16,PF1,2023-10-13,0.7052583333333333,0.879075,0.8184666666666668,통계적이상(3sigma),"mean=0.9103, sigma=0.0154, lower=0.8641, upper=0.9564"
H1.Z16,PF1,2023-10-14,0.7944,0.8866916666666668,0.8572958333333335,통계적이상(3sigma),"mean=0.9103, sigma=0.0154, lower=0.8641, upper=0.9564"
H1.Z16,PF1,2023-10-19,0.7696833333333334,0.9127166666666668,0.862612152777778,통계적이상(3sigma),"mean=0.9103, sigma=0.0154, lower=0.8641, upper=0.9564"
H1.Z16,PF1,2023-11-14,0.8095583333333334,0.8860583333333333,0.8574833333333335,통계적이상(3sigma),"mean=0.9103, sigma=0.0154, lower=0.8641, upper=0.9564"
H1.Z16,PF2,2019-09-09,0.6857457960012191,0.8060333276495032,0.7720962835810767,통계적이상(3sigma),"mean=0.8039, sigma=0.0072, lower=0.7823, upper=0.8255"
H1.Z16,PF2,2019-09-13,0.6994748632298855,0.8058548272170633,0.7719245928149889,통계적이상(3sigma),"mean=0.8039, sigma=0.0072, lower=0.7823, upper=0.8255"
H1.Z16,PF2,2019-09-16,0.7080737620869584,0.8159105410835754,0.781578372010102,통계적이상(3sigma),"mean=0.8039, sigma=0.0072, lower=0.7823, upper=0.8255"
H1.Z16,PF2,2020-01-25,0.695403365948274,0.8062770496843755,0.7720669851499382,통계적이상(3sigma),"mean=0.8039, sigma=0.0072, lower=0.7823, upper=0.8255"
H1.Z16,PF2,2020-05-18,0.7262249999999999,0.806175,0.7805510416666667,통계적이상(3sigma),"mean=0.8039, sigma=0.0072, lower=0.7823, upper=0.8255"
H1.Z16,PF2,2020-05-21,0.6965333333333332,0.8080916666666667,0.7807465277777778,통계적이상(3sigma),"mean=0.8039, sigma=0.0072, lower=0.7823, upper=0.8255"
H1.Z16,PF2,2020-05-25,0.6945749999999999,0.8071166666666667,0.7781378472222223,통계적이상(3sigma),"mean=0.8039, sigma=0.0072, lower=0.7823, upper=0.8255"
H1.Z16,PF2,2021-01-30,0.161025,0.8068000000000001,0.7743295138888887,통계적이상(3sigma),"mean=0.8039, sigma=0.0072, lower=0.7823, upper=0.8255"
H1.Z16,PF2,2021-06-24,0.6802166666666667,0.8056916666666667,0.7739086805555555,통계적이상(3sigma),"mean=0.8039, sigma=0.0072, lower=0.7823, upper=0.8255"
H1.Z16,PF2,2021-06-25,0.6809416666666668,0.8032916666666667,0.7241805555555555,통계적이상(3sigma),"mean=0.8039, sigma=0.0072, lower=0.7823, upper=0.8255"
H1.Z16,PF2,2021-06-29,0.6847,0.8150583333333333,0.7593489583333334,통계적이상(3sigma),"mean=0.8039, sigma=0.0072, lower=0.7823, upper=0.8255"
H1.Z16,PF2,2021-06-30,0.684225,0.80655,0.7678951388888892,통계적이상(3sigma),"mean=0.8039, sigma=0.0072, lower=0.7823, upper=0.8255"
H1.Z16,PF2,2021-07-08,0.6919666666666667,0.8060833333333334,0.7768149305555556,통계적이상(3sigma),"mean=0.8039, sigma=0.0072, lower=0.7823, upper=0.8255"
H1.Z16,PF2,2021-07-09,0.6869,0.8053833333333333,0.7700694444444446,통계적이상(3sigma),"mean=0.8039, sigma=0.0072, lower=0.7823, upper=0.8255"
H1.Z16,PF2,2021-07-13,0.6827416666666667,0.8057416666666667,0.7578812500000001,통계적이상(3sigma),"mean=0.8039, sigma=0.0072, lower=0.7823, upper=0.8255"
H1.Z16,PF2,2021-07-14,0.6814250000000001,0.8055916666666667,0.7082118055555555,통계적이상(3sigma),"mean=0.8039, sigma=0.0072, lower=0.7823, upper=0.8255"
H1.Z16,PF2,2021-07-15,0.6828666666666667,0.8053583333333333,0.7452850694444447,통계적이상(3sigma),"mean=0.8039, sigma=0.0072, lower=0.7823, upper=0.8255"
H1.Z16,PF2,2022-01-27,0.7421500000000001,0.8057000000000001,0.7675618055555556,통계적이상(3sigma),"mean=0.8039, sigma=0.0072, lower=0.7823, upper=0.8255"
H1.Z16,PF2,2022-01-28,0.7343,0.8014916666666667,0.7684500000000002,통계적이상(3sigma),"mean=0.8039, sigma=0.0072, lower=0.7823, upper=0.8255"
H1.Z16,PF2,2022-01-31,0.6950333333333333,0.8049750000000001,0.7669121527777777,통계적이상(3sigma),"mean=0.8039, sigma=0.0072, lower=0.7823, upper=0.8255"
H1.Z16,PF2,2022-02-01,0.7263000000000001,0.7659583333333334,0.7472166666666666,통계적이상(3sigma),"mean=0.8039, sigma=0.0072, lower=0.7823, upper=0.8255"
H1.Z16,PF2,2022-02-02,0.738775,0.8049750000000001,0.769153125,통계적이상(3sigma),"mean=0.8039, sigma=0.0072, lower=0.7823, upper=0.8255"
H1.Z16,PF2,2022-02-07,0.7336083333333333,0.8052916666666667,0.771298611111111,통계적이상(3sigma),"mean=0.8039, sigma=0.0072, lower=0.7823, upper=0.8255"
H1.Z16,PF2,2022-02-08,0.7258333333333334,0.7629416666666666,0.7470774305555555,통계적이상(3sigma),"mean=0.8039, sigma=0.0072, lower=0.7823, upper=0.8255"
H1.Z16,PF2,2022-02-09,0.7114750000000001,0.7598666666666667,0.7422951388888889,통계적이상(3sigma),"mean=0.8039, sigma=0.0072, lower=0.7823, upper=0.8255"
H1.Z16,PF2,2022-02-10,0.7081000000000001,0.8057500000000001,0.7531065972222225,통계적이상(3sigma),"mean=0.8039, sigma=0.0072, lower=0.7823, upper=0.8255"
H1.Z16,PF2,2022-02-11,0.72485,0.8049750000000001,0.7556611111111112,통계적이상(3sigma),"mean=0.8039, sigma=0.0072, lower=0.7823, upper=0.8255"
H1.Z16,PF2,2022-02-13,0.7101583333333334,0.8053833333333333,0.7701947916666668,통계적이상(3sigma),"mean=0.8039, sigma=0.0072, lower=0.7823, upper=0.8255"
H1.Z16,PF2,2022-02-28,0.7240916666666667,0.8069583333333334,0.7769243055555557,통계적이상(3sigma),"mean=0.8039, sigma=0.0072, lower=0.7823, upper=0.8255"
H1.Z16,PF2,2022-03-01,0.7268916666666667,0.8064916666666666,0.7805083333333335,통계적이상(3sigma),"mean=0.8039, sigma=0.0072, lower=0.7823, upper=0.8255"
H1.Z16,PF2,2022-03-02,0.7240416666666667,0.8054333333333333,0.7775812499999999,통계적이상(3sigma),"mean=0.8039, sigma=0.0072, lower=0.7823, upper=0.8255"
H1.Z16,PF2,2022-03-03,0.7376916666666666,0.8069333333333334,0.7803184027777778,통계적이상(3sigma),"mean=0.8039, sigma=0.0072, lower=0.7823, upper=0.8255"
H1.Z16,PF2,2022-03-04,0.7308083333333334,0.8062,0.7794086805555557,통계적이상(3sigma),"mean=0.8039, sigma=0.0072, lower=0.7823, upper=0.8255"
H1.Z16,PF2,2022-03-06,0.7404166666666667,0.8054583333333335,0.7729559027777778,통계적이상(3sigma),"mean=0.8039, sigma=0.0072, lower=0.7823, upper=0.8255"
H1.Z16,PF2,2022-03-08,0.7313416666666668,0.8060083333333333,0.7779958333333333,통계적이상(3sigma),"mean=0.8039, sigma=0.0072, lower=0.7823, upper=0.8255"
H1.Z16,PF2,2022-04-21,0.6773750000000001,0.806375,0.7612788194444445,통계적이상(3sigma),"mean=0.8039, sigma=0.0072, lower=0.7823, upper=0.8255"
H1.Z16,PF2,2022-04-22,0.6770416666666667,0.80675,0.776379513888889,통계적이상(3sigma),"mean=0.8039, sigma=0.0072, lower=0.7823, upper=0.8255"
H1.Z16,PF2,2023-09-21,0.68455,0.7980083333333334,0.7685517361111112,통계적이상(3sigma),"mean=0.8039, sigma=0.0072, lower=0.7823, upper=0.8255"
H1.Z16,PF2,2023-09-22,0.6724,0.7942416666666666,0.7691944444444444,통계적이상(3sigma),"mean=0.8039, sigma=0.0072, lower=0.7823, upper=0.8255"
H1.Z16,PF2,2023-09-25,0.6877,0.7948583333333334,0.7766791666666667,통계적이상(3sigma),"mean=0.8039, sigma=0.0072, lower=0.7823, upper=0.8255"
H1.Z16,PF2,2023-09-29,0.749475,0.7991083333333333,0.7809440972222221,통계적이상(3sigma),"mean=0.8039, sigma=0.0072, lower=0.7823, upper=0.8255"
H1.Z16,PF2,2023-09-30,0.7364833333333334,0.7966,0.7815354166666667,통계적이상(3sigma),"mean=0.8039, sigma=0.0072, lower=0.7823, upper=0.8255"
H1.Z16,PF2,2023-10-01,0.7355916666666666,0.7946916666666667,0.7784934027777779,통계적이상(3sigma),"mean=0.8039, sigma=0.0072, lower=0.7823, upper=0.8255"
H1.Z16,PF2,2023-10-04,0.7438583333333334,0.7939583333333334,0.7802409722222223,통계적이상(3sigma),"mean=0.8039, sigma=0.0072, lower=0.7823, upper=0.8255"
H1.Z16,PF2,2023-10-06,0.7609750000000001,0.7968,0.7817805555555554,통계적이상(3sigma),"mean=0.8039, sigma=0.0072, lower=0.7823, upper=0.8255"
H1.Z16,PF2,2023-10-07,0.7326,0.793925,0.781596527777778,통계적이상(3sigma),"mean=0.8039, sigma=0.0072, lower=0.7823, upper=0.8255"
H1.Z16,PF2,2023-10-08,0.7484500000000001,0.793675,0.7815059447496947,통계적이상(3sigma),"mean=0.8039, sigma=0.0072, lower=0.7823, upper=0.8255"
H1.Z16,PF2,2023-10-09,0.7084416666666667,0.7940416666666668,0.7734666666666667,통계적이상(3sigma),"mean=0.8039, sigma=0.0072, lower=0.7823, upper=0.8255"
H1.Z16,PF2,2023-10-10,0.689925,0.7933749999999999,0.7691947916666669,통계적이상(3sigma),"mean=0.8039, sigma=0.0072, lower=0.7823, upper=0.8255"
H1.Z16,PF2,2023-10-12,0.7625666666666666,0.7921,0.7787715454331451,통계적이상(3sigma),"mean=0.8039, sigma=0.0072, lower=0.7823, upper=0.8255"
H1.Z16,PF2,2023-10-13,0.6982916666666666,0.8019333333333333,0.7782510416666667,통계적이상(3sigma),"mean=0.8039, sigma=0.0072, lower=0.7823, upper=0.8255"
H1.Z16,PF2,2023-10-14,0.7483000000000001,0.7926000000000001,0.7771402777777778,통계적이상(3sigma),"mean=0.8039, sigma=0.0072, lower=0.7823, upper=0.8255"
H1.Z16,PF2,2023-10-19,0.7378333333333333,0.8017916666666667,0.7820746527777778,통계적이상(3sigma),"mean=0.8039, sigma=0.0072, lower=0.7823, upper=0.8255"
H1.Z16,PF2,2023-11-14,0.7560333333333333,0.7938500000000001,0.7800116987179488,통계적이상(3sigma),"mean=0.8039, sigma=0.0072, lower=0.7823, upper=0.8255"
H1.Z16,PF3,2019-09-09,0.0,0.7419103323429547,0.26007668934716144,통계적이상(3sigma),"mean=0.0194, sigma=0.0632, lower=-0.1704, upper=0.2091"
H1.Z16,PF3,2019-09-10,0.0,0.7977088750877352,0.22086909653140754,통계적이상(3sigma),"mean=0.0194, sigma=0.0632, lower=-0.1704, upper=0.2091"
H1.Z16,PF3,2019-09-11,0.0,0.8013273606733843,0.27655183501069097,통계적이상(3sigma),"mean=0.0194, sigma=0.0632, lower=-0.1704, upper=0.2091"
H1.Z16,PF3,2019-09-12,0.0,0.8090348084964234,0.37823341044832354,통계적이상(3sigma),"mean=0.0194, sigma=0.0632, lower=-0.1704, upper=0.2091"
H1.Z16,PF3,2019-09-13,0.0,0.7938974272101967,0.3452740887413493,통계적이상(3sigma),"mean=0.0194, sigma=0.0632, lower=-0.1704, upper=0.2091"
H1.Z16,PF3,2019-09-16,0.0,0.8079176610455581,0.3303037605124261,통계적이상(3sigma),"mean=0.0194, sigma=0.0632, lower=-0.1704, upper=0.2091"
H1.Z16,PF3,2019-09-17,0.0,0.7879873504821007,0.23335551545036815,통계적이상(3sigma),"mean=0.0194, sigma=0.0632, lower=-0.1704, upper=0.2091"
H1.Z16,PF3,2019-09-30,0.0,0.7910575459764694,0.2749615238733505,통계적이상(3sigma),"mean=0.0194, sigma=0.0632, lower=-0.1704, upper=0.2091"
H1.Z16,PF3,2020-01-25,0.0,0.6960068955293017,0.2526293714915872,통계적이상(3sigma),"mean=0.0194, sigma=0.0632, lower=-0.1704, upper=0.2091"
H1.Z16,PF3,2020-04-15,0.0,0.80045,0.2198878472222222,통계적이상(3sigma),"mean=0.0194, sigma=0.0632, lower=-0.1704, upper=0.2091"
H1.Z16,PF3,2020-04-23,0.0,0.8079500000000001,0.34199027777777774,통계적이상(3sigma),"mean=0.0194, sigma=0.0632, lower=-0.1704, upper=0.2091"
H1.Z16,PF3,2020-04-24,0.0,0.805,0.3439302083333334,통계적이상(3sigma),"mean=0.0194, sigma=0.0632, lower=-0.1704, upper=0.2091"
H1.Z16,PF3,2020-05-18,0.0,0.7422333333333333,0.2567204861111111,통계적이상(3sigma),"mean=0.0194, sigma=0.0632, lower=-0.1704, upper=0.2091"
H1.Z16,PF3,2020-05-21,0.0,0.8062083333333334,0.29743263888888877,통계적이상(3sigma),"mean=0.0194, sigma=0.0632, lower=-0.1704, upper=0.2091"
H1.Z16,PF3,2020-05-22,0.0,0.8125,0.47659201388888883,통계적이상(3sigma),"mean=0.0194, sigma=0.0632, lower=-0.1704, upper=0.2091"
H1.Z16,PF3,2020-05-25,0.0,0.7916416666666667,0.30307222222222224,통계적이상(3sigma),"mean=0.0194, sigma=0.0632, lower=-0.1704, upper=0.2091"
H1.Z16,PF3,2021-06-24,0.0,0.739425,0.22345590277777774,통계적이상(3sigma),"mean=0.0194, sigma=0.0632, lower=-0.1704, upper=0.2091"
H1.Z16,PF3,2021-06-25,0.0,0.7424416666666667,0.5927524305555555,통계적이상(3sigma),"mean=0.0194, sigma=0.0632, lower=-0.1704, upper=0.2091"
H1.Z16,PF3,2021-06-28,0.0,0.8108333333333333,0.38929687500000004,통계적이상(3sigma),"mean=0.0194, sigma=0.0632, lower=-0.1704, upper=0.2091"
H1.Z16,PF3,2021-06-29,0.0,0.8119166666666667,0.5372243055555556,통계적이상(3sigma),"mean=0.0194, sigma=0.0632, lower=-0.1704, upper=0.2091"
H1.Z16,PF3,2021-06-30,0.0,0.6953499999999999,0.2530197916666667,통계적이상(3sigma),"mean=0.0194, sigma=0.0632, lower=-0.1704, upper=0.2091"
H1.Z16,PF3,2021-07-08,0.0,0.7444416666666667,0.2628739583333333,통계적이상(3sigma),"mean=0.0194, sigma=0.0632, lower=-0.1704, upper=0.2091"
H1.Z16,PF3,2021-07-09,0.0,0.6970416666666667,0.23111875,통계적이상(3sigma),"mean=0.0194, sigma=0.0632, lower=-0.1704, upper=0.2091"
H1.Z16,PF3,2021-07-13,0.0,0.7146666666666667,0.34953750000000006,통계적이상(3sigma),"mean=0.0194, sigma=0.0632, lower=-0.1704, upper=0.2091"
H1.Z16,PF3,2021-07-14,0.0,0.7341833333333334,0.63088125,통계적이상(3sigma),"mean=0.0194, sigma=0.0632, lower=-0.1704, upper=0.2091"
H1.Z16,PF3,2021-07-15,0.0,0.7115916666666666,0.40919444444444447,통계적이상(3sigma),"mean=0.0194, sigma=0.0632, lower=-0.1704, upper=0.2091"
H1.Z16,PF3,2022-01-27,0.0,0.4018083333333333,0.26648055555555555,통계적이상(3sigma),"mean=0.0194, sigma=0.0632, lower=-0.1704, upper=0.2091"
H1.Z16,PF3,2022-01-28,0.0354166666666666,0.5030083333333334,0.26615104166666664,통계적이상(3sigma),"mean=0.0194, sigma=0.0632, lower=-0.1704, upper=0.2091"
H1.Z16,PF3,2022-01-31,0.0,0.6840583333333333,0.2646211805555555,통계적이상(3sigma),"mean=0.0194, sigma=0.0632, lower=-0.1704, upper=0.2091"
H1.Z16,PF3,2022-02-01,0.29365,0.4901083333333333,0.3859815972222222,통계적이상(3sigma),"mean=0.0194, sigma=0.0632, lower=-0.1704, upper=0.2091"
H1.Z16,PF3,2022-02-02,0.0,0.6176666666666667,0.2883840277777778,통계적이상(3sigma),"mean=0.0194, sigma=0.0632, lower=-0.1704, upper=0.2091"
H1.Z16,PF3,2022-02-07,0.0,0.4622083333333334,0.2355673611111111,통계적이상(3sigma),"mean=0.0194, sigma=0.0632, lower=-0.1704, upper=0.2091"
H1.Z16,PF3,2022-02-08,0.3161333333333333,0.5226416666666667,0.4150052083333333,통계적이상(3sigma),"mean=0.0194, sigma=0.0632, lower=-0.1704, upper=0.2091"
H1.Z16,PF3,2022-02-09,0.3302916666666667,0.6369916666666666,0.4400864583333333,통계적이상(3sigma),"mean=0.0194, sigma=0.0632, lower=-0.1704, upper=0.2091"
H1.Z16,PF3,2022-02-10,0.0,0.5650416666666668,0.3433854166666666,통계적이상(3sigma),"mean=0.0194, sigma=0.0632, lower=-0.1704, upper=0.2091"
H1.Z16,PF3,2022-02-11,0.0,0.5372333333333333,0.32240451388888886,통계적이상(3sigma),"mean=0.0194, sigma=0.0632, lower=-0.1704, upper=0.2091"
H1.Z16,PF3,2022-02-13,0.0,0.5350333333333334,0.23141875,통계적이상(3sigma),"mean=0.0194, sigma=0.0632, lower=-0.1704, upper=0.2091"
H1.Z16,PF3,2022-03-06,0.0,0.4264166666666666,0.21730451388888886,통계적이상(3sigma),"mean=0.0194, sigma=0.0632, lower=-0.1704, upper=0.2091"
H1.Z16,PF3,2022-04-21,0.0,0.7479,0.3811802083333334,통계적이상(3sigma),"mean=0.0194, sigma=0.0632, lower=-0.1704, upper=0.2091"
H1.Z16,PF3,2022-04-22,0.0,0.769675,0.27720173611111115,통계적이상(3sigma),"mean=0.0194, sigma=0.0632, lower=-0.1704, upper=0.2091"
H1.Z16,PF3,2022-05-09,0.0,0.7739583333333333,0.29400208333333333,통계적이상(3sigma),"mean=0.0194, sigma=0.0632, lower=-0.1704, upper=0.2091"
H1.Z16,PF3,2022-07-19,0.0,0.8255583333333333,0.2656607638888889,통계적이상(3sigma),"mean=0.0194, sigma=0.0632, lower=-0.1704, upper=0.2091"
H1.Z16,PF3,2023-09-20,0.0,0.7902583333333334,0.3567878472222222,통계적이상(3sigma),"mean=0.0194, sigma=0.0632, lower=-0.1704, upper=0.2091"
H1.Z16,PF3,2023-09-21,0.0991416666666666,0.7844166666666668,0.38977187500000005,통계적이상(3sigma),"mean=0.0194, sigma=0.0632, lower=-0.1704, upper=0.2091"
H1.Z16,PF3,2023-09-22,0.1069333333333333,0.7045666666666667,0.29229166666666667,통계적이상(3sigma),"mean=0.0194, sigma=0.0632, lower=-0.1704, upper=0.2091"
H1.Z16,PF3,2023-09-25,0.0983916666666666,0.6860416666666667,0.2446565972222221,통계적이상(3sigma),"mean=0.0194, sigma=0.0632, lower=-0.1704, upper=0.2091"
H1.Z16,PF3,2023-09-26,0.1062833333333333,0.7878666666666667,0.3357309027777778,통계적이상(3sigma),"mean=0.0194, sigma=0.0632, lower=-0.1704, upper=0.2091"
H1.Z16,PF3,2023-09-27,0.10845,0.7947666666666666,0.3729149305555555,통계적이상(3sigma),"mean=0.0194, sigma=0.0632, lower=-0.1704, upper=0.2091"
H1.Z16,PF3,2023-09-28,0.1226,0.8011,0.4262423611111111,통계적이상(3sigma),"mean=0.0194, sigma=0.0632, lower=-0.1704, upper=0.2091"
H1.Z16,PF3,2023-09-29,0.1331583333333333,0.7936916666666668,0.418523611111111,통계적이상(3sigma),"mean=0.0194, sigma=0.0632, lower=-0.1704, upper=0.2091"
H1.Z16,PF3,2023-09-30,0.0985916666666666,0.6832166666666667,0.2100472222222222,통계적이상(3sigma),"mean=0.0194, sigma=0.0632, lower=-0.1704, upper=0.2091"
H1.Z16,PF3,2023-10-01,0.0971083333333333,0.7385,0.21171076388888885,통계적이상(3sigma),"mean=0.0194, sigma=0.0632, lower=-0.1704, upper=0.2091"
H1.Z16,PF3,2023-10-02,0.1101583333333333,0.7910416666666666,0.3611357638888888,통계적이상(3sigma),"mean=0.0194, sigma=0.0632, lower=-0.1704, upper=0.2091"
H1.Z16,PF3,2023-10-04,0.0970166666666666,0.5557416666666667,0.2129548611111111,통계적이상(3sigma),"mean=0.0194, sigma=0.0632, lower=-0.1704, upper=0.2091"
H1.Z16,PF3,2023-10-08,0.1041333333333333,0.5865916666666667,0.21479618055555552,통계적이상(3sigma),"mean=0.0194, sigma=0.0632, lower=-0.1704, upper=0.2091"
H1.Z16,PF3,2023-10-09,0.1111666666666666,0.7284583333333334,0.30213368055555556,통계적이상(3sigma),"mean=0.0194, sigma=0.0632, lower=-0.1704, upper=0.2091"
H1.Z16,PF3,2023-10-10,0.1040083333333333,0.7107333333333333,0.32464756944444445,통계적이상(3sigma),"mean=0.0194, sigma=0.0632, lower=-0.1704, upper=0.2091"
H1.Z16,PF3,2023-10-11,0.0,0.8014722222222223,0.32479791666666663,통계적이상(3sigma),"mean=0.0194, sigma=0.0632, lower=-0.1704, upper=0.2091"
H1.Z16,PF3,2023-10-12,0.1335333333333333,0.5076416666666667,0.28063125000000005,통계적이상(3sigma),"mean=0.0194, sigma=0.0632, lower=-0.1704, upper=0.2091"
H1.Z16,PF3,2023-10-13,0.14655,0.7962500000000001,0.5051916666666666,통계적이상(3sigma),"mean=0.0194, sigma=0.0632, lower=-0.1704, upper=0.2091"
H1.Z16,PF3,2023-10-14,0.1075666666666666,0.449575,0.2149784722222222,통계적이상(3sigma),"mean=0.0194, sigma=0.0632, lower=-0.1704, upper=0.2091"
H1.Z16,PF3,2023-11-14,0.11895,0.4891083333333333,0.2273488749999999,통계적이상(3sigma),"mean=0.0194, sigma=0.0632, lower=-0.1704, upper=0.2091"
H1.Z17,PF,2022-07-01,0.774404205155031,0.8373504343544249,0.7995893721295378,통계적이상(3sigma),"mean=0.9004, sigma=0.0312, lower=0.8070, upper=0.9939"
H1.Z17,PF,2022-07-02,0.7812731757620389,0.8419261312836672,0.8044706480644624,통계적이상(3sigma),"mean=0.9004, sigma=0.0312, lower=0.8070, upper=0.9939"
H1.Z17,PF,2022-07-03,0.779887734055453,0.8287268353317885,0.7946586299575249,통계적이상(3sigma),"mean=0.9004, sigma=0.0312, lower=0.8070, upper=0.9939"
H1.Z17,PF,2022-07-06,0.7742264921409815,0.8344666652649342,0.8014499547322741,통계적이상(3sigma),"mean=0.9004, sigma=0.0312, lower=0.8070, upper=0.9939"
H1.Z17,PF,2022-07-07,0.7725545727315432,0.830248656691399,0.7996001363333406,통계적이상(3sigma),"mean=0.9004, sigma=0.0312, lower=0.8070, upper=0.9939"
H1.Z17,PF,2022-07-09,0.77721711415597,0.8244245090107712,0.7981234360807302,통계적이상(3sigma),"mean=0.9004, sigma=0.0312, lower=0.8070, upper=0.9939"
H1.Z17,PF,2022-07-11,0.7729303020444193,0.8276124732035715,0.8011824412196825,통계적이상(3sigma),"mean=0.9004, sigma=0.0312, lower=0.8070, upper=0.9939"
H1.Z17,PF,2022-07-14,0.7784413930466193,0.8256839409729569,0.8008687084396704,통계적이상(3sigma),"mean=0.9004, sigma=0.0312, lower=0.8070, upper=0.9939"
H1.Z17,PF,2022-07-17,0.7797025161432541,0.8381464019656388,0.8018787246816949,통계적이상(3sigma),"mean=0.9004, sigma=0.0312, lower=0.8070, upper=0.9939"
H1.Z17,PF,2023-07-19,0.7405851945670656,0.894462489379642,0.8053147463581283,통계적이상(3sigma),"mean=0.9004, sigma=0.0312, lower=0.8070, upper=0.9939"
H1.Z17,PF,2023-08-18,0.7512279275448412,0.8681514816257075,0.8017481277899831,통계적이상(3sigma),"mean=0.9004, sigma=0.0312, lower=0.8070, upper=0.9939"
H1.Z17,PF,2023-08-19,0.7499226838068682,0.8737360397574104,0.797026413799052,통계적이상(3sigma),"mean=0.9004, sigma=0.0312, lower=0.8070, upper=0.9939"
H1.Z17,PF,2023-08-20,0.7434168061126276,0.857536965075738,0.7840556837379814,통계적이상(3sigma),"mean=0.9004, sigma=0.0312, lower=0.8070, upper=0.9939"
H1.Z17,PF,2023-08-21,0.7478893177560416,0.8337303858621562,0.7875184089487588,통계적이상(3sigma),"mean=0.9004, sigma=0.0312, lower=0.8070, upper=0.9939"
H1.Z17,PF,2023-08-22,0.7524413276897305,0.8401211673100287,0.7871749672307757,통계적이상(3sigma),"mean=0.9004, sigma=0.0312, lower=0.8070, upper=0.9939"
H1.Z17,PF,2023-08-24,0.7433550987598658,0.863409407011041,0.8032929269642636,통계적이상(3sigma),"mean=0.9004, sigma=0.0312, lower=0.8070, upper=0.9939"
H1.Z17,PF,2023-08-25,0.7445745739862374,0.8555930909306337,0.7897478501822975,통계적이상(3sigma),"mean=0.9004, sigma=0.0312, lower=0.8070, upper=0.9939"
H1.Z17,PF,2023-08-26,0.7596348734702328,0.8550619251265753,0.8036409324967212,통계적이상(3sigma),"mean=0.9004, sigma=0.0312, lower=0.8070, upper=0.9939"
H1.Z17,PF1,2022-07-03,0.79222338517529,0.8541854182879128,0.8126814720722142,통계적이상(3sigma),"mean=0.9198, sigma=0.0345, lower=0.8163, upper=1.0233"
H1.Z17,PF1,2022-07-14,0.7869098074607151,0.847419074434106,0.8142478075240579,통계적이상(3sigma),"mean=0.9198, sigma=0.0345, lower=0.8163, upper=1.0233"
H1.Z17,PF1,2023-08-18,0.7552358851830367,0.8852698365805675,0.8114242121987664,통계적이상(3sigma),"mean=0.9198, sigma=0.0345, lower=0.8163, upper=1.0233"
H1.Z17,PF1,2023-08-19,0.7581004165887458,0.8885340173325003,0.8082168479138043,통계적이상(3sigma),"mean=0.9198, sigma=0.0345, lower=0.8163, upper=1.0233"
H1.Z17,PF1,2023-08-20,0.7524363909619715,0.8771313671851567,0.7973298119417493,통계적이상(3sigma),"mean=0.9198, sigma=0.0345, lower=0.8163, upper=1.0233"
H1.Z17,PF1,2023-08-21,0.7628157749017715,0.8461064435738578,0.7974462953807211,통계적이상(3sigma),"mean=0.9198, sigma=0.0345, lower=0.8163, upper=1.0233"
H1.Z17,PF1,2023-08-22,0.7652534477782211,0.861369331652319,0.7991176990405946,통계적이상(3sigma),"mean=0.9198, sigma=0.0345, lower=0.8163, upper=1.0233"
H1.Z17,PF1,2023-08-25,0.745706325188895,0.8669465599293467,0.7980235614178075,통계적이상(3sigma),"mean=0.9198, sigma=0.0345, lower=0.8163, upper=1.0233"
H1.Z17,PF2,2021-09-15,0.7833184350198635,0.8464585490974371,0.8078022661051513,통계적이상(3sigma),"mean=0.9093, sigma=0.0321, lower=0.8129, upper=1.0057"
H1.Z17,PF2,2021-09-26,0.789786003815078,0.8363140994884991,0.8086825952958412,통계적이상(3sigma),"mean=0.9093, sigma=0.0321, lower=0.8129, upper=1.0057"
H1.Z17,PF2,2021-09-27,0.7931059946204481,0.8437083656203301,0.8114237885536376,통계적이상(3sigma),"mean=0.9093, sigma=0.0321, lower=0.8129, upper=1.0057"
H1.Z17,PF2,2022-07-01,0.7810975032394698,0.8363980993032165,0.8044520939894593,통계적이상(3sigma),"mean=0.9093, sigma=0.0321, lower=0.8129, upper=1.0057"
H1.Z17,PF2,2022-07-03,0.7805839814420478,0.8323104659716292,0.7990965155135069,통계적이상(3sigma),"mean=0.9093, sigma=0.0321, lower=0.8129, upper=1.0057"
H1.Z17,PF2,2022-07-06,0.7773905669318306,0.8394668082727323,0.802904662507275,통계적이상(3sigma),"mean=0.9093, sigma=0.0321, lower=0.8129, upper=1.0057"
H1.Z17,PF2,2022-07-07,0.7775254532159619,0.8350921861581874,0.8012033791212128,통계적이상(3sigma),"mean=0.9093, sigma=0.0321, lower=0.8129, upper=1.0057"
H1.Z17,PF2,2022-07-09,0.784139625945524,0.8291805434643216,0.8028326377275165,통계적이상(3sigma),"mean=0.9093, sigma=0.0321, lower=0.8129, upper=1.0057"
H1.Z17,PF2,2022-07-11,0.781276853783156,0.8314626451995638,0.8060929739219534,통계적이상(3sigma),"mean=0.9093, sigma=0.0321, lower=0.8129, upper=1.0057"
H1.Z17,PF2,2022-07-14,0.786695176566768,0.835943466424942,0.8097763560542788,통계적이상(3sigma),"mean=0.9093, sigma=0.0321, lower=0.8129, upper=1.0057"
H1.Z17,PF2,2022-07-17,0.7850587950150169,0.8462107995985654,0.8080795449394182,통계적이상(3sigma),"mean=0.9093, sigma=0.0321, lower=0.8129, upper=1.0057"
H1.Z17,PF2,2023-07-19,0.7464824183934226,0.9014001812360444,0.8113049761257237,통계적이상(3sigma),"mean=0.9093, sigma=0.0321, lower=0.8129, upper=1.0057"
H1.Z17,PF2,2023-07-20,0.745944829589964,0.8940865413428069,0.8114812140608932,통계적이상(3sigma),"mean=0.9093, sigma=0.0321, lower=0.8129, upper=1.0057"
H1.Z17,PF2,2023-08-19,0.7583879439423014,0.8918127352611455,0.8109437205547936,통계적이상(3sigma),"mean=0.9093, sigma=0.0321, lower=0.8129, upper=1.0057"
H1.Z17,PF2,2023-08-20,0.7506102434779695,0.8751816712626252,0.7937874779219952,통계적이상(3sigma),"mean=0.9093, sigma=0.0321, lower=0.8129, upper=1.0057"
H1.Z17,PF2,2023-08-21,0.7508663174283242,0.8476762258303429,0.7969522588031864,통계적이상(3sigma),"mean=0.9093, sigma=0.0321, lower=0.8129, upper=1.0057"
H1.Z17,PF2,2023-08-22,0.7685560827418053,0.8506468469092445,0.7990893555340826,통계적이상(3sigma),"mean=0.9093, sigma=0.0321, lower=0.8129, upper=1.0057"
H1.Z17,PF2,2023-08-25,0.759932860970853,0.8714871377365889,0.8038433636949366,통계적이상(3sigma),"mean=0.9093, sigma=0.0321, lower=0.8129, upper=1.0057"
H1.Z17,PF3,2022-07-03,0.76143539588182,0.8145525261759758,0.7784603765424042,통계적이상(3sigma),"mean=0.8870, sigma=0.0360, lower=0.7791, upper=0.9950"
H1.Z17,PF3,2022-07-09,0.7602084138331228,0.8021888480422125,0.7789048404413256,통계적이상(3sigma),"mean=0.8870, sigma=0.0360, lower=0.7791, upper=0.9950"
H1.Z17,PF3,2023-01-08,0.9874351936748554,0.9997657667265994,0.9961215228715526,통계적이상(3sigma),"mean=0.8870, sigma=0.0360, lower=0.7791, upper=0.9950"
H1.Z17,PF3,2023-08-19,0.7317478557962454,0.8554118623830652,0.7787971030408021,통계적이상(3sigma),"mean=0.8870, sigma=0.0360, lower=0.7791, upper=0.9950"
H1.Z17,PF3,2023-08-20,0.7279227315396353,0.8342361464550391,0.7666455993664693,통계적이상(3sigma),"mean=0.8870, sigma=0.0360, lower=0.7791, upper=0.9950"
H1.Z17,PF3,2023-08-21,0.7307622226054368,0.8134425499014567,0.7708398450892092,통계적이상(3sigma),"mean=0.8870, sigma=0.0360, lower=0.7791, upper=0.9950"
H1.Z17,PF3,2023-08-22,0.7246221048898212,0.8169553302589361,0.7669789391843773,통계적이상(3sigma),"mean=0.8870, sigma=0.0360, lower=0.7791, upper=0.9950"
H1.Z17,PF3,2023-08-25,0.7285984815488701,0.8370904352731071,0.7708654712046191,통계적이상(3sigma),"mean=0.8870, sigma=0.0360, lower=0.7791, upper=0.9950"
H1.Z18,PF,2018-01-01,0.3659505376344086,0.3911497899159663,0.3749367899426471,통계적이상(3sigma),"mean=0.8917, sigma=0.1318, lower=0.4963, upper=1.2871"
H1.Z18,PF,2018-01-02,0.3667505464480874,0.4046666666666666,0.37647193445569666,통계적이상(3sigma),"mean=0.8917, sigma=0.1318, lower=0.4963, upper=1.2871"
H1.Z18,PF,2018-01-03,0.379475,0.4298555555555555,0.41432507803778135,통계적이상(3sigma),"mean=0.8917, sigma=0.1318, lower=0.4963, upper=1.2871"
H1.Z18,PF,2018-01-04,0.3693583333333333,0.4286,0.4106539081885856,통계적이상(3sigma),"mean=0.8917, sigma=0.1318, lower=0.4963, upper=1.2871"
H1.Z18,PF,2018-11-10,0.3912666666666666,0.4342027777777778,0.4122527777777778,통계적이상(3sigma),"mean=0.8917, sigma=0.1318, lower=0.4963, upper=1.2871"
H1.Z18,PF,2018-11-11,0.3935333333333333,0.4419,0.41775833333333345,통계적이상(3sigma),"mean=0.8917, sigma=0.1318, lower=0.4963, upper=1.2871"
H1.Z18,PF,2022-12-15,0.3568416666666666,0.3752416666666667,0.3644639116575592,통계적이상(3sigma),"mean=0.8917, sigma=0.1318, lower=0.4963, upper=1.2871"
H1.Z18,PF,2022-12-16,0.35855,0.41145,0.3752545138888889,통계적이상(3sigma),"mean=0.8917, sigma=0.1318, lower=0.4963, upper=1.2871"
H1.Z18,PF,2022-12-17,0.368175,0.374625,0.37103923611111106,통계적이상(3sigma),"mean=0.8917, sigma=0.1318, lower=0.4963, upper=1.2871"
H1.Z18,PF,2022-12-18,0.3631749999999999,0.369575,0.3668243055555555,통계적이상(3sigma),"mean=0.8917, sigma=0.1318, lower=0.4963, upper=1.2871"
H1.Z18,PF,2022-12-19,0.3593833333333333,0.4183166666666666,0.3715729166666666,통계적이상(3sigma),"mean=0.8917, sigma=0.1318, lower=0.4963, upper=1.2871"
H1.Z18,PF,2022-12-20,0.3597833333333333,0.4156833333333333,0.3836996527777777,통계적이상(3sigma),"mean=0.8917, sigma=0.1318, lower=0.4963, upper=1.2871"
H1.Z18,PF,2022-12-21,0.3638333333333333,0.574775,0.45259105191256827,통계적이상(3sigma),"mean=0.8917, sigma=0.1318, lower=0.4963, upper=1.2871"
H1.Z18,PF,2022-12-30,0.4774166666666666,0.504725,0.48776771388200085,통계적이상(3sigma),"mean=0.8917, sigma=0.1318, lower=0.4963, upper=1.2871"
H1.Z18,PF,2023-01-03,0.4780416666666666,0.4898666666666667,0.48520972222222225,통계적이상(3sigma),"mean=0.8917, sigma=0.1318, lower=0.4963, upper=1.2871"
H1.Z18,PF,2023-01-04,0.467575,0.502175,0.4817892361111111,통계적이상(3sigma),"mean=0.8917, sigma=0.1318, lower=0.4963, upper=1.2871"
H1.Z18,PF,2023-01-07,0.470675,0.5571416666666668,0.4959000227686701,통계적이상(3sigma),"mean=0.8917, sigma=0.1318, lower=0.4963, upper=1.2871"
H1.Z18,PF,2023-01-08,0.476575,0.4909583333333333,0.4837190972222223,통계적이상(3sigma),"mean=0.8917, sigma=0.1318, lower=0.4963, upper=1.2871"
H1.Z18,PF,2023-01-09,0.4672666666666666,0.5652833333333332,0.49498298611111097,통계적이상(3sigma),"mean=0.8917, sigma=0.1318, lower=0.4963, upper=1.2871"
H1.Z18,PF,2023-01-13,0.4692666666666666,0.5527416666666666,0.4946992827868853,통계적이상(3sigma),"mean=0.8917, sigma=0.1318, lower=0.4963, upper=1.2871"
H1.Z18,PF,2023-01-16,0.4718833333333333,0.535025,0.48582881944444445,통계적이상(3sigma),"mean=0.8917, sigma=0.1318, lower=0.4963, upper=1.2871"
H1.Z18,PF,2023-01-17,0.4688833333333333,0.553,0.4854003699908925,통계적이상(3sigma),"mean=0.8917, sigma=0.1318, lower=0.4963, upper=1.2871"
H1.Z18,PF,2023-01-20,0.4634583333333333,0.4746499999999999,0.46897812499999997,통계적이상(3sigma),"mean=0.8917, sigma=0.1318, lower=0.4963, upper=1.2871"
H1.Z18,PF,2023-01-21,0.4667916666666666,0.4822499999999999,0.4725489583333333,통계적이상(3sigma),"mean=0.8917, sigma=0.1318, lower=0.4963, upper=1.2871"
H1.Z18,PF,2023-01-22,0.4665,0.4752333333333333,0.46993541666666666,통계적이상(3sigma),"mean=0.8917, sigma=0.1318, lower=0.4963, upper=1.2871"
H1.Z18,PF,2023-01-23,0.4680666666666667,0.474775,0.470792429417122,통계적이상(3sigma),"mean=0.8917, sigma=0.1318, lower=0.4963, upper=1.2871"
H1.Z18,PF,2023-01-24,0.4641416666666667,0.4723916666666666,0.4691767247267758,통계적이상(3sigma),"mean=0.8917, sigma=0.1318, lower=0.4963, upper=1.2871"
H1.Z18,PF,2023-01-25,0.4656416666666667,0.5316333333333334,0.47632083333333325,통계적이상(3sigma),"mean=0.8917, sigma=0.1318, lower=0.4963, upper=1.2871"
H1.Z18,PF,2023-01-26,0.4678833333333333,0.5410083333333334,0.48472123747723134,통계적이상(3sigma),"mean=0.8917, sigma=0.1318, lower=0.4963, upper=1.2871"
H1.Z18,PF,2023-01-27,0.465925,0.5431083333333333,0.48732986111111115,통계적이상(3sigma),"mean=0.8917, sigma=0.1318, lower=0.4963, upper=1.2871"
H1.Z18,PF,2023-01-29,0.4815416666666666,0.5511666666666667,0.49244373861566487,통계적이상(3sigma),"mean=0.8917, sigma=0.1318, lower=0.4963, upper=1.2871"
H1.Z18,PF,2023-01-30,0.4651166666666667,0.5397166666666667,0.47851909722222213,통계적이상(3sigma),"mean=0.8917, sigma=0.1318, lower=0.4963, upper=1.2871"
H1.Z18,PF,2023-01-31,0.469725,0.562175,0.49058784722222226,통계적이상(3sigma),"mean=0.8917, sigma=0.1318, lower=0.4963, upper=1.2871"
H1.Z18,PF,2023-02-01,0.465925,0.5508916666666667,0.49571770833333323,통계적이상(3sigma),"mean=0.8917, sigma=0.1318, lower=0.4963, upper=1.2871"
H1.Z18,PF,2023-02-05,0.4799333333333333,0.5311750000000001,0.49157951388888893,통계적이상(3sigma),"mean=0.8917, sigma=0.1318, lower=0.4963, upper=1.2871"
H1.Z18,PF,2023-02-06,0.4756083333333333,0.56045,0.48551701388888885,통계적이상(3sigma),"mean=0.8917, sigma=0.1318, lower=0.4963, upper=1.2871"
H1.Z18,PF,2023-02-07,0.4694333333333333,0.4900666666666666,0.48008923611111115,통계적이상(3sigma),"mean=0.8917, sigma=0.1318, lower=0.4963, upper=1.2871"
H1.Z18,PF,2023-02-08,0.4693916666666666,0.4888,0.4790055555555555,통계적이상(3sigma),"mean=0.8917, sigma=0.1318, lower=0.4963, upper=1.2871"
H1.Z18,PF,2023-02-09,0.46575,0.4810833333333333,0.47265833333333324,통계적이상(3sigma),"mean=0.8917, sigma=0.1318, lower=0.4963, upper=1.2871"
H1.Z18,PF,2023-02-10,0.4684,0.4807499999999999,0.4727700475272076,통계적이상(3sigma),"mean=0.8917, sigma=0.1318, lower=0.4963, upper=1.2871"
H1.Z18,PF,2023-02-11,0.4679416666666666,0.480075,0.4741732638888889,통계적이상(3sigma),"mean=0.8917, sigma=0.1318, lower=0.4963, upper=1.2871"
H1.Z18,PF,2023-02-12,0.4698916666666666,0.4792333333333333,0.47467986111111116,통계적이상(3sigma),"mean=0.8917, sigma=0.1318, lower=0.4963, upper=1.2871"
H1.Z18,PF,2023-02-13,0.469075,0.5071083333333334,0.4787173611111111,통계적이상(3sigma),"mean=0.8917, sigma=0.1318, lower=0.4963, upper=1.2871"
H1.Z18,PF,2023-02-14,0.4655333333333333,0.4771916666666666,0.47031736111111105,통계적이상(3sigma),"mean=0.8917, sigma=0.1318, lower=0.4963, upper=1.2871"
H1.Z18,PF,2023-02-15,0.4703083333333333,0.5405333333333334,0.4788173611111111,통계적이상(3sigma),"mean=0.8917, sigma=0.1318, lower=0.4963, upper=1.2871"
H1.Z18,PF,2023-02-16,0.47595,0.5576583333333333,0.4962198258196721,통계적이상(3sigma),"mean=0.8917, sigma=0.1318, lower=0.4963, upper=1.2871"
H1.Z18,PF,2023-03-02,0.4633916666666666,0.4754249999999999,0.4686534949908924,통계적이상(3sigma),"mean=0.8917, sigma=0.1318, lower=0.4963, upper=1.2871"
H1.Z18,PF,2023-03-03,0.4655833333333333,0.4751166666666666,0.47207924527279027,통계적이상(3sigma),"mean=0.8917, sigma=0.1318, lower=0.4963, upper=1.2871"
H1.Z18,PF,2023-03-04,0.4668166666666666,0.4741666666666667,0.47012083333333327,통계적이상(3sigma),"mean=0.8917, sigma=0.1318, lower=0.4963, upper=1.2871"
H1.Z18,PF,2023-03-05,0.4664083333333333,0.47295,0.4689920025045537,통계적이상(3sigma),"mean=0.8917, sigma=0.1318, lower=0.4963, upper=1.2871"
H1.Z18,PF,2023-03-06,0.4641833333333334,0.4845666666666666,0.47055381944444435,통계적이상(3sigma),"mean=0.8917, sigma=0.1318, lower=0.4963, upper=1.2871"
H1.Z18,PF,2023-03-28,0.4654999999999999,0.4833333333333333,0.4754951388888888,통계적이상(3sigma),"mean=0.8917, sigma=0.1318, lower=0.4963, upper=1.2871"
H1.Z18,PF,2023-03-29,0.468375,0.4916083333333333,0.47872638888888885,통계적이상(3sigma),"mean=0.8917, sigma=0.1318, lower=0.4963, upper=1.2871"
H1.Z18,PF,2023-04-01,0.4725166666666666,0.5209916666666666,0.48804826388888894,통계적이상(3sigma),"mean=0.8917, sigma=0.1318, lower=0.4963, upper=1.2871"
H1.Z18,PF,2023-04-02,0.471,0.56305,0.4963138888888889,통계적이상(3sigma),"mean=0.8917, sigma=0.1318, lower=0.4963, upper=1.2871"
H1.Z18,PF,2023-04-04,0.46555,0.5446995936079351,0.49534164973366385,통계적이상(3sigma),"mean=0.8917, sigma=0.1318, lower=0.4963, upper=1.2871"
H1.Z18,PF,2023-04-05,0.4649416666666666,0.5447000000000001,0.49014027777777774,통계적이상(3sigma),"mean=0.8917, sigma=0.1318, lower=0.4963, upper=1.2871"
H1.Z18,PF,2023-04-06,0.4706083333333333,0.5329,0.4864711805555555,통계적이상(3sigma),"mean=0.8917, sigma=0.1318, lower=0.4963, upper=1.2871"
H1.Z18,PF,2023-04-07,0.4688922131147541,0.5518333333333333,0.48356257969034605,통계적이상(3sigma),"mean=0.8917, sigma=0.1318, lower=0.4963, upper=1.2871"
H1.Z18,PF,2023-04-09,0.4653166666666666,0.5555333333333333,0.4898569785974498,통계적이상(3sigma),"mean=0.8917, sigma=0.1318, lower=0.4963, upper=1.2871"
H1.Z18,PF,2023-04-19,0.4638666666666667,0.5412333333333333,0.49327812499999996,통계적이상(3sigma),"mean=0.8917, sigma=0.1318, lower=0.4963, upper=1.2871"
H1.Z18,PF,2023-04-20,0.4639166666666667,0.588475,0.486070486111111,통계적이상(3sigma),"mean=0.8917, sigma=0.1318, lower=0.4963, upper=1.2871"
H1.Z18,PF,2023-04-25,0.4668416666666666,0.5149666666666667,0.48232291666666666,통계적이상(3sigma),"mean=0.8917, sigma=0.1318, lower=0.4963, upper=1.2871"
H1.Z18,PF,2023-04-26,0.4698833333333333,0.5611999999999999,0.48608333333333326,통계적이상(3sigma),"mean=0.8917, sigma=0.1318, lower=0.4963, upper=1.2871"
H1.Z18,PF,2023-05-03,0.4080333333333333,0.5778416666666666,0.475979861111111,통계적이상(3sigma),"mean=0.8917, sigma=0.1318, lower=0.4963, upper=1.2871"
H1.Z18,PF,2023-05-11,0.4070416666666666,0.55895,0.48461319444444445,통계적이상(3sigma),"mean=0.8917, sigma=0.1318, lower=0.4963, upper=1.2871"
H1.Z18,PF,2023-05-12,0.4123833333333333,0.57985,0.47937708333333334,통계적이상(3sigma),"mean=0.8917, sigma=0.1318, lower=0.4963, upper=1.2871"
H1.Z18,PF,2023-05-16,0.4086666666666667,0.5465666666666666,0.46661408355063005,통계적이상(3sigma),"mean=0.8917, sigma=0.1318, lower=0.4963, upper=1.2871"
H1.Z18,PF,2023-05-17,0.410775,0.5573916666666666,0.4608121527777777,통계적이상(3sigma),"mean=0.8917, sigma=0.1318, lower=0.4963, upper=1.2871"
H1.Z18,PF,2023-05-18,0.411075,0.5937666666666667,0.48094717668488157,통계적이상(3sigma),"mean=0.8917, sigma=0.1318, lower=0.4963, upper=1.2871"
H1.Z18,PF,2023-12-23,0.359442520913297,0.3727580601092896,0.36414509868467615,통계적이상(3sigma),"mean=0.8917, sigma=0.1318, lower=0.4963, upper=1.2871"
H1.Z18,PF,2023-12-24,0.3571330601092896,0.3747,0.36544540350293125,통계적이상(3sigma),"mean=0.8917, sigma=0.1318, lower=0.4963, upper=1.2871"
H1.Z18,PF,2023-12-25,0.357575,0.3765583333333333,0.3640986111111111,통계적이상(3sigma),"mean=0.8917, sigma=0.1318, lower=0.4963, upper=1.2871"
H1.Z18,PF,2023-12-26,0.35785,0.3730583333333333,0.36351563375350143,통계적이상(3sigma),"mean=0.8917, sigma=0.1318, lower=0.4963, upper=1.2871"
H1.Z18,PF,2023-12-27,0.358825,0.3653583333333333,0.3628329490402718,통계적이상(3sigma),"mean=0.8917, sigma=0.1318, lower=0.4963, upper=1.2871"
H1.Z18,PF,2023-12-28,0.3584666666666666,0.36765,0.3612642361111111,통계적이상(3sigma),"mean=0.8917, sigma=0.1318, lower=0.4963, upper=1.2871"
H1.Z18,PF,2023-12-29,0.3579831301373008,0.3727328914877563,0.36136458783408526,통계적이상(3sigma),"mean=0.8917, sigma=0.1318, lower=0.4963, upper=1.2871"
H1.Z18,PF,2023-12-30,0.3569663234146117,0.3688666666666666,0.36145589694211017,통계적이상(3sigma),"mean=0.8917, sigma=0.1318, lower=0.4963, upper=1.2871"
H1.Z18,PF,2023-12-31,0.3600333333333332,0.3734833333333333,0.3635395884326614,통계적이상(3sigma),"mean=0.8917, sigma=0.1318, lower=0.4963, upper=1.2871"
H1.Z18,PF1,2018-01-03,0.2007333333333333,0.2280416666666666,0.21155774102448663,통계적이상(3sigma),"mean=0.7007, sigma=0.1600, lower=0.2208, upper=1.1806"
H1.Z18,PF1,2018-01-04,0.2046722222222222,0.2472916666666666,0.21828492662367968,통계적이상(3sigma),"mean=0.7007, sigma=0.1600, lower=0.2208, upper=1.1806"
H1.Z18,PF1,2021-01-31,0.0,0.0421,0.011647916666666642,통계적이상(3sigma),"mean=0.7007, sigma=0.1600, lower=0.2208, upper=1.1806"
H1.Z18,PF1,2022-12-15,0.197975,0.2246916666666666,0.2119624886156649,통계적이상(3sigma),"mean=0.7007, sigma=0.1600, lower=0.2208, upper=1.1806"
H1.Z18,PF1,2022-12-16,0.1762583333333333,0.221975,0.20417604166666667,통계적이상(3sigma),"mean=0.7007, sigma=0.1600, lower=0.2208, upper=1.1806"
H1.Z18,PF1,2022-12-17,0.1944499999999999,0.2048166666666666,0.20154374999999994,통계적이상(3sigma),"mean=0.7007, sigma=0.1600, lower=0.2208, upper=1.1806"
H1.Z18,PF1,2022-12-18,0.1959,0.2093416666666666,0.20357326388888886,통계적이상(3sigma),"mean=0.7007, sigma=0.1600, lower=0.2208, upper=1.1806"
H1.Z18,PF1,2022-12-19,0.1753083333333333,0.2216333333333333,0.20691354166666662,통계적이상(3sigma),"mean=0.7007, sigma=0.1600, lower=0.2208, upper=1.1806"
H1.Z18,PF1,2022-12-20,0.1757,0.2225583333333333,0.20004861111111105,통계적이상(3sigma),"mean=0.7007, sigma=0.1600, lower=0.2208, upper=1.1806"
H1.Z18,PF1,2023-04-30,0.0,0.0249333333333333,0.0010388888888888876,통계적이상(3sigma),"mean=0.7007, sigma=0.1600, lower=0.2208, upper=1.1806"
H1.Z18,PF1,2023-05-01,0.0,0.0123833333333333,0.0005159722222222208,통계적이상(3sigma),"mean=0.7007, sigma=0.1600, lower=0.2208, upper=1.1806"
H1.Z18,PF1,2023-05-02,0.0,0.071625,0.009434722222222218,통계적이상(3sigma),"mean=0.7007, sigma=0.1600, lower=0.2208, upper=1.1806"
H1.Z18,PF1,2023-05-03,0.0,0.0830249999999999,0.00542430555555555,통계적이상(3sigma),"mean=0.7007, sigma=0.1600, lower=0.2208, upper=1.1806"
H1.Z18,PF1,2023-05-04,0.0,0.0304999999999999,0.0027770833333333254,통계적이상(3sigma),"mean=0.7007, sigma=0.1600, lower=0.2208, upper=1.1806"
H1.Z18,PF1,2023-05-05,0.0,0.0414833333333333,0.0037045138888888835,통계적이상(3sigma),"mean=0.7007, sigma=0.1600, lower=0.2208, upper=1.1806"
H1.Z18,PF1,2023-05-06,0.0,0.0236166666666666,0.0009840277777777749,통계적이상(3sigma),"mean=0.7007, sigma=0.1600, lower=0.2208, upper=1.1806"
H1.Z18,PF1,2023-05-07,0.0,0.0,0.0,통계적이상(3sigma),"mean=0.7007, sigma=0.1600, lower=0.2208, upper=1.1806"
H1.Z18,PF1,2023-05-08,0.0,0.0295833333333333,0.0022131944444444417,통계적이상(3sigma),"mean=0.7007, sigma=0.1600, lower=0.2208, upper=1.1806"
H1.Z18,PF1,2023-05-09,0.0,0.0348666666666666,0.009121180555555537,통계적이상(3sigma),"mean=0.7007, sigma=0.1600, lower=0.2208, upper=1.1806"
H1.Z18,PF1,2023-05-10,0.0,0.0537999999999999,0.008884027777777763,통계적이상(3sigma),"mean=0.7007, sigma=0.1600, lower=0.2208, upper=1.1806"
H1.Z18,PF1,2023-05-11,0.0,0.06405,0.014466319444444426,통계적이상(3sigma),"mean=0.7007, sigma=0.1600, lower=0.2208, upper=1.1806"
H1.Z18,PF1,2023-05-12,0.0,0.0937333333333333,0.011012847222222212,통계적이상(3sigma),"mean=0.7007, sigma=0.1600, lower=0.2208, upper=1.1806"
H1.Z18,PF1,2023-05-13,0.0,0.0,0.0,통계적이상(3sigma),"mean=0.7007, sigma=0.1600, lower=0.2208, upper=1.1806"
H1.Z18,PF1,2023-05-14,0.0,0.0243999999999999,0.0025260416666666625,통계적이상(3sigma),"mean=0.7007, sigma=0.1600, lower=0.2208, upper=1.1806"
H1.Z18,PF1,2023-05-15,0.0,0.0588833333333333,0.010360416666666646,통계적이상(3sigma),"mean=0.7007, sigma=0.1600, lower=0.2208, upper=1.1806"
H1.Z18,PF1,2023-05-16,0.0,0.0241166666666666,0.0014979166666666624,통계적이상(3sigma),"mean=0.7007, sigma=0.1600, lower=0.2208, upper=1.1806"
H1.Z18,PF1,2023-05-17,0.0,0.030125,0.0032142361111111087,통계적이상(3sigma),"mean=0.7007, sigma=0.1600, lower=0.2208, upper=1.1806"
H1.Z18,PF1,2023-05-18,0.0,0.0,0.0,통계적이상(3sigma),"mean=0.7007, sigma=0.1600, lower=0.2208, upper=1.1806"
H1.Z18,PF1,2023-05-19,0.0,0.0174999999999999,0.0012451388888888833,통계적이상(3sigma),"mean=0.7007, sigma=0.1600, lower=0.2208, upper=1.1806"
H1.Z18,PF1,2023-05-20,0.0,0.0361999999999999,0.005214583333333321,통계적이상(3sigma),"mean=0.7007, sigma=0.1600, lower=0.2208, upper=1.1806"
H1.Z18,PF1,2023-05-21,0.0,0.0,0.0,통계적이상(3sigma),"mean=0.7007, sigma=0.1600, lower=0.2208, upper=1.1806"
H1.Z18,PF1,2023-05-22,0.0,0.0,0.0,통계적이상(3sigma),"mean=0.7007, sigma=0.1600, lower=0.2208, upper=1.1806"
H1.Z18,PF1,2023-05-23,0.0,0.0,0.0,통계적이상(3sigma),"mean=0.7007, sigma=0.1600, lower=0.2208, upper=1.1806"
H1.Z18,PF1,2023-05-24,0.0,0.0,0.0,통계적이상(3sigma),"mean=0.7007, sigma=0.1600, lower=0.2208, upper=1.1806"
H1.Z18,PF1,2023-05-25,0.0,0.0,0.0,통계적이상(3sigma),"mean=0.7007, sigma=0.1600, lower=0.2208, upper=1.1806"
H1.Z18,PF1,2023-05-26,0.0,0.0,0.0,통계적이상(3sigma),"mean=0.7007, sigma=0.1600, lower=0.2208, upper=1.1806"
H1.Z18,PF1,2023-05-27,0.0,0.0,0.0,통계적이상(3sigma),"mean=0.7007, sigma=0.1600, lower=0.2208, upper=1.1806"
H1.Z18,PF1,2023-05-28,0.0,0.0,0.0,통계적이상(3sigma),"mean=0.7007, sigma=0.1600, lower=0.2208, upper=1.1806"
H1.Z18,PF1,2023-05-29,0.0,0.0,0.0,통계적이상(3sigma),"mean=0.7007, sigma=0.1600, lower=0.2208, upper=1.1806"
H1.Z18,PF1,2023-05-30,0.0,0.0,0.0,통계적이상(3sigma),"mean=0.7007, sigma=0.1600, lower=0.2208, upper=1.1806"
H1.Z18,PF1,2023-05-31,0.0,0.0,0.0,통계적이상(3sigma),"mean=0.7007, sigma=0.1600, lower=0.2208, upper=1.1806"
H1.Z18,PF1,2023-06-01,0.0,0.0,0.0,통계적이상(3sigma),"mean=0.7007, sigma=0.1600, lower=0.2208, upper=1.1806"
H1.Z18,PF1,2023-06-02,0.0,0.0,0.0,통계적이상(3sigma),"mean=0.7007, sigma=0.1600, lower=0.2208, upper=1.1806"
H1.Z18,PF1,2023-06-03,0.0,0.0,0.0,통계적이상(3sigma),"mean=0.7007, sigma=0.1600, lower=0.2208, upper=1.1806"
H1.Z18,PF1,2023-06-04,0.0,0.0,0.0,통계적이상(3sigma),"mean=0.7007, sigma=0.1600, lower=0.2208, upper=1.1806"
H1.Z18,PF1,2023-06-05,0.0,0.0,0.0,통계적이상(3sigma),"mean=0.7007, sigma=0.1600, lower=0.2208, upper=1.1806"
H1.Z18,PF1,2023-06-06,0.0,0.0,0.0,통계적이상(3sigma),"mean=0.7007, sigma=0.1600, lower=0.2208, upper=1.1806"
H1.Z18,PF1,2023-06-07,0.0,0.0,0.0,통계적이상(3sigma),"mean=0.7007, sigma=0.1600, lower=0.2208, upper=1.1806"
H1.Z18,PF1,2023-06-08,0.0,0.0,0.0,통계적이상(3sigma),"mean=0.7007, sigma=0.1600, lower=0.2208, upper=1.1806"
H1.Z18,PF1,2023-06-09,0.0,0.0,0.0,통계적이상(3sigma),"mean=0.7007, sigma=0.1600, lower=0.2208, upper=1.1806"
H1.Z18,PF1,2023-06-10,0.0,0.0,0.0,통계적이상(3sigma),"mean=0.7007, sigma=0.1600, lower=0.2208, upper=1.1806"
H1.Z18,PF1,2023-06-11,0.0,0.0,0.0,통계적이상(3sigma),"mean=0.7007, sigma=0.1600, lower=0.2208, upper=1.1806"
H1.Z18,PF1,2023-06-12,0.0,0.0,0.0,통계적이상(3sigma),"mean=0.7007, sigma=0.1600, lower=0.2208, upper=1.1806"
H1.Z18,PF1,2023-06-13,0.0,0.0,0.0,통계적이상(3sigma),"mean=0.7007, sigma=0.1600, lower=0.2208, upper=1.1806"
H1.Z18,PF1,2023-06-14,0.0,0.0,0.0,통계적이상(3sigma),"mean=0.7007, sigma=0.1600, lower=0.2208, upper=1.1806"
H1.Z18,PF1,2023-06-15,0.0,0.0,0.0,통계적이상(3sigma),"mean=0.7007, sigma=0.1600, lower=0.2208, upper=1.1806"
H1.Z18,PF1,2023-06-16,0.0,0.0,0.0,통계적이상(3sigma),"mean=0.7007, sigma=0.1600, lower=0.2208, upper=1.1806"
H1.Z18,PF1,2023-06-17,0.0,0.0,0.0,통계적이상(3sigma),"mean=0.7007, sigma=0.1600, lower=0.2208, upper=1.1806"
H1.Z18,PF1,2023-06-18,0.0,0.0,0.0,통계적이상(3sigma),"mean=0.7007, sigma=0.1600, lower=0.2208, upper=1.1806"
H1.Z18,PF1,2023-06-19,0.0,0.0,0.0,통계적이상(3sigma),"mean=0.7007, sigma=0.1600, lower=0.2208, upper=1.1806"
H1.Z18,PF1,2023-06-20,0.0,0.0,0.0,통계적이상(3sigma),"mean=0.7007, sigma=0.1600, lower=0.2208, upper=1.1806"
H1.Z18,PF1,2023-06-21,0.0,0.0,0.0,통계적이상(3sigma),"mean=0.7007, sigma=0.1600, lower=0.2208, upper=1.1806"
H1.Z18,PF1,2023-06-24,0.0,0.0,0.0,통계적이상(3sigma),"mean=0.7007, sigma=0.1600, lower=0.2208, upper=1.1806"
H1.Z18,PF1,2023-06-25,0.0,0.0,0.0,통계적이상(3sigma),"mean=0.7007, sigma=0.1600, lower=0.2208, upper=1.1806"
H1.Z18,PF1,2023-06-26,0.0,0.0295017071645454,0.001229237798522725,통계적이상(3sigma),"mean=0.7007, sigma=0.1600, lower=0.2208, upper=1.1806"
H1.Z18,PF1,2023-06-27,0.0,0.0,0.0,통계적이상(3sigma),"mean=0.7007, sigma=0.1600, lower=0.2208, upper=1.1806"
H1.Z18,PF1,2023-06-28,0.0,0.0,0.0,통계적이상(3sigma),"mean=0.7007, sigma=0.1600, lower=0.2208, upper=1.1806"
H1.Z18,PF1,2023-06-29,0.0,0.0,0.0,통계적이상(3sigma),"mean=0.7007, sigma=0.1600, lower=0.2208, upper=1.1806"
H1.Z18,PF1,2023-06-30,0.0,0.0,0.0,통계적이상(3sigma),"mean=0.7007, sigma=0.1600, lower=0.2208, upper=1.1806"
H1.Z18,PF1,2023-07-01,0.0,0.0,0.0,통계적이상(3sigma),"mean=0.7007, sigma=0.1600, lower=0.2208, upper=1.1806"
H1.Z18,PF1,2023-07-02,0.0,0.0,0.0,통계적이상(3sigma),"mean=0.7007, sigma=0.1600, lower=0.2208, upper=1.1806"
H1.Z18,PF1,2023-07-03,0.0,0.0222254375554108,0.0009260598981421167,통계적이상(3sigma),"mean=0.7007, sigma=0.1600, lower=0.2208, upper=1.1806"
H1.Z18,PF1,2023-07-04,0.0,0.0,0.0,통계적이상(3sigma),"mean=0.7007, sigma=0.1600, lower=0.2208, upper=1.1806"
H1.Z18,PF1,2023-07-05,0.0,0.0,0.0,통계적이상(3sigma),"mean=0.7007, sigma=0.1600, lower=0.2208, upper=1.1806"
H1.Z18,PF1,2023-07-06,0.0,0.0,0.0,통계적이상(3sigma),"mean=0.7007, sigma=0.1600, lower=0.2208, upper=1.1806"
H1.Z18,PF1,2023-07-07,0.0,0.0408606979209469,0.003975841462892984,통계적이상(3sigma),"mean=0.7007, sigma=0.1600, lower=0.2208, upper=1.1806"
H1.Z18,PF1,2023-07-08,0.0,0.0,0.0,통계적이상(3sigma),"mean=0.7007, sigma=0.1600, lower=0.2208, upper=1.1806"
H1.Z18,PF1,2023-07-09,0.0,0.0,0.0,통계적이상(3sigma),"mean=0.7007, sigma=0.1600, lower=0.2208, upper=1.1806"
H1.Z18,PF1,2023-07-10,0.0,0.0,0.0,통계적이상(3sigma),"mean=0.7007, sigma=0.1600, lower=0.2208, upper=1.1806"
H1.Z18,PF1,2023-07-11,0.0,0.0,0.0,통계적이상(3sigma),"mean=0.7007, sigma=0.1600, lower=0.2208, upper=1.1806"
H1.Z18,PF1,2023-07-12,0.0,0.0,0.0,통계적이상(3sigma),"mean=0.7007, sigma=0.1600, lower=0.2208, upper=1.1806"
H1.Z18,PF1,2023-07-13,0.0,0.0,0.0,통계적이상(3sigma),"mean=0.7007, sigma=0.1600, lower=0.2208, upper=1.1806"
H1.Z18,PF1,2023-07-14,0.0,0.0,0.0,통계적이상(3sigma),"mean=0.7007, sigma=0.1600, lower=0.2208, upper=1.1806"
H1.Z18,PF1,2023-07-15,0.0,0.0,0.0,통계적이상(3sigma),"mean=0.7007, sigma=0.1600, lower=0.2208, upper=1.1806"
H1.Z18,PF1,2023-07-16,0.0,0.0,0.0,통계적이상(3sigma),"mean=0.7007, sigma=0.1600, lower=0.2208, upper=1.1806"
H1.Z18,PF1,2023-07-17,0.0,0.0,0.0,통계적이상(3sigma),"mean=0.7007, sigma=0.1600, lower=0.2208, upper=1.1806"
H1.Z18,PF1,2023-07-18,0.0,0.0022710956289884,9.462898454118332e-05,통계적이상(3sigma),"mean=0.7007, sigma=0.1600, lower=0.2208, upper=1.1806"
H1.Z18,PF1,2023-07-19,0.0,0.0,0.0,통계적이상(3sigma),"mean=0.7007, sigma=0.1600, lower=0.2208, upper=1.1806"
H1.Z18,PF1,2023-07-20,0.0,0.0029790724026769,0.00012412801677820417,통계적이상(3sigma),"mean=0.7007, sigma=0.1600, lower=0.2208, upper=1.1806"
H1.Z18,PF1,2023-07-21,0.0,0.011584003583437,0.0004826668159765417,통계적이상(3sigma),"mean=0.7007, sigma=0.1600, lower=0.2208, upper=1.1806"
H1.Z18,PF1,2023-07-22,0.0,0.0,0.0,통계적이상(3sigma),"mean=0.7007, sigma=0.1600, lower=0.2208, upper=1.1806"
H1.Z18,PF1,2023-07-23,0.0,0.0,0.0,통계적이상(3sigma),"mean=0.7007, sigma=0.1600, lower=0.2208, upper=1.1806"
H1.Z18,PF2,2022-01-28,0.9892166666666669,0.9951833333333332,0.9935534722222222,통계적이상(3sigma),"mean=0.9190, sigma=0.0189, lower=0.8623, upper=0.9758"
H1.Z18,PF2,2022-01-29,0.9933583333333332,0.99455,0.9941197916666668,통계적이상(3sigma),"mean=0.9190, sigma=0.0189, lower=0.8623, upper=0.9758"
H1.Z18,PF2,2022-01-30,0.9932166666666667,0.9937583333333334,0.9935263888888891,통계적이상(3sigma),"mean=0.9190, sigma=0.0189, lower=0.8623, upper=0.9758"
H1.Z18,PF2,2022-02-11,0.9353083333333334,0.9955416666666668,0.9847319558287796,통계적이상(3sigma),"mean=0.9190, sigma=0.0189, lower=0.8623, upper=0.9758"
H1.Z18,PF2,2022-02-12,0.9938416666666666,0.9952,0.9946819444444445,통계적이상(3sigma),"mean=0.9190, sigma=0.0189, lower=0.8623, upper=0.9758"
H1.Z18,PF2,2022-02-13,0.993525,0.9942666666666666,0.9940052197176685,통계적이상(3sigma),"mean=0.9190, sigma=0.0189, lower=0.8623, upper=0.9758"
H1.Z18,PF2,2022-02-14,0.9937,0.9952583333333334,0.9946131944444444,통계적이상(3sigma),"mean=0.9190, sigma=0.0189, lower=0.8623, upper=0.9758"
H1.Z18,PF2,2022-03-03,0.958725,0.9952416666666668,0.9921805555555556,통계적이상(3sigma),"mean=0.9190, sigma=0.0189, lower=0.8623, upper=0.9758"
H1.Z18,PF2,2022-03-04,0.9690416666666668,0.9952416666666668,0.9918003472222224,통계적이상(3sigma),"mean=0.9190, sigma=0.0189, lower=0.8623, upper=0.9758"
H1.Z18,PF2,2022-03-05,0.9941916666666668,0.9950416666666668,0.9945774191712203,통계적이상(3sigma),"mean=0.9190, sigma=0.0189, lower=0.8623, upper=0.9758"
H1.Z18,PF2,2022-03-06,0.9936083333333332,0.99435,0.9940909722222223,통계적이상(3sigma),"mean=0.9190, sigma=0.0189, lower=0.8623, upper=0.9758"
H1.Z18,PF2,2022-03-08,0.9482083333333332,0.99535,0.988621527777778,통계적이상(3sigma),"mean=0.9190, sigma=0.0189, lower=0.8623, upper=0.9758"
H1.Z18,PF3,2022-12-23,0.0208083333333333,0.1537,0.06429895833333331,통계적이상(3sigma),"mean=0.8391, sigma=0.2561, lower=0.0709, upper=1.6074"
H1.Z18,PF3,2022-12-24,0.0284666666666666,0.1477166666666666,0.06080632969034606,통계적이상(3sigma),"mean=0.8391, sigma=0.2561, lower=0.0709, upper=1.6074"
H1.Z18,PF3,2022-12-25,0.0498583333333333,0.0687083333333333,0.059147007275132245,통계적이상(3sigma),"mean=0.8391, sigma=0.2561, lower=0.0709, upper=1.6074"
H1.Z18,PF3,2022-12-26,0.0247416666666666,0.07745,0.06101909722222218,통계적이상(3sigma),"mean=0.8391, sigma=0.2561, lower=0.0709, upper=1.6074"
H1.Z18,PF3,2022-12-27,0.0249083333333333,0.1730583333333333,0.04922222222222219,통계적이상(3sigma),"mean=0.8391, sigma=0.2561, lower=0.0709, upper=1.6074"
H1.Z18,PF3,2022-12-30,0.0204583333333333,0.0657583333333333,0.03317480077413475,통계적이상(3sigma),"mean=0.8391, sigma=0.2561, lower=0.0709, upper=1.6074"
H1.Z18,PF3,2023-01-02,0.0362916666666666,0.1290583333333333,0.05956909722222219,통계적이상(3sigma),"mean=0.8391, sigma=0.2561, lower=0.0709, upper=1.6074"
H1.Z18,PF3,2023-01-03,0.0168,0.0355833333333333,0.023261111111111062,통계적이상(3sigma),"mean=0.8391, sigma=0.2561, lower=0.0709, upper=1.6074"
H1.Z18,PF3,2023-01-04,-0.0115166666666666,0.0503916666666666,0.01384722222222221,통계적이상(3sigma),"mean=0.8391, sigma=0.2561, lower=0.0709, upper=1.6074"
H1.Z18,PF3,2023-01-07,0.0019916666666666,0.13695,0.04031211862477228,통계적이상(3sigma),"mean=0.8391, sigma=0.2561, lower=0.0709, upper=1.6074"
H1.Z18,PF3,2023-01-08,0.0076166666666666,0.0330666666666666,0.018831597222222166,통계적이상(3sigma),"mean=0.8391, sigma=0.2561, lower=0.0709, upper=1.6074"
H1.Z18,PF3,2023-01-09,-0.01075,0.1460499999999999,0.03497812499999996,통계적이상(3sigma),"mean=0.8391, sigma=0.2561, lower=0.0709, upper=1.6074"
H1.Z18,PF3,2023-01-10,-0.0016583333333333,0.13885,0.05760277777777773,통계적이상(3sigma),"mean=0.8391, sigma=0.2561, lower=0.0709, upper=1.6074"
H1.Z18,PF3,2023-01-11,-0.0067666666666666,0.1503666666666666,0.05390779257741345,통계적이상(3sigma),"mean=0.8391, sigma=0.2561, lower=0.0709, upper=1.6074"
H1.Z18,PF3,2023-01-12,-0.0108916666666666,0.1546083333333333,0.03961979166666665,통계적이상(3sigma),"mean=0.8391, sigma=0.2561, lower=0.0709, upper=1.6074"
H1.Z18,PF3,2023-01-13,-0.0108583333333333,0.1282833333333333,0.03287166438979962,통계적이상(3sigma),"mean=0.8391, sigma=0.2561, lower=0.0709, upper=1.6074"
H1.Z18,PF3,2023-01-14,-0.0033499999999999,0.1514666666666667,0.06619685223132966,통계적이상(3sigma),"mean=0.8391, sigma=0.2561, lower=0.0709, upper=1.6074"
H1.Z18,PF3,2023-01-15,-0.0049833333333333,0.14575,0.04850590277777775,통계적이상(3sigma),"mean=0.8391, sigma=0.2561, lower=0.0709, upper=1.6074"
H1.Z18,PF3,2023-01-16,-0.0081833333333333,0.10205,0.01852465277777778,통계적이상(3sigma),"mean=0.8391, sigma=0.2561, lower=0.0709, upper=1.6074"
H1.Z18,PF3,2023-01-17,-0.013275,0.1305583333333333,0.01836904030054644,통계적이상(3sigma),"mean=0.8391, sigma=0.2561, lower=0.0709, upper=1.6074"
H1.Z18,PF3,2023-01-19,-0.0149327868852459,0.1533416666666666,0.039338217213114764,통계적이상(3sigma),"mean=0.8391, sigma=0.2561, lower=0.0709, upper=1.6074"
H1.Z18,PF3,2023-01-20,-0.015725,-0.0037666666666666,-0.008804895264116526,통계적이상(3sigma),"mean=0.8391, sigma=0.2561, lower=0.0709, upper=1.6074"
H1.Z18,PF3,2023-01-21,-0.0111666666666666,0.0105166666666666,-0.002246874999999975,통계적이상(3sigma),"mean=0.8391, sigma=0.2561, lower=0.0709, upper=1.6074"
H1.Z18,PF3,2023-01-22,-0.0076249999999999,0.0026416666666666,-0.0032065972222221836,통계적이상(3sigma),"mean=0.8391, sigma=0.2561, lower=0.0709, upper=1.6074"
H1.Z18,PF3,2023-01-23,-0.012175,0.0094333333333333,-0.0036995503187613452,통계적이상(3sigma),"mean=0.8391, sigma=0.2561, lower=0.0709, upper=1.6074"
H1.Z18,PF3,2023-01-24,-0.012525,0.0009583333333333,-0.0069927880236793786,통계적이상(3sigma),"mean=0.8391, sigma=0.2561, lower=0.0709, upper=1.6074"
H1.Z18,PF3,2023-01-25,-0.0073083333333333,0.09855,0.004823611111111125,통계적이상(3sigma),"mean=0.8391, sigma=0.2561, lower=0.0709, upper=1.6074"
H1.Z18,PF3,2023-01-26,-0.014775,0.1138166666666666,0.017683691939890715,통계적이상(3sigma),"mean=0.8391, sigma=0.2561, lower=0.0709, upper=1.6074"
H1.Z18,PF3,2023-01-27,-0.0110550546448087,0.1167583333333333,0.022187289389799632,통계적이상(3sigma),"mean=0.8391, sigma=0.2561, lower=0.0709, upper=1.6074"
H1.Z18,PF3,2023-01-29,0.0098249999999999,0.1297333333333333,0.03039876479963567,통계적이상(3sigma),"mean=0.8391, sigma=0.2561, lower=0.0709, upper=1.6074"
H1.Z18,PF3,2023-01-30,-0.01805,0.1094333333333333,0.005903125000000009,통계적이상(3sigma),"mean=0.8391, sigma=0.2561, lower=0.0709, upper=1.6074"
H1.Z18,PF3,2023-01-31,-0.0121833333333333,0.1445166666666666,0.026094791666666662,통계적이상(3sigma),"mean=0.8391, sigma=0.2561, lower=0.0709, upper=1.6074"
H1.Z18,PF3,2023-02-01,-0.0131,0.1275916666666666,0.035006597222222186,통계적이상(3sigma),"mean=0.8391, sigma=0.2561, lower=0.0709, upper=1.6074"
H1.Z18,PF3,2023-02-02,-0.01075,0.1148333333333333,0.0414155453096539,통계적이상(3sigma),"mean=0.8391, sigma=0.2561, lower=0.0709, upper=1.6074"
H1.Z18,PF3,2023-02-03,-0.0140666666666666,0.1534083333333333,0.059115972222222195,통계적이상(3sigma),"mean=0.8391, sigma=0.2561, lower=0.0709, upper=1.6074"
H1.Z18,PF3,2023-02-05,0.0087916666666666,0.0983083333333333,0.028955902777777733,통계적이상(3sigma),"mean=0.8391, sigma=0.2561, lower=0.0709, upper=1.6074"
H1.Z18,PF3,2023-02-06,-0.0039666666666666,0.142675,0.01965902777777774,통계적이상(3sigma),"mean=0.8391, sigma=0.2561, lower=0.0709, upper=1.6074"
H1.Z18,PF3,2023-02-07,-0.0067749999999999,0.0293999999999999,0.010446527777777737,통계적이상(3sigma),"mean=0.8391, sigma=0.2561, lower=0.0709, upper=1.6074"
H1.Z18,PF3,2023-02-08,-0.0074333333333333,0.027,0.006512499999999981,통계적이상(3sigma),"mean=0.8391, sigma=0.2561, lower=0.0709, upper=1.6074"
H1.Z18,PF3,2023-02-09,-0.0169666666666666,0.0096999999999999,-0.004877777777777749,통계적이상(3sigma),"mean=0.8391, sigma=0.2561, lower=0.0709, upper=1.6074"
H1.Z18,PF3,2023-02-10,-0.0109416666666666,0.0094333333333333,-0.0041558287795992405,통계적이상(3sigma),"mean=0.8391, sigma=0.2561, lower=0.0709, upper=1.6074"
H1.Z18,PF3,2023-02-11,-0.0077166666666666,0.0088666666666666,0.0008677083333333206,통계적이상(3sigma),"mean=0.8391, sigma=0.2561, lower=0.0709, upper=1.6074"
H1.Z18,PF3,2023-02-12,-0.0061416666666666,0.0101666666666666,0.0037798611111110793,통계적이상(3sigma),"mean=0.8391, sigma=0.2561, lower=0.0709, upper=1.6074"
H1.Z18,PF3,2023-02-13,-0.0059499999999999,0.0326666666666666,0.004921875000000005,통계적이상(3sigma),"mean=0.8391, sigma=0.2561, lower=0.0709, upper=1.6074"
H1.Z18,PF3,2023-02-14,-0.0177083333333333,0.0019833333333333,-0.006689583333333302,통계적이상(3sigma),"mean=0.8391, sigma=0.2561, lower=0.0709, upper=1.6074"
H1.Z18,PF3,2023-02-15,-0.0057749999999999,0.1093583333333333,0.006773263888888876,통계적이상(3sigma),"mean=0.8391, sigma=0.2561, lower=0.0709, upper=1.6074"
H1.Z18,PF3,2023-02-16,-0.0001916666666666,0.1328083333333333,0.03610191256830598,통계적이상(3sigma),"mean=0.8391, sigma=0.2561, lower=0.0709, upper=1.6074"
H1.Z18,PF3,2023-03-02,-0.0096333333333333,0.0116333333333333,-0.0038703950364298374,통계적이상(3sigma),"mean=0.8391, sigma=0.2561, lower=0.0709, upper=1.6074"
H1.Z18,PF3,2023-03-03,-0.0072833333333333,0.0046916666666666,-0.0012397321428571375,통계적이상(3sigma),"mean=0.8391, sigma=0.2561, lower=0.0709, upper=1.6074"
H1.Z18,PF3,2023-03-04,-0.0103083333333333,0.0028333333333333,-0.002936111111111084,통계적이상(3sigma),"mean=0.8391, sigma=0.2561, lower=0.0709, upper=1.6074"
H1.Z18,PF3,2023-03-05,-0.0070666666666666,-0.0016497267759562,-0.004711794171220358,통계적이상(3sigma),"mean=0.8391, sigma=0.2561, lower=0.0709, upper=1.6074"
H1.Z18,PF3,2023-03-06,-0.0127333333333333,0.0186833333333333,-0.00521041666666662,통계적이상(3sigma),"mean=0.8391, sigma=0.2561, lower=0.0709, upper=1.6074"
H1.Z18,PF3,2023-03-07,-0.0108416666666666,0.1520166666666666,0.050263194444444444,통계적이상(3sigma),"mean=0.8391, sigma=0.2561, lower=0.0709, upper=1.6074"
H1.Z18,PF3,2023-03-15,-0.0152327868852459,0.1548583333333333,0.045427800546448065,통계적이상(3sigma),"mean=0.8391, sigma=0.2561, lower=0.0709, upper=1.6074"
H1.Z18,PF3,2023-03-27,0.0058833333333333,0.1682032051282051,0.06876328245411233,통계적이상(3sigma),"mean=0.8391, sigma=0.2561, lower=0.0709, upper=1.6074"
H1.Z18,PF3,2023-03-28,-0.0086,0.0214333333333333,0.006123263888888875,통계적이상(3sigma),"mean=0.8391, sigma=0.2561, lower=0.0709, upper=1.6074"
H1.Z18,PF3,2023-03-29,-0.0081583333333333,0.0373666666666666,0.013612847222222191,통계적이상(3sigma),"mean=0.8391, sigma=0.2561, lower=0.0709, upper=1.6074"
H1.Z18,PF3,2023-04-01,0.0087916666666666,0.0880499999999999,0.028546527777777737,통계적이상(3sigma),"mean=0.8391, sigma=0.2561, lower=0.0709, upper=1.6074"
H1.Z18,PF3,2023-04-02,-0.0032,0.15385,0.04182534722222219,통계적이상(3sigma),"mean=0.8391, sigma=0.2561, lower=0.0709, upper=1.6074"
H1.Z18,PF3,2023-04-03,-0.0108749999999999,0.14245,0.042924652777777766,통계적이상(3sigma),"mean=0.8391, sigma=0.2561, lower=0.0709, upper=1.6074"
H1.Z18,PF3,2023-04-04,-0.0071666666666666,0.1240631147540983,0.03921248292349725,통계적이상(3sigma),"mean=0.8391, sigma=0.2561, lower=0.0709, upper=1.6074"
H1.Z18,PF3,2023-04-05,-0.0078416666666666,0.1248583333333333,0.030733680555555542,통계적이상(3sigma),"mean=0.8391, sigma=0.2561, lower=0.0709, upper=1.6074"
H1.Z18,PF3,2023-04-06,-0.00225,0.10485,0.025026041666666627,통계적이상(3sigma),"mean=0.8391, sigma=0.2561, lower=0.0709, upper=1.6074"
H1.Z18,PF3,2023-04-07,-0.0048833333333333,0.13535,0.01994065915300545,통계적이상(3sigma),"mean=0.8391, sigma=0.2561, lower=0.0709, upper=1.6074"
H1.Z18,PF3,2023-04-08,0.0002666666666666,0.1363083333333333,0.06850208333333327,통계적이상(3sigma),"mean=0.8391, sigma=0.2561, lower=0.0709, upper=1.6074"
H1.Z18,PF3,2023-04-09,-0.0062166666666666,0.1426166666666666,0.031743300318761346,통계적이상(3sigma),"mean=0.8391, sigma=0.2561, lower=0.0709, upper=1.6074"
H1.Z18,PF3,2023-04-19,-0.0117416666666666,0.1121083333333333,0.03632465277777777,통계적이상(3sigma),"mean=0.8391, sigma=0.2561, lower=0.0709, upper=1.6074"
H1.Z18,PF3,2023-04-20,-0.0119166666666666,0.1596666666666666,0.022622569444444462,통계적이상(3sigma),"mean=0.8391, sigma=0.2561, lower=0.0709, upper=1.6074"
H1.Z18,PF3,2023-04-21,-0.0098166666666666,0.1442416666666666,0.0504562955373406,통계적이상(3sigma),"mean=0.8391, sigma=0.2561, lower=0.0709, upper=1.6074"
H1.Z18,PF3,2023-04-25,-0.0097166666666666,0.0766083333333333,0.019038194444444427,통계적이상(3sigma),"mean=0.8391, sigma=0.2561, lower=0.0709, upper=1.6074"
H1.Z18,PF3,2023-04-26,-0.0064916666666666,0.1448999999999999,0.02218020833333333,통계적이상(3sigma),"mean=0.8391, sigma=0.2561, lower=0.0709, upper=1.6074"
H1.Z18,PF3,2023-04-27,-0.0048499999999999,0.1504249999999999,0.053747694672131106,통계적이상(3sigma),"mean=0.8391, sigma=0.2561, lower=0.0709, upper=1.6074"
H1.Z18,PF3,2023-04-28,-0.0045833333333333,0.1285666666666666,0.06013819444444444,통계적이상(3sigma),"mean=0.8391, sigma=0.2561, lower=0.0709, upper=1.6074"
H1.Z18,PF3,2023-05-03,-0.0101249999999999,0.1409666666666666,0.051591666666666654,통계적이상(3sigma),"mean=0.8391, sigma=0.2561, lower=0.0709, upper=1.6074"
H1.Z18,PF3,2023-05-11,-0.01405,0.1292055555555555,0.0612225694444444,통계적이상(3sigma),"mean=0.8391, sigma=0.2561, lower=0.0709, upper=1.6074"
H1.Z18,PF3,2023-05-12,-0.0071833333333333,0.1437,0.0568489583333333,통계적이상(3sigma),"mean=0.8391, sigma=0.2561, lower=0.0709, upper=1.6074"
H1.Z18,PF3,2023-05-16,-0.0060749999999999,0.115925,0.046409083428869013,통계적이상(3sigma),"mean=0.8391, sigma=0.2561, lower=0.0709, upper=1.6074"
H1.Z18,PF3,2023-05-17,-0.0076416666666666,0.1292666666666666,0.039711828324225866,통계적이상(3sigma),"mean=0.8391, sigma=0.2561, lower=0.0709, upper=1.6074"
H1.Z18,PF3,2023-05-18,-0.0104333333333333,0.1584666666666666,0.05942616689435335,통계적이상(3sigma),"mean=0.8391, sigma=0.2561, lower=0.0709, upper=1.6074"
H1.Z19,PF,2022-12-01,-0.7166666666666667,-0.3545333333333333,-0.5615253472222222,통계적이상(3sigma),"mean=0.4137, sigma=0.2946, lower=-0.4701, upper=1.2975"
H1.Z19,PF,2022-12-02,-0.7372333333333334,-0.4792333333333333,-0.6297682604735882,통계적이상(3sigma),"mean=0.4137, sigma=0.2946, lower=-0.4701, upper=1.2975"
H1.Z19,PF,2022-12-03,-0.5737333333333333,-0.5129166666666667,-0.5519229166666667,통계적이상(3sigma),"mean=0.4137, sigma=0.2946, lower=-0.4701, upper=1.2975"
H1.Z19,PF,2022-12-04,-0.5759833333333333,-0.5181583333333334,-0.5459593749999999,통계적이상(3sigma),"mean=0.4137, sigma=0.2946, lower=-0.4701, upper=1.2975"
H1.Z19,PF,2022-12-05,-0.7730666666666667,-0.5123333333333334,-0.6315009335154828,통계적이상(3sigma),"mean=0.4137, sigma=0.2946, lower=-0.4701, upper=1.2975"
H1.Z19,PF,2022-12-06,-0.9246416666666666,-0.497275,-0.582290625,통계적이상(3sigma),"mean=0.4137, sigma=0.2946, lower=-0.4701, upper=1.2975"
H1.Z19,PF,2022-12-07,-0.7707916666666667,-0.5148333333333334,-0.5711568818306011,통계적이상(3sigma),"mean=0.4137, sigma=0.2946, lower=-0.4701, upper=1.2975"
H1.Z19,PF,2022-12-08,-0.58435,-0.5322,-0.5590827811930784,통계적이상(3sigma),"mean=0.4137, sigma=0.2946, lower=-0.4701, upper=1.2975"
H1.Z19,PF,2023-07-28,-0.7212665589749778,0.57140613200905,-0.5219942989519415,통계적이상(3sigma),"mean=0.4137, sigma=0.2946, lower=-0.4701, upper=1.2975"
H1.Z19,PF,2023-07-29,-0.5903667493496598,0.5738896764373902,-0.4855647124822549,통계적이상(3sigma),"mean=0.4137, sigma=0.2946, lower=-0.4701, upper=1.2975"
H1.Z19,PF,2023-07-30,-0.6234713974006926,-0.4549745395063694,-0.5328427524158756,통계적이상(3sigma),"mean=0.4137, sigma=0.2946, lower=-0.4701, upper=1.2975"
H1.Z19,PF,2023-07-31,-0.7475854946249272,0.5808191675375052,-0.5358517492835589,통계적이상(3sigma),"mean=0.4137, sigma=0.2946, lower=-0.4701, upper=1.2975"
H1.Z19,PF,2023-08-01,-0.7659611675589297,0.5783110740288161,-0.49733977166438037,통계적이상(3sigma),"mean=0.4137, sigma=0.2946, lower=-0.4701, upper=1.2975"
H1.Z19,PF,2023-08-02,-0.7296053748969338,0.5491064551580132,-0.5116042367026328,통계적이상(3sigma),"mean=0.4137, sigma=0.2946, lower=-0.4701, upper=1.2975"
H1.Z19,PF,2023-08-04,-0.7188708648420614,0.5609163734522304,-0.5310706831488877,통계적이상(3sigma),"mean=0.4137, sigma=0.2946, lower=-0.4701, upper=1.2975"
H1.Z19,PF,2023-08-05,-0.5906146916049959,0.0658644636772899,-0.4968636183966917,통계적이상(3sigma),"mean=0.4137, sigma=0.2946, lower=-0.4701, upper=1.2975"
H1.Z19,PF,2023-08-09,-0.72165,0.48965,-0.5267071890179115,통계적이상(3sigma),"mean=0.4137, sigma=0.2946, lower=-0.4701, upper=1.2975"
H1.Z19,PF,2023-08-10,-0.76515,0.5707083333333334,-0.475933606557377,통계적이상(3sigma),"mean=0.4137, sigma=0.2946, lower=-0.4701, upper=1.2975"
H1.Z19,PF,2023-08-11,-0.7262500000000001,0.5596166666666667,-0.49523716547192365,통계적이상(3sigma),"mean=0.4137, sigma=0.2946, lower=-0.4701, upper=1.2975"
H1.Z19,PF,2023-08-12,-0.5903666666666666,-0.2341583333333333,-0.5311611429872495,통계적이상(3sigma),"mean=0.4137, sigma=0.2946, lower=-0.4701, upper=1.2975"
H1.Z19,PF,2023-08-13,-0.6245416666666668,0.0494666666666666,-0.4748770833333334,통계적이상(3sigma),"mean=0.4137, sigma=0.2946, lower=-0.4701, upper=1.2975"
H1.Z19,PF,2023-08-14,-0.9461166666666666,-0.5182833333333333,-0.6260767361111111,통계적이상(3sigma),"mean=0.4137, sigma=0.2946, lower=-0.4701, upper=1.2975"
H1.Z19,PF,2023-08-15,-0.912725,0.1121166666666666,-0.6136871527777777,통계적이상(3sigma),"mean=0.4137, sigma=0.2946, lower=-0.4701, upper=1.2975"
H1.Z19,PF,2023-08-16,-0.8933760154826959,0.0995166666666666,-0.6136559450895568,통계적이상(3sigma),"mean=0.4137, sigma=0.2946, lower=-0.4701, upper=1.2975"
H1.Z19,PF,2023-08-17,-0.8054833333333333,-0.5195416666666667,-0.674679570051609,통계적이상(3sigma),"mean=0.4137, sigma=0.2946, lower=-0.4701, upper=1.2975"
H1.Z19,PF,2023-08-18,-0.8018333333333333,0.0783583333333333,-0.5955899305555555,통계적이상(3sigma),"mean=0.4137, sigma=0.2946, lower=-0.4701, upper=1.2975"
H1.Z19,PF,2023-08-19,-0.59845,-0.48935,-0.5527922165686455,통계적이상(3sigma),"mean=0.4137, sigma=0.2946, lower=-0.4701, upper=1.2975"
H1.Z19,PF,2023-08-20,-0.6245416666666668,0.0494666666666666,-0.4747631944444444,통계적이상(3sigma),"mean=0.4137, sigma=0.2946, lower=-0.4701, upper=1.2975"
H1.Z19,PF,2023-08-21,-0.9461166666666666,-0.5182833333333333,-0.6259579861111112,통계적이상(3sigma),"mean=0.4137, sigma=0.2946, lower=-0.4701, upper=1.2975"
H1.Z19,PF,2023-08-22,-0.8755333333333333,0.1121166666666666,-0.6137374775985663,통계적이상(3sigma),"mean=0.4137, sigma=0.2946, lower=-0.4701, upper=1.2975"
H1.Z19,PF,2023-08-23,-0.8530290209471766,-0.1244833333333333,-0.6180331536505769,통계적이상(3sigma),"mean=0.4137, sigma=0.2946, lower=-0.4701, upper=1.2975"
H1.Z19,PF,2023-08-24,-0.8013166666666667,-0.5216083333333333,-0.6680486046599879,통계적이상(3sigma),"mean=0.4137, sigma=0.2946, lower=-0.4701, upper=1.2975"
H1.Z19,PF,2023-08-25,-0.7938,-0.1254333333333333,-0.5890207877959928,통계적이상(3sigma),"mean=0.4137, sigma=0.2946, lower=-0.4701, upper=1.2975"
H1.Z19,PF,2023-08-26,-0.6021333333333333,0.441975,-0.4891277294329444,통계적이상(3sigma),"mean=0.4137, sigma=0.2946, lower=-0.4701, upper=1.2975"
H1.Z19,PF,2023-08-29,-0.8104833333333333,0.5398,-0.4842399874772314,통계적이상(3sigma),"mean=0.4137, sigma=0.2946, lower=-0.4701, upper=1.2975"
H1.Z19,PF,2023-08-30,-0.80665,0.5343916666666666,-0.527229861111111,통계적이상(3sigma),"mean=0.4137, sigma=0.2946, lower=-0.4701, upper=1.2975"
H1.Z19,PF,2023-08-31,-0.7956,0.5241166666666667,-0.5707843685488767,통계적이상(3sigma),"mean=0.4137, sigma=0.2946, lower=-0.4701, upper=1.2975"
H1.Z19,PF,2023-09-01,-0.7938,-0.1254333333333333,-0.5892030794626594,통계적이상(3sigma),"mean=0.4137, sigma=0.2946, lower=-0.4701, upper=1.2975"
H1.Z19,PF,2023-09-02,-0.6021333333333333,0.3763166666666667,-0.4954562016551667,통계적이상(3sigma),"mean=0.4137, sigma=0.2946, lower=-0.4701, upper=1.2975"
H1.Z19,PF,2023-09-05,-0.8126666666666666,0.4889,-0.5136319444444445,통계적이상(3sigma),"mean=0.4137, sigma=0.2946, lower=-0.4701, upper=1.2975"
H1.Z19,PF,2023-09-06,-0.80665,0.5343916666666666,-0.4860628472222222,통계적이상(3sigma),"mean=0.4137, sigma=0.2946, lower=-0.4701, upper=1.2975"
H1.Z19,PF,2023-09-07,-0.7956,0.5241166666666667,-0.5718364518822101,통계적이상(3sigma),"mean=0.4137, sigma=0.2946, lower=-0.4701, upper=1.2975"
H1.Z19,PF,2023-09-08,-0.7938,-0.1254333333333333,-0.5739048611111112,통계적이상(3sigma),"mean=0.4137, sigma=0.2946, lower=-0.4701, upper=1.2975"
H1.Z19,PF,2023-09-09,-0.5850833333333334,0.16185,-0.507844396099611,통계적이상(3sigma),"mean=0.4137, sigma=0.2946, lower=-0.4701, upper=1.2975"
H1.Z19,PF,2023-09-10,-0.5608833333333333,-0.4215666666666667,-0.5197145833333333,통계적이상(3sigma),"mean=0.4137, sigma=0.2946, lower=-0.4701, upper=1.2975"
H1.Z19,PF,2023-09-11,-0.9438666666666666,0.5668500000000001,-0.5352024305555555,통계적이상(3sigma),"mean=0.4137, sigma=0.2946, lower=-0.4701, upper=1.2975"
H1.Z19,PF,2023-09-12,-0.8940166666666667,-0.4855666666666666,-0.6104892930327869,통계적이상(3sigma),"mean=0.4137, sigma=0.2946, lower=-0.4701, upper=1.2975"
H1.Z19,PF,2023-09-13,-0.8516333333333334,0.5519166666666667,-0.5605666666666668,통계적이상(3sigma),"mean=0.4137, sigma=0.2946, lower=-0.4701, upper=1.2975"
H1.Z19,PF,2023-09-15,-0.8158916666666667,0.0258166666666666,-0.5627809027777778,통계적이상(3sigma),"mean=0.4137, sigma=0.2946, lower=-0.4701, upper=1.2975"
H1.Z19,PF,2023-09-16,-0.5850833333333334,0.1706333333333333,-0.5089711322107221,통계적이상(3sigma),"mean=0.4137, sigma=0.2946, lower=-0.4701, upper=1.2975"
H1.Z19,PF,2023-09-17,-0.5708,-0.3940166666666667,-0.5253881944444444,통계적이상(3sigma),"mean=0.4137, sigma=0.2946, lower=-0.4701, upper=1.2975"
H1.Z19,PF,2023-09-18,-0.7947666666666666,0.3277666666666666,-0.5518989184881602,통계적이상(3sigma),"mean=0.4137, sigma=0.2946, lower=-0.4701, upper=1.2975"
H1.Z19,PF,2023-09-19,-0.9381952185792348,0.2853114754098361,-0.6028412476465996,통계적이상(3sigma),"mean=0.4137, sigma=0.2946, lower=-0.4701, upper=1.2975"
H1.Z19,PF,2023-09-20,-0.9115583333333334,0.2855333333333333,-0.5549697916666666,통계적이상(3sigma),"mean=0.4137, sigma=0.2946, lower=-0.4701, upper=1.2975"
H1.Z19,PF3,2022-11-29,-0.8948,-0.7939833333333334,-0.8473114583333333,통계적이상(3sigma),"mean=0.5882, sigma=0.3422, lower=-0.4383, upper=1.6147"
H1.Z19,PF3,2022-11-30,-0.8833249999999999,-0.5082,-0.8283437499999998,통계적이상(3sigma),"mean=0.5882, sigma=0.3422, lower=-0.4383, upper=1.6147"
H1.Z19,PF3,2022-12-01,-0.8530583333333334,-0.5113833333333333,-0.7176315972222221,통계적이상(3sigma),"mean=0.5882, sigma=0.3422, lower=-0.4383, upper=1.6147"
H1.Z19,PF3,2022-12-02,-0.7461916666666667,-0.48205,-0.630867941712204,통계적이상(3sigma),"mean=0.5882, sigma=0.3422, lower=-0.4383, upper=1.6147"
H1.Z19,PF3,2022-12-03,-0.5780583333333333,-0.5118916666666666,-0.552073611111111,통계적이상(3sigma),"mean=0.5882, sigma=0.3422, lower=-0.4383, upper=1.6147"
H1.Z19,PF3,2022-12-04,-0.5776833333333333,-0.5151833333333333,-0.545195138888889,통계적이상(3sigma),"mean=0.5882, sigma=0.3422, lower=-0.4383, upper=1.6147"
H1.Z19,PF3,2022-12-05,-0.76825,-0.5104,-0.6317332251821494,통계적이상(3sigma),"mean=0.5882, sigma=0.3422, lower=-0.4383, upper=1.6147"
H1.Z19,PF3,2022-12-06,-0.9254916666666666,-0.5007750000000001,-0.5835684027777778,통계적이상(3sigma),"mean=0.5882, sigma=0.3422, lower=-0.4383, upper=1.6147"
H1.Z19,PF3,2022-12-07,-0.7729250000000001,-0.5076666666666667,-0.5690418032786885,통계적이상(3sigma),"mean=0.5882, sigma=0.3422, lower=-0.4383, upper=1.6147"
H1.Z19,PF3,2022-12-08,-0.5765916666666667,-0.5275833333333334,-0.5577515596539162,통계적이상(3sigma),"mean=0.5882, sigma=0.3422, lower=-0.4383, upper=1.6147"
H1.Z19,PF3,2023-07-28,-0.7150021433855488,0.5590198754293195,-0.5246995142588864,통계적이상(3sigma),"mean=0.5882, sigma=0.3422, lower=-0.4383, upper=1.6147"
H1.Z19,PF3,2023-07-29,-0.5840663848290867,0.5626341289161846,-0.4856042981118211,통계적이상(3sigma),"mean=0.5882, sigma=0.3422, lower=-0.4383, upper=1.6147"
H1.Z19,PF3,2023-07-30,-0.6062497561641099,-0.4527710915856113,-0.5318097375823573,통계적이상(3sigma),"mean=0.5882, sigma=0.3422, lower=-0.4383, upper=1.6147"
H1.Z19,PF3,2023-07-31,-0.7500679174612148,0.5696045879439554,-0.5371477258243108,통계적이상(3sigma),"mean=0.5882, sigma=0.3422, lower=-0.4383, upper=1.6147"
H1.Z19,PF3,2023-08-01,-0.7321652298886747,0.5660722204072052,-0.4969595719685132,통계적이상(3sigma),"mean=0.5882, sigma=0.3422, lower=-0.4383, upper=1.6147"
H1.Z19,PF3,2023-08-02,-0.7329680187366673,0.5361136376646506,-0.5099619623606352,통계적이상(3sigma),"mean=0.5882, sigma=0.3422, lower=-0.4383, upper=1.6147"
H1.Z19,PF3,2023-08-03,-0.7119513890040932,0.5661313453913862,-0.47094338078283876,통계적이상(3sigma),"mean=0.5882, sigma=0.3422, lower=-0.4383, upper=1.6147"
H1.Z19,PF3,2023-08-04,-0.7234669504125487,0.547708904116879,-0.5309564178527426,통계적이상(3sigma),"mean=0.5882, sigma=0.3422, lower=-0.4383, upper=1.6147"
H1.Z19,PF3,2023-08-05,-0.5883821771295654,0.065865225633504,-0.49557591503427184,통계적이상(3sigma),"mean=0.5882, sigma=0.3422, lower=-0.4383, upper=1.6147"
H1.Z19,PF3,2023-08-09,-0.7216,0.4775166666666666,-0.526356989792046,통계적이상(3sigma),"mean=0.5882, sigma=0.3422, lower=-0.4383, upper=1.6147"
H1.Z19,PF3,2023-08-10,-0.7595333333333334,0.5596333333333334,-0.47687301912568314,통계적이상(3sigma),"mean=0.5882, sigma=0.3422, lower=-0.4383, upper=1.6147"
H1.Z19,PF3,2023-08-11,-0.7362333333333333,0.5480083333333333,-0.5012596781660692,통계적이상(3sigma),"mean=0.5882, sigma=0.3422, lower=-0.4383, upper=1.6147"
H1.Z19,PF3,2023-08-12,-0.591,-0.2363,-0.5293826707650274,통계적이상(3sigma),"mean=0.5882, sigma=0.3422, lower=-0.4383, upper=1.6147"
H1.Z19,PF3,2023-08-13,-0.6224583333333332,0.0516,-0.47426458333333316,통계적이상(3sigma),"mean=0.5882, sigma=0.3422, lower=-0.4383, upper=1.6147"
H1.Z19,PF3,2023-08-14,-0.9473333333333332,-0.5166999999999999,-0.6271340277777778,통계적이상(3sigma),"mean=0.5882, sigma=0.3422, lower=-0.4383, upper=1.6147"
H1.Z19,PF3,2023-08-15,-0.9152916666666666,0.1019166666666666,-0.6143177083333333,통계적이상(3sigma),"mean=0.5882, sigma=0.3422, lower=-0.4383, upper=1.6147"
H1.Z19,PF3,2023-08-16,-0.888725223132969,0.0920333333333333,-0.6107545231860958,통계적이상(3sigma),"mean=0.5882, sigma=0.3422, lower=-0.4383, upper=1.6147"
H1.Z19,PF3,2023-08-17,-0.8079500000000001,-0.5725333333333334,-0.6760537731481482,통계적이상(3sigma),"mean=0.5882, sigma=0.3422, lower=-0.4383, upper=1.6147"
H1.Z19,PF3,2023-08-18,-0.8028333333333334,0.0786833333333333,-0.5931982638888889,통계적이상(3sigma),"mean=0.5882, sigma=0.3422, lower=-0.4383, upper=1.6147"
H1.Z19,PF3,2023-08-19,-0.6076333333333334,-0.4844166666666666,-0.5517878222152758,통계적이상(3sigma),"mean=0.5882, sigma=0.3422, lower=-0.4383, upper=1.6147"
H1.Z19,PF3,2023-08-20,-0.6224583333333332,0.0516,-0.4741881944444444,통계적이상(3sigma),"mean=0.5882, sigma=0.3422, lower=-0.4383, upper=1.6147"
H1.Z19,PF3,2023-08-21,-0.9473333333333332,-0.5166999999999999,-0.6270152777777778,통계적이상(3sigma),"mean=0.5882, sigma=0.3422, lower=-0.4383, upper=1.6147"
H1.Z19,PF3,2023-08-22,-0.87815,0.1019166666666666,-0.6142538194444445,통계적이상(3sigma),"mean=0.5882, sigma=0.3422, lower=-0.4383, upper=1.6147"
H1.Z19,PF3,2023-08-23,-0.85019735428051,-0.1334499999999999,-0.616207875872799,통계적이상(3sigma),"mean=0.5882, sigma=0.3422, lower=-0.4383, upper=1.6147"
H1.Z19,PF3,2023-08-24,-0.80275,-0.5653666666666667,-0.6700721133120826,통계적이상(3sigma),"mean=0.5882, sigma=0.3422, lower=-0.4383, upper=1.6147"
H1.Z19,PF3,2023-08-25,-0.7827166666666667,-0.1146333333333333,-0.5847546049635703,통계적이상(3sigma),"mean=0.5882, sigma=0.3422, lower=-0.4383, upper=1.6147"
H1.Z19,PF3,2023-08-26,-0.6040833333333333,0.4316333333333333,-0.4879591786588095,통계적이상(3sigma),"mean=0.5882, sigma=0.3422, lower=-0.4383, upper=1.6147"
H1.Z19,PF3,2023-08-27,-0.5673833333333334,0.560825,-0.46166494193989077,통계적이상(3sigma),"mean=0.5882, sigma=0.3422, lower=-0.4383, upper=1.6147"
H1.Z19,PF3,2023-08-29,-0.8115416666666667,0.5275666666666666,-0.4860074396630236,통계적이상(3sigma),"mean=0.5882, sigma=0.3422, lower=-0.4383, upper=1.6147"
H1.Z19,PF3,2023-08-30,-0.79705,0.5222333333333333,-0.53045,통계적이상(3sigma),"mean=0.5882, sigma=0.3422, lower=-0.4383, upper=1.6147"
H1.Z19,PF3,2023-08-31,-0.7933166666666666,0.5124833333333334,-0.5724016272009714,통계적이상(3sigma),"mean=0.5882, sigma=0.3422, lower=-0.4383, upper=1.6147"
H1.Z19,PF3,2023-09-01,-0.7827166666666667,-0.1146333333333333,-0.5848018271857925,통계적이상(3sigma),"mean=0.5882, sigma=0.3422, lower=-0.4383, upper=1.6147"
H1.Z19,PF3,2023-09-02,-0.6040833333333333,0.366,-0.4953800119921428,통계적이상(3sigma),"mean=0.5882, sigma=0.3422, lower=-0.4383, upper=1.6147"
H1.Z19,PF3,2023-09-03,-0.5994833333333334,0.5306833333333334,-0.46629202527322394,통계적이상(3sigma),"mean=0.5882, sigma=0.3422, lower=-0.4383, upper=1.6147"
H1.Z19,PF3,2023-09-05,-0.8183666666666666,0.480175,-0.5142159722222223,통계적이상(3sigma),"mean=0.5882, sigma=0.3422, lower=-0.4383, upper=1.6147"
H1.Z19,PF3,2023-09-06,-0.8021499999999999,0.5222333333333333,-0.48656249999999995,통계적이상(3sigma),"mean=0.5882, sigma=0.3422, lower=-0.4383, upper=1.6147"
H1.Z19,PF3,2023-09-07,-0.7933166666666666,0.5124833333333334,-0.5733245438676381,통계적이상(3sigma),"mean=0.5882, sigma=0.3422, lower=-0.4383, upper=1.6147"
H1.Z19,PF3,2023-09-08,-0.7827166666666667,-0.1146333333333333,-0.5699055555555558,통계적이상(3sigma),"mean=0.5882, sigma=0.3422, lower=-0.4383, upper=1.6147"
H1.Z19,PF3,2023-09-09,-0.5891583333333333,0.1551999999999999,-0.5067178592143651,통계적이상(3sigma),"mean=0.5882, sigma=0.3422, lower=-0.4383, upper=1.6147"
H1.Z19,PF3,2023-09-10,-0.5623333333333334,-0.4228833333333333,-0.5174465277777777,통계적이상(3sigma),"mean=0.5882, sigma=0.3422, lower=-0.4383, upper=1.6147"
H1.Z19,PF3,2023-09-11,-0.9434,0.55545,-0.5350295138888891,통계적이상(3sigma),"mean=0.5882, sigma=0.3422, lower=-0.4383, upper=1.6147"
H1.Z19,PF3,2023-09-12,-0.8951333333333333,-0.4902166666666667,-0.6088927652550091,통계적이상(3sigma),"mean=0.5882, sigma=0.3422, lower=-0.4383, upper=1.6147"
H1.Z19,PF3,2023-09-13,-0.8417,0.5396666666666667,-0.5605715277777777,통계적이상(3sigma),"mean=0.5882, sigma=0.3422, lower=-0.4383, upper=1.6147"
H1.Z19,PF3,2023-09-15,-0.814925,0.0215166666666666,-0.5610277777777779,통계적이상(3sigma),"mean=0.5882, sigma=0.3422, lower=-0.4383, upper=1.6147"
H1.Z19,PF3,2023-09-16,-0.5891583333333333,0.1648166666666667,-0.5080491092143651,통계적이상(3sigma),"mean=0.5882, sigma=0.3422, lower=-0.4383, upper=1.6147"
H1.Z19,PF3,2023-09-17,-0.5741833333333334,-0.3975416666666666,-0.5234868055555556,통계적이상(3sigma),"mean=0.5882, sigma=0.3422, lower=-0.4383, upper=1.6147"
H1.Z19,PF3,2023-09-18,-0.7978833333333333,0.3223,-0.5490082081056467,통계적이상(3sigma),"mean=0.5882, sigma=0.3422, lower=-0.4383, upper=1.6147"
H1.Z19,PF3,2023-09-19,-0.9349707650273223,0.2794700819672131,-0.6032420160892225,통계적이상(3sigma),"mean=0.5882, sigma=0.3422, lower=-0.4383, upper=1.6147"
H1.Z19,PF3,2023-09-20,-0.9076,0.2748333333333333,-0.5559565972222221,통계적이상(3sigma),"mean=0.5882, sigma=0.3422, lower=-0.4383, upper=1.6147"
H1.Z19,PF3,2023-09-21,-0.7721333333333333,0.3990549180327869,-0.46495833574094486,통계적이상(3sigma),"mean=0.5882, sigma=0.3422, lower=-0.4383, upper=1.6147"
H1.Z19,PF3,2023-09-22,-0.690331693989071,0.5583833333333333,-0.4536475186454363,통계적이상(3sigma),"mean=0.5882, sigma=0.3422, lower=-0.4383, upper=1.6147"
H1.Z19,PF3,2023-09-28,-0.7806,0.5498999999999999,-0.46561231303418804,통계적이상(3sigma),"mean=0.5882, sigma=0.3422, lower=-0.4383, upper=1.6147"
H1.Z19,PF3,2023-09-29,-0.7129224043715846,0.5439166666666666,-0.45608839447003574,통계적이상(3sigma),"mean=0.5882, sigma=0.3422, lower=-0.4383, upper=1.6147"
H1.Z21,PF,2018-02-06,-0.9930733606557376,0.5274666666666668,-0.2619709115128548,통계적이상(3sigma),"mean=0.8636, sigma=0.3215, lower=-0.1007, upper=1.8280"
H1.Z21,PF,2018-02-07,-0.9460333333333334,0.2905743134958901,-0.44344044299413743,통계적이상(3sigma),"mean=0.8636, sigma=0.3215, lower=-0.1007, upper=1.8280"
H1.Z21,PF,2018-02-08,-0.7970138888888889,0.0224833333333333,-0.4697815972222221,통계적이상(3sigma),"mean=0.8636, sigma=0.3215, lower=-0.1007, upper=1.8280"
H1.Z21,PF,2018-02-09,-0.8939666666666667,-0.0859083333333333,-0.5532833664021164,통계적이상(3sigma),"mean=0.8636, sigma=0.3215, lower=-0.1007, upper=1.8280"
H1.Z21,PF,2018-02-10,-0.6971,0.0693338028654084,-0.20830876153740183,통계적이상(3sigma),"mean=0.8636, sigma=0.3215, lower=-0.1007, upper=1.8280"
H1.Z21,PF,2018-02-11,-0.4656666666666667,-0.0519333333333333,-0.2770379472995784,통계적이상(3sigma),"mean=0.8636, sigma=0.3215, lower=-0.1007, upper=1.8280"
H1.Z21,PF,2018-02-12,-0.8170499999999999,-0.0602916666666666,-0.4708559027777779,통계적이상(3sigma),"mean=0.8636, sigma=0.3215, lower=-0.1007, upper=1.8280"
H1.Z21,PF,2018-02-13,-0.860875,-0.141375,-0.5020937499999999,통계적이상(3sigma),"mean=0.8636, sigma=0.3215, lower=-0.1007, upper=1.8280"
H1.Z21,PF,2018-02-14,-0.8483333333333333,-0.1410583333333333,-0.5210247523189604,통계적이상(3sigma),"mean=0.8636, sigma=0.3215, lower=-0.1007, upper=1.8280"
H1.Z21,PF,2018-02-15,-0.8550476775956284,0.9771833333333332,-0.21909275530567415,통계적이상(3sigma),"mean=0.8636, sigma=0.3215, lower=-0.1007, upper=1.8280"
H1.Z21,PF,2018-02-17,-0.9286333333333332,0.0945666666666666,-0.2877552617521367,통계적이상(3sigma),"mean=0.8636, sigma=0.3215, lower=-0.1007, upper=1.8280"
H1.Z21,PF,2018-02-18,-0.9248916666666668,-0.087575,-0.4185296960382514,통계적이상(3sigma),"mean=0.8636, sigma=0.3215, lower=-0.1007, upper=1.8280"
H1.Z21,PF,2018-02-24,-0.8299138888888888,0.2107333333333333,-0.3082989583333333,통계적이상(3sigma),"mean=0.8636, sigma=0.3215, lower=-0.1007, upper=1.8280"
H1.Z21,PF,2018-02-25,-0.8641249999999999,-0.1337666666666666,-0.47224322916666656,통계적이상(3sigma),"mean=0.8636, sigma=0.3215, lower=-0.1007, upper=1.8280"
H1.Z21,PF,2018-04-07,-0.99505,0.0,-0.40976186262784703,통계적이상(3sigma),"mean=0.8636, sigma=0.3215, lower=-0.1007, upper=1.8280"
H1.Z21,PF,2018-04-09,-0.9956833333333334,0.63335,-0.13244722222222224,통계적이상(3sigma),"mean=0.8636, sigma=0.3215, lower=-0.1007, upper=1.8280"
H1.Z21,PF,2018-11-10,-0.878325,0.1429333333333333,-0.3427721064814813,통계적이상(3sigma),"mean=0.8636, sigma=0.3215, lower=-0.1007, upper=1.8280"
H1.Z21,PF,2018-11-11,-0.8655083333333333,-0.00675,-0.44837094907407415,통계적이상(3sigma),"mean=0.8636, sigma=0.3215, lower=-0.1007, upper=1.8280"
H1.Z21,PF,2021-01-31,-0.843,-0.0294333333333333,-0.34651562499999994,통계적이상(3sigma),"mean=0.8636, sigma=0.3215, lower=-0.1007, upper=1.8280"
H1.Z21,PF,2021-09-29,-0.8046000000000001,0.0543416666666666,-0.2595829861111111,통계적이상(3sigma),"mean=0.8636, sigma=0.3215, lower=-0.1007, upper=1.8280"
H1.Z21,PF,2021-09-30,-0.9112579234972678,0.0916583333333333,-0.5451256773679417,통계적이상(3sigma),"mean=0.8636, sigma=0.3215, lower=-0.1007, upper=1.8280"
H1.Z21,PF,2021-10-01,-0.9558166666666666,0.2322833333333333,-0.46802648565573773,통계적이상(3sigma),"mean=0.8636, sigma=0.3215, lower=-0.1007, upper=1.8280"
H1.Z21,PF,2021-10-02,-0.8494916666666666,0.1130416666666666,-0.22220694444444444,통계적이상(3sigma),"mean=0.8636, sigma=0.3215, lower=-0.1007, upper=1.8280"
H1.Z21,PF,2021-10-04,-0.9792666666666666,0.0,-0.24621111111111113,통계적이상(3sigma),"mean=0.8636, sigma=0.3215, lower=-0.1007, upper=1.8280"
H1.Z21,PF,2021-10-05,-0.96805,0.0051333333333333,-0.48480972222222224,통계적이상(3sigma),"mean=0.8636, sigma=0.3215, lower=-0.1007, upper=1.8280"
H1.Z21,PF,2021-10-06,-0.9561416666666668,0.1853833333333333,-0.5331995617030966,통계적이상(3sigma),"mean=0.8636, sigma=0.3215, lower=-0.1007, upper=1.8280"
H1.Z21,PF,2021-10-07,-0.7595833333333334,0.0688833333333333,-0.30298368055555563,통계적이상(3sigma),"mean=0.8636, sigma=0.3215, lower=-0.1007, upper=1.8280"
H1.Z21,PF,2022-11-22,-0.8559416666666666,0.1505999999999999,-0.6110767361111111,통계적이상(3sigma),"mean=0.8636, sigma=0.3215, lower=-0.1007, upper=1.8280"
H1.Z21,PF,2022-11-23,-0.8510833333333333,0.28765,-0.5090746527777777,통계적이상(3sigma),"mean=0.8636, sigma=0.3215, lower=-0.1007, upper=1.8280"
H1.Z21,PF,2022-11-24,-0.8064,0.1560833333333333,-0.4042774305555555,통계적이상(3sigma),"mean=0.8636, sigma=0.3215, lower=-0.1007, upper=1.8280"
H1.Z21,PF,2022-11-25,-0.8282666666666666,0.0831833333333333,-0.3826171049635701,통계적이상(3sigma),"mean=0.8636, sigma=0.3215, lower=-0.1007, upper=1.8280"
H1.Z21,PF,2022-11-26,-0.8566916666666666,0.0960083333333333,-0.3924024739583332,통계적이상(3sigma),"mean=0.8636, sigma=0.3215, lower=-0.1007, upper=1.8280"
H1.Z21,PF,2022-11-27,-0.8537750000000001,0.0133833333333333,-0.6014038194444445,통계적이상(3sigma),"mean=0.8636, sigma=0.3215, lower=-0.1007, upper=1.8280"
H1.Z21,PF,2022-11-28,-0.84045,0.1624166666666666,-0.26268854166666666,통계적이상(3sigma),"mean=0.8636, sigma=0.3215, lower=-0.1007, upper=1.8280"
H1.Z21,PF,2022-12-11,-0.1705166666666666,-0.076625,-0.12527774931693983,통계적이상(3sigma),"mean=0.8636, sigma=0.3215, lower=-0.1007, upper=1.8280"
H1.Z21,PF,2022-12-14,-0.3677583333333333,0.04675,-0.1837300944899817,통계적이상(3sigma),"mean=0.8636, sigma=0.3215, lower=-0.1007, upper=1.8280"
H1.Z21,PF,2022-12-15,-0.2333583333333333,-0.1200833333333333,-0.18151103711293257,통계적이상(3sigma),"mean=0.8636, sigma=0.3215, lower=-0.1007, upper=1.8280"
H1.Z21,PF,2022-12-17,-0.1904833333333333,-0.139375,-0.16594861111111106,통계적이상(3sigma),"mean=0.8636, sigma=0.3215, lower=-0.1007, upper=1.8280"
H1.Z21,PF,2022-12-18,-0.2693916666666666,-0.1276166666666666,-0.1939444444444444,통계적이상(3sigma),"mean=0.8636, sigma=0.3215, lower=-0.1007, upper=1.8280"
H1.Z21,PF,2022-12-19,-0.2123833333333333,0.0845166666666666,-0.11221041666666663,통계적이상(3sigma),"mean=0.8636, sigma=0.3215, lower=-0.1007, upper=1.8280"
H1.Z21,PF,2023-01-03,-0.2018416666666666,0.1271499999999999,-0.10945486111111108,통계적이상(3sigma),"mean=0.8636, sigma=0.3215, lower=-0.1007, upper=1.8280"
H1.Z21,PF,2023-01-07,-0.6329833333333333,0.1173583333333333,-0.1628785234517304,통계적이상(3sigma),"mean=0.8636, sigma=0.3215, lower=-0.1007, upper=1.8280"
H1.Z21,PF,2023-01-08,-0.4614583333333333,-0.0626833333333333,-0.2315711805555555,통계적이상(3sigma),"mean=0.8636, sigma=0.3215, lower=-0.1007, upper=1.8280"
H1.Z21,PF,2023-01-09,-0.29805,0.0017833333333333,-0.2178479166666666,통계적이상(3sigma),"mean=0.8636, sigma=0.3215, lower=-0.1007, upper=1.8280"
H1.Z21,PF,2023-01-10,-0.7327,0.0165833333333333,-0.23962430555555556,통계적이상(3sigma),"mean=0.8636, sigma=0.3215, lower=-0.1007, upper=1.8280"
H1.Z21,PF,2023-01-11,-0.4112333333333333,0.11485,-0.16602899020947176,통계적이상(3sigma),"mean=0.8636, sigma=0.3215, lower=-0.1007, upper=1.8280"
H1.Z21,PF,2023-01-12,-0.4559166666666667,-0.0330833333333333,-0.2623465277777777,통계적이상(3sigma),"mean=0.8636, sigma=0.3215, lower=-0.1007, upper=1.8280"
H1.Z21,PF,2023-01-13,-0.3266333333333333,0.1867,-0.1702349442167577,통계적이상(3sigma),"mean=0.8636, sigma=0.3215, lower=-0.1007, upper=1.8280"
H1.Z21,PF,2023-01-14,-0.2847583333333333,0.1150916666666666,-0.12254909494535515,통계적이상(3sigma),"mean=0.8636, sigma=0.3215, lower=-0.1007, upper=1.8280"
H1.Z21,PF,2023-01-15,-0.5381750000000001,0.0835833333333333,-0.18609965277777776,통계적이상(3sigma),"mean=0.8636, sigma=0.3215, lower=-0.1007, upper=1.8280"
H1.Z21,PF,2023-01-16,-0.3091583333333333,-0.0046333333333333,-0.18061145833333328,통계적이상(3sigma),"mean=0.8636, sigma=0.3215, lower=-0.1007, upper=1.8280"
H1.Z21,PF,2023-01-17,-0.7076083333333333,0.1094,-0.19273910519125678,통계적이상(3sigma),"mean=0.8636, sigma=0.3215, lower=-0.1007, upper=1.8280"
H1.Z21,PF,2023-01-20,-0.207375,0.0739166666666666,-0.13459933401639343,통계적이상(3sigma),"mean=0.8636, sigma=0.3215, lower=-0.1007, upper=1.8280"
H1.Z21,PF,2023-01-21,-0.1936083333333333,-0.0753833333333333,-0.15312465277777773,통계적이상(3sigma),"mean=0.8636, sigma=0.3215, lower=-0.1007, upper=1.8280"
H1.Z21,PF,2023-01-22,-0.2023916666666667,-0.0429166666666666,-0.13718368055555552,통계적이상(3sigma),"mean=0.8636, sigma=0.3215, lower=-0.1007, upper=1.8280"
H1.Z21,PF,2023-01-24,-0.2146666666666666,-0.0431,-0.1293968863843351,통계적이상(3sigma),"mean=0.8636, sigma=0.3215, lower=-0.1007, upper=1.8280"
H1.Z21,PF,2023-01-25,-0.38655,0.04445,-0.14073958333333333,통계적이상(3sigma),"mean=0.8636, sigma=0.3215, lower=-0.1007, upper=1.8280"
H1.Z21,PF,2023-01-26,-0.6532333333333333,0.0121166666666666,-0.1999116860200364,통계적이상(3sigma),"mean=0.8636, sigma=0.3215, lower=-0.1007, upper=1.8280"
H1.Z21,PF,2023-01-27,-0.8836916666666667,-0.0338833333333333,-0.18459105191256828,통계적이상(3sigma),"mean=0.8636, sigma=0.3215, lower=-0.1007, upper=1.8280"
H1.Z21,PF,2023-01-28,-0.6947416666666667,0.0984333333333333,-0.175171875,통계적이상(3sigma),"mean=0.8636, sigma=0.3215, lower=-0.1007, upper=1.8280"
H1.Z21,PF,2023-01-29,-0.8548500000000001,0.14775,-0.22929215050091076,통계적이상(3sigma),"mean=0.8636, sigma=0.3215, lower=-0.1007, upper=1.8280"
H1.Z21,PF,2023-01-30,-0.6584333333333333,0.0074416666666666,-0.2649444444444444,통계적이상(3sigma),"mean=0.8636, sigma=0.3215, lower=-0.1007, upper=1.8280"
H1.Z21,PF,2023-01-31,-0.6821,0.0865499999999999,-0.16889895833333335,통계적이상(3sigma),"mean=0.8636, sigma=0.3215, lower=-0.1007, upper=1.8280"
H1.Z21,PF,2023-02-01,-0.4201,0.080575,-0.15192326388888885,통계적이상(3sigma),"mean=0.8636, sigma=0.3215, lower=-0.1007, upper=1.8280"
H1.Z21,PF,2023-02-02,-0.4021666666666667,0.0627166666666666,-0.16194697745901637,통계적이상(3sigma),"mean=0.8636, sigma=0.3215, lower=-0.1007, upper=1.8280"
H1.Z21,PF,2023-02-03,-0.5759666666666666,0.1438666666666666,-0.15150277777777776,통계적이상(3sigma),"mean=0.8636, sigma=0.3215, lower=-0.1007, upper=1.8280"
H1.Z21,PF,2023-02-04,-0.8342333333333334,0.1024833333333333,-0.15899973318562396,통계적이상(3sigma),"mean=0.8636, sigma=0.3215, lower=-0.1007, upper=1.8280"
H1.Z21,PF,2023-02-05,-0.8673416666666667,-0.0791583333333333,-0.42786527777777783,통계적이상(3sigma),"mean=0.8636, sigma=0.3215, lower=-0.1007, upper=1.8280"
H1.Z21,PF,2023-02-06,-0.4969,0.1099916666666666,-0.13259583333333333,통계적이상(3sigma),"mean=0.8636, sigma=0.3215, lower=-0.1007, upper=1.8280"
H1.Z21,PF,2023-02-07,-0.8557333333333333,0.1937583333333333,-0.1627920138888889,통계적이상(3sigma),"mean=0.8636, sigma=0.3215, lower=-0.1007, upper=1.8280"
H1.Z21,PF,2023-02-09,-0.3074666666666666,0.2092916666666666,-0.10996215277777778,통계적이상(3sigma),"mean=0.8636, sigma=0.3215, lower=-0.1007, upper=1.8280"
H1.Z21,PF,2023-02-10,-0.2764583333333333,0.15455,-0.1250285120673953,통계적이상(3sigma),"mean=0.8636, sigma=0.3215, lower=-0.1007, upper=1.8280"
H1.Z21,PF,2023-02-11,-0.283925,-0.0335583333333333,-0.21030138888888886,통계적이상(3sigma),"mean=0.8636, sigma=0.3215, lower=-0.1007, upper=1.8280"
H1.Z21,PF,2023-02-12,-0.2786,0.0312666666666666,-0.20207777777777777,통계적이상(3sigma),"mean=0.8636, sigma=0.3215, lower=-0.1007, upper=1.8280"
H1.Z21,PF,2023-02-14,-0.2911,0.3399333333333333,-0.12752777777777774,통계적이상(3sigma),"mean=0.8636, sigma=0.3215, lower=-0.1007, upper=1.8280"
H1.Z21,PF,2023-02-15,-0.947475,0.2719166666666666,-0.17482465277777778,통계적이상(3sigma),"mean=0.8636, sigma=0.3215, lower=-0.1007, upper=1.8280"
H1.Z21,PF,2023-02-16,-0.9276083333333334,0.5408333333333334,-0.14597585951730416,통계적이상(3sigma),"mean=0.8636, sigma=0.3215, lower=-0.1007, upper=1.8280"
H1.Z21,PF1,2018-02-06,-0.5449546448087432,0.4999,-0.1515966643897996,통계적이상(3sigma),"mean=0.7405, sigma=0.1886, lower=0.1748, upper=1.3062"
H1.Z21,PF1,2018-02-07,-0.5246666666666667,0.1296401639344262,-0.26745863501821493,통계적이상(3sigma),"mean=0.7405, sigma=0.1886, lower=0.1748, upper=1.3062"
H1.Z21,PF1,2018-02-08,-0.4527166666666666,0.0072666666666666,-0.2571,통계적이상(3sigma),"mean=0.7405, sigma=0.1886, lower=0.1748, upper=1.3062"
H1.Z21,PF1,2018-02-09,-0.5336916666666666,-0.02605,-0.3234099206349205,통계적이상(3sigma),"mean=0.7405, sigma=0.1886, lower=0.1748, upper=1.3062"
H1.Z21,PF1,2018-02-10,-0.4015666666666667,0.1776560109289617,-0.07250339789337835,통계적이상(3sigma),"mean=0.7405, sigma=0.1886, lower=0.1748, upper=1.3062"
H1.Z21,PF1,2018-02-11,-0.2650333333333333,0.0070166666666666,-0.14110885710722623,통계적이상(3sigma),"mean=0.7405, sigma=0.1886, lower=0.1748, upper=1.3062"
H1.Z21,PF1,2018-02-12,-0.4060416666666667,-0.0018416666666666,-0.23401354166666666,통계적이상(3sigma),"mean=0.7405, sigma=0.1886, lower=0.1748, upper=1.3062"
H1.Z21,PF1,2018-02-13,-0.436875,-0.0332666666666666,-0.23813472222222212,통계적이상(3sigma),"mean=0.7405, sigma=0.1886, lower=0.1748, upper=1.3062"
H1.Z21,PF1,2018-02-14,-0.4364583333333333,-0.0401,-0.2699975349150973,통계적이상(3sigma),"mean=0.7405, sigma=0.1886, lower=0.1748, upper=1.3062"
H1.Z21,PF1,2018-02-15,-0.4574625683060109,0.9025166666666667,-0.04153792691256828,통계적이상(3sigma),"mean=0.7405, sigma=0.1886, lower=0.1748, upper=1.3062"
H1.Z21,PF1,2018-02-16,-0.4356666666666667,0.7586388888888889,0.0730763888888889,통계적이상(3sigma),"mean=0.7405, sigma=0.1886, lower=0.1748, upper=1.3062"
H1.Z21,PF1,2018-02-17,-0.4658833333333333,0.1491416666666666,-0.0998750267094017,통계적이상(3sigma),"mean=0.7405, sigma=0.1886, lower=0.1748, upper=1.3062"
H1.Z21,PF1,2018-02-18,-0.4794166666666666,0.0169333333333333,-0.18781358151183972,통계적이상(3sigma),"mean=0.7405, sigma=0.1886, lower=0.1748, upper=1.3062"
H1.Z21,PF1,2018-02-19,-0.4690407103825136,0.7482700136612022,0.1019981218716995,통계적이상(3sigma),"mean=0.7405, sigma=0.1886, lower=0.1748, upper=1.3062"
H1.Z21,PF1,2018-02-24,-0.3938333333333333,0.2464,-0.10107256944444444,통계적이상(3sigma),"mean=0.7405, sigma=0.1886, lower=0.1748, upper=1.3062"
H1.Z21,PF1,2018-02-25,-0.4303,-0.0292666666666666,-0.2150197916666666,통계적이상(3sigma),"mean=0.7405, sigma=0.1886, lower=0.1748, upper=1.3062"
H1.Z21,PF1,2018-03-03,0.01555,0.3284677595628416,0.11289347757568226,통계적이상(3sigma),"mean=0.7405, sigma=0.1886, lower=0.1748, upper=1.3062"
H1.Z21,PF1,2018-03-04,0.0155333333333333,0.0627833333333333,0.036243749999999963,통계적이상(3sigma),"mean=0.7405, sigma=0.1886, lower=0.1748, upper=1.3062"
H1.Z21,PF1,2018-04-07,-0.5698916666666667,0.0,-0.22921214708561022,통계적이상(3sigma),"mean=0.7405, sigma=0.1886, lower=0.1748, upper=1.3062"
H1.Z21,PF1,2018-04-08,-0.3373521857923497,0.0,-0.044617964480874316,통계적이상(3sigma),"mean=0.7405, sigma=0.1886, lower=0.1748, upper=1.3062"
H1.Z21,PF1,2018-04-09,-0.5379666666666666,0.6668166666666667,-0.049501388888888886,통계적이상(3sigma),"mean=0.7405, sigma=0.1886, lower=0.1748, upper=1.3062"
H1.Z21,PF1,2018-11-10,-0.5295166666666666,0.1457999999999999,-0.20315833333333333,통계적이상(3sigma),"mean=0.7405, sigma=0.1886, lower=0.1748, upper=1.3062"
H1.Z21,PF1,2018-11-11,-0.5156666666666667,0.0,-0.2625965277777777,통계적이상(3sigma),"mean=0.7405, sigma=0.1886, lower=0.1748, upper=1.3062"
H1.Z21,PF1,2021-01-30,-0.1965333333333333,0.8153333333333334,0.12072848794344698,통계적이상(3sigma),"mean=0.7405, sigma=0.1886, lower=0.1748, upper=1.3062"
H1.Z21,PF1,2021-01-31,-0.1982083333333333,0.0,-0.08031076388888887,통계적이상(3sigma),"mean=0.7405, sigma=0.1886, lower=0.1748, upper=1.3062"
H1.Z21,PF1,2021-07-04,0.0,0.8898499999999999,0.14635833333333334,통계적이상(3sigma),"mean=0.7405, sigma=0.1886, lower=0.1748, upper=1.3062"
H1.Z21,PF1,2021-07-05,0.0,0.8020333333333334,0.171096875,통계적이상(3sigma),"mean=0.7405, sigma=0.1886, lower=0.1748, upper=1.3062"
H1.Z21,PF1,2021-07-06,0.0,0.6930583333333333,0.09338090277777776,통계적이상(3sigma),"mean=0.7405, sigma=0.1886, lower=0.1748, upper=1.3062"
H1.Z21,PF1,2021-09-29,-0.4261166666666666,0.4414416666666667,-0.033443749999999973,통계적이상(3sigma),"mean=0.7405, sigma=0.1886, lower=0.1748, upper=1.3062"
H1.Z21,PF1,2021-09-30,-0.4265,0.75385,-0.07766126479963568,통계적이상(3sigma),"mean=0.7405, sigma=0.1886, lower=0.1748, upper=1.3062"
H1.Z21,PF1,2021-10-01,-0.3961416666666666,0.8324666666666667,-0.0007001992258652256,통계적이상(3sigma),"mean=0.7405, sigma=0.1886, lower=0.1748, upper=1.3062"
H1.Z21,PF1,2021-10-02,-0.3708,0.8571166666666666,0.11352083333333333,통계적이상(3sigma),"mean=0.7405, sigma=0.1886, lower=0.1748, upper=1.3062"
H1.Z21,PF1,2021-10-03,0.0,0.0,0.0,통계적이상(3sigma),"mean=0.7405, sigma=0.1886, lower=0.1748, upper=1.3062"
H1.Z21,PF1,2021-10-04,-0.3567083333333333,0.2848666666666666,-0.047688888888888885,통계적이상(3sigma),"mean=0.7405, sigma=0.1886, lower=0.1748, upper=1.3062"
H1.Z21,PF1,2021-10-05,-0.3838833333333333,0.436125,-0.11957604166666667,통계적이상(3sigma),"mean=0.7405, sigma=0.1886, lower=0.1748, upper=1.3062"
H1.Z21,PF1,2021-10-06,-0.4197166666666667,0.3305333333333333,-0.20928440915300542,통계적이상(3sigma),"mean=0.7405, sigma=0.1886, lower=0.1748, upper=1.3062"
H1.Z21,PF1,2021-10-07,-0.4055166666666666,0.467425,-0.06144965277777777,통계적이상(3sigma),"mean=0.7405, sigma=0.1886, lower=0.1748, upper=1.3062"
H1.Z21,PF1,2022-11-21,-0.420875,0.7929583333333333,0.15543576388888894,통계적이상(3sigma),"mean=0.7405, sigma=0.1886, lower=0.1748, upper=1.3062"
H1.Z21,PF1,2022-11-22,-0.4204333333333333,-0.0341583333333333,-0.31759270833333336,통계적이상(3sigma),"mean=0.7405, sigma=0.1886, lower=0.1748, upper=1.3062"
H1.Z21,PF1,2022-11-23,-0.3997083333333334,0.24065,-0.23571041666666662,통계적이상(3sigma),"mean=0.7405, sigma=0.1886, lower=0.1748, upper=1.3062"
H1.Z21,PF1,2022-11-24,-0.366575,0.1684,-0.13447222222222222,통계적이상(3sigma),"mean=0.7405, sigma=0.1886, lower=0.1748, upper=1.3062"
H1.Z21,PF1,2022-11-25,-0.3718083333333333,0.1693333333333333,-0.12960631830601094,통계적이상(3sigma),"mean=0.7405, sigma=0.1886, lower=0.1748, upper=1.3062"
H1.Z21,PF1,2022-11-26,-0.3844,0.1534583333333333,-0.13872682291666666,통계적이상(3sigma),"mean=0.7405, sigma=0.1886, lower=0.1748, upper=1.3062"
H1.Z21,PF1,2022-11-27,-0.4012333333333334,0.2004333333333333,-0.22244062500000003,통계적이상(3sigma),"mean=0.7405, sigma=0.1886, lower=0.1748, upper=1.3062"
H1.Z21,PF1,2022-11-28,-0.3351416666666666,0.1673333333333333,-0.076278125,통계적이상(3sigma),"mean=0.7405, sigma=0.1886, lower=0.1748, upper=1.3062"
H1.Z21,PF1,2022-11-29,0.0443,0.1711166666666666,0.08862152777777772,통계적이상(3sigma),"mean=0.7405, sigma=0.1886, lower=0.1748, upper=1.3062"
H1.Z21,PF1,2022-11-30,0.0432333333333333,0.2405083333333333,0.08942430555555554,통계적이상(3sigma),"mean=0.7405, sigma=0.1886, lower=0.1748, upper=1.3062"
H1.Z21,PF1,2022-12-01,0.0442166666666666,0.140725,0.07899131944444442,통계적이상(3sigma),"mean=0.7405, sigma=0.1886, lower=0.1748, upper=1.3062"
H1.Z21,PF1,2022-12-02,0.0436,0.1413083333333333,0.07457495503665944,통계적이상(3sigma),"mean=0.7405, sigma=0.1886, lower=0.1748, upper=1.3062"
H1.Z21,PF1,2022-12-03,0.0296,0.1417833333333333,0.06610416666666666,통계적이상(3sigma),"mean=0.7405, sigma=0.1886, lower=0.1748, upper=1.3062"
H1.Z21,PF1,2022-12-04,0.0293,0.1338333333333333,0.07165763888888886,통계적이상(3sigma),"mean=0.7405, sigma=0.1886, lower=0.1748, upper=1.3062"
H1.Z21,PF1,2022-12-05,0.0295333333333333,0.1315333333333333,0.06664623747723131,통계적이상(3sigma),"mean=0.7405, sigma=0.1886, lower=0.1748, upper=1.3062"
H1.Z21,PF1,2022-12-06,0.0291333333333333,0.1189333333333333,0.06682465277777774,통계적이상(3sigma),"mean=0.7405, sigma=0.1886, lower=0.1748, upper=1.3062"
H1.Z21,PF1,2022-12-07,0.0292499999999999,0.3087416666666666,0.07324097222222217,통계적이상(3sigma),"mean=0.7405, sigma=0.1886, lower=0.1748, upper=1.3062"
H1.Z21,PF1,2022-12-08,0.0297833333333333,0.1483249999999999,0.06774652777777772,통계적이상(3sigma),"mean=0.7405, sigma=0.1886, lower=0.1748, upper=1.3062"
H1.Z21,PF1,2023-01-18,0.0460833333333333,0.3684166666666666,0.1274586805555555,통계적이상(3sigma),"mean=0.7405, sigma=0.1886, lower=0.1748, upper=1.3062"
H1.Z21,PF1,2023-02-18,0.0,0.9593333333333331,0.1313003472222222,통계적이상(3sigma),"mean=0.7405, sigma=0.1886, lower=0.1748, upper=1.3062"
H1.Z21,PF1,2023-02-19,0.0,0.9099236338797814,0.14955688752276866,통계적이상(3sigma),"mean=0.7405, sigma=0.1886, lower=0.1748, upper=1.3062"
H1.Z21,PF1,2023-03-08,0.0406333333333333,0.3847166666666666,0.106853973132969,통계적이상(3sigma),"mean=0.7405, sigma=0.1886, lower=0.1748, upper=1.3062"
H1.Z21,PF2,2021-09-30,-0.9066,-0.4915666666666666,-0.6331277891621131,통계적이상(3sigma),"mean=0.6590, sigma=0.3949, lower=-0.5256, upper=1.8436"
H1.Z21,PF2,2021-10-01,-0.9579,0.0,-0.5588567850637522,통계적이상(3sigma),"mean=0.6590, sigma=0.3949, lower=-0.5256, upper=1.8436"
H1.Z21,PF2,2021-10-05,-0.8490333333333333,0.0,-0.529751736111111,통계적이상(3sigma),"mean=0.6590, sigma=0.3949, lower=-0.5256, upper=1.8436"
H1.Z21,PF2,2021-10-06,-0.916725,-0.5160833333333333,-0.6354473645264117,통계적이상(3sigma),"mean=0.6590, sigma=0.3949, lower=-0.5256, upper=1.8436"
H1.Z21,PF2,2022-12-10,-0.787675,0.07065,-0.5524197916666669,통계적이상(3sigma),"mean=0.6590, sigma=0.3949, lower=-0.5256, upper=1.8436"
H1.Z21,PF2,2022-12-11,-0.7972833333333332,-0.7349333333333334,-0.7556036088342442,통계적이상(3sigma),"mean=0.6590, sigma=0.3949, lower=-0.5256, upper=1.8436"
H1.Z21,PF2,2022-12-14,-0.7932416666666666,-0.6154499999999999,-0.7242029257741348,통계적이상(3sigma),"mean=0.6590, sigma=0.3949, lower=-0.5256, upper=1.8436"
H1.Z21,PF2,2022-12-15,-0.7907666666666666,-0.6243666666666667,-0.728222427140255,통계적이상(3sigma),"mean=0.6590, sigma=0.3949, lower=-0.5256, upper=1.8436"
H1.Z21,PF2,2022-12-16,-0.7805000000000001,0.0800916666666666,-0.5580989583333335,통계적이상(3sigma),"mean=0.6590, sigma=0.3949, lower=-0.5256, upper=1.8436"
H1.Z21,PF2,2022-12-17,-0.6887,-0.6078,-0.6547319444444443,통계적이상(3sigma),"mean=0.6590, sigma=0.3949, lower=-0.5256, upper=1.8436"
H1.Z21,PF2,2022-12-18,-0.7410666666666667,-0.6183,-0.6953517361111109,통계적이상(3sigma),"mean=0.6590, sigma=0.3949, lower=-0.5256, upper=1.8436"
H1.Z21,PF2,2022-12-19,-0.7953166666666667,0.078625,-0.5929510416666667,통계적이상(3sigma),"mean=0.6590, sigma=0.3949, lower=-0.5256, upper=1.8436"
H1.Z21,PF2,2022-12-23,-0.7660833333333333,-0.1719416666666666,-0.556995486111111,통계적이상(3sigma),"mean=0.6590, sigma=0.3949, lower=-0.5256, upper=1.8436"
H1.Z21,PF2,2022-12-24,-0.8004666666666667,-0.1918166666666666,-0.6463855475865209,통계적이상(3sigma),"mean=0.6590, sigma=0.3949, lower=-0.5256, upper=1.8436"
H1.Z21,PF2,2022-12-25,-0.7356166666666667,-0.5319416666666668,-0.6681400297619047,통계적이상(3sigma),"mean=0.6590, sigma=0.3949, lower=-0.5256, upper=1.8436"
H1.Z21,PF2,2022-12-26,-0.7307916666666667,-0.5475833333333333,-0.6428559027777778,통계적이상(3sigma),"mean=0.6590, sigma=0.3949, lower=-0.5256, upper=1.8436"
H1.Z21,PF2,2022-12-27,-0.8480333333333333,0.0441833333333333,-0.6718613788973858,통계적이상(3sigma),"mean=0.6590, sigma=0.3949, lower=-0.5256, upper=1.8436"
H1.Z21,PF2,2022-12-30,-0.8652575136612022,-0.5469,-0.7375254041438978,통계적이상(3sigma),"mean=0.6590, sigma=0.3949, lower=-0.5256, upper=1.8436"
H1.Z21,PF2,2023-01-01,-0.7698083333333333,0.0706166666666666,-0.527038888888889,통계적이상(3sigma),"mean=0.6590, sigma=0.3949, lower=-0.5256, upper=1.8436"
H1.Z21,PF2,2023-01-02,-0.7224166666666666,-0.2548166666666666,-0.6154361111111111,통계적이상(3sigma),"mean=0.6590, sigma=0.3949, lower=-0.5256, upper=1.8436"
H1.Z21,PF2,2023-01-03,-0.863225,-0.68995,-0.7703899305555556,통계적이상(3sigma),"mean=0.6590, sigma=0.3949, lower=-0.5256, upper=1.8436"
H1.Z21,PF2,2023-01-04,-0.8180999999999999,-0.4200166666666666,-0.722945138888889,통계적이상(3sigma),"mean=0.6590, sigma=0.3949, lower=-0.5256, upper=1.8436"
H1.Z21,PF2,2023-01-07,-0.7540250000000001,0.0794666666666666,-0.5421188809198542,통계적이상(3sigma),"mean=0.6590, sigma=0.3949, lower=-0.5256, upper=1.8436"
H1.Z21,PF2,2023-01-08,-0.8417999999999999,-0.5989333333333333,-0.7267548611111111,통계적이상(3sigma),"mean=0.6590, sigma=0.3949, lower=-0.5256, upper=1.8436"
H1.Z21,PF2,2023-01-09,-0.8720666666666667,-0.0468166666666666,-0.6383190972222222,통계적이상(3sigma),"mean=0.6590, sigma=0.3949, lower=-0.5256, upper=1.8436"
H1.Z21,PF2,2023-01-10,-0.85875,-0.02905,-0.5425555555555556,통계적이상(3sigma),"mean=0.6590, sigma=0.3949, lower=-0.5256, upper=1.8436"
H1.Z21,PF2,2023-01-11,-0.8737999999999999,-0.0224833333333333,-0.5380378699908925,통계적이상(3sigma),"mean=0.6590, sigma=0.3949, lower=-0.5256, upper=1.8436"
H1.Z21,PF2,2023-01-12,-0.8179916666666666,-0.0270666666666666,-0.6085190972222222,통계적이상(3sigma),"mean=0.6590, sigma=0.3949, lower=-0.5256, upper=1.8436"
H1.Z21,PF2,2023-01-13,-0.8473333333333333,-0.0775416666666666,-0.6251721071830371,통계적이상(3sigma),"mean=0.6590, sigma=0.3949, lower=-0.5256, upper=1.8436"
H1.Z21,PF2,2023-01-15,-0.7772000000000001,0.0872666666666666,-0.5302041666666666,통계적이상(3sigma),"mean=0.6590, sigma=0.3949, lower=-0.5256, upper=1.8436"
H1.Z21,PF2,2023-01-16,-0.8597333333333333,-0.1403666666666666,-0.6675333333333332,통계적이상(3sigma),"mean=0.6590, sigma=0.3949, lower=-0.5256, upper=1.8436"
H1.Z21,PF2,2023-01-17,-0.8593333333333334,-0.0059499999999999,-0.6564638376593808,통계적이상(3sigma),"mean=0.6590, sigma=0.3949, lower=-0.5256, upper=1.8436"
H1.Z21,PF2,2023-01-20,-0.8765333333333333,-0.7194666666666667,-0.7760203324225864,통계적이상(3sigma),"mean=0.6590, sigma=0.3949, lower=-0.5256, upper=1.8436"
H1.Z21,PF2,2023-01-21,-0.8038166666666666,-0.7058083333333334,-0.7474347222222225,통계적이상(3sigma),"mean=0.6590, sigma=0.3949, lower=-0.5256, upper=1.8436"
H1.Z21,PF2,2023-01-22,-0.8417166666666667,-0.7046833333333333,-0.7545190972222221,통계적이상(3sigma),"mean=0.6590, sigma=0.3949, lower=-0.5256, upper=1.8436"
H1.Z21,PF2,2023-01-23,-0.8767916666666667,-0.6886666666666666,-0.772299852003643,통계적이상(3sigma),"mean=0.6590, sigma=0.3949, lower=-0.5256, upper=1.8436"
H1.Z21,PF2,2023-01-24,-0.8302166666666666,-0.6913166666666667,-0.7600836350182151,통계적이상(3sigma),"mean=0.6590, sigma=0.3949, lower=-0.5256, upper=1.8436"
H1.Z21,PF2,2023-01-25,-0.80325,-0.0826833333333333,-0.7030895833333334,통계적이상(3sigma),"mean=0.6590, sigma=0.3949, lower=-0.5256, upper=1.8436"
H1.Z21,PF2,2023-01-26,-0.8221166666666666,-0.074,-0.6310609346539162,통계적이상(3sigma),"mean=0.6590, sigma=0.3949, lower=-0.5256, upper=1.8436"
H1.Z21,PF2,2023-01-27,-0.8161,-0.06645,-0.6002871413934426,통계적이상(3sigma),"mean=0.6590, sigma=0.3949, lower=-0.5256, upper=1.8436"
H1.Z21,PF2,2023-01-29,-0.7860750000000001,0.0859166666666666,-0.6209563524590164,통계적이상(3sigma),"mean=0.6590, sigma=0.3949, lower=-0.5256, upper=1.8436"
H1.Z21,PF2,2023-01-30,-0.8291166666666666,-0.0675833333333333,-0.6988486111111111,통계적이상(3sigma),"mean=0.6590, sigma=0.3949, lower=-0.5256, upper=1.8436"
H1.Z21,PF2,2023-01-31,-0.8629333333333334,0.0842666666666666,-0.5959486111111112,통계적이상(3sigma),"mean=0.6590, sigma=0.3949, lower=-0.5256, upper=1.8436"
H1.Z21,PF2,2023-02-01,-0.7769499999999999,-0.01265,-0.5446104166666667,통계적이상(3sigma),"mean=0.6590, sigma=0.3949, lower=-0.5256, upper=1.8436"
H1.Z21,PF2,2023-02-05,-0.8229666666666666,-0.1418333333333333,-0.6527996527777776,통계적이상(3sigma),"mean=0.6590, sigma=0.3949, lower=-0.5256, upper=1.8436"
H1.Z21,PF2,2023-02-06,-0.8712,0.0237166666666666,-0.7025750000000003,통계적이상(3sigma),"mean=0.6590, sigma=0.3949, lower=-0.5256, upper=1.8436"
H1.Z21,PF2,2023-02-07,-0.903325,-0.6081666666666667,-0.753873263888889,통계적이상(3sigma),"mean=0.6590, sigma=0.3949, lower=-0.5256, upper=1.8436"
H1.Z21,PF2,2023-02-08,-0.912725,-0.6253,-0.7862708333333331,통계적이상(3sigma),"mean=0.6590, sigma=0.3949, lower=-0.5256, upper=1.8436"
H1.Z21,PF2,2023-02-09,-0.9277583333333334,-0.7759166666666667,-0.8337815972222223,통계적이상(3sigma),"mean=0.6590, sigma=0.3949, lower=-0.5256, upper=1.8436"
H1.Z21,PF2,2023-02-10,-0.928275,-0.7621583333333334,-0.8299620389344263,통계적이상(3sigma),"mean=0.6590, sigma=0.3949, lower=-0.5256, upper=1.8436"
H1.Z21,PF2,2023-02-11,-0.8930583333333334,-0.7633500000000001,-0.8116461805555556,통계적이상(3sigma),"mean=0.6590, sigma=0.3949, lower=-0.5256, upper=1.8436"
H1.Z21,PF2,2023-02-12,-0.9062333333333332,-0.75605,-0.8044861111111111,통계적이상(3sigma),"mean=0.6590, sigma=0.3949, lower=-0.5256, upper=1.8436"
H1.Z21,PF2,2023-02-13,-0.931775,-0.6486250000000001,-0.8061666666666668,통계적이상(3sigma),"mean=0.6590, sigma=0.3949, lower=-0.5256, upper=1.8436"
H1.Z21,PF2,2023-02-14,-0.9156666666666669,-0.759,-0.8233208333333334,통계적이상(3sigma),"mean=0.6590, sigma=0.3949, lower=-0.5256, upper=1.8436"
H1.Z21,PF2,2023-02-15,-0.9082916666666668,-0.2153499999999999,-0.7924097222222223,통계적이상(3sigma),"mean=0.6590, sigma=0.3949, lower=-0.5256, upper=1.8436"
H1.Z21,PF2,2023-02-16,-0.8981083333333333,-0.1214,-0.6504069956739527,통계적이상(3sigma),"mean=0.6590, sigma=0.3949, lower=-0.5256, upper=1.8436"
H1.Z21,PF2,2023-03-02,-0.8838833333333334,-0.5407333333333333,-0.7371451673497268,통계적이상(3sigma),"mean=0.6590, sigma=0.3949, lower=-0.5256, upper=1.8436"
H1.Z21,PF2,2023-03-03,-0.8862833333333333,-0.5734666666666667,-0.7602149340792783,통계적이상(3sigma),"mean=0.6590, sigma=0.3949, lower=-0.5256, upper=1.8436"
H1.Z21,PF2,2023-03-04,-0.8972166666666667,-0.7340166666666668,-0.8140187499999998,통계적이상(3sigma),"mean=0.6590, sigma=0.3949, lower=-0.5256, upper=1.8436"
H1.Z21,PF2,2023-03-05,-0.9056416666666668,-0.753,-0.8190776753187611,통계적이상(3sigma),"mean=0.6590, sigma=0.3949, lower=-0.5256, upper=1.8436"
H1.Z21,PF2,2023-03-06,-0.8846083333333333,-0.5514,-0.790792361111111,통계적이상(3sigma),"mean=0.6590, sigma=0.3949, lower=-0.5256, upper=1.8436"
H1.Z21,PF2,2023-03-15,-0.8659333333333333,0.1306833333333333,-0.5353868169398908,통계적이상(3sigma),"mean=0.6590, sigma=0.3949, lower=-0.5256, upper=1.8436"
H1.Z21,PF2,2023-03-28,-0.7317,-0.3925333333333333,-0.5417861111111112,통계적이상(3sigma),"mean=0.6590, sigma=0.3949, lower=-0.5256, upper=1.8436"
H1.Z21,PF2,2023-04-20,-0.8994583333333334,-0.139425,-0.6292600694444446,통계적이상(3sigma),"mean=0.6590, sigma=0.3949, lower=-0.5256, upper=1.8436"
H1.Z21,PF2,2023-05-16,-0.8060622338113864,-0.2485833333333333,-0.5392133569643633,통계적이상(3sigma),"mean=0.6590, sigma=0.3949, lower=-0.5256, upper=1.8436"
H1.Z21,PF2,2023-05-17,-0.8165833333333333,-0.0945583333333333,-0.5714852174408013,통계적이상(3sigma),"mean=0.6590, sigma=0.3949, lower=-0.5256, upper=1.8436"
H1.Z21,PF2,2023-12-01,-0.7609551587301587,-0.1353833333333333,-0.661327856112846,통계적이상(3sigma),"mean=0.6590, sigma=0.3949, lower=-0.5256, upper=1.8436"
H1.Z21,PF2,2023-12-02,-0.7504277322404371,-0.2017830601092896,-0.5602278506337154,통계적이상(3sigma),"mean=0.6590, sigma=0.3949, lower=-0.5256, upper=1.8436"
H1.Z21,PF2,2023-12-03,-0.7705833333333333,-0.3317333333333333,-0.6077762181238616,통계적이상(3sigma),"mean=0.6590, sigma=0.3949, lower=-0.5256, upper=1.8436"
H1.Z22,PF,2018-02-06,-0.9604965846994536,-0.7117749999999999,-0.9294851190610598,통계적이상(3sigma),"mean=0.7686, sigma=0.5350, lower=-0.8365, upper=2.3737"
H1.Z22,PF,2018-02-07,-0.9669694444444444,-0.3481249999999999,-0.8759709746219538,통계적이상(3sigma),"mean=0.7686, sigma=0.5350, lower=-0.8365, upper=2.3737"
H1.Z22,PF,2021-09-30,-0.99,-0.3027416666666667,-0.8556030282331512,통계적이상(3sigma),"mean=0.7686, sigma=0.5350, lower=-0.8365, upper=2.3737"
H1.Z22,PF,2021-10-06,-0.9876583333333334,-0.85355,-0.9447751764571949,통계적이상(3sigma),"mean=0.7686, sigma=0.5350, lower=-0.8365, upper=2.3737"
H1.Z22,PF,2022-11-22,-0.9940416666666666,-0.8887166666666667,-0.9312534722222224,통계적이상(3sigma),"mean=0.7686, sigma=0.5350, lower=-0.8365, upper=2.3737"
H1.Z22,PF,2022-11-23,-0.992975,-0.0654666666666666,-0.8423135416666665,통계적이상(3sigma),"mean=0.7686, sigma=0.5350, lower=-0.8365, upper=2.3737"
H1.Z22,PF,2022-11-27,-0.9946,-0.1455833333333333,-0.8466593750000001,통계적이상(3sigma),"mean=0.7686, sigma=0.5350, lower=-0.8365, upper=2.3737"
H1.Z22,PF,2022-12-11,-0.9860166666666668,-0.96575,-0.9803381716757741,통계적이상(3sigma),"mean=0.7686, sigma=0.5350, lower=-0.8365, upper=2.3737"
H1.Z22,PF,2022-12-14,-0.9972416666666668,-0.7100000000000001,-0.9272336805555556,통계적이상(3sigma),"mean=0.7686, sigma=0.5350, lower=-0.8365, upper=2.3737"
H1.Z22,PF,2022-12-15,-0.9971083333333334,-0.7443416666666667,-0.9268327641165758,통계적이상(3sigma),"mean=0.7686, sigma=0.5350, lower=-0.8365, upper=2.3737"
H1.Z22,PF,2022-12-18,-0.9771083333333334,-0.7779,-0.9058069444444444,통계적이상(3sigma),"mean=0.7686, sigma=0.5350, lower=-0.8365, upper=2.3737"
H1.Z22,PF,2022-12-24,-0.976675,-0.2894,-0.8760708561020037,통계적이상(3sigma),"mean=0.7686, sigma=0.5350, lower=-0.8365, upper=2.3737"
H1.Z22,PF,2022-12-25,-0.9757,-0.7846166666666666,-0.9193656550871713,통계적이상(3sigma),"mean=0.7686, sigma=0.5350, lower=-0.8365, upper=2.3737"
H1.Z22,PF,2022-12-26,-0.9882166666666666,-0.7782916666666666,-0.8829184027777779,통계적이상(3sigma),"mean=0.7686, sigma=0.5350, lower=-0.8365, upper=2.3737"
H1.Z22,PF,2022-12-27,-0.9888916666666668,-0.0493333333333333,-0.8610330373406193,통계적이상(3sigma),"mean=0.7686, sigma=0.5350, lower=-0.8365, upper=2.3737"
H1.Z22,PF,2022-12-30,-0.9897,-0.8494042349726776,-0.9505362534153005,통계적이상(3sigma),"mean=0.7686, sigma=0.5350, lower=-0.8365, upper=2.3737"
H1.Z22,PF,2023-01-02,-0.9889333333333332,-0.3306666666666666,-0.8425201388888889,통계적이상(3sigma),"mean=0.7686, sigma=0.5350, lower=-0.8365, upper=2.3737"
H1.Z22,PF,2023-01-03,-0.9980083333333332,-0.8637999999999999,-0.9724690972222221,통계적이상(3sigma),"mean=0.7686, sigma=0.5350, lower=-0.8365, upper=2.3737"
H1.Z22,PF,2023-01-04,-0.997075,-0.5766583333333333,-0.9306555555555556,통계적이상(3sigma),"mean=0.7686, sigma=0.5350, lower=-0.8365, upper=2.3737"
H1.Z22,PF,2023-01-08,-0.9986333333333334,-0.6523166666666665,-0.8833277777777778,통계적이상(3sigma),"mean=0.7686, sigma=0.5350, lower=-0.8365, upper=2.3737"
H1.Z22,PF,2023-01-20,-0.99525,-0.9274583333333334,-0.9791549578779599,통계적이상(3sigma),"mean=0.7686, sigma=0.5350, lower=-0.8365, upper=2.3737"
H1.Z22,PF,2023-01-21,-0.9977916666666666,-0.922375,-0.9831263888888889,통계적이상(3sigma),"mean=0.7686, sigma=0.5350, lower=-0.8365, upper=2.3737"
H1.Z22,PF,2023-01-22,-0.9973083333333334,-0.9673166666666668,-0.9870399305555555,통계적이상(3sigma),"mean=0.7686, sigma=0.5350, lower=-0.8365, upper=2.3737"
H1.Z22,PF,2023-01-23,-0.994375,-0.9275083333333334,-0.9809167691256833,통계적이상(3sigma),"mean=0.7686, sigma=0.5350, lower=-0.8365, upper=2.3737"
H1.Z22,PF,2023-01-24,-0.9959833333333332,-0.9812416666666668,-0.9896787283697632,통계적이상(3sigma),"mean=0.7686, sigma=0.5350, lower=-0.8365, upper=2.3737"
H1.Z22,PF,2023-01-25,-0.9974166666666666,-0.1820666666666666,-0.9289159722222221,통계적이상(3sigma),"mean=0.7686, sigma=0.5350, lower=-0.8365, upper=2.3737"
H1.Z22,PF,2023-01-30,-0.9955833333333334,-0.231175,-0.8908781250000001,통계적이상(3sigma),"mean=0.7686, sigma=0.5350, lower=-0.8365, upper=2.3737"
H1.Z22,PF,2023-02-06,-0.9872333333333334,-0.0569333333333333,-0.8544899305555557,통계적이상(3sigma),"mean=0.7686, sigma=0.5350, lower=-0.8365, upper=2.3737"
H1.Z22,PF,2023-02-07,-0.9905083333333332,-0.684425,-0.8944552083333334,통계적이상(3sigma),"mean=0.7686, sigma=0.5350, lower=-0.8365, upper=2.3737"
H1.Z22,PF,2023-02-08,-0.9898666666666668,-0.6738333333333333,-0.8992427083333333,통계적이상(3sigma),"mean=0.7686, sigma=0.5350, lower=-0.8365, upper=2.3737"
H1.Z22,PF,2023-02-09,-0.99235,-0.85915,-0.965292361111111,통계적이상(3sigma),"mean=0.7686, sigma=0.5350, lower=-0.8365, upper=2.3737"
H1.Z22,PF,2023-02-10,-0.9985,-0.8677499999999999,-0.9563172586520948,통계적이상(3sigma),"mean=0.7686, sigma=0.5350, lower=-0.8365, upper=2.3737"
H1.Z22,PF,2023-02-11,-0.9973833333333332,-0.7934,-0.9622499999999997,통계적이상(3sigma),"mean=0.7686, sigma=0.5350, lower=-0.8365, upper=2.3737"
H1.Z22,PF,2023-02-12,-0.9982916666666668,-0.83555,-0.9702559027777777,통계적이상(3sigma),"mean=0.7686, sigma=0.5350, lower=-0.8365, upper=2.3737"
H1.Z22,PF,2023-02-13,-0.9893666666666668,-0.693675,-0.9301458333333333,통계적이상(3sigma),"mean=0.7686, sigma=0.5350, lower=-0.8365, upper=2.3737"
H1.Z22,PF,2023-02-14,-0.9963333333333334,-0.5603833333333333,-0.9041295138888891,통계적이상(3sigma),"mean=0.7686, sigma=0.5350, lower=-0.8365, upper=2.3737"
H1.Z22,PF,2023-03-02,-0.9940333333333334,-0.5124166666666666,-0.8663211464025502,통계적이상(3sigma),"mean=0.7686, sigma=0.5350, lower=-0.8365, upper=2.3737"
H1.Z22,PF,2023-03-03,-0.990475,-0.5644833333333333,-0.8690925410920288,통계적이상(3sigma),"mean=0.7686, sigma=0.5350, lower=-0.8365, upper=2.3737"
H1.Z22,PF,2023-03-04,-0.9956416666666666,-0.35795,-0.8945305555555555,통계적이상(3sigma),"mean=0.7686, sigma=0.5350, lower=-0.8365, upper=2.3737"
H1.Z22,PF,2023-03-05,-0.9969583333333334,-0.5656083333333334,-0.929253460837887,통계적이상(3sigma),"mean=0.7686, sigma=0.5350, lower=-0.8365, upper=2.3737"
H1.Z22,PF,2023-03-06,-0.99695,-0.5673083333333333,-0.8866465277777777,통계적이상(3sigma),"mean=0.7686, sigma=0.5350, lower=-0.8365, upper=2.3737"
H1.Z22,PF,2023-03-28,-0.9911,-0.6582583333333333,-0.8982243055555558,통계적이상(3sigma),"mean=0.7686, sigma=0.5350, lower=-0.8365, upper=2.3737"
H1.Z22,PF,2023-03-29,-0.992575,-0.5631666666666667,-0.9008604166666667,통계적이상(3sigma),"mean=0.7686, sigma=0.5350, lower=-0.8365, upper=2.3737"
H1.Z22,PF,2023-04-06,-0.9915833333333332,-0.5764166666666667,-0.8779513888888889,통계적이상(3sigma),"mean=0.7686, sigma=0.5350, lower=-0.8365, upper=2.3737"
H1.Z22,PF,2023-04-07,-0.9958583333333332,-0.4187166666666666,-0.8466054758652094,통계적이상(3sigma),"mean=0.7686, sigma=0.5350, lower=-0.8365, upper=2.3737"
H1.Z22,PF,2023-04-09,-0.9929,-0.6365583333333333,-0.8976014571948997,통계적이상(3sigma),"mean=0.7686, sigma=0.5350, lower=-0.8365, upper=2.3737"
H1.Z22,PF,2023-04-19,-0.9931666666666668,-0.6159083333333333,-0.8575645833333332,통계적이상(3sigma),"mean=0.7686, sigma=0.5350, lower=-0.8365, upper=2.3737"
H1.Z22,PF,2023-04-20,-0.993775,-0.4471833333333333,-0.8421381944444445,통계적이상(3sigma),"mean=0.7686, sigma=0.5350, lower=-0.8365, upper=2.3737"
H1.Z22,PF1,2019-07-20,-0.9672173998361592,-0.4022473850554487,-0.7266466816830294,통계적이상(3sigma),"mean=0.7111, sigma=0.3557, lower=-0.3559, upper=1.7781"
H1.Z22,PF1,2019-07-21,-0.8470490869740789,-0.4363419082063601,-0.6803713169004245,통계적이상(3sigma),"mean=0.7111, sigma=0.3557, lower=-0.3559, upper=1.7781"
H1.Z22,PF1,2021-07-09,-0.7269166666666667,-0.1446833333333333,-0.35597534722222224,통계적이상(3sigma),"mean=0.7111, sigma=0.3557, lower=-0.3559, upper=1.7781"
H1.Z22,PF1,2021-07-10,-0.9062583333333334,-0.1532,-0.45064340277777776,통계적이상(3sigma),"mean=0.7111, sigma=0.3557, lower=-0.3559, upper=1.7781"
H1.Z22,PF1,2021-07-11,-0.78365,-0.1772416666666666,-0.36605007969034614,통계적이상(3sigma),"mean=0.7111, sigma=0.3557, lower=-0.3559, upper=1.7781"
H1.Z22,PF1,2022-07-21,-0.9684438172043012,0.0,-0.4897330757168458,통계적이상(3sigma),"mean=0.7111, sigma=0.3557, lower=-0.3559, upper=1.7781"
H1.Z22,PF1,2022-07-22,-0.974975,-0.242,-0.7340090277777778,통계적이상(3sigma),"mean=0.7111, sigma=0.3557, lower=-0.3559, upper=1.7781"
H1.Z22,PF1,2022-07-23,-0.9645333333333334,-0.2942416666666666,-0.6371399305555555,통계적이상(3sigma),"mean=0.7111, sigma=0.3557, lower=-0.3559, upper=1.7781"
H1.Z22,PF1,2022-07-24,-0.9694083333333332,-0.2828416666666667,-0.6840034836065575,통계적이상(3sigma),"mean=0.7111, sigma=0.3557, lower=-0.3559, upper=1.7781"
H1.Z22,PF1,2022-07-25,-0.9709916666666666,-0.31585,-0.7331065972222222,통계적이상(3sigma),"mean=0.7111, sigma=0.3557, lower=-0.3559, upper=1.7781"
H1.Z22,PF1,2022-07-26,-0.9772833333333334,-0.0323166666666666,-0.6819520719489981,통계적이상(3sigma),"mean=0.7111, sigma=0.3557, lower=-0.3559, upper=1.7781"
H1.Z22,PF1,2022-07-27,-0.9733916666666668,-0.2420833333333333,-0.7106979166666667,통계적이상(3sigma),"mean=0.7111, sigma=0.3557, lower=-0.3559, upper=1.7781"
H1.Z22,PF1,2022-07-28,-0.978275,-0.1854833333333333,-0.6671784722222222,통계적이상(3sigma),"mean=0.7111, sigma=0.3557, lower=-0.3559, upper=1.7781"
H1.Z22,PF1,2022-07-29,-0.9726416666666666,-0.3558166666666666,-0.7206165869763206,통계적이상(3sigma),"mean=0.7111, sigma=0.3557, lower=-0.3559, upper=1.7781"
H1.Z22,PF1,2022-07-30,-0.9638916666666668,-0.2437833333333333,-0.6047927083333334,통계적이상(3sigma),"mean=0.7111, sigma=0.3557, lower=-0.3559, upper=1.7781"
H1.Z22,PF1,2022-07-31,-0.8607916666666667,-0.2592416666666666,-0.5439447518214936,통계적이상(3sigma),"mean=0.7111, sigma=0.3557, lower=-0.3559, upper=1.7781"
H1.Z22,PF1,2022-08-01,-0.96925,-0.4354333333333333,-0.8417059027777779,통계적이상(3sigma),"mean=0.7111, sigma=0.3557, lower=-0.3559, upper=1.7781"
H1.Z22,PF1,2022-08-02,-0.970325,-0.3142916666666666,-0.7329403460837888,통계적이상(3sigma),"mean=0.7111, sigma=0.3557, lower=-0.3559, upper=1.7781"
H1.Z22,PF1,2023-03-16,-0.962575,-0.0312833333333333,-0.36867812499999997,통계적이상(3sigma),"mean=0.7111, sigma=0.3557, lower=-0.3559, upper=1.7781"
H1.Z22,PF1,2023-03-17,-0.9620924863387976,-0.0473,-0.3718410063752277,통계적이상(3sigma),"mean=0.7111, sigma=0.3557, lower=-0.3559, upper=1.7781"
H1.Z22,PF1,2023-04-03,-0.9863333333333332,0.2307166666666666,-0.466348611111111,통계적이상(3sigma),"mean=0.7111, sigma=0.3557, lower=-0.3559, upper=1.7781"
H1.Z22,PF1,2023-04-04,-0.989975,0.3345,-0.4257875512295082,통계적이상(3sigma),"mean=0.7111, sigma=0.3557, lower=-0.3559, upper=1.7781"
H1.Z22,PF1,2023-04-05,-0.99205,0.2934416666666666,-0.417615625,통계적이상(3sigma),"mean=0.7111, sigma=0.3557, lower=-0.3559, upper=1.7781"
H1.Z22,PF1,2023-04-10,-0.9803916666666668,0.328875,-0.5327711520947176,통계적이상(3sigma),"mean=0.7111, sigma=0.3557, lower=-0.3559, upper=1.7781"
H1.Z22,PF1,2023-04-11,-0.9827166666666668,0.1896333333333333,-0.5403038194444445,통계적이상(3sigma),"mean=0.7111, sigma=0.3557, lower=-0.3559, upper=1.7781"
H1.Z22,PF1,2023-04-12,-0.913467213114754,0.197225,-0.3713371755464481,통계적이상(3sigma),"mean=0.7111, sigma=0.3557, lower=-0.3559, upper=1.7781"
H1.Z22,PF1,2023-04-13,-0.9630430327868852,-0.2061833333333333,-0.5407330430327869,통계적이상(3sigma),"mean=0.7111, sigma=0.3557, lower=-0.3559, upper=1.7781"
H1.Z22,PF1,2023-04-14,-0.9714583333333332,-0.2808666666666666,-0.5905614583333333,통계적이상(3sigma),"mean=0.7111, sigma=0.3557, lower=-0.3559, upper=1.7781"
H1.Z22,PF1,2023-04-15,-0.9134916666666668,-0.055125,-0.4308881830601092,통계적이상(3sigma),"mean=0.7111, sigma=0.3557, lower=-0.3559, upper=1.7781"
H1.Z22,PF1,2023-04-17,-0.96805,-0.0138083333333333,-0.4161152777777777,통계적이상(3sigma),"mean=0.7111, sigma=0.3557, lower=-0.3559, upper=1.7781"
H1.Z22,PF1,2023-04-18,-0.967025,0.2759,-0.40799375,통계적이상(3sigma),"mean=0.7111, sigma=0.3557, lower=-0.3559, upper=1.7781"
H1.Z22,PF1,2023-04-24,-0.9505583333333332,0.1773666666666666,-0.36918819444444445,통계적이상(3sigma),"mean=0.7111, sigma=0.3557, lower=-0.3559, upper=1.7781"
H1.Z22,PF1,2023-04-25,-0.9039083333333332,-0.0529333333333333,-0.4030444444444445,통계적이상(3sigma),"mean=0.7111, sigma=0.3557, lower=-0.3559, upper=1.7781"
H1.Z22,PF1,2023-04-26,-0.95305,-0.0478499999999999,-0.4482760416666666,통계적이상(3sigma),"mean=0.7111, sigma=0.3557, lower=-0.3559, upper=1.7781"
H1.Z22,PF1,2023-04-27,-0.9615916666666666,0.03195,-0.45835883993624754,통계적이상(3sigma),"mean=0.7111, sigma=0.3557, lower=-0.3559, upper=1.7781"
H1.Z22,PF1,2023-05-21,-0.96715,0.1571333333333333,-0.36165729166666666,통계적이상(3sigma),"mean=0.7111, sigma=0.3557, lower=-0.3559, upper=1.7781"
H1.Z22,PF1,2023-05-24,-0.9614083333333332,0.0,-0.4436628472222222,통계적이상(3sigma),"mean=0.7111, sigma=0.3557, lower=-0.3559, upper=1.7781"
H1.Z22,PF1,2023-05-25,-0.9687666666666668,0.0514333333333333,-0.46537569444444443,통계적이상(3sigma),"mean=0.7111, sigma=0.3557, lower=-0.3559, upper=1.7781"
H1.Z22,PF1,2023-05-26,-0.9685833333333332,0.0,-0.4714367827868852,통계적이상(3sigma),"mean=0.7111, sigma=0.3557, lower=-0.3559, upper=1.7781"
H1.Z22,PF1,2023-05-27,-0.97255,0.0,-0.4751670138888889,통계적이상(3sigma),"mean=0.7111, sigma=0.3557, lower=-0.3559, upper=1.7781"
H1.Z22,PF1,2023-05-28,-0.9723,0.0,-0.47870520833333335,통계적이상(3sigma),"mean=0.7111, sigma=0.3557, lower=-0.3559, upper=1.7781"
H1.Z22,PF1,2023-05-29,-0.9722,0.0,-0.481878125,통계적이상(3sigma),"mean=0.7111, sigma=0.3557, lower=-0.3559, upper=1.7781"
H1.Z22,PF1,2023-05-30,-0.9628416666666666,0.0,-0.4746965277777777,통계적이상(3sigma),"mean=0.7111, sigma=0.3557, lower=-0.3559, upper=1.7781"
H1.Z22,PF1,2023-05-31,-0.9660416666666668,0.0,-0.4762446684587814,통계적이상(3sigma),"mean=0.7111, sigma=0.3557, lower=-0.3559, upper=1.7781"
H1.Z22,PF1,2023-06-01,-0.95954412568306,0.0,-0.46265254994757465,통계적이상(3sigma),"mean=0.7111, sigma=0.3557, lower=-0.3559, upper=1.7781"
H1.Z22,PF1,2023-06-02,-0.9653,0.0,-0.46493298611111117,통계적이상(3sigma),"mean=0.7111, sigma=0.3557, lower=-0.3559, upper=1.7781"
H1.Z22,PF1,2023-06-03,-0.9685666666666666,0.0,-0.4687110887096774,통계적이상(3sigma),"mean=0.7111, sigma=0.3557, lower=-0.3559, upper=1.7781"
H1.Z22,PF1,2023-06-04,-0.9693994535519124,0.0,-0.48687962189657275,통계적이상(3sigma),"mean=0.7111, sigma=0.3557, lower=-0.3559, upper=1.7781"
H1.Z22,PF1,2023-06-05,-0.958975,0.0,-0.478309375,통계적이상(3sigma),"mean=0.7111, sigma=0.3557, lower=-0.3559, upper=1.7781"
H1.Z22,PF1,2023-06-06,-0.9646408469945356,0.0,-0.4447885702710046,통계적이상(3sigma),"mean=0.7111, sigma=0.3557, lower=-0.3559, upper=1.7781"
H1.Z22,PF1,2023-06-07,-0.95885,0.0,-0.41586562499999996,통계적이상(3sigma),"mean=0.7111, sigma=0.3557, lower=-0.3559, upper=1.7781"
H1.Z22,PF1,2023-06-08,-0.970525,0.0,-0.38074441084229393,통계적이상(3sigma),"mean=0.7111, sigma=0.3557, lower=-0.3559, upper=1.7781"
H1.Z22,PF1,2023-06-09,-0.9714356992398572,0.0,-0.4621217944914098,통계적이상(3sigma),"mean=0.7111, sigma=0.3557, lower=-0.3559, upper=1.7781"
H1.Z22,PF1,2023-06-10,-0.9723,0.0,-0.42863333333333326,통계적이상(3sigma),"mean=0.7111, sigma=0.3557, lower=-0.3559, upper=1.7781"
H1.Z22,PF1,2023-06-11,-0.9729333333333332,0.0,-0.48199873633879786,통계적이상(3sigma),"mean=0.7111, sigma=0.3557, lower=-0.3559, upper=1.7781"
H1.Z22,PF1,2023-06-12,-0.96405,0.0,-0.47521701388888893,통계적이상(3sigma),"mean=0.7111, sigma=0.3557, lower=-0.3559, upper=1.7781"
H1.Z22,PF1,2023-06-13,-0.9594583333333332,0.0,-0.48749292328042326,통계적이상(3sigma),"mean=0.7111, sigma=0.3557, lower=-0.3559, upper=1.7781"
H1.Z22,PF1,2023-06-14,-0.9627080601092896,0.0,-0.44815841302367937,통계적이상(3sigma),"mean=0.7111, sigma=0.3557, lower=-0.3559, upper=1.7781"
H1.Z22,PF1,2023-06-15,-0.9572,0.0,-0.47153613387978144,통계적이상(3sigma),"mean=0.7111, sigma=0.3557, lower=-0.3559, upper=1.7781"
H1.Z22,PF1,2023-06-16,-0.9656666666666668,0.0,-0.4460714017847576,통계적이상(3sigma),"mean=0.7111, sigma=0.3557, lower=-0.3559, upper=1.7781"
H1.Z22,PF1,2023-06-17,-0.969975,0.0,-0.4665124999999999,통계적이상(3sigma),"mean=0.7111, sigma=0.3557, lower=-0.3559, upper=1.7781"
H1.Z22,PF1,2023-06-18,-0.9706333333333332,0.0,-0.41687186578410956,통계적이상(3sigma),"mean=0.7111, sigma=0.3557, lower=-0.3559, upper=1.7781"
H1.Z22,PF1,2023-06-19,-0.9575583333333332,0.0,-0.411959995446266,통계적이상(3sigma),"mean=0.7111, sigma=0.3557, lower=-0.3559, upper=1.7781"
H1.Z22,PF1,2023-06-20,-0.9540333333333332,0.0,-0.4539486111111111,통계적이상(3sigma),"mean=0.7111, sigma=0.3557, lower=-0.3559, upper=1.7781"
H1.Z22,PF1,2023-06-21,-0.9573916666666666,0.0,-0.45118268442622944,통계적이상(3sigma),"mean=0.7111, sigma=0.3557, lower=-0.3559, upper=1.7781"
H1.Z22,PF1,2023-06-22,-0.960075,0.0,-0.38095902777777785,통계적이상(3sigma),"mean=0.7111, sigma=0.3557, lower=-0.3559, upper=1.7781"
H1.Z22,PF1,2023-06-24,-0.9699748828220583,0.2882589279322591,-0.4122502186146211,통계적이상(3sigma),"mean=0.7111, sigma=0.3557, lower=-0.3559, upper=1.7781"
H1.Z22,PF1,2023-06-25,-0.9715083627444092,0.2736660330248612,-0.4282304574315808,통계적이상(3sigma),"mean=0.7111, sigma=0.3557, lower=-0.3559, upper=1.7781"
H1.Z22,PF1,2023-06-26,-0.9626146210667054,0.2893836930805715,-0.4184705742369468,통계적이상(3sigma),"mean=0.7111, sigma=0.3557, lower=-0.3559, upper=1.7781"
H1.Z22,PF1,2023-06-27,-0.9588150919195164,0.2932768570558716,-0.38774008531082815,통계적이상(3sigma),"mean=0.7111, sigma=0.3557, lower=-0.3559, upper=1.7781"
H1.Z22,PF1,2023-06-29,-0.9563992718401916,0.0953159682860939,-0.39727312340347143,통계적이상(3sigma),"mean=0.7111, sigma=0.3557, lower=-0.3559, upper=1.7781"
H1.Z22,PF1,2023-07-02,-0.95899902298699,0.2898353250390313,-0.43241435634107034,통계적이상(3sigma),"mean=0.7111, sigma=0.3557, lower=-0.3559, upper=1.7781"
H1.Z22,PF1,2023-07-03,-0.9435645626646132,0.1524294805777467,-0.39329062483914545,통계적이상(3sigma),"mean=0.7111, sigma=0.3557, lower=-0.3559, upper=1.7781"
H1.Z22,PF1,2023-07-04,-0.9547531570108804,0.1655762421268304,-0.44597943314429744,통계적이상(3sigma),"mean=0.7111, sigma=0.3557, lower=-0.3559, upper=1.7781"
H1.Z22,PF1,2023-07-06,-0.9649247265620936,0.2830060460168445,-0.44046257033217606,통계적이상(3sigma),"mean=0.7111, sigma=0.3557, lower=-0.3559, upper=1.7781"
H1.Z22,PF1,2023-07-07,-0.9620226364318188,0.2795821584266079,-0.4463620969796192,통계적이상(3sigma),"mean=0.7111, sigma=0.3557, lower=-0.3559, upper=1.7781"
H1.Z22,PF1,2023-07-08,-0.9672055735585876,0.300123430058406,-0.4344229238674195,통계적이상(3sigma),"mean=0.7111, sigma=0.3557, lower=-0.3559, upper=1.7781"
H1.Z22,PF1,2023-07-09,-0.9686402181089616,0.0,-0.4355041590597028,통계적이상(3sigma),"mean=0.7111, sigma=0.3557, lower=-0.3559, upper=1.7781"
H1.Z22,PF1,2023-07-10,-0.958739157648244,0.0,-0.418241249979809,통계적이상(3sigma),"mean=0.7111, sigma=0.3557, lower=-0.3559, upper=1.7781"
H1.Z22,PF1,2023-07-11,-0.962618258975914,0.2921162529428296,-0.4140822855892406,통계적이상(3sigma),"mean=0.7111, sigma=0.3557, lower=-0.3559, upper=1.7781"
H1.Z22,PF1,2023-07-12,-0.9521513463907,0.0,-0.35967788212518853,통계적이상(3sigma),"mean=0.7111, sigma=0.3557, lower=-0.3559, upper=1.7781"
H1.Z22,PF1,2023-07-13,-0.9531226182950436,0.2455554906389417,-0.4143348978479043,통계적이상(3sigma),"mean=0.7111, sigma=0.3557, lower=-0.3559, upper=1.7781"
H1.Z22,PF1,2023-07-14,-0.9645187296278456,0.2731530506023606,-0.43168990971986315,통계적이상(3sigma),"mean=0.7111, sigma=0.3557, lower=-0.3559, upper=1.7781"
H1.Z22,PF1,2023-07-16,-0.968699343211895,0.0184919642194482,-0.44475307472150893,통계적이상(3sigma),"mean=0.7111, sigma=0.3557, lower=-0.3559, upper=1.7781"
H1.Z22,PF1,2023-07-17,-0.936473326198524,0.30780191637855,-0.4285648956697097,통계적이상(3sigma),"mean=0.7111, sigma=0.3557, lower=-0.3559, upper=1.7781"
H1.Z22,PF1,2023-07-18,-0.9554895590402944,0.183303611853494,-0.42376649017158313,통계적이상(3sigma),"mean=0.7111, sigma=0.3557, lower=-0.3559, upper=1.7781"
H1.Z22,PF1,2023-07-19,-0.9527801019960308,0.0,-0.369944514965447,통계적이상(3sigma),"mean=0.7111, sigma=0.3557, lower=-0.3559, upper=1.7781"
H1.Z22,PF1,2023-07-20,-0.9466630962513302,0.1946264047720438,-0.39340895280380067,통계적이상(3sigma),"mean=0.7111, sigma=0.3557, lower=-0.3559, upper=1.7781"
H1.Z22,PF1,2023-07-22,-0.970661912893696,0.2805091950537461,-0.3877641533002934,통계적이상(3sigma),"mean=0.7111, sigma=0.3557, lower=-0.3559, upper=1.7781"
H1.Z22,PF2,2022-07-21,-0.8519666666666666,0.3547916666666666,-0.12734725582437276,통계적이상(3sigma),"mean=0.7351, sigma=0.2777, lower=-0.0980, upper=1.5683"
H1.Z22,PF2,2022-07-22,-0.6404916666666666,0.0,-0.167859375,통계적이상(3sigma),"mean=0.7351, sigma=0.2777, lower=-0.0980, upper=1.5683"
H1.Z22,PF2,2022-07-25,-0.5017083333333333,0.0,-0.14876979166666665,통계적이상(3sigma),"mean=0.7351, sigma=0.2777, lower=-0.0980, upper=1.5683"
H1.Z22,PF2,2022-07-26,-0.6956583333333334,0.0323666666666666,-0.1338893158014572,통계적이상(3sigma),"mean=0.7351, sigma=0.2777, lower=-0.0980, upper=1.5683"
H1.Z22,PF2,2022-07-27,-0.5249583333333333,0.0,-0.15575590277777773,통계적이상(3sigma),"mean=0.7351, sigma=0.2777, lower=-0.0980, upper=1.5683"
H1.Z22,PF2,2022-07-28,-0.8700166666666667,0.0,-0.20643263888888888,통계적이상(3sigma),"mean=0.7351, sigma=0.2777, lower=-0.0980, upper=1.5683"
H1.Z22,PF2,2022-07-29,-0.5661416666666667,0.0,-0.17753636156648456,통계적이상(3sigma),"mean=0.7351, sigma=0.2777, lower=-0.0980, upper=1.5683"
H1.Z22,PF2,2022-08-01,-0.71765,0.0,-0.22394236111111107,통계적이상(3sigma),"mean=0.7351, sigma=0.2777, lower=-0.0980, upper=1.5683"
H1.Z22,PF2,2022-08-02,-0.6356416666666667,0.0,-0.18478506944444448,통계적이상(3sigma),"mean=0.7351, sigma=0.2777, lower=-0.0980, upper=1.5683"
H1.Z22,PF2,2022-11-27,-0.18695,-0.0069333333333333,-0.11475798611111108,통계적이상(3sigma),"mean=0.7351, sigma=0.2777, lower=-0.0980, upper=1.5683"
H1.Z22,PF2,2023-04-01,-0.2110333333333333,0.0278833333333333,-0.10430659722222219,통계적이상(3sigma),"mean=0.7351, sigma=0.2777, lower=-0.0980, upper=1.5683"
H1.Z22,PF2,2023-04-02,-0.26635,0.0211833333333333,-0.11193229166666663,통계적이상(3sigma),"mean=0.7351, sigma=0.2777, lower=-0.0980, upper=1.5683"
H1.Z22,PF2,2023-04-12,-0.3578666666666666,0.0003166666666666,-0.1642527891621129,통계적이상(3sigma),"mean=0.7351, sigma=0.2777, lower=-0.0980, upper=1.5683"
H1.Z22,PF2,2023-04-15,-0.2942083333333333,-0.0257666666666666,-0.13162812499999996,통계적이상(3sigma),"mean=0.7351, sigma=0.2777, lower=-0.0980, upper=1.5683"
H1.Z22,PF2,2023-04-16,-0.22985,-0.0164833333333333,-0.12569861111111105,통계적이상(3sigma),"mean=0.7351, sigma=0.2777, lower=-0.0980, upper=1.5683"
H1.Z22,PF3,2018-11-23,-0.4808333333333333,0.940875,0.825073263888889,통계적이상(3sigma),"mean=-0.2440, sigma=0.3217, lower=-1.2090, upper=0.7209"
H1.Z22,PF3,2018-11-24,0.9316416666666668,0.9442166666666666,0.9364774419398906,통계적이상(3sigma),"mean=-0.2440, sigma=0.3217, lower=-1.2090, upper=0.7209"
H1.Z22,PF3,2018-11-25,0.931375,0.9430583333333332,0.9352985769581057,통계적이상(3sigma),"mean=-0.2440, sigma=0.3217, lower=-1.2090, upper=0.7209"
H1.Z22,PF3,2019-02-02,0.9396083333333334,0.948025,0.9441850574861091,통계적이상(3sigma),"mean=-0.2440, sigma=0.3217, lower=-1.2090, upper=0.7209"
H1.Z22,PF3,2019-02-03,0.941625,0.9518588797814208,0.946545132623907,통계적이상(3sigma),"mean=-0.2440, sigma=0.3217, lower=-1.2090, upper=0.7209"
H1.Z22,PF3,2019-03-27,0.7075912568306012,0.95605,0.9118132834396188,통계적이상(3sigma),"mean=-0.2440, sigma=0.3217, lower=-1.2090, upper=0.7209"
H1.Z24,PF,2022-03-22,0.7331666666666667,0.8393833333333334,0.7630093636156646,통계적이상(3sigma),"mean=0.9407, sigma=0.0528, lower=0.7822, upper=1.0993"
H1.Z24,PF,2022-03-24,0.7394,0.8253,0.7795540072859742,통계적이상(3sigma),"mean=0.9407, sigma=0.0528, lower=0.7822, upper=1.0993"
H1.Z24,PF,2022-06-08,0.7237333333333333,0.8517916666666667,0.7798163194444442,통계적이상(3sigma),"mean=0.9407, sigma=0.0528, lower=0.7822, upper=1.0993"
H1.Z24,PF,2022-06-11,0.7283833333333333,0.8074,0.7648000113843351,통계적이상(3sigma),"mean=0.9407, sigma=0.0528, lower=0.7822, upper=1.0993"
H1.Z24,PF,2022-06-12,0.727725,0.8016166666666666,0.76395,통계적이상(3sigma),"mean=0.9407, sigma=0.0528, lower=0.7822, upper=1.0993"
H1.Z24,PF,2022-06-20,0.7294666666666667,0.8478166666666667,0.7780996527777777,통계적이상(3sigma),"mean=0.9407, sigma=0.0528, lower=0.7822, upper=1.0993"
H1.Z24,PF,2022-08-28,0.7378750000000001,0.800425,0.7678402777777776,통계적이상(3sigma),"mean=0.9407, sigma=0.0528, lower=0.7822, upper=1.0993"
H1.Z24,PF,2022-09-03,0.7309083333333334,0.7808333333333334,0.7501118055555557,통계적이상(3sigma),"mean=0.9407, sigma=0.0528, lower=0.7822, upper=1.0993"
H1.Z24,PF,2022-09-04,0.7258163934426229,0.7812,0.752899988615665,통계적이상(3sigma),"mean=0.9407, sigma=0.0528, lower=0.7822, upper=1.0993"
H1.Z24,PF,2022-10-01,0.7303583333333333,0.8121833333333334,0.7762853255919854,통계적이상(3sigma),"mean=0.9407, sigma=0.0528, lower=0.7822, upper=1.0993"
H1.Z24,PF,2022-10-02,0.7373999999999999,0.7956666666666667,0.7560138888888889,통계적이상(3sigma),"mean=0.9407, sigma=0.0528, lower=0.7822, upper=1.0993"
H1.Z24,PF,2022-10-03,0.7476333333333333,0.8173499999999999,0.7791892361111113,통계적이상(3sigma),"mean=0.9407, sigma=0.0528, lower=0.7822, upper=1.0993"
H1.Z24,PF,2022-10-06,0.7367833333333333,0.8273333333333334,0.7757850694444444,통계적이상(3sigma),"mean=0.9407, sigma=0.0528, lower=0.7822, upper=1.0993"
H1.Z24,PF,2022-10-07,0.7255916666666666,0.8280833333333333,0.7809635045958275,통계적이상(3sigma),"mean=0.9407, sigma=0.0528, lower=0.7822, upper=1.0993"
H1.Z24,PF,2022-10-08,0.7497833333333334,0.8160916666666667,0.777936111111111,통계적이상(3sigma),"mean=0.9407, sigma=0.0528, lower=0.7822, upper=1.0993"
H1.Z24,PF,2022-10-13,0.739525,0.8132166666666667,0.7757496527777777,통계적이상(3sigma),"mean=0.9407, sigma=0.0528, lower=0.7822, upper=1.0993"
H1.Z24,PF,2022-10-14,0.7269166666666667,0.7716,0.7518538194444444,통계적이상(3sigma),"mean=0.9407, sigma=0.0528, lower=0.7822, upper=1.0993"
H1.Z24,PF,2022-10-15,0.7264333333333333,0.7694833333333333,0.7448073030510018,통계적이상(3sigma),"mean=0.9407, sigma=0.0528, lower=0.7822, upper=1.0993"
H1.Z24,PF,2022-10-16,0.7301416666666666,0.7607750000000001,0.7428923666597785,통계적이상(3sigma),"mean=0.9407, sigma=0.0528, lower=0.7822, upper=1.0993"
H1.Z24,PF,2022-10-18,0.733675,0.8439083333333334,0.7721701730418945,통계적이상(3sigma),"mean=0.9407, sigma=0.0528, lower=0.7822, upper=1.0993"
H1.Z24,PF,2022-10-19,0.749825,0.8056416666666667,0.7775531249999998,통계적이상(3sigma),"mean=0.9407, sigma=0.0528, lower=0.7822, upper=1.0993"
H1.Z24,PF,2022-10-20,0.7465416666666667,0.8290833333333333,0.7796375113843351,통계적이상(3sigma),"mean=0.9407, sigma=0.0528, lower=0.7822, upper=1.0993"
H1.Z24,PF,2022-10-21,0.7288333333333333,0.7941166666666667,0.7521628699908924,통계적이상(3sigma),"mean=0.9407, sigma=0.0528, lower=0.7822, upper=1.0993"
H1.Z24,PF,2022-10-22,0.7386499999999999,0.7725916666666667,0.7568847222222223,통계적이상(3sigma),"mean=0.9407, sigma=0.0528, lower=0.7822, upper=1.0993"
H1.Z24,PF,2022-10-23,0.7342583333333333,0.8125,0.7685885416666665,통계적이상(3sigma),"mean=0.9407, sigma=0.0528, lower=0.7822, upper=1.0993"
H1.Z24,PF,2022-10-24,0.7379166666666667,0.8346583333333333,0.7759815972222222,통계적이상(3sigma),"mean=0.9407, sigma=0.0528, lower=0.7822, upper=1.0993"
H1.Z24,PF,2022-10-25,0.750525,0.81645,0.778818761384335,통계적이상(3sigma),"mean=0.9407, sigma=0.0528, lower=0.7822, upper=1.0993"
H1.Z24,PF,2022-11-01,0.7339083333333334,0.8043166666666667,0.7679260416666666,통계적이상(3sigma),"mean=0.9407, sigma=0.0528, lower=0.7822, upper=1.0993"
H1.Z25,PF,2022-03-22,0.8022666666666667,0.8870333333333333,0.8287361111111112,통계적이상(3sigma),"mean=0.9642, sigma=0.0397, lower=0.8450, upper=1.0834"
H1.Z25,PF,2022-03-24,0.8078083333333335,0.882125,0.8419153119307835,통계적이상(3sigma),"mean=0.9642, sigma=0.0397, lower=0.8450, upper=1.0834"
H1.Z25,PF,2022-06-08,0.7954333333333334,0.9040333333333332,0.843585416666667,통계적이상(3sigma),"mean=0.9642, sigma=0.0397, lower=0.8450, upper=1.0834"
H1.Z25,PF,2022-06-11,0.7994083333333334,0.8691583333333333,0.8316100580601091,통계적이상(3sigma),"mean=0.9642, sigma=0.0397, lower=0.8450, upper=1.0834"
H1.Z25,PF,2022-06-12,0.7991250000000001,0.8638416666666667,0.8312437500000002,통계적이상(3sigma),"mean=0.9642, sigma=0.0397, lower=0.8450, upper=1.0834"
H1.Z25,PF,2022-06-20,0.8040666666666667,0.9037583333333334,0.8450024305555557,통계적이상(3sigma),"mean=0.9642, sigma=0.0397, lower=0.8450, upper=1.0834"
H1.Z25,PF,2022-08-28,0.8088500000000001,0.863075,0.8348079861111112,통계적이상(3sigma),"mean=0.9642, sigma=0.0397, lower=0.8450, upper=1.0834"
H1.Z25,PF,2022-09-03,0.8024500000000001,0.8407083333333334,0.8184756944444443,통계적이상(3sigma),"mean=0.9642, sigma=0.0397, lower=0.8450, upper=1.0834"
H1.Z25,PF,2022-09-04,0.7974,0.8452416666666667,0.8213777777777774,통계적이상(3sigma),"mean=0.9642, sigma=0.0397, lower=0.8450, upper=1.0834"
H1.Z25,PF,2022-10-01,0.80515,0.8682166666666667,0.8347864583333334,통계적이상(3sigma),"mean=0.9642, sigma=0.0397, lower=0.8450, upper=1.0834"
H1.Z25,PF,2022-10-02,0.8064333333333333,0.8389083333333333,0.8190069444444447,통계적이상(3sigma),"mean=0.9642, sigma=0.0397, lower=0.8450, upper=1.0834"
H1.Z25,PF,2022-10-03,0.8120999999999999,0.8611583333333334,0.8339972222222222,통계적이상(3sigma),"mean=0.9642, sigma=0.0397, lower=0.8450, upper=1.0834"
H1.Z25,PF,2022-10-06,0.8066666666666668,0.8812166666666666,0.8370180555555556,통계적이상(3sigma),"mean=0.9642, sigma=0.0397, lower=0.8450, upper=1.0834"
H1.Z25,PF,2022-10-07,0.7977416666666667,0.8890741803278689,0.8443277436247724,통계적이상(3sigma),"mean=0.9642, sigma=0.0397, lower=0.8450, upper=1.0834"
H1.Z25,PF,2022-10-08,0.7998750000000001,0.8698,0.8375875000000003,통계적이상(3sigma),"mean=0.9642, sigma=0.0397, lower=0.8450, upper=1.0834"
H1.Z25,PF,2022-10-13,0.8089416666666668,0.8699,0.8375916666666666,통계적이상(3sigma),"mean=0.9642, sigma=0.0397, lower=0.8450, upper=1.0834"
H1.Z25,PF,2022-10-14,0.7978000000000001,0.8384666666666667,0.8190489583333331,통계적이상(3sigma),"mean=0.9642, sigma=0.0397, lower=0.8450, upper=1.0834"
H1.Z25,PF,2022-10-15,0.79665,0.8275833333333333,0.812639953324226,통계적이상(3sigma),"mean=0.9642, sigma=0.0397, lower=0.8450, upper=1.0834"
H1.Z25,PF,2022-10-16,0.8006166666666666,0.8275,0.8118319558287795,통계적이상(3sigma),"mean=0.9642, sigma=0.0397, lower=0.8450, upper=1.0834"
H1.Z25,PF,2022-10-18,0.802525,0.8950250000000001,0.8360642474954463,통계적이상(3sigma),"mean=0.9642, sigma=0.0397, lower=0.8450, upper=1.0834"
H1.Z25,PF,2022-10-19,0.8167249999999999,0.8626,0.8406302083333332,통계적이상(3sigma),"mean=0.9642, sigma=0.0397, lower=0.8450, upper=1.0834"
H1.Z25,PF,2022-10-20,0.8090411202185792,0.8838583333333333,0.8414433686247723,통계적이상(3sigma),"mean=0.9642, sigma=0.0397, lower=0.8450, upper=1.0834"
H1.Z25,PF,2022-10-21,0.8005583333333334,0.859,0.8186336805555556,통계적이상(3sigma),"mean=0.9642, sigma=0.0397, lower=0.8450, upper=1.0834"
H1.Z25,PF,2022-10-22,0.8078583333333335,0.8306916666666666,0.821448263888889,통계적이상(3sigma),"mean=0.9642, sigma=0.0397, lower=0.8450, upper=1.0834"
H1.Z25,PF,2022-10-23,0.8043333333333335,0.8604,0.8288114583333334,통계적이상(3sigma),"mean=0.9642, sigma=0.0397, lower=0.8450, upper=1.0834"
H1.Z25,PF,2022-10-24,0.80705,0.8921166666666667,0.8395520833333334,통계적이상(3sigma),"mean=0.9642, sigma=0.0397, lower=0.8450, upper=1.0834"
H1.Z25,PF,2022-10-25,0.8188,0.8745999999999999,0.8395670327779813,통계적이상(3sigma),"mean=0.9642, sigma=0.0397, lower=0.8450, upper=1.0834"
H1.Z25,PF,2022-11-01,0.8050416666666667,0.8661166666666666,0.8327583333333334,통계적이상(3sigma),"mean=0.9642, sigma=0.0397, lower=0.8450, upper=1.0834"
H1.Z25,PF2,2023-12-13,0.4024166666666666,0.5238833333333334,0.47626133339264665,통계적이상(3sigma),"mean=0.7041, sigma=0.0754, lower=0.4779, upper=0.9303"
H1.Z25,PF2,2023-12-22,0.4454,0.5015197916666667,0.4755532552083333,통계적이상(3sigma),"mean=0.7041, sigma=0.0754, lower=0.4779, upper=0.9303"
H1.Z25,PF2,2023-12-23,0.4279422131147541,0.5739377049180328,0.4776373747723132,통계적이상(3sigma),"mean=0.7041, sigma=0.0754, lower=0.4779, upper=0.9303"
H1.Z25,PF2,2023-12-28,0.4143333333333333,0.5368833333333334,0.4688270833333333,통계적이상(3sigma),"mean=0.7041, sigma=0.0754, lower=0.4779, upper=0.9303"
H1.Z25,PF2,2023-12-29,0.4265833333333333,0.5251277322404372,0.4660656648451729,통계적이상(3sigma),"mean=0.7041, sigma=0.0754, lower=0.4779, upper=0.9303"
H1.Z25,PF2,2023-12-31,0.4399833333333333,0.5698166666666666,0.46210133177425833,통계적이상(3sigma),"mean=0.7041, sigma=0.0754, lower=0.4779, upper=0.9303"
H1.Z26,PF,2018-01-11,0.0678985765493578,0.9033686685581832,0.39428074703680865,통계적이상(3sigma),"mean=0.0535, sigma=0.0863, lower=-0.2053, upper=0.3123"
H1.Z26,PF,2018-01-12,0.4514860527714097,0.9538676685273976,0.7431352078966356,통계적이상(3sigma),"mean=0.0535, sigma=0.0863, lower=-0.2053, upper=0.3123"
H1.Z26,PF,2018-01-13,0.2443735147184796,0.8070187537938687,0.6894060037427985,통계적이상(3sigma),"mean=0.0535, sigma=0.0863, lower=-0.2053, upper=0.3123"
H1.Z26,PF,2018-01-14,0.2591452755972192,0.8798849807734869,0.6311825142992555,통계적이상(3sigma),"mean=0.0535, sigma=0.0863, lower=-0.2053, upper=0.3123"
H1.Z26,PF,2018-01-15,0.0,0.7349024508396784,0.4201085869477163,통계적이상(3sigma),"mean=0.0535, sigma=0.0863, lower=-0.2053, upper=0.3123"
H1.Z26,PF,2018-01-16,0.2390034278233853,0.8914874579012402,0.5775804233364233,통계적이상(3sigma),"mean=0.0535, sigma=0.0863, lower=-0.2053, upper=0.3123"
H1.Z26,PF,2018-01-17,0.0,0.7958994454807709,0.4358724085095236,통계적이상(3sigma),"mean=0.0535, sigma=0.0863, lower=-0.2053, upper=0.3123"
H1.Z26,PF,2018-01-18,0.2345497544606527,0.7226631115542517,0.4982696553845418,통계적이상(3sigma),"mean=0.0535, sigma=0.0863, lower=-0.2053, upper=0.3123"
H1.Z26,PF,2018-01-19,0.0,0.683601404312774,0.31289911662855635,통계적이상(3sigma),"mean=0.0535, sigma=0.0863, lower=-0.2053, upper=0.3123"
H1.Z26,PF,2018-01-22,0.0,0.7265614676475525,0.3966400670031771,통계적이상(3sigma),"mean=0.0535, sigma=0.0863, lower=-0.2053, upper=0.3123"
H1.Z26,PF,2018-01-23,0.4091956237455212,0.9386641558518356,0.7298902862724045,통계적이상(3sigma),"mean=0.0535, sigma=0.0863, lower=-0.2053, upper=0.3123"
H1.Z26,PF,2018-01-24,0.2993004704101217,0.8923883303186984,0.7304212314466013,통계적이상(3sigma),"mean=0.0535, sigma=0.0863, lower=-0.2053, upper=0.3123"
H1.Z26,PF,2018-01-25,0.4098356780778729,0.8850376228557482,0.590220845410611,통계적이상(3sigma),"mean=0.0535, sigma=0.0863, lower=-0.2053, upper=0.3123"
H1.Z26,PF,2018-01-26,0.2002512294716306,0.7466845239864448,0.5592394933931805,통계적이상(3sigma),"mean=0.0535, sigma=0.0863, lower=-0.2053, upper=0.3123"
H1.Z26,PF,2018-01-27,0.3209281457795039,0.6549806051732562,0.4933923267372197,통계적이상(3sigma),"mean=0.0535, sigma=0.0863, lower=-0.2053, upper=0.3123"
H1.Z26,PF,2018-01-28,0.2586551200018988,0.6701915285984675,0.5156134259499566,통계적이상(3sigma),"mean=0.0535, sigma=0.0863, lower=-0.2053, upper=0.3123"
H1.Z26,PF,2018-01-29,0.2556601596915299,0.7267227082197245,0.4832422344558016,통계적이상(3sigma),"mean=0.0535, sigma=0.0863, lower=-0.2053, upper=0.3123"
H1.Z26,PF,2018-01-30,0.2213951001469661,0.8537285144130385,0.4920024759586104,통계적이상(3sigma),"mean=0.0535, sigma=0.0863, lower=-0.2053, upper=0.3123"
H1.Z26,PF,2018-02-02,0.1227040664379533,0.8426850157513874,0.3596350316392651,통계적이상(3sigma),"mean=0.0535, sigma=0.0863, lower=-0.2053, upper=0.3123"
H1.Z26,PF,2018-02-03,0.3061292196975815,0.6606729032595947,0.5218703295737335,통계적이상(3sigma),"mean=0.0535, sigma=0.0863, lower=-0.2053, upper=0.3123"
H1.Z26,PF,2018-02-04,0.2569782637112705,0.6705533712440067,0.5247587083000937,통계적이상(3sigma),"mean=0.0535, sigma=0.0863, lower=-0.2053, upper=0.3123"
H1.Z26,PF,2018-02-05,0.2110385849015927,0.7924494534934899,0.5544347512435361,통계적이상(3sigma),"mean=0.0535, sigma=0.0863, lower=-0.2053, upper=0.3123"
H1.Z26,PF,2018-02-06,0.3327405903698291,0.646321975761668,0.5223958010444308,통계적이상(3sigma),"mean=0.0535, sigma=0.0863, lower=-0.2053, upper=0.3123"
H1.Z26,PF,2018-02-09,0.1199480347050437,0.6464089553545109,0.31350237226170274,통계적이상(3sigma),"mean=0.0535, sigma=0.0863, lower=-0.2053, upper=0.3123"
H1.Z26,PF,2018-02-14,0.1165469599101273,0.6505473122985648,0.3929266149495432,통계적이상(3sigma),"mean=0.0535, sigma=0.0863, lower=-0.2053, upper=0.3123"
H1.Z26,PF,2018-02-15,0.1175851612902725,0.584092877846625,0.3166678592377891,통계적이상(3sigma),"mean=0.0535, sigma=0.0863, lower=-0.2053, upper=0.3123"
H1.Z26,PF,2018-02-16,0.1224411823372871,0.8676156125879221,0.4450638539982092,통계적이상(3sigma),"mean=0.0535, sigma=0.0863, lower=-0.2053, upper=0.3123"
H1.Z26,PF,2018-02-17,0.1769762063545393,0.5308092453042846,0.34349259033702384,통계적이상(3sigma),"mean=0.0535, sigma=0.0863, lower=-0.2053, upper=0.3123"
H1.Z26,PF,2018-02-18,0.2442414093385795,0.6581204276215311,0.5193119267889058,통계적이상(3sigma),"mean=0.0535, sigma=0.0863, lower=-0.2053, upper=0.3123"
H1.Z26,PF,2018-02-19,0.2921760109019153,0.7122591781947349,0.5322796701757274,통계적이상(3sigma),"mean=0.0535, sigma=0.0863, lower=-0.2053, upper=0.3123"
H1.Z26,PF,2018-02-20,0.2235783062875266,0.8852771464804668,0.5366915449218749,통계적이상(3sigma),"mean=0.0535, sigma=0.0863, lower=-0.2053, upper=0.3123"
H1.Z26,PF,2018-02-21,0.1290399477704134,0.7663809320920623,0.3792809136279247,통계적이상(3sigma),"mean=0.0535, sigma=0.0863, lower=-0.2053, upper=0.3123"
H1.Z26,PF,2018-02-22,0.1340678737115788,0.8330920092264812,0.3926201438475238,통계적이상(3sigma),"mean=0.0535, sigma=0.0863, lower=-0.2053, upper=0.3123"
H1.Z26,PF,2018-02-23,0.3875986574010715,0.8458725573359037,0.7250833876256547,통계적이상(3sigma),"mean=0.0535, sigma=0.0863, lower=-0.2053, upper=0.3123"
H1.Z26,PF,2018-02-24,0.7195865832066737,0.8365844524568987,0.7781944937834434,통계적이상(3sigma),"mean=0.0535, sigma=0.0863, lower=-0.2053, upper=0.3123"
H1.Z26,PF,2018-02-25,0.6906441004058028,0.8386219864811868,0.7686755400511472,통계적이상(3sigma),"mean=0.0535, sigma=0.0863, lower=-0.2053, upper=0.3123"
H1.Z26,PF,2018-02-26,0.3856734600526001,0.8704406824376846,0.6954112825082871,통계적이상(3sigma),"mean=0.0535, sigma=0.0863, lower=-0.2053, upper=0.3123"
H1.Z26,PF,2018-03-26,0.0281072089752697,0.9670214916600118,0.32080101327369653,통계적이상(3sigma),"mean=0.0535, sigma=0.0863, lower=-0.2053, upper=0.3123"
H1.Z26,PF,2018-08-20,0.0310375597948829,0.917435405055682,0.4251958851239253,통계적이상(3sigma),"mean=0.0535, sigma=0.0863, lower=-0.2053, upper=0.3123"
H1.Z26,PF,2019-07-31,0.0340523604324294,0.9230671753465316,0.4794005232994741,통계적이상(3sigma),"mean=0.0535, sigma=0.0863, lower=-0.2053, upper=0.3123"
H1.Z26,PF,2020-07-31,0.0373694111228272,0.8474838768747474,0.4660368291252052,통계적이상(3sigma),"mean=0.0535, sigma=0.0863, lower=-0.2053, upper=0.3123"
H1.Z26,PF,2020-08-01,0.8395525851521121,0.8496335730317068,0.8441090278428683,통계적이상(3sigma),"mean=0.0535, sigma=0.0863, lower=-0.2053, upper=0.3123"
H1.Z26,PF,2020-08-02,0.8379320976482326,0.8482856590687319,0.8438985712231003,통계적이상(3sigma),"mean=0.0535, sigma=0.0863, lower=-0.2053, upper=0.3123"
H1.Z26,PF,2020-08-03,0.8390409066732524,0.8523304703835388,0.8449537205783276,통계적이상(3sigma),"mean=0.0535, sigma=0.0863, lower=-0.2053, upper=0.3123"
H1.Z26,PF,2020-08-04,0.0270765673020757,0.8507007126609061,0.32817618133939014,통계적이상(3sigma),"mean=0.0535, sigma=0.0863, lower=-0.2053, upper=0.3123"
H1.Z26,PF,2020-08-09,0.0297693568570669,0.8428760865519266,0.34318319686839116,통계적이상(3sigma),"mean=0.0535, sigma=0.0863, lower=-0.2053, upper=0.3123"
H1.Z26,PF,2020-08-10,0.0490591555086263,0.9047609329446796,0.6812469970016973,통계적이상(3sigma),"mean=0.0535, sigma=0.0863, lower=-0.2053, upper=0.3123"
H1.Z26,PF,2020-08-11,0.879474620311407,0.897607939630903,0.8912158612130492,통계적이상(3sigma),"mean=0.0535, sigma=0.0863, lower=-0.2053, upper=0.3123"
H1.Z26,PF,2020-08-12,0.0332993848352975,0.8946733954395288,0.44570627746509567,통계적이상(3sigma),"mean=0.0535, sigma=0.0863, lower=-0.2053, upper=0.3123"
H1.Z26,PF,2020-08-21,0.0478185149413548,0.9012398137843236,0.44290747492714777,통계적이상(3sigma),"mean=0.0535, sigma=0.0863, lower=-0.2053, upper=0.3123"
H1.Z26,PF,2020-08-22,0.8981848123904271,0.9254451119220384,0.9180757997155672,통계적이상(3sigma),"mean=0.0535, sigma=0.0863, lower=-0.2053, upper=0.3123"
H1.Z26,PF,2020-08-23,0.9134964165671025,0.9261506175415868,0.921116771814105,통계적이상(3sigma),"mean=0.0535, sigma=0.0863, lower=-0.2053, upper=0.3123"
H1.Z26,PF,2020-08-24,0.0446877628800653,0.9259307215298216,0.38063956441383623,통계적이상(3sigma),"mean=0.0535, sigma=0.0863, lower=-0.2053, upper=0.3123"
H1.Z26,PF,2021-09-01,0.0305035146989895,0.9284480493486118,0.697444093082579,통계적이상(3sigma),"mean=0.0535, sigma=0.0863, lower=-0.2053, upper=0.3123"
H1.Z26,PF,2021-09-02,0.0335688002197714,0.9430020466936816,0.4142199889455096,통계적이상(3sigma),"mean=0.0535, sigma=0.0863, lower=-0.2053, upper=0.3123"
H1.Z26,PF,2022-06-10,0.0301979751671918,0.9324474951949804,0.33748786813197157,통계적이상(3sigma),"mean=0.0535, sigma=0.0863, lower=-0.2053, upper=0.3123"
H1.Z26,PF1,2018-01-11,0.0280877190361418,0.9356732922812128,0.3776733620331874,통계적이상(3sigma),"mean=0.0611, sigma=0.0892, lower=-0.2066, upper=0.3288"
H1.Z26,PF1,2018-01-12,0.4614949058492976,0.9695534323951244,0.7493933537477924,통계적이상(3sigma),"mean=0.0611, sigma=0.0892, lower=-0.2066, upper=0.3288"
H1.Z26,PF1,2018-01-13,0.2462844536701836,0.8162188763928362,0.6968542492619797,통계적이상(3sigma),"mean=0.0611, sigma=0.0892, lower=-0.2066, upper=0.3288"
H1.Z26,PF1,2018-01-14,0.2609844371234928,0.8921257682641366,0.638502713371303,통계적이상(3sigma),"mean=0.0611, sigma=0.0892, lower=-0.2066, upper=0.3288"
H1.Z26,PF1,2018-01-15,0.0,0.7438874233431285,0.42488731665539503,통계적이상(3sigma),"mean=0.0611, sigma=0.0892, lower=-0.2066, upper=0.3288"
H1.Z26,PF1,2018-01-16,0.2404481072723865,0.8966339135666698,0.5833133298357528,통계적이상(3sigma),"mean=0.0611, sigma=0.0892, lower=-0.2066, upper=0.3288"
H1.Z26,PF1,2018-01-17,0.0,0.8034602989658477,0.4257056549137552,통계적이상(3sigma),"mean=0.0611, sigma=0.0892, lower=-0.2066, upper=0.3288"
H1.Z26,PF1,2018-01-18,0.1905742319507729,0.7316315281722281,0.4889917005615287,통계적이상(3sigma),"mean=0.0611, sigma=0.0892, lower=-0.2066, upper=0.3288"
H1.Z26,PF1,2018-01-22,0.0,0.7357353699207299,0.39378064953106967,통계적이상(3sigma),"mean=0.0611, sigma=0.0892, lower=-0.2066, upper=0.3288"
H1.Z26,PF1,2018-01-23,0.3578655210137366,0.9704112142706234,0.7267129872606121,통계적이상(3sigma),"mean=0.0611, sigma=0.0892, lower=-0.2066, upper=0.3288"
H1.Z26,PF1,2018-01-24,0.2341413910862886,0.8958722081996494,0.7353690999894678,통계적이상(3sigma),"mean=0.0611, sigma=0.0892, lower=-0.2066, upper=0.3288"
H1.Z26,PF1,2018-01-25,0.3574307276007599,0.9071411954077248,0.5916410418415801,통계적이상(3sigma),"mean=0.0611, sigma=0.0892, lower=-0.2066, upper=0.3288"
H1.Z26,PF1,2018-01-26,0.2026143558157816,0.7548956716722913,0.5662588395070675,통계적이상(3sigma),"mean=0.0611, sigma=0.0892, lower=-0.2066, upper=0.3288"
H1.Z26,PF1,2018-01-27,0.3240143528249527,0.6639628020084003,0.49930508755423103,통계적이상(3sigma),"mean=0.0611, sigma=0.0892, lower=-0.2066, upper=0.3288"
H1.Z26,PF1,2018-01-28,0.2610551050636499,0.6797230725487072,0.5219434941945853,통계적이상(3sigma),"mean=0.0611, sigma=0.0892, lower=-0.2066, upper=0.3288"
H1.Z26,PF1,2018-01-29,0.2569761131934753,0.7349949769280607,0.48290451857160005,통계적이상(3sigma),"mean=0.0611, sigma=0.0892, lower=-0.2066, upper=0.3288"
H1.Z26,PF1,2018-01-30,0.2228320829163159,0.8701746981011496,0.48658312554920147,통계적이상(3sigma),"mean=0.0611, sigma=0.0892, lower=-0.2066, upper=0.3288"
H1.Z26,PF1,2018-02-03,0.3098905225925973,0.6702598393294549,0.528675734125837,통계적이상(3sigma),"mean=0.0611, sigma=0.0892, lower=-0.2066, upper=0.3288"
H1.Z26,PF1,2018-02-04,0.2589899079690635,0.6802652420931393,0.5313138840220321,통계적이상(3sigma),"mean=0.0611, sigma=0.0892, lower=-0.2066, upper=0.3288"
H1.Z26,PF1,2018-02-05,0.1782905683453016,0.7976030503566854,0.5588273720691166,통계적이상(3sigma),"mean=0.0611, sigma=0.0892, lower=-0.2066, upper=0.3288"
H1.Z26,PF1,2018-02-06,0.3356776930230453,0.654803619912027,0.5292611083406357,통계적이상(3sigma),"mean=0.0611, sigma=0.0892, lower=-0.2066, upper=0.3288"
H1.Z26,PF1,2018-02-14,0.0227967261145952,0.6601949686707382,0.3552210643599236,통계적이상(3sigma),"mean=0.0611, sigma=0.0892, lower=-0.2066, upper=0.3288"
H1.Z26,PF1,2018-02-16,0.0341020975255459,0.8955360995073214,0.4333786659903925,통계적이상(3sigma),"mean=0.0611, sigma=0.0892, lower=-0.2066, upper=0.3288"
H1.Z26,PF1,2018-02-17,0.1778725549111178,0.5401361838726789,0.3487116929076414,통계적이상(3sigma),"mean=0.0611, sigma=0.0892, lower=-0.2066, upper=0.3288"
H1.Z26,PF1,2018-02-18,0.2467455584521936,0.6711902555607856,0.5288574599163373,통계적이상(3sigma),"mean=0.0611, sigma=0.0892, lower=-0.2066, upper=0.3288"
H1.Z26,PF1,2018-02-19,0.2455648160679271,0.736578533218966,0.5313830625459222,통계적이상(3sigma),"mean=0.0611, sigma=0.0892, lower=-0.2066, upper=0.3288"
H1.Z26,PF1,2018-02-20,0.1454062856227716,0.9170134114479744,0.5389243287087794,통계적이상(3sigma),"mean=0.0611, sigma=0.0892, lower=-0.2066, upper=0.3288"
H1.Z26,PF1,2018-02-21,0.0301067119141522,0.7705160716757098,0.34521870451944275,통계적이상(3sigma),"mean=0.0611, sigma=0.0892, lower=-0.2066, upper=0.3288"
H1.Z26,PF1,2018-02-22,0.0309667447127094,0.8475604780515038,0.34578811904355694,통계적이상(3sigma),"mean=0.0611, sigma=0.0892, lower=-0.2066, upper=0.3288"
H1.Z26,PF1,2018-02-23,0.3249390950254424,0.8605716407157135,0.7286224880400317,통계적이상(3sigma),"mean=0.0611, sigma=0.0892, lower=-0.2066, upper=0.3288"
H1.Z26,PF1,2018-02-24,0.7279303579666259,0.8499870203435423,0.7881587900015931,통계적이상(3sigma),"mean=0.0611, sigma=0.0892, lower=-0.2066, upper=0.3288"
H1.Z26,PF1,2018-02-25,0.6971926673289062,0.8496576502047091,0.7774270295933685,통계적이상(3sigma),"mean=0.0611, sigma=0.0892, lower=-0.2066, upper=0.3288"
H1.Z26,PF1,2018-02-26,0.3894200683141196,0.8827686419089631,0.7003885751587514,통계적이상(3sigma),"mean=0.0611, sigma=0.0892, lower=-0.2066, upper=0.3288"
H1.Z26,PF1,2018-03-26,0.0391141535321745,0.9757887886461556,0.33234234354155107,통계적이상(3sigma),"mean=0.0611, sigma=0.0892, lower=-0.2066, upper=0.3288"
H1.Z26,PF1,2018-08-20,0.0453012388323743,0.988982886523009,0.45977303627881244,통계적이상(3sigma),"mean=0.0611, sigma=0.0892, lower=-0.2066, upper=0.3288"
H1.Z26,PF1,2019-07-31,0.0326512586400557,0.9912856213914024,0.5214895631725772,통계적이상(3sigma),"mean=0.0611, sigma=0.0892, lower=-0.2066, upper=0.3288"
H1.Z26,PF1,2020-07-31,0.0487814843119782,0.9999676891430582,0.5492039613536506,통계적이상(3sigma),"mean=0.0611, sigma=0.0892, lower=-0.2066, upper=0.3288"
H1.Z26,PF1,2020-08-01,0.9990775600406852,0.9999313718173533,0.9996692974934945,통계적이상(3sigma),"mean=0.0611, sigma=0.0892, lower=-0.2066, upper=0.3288"
H1.Z26,PF1,2020-08-02,0.9992974981825836,0.9999839723488718,0.9996984924347364,통계적이상(3sigma),"mean=0.0611, sigma=0.0892, lower=-0.2066, upper=0.3288"
H1.Z26,PF1,2020-08-03,0.9982720339960524,0.9998874675612444,0.9994929049271698,통계적이상(3sigma),"mean=0.0611, sigma=0.0892, lower=-0.2066, upper=0.3288"
H1.Z26,PF1,2020-08-04,0.0416828102586109,0.9998803197344144,0.39200340129938466,통계적이상(3sigma),"mean=0.0611, sigma=0.0892, lower=-0.2066, upper=0.3288"
H1.Z26,PF1,2020-08-09,0.0401427666862087,0.9999361345951704,0.41078075639138234,통계적이상(3sigma),"mean=0.0611, sigma=0.0892, lower=-0.2066, upper=0.3288"
H1.Z26,PF1,2020-08-10,0.0291524631752311,0.9999654426568694,0.775562859545325,통계적이상(3sigma),"mean=0.0611, sigma=0.0892, lower=-0.2066, upper=0.3288"
H1.Z26,PF1,2020-08-11,0.9920676215489708,0.9997356066067268,0.9987986879211337,통계적이상(3sigma),"mean=0.0611, sigma=0.0892, lower=-0.2066, upper=0.3288"
H1.Z26,PF1,2020-08-12,0.031834087181196,0.9997548822737208,0.49629418297479444,통계적이상(3sigma),"mean=0.0611, sigma=0.0892, lower=-0.2066, upper=0.3288"
H1.Z26,PF1,2020-08-21,0.0289130509732998,0.9914265189568202,0.48883323659589945,통계적이상(3sigma),"mean=0.0611, sigma=0.0892, lower=-0.2066, upper=0.3288"
H1.Z26,PF1,2020-08-22,0.9651211972252214,0.9925572515196268,0.9780190003910518,통계적이상(3sigma),"mean=0.0611, sigma=0.0892, lower=-0.2066, upper=0.3288"
H1.Z26,PF1,2020-08-23,0.9647576803085374,0.9701644787884088,0.9677491526134024,통계적이상(3sigma),"mean=0.0611, sigma=0.0892, lower=-0.2066, upper=0.3288"
H1.Z26,PF1,2020-08-24,0.0592997231599644,0.9686573282492228,0.4004668782430835,통계적이상(3sigma),"mean=0.0611, sigma=0.0892, lower=-0.2066, upper=0.3288"
H1.Z26,PF1,2021-09-01,0.0431875166237863,0.9974780676800272,0.7631634583006321,통계적이상(3sigma),"mean=0.0611, sigma=0.0892, lower=-0.2066, upper=0.3288"
H1.Z26,PF1,2021-09-02,0.043758734516383,0.9977863714027968,0.44027875812455103,통계적이상(3sigma),"mean=0.0611, sigma=0.0892, lower=-0.2066, upper=0.3288"
H1.Z26,PF1,2022-06-10,0.0428515184597941,0.9906913531998324,0.36969325051248775,통계적이상(3sigma),"mean=0.0611, sigma=0.0892, lower=-0.2066, upper=0.3288"
H1.Z26,PF2,2018-01-11,-0.0075499970330576,0.4160457611083978,0.27542939759356744,통계적이상(3sigma),"mean=0.0419, sigma=0.0765, lower=-0.1877, upper=0.2715"
H1.Z26,PF2,2018-01-12,0.3621718994181302,0.9192630867649416,0.6818494222368,통계적이상(3sigma),"mean=0.0419, sigma=0.0765, lower=-0.1877, upper=0.2715"
H1.Z26,PF2,2018-01-13,0.2416247500313651,0.7934394787022071,0.6794280202533428,통계적이상(3sigma),"mean=0.0419, sigma=0.0765, lower=-0.1877, upper=0.2715"
H1.Z26,PF2,2018-01-14,0.2564622902649417,0.8646791083614063,0.6214651893955571,통계적이상(3sigma),"mean=0.0419, sigma=0.0765, lower=-0.1877, upper=0.2715"
H1.Z26,PF2,2018-01-15,0.0,0.7222479267252813,0.4059974517532288,통계적이상(3sigma),"mean=0.0419, sigma=0.0765, lower=-0.1877, upper=0.2715"
H1.Z26,PF2,2018-01-16,0.1676787152389685,0.8755178882181653,0.5201776155711161,통계적이상(3sigma),"mean=0.0419, sigma=0.0765, lower=-0.1877, upper=0.2715"
H1.Z26,PF2,2018-01-17,-0.0065776688729723,0.7027042261428323,0.38810052857190275,통계적이상(3sigma),"mean=0.0419, sigma=0.0765, lower=-0.1877, upper=0.2715"
H1.Z26,PF2,2018-01-18,0.150386333699442,0.6883814032872523,0.4539391170830644,통계적이상(3sigma),"mean=0.0419, sigma=0.0765, lower=-0.1877, upper=0.2715"
H1.Z26,PF2,2018-01-22,0.0,0.7130663957529603,0.3652823673791292,통계적이상(3sigma),"mean=0.0419, sigma=0.0765, lower=-0.1877, upper=0.2715"
H1.Z26,PF2,2018-01-23,0.2802103771766024,0.9201535820508742,0.6830957662555416,통계적이상(3sigma),"mean=0.0419, sigma=0.0765, lower=-0.1877, upper=0.2715"
H1.Z26,PF2,2018-01-24,0.1359089800984496,0.8048921426768337,0.681319410816521,통계적이상(3sigma),"mean=0.0419, sigma=0.0765, lower=-0.1877, upper=0.2715"
H1.Z26,PF2,2018-01-25,0.2589314655374701,0.6781073779861131,0.5246977215045115,통계적이상(3sigma),"mean=0.0419, sigma=0.0765, lower=-0.1877, upper=0.2715"
H1.Z26,PF2,2018-01-26,0.1969790693124133,0.6401732799410815,0.5370860415211783,통계적이상(3sigma),"mean=0.0419, sigma=0.0765, lower=-0.1877, upper=0.2715"
H1.Z26,PF2,2018-01-27,0.3169094122118422,0.6437245589337085,0.48607625092190526,통계적이상(3sigma),"mean=0.0419, sigma=0.0765, lower=-0.1877, upper=0.2715"
H1.Z26,PF2,2018-01-28,0.2554218982987934,0.6580462303426532,0.5075642675019895,통계적이상(3sigma),"mean=0.0419, sigma=0.0765, lower=-0.1877, upper=0.2715"
H1.Z26,PF2,2018-01-29,0.2378118109464653,0.6722578307655127,0.42998815470299195,통계적이상(3sigma),"mean=0.0419, sigma=0.0765, lower=-0.1877, upper=0.2715"
H1.Z26,PF2,2018-01-30,0.2073262782518586,0.6292075519760446,0.41895898828793426,통계적이상(3sigma),"mean=0.0419, sigma=0.0765, lower=-0.1877, upper=0.2715"
H1.Z26,PF2,2018-02-03,0.3012208642231089,0.6475928190350532,0.5128282130208799,통계적이상(3sigma),"mean=0.0419, sigma=0.0765, lower=-0.1877, upper=0.2715"
H1.Z26,PF2,2018-02-04,0.2542798171369479,0.6603748338752323,0.5169467951629858,통계적이상(3sigma),"mean=0.0419, sigma=0.0765, lower=-0.1877, upper=0.2715"
H1.Z26,PF2,2018-02-05,0.1591242827531288,0.6500664009650549,0.4930727707455702,통계적이상(3sigma),"mean=0.0419, sigma=0.0765, lower=-0.1877, upper=0.2715"
H1.Z26,PF2,2018-02-06,0.3280831944205858,0.6333229160211257,0.5119735852226969,통계적이상(3sigma),"mean=0.0419, sigma=0.0765, lower=-0.1877, upper=0.2715"
H1.Z26,PF2,2018-02-14,-0.041422499447233,0.6445581181508502,0.2847114799280807,통계적이상(3sigma),"mean=0.0419, sigma=0.0765, lower=-0.1877, upper=0.2715"
H1.Z26,PF2,2018-02-16,-0.0174584721092186,0.6069385221870254,0.37199500706124833,통계적이상(3sigma),"mean=0.0419, sigma=0.0765, lower=-0.1877, upper=0.2715"
H1.Z26,PF2,2018-02-17,0.1763237484841562,0.5088924597927758,0.3383427431200115,통계적이상(3sigma),"mean=0.0419, sigma=0.0765, lower=-0.1877, upper=0.2715"
H1.Z26,PF2,2018-02-18,0.2425449301628487,0.6492325091626142,0.5114045031669792,통계적이상(3sigma),"mean=0.0419, sigma=0.0765, lower=-0.1877, upper=0.2715"
H1.Z26,PF2,2018-02-19,0.1660507035281304,0.617270402858655,0.47471187636289075,통계적이상(3sigma),"mean=0.0419, sigma=0.0765, lower=-0.1877, upper=0.2715"
H1.Z26,PF2,2018-02-20,0.0689586833771805,0.6298900685858797,0.48333438132852224,통계적이상(3sigma),"mean=0.0419, sigma=0.0765, lower=-0.1877, upper=0.2715"
H1.Z26,PF2,2018-02-21,-0.0143349156819747,0.6152335562298314,0.2894042633061508,통계적이상(3sigma),"mean=0.0419, sigma=0.0765, lower=-0.1877, upper=0.2715"
H1.Z26,PF2,2018-02-23,0.2396717418057642,0.8094593014830009,0.6833775222791134,통계적이상(3sigma),"mean=0.0419, sigma=0.0765, lower=-0.1877, upper=0.2715"
H1.Z26,PF2,2018-02-24,0.6956025686917936,0.8252836629748346,0.7620919116607849,통계적이상(3sigma),"mean=0.0419, sigma=0.0765, lower=-0.1877, upper=0.2715"
H1.Z26,PF2,2018-02-25,0.6848892517300335,0.8294499504235571,0.7591889755509884,통계적이상(3sigma),"mean=0.0419, sigma=0.0765, lower=-0.1877, upper=0.2715"
H1.Z26,PF2,2018-02-26,0.2886440199116866,0.8610425667630307,0.6646637595384148,통계적이상(3sigma),"mean=0.0419, sigma=0.0765, lower=-0.1877, upper=0.2715"
H1.Z26,PF2,2018-08-20,0.0256608200173498,0.8320403797096677,0.3727034059578053,통계적이상(3sigma),"mean=0.0419, sigma=0.0765, lower=-0.1877, upper=0.2715"
H1.Z26,PF2,2019-07-31,0.0203465902107332,0.8364140092649123,0.4266352015278417,통계적이상(3sigma),"mean=0.0419, sigma=0.0765, lower=-0.1877, upper=0.2715"
H1.Z26,PF2,2020-07-31,0.0342780435416265,0.6820712970924491,0.37586484222705213,통계적이상(3sigma),"mean=0.0419, sigma=0.0765, lower=-0.1877, upper=0.2715"
H1.Z26,PF2,2020-08-01,0.6732610639764206,0.6945305254724292,0.6822752760277088,통계적이상(3sigma),"mean=0.0419, sigma=0.0765, lower=-0.1877, upper=0.2715"
H1.Z26,PF2,2020-08-02,0.670686989760317,0.6920950894693315,0.6833083760653742,통계적이상(3sigma),"mean=0.0419, sigma=0.0765, lower=-0.1877, upper=0.2715"
H1.Z26,PF2,2020-08-03,0.6713291318698591,0.701779887742466,0.6848637688342621,통계적이상(3sigma),"mean=0.0419, sigma=0.0765, lower=-0.1877, upper=0.2715"
H1.Z26,PF2,2020-08-09,0.0267888347739483,0.6825708513340306,0.2786606358571847,통계적이상(3sigma),"mean=0.0419, sigma=0.0765, lower=-0.1877, upper=0.2715"
H1.Z26,PF2,2020-08-10,0.0168310076395872,0.8088949174508442,0.5737715477592179,통계적이상(3sigma),"mean=0.0419, sigma=0.0765, lower=-0.1877, upper=0.2715"
H1.Z26,PF2,2020-08-11,0.7592620757094498,0.796045727690061,0.7819590247477234,통계적이상(3sigma),"mean=0.0419, sigma=0.0765, lower=-0.1877, upper=0.2715"
H1.Z26,PF2,2020-08-12,0.0149547651671066,0.7918837111240972,0.3872342052660404,통계적이상(3sigma),"mean=0.0419, sigma=0.0765, lower=-0.1877, upper=0.2715"
H1.Z26,PF2,2020-08-21,0.007024509044495,0.8180290507607986,0.370004132405108,통계적이상(3sigma),"mean=0.0419, sigma=0.0765, lower=-0.1877, upper=0.2715"
H1.Z26,PF2,2020-08-22,0.8092472617042155,0.881026676313173,0.8597676547681257,통계적이상(3sigma),"mean=0.0419, sigma=0.0765, lower=-0.1877, upper=0.2715"
H1.Z26,PF2,2020-08-23,0.8588594267131475,0.8821144968271258,0.872674124638222,통계적이상(3sigma),"mean=0.0419, sigma=0.0765, lower=-0.1877, upper=0.2715"
H1.Z26,PF2,2020-08-24,0.0461321304055551,0.8827301532030113,0.357478181622523,통계적이상(3sigma),"mean=0.0419, sigma=0.0765, lower=-0.1877, upper=0.2715"
H1.Z26,PF3,2018-01-11,0.017204100307491,0.6770820318358981,0.3761230021450148,통계적이상(3sigma),"mean=0.0517, sigma=0.0758, lower=-0.1758, upper=0.2792"
H1.Z26,PF3,2018-01-12,0.3751297231515245,0.8695519026478827,0.7163162797416809,통계적이상(3sigma),"mean=0.0517, sigma=0.0758, lower=-0.1758, upper=0.2792"
H1.Z26,PF3,2018-01-13,0.2447864551345507,0.8091694948691223,0.6888254253042115,통계적이상(3sigma),"mean=0.0517, sigma=0.0758, lower=-0.1758, upper=0.2792"
H1.Z26,PF3,2018-01-14,0.2595980793237684,0.8797818256417878,0.6311859141402058,통계적이상(3sigma),"mean=0.0517, sigma=0.0758, lower=-0.1758, upper=0.2792"
H1.Z26,PF3,2018-01-15,0.0,0.7364443479975064,0.4133128014423701,통계적이상(3sigma),"mean=0.0517, sigma=0.0758, lower=-0.1758, upper=0.2792"
H1.Z26,PF3,2018-01-16,0.1694572647412619,0.8872982956469068,0.5300337933736285,통계적이상(3sigma),"mean=0.0517, sigma=0.0758, lower=-0.1758, upper=0.2792"
H1.Z26,PF3,2018-01-17,0.0,0.7201655087868375,0.46513023109381635,통계적이상(3sigma),"mean=0.0517, sigma=0.0758, lower=-0.1758, upper=0.2792"
H1.Z26,PF3,2018-01-18,0.2351524864633876,0.7052105945017616,0.5295360310169864,통계적이상(3sigma),"mean=0.0517, sigma=0.0758, lower=-0.1758, upper=0.2792"
H1.Z26,PF3,2018-01-19,0.0,0.6451933425362797,0.29762916832268554,통계적이상(3sigma),"mean=0.0517, sigma=0.0758, lower=-0.1758, upper=0.2792"
H1.Z26,PF3,2018-01-22,0.0,0.7304988523986609,0.4044655461986462,통계적이상(3sigma),"mean=0.0517, sigma=0.0758, lower=-0.1758, upper=0.2792"
H1.Z26,PF3,2018-01-23,0.5501549889643991,0.942507210897254,0.7460639418231046,통계적이상(3sigma),"mean=0.0517, sigma=0.0758, lower=-0.1758, upper=0.2792"
H1.Z26,PF3,2018-01-24,0.4928096182230446,0.8242053301783974,0.7085668478475341,통계적이상(3sigma),"mean=0.0517, sigma=0.0758, lower=-0.1758, upper=0.2792"
H1.Z26,PF3,2018-01-25,0.3954157579045405,0.695633964737256,0.5780072907117787,통계적이상(3sigma),"mean=0.0517, sigma=0.0758, lower=-0.1758, upper=0.2792"
H1.Z26,PF3,2018-01-26,0.2007827481296328,0.6564086154103275,0.5493578095949374,통계적이상(3sigma),"mean=0.0517, sigma=0.0758, lower=-0.1758, upper=0.2792"
H1.Z26,PF3,2018-01-27,0.3213748549090488,0.6555659645847067,0.49373159783613363,통계적이상(3sigma),"mean=0.0517, sigma=0.0758, lower=-0.1758, upper=0.2792"
H1.Z26,PF3,2018-01-28,0.259068701863289,0.6711601012945175,0.5162103861798443,통계적이상(3sigma),"mean=0.0517, sigma=0.0758, lower=-0.1758, upper=0.2792"
H1.Z26,PF3,2018-01-29,0.2565975737634511,0.664974307252301,0.4672274169952164,통계적이상(3sigma),"mean=0.0517, sigma=0.0758, lower=-0.1758, upper=0.2792"
H1.Z26,PF3,2018-01-30,0.2220461751716059,0.6391671518484756,0.4613060358312145,통계적이상(3sigma),"mean=0.0517, sigma=0.0758, lower=-0.1758, upper=0.2792"
H1.Z26,PF3,2018-02-02,0.365266651742827,0.6777135309323635,0.4674284171142245,통계적이상(3sigma),"mean=0.0517, sigma=0.0758, lower=-0.1758, upper=0.2792"
H1.Z26,PF3,2018-02-03,0.3066392042239508,0.6625885822706751,0.5223030472754682,통계적이상(3sigma),"mean=0.0517, sigma=0.0758, lower=-0.1758, upper=0.2792"
H1.Z26,PF3,2018-02-04,0.2573775481792881,0.6689728513360022,0.5231833592545335,통계적이상(3sigma),"mean=0.0517, sigma=0.0758, lower=-0.1758, upper=0.2792"
H1.Z26,PF3,2018-02-05,0.2943768156933484,0.664429091701802,0.5119165356268095,통계적이상(3sigma),"mean=0.0517, sigma=0.0758, lower=-0.1758, upper=0.2792"
H1.Z26,PF3,2018-02-06,0.3340910676454869,0.6494638861122435,0.5243099207622328,통계적이상(3sigma),"mean=0.0517, sigma=0.0758, lower=-0.1758, upper=0.2792"
H1.Z26,PF3,2018-02-07,0.3014748107886192,0.6267363276207782,0.414475167975968,통계적이상(3sigma),"mean=0.0517, sigma=0.0758, lower=-0.1758, upper=0.2792"
H1.Z26,PF3,2018-02-08,0.3187449331084884,0.5931622012952964,0.40747030823350966,통계적이상(3sigma),"mean=0.0517, sigma=0.0758, lower=-0.1758, upper=0.2792"
H1.Z26,PF3,2018-02-09,0.3085171458621818,0.6476520040709207,0.43196516811187485,통계적이상(3sigma),"mean=0.0517, sigma=0.0758, lower=-0.1758, upper=0.2792"
H1.Z26,PF3,2018-02-10,0.3548536216881539,0.3672020224233468,0.3619007503093079,통계적이상(3sigma),"mean=0.0517, sigma=0.0758, lower=-0.1758, upper=0.2792"
H1.Z26,PF3,2018-02-14,0.3475804759316086,0.7021798921955954,0.5102738323416708,통계적이상(3sigma),"mean=0.0517, sigma=0.0758, lower=-0.1758, upper=0.2792"
H1.Z26,PF3,2018-02-15,0.295486821813716,0.5716189817543395,0.43458847596190653,통계적이상(3sigma),"mean=0.0517, sigma=0.0758, lower=-0.1758, upper=0.2792"
H1.Z26,PF3,2018-02-16,0.2980118785668457,0.6018965249536212,0.43990202434611864,통계적이상(3sigma),"mean=0.0517, sigma=0.0758, lower=-0.1758, upper=0.2792"
H1.Z26,PF3,2018-02-17,0.1764075871315599,0.4439687242449667,0.3092179168768128,통계적이상(3sigma),"mean=0.0517, sigma=0.0758, lower=-0.1758, upper=0.2792"
H1.Z26,PF3,2018-02-18,0.2421675804304439,0.638480979789556,0.4829398196764226,통계적이상(3sigma),"mean=0.0517, sigma=0.0758, lower=-0.1758, upper=0.2792"
H1.Z26,PF3,2018-02-19,0.2721372063803904,0.6277932010159414,0.4916122715689699,통계적이상(3sigma),"mean=0.0517, sigma=0.0758, lower=-0.1758, upper=0.2792"
H1.Z26,PF3,2018-02-20,0.2117818796211255,0.6554224920769532,0.4715819843825886,통계적이상(3sigma),"mean=0.0517, sigma=0.0758, lower=-0.1758, upper=0.2792"
H1.Z26,PF3,2018-02-21,0.2161763126320309,0.6322356982375972,0.40334972427909727,통계적이상(3sigma),"mean=0.0517, sigma=0.0758, lower=-0.1758, upper=0.2792"
H1.Z26,PF3,2018-02-22,0.0,0.7248679094182127,0.44944425694798523,통계적이상(3sigma),"mean=0.0517, sigma=0.0758, lower=-0.1758, upper=0.2792"
H1.Z26,PF3,2018-02-23,0.5590886110645056,0.7954479104771747,0.6970414203121192,통계적이상(3sigma),"mean=0.0517, sigma=0.0758, lower=-0.1758, upper=0.2792"
H1.Z26,PF3,2018-02-24,0.6446157853185566,0.8149082056716984,0.732257203352593,통계적이상(3sigma),"mean=0.0517, sigma=0.0758, lower=-0.1758, upper=0.2792"
H1.Z26,PF3,2018-02-25,0.598128869069947,0.8136644852161405,0.728228271499726,통계적이상(3sigma),"mean=0.0517, sigma=0.0758, lower=-0.1758, upper=0.2792"
H1.Z26,PF3,2018-02-26,0.3837469709113292,0.8614431723952288,0.6876566015293971,통계적이상(3sigma),"mean=0.0517, sigma=0.0758, lower=-0.1758, upper=0.2792"
H1.Z26,PF3,2019-07-31,0.0221160832916696,0.7346326295789632,0.3602763363180441,통계적이상(3sigma),"mean=0.0517, sigma=0.0758, lower=-0.1758, upper=0.2792"
H1.Z26,PF3,2020-08-11,0.3427293380587193,0.7134100774899041,0.6058382000676287,통계적이상(3sigma),"mean=0.0517, sigma=0.0758, lower=-0.1758, upper=0.2792"
H1.Z26,PF3,2020-08-12,0.0242825916924032,0.6838057894371905,0.3262392523520396,통계적이상(3sigma),"mean=0.0517, sigma=0.0758, lower=-0.1758, upper=0.2792"
H1.Z26,PF3,2020-08-22,0.3405862346742315,0.7482637183147444,0.6320029704027491,통계적이상(3sigma),"mean=0.0517, sigma=0.0758, lower=-0.1758, upper=0.2792"
H1.Z26,PF3,2020-08-23,0.6356214211352921,0.7866852995476887,0.7119110546934156,통계적이상(3sigma),"mean=0.0517, sigma=0.0758, lower=-0.1758, upper=0.2792"
H1.Z26,PF3,2020-08-24,0.0243797092263897,0.727329699403482,0.2946521103850411,통계적이상(3sigma),"mean=0.0517, sigma=0.0758, lower=-0.1758, upper=0.2792"
H1.Z27,PF,2018-03-27,0.3423792347311972,0.4542893815123429,0.38141159610491376,통계적이상(3sigma),"mean=0.7807, sigma=0.1266, lower=0.4009, upper=1.1605"
H1.Z27,PF,2018-09-29,0.3795111535489556,0.4125269423425202,0.3908095938484109,통계적이상(3sigma),"mean=0.7807, sigma=0.1266, lower=0.4009, upper=1.1605"
H1.Z27,PF,2018-09-30,0.3791485480467479,0.4137098380426555,0.39362941837839366,통계적이상(3sigma),"mean=0.7807, sigma=0.1266, lower=0.4009, upper=1.1605"
H1.Z27,PF,2019-10-10,0.0,0.7676784064372381,0.2582180122546492,통계적이상(3sigma),"mean=0.7807, sigma=0.1266, lower=0.4009, upper=1.1605"
H1.Z27,PF,2019-10-11,0.0,0.0,0.0,통계적이상(3sigma),"mean=0.7807, sigma=0.1266, lower=0.4009, upper=1.1605"
H1.Z27,PF,2019-10-12,0.0,0.0,0.0,통계적이상(3sigma),"mean=0.7807, sigma=0.1266, lower=0.4009, upper=1.1605"
H1.Z27,PF,2019-10-13,0.0,0.0,0.0,통계적이상(3sigma),"mean=0.7807, sigma=0.1266, lower=0.4009, upper=1.1605"
H1.Z27,PF,2019-10-14,0.0,0.0,0.0,통계적이상(3sigma),"mean=0.7807, sigma=0.1266, lower=0.4009, upper=1.1605"
H1.Z27,PF,2019-10-15,0.0,0.0,0.0,통계적이상(3sigma),"mean=0.7807, sigma=0.1266, lower=0.4009, upper=1.1605"
H1.Z27,PF,2019-10-16,0.0,0.0,0.0,통계적이상(3sigma),"mean=0.7807, sigma=0.1266, lower=0.4009, upper=1.1605"
H1.Z27,PF,2019-10-17,0.0,0.1169107075532279,0.004871279481384496,통계적이상(3sigma),"mean=0.7807, sigma=0.1266, lower=0.4009, upper=1.1605"
H1.Z27,PF,2019-10-18,0.0,0.0,0.0,통계적이상(3sigma),"mean=0.7807, sigma=0.1266, lower=0.4009, upper=1.1605"
H1.Z27,PF,2019-10-19,0.0,0.0,0.0,통계적이상(3sigma),"mean=0.7807, sigma=0.1266, lower=0.4009, upper=1.1605"
H1.Z27,PF,2019-10-20,0.0,0.0,0.0,통계적이상(3sigma),"mean=0.7807, sigma=0.1266, lower=0.4009, upper=1.1605"
H1.Z27,PF,2019-10-21,0.0,0.9728401138210452,0.3702927324931422,통계적이상(3sigma),"mean=0.7807, sigma=0.1266, lower=0.4009, upper=1.1605"
H1.Z27,PF,2020-12-11,0.0,0.0,0.0,통계적이상(3sigma),"mean=0.7807, sigma=0.1266, lower=0.4009, upper=1.1605"
H1.Z27,PF,2020-12-12,0.0,0.0,0.0,통계적이상(3sigma),"mean=0.7807, sigma=0.1266, lower=0.4009, upper=1.1605"
H1.Z27,PF,2020-12-13,0.0,0.0,0.0,통계적이상(3sigma),"mean=0.7807, sigma=0.1266, lower=0.4009, upper=1.1605"
H1.Z27,PF,2021-09-30,0.0,0.974079759525966,0.343942393466022,통계적이상(3sigma),"mean=0.7807, sigma=0.1266, lower=0.4009, upper=1.1605"
H1.Z27,PF,2021-10-01,0.0,0.0,0.0,통계적이상(3sigma),"mean=0.7807, sigma=0.1266, lower=0.4009, upper=1.1605"
H1.Z27,PF,2021-10-02,0.0,0.0,0.0,통계적이상(3sigma),"mean=0.7807, sigma=0.1266, lower=0.4009, upper=1.1605"
H1.Z27,PF,2021-10-03,0.0,0.0,0.0,통계적이상(3sigma),"mean=0.7807, sigma=0.1266, lower=0.4009, upper=1.1605"
H1.Z27,PF,2021-10-04,0.0,0.0,0.0,통계적이상(3sigma),"mean=0.7807, sigma=0.1266, lower=0.4009, upper=1.1605"
H1.Z27,PF,2021-10-05,0.0,0.0,0.0,통계적이상(3sigma),"mean=0.7807, sigma=0.1266, lower=0.4009, upper=1.1605"
H1.Z27,PF,2021-10-06,0.0,0.0,0.0,통계적이상(3sigma),"mean=0.7807, sigma=0.1266, lower=0.4009, upper=1.1605"
H1.Z27,PF,2023-06-25,0.0,0.0,0.0,통계적이상(3sigma),"mean=0.7807, sigma=0.1266, lower=0.4009, upper=1.1605"
H1.Z27,PF1,2019-10-10,0.0,0.9075263419221696,0.30514467351078495,통계적이상(3sigma),"mean=0.8854, sigma=0.1056, lower=0.5685, upper=1.2023"
H1.Z27,PF1,2019-10-11,0.0,0.0,0.0,통계적이상(3sigma),"mean=0.8854, sigma=0.1056, lower=0.5685, upper=1.2023"
H1.Z27,PF1,2019-10-12,0.0,0.0,0.0,통계적이상(3sigma),"mean=0.8854, sigma=0.1056, lower=0.5685, upper=1.2023"
H1.Z27,PF1,2019-10-13,0.0,0.0,0.0,통계적이상(3sigma),"mean=0.8854, sigma=0.1056, lower=0.5685, upper=1.2023"
H1.Z27,PF1,2019-10-14,0.0,0.0,0.0,통계적이상(3sigma),"mean=0.8854, sigma=0.1056, lower=0.5685, upper=1.2023"
H1.Z27,PF1,2019-10-15,0.0,0.0,0.0,통계적이상(3sigma),"mean=0.8854, sigma=0.1056, lower=0.5685, upper=1.2023"
H1.Z27,PF1,2019-10-16,0.0,0.0,0.0,통계적이상(3sigma),"mean=0.8854, sigma=0.1056, lower=0.5685, upper=1.2023"
H1.Z27,PF1,2019-10-17,0.0,0.1169107075532279,0.004871279481384496,통계적이상(3sigma),"mean=0.8854, sigma=0.1056, lower=0.5685, upper=1.2023"
H1.Z27,PF1,2019-10-18,0.0,0.0,0.0,통계적이상(3sigma),"mean=0.8854, sigma=0.1056, lower=0.5685, upper=1.2023"
H1.Z27,PF1,2019-10-19,0.0,0.0,0.0,통계적이상(3sigma),"mean=0.8854, sigma=0.1056, lower=0.5685, upper=1.2023"
H1.Z27,PF1,2019-10-20,0.0,0.0,0.0,통계적이상(3sigma),"mean=0.8854, sigma=0.1056, lower=0.5685, upper=1.2023"
H1.Z27,PF1,2019-10-21,0.0,0.9728401138210452,0.42444969420068285,통계적이상(3sigma),"mean=0.8854, sigma=0.1056, lower=0.5685, upper=1.2023"
H1.Z27,PF1,2020-12-11,0.0,0.0,0.0,통계적이상(3sigma),"mean=0.8854, sigma=0.1056, lower=0.5685, upper=1.2023"
H1.Z27,PF1,2020-12-12,0.0,0.0,0.0,통계적이상(3sigma),"mean=0.8854, sigma=0.1056, lower=0.5685, upper=1.2023"
H1.Z27,PF1,2020-12-13,0.0,0.0,0.0,통계적이상(3sigma),"mean=0.8854, sigma=0.1056, lower=0.5685, upper=1.2023"
H1.Z27,PF1,2021-01-31,0.0,0.0,0.0,통계적이상(3sigma),"mean=0.8854, sigma=0.1056, lower=0.5685, upper=1.2023"
H1.Z27,PF1,2021-09-30,0.0,0.9967070222997148,0.35242224791439436,통계적이상(3sigma),"mean=0.8854, sigma=0.1056, lower=0.5685, upper=1.2023"
H1.Z27,PF1,2021-10-01,0.0,0.0,0.0,통계적이상(3sigma),"mean=0.8854, sigma=0.1056, lower=0.5685, upper=1.2023"
H1.Z27,PF1,2021-10-02,0.0,0.0,0.0,통계적이상(3sigma),"mean=0.8854, sigma=0.1056, lower=0.5685, upper=1.2023"
H1.Z27,PF1,2021-10-03,0.0,0.0,0.0,통계적이상(3sigma),"mean=0.8854, sigma=0.1056, lower=0.5685, upper=1.2023"
H1.Z27,PF1,2021-10-04,0.0,0.0,0.0,통계적이상(3sigma),"mean=0.8854, sigma=0.1056, lower=0.5685, upper=1.2023"
H1.Z27,PF1,2021-10-05,0.0,0.0,0.0,통계적이상(3sigma),"mean=0.8854, sigma=0.1056, lower=0.5685, upper=1.2023"
H1.Z27,PF1,2021-10-06,0.0,0.0,0.0,통계적이상(3sigma),"mean=0.8854, sigma=0.1056, lower=0.5685, upper=1.2023"
H1.Z27,PF1,2023-06-25,0.0,0.0,0.0,통계적이상(3sigma),"mean=0.8854, sigma=0.1056, lower=0.5685, upper=1.2023"
H1.Z27,PF3,2018-01-20,0.0,0.0,0.0,통계적이상(3sigma),"mean=0.6723, sigma=0.2122, lower=0.0356, upper=1.3089"
H1.Z27,PF3,2018-01-21,0.0,0.0,0.0,통계적이상(3sigma),"mean=0.6723, sigma=0.2122, lower=0.0356, upper=1.3089"
H1.Z27,PF3,2018-11-06,0.0,0.0022281651198863,0.0003407905685404792,통계적이상(3sigma),"mean=0.6723, sigma=0.2122, lower=0.0356, upper=1.3089"
H1.Z27,PF3,2019-08-16,0.0,0.0,0.0,통계적이상(3sigma),"mean=0.6723, sigma=0.2122, lower=0.0356, upper=1.3089"
H1.Z27,PF3,2019-08-17,0.0,0.0,0.0,통계적이상(3sigma),"mean=0.6723, sigma=0.2122, lower=0.0356, upper=1.3089"
H1.Z27,PF3,2019-08-18,0.0,0.0,0.0,통계적이상(3sigma),"mean=0.6723, sigma=0.2122, lower=0.0356, upper=1.3089"
H1.Z27,PF3,2019-10-11,0.0,0.0,0.0,통계적이상(3sigma),"mean=0.6723, sigma=0.2122, lower=0.0356, upper=1.3089"
H1.Z27,PF3,2019-10-12,0.0,0.0,0.0,통계적이상(3sigma),"mean=0.6723, sigma=0.2122, lower=0.0356, upper=1.3089"
H1.Z27,PF3,2019-10-13,0.0,0.0,0.0,통계적이상(3sigma),"mean=0.6723, sigma=0.2122, lower=0.0356, upper=1.3089"
H1.Z27,PF3,2019-10-14,0.0,0.0,0.0,통계적이상(3sigma),"mean=0.6723, sigma=0.2122, lower=0.0356, upper=1.3089"
H1.Z27,PF3,2019-10-15,0.0,0.0,0.0,통계적이상(3sigma),"mean=0.6723, sigma=0.2122, lower=0.0356, upper=1.3089"
H1.Z27,PF3,2019-10-16,0.0,0.0,0.0,통계적이상(3sigma),"mean=0.6723, sigma=0.2122, lower=0.0356, upper=1.3089"
H1.Z27,PF3,2019-10-17,0.0,0.0,0.0,통계적이상(3sigma),"mean=0.6723, sigma=0.2122, lower=0.0356, upper=1.3089"
H1.Z27,PF3,2019-10-18,0.0,0.0,0.0,통계적이상(3sigma),"mean=0.6723, sigma=0.2122, lower=0.0356, upper=1.3089"
H1.Z27,PF3,2019-10-19,0.0,0.0,0.0,통계적이상(3sigma),"mean=0.6723, sigma=0.2122, lower=0.0356, upper=1.3089"
H1.Z27,PF3,2019-10-20,0.0,0.0,0.0,통계적이상(3sigma),"mean=0.6723, sigma=0.2122, lower=0.0356, upper=1.3089"
H1.Z27,PF3,2019-11-16,0.0,0.0,0.0,통계적이상(3sigma),"mean=0.6723, sigma=0.2122, lower=0.0356, upper=1.3089"
H1.Z27,PF3,2019-11-17,0.0,0.0,0.0,통계적이상(3sigma),"mean=0.6723, sigma=0.2122, lower=0.0356, upper=1.3089"
H1.Z27,PF3,2020-08-01,0.0,0.0,0.0,통계적이상(3sigma),"mean=0.6723, sigma=0.2122, lower=0.0356, upper=1.3089"
H1.Z27,PF3,2020-08-02,0.0,0.0,0.0,통계적이상(3sigma),"mean=0.6723, sigma=0.2122, lower=0.0356, upper=1.3089"
H1.Z27,PF3,2020-08-03,0.0,0.0,0.0,통계적이상(3sigma),"mean=0.6723, sigma=0.2122, lower=0.0356, upper=1.3089"
H1.Z27,PF3,2020-11-07,0.0,0.0,0.0,통계적이상(3sigma),"mean=0.6723, sigma=0.2122, lower=0.0356, upper=1.3089"
H1.Z27,PF3,2020-11-08,0.0,0.0,0.0,통계적이상(3sigma),"mean=0.6723, sigma=0.2122, lower=0.0356, upper=1.3089"
H1.Z27,PF3,2020-12-11,0.0,0.0,0.0,통계적이상(3sigma),"mean=0.6723, sigma=0.2122, lower=0.0356, upper=1.3089"
H1.Z27,PF3,2020-12-12,0.0,0.0,0.0,통계적이상(3sigma),"mean=0.6723, sigma=0.2122, lower=0.0356, upper=1.3089"
H1.Z27,PF3,2020-12-13,0.0,0.0,0.0,통계적이상(3sigma),"mean=0.6723, sigma=0.2122, lower=0.0356, upper=1.3089"
H1.Z27,PF3,2021-09-29,0.0,0.0,0.0,통계적이상(3sigma),"mean=0.6723, sigma=0.2122, lower=0.0356, upper=1.3089"
H1.Z27,PF3,2021-09-30,0.0,0.0,0.0,통계적이상(3sigma),"mean=0.6723, sigma=0.2122, lower=0.0356, upper=1.3089"
H1.Z27,PF3,2021-10-01,0.0,0.0,0.0,통계적이상(3sigma),"mean=0.6723, sigma=0.2122, lower=0.0356, upper=1.3089"
H1.Z27,PF3,2021-10-02,0.0,0.0,0.0,통계적이상(3sigma),"mean=0.6723, sigma=0.2122, lower=0.0356, upper=1.3089"
H1.Z27,PF3,2021-10-03,0.0,0.0,0.0,통계적이상(3sigma),"mean=0.6723, sigma=0.2122, lower=0.0356, upper=1.3089"
H1.Z27,PF3,2021-10-04,0.0,0.0,0.0,통계적이상(3sigma),"mean=0.6723, sigma=0.2122, lower=0.0356, upper=1.3089"
H1.Z27,PF3,2021-10-05,0.0,0.0,0.0,통계적이상(3sigma),"mean=0.6723, sigma=0.2122, lower=0.0356, upper=1.3089"
H1.Z27,PF3,2021-10-06,0.0,0.0,0.0,통계적이상(3sigma),"mean=0.6723, sigma=0.2122, lower=0.0356, upper=1.3089"
H1.Z27,PF3,2021-10-07,0.0,0.0,0.0,통계적이상(3sigma),"mean=0.6723, sigma=0.2122, lower=0.0356, upper=1.3089"
H1.Z27,PF3,2022-04-30,0.0,0.0,0.0,통계적이상(3sigma),"mean=0.6723, sigma=0.2122, lower=0.0356, upper=1.3089"
H1.Z27,PF3,2022-05-01,0.0,0.0,0.0,통계적이상(3sigma),"mean=0.6723, sigma=0.2122, lower=0.0356, upper=1.3089"
H1.Z27,PF3,2022-12-24,0.0,0.006404150383813,0.001023658036239554,통계적이상(3sigma),"mean=0.6723, sigma=0.2122, lower=0.0356, upper=1.3089"
H1.Z27,PF3,2022-12-25,0.0,0.0142590657710116,0.0019515262446702583,통계적이상(3sigma),"mean=0.6723, sigma=0.2122, lower=0.0356, upper=1.3089"
H1.Z27,PF3,2022-12-27,0.0,0.0107932472911973,0.0008849847221022625,통계적이상(3sigma),"mean=0.6723, sigma=0.2122, lower=0.0356, upper=1.3089"
H1.Z27,PF3,2022-12-28,0.0,0.009144372173718,0.0007508434804289458,통계적이상(3sigma),"mean=0.6723, sigma=0.2122, lower=0.0356, upper=1.3089"
H1.Z27,PF3,2022-12-29,0.0,0.5990013023217529,0.02542199946055014,통계적이상(3sigma),"mean=0.6723, sigma=0.2122, lower=0.0356, upper=1.3089"
H1.Z27,PF3,2022-12-30,0.0,0.0108620039808252,0.000980086951016404,통계적이상(3sigma),"mean=0.6723, sigma=0.2122, lower=0.0356, upper=1.3089"
H1.Z27,PF3,2022-12-31,0.0,0.009060754776001,0.001131617724895479,통계적이상(3sigma),"mean=0.6723, sigma=0.2122, lower=0.0356, upper=1.3089"
H1.Z27,PF3,2023-01-01,0.0,0.0093280627842871,0.0007768405238798293,통계적이상(3sigma),"mean=0.6723, sigma=0.2122, lower=0.0356, upper=1.3089"
H1.Z27,PF3,2023-01-02,0.0,0.0111771456336461,0.0016732890604635668,통계적이상(3sigma),"mean=0.6723, sigma=0.2122, lower=0.0356, upper=1.3089"
H1.Z27,PF3,2023-01-03,0.0,0.0147283163232107,0.0016008648382396249,통계적이상(3sigma),"mean=0.6723, sigma=0.2122, lower=0.0356, upper=1.3089"
H1.Z27,PF3,2023-01-06,0.0,0.0076133911808331,0.0009484188631176875,통계적이상(3sigma),"mean=0.6723, sigma=0.2122, lower=0.0356, upper=1.3089"
H1.Z27,PF3,2023-01-07,0.0,0.0119246948333013,0.0023715525840916503,통계적이상(3sigma),"mean=0.6723, sigma=0.2122, lower=0.0356, upper=1.3089"
H1.Z27,PF3,2023-01-08,0.0,0.0054724625084135,0.00022801927118389583,통계적이상(3sigma),"mean=0.6723, sigma=0.2122, lower=0.0356, upper=1.3089"
H1.Z27,PF3,2023-01-09,0.0,0.0,0.0,통계적이상(3sigma),"mean=0.6723, sigma=0.2122, lower=0.0356, upper=1.3089"
H1.Z27,PF3,2023-01-10,0.0,0.0,0.0,통계적이상(3sigma),"mean=0.6723, sigma=0.2122, lower=0.0356, upper=1.3089"
H1.Z27,PF3,2023-01-11,0.0,0.0045604267716408,0.0003758739562007625,통계적이상(3sigma),"mean=0.6723, sigma=0.2122, lower=0.0356, upper=1.3089"
H1.Z27,PF3,2023-01-12,0.0,0.0,0.0,통계적이상(3sigma),"mean=0.6723, sigma=0.2122, lower=0.0356, upper=1.3089"
H1.Z27,PF3,2023-03-26,0.0,0.0,0.0,통계적이상(3sigma),"mean=0.6723, sigma=0.2122, lower=0.0356, upper=1.3089"
H1.Z27,PF3,2023-06-25,0.0,0.0,0.0,통계적이상(3sigma),"mean=0.6723, sigma=0.2122, lower=0.0356, upper=1.3089"
H1.Z310,PF,2023-11-28,-0.5275552749688174,-0.0129231183924564,-0.07242427273227352,통계적이상(3sigma),"mean=-0.4670, sigma=0.1279, lower=-0.8507, upper=-0.0834"
H1.Z310,PF2,2023-11-28,-0.9131127385785632,-0.021795008043579,-0.13680892838969202,통계적이상(3sigma),"mean=-0.5033, sigma=0.1212, lower=-0.8669, upper=-0.1398"
H1.Z310,PF3,2021-06-01,-1.0000000019690696,-0.006729626664311,-0.6716131240673778,물리적이상(범위초과),min_val < -1 또는 max_val > 1
H1.Z310,PF3,2021-06-08,-1.0000000019690696,-0.006729626664311,-0.6490642278225799,물리적이상(범위초과),min_val < -1 또는 max_val > 1
H1.Z310,PF3,2023-11-28,-0.9073925482336486,-0.00690430320964,-0.12321289841950987,통계적이상(3sigma),"mean=-0.4949, sigma=0.1232, lower=-0.8646, upper=-0.1252"
H1.ZE20,PF,2023-01-02,-1.000325469021059,-0.0154672254746673,-0.910334331838937,물리적이상(범위초과),min_val < -1 또는 max_val > 1
H1.ZE20,PF,2023-02-28,-0.4469480815101034,1.0108751285873891,0.5149225255390726,물리적이상(범위초과),min_val < -1 또는 max_val > 1
H2.T.Z30,PF,2023-12-24,0.7226416666666666,0.8025749999999999,0.7535173611111112,통계적이상(3sigma),"mean=0.9098, sigma=0.0481, lower=0.7654, upper=1.0542"
H2.T.Z30,PF,2023-12-25,0.73075,0.76695,0.7495284722222223,통계적이상(3sigma),"mean=0.9098, sigma=0.0481, lower=0.7654, upper=1.0542"
H2.T.Z30,PF,2023-12-26,0.735125,0.8013333333333333,0.759025,통계적이상(3sigma),"mean=0.9098, sigma=0.0481, lower=0.7654, upper=1.0542"
H2.T.Z30,PF,2023-12-30,0.7243499999999999,0.7845333333333334,0.7479829861111112,통계적이상(3sigma),"mean=0.9098, sigma=0.0481, lower=0.7654, upper=1.0542"
H2.T.Z30,PF,2023-12-31,0.7331416666666667,0.7908583333333332,0.756632309322034,통계적이상(3sigma),"mean=0.9098, sigma=0.0481, lower=0.7654, upper=1.0542"
H2.T.Z30,PF1,2023-08-27,0.7266833333333333,0.8274666666666666,0.7717447916666665,통계적이상(3sigma),"mean=0.9146, sigma=0.0445, lower=0.7812, upper=1.0480"
H2.T.Z30,PF1,2023-12-02,0.7316666666666667,0.7955749999999999,0.7782114583333333,통계적이상(3sigma),"mean=0.9146, sigma=0.0445, lower=0.7812, upper=1.0480"
H2.T.Z30,PF2,2018-01-01,0.6679999999999999,0.7328416666666667,0.6971550724637681,통계적이상(3sigma),"mean=0.8776, sigma=0.0595, lower=0.6990, upper=1.0561"
H2.T.Z30,PF2,2023-12-24,0.6712333333333333,0.7475833333333333,0.6989659722222222,통계적이상(3sigma),"mean=0.8776, sigma=0.0595, lower=0.6990, upper=1.0561"
H2.T.Z30,PF3,2018-09-08,0.730425,0.7735333333333333,0.7459753472222225,통계적이상(3sigma),"mean=0.9050, sigma=0.0459, lower=0.7673, upper=1.0427"
H2.T.Z30,PF3,2018-09-09,0.7184666666666666,0.79405,0.7507208333333333,통계적이상(3sigma),"mean=0.9050, sigma=0.0459, lower=0.7673, upper=1.0427"
H2.T.Z30,PF3,2018-09-22,0.74075,0.7881250000000001,0.7649166666666666,통계적이상(3sigma),"mean=0.9050, sigma=0.0459, lower=0.7673, upper=1.0427"
H2.T.Z30,PF3,2018-09-23,0.7465333333333333,0.7744333333333333,0.7610645833333333,통계적이상(3sigma),"mean=0.9050, sigma=0.0459, lower=0.7673, upper=1.0427"
H2.T.Z30,PF3,2018-10-06,0.7516833333333334,0.7917083333333333,0.7655229166666667,통계적이상(3sigma),"mean=0.9050, sigma=0.0459, lower=0.7673, upper=1.0427"
H2.T.Z30,PF3,2018-10-07,0.7384916666666667,0.781675,0.7578017361111112,통계적이상(3sigma),"mean=0.9050, sigma=0.0459, lower=0.7673, upper=1.0427"
H2.T.Z30,PF3,2022-09-04,0.7370916666666667,0.7789583333333333,0.7599246527777778,통계적이상(3sigma),"mean=0.9050, sigma=0.0459, lower=0.7673, upper=1.0427"
H2.T.Z30,PF3,2022-09-10,0.7159083333333334,0.8823916666666667,0.7603805555555557,통계적이상(3sigma),"mean=0.9050, sigma=0.0459, lower=0.7673, upper=1.0427"
H2.T.Z30,PF3,2022-09-11,0.7321666666666666,0.7742749999999999,0.749838888888889,통계적이상(3sigma),"mean=0.9050, sigma=0.0459, lower=0.7673, upper=1.0427"
H2.T.Z30,PF3,2023-12-23,0.7206583333333333,0.8216666666666667,0.7635010416666668,통계적이상(3sigma),"mean=0.9050, sigma=0.0459, lower=0.7673, upper=1.0427"
H2.T.Z30,PF3,2023-12-24,0.7219,0.7951416666666666,0.7441482638888889,통계적이상(3sigma),"mean=0.9050, sigma=0.0459, lower=0.7673, upper=1.0427"
H2.T.Z30,PF3,2023-12-25,0.7240583333333334,0.7456833333333334,0.7335201388888888,통계적이상(3sigma),"mean=0.9050, sigma=0.0459, lower=0.7673, upper=1.0427"
H2.T.Z30,PF3,2023-12-26,0.7172,0.7834916666666667,0.7393430555555556,통계적이상(3sigma),"mean=0.9050, sigma=0.0459, lower=0.7673, upper=1.0427"
H2.T.Z30,PF3,2023-12-30,0.7217083333333334,0.7732333333333333,0.7376402777777779,통계적이상(3sigma),"mean=0.9050, sigma=0.0459, lower=0.7673, upper=1.0427"
H2.T.Z30,PF3,2023-12-31,0.7315666666666666,0.7672083333333333,0.7484128825329566,통계적이상(3sigma),"mean=0.9050, sigma=0.0459, lower=0.7673, upper=1.0427"
H2.T.Z31,PF2,2019-07-06,0.0,0.7414695162136254,0.3617248077930013,통계적이상(3sigma),"mean=0.7549, sigma=0.0947, lower=0.4707, upper=1.0391"
H2.T.Z31,PF2,2019-07-07,0.0,0.7167805195158758,0.3600225416688318,통계적이상(3sigma),"mean=0.7549, sigma=0.0947, lower=0.4707, upper=1.0391"
H2.T.Z31,PF3,2018-01-01,0.0,0.4649,0.11189347826086958,통계적이상(3sigma),"mean=0.6205, sigma=0.1321, lower=0.2243, upper=1.0167"
H2.T.Z31,PF3,2018-01-06,0.0,0.5042083333333334,0.14723298611111105,통계적이상(3sigma),"mean=0.6205, sigma=0.1321, lower=0.2243, upper=1.0167"
H2.T.Z31,PF3,2018-03-10,0.0,0.2451416666666666,0.06971666666666665,통계적이상(3sigma),"mean=0.6205, sigma=0.1321, lower=0.2243, upper=1.0167"
H2.T.Z31,PF3,2018-03-11,0.04135,0.3750666666666667,0.1407274305555555,통계적이상(3sigma),"mean=0.6205, sigma=0.1321, lower=0.2243, upper=1.0167"
H2.T.Z31,PF3,2018-05-01,0.0,0.4895166666666666,0.14228055555555552,통계적이상(3sigma),"mean=0.6205, sigma=0.1321, lower=0.2243, upper=1.0167"
H2.T.Z31,PF3,2019-03-03,0.0,0.17795,0.051093749999999966,통계적이상(3sigma),"mean=0.6205, sigma=0.1321, lower=0.2243, upper=1.0167"
H2.T.Z31,PF3,2019-07-06,-0.017671108877595,0.0,-0.002205078141627475,통계적이상(3sigma),"mean=0.6205, sigma=0.1321, lower=0.2243, upper=1.0167"
H2.T.Z31,PF3,2019-07-07,-0.020300441418319,0.0300412531717757,0.0007043270059887793,통계적이상(3sigma),"mean=0.6205, sigma=0.1321, lower=0.2243, upper=1.0167"
H2.T.Z31,PF3,2019-09-07,0.0,0.3241084316566524,0.1250318163071642,통계적이상(3sigma),"mean=0.6205, sigma=0.1321, lower=0.2243, upper=1.0167"
H2.T.Z31,PF3,2019-09-08,0.0,0.4632440049375205,0.14255148181888752,통계적이상(3sigma),"mean=0.6205, sigma=0.1321, lower=0.2243, upper=1.0167"
H2.T.Z31,PF3,2019-09-29,0.0,0.9682322716668054,0.16023052107069422,통계적이상(3sigma),"mean=0.6205, sigma=0.1321, lower=0.2243, upper=1.0167"
H2.T.Z31,PF3,2019-10-04,0.0,0.3439185168924379,0.09447503080718646,통계적이상(3sigma),"mean=0.6205, sigma=0.1321, lower=0.2243, upper=1.0167"
H2.T.Z31,PF3,2019-10-05,0.0,0.468662498535036,0.026642271131772814,통계적이상(3sigma),"mean=0.6205, sigma=0.1321, lower=0.2243, upper=1.0167"
H2.T.Z31,PF3,2019-10-06,0.0,0.4763383408020043,0.1818968389383031,통계적이상(3sigma),"mean=0.6205, sigma=0.1321, lower=0.2243, upper=1.0167"
H2.T.Z31,PF3,2019-10-19,0.0,0.4947945810568008,0.19543290177454878,통계적이상(3sigma),"mean=0.6205, sigma=0.1321, lower=0.2243, upper=1.0167"
H2.T.Z31,PF3,2019-10-26,0.0,0.4944329780776649,0.16543440565108816,통계적이상(3sigma),"mean=0.6205, sigma=0.1321, lower=0.2243, upper=1.0167"
H2.T.Z31,PF3,2019-10-27,0.0,0.3984161389417796,0.06572564594357815,통계적이상(3sigma),"mean=0.6205, sigma=0.1321, lower=0.2243, upper=1.0167"
H2.T.Z31,PF3,2019-12-08,0.0034379383040588,0.2482775939700266,0.09154123095603128,통계적이상(3sigma),"mean=0.6205, sigma=0.1321, lower=0.2243, upper=1.0167"
H2.T.Z31,PF3,2019-12-15,0.0,0.4881756952379133,0.08962597396042105,통계적이상(3sigma),"mean=0.6205, sigma=0.1321, lower=0.2243, upper=1.0167"
H2.T.Z31,PF3,2020-02-01,0.0,0.1488029769090837,0.021390920982825853,통계적이상(3sigma),"mean=0.6205, sigma=0.1321, lower=0.2243, upper=1.0167"
H2.T.Z31,PF3,2020-02-02,0.0,0.499864318088003,0.18661254928539364,통계적이상(3sigma),"mean=0.6205, sigma=0.1321, lower=0.2243, upper=1.0167"
H2.T.Z31,PF3,2020-02-09,0.0,0.4888117620521249,0.21054323626357327,통계적이상(3sigma),"mean=0.6205, sigma=0.1321, lower=0.2243, upper=1.0167"
H2.T.Z31,PF3,2020-02-16,0.0,0.3754945901916142,0.11245182922667112,통계적이상(3sigma),"mean=0.6205, sigma=0.1321, lower=0.2243, upper=1.0167"
H2.T.Z31,PF3,2020-02-23,0.0,0.3044552673171733,0.052571475444084824,통계적이상(3sigma),"mean=0.6205, sigma=0.1321, lower=0.2243, upper=1.0167"
H2.T.Z31,PF3,2020-10-17,0.0,0.5656166666666667,0.1888961805555555,통계적이상(3sigma),"mean=0.6205, sigma=0.1321, lower=0.2243, upper=1.0167"
H2.T.Z31,PF3,2020-10-31,0.0,0.57875,0.16385798611111105,통계적이상(3sigma),"mean=0.6205, sigma=0.1321, lower=0.2243, upper=1.0167"
H2.T.Z31,PF3,2020-11-01,0.0,0.4456666666666667,0.10320972222222217,통계적이상(3sigma),"mean=0.6205, sigma=0.1321, lower=0.2243, upper=1.0167"
H2.T.Z33,PF,2020-06-27,-0.9914166666666666,0.9546416666666668,0.0818638888888889,통계적이상(3sigma),"mean=0.8116, sigma=0.2329, lower=0.1131, upper=1.5102"
H2.T.Z33,PF,2020-07-04,-0.9921416666666668,0.9605166666666668,0.07555416666666669,통계적이상(3sigma),"mean=0.8116, sigma=0.2329, lower=0.1131, upper=1.5102"
H2.T.Z33,PF,2020-07-11,-0.9875416666666668,0.9589416666666666,0.06888229166666664,통계적이상(3sigma),"mean=0.8116, sigma=0.2329, lower=0.1131, upper=1.5102"
H2.T.Z33,PF,2020-07-12,-0.991225,0.9616583333333334,0.006643055555555601,통계적이상(3sigma),"mean=0.8116, sigma=0.2329, lower=0.1131, upper=1.5102"
H2.T.Z33,PF,2020-07-18,-0.994975,0.959925,0.07140416666666666,통계적이상(3sigma),"mean=0.8116, sigma=0.2329, lower=0.1131, upper=1.5102"
H2.T.Z33,PF,2020-07-19,-0.9929916666666668,0.9598666666666666,0.008676736111111116,통계적이상(3sigma),"mean=0.8116, sigma=0.2329, lower=0.1131, upper=1.5102"
H2.T.Z33,PF,2020-08-16,-0.9930083333333334,0.9601916666666668,0.09526701388888885,통계적이상(3sigma),"mean=0.8116, sigma=0.2329, lower=0.1131, upper=1.5102"
H2.T.Z33,PF,2021-05-08,-0.9956583333333332,0.995425,0.046723611111111084,통계적이상(3sigma),"mean=0.8116, sigma=0.2329, lower=0.1131, upper=1.5102"
H2.T.Z33,PF,2021-05-23,-0.9709583333333334,0.9611833333333332,0.08684965277777773,통계적이상(3sigma),"mean=0.8116, sigma=0.2329, lower=0.1131, upper=1.5102"
H2.T.Z33,PF,2021-05-29,-0.9948083333333332,0.9621583333333332,-0.030850000000000054,통계적이상(3sigma),"mean=0.8116, sigma=0.2329, lower=0.1131, upper=1.5102"
H2.T.Z33,PF,2021-05-30,-0.996125,0.961025,-0.03961979166666665,통계적이상(3sigma),"mean=0.8116, sigma=0.2329, lower=0.1131, upper=1.5102"
H2.T.Z33,PF,2021-06-12,-0.9869666666666668,0.9606083333333332,0.10282395833333337,통계적이상(3sigma),"mean=0.8116, sigma=0.2329, lower=0.1131, upper=1.5102"
H2.T.Z33,PF,2021-06-13,-0.9963166666666666,0.962975,-0.036290625000000014,통계적이상(3sigma),"mean=0.8116, sigma=0.2329, lower=0.1131, upper=1.5102"
H2.T.Z33,PF,2021-06-19,-0.9894416666666668,0.9692583333333332,0.023528125000000042,통계적이상(3sigma),"mean=0.8116, sigma=0.2329, lower=0.1131, upper=1.5102"
H2.T.Z33,PF,2021-06-20,-0.9920333333333332,0.960825,0.08736493055555555,통계적이상(3sigma),"mean=0.8116, sigma=0.2329, lower=0.1131, upper=1.5102"
H2.T.Z33,PF,2021-06-26,-0.99335,0.9660416666666668,0.08239895833333333,통계적이상(3sigma),"mean=0.8116, sigma=0.2329, lower=0.1131, upper=1.5102"
H2.T.Z33,PF,2021-06-27,-0.992375,0.965975,0.10686354166666671,통계적이상(3sigma),"mean=0.8116, sigma=0.2329, lower=0.1131, upper=1.5102"
H2.T.Z33,PF,2021-07-03,-0.9927583333333332,0.9708916666666666,0.11273854166666662,통계적이상(3sigma),"mean=0.8116, sigma=0.2329, lower=0.1131, upper=1.5102"
H2.T.Z33,PF,2021-07-10,-0.9934416666666668,0.9641916666666668,0.04470659722222223,통계적이상(3sigma),"mean=0.8116, sigma=0.2329, lower=0.1131, upper=1.5102"
H2.T.Z33,PF,2021-07-18,-0.9961166666666668,0.9704916666666666,0.0050270833333333305,통계적이상(3sigma),"mean=0.8116, sigma=0.2329, lower=0.1131, upper=1.5102"
H2.T.Z33,PF,2021-08-01,-0.9890416666666668,0.97215,0.09645,통계적이상(3sigma),"mean=0.8116, sigma=0.2329, lower=0.1131, upper=1.5102"
H2.T.Z33,PF,2021-08-15,-0.995125,0.9676916666666666,0.10270208333333332,통계적이상(3sigma),"mean=0.8116, sigma=0.2329, lower=0.1131, upper=1.5102"
H2.T.Z33,PF,2022-05-07,-0.9953416666666668,0.9666083333333332,0.06261806693989069,통계적이상(3sigma),"mean=0.8116, sigma=0.2329, lower=0.1131, upper=1.5102"
H2.T.Z33,PF,2022-05-14,-0.9965,0.9622166666666666,0.005720833333333212,통계적이상(3sigma),"mean=0.8116, sigma=0.2329, lower=0.1131, upper=1.5102"
H2.T.Z33,PF,2022-05-15,-0.9960125,0.9600666666666666,0.08795868055555557,통계적이상(3sigma),"mean=0.8116, sigma=0.2329, lower=0.1131, upper=1.5102"
H2.T.Z33,PF,2022-05-22,-0.9926666666666668,0.961725,0.041342708333333325,통계적이상(3sigma),"mean=0.8116, sigma=0.2329, lower=0.1131, upper=1.5102"
H2.T.Z33,PF,2022-07-02,-0.9863833333333332,0.954325,0.0688083333333333,통계적이상(3sigma),"mean=0.8116, sigma=0.2329, lower=0.1131, upper=1.5102"
H2.T.Z33,PF,2022-07-17,-0.9860166666666668,0.9611333333333332,0.10017673611111104,통계적이상(3sigma),"mean=0.8116, sigma=0.2329, lower=0.1131, upper=1.5102"
H2.T.Z33,PF,2022-07-30,-0.990575,0.95965,0.09922256944444445,통계적이상(3sigma),"mean=0.8116, sigma=0.2329, lower=0.1131, upper=1.5102"
H2.T.Z33,PF,2022-08-06,-0.9950833333333332,0.9647,0.06984270833333334,통계적이상(3sigma),"mean=0.8116, sigma=0.2329, lower=0.1131, upper=1.5102"
H2.T.Z33,PF,2023-07-16,-0.9759416666666668,0.9764666666666668,0.06154305555555558,통계적이상(3sigma),"mean=0.8116, sigma=0.2329, lower=0.1131, upper=1.5102"
H2.T.Z33,PF1,2020-06-27,-0.9912833333333332,0.9568,0.09728263888888888,통계적이상(3sigma),"mean=0.8077, sigma=0.2313, lower=0.1140, upper=1.5015"
H2.T.Z33,PF1,2020-07-04,-0.9929333333333332,0.958675,0.07165069444444445,통계적이상(3sigma),"mean=0.8077, sigma=0.2313, lower=0.1140, upper=1.5015"
H2.T.Z33,PF1,2020-07-11,-0.985225,0.9627,0.08530763888888887,통계적이상(3sigma),"mean=0.8077, sigma=0.2313, lower=0.1140, upper=1.5015"
H2.T.Z33,PF1,2020-07-12,-0.9908166666666668,0.9640416666666668,0.022812847222222193,통계적이상(3sigma),"mean=0.8077, sigma=0.2313, lower=0.1140, upper=1.5015"
H2.T.Z33,PF1,2020-07-18,-0.9959166666666668,0.9507166666666668,0.03845972222222219,통계적이상(3sigma),"mean=0.8077, sigma=0.2313, lower=0.1140, upper=1.5015"
H2.T.Z33,PF1,2020-07-19,-0.9941083333333334,0.9495583333333332,-0.014028124999999966,통계적이상(3sigma),"mean=0.8077, sigma=0.2313, lower=0.1140, upper=1.5015"
H2.T.Z33,PF1,2020-08-16,-0.9942166666666666,0.9582833333333334,0.07687881944444445,통계적이상(3sigma),"mean=0.8077, sigma=0.2313, lower=0.1140, upper=1.5015"
H2.T.Z33,PF1,2021-05-08,-0.9958166666666668,0.982775,0.05321701388888892,통계적이상(3sigma),"mean=0.8077, sigma=0.2313, lower=0.1140, upper=1.5015"
H2.T.Z33,PF1,2021-05-23,-0.976725,0.9569,0.0661503472222222,통계적이상(3sigma),"mean=0.8077, sigma=0.2313, lower=0.1140, upper=1.5015"
H2.T.Z33,PF1,2021-05-29,-0.9949333333333332,0.96455,-0.031397569444444474,통계적이상(3sigma),"mean=0.8077, sigma=0.2313, lower=0.1140, upper=1.5015"
H2.T.Z33,PF1,2021-05-30,-0.9969666666666668,0.9629,-0.0371940972222222,통계적이상(3sigma),"mean=0.8077, sigma=0.2313, lower=0.1140, upper=1.5015"
H2.T.Z33,PF1,2021-06-13,-0.9965166666666666,0.96775,-0.019210416666666678,통계적이상(3sigma),"mean=0.8077, sigma=0.2313, lower=0.1140, upper=1.5015"
H2.T.Z33,PF1,2021-06-19,-0.9897666666666668,0.9659583333333333,0.018590625,통계적이상(3sigma),"mean=0.8077, sigma=0.2313, lower=0.1140, upper=1.5015"
H2.T.Z33,PF1,2021-06-20,-0.9929,0.9595083333333332,0.08438749999999995,통계적이상(3sigma),"mean=0.8077, sigma=0.2313, lower=0.1140, upper=1.5015"
H2.T.Z33,PF1,2021-06-26,-0.9936083333333332,0.9616,0.0882704861111111,통계적이상(3sigma),"mean=0.8077, sigma=0.2313, lower=0.1140, upper=1.5015"
H2.T.Z33,PF1,2021-06-27,-0.993375,0.96405,0.10640798611111113,통계적이상(3sigma),"mean=0.8077, sigma=0.2313, lower=0.1140, upper=1.5015"
H2.T.Z33,PF1,2021-07-03,-0.9938,0.9641,0.09990729166666666,통계적이상(3sigma),"mean=0.8077, sigma=0.2313, lower=0.1140, upper=1.5015"
H2.T.Z33,PF1,2021-07-10,-0.9932666666666669,0.95915,0.03699687499999992,통계적이상(3sigma),"mean=0.8077, sigma=0.2313, lower=0.1140, upper=1.5015"
H2.T.Z33,PF1,2021-07-17,-0.9797166666666668,0.9621833333333332,0.11263993055555548,통계적이상(3sigma),"mean=0.8077, sigma=0.2313, lower=0.1140, upper=1.5015"
H2.T.Z33,PF1,2021-07-18,-0.996725,0.966025,-0.001804166666666639,통계적이상(3sigma),"mean=0.8077, sigma=0.2313, lower=0.1140, upper=1.5015"
H2.T.Z33,PF1,2021-08-01,-0.989225,0.963625,0.07900520833333328,통계적이상(3sigma),"mean=0.8077, sigma=0.2313, lower=0.1140, upper=1.5015"
H2.T.Z33,PF1,2021-08-14,-0.9952166666666666,0.960275,0.11211319444444444,통계적이상(3sigma),"mean=0.8077, sigma=0.2313, lower=0.1140, upper=1.5015"
H2.T.Z33,PF1,2021-08-15,-0.995825,0.9619166666666666,0.09478715277777779,통계적이상(3sigma),"mean=0.8077, sigma=0.2313, lower=0.1140, upper=1.5015"
H2.T.Z33,PF1,2022-05-07,-0.9959583333333334,0.9693416666666668,0.0844246755464481,통계적이상(3sigma),"mean=0.8077, sigma=0.2313, lower=0.1140, upper=1.5015"
H2.T.Z33,PF1,2022-05-14,-0.9968916666666666,0.9688166666666668,0.018392013888888854,통계적이상(3sigma),"mean=0.8077, sigma=0.2313, lower=0.1140, upper=1.5015"
H2.T.Z33,PF1,2022-05-15,-0.996575,0.9621,0.09715486111111114,통계적이상(3sigma),"mean=0.8077, sigma=0.2313, lower=0.1140, upper=1.5015"
H2.T.Z33,PF1,2022-05-22,-0.9926916666666667,0.9625583333333332,0.052049305555555446,통계적이상(3sigma),"mean=0.8077, sigma=0.2313, lower=0.1140, upper=1.5015"
H2.T.Z33,PF1,2022-07-02,-0.9852916666666668,0.9470916666666668,0.07028125000000002,통계적이상(3sigma),"mean=0.8077, sigma=0.2313, lower=0.1140, upper=1.5015"
H2.T.Z33,PF1,2022-07-17,-0.983025,0.946175,0.09969826388888887,통계적이상(3sigma),"mean=0.8077, sigma=0.2313, lower=0.1140, upper=1.5015"
H2.T.Z33,PF1,2022-07-30,-0.9897083333333332,0.9488,0.09833923611111117,통계적이상(3sigma),"mean=0.8077, sigma=0.2313, lower=0.1140, upper=1.5015"
H2.T.Z33,PF1,2022-08-06,-0.9939916666666666,0.96455,0.0784114583333334,통계적이상(3sigma),"mean=0.8077, sigma=0.2313, lower=0.1140, upper=1.5015"
H2.T.Z33,PF1,2023-07-16,-0.9824833333333332,0.9672083333333332,0.028719791666666692,통계적이상(3sigma),"mean=0.8077, sigma=0.2313, lower=0.1140, upper=1.5015"
H2.T.Z33,PF2,2020-06-27,-0.9920833333333332,0.94215,0.05882256944444447,통계적이상(3sigma),"mean=0.7960, sigma=0.2369, lower=0.0854, upper=1.5066"
H2.T.Z33,PF2,2020-07-04,-0.9920833333333332,0.9480416666666668,0.043563888888888964,통계적이상(3sigma),"mean=0.7960, sigma=0.2369, lower=0.0854, upper=1.5066"
H2.T.Z33,PF2,2020-07-11,-0.9901666666666666,0.9484416666666668,0.044039583333333354,통계적이상(3sigma),"mean=0.7960, sigma=0.2369, lower=0.0854, upper=1.5066"
H2.T.Z33,PF2,2020-07-12,-0.9922416666666668,0.9431,-0.009782638888888895,통계적이상(3sigma),"mean=0.7960, sigma=0.2369, lower=0.0854, upper=1.5066"
H2.T.Z33,PF2,2020-07-18,-0.9947083333333332,0.956475,0.0751291666666667,통계적이상(3sigma),"mean=0.7960, sigma=0.2369, lower=0.0854, upper=1.5066"
H2.T.Z33,PF2,2020-07-19,-0.992925,0.9572333333333332,0.003355555555555556,통계적이상(3sigma),"mean=0.7960, sigma=0.2369, lower=0.0854, upper=1.5066"
H2.T.Z33,PF2,2021-05-08,-0.9957083333333332,0.98745,0.016579861111111194,통계적이상(3sigma),"mean=0.7960, sigma=0.2369, lower=0.0854, upper=1.5066"
H2.T.Z33,PF2,2021-05-23,-0.9727916666666666,0.9572083333333332,0.07448576388888885,통계적이상(3sigma),"mean=0.7960, sigma=0.2369, lower=0.0854, upper=1.5066"
H2.T.Z33,PF2,2021-05-29,-0.9946833333333333,0.9536916666666666,-0.04626076388888891,통계적이상(3sigma),"mean=0.7960, sigma=0.2369, lower=0.0854, upper=1.5066"
H2.T.Z33,PF2,2021-05-30,-0.995825,0.9541583333333332,-0.05412916666666667,통계적이상(3sigma),"mean=0.7960, sigma=0.2369, lower=0.0854, upper=1.5066"
H2.T.Z33,PF2,2021-06-12,-0.9903416666666666,0.9458666666666669,0.05512951388888887,통계적이상(3sigma),"mean=0.7960, sigma=0.2369, lower=0.0854, upper=1.5066"
H2.T.Z33,PF2,2021-06-13,-0.9962666666666667,0.9477083333333334,-0.0641555555555556,통계적이상(3sigma),"mean=0.7960, sigma=0.2369, lower=0.0854, upper=1.5066"
H2.T.Z33,PF2,2021-06-19,-0.9907916666666666,0.9645666666666668,-7.63888888890655e-06,통계적이상(3sigma),"mean=0.7960, sigma=0.2369, lower=0.0854, upper=1.5066"
H2.T.Z33,PF2,2021-06-20,-0.9934333333333334,0.9599916666666668,0.05906527777777778,통계적이상(3sigma),"mean=0.7960, sigma=0.2369, lower=0.0854, upper=1.5066"
H2.T.Z33,PF2,2021-06-26,-0.9934333333333334,0.9641,0.07413020833333332,통계적이상(3sigma),"mean=0.7960, sigma=0.2369, lower=0.0854, upper=1.5066"
H2.T.Z33,PF2,2021-07-10,-0.9939583333333334,0.9571666666666666,0.013710763888888852,통계적이상(3sigma),"mean=0.7960, sigma=0.2369, lower=0.0854, upper=1.5066"
H2.T.Z33,PF2,2021-07-17,-0.9845,0.9593583333333334,0.0838684027777778,통계적이상(3sigma),"mean=0.7960, sigma=0.2369, lower=0.0854, upper=1.5066"
H2.T.Z33,PF2,2021-07-18,-0.9961666666666668,0.9607333333333332,-0.016781249999999984,통계적이상(3sigma),"mean=0.7960, sigma=0.2369, lower=0.0854, upper=1.5066"
H2.T.Z33,PF2,2021-08-01,-0.9905333333333334,0.9636416666666666,0.0717083333333334,통계적이상(3sigma),"mean=0.7960, sigma=0.2369, lower=0.0854, upper=1.5066"
H2.T.Z33,PF2,2021-08-15,-0.9950916666666668,0.9624416666666666,0.07904930555555553,통계적이상(3sigma),"mean=0.7960, sigma=0.2369, lower=0.0854, upper=1.5066"
H2.T.Z33,PF2,2022-05-07,-0.9957,0.9467666666666666,0.012962175546448124,통계적이상(3sigma),"mean=0.7960, sigma=0.2369, lower=0.0854, upper=1.5066"
H2.T.Z33,PF2,2022-05-14,-0.9961916666666668,0.9476416666666666,-0.01635833333333341,통계적이상(3sigma),"mean=0.7960, sigma=0.2369, lower=0.0854, upper=1.5066"
H2.T.Z33,PF2,2022-05-15,-0.9957416666666667,0.948425,0.06671527777777776,통계적이상(3sigma),"mean=0.7960, sigma=0.2369, lower=0.0854, upper=1.5066"
H2.T.Z33,PF2,2022-05-22,-0.9932166666666667,0.94435,0.009295833333333378,통계적이상(3sigma),"mean=0.7960, sigma=0.2369, lower=0.0854, upper=1.5066"
H2.T.Z33,PF2,2022-07-02,-0.9879666666666668,0.945725,0.05119722222222225,통계적이상(3sigma),"mean=0.7960, sigma=0.2369, lower=0.0854, upper=1.5066"
H2.T.Z33,PF2,2022-08-06,-0.9933,0.9721083333333334,0.07838506944444443,통계적이상(3sigma),"mean=0.7960, sigma=0.2369, lower=0.0854, upper=1.5066"
H2.T.Z33,PF2,2023-07-16,-0.9798416666666668,0.973875,0.03557083333333335,통계적이상(3sigma),"mean=0.7960, sigma=0.2369, lower=0.0854, upper=1.5066"
H2.T.Z33,PF3,2020-06-27,-0.990225,0.9626333333333332,0.09046388888888883,통계적이상(3sigma),"mean=0.8031, sigma=0.2257, lower=0.1258, upper=1.4803"
H2.T.Z33,PF3,2020-07-04,-0.9898916666666668,0.9698083333333332,0.10981180555555554,통계적이상(3sigma),"mean=0.8031, sigma=0.2257, lower=0.1258, upper=1.4803"
H2.T.Z33,PF3,2020-07-11,-0.98545,0.965275,0.0683309027777778,통계적이상(3sigma),"mean=0.8031, sigma=0.2257, lower=0.1258, upper=1.4803"
H2.T.Z33,PF3,2020-07-12,-0.9906916666666666,0.9658416666666666,0.003042013888888894,통계적이상(3sigma),"mean=0.8031, sigma=0.2257, lower=0.1258, upper=1.4803"
H2.T.Z33,PF3,2020-07-18,-0.9944166666666666,0.9720083333333334,0.09655659722222225,통계적이상(3sigma),"mean=0.8031, sigma=0.2257, lower=0.1258, upper=1.4803"
H2.T.Z33,PF3,2020-07-19,-0.9909666666666668,0.9721083333333332,0.030970138888888856,통계적이상(3sigma),"mean=0.8031, sigma=0.2257, lower=0.1258, upper=1.4803"
H2.T.Z33,PF3,2020-08-08,-0.9850833333333332,0.9628083333333332,0.10304479166666668,통계적이상(3sigma),"mean=0.8031, sigma=0.2257, lower=0.1258, upper=1.4803"
H2.T.Z33,PF3,2020-08-16,-0.9930666666666668,0.97445,0.10607743055555552,통계적이상(3sigma),"mean=0.8031, sigma=0.2257, lower=0.1258, upper=1.4803"
H2.T.Z33,PF3,2021-05-08,-0.995325,0.9865833333333334,0.06072604166666662,통계적이상(3sigma),"mean=0.8031, sigma=0.2257, lower=0.1258, upper=1.4803"
H2.T.Z33,PF3,2021-05-23,-0.9604416666666666,0.97185,0.12346111111111113,통계적이상(3sigma),"mean=0.8031, sigma=0.2257, lower=0.1258, upper=1.4803"
H2.T.Z33,PF3,2021-05-29,-0.9939916666666666,0.9692416666666668,-0.016432986111111107,통계적이상(3sigma),"mean=0.8031, sigma=0.2257, lower=0.1258, upper=1.4803"
H2.T.Z33,PF3,2021-05-30,-0.9956666666666668,0.9671083333333332,-0.0276034722222222,통계적이상(3sigma),"mean=0.8031, sigma=0.2257, lower=0.1258, upper=1.4803"
H2.T.Z33,PF3,2021-06-12,-0.98605,0.9673666666666668,0.11014930555555554,통계적이상(3sigma),"mean=0.8031, sigma=0.2257, lower=0.1258, upper=1.4803"
H2.T.Z33,PF3,2021-06-13,-0.995975,0.9694166666666668,-0.03208715277777784,통계적이상(3sigma),"mean=0.8031, sigma=0.2257, lower=0.1258, upper=1.4803"
H2.T.Z33,PF3,2021-06-19,-0.9899,0.9714083333333332,0.049858680555555514,통계적이상(3sigma),"mean=0.8031, sigma=0.2257, lower=0.1258, upper=1.4803"
H2.T.Z33,PF3,2021-06-20,-0.991025,0.968425,0.11391041666666667,통계적이상(3sigma),"mean=0.8031, sigma=0.2257, lower=0.1258, upper=1.4803"
H2.T.Z33,PF3,2021-06-26,-0.9931166666666668,0.9676833333333332,0.08186736111111113,통계적이상(3sigma),"mean=0.8031, sigma=0.2257, lower=0.1258, upper=1.4803"
H2.T.Z33,PF3,2021-06-27,-0.9928333333333332,0.9676,0.10956284722222216,통계적이상(3sigma),"mean=0.8031, sigma=0.2257, lower=0.1258, upper=1.4803"
H2.T.Z33,PF3,2021-07-10,-0.9926833333333334,0.9707,0.07516423611111116,통계적이상(3sigma),"mean=0.8031, sigma=0.2257, lower=0.1258, upper=1.4803"
H2.T.Z33,PF3,2021-07-18,-0.995275,0.9757666666666668,0.03146284722222225,통계적이상(3sigma),"mean=0.8031, sigma=0.2257, lower=0.1258, upper=1.4803"
H2.T.Z33,PF3,2022-04-17,-0.99405,0.9724416666666666,0.12103194444444447,통계적이상(3sigma),"mean=0.8031, sigma=0.2257, lower=0.1258, upper=1.4803"
H2.T.Z33,PF3,2022-05-07,-0.9939,0.9743916666666668,0.08215381944444443,통계적이상(3sigma),"mean=0.8031, sigma=0.2257, lower=0.1258, upper=1.4803"
H2.T.Z33,PF3,2022-05-14,-0.995925,0.9670833333333332,0.012289236111111074,통계적이상(3sigma),"mean=0.8031, sigma=0.2257, lower=0.1258, upper=1.4803"
H2.T.Z33,PF3,2022-05-15,-0.9954625,0.9670166666666666,0.09611597222222218,통계적이상(3sigma),"mean=0.8031, sigma=0.2257, lower=0.1258, upper=1.4803"
H2.T.Z33,PF3,2022-05-22,-0.991975,0.9721666666666666,0.056994791666666635,통계적이상(3sigma),"mean=0.8031, sigma=0.2257, lower=0.1258, upper=1.4803"
H2.T.Z33,PF3,2022-07-02,-0.985775,0.969875,0.0823652777777778,통계적이상(3sigma),"mean=0.8031, sigma=0.2257, lower=0.1258, upper=1.4803"
H2.T.Z33,PF3,2022-07-17,-0.9881333333333332,0.9667666666666668,0.09607673611111107,통계적이상(3sigma),"mean=0.8031, sigma=0.2257, lower=0.1258, upper=1.4803"
H2.T.Z33,PF3,2022-07-23,-0.99415,0.96635,0.10472491669749347,통계적이상(3sigma),"mean=0.8031, sigma=0.2257, lower=0.1258, upper=1.4803"
H2.T.Z33,PF3,2022-07-30,-0.991325,0.9567166666666668,0.08842500000000003,통계적이상(3sigma),"mean=0.8031, sigma=0.2257, lower=0.1258, upper=1.4803"
H2.T.Z33,PF3,2022-08-06,-0.9937083333333334,0.9562416666666668,0.048425694444444466,통계적이상(3sigma),"mean=0.8031, sigma=0.2257, lower=0.1258, upper=1.4803"
H2.T.Z33,PF3,2022-08-13,-0.9887333333333334,0.96405,0.1164635416666666,통계적이상(3sigma),"mean=0.8031, sigma=0.2257, lower=0.1258, upper=1.4803"
H2.T.Z33,PF3,2023-07-16,-0.952625,0.9816666666666668,0.10442604166666668,통계적이상(3sigma),"mean=0.8031, sigma=0.2257, lower=0.1258, upper=1.4803"
H2.T.Z34,PF,2020-03-06,0.0,0.994,0.8656083333333332,통계적이상(3sigma),"mean=0.9897, sigma=0.0330, lower=0.8907, upper=1.0888"
H2.T.Z34,PF,2020-03-07,0.0,0.0,0.0,통계적이상(3sigma),"mean=0.9897, sigma=0.0330, lower=0.8907, upper=1.0888"
H2.T.Z34,PF,2020-03-08,0.0,0.0,0.0,통계적이상(3sigma),"mean=0.9897, sigma=0.0330, lower=0.8907, upper=1.0888"
H2.T.Z34,PF,2020-03-09,0.0,0.996425,0.39140798611111105,통계적이상(3sigma),"mean=0.9897, sigma=0.0330, lower=0.8907, upper=1.0888"
H2.T.Z34,PF1,2020-03-06,0.0,0.994,0.8656083333333332,통계적이상(3sigma),"mean=0.9886, sigma=0.0331, lower=0.8894, upper=1.0878"
H2.T.Z34,PF1,2020-03-07,0.0,0.0,0.0,통계적이상(3sigma),"mean=0.9886, sigma=0.0331, lower=0.8894, upper=1.0878"
H2.T.Z34,PF1,2020-03-08,0.0,0.0,0.0,통계적이상(3sigma),"mean=0.9886, sigma=0.0331, lower=0.8894, upper=1.0878"
H2.T.Z34,PF1,2020-03-09,0.0,0.9954166666666668,0.3907868055555556,통계적이상(3sigma),"mean=0.9886, sigma=0.0331, lower=0.8894, upper=1.0878"
H2.T.Z34,PF2,2020-03-06,0.0,0.989,0.861254166666667,통계적이상(3sigma),"mean=0.9876, sigma=0.0333, lower=0.8878, upper=1.0874"
H2.T.Z34,PF2,2020-03-07,0.0,0.0,0.0,통계적이상(3sigma),"mean=0.9876, sigma=0.0333, lower=0.8878, upper=1.0874"
H2.T.Z34,PF2,2020-03-08,0.0,0.0,0.0,통계적이상(3sigma),"mean=0.9876, sigma=0.0333, lower=0.8878, upper=1.0874"
H2.T.Z34,PF2,2020-03-09,0.0,0.9953916666666668,0.3916423611111111,통계적이상(3sigma),"mean=0.9876, sigma=0.0333, lower=0.8878, upper=1.0874"
H2.T.Z34,PF3,2020-03-06,0.0,0.991,0.8629958333333332,통계적이상(3sigma),"mean=0.9896, sigma=0.0329, lower=0.8908, upper=1.0884"
H2.T.Z34,PF3,2020-03-07,0.0,0.0,0.0,통계적이상(3sigma),"mean=0.9896, sigma=0.0329, lower=0.8908, upper=1.0884"
H2.T.Z34,PF3,2020-03-08,0.0,0.0,0.0,통계적이상(3sigma),"mean=0.9896, sigma=0.0329, lower=0.8908, upper=1.0884"
H2.T.Z34,PF3,2020-03-09,0.0,0.99595,0.39109548611111106,통계적이상(3sigma),"mean=0.9896, sigma=0.0329, lower=0.8908, upper=1.0884"
H2.Z311,PF,2023-11-28,-0.6341343621764362,0.0100808210888956,-0.06925971816785845,통계적이상(3sigma),"mean=-0.4649, sigma=0.1296, lower=-0.8536, upper=-0.0761"
H2.Z311,PF1,2020-09-12,-1.0000000004193248,0.0047931664279751,-0.5278997910929181,물리적이상(범위초과),min_val < -1 또는 max_val > 1
H2.Z311,PF2,2021-07-18,-1.0000000017994348,0.0078172509286863,-0.6589724605040722,물리적이상(범위초과),min_val < -1 또는 max_val > 1
H2.Z35,PF,2020-06-24,-0.9047666666666668,0.997275,0.4786947916666667,통계적이상(3sigma),"mean=0.9505, sigma=0.1212, lower=0.5869, upper=1.3140"
H2.Z35,PF,2020-06-26,-0.9295833333333332,0.9953583333333332,0.36265520833333326,통계적이상(3sigma),"mean=0.9505, sigma=0.1212, lower=0.5869, upper=1.3140"
H2.Z35,PF,2020-06-27,-0.9960083333333334,0.9928416666666668,0.27668819444444437,통계적이상(3sigma),"mean=0.9505, sigma=0.1212, lower=0.5869, upper=1.3140"
H2.Z35,PF,2020-06-28,-0.9953583333333332,0.9926,0.4468934027777777,통계적이상(3sigma),"mean=0.9505, sigma=0.1212, lower=0.5869, upper=1.3140"
H2.Z35,PF,2020-06-29,-0.9516083333333332,0.9941833333333334,0.5331652777777779,통계적이상(3sigma),"mean=0.9505, sigma=0.1212, lower=0.5869, upper=1.3140"
H2.Z35,PF,2020-07-01,-0.78275,0.9948166666666668,0.514296875,통계적이상(3sigma),"mean=0.9505, sigma=0.1212, lower=0.5869, upper=1.3140"
H2.Z35,PF,2020-07-03,-0.6126833333333334,0.9932166666666666,0.5789322916666667,통계적이상(3sigma),"mean=0.9505, sigma=0.1212, lower=0.5869, upper=1.3140"
H2.Z35,PF,2020-07-04,-0.995325,0.9922916666666668,0.2759993055555556,통계적이상(3sigma),"mean=0.9505, sigma=0.1212, lower=0.5869, upper=1.3140"
H2.Z35,PF,2020-07-05,-0.9568666666666666,0.9921166666666666,0.49064791666666663,통계적이상(3sigma),"mean=0.9505, sigma=0.1212, lower=0.5869, upper=1.3140"
H2.Z35,PF,2020-07-07,-0.6862666666666667,0.9930666666666668,0.50799375,통계적이상(3sigma),"mean=0.9505, sigma=0.1212, lower=0.5869, upper=1.3140"
H2.Z35,PF,2020-07-11,-0.9935333333333334,0.992438888888889,0.2776083333333333,통계적이상(3sigma),"mean=0.9505, sigma=0.1212, lower=0.5869, upper=1.3140"
H2.Z35,PF,2020-07-12,-0.9969583333333334,0.9912083333333334,0.2096138888888889,통계적이상(3sigma),"mean=0.9505, sigma=0.1212, lower=0.5869, upper=1.3140"
H2.Z35,PF,2020-07-13,-0.8428083333333334,0.994025,0.42427881944444445,통계적이상(3sigma),"mean=0.9505, sigma=0.1212, lower=0.5869, upper=1.3140"
H2.Z35,PF,2020-07-18,-0.9969833333333332,0.9917333333333332,0.35263252314814814,통계적이상(3sigma),"mean=0.9505, sigma=0.1212, lower=0.5869, upper=1.3140"
H2.Z35,PF,2020-07-19,-0.9969333333333332,0.9925,0.16054062500000005,통계적이상(3sigma),"mean=0.9505, sigma=0.1212, lower=0.5869, upper=1.3140"
H2.Z35,PF,2020-07-20,-0.6817666666666666,0.995075,0.5541361111111112,통계적이상(3sigma),"mean=0.9505, sigma=0.1212, lower=0.5869, upper=1.3140"
H2.Z35,PF,2020-07-22,-0.8563,0.9927583333333332,0.3967517361111111,통계적이상(3sigma),"mean=0.9505, sigma=0.1212, lower=0.5869, upper=1.3140"
H2.Z35,PF,2020-07-23,-0.8779333333333333,0.99525,0.40173055555555554,통계적이상(3sigma),"mean=0.9505, sigma=0.1212, lower=0.5869, upper=1.3140"
H2.Z35,PF,2020-07-25,-0.976425,0.9936583333333334,0.2522746527777778,통계적이상(3sigma),"mean=0.9505, sigma=0.1212, lower=0.5869, upper=1.3140"
H2.Z35,PF,2020-07-26,-0.9677583333333334,0.9929583333333334,0.4992552083333333,통계적이상(3sigma),"mean=0.9505, sigma=0.1212, lower=0.5869, upper=1.3140"
H2.Z35,PF,2020-07-29,-0.8673583333333333,0.9933583333333332,0.4582447916666666,통계적이상(3sigma),"mean=0.9505, sigma=0.1212, lower=0.5869, upper=1.3140"
H2.Z35,PF,2020-07-30,-0.7697166666666667,0.9941333333333334,0.45628576388888886,통계적이상(3sigma),"mean=0.9505, sigma=0.1212, lower=0.5869, upper=1.3140"
H2.Z35,PF,2020-07-31,-0.7638833333333334,0.9941583333333333,0.4565454861111111,통계적이상(3sigma),"mean=0.9505, sigma=0.1212, lower=0.5869, upper=1.3140"
H2.Z35,PF,2020-08-01,-0.9856166666666668,0.994525,0.5162614583333334,통계적이상(3sigma),"mean=0.9505, sigma=0.1212, lower=0.5869, upper=1.3140"
H2.Z35,PF,2020-08-02,-0.9820166666666666,0.9930833333333332,0.5693954861111111,통계적이상(3sigma),"mean=0.9505, sigma=0.1212, lower=0.5869, upper=1.3140"
H2.Z35,PF,2020-08-05,-0.7573000000000001,0.992625,0.49223506944444445,통계적이상(3sigma),"mean=0.9505, sigma=0.1212, lower=0.5869, upper=1.3140"
H2.Z35,PF,2020-08-06,-0.812675,0.9941916666666668,0.4491472222222222,통계적이상(3sigma),"mean=0.9505, sigma=0.1212, lower=0.5869, upper=1.3140"
H2.Z35,PF,2020-08-07,-0.6994,0.9941,0.49964236111111116,통계적이상(3sigma),"mean=0.9505, sigma=0.1212, lower=0.5869, upper=1.3140"
H2.Z35,PF,2020-08-08,-0.9955166666666668,0.9945916666666668,0.24197986111111103,통계적이상(3sigma),"mean=0.9505, sigma=0.1212, lower=0.5869, upper=1.3140"
H2.Z35,PF,2020-08-09,-0.995125,0.99465,0.3970940972222223,통계적이상(3sigma),"mean=0.9505, sigma=0.1212, lower=0.5869, upper=1.3140"
H2.Z35,PF,2020-08-15,-0.992725,0.9946,0.4736637586805555,통계적이상(3sigma),"mean=0.9505, sigma=0.1212, lower=0.5869, upper=1.3140"
H2.Z35,PF,2020-08-16,-0.993825,0.9940333333333334,0.3120565972222222,통계적이상(3sigma),"mean=0.9505, sigma=0.1212, lower=0.5869, upper=1.3140"
H2.Z35,PF,2020-08-18,-0.8401166666666667,0.9952083333333334,0.5679628472222223,통계적이상(3sigma),"mean=0.9505, sigma=0.1212, lower=0.5869, upper=1.3140"
H2.Z35,PF,2020-08-19,-0.776225,0.99445,0.531378125,통계적이상(3sigma),"mean=0.9505, sigma=0.1212, lower=0.5869, upper=1.3140"
H2.Z35,PF,2020-08-20,-0.6500416666666666,0.99325,0.5440819444444445,통계적이상(3sigma),"mean=0.9505, sigma=0.1212, lower=0.5869, upper=1.3140"
H2.Z35,PF,2020-08-22,-0.871275,0.9936,0.571528125,통계적이상(3sigma),"mean=0.9505, sigma=0.1212, lower=0.5869, upper=1.3140"
H2.Z35,PF,2020-08-23,-0.9306166666666668,0.9932,0.4424791666666667,통계적이상(3sigma),"mean=0.9505, sigma=0.1212, lower=0.5869, upper=1.3140"
H2.Z35,PF,2020-08-29,-0.9823916666666668,0.9929083333333334,0.41019479166666667,통계적이상(3sigma),"mean=0.9505, sigma=0.1212, lower=0.5869, upper=1.3140"
H2.Z35,PF,2020-09-01,-0.7043166666666667,0.993825,0.5573447916666666,통계적이상(3sigma),"mean=0.9505, sigma=0.1212, lower=0.5869, upper=1.3140"
H2.Z35,PF,2020-09-06,-0.9953083333333334,0.9943333333333334,0.4283288194444444,통계적이상(3sigma),"mean=0.9505, sigma=0.1212, lower=0.5869, upper=1.3140"
H2.Z35,PF,2020-09-07,-0.9264916666666668,0.9953666666666668,0.5559378472222223,통계적이상(3sigma),"mean=0.9505, sigma=0.1212, lower=0.5869, upper=1.3140"
H2.Z35,PF,2020-09-08,-0.7938,0.9940083333333334,0.5850069444444445,통계적이상(3sigma),"mean=0.9505, sigma=0.1212, lower=0.5869, upper=1.3140"
H2.Z35,PF,2020-09-09,-0.7803452380952381,0.9926916666666667,0.523817006802721,통계적이상(3sigma),"mean=0.9505, sigma=0.1212, lower=0.5869, upper=1.3140"
H2.Z35,PF1,2020-06-24,-0.9220166666666666,0.9958,0.4662923611111111,통계적이상(3sigma),"mean=0.9491, sigma=0.1209, lower=0.5862, upper=1.3119"
H2.Z35,PF1,2020-06-26,-0.9241916666666667,0.9933,0.37408645833333337,통계적이상(3sigma),"mean=0.9491, sigma=0.1209, lower=0.5862, upper=1.3119"
H2.Z35,PF1,2020-06-27,-0.9949583333333332,0.991875,0.28103298611111116,통계적이상(3sigma),"mean=0.9491, sigma=0.1209, lower=0.5862, upper=1.3119"
H2.Z35,PF1,2020-06-28,-0.9942916666666668,0.9913083333333332,0.4462440972222222,통계적이상(3sigma),"mean=0.9491, sigma=0.1209, lower=0.5862, upper=1.3119"
H2.Z35,PF1,2020-06-29,-0.9468333333333334,0.9917083333333332,0.5265201388888888,통계적이상(3sigma),"mean=0.9491, sigma=0.1209, lower=0.5862, upper=1.3119"
H2.Z35,PF1,2020-07-01,-0.7746666666666666,0.9931333333333332,0.5075538194444444,통계적이상(3sigma),"mean=0.9491, sigma=0.1209, lower=0.5862, upper=1.3119"
H2.Z35,PF1,2020-07-03,-0.6243833333333334,0.9922916666666668,0.5762378472222222,통계적이상(3sigma),"mean=0.9491, sigma=0.1209, lower=0.5862, upper=1.3119"
H2.Z35,PF1,2020-07-04,-0.9955416666666668,0.9922916666666668,0.2685631944444444,통계적이상(3sigma),"mean=0.9491, sigma=0.1209, lower=0.5862, upper=1.3119"
H2.Z35,PF1,2020-07-05,-0.9514,0.9919083333333332,0.4881215277777778,통계적이상(3sigma),"mean=0.9491, sigma=0.1209, lower=0.5862, upper=1.3119"
H2.Z35,PF1,2020-07-07,-0.6801666666666667,0.9923805555555556,0.5018229166666667,통계적이상(3sigma),"mean=0.9491, sigma=0.1209, lower=0.5862, upper=1.3119"
H2.Z35,PF1,2020-07-11,-0.992775,0.9917916666666666,0.27620277777777785,통계적이상(3sigma),"mean=0.9491, sigma=0.1209, lower=0.5862, upper=1.3119"
H2.Z35,PF1,2020-07-12,-0.9965583333333332,0.9915833333333332,0.21199479166666668,통계적이상(3sigma),"mean=0.9491, sigma=0.1209, lower=0.5862, upper=1.3119"
H2.Z35,PF1,2020-07-13,-0.8500916666666666,0.9927416666666669,0.4237829861111111,통계적이상(3sigma),"mean=0.9491, sigma=0.1209, lower=0.5862, upper=1.3119"
H2.Z35,PF1,2020-07-18,-0.9971666666666666,0.9907083333333334,0.34208402777777774,통계적이상(3sigma),"mean=0.9491, sigma=0.1209, lower=0.5862, upper=1.3119"
H2.Z35,PF1,2020-07-19,-0.9966833333333334,0.990275,0.15096284722222222,통계적이상(3sigma),"mean=0.9491, sigma=0.1209, lower=0.5862, upper=1.3119"
H2.Z35,PF1,2020-07-20,-0.6711333333333334,0.9938,0.5480409722222223,통계적이상(3sigma),"mean=0.9491, sigma=0.1209, lower=0.5862, upper=1.3119"
H2.Z35,PF1,2020-07-21,-0.5449,0.9924,0.5834989583333333,통계적이상(3sigma),"mean=0.9491, sigma=0.1209, lower=0.5862, upper=1.3119"
H2.Z35,PF1,2020-07-22,-0.8188166666666666,0.9915,0.3968847222222222,통계적이상(3sigma),"mean=0.9491, sigma=0.1209, lower=0.5862, upper=1.3119"
H2.Z35,PF1,2020-07-23,-0.8429166666666668,0.9933833333333334,0.39939895833333333,통계적이상(3sigma),"mean=0.9491, sigma=0.1209, lower=0.5862, upper=1.3119"
H2.Z35,PF1,2020-07-25,-0.9697666666666668,0.9925083333333332,0.2563211805555556,통계적이상(3sigma),"mean=0.9491, sigma=0.1209, lower=0.5862, upper=1.3119"
H2.Z35,PF1,2020-07-26,-0.964225,0.9915666666666668,0.4975197916666667,통계적이상(3sigma),"mean=0.9491, sigma=0.1209, lower=0.5862, upper=1.3119"
H2.Z35,PF1,2020-07-29,-0.8360833333333333,0.9918083333333332,0.4605243055555555,통계적이상(3sigma),"mean=0.9491, sigma=0.1209, lower=0.5862, upper=1.3119"
H2.Z35,PF1,2020-07-30,-0.7617666666666667,0.9919083333333332,0.4644447916666667,통계적이상(3sigma),"mean=0.9491, sigma=0.1209, lower=0.5862, upper=1.3119"
H2.Z35,PF1,2020-07-31,-0.7501833333333334,0.9922916666666668,0.4595701388888889,통계적이상(3sigma),"mean=0.9491, sigma=0.1209, lower=0.5862, upper=1.3119"
H2.Z35,PF1,2020-08-01,-0.985225,0.992825,0.5124586805555555,통계적이상(3sigma),"mean=0.9491, sigma=0.1209, lower=0.5862, upper=1.3119"
H2.Z35,PF1,2020-08-02,-0.9817416666666666,0.9911333333333334,0.5725090277777778,통계적이상(3sigma),"mean=0.9491, sigma=0.1209, lower=0.5862, upper=1.3119"
H2.Z35,PF1,2020-08-05,-0.75195,0.992225,0.48586145833333333,통계적이상(3sigma),"mean=0.9491, sigma=0.1209, lower=0.5862, upper=1.3119"
H2.Z35,PF1,2020-08-06,-0.8054083333333334,0.9929083333333334,0.44245624999999994,통계적이상(3sigma),"mean=0.9491, sigma=0.1209, lower=0.5862, upper=1.3119"
H2.Z35,PF1,2020-08-07,-0.6255000000000001,0.9923083333333332,0.5263263888888888,통계적이상(3sigma),"mean=0.9491, sigma=0.1209, lower=0.5862, upper=1.3119"
H2.Z35,PF1,2020-08-08,-0.994825,0.9937583333333334,0.2429677083333334,통계적이상(3sigma),"mean=0.9491, sigma=0.1209, lower=0.5862, upper=1.3119"
H2.Z35,PF1,2020-08-09,-0.9947166666666668,0.9928083333333332,0.39501875,통계적이상(3sigma),"mean=0.9491, sigma=0.1209, lower=0.5862, upper=1.3119"
H2.Z35,PF1,2020-08-15,-0.9924666666666668,0.992925,0.4581972222222223,통계적이상(3sigma),"mean=0.9491, sigma=0.1209, lower=0.5862, upper=1.3119"
H2.Z35,PF1,2020-08-16,-0.9939,0.9924333333333332,0.29951562499999995,통계적이상(3sigma),"mean=0.9491, sigma=0.1209, lower=0.5862, upper=1.3119"
H2.Z35,PF1,2020-08-18,-0.8061916666666666,0.9932166666666666,0.5672524305555556,통계적이상(3sigma),"mean=0.9491, sigma=0.1209, lower=0.5862, upper=1.3119"
H2.Z35,PF1,2020-08-19,-0.75065,0.99305,0.5290253472222223,통계적이상(3sigma),"mean=0.9491, sigma=0.1209, lower=0.5862, upper=1.3119"
H2.Z35,PF1,2020-08-20,-0.6689333333333334,0.992275,0.5546628472222223,통계적이상(3sigma),"mean=0.9491, sigma=0.1209, lower=0.5862, upper=1.3119"
H2.Z35,PF1,2020-08-22,-0.9014916666666668,0.9920666666666668,0.5597420138888889,통계적이상(3sigma),"mean=0.9491, sigma=0.1209, lower=0.5862, upper=1.3119"
H2.Z35,PF1,2020-08-23,-0.9029666666666666,0.99205,0.4416572916666666,통계적이상(3sigma),"mean=0.9491, sigma=0.1209, lower=0.5862, upper=1.3119"
H2.Z35,PF1,2020-08-29,-0.97745,0.9912916666666668,0.4124805555555555,통계적이상(3sigma),"mean=0.9491, sigma=0.1209, lower=0.5862, upper=1.3119"
H2.Z35,PF1,2020-09-01,-0.6400666666666667,0.9929583333333334,0.5736718749999999,통계적이상(3sigma),"mean=0.9491, sigma=0.1209, lower=0.5862, upper=1.3119"
H2.Z35,PF1,2020-09-06,-0.9944166666666666,0.992575,0.4384663194444445,통계적이상(3sigma),"mean=0.9491, sigma=0.1209, lower=0.5862, upper=1.3119"
H2.Z35,PF1,2020-09-07,-0.8844833333333334,0.9943333333333332,0.5685888888888888,통계적이상(3sigma),"mean=0.9491, sigma=0.1209, lower=0.5862, upper=1.3119"
H2.Z35,PF1,2020-09-09,-0.7557261904761905,0.9894166666666668,0.5260028911564626,통계적이상(3sigma),"mean=0.9491, sigma=0.1209, lower=0.5862, upper=1.3119"
H2.Z35,PF2,2020-06-24,-0.9037416666666668,0.9953,0.48932569444444446,통계적이상(3sigma),"mean=0.9507, sigma=0.1226, lower=0.5829, upper=1.3185"
H2.Z35,PF2,2020-06-26,-0.9418416666666668,0.9949916666666668,0.3522989583333333,통계적이상(3sigma),"mean=0.9507, sigma=0.1226, lower=0.5829, upper=1.3185"
H2.Z35,PF2,2020-06-27,-0.9919583333333332,0.9881416666666668,0.27143402777777775,통계적이상(3sigma),"mean=0.9507, sigma=0.1226, lower=0.5829, upper=1.3185"
H2.Z35,PF2,2020-06-28,-0.9922666666666669,0.986525,0.42542361111111116,통계적이상(3sigma),"mean=0.9507, sigma=0.1226, lower=0.5829, upper=1.3185"
H2.Z35,PF2,2020-06-29,-0.9653916666666666,0.9916666666666668,0.5417902777777778,통계적이상(3sigma),"mean=0.9507, sigma=0.1226, lower=0.5829, upper=1.3185"
H2.Z35,PF2,2020-07-01,-0.80155,0.9925333333333334,0.5109572916666667,통계적이상(3sigma),"mean=0.9507, sigma=0.1226, lower=0.5829, upper=1.3185"
H2.Z35,PF2,2020-07-03,-0.6668333333333333,0.9919166666666668,0.5678059027777778,통계적이상(3sigma),"mean=0.9507, sigma=0.1226, lower=0.5829, upper=1.3185"
H2.Z35,PF2,2020-07-04,-0.9953416666666668,0.9863583333333332,0.26242291666666673,통계적이상(3sigma),"mean=0.9507, sigma=0.1226, lower=0.5829, upper=1.3185"
H2.Z35,PF2,2020-07-05,-0.9487833333333332,0.9848833333333332,0.47174895833333336,통계적이상(3sigma),"mean=0.9507, sigma=0.1226, lower=0.5829, upper=1.3185"
H2.Z35,PF2,2020-07-07,-0.7432916666666666,0.99325,0.4967545138888889,통계적이상(3sigma),"mean=0.9507, sigma=0.1226, lower=0.5829, upper=1.3185"
H2.Z35,PF2,2020-07-11,-0.9880083333333332,0.9851333333333332,0.26646770833333333,통계적이상(3sigma),"mean=0.9507, sigma=0.1226, lower=0.5829, upper=1.3185"
H2.Z35,PF2,2020-07-12,-0.9952666666666666,0.9821,0.19600902777777776,통계적이상(3sigma),"mean=0.9507, sigma=0.1226, lower=0.5829, upper=1.3185"
H2.Z35,PF2,2020-07-13,-0.8904166666666666,0.9937916666666666,0.4148482638888889,통계적이상(3sigma),"mean=0.9507, sigma=0.1226, lower=0.5829, upper=1.3185"
H2.Z35,PF2,2020-07-18,-0.9962833333333332,0.9866166666666668,0.34528159722222224,통계적이상(3sigma),"mean=0.9507, sigma=0.1226, lower=0.5829, upper=1.3185"
H2.Z35,PF2,2020-07-19,-0.9954333333333332,0.9864166666666668,0.16051875000000004,통계적이상(3sigma),"mean=0.9507, sigma=0.1226, lower=0.5829, upper=1.3185"
H2.Z35,PF2,2020-07-20,-0.7121083333333333,0.9918583333333332,0.5519156250000001,통계적이상(3sigma),"mean=0.9507, sigma=0.1226, lower=0.5829, upper=1.3185"
H2.Z35,PF2,2020-07-21,-0.7464999999999999,0.9926833333333334,0.5748593750000001,통계적이상(3sigma),"mean=0.9507, sigma=0.1226, lower=0.5829, upper=1.3185"
H2.Z35,PF2,2020-07-22,-0.8995583333333333,0.9927583333333332,0.3824118055555555,통계적이상(3sigma),"mean=0.9507, sigma=0.1226, lower=0.5829, upper=1.3185"
H2.Z35,PF2,2020-07-23,-0.9274666666666666,0.9931666666666666,0.39920138888888895,통계적이상(3sigma),"mean=0.9507, sigma=0.1226, lower=0.5829, upper=1.3185"
H2.Z35,PF2,2020-07-25,-0.9731416666666668,0.986775,0.2535965277777778,통계적이상(3sigma),"mean=0.9507, sigma=0.1226, lower=0.5829, upper=1.3185"
H2.Z35,PF2,2020-07-26,-0.950075,0.9864333333333334,0.48670763888888885,통계적이상(3sigma),"mean=0.9507, sigma=0.1226, lower=0.5829, upper=1.3185"
H2.Z35,PF2,2020-07-29,-0.9029333333333334,0.9915916666666666,0.4622121527777778,통계적이상(3sigma),"mean=0.9507, sigma=0.1226, lower=0.5829, upper=1.3185"
H2.Z35,PF2,2020-07-30,-0.8324916666666666,0.9921166666666666,0.4451874999999999,통계적이상(3sigma),"mean=0.9507, sigma=0.1226, lower=0.5829, upper=1.3185"
H2.Z35,PF2,2020-07-31,-0.837025,0.9921416666666668,0.4432986111111111,통계적이상(3sigma),"mean=0.9507, sigma=0.1226, lower=0.5829, upper=1.3185"
H2.Z35,PF2,2020-08-01,-0.9883166666666666,0.9882666666666666,0.49919062499999994,통계적이상(3sigma),"mean=0.9507, sigma=0.1226, lower=0.5829, upper=1.3185"
H2.Z35,PF2,2020-08-02,-0.9749916666666666,0.9865916666666668,0.5580809027777778,통계적이상(3sigma),"mean=0.9507, sigma=0.1226, lower=0.5829, upper=1.3185"
H2.Z35,PF2,2020-08-05,-0.8080166666666667,0.9916916666666666,0.4873500000000001,통계적이상(3sigma),"mean=0.9507, sigma=0.1226, lower=0.5829, upper=1.3185"
H2.Z35,PF2,2020-08-06,-0.8489749999999999,0.993175,0.4548777777777777,통계적이상(3sigma),"mean=0.9507, sigma=0.1226, lower=0.5829, upper=1.3185"
H2.Z35,PF2,2020-08-07,-0.7767166666666667,0.992275,0.48900625000000003,통계적이상(3sigma),"mean=0.9507, sigma=0.1226, lower=0.5829, upper=1.3185"
H2.Z35,PF2,2020-08-08,-0.9952583333333334,0.9900333333333332,0.24424201388888886,통계적이상(3sigma),"mean=0.9507, sigma=0.1226, lower=0.5829, upper=1.3185"
H2.Z35,PF2,2020-08-09,-0.99505,0.9885416666666668,0.39296145833333324,통계적이상(3sigma),"mean=0.9507, sigma=0.1226, lower=0.5829, upper=1.3185"
H2.Z35,PF2,2020-08-15,-0.9871916666666666,0.991125,0.4711200520833334,통계적이상(3sigma),"mean=0.9507, sigma=0.1226, lower=0.5829, upper=1.3185"
H2.Z35,PF2,2020-08-16,-0.993725,0.9876666666666666,0.3025576388888889,통계적이상(3sigma),"mean=0.9507, sigma=0.1226, lower=0.5829, upper=1.3185"
H2.Z35,PF2,2020-08-18,-0.87335,0.9931166666666668,0.5709402777777778,통계적이상(3sigma),"mean=0.9507, sigma=0.1226, lower=0.5829, upper=1.3185"
H2.Z35,PF2,2020-08-19,-0.8277083333333334,0.993225,0.5380638888888889,통계적이상(3sigma),"mean=0.9507, sigma=0.1226, lower=0.5829, upper=1.3185"
H2.Z35,PF2,2020-08-20,-0.6844583333333334,0.9927833333333334,0.5375979166666667,통계적이상(3sigma),"mean=0.9507, sigma=0.1226, lower=0.5829, upper=1.3185"
H2.Z35,PF2,2020-08-22,-0.9006166666666666,0.990625,0.5596295138888888,통계적이상(3sigma),"mean=0.9507, sigma=0.1226, lower=0.5829, upper=1.3185"
H2.Z35,PF2,2020-08-23,-0.928675,0.988475,0.427761111111111,통계적이상(3sigma),"mean=0.9507, sigma=0.1226, lower=0.5829, upper=1.3185"
H2.Z35,PF2,2020-08-29,-0.9720583333333332,0.9868833333333332,0.39983437499999996,통계적이상(3sigma),"mean=0.9507, sigma=0.1226, lower=0.5829, upper=1.3185"
H2.Z35,PF2,2020-09-01,-0.7835166666666668,0.9930916666666668,0.5396277777777778,통계적이상(3sigma),"mean=0.9507, sigma=0.1226, lower=0.5829, upper=1.3185"
H2.Z35,PF2,2020-09-06,-0.9940833333333334,0.9872583333333332,0.40526701388888897,통계적이상(3sigma),"mean=0.9507, sigma=0.1226, lower=0.5829, upper=1.3185"
H2.Z35,PF2,2020-09-07,-0.957225,0.9924666666666668,0.5446708333333333,통계적이상(3sigma),"mean=0.9507, sigma=0.1226, lower=0.5829, upper=1.3185"
H2.Z35,PF2,2020-09-08,-0.8753,0.9923333333333332,0.5616243055555555,통계적이상(3sigma),"mean=0.9507, sigma=0.1226, lower=0.5829, upper=1.3185"
H2.Z35,PF2,2020-09-09,-0.8305333333333333,0.9921416666666668,0.5056091836734694,통계적이상(3sigma),"mean=0.9507, sigma=0.1226, lower=0.5829, upper=1.3185"
H2.Z35,PF3,2020-06-24,-0.88515,0.9949,0.47832534722222225,통계적이상(3sigma),"mean=0.9478, sigma=0.1202, lower=0.5873, upper=1.3083"
H2.Z35,PF3,2020-06-26,-0.92075,0.993225,0.36137743055555555,통계적이상(3sigma),"mean=0.9478, sigma=0.1202, lower=0.5873, upper=1.3083"
H2.Z35,PF3,2020-06-27,-0.991075,0.9923333333333332,0.29042222222222225,통계적이상(3sigma),"mean=0.9478, sigma=0.1202, lower=0.5873, upper=1.3083"
H2.Z35,PF3,2020-06-28,-0.9920083333333332,0.9923166666666668,0.44523298611111123,통계적이상(3sigma),"mean=0.9478, sigma=0.1202, lower=0.5873, upper=1.3083"
H2.Z35,PF3,2020-06-29,-0.9409166666666666,0.9923916666666668,0.5277385416666668,통계적이상(3sigma),"mean=0.9478, sigma=0.1202, lower=0.5873, upper=1.3083"
H2.Z35,PF3,2020-07-01,-0.7873416666666666,0.9925833333333334,0.5226732638888889,통계적이상(3sigma),"mean=0.9478, sigma=0.1202, lower=0.5873, upper=1.3083"
H2.Z35,PF3,2020-07-04,-0.993525,0.9935833333333334,0.3055652777777778,통계적이상(3sigma),"mean=0.9478, sigma=0.1202, lower=0.5873, upper=1.3083"
H2.Z35,PF3,2020-07-05,-0.9170333333333331,0.9926083333333332,0.5065440972222223,통계적이상(3sigma),"mean=0.9478, sigma=0.1202, lower=0.5873, upper=1.3083"
H2.Z35,PF3,2020-07-07,-0.6181833333333333,0.9929208333333333,0.5257805555555555,통계적이상(3sigma),"mean=0.9478, sigma=0.1202, lower=0.5873, upper=1.3083"
H2.Z35,PF3,2020-07-11,-0.989175,0.9920083333333332,0.2812159722222222,통계적이상(3sigma),"mean=0.9478, sigma=0.1202, lower=0.5873, upper=1.3083"
H2.Z35,PF3,2020-07-12,-0.9952333333333332,0.9921166666666666,0.21177534722222224,통계적이상(3sigma),"mean=0.9478, sigma=0.1202, lower=0.5873, upper=1.3083"
H2.Z35,PF3,2020-07-13,-0.827575,0.992275,0.43222256944444454,통계적이상(3sigma),"mean=0.9478, sigma=0.1202, lower=0.5873, upper=1.3083"
H2.Z35,PF3,2020-07-18,-0.9954333333333332,0.9924458333333334,0.3514652777777778,통계적이상(3sigma),"mean=0.9478, sigma=0.1202, lower=0.5873, upper=1.3083"
H2.Z35,PF3,2020-07-19,-0.9945083333333332,0.9931,0.1750743055555556,통계적이상(3sigma),"mean=0.9478, sigma=0.1202, lower=0.5873, upper=1.3083"
H2.Z35,PF3,2020-07-20,-0.6638000000000001,0.9930416666666668,0.5592309027777779,통계적이상(3sigma),"mean=0.9478, sigma=0.1202, lower=0.5873, upper=1.3083"
H2.Z35,PF3,2020-07-22,-0.8459833333333333,0.99115,0.40866111111111114,통계적이상(3sigma),"mean=0.9478, sigma=0.1202, lower=0.5873, upper=1.3083"
H2.Z35,PF3,2020-07-23,-0.8545416666666666,0.9929666666666668,0.4051208333333334,통계적이상(3sigma),"mean=0.9478, sigma=0.1202, lower=0.5873, upper=1.3083"
H2.Z35,PF3,2020-07-25,-0.9615416666666668,0.99205,0.2584180555555556,통계적이상(3sigma),"mean=0.9478, sigma=0.1202, lower=0.5873, upper=1.3083"
H2.Z35,PF3,2020-07-26,-0.9557666666666668,0.99195,0.4969753472222222,통계적이상(3sigma),"mean=0.9478, sigma=0.1202, lower=0.5873, upper=1.3083"
H2.Z35,PF3,2020-07-29,-0.8616166666666667,0.9918166666666668,0.45065034722222214,통계적이상(3sigma),"mean=0.9478, sigma=0.1202, lower=0.5873, upper=1.3083"
H2.Z35,PF3,2020-07-30,-0.7238333333333333,0.9929333333333332,0.4559527777777777,통계적이상(3sigma),"mean=0.9478, sigma=0.1202, lower=0.5873, upper=1.3083"
H2.Z35,PF3,2020-07-31,-0.7449833333333333,0.9923166666666668,0.46504166666666663,통계적이상(3sigma),"mean=0.9478, sigma=0.1202, lower=0.5873, upper=1.3083"
H2.Z35,PF3,2020-08-01,-0.9733833333333332,0.9925083333333332,0.5206302083333334,통계적이상(3sigma),"mean=0.9478, sigma=0.1202, lower=0.5873, upper=1.3083"
H2.Z35,PF3,2020-08-02,-0.9685833333333334,0.9913666666666666,0.5688559027777778,통계적이상(3sigma),"mean=0.9478, sigma=0.1202, lower=0.5873, upper=1.3083"
H2.Z35,PF3,2020-08-05,-0.7051999999999999,0.991325,0.5012100694444445,통계적이상(3sigma),"mean=0.9478, sigma=0.1202, lower=0.5873, upper=1.3083"
H2.Z35,PF3,2020-08-06,-0.785375,0.991675,0.44826979166666664,통계적이상(3sigma),"mean=0.9478, sigma=0.1202, lower=0.5873, upper=1.3083"
H2.Z35,PF3,2020-08-07,-0.7100833333333333,0.9916666666666668,0.48532708333333335,통계적이상(3sigma),"mean=0.9478, sigma=0.1202, lower=0.5873, upper=1.3083"
H2.Z35,PF3,2020-08-08,-0.99075,0.992925,0.23660625000000002,통계적이상(3sigma),"mean=0.9478, sigma=0.1202, lower=0.5873, upper=1.3083"
H2.Z35,PF3,2020-08-09,-0.9902083333333334,0.9926166666666668,0.39538576388888885,통계적이상(3sigma),"mean=0.9478, sigma=0.1202, lower=0.5873, upper=1.3083"
H2.Z35,PF3,2020-08-15,-0.9906166666666666,0.9928333333333332,0.47894587673611116,통계적이상(3sigma),"mean=0.9478, sigma=0.1202, lower=0.5873, upper=1.3083"
H2.Z35,PF3,2020-08-16,-0.9911333333333334,0.9926583333333332,0.3138024305555555,통계적이상(3sigma),"mean=0.9478, sigma=0.1202, lower=0.5873, upper=1.3083"
H2.Z35,PF3,2020-08-18,-0.8362166666666667,0.9935666666666666,0.56310625,통계적이상(3sigma),"mean=0.9478, sigma=0.1202, lower=0.5873, upper=1.3083"
H2.Z35,PF3,2020-08-19,-0.7490333333333333,0.9923416666666668,0.5246934027777778,통계적이상(3sigma),"mean=0.9478, sigma=0.1202, lower=0.5873, upper=1.3083"
H2.Z35,PF3,2020-08-20,-0.6067250000000001,0.9919916666666668,0.5421600694444444,통계적이상(3sigma),"mean=0.9478, sigma=0.1202, lower=0.5873, upper=1.3083"
H2.Z35,PF3,2020-08-22,-0.8802249999999999,0.993325,0.57215625,통계적이상(3sigma),"mean=0.9478, sigma=0.1202, lower=0.5873, upper=1.3083"
H2.Z35,PF3,2020-08-23,-0.9249583333333332,0.9931083333333334,0.4389572916666668,통계적이상(3sigma),"mean=0.9478, sigma=0.1202, lower=0.5873, upper=1.3083"
H2.Z35,PF3,2020-08-29,-0.96945,0.9932666666666669,0.4084319444444444,통계적이상(3sigma),"mean=0.9478, sigma=0.1202, lower=0.5873, upper=1.3083"
H2.Z35,PF3,2020-09-01,-0.6859,0.9928416666666668,0.5563444444444444,통계적이상(3sigma),"mean=0.9478, sigma=0.1202, lower=0.5873, upper=1.3083"
H2.Z35,PF3,2020-09-06,-0.9930833333333332,0.9931583333333334,0.41703402777777776,통계적이상(3sigma),"mean=0.9478, sigma=0.1202, lower=0.5873, upper=1.3083"
H2.Z35,PF3,2020-09-07,-0.9285833333333332,0.9942583333333332,0.5501791666666667,통계적이상(3sigma),"mean=0.9478, sigma=0.1202, lower=0.5873, upper=1.3083"
H2.Z35,PF3,2020-09-09,-0.7566071428571428,0.9884416666666668,0.5375774659863947,통계적이상(3sigma),"mean=0.9478, sigma=0.1202, lower=0.5873, upper=1.3083"
H2.Z64,PF,2018-11-10,0.3865166666666667,0.9604583333333332,0.6202802083333333,통계적이상(3sigma),"mean=0.9242, sigma=0.0613, lower=0.7403, upper=1.1080"
H2.Z64,PF,2018-11-11,0.5989333333333333,0.6146833333333334,0.6081576388888889,통계적이상(3sigma),"mean=0.9242, sigma=0.0613, lower=0.7403, upper=1.1080"
H2.Z64,PF,2018-11-12,0.60425,0.6849833333333334,0.6503667148082092,통계적이상(3sigma),"mean=0.9242, sigma=0.0613, lower=0.7403, upper=1.1080"
H2.Z64,PF,2018-11-13,0.656125,0.8116583333333334,0.7177496527777779,통계적이상(3sigma),"mean=0.9242, sigma=0.0613, lower=0.7403, upper=1.1080"
H2.Z64,PF,2020-03-07,0.0,0.0,0.0,통계적이상(3sigma),"mean=0.9242, sigma=0.0613, lower=0.7403, upper=1.1080"
H2.Z64,PF,2020-03-08,0.0,0.0,0.0,통계적이상(3sigma),"mean=0.9242, sigma=0.0613, lower=0.7403, upper=1.1080"
H2.Z64,PF,2020-03-09,0.0,0.9665333333333332,0.3804482638888889,통계적이상(3sigma),"mean=0.9242, sigma=0.0613, lower=0.7403, upper=1.1080"
H2.Z64,PF,2023-04-29,0.4370333333333333,0.8243166666666666,0.7032191633597882,통계적이상(3sigma),"mean=0.9242, sigma=0.0613, lower=0.7403, upper=1.1080"
H2.Z64,PF,2023-04-30,0.5758749999999999,0.6197666666666667,0.6054923611111112,통계적이상(3sigma),"mean=0.9242, sigma=0.0613, lower=0.7403, upper=1.1080"
H2.Z64,PF,2023-05-01,0.5997333333333333,0.6178666666666667,0.6067611111111111,통계적이상(3sigma),"mean=0.9242, sigma=0.0613, lower=0.7403, upper=1.1080"
H2.Z64,PF,2023-05-02,0.5684583333333333,0.5949166666666666,0.5849315972222221,통계적이상(3sigma),"mean=0.9242, sigma=0.0613, lower=0.7403, upper=1.1080"
H2.Z64,PF,2023-05-03,0.5689833333333333,0.6142583333333334,0.5910274305555554,통계적이상(3sigma),"mean=0.9242, sigma=0.0613, lower=0.7403, upper=1.1080"
H2.Z64,PF,2023-05-04,0.585525,0.7487666666666667,0.6616871527777778,통계적이상(3sigma),"mean=0.9242, sigma=0.0613, lower=0.7403, upper=1.1080"
H2.Z64,PF,2023-05-06,0.7184166666666666,0.7541666666666667,0.7392743055555556,통계적이상(3sigma),"mean=0.9242, sigma=0.0613, lower=0.7403, upper=1.1080"
H2.Z64,PF,2023-05-07,0.7122166666666666,0.7523833333333333,0.7315319444444444,통계적이상(3sigma),"mean=0.9242, sigma=0.0613, lower=0.7403, upper=1.1080"
H2.Z64,PF1,2018-11-10,0.396825,0.9640083333333334,0.5545309027777778,통계적이상(3sigma),"mean=0.9277, sigma=0.0631, lower=0.7385, upper=1.1169"
H2.Z64,PF1,2018-11-11,0.6054166666666666,0.6198833333333333,0.6143003472222223,통계적이상(3sigma),"mean=0.9277, sigma=0.0631, lower=0.7385, upper=1.1169"
H2.Z64,PF1,2018-11-12,0.6108083333333333,0.691375,0.6571473775880295,통계적이상(3sigma),"mean=0.9277, sigma=0.0631, lower=0.7385, upper=1.1169"
H2.Z64,PF1,2018-11-13,0.6626916666666668,0.8147583333333334,0.722701736111111,통계적이상(3sigma),"mean=0.9277, sigma=0.0631, lower=0.7385, upper=1.1169"
H2.Z64,PF1,2020-03-07,0.0,0.0,0.0,통계적이상(3sigma),"mean=0.9277, sigma=0.0631, lower=0.7385, upper=1.1169"
H2.Z64,PF1,2020-03-08,0.0,0.0,0.0,통계적이상(3sigma),"mean=0.9277, sigma=0.0631, lower=0.7385, upper=1.1169"
H2.Z64,PF1,2020-03-09,0.0,0.9694,0.38155,통계적이상(3sigma),"mean=0.9277, sigma=0.0631, lower=0.7385, upper=1.1169"
H2.Z64,PF1,2023-04-29,0.4375916666666666,0.8295833333333333,0.6618338293650794,통계적이상(3sigma),"mean=0.9277, sigma=0.0631, lower=0.7385, upper=1.1169"
H2.Z64,PF1,2023-04-30,0.444,0.5556166666666668,0.49073645833333335,통계적이상(3sigma),"mean=0.9277, sigma=0.0631, lower=0.7385, upper=1.1169"
H2.Z64,PF1,2023-05-01,0.4364,0.4857333333333333,0.4582173611111111,통계적이상(3sigma),"mean=0.9277, sigma=0.0631, lower=0.7385, upper=1.1169"
H2.Z64,PF1,2023-05-02,0.3294249999999999,0.43645,0.37760868055555546,통계적이상(3sigma),"mean=0.9277, sigma=0.0631, lower=0.7385, upper=1.1169"
H2.Z64,PF1,2023-05-03,0.325625,0.4242083333333333,0.36675902777777775,통계적이상(3sigma),"mean=0.9277, sigma=0.0631, lower=0.7385, upper=1.1169"
H2.Z64,PF1,2023-05-04,0.4022583333333333,0.7601833333333334,0.5609319444444444,통계적이상(3sigma),"mean=0.9277, sigma=0.0631, lower=0.7385, upper=1.1169"
H2.Z64,PF1,2023-05-07,0.7183333333333334,0.759225,0.7382020833333334,통계적이상(3sigma),"mean=0.9277, sigma=0.0631, lower=0.7385, upper=1.1169"
H2.Z64,PF2,2018-11-10,0.3791583333333334,0.9528083333333331,0.6526510416666667,통계적이상(3sigma),"mean=0.9142, sigma=0.0642, lower=0.7217, upper=1.1067"
H2.Z64,PF2,2018-11-11,0.5928833333333333,0.6050083333333334,0.5997361111111111,통계적이상(3sigma),"mean=0.9142, sigma=0.0642, lower=0.7217, upper=1.1067"
H2.Z64,PF2,2018-11-12,0.5973833333333333,0.6647166666666667,0.6347085570251677,통계적이상(3sigma),"mean=0.9142, sigma=0.0642, lower=0.7217, upper=1.1067"
H2.Z64,PF2,2018-11-13,0.6396999999999999,0.7865916666666667,0.6954288194444445,통계적이상(3sigma),"mean=0.9142, sigma=0.0642, lower=0.7217, upper=1.1067"
H2.Z64,PF2,2020-03-07,0.0,0.0,0.0,통계적이상(3sigma),"mean=0.9142, sigma=0.0642, lower=0.7217, upper=1.1067"
H2.Z64,PF2,2020-03-08,0.0,0.0,0.0,통계적이상(3sigma),"mean=0.9142, sigma=0.0642, lower=0.7217, upper=1.1067"
H2.Z64,PF2,2020-03-09,0.0,0.9601666666666666,0.37773645833333336,통계적이상(3sigma),"mean=0.9142, sigma=0.0642, lower=0.7217, upper=1.1067"
H2.Z64,PF2,2021-01-30,0.4517833333333333,0.9679083333333334,0.6806916964285713,통계적이상(3sigma),"mean=0.9142, sigma=0.0642, lower=0.7217, upper=1.1067"
H2.Z64,PF2,2023-04-30,0.687325,0.7156083333333333,0.7039055555555556,통계적이상(3sigma),"mean=0.9142, sigma=0.0642, lower=0.7217, upper=1.1067"
H2.Z64,PF2,2023-05-01,0.6969583333333332,0.707475,0.7019173611111111,통계적이상(3sigma),"mean=0.9142, sigma=0.0642, lower=0.7217, upper=1.1067"
H2.Z64,PF2,2023-05-02,0.698575,0.7134833333333332,0.7049211805555554,통계적이상(3sigma),"mean=0.9142, sigma=0.0642, lower=0.7217, upper=1.1067"
H2.Z64,PF2,2023-05-03,0.7102333333333333,0.7296083333333333,0.7200812500000002,통계적이상(3sigma),"mean=0.9142, sigma=0.0642, lower=0.7217, upper=1.1067"
H2.Z64,PF2,2023-05-04,0.6736666666666667,0.7359833333333333,0.720639236111111,통계적이상(3sigma),"mean=0.9142, sigma=0.0642, lower=0.7217, upper=1.1067"
H2.Z64,PF2,2023-05-05,0.7103499999999999,0.7330249999999999,0.7193836805555556,통계적이상(3sigma),"mean=0.9142, sigma=0.0642, lower=0.7217, upper=1.1067"
H2.Z64,PF2,2023-05-06,0.7024916666666666,0.7369833333333333,0.7204229166666667,통계적이상(3sigma),"mean=0.9142, sigma=0.0642, lower=0.7217, upper=1.1067"
H2.Z64,PF2,2023-05-07,0.696725,0.7356166666666667,0.7156590277777778,통계적이상(3sigma),"mean=0.9142, sigma=0.0642, lower=0.7217, upper=1.1067"
H2.Z64,PF2,2023-05-08,0.71325,0.7231083333333334,0.7174253472222222,통계적이상(3sigma),"mean=0.9142, sigma=0.0642, lower=0.7217, upper=1.1067"
H2.Z64,PF3,2018-11-10,0.3835666666666666,0.963925,0.6245548611111111,통계적이상(3sigma),"mean=0.9298, sigma=0.0589, lower=0.7530, upper=1.1066"
H2.Z64,PF3,2018-11-11,0.5987125,0.6191,0.6104125000000001,통계적이상(3sigma),"mean=0.9298, sigma=0.0589, lower=0.7530, upper=1.1066"
H2.Z64,PF3,2018-11-12,0.6049083333333333,0.6987083333333334,0.6589654620316884,통계적이상(3sigma),"mean=0.9298, sigma=0.0589, lower=0.7530, upper=1.1066"
H2.Z64,PF3,2018-11-13,0.6656916666666668,0.8323999999999999,0.7343062499999999,통계적이상(3sigma),"mean=0.9298, sigma=0.0589, lower=0.7530, upper=1.1066"
H2.Z64,PF3,2020-03-07,0.0,0.0,0.0,통계적이상(3sigma),"mean=0.9298, sigma=0.0589, lower=0.7530, upper=1.1066"
H2.Z64,PF3,2020-03-08,0.0,0.0,0.0,통계적이상(3sigma),"mean=0.9298, sigma=0.0589, lower=0.7530, upper=1.1066"
H2.Z64,PF3,2020-03-09,0.0,0.9698833333333332,0.3819295138888889,통계적이상(3sigma),"mean=0.9298, sigma=0.0589, lower=0.7530, upper=1.1066"
H2.Z64,PF3,2023-04-29,0.4376333333333333,0.8358916666666667,0.6803870866402116,통계적이상(3sigma),"mean=0.9298, sigma=0.0589, lower=0.7530, upper=1.1066"
H2.Z64,PF3,2023-04-30,0.5117083333333333,0.6031,0.5655826388888889,통계적이상(3sigma),"mean=0.9298, sigma=0.0589, lower=0.7530, upper=1.1066"
H2.Z64,PF3,2023-05-01,0.596425,0.6113083333333333,0.6035916666666666,통계적이상(3sigma),"mean=0.9298, sigma=0.0589, lower=0.7530, upper=1.1066"
H2.Z64,PF3,2023-05-02,0.5402833333333333,0.6273,0.5716482638888888,통계적이상(3sigma),"mean=0.9298, sigma=0.0589, lower=0.7530, upper=1.1066"
H2.Z64,PF3,2023-05-03,0.5376416666666668,0.6110916666666667,0.570659375,통계적이상(3sigma),"mean=0.9298, sigma=0.0589, lower=0.7530, upper=1.1066"
H2.Z64,PF3,2023-05-04,0.5342916666666667,0.7623666666666666,0.6524024305555556,통계적이상(3sigma),"mean=0.9298, sigma=0.0589, lower=0.7530, upper=1.1066"
H2.Z64,PF3,2023-05-06,0.7267833333333333,0.764675,0.7494725694444445,통계적이상(3sigma),"mean=0.9298, sigma=0.0589, lower=0.7530, upper=1.1066"
H2.Z64,PF3,2023-05-07,0.7211,0.7633333333333333,0.7403402777777776,통계적이상(3sigma),"mean=0.9298, sigma=0.0589, lower=0.7530, upper=1.1066"
H2.Z65,PF,2018-11-10,0.4014083333333333,0.96505,0.6322791666666666,통계적이상(3sigma),"mean=0.9313, sigma=0.0511, lower=0.7779, upper=1.0847"
H2.Z65,PF,2018-11-11,0.6133583333333333,0.6287083333333334,0.6224211805555556,통계적이상(3sigma),"mean=0.9313, sigma=0.0511, lower=0.7779, upper=1.0847"
H2.Z65,PF,2018-11-12,0.6184916666666667,0.6981916666666667,0.6642659887955401,통계적이상(3sigma),"mean=0.9313, sigma=0.0511, lower=0.7779, upper=1.0847"
H2.Z65,PF,2018-11-13,0.6699916666666667,0.8225166666666667,0.7304086805555555,통계적이상(3sigma),"mean=0.9313, sigma=0.0511, lower=0.7779, upper=1.0847"
H2.Z65,PF,2023-04-29,0.452075,0.8334916666666666,0.7134674603174602,통계적이상(3sigma),"mean=0.9313, sigma=0.0511, lower=0.7779, upper=1.0847"
H2.Z65,PF,2023-04-30,0.5868666666666666,0.6309166666666667,0.6167513888888889,통계적이상(3sigma),"mean=0.9313, sigma=0.0511, lower=0.7779, upper=1.0847"
H2.Z65,PF,2023-05-01,0.610825,0.62855,0.6179631944444445,통계적이상(3sigma),"mean=0.9313, sigma=0.0511, lower=0.7779, upper=1.0847"
H2.Z65,PF,2023-05-02,0.5792666666666667,0.6055833333333334,0.5959215277777778,통계적이상(3sigma),"mean=0.9313, sigma=0.0511, lower=0.7779, upper=1.0847"
H2.Z65,PF,2023-05-03,0.5801499999999999,0.6248916666666666,0.6020743055555555,통계적이상(3sigma),"mean=0.9313, sigma=0.0511, lower=0.7779, upper=1.0847"
H2.Z65,PF,2023-05-04,0.596475,0.759575,0.6730104166666666,통계적이상(3sigma),"mean=0.9313, sigma=0.0511, lower=0.7779, upper=1.0847"
H2.Z65,PF,2023-05-05,0.7429416666666667,0.7623333333333334,0.7521440972222222,통계적이상(3sigma),"mean=0.9313, sigma=0.0511, lower=0.7779, upper=1.0847"
H2.Z65,PF,2023-05-06,0.72985,0.765025,0.7502670138888891,통계적이상(3sigma),"mean=0.9313, sigma=0.0511, lower=0.7779, upper=1.0847"
H2.Z65,PF,2023-05-07,0.7237916666666667,0.7632666666666666,0.7426791666666666,통계적이상(3sigma),"mean=0.9313, sigma=0.0511, lower=0.7779, upper=1.0847"
H2.Z65,PF,2023-05-08,0.7464,0.7575666666666667,0.7518461805555554,통계적이상(3sigma),"mean=0.9313, sigma=0.0511, lower=0.7779, upper=1.0847"
H2.Z65,PF,2023-05-09,0.752925,0.767375,0.7591190972222223,통계적이상(3sigma),"mean=0.9313, sigma=0.0511, lower=0.7779, upper=1.0847"
H2.Z65,PF,2023-05-10,0.7525583333333333,0.7702500000000001,0.7628829861111113,통계적이상(3sigma),"mean=0.9313, sigma=0.0511, lower=0.7779, upper=1.0847"
H2.Z65,PF1,2018-11-10,0.3980416666666667,0.9674583333333332,0.5536020833333334,통계적이상(3sigma),"mean=0.9324, sigma=0.0545, lower=0.7690, upper=1.0959"
H2.Z65,PF1,2018-11-11,0.6104583333333333,0.6254083333333333,0.6197118055555554,통계적이상(3sigma),"mean=0.9324, sigma=0.0545, lower=0.7690, upper=1.0959"
H2.Z65,PF1,2018-11-12,0.6159583333333333,0.6988666666666666,0.6634398689855824,통계적이상(3sigma),"mean=0.9324, sigma=0.0545, lower=0.7690, upper=1.0959"
H2.Z65,PF1,2018-11-13,0.6681083333333333,0.8217333333333333,0.7297138888888889,통계적이상(3sigma),"mean=0.9324, sigma=0.0545, lower=0.7690, upper=1.0959"
H2.Z65,PF1,2023-04-29,0.4420416666666666,0.8350249999999999,0.6660247354497354,통계적이상(3sigma),"mean=0.9324, sigma=0.0545, lower=0.7690, upper=1.0959"
H2.Z65,PF1,2023-04-30,0.4483,0.5597,0.4950614583333333,통계적이상(3sigma),"mean=0.9324, sigma=0.0545, lower=0.7690, upper=1.0959"
H2.Z65,PF1,2023-05-01,0.4408583333333333,0.49045,0.462876736111111,통계적이상(3sigma),"mean=0.9324, sigma=0.0545, lower=0.7690, upper=1.0959"
H2.Z65,PF1,2023-05-02,0.3294083333333333,0.442175,0.3797503472222222,통계적이상(3sigma),"mean=0.9324, sigma=0.0545, lower=0.7690, upper=1.0959"
H2.Z65,PF1,2023-05-03,0.3273833333333333,0.4289249999999999,0.3685944444444445,통계적이상(3sigma),"mean=0.9324, sigma=0.0545, lower=0.7690, upper=1.0959"
H2.Z65,PF1,2023-05-04,0.4041499999999999,0.7663083333333334,0.5658468749999999,통계적이상(3sigma),"mean=0.9324, sigma=0.0545, lower=0.7690, upper=1.0959"
H2.Z65,PF1,2023-05-05,0.7453583333333333,0.765475,0.7561996527777777,통계적이상(3sigma),"mean=0.9324, sigma=0.0545, lower=0.7690, upper=1.0959"
H2.Z65,PF1,2023-05-06,0.7318,0.7689083333333334,0.7534357638888888,통계적이상(3sigma),"mean=0.9324, sigma=0.0545, lower=0.7690, upper=1.0959"
H2.Z65,PF1,2023-05-07,0.724725,0.76555,0.7445934027777775,통계적이상(3sigma),"mean=0.9324, sigma=0.0545, lower=0.7690, upper=1.0959"
H2.Z65,PF1,2023-05-08,0.7476833333333333,0.7654583333333334,0.757915625,통계적이상(3sigma),"mean=0.9324, sigma=0.0545, lower=0.7690, upper=1.0959"
H2.Z65,PF1,2023-05-09,0.7569916666666666,0.7743083333333334,0.7637756944444444,통계적이상(3sigma),"mean=0.9324, sigma=0.0545, lower=0.7690, upper=1.0959"
H2.Z65,PF1,2023-05-10,0.753375,0.7744416666666667,0.7671381944444443,통계적이상(3sigma),"mean=0.9324, sigma=0.0545, lower=0.7690, upper=1.0959"
H2.Z65,PF2,2018-11-10,0.4046583333333333,0.9599583333333332,0.6719319444444446,통계적이상(3sigma),"mean=0.9243, sigma=0.0537, lower=0.7631, upper=1.0855"
H2.Z65,PF2,2018-11-11,0.6158750000000001,0.6275166666666667,0.6223586805555555,통계적이상(3sigma),"mean=0.9243, sigma=0.0537, lower=0.7631, upper=1.0855"
H2.Z65,PF2,2018-11-12,0.6207999999999999,0.684575,0.6569467600770155,통계적이상(3sigma),"mean=0.9243, sigma=0.0537, lower=0.7631, upper=1.0855"
H2.Z65,PF2,2018-11-13,0.6628583333333334,0.803325,0.7155159722222223,통계적이상(3sigma),"mean=0.9243, sigma=0.0537, lower=0.7631, upper=1.0855"
H2.Z65,PF2,2021-01-30,0.484225,0.974875,0.7076148214285715,통계적이상(3sigma),"mean=0.9243, sigma=0.0537, lower=0.7631, upper=1.0855"
H2.Z65,PF2,2023-04-29,0.4544166666666667,0.8223083333333333,0.754443501984127,통계적이상(3sigma),"mean=0.9243, sigma=0.0537, lower=0.7631, upper=1.0855"
H2.Z65,PF2,2023-04-30,0.699375,0.7285416666666666,0.7167430555555554,통계적이상(3sigma),"mean=0.9243, sigma=0.0537, lower=0.7631, upper=1.0855"
H2.Z65,PF2,2023-05-01,0.7093666666666666,0.7197333333333333,0.7149010416666665,통계적이상(3sigma),"mean=0.9243, sigma=0.0537, lower=0.7631, upper=1.0855"
H2.Z65,PF2,2023-05-02,0.7123666666666666,0.7261416666666667,0.7181163194444445,통계적이상(3sigma),"mean=0.9243, sigma=0.0537, lower=0.7631, upper=1.0855"
H2.Z65,PF2,2023-05-03,0.724225,0.7430166666666668,0.7324791666666668,통계적이상(3sigma),"mean=0.9243, sigma=0.0537, lower=0.7631, upper=1.0855"
H2.Z65,PF2,2023-05-04,0.688025,0.7485916666666667,0.7346090277777777,통계적이상(3sigma),"mean=0.9243, sigma=0.0537, lower=0.7631, upper=1.0855"
H2.Z65,PF2,2023-05-05,0.7257666666666667,0.748175,0.7345208333333332,통계적이상(3sigma),"mean=0.9243, sigma=0.0537, lower=0.7631, upper=1.0855"
H2.Z65,PF2,2023-05-06,0.7181416666666666,0.7512416666666667,0.7353409722222223,통계적이상(3sigma),"mean=0.9243, sigma=0.0537, lower=0.7631, upper=1.0855"
H2.Z65,PF2,2023-05-07,0.71215,0.750025,0.7308940972222223,통계적이상(3sigma),"mean=0.9243, sigma=0.0537, lower=0.7631, upper=1.0855"
H2.Z65,PF2,2023-05-08,0.73005,0.7387833333333333,0.7333128472222222,통계적이상(3sigma),"mean=0.9243, sigma=0.0537, lower=0.7631, upper=1.0855"
H2.Z65,PF2,2023-05-09,0.7340416666666666,0.7463916666666666,0.7401923611111111,통계적이상(3sigma),"mean=0.9243, sigma=0.0537, lower=0.7631, upper=1.0855"
H2.Z65,PF2,2023-05-10,0.735675,0.7529333333333333,0.7444868055555554,통계적이상(3sigma),"mean=0.9243, sigma=0.0537, lower=0.7631, upper=1.0855"
H2.Z65,PF3,2018-11-10,0.4007666666666666,0.96785,0.6381003472222222,통계적이상(3sigma),"mean=0.9364, sigma=0.0479, lower=0.7928, upper=1.0800"
H2.Z65,PF3,2018-11-11,0.6139333333333333,0.6332916666666667,0.6250815972222221,통계적이상(3sigma),"mean=0.9364, sigma=0.0479, lower=0.7928, upper=1.0800"
H2.Z65,PF3,2018-11-12,0.6191333333333333,0.71105,0.6721672802924479,통계적이상(3sigma),"mean=0.9364, sigma=0.0479, lower=0.7928, upper=1.0800"
H2.Z65,PF3,2018-11-13,0.6786333333333334,0.841175,0.7452468750000002,통계적이상(3sigma),"mean=0.9364, sigma=0.0479, lower=0.7928, upper=1.0800"
H2.Z65,PF3,2021-01-30,0.5535,0.9572833333333332,0.7873012169312169,통계적이상(3sigma),"mean=0.9364, sigma=0.0479, lower=0.7928, upper=1.0800"
H2.Z65,PF3,2023-04-29,0.4537,0.8452583333333333,0.693248363095238,통계적이상(3sigma),"mean=0.9364, sigma=0.0479, lower=0.7928, upper=1.0800"
H2.Z65,PF3,2023-04-30,0.5285166666666667,0.616525,0.5803229166666667,통계적이상(3sigma),"mean=0.9364, sigma=0.0479, lower=0.7928, upper=1.0800"
H2.Z65,PF3,2023-05-01,0.610075,0.6233833333333333,0.6165055555555555,통계적이상(3sigma),"mean=0.9364, sigma=0.0479, lower=0.7928, upper=1.0800"
H2.Z65,PF3,2023-05-02,0.5539333333333334,0.6366166666666667,0.5845430555555556,통계적이상(3sigma),"mean=0.9364, sigma=0.0479, lower=0.7928, upper=1.0800"
H2.Z65,PF3,2023-05-03,0.5528583333333333,0.6270333333333333,0.5855881944444444,통계적이상(3sigma),"mean=0.9364, sigma=0.0479, lower=0.7928, upper=1.0800"
H2.Z65,PF3,2023-05-04,0.5516416666666667,0.7735416666666667,0.6655427083333333,통계적이상(3sigma),"mean=0.9364, sigma=0.0479, lower=0.7928, upper=1.0800"
H2.Z65,PF3,2023-05-05,0.7570916666666666,0.7744166666666668,0.7651059027777779,통계적이상(3sigma),"mean=0.9364, sigma=0.0479, lower=0.7928, upper=1.0800"
H2.Z65,PF3,2023-05-06,0.7390749999999999,0.7756500000000001,0.7614194444444444,통계적이상(3sigma),"mean=0.9364, sigma=0.0479, lower=0.7928, upper=1.0800"
H2.Z65,PF3,2023-05-07,0.7338749999999999,0.7750166666666668,0.7522611111111113,통계적이상(3sigma),"mean=0.9364, sigma=0.0479, lower=0.7928, upper=1.0800"
H2.Z65,PF3,2023-05-08,0.75815,0.7710916666666667,0.7636784722222222,통계적이상(3sigma),"mean=0.9364, sigma=0.0479, lower=0.7928, upper=1.0800"
H2.Z65,PF3,2023-05-09,0.7651333333333333,0.7812333333333333,0.7725975694444446,통계적이상(3sigma),"mean=0.9364, sigma=0.0479, lower=0.7928, upper=1.0800"
H2.Z65,PF3,2023-05-10,0.7681749999999999,0.7828666666666667,0.7763375,통계적이상(3sigma),"mean=0.9364, sigma=0.0479, lower=0.7928, upper=1.0800"
H2.Z66,PF,2021-03-02,0.0,0.6994,0.26937847222222217,통계적이상(3sigma),"mean=0.6123, sigma=0.0813, lower=0.3683, upper=0.8563"
H2.Z66,PF,2021-03-03,0.0,0.0,0.0,통계적이상(3sigma),"mean=0.6123, sigma=0.0813, lower=0.3683, upper=0.8563"
H2.Z66,PF,2021-03-04,0.0,0.4983666666666667,0.022785416666666666,통계적이상(3sigma),"mean=0.6123, sigma=0.0813, lower=0.3683, upper=0.8563"
H2.Z66,PF,2021-03-05,0.0,0.5812,0.29275625000000005,통계적이상(3sigma),"mean=0.6123, sigma=0.0813, lower=0.3683, upper=0.8563"
H2.Z66,PF,2022-03-21,0.0,0.6349,0.2778909722222222,통계적이상(3sigma),"mean=0.6123, sigma=0.0813, lower=0.3683, upper=0.8563"
H2.Z66,PF,2022-03-22,0.0,0.0,0.0,통계적이상(3sigma),"mean=0.6123, sigma=0.0813, lower=0.3683, upper=0.8563"
H2.Z66,PF,2022-03-23,0.0,0.0,0.0,통계적이상(3sigma),"mean=0.6123, sigma=0.0813, lower=0.3683, upper=0.8563"
H2.Z66,PF,2022-05-30,0.0,0.6349,0.3036986111111111,통계적이상(3sigma),"mean=0.6123, sigma=0.0813, lower=0.3683, upper=0.8563"
H2.Z66,PF,2022-05-31,0.0,0.0,0.0,통계적이상(3sigma),"mean=0.6123, sigma=0.0813, lower=0.3683, upper=0.8563"
H2.Z66,PF,2022-06-01,0.0,0.0,0.0,통계적이상(3sigma),"mean=0.6123, sigma=0.0813, lower=0.3683, upper=0.8563"
H2.Z66,PF,2022-06-02,0.0,0.65345,0.34617743055555555,통계적이상(3sigma),"mean=0.6123, sigma=0.0813, lower=0.3683, upper=0.8563"
H2.Z66,PF,2022-12-13,0.2048333333333333,0.4932083333333333,0.3659736111111111,통계적이상(3sigma),"mean=0.6123, sigma=0.0813, lower=0.3683, upper=0.8563"
H2.Z66,PF1,2018-11-24,0.2688625,0.6883250000000001,0.5824638888888889,통계적이상(3sigma),"mean=0.8063, sigma=0.0591, lower=0.6291, upper=0.9835"
H2.Z66,PF1,2019-02-23,0.1780833333333333,0.8416333333333333,0.5565902777777777,통계적이상(3sigma),"mean=0.8063, sigma=0.0591, lower=0.6291, upper=0.9835"
H2.Z66,PF1,2019-04-10,0.2105083333333333,0.8386583333333333,0.6230239583333332,통계적이상(3sigma),"mean=0.8063, sigma=0.0591, lower=0.6291, upper=0.9835"
H2.Z66,PF1,2019-05-24,0.3660833333333333,0.8016083333333334,0.6283736111111111,통계적이상(3sigma),"mean=0.8063, sigma=0.0591, lower=0.6291, upper=0.9835"
H2.Z66,PF1,2021-03-02,0.0,0.8387999999999999,0.32439375,통계적이상(3sigma),"mean=0.8063, sigma=0.0591, lower=0.6291, upper=0.9835"
H2.Z66,PF1,2021-03-03,0.0,0.0,0.0,통계적이상(3sigma),"mean=0.8063, sigma=0.0591, lower=0.6291, upper=0.9835"
H2.Z66,PF1,2021-03-04,0.0,0.5892083333333333,0.026919791666666665,통계적이상(3sigma),"mean=0.8063, sigma=0.0591, lower=0.6291, upper=0.9835"
H2.Z66,PF1,2021-03-05,0.0,0.8208,0.4393409722222222,통계적이상(3sigma),"mean=0.8063, sigma=0.0591, lower=0.6291, upper=0.9835"
H2.Z66,PF1,2022-03-21,0.0,0.8315166666666667,0.3726434027777778,통계적이상(3sigma),"mean=0.8063, sigma=0.0591, lower=0.6291, upper=0.9835"
H2.Z66,PF1,2022-03-22,0.0,0.0,0.0,통계적이상(3sigma),"mean=0.8063, sigma=0.0591, lower=0.6291, upper=0.9835"
H2.Z66,PF1,2022-03-23,0.0,0.0,0.0,통계적이상(3sigma),"mean=0.8063, sigma=0.0591, lower=0.6291, upper=0.9835"
H2.Z66,PF1,2022-03-24,0.0,0.8380916666666667,0.4813329861111111,통계적이상(3sigma),"mean=0.8063, sigma=0.0591, lower=0.6291, upper=0.9835"
H2.Z66,PF1,2022-04-05,0.3019583333333333,0.8152833333333334,0.6273729166666665,통계적이상(3sigma),"mean=0.8063, sigma=0.0591, lower=0.6291, upper=0.9835"
H2.Z66,PF1,2022-04-06,0.2783666666666667,0.7996833333333334,0.5714975694444445,통계적이상(3sigma),"mean=0.8063, sigma=0.0591, lower=0.6291, upper=0.9835"
H2.Z66,PF1,2022-05-30,0.0,0.8315166666666667,0.4069611111111111,통계적이상(3sigma),"mean=0.8063, sigma=0.0591, lower=0.6291, upper=0.9835"
H2.Z66,PF1,2022-05-31,0.0,0.0,0.0,통계적이상(3sigma),"mean=0.8063, sigma=0.0591, lower=0.6291, upper=0.9835"
H2.Z66,PF1,2022-06-01,0.0,0.0,0.0,통계적이상(3sigma),"mean=0.8063, sigma=0.0591, lower=0.6291, upper=0.9835"
H2.Z66,PF1,2022-06-02,0.0,0.8380916666666667,0.44755694444444444,통계적이상(3sigma),"mean=0.8063, sigma=0.0591, lower=0.6291, upper=0.9835"
H2.Z66,PF1,2022-06-14,0.3019583333333333,0.8152833333333334,0.6273729166666665,통계적이상(3sigma),"mean=0.8063, sigma=0.0591, lower=0.6291, upper=0.9835"
H2.Z66,PF1,2022-06-15,0.2783666666666667,0.7996833333333334,0.5714975694444445,통계적이상(3sigma),"mean=0.8063, sigma=0.0591, lower=0.6291, upper=0.9835"
H2.Z66,PF1,2022-12-13,0.1794583333333333,0.8102999999999999,0.5333319444444445,통계적이상(3sigma),"mean=0.8063, sigma=0.0591, lower=0.6291, upper=0.9835"
H2.Z66,PF1,2023-01-06,0.21245,0.8278583333333334,0.5347767361111111,통계적이상(3sigma),"mean=0.8063, sigma=0.0591, lower=0.6291, upper=0.9835"
H2.Z66,PF1,2023-01-10,0.2081333333333333,0.818925,0.5287187499999999,통계적이상(3sigma),"mean=0.8063, sigma=0.0591, lower=0.6291, upper=0.9835"
H2.Z66,PF1,2023-01-25,0.1360166666666666,0.8133499999999999,0.5697184027777777,통계적이상(3sigma),"mean=0.8063, sigma=0.0591, lower=0.6291, upper=0.9835"
H2.Z66,PF1,2023-02-06,0.2429916666666666,0.8259000000000001,0.6073777777777779,통계적이상(3sigma),"mean=0.8063, sigma=0.0591, lower=0.6291, upper=0.9835"
H2.Z66,PF1,2023-04-01,0.283075,0.8228166666666666,0.6045694444444444,통계적이상(3sigma),"mean=0.8063, sigma=0.0591, lower=0.6291, upper=0.9835"
H2.Z67,PF,2021-03-24,0.0,0.0,0.0,통계적이상(3sigma),"mean=0.5353, sigma=0.1387, lower=0.1192, upper=0.9514"
H2.Z67,PF,2022-10-19,-0.0438,0.2057999999999999,0.011302083333333329,통계적이상(3sigma),"mean=0.5353, sigma=0.1387, lower=0.1192, upper=0.9514"
H2.Z67,PF,2022-10-20,-0.0506999999999999,0.0,-0.002112499999999996,통계적이상(3sigma),"mean=0.5353, sigma=0.1387, lower=0.1192, upper=0.9514"
H2.Z67,PF,2022-10-21,-0.0435833333333333,0.0,-0.0018159722222222208,통계적이상(3sigma),"mean=0.5353, sigma=0.1387, lower=0.1192, upper=0.9514"
H2.Z67,PF,2022-10-22,0.0,0.0,0.0,통계적이상(3sigma),"mean=0.5353, sigma=0.1387, lower=0.1192, upper=0.9514"
H2.Z67,PF,2022-10-23,0.0,0.0,0.0,통계적이상(3sigma),"mean=0.5353, sigma=0.1387, lower=0.1192, upper=0.9514"
H2.Z67,PF,2022-10-24,0.0,0.0,0.0,통계적이상(3sigma),"mean=0.5353, sigma=0.1387, lower=0.1192, upper=0.9514"
H2.Z67,PF,2022-10-25,0.0,0.0,0.0,통계적이상(3sigma),"mean=0.5353, sigma=0.1387, lower=0.1192, upper=0.9514"
H2.Z67,PF,2022-10-26,0.0,0.0,0.0,통계적이상(3sigma),"mean=0.5353, sigma=0.1387, lower=0.1192, upper=0.9514"
H2.Z67,PF,2022-10-27,0.0,0.0,0.0,통계적이상(3sigma),"mean=0.5353, sigma=0.1387, lower=0.1192, upper=0.9514"
H2.Z67,PF,2022-10-28,0.0,0.0,0.0,통계적이상(3sigma),"mean=0.5353, sigma=0.1387, lower=0.1192, upper=0.9514"
H2.Z67,PF,2022-10-29,0.0,0.0,0.0,통계적이상(3sigma),"mean=0.5353, sigma=0.1387, lower=0.1192, upper=0.9514"
H2.Z67,PF,2022-10-30,0.0,0.0,0.0,통계적이상(3sigma),"mean=0.5353, sigma=0.1387, lower=0.1192, upper=0.9514"
H2.Z67,PF,2022-10-31,0.0,0.0,0.0,통계적이상(3sigma),"mean=0.5353, sigma=0.1387, lower=0.1192, upper=0.9514"
H2.Z67,PF,2022-11-01,0.0,0.0,0.0,통계적이상(3sigma),"mean=0.5353, sigma=0.1387, lower=0.1192, upper=0.9514"
H2.Z67,PF,2022-11-02,0.0,0.0,0.0,통계적이상(3sigma),"mean=0.5353, sigma=0.1387, lower=0.1192, upper=0.9514"
H2.Z67,PF,2022-11-03,0.0,0.0,0.0,통계적이상(3sigma),"mean=0.5353, sigma=0.1387, lower=0.1192, upper=0.9514"
H2.Z67,PF,2022-11-04,0.0,0.0,0.0,통계적이상(3sigma),"mean=0.5353, sigma=0.1387, lower=0.1192, upper=0.9514"
H2.Z67,PF,2022-11-05,0.0,0.0,0.0,통계적이상(3sigma),"mean=0.5353, sigma=0.1387, lower=0.1192, upper=0.9514"
H2.Z67,PF,2022-11-06,0.0,0.0,0.0,통계적이상(3sigma),"mean=0.5353, sigma=0.1387, lower=0.1192, upper=0.9514"
H2.Z67,PF,2022-11-07,0.0,0.0,0.0,통계적이상(3sigma),"mean=0.5353, sigma=0.1387, lower=0.1192, upper=0.9514"
H2.Z67,PF,2022-11-08,0.0,0.0,0.0,통계적이상(3sigma),"mean=0.5353, sigma=0.1387, lower=0.1192, upper=0.9514"
H2.Z67,PF,2022-11-09,0.0,0.0,0.0,통계적이상(3sigma),"mean=0.5353, sigma=0.1387, lower=0.1192, upper=0.9514"
H2.Z67,PF,2022-11-10,0.0,0.0,0.0,통계적이상(3sigma),"mean=0.5353, sigma=0.1387, lower=0.1192, upper=0.9514"
H2.Z67,PF,2022-11-11,0.0,0.0,0.0,통계적이상(3sigma),"mean=0.5353, sigma=0.1387, lower=0.1192, upper=0.9514"
H2.Z67,PF,2022-11-12,0.0,0.0,0.0,통계적이상(3sigma),"mean=0.5353, sigma=0.1387, lower=0.1192, upper=0.9514"
H2.Z67,PF,2022-11-13,0.0,0.0,0.0,통계적이상(3sigma),"mean=0.5353, sigma=0.1387, lower=0.1192, upper=0.9514"
H2.Z67,PF,2022-11-14,0.0,0.0,0.0,통계적이상(3sigma),"mean=0.5353, sigma=0.1387, lower=0.1192, upper=0.9514"
H2.Z67,PF1,2021-03-23,0.0,0.83055,0.29312326388888893,통계적이상(3sigma),"mean=0.8040, sigma=0.1021, lower=0.4978, upper=1.1102"
H2.Z67,PF1,2021-03-24,0.0,0.0,0.0,통계적이상(3sigma),"mean=0.8040, sigma=0.1021, lower=0.4978, upper=1.1102"
H2.Z67,PF1,2021-03-25,0.0,0.8399583333333334,0.3926055214025501,통계적이상(3sigma),"mean=0.8040, sigma=0.1021, lower=0.4978, upper=1.1102"
H2.Z67,PF1,2022-10-19,0.0,0.4126,0.027897222222222216,통계적이상(3sigma),"mean=0.8040, sigma=0.1021, lower=0.4978, upper=1.1102"
H2.Z67,PF1,2022-10-20,0.0,0.0,0.0,통계적이상(3sigma),"mean=0.8040, sigma=0.1021, lower=0.4978, upper=1.1102"
H2.Z67,PF1,2022-10-21,0.0,0.0,0.0,통계적이상(3sigma),"mean=0.8040, sigma=0.1021, lower=0.4978, upper=1.1102"
H2.Z67,PF1,2022-10-22,0.0,0.0,0.0,통계적이상(3sigma),"mean=0.8040, sigma=0.1021, lower=0.4978, upper=1.1102"
H2.Z67,PF1,2022-10-23,0.0,0.0,0.0,통계적이상(3sigma),"mean=0.8040, sigma=0.1021, lower=0.4978, upper=1.1102"
H2.Z67,PF1,2022-10-24,0.0,0.0,0.0,통계적이상(3sigma),"mean=0.8040, sigma=0.1021, lower=0.4978, upper=1.1102"
H2.Z67,PF1,2022-10-25,0.0,0.0,0.0,통계적이상(3sigma),"mean=0.8040, sigma=0.1021, lower=0.4978, upper=1.1102"
H2.Z67,PF1,2022-10-26,0.0,0.0,0.0,통계적이상(3sigma),"mean=0.8040, sigma=0.1021, lower=0.4978, upper=1.1102"
H2.Z67,PF1,2022-10-27,0.0,0.0,0.0,통계적이상(3sigma),"mean=0.8040, sigma=0.1021, lower=0.4978, upper=1.1102"
H2.Z67,PF1,2022-10-28,0.0,0.0,0.0,통계적이상(3sigma),"mean=0.8040, sigma=0.1021, lower=0.4978, upper=1.1102"
H2.Z67,PF1,2022-10-29,0.0,0.0,0.0,통계적이상(3sigma),"mean=0.8040, sigma=0.1021, lower=0.4978, upper=1.1102"
H2.Z67,PF1,2022-10-30,0.0,0.0,0.0,통계적이상(3sigma),"mean=0.8040, sigma=0.1021, lower=0.4978, upper=1.1102"
H2.Z67,PF1,2022-10-31,0.0,0.0,0.0,통계적이상(3sigma),"mean=0.8040, sigma=0.1021, lower=0.4978, upper=1.1102"
H2.Z67,PF1,2022-11-01,0.0,0.0,0.0,통계적이상(3sigma),"mean=0.8040, sigma=0.1021, lower=0.4978, upper=1.1102"
H2.Z67,PF1,2022-11-02,0.0,0.0,0.0,통계적이상(3sigma),"mean=0.8040, sigma=0.1021, lower=0.4978, upper=1.1102"
H2.Z67,PF1,2022-11-03,0.0,0.0,0.0,통계적이상(3sigma),"mean=0.8040, sigma=0.1021, lower=0.4978, upper=1.1102"
H2.Z67,PF1,2022-11-04,0.0,0.0,0.0,통계적이상(3sigma),"mean=0.8040, sigma=0.1021, lower=0.4978, upper=1.1102"
H2.Z67,PF1,2022-11-05,0.0,0.0,0.0,통계적이상(3sigma),"mean=0.8040, sigma=0.1021, lower=0.4978, upper=1.1102"
H2.Z67,PF1,2022-11-06,0.0,0.0,0.0,통계적이상(3sigma),"mean=0.8040, sigma=0.1021, lower=0.4978, upper=1.1102"
H2.Z67,PF1,2022-11-07,0.0,0.0,0.0,통계적이상(3sigma),"mean=0.8040, sigma=0.1021, lower=0.4978, upper=1.1102"
H2.Z67,PF1,2022-11-08,0.0,0.0,0.0,통계적이상(3sigma),"mean=0.8040, sigma=0.1021, lower=0.4978, upper=1.1102"
H2.Z67,PF1,2022-11-09,0.0,0.0,0.0,통계적이상(3sigma),"mean=0.8040, sigma=0.1021, lower=0.4978, upper=1.1102"
H2.Z67,PF1,2022-11-10,0.0,0.0,0.0,통계적이상(3sigma),"mean=0.8040, sigma=0.1021, lower=0.4978, upper=1.1102"
H2.Z67,PF1,2022-11-11,0.0,0.0,0.0,통계적이상(3sigma),"mean=0.8040, sigma=0.1021, lower=0.4978, upper=1.1102"
H2.Z67,PF1,2022-11-12,0.0,0.0,0.0,통계적이상(3sigma),"mean=0.8040, sigma=0.1021, lower=0.4978, upper=1.1102"
H2.Z67,PF1,2022-11-13,0.0,0.0,0.0,통계적이상(3sigma),"mean=0.8040, sigma=0.1021, lower=0.4978, upper=1.1102"
H2.Z67,PF1,2022-11-14,0.0,0.0,0.0,통계적이상(3sigma),"mean=0.8040, sigma=0.1021, lower=0.4978, upper=1.1102"
H2.Z67,PF1,2022-11-15,0.0,0.7855416666666667,0.3647142361111111,통계적이상(3sigma),"mean=0.8040, sigma=0.1021, lower=0.4978, upper=1.1102"
H2.Z68,PF,2019-01-29,0.8459416666666666,0.8882583333333333,0.8585840277777778,통계적이상(3sigma),"mean=0.6002, sigma=0.0578, lower=0.4268, upper=0.7736"
H2.Z68,PF,2019-01-30,0.8475666666666667,0.889875,0.8543256944444444,통계적이상(3sigma),"mean=0.6002, sigma=0.0578, lower=0.4268, upper=0.7736"
H2.Z68,PF,2019-01-31,0.8479583333333333,0.8878,0.8570104166666668,통계적이상(3sigma),"mean=0.6002, sigma=0.0578, lower=0.4268, upper=0.7736"
H2.Z68,PF,2019-02-01,0.8481166666666666,0.8854166666666666,0.8546718749999999,통계적이상(3sigma),"mean=0.6002, sigma=0.0578, lower=0.4268, upper=0.7736"
H2.Z68,PF,2019-02-02,0.8453583333333333,0.8568958333333333,0.8502808972291102,통계적이상(3sigma),"mean=0.6002, sigma=0.0578, lower=0.4268, upper=0.7736"
H2.Z68,PF,2019-02-03,0.8365083333333333,0.8582583333333333,0.8465819444444445,통계적이상(3sigma),"mean=0.6002, sigma=0.0578, lower=0.4268, upper=0.7736"
H2.Z68,PF,2019-02-04,0.826325,0.8875,0.8493777777777779,통계적이상(3sigma),"mean=0.6002, sigma=0.0578, lower=0.4268, upper=0.7736"
H2.Z68,PF,2019-02-05,0.8469083333333333,0.8885833333333333,0.8588972222222221,통계적이상(3sigma),"mean=0.6002, sigma=0.0578, lower=0.4268, upper=0.7736"
H2.Z68,PF,2019-02-06,0.8316583333333333,0.8772583333333334,0.8529156250000001,통계적이상(3sigma),"mean=0.6002, sigma=0.0578, lower=0.4268, upper=0.7736"
H2.Z68,PF,2019-02-07,0.8302833333333334,0.8924583333333334,0.851204861111111,통계적이상(3sigma),"mean=0.6002, sigma=0.0578, lower=0.4268, upper=0.7736"
H2.Z68,PF,2019-02-08,0.8092083333333334,0.8738694444444445,0.8475322916666667,통계적이상(3sigma),"mean=0.6002, sigma=0.0578, lower=0.4268, upper=0.7736"
H2.Z68,PF,2019-02-09,0.7055333333333333,0.8589333333333333,0.7907045138888887,통계적이상(3sigma),"mean=0.6002, sigma=0.0578, lower=0.4268, upper=0.7736"
H2.Z68,PF,2019-02-10,0.7128083333333333,0.8547666666666667,0.8095461577868853,통계적이상(3sigma),"mean=0.6002, sigma=0.0578, lower=0.4268, upper=0.7736"
H2.Z68,PF,2019-02-11,0.8188041666666666,0.8925249999999999,0.8528965277777778,통계적이상(3sigma),"mean=0.6002, sigma=0.0578, lower=0.4268, upper=0.7736"
H2.Z68,PF,2019-07-08,0.7245015914822457,0.8289616196640214,0.790066125523431,통계적이상(3sigma),"mean=0.6002, sigma=0.0578, lower=0.4268, upper=0.7736"
H2.Z68,PF,2019-07-09,0.675939090624363,0.8157927316537054,0.7748263268522542,통계적이상(3sigma),"mean=0.6002, sigma=0.0578, lower=0.4268, upper=0.7736"
H2.Z68,PF,2019-07-10,0.6785126885781106,0.8471866020815806,0.7894507071214939,통계적이상(3sigma),"mean=0.6002, sigma=0.0578, lower=0.4268, upper=0.7736"
H2.Z68,PF,2019-07-11,0.7958322803954136,0.8405253179621822,0.8202857474439963,통계적이상(3sigma),"mean=0.6002, sigma=0.0578, lower=0.4268, upper=0.7736"
H2.Z68,PF,2019-07-12,0.7948702520625208,0.812654091659093,0.8021240422116449,통계적이상(3sigma),"mean=0.6002, sigma=0.0578, lower=0.4268, upper=0.7736"
H2.Z68,PF,2019-07-15,0.7948062721048749,0.8309974798160007,0.80892842326374,통계적이상(3sigma),"mean=0.6002, sigma=0.0578, lower=0.4268, upper=0.7736"
H2.Z68,PF,2019-07-16,0.6804122178927955,0.8134671214002192,0.7819634809056719,통계적이상(3sigma),"mean=0.6002, sigma=0.0578, lower=0.4268, upper=0.7736"
H2.Z68,PF,2019-07-17,0.7990421181506437,0.8146386561947978,0.8044479197173867,통계적이상(3sigma),"mean=0.6002, sigma=0.0578, lower=0.4268, upper=0.7736"
H2.Z68,PF,2019-10-31,0.6319789585967428,0.8955058961370362,0.8684302991911593,통계적이상(3sigma),"mean=0.6002, sigma=0.0578, lower=0.4268, upper=0.7736"
H2.Z68,PF,2019-11-01,0.7999913882609994,0.8778442618423284,0.8402953946512485,통계적이상(3sigma),"mean=0.6002, sigma=0.0578, lower=0.4268, upper=0.7736"
H2.Z68,PF,2019-11-02,0.8468463500394099,0.8621048724269433,0.8529858252980067,통계적이상(3sigma),"mean=0.6002, sigma=0.0578, lower=0.4268, upper=0.7736"
H2.Z68,PF,2019-11-03,0.8469125822737049,0.8613173498554652,0.8546753862993645,통계적이상(3sigma),"mean=0.6002, sigma=0.0578, lower=0.4268, upper=0.7736"
H2.Z68,PF,2019-12-01,0.8659185888328584,0.8749017521379743,0.8703606239008073,통계적이상(3sigma),"mean=0.6002, sigma=0.0578, lower=0.4268, upper=0.7736"
H2.Z68,PF,2019-12-02,0.817543491687193,0.8826752295626847,0.8411705310003518,통계적이상(3sigma),"mean=0.6002, sigma=0.0578, lower=0.4268, upper=0.7736"
H2.Z68,PF,2019-12-03,0.8173415088485366,0.8845295686583906,0.8487802301050751,통계적이상(3sigma),"mean=0.6002, sigma=0.0578, lower=0.4268, upper=0.7736"
H2.Z68,PF,2019-12-04,0.8222865612752661,0.8861970515226353,0.8488362564723667,통계적이상(3sigma),"mean=0.6002, sigma=0.0578, lower=0.4268, upper=0.7736"
H2.Z68,PF,2019-12-05,0.8195262228432596,0.9029573062399296,0.8844194101146713,통계적이상(3sigma),"mean=0.6002, sigma=0.0578, lower=0.4268, upper=0.7736"
H2.Z68,PF,2019-12-06,0.8186262988908922,0.8943313416673799,0.8487606619736536,통계적이상(3sigma),"mean=0.6002, sigma=0.0578, lower=0.4268, upper=0.7736"
H2.Z68,PF,2019-12-07,0.7620583333333334,0.8748083333333334,0.8623973982623866,통계적이상(3sigma),"mean=0.6002, sigma=0.0578, lower=0.4268, upper=0.7736"
H2.Z68,PF,2019-12-08,0.8516166666666667,0.8749416666666666,0.8633752903005467,통계적이상(3sigma),"mean=0.6002, sigma=0.0578, lower=0.4268, upper=0.7736"
H2.Z68,PF1,2019-01-29,0.8031,0.8717166666666666,0.830139236111111,통계적이상(3sigma),"mean=0.5894, sigma=0.0594, lower=0.4113, upper=0.7675"
H2.Z68,PF1,2019-01-30,0.8083750000000001,0.8741083333333334,0.8281878472222223,통계적이상(3sigma),"mean=0.5894, sigma=0.0594, lower=0.4113, upper=0.7675"
H2.Z68,PF1,2019-01-31,0.8049416666666667,0.8716333333333334,0.8309416666666666,통계적이상(3sigma),"mean=0.5894, sigma=0.0594, lower=0.4113, upper=0.7675"
H2.Z68,PF1,2019-02-01,0.8050250000000001,0.8681083333333334,0.8265975694444442,통계적이상(3sigma),"mean=0.5894, sigma=0.0594, lower=0.4113, upper=0.7675"
H2.Z68,PF1,2019-02-02,0.8079833333333333,0.8138833333333333,0.8112478740471598,통계적이상(3sigma),"mean=0.5894, sigma=0.0594, lower=0.4113, upper=0.7675"
H2.Z68,PF1,2019-02-03,0.7801166666666667,0.8163416666666666,0.799513888888889,통계적이상(3sigma),"mean=0.5894, sigma=0.0594, lower=0.4113, upper=0.7675"
H2.Z68,PF1,2019-02-04,0.7822416666666666,0.8700500000000001,0.8234277777777779,통계적이상(3sigma),"mean=0.5894, sigma=0.0594, lower=0.4113, upper=0.7675"
H2.Z68,PF1,2019-02-05,0.8080750000000001,0.8718416666666666,0.8315690972222223,통계적이상(3sigma),"mean=0.5894, sigma=0.0594, lower=0.4113, upper=0.7675"
H2.Z68,PF1,2019-02-06,0.7751416666666666,0.8580416666666667,0.822095138888889,통계적이상(3sigma),"mean=0.5894, sigma=0.0594, lower=0.4113, upper=0.7675"
H2.Z68,PF1,2019-02-07,0.7766333333333333,0.8742,0.8189559027777777,통계적이상(3sigma),"mean=0.5894, sigma=0.0594, lower=0.4113, upper=0.7675"
H2.Z68,PF1,2019-02-08,0.7895916666666667,0.8384638888888889,0.8110232638888889,통계적이상(3sigma),"mean=0.5894, sigma=0.0594, lower=0.4113, upper=0.7675"
H2.Z68,PF1,2019-02-10,0.71815,0.8012583333333334,0.7691391678051002,통계적이상(3sigma),"mean=0.5894, sigma=0.0594, lower=0.4113, upper=0.7675"
H2.Z68,PF1,2019-02-11,0.7962500000000001,0.8776166666666667,0.8255131944444446,통계적이상(3sigma),"mean=0.5894, sigma=0.0594, lower=0.4113, upper=0.7675"
H2.Z68,PF1,2019-07-08,0.7238482074170894,0.8176766125740088,0.7769353164509036,통계적이상(3sigma),"mean=0.5894, sigma=0.0594, lower=0.4113, upper=0.7675"
H2.Z68,PF1,2019-07-10,0.6814293316850606,0.7979755515813268,0.771453002914093,통계적이상(3sigma),"mean=0.5894, sigma=0.0594, lower=0.4113, upper=0.7675"
H2.Z68,PF1,2019-07-11,0.779001048673307,0.8233927870105459,0.8048418255815535,통계적이상(3sigma),"mean=0.5894, sigma=0.0594, lower=0.4113, upper=0.7675"
H2.Z68,PF1,2019-07-12,0.776546323696637,0.7936947631300144,0.7855371929819682,통계적이상(3sigma),"mean=0.5894, sigma=0.0594, lower=0.4113, upper=0.7675"
H2.Z68,PF1,2019-07-15,0.7799240079366804,0.818856604780337,0.7922239718910996,통계적이상(3sigma),"mean=0.5894, sigma=0.0594, lower=0.4113, upper=0.7675"
H2.Z68,PF1,2019-07-16,0.6826273476997341,0.7930492424007612,0.7686964257170749,통계적이상(3sigma),"mean=0.5894, sigma=0.0594, lower=0.4113, upper=0.7675"
H2.Z68,PF1,2019-07-17,0.780349951655353,0.7957975171826199,0.7875843161358066,통계적이상(3sigma),"mean=0.5894, sigma=0.0594, lower=0.4113, upper=0.7675"
H2.Z68,PF1,2019-10-31,0.6281077202903798,0.8918097037861535,0.8505545703793321,통계적이상(3sigma),"mean=0.5894, sigma=0.0594, lower=0.4113, upper=0.7675"
H2.Z68,PF1,2019-11-01,0.7924025816059815,0.8415755209369229,0.8275636910430663,통계적이상(3sigma),"mean=0.5894, sigma=0.0594, lower=0.4113, upper=0.7675"
H2.Z68,PF1,2019-11-02,0.7950213205563669,0.8108765548274407,0.8019043593094236,통계적이상(3sigma),"mean=0.5894, sigma=0.0594, lower=0.4113, upper=0.7675"
H2.Z68,PF1,2019-11-03,0.7955969693188715,0.8106911624884271,0.8039930086296132,통계적이상(3sigma),"mean=0.5894, sigma=0.0594, lower=0.4113, upper=0.7675"
H2.Z68,PF1,2019-12-01,0.8437366472335277,0.8521304607632849,0.8475933679640894,통계적이상(3sigma),"mean=0.5894, sigma=0.0594, lower=0.4113, upper=0.7675"
H2.Z68,PF1,2019-12-02,0.8292246713558504,0.8703598120873155,0.8417830749293991,통계적이상(3sigma),"mean=0.5894, sigma=0.0594, lower=0.4113, upper=0.7675"
H2.Z68,PF1,2019-12-03,0.8290715269807423,0.8753288458964837,0.8426186819164515,통계적이상(3sigma),"mean=0.5894, sigma=0.0594, lower=0.4113, upper=0.7675"
H2.Z68,PF1,2019-12-04,0.8334274196170459,0.8748461848562882,0.8435531950659555,통계적이상(3sigma),"mean=0.5894, sigma=0.0594, lower=0.4113, upper=0.7675"
H2.Z68,PF1,2019-12-05,0.8319158517466768,0.897815366326472,0.8733875750992132,통계적이상(3sigma),"mean=0.5894, sigma=0.0594, lower=0.4113, upper=0.7675"
H2.Z68,PF1,2019-12-06,0.8305484647910926,0.885500535877307,0.8450118277632445,통계적이상(3sigma),"mean=0.5894, sigma=0.0594, lower=0.4113, upper=0.7675"
H2.Z68,PF1,2019-12-07,0.7366083333333333,0.84765,0.8324103750076431,통계적이상(3sigma),"mean=0.5894, sigma=0.0594, lower=0.4113, upper=0.7675"
H2.Z68,PF1,2019-12-08,0.8134750000000001,0.8476250000000001,0.8288756944444443,통계적이상(3sigma),"mean=0.5894, sigma=0.0594, lower=0.4113, upper=0.7675"
H2.Z68,PF2,2019-01-29,0.8937916666666667,0.954575,0.9220100694444443,통계적이상(3sigma),"mean=0.6375, sigma=0.0681, lower=0.4331, upper=0.8419"
H2.Z68,PF2,2019-01-30,0.8916083333333334,0.9431916666666668,0.9164868055555555,통계적이상(3sigma),"mean=0.6375, sigma=0.0681, lower=0.4331, upper=0.8419"
H2.Z68,PF2,2019-01-31,0.8928166666666667,0.9475833333333332,0.9179923611111113,통계적이상(3sigma),"mean=0.6375, sigma=0.0681, lower=0.4331, upper=0.8419"
H2.Z68,PF2,2019-02-01,0.8939416666666666,0.9470666666666666,0.9185461805555556,통계적이상(3sigma),"mean=0.6375, sigma=0.0681, lower=0.4331, upper=0.8419"
H2.Z68,PF2,2019-02-02,0.9372222222222224,0.9446583333333332,0.9403881944444444,통계적이상(3sigma),"mean=0.6375, sigma=0.0681, lower=0.4331, upper=0.8419"
H2.Z68,PF2,2019-02-03,0.9386083333333332,0.9514194444444444,0.9452513888888888,통계적이상(3sigma),"mean=0.6375, sigma=0.0681, lower=0.4331, upper=0.8419"
H2.Z68,PF2,2019-02-04,0.8958833333333334,0.9483666666666668,0.913020486111111,통계적이상(3sigma),"mean=0.6375, sigma=0.0681, lower=0.4331, upper=0.8419"
H2.Z68,PF2,2019-02-05,0.896,0.949475,0.9199625,통계적이상(3sigma),"mean=0.6375, sigma=0.0681, lower=0.4331, upper=0.8419"
H2.Z68,PF2,2019-02-06,0.8949250000000001,0.952875,0.920138888888889,통계적이상(3sigma),"mean=0.6375, sigma=0.0681, lower=0.4331, upper=0.8419"
H2.Z68,PF2,2019-02-07,0.8932666666666668,0.950575,0.9212125000000001,통계적이상(3sigma),"mean=0.6375, sigma=0.0681, lower=0.4331, upper=0.8419"
H2.Z68,PF2,2019-02-08,0.82085,0.9490083333333332,0.9106097222222221,통계적이상(3sigma),"mean=0.6375, sigma=0.0681, lower=0.4331, upper=0.8419"
H2.Z68,PF2,2019-02-09,0.7184666666666666,0.963375,0.853049652777778,통계적이상(3sigma),"mean=0.6375, sigma=0.0681, lower=0.4331, upper=0.8419"
H2.Z68,PF2,2019-02-10,0.722075,0.9617,0.8851111224954463,통계적이상(3sigma),"mean=0.6375, sigma=0.0681, lower=0.4331, upper=0.8419"
H2.Z68,PF2,2019-02-11,0.8308833333333332,0.9570166666666666,0.9119041666666668,통계적이상(3sigma),"mean=0.6375, sigma=0.0681, lower=0.4331, upper=0.8419"
H2.Z68,PF2,2019-10-31,0.705745300676446,0.9624814392640652,0.9295190370860351,통계적이상(3sigma),"mean=0.6375, sigma=0.0681, lower=0.4331, upper=0.8419"
H2.Z68,PF2,2019-11-01,0.8497142321998964,0.9602864731985608,0.9022485169037068,통계적이상(3sigma),"mean=0.6375, sigma=0.0681, lower=0.4331, upper=0.8419"
H2.Z68,PF2,2019-11-02,0.9548805199999504,0.9608215408800648,0.9576246018119955,통계적이상(3sigma),"mean=0.6375, sigma=0.0681, lower=0.4331, upper=0.8419"
H2.Z68,PF2,2019-11-03,0.9557061571021952,0.9601292000908412,0.9580627558189895,통계적이상(3sigma),"mean=0.6375, sigma=0.0681, lower=0.4331, upper=0.8419"
H2.Z68,PF2,2019-12-01,0.955687946372505,0.9607100120644094,0.9582938845007157,통계적이상(3sigma),"mean=0.6375, sigma=0.0681, lower=0.4331, upper=0.8419"
H2.Z68,PF2,2019-12-02,0.8534174974183852,0.9570176808643704,0.8958801404209397,통계적이상(3sigma),"mean=0.6375, sigma=0.0681, lower=0.4331, upper=0.8419"
H2.Z68,PF2,2019-12-03,0.8523921189331328,0.961233117944366,0.9062957776781126,통계적이상(3sigma),"mean=0.6375, sigma=0.0681, lower=0.4331, upper=0.8419"
H2.Z68,PF2,2019-12-04,0.8559651415825176,0.9592594846166164,0.9056821883987701,통계적이상(3sigma),"mean=0.6375, sigma=0.0681, lower=0.4331, upper=0.8419"
H2.Z68,PF2,2019-12-05,0.8554305607839926,0.959882182888499,0.9399381912188945,통계적이상(3sigma),"mean=0.6375, sigma=0.0681, lower=0.4331, upper=0.8419"
H2.Z68,PF2,2019-12-06,0.8542291332347616,0.9584918944537392,0.9038826142871331,통계적이상(3sigma),"mean=0.6375, sigma=0.0681, lower=0.4331, upper=0.8419"
H2.Z68,PF2,2019-12-07,0.8432333333333333,0.9607416666666668,0.9523079775520049,통계적이상(3sigma),"mean=0.6375, sigma=0.0681, lower=0.4331, upper=0.8419"
H2.Z68,PF2,2019-12-08,0.95075,0.959925,0.9551521014568901,통계적이상(3sigma),"mean=0.6375, sigma=0.0681, lower=0.4331, upper=0.8419"
H2.Z68,PF3,2019-01-29,0.7296083333333333,0.8469166666666667,0.7877125,통계적이상(3sigma),"mean=0.5696, sigma=0.0526, lower=0.4118, upper=0.7273"
H2.Z68,PF3,2019-01-30,0.7422916666666667,0.8509083333333333,0.7885392361111112,통계적이상(3sigma),"mean=0.5696, sigma=0.0526, lower=0.4118, upper=0.7273"
H2.Z68,PF3,2019-01-31,0.733675,0.845425,0.7925434027777779,통계적이상(3sigma),"mean=0.5696, sigma=0.0526, lower=0.4118, upper=0.7273"
H2.Z68,PF3,2019-02-01,0.7341166666666666,0.8425999999999999,0.7853760416666667,통계적이상(3sigma),"mean=0.5696, sigma=0.0526, lower=0.4118, upper=0.7273"
H2.Z68,PF3,2019-02-02,0.7289666666666667,0.7503583333333333,0.7378586919398905,통계적이상(3sigma),"mean=0.5696, sigma=0.0526, lower=0.4118, upper=0.7273"
H2.Z68,PF3,2019-02-04,0.6890416666666667,0.8463333333333334,0.7825770833333333,통계적이상(3sigma),"mean=0.5696, sigma=0.0526, lower=0.4118, upper=0.7273"
H2.Z68,PF3,2019-02-05,0.735025,0.8477416666666666,0.7932114583333334,통계적이상(3sigma),"mean=0.5696, sigma=0.0526, lower=0.4118, upper=0.7273"
H2.Z68,PF3,2019-02-06,0.681975,0.8290666666666666,0.7777798611111111,통계적이상(3sigma),"mean=0.5696, sigma=0.0526, lower=0.4118, upper=0.7273"
H2.Z68,PF3,2019-02-07,0.6776416666666667,0.85275,0.7724472222222224,통계적이상(3sigma),"mean=0.5696, sigma=0.0526, lower=0.4118, upper=0.7273"
H2.Z68,PF3,2019-02-08,0.7066666666666667,0.8362833333333334,0.7844920138888889,통계적이상(3sigma),"mean=0.5696, sigma=0.0526, lower=0.4118, upper=0.7273"
H2.Z68,PF3,2019-02-11,0.7042833333333333,0.8512083333333333,0.7912319444444443,통계적이상(3sigma),"mean=0.5696, sigma=0.0526, lower=0.4118, upper=0.7273"
H2.Z68,PF3,2019-07-08,0.7223348559499096,0.8337482790142176,0.792526114790803,통계적이상(3sigma),"mean=0.5696, sigma=0.0526, lower=0.4118, upper=0.7273"
H2.Z68,PF3,2019-07-09,0.6654000742159085,0.8199082714615012,0.7718428364249901,통계적이상(3sigma),"mean=0.5696, sigma=0.0526, lower=0.4118, upper=0.7273"
H2.Z68,PF3,2019-07-10,0.6688260825336957,0.820566733580881,0.7685208632479221,통계적이상(3sigma),"mean=0.5696, sigma=0.0526, lower=0.4118, upper=0.7273"
H2.Z68,PF3,2019-07-11,0.7996359383593015,0.8434150616329431,0.8269933125742726,통계적이상(3sigma),"mean=0.5696, sigma=0.0526, lower=0.4118, upper=0.7273"
H2.Z68,PF3,2019-07-12,0.7982853780510661,0.8195139743750401,0.8088429826283656,통계적이상(3sigma),"mean=0.5696, sigma=0.0526, lower=0.4118, upper=0.7273"
H2.Z68,PF3,2019-07-15,0.802673138675528,0.8362832960017959,0.8145703911616998,통계적이상(3sigma),"mean=0.5696, sigma=0.0526, lower=0.4118, upper=0.7273"
H2.Z68,PF3,2019-07-16,0.6709902265604649,0.8185342123537324,0.782901889488978,통계적이상(3sigma),"mean=0.5696, sigma=0.0526, lower=0.4118, upper=0.7273"
H2.Z68,PF3,2019-07-17,0.8017000369690597,0.8191764848793166,0.8098117096933004,통계적이상(3sigma),"mean=0.5696, sigma=0.0526, lower=0.4118, upper=0.7273"
H2.Z68,PF3,2019-10-31,0.5517080360714401,0.8483916969317274,0.775921785517807,통계적이상(3sigma),"mean=0.5696, sigma=0.0526, lower=0.4118, upper=0.7273"
H2.Z68,PF3,2019-11-01,0.6953530780661715,0.8327772562182644,0.7436910961839259,통계적이상(3sigma),"mean=0.5696, sigma=0.0526, lower=0.4118, upper=0.7273"
H2.Z68,PF3,2019-12-02,0.6957950468137397,0.8295485334024301,0.7511553173428297,통계적이상(3sigma),"mean=0.5696, sigma=0.0526, lower=0.4118, upper=0.7273"
H2.Z68,PF3,2019-12-03,0.6985104391055359,0.8305082561903951,0.7496161208068474,통계적이상(3sigma),"mean=0.5696, sigma=0.0526, lower=0.4118, upper=0.7273"
H2.Z68,PF3,2019-12-04,0.6975062736027103,0.833521439099128,0.7513028373857141,통계적이상(3sigma),"mean=0.5696, sigma=0.0526, lower=0.4118, upper=0.7273"
H2.Z68,PF3,2019-12-05,0.6973859883006039,0.8647439759948288,0.795614245954977,통계적이상(3sigma),"mean=0.5696, sigma=0.0526, lower=0.4118, upper=0.7273"
H2.Z68,PF3,2019-12-06,0.700232835598997,0.8476790289594505,0.7551061508913811,통계적이상(3sigma),"mean=0.5696, sigma=0.0526, lower=0.4118, upper=0.7273"
H2.Z69,PF1,2018-11-10,0.0,0.4868583333333333,0.42486944444444436,통계적이상(3sigma),"mean=0.5164, sigma=0.0271, lower=0.4352, upper=0.5977"
H2.Z69,PF1,2018-11-29,0.0,0.5945916666666666,0.36992812499999994,통계적이상(3sigma),"mean=0.5164, sigma=0.0271, lower=0.4352, upper=0.5977"
H2.Z69,PF1,2020-11-09,0.55705,0.61865,0.6014118055555554,통계적이상(3sigma),"mean=0.5164, sigma=0.0271, lower=0.4352, upper=0.5977"
H2.Z69,PF1,2022-05-04,0.0,0.5647666666666666,0.3198267361111111,통계적이상(3sigma),"mean=0.5164, sigma=0.0271, lower=0.4352, upper=0.5977"
H2.Z69,PF1,2022-05-05,0.0,0.5751083333333332,0.34730763888888894,통계적이상(3sigma),"mean=0.5164, sigma=0.0271, lower=0.4352, upper=0.5977"
H2.Z69,PF1,2022-07-13,0.0,0.5647666666666666,0.3198267361111111,통계적이상(3sigma),"mean=0.5164, sigma=0.0271, lower=0.4352, upper=0.5977"
H2.Z69,PF1,2022-07-14,0.0,0.5751083333333332,0.3471995370370371,통계적이상(3sigma),"mean=0.5164, sigma=0.0271, lower=0.4352, upper=0.5977"
H2.Z69,PF2,2018-11-29,0.0,0.6094416666666667,0.3783538194444444,통계적이상(3sigma),"mean=0.5295, sigma=0.0350, lower=0.4245, upper=0.6346"
H2.Z69,PF2,2022-05-04,0.0,0.5742416666666667,0.3220017361111111,통계적이상(3sigma),"mean=0.5295, sigma=0.0350, lower=0.4245, upper=0.6346"
H2.Z69,PF2,2022-05-05,0.0,0.5781666666666666,0.34819687499999996,통계적이상(3sigma),"mean=0.5295, sigma=0.0350, lower=0.4245, upper=0.6346"
H2.Z69,PF2,2022-07-13,0.0,0.5742416666666667,0.3220017361111111,통계적이상(3sigma),"mean=0.5295, sigma=0.0350, lower=0.4245, upper=0.6346"
H2.Z69,PF2,2022-07-14,0.0,0.5781666666666666,0.3489777777777778,통계적이상(3sigma),"mean=0.5295, sigma=0.0350, lower=0.4245, upper=0.6346"
H2.Z70,PF2,2018-12-22,0.8736999999999999,0.8829416666666667,0.8769333333333332,통계적이상(3sigma),"mean=0.3154, sigma=0.1860, lower=-0.2425, upper=0.8733"
H2.Z70,PF2,2018-12-23,0.8737083333333333,0.8834333333333333,0.8780125,통계적이상(3sigma),"mean=0.3154, sigma=0.1860, lower=-0.2425, upper=0.8733"
H2.Z70,PF3,2022-12-18,0.7837333333333334,0.7900833333333334,0.7867618055555557,통계적이상(3sigma),"mean=0.5252, sigma=0.0848, lower=0.2707, upper=0.7797"
H2.ZE64,PF,2023-05-03,0.58590563802546,0.8464774100562296,0.7159887638555813,통계적이상(3sigma),"mean=0.8748, sigma=0.0453, lower=0.7388, upper=1.0108"
H2.ZE64,PF,2023-05-04,0.5890682435966285,0.7595872152207239,0.6686761676770233,통계적이상(3sigma),"mean=0.8748, sigma=0.0453, lower=0.7388, upper=1.0108"
H2.ZE64,PF1,2023-05-03,0.34829531245013,0.8555965661248937,0.6210826385707723,통계적이상(3sigma),"mean=0.8848, sigma=0.0446, lower=0.7511, upper=1.0186"
H2.ZE64,PF1,2023-05-04,0.4263127855459844,0.7795456284023626,0.5808730257386508,통계적이상(3sigma),"mean=0.8848, sigma=0.0446, lower=0.7511, upper=1.0186"
H2.ZE64,PF3,2023-05-03,0.5602658255365441,0.8607611349122276,0.7239668204939287,통계적이상(3sigma),"mean=0.8896, sigma=0.0411, lower=0.7661, upper=1.0130"
H2.ZE64,PF3,2023-05-04,0.5577305368582407,0.7805628369499333,0.6733428860062078,통계적이상(3sigma),"mean=0.8896, sigma=0.0411, lower=0.7661, upper=1.0130"
H2.ZE64,PF3,2023-05-07,0.7503087131182352,0.7845440895358724,0.7641285158930465,통계적이상(3sigma),"mean=0.8896, sigma=0.0411, lower=0.7661, upper=1.0130"
H2.ZE65,PF,2022-03-22,0.2720358112505134,0.2777691124174016,0.27510580416522895,통계적이상(3sigma),"mean=0.8598, sigma=0.1054, lower=0.5436, upper=1.1759"
H2.ZE65,PF,2022-03-23,0.2737533305661998,0.2883215390137078,0.27975062900409775,통계적이상(3sigma),"mean=0.8598, sigma=0.1054, lower=0.5436, upper=1.1759"
H2.ZE65,PF,2022-03-24,0.2837677737790935,0.2906571021058928,0.2871470742562278,통계적이상(3sigma),"mean=0.8598, sigma=0.1054, lower=0.5436, upper=1.1759"
H2.ZE65,PF,2022-03-25,0.2849012965488173,0.2907940284231804,0.2880051956885821,통계적이상(3sigma),"mean=0.8598, sigma=0.1054, lower=0.5436, upper=1.1759"
H2.ZE65,PF,2022-03-26,0.2774875149487867,0.2879495279419868,0.2833548127204753,통계적이상(3sigma),"mean=0.8598, sigma=0.1054, lower=0.5436, upper=1.1759"
H2.ZE65,PF,2022-03-27,0.2736499748360294,0.2870889780934289,0.28097114429042536,통계적이상(3sigma),"mean=0.8598, sigma=0.1054, lower=0.5436, upper=1.1759"
H2.ZE65,PF,2022-03-28,0.2740322641367096,0.2831722869482478,0.27799319845877707,통계적이상(3sigma),"mean=0.8598, sigma=0.1054, lower=0.5436, upper=1.1759"
H2.ZE65,PF,2022-03-29,0.2759858732503543,0.2851982431010095,0.2791056938985574,통계적이상(3sigma),"mean=0.8598, sigma=0.1054, lower=0.5436, upper=1.1759"
H2.ZE65,PF,2022-03-30,0.2786700817070089,0.2905244723879313,0.2839630918430738,통계적이상(3sigma),"mean=0.8598, sigma=0.1054, lower=0.5436, upper=1.1759"
H2.ZE65,PF,2022-03-31,0.2837394694056324,0.2892069391553092,0.2865991263686721,통계적이상(3sigma),"mean=0.8598, sigma=0.1054, lower=0.5436, upper=1.1759"
H2.ZE65,PF,2022-04-01,0.2844941685734928,0.2888545491178669,0.2868253773155992,통계적이상(3sigma),"mean=0.8598, sigma=0.1054, lower=0.5436, upper=1.1759"
H2.ZE65,PF,2022-04-02,0.2831784998777841,0.2892441078663365,0.2860429583867977,통계적이상(3sigma),"mean=0.8598, sigma=0.1054, lower=0.5436, upper=1.1759"
H2.ZE65,PF,2022-04-03,0.2827867380884693,0.2891394487757631,0.2867571901742027,통계적이상(3sigma),"mean=0.8598, sigma=0.1054, lower=0.5436, upper=1.1759"
H2.ZE65,PF,2022-04-04,0.2776231054090353,0.2876486778043864,0.28296981442425306,통계적이상(3sigma),"mean=0.8598, sigma=0.1054, lower=0.5436, upper=1.1759"
H2.ZE65,PF,2022-04-05,0.2787091913215112,0.2857428115510161,0.2818314780849712,통계적이상(3sigma),"mean=0.8598, sigma=0.1054, lower=0.5436, upper=1.1759"
H2.ZE65,PF,2022-04-06,0.2739672394402712,0.2856458622149319,0.281652356936506,통계적이상(3sigma),"mean=0.8598, sigma=0.1054, lower=0.5436, upper=1.1759"
H2.ZE65,PF,2022-04-07,0.276440323243684,0.282608348699528,0.27956635293466964,통계적이상(3sigma),"mean=0.8598, sigma=0.1054, lower=0.5436, upper=1.1759"
H2.ZE65,PF1,2023-05-03,0.3463765013799549,0.8569234554972004,0.62112271914945,통계적이상(3sigma),"mean=0.8835, sigma=0.0426, lower=0.7556, upper=1.0113"
H2.ZE65,PF1,2023-05-04,0.421195854474415,0.781522218591374,0.5807407273307373,통계적이상(3sigma),"mean=0.8835, sigma=0.0426, lower=0.7556, upper=1.0113"
H2.ZE65,PF3,2022-03-22,-0.9127323626674848,-0.9007104853662439,-0.9058426640245835,통계적이상(3sigma),"mean=0.8392, sigma=0.2987, lower=-0.0568, upper=1.7352"
H2.ZE65,PF3,2022-03-23,-0.9357503713473126,-0.9024447366902064,-0.9193387340451679,통계적이상(3sigma),"mean=0.8392, sigma=0.2987, lower=-0.0568, upper=1.7352"
H2.ZE65,PF3,2022-03-24,-0.938946915699982,-0.930868245118752,-0.935486285949933,통계적이상(3sigma),"mean=0.8392, sigma=0.2987, lower=-0.0568, upper=1.7352"
H2.ZE65,PF3,2022-03-25,-0.941205377369674,-0.9341739928637548,-0.9373312419484657,통계적이상(3sigma),"mean=0.8392, sigma=0.2987, lower=-0.0568, upper=1.7352"
H2.ZE65,PF3,2022-03-26,-0.9353254574114128,-0.9255390487265596,-0.928534340301268,통계적이상(3sigma),"mean=0.8392, sigma=0.2987, lower=-0.0568, upper=1.7352"
H2.ZE65,PF3,2022-03-27,-0.9337949245130815,-0.917586966522156,-0.9251083836321186,통계적이상(3sigma),"mean=0.8392, sigma=0.2987, lower=-0.0568, upper=1.7352"
H2.ZE65,PF3,2022-03-28,-0.9181045989923814,-0.9096238976298842,-0.9131334489649272,통계적이상(3sigma),"mean=0.8392, sigma=0.2987, lower=-0.0568, upper=1.7352"
H2.ZE65,PF3,2022-03-29,-0.9184276734521571,-0.911198728299518,-0.9142300526843302,통계적이상(3sigma),"mean=0.8392, sigma=0.2987, lower=-0.0568, upper=1.7352"
H2.ZE65,PF3,2022-03-30,-0.9388353705513623,-0.91518802504264,-0.9256537268491508,통계적이상(3sigma),"mean=0.8392, sigma=0.2987, lower=-0.0568, upper=1.7352"
H2.ZE65,PF3,2022-03-31,-0.9409949481981452,-0.9351109287908088,-0.9373951229659276,통계적이상(3sigma),"mean=0.8392, sigma=0.2987, lower=-0.0568, upper=1.7352"
H2.ZE65,PF3,2022-04-01,-0.939794821302818,-0.9337578336983992,-0.9372737230673275,통계적이상(3sigma),"mean=0.8392, sigma=0.2987, lower=-0.0568, upper=1.7352"
H2.ZE65,PF3,2022-04-02,-0.9372886038105672,-0.9345862189367103,-0.936225276466088,통계적이상(3sigma),"mean=0.8392, sigma=0.2987, lower=-0.0568, upper=1.7352"
H2.ZE65,PF3,2022-04-03,-0.9397730814473998,-0.9293558206624194,-0.935310958224486,통계적이상(3sigma),"mean=0.8392, sigma=0.2987, lower=-0.0568, upper=1.7352"
H2.ZE65,PF3,2022-04-04,-0.9363712080174892,-0.9220405556981628,-0.9294863723673282,통계적이상(3sigma),"mean=0.8392, sigma=0.2987, lower=-0.0568, upper=1.7352"
H2.ZE65,PF3,2022-04-05,-0.9294018815980902,-0.9234662639130342,-0.9257449868411934,통계적이상(3sigma),"mean=0.8392, sigma=0.2987, lower=-0.0568, upper=1.7352"
H2.ZE65,PF3,2022-04-06,-0.9301440524194492,-0.9123993405144464,-0.9254219666365991,통계적이상(3sigma),"mean=0.8392, sigma=0.2987, lower=-0.0568, upper=1.7352"
H2.ZE65,PF3,2022-04-07,-0.9258396183221248,-0.9118524742766744,-0.9181077387870019,통계적이상(3sigma),"mean=0.8392, sigma=0.2987, lower=-0.0568, upper=1.7352"
H2.ZE66,PF,2022-03-28,0.5803026995941559,8.099684631770154,0.9124396906645439,물리적이상(범위초과),min_val < -1 또는 max_val > 1
H2.ZE66,PF,2022-05-09,0.5782084417132188,7.196473771334863,0.8745844831807742,물리적이상(범위초과),min_val < -1 또는 max_val > 1
H2.ZE66,PF,2022-06-18,0.587521941993388,6.578964742561253,1.0350105765715674,물리적이상(범위초과),min_val < -1 또는 max_val > 1
H2.ZE66,PF,2022-07-02,0.5811377630885384,7.225729689692755,0.8850815196190635,물리적이상(범위초과),min_val < -1 또는 max_val > 1
H2.ZE66,PF,2022-07-06,0.5690880437372345,5.1536362444765285,0.7895112362367538,물리적이상(범위초과),min_val < -1 또는 max_val > 1
H2.ZE66,PF,2022-09-01,0.4750637715010696,3.836028505214186,0.6740183704338775,물리적이상(범위초과),min_val < -1 또는 max_val > 1
H2.ZE66,PF,2022-09-13,0.5644159799200885,4.281961556716321,0.7432174703197493,물리적이상(범위초과),min_val < -1 또는 max_val > 1
H2.ZE66,PF,2022-09-15,0.4688673656415009,4.481194716375919,0.6883604875048034,물리적이상(범위초과),min_val < -1 또는 max_val > 1
H2.ZE66,PF,2022-09-26,0.5743079370588579,9.313368225803378,0.958882797837127,물리적이상(범위초과),min_val < -1 또는 max_val > 1
H2.ZE66,PF,2022-10-06,0.482281718828435,4.119799921018118,0.6885627140615048,물리적이상(범위초과),min_val < -1 또는 max_val > 1
H2.ZE66,PF,2022-10-07,0.572770505288671,1.067055417780249,0.6090765719355962,물리적이상(범위초과),min_val < -1 또는 max_val > 1
H2.ZE66,PF,2022-10-12,0.576268966555784,8.13037814680572,0.9085528677097771,물리적이상(범위초과),min_val < -1 또는 max_val > 1
H2.ZE66,PF,2022-11-07,0.5602212413049729,2.845919151647584,0.6743922658481917,물리적이상(범위초과),min_val < -1 또는 max_val > 1
H2.ZE66,PF,2022-11-11,0.5630793620736187,3.229874779372755,0.6873512889322492,물리적이상(범위초과),min_val < -1 또는 max_val > 1
H2.ZE66,PF,2023-01-02,0.555310440550176,6.189416110471727,0.8090947906470122,물리적이상(범위초과),min_val < -1 또는 max_val > 1
H2.ZE66,PF,2023-01-18,0.5543280391190456,8.677680315187848,0.9159359599616566,물리적이상(범위초과),min_val < -1 또는 max_val > 1
H2.ZE66,PF,2023-01-26,0.4774491016297493,9.070221951957157,0.8809164730166646,물리적이상(범위초과),min_val < -1 또는 max_val > 1
H2.ZE66,PF,2023-02-11,0.5591010780173974,5.563863019682286,0.7800886708357986,물리적이상(범위초과),min_val < -1 또는 max_val > 1
H2.ZE66,PF,2023-02-14,0.5538154707080852,4.4740926674546495,0.73162732306164,물리적이상(범위초과),min_val < -1 또는 max_val > 1
H2.ZE66,PF,2023-03-27,0.5563950066015414,6.136186925322769,0.8042194931669271,물리적이상(범위초과),min_val < -1 또는 max_val > 1
H2.ZE66,PF,2023-04-20,0.4740914566655403,2.6062253062352294,0.6130002464263562,물리적이상(범위초과),min_val < -1 또는 max_val > 1
H2.ZE66,PF,2023-06-05,0.5940570728488833,3.5201447736252427,0.7327028608263911,물리적이상(범위초과),min_val < -1 또는 max_val > 1
H2.ZE66,PF,2023-06-17,0.5882119153188333,2.0499711799581872,0.6732758455593354,물리적이상(범위초과),min_val < -1 또는 max_val > 1
H2.ZE66,PF,2023-06-19,0.5966655146480496,4.726786513138094,0.7910841741451318,물리적이상(범위초과),min_val < -1 또는 max_val > 1
H2.ZE66,PF,2023-06-29,0.5972650064941807,5.06508076690388,0.8099133742058799,물리적이상(범위초과),min_val < -1 또는 max_val > 1
H2.ZE66,PF,2023-08-01,0.5897267725463038,6.768889614451319,0.8621571273084875,물리적이상(범위초과),min_val < -1 또는 max_val > 1
H2.ZE66,PF,2023-09-03,0.5803010462892956,2.517522859330131,0.6773121950620028,물리적이상(범위초과),min_val < -1 또는 max_val > 1
H2.ZE66,PF,2023-09-15,0.6052722397816898,8.60688958857357,0.9563270596470351,물리적이상(범위초과),min_val < -1 또는 max_val > 1
H2.ZE66,PF,2023-09-30,0.6496714508576781,9.24727707802312,1.034678137899554,물리적이상(범위초과),min_val < -1 또는 max_val > 1
H2.ZE66,PF,2023-10-28,0.4898018814506907,11.334009508399134,1.0809913766482413,물리적이상(범위초과),min_val < -1 또는 max_val > 1
H2.ZE66,PF,2023-11-03,0.5644400649539058,4.438111837140892,0.7551634007312181,물리적이상(범위초과),min_val < -1 또는 max_val > 1
H2.ZE66,PF,2023-11-17,0.6622043143990194,4.169850207129474,0.8243661367843238,물리적이상(범위초과),min_val < -1 또는 max_val > 1
H2.ZE66,PF,2023-11-19,0.6590219087213682,1.2566212065593627,0.6989108912375802,물리적이상(범위초과),min_val < -1 또는 max_val > 1
H2.ZE66,PF,2023-11-22,0.645565363597085,2.7681481532997654,0.7498036064390741,물리적이상(범위초과),min_val < -1 또는 max_val > 1
H2.ZE66,PF,2023-12-05,0.6608689319679286,1.890540700675776,0.7305165368755938,물리적이상(범위초과),min_val < -1 또는 max_val > 1
H2.ZE66,PF,2023-12-06,0.64999368412407,9.170307805471184,1.0352821753849717,물리적이상(범위초과),min_val < -1 또는 max_val > 1
H2.ZE66,PF,2023-12-15,0.6606424603952594,8.022510968049938,0.9846701725147612,물리적이상(범위초과),min_val < -1 또는 max_val > 1
H2.ZE66,PF,2023-12-18,0.6720497057339632,5.406130939972406,0.8865269018486018,물리적이상(범위초과),min_val < -1 또는 max_val > 1
H2.ZE66,PF1,2022-03-22,1.0,1.0,1.0,통계적이상(3sigma),"mean=0.8982, sigma=0.0197, lower=0.8391, upper=0.9573"
H2.ZE66,PF1,2022-03-23,1.0,1.0,1.0,통계적이상(3sigma),"mean=0.8982, sigma=0.0197, lower=0.8391, upper=0.9573"
H2.ZE66,PF1,2023-12-30,0.8318995477676936,0.8456956580557801,0.8377872069087503,통계적이상(3sigma),"mean=0.8982, sigma=0.0197, lower=0.8391, upper=0.9573"
H2.ZE66,PF2,2022-03-22,1.0,1.0,1.0,통계적이상(3sigma),"mean=0.2979, sigma=0.1331, lower=-0.1015, upper=0.6974"
H2.ZE66,PF2,2022-03-23,1.0,1.0,1.0,통계적이상(3sigma),"mean=0.2979, sigma=0.1331, lower=-0.1015, upper=0.6974"
H2.ZE67,PF,2022-03-22,0.4794165724910931,6.242495729605429,1.1892353909598865,물리적이상(범위초과),min_val < -1 또는 max_val > 1
H2.ZE67,PF,2022-04-18,0.5605151980073965,3.452679650869773,0.702260823508743,물리적이상(범위초과),min_val < -1 또는 max_val > 1
H2.ZE67,PF,2022-05-01,0.5561483186443792,3.929956518989755,0.712567239082636,물리적이상(범위초과),min_val < -1 또는 max_val > 1
H2.ZE67,PF,2022-06-27,0.5753940035399349,1.118620526651856,0.6193561779410156,물리적이상(범위초과),min_val < -1 또는 max_val > 1
H2.ZE67,PF,2022-07-22,0.5522086493774975,3.0612616089349385,0.677535455771216,물리적이상(범위초과),min_val < -1 또는 max_val > 1
H2.ZE67,PF,2022-08-06,0.5492900718239039,6.492707834595464,0.8125386538638922,물리적이상(범위초과),min_val < -1 또는 max_val > 1
H2.ZE67,PF,2022-08-09,0.5420316383023558,3.63185827664912,0.7089601508725399,물리적이상(범위초과),min_val < -1 또는 max_val > 1
H2.ZE67,PF,2022-08-22,0.5556369541092986,5.4027526870666485,0.7775652339445319,물리적이상(범위초과),min_val < -1 또는 max_val > 1
H2.ZE67,PF,2022-10-05,0.5553445998388918,1.174470316891251,0.6000083335957632,물리적이상(범위초과),min_val < -1 또는 max_val > 1
H2.ZE67,PF,2022-10-18,0.4270557483513768,7.84619597021069,0.8302412963354561,물리적이상(범위초과),min_val < -1 또는 max_val > 1
H2.ZE67,PF,2022-12-24,0.4968184248100361,1.3626453234279,0.5460199701724845,물리적이상(범위초과),min_val < -1 또는 max_val > 1
H2.ZE67,PF,2022-12-25,0.4905063554440901,5.120502007292539,0.7001169621493261,물리적이상(범위초과),min_val < -1 또는 max_val > 1
H2.ZE67,PF,2023-01-09,0.4919094510664772,4.568021070241868,0.6782161846749487,물리적이상(범위초과),min_val < -1 또는 max_val > 1
H2.ZE67,PF,2023-01-11,0.4900746638962459,8.452129171854029,0.8457237098416265,물리적이상(범위초과),min_val < -1 또는 max_val > 1
H2.ZE67,PF,2023-01-24,0.4819060016576048,3.7755664110044815,0.6359887463049867,물리적이상(범위초과),min_val < -1 또는 max_val > 1
H2.ZE67,PF,2023-04-01,0.4954976341827877,6.79887677644522,0.7689067498406382,물리적이상(범위초과),min_val < -1 또는 max_val > 1
H2.ZE67,PF,2023-04-15,0.488398440090843,5.687703838521634,0.7132778821699999,물리적이상(범위초과),min_val < -1 또는 max_val > 1
H2.ZE67,PF,2023-05-12,0.5109642803908969,6.72191291352892,0.7825693137566841,물리적이상(범위초과),min_val < -1 또는 max_val > 1
H2.ZE67,PF,2023-05-13,0.5022898496642434,1.1644063364751238,0.5430645451800873,물리적이상(범위초과),min_val < -1 또는 max_val > 1
H2.ZE67,PF,2023-11-11,0.5682660328928737,3.3747691677119303,0.7066282197730755,물리적이상(범위초과),min_val < -1 또는 max_val > 1
H2.ZE67,PF,2023-11-14,0.5706939593494346,6.558616371482222,0.8496066051801225,물리적이상(범위초과),min_val < -1 또는 max_val > 1
H2.ZE67,PF,2023-11-29,0.5850914779468249,3.6558226441552018,0.7268525906848496,물리적이상(범위초과),min_val < -1 또는 max_val > 1
H2.ZE67,PF,2023-12-08,0.5922706652699881,5.750378634156917,0.8177342449267871,물리적이상(범위초과),min_val < -1 또는 max_val > 1
H2.ZE67,PF,2023-12-11,0.5928996255645217,6.996829974660963,0.8779774907365979,물리적이상(범위초과),min_val < -1 또는 max_val > 1
H2.ZE67,PF,2023-12-13,0.5960102993350993,6.619927042280072,0.863493312931812,물리적이상(범위초과),min_val < -1 또는 max_val > 1
H2.ZE67,PF,2023-12-28,0.3872306969415969,7.453301560996829,0.8064399074452581,물리적이상(범위초과),min_val < -1 또는 max_val > 1
H2.ZE67,PF1,2023-12-22,0.8160011119654276,0.847861968384184,0.8316830011978892,통계적이상(3sigma),"mean=0.8827, sigma=0.0159, lower=0.8350, upper=0.9304"
H2.ZE67,PF1,2023-12-23,0.824118170077512,0.8433073597957301,0.8324081499585966,통계적이상(3sigma),"mean=0.8827, sigma=0.0159, lower=0.8350, upper=0.9304"
H2.ZE67,PF1,2023-12-24,0.8179198579733964,0.8365979672880114,0.8292776825552837,통계적이상(3sigma),"mean=0.8827, sigma=0.0159, lower=0.8350, upper=0.9304"
H2.ZE67,PF1,2023-12-25,0.8205785198355275,0.8467702335800038,0.8295266703657678,통계적이상(3sigma),"mean=0.8827, sigma=0.0159, lower=0.8350, upper=0.9304"
H2.ZE67,PF1,2023-12-26,0.8227146747662807,0.8390672434451114,0.8323018584649434,통계적이상(3sigma),"mean=0.8827, sigma=0.0159, lower=0.8350, upper=0.9304"
H2.ZE67,PF3,2023-10-31,0.82033425569534,0.82033425569534,0.8203342556953398,통계적이상(3sigma),"mean=0.9733, sigma=0.0407, lower=0.8513, upper=1.0953"
H2.ZE67,PF3,2023-11-01,0.82033425569534,0.82033425569534,0.8203342556953398,통계적이상(3sigma),"mean=0.9733, sigma=0.0407, lower=0.8513, upper=1.0953"
H2.ZE67,PF3,2023-11-02,0.82033425569534,0.82033425569534,0.8203342556953398,통계적이상(3sigma),"mean=0.9733, sigma=0.0407, lower=0.8513, upper=1.0953"
H2.ZE67,PF3,2023-11-03,0.82033425569534,0.82033425569534,0.8203342556953398,통계적이상(3sigma),"mean=0.9733, sigma=0.0407, lower=0.8513, upper=1.0953"
H2.ZE67,PF3,2023-11-04,0.82033425569534,0.82033425569534,0.8203342556953398,통계적이상(3sigma),"mean=0.9733, sigma=0.0407, lower=0.8513, upper=1.0953"
H2.ZE67,PF3,2023-11-05,0.82033425569534,0.82033425569534,0.8203342556953398,통계적이상(3sigma),"mean=0.9733, sigma=0.0407, lower=0.8513, upper=1.0953"
H2.ZE67,PF3,2023-11-24,0.8281444418605662,0.8609685841700269,0.8471512452304354,통계적이상(3sigma),"mean=0.9733, sigma=0.0407, lower=0.8513, upper=1.0953"
H2.ZE67,PF3,2023-11-25,0.8341845206277342,0.8574809608931321,0.8449082637285894,통계적이상(3sigma),"mean=0.9733, sigma=0.0407, lower=0.8513, upper=1.0953"
H2.ZE67,PF3,2023-11-26,0.827674577021553,0.8637514340793728,0.8486964472297481,통계적이상(3sigma),"mean=0.9733, sigma=0.0407, lower=0.8513, upper=1.0953"
H2.ZE67,PF3,2023-11-27,0.8214875070312566,0.8559448359201808,0.8450784608713887,통계적이상(3sigma),"mean=0.9733, sigma=0.0407, lower=0.8513, upper=1.0953"
H2.ZE67,PF3,2023-11-28,0.8300807389240662,0.8537659711852057,0.8442990525577168,통계적이상(3sigma),"mean=0.9733, sigma=0.0407, lower=0.8513, upper=1.0953"
H2.ZE67,PF3,2023-11-29,0.8287697424842969,0.8600272379836293,0.8431119891361751,통계적이상(3sigma),"mean=0.9733, sigma=0.0407, lower=0.8513, upper=1.0953"
H2.ZE67,PF3,2023-12-08,0.8325170867074653,0.8504822755854682,0.8423608615205124,통계적이상(3sigma),"mean=0.9733, sigma=0.0407, lower=0.8513, upper=1.0953"
H2.ZE67,PF3,2023-12-09,0.8298155928318267,0.8632572597156674,0.8481344986053134,통계적이상(3sigma),"mean=0.9733, sigma=0.0407, lower=0.8513, upper=1.0953"
H2.ZE67,PF3,2023-12-10,0.8398940070147606,0.8619543889197119,0.849359809847865,통계적이상(3sigma),"mean=0.9733, sigma=0.0407, lower=0.8513, upper=1.0953"
H2.ZE67,PF3,2023-12-21,0.81585115194321,0.8829029045505086,0.8455886425339346,통계적이상(3sigma),"mean=0.9733, sigma=0.0407, lower=0.8513, upper=1.0953"
H2.ZE67,PF3,2023-12-22,0.8292409324620683,0.8590347092406635,0.8426350909491966,통계적이상(3sigma),"mean=0.9733, sigma=0.0407, lower=0.8513, upper=1.0953"
H2.ZE67,PF3,2023-12-23,0.8280079424986692,0.8595000518499656,0.8458204109065203,통계적이상(3sigma),"mean=0.9733, sigma=0.0407, lower=0.8513, upper=1.0953"
H2.ZE67,PF3,2023-12-24,0.8259578396170163,0.8537617630357626,0.8402751740190335,통계적이상(3sigma),"mean=0.9733, sigma=0.0407, lower=0.8513, upper=1.0953"
H2.ZE67,PF3,2023-12-25,0.8261260420961637,0.8557664948355427,0.8403537029009326,통계적이상(3sigma),"mean=0.9733, sigma=0.0407, lower=0.8513, upper=1.0953"
H2.ZE67,PF3,2023-12-26,0.833311333089822,0.8583836084000306,0.8470635126689418,통계적이상(3sigma),"mean=0.9733, sigma=0.0407, lower=0.8513, upper=1.0953"
H2.ZE67,PF3,2023-12-27,0.8384365908865655,0.8598204353176944,0.8507504518774748,통계적이상(3sigma),"mean=0.9733, sigma=0.0407, lower=0.8513, upper=1.0953"
H2.ZE67,PF3,2023-12-28,0.8314675524562791,0.8617899395415615,0.8475736729161182,통계적이상(3sigma),"mean=0.9733, sigma=0.0407, lower=0.8513, upper=1.0953"
H2.ZE74,PF2,2022-03-18,-0.8295111527045568,-0.2966576943348629,-0.7476294819449838,통계적이상(3sigma),"mean=0.4135, sigma=0.1702, lower=-0.0971, upper=0.9241"
H2.ZE74,PF2,2022-03-30,-0.1250120535566274,-0.0558862646462187,-0.1043085582693715,통계적이상(3sigma),"mean=0.4135, sigma=0.1702, lower=-0.0971, upper=0.9241"
H2.ZE74,PF2,2022-03-31,-0.1333247054093763,-0.0599115479364989,-0.10986579548099973,통계적이상(3sigma),"mean=0.4135, sigma=0.1702, lower=-0.0971, upper=0.9241"
H2.ZE74,PF3,2022-03-19,0.0219456139434542,0.110733212381601,0.0496700930418133,통계적이상(3sigma),"mean=0.7258, sigma=0.1752, lower=0.2000, upper=1.2515"
H2.ZE74,PF3,2022-03-20,0.0189833387111623,0.0905200204946508,0.04678069128372472,통계적이상(3sigma),"mean=0.7258, sigma=0.1752, lower=0.2000, upper=1.2515"
H2.ZE74,PF3,2022-03-21,0.024352749690103,0.1205376953217721,0.059334124105214964,통계적이상(3sigma),"mean=0.7258, sigma=0.1752, lower=0.2000, upper=1.2515"
H2.ZE74,PF3,2022-03-22,0.0243714041775092,0.1226629669095077,0.0633746610909368,통계적이상(3sigma),"mean=0.7258, sigma=0.1752, lower=0.2000, upper=1.2515"
H2.ZE74,PF3,2022-03-23,0.0245644818763765,0.1194124688456456,0.06288323069615372,통계적이상(3sigma),"mean=0.7258, sigma=0.1752, lower=0.2000, upper=1.2515"
H2.ZE74,PF3,2022-03-24,0.023848896586957,0.120476724666854,0.06341433597690956,통계적이상(3sigma),"mean=0.7258, sigma=0.1752, lower=0.2000, upper=1.2515"
H2.ZE74,PF3,2022-03-25,0.0198603690342713,0.1164515341942505,0.056686441313505254,통계적이상(3sigma),"mean=0.7258, sigma=0.1752, lower=0.2000, upper=1.2515"
H2.ZE74,PF3,2022-03-26,0.0179740395303815,0.1100693909968765,0.04434514032190442,통계적이상(3sigma),"mean=0.7258, sigma=0.1752, lower=0.2000, upper=1.2515"
H2.ZE74,PF3,2022-03-27,0.0165292706568207,0.1081596309733064,0.05496911621470598,통계적이상(3sigma),"mean=0.7258, sigma=0.1752, lower=0.2000, upper=1.2515"
H2.ZE74,PF3,2022-03-28,0.0243818887453404,0.1170064788725642,0.05832139605624557,통계적이상(3sigma),"mean=0.7258, sigma=0.1752, lower=0.2000, upper=1.2515"
H2.ZE74,PF3,2022-03-29,0.0243418973496043,0.1153733591735362,0.04482845406174654,통계적이상(3sigma),"mean=0.7258, sigma=0.1752, lower=0.2000, upper=1.2515"
H2.ZE74,PF3,2022-03-30,0.0306779824660601,0.1114923456870018,0.05050659018326681,통계적이상(3sigma),"mean=0.7258, sigma=0.1752, lower=0.2000, upper=1.2515"
H2.ZE74,PF3,2022-03-31,0.0247499356729288,0.1045203137770296,0.04669314292514318,통계적이상(3sigma),"mean=0.7258, sigma=0.1752, lower=0.2000, upper=1.2515"
H2.ZE74,PF3,2022-04-01,0.0263170242495834,0.2160961284902355,0.1322706633113225,통계적이상(3sigma),"mean=0.7258, sigma=0.1752, lower=0.2000, upper=1.2515"
H3.Z312,PF,2022-06-22,-0.1082707302576423,-0.0043367948124549,-0.07765232043666721,통계적이상(3sigma),"mean=-0.4685, sigma=0.1288, lower=-0.8549, upper=-0.0820"
H3.Z312,PF,2023-11-28,-0.5202608783023226,-0.0030417513460532,-0.06545820852740479,통계적이상(3sigma),"mean=-0.4685, sigma=0.1288, lower=-0.8549, upper=-0.0820"
H3.Z312,PF1,2021-06-15,-1.0000000018874835,-0.0027659783066822,-0.6777004082251045,물리적이상(범위초과),min_val < -1 또는 max_val > 1
H3.Z312,PF1,2022-06-21,-0.9999686543273948,1.0,0.31519322245192993,통계적이상(3sigma),"mean=-0.4924, sigma=0.1318, lower=-0.8880, upper=-0.0969"
H3.Z312,PF1,2022-06-22,1.0,1.0,1.0,통계적이상(3sigma),"mean=-0.4924, sigma=0.1318, lower=-0.8880, upper=-0.0969"
H3.Z312,PF1,2022-06-23,-0.9999351251531324,1.0,0.11482980078138387,통계적이상(3sigma),"mean=-0.4924, sigma=0.1318, lower=-0.8880, upper=-0.0969"
H3.Z312,PF2,2022-06-21,-0.9999539742209272,1.0,0.31015654980275326,통계적이상(3sigma),"mean=-0.4961, sigma=0.1335, lower=-0.8966, upper=-0.0956"
H3.Z312,PF2,2022-06-22,1.0,1.0,1.0,통계적이상(3sigma),"mean=-0.4961, sigma=0.1335, lower=-0.8966, upper=-0.0956"
H3.Z312,PF2,2022-06-23,-0.9999705941024792,1.0,0.11454592390497027,통계적이상(3sigma),"mean=-0.4961, sigma=0.1335, lower=-0.8966, upper=-0.0956"
H3.Z312,PF3,2022-06-22,-0.1085892296418371,-0.0052612178987036,-0.0780878283642652,통계적이상(3sigma),"mean=-0.4936, sigma=0.1249, lower=-0.8684, upper=-0.1189"
H3.Z312,PF3,2023-11-28,-0.8980306348391949,0.0021645408115517,-0.1133902748965852,통계적이상(3sigma),"mean=-0.4936, sigma=0.1249, lower=-0.8684, upper=-0.1189"
H3.Z40,PF,2020-01-24,0.954199800193221,0.9987013225888284,0.9871158781818471,통계적이상(3sigma),"mean=0.9171, sigma=0.0193, lower=0.8591, upper=0.9751"
H3.Z40,PF,2020-04-19,0.8413749999999999,0.86505,0.8563177083333332,통계적이상(3sigma),"mean=0.9171, sigma=0.0193, lower=0.8591, upper=0.9751"
H3.Z40,PF,2023-04-29,0.0,0.9366916666666668,0.8272979166666667,통계적이상(3sigma),"mean=0.9171, sigma=0.0193, lower=0.8591, upper=0.9751"
H3.Z40,PF1,2018-11-10,0.5555333333333333,0.983125,0.7863083333333334,통계적이상(3sigma),"mean=0.8987, sigma=0.0291, lower=0.8114, upper=0.9860"
H3.Z40,PF1,2019-11-09,0.7625113167300877,0.811660327385924,0.7876657566439698,통계적이상(3sigma),"mean=0.8987, sigma=0.0291, lower=0.8114, upper=0.9860"
H3.Z40,PF1,2019-11-10,0.7589790564746347,0.8058285332154453,0.7799985151291983,통계적이상(3sigma),"mean=0.8987, sigma=0.0291, lower=0.8114, upper=0.9860"
H3.Z40,PF1,2019-11-16,0.7986673227846063,0.814411579093169,0.806903775387935,통계적이상(3sigma),"mean=0.8987, sigma=0.0291, lower=0.8114, upper=0.9860"
H3.Z40,PF1,2019-11-24,0.7907181865269464,0.8222206810055602,0.8098446087135535,통계적이상(3sigma),"mean=0.8987, sigma=0.0291, lower=0.8114, upper=0.9860"
H3.Z40,PF1,2019-12-14,0.7820393078182433,0.8125575284812727,0.7946397146366094,통계적이상(3sigma),"mean=0.8987, sigma=0.0291, lower=0.8114, upper=0.9860"
H3.Z40,PF1,2019-12-25,0.7834131946062464,0.8090853342862884,0.7963953899442502,통계적이상(3sigma),"mean=0.8987, sigma=0.0291, lower=0.8114, upper=0.9860"
H3.Z40,PF1,2020-01-05,0.7947980670674849,0.8292209550216257,0.8016528313712624,통계적이상(3sigma),"mean=0.8987, sigma=0.0291, lower=0.8114, upper=0.9860"
H3.Z40,PF1,2020-02-02,0.7892717361813254,0.8123784341675255,0.7952806689926192,통계적이상(3sigma),"mean=0.8987, sigma=0.0291, lower=0.8114, upper=0.9860"
H3.Z40,PF1,2020-02-16,0.7892340230040885,0.8120755521263112,0.8057379145170206,통계적이상(3sigma),"mean=0.8987, sigma=0.0291, lower=0.8114, upper=0.9860"
H3.Z40,PF1,2020-03-01,0.781866712285256,0.8022640998713623,0.7886064475779387,통계적이상(3sigma),"mean=0.8987, sigma=0.0291, lower=0.8114, upper=0.9860"
H3.Z40,PF1,2020-04-19,0.7863666666666667,0.8275166666666666,0.8087461805555556,통계적이상(3sigma),"mean=0.8987, sigma=0.0291, lower=0.8114, upper=0.9860"
H3.Z40,PF1,2020-05-02,0.787475,0.821375,0.7963677083333334,통계적이상(3sigma),"mean=0.8987, sigma=0.0291, lower=0.8114, upper=0.9860"
H3.Z40,PF1,2020-05-21,0.7854500000000001,0.8161749999999999,0.8006805555555556,통계적이상(3sigma),"mean=0.8987, sigma=0.0291, lower=0.8114, upper=0.9860"
H3.Z40,PF1,2023-04-29,0.0,0.9597833333333332,0.80455,통계적이상(3sigma),"mean=0.8987, sigma=0.0291, lower=0.8114, upper=0.9860"
H3.Z40,PF1,2023-06-24,0.6539833333333332,0.908978559322034,0.7930493924980925,통계적이상(3sigma),"mean=0.8987, sigma=0.0291, lower=0.8114, upper=0.9860"
H3.Z40,PF1,2023-07-16,0.7212,0.7930416666666666,0.7305319444444446,통계적이상(3sigma),"mean=0.8987, sigma=0.0291, lower=0.8114, upper=0.9860"
H3.Z40,PF2,2019-06-20,0.8140945859967615,0.8269675365138193,0.8186343232807946,통계적이상(3sigma),"mean=0.9013, sigma=0.0264, lower=0.8220, upper=0.9807"
H3.Z40,PF2,2019-06-21,0.812066435270338,0.8195745899623561,0.8164461062391729,통계적이상(3sigma),"mean=0.9013, sigma=0.0264, lower=0.8220, upper=0.9807"
H3.Z40,PF2,2019-06-22,0.8110706211934734,0.8380365376718371,0.8162614615717244,통계적이상(3sigma),"mean=0.9013, sigma=0.0264, lower=0.8220, upper=0.9807"
H3.Z40,PF2,2019-06-23,0.8139369961540783,0.8256935651721006,0.8186557391945345,통계적이상(3sigma),"mean=0.9013, sigma=0.0264, lower=0.8220, upper=0.9807"
H3.Z40,PF2,2019-06-29,0.8158865031563133,0.8279393414450265,0.8213747109941231,통계적이상(3sigma),"mean=0.9013, sigma=0.0264, lower=0.8220, upper=0.9807"
H3.Z40,PF2,2019-06-30,0.8154993205916882,0.8281180190088276,0.8205683157295472,통계적이상(3sigma),"mean=0.9013, sigma=0.0264, lower=0.8220, upper=0.9807"
H3.Z40,PF2,2019-07-13,0.8156901085366018,0.8243996652311457,0.8192711952683419,통계적이상(3sigma),"mean=0.9013, sigma=0.0264, lower=0.8220, upper=0.9807"
H3.Z40,PF2,2019-07-14,0.8133755043039894,0.8239976188208149,0.8188467832941747,통계적이상(3sigma),"mean=0.9013, sigma=0.0264, lower=0.8220, upper=0.9807"
H3.Z40,PF2,2019-07-20,0.8151164089756702,0.8222223355111649,0.8185290045155593,통계적이상(3sigma),"mean=0.9013, sigma=0.0264, lower=0.8220, upper=0.9807"
H3.Z40,PF2,2019-07-21,0.8111824922104233,0.8224239283311715,0.8168290104712367,통계적이상(3sigma),"mean=0.9013, sigma=0.0264, lower=0.8220, upper=0.9807"
H3.Z40,PF2,2019-07-27,0.8162621465510097,0.8221214634171232,0.8185061886284223,통계적이상(3sigma),"mean=0.9013, sigma=0.0264, lower=0.8220, upper=0.9807"
H3.Z40,PF2,2019-07-28,0.8154084034856675,0.8315859207291008,0.8194328285504976,통계적이상(3sigma),"mean=0.9013, sigma=0.0264, lower=0.8220, upper=0.9807"
H3.Z40,PF2,2019-08-11,0.8122994108562747,0.8325970547494902,0.820217407857034,통계적이상(3sigma),"mean=0.9013, sigma=0.0264, lower=0.8220, upper=0.9807"
H3.Z40,PF2,2019-08-18,0.8027885499439111,0.8351506762085201,0.8217641850190008,통계적이상(3sigma),"mean=0.9013, sigma=0.0264, lower=0.8220, upper=0.9807"
H3.Z40,PF2,2023-04-29,0.0,0.9002,0.8183750000000001,통계적이상(3sigma),"mean=0.9013, sigma=0.0264, lower=0.8220, upper=0.9807"
H3.Z40,PF3,2018-11-11,0.8892583333333334,0.8934333333333334,0.8903222222222221,통계적이상(3sigma),"mean=0.9375, sigma=0.0128, lower=0.8992, upper=0.9758"
H3.Z40,PF3,2021-01-30,0.7512666666666666,0.9811166666666666,0.8966048611111112,통계적이상(3sigma),"mean=0.9375, sigma=0.0128, lower=0.8992, upper=0.9758"
H3.Z40,PF3,2023-04-29,0.0,0.9508583333333332,0.8491434027777777,통계적이상(3sigma),"mean=0.9375, sigma=0.0128, lower=0.8992, upper=0.9758"
H3.Z40,PF3,2023-07-01,0.8782460317460318,0.912570688225539,0.8951694977928919,통계적이상(3sigma),"mean=0.9375, sigma=0.0128, lower=0.8992, upper=0.9758"
H3.Z40,PF3,2023-07-02,0.8803474358974359,0.9151778044871794,0.8988728679567414,통계적이상(3sigma),"mean=0.9375, sigma=0.0128, lower=0.8992, upper=0.9758"
H3.Z41,PF,2023-04-29,0.0,0.9214083333333334,0.7452940972222223,통계적이상(3sigma),"mean=0.8917, sigma=0.0417, lower=0.7667, upper=1.0167"
H3.Z41,PF,2023-04-30,0.6977999999999999,0.722925,0.7089333333333334,통계적이상(3sigma),"mean=0.8917, sigma=0.0417, lower=0.7667, upper=1.0167"
H3.Z41,PF,2023-05-01,0.706225,0.7283333333333333,0.7125732638888889,통계적이상(3sigma),"mean=0.8917, sigma=0.0417, lower=0.7667, upper=1.0167"
H3.Z41,PF1,2023-04-30,0.5859666666666666,0.59435,0.5920670138888887,통계적이상(3sigma),"mean=0.8627, sigma=0.0666, lower=0.6628, upper=1.0626"
H3.Z41,PF1,2023-05-01,0.59035,0.5978999999999999,0.5941590277777777,통계적이상(3sigma),"mean=0.8627, sigma=0.0666, lower=0.6628, upper=1.0626"
H3.Z41,PF2,2018-11-10,0.9141,0.9978333333333332,0.9770753472222222,통계적이상(3sigma),"mean=0.8581, sigma=0.0385, lower=0.7426, upper=0.9735"
H3.Z41,PF2,2023-04-30,0.7067499999999999,0.7603416666666667,0.7351805555555556,통계적이상(3sigma),"mean=0.8581, sigma=0.0385, lower=0.7426, upper=0.9735"
H3.Z41,PF2,2023-05-01,0.7247333333333333,0.7575500000000001,0.7370770833333333,통계적이상(3sigma),"mean=0.8581, sigma=0.0385, lower=0.7426, upper=0.9735"
H3.Z41,PF3,2018-02-03,0.8829166666666667,0.8927583333333333,0.8857975470430107,통계적이상(3sigma),"mean=0.9471, sigma=0.0177, lower=0.8940, upper=1.0002"
H3.Z41,PF3,2018-02-04,0.8826833333333333,0.8891916666666667,0.8860475808287797,통계적이상(3sigma),"mean=0.9471, sigma=0.0177, lower=0.8940, upper=1.0002"
H3.Z41,PF3,2018-02-10,0.8862833333333333,0.8943666666666666,0.8912368923611113,통계적이상(3sigma),"mean=0.9471, sigma=0.0177, lower=0.8940, upper=1.0002"
H3.Z41,PF3,2018-02-17,0.8879583333333334,0.8935,0.8903461805555556,통계적이상(3sigma),"mean=0.9471, sigma=0.0177, lower=0.8940, upper=1.0002"
H3.Z41,PF3,2018-02-18,0.8879333333333334,0.8948833333333333,0.8915984880179874,통계적이상(3sigma),"mean=0.9471, sigma=0.0177, lower=0.8940, upper=1.0002"
H3.Z41,PF3,2018-02-24,0.8868833333333334,0.894625,0.8897352864583334,통계적이상(3sigma),"mean=0.9471, sigma=0.0177, lower=0.8940, upper=1.0002"
H3.Z41,PF3,2018-02-25,0.8873613387978143,0.8951583333333333,0.8919120104735884,통계적이상(3sigma),"mean=0.9471, sigma=0.0177, lower=0.8940, upper=1.0002"
H3.Z41,PF3,2018-03-03,0.8702166666666666,0.8818,0.874815625,통계적이상(3sigma),"mean=0.9471, sigma=0.0177, lower=0.8940, upper=1.0002"
H3.Z41,PF3,2018-03-04,0.8730916666666667,0.8802166666666668,0.8770760416666668,통계적이상(3sigma),"mean=0.9471, sigma=0.0177, lower=0.8940, upper=1.0002"
H3.Z41,PF3,2018-03-17,0.865475,0.8760333333333333,0.87038125,통계적이상(3sigma),"mean=0.9471, sigma=0.0177, lower=0.8940, upper=1.0002"
H3.Z41,PF3,2018-03-18,0.8684999999999999,0.8747083333333333,0.8714931899641575,통계적이상(3sigma),"mean=0.9471, sigma=0.0177, lower=0.8940, upper=1.0002"
H3.Z41,PF3,2018-03-24,0.873225,0.8858083333333333,0.8767308344717667,통계적이상(3sigma),"mean=0.9471, sigma=0.0177, lower=0.8940, upper=1.0002"
H3.Z41,PF3,2018-03-25,0.8733749999999999,0.88955,0.8793204428718506,통계적이상(3sigma),"mean=0.9471, sigma=0.0177, lower=0.8940, upper=1.0002"
H3.Z41,PF3,2018-04-14,0.8875833333333334,0.8973416666666666,0.8912540129781421,통계적이상(3sigma),"mean=0.9471, sigma=0.0177, lower=0.8940, upper=1.0002"
H3.Z41,PF3,2018-04-21,0.8734333333333333,0.8955666666666667,0.8813161202185794,통계적이상(3sigma),"mean=0.9471, sigma=0.0177, lower=0.8940, upper=1.0002"
H3.Z41,PF3,2018-04-22,0.8730458333333334,0.8878833333333334,0.8793067708333334,통계적이상(3sigma),"mean=0.9471, sigma=0.0177, lower=0.8940, upper=1.0002"
H3.Z41,PF3,2021-01-30,0.7819333333333334,0.9230416666666666,0.8296010416666667,통계적이상(3sigma),"mean=0.9471, sigma=0.0177, lower=0.8940, upper=1.0002"
H3.Z41,PF3,2021-01-31,0.7777583333333333,0.79125,0.7837930555555556,통계적이상(3sigma),"mean=0.9471, sigma=0.0177, lower=0.8940, upper=1.0002"
H3.Z41,PF3,2021-02-01,0.7159166666666666,0.9791583333333332,0.8594673611111109,통계적이상(3sigma),"mean=0.9471, sigma=0.0177, lower=0.8940, upper=1.0002"
H3.Z41,PF3,2023-04-29,0.0,0.933825,0.8477840277777777,통계적이상(3sigma),"mean=0.9471, sigma=0.0177, lower=0.8940, upper=1.0002"
H3.Z41,PF3,2023-06-24,0.7780333333333334,0.9422416666666664,0.8344836332070708,통계적이상(3sigma),"mean=0.9471, sigma=0.0177, lower=0.8940, upper=1.0002"
H3.Z41,PF3,2023-06-25,0.7800333333333334,0.7979083333333334,0.7886925347222222,통계적이상(3sigma),"mean=0.9471, sigma=0.0177, lower=0.8940, upper=1.0002"
H3.Z42,PF,2019-07-13,0.528382959518996,0.6253835563367354,0.5732892528615378,통계적이상(3sigma),"mean=0.8177, sigma=0.0809, lower=0.5751, upper=1.0603"
H3.Z42,PF,2020-02-16,0.565916459982453,0.5768278966351252,0.5707271590617647,통계적이상(3sigma),"mean=0.8177, sigma=0.0809, lower=0.5751, upper=1.0603"
H3.Z42,PF,2020-02-23,0.5476496391017315,0.5583163320391958,0.5527866187302529,통계적이상(3sigma),"mean=0.8177, sigma=0.0809, lower=0.5751, upper=1.0603"
H3.Z42,PF,2020-04-19,0.5527833333333334,0.6073000000000001,0.5742118055555555,통계적이상(3sigma),"mean=0.8177, sigma=0.0809, lower=0.5751, upper=1.0603"
H3.Z42,PF,2020-05-30,0.4924,0.6471666666666667,0.5461465277777777,통계적이상(3sigma),"mean=0.8177, sigma=0.0809, lower=0.5751, upper=1.0603"
H3.Z42,PF,2020-05-31,0.4878833333333333,0.5819868852459016,0.5265605646630236,통계적이상(3sigma),"mean=0.8177, sigma=0.0809, lower=0.5751, upper=1.0603"
H3.Z42,PF,2020-06-06,0.497,0.8985833333333333,0.5349166666666666,통계적이상(3sigma),"mean=0.8177, sigma=0.0809, lower=0.5751, upper=1.0603"
H3.Z42,PF,2020-06-07,0.497525,0.5063107923497268,0.5019712830145721,통계적이상(3sigma),"mean=0.8177, sigma=0.0809, lower=0.5751, upper=1.0603"
H3.Z42,PF,2020-06-11,0.4969366120218579,0.7954333333333333,0.5238647199453552,통계적이상(3sigma),"mean=0.8177, sigma=0.0809, lower=0.5751, upper=1.0603"
H3.Z42,PF,2020-06-13,0.4993583333333333,0.5076916666666667,0.5037817793715847,통계적이상(3sigma),"mean=0.8177, sigma=0.0809, lower=0.5751, upper=1.0603"
H3.Z42,PF,2020-06-14,0.5007416666666666,0.5070666666666667,0.5039059027777778,통계적이상(3sigma),"mean=0.8177, sigma=0.0809, lower=0.5751, upper=1.0603"
H3.Z42,PF,2020-06-20,0.50115,0.5082583333333334,0.5054388888888888,통계적이상(3sigma),"mean=0.8177, sigma=0.0809, lower=0.5751, upper=1.0603"
H3.Z42,PF,2020-06-21,0.5008583333333333,0.5063083333333334,0.503863888888889,통계적이상(3sigma),"mean=0.8177, sigma=0.0809, lower=0.5751, upper=1.0603"
H3.Z42,PF,2020-06-27,0.5012333333333333,0.510975,0.5064822916666666,통계적이상(3sigma),"mean=0.8177, sigma=0.0809, lower=0.5751, upper=1.0603"
H3.Z42,PF,2020-06-28,0.4958,0.50565,0.5002697916666669,통계적이상(3sigma),"mean=0.8177, sigma=0.0809, lower=0.5751, upper=1.0603"
H3.Z42,PF,2022-10-22,0.5170833333333333,0.5226916666666667,0.5198465277777777,통계적이상(3sigma),"mean=0.8177, sigma=0.0809, lower=0.5751, upper=1.0603"
H3.Z42,PF,2022-10-29,0.5135333333333334,0.52245,0.5189579861111111,통계적이상(3sigma),"mean=0.8177, sigma=0.0809, lower=0.5751, upper=1.0603"
H3.Z42,PF,2022-12-24,0.5068166666666667,0.51885,0.5133232638888889,통계적이상(3sigma),"mean=0.8177, sigma=0.0809, lower=0.5751, upper=1.0603"
H3.Z42,PF,2022-12-25,0.5039250000000001,0.5266666666666667,0.5132618055555557,통계적이상(3sigma),"mean=0.8177, sigma=0.0809, lower=0.5751, upper=1.0603"
H3.Z42,PF,2022-12-26,0.502625,0.8986416666666667,0.5605125,통계적이상(3sigma),"mean=0.8177, sigma=0.0809, lower=0.5751, upper=1.0603"
H3.Z42,PF,2022-12-31,0.508975,0.5188083333333334,0.5134791666666667,통계적이상(3sigma),"mean=0.8177, sigma=0.0809, lower=0.5751, upper=1.0603"
H3.Z42,PF,2023-01-01,0.5062083333333333,0.5178083333333333,0.5120305555555555,통계적이상(3sigma),"mean=0.8177, sigma=0.0809, lower=0.5751, upper=1.0603"
H3.Z42,PF,2023-01-02,0.5113583333333334,0.5233583333333334,0.5190489583333334,통계적이상(3sigma),"mean=0.8177, sigma=0.0809, lower=0.5751, upper=1.0603"
H3.Z42,PF,2023-02-18,0.51555,0.5227333333333334,0.5194975694444445,통계적이상(3sigma),"mean=0.8177, sigma=0.0809, lower=0.5751, upper=1.0603"
H3.Z42,PF,2023-03-18,0.5184666666666666,0.523475,0.5212010416666667,통계적이상(3sigma),"mean=0.8177, sigma=0.0809, lower=0.5751, upper=1.0603"
H3.Z42,PF,2023-03-25,0.516425,0.523625,0.5199684027777778,통계적이상(3sigma),"mean=0.8177, sigma=0.0809, lower=0.5751, upper=1.0603"
H3.Z42,PF,2023-04-01,0.51775,0.52195,0.5194020833333334,통계적이상(3sigma),"mean=0.8177, sigma=0.0809, lower=0.5751, upper=1.0603"
H3.Z42,PF,2023-11-19,0.5173333333333333,0.521675,0.5196870701058202,통계적이상(3sigma),"mean=0.8177, sigma=0.0809, lower=0.5751, upper=1.0603"
H3.Z42,PF1,2018-11-29,0.0,0.77985,0.07296562499999999,통계적이상(3sigma),"mean=0.7943, sigma=0.0687, lower=0.5883, upper=1.0004"
H3.Z42,PF1,2018-11-30,0.0,0.8481249999999999,0.50245,통계적이상(3sigma),"mean=0.7943, sigma=0.0687, lower=0.5883, upper=1.0004"
H3.Z42,PF1,2019-06-08,0.5422719057528239,0.5679005074097608,0.5519269555168936,통계적이상(3sigma),"mean=0.7943, sigma=0.0687, lower=0.5883, upper=1.0004"
H3.Z42,PF1,2019-06-09,0.5432260814176071,0.5818407765107744,0.5662773060194145,통계적이상(3sigma),"mean=0.7943, sigma=0.0687, lower=0.5883, upper=1.0004"
H3.Z42,PF1,2019-06-15,0.5511539142938335,0.5727201443842678,0.5604525040039415,통계적이상(3sigma),"mean=0.7943, sigma=0.0687, lower=0.5883, upper=1.0004"
H3.Z42,PF1,2019-06-16,0.5443024786070335,0.5792057813028039,0.5634862612485024,통계적이상(3sigma),"mean=0.7943, sigma=0.0687, lower=0.5883, upper=1.0004"
H3.Z42,PF1,2019-06-22,0.5411838344115575,0.5775697354045657,0.5531753893357818,통계적이상(3sigma),"mean=0.7943, sigma=0.0687, lower=0.5883, upper=1.0004"
H3.Z42,PF1,2019-06-23,0.5427326717916711,0.5761036541076329,0.5596763696724626,통계적이상(3sigma),"mean=0.7943, sigma=0.0687, lower=0.5883, upper=1.0004"
H3.Z42,PF1,2019-06-29,0.5381861201801938,0.5749669575261449,0.5524226935288242,통계적이상(3sigma),"mean=0.7943, sigma=0.0687, lower=0.5883, upper=1.0004"
H3.Z42,PF1,2019-06-30,0.5347711744621724,0.5708090221634945,0.5438491982238854,통계적이상(3sigma),"mean=0.7943, sigma=0.0687, lower=0.5883, upper=1.0004"
H3.Z42,PF1,2019-07-06,0.5238250608672106,0.5549670892078364,0.5388972893842471,통계적이상(3sigma),"mean=0.7943, sigma=0.0687, lower=0.5883, upper=1.0004"
H3.Z42,PF1,2019-07-07,0.5325975690220613,0.5585207725644301,0.5467348916793602,통계적이상(3sigma),"mean=0.7943, sigma=0.0687, lower=0.5883, upper=1.0004"
H3.Z42,PF1,2019-07-13,0.5362247305803611,0.5612581737311746,0.5455368454347124,통계적이상(3sigma),"mean=0.7943, sigma=0.0687, lower=0.5883, upper=1.0004"
H3.Z42,PF1,2019-07-14,0.534073246102114,0.5668500453581565,0.5479568409285134,통계적이상(3sigma),"mean=0.7943, sigma=0.0687, lower=0.5883, upper=1.0004"
H3.Z42,PF1,2019-07-20,0.5266310134249076,0.558211004715307,0.5418923701438079,통계적이상(3sigma),"mean=0.7943, sigma=0.0687, lower=0.5883, upper=1.0004"
H3.Z42,PF1,2019-07-21,0.5281018409166905,0.5582853976147208,0.5367645158687633,통계적이상(3sigma),"mean=0.7943, sigma=0.0687, lower=0.5883, upper=1.0004"
H3.Z42,PF1,2019-07-27,0.5227360990430091,0.5518257068441387,0.5380157284572737,통계적이상(3sigma),"mean=0.7943, sigma=0.0687, lower=0.5883, upper=1.0004"
H3.Z42,PF1,2019-07-28,0.5279122477961378,0.5498337239434608,0.5421191641349371,통계적이상(3sigma),"mean=0.7943, sigma=0.0687, lower=0.5883, upper=1.0004"
H3.Z42,PF1,2019-08-03,0.5380799602466754,0.5632072541675908,0.5485118154591512,통계적이상(3sigma),"mean=0.7943, sigma=0.0687, lower=0.5883, upper=1.0004"
H3.Z42,PF1,2019-08-04,0.5363747359515603,0.5661919241652101,0.5532763051898314,통계적이상(3sigma),"mean=0.7943, sigma=0.0687, lower=0.5883, upper=1.0004"
H3.Z42,PF1,2019-08-10,0.5241508082049623,0.5514928195173836,0.5379858270974358,통계적이상(3sigma),"mean=0.7943, sigma=0.0687, lower=0.5883, upper=1.0004"
H3.Z42,PF1,2019-08-11,0.52641227829543,0.5550724965180005,0.5355981399617372,통계적이상(3sigma),"mean=0.7943, sigma=0.0687, lower=0.5883, upper=1.0004"
H3.Z42,PF1,2019-08-17,0.5293876942856024,0.5555764309224182,0.5398314358896047,통계적이상(3sigma),"mean=0.7943, sigma=0.0687, lower=0.5883, upper=1.0004"
H3.Z42,PF1,2019-08-18,0.5290628800776117,0.5652807918727568,0.5403743613682789,통계적이상(3sigma),"mean=0.7943, sigma=0.0687, lower=0.5883, upper=1.0004"
H3.Z42,PF1,2022-06-21,0.0,0.8073916666666666,0.3386211805555555,통계적이상(3sigma),"mean=0.7943, sigma=0.0687, lower=0.5883, upper=1.0004"
H3.Z42,PF1,2022-06-22,0.0,0.8159333333333333,0.2539545138888889,통계적이상(3sigma),"mean=0.7943, sigma=0.0687, lower=0.5883, upper=1.0004"
H4.Z50,PF,2018-10-03,0.7378166666666667,0.7732333333333333,0.7550635416666668,통계적이상(3sigma),"mean=0.8635, sigma=0.0337, lower=0.7624, upper=0.9646"
H4.Z50,PF,2018-10-06,0.7451083333333333,0.7738333333333334,0.7591579861111111,통계적이상(3sigma),"mean=0.8635, sigma=0.0337, lower=0.7624, upper=0.9646"
H4.Z50,PF,2018-10-07,0.7358166666666667,0.778925,0.756276736111111,통계적이상(3sigma),"mean=0.8635, sigma=0.0337, lower=0.7624, upper=0.9646"
H4.Z50,PF,2018-11-09,0.6155416666666667,0.9906916666666666,0.7487281249999999,통계적이상(3sigma),"mean=0.8635, sigma=0.0337, lower=0.7624, upper=0.9646"
H4.Z50,PF,2018-11-10,0.6383833333333333,0.9044,0.7146583333333334,통계적이상(3sigma),"mean=0.8635, sigma=0.0337, lower=0.7624, upper=0.9646"
H4.Z50,PF,2018-11-11,0.6978666666666666,0.7729083333333333,0.7420774305555556,통계적이상(3sigma),"mean=0.8635, sigma=0.0337, lower=0.7624, upper=0.9646"
H4.Z50,PF,2019-04-24,0.6458166666666667,0.989288888888889,0.7534871527777778,통계적이상(3sigma),"mean=0.8635, sigma=0.0337, lower=0.7624, upper=0.9646"
H4.Z50,PF,2021-01-29,0.6409666666666667,0.896475,0.7602836805555556,통계적이상(3sigma),"mean=0.8635, sigma=0.0337, lower=0.7624, upper=0.9646"
H4.Z50,PF,2021-01-31,0.6662583333333334,0.8243666666666667,0.73998125,통계적이상(3sigma),"mean=0.8635, sigma=0.0337, lower=0.7624, upper=0.9646"
H4.Z50,PF,2021-02-01,0.6687083333333333,0.8567666666666667,0.7568378472222225,통계적이상(3sigma),"mean=0.8635, sigma=0.0337, lower=0.7624, upper=0.9646"
H4.Z50,PF,2021-06-20,0.7293249999999999,0.7791750000000001,0.7561749999999998,통계적이상(3sigma),"mean=0.8635, sigma=0.0337, lower=0.7624, upper=0.9646"
H4.Z50,PF1,2018-09-07,0.5325166666666666,0.9892583333333334,0.7293131944444444,통계적이상(3sigma),"mean=0.8620, sigma=0.0359, lower=0.7542, upper=0.9698"
H4.Z50,PF1,2018-09-08,0.5311916666666667,0.5583111111111111,0.543671875,통계적이상(3sigma),"mean=0.8620, sigma=0.0359, lower=0.7542, upper=0.9698"
H4.Z50,PF1,2018-09-09,0.526975,0.5606333333333333,0.5427638888888889,통계적이상(3sigma),"mean=0.8620, sigma=0.0359, lower=0.7542, upper=0.9698"
H4.Z50,PF1,2018-09-10,0.5158,0.9872916666666666,0.7218798611111111,통계적이상(3sigma),"mean=0.8620, sigma=0.0359, lower=0.7542, upper=0.9698"
H4.Z50,PF1,2018-09-14,0.5357333333333333,0.988775,0.7262899305555557,통계적이상(3sigma),"mean=0.8620, sigma=0.0359, lower=0.7542, upper=0.9698"
H4.Z50,PF1,2018-09-15,0.5413,0.5625416666666666,0.5527520833333334,통계적이상(3sigma),"mean=0.8620, sigma=0.0359, lower=0.7542, upper=0.9698"
H4.Z50,PF1,2018-09-16,0.5444083333333334,0.567725,0.5542579861111111,통계적이상(3sigma),"mean=0.8620, sigma=0.0359, lower=0.7542, upper=0.9698"
H4.Z50,PF1,2018-09-17,0.5426583333333334,0.9880166666666668,0.7363538194444444,통계적이상(3sigma),"mean=0.8620, sigma=0.0359, lower=0.7542, upper=0.9698"
H4.Z50,PF1,2018-09-21,0.58675,0.9908333333333332,0.7442909722222223,통계적이상(3sigma),"mean=0.8620, sigma=0.0359, lower=0.7542, upper=0.9698"
H4.Z50,PF1,2018-09-22,0.5933416666666667,0.6093,0.6020486111111111,통계적이상(3sigma),"mean=0.8620, sigma=0.0359, lower=0.7542, upper=0.9698"
H4.Z50,PF1,2018-09-23,0.5925416666666666,0.6116833333333334,0.6032118055555555,통계적이상(3sigma),"mean=0.8620, sigma=0.0359, lower=0.7542, upper=0.9698"
H4.Z50,PF1,2018-09-24,0.5897833333333333,0.9914083333333332,0.7391277777777776,통계적이상(3sigma),"mean=0.8620, sigma=0.0359, lower=0.7542, upper=0.9698"
H4.Z50,PF1,2018-09-28,0.5369666666666667,0.9906416666666666,0.7328194444444444,통계적이상(3sigma),"mean=0.8620, sigma=0.0359, lower=0.7542, upper=0.9698"
H4.Z50,PF1,2018-09-29,0.5437083333333333,0.5637666666666666,0.5527618055555555,통계적이상(3sigma),"mean=0.8620, sigma=0.0359, lower=0.7542, upper=0.9698"
H4.Z50,PF1,2018-09-30,0.5443333333333334,0.5657416666666667,0.5541340277777778,통계적이상(3sigma),"mean=0.8620, sigma=0.0359, lower=0.7542, upper=0.9698"
H4.Z50,PF1,2018-10-01,0.5386583333333334,0.9900583333333334,0.7347204861111112,통계적이상(3sigma),"mean=0.8620, sigma=0.0359, lower=0.7542, upper=0.9698"
H4.Z50,PF1,2018-10-06,0.6010083333333333,0.6258083333333333,0.6132930555555556,통계적이상(3sigma),"mean=0.8620, sigma=0.0359, lower=0.7542, upper=0.9698"
H4.Z50,PF1,2018-10-07,0.5991166666666666,0.6246333333333334,0.6097802083333334,통계적이상(3sigma),"mean=0.8620, sigma=0.0359, lower=0.7542, upper=0.9698"
H4.Z50,PF1,2018-10-13,0.6032666666666666,0.625125,0.6137479166666666,통계적이상(3sigma),"mean=0.8620, sigma=0.0359, lower=0.7542, upper=0.9698"
H4.Z50,PF1,2018-10-14,0.59815,0.6180833333333333,0.6100503472222221,통계적이상(3sigma),"mean=0.8620, sigma=0.0359, lower=0.7542, upper=0.9698"
H4.Z50,PF1,2018-10-20,0.5809833333333333,0.5976583333333333,0.5902482638888888,통계적이상(3sigma),"mean=0.8620, sigma=0.0359, lower=0.7542, upper=0.9698"
H4.Z50,PF1,2018-10-21,0.5798,0.6016666666666667,0.5867552083333333,통계적이상(3sigma),"mean=0.8620, sigma=0.0359, lower=0.7542, upper=0.9698"
H4.Z50,PF1,2018-10-22,0.5554083333333334,0.9893916666666668,0.7432579861111112,통계적이상(3sigma),"mean=0.8620, sigma=0.0359, lower=0.7542, upper=0.9698"
H4.Z50,PF1,2018-10-27,0.5991583333333333,0.6194833333333333,0.609023611111111,통계적이상(3sigma),"mean=0.8620, sigma=0.0359, lower=0.7542, upper=0.9698"
H4.Z50,PF1,2018-10-28,0.5998333333333333,0.6181583333333334,0.6081326666666665,통계적이상(3sigma),"mean=0.8620, sigma=0.0359, lower=0.7542, upper=0.9698"
H4.Z50,PF1,2018-11-03,0.6133833333333333,0.665975,0.6469499999999998,통계적이상(3sigma),"mean=0.8620, sigma=0.0359, lower=0.7542, upper=0.9698"
H4.Z50,PF1,2018-11-04,0.6516666666666667,0.7089333333333333,0.6626454861111111,통계적이상(3sigma),"mean=0.8620, sigma=0.0359, lower=0.7542, upper=0.9698"
H4.Z50,PF1,2018-11-09,0.4986916666666666,0.9939833333333332,0.7315256944444442,통계적이상(3sigma),"mean=0.8620, sigma=0.0359, lower=0.7542, upper=0.9698"
H4.Z50,PF1,2018-11-10,0.5453250000000001,0.9561166666666666,0.7185819444444445,통계적이상(3sigma),"mean=0.8620, sigma=0.0359, lower=0.7542, upper=0.9698"
H4.Z50,PF2,2019-01-03,0.6111,0.8686583333333334,0.6832350694444443,통계적이상(3sigma),"mean=0.8466, sigma=0.0497, lower=0.6975, upper=0.9957"
H4.Z50,PF2,2021-01-29,0.5908833333333333,0.8854083333333332,0.6946222222222221,통계적이상(3sigma),"mean=0.8466, sigma=0.0497, lower=0.6975, upper=0.9957"
H4.Z50,PF2,2021-03-28,0.62305,0.6391416666666667,0.6305945652173913,통계적이상(3sigma),"mean=0.8466, sigma=0.0497, lower=0.6975, upper=0.9957"
H4.Z50,PF2,2021-06-20,0.6173249999999999,0.6316333333333334,0.6266336805555556,통계적이상(3sigma),"mean=0.8466, sigma=0.0497, lower=0.6975, upper=0.9957"
H4.Z50,PF2,2022-12-13,0.5867083333333334,0.9108583333333332,0.6690784722222222,통계적이상(3sigma),"mean=0.8466, sigma=0.0497, lower=0.6975, upper=0.9957"
H4.Z50,PF2,2023-01-06,0.5857333333333333,0.8772,0.6800597222222221,통계적이상(3sigma),"mean=0.8466, sigma=0.0497, lower=0.6975, upper=0.9957"
H4.Z50,PF3,2018-01-02,0.6210333333333333,0.7469,0.669645486111111,통계적이상(3sigma),"mean=0.8054, sigma=0.0451, lower=0.6700, upper=0.9407"
H4.Z50,PF3,2018-01-10,0.7241583333333333,0.9867833333333332,0.9457871527777777,통계적이상(3sigma),"mean=0.8054, sigma=0.0451, lower=0.6700, upper=0.9407"
H4.Z50,PF3,2018-01-26,0.9182916666666666,0.9898,0.9619423611111112,통계적이상(3sigma),"mean=0.8054, sigma=0.0451, lower=0.6700, upper=0.9407"
H4.Z50,PF3,2018-09-29,0.64355,0.6918083333333332,0.6643677083333333,통계적이상(3sigma),"mean=0.8054, sigma=0.0451, lower=0.6700, upper=0.9407"
H4.Z50,PF3,2018-09-30,0.6488750000000001,0.6909666666666666,0.6624437500000001,통계적이상(3sigma),"mean=0.8054, sigma=0.0451, lower=0.6700, upper=0.9407"
H4.Z50,PF3,2018-10-03,0.6496666666666667,0.6881916666666666,0.6621142361111112,통계적이상(3sigma),"mean=0.8054, sigma=0.0451, lower=0.6700, upper=0.9407"
H4.Z50,PF3,2018-10-06,0.6368083333333333,0.6746833333333334,0.6550347222222224,통계적이상(3sigma),"mean=0.8054, sigma=0.0451, lower=0.6700, upper=0.9407"
H4.Z50,PF3,2018-10-07,0.6320416666666666,0.675625,0.6489743055555556,통계적이상(3sigma),"mean=0.8054, sigma=0.0451, lower=0.6700, upper=0.9407"
H4.Z50,PF3,2018-11-10,0.5747083333333334,0.8895083333333333,0.6284423611111112,통계적이상(3sigma),"mean=0.8054, sigma=0.0451, lower=0.6700, upper=0.9407"
H4.Z50,PF3,2018-11-11,0.6100916666666667,0.6478750000000001,0.623326388888889,통계적이상(3sigma),"mean=0.8054, sigma=0.0451, lower=0.6700, upper=0.9407"
H4.Z50,PF3,2018-11-14,0.7097666666666667,0.99125,0.946675347222222,통계적이상(3sigma),"mean=0.8054, sigma=0.0451, lower=0.6700, upper=0.9407"
H4.Z50,PF3,2019-04-24,0.5669916666666667,0.9679333333333332,0.666504861111111,통계적이상(3sigma),"mean=0.8054, sigma=0.0451, lower=0.6700, upper=0.9407"
H4.Z50,PF3,2020-08-14,0.517125,0.9253416666666666,0.6163038194444445,통계적이상(3sigma),"mean=0.8054, sigma=0.0451, lower=0.6700, upper=0.9407"
H4.Z51,PF,2018-11-11,0.4186666666666667,0.5093166666666666,0.4347222222222222,통계적이상(3sigma),"mean=0.7652, sigma=0.0504, lower=0.6142, upper=0.9163"
H4.Z51,PF,2021-01-30,0.3402333333333333,0.687825,0.4787475694444445,통계적이상(3sigma),"mean=0.7652, sigma=0.0504, lower=0.6142, upper=0.9163"
H4.Z51,PF1,2018-11-10,0.3464916666666667,0.82385,0.4460305555555555,통계적이상(3sigma),"mean=0.7756, sigma=0.0454, lower=0.6394, upper=0.9118"
H4.Z51,PF1,2018-11-11,0.4530583333333334,0.466525,0.4600493055555555,통계적이상(3sigma),"mean=0.7756, sigma=0.0454, lower=0.6394, upper=0.9118"
H4.Z51,PF1,2021-01-29,0.31285,0.8523,0.5877374999999999,통계적이상(3sigma),"mean=0.7756, sigma=0.0454, lower=0.6394, upper=0.9118"
H4.Z51,PF1,2021-01-30,0.3344916666666667,0.7696666666666666,0.4679635416666667,통계적이상(3sigma),"mean=0.7756, sigma=0.0454, lower=0.6394, upper=0.9118"
H4.Z51,PF2,2018-11-11,0.4927833333333333,0.6794416666666667,0.5203465277777777,통계적이상(3sigma),"mean=0.7821, sigma=0.0722, lower=0.5655, upper=0.9987"
H4.Z51,PF2,2021-01-30,0.1190166666666666,0.7037166666666667,0.38236006944444445,통계적이상(3sigma),"mean=0.7821, sigma=0.0722, lower=0.5655, upper=0.9987"
H4.Z51,PF3,2018-11-11,0.2919083333333334,0.3282083333333333,0.3025652777777778,통계적이상(3sigma),"mean=0.7006, sigma=0.0648, lower=0.5061, upper=0.8950"
H4.Z51,PF3,2018-12-22,0.4935833333333333,0.5136166666666667,0.5038194444444445,통계적이상(3sigma),"mean=0.7006, sigma=0.0648, lower=0.5061, upper=0.8950"
H4.Z51,PF3,2018-12-23,0.490725,0.5120916666666667,0.5015975694444444,통계적이상(3sigma),"mean=0.7006, sigma=0.0648, lower=0.5061, upper=0.8950"
H4.Z51,PF3,2019-03-03,0.4837166666666667,0.50325,0.49315972222222215,통계적이상(3sigma),"mean=0.7006, sigma=0.0648, lower=0.5061, upper=0.8950"
H4.Z51,PF3,2020-05-02,0.4703833333333334,0.492625,0.48113229166666666,통계적이상(3sigma),"mean=0.7006, sigma=0.0648, lower=0.5061, upper=0.8950"
H4.Z51,PF3,2020-05-03,0.4698083333333333,0.4957166666666666,0.48049930555555553,통계적이상(3sigma),"mean=0.7006, sigma=0.0648, lower=0.5061, upper=0.8950"
H4.Z51,PF3,2023-01-08,0.4958916666666667,0.514325,0.5022562500000001,통계적이상(3sigma),"mean=0.7006, sigma=0.0648, lower=0.5061, upper=0.8950"
H4.ZE50,PF,2023-01-06,0.6985973966482635,0.8505801444655611,0.7528758619116903,통계적이상(3sigma),"mean=0.8342, sigma=0.0212, lower=0.7705, upper=0.8979"
H4.ZE50,PF,2023-06-25,0.7411379367442331,0.7708826282030349,0.7523333549850107,통계적이상(3sigma),"mean=0.8342, sigma=0.0212, lower=0.7705, upper=0.8979"
H4.ZE50,PF,2023-10-28,0.7010484213778458,0.8385336040851092,0.7684051516236808,통계적이상(3sigma),"mean=0.8342, sigma=0.0212, lower=0.7705, upper=0.8979"
H4.ZE50,PF,2023-12-24,0.7399748782863906,0.7773760572434542,0.7667122850362763,통계적이상(3sigma),"mean=0.8342, sigma=0.0212, lower=0.7705, upper=0.8979"
H4.ZE50,PF,2023-12-25,0.7411513033486069,0.7801920028407066,0.7662789663836196,통계적이상(3sigma),"mean=0.8342, sigma=0.0212, lower=0.7705, upper=0.8979"
H4.ZE50,PF,2023-12-26,0.737831298749304,0.7778081723348487,0.7667357555387443,통계적이상(3sigma),"mean=0.8342, sigma=0.0212, lower=0.7705, upper=0.8979"
H4.ZE50,PF,2023-12-28,0.7247526330494096,0.778288724594766,0.7650166204155373,통계적이상(3sigma),"mean=0.8342, sigma=0.0212, lower=0.7705, upper=0.8979"
H4.ZE50,PF,2023-12-29,0.7237536495744527,0.7788625883141113,0.7652594553379971,통계적이상(3sigma),"mean=0.8342, sigma=0.0212, lower=0.7705, upper=0.8979"
H4.ZE50,PF,2023-12-30,0.719645680817885,0.7774147469291334,0.7634951358832875,통계적이상(3sigma),"mean=0.8342, sigma=0.0212, lower=0.7705, upper=0.8979"
H4.ZE50,PF,2023-12-31,0.7185155012444788,0.7894105195222506,0.7686104979014464,통계적이상(3sigma),"mean=0.8342, sigma=0.0212, lower=0.7705, upper=0.8979"
H4.ZE50,PF1,2022-07-16,0.7548115350637172,0.8304761603598523,0.7901861285845873,통계적이상(3sigma),"mean=0.8828, sigma=0.0278, lower=0.7995, upper=0.9661"
H4.ZE50,PF1,2022-07-17,0.7495381683701078,0.8359523723713352,0.7856956358010478,통계적이상(3sigma),"mean=0.8828, sigma=0.0278, lower=0.7995, upper=0.9661"
H4.ZE50,PF1,2022-07-30,0.7656905446669007,0.8568230105224992,0.7968697504402318,통계적이상(3sigma),"mean=0.8828, sigma=0.0278, lower=0.7995, upper=0.9661"
H4.ZE50,PF1,2022-07-31,0.7725199938271854,0.8505228821291684,0.796772206358809,통계적이상(3sigma),"mean=0.8828, sigma=0.0278, lower=0.7995, upper=0.9661"
H4.ZE50,PF1,2023-12-23,0.7412720344387789,0.7570130954180551,0.7511729968430356,통계적이상(3sigma),"mean=0.8828, sigma=0.0278, lower=0.7995, upper=0.9661"
H4.ZE50,PF1,2023-12-24,0.7374202289688014,0.754217279230479,0.7467494976433519,통계적이상(3sigma),"mean=0.8828, sigma=0.0278, lower=0.7995, upper=0.9661"
H4.ZE50,PF1,2023-12-25,0.7404610558156407,0.7545627622132021,0.7479384013890132,통계적이상(3sigma),"mean=0.8828, sigma=0.0278, lower=0.7995, upper=0.9661"
H4.ZE50,PF1,2023-12-26,0.7401038181568641,0.7506698114569088,0.7464757499973356,통계적이상(3sigma),"mean=0.8828, sigma=0.0278, lower=0.7995, upper=0.9661"
H4.ZE50,PF1,2023-12-27,0.7455496023576457,0.8324032432163798,0.7568059570723974,통계적이상(3sigma),"mean=0.8828, sigma=0.0278, lower=0.7995, upper=0.9661"
H4.ZE50,PF1,2023-12-28,0.740946238469059,0.7560549953012923,0.7481507113573348,통계적이상(3sigma),"mean=0.8828, sigma=0.0278, lower=0.7995, upper=0.9661"
H4.ZE50,PF1,2023-12-29,0.741392229430623,0.7542696571903548,0.7483662372294405,통계적이상(3sigma),"mean=0.8828, sigma=0.0278, lower=0.7995, upper=0.9661"
H4.ZE50,PF1,2023-12-30,0.741213051849522,0.7542679633195839,0.746513035781719,통계적이상(3sigma),"mean=0.8828, sigma=0.0278, lower=0.7995, upper=0.9661"
H4.ZE50,PF1,2023-12-31,0.7425981962997501,0.8058403214484248,0.750588835316992,통계적이상(3sigma),"mean=0.8828, sigma=0.0278, lower=0.7995, upper=0.9661"
H4.ZE50,PF2,2023-12-23,0.6370223158031957,0.6781540205706036,0.6560965688094097,통계적이상(3sigma),"mean=0.8356, sigma=0.0571, lower=0.6642, upper=1.0069"
H4.ZE50,PF2,2023-12-24,0.6340004252404385,0.6741417639130828,0.6513750296406267,통계적이상(3sigma),"mean=0.8356, sigma=0.0571, lower=0.6642, upper=1.0069"
H4.ZE50,PF2,2023-12-25,0.6396011595013642,0.667092495930658,0.6495119735046085,통계적이상(3sigma),"mean=0.8356, sigma=0.0571, lower=0.6642, upper=1.0069"
H4.ZE50,PF2,2023-12-26,0.6373126457482985,0.6750417410984948,0.6522437751122427,통계적이상(3sigma),"mean=0.8356, sigma=0.0571, lower=0.6642, upper=1.0069"
H4.ZE50,PF2,2023-12-28,0.6368713540480139,0.6780314409761925,0.6512067225048185,통계적이상(3sigma),"mean=0.8356, sigma=0.0571, lower=0.6642, upper=1.0069"
H4.ZE50,PF2,2023-12-29,0.6368333575602705,0.6719205880159084,0.651428688713714,통계적이상(3sigma),"mean=0.8356, sigma=0.0571, lower=0.6642, upper=1.0069"
H4.ZE50,PF2,2023-12-30,0.6348526489645178,0.669622377370959,0.6484476308178355,통계적이상(3sigma),"mean=0.8356, sigma=0.0571, lower=0.6642, upper=1.0069"
H4.ZE50,PF2,2023-12-31,0.6409281409436012,0.6860538023903603,0.6533777034631475,통계적이상(3sigma),"mean=0.8356, sigma=0.0571, lower=0.6642, upper=1.0069"
H4.ZE50,PF3,2023-06-25,0.7315507987466331,0.7689927619743333,0.7452055889490662,통계적이상(3sigma),"mean=0.8425, sigma=0.0307, lower=0.7505, upper=0.9345"
H4.ZE50,PF3,2023-08-26,0.9061090747258562,0.9997094595626222,0.9830308579867236,통계적이상(3sigma),"mean=0.8425, sigma=0.0307, lower=0.7505, upper=0.9345"
H4.ZE50,PF3,2023-08-27,0.9167362491064224,0.999637904458476,0.9854805747611874,통계적이상(3sigma),"mean=0.8425, sigma=0.0307, lower=0.7505, upper=0.9345"
H4.ZE51,PF,2023-06-25,0.5842370628691291,0.6381644163645679,0.612746499300302,통계적이상(3sigma),"mean=0.7600, sigma=0.0416, lower=0.6351, upper=0.8850"
H4.ZE51,PF1,2023-06-25,0.4494369450769767,0.4586563698277149,0.45464884645030956,통계적이상(3sigma),"mean=0.8028, sigma=0.0489, lower=0.6560, upper=0.9496"
H4.ZE51,PF3,2023-01-08,0.5113298076722363,0.5250973181158195,0.5177050492231001,통계적이상(3sigma),"mean=0.7255, sigma=0.0665, lower=0.5261, upper=0.9249"
V.Z84,PF1,2023-11-28,-0.3946851892387816,0.0443055959250318,-0.02323594717860585,통계적이상(3sigma),"mean=-0.4538, sigma=0.1249, lower=-0.8284, upper=-0.0791"
V.Z84,PF2,2023-11-28,-0.3990430623899385,0.0052951490536522,-0.054988140777251865,통계적이상(3sigma),"mean=-0.4462, sigma=0.1245, lower=-0.8198, upper=-0.0727"
V.Z84,PF3,2023-11-28,-0.3749639156152374,0.0298122175465357,-0.050094041186108995,통계적이상(3sigma),"mean=-0.4442, sigma=0.1273, lower=-0.8261, upper=-0.0623"
V.ZE84,PF2,2022-11-23,-0.0553692505415529,-0.0433004923371804,-0.051567703472277564,통계적이상(3sigma),"mean=-0.4559, sigma=0.1271, lower=-0.8373, upper=-0.0745"
V.ZE84,PF3,2022-11-23,-0.8453515470027941,-0.8403708292378312,-0.8426603754780142,통계적이상(3sigma),"mean=0.1139, sigma=0.2894, lower=-0.7542, upper=0.9819"
V.ZE84,PF3,2022-12-14,-0.8469068539142605,-0.4900155905882514,-0.7706579396847588,통계적이상(3sigma),"mean=0.1139, sigma=0.2894, lower=-0.7542, upper=0.9819"
V.ZE84,PF3,2022-12-15,-0.8474286749958991,-0.436346513777971,-0.7775362738294674,통계적이상(3sigma),"mean=0.1139, sigma=0.2894, lower=-0.7542, upper=0.9819"
