meter_urn,measurement,resolution_code,rows,null_rows,null_pct,min_ts,max_ts
H1.K11,P,1h,52526,0,0.00,2018-01-03 09:00:00+00:00,2023-12-31 22:00:00+00:00
H1.K11,Tdiff,1h,52584,0,0.00,2017-12-31 23:00:00+00:00,2023-12-31 22:00:00+00:00
H1.K11,Trl,1h,52544,0,0.00,2018-01-02 15:00:00+00:00,2023-12-31 22:00:00+00:00
H1.K11,Tvl,1h,52538,0,0.00,2018-01-02 21:00:00+00:00,2023-12-31 22:00:00+00:00
H1.K11,V,1h,52525,0,0.00,2018-01-03 10:00:00+00:00,2023-12-31 22:00:00+00:00
H1.K11,W,1h,52499,0,0.00,2018-01-04 12:00:00+00:00,2023-12-31 22:00:00+00:00
H1.K11,qv,1h,52526,0,0.00,2018-01-03 09:00:00+00:00,2023-12-31 22:00:00+00:00
H1.K12,P,1h,52526,0,0.00,2018-01-03 09:00:00+00:00,2023-12-31 22:00:00+00:00
H1.K12,Tdiff,1h,52584,0,0.00,2017-12-31 23:00:00+00:00,2023-12-31 22:00:00+00:00
H1.K12,Trl,1h,52526,0,0.00,2018-01-03 09:00:00+00:00,2023-12-31 22:00:00+00:00
H1.K12,Tvl,1h,52529,0,0.00,2018-01-03 06:00:00+00:00,2023-12-31 22:00:00+00:00
H1.K12,V,1h,52525,0,0.00,2018-01-03 10:00:00+00:00,2023-12-31 22:00:00+00:00
H1.K12,W,1h,52513,0,0.00,2018-01-03 22:00:00+00:00,2023-12-31 22:00:00+00:00
H1.K12,qv,1h,52526,0,0.00,2018-01-03 09:00:00+00:00,2023-12-31 22:00:00+00:00
H1.K14,P,1h,52525,0,0.00,2018-01-03 10:00:00+00:00,2023-12-31 22:00:00+00:00
H1.K14,Tdiff,1h,52584,0,0.00,2017-12-31 23:00:00+00:00,2023-12-31 22:00:00+00:00
H1.K14,Trl,1h,52578,0,0.00,2018-01-01 05:00:00+00:00,2023-12-31 22:00:00+00:00
H1.K14,Tvl,1h,52526,0,0.00,2018-01-03 09:00:00+00:00,2023-12-31 22:00:00+00:00
H1.K14,V,1h,52525,0,0.00,2018-01-03 10:00:00+00:00,2023-12-31 22:00:00+00:00
H1.K14,W,1h,52522,0,0.00,2018-01-03 13:00:00+00:00,2023-12-31 22:00:00+00:00
H1.K14,qv,1h,52526,0,0.00,2018-01-03 09:00:00+00:00,2023-12-31 22:00:00+00:00
H1.K15,P,1h,52526,0,0.00,2018-01-03 09:00:00+00:00,2023-12-31 22:00:00+00:00
H1.K15,Tdiff,1h,52584,0,0.00,2017-12-31 23:00:00+00:00,2023-12-31 22:00:00+00:00
H1.K15,Trl,1h,52584,0,0.00,2017-12-31 23:00:00+00:00,2023-12-31 22:00:00+00:00
H1.K15,Tvl,1h,52582,0,0.00,2018-01-01 01:00:00+00:00,2023-12-31 22:00:00+00:00
H1.K15,V,1h,52525,0,0.00,2018-01-03 10:00:00+00:00,2023-12-31 22:00:00+00:00
H1.K15,W,1h,52524,0,0.00,2018-01-03 11:00:00+00:00,2023-12-31 22:00:00+00:00
H1.K15,qv,1h,52526,0,0.00,2018-01-03 09:00:00+00:00,2023-12-31 22:00:00+00:00
H1.K16,P,1h,44677,0,0.00,2018-11-26 10:00:00+00:00,2023-12-31 22:00:00+00:00
H1.K16,Tdiff,1h,44677,0,0.00,2018-11-26 10:00:00+00:00,2023-12-31 22:00:00+00:00
H1.K16,Trl,1h,44677,0,0.00,2018-11-26 10:00:00+00:00,2023-12-31 22:00:00+00:00
H1.K16,Tvl,1h,44677,0,0.00,2018-11-26 10:00:00+00:00,2023-12-31 22:00:00+00:00
H1.K16,V,1h,44676,0,0.00,2018-11-26 11:00:00+00:00,2023-12-31 22:00:00+00:00
H1.K16,W,1h,44676,0,0.00,2018-11-26 11:00:00+00:00,2023-12-31 22:00:00+00:00
H1.K16,qv,1h,44677,0,0.00,2018-11-26 10:00:00+00:00,2023-12-31 22:00:00+00:00
H1.W11,P,1h,52584,0,0.00,2017-12-31 23:00:00+00:00,2023-12-31 22:00:00+00:00
H1.W11,Tdiff,1h,52584,0,0.00,2017-12-31 23:00:00+00:00,2023-12-31 22:00:00+00:00
H1.W11,Trl,1h,52584,0,0.00,2017-12-31 23:00:00+00:00,2023-12-31 22:00:00+00:00
H1.W11,Tvl,1h,52584,0,0.00,2017-12-31 23:00:00+00:00,2023-12-31 22:00:00+00:00
H1.W11,V,1h,52584,0,0.00,2017-12-31 23:00:00+00:00,2023-12-31 22:00:00+00:00
H1.W11,W,1h,52583,0,0.00,2018-01-01 00:00:00+00:00,2023-12-31 22:00:00+00:00
H1.W11,qv,1h,52584,0,0.00,2017-12-31 23:00:00+00:00,2023-12-31 22:00:00+00:00
H1.W12,P,1h,52584,0,0.00,2017-12-31 23:00:00+00:00,2023-12-31 22:00:00+00:00
H1.W12,Tdiff,1h,52584,0,0.00,2017-12-31 23:00:00+00:00,2023-12-31 22:00:00+00:00
H1.W12,Trl,1h,52584,0,0.00,2017-12-31 23:00:00+00:00,2023-12-31 22:00:00+00:00
H1.W12,Tvl,1h,52584,0,0.00,2017-12-31 23:00:00+00:00,2023-12-31 22:00:00+00:00
H1.W12,V,1h,52584,0,0.00,2017-12-31 23:00:00+00:00,2023-12-31 22:00:00+00:00
H1.W12,W,1h,52583,0,0.00,2018-01-01 00:00:00+00:00,2023-12-31 22:00:00+00:00
H1.W12,qv,1h,52584,0,0.00,2017-12-31 23:00:00+00:00,2023-12-31 22:00:00+00:00
H1.Z10,I1,1h,52584,0,0.00,2017-12-31 23:00:00+00:00,2023-12-31 22:00:00+00:00
H1.Z10,I2,1h,52584,0,0.00,2017-12-31 23:00:00+00:00,2023-12-31 22:00:00+00:00
H1.Z10,I3,1h,52584,0,0.00,2017-12-31 23:00:00+00:00,2023-12-31 22:00:00+00:00
H1.Z10,P,1h,52584,0,0.00,2017-12-31 23:00:00+00:00,2023-12-31 22:00:00+00:00
H1.Z10,P1,1h,52584,0,0.00,2017-12-31 23:00:00+00:00,2023-12-31 22:00:00+00:00
H1.Z10,P2,1h,52584,0,0.00,2017-12-31 23:00:00+00:00,2023-12-31 22:00:00+00:00
H1.Z10,P3,1h,52584,0,0.00,2017-12-31 23:00:00+00:00,2023-12-31 22:00:00+00:00
H1.Z10,PF,1h,52584,0,0.00,2017-12-31 23:00:00+00:00,2023-12-31 22:00:00+00:00
H1.Z10,PF1,1h,52584,0,0.00,2017-12-31 23:00:00+00:00,2023-12-31 22:00:00+00:00
H1.Z10,PF2,1h,52584,0,0.00,2017-12-31 23:00:00+00:00,2023-12-31 22:00:00+00:00
H1.Z10,PF3,1h,52584,0,0.00,2017-12-31 23:00:00+00:00,2023-12-31 22:00:00+00:00
H1.Z10,Q,1h,52584,0,0.00,2017-12-31 23:00:00+00:00,2023-12-31 22:00:00+00:00
H1.Z10,U1,1h,52584,0,0.00,2017-12-31 23:00:00+00:00,2023-12-31 22:00:00+00:00
H1.Z10,U2,1h,52584,0,0.00,2017-12-31 23:00:00+00:00,2023-12-31 22:00:00+00:00
H1.Z10,U3,1h,52584,0,0.00,2017-12-31 23:00:00+00:00,2023-12-31 22:00:00+00:00
H1.Z10,W,1h,52585,0,0.00,2018-01-01 00:00:00+00:00,2024-01-01 00:00:00+00:00
H1.Z10,WQ,1h,52585,0,0.00,2018-01-01 00:00:00+00:00,2024-01-01 00:00:00+00:00
H1.Z10,WQ_in,1h,52380,0,0.00,2018-01-09 11:00:00+00:00,2023-12-31 22:00:00+00:00
H1.Z10,WQ_out,1h,52583,0,0.00,2018-01-01 00:00:00+00:00,2023-12-31 22:00:00+00:00
H1.Z10,W_in,1h,52584,0,0.00,2017-12-31 23:00:00+00:00,2023-12-31 22:00:00+00:00
H1.Z10,W_out,1h,52062,0,0.00,2018-01-22 17:00:00+00:00,2023-12-31 22:00:00+00:00
H1.Z10,f,1h,52584,0,0.00,2017-12-31 23:00:00+00:00,2023-12-31 22:00:00+00:00
H1.Z11,I1,1h,52584,0,0.00,2017-12-31 23:00:00+00:00,2023-12-31 22:00:00+00:00
H1.Z11,I2,1h,52584,0,0.00,2017-12-31 23:00:00+00:00,2023-12-31 22:00:00+00:00
H1.Z11,I3,1h,52523,0,0.00,2018-01-03 12:00:00+00:00,2023-12-31 22:00:00+00:00
H1.Z11,P,1h,52584,0,0.00,2017-12-31 23:00:00+00:00,2023-12-31 22:00:00+00:00
H1.Z11,P1,1h,52584,0,0.00,2017-12-31 23:00:00+00:00,2023-12-31 22:00:00+00:00
H1.Z11,P2,1h,52584,0,0.00,2017-12-31 23:00:00+00:00,2023-12-31 22:00:00+00:00
H1.Z11,P3,1h,52523,0,0.00,2018-01-03 12:00:00+00:00,2023-12-31 22:00:00+00:00
H1.Z11,PF,1h,52584,0,0.00,2017-12-31 23:00:00+00:00,2023-12-31 22:00:00+00:00
H1.Z11,PF1,1h,52584,0,0.00,2017-12-31 23:00:00+00:00,2023-12-31 22:00:00+00:00
H1.Z11,PF2,1h,52584,0,0.00,2017-12-31 23:00:00+00:00,2023-12-31 22:00:00+00:00
H1.Z11,PF3,1h,52523,0,0.00,2018-01-03 12:00:00+00:00,2023-12-31 22:00:00+00:00
H1.Z11,Q,1h,52584,0,0.00,2017-12-31 23:00:00+00:00,2023-12-31 22:00:00+00:00
H1.Z11,U1,1h,52584,0,0.00,2017-12-31 23:00:00+00:00,2023-12-31 22:00:00+00:00
H1.Z11,U2,1h,52584,0,0.00,2017-12-31 23:00:00+00:00,2023-12-31 22:00:00+00:00
H1.Z11,U3,1h,52584,0,0.00,2017-12-31 23:00:00+00:00,2023-12-31 22:00:00+00:00
H1.Z11,W,1h,52585,0,0.00,2018-01-01 00:00:00+00:00,2024-01-01 00:00:00+00:00
H1.Z11,WQ,1h,52585,0,0.00,2018-01-01 00:00:00+00:00,2024-01-01 00:00:00+00:00
H1.Z11,WQ_in,1h,52583,0,0.00,2018-01-01 00:00:00+00:00,2023-12-31 22:00:00+00:00
H1.Z11,WQ_out,1h,52062,0,0.00,2018-01-22 17:00:00+00:00,2023-12-31 22:00:00+00:00
H1.Z11,W_in,1h,52583,0,0.00,2018-01-01 00:00:00+00:00,2023-12-31 22:00:00+00:00
H1.Z11,W_out,1h,52062,0,0.00,2018-01-22 17:00:00+00:00,2023-12-31 22:00:00+00:00
H1.Z11,f,1h,52584,0,0.00,2017-12-31 23:00:00+00:00,2023-12-31 22:00:00+00:00
H1.Z12,I1,1h,52584,0,0.00,2017-12-31 23:00:00+00:00,2023-12-31 22:00:00+00:00
H1.Z12,I2,1h,52584,0,0.00,2017-12-31 23:00:00+00:00,2023-12-31 22:00:00+00:00
H1.Z12,I3,1h,52584,0,0.00,2017-12-31 23:00:00+00:00,2023-12-31 22:00:00+00:00
H1.Z12,P,1h,52584,0,0.00,2017-12-31 23:00:00+00:00,2023-12-31 22:00:00+00:00
H1.Z12,P1,1h,52584,0,0.00,2017-12-31 23:00:00+00:00,2023-12-31 22:00:00+00:00
H1.Z12,P2,1h,52584,0,0.00,2017-12-31 23:00:00+00:00,2023-12-31 22:00:00+00:00
H1.Z12,P3,1h,52584,0,0.00,2017-12-31 23:00:00+00:00,2023-12-31 22:00:00+00:00
H1.Z12,PF,1h,52584,0,0.00,2017-12-31 23:00:00+00:00,2023-12-31 22:00:00+00:00
H1.Z12,PF1,1h,52584,0,0.00,2017-12-31 23:00:00+00:00,2023-12-31 22:00:00+00:00
H1.Z12,PF2,1h,52584,0,0.00,2017-12-31 23:00:00+00:00,2023-12-31 22:00:00+00:00
H1.Z12,PF3,1h,52584,0,0.00,2017-12-31 23:00:00+00:00,2023-12-31 22:00:00+00:00
H1.Z12,Q,1h,52584,0,0.00,2017-12-31 23:00:00+00:00,2023-12-31 22:00:00+00:00
H1.Z12,U1,1h,52584,0,0.00,2017-12-31 23:00:00+00:00,2023-12-31 22:00:00+00:00
H1.Z12,U2,1h,52584,0,0.00,2017-12-31 23:00:00+00:00,2023-12-31 22:00:00+00:00
H1.Z12,U3,1h,52584,0,0.00,2017-12-31 23:00:00+00:00,2023-12-31 22:00:00+00:00
H1.Z12,W,1h,52585,0,0.00,2018-01-01 00:00:00+00:00,2024-01-01 00:00:00+00:00
H1.Z12,WQ,1h,52585,0,0.00,2018-01-01 00:00:00+00:00,2024-01-01 00:00:00+00:00
H1.Z12,WQ_in,1h,52583,0,0.00,2018-01-01 00:00:00+00:00,2023-12-31 22:00:00+00:00
H1.Z12,WQ_out,1h,52159,0,0.00,2018-01-18 16:00:00+00:00,2023-12-31 22:00:00+00:00
H1.Z12,W_in,1h,52584,0,0.00,2017-12-31 23:00:00+00:00,2023-12-31 22:00:00+00:00
H1.Z12,W_out,1h,52062,0,0.00,2018-01-22 17:00:00+00:00,2023-12-31 22:00:00+00:00
H1.Z12,f,1h,52584,0,0.00,2017-12-31 23:00:00+00:00,2023-12-31 22:00:00+00:00
H1.Z13,I1,1h,52584,0,0.00,2017-12-31 23:00:00+00:00,2023-12-31 22:00:00+00:00
H1.Z13,I2,1h,52584,0,0.00,2017-12-31 23:00:00+00:00,2023-12-31 22:00:00+00:00
H1.Z13,I3,1h,52584,0,0.00,2017-12-31 23:00:00+00:00,2023-12-31 22:00:00+00:00
H1.Z13,P,1h,52584,0,0.00,2017-12-31 23:00:00+00:00,2023-12-31 22:00:00+00:00
H1.Z13,P1,1h,52584,0,0.00,2017-12-31 23:00:00+00:00,2023-12-31 22:00:00+00:00
H1.Z13,P2,1h,52584,0,0.00,2017-12-31 23:00:00+00:00,2023-12-31 22:00:00+00:00
H1.Z13,P3,1h,52584,0,0.00,2017-12-31 23:00:00+00:00,2023-12-31 22:00:00+00:00
H1.Z13,PF,1h,52584,0,0.00,2017-12-31 23:00:00+00:00,2023-12-31 22:00:00+00:00
H1.Z13,PF1,1h,52584,0,0.00,2017-12-31 23:00:00+00:00,2023-12-31 22:00:00+00:00
H1.Z13,PF2,1h,52584,0,0.00,2017-12-31 23:00:00+00:00,2023-12-31 22:00:00+00:00
H1.Z13,PF3,1h,52584,0,0.00,2017-12-31 23:00:00+00:00,2023-12-31 22:00:00+00:00
H1.Z13,Q,1h,52584,0,0.00,2017-12-31 23:00:00+00:00,2023-12-31 22:00:00+00:00
H1.Z13,U1,1h,52584,0,0.00,2017-12-31 23:00:00+00:00,2023-12-31 22:00:00+00:00
H1.Z13,U2,1h,52584,0,0.00,2017-12-31 23:00:00+00:00,2023-12-31 22:00:00+00:00
H1.Z13,U3,1h,52584,0,0.00,2017-12-31 23:00:00+00:00,2023-12-31 22:00:00+00:00
H1.Z13,W,1h,52585,0,0.00,2018-01-01 00:00:00+00:00,2024-01-01 00:00:00+00:00
H1.Z13,WQ,1h,52585,0,0.00,2018-01-01 00:00:00+00:00,2024-01-01 00:00:00+00:00
H1.Z13,WQ_in,1h,52584,0,0.00,2017-12-31 23:00:00+00:00,2023-12-31 22:00:00+00:00
H1.Z13,WQ_out,1h,52062,0,0.00,2018-01-22 17:00:00+00:00,2023-12-31 22:00:00+00:00
H1.Z13,W_in,1h,52584,0,0.00,2017-12-31 23:00:00+00:00,2023-12-31 22:00:00+00:00
H1.Z13,W_out,1h,52062,0,0.00,2018-01-22 17:00:00+00:00,2023-12-31 22:00:00+00:00
H1.Z13,f,1h,52584,0,0.00,2017-12-31 23:00:00+00:00,2023-12-31 22:00:00+00:00
H1.Z14,I1,1h,52584,0,0.00,2017-12-31 23:00:00+00:00,2023-12-31 22:00:00+00:00
H1.Z14,I2,1h,52584,0,0.00,2017-12-31 23:00:00+00:00,2023-12-31 22:00:00+00:00
H1.Z14,I3,1h,52584,0,0.00,2017-12-31 23:00:00+00:00,2023-12-31 22:00:00+00:00
H1.Z14,P,1h,52584,0,0.00,2017-12-31 23:00:00+00:00,2023-12-31 22:00:00+00:00
H1.Z14,P1,1h,52584,0,0.00,2017-12-31 23:00:00+00:00,2023-12-31 22:00:00+00:00
H1.Z14,P2,1h,52584,0,0.00,2017-12-31 23:00:00+00:00,2023-12-31 22:00:00+00:00
H1.Z14,P3,1h,52584,0,0.00,2017-12-31 23:00:00+00:00,2023-12-31 22:00:00+00:00
H1.Z14,PF,1h,52584,0,0.00,2017-12-31 23:00:00+00:00,2023-12-31 22:00:00+00:00
H1.Z14,PF1,1h,52584,0,0.00,2017-12-31 23:00:00+00:00,2023-12-31 22:00:00+00:00
H1.Z14,PF2,1h,52584,0,0.00,2017-12-31 23:00:00+00:00,2023-12-31 22:00:00+00:00
H1.Z14,PF3,1h,52584,0,0.00,2017-12-31 23:00:00+00:00,2023-12-31 22:00:00+00:00
H1.Z14,Q,1h,52584,0,0.00,2017-12-31 23:00:00+00:00,2023-12-31 22:00:00+00:00
H1.Z14,U1,1h,52584,0,0.00,2017-12-31 23:00:00+00:00,2023-12-31 22:00:00+00:00
H1.Z14,U2,1h,52584,0,0.00,2017-12-31 23:00:00+00:00,2023-12-31 22:00:00+00:00
H1.Z14,U3,1h,52584,0,0.00,2017-12-31 23:00:00+00:00,2023-12-31 22:00:00+00:00
H1.Z14,W,1h,52585,0,0.00,2018-01-01 00:00:00+00:00,2024-01-01 00:00:00+00:00
H1.Z14,WQ,1h,52585,0,0.00,2018-01-01 00:00:00+00:00,2024-01-01 00:00:00+00:00
H1.Z14,WQ_in,1h,52584,0,0.00,2017-12-31 23:00:00+00:00,2023-12-31 22:00:00+00:00
H1.Z14,WQ_out,1h,52062,0,0.00,2018-01-22 17:00:00+00:00,2023-12-31 22:00:00+00:00
H1.Z14,W_in,1h,52584,0,0.00,2017-12-31 23:00:00+00:00,2023-12-31 22:00:00+00:00
H1.Z14,W_out,1h,52062,0,0.00,2018-01-22 17:00:00+00:00,2023-12-31 22:00:00+00:00
H1.Z14,f,1h,52584,0,0.00,2017-12-31 23:00:00+00:00,2023-12-31 22:00:00+00:00
H1.Z15,I1,1h,52584,0,0.00,2017-12-31 23:00:00+00:00,2023-12-31 22:00:00+00:00
H1.Z15,I2,1h,52584,0,0.00,2017-12-31 23:00:00+00:00,2023-12-31 22:00:00+00:00
H1.Z15,I3,1h,52584,0,0.00,2017-12-31 23:00:00+00:00,2023-12-31 22:00:00+00:00
H1.Z15,P,1h,52584,0,0.00,2017-12-31 23:00:00+00:00,2023-12-31 22:00:00+00:00
H1.Z15,P1,1h,52584,0,0.00,2017-12-31 23:00:00+00:00,2023-12-31 22:00:00+00:00
H1.Z15,P2,1h,52584,0,0.00,2017-12-31 23:00:00+00:00,2023-12-31 22:00:00+00:00
H1.Z15,P3,1h,52584,0,0.00,2017-12-31 23:00:00+00:00,2023-12-31 22:00:00+00:00
H1.Z15,PF,1h,52584,0,0.00,2017-12-31 23:00:00+00:00,2023-12-31 22:00:00+00:00
H1.Z15,PF1,1h,52584,0,0.00,2017-12-31 23:00:00+00:00,2023-12-31 22:00:00+00:00
H1.Z15,PF2,1h,52584,0,0.00,2017-12-31 23:00:00+00:00,2023-12-31 22:00:00+00:00
H1.Z15,PF3,1h,52584,0,0.00,2017-12-31 23:00:00+00:00,2023-12-31 22:00:00+00:00
H1.Z15,U1,1h,52584,0,0.00,2017-12-31 23:00:00+00:00,2023-12-31 22:00:00+00:00
H1.Z15,U2,1h,52584,0,0.00,2017-12-31 23:00:00+00:00,2023-12-31 22:00:00+00:00
H1.Z15,U3,1h,52584,0,0.00,2017-12-31 23:00:00+00:00,2023-12-31 22:00:00+00:00
H1.Z15,W,1h,52583,0,0.00,2018-01-01 00:00:00+00:00,2023-12-31 22:00:00+00:00
H1.Z15,W1,1h,52583,0,0.00,2018-01-01 00:00:00+00:00,2023-12-31 22:00:00+00:00
H1.Z15,W2,1h,52583,0,0.00,2018-01-01 00:00:00+00:00,2023-12-31 22:00:00+00:00
H1.Z15,W3,1h,52583,0,0.00,2018-01-01 00:00:00+00:00,2023-12-31 22:00:00+00:00
H1.Z15,W_in,1h,52575,0,0.00,2018-01-01 00:00:00+00:00,2023-12-31 14:00:00+00:00
H1.Z15,W_out,1h,52583,0,0.00,2018-01-01 00:00:00+00:00,2023-12-31 22:00:00+00:00
H1.Z15,f,1h,52584,0,0.00,2017-12-31 23:00:00+00:00,2023-12-31 22:00:00+00:00
H1.Z16,I1,1h,52584,0,0.00,2017-12-31 23:00:00+00:00,2023-12-31 22:00:00+00:00
H1.Z16,I2,1h,52584,0,0.00,2017-12-31 23:00:00+00:00,2023-12-31 22:00:00+00:00
H1.Z16,I3,1h,52523,0,0.00,2018-01-03 12:00:00+00:00,2023-12-31 22:00:00+00:00
H1.Z16,P,1h,52584,0,0.00,2017-12-31 23:00:00+00:00,2023-12-31 22:00:00+00:00
H1.Z16,P1,1h,52584,0,0.00,2017-12-31 23:00:00+00:00,2023-12-31 22:00:00+00:00
H1.Z16,P2,1h,52584,0,0.00,2017-12-31 23:00:00+00:00,2023-12-31 22:00:00+00:00
H1.Z16,P3,1h,52523,0,0.00,2018-01-03 12:00:00+00:00,2023-12-31 22:00:00+00:00
H1.Z16,PF,1h,52583,0,0.00,2018-01-01 00:00:00+00:00,2023-12-31 22:00:00+00:00
H1.Z16,PF1,1h,52584,0,0.00,2017-12-31 23:00:00+00:00,2023-12-31 22:00:00+00:00
H1.Z16,PF2,1h,52584,0,0.00,2017-12-31 23:00:00+00:00,2023-12-31 22:00:00+00:00
H1.Z16,PF3,1h,52523,0,0.00,2018-01-03 12:00:00+00:00,2023-12-31 22:00:00+00:00
H1.Z16,Q,1h,52584,0,0.00,2017-12-31 23:00:00+00:00,2023-12-31 22:00:00+00:00
H1.Z16,U1,1h,52584,0,0.00,2017-12-31 23:00:00+00:00,2023-12-31 22:00:00+00:00
H1.Z16,U2,1h,52584,0,0.00,2017-12-31 23:00:00+00:00,2023-12-31 22:00:00+00:00
H1.Z16,U3,1h,52584,0,0.00,2017-12-31 23:00:00+00:00,2023-12-31 22:00:00+00:00
H1.Z16,W,1h,52585,0,0.00,2018-01-01 00:00:00+00:00,2024-01-01 00:00:00+00:00
H1.Z16,WQ,1h,52585,0,0.00,2018-01-01 00:00:00+00:00,2024-01-01 00:00:00+00:00
H1.Z16,WQ_in,1h,52583,0,0.00,2018-01-01 00:00:00+00:00,2023-12-31 22:00:00+00:00
H1.Z16,WQ_out,1h,51895,0,0.00,2018-01-29 16:00:00+00:00,2023-12-31 22:00:00+00:00
H1.Z16,W_in,1h,52583,0,0.00,2018-01-01 00:00:00+00:00,2023-12-31 22:00:00+00:00
H1.Z16,W_out,1h,51895,0,0.00,2018-01-29 16:00:00+00:00,2023-12-31 22:00:00+00:00
H1.Z16,f,1h,52584,0,0.00,2017-12-31 23:00:00+00:00,2023-12-31 22:00:00+00:00
H1.Z17,I1,1h,52584,0,0.00,2017-12-31 23:00:00+00:00,2023-12-31 22:00:00+00:00
H1.Z17,I2,1h,52584,0,0.00,2017-12-31 23:00:00+00:00,2023-12-31 22:00:00+00:00
H1.Z17,I3,1h,52584,0,0.00,2017-12-31 23:00:00+00:00,2023-12-31 22:00:00+00:00
H1.Z17,P,1h,52584,0,0.00,2017-12-31 23:00:00+00:00,2023-12-31 22:00:00+00:00
H1.Z17,P1,1h,52584,0,0.00,2017-12-31 23:00:00+00:00,2023-12-31 22:00:00+00:00
H1.Z17,P2,1h,52584,0,0.00,2017-12-31 23:00:00+00:00,2023-12-31 22:00:00+00:00
H1.Z17,P3,1h,52584,0,0.00,2017-12-31 23:00:00+00:00,2023-12-31 22:00:00+00:00
H1.Z17,PF,1h,52584,0,0.00,2017-12-31 23:00:00+00:00,2023-12-31 22:00:00+00:00
H1.Z17,PF1,1h,52584,0,0.00,2017-12-31 23:00:00+00:00,2023-12-31 22:00:00+00:00
H1.Z17,PF2,1h,52584,0,0.00,2017-12-31 23:00:00+00:00,2023-12-31 22:00:00+00:00
H1.Z17,PF3,1h,52584,0,0.00,2017-12-31 23:00:00+00:00,2023-12-31 22:00:00+00:00
H1.Z17,U1,1h,52584,0,0.00,2017-12-31 23:00:00+00:00,2023-12-31 22:00:00+00:00
H1.Z17,U2,1h,52584,0,0.00,2017-12-31 23:00:00+00:00,2023-12-31 22:00:00+00:00
H1.Z17,U3,1h,52584,0,0.00,2017-12-31 23:00:00+00:00,2023-12-31 22:00:00+00:00
H1.Z17,W,1h,52583,0,0.00,2018-01-01 00:00:00+00:00,2023-12-31 22:00:00+00:00
H1.Z17,W1,1h,52583,0,0.00,2018-01-01 00:00:00+00:00,2023-12-31 22:00:00+00:00
H1.Z17,W2,1h,52583,0,0.00,2018-01-01 00:00:00+00:00,2023-12-31 22:00:00+00:00
H1.Z17,W3,1h,52583,0,0.00,2018-01-01 00:00:00+00:00,2023-12-31 22:00:00+00:00
H1.Z17,W_in,1h,52583,0,0.00,2018-01-01 00:00:00+00:00,2023-12-31 22:00:00+00:00
H1.Z17,W_out,1h,30301,0,0.00,2018-01-01 00:00:00+00:00,2021-06-16 12:00:00+00:00
H1.Z17,f,1h,52584,0,0.00,2017-12-31 23:00:00+00:00,2023-12-31 22:00:00+00:00
H1.Z18,I1,1h,52584,0,0.00,2017-12-31 23:00:00+00:00,2023-12-31 22:00:00+00:00
H1.Z18,I2,1h,52584,0,0.00,2017-12-31 23:00:00+00:00,2023-12-31 22:00:00+00:00
H1.Z18,I3,1h,52584,0,0.00,2017-12-31 23:00:00+00:00,2023-12-31 22:00:00+00:00
H1.Z18,P,1h,52584,0,0.00,2017-12-31 23:00:00+00:00,2023-12-31 22:00:00+00:00
H1.Z18,P1,1h,52584,0,0.00,2017-12-31 23:00:00+00:00,2023-12-31 22:00:00+00:00
H1.Z18,P2,1h,52584,0,0.00,2017-12-31 23:00:00+00:00,2023-12-31 22:00:00+00:00
H1.Z18,P3,1h,52584,0,0.00,2017-12-31 23:00:00+00:00,2023-12-31 22:00:00+00:00
H1.Z18,PF,1h,52584,0,0.00,2017-12-31 23:00:00+00:00,2023-12-31 22:00:00+00:00
H1.Z18,PF1,1h,52584,0,0.00,2017-12-31 23:00:00+00:00,2023-12-31 22:00:00+00:00
H1.Z18,PF2,1h,52584,0,0.00,2017-12-31 23:00:00+00:00,2023-12-31 22:00:00+00:00
H1.Z18,PF3,1h,52584,0,0.00,2017-12-31 23:00:00+00:00,2023-12-31 22:00:00+00:00
H1.Z18,Q,1h,52584,0,0.00,2017-12-31 23:00:00+00:00,2023-12-31 22:00:00+00:00
H1.Z18,U1,1h,52584,0,0.00,2017-12-31 23:00:00+00:00,2023-12-31 22:00:00+00:00
H1.Z18,U2,1h,52584,0,0.00,2017-12-31 23:00:00+00:00,2023-12-31 22:00:00+00:00
H1.Z18,U3,1h,52584,0,0.00,2017-12-31 23:00:00+00:00,2023-12-31 22:00:00+00:00
H1.Z18,W,1h,52585,0,0.00,2018-01-01 00:00:00+00:00,2024-01-01 00:00:00+00:00
H1.Z18,WQ,1h,52585,0,0.00,2018-01-01 00:00:00+00:00,2024-01-01 00:00:00+00:00
H1.Z18,WQ_in,1h,52583,0,0.00,2018-01-01 00:00:00+00:00,2023-12-31 22:00:00+00:00
H1.Z18,WQ_out,1h,52062,0,0.00,2018-01-22 17:00:00+00:00,2023-12-31 22:00:00+00:00
H1.Z18,W_in,1h,52583,0,0.00,2018-01-01 00:00:00+00:00,2023-12-31 22:00:00+00:00
H1.Z18,W_out,1h,52062,0,0.00,2018-01-22 17:00:00+00:00,2023-12-31 22:00:00+00:00
H1.Z18,f,1h,52584,0,0.00,2017-12-31 23:00:00+00:00,2023-12-31 22:00:00+00:00
H1.Z19,I1,1h,52584,0,0.00,2017-12-31 23:00:00+00:00,2023-12-31 22:00:00+00:00
H1.Z19,I2,1h,52584,0,0.00,2017-12-31 23:00:00+00:00,2023-12-31 22:00:00+00:00
H1.Z19,I3,1h,52584,0,0.00,2017-12-31 23:00:00+00:00,2023-12-31 22:00:00+00:00
H1.Z19,P,1h,52584,0,0.00,2017-12-31 23:00:00+00:00,2023-12-31 22:00:00+00:00
H1.Z19,P1,1h,52584,0,0.00,2017-12-31 23:00:00+00:00,2023-12-31 22:00:00+00:00
H1.Z19,P2,1h,52584,0,0.00,2017-12-31 23:00:00+00:00,2023-12-31 22:00:00+00:00
H1.Z19,P3,1h,52584,0,0.00,2017-12-31 23:00:00+00:00,2023-12-31 22:00:00+00:00
H1.Z19,PF,1h,52584,0,0.00,2017-12-31 23:00:00+00:00,2023-12-31 22:00:00+00:00
H1.Z19,PF1,1h,52584,0,0.00,2017-12-31 23:00:00+00:00,2023-12-31 22:00:00+00:00
H1.Z19,PF2,1h,52584,0,0.00,2017-12-31 23:00:00+00:00,2023-12-31 22:00:00+00:00
H1.Z19,PF3,1h,52584,0,0.00,2017-12-31 23:00:00+00:00,2023-12-31 22:00:00+00:00
H1.Z19,Q,1h,52584,0,0.00,2017-12-31 23:00:00+00:00,2023-12-31 22:00:00+00:00
H1.Z19,U1,1h,52584,0,0.00,2017-12-31 23:00:00+00:00,2023-12-31 22:00:00+00:00
H1.Z19,U2,1h,52584,0,0.00,2017-12-31 23:00:00+00:00,2023-12-31 22:00:00+00:00
H1.Z19,U3,1h,52584,0,0.00,2017-12-31 23:00:00+00:00,2023-12-31 22:00:00+00:00
H1.Z19,W,1h,52585,0,0.00,2018-01-01 00:00:00+00:00,2024-01-01 00:00:00+00:00
H1.Z19,WQ,1h,52585,0,0.00,2018-01-01 00:00:00+00:00,2024-01-01 00:00:00+00:00
H1.Z19,WQ_in,1h,52583,0,0.00,2018-01-01 00:00:00+00:00,2023-12-31 22:00:00+00:00
H1.Z19,WQ_out,1h,52062,0,0.00,2018-01-22 17:00:00+00:00,2023-12-31 22:00:00+00:00
H1.Z19,W_in,1h,52583,0,0.00,2018-01-01 00:00:00+00:00,2023-12-31 22:00:00+00:00
H1.Z19,W_out,1h,52062,0,0.00,2018-01-22 17:00:00+00:00,2023-12-31 22:00:00+00:00
H1.Z19,f,1h,52584,0,0.00,2017-12-31 23:00:00+00:00,2023-12-31 22:00:00+00:00
H1.Z20,I1,1h,52584,0,0.00,2017-12-31 23:00:00+00:00,2023-12-31 22:00:00+00:00
H1.Z20,I2,1h,52584,0,0.00,2017-12-31 23:00:00+00:00,2023-12-31 22:00:00+00:00
H1.Z20,I3,1h,52584,0,0.00,2017-12-31 23:00:00+00:00,2023-12-31 22:00:00+00:00
H1.Z20,P,1h,52584,0,0.00,2017-12-31 23:00:00+00:00,2023-12-31 22:00:00+00:00
H1.Z20,P1,1h,52584,0,0.00,2017-12-31 23:00:00+00:00,2023-12-31 22:00:00+00:00
H1.Z20,P2,1h,52584,0,0.00,2017-12-31 23:00:00+00:00,2023-12-31 22:00:00+00:00
H1.Z20,P3,1h,52584,0,0.00,2017-12-31 23:00:00+00:00,2023-12-31 22:00:00+00:00
H1.Z20,PF,1h,52584,0,0.00,2017-12-31 23:00:00+00:00,2023-12-31 22:00:00+00:00
H1.Z20,PF1,1h,52584,0,0.00,2017-12-31 23:00:00+00:00,2023-12-31 22:00:00+00:00
H1.Z20,PF2,1h,52584,0,0.00,2017-12-31 23:00:00+00:00,2023-12-31 22:00:00+00:00
H1.Z20,PF3,1h,52584,0,0.00,2017-12-31 23:00:00+00:00,2023-12-31 22:00:00+00:00
H1.Z20,Q,1h,52584,0,0.00,2017-12-31 23:00:00+00:00,2023-12-31 22:00:00+00:00
H1.Z20,U1,1h,52584,0,0.00,2017-12-31 23:00:00+00:00,2023-12-31 22:00:00+00:00
H1.Z20,U2,1h,52584,0,0.00,2017-12-31 23:00:00+00:00,2023-12-31 22:00:00+00:00
H1.Z20,U3,1h,52584,0,0.00,2017-12-31 23:00:00+00:00,2023-12-31 22:00:00+00:00
H1.Z20,W,1h,52585,0,0.00,2018-01-01 00:00:00+00:00,2024-01-01 00:00:00+00:00
H1.Z20,WQ,1h,52585,0,0.00,2018-01-01 00:00:00+00:00,2024-01-01 00:00:00+00:00
H1.Z20,WQ_in,1h,52584,0,0.00,2017-12-31 23:00:00+00:00,2023-12-31 22:00:00+00:00
H1.Z20,WQ_out,1h,52583,0,0.00,2018-01-01 00:00:00+00:00,2023-12-31 22:00:00+00:00
H1.Z20,W_in,1h,52584,0,0.00,2017-12-31 23:00:00+00:00,2023-12-31 22:00:00+00:00
H1.Z20,W_out,1h,52583,0,0.00,2018-01-01 00:00:00+00:00,2023-12-31 22:00:00+00:00
H1.Z20,f,1h,52584,0,0.00,2017-12-31 23:00:00+00:00,2023-12-31 22:00:00+00:00
H1.Z21,I1,1h,52584,0,0.00,2017-12-31 23:00:00+00:00,2023-12-31 22:00:00+00:00
H1.Z21,I2,1h,52584,0,0.00,2017-12-31 23:00:00+00:00,2023-12-31 22:00:00+00:00
H1.Z21,I3,1h,52584,0,0.00,2017-12-31 23:00:00+00:00,2023-12-31 22:00:00+00:00
H1.Z21,P,1h,52584,0,0.00,2017-12-31 23:00:00+00:00,2023-12-31 22:00:00+00:00
H1.Z21,P1,1h,52584,0,0.00,2017-12-31 23:00:00+00:00,2023-12-31 22:00:00+00:00
H1.Z21,P2,1h,52584,0,0.00,2017-12-31 23:00:00+00:00,2023-12-31 22:00:00+00:00
H1.Z21,P3,1h,52584,0,0.00,2017-12-31 23:00:00+00:00,2023-12-31 22:00:00+00:00
H1.Z21,PF,1h,52584,0,0.00,2017-12-31 23:00:00+00:00,2023-12-31 22:00:00+00:00
H1.Z21,PF1,1h,52584,0,0.00,2017-12-31 23:00:00+00:00,2023-12-31 22:00:00+00:00
H1.Z21,PF2,1h,52584,0,0.00,2017-12-31 23:00:00+00:00,2023-12-31 22:00:00+00:00
H1.Z21,PF3,1h,52584,0,0.00,2017-12-31 23:00:00+00:00,2023-12-31 22:00:00+00:00
H1.Z21,Q,1h,52584,0,0.00,2017-12-31 23:00:00+00:00,2023-12-31 22:00:00+00:00
H1.Z21,U1,1h,52584,0,0.00,2017-12-31 23:00:00+00:00,2023-12-31 22:00:00+00:00
H1.Z21,U2,1h,52584,0,0.00,2017-12-31 23:00:00+00:00,2023-12-31 22:00:00+00:00
H1.Z21,U3,1h,52584,0,0.00,2017-12-31 23:00:00+00:00,2023-12-31 22:00:00+00:00
H1.Z21,W,1h,52585,0,0.00,2018-01-01 00:00:00+00:00,2024-01-01 00:00:00+00:00
H1.Z21,WQ,1h,52585,0,0.00,2018-01-01 00:00:00+00:00,2024-01-01 00:00:00+00:00
H1.Z21,WQ_in,1h,52584,0,0.00,2017-12-31 23:00:00+00:00,2023-12-31 22:00:00+00:00
H1.Z21,WQ_out,1h,52522,0,0.00,2018-01-03 13:00:00+00:00,2023-12-31 22:00:00+00:00
H1.Z21,W_in,1h,52584,0,0.00,2017-12-31 23:00:00+00:00,2023-12-31 22:00:00+00:00
H1.Z21,W_out,1h,52501,0,0.00,2018-01-04 10:00:00+00:00,2023-12-31 22:00:00+00:00
H1.Z21,f,1h,52584,0,0.00,2017-12-31 23:00:00+00:00,2023-12-31 22:00:00+00:00
H1.Z22,I1,1h,52584,0,0.00,2017-12-31 23:00:00+00:00,2023-12-31 22:00:00+00:00
H1.Z22,I2,1h,52584,0,0.00,2017-12-31 23:00:00+00:00,2023-12-31 22:00:00+00:00
H1.Z22,I3,1h,52584,0,0.00,2017-12-31 23:00:00+00:00,2023-12-31 22:00:00+00:00
H1.Z22,P,1h,52584,0,0.00,2017-12-31 23:00:00+00:00,2023-12-31 22:00:00+00:00
H1.Z22,P1,1h,52584,0,0.00,2017-12-31 23:00:00+00:00,2023-12-31 22:00:00+00:00
H1.Z22,P2,1h,52584,0,0.00,2017-12-31 23:00:00+00:00,2023-12-31 22:00:00+00:00
H1.Z22,P3,1h,52584,0,0.00,2017-12-31 23:00:00+00:00,2023-12-31 22:00:00+00:00
H1.Z22,PF,1h,52584,0,0.00,2017-12-31 23:00:00+00:00,2023-12-31 22:00:00+00:00
H1.Z22,PF1,1h,52584,0,0.00,2017-12-31 23:00:00+00:00,2023-12-31 22:00:00+00:00
H1.Z22,PF2,1h,52584,0,0.00,2017-12-31 23:00:00+00:00,2023-12-31 22:00:00+00:00
H1.Z22,PF3,1h,52584,0,0.00,2017-12-31 23:00:00+00:00,2023-12-31 22:00:00+00:00
H1.Z22,Q,1h,52584,0,0.00,2017-12-31 23:00:00+00:00,2023-12-31 22:00:00+00:00
H1.Z22,U1,1h,52584,0,0.00,2017-12-31 23:00:00+00:00,2023-12-31 22:00:00+00:00
H1.Z22,U2,1h,52584,0,0.00,2017-12-31 23:00:00+00:00,2023-12-31 22:00:00+00:00
H1.Z22,U3,1h,52584,0,0.00,2017-12-31 23:00:00+00:00,2023-12-31 22:00:00+00:00
H1.Z22,W,1h,52585,0,0.00,2018-01-01 00:00:00+00:00,2024-01-01 00:00:00+00:00
H1.Z22,WQ,1h,52585,0,0.00,2018-01-01 00:00:00+00:00,2024-01-01 00:00:00+00:00
H1.Z22,WQ_in,1h,52583,0,0.00,2018-01-01 00:00:00+00:00,2023-12-31 22:00:00+00:00
H1.Z22,WQ_out,1h,52062,0,0.00,2018-01-22 17:00:00+00:00,2023-12-31 22:00:00+00:00
H1.Z22,W_in,1h,52583,0,0.00,2018-01-01 00:00:00+00:00,2023-12-31 22:00:00+00:00
H1.Z22,W_out,1h,52501,0,0.00,2018-01-04 10:00:00+00:00,2023-12-31 22:00:00+00:00
H1.Z22,f,1h,52584,0,0.00,2017-12-31 23:00:00+00:00,2023-12-31 22:00:00+00:00
H1.Z23,I1,1h,52584,0,0.00,2017-12-31 23:00:00+00:00,2023-12-31 22:00:00+00:00
H1.Z23,I2,1h,52584,0,0.00,2017-12-31 23:00:00+00:00,2023-12-31 22:00:00+00:00
H1.Z23,I3,1h,52584,0,0.00,2017-12-31 23:00:00+00:00,2023-12-31 22:00:00+00:00
H1.Z23,P,1h,52584,0,0.00,2017-12-31 23:00:00+00:00,2023-12-31 22:00:00+00:00
H1.Z23,P1,1h,52584,0,0.00,2017-12-31 23:00:00+00:00,2023-12-31 22:00:00+00:00
H1.Z23,P2,1h,52584,0,0.00,2017-12-31 23:00:00+00:00,2023-12-31 22:00:00+00:00
H1.Z23,P3,1h,52584,0,0.00,2017-12-31 23:00:00+00:00,2023-12-31 22:00:00+00:00
H1.Z23,PF,1h,52584,0,0.00,2017-12-31 23:00:00+00:00,2023-12-31 22:00:00+00:00
H1.Z23,PF1,1h,52584,0,0.00,2017-12-31 23:00:00+00:00,2023-12-31 22:00:00+00:00
H1.Z23,PF2,1h,52584,0,0.00,2017-12-31 23:00:00+00:00,2023-12-31 22:00:00+00:00
H1.Z23,PF3,1h,52584,0,0.00,2017-12-31 23:00:00+00:00,2023-12-31 22:00:00+00:00
H1.Z23,Q,1h,52584,0,0.00,2017-12-31 23:00:00+00:00,2023-12-31 22:00:00+00:00
H1.Z23,U1,1h,52584,0,0.00,2017-12-31 23:00:00+00:00,2023-12-31 22:00:00+00:00
H1.Z23,U2,1h,52584,0,0.00,2017-12-31 23:00:00+00:00,2023-12-31 22:00:00+00:00
H1.Z23,U3,1h,52584,0,0.00,2017-12-31 23:00:00+00:00,2023-12-31 22:00:00+00:00
H1.Z23,W,1h,52062,0,0.00,2018-01-22 17:00:00+00:00,2023-12-31 22:00:00+00:00
H1.Z23,WQ,1h,52267,0,0.00,2018-01-14 04:00:00+00:00,2023-12-31 22:00:00+00:00
H1.Z23,WQ_in,1h,52584,0,0.00,2017-12-31 23:00:00+00:00,2023-12-31 22:00:00+00:00
H1.Z23,WQ_out,1h,52267,0,0.00,2018-01-14 04:00:00+00:00,2023-12-31 22:00:00+00:00
H1.Z23,W_in,1h,52584,0,0.00,2017-12-31 23:00:00+00:00,2023-12-31 22:00:00+00:00
H1.Z23,W_out,1h,52062,0,0.00,2018-01-22 17:00:00+00:00,2023-12-31 22:00:00+00:00
H1.Z23,f,1h,52584,0,0.00,2017-12-31 23:00:00+00:00,2023-12-31 22:00:00+00:00
H1.Z24,I1,1h,52584,0,0.00,2017-12-31 23:00:00+00:00,2023-12-31 22:00:00+00:00
H1.Z24,I2,1h,52584,0,0.00,2017-12-31 23:00:00+00:00,2023-12-31 22:00:00+00:00
H1.Z24,I3,1h,52584,0,0.00,2017-12-31 23:00:00+00:00,2023-12-31 22:00:00+00:00
H1.Z24,P,1h,52584,0,0.00,2017-12-31 23:00:00+00:00,2023-12-31 22:00:00+00:00
H1.Z24,P1,1h,52584,0,0.00,2017-12-31 23:00:00+00:00,2023-12-31 22:00:00+00:00
H1.Z24,P2,1h,52584,0,0.00,2017-12-31 23:00:00+00:00,2023-12-31 22:00:00+00:00
H1.Z24,P3,1h,52584,0,0.00,2017-12-31 23:00:00+00:00,2023-12-31 22:00:00+00:00
H1.Z24,PF,1h,52584,0,0.00,2017-12-31 23:00:00+00:00,2023-12-31 22:00:00+00:00
H1.Z24,PF1,1h,52584,0,0.00,2017-12-31 23:00:00+00:00,2023-12-31 22:00:00+00:00
H1.Z24,PF2,1h,52584,0,0.00,2017-12-31 23:00:00+00:00,2023-12-31 22:00:00+00:00
H1.Z24,PF3,1h,52584,0,0.00,2017-12-31 23:00:00+00:00,2023-12-31 22:00:00+00:00
H1.Z24,Q,1h,52584,0,0.00,2017-12-31 23:00:00+00:00,2023-12-31 22:00:00+00:00
H1.Z24,U1,1h,52584,0,0.00,2017-12-31 23:00:00+00:00,2023-12-31 22:00:00+00:00
H1.Z24,U2,1h,52584,0,0.00,2017-12-31 23:00:00+00:00,2023-12-31 22:00:00+00:00
H1.Z24,U3,1h,52584,0,0.00,2017-12-31 23:00:00+00:00,2023-12-31 22:00:00+00:00
H1.Z24,W,1h,52062,0,0.00,2018-01-22 17:00:00+00:00,2023-12-31 22:00:00+00:00
H1.Z24,WQ,1h,52062,0,0.00,2018-01-22 17:00:00+00:00,2023-12-31 22:00:00+00:00
H1.Z24,WQ_in,1h,52583,0,0.00,2018-01-01 00:00:00+00:00,2023-12-31 22:00:00+00:00
H1.Z24,WQ_out,1h,52062,0,0.00,2018-01-22 17:00:00+00:00,2023-12-31 22:00:00+00:00
H1.Z24,W_in,1h,52583,0,0.00,2018-01-01 00:00:00+00:00,2023-12-31 22:00:00+00:00
H1.Z24,W_out,1h,52062,0,0.00,2018-01-22 17:00:00+00:00,2023-12-31 22:00:00+00:00
H1.Z24,f,1h,52584,0,0.00,2017-12-31 23:00:00+00:00,2023-12-31 22:00:00+00:00
H1.Z25,I1,1h,52584,0,0.00,2017-12-31 23:00:00+00:00,2023-12-31 22:00:00+00:00
H1.Z25,I2,1h,52584,0,0.00,2017-12-31 23:00:00+00:00,2023-12-31 22:00:00+00:00
H1.Z25,I3,1h,52584,0,0.00,2017-12-31 23:00:00+00:00,2023-12-31 22:00:00+00:00
H1.Z25,P,1h,52584,0,0.00,2017-12-31 23:00:00+00:00,2023-12-31 22:00:00+00:00
H1.Z25,P1,1h,52584,0,0.00,2017-12-31 23:00:00+00:00,2023-12-31 22:00:00+00:00
H1.Z25,P2,1h,52584,0,0.00,2017-12-31 23:00:00+00:00,2023-12-31 22:00:00+00:00
H1.Z25,P3,1h,52584,0,0.00,2017-12-31 23:00:00+00:00,2023-12-31 22:00:00+00:00
H1.Z25,PF,1h,52584,0,0.00,2017-12-31 23:00:00+00:00,2023-12-31 22:00:00+00:00
H1.Z25,PF1,1h,52584,0,0.00,2017-12-31 23:00:00+00:00,2023-12-31 22:00:00+00:00
H1.Z25,PF2,1h,52584,0,0.00,2017-12-31 23:00:00+00:00,2023-12-31 22:00:00+00:00
H1.Z25,PF3,1h,52584,0,0.00,2017-12-31 23:00:00+00:00,2023-12-31 22:00:00+00:00
H1.Z25,Q,1h,52584,0,0.00,2017-12-31 23:00:00+00:00,2023-12-31 22:00:00+00:00
H1.Z25,U1,1h,52584,0,0.00,2017-12-31 23:00:00+00:00,2023-12-31 22:00:00+00:00
H1.Z25,U2,1h,52584,0,0.00,2017-12-31 23:00:00+00:00,2023-12-31 22:00:00+00:00
H1.Z25,U3,1h,52584,0,0.00,2017-12-31 23:00:00+00:00,2023-12-31 22:00:00+00:00
H1.Z25,W,1h,52062,0,0.00,2018-01-22 17:00:00+00:00,2023-12-31 22:00:00+00:00
H1.Z25,WQ,1h,52582,0,0.00,2018-01-01 01:00:00+00:00,2023-12-31 22:00:00+00:00
H1.Z25,WQ_in,1h,52582,0,0.00,2018-01-01 01:00:00+00:00,2023-12-31 22:00:00+00:00
H1.Z25,WQ_out,1h,52583,0,0.00,2018-01-01 00:00:00+00:00,2023-12-31 22:00:00+00:00
H1.Z25,W_in,1h,52584,0,0.00,2017-12-31 23:00:00+00:00,2023-12-31 22:00:00+00:00
H1.Z25,W_out,1h,52062,0,0.00,2018-01-22 17:00:00+00:00,2023-12-31 22:00:00+00:00
H1.Z25,f,1h,52584,0,0.00,2017-12-31 23:00:00+00:00,2023-12-31 22:00:00+00:00
H1.Z26,I1,1h,52584,0,0.00,2017-12-31 23:00:00+00:00,2023-12-31 22:00:00+00:00
H1.Z26,I2,1h,52584,0,0.00,2017-12-31 23:00:00+00:00,2023-12-31 22:00:00+00:00
H1.Z26,I3,1h,52584,0,0.00,2017-12-31 23:00:00+00:00,2023-12-31 22:00:00+00:00
H1.Z26,P,1h,52584,0,0.00,2017-12-31 23:00:00+00:00,2023-12-31 22:00:00+00:00
H1.Z26,P1,1h,52584,0,0.00,2017-12-31 23:00:00+00:00,2023-12-31 22:00:00+00:00
H1.Z26,P2,1h,52584,0,0.00,2017-12-31 23:00:00+00:00,2023-12-31 22:00:00+00:00
H1.Z26,P3,1h,52584,0,0.00,2017-12-31 23:00:00+00:00,2023-12-31 22:00:00+00:00
H1.Z26,PF,1h,52584,0,0.00,2017-12-31 23:00:00+00:00,2023-12-31 22:00:00+00:00
H1.Z26,PF1,1h,52584,0,0.00,2017-12-31 23:00:00+00:00,2023-12-31 22:00:00+00:00
H1.Z26,PF2,1h,52584,0,0.00,2017-12-31 23:00:00+00:00,2023-12-31 22:00:00+00:00
H1.Z26,PF3,1h,52584,0,0.00,2017-12-31 23:00:00+00:00,2023-12-31 22:00:00+00:00
H1.Z26,U1,1h,52584,0,0.00,2017-12-31 23:00:00+00:00,2023-12-31 22:00:00+00:00
H1.Z26,U2,1h,52584,0,0.00,2017-12-31 23:00:00+00:00,2023-12-31 22:00:00+00:00
H1.Z26,U3,1h,52584,0,0.00,2017-12-31 23:00:00+00:00,2023-12-31 22:00:00+00:00
H1.Z26,W,1h,52583,0,0.00,2018-01-01 00:00:00+00:00,2023-12-31 22:00:00+00:00
H1.Z26,W1,1h,52583,0,0.00,2018-01-01 00:00:00+00:00,2023-12-31 22:00:00+00:00
H1.Z26,W2,1h,52583,0,0.00,2018-01-01 00:00:00+00:00,2023-12-31 22:00:00+00:00
H1.Z26,W3,1h,52583,0,0.00,2018-01-01 00:00:00+00:00,2023-12-31 22:00:00+00:00
H1.Z26,W_in,1h,52583,0,0.00,2018-01-01 00:00:00+00:00,2023-12-31 22:00:00+00:00
H1.Z26,W_out,1h,52331,0,0.00,2018-01-01 00:00:00+00:00,2023-12-21 10:00:00+00:00
H1.Z26,f,1h,52584,0,0.00,2017-12-31 23:00:00+00:00,2023-12-31 22:00:00+00:00
H1.Z27,I1,1h,52584,0,0.00,2017-12-31 23:00:00+00:00,2023-12-31 22:00:00+00:00
H1.Z27,I2,1h,52584,0,0.00,2017-12-31 23:00:00+00:00,2023-12-31 22:00:00+00:00
H1.Z27,I3,1h,52584,0,0.00,2017-12-31 23:00:00+00:00,2023-12-31 22:00:00+00:00
H1.Z27,P,1h,52584,0,0.00,2017-12-31 23:00:00+00:00,2023-12-31 22:00:00+00:00
H1.Z27,P1,1h,52584,0,0.00,2017-12-31 23:00:00+00:00,2023-12-31 22:00:00+00:00
H1.Z27,P2,1h,52584,0,0.00,2017-12-31 23:00:00+00:00,2023-12-31 22:00:00+00:00
H1.Z27,P3,1h,52584,0,0.00,2017-12-31 23:00:00+00:00,2023-12-31 22:00:00+00:00
H1.Z27,PF,1h,52584,0,0.00,2017-12-31 23:00:00+00:00,2023-12-31 22:00:00+00:00
H1.Z27,PF1,1h,52584,0,0.00,2017-12-31 23:00:00+00:00,2023-12-31 22:00:00+00:00
H1.Z27,PF2,1h,52584,0,0.00,2017-12-31 23:00:00+00:00,2023-12-31 22:00:00+00:00
H1.Z27,PF3,1h,52584,0,0.00,2017-12-31 23:00:00+00:00,2023-12-31 22:00:00+00:00
H1.Z27,U1,1h,52584,0,0.00,2017-12-31 23:00:00+00:00,2023-12-31 22:00:00+00:00
H1.Z27,U2,1h,52584,0,0.00,2017-12-31 23:00:00+00:00,2023-12-31 22:00:00+00:00
H1.Z27,U3,1h,52584,0,0.00,2017-12-31 23:00:00+00:00,2023-12-31 22:00:00+00:00
H1.Z27,W,1h,52583,0,0.00,2018-01-01 00:00:00+00:00,2023-12-31 22:00:00+00:00
H1.Z27,W1,1h,52583,0,0.00,2018-01-01 00:00:00+00:00,2023-12-31 22:00:00+00:00
H1.Z27,W2,1h,52583,0,0.00,2018-01-01 00:00:00+00:00,2023-12-31 22:00:00+00:00
H1.Z27,W3,1h,52583,0,0.00,2018-01-01 00:00:00+00:00,2023-12-31 22:00:00+00:00
H1.Z27,W_in,1h,52583,0,0.00,2018-01-01 00:00:00+00:00,2023-12-31 22:00:00+00:00
H1.Z27,W_out,1h,48521,0,0.00,2018-01-01 00:00:00+00:00,2023-07-15 16:00:00+00:00
H1.Z27,f,1h,52584,0,0.00,2017-12-31 23:00:00+00:00,2023-12-31 22:00:00+00:00
H1.Z28,I1,1h,52584,0,0.00,2017-12-31 23:00:00+00:00,2023-12-31 22:00:00+00:00
H1.Z28,I2,1h,52584,0,0.00,2017-12-31 23:00:00+00:00,2023-12-31 22:00:00+00:00
H1.Z28,I3,1h,52584,0,0.00,2017-12-31 23:00:00+00:00,2023-12-31 22:00:00+00:00
H1.Z28,P,1h,52584,0,0.00,2017-12-31 23:00:00+00:00,2023-12-31 22:00:00+00:00
H1.Z28,P1,1h,52584,0,0.00,2017-12-31 23:00:00+00:00,2023-12-31 22:00:00+00:00
H1.Z28,P2,1h,52584,0,0.00,2017-12-31 23:00:00+00:00,2023-12-31 22:00:00+00:00
H1.Z28,P3,1h,52584,0,0.00,2017-12-31 23:00:00+00:00,2023-12-31 22:00:00+00:00
H1.Z28,PF,1h,52584,0,0.00,2017-12-31 23:00:00+00:00,2023-12-31 22:00:00+00:00
H1.Z28,PF1,1h,52584,0,0.00,2017-12-31 23:00:00+00:00,2023-12-31 22:00:00+00:00
H1.Z28,PF2,1h,52584,0,0.00,2017-12-31 23:00:00+00:00,2023-12-31 22:00:00+00:00
H1.Z28,PF3,1h,52584,0,0.00,2017-12-31 23:00:00+00:00,2023-12-31 22:00:00+00:00
H1.Z28,U1,1h,52584,0,0.00,2017-12-31 23:00:00+00:00,2023-12-31 22:00:00+00:00
H1.Z28,U2,1h,52584,0,0.00,2017-12-31 23:00:00+00:00,2023-12-31 22:00:00+00:00
H1.Z28,U3,1h,52584,0,0.00,2017-12-31 23:00:00+00:00,2023-12-31 22:00:00+00:00
H1.Z28,W,1h,52583,0,0.00,2018-01-01 00:00:00+00:00,2023-12-31 22:00:00+00:00
H1.Z28,W1,1h,52583,0,0.00,2018-01-01 00:00:00+00:00,2023-12-31 22:00:00+00:00
H1.Z28,W2,1h,52583,0,0.00,2018-01-01 00:00:00+00:00,2023-12-31 22:00:00+00:00
H1.Z28,W3,1h,52583,0,0.00,2018-01-01 00:00:00+00:00,2023-12-31 22:00:00+00:00
H1.Z28,W_in,1h,52575,0,0.00,2018-01-01 00:00:00+00:00,2023-12-31 14:00:00+00:00
H1.Z28,W_out,1h,52583,0,0.00,2018-01-01 00:00:00+00:00,2023-12-31 22:00:00+00:00
H1.Z28,f,1h,52584,0,0.00,2017-12-31 23:00:00+00:00,2023-12-31 22:00:00+00:00
H1.Z29,I1,1h,52584,0,0.00,2017-12-31 23:00:00+00:00,2023-12-31 22:00:00+00:00
H1.Z29,I2,1h,52584,0,0.00,2017-12-31 23:00:00+00:00,2023-12-31 22:00:00+00:00
H1.Z29,I3,1h,52584,0,0.00,2017-12-31 23:00:00+00:00,2023-12-31 22:00:00+00:00
H1.Z29,P,1h,52584,0,0.00,2017-12-31 23:00:00+00:00,2023-12-31 22:00:00+00:00
H1.Z29,P1,1h,52584,0,0.00,2017-12-31 23:00:00+00:00,2023-12-31 22:00:00+00:00
H1.Z29,P2,1h,52584,0,0.00,2017-12-31 23:00:00+00:00,2023-12-31 22:00:00+00:00
H1.Z29,P3,1h,52584,0,0.00,2017-12-31 23:00:00+00:00,2023-12-31 22:00:00+00:00
H1.Z29,PF,1h,52584,0,0.00,2017-12-31 23:00:00+00:00,2023-12-31 22:00:00+00:00
H1.Z29,PF1,1h,52584,0,0.00,2017-12-31 23:00:00+00:00,2023-12-31 22:00:00+00:00
H1.Z29,PF2,1h,52584,0,0.00,2017-12-31 23:00:00+00:00,2023-12-31 22:00:00+00:00
H1.Z29,PF3,1h,52584,0,0.00,2017-12-31 23:00:00+00:00,2023-12-31 22:00:00+00:00
H1.Z29,U1,1h,52584,0,0.00,2017-12-31 23:00:00+00:00,2023-12-31 22:00:00+00:00
H1.Z29,U2,1h,52584,0,0.00,2017-12-31 23:00:00+00:00,2023-12-31 22:00:00+00:00
H1.Z29,U3,1h,52584,0,0.00,2017-12-31 23:00:00+00:00,2023-12-31 22:00:00+00:00
H1.Z29,W,1h,52583,0,0.00,2018-01-01 00:00:00+00:00,2023-12-31 22:00:00+00:00
H1.Z29,W1,1h,52583,0,0.00,2018-01-01 00:00:00+00:00,2023-12-31 22:00:00+00:00
H1.Z29,W2,1h,52583,0,0.00,2018-01-01 00:00:00+00:00,2023-12-31 22:00:00+00:00
H1.Z29,W3,1h,52583,0,0.00,2018-01-01 00:00:00+00:00,2023-12-31 22:00:00+00:00
H1.Z29,W_in,1h,52575,0,0.00,2018-01-01 00:00:00+00:00,2023-12-31 14:00:00+00:00
H1.Z29,W_out,1h,52583,0,0.00,2018-01-01 00:00:00+00:00,2023-12-31 22:00:00+00:00
H1.Z29,f,1h,52584,0,0.00,2017-12-31 23:00:00+00:00,2023-12-31 22:00:00+00:00
H1.Z310,I1,1h,30817,0,0.00,2020-06-25 22:00:00+00:00,2023-12-31 22:00:00+00:00
H1.Z310,I2,1h,30817,0,0.00,2020-06-25 22:00:00+00:00,2023-12-31 22:00:00+00:00
H1.Z310,I3,1h,30817,0,0.00,2020-06-25 22:00:00+00:00,2023-12-31 22:00:00+00:00
H1.Z310,P,1h,30817,0,0.00,2020-06-25 22:00:00+00:00,2023-12-31 22:00:00+00:00
H1.Z310,P1,1h,30817,0,0.00,2020-06-25 22:00:00+00:00,2023-12-31 22:00:00+00:00
H1.Z310,P2,1h,30817,0,0.00,2020-06-25 22:00:00+00:00,2023-12-31 22:00:00+00:00
H1.Z310,P3,1h,30817,0,0.00,2020-06-25 22:00:00+00:00,2023-12-31 22:00:00+00:00
H1.Z310,PF,1h,30817,0,0.00,2020-06-25 22:00:00+00:00,2023-12-31 22:00:00+00:00
H1.Z310,PF1,1h,30817,0,0.00,2020-06-25 22:00:00+00:00,2023-12-31 22:00:00+00:00
H1.Z310,PF2,1h,30817,0,0.00,2020-06-25 22:00:00+00:00,2023-12-31 22:00:00+00:00
H1.Z310,PF3,1h,30817,0,0.00,2020-06-25 22:00:00+00:00,2023-12-31 22:00:00+00:00
H1.Z310,U1,1h,30817,0,0.00,2020-06-25 22:00:00+00:00,2023-12-31 22:00:00+00:00
H1.Z310,U2,1h,30817,0,0.00,2020-06-25 22:00:00+00:00,2023-12-31 22:00:00+00:00
H1.Z310,U3,1h,30817,0,0.00,2020-06-25 22:00:00+00:00,2023-12-31 22:00:00+00:00
H1.Z310,W,1h,30809,0,0.00,2020-06-25 23:00:00+00:00,2023-12-31 15:00:00+00:00
H1.Z310,W1,1h,30809,0,0.00,2020-06-25 23:00:00+00:00,2023-12-31 15:00:00+00:00
H1.Z310,W2,1h,30809,0,0.00,2020-06-25 23:00:00+00:00,2023-12-31 15:00:00+00:00
H1.Z310,W3,1h,30816,0,0.00,2020-06-25 23:00:00+00:00,2023-12-31 22:00:00+00:00
H1.Z310,W_in,1h,30816,0,0.00,2020-06-25 23:00:00+00:00,2023-12-31 22:00:00+00:00
H1.Z310,W_out,1h,30804,0,0.00,2020-06-26 04:00:00+00:00,2023-12-31 15:00:00+00:00
H1.Z310,f,1h,30817,0,0.00,2020-06-25 22:00:00+00:00,2023-12-31 22:00:00+00:00
H1.ZE20,I1,1h,9519,0,0.00,2022-11-30 08:00:00+00:00,2023-12-31 22:00:00+00:00
H1.ZE20,I2,1h,9519,0,0.00,2022-11-30 08:00:00+00:00,2023-12-31 22:00:00+00:00
H1.ZE20,I3,1h,9519,0,0.00,2022-11-30 08:00:00+00:00,2023-12-31 22:00:00+00:00
H1.ZE20,P,1h,9519,0,0.00,2022-11-30 08:00:00+00:00,2023-12-31 22:00:00+00:00
H1.ZE20,P1,1h,9519,0,0.00,2022-11-30 08:00:00+00:00,2023-12-31 22:00:00+00:00
H1.ZE20,P2,1h,9519,0,0.00,2022-11-30 08:00:00+00:00,2023-12-31 22:00:00+00:00
H1.ZE20,P3,1h,9519,0,0.00,2022-11-30 08:00:00+00:00,2023-12-31 22:00:00+00:00
H1.ZE20,PF,1h,9519,0,0.00,2022-11-30 08:00:00+00:00,2023-12-31 22:00:00+00:00
H1.ZE20,PF1,1h,9519,0,0.00,2022-11-30 08:00:00+00:00,2023-12-31 22:00:00+00:00
H1.ZE20,PF2,1h,9519,0,0.00,2022-11-30 08:00:00+00:00,2023-12-31 22:00:00+00:00
H1.ZE20,PF3,1h,9519,0,0.00,2022-11-30 08:00:00+00:00,2023-12-31 22:00:00+00:00
H1.ZE20,U1,1h,9519,0,0.00,2022-11-30 08:00:00+00:00,2023-12-31 22:00:00+00:00
H1.ZE20,U2,1h,9519,0,0.00,2022-11-30 08:00:00+00:00,2023-12-31 22:00:00+00:00
H1.ZE20,U3,1h,9519,0,0.00,2022-11-30 08:00:00+00:00,2023-12-31 22:00:00+00:00
H1.ZE20,W,1h,9518,0,0.00,2022-11-30 09:00:00+00:00,2023-12-31 22:00:00+00:00
H1.ZE20,W1,1h,9518,0,0.00,2022-11-30 09:00:00+00:00,2023-12-31 22:00:00+00:00
H1.ZE20,W2,1h,9518,0,0.00,2022-11-30 09:00:00+00:00,2023-12-31 22:00:00+00:00
H1.ZE20,W3,1h,9518,0,0.00,2022-11-30 09:00:00+00:00,2023-12-31 22:00:00+00:00
H1.ZE20,W_in,1h,9510,0,0.00,2022-11-30 09:00:00+00:00,2023-12-31 14:00:00+00:00
H1.ZE20,W_out,1h,9518,0,0.00,2022-11-30 09:00:00+00:00,2023-12-31 22:00:00+00:00
H1.ZE20,f,1h,9519,0,0.00,2022-11-30 08:00:00+00:00,2023-12-31 22:00:00+00:00
H2.K21,P,1h,52526,0,0.00,2018-01-03 09:00:00+00:00,2023-12-31 22:00:00+00:00
H2.K21,Tdiff,1h,52584,0,0.00,2017-12-31 23:00:00+00:00,2023-12-31 22:00:00+00:00
H2.K21,Trl,1h,52526,0,0.00,2018-01-03 09:00:00+00:00,2023-12-31 22:00:00+00:00
H2.K21,Tvl,1h,52526,0,0.00,2018-01-03 09:00:00+00:00,2023-12-31 22:00:00+00:00
H2.K21,V,1h,52525,0,0.00,2018-01-03 10:00:00+00:00,2023-12-31 22:00:00+00:00
H2.K21,W,1h,52516,0,0.00,2018-01-03 19:00:00+00:00,2023-12-31 22:00:00+00:00
H2.K21,qv,1h,52526,0,0.00,2018-01-03 09:00:00+00:00,2023-12-31 22:00:00+00:00
H2.T.Z30,I1,1h,52584,0,0.00,2017-12-31 23:00:00+00:00,2023-12-31 22:00:00+00:00
H2.T.Z30,I2,1h,52584,0,0.00,2017-12-31 23:00:00+00:00,2023-12-31 22:00:00+00:00
H2.T.Z30,I3,1h,52584,0,0.00,2017-12-31 23:00:00+00:00,2023-12-31 22:00:00+00:00
H2.T.Z30,P,1h,52584,0,0.00,2017-12-31 23:00:00+00:00,2023-12-31 22:00:00+00:00
H2.T.Z30,P1,1h,52584,0,0.00,2017-12-31 23:00:00+00:00,2023-12-31 22:00:00+00:00
H2.T.Z30,P2,1h,52584,0,0.00,2017-12-31 23:00:00+00:00,2023-12-31 22:00:00+00:00
H2.T.Z30,P3,1h,52584,0,0.00,2017-12-31 23:00:00+00:00,2023-12-31 22:00:00+00:00
H2.T.Z30,PF,1h,52584,0,0.00,2017-12-31 23:00:00+00:00,2023-12-31 22:00:00+00:00
H2.T.Z30,PF1,1h,52584,0,0.00,2017-12-31 23:00:00+00:00,2023-12-31 22:00:00+00:00
H2.T.Z30,PF2,1h,52584,0,0.00,2017-12-31 23:00:00+00:00,2023-12-31 22:00:00+00:00
H2.T.Z30,PF3,1h,52584,0,0.00,2017-12-31 23:00:00+00:00,2023-12-31 22:00:00+00:00
H2.T.Z30,Q,1h,52584,0,0.00,2017-12-31 23:00:00+00:00,2023-12-31 22:00:00+00:00
H2.T.Z30,U1,1h,52584,0,0.00,2017-12-31 23:00:00+00:00,2023-12-31 22:00:00+00:00
H2.T.Z30,U2,1h,52584,0,0.00,2017-12-31 23:00:00+00:00,2023-12-31 22:00:00+00:00
H2.T.Z30,U3,1h,52584,0,0.00,2017-12-31 23:00:00+00:00,2023-12-31 22:00:00+00:00
H2.T.Z30,W,1h,45064,0,0.00,2018-11-10 07:00:00+00:00,2023-12-31 22:00:00+00:00
H2.T.Z30,WQ,1h,52529,0,0.00,2018-01-03 06:00:00+00:00,2023-12-31 22:00:00+00:00
H2.T.Z30,WQ_in,1h,52529,0,0.00,2018-01-03 06:00:00+00:00,2023-12-31 22:00:00+00:00
H2.T.Z30,WQ_out,1h,52584,0,0.00,2017-12-31 23:00:00+00:00,2023-12-31 22:00:00+00:00
H2.T.Z30,W_in,1h,52584,0,0.00,2017-12-31 23:00:00+00:00,2023-12-31 22:00:00+00:00
H2.T.Z30,W_out,1h,45064,0,0.00,2018-11-10 07:00:00+00:00,2023-12-31 22:00:00+00:00
H2.T.Z30,f,1h,52584,0,0.00,2017-12-31 23:00:00+00:00,2023-12-31 22:00:00+00:00
H2.T.Z31,I1,1h,52584,0,0.00,2017-12-31 23:00:00+00:00,2023-12-31 22:00:00+00:00
H2.T.Z31,I2,1h,52584,0,0.00,2017-12-31 23:00:00+00:00,2023-12-31 22:00:00+00:00
H2.T.Z31,I3,1h,52584,0,0.00,2017-12-31 23:00:00+00:00,2023-12-31 22:00:00+00:00
H2.T.Z31,P,1h,52584,0,0.00,2017-12-31 23:00:00+00:00,2023-12-31 22:00:00+00:00
H2.T.Z31,P1,1h,52584,0,0.00,2017-12-31 23:00:00+00:00,2023-12-31 22:00:00+00:00
H2.T.Z31,P2,1h,52584,0,0.00,2017-12-31 23:00:00+00:00,2023-12-31 22:00:00+00:00
H2.T.Z31,P3,1h,52584,0,0.00,2017-12-31 23:00:00+00:00,2023-12-31 22:00:00+00:00
H2.T.Z31,PF,1h,52584,0,0.00,2017-12-31 23:00:00+00:00,2023-12-31 22:00:00+00:00
H2.T.Z31,PF1,1h,52584,0,0.00,2017-12-31 23:00:00+00:00,2023-12-31 22:00:00+00:00
H2.T.Z31,PF2,1h,52584,0,0.00,2017-12-31 23:00:00+00:00,2023-12-31 22:00:00+00:00
H2.T.Z31,PF3,1h,52584,0,0.00,2017-12-31 23:00:00+00:00,2023-12-31 22:00:00+00:00
H2.T.Z31,Q,1h,52584,0,0.00,2017-12-31 23:00:00+00:00,2023-12-31 22:00:00+00:00
H2.T.Z31,U1,1h,52584,0,0.00,2017-12-31 23:00:00+00:00,2023-12-31 22:00:00+00:00
H2.T.Z31,U2,1h,52584,0,0.00,2017-12-31 23:00:00+00:00,2023-12-31 22:00:00+00:00
H2.T.Z31,U3,1h,52584,0,0.00,2017-12-31 23:00:00+00:00,2023-12-31 22:00:00+00:00
H2.T.Z31,W,1h,45064,0,0.00,2018-11-10 07:00:00+00:00,2023-12-31 22:00:00+00:00
H2.T.Z31,WQ,1h,52539,0,0.00,2018-01-02 20:00:00+00:00,2023-12-31 22:00:00+00:00
H2.T.Z31,WQ_in,1h,52583,0,0.00,2018-01-01 00:00:00+00:00,2023-12-31 22:00:00+00:00
H2.T.Z31,WQ_out,1h,52539,0,0.00,2018-01-02 20:00:00+00:00,2023-12-31 22:00:00+00:00
H2.T.Z31,W_in,1h,52583,0,0.00,2018-01-01 00:00:00+00:00,2023-12-31 22:00:00+00:00
H2.T.Z31,W_out,1h,45064,0,0.00,2018-11-10 07:00:00+00:00,2023-12-31 22:00:00+00:00
H2.T.Z31,f,1h,52584,0,0.00,2017-12-31 23:00:00+00:00,2023-12-31 22:00:00+00:00
H2.T.Z32,I1,1h,52584,0,0.00,2017-12-31 23:00:00+00:00,2023-12-31 22:00:00+00:00
H2.T.Z32,I2,1h,52584,0,0.00,2017-12-31 23:00:00+00:00,2023-12-31 22:00:00+00:00
H2.T.Z32,I3,1h,52584,0,0.00,2017-12-31 23:00:00+00:00,2023-12-31 22:00:00+00:00
H2.T.Z32,P,1h,52584,0,0.00,2017-12-31 23:00:00+00:00,2023-12-31 22:00:00+00:00
H2.T.Z32,P1,1h,52584,0,0.00,2017-12-31 23:00:00+00:00,2023-12-31 22:00:00+00:00
H2.T.Z32,P2,1h,52584,0,0.00,2017-12-31 23:00:00+00:00,2023-12-31 22:00:00+00:00
H2.T.Z32,P3,1h,52584,0,0.00,2017-12-31 23:00:00+00:00,2023-12-31 22:00:00+00:00
H2.T.Z32,PF,1h,52584,0,0.00,2017-12-31 23:00:00+00:00,2023-12-31 22:00:00+00:00
H2.T.Z32,PF1,1h,52584,0,0.00,2017-12-31 23:00:00+00:00,2023-12-31 22:00:00+00:00
H2.T.Z32,PF2,1h,52584,0,0.00,2017-12-31 23:00:00+00:00,2023-12-31 22:00:00+00:00
H2.T.Z32,PF3,1h,52584,0,0.00,2017-12-31 23:00:00+00:00,2023-12-31 22:00:00+00:00
H2.T.Z32,Q,1h,52584,0,0.00,2017-12-31 23:00:00+00:00,2023-12-31 22:00:00+00:00
H2.T.Z32,U1,1h,52584,0,0.00,2017-12-31 23:00:00+00:00,2023-12-31 22:00:00+00:00
H2.T.Z32,U2,1h,52584,0,0.00,2017-12-31 23:00:00+00:00,2023-12-31 22:00:00+00:00
H2.T.Z32,U3,1h,52584,0,0.00,2017-12-31 23:00:00+00:00,2023-12-31 22:00:00+00:00
H2.T.Z32,W,1h,45064,0,0.00,2018-11-10 07:00:00+00:00,2023-12-31 22:00:00+00:00
H2.T.Z32,WQ,1h,52515,0,0.00,2018-01-03 20:00:00+00:00,2023-12-31 22:00:00+00:00
H2.T.Z32,WQ_in,1h,52584,0,0.00,2017-12-31 23:00:00+00:00,2023-12-31 22:00:00+00:00
H2.T.Z32,WQ_out,1h,52515,0,0.00,2018-01-03 20:00:00+00:00,2023-12-31 22:00:00+00:00
H2.T.Z32,W_in,1h,52584,0,0.00,2017-12-31 23:00:00+00:00,2023-12-31 22:00:00+00:00
H2.T.Z32,W_out,1h,45064,0,0.00,2018-11-10 07:00:00+00:00,2023-12-31 22:00:00+00:00
H2.T.Z32,f,1h,52584,0,0.00,2017-12-31 23:00:00+00:00,2023-12-31 22:00:00+00:00
H2.T.Z33,I1,1h,51840,0,0.00,2018-01-31 23:00:00+00:00,2023-12-31 22:00:00+00:00
H2.T.Z33,I2,1h,51840,0,0.00,2018-01-31 23:00:00+00:00,2023-12-31 22:00:00+00:00
H2.T.Z33,I3,1h,51840,0,0.00,2018-01-31 23:00:00+00:00,2023-12-31 22:00:00+00:00
H2.T.Z33,P,1h,51840,0,0.00,2018-01-31 23:00:00+00:00,2023-12-31 22:00:00+00:00
H2.T.Z33,P1,1h,51840,0,0.00,2018-01-31 23:00:00+00:00,2023-12-31 22:00:00+00:00
H2.T.Z33,P2,1h,51840,0,0.00,2018-01-31 23:00:00+00:00,2023-12-31 22:00:00+00:00
H2.T.Z33,P3,1h,51840,0,0.00,2018-01-31 23:00:00+00:00,2023-12-31 22:00:00+00:00
H2.T.Z33,PF,1h,51840,0,0.00,2018-01-31 23:00:00+00:00,2023-12-31 22:00:00+00:00
H2.T.Z33,PF1,1h,51816,0,0.00,2018-01-31 23:00:00+00:00,2023-12-30 22:00:00+00:00
H2.T.Z33,PF2,1h,51815,0,0.00,2018-01-31 23:00:00+00:00,2023-12-30 21:00:00+00:00
H2.T.Z33,PF3,1h,51815,0,0.00,2018-01-31 23:00:00+00:00,2023-12-30 21:00:00+00:00
H2.T.Z33,Q,1h,51840,0,0.00,2018-01-31 23:00:00+00:00,2023-12-31 22:00:00+00:00
H2.T.Z33,U1,1h,51840,0,0.00,2018-01-31 23:00:00+00:00,2023-12-31 22:00:00+00:00
H2.T.Z33,U2,1h,51840,0,0.00,2018-01-31 23:00:00+00:00,2023-12-31 22:00:00+00:00
H2.T.Z33,U3,1h,51840,0,0.00,2018-01-31 23:00:00+00:00,2023-12-31 22:00:00+00:00
H2.T.Z33,W,1h,52585,0,0.00,2018-01-01 00:00:00+00:00,2024-01-01 00:00:00+00:00
H2.T.Z33,WQ,1h,52585,0,0.00,2018-01-01 00:00:00+00:00,2024-01-01 00:00:00+00:00
H2.T.Z33,WQ_in,1h,51839,0,0.00,2018-02-01 00:00:00+00:00,2023-12-31 22:00:00+00:00
H2.T.Z33,WQ_out,1h,51840,0,0.00,2018-01-31 23:00:00+00:00,2023-12-31 22:00:00+00:00
H2.T.Z33,W_in,1h,51840,0,0.00,2018-01-31 23:00:00+00:00,2023-12-31 22:00:00+00:00
H2.T.Z33,W_out,1h,49886,0,0.00,2018-04-23 09:00:00+00:00,2023-12-31 22:00:00+00:00
H2.T.Z33,f,1h,51840,0,0.00,2018-01-31 23:00:00+00:00,2023-12-31 22:00:00+00:00
H2.T.Z34,I1,1h,52584,0,0.00,2017-12-31 23:00:00+00:00,2023-12-31 22:00:00+00:00
H2.T.Z34,I2,1h,52584,0,0.00,2017-12-31 23:00:00+00:00,2023-12-31 22:00:00+00:00
H2.T.Z34,I3,1h,52584,0,0.00,2017-12-31 23:00:00+00:00,2023-12-31 22:00:00+00:00
H2.T.Z34,P,1h,52584,0,0.00,2017-12-31 23:00:00+00:00,2023-12-31 22:00:00+00:00
H2.T.Z34,P1,1h,52584,0,0.00,2017-12-31 23:00:00+00:00,2023-12-31 22:00:00+00:00
H2.T.Z34,P2,1h,52584,0,0.00,2017-12-31 23:00:00+00:00,2023-12-31 22:00:00+00:00
H2.T.Z34,P3,1h,52584,0,0.00,2017-12-31 23:00:00+00:00,2023-12-31 22:00:00+00:00
H2.T.Z34,PF,1h,52584,0,0.00,2017-12-31 23:00:00+00:00,2023-12-31 22:00:00+00:00
H2.T.Z34,PF1,1h,52584,0,0.00,2017-12-31 23:00:00+00:00,2023-12-31 22:00:00+00:00
H2.T.Z34,PF2,1h,52584,0,0.00,2017-12-31 23:00:00+00:00,2023-12-31 22:00:00+00:00
H2.T.Z34,PF3,1h,52584,0,0.00,2017-12-31 23:00:00+00:00,2023-12-31 22:00:00+00:00
H2.T.Z34,Q,1h,52584,0,0.00,2017-12-31 23:00:00+00:00,2023-12-31 22:00:00+00:00
H2.T.Z34,U1,1h,52584,0,0.00,2017-12-31 23:00:00+00:00,2023-12-31 22:00:00+00:00
H2.T.Z34,U2,1h,52584,0,0.00,2017-12-31 23:00:00+00:00,2023-12-31 22:00:00+00:00
H2.T.Z34,U3,1h,52584,0,0.00,2017-12-31 23:00:00+00:00,2023-12-31 22:00:00+00:00
H2.T.Z34,W,1h,45064,0,0.00,2018-11-10 07:00:00+00:00,2023-12-31 22:00:00+00:00
H2.T.Z34,WQ,1h,52583,0,0.00,2018-01-01 00:00:00+00:00,2023-12-31 22:00:00+00:00
H2.T.Z34,WQ_in,1h,52583,0,0.00,2018-01-01 00:00:00+00:00,2023-12-31 22:00:00+00:00
H2.T.Z34,WQ_out,1h,52584,0,0.00,2017-12-31 23:00:00+00:00,2023-12-31 22:00:00+00:00
H2.T.Z34,W_in,1h,52584,0,0.00,2017-12-31 23:00:00+00:00,2023-12-31 22:00:00+00:00
H2.T.Z34,W_out,1h,45064,0,0.00,2018-11-10 07:00:00+00:00,2023-12-31 22:00:00+00:00
H2.T.Z34,f,1h,52584,0,0.00,2017-12-31 23:00:00+00:00,2023-12-31 22:00:00+00:00
H2.Z311,I1,1h,30841,0,0.00,2020-06-24 22:00:00+00:00,2023-12-31 22:00:00+00:00
H2.Z311,I2,1h,30841,0,0.00,2020-06-24 22:00:00+00:00,2023-12-31 22:00:00+00:00
H2.Z311,I3,1h,30841,0,0.00,2020-06-24 22:00:00+00:00,2023-12-31 22:00:00+00:00
H2.Z311,P,1h,30841,0,0.00,2020-06-24 22:00:00+00:00,2023-12-31 22:00:00+00:00
H2.Z311,P1,1h,30841,0,0.00,2020-06-24 22:00:00+00:00,2023-12-31 22:00:00+00:00
H2.Z311,P2,1h,30841,0,0.00,2020-06-24 22:00:00+00:00,2023-12-31 22:00:00+00:00
H2.Z311,P3,1h,30841,0,0.00,2020-06-24 22:00:00+00:00,2023-12-31 22:00:00+00:00
H2.Z311,PF,1h,30841,0,0.00,2020-06-24 22:00:00+00:00,2023-12-31 22:00:00+00:00
H2.Z311,PF1,1h,30841,0,0.00,2020-06-24 22:00:00+00:00,2023-12-31 22:00:00+00:00
H2.Z311,PF2,1h,30841,0,0.00,2020-06-24 22:00:00+00:00,2023-12-31 22:00:00+00:00
H2.Z311,PF3,1h,30841,0,0.00,2020-06-24 22:00:00+00:00,2023-12-31 22:00:00+00:00
H2.Z311,U1,1h,30841,0,0.00,2020-06-24 22:00:00+00:00,2023-12-31 22:00:00+00:00
H2.Z311,U2,1h,30841,0,0.00,2020-06-24 22:00:00+00:00,2023-12-31 22:00:00+00:00
H2.Z311,U3,1h,30841,0,0.00,2020-06-24 22:00:00+00:00,2023-12-31 22:00:00+00:00
H2.Z311,W,1h,30833,0,0.00,2020-06-24 23:00:00+00:00,2023-12-31 15:00:00+00:00
H2.Z311,W1,1h,30840,0,0.00,2020-06-24 23:00:00+00:00,2023-12-31 22:00:00+00:00
H2.Z311,W2,1h,30840,0,0.00,2020-06-24 23:00:00+00:00,2023-12-31 22:00:00+00:00
H2.Z311,W3,1h,30840,0,0.00,2020-06-24 23:00:00+00:00,2023-12-31 22:00:00+00:00
H2.Z311,W_in,1h,30840,0,0.00,2020-06-24 23:00:00+00:00,2023-12-31 22:00:00+00:00
H2.Z311,W_out,1h,30829,0,0.00,2020-06-25 03:00:00+00:00,2023-12-31 15:00:00+00:00
H2.Z311,f,1h,30841,0,0.00,2020-06-24 22:00:00+00:00,2023-12-31 22:00:00+00:00
H2.Z35,I1,1h,23581,0,0.00,2017-12-31 23:00:00+00:00,2020-09-09 11:00:00+00:00
H2.Z35,I2,1h,23581,0,0.00,2017-12-31 23:00:00+00:00,2020-09-09 11:00:00+00:00
H2.Z35,I3,1h,23581,0,0.00,2017-12-31 23:00:00+00:00,2020-09-09 11:00:00+00:00
H2.Z35,P,1h,23581,0,0.00,2017-12-31 23:00:00+00:00,2020-09-09 11:00:00+00:00
H2.Z35,P1,1h,23581,0,0.00,2017-12-31 23:00:00+00:00,2020-09-09 11:00:00+00:00
H2.Z35,P2,1h,23581,0,0.00,2017-12-31 23:00:00+00:00,2020-09-09 11:00:00+00:00
H2.Z35,P3,1h,23581,0,0.00,2017-12-31 23:00:00+00:00,2020-09-09 11:00:00+00:00
H2.Z35,PF,1h,23581,0,0.00,2017-12-31 23:00:00+00:00,2020-09-09 11:00:00+00:00
H2.Z35,PF1,1h,23581,0,0.00,2017-12-31 23:00:00+00:00,2020-09-09 11:00:00+00:00
H2.Z35,PF2,1h,23581,0,0.00,2017-12-31 23:00:00+00:00,2020-09-09 11:00:00+00:00
H2.Z35,PF3,1h,23581,0,0.00,2017-12-31 23:00:00+00:00,2020-09-09 11:00:00+00:00
H2.Z35,Q,1h,23581,0,0.00,2017-12-31 23:00:00+00:00,2020-09-09 11:00:00+00:00
H2.Z35,U1,1h,23581,0,0.00,2017-12-31 23:00:00+00:00,2020-09-09 11:00:00+00:00
H2.Z35,U2,1h,23581,0,0.00,2017-12-31 23:00:00+00:00,2020-09-09 11:00:00+00:00
H2.Z35,U3,1h,23581,0,0.00,2017-12-31 23:00:00+00:00,2020-09-09 11:00:00+00:00
H2.Z35,W,1h,52585,0,0.00,2018-01-01 00:00:00+00:00,2024-01-01 00:00:00+00:00
H2.Z35,WQ,1h,52585,0,0.00,2018-01-01 00:00:00+00:00,2024-01-01 00:00:00+00:00
H2.Z35,WQ_in,1h,23580,0,0.00,2018-01-01 00:00:00+00:00,2020-09-09 11:00:00+00:00
H2.Z35,WQ_out,1h,23581,0,0.00,2017-12-31 23:00:00+00:00,2020-09-09 11:00:00+00:00
H2.Z35,W_in,1h,23581,0,0.00,2017-12-31 23:00:00+00:00,2020-09-09 11:00:00+00:00
H2.Z35,W_out,1h,16061,0,0.00,2018-11-10 07:00:00+00:00,2020-09-09 11:00:00+00:00
H2.Z35,f,1h,23581,0,0.00,2017-12-31 23:00:00+00:00,2020-09-09 11:00:00+00:00
H2.Z351,I1,1h,28861,0,0.00,2020-09-15 10:00:00+00:00,2023-12-31 22:00:00+00:00
H2.Z351,I2,1h,28861,0,0.00,2020-09-15 10:00:00+00:00,2023-12-31 22:00:00+00:00
H2.Z351,I3,1h,28861,0,0.00,2020-09-15 10:00:00+00:00,2023-12-31 22:00:00+00:00
H2.Z351,P,1h,28861,0,0.00,2020-09-15 10:00:00+00:00,2023-12-31 22:00:00+00:00
H2.Z351,P1,1h,28861,0,0.00,2020-09-15 10:00:00+00:00,2023-12-31 22:00:00+00:00
H2.Z351,P2,1h,28861,0,0.00,2020-09-15 10:00:00+00:00,2023-12-31 22:00:00+00:00
H2.Z351,P3,1h,28861,0,0.00,2020-09-15 10:00:00+00:00,2023-12-31 22:00:00+00:00
H2.Z351,PF,1h,28861,0,0.00,2020-09-15 10:00:00+00:00,2023-12-31 22:00:00+00:00
H2.Z351,PF1,1h,28861,0,0.00,2020-09-15 10:00:00+00:00,2023-12-31 22:00:00+00:00
H2.Z351,PF2,1h,28861,0,0.00,2020-09-15 10:00:00+00:00,2023-12-31 22:00:00+00:00
H2.Z351,PF3,1h,28861,0,0.00,2020-09-15 10:00:00+00:00,2023-12-31 22:00:00+00:00
H2.Z351,U1,1h,28861,0,0.00,2020-09-15 10:00:00+00:00,2023-12-31 22:00:00+00:00
H2.Z351,U2,1h,28861,0,0.00,2020-09-15 10:00:00+00:00,2023-12-31 22:00:00+00:00
H2.Z351,U3,1h,28861,0,0.00,2020-09-15 10:00:00+00:00,2023-12-31 22:00:00+00:00
H2.Z351,W,1h,28860,0,0.00,2020-09-15 11:00:00+00:00,2023-12-31 22:00:00+00:00
H2.Z351,W1,1h,28860,0,0.00,2020-09-15 11:00:00+00:00,2023-12-31 22:00:00+00:00
H2.Z351,W2,1h,28860,0,0.00,2020-09-15 11:00:00+00:00,2023-12-31 22:00:00+00:00
H2.Z351,W3,1h,28860,0,0.00,2020-09-15 11:00:00+00:00,2023-12-31 22:00:00+00:00
H2.Z351,W_in,1h,28860,0,0.00,2020-09-15 11:00:00+00:00,2023-12-31 22:00:00+00:00
H2.Z351,W_out,1h,27984,0,0.00,2020-09-15 11:00:00+00:00,2023-11-25 10:00:00+00:00
H2.Z351,f,1h,28861,0,0.00,2020-09-15 10:00:00+00:00,2023-12-31 22:00:00+00:00
H2.Z36,I1,1h,23581,0,0.00,2017-12-31 23:00:00+00:00,2020-09-09 11:00:00+00:00
H2.Z36,I2,1h,23581,0,0.00,2017-12-31 23:00:00+00:00,2020-09-09 11:00:00+00:00
H2.Z36,I3,1h,23581,0,0.00,2017-12-31 23:00:00+00:00,2020-09-09 11:00:00+00:00
H2.Z36,P,1h,23581,0,0.00,2017-12-31 23:00:00+00:00,2020-09-09 11:00:00+00:00
H2.Z36,P1,1h,23581,0,0.00,2017-12-31 23:00:00+00:00,2020-09-09 11:00:00+00:00
H2.Z36,P2,1h,23581,0,0.00,2017-12-31 23:00:00+00:00,2020-09-09 11:00:00+00:00
H2.Z36,P3,1h,23581,0,0.00,2017-12-31 23:00:00+00:00,2020-09-09 11:00:00+00:00
H2.Z36,PF,1h,23581,0,0.00,2017-12-31 23:00:00+00:00,2020-09-09 11:00:00+00:00
H2.Z36,PF1,1h,23581,0,0.00,2017-12-31 23:00:00+00:00,2020-09-09 11:00:00+00:00
H2.Z36,PF2,1h,23581,0,0.00,2017-12-31 23:00:00+00:00,2020-09-09 11:00:00+00:00
H2.Z36,PF3,1h,23581,0,0.00,2017-12-31 23:00:00+00:00,2020-09-09 11:00:00+00:00
H2.Z36,Q,1h,23581,0,0.00,2017-12-31 23:00:00+00:00,2020-09-09 11:00:00+00:00
H2.Z36,U1,1h,23581,0,0.00,2017-12-31 23:00:00+00:00,2020-09-09 11:00:00+00:00
H2.Z36,U2,1h,23581,0,0.00,2017-12-31 23:00:00+00:00,2020-09-09 11:00:00+00:00
H2.Z36,U3,1h,23581,0,0.00,2017-12-31 23:00:00+00:00,2020-09-09 11:00:00+00:00
H2.Z36,W,1h,52585,0,0.00,2018-01-01 00:00:00+00:00,2024-01-01 00:00:00+00:00
H2.Z36,WQ,1h,52585,0,0.00,2018-01-01 00:00:00+00:00,2024-01-01 00:00:00+00:00
H2.Z36,WQ_in,1h,23580,0,0.00,2018-01-01 00:00:00+00:00,2020-09-09 11:00:00+00:00
H2.Z36,WQ_out,1h,23581,0,0.00,2017-12-31 23:00:00+00:00,2020-09-09 11:00:00+00:00
H2.Z36,W_in,1h,23581,0,0.00,2017-12-31 23:00:00+00:00,2020-09-09 11:00:00+00:00
H2.Z36,W_out,1h,19736,0,0.00,2018-06-10 04:00:00+00:00,2020-09-09 11:00:00+00:00
H2.Z36,f,1h,23581,0,0.00,2017-12-31 23:00:00+00:00,2020-09-09 11:00:00+00:00
H2.Z361,I1,1h,28861,0,0.00,2020-09-15 10:00:00+00:00,2023-12-31 22:00:00+00:00
H2.Z361,I2,1h,28861,0,0.00,2020-09-15 10:00:00+00:00,2023-12-31 22:00:00+00:00
H2.Z361,I3,1h,28861,0,0.00,2020-09-15 10:00:00+00:00,2023-12-31 22:00:00+00:00
H2.Z361,P,1h,28861,0,0.00,2020-09-15 10:00:00+00:00,2023-12-31 22:00:00+00:00
H2.Z361,P1,1h,28861,0,0.00,2020-09-15 10:00:00+00:00,2023-12-31 22:00:00+00:00
H2.Z361,P2,1h,28861,0,0.00,2020-09-15 10:00:00+00:00,2023-12-31 22:00:00+00:00
H2.Z361,P3,1h,28861,0,0.00,2020-09-15 10:00:00+00:00,2023-12-31 22:00:00+00:00
H2.Z361,PF,1h,28861,0,0.00,2020-09-15 10:00:00+00:00,2023-12-31 22:00:00+00:00
H2.Z361,PF1,1h,28861,0,0.00,2020-09-15 10:00:00+00:00,2023-12-31 22:00:00+00:00
H2.Z361,PF2,1h,28861,0,0.00,2020-09-15 10:00:00+00:00,2023-12-31 22:00:00+00:00
H2.Z361,PF3,1h,28861,0,0.00,2020-09-15 10:00:00+00:00,2023-12-31 22:00:00+00:00
H2.Z361,U1,1h,28861,0,0.00,2020-09-15 10:00:00+00:00,2023-12-31 22:00:00+00:00
H2.Z361,U2,1h,28861,0,0.00,2020-09-15 10:00:00+00:00,2023-12-31 22:00:00+00:00
H2.Z361,U3,1h,28861,0,0.00,2020-09-15 10:00:00+00:00,2023-12-31 22:00:00+00:00
H2.Z361,W,1h,28860,0,0.00,2020-09-15 11:00:00+00:00,2023-12-31 22:00:00+00:00
H2.Z361,W1,1h,28860,0,0.00,2020-09-15 11:00:00+00:00,2023-12-31 22:00:00+00:00
H2.Z361,W2,1h,28860,0,0.00,2020-09-15 11:00:00+00:00,2023-12-31 22:00:00+00:00
H2.Z361,W3,1h,28860,0,0.00,2020-09-15 11:00:00+00:00,2023-12-31 22:00:00+00:00
H2.Z361,W_in,1h,28860,0,0.00,2020-09-15 11:00:00+00:00,2023-12-31 22:00:00+00:00
H2.Z361,W_out,1h,27984,0,0.00,2020-09-15 11:00:00+00:00,2023-11-25 10:00:00+00:00
H2.Z361,f,1h,28861,0,0.00,2020-09-15 10:00:00+00:00,2023-12-31 22:00:00+00:00
H2.Z61,I1,1h,52584,0,0.00,2017-12-31 23:00:00+00:00,2023-12-31 22:00:00+00:00
H2.Z61,I2,1h,52584,0,0.00,2017-12-31 23:00:00+00:00,2023-12-31 22:00:00+00:00
H2.Z61,I3,1h,52584,0,0.00,2017-12-31 23:00:00+00:00,2023-12-31 22:00:00+00:00
H2.Z61,P,1h,52584,0,0.00,2017-12-31 23:00:00+00:00,2023-12-31 22:00:00+00:00
H2.Z61,P1,1h,52584,0,0.00,2017-12-31 23:00:00+00:00,2023-12-31 22:00:00+00:00
H2.Z61,P2,1h,52584,0,0.00,2017-12-31 23:00:00+00:00,2023-12-31 22:00:00+00:00
H2.Z61,P3,1h,52584,0,0.00,2017-12-31 23:00:00+00:00,2023-12-31 22:00:00+00:00
H2.Z61,PF,1h,52584,0,0.00,2017-12-31 23:00:00+00:00,2023-12-31 22:00:00+00:00
H2.Z61,PF1,1h,52584,0,0.00,2017-12-31 23:00:00+00:00,2023-12-31 22:00:00+00:00
H2.Z61,PF2,1h,52584,0,0.00,2017-12-31 23:00:00+00:00,2023-12-31 22:00:00+00:00
H2.Z61,PF3,1h,52584,0,0.00,2017-12-31 23:00:00+00:00,2023-12-31 22:00:00+00:00
H2.Z61,Q,1h,52584,0,0.00,2017-12-31 23:00:00+00:00,2023-12-31 22:00:00+00:00
H2.Z61,U1,1h,52584,0,0.00,2017-12-31 23:00:00+00:00,2023-12-31 22:00:00+00:00
H2.Z61,U2,1h,52584,0,0.00,2017-12-31 23:00:00+00:00,2023-12-31 22:00:00+00:00
H2.Z61,U3,1h,52584,0,0.00,2017-12-31 23:00:00+00:00,2023-12-31 22:00:00+00:00
H2.Z61,W,1h,52585,0,0.00,2018-01-01 00:00:00+00:00,2024-01-01 00:00:00+00:00
H2.Z61,WQ,1h,52585,0,0.00,2018-01-01 00:00:00+00:00,2024-01-01 00:00:00+00:00
H2.Z61,WQ_in,1h,52584,0,0.00,2017-12-31 23:00:00+00:00,2023-12-31 22:00:00+00:00
H2.Z61,WQ_out,1h,45064,0,0.00,2018-11-10 07:00:00+00:00,2023-12-31 22:00:00+00:00
H2.Z61,W_in,1h,52584,0,0.00,2017-12-31 23:00:00+00:00,2023-12-31 22:00:00+00:00
H2.Z61,W_out,1h,45064,0,0.00,2018-11-10 07:00:00+00:00,2023-12-31 22:00:00+00:00
H2.Z61,f,1h,52584,0,0.00,2017-12-31 23:00:00+00:00,2023-12-31 22:00:00+00:00
H2.Z62,I1,1h,52584,0,0.00,2017-12-31 23:00:00+00:00,2023-12-31 22:00:00+00:00
H2.Z62,I2,1h,52584,0,0.00,2017-12-31 23:00:00+00:00,2023-12-31 22:00:00+00:00
H2.Z62,I3,1h,52584,0,0.00,2017-12-31 23:00:00+00:00,2023-12-31 22:00:00+00:00
H2.Z62,P,1h,52584,0,0.00,2017-12-31 23:00:00+00:00,2023-12-31 22:00:00+00:00
H2.Z62,P1,1h,52584,0,0.00,2017-12-31 23:00:00+00:00,2023-12-31 22:00:00+00:00
H2.Z62,P2,1h,52584,0,0.00,2017-12-31 23:00:00+00:00,2023-12-31 22:00:00+00:00
H2.Z62,P3,1h,52584,0,0.00,2017-12-31 23:00:00+00:00,2023-12-31 22:00:00+00:00
H2.Z62,PF,1h,52584,0,0.00,2017-12-31 23:00:00+00:00,2023-12-31 22:00:00+00:00
H2.Z62,PF1,1h,52584,0,0.00,2017-12-31 23:00:00+00:00,2023-12-31 22:00:00+00:00
H2.Z62,PF2,1h,52584,0,0.00,2017-12-31 23:00:00+00:00,2023-12-31 22:00:00+00:00
H2.Z62,PF3,1h,52584,0,0.00,2017-12-31 23:00:00+00:00,2023-12-31 22:00:00+00:00
H2.Z62,Q,1h,52584,0,0.00,2017-12-31 23:00:00+00:00,2023-12-31 22:00:00+00:00
H2.Z62,U1,1h,52584,0,0.00,2017-12-31 23:00:00+00:00,2023-12-31 22:00:00+00:00
H2.Z62,U2,1h,52584,0,0.00,2017-12-31 23:00:00+00:00,2023-12-31 22:00:00+00:00
H2.Z62,U3,1h,52584,0,0.00,2017-12-31 23:00:00+00:00,2023-12-31 22:00:00+00:00
H2.Z62,W,1h,52585,0,0.00,2018-01-01 00:00:00+00:00,2024-01-01 00:00:00+00:00
H2.Z62,WQ,1h,52585,0,0.00,2018-01-01 00:00:00+00:00,2024-01-01 00:00:00+00:00
H2.Z62,WQ_in,1h,52583,0,0.00,2018-01-01 00:00:00+00:00,2023-12-31 22:00:00+00:00
H2.Z62,WQ_out,1h,45064,0,0.00,2018-11-10 07:00:00+00:00,2023-12-31 22:00:00+00:00
H2.Z62,W_in,1h,52583,0,0.00,2018-01-01 00:00:00+00:00,2023-12-31 22:00:00+00:00
H2.Z62,W_out,1h,52044,0,0.00,2018-01-23 11:00:00+00:00,2023-12-31 22:00:00+00:00
H2.Z62,f,1h,52584,0,0.00,2017-12-31 23:00:00+00:00,2023-12-31 22:00:00+00:00
H2.Z63,I1,1h,52584,0,0.00,2017-12-31 23:00:00+00:00,2023-12-31 22:00:00+00:00
H2.Z63,I2,1h,52584,0,0.00,2017-12-31 23:00:00+00:00,2023-12-31 22:00:00+00:00
H2.Z63,I3,1h,52584,0,0.00,2017-12-31 23:00:00+00:00,2023-12-31 22:00:00+00:00
H2.Z63,P,1h,52584,0,0.00,2017-12-31 23:00:00+00:00,2023-12-31 22:00:00+00:00
H2.Z63,P1,1h,52584,0,0.00,2017-12-31 23:00:00+00:00,2023-12-31 22:00:00+00:00
H2.Z63,P2,1h,52584,0,0.00,2017-12-31 23:00:00+00:00,2023-12-31 22:00:00+00:00
H2.Z63,P3,1h,52584,0,0.00,2017-12-31 23:00:00+00:00,2023-12-31 22:00:00+00:00
H2.Z63,PF,1h,52584,0,0.00,2017-12-31 23:00:00+00:00,2023-12-31 22:00:00+00:00
H2.Z63,PF1,1h,52584,0,0.00,2017-12-31 23:00:00+00:00,2023-12-31 22:00:00+00:00
H2.Z63,PF2,1h,52584,0,0.00,2017-12-31 23:00:00+00:00,2023-12-31 22:00:00+00:00
H2.Z63,PF3,1h,52584,0,0.00,2017-12-31 23:00:00+00:00,2023-12-31 22:00:00+00:00
H2.Z63,Q,1h,52584,0,0.00,2017-12-31 23:00:00+00:00,2023-12-31 22:00:00+00:00
H2.Z63,U1,1h,52584,0,0.00,2017-12-31 23:00:00+00:00,2023-12-31 22:00:00+00:00
H2.Z63,U2,1h,52584,0,0.00,2017-12-31 23:00:00+00:00,2023-12-31 22:00:00+00:00
H2.Z63,U3,1h,52584,0,0.00,2017-12-31 23:00:00+00:00,2023-12-31 22:00:00+00:00
H2.Z63,W,1h,52585,0,0.00,2018-01-01 00:00:00+00:00,2024-01-01 00:00:00+00:00
H2.Z63,WQ,1h,52585,0,0.00,2018-01-01 00:00:00+00:00,2024-01-01 00:00:00+00:00
H2.Z63,WQ_in,1h,52561,0,0.00,2018-01-01 22:00:00+00:00,2023-12-31 22:00:00+00:00
H2.Z63,WQ_out,1h,52584,0,0.00,2017-12-31 23:00:00+00:00,2023-12-31 22:00:00+00:00
H2.Z63,W_in,1h,52584,0,0.00,2017-12-31 23:00:00+00:00,2023-12-31 22:00:00+00:00
H2.Z63,W_out,1h,52561,0,0.00,2018-01-01 22:00:00+00:00,2023-12-31 22:00:00+00:00
H2.Z63,f,1h,52584,0,0.00,2017-12-31 23:00:00+00:00,2023-12-31 22:00:00+00:00
H2.Z64,I1,1h,52584,0,0.00,2017-12-31 23:00:00+00:00,2023-12-31 22:00:00+00:00
H2.Z64,I2,1h,52584,0,0.00,2017-12-31 23:00:00+00:00,2023-12-31 22:00:00+00:00
H2.Z64,I3,1h,52584,0,0.00,2017-12-31 23:00:00+00:00,2023-12-31 22:00:00+00:00
H2.Z64,P,1h,52584,0,0.00,2017-12-31 23:00:00+00:00,2023-12-31 22:00:00+00:00
H2.Z64,P1,1h,52584,0,0.00,2017-12-31 23:00:00+00:00,2023-12-31 22:00:00+00:00
H2.Z64,P2,1h,52584,0,0.00,2017-12-31 23:00:00+00:00,2023-12-31 22:00:00+00:00
H2.Z64,P3,1h,52584,0,0.00,2017-12-31 23:00:00+00:00,2023-12-31 22:00:00+00:00
H2.Z64,PF,1h,52584,0,0.00,2017-12-31 23:00:00+00:00,2023-12-31 22:00:00+00:00
H2.Z64,PF1,1h,52584,0,0.00,2017-12-31 23:00:00+00:00,2023-12-31 22:00:00+00:00
H2.Z64,PF2,1h,52584,0,0.00,2017-12-31 23:00:00+00:00,2023-12-31 22:00:00+00:00
H2.Z64,PF3,1h,52584,0,0.00,2017-12-31 23:00:00+00:00,2023-12-31 22:00:00+00:00
H2.Z64,Q,1h,52584,0,0.00,2017-12-31 23:00:00+00:00,2023-12-31 22:00:00+00:00
H2.Z64,U1,1h,52584,0,0.00,2017-12-31 23:00:00+00:00,2023-12-31 22:00:00+00:00
H2.Z64,U2,1h,52584,0,0.00,2017-12-31 23:00:00+00:00,2023-12-31 22:00:00+00:00
H2.Z64,U3,1h,52584,0,0.00,2017-12-31 23:00:00+00:00,2023-12-31 22:00:00+00:00
H2.Z64,W,1h,52585,0,0.00,2018-01-01 00:00:00+00:00,2024-01-01 00:00:00+00:00
H2.Z64,WQ,1h,52585,0,0.00,2018-01-01 00:00:00+00:00,2024-01-01 00:00:00+00:00
H2.Z64,WQ_in,1h,45064,0,0.00,2018-11-10 07:00:00+00:00,2023-12-31 22:00:00+00:00
H2.Z64,WQ_out,1h,52584,0,0.00,2017-12-31 23:00:00+00:00,2023-12-31 22:00:00+00:00
H2.Z64,W_in,1h,52584,0,0.00,2017-12-31 23:00:00+00:00,2023-12-31 22:00:00+00:00
H2.Z64,W_out,1h,50294,0,0.00,2018-04-06 09:00:00+00:00,2023-12-31 22:00:00+00:00
H2.Z64,f,1h,52584,0,0.00,2017-12-31 23:00:00+00:00,2023-12-31 22:00:00+00:00
H2.Z65,I1,1h,52584,0,0.00,2017-12-31 23:00:00+00:00,2023-12-31 22:00:00+00:00
H2.Z65,I2,1h,52584,0,0.00,2017-12-31 23:00:00+00:00,2023-12-31 22:00:00+00:00
H2.Z65,I3,1h,52584,0,0.00,2017-12-31 23:00:00+00:00,2023-12-31 22:00:00+00:00
H2.Z65,P,1h,52584,0,0.00,2017-12-31 23:00:00+00:00,2023-12-31 22:00:00+00:00
H2.Z65,P1,1h,52584,0,0.00,2017-12-31 23:00:00+00:00,2023-12-31 22:00:00+00:00
H2.Z65,P2,1h,52584,0,0.00,2017-12-31 23:00:00+00:00,2023-12-31 22:00:00+00:00
H2.Z65,P3,1h,52584,0,0.00,2017-12-31 23:00:00+00:00,2023-12-31 22:00:00+00:00
H2.Z65,PF,1h,52584,0,0.00,2017-12-31 23:00:00+00:00,2023-12-31 22:00:00+00:00
H2.Z65,PF1,1h,52584,0,0.00,2017-12-31 23:00:00+00:00,2023-12-31 22:00:00+00:00
H2.Z65,PF2,1h,52584,0,0.00,2017-12-31 23:00:00+00:00,2023-12-31 22:00:00+00:00
H2.Z65,PF3,1h,52584,0,0.00,2017-12-31 23:00:00+00:00,2023-12-31 22:00:00+00:00
H2.Z65,Q,1h,52584,0,0.00,2017-12-31 23:00:00+00:00,2023-12-31 22:00:00+00:00
H2.Z65,U1,1h,52584,0,0.00,2017-12-31 23:00:00+00:00,2023-12-31 22:00:00+00:00
H2.Z65,U2,1h,52584,0,0.00,2017-12-31 23:00:00+00:00,2023-12-31 22:00:00+00:00
H2.Z65,U3,1h,52584,0,0.00,2017-12-31 23:00:00+00:00,2023-12-31 22:00:00+00:00
H2.Z65,W,1h,52585,0,0.00,2018-01-01 00:00:00+00:00,2024-01-01 00:00:00+00:00
H2.Z65,WQ,1h,52585,0,0.00,2018-01-01 00:00:00+00:00,2024-01-01 00:00:00+00:00
H2.Z65,WQ_in,1h,52448,0,0.00,2018-01-06 15:00:00+00:00,2023-12-31 22:00:00+00:00
H2.Z65,WQ_out,1h,52584,0,0.00,2017-12-31 23:00:00+00:00,2023-12-31 22:00:00+00:00
H2.Z65,W_in,1h,52584,0,0.00,2017-12-31 23:00:00+00:00,2023-12-31 22:00:00+00:00
H2.Z65,W_out,1h,52448,0,0.00,2018-01-06 15:00:00+00:00,2023-12-31 22:00:00+00:00
H2.Z65,f,1h,52584,0,0.00,2017-12-31 23:00:00+00:00,2023-12-31 22:00:00+00:00
H2.Z66,I1,1h,52584,0,0.00,2017-12-31 23:00:00+00:00,2023-12-31 22:00:00+00:00
H2.Z66,I2,1h,52584,0,0.00,2017-12-31 23:00:00+00:00,2023-12-31 22:00:00+00:00
H2.Z66,I3,1h,52584,0,0.00,2017-12-31 23:00:00+00:00,2023-12-31 22:00:00+00:00
H2.Z66,P,1h,52584,0,0.00,2017-12-31 23:00:00+00:00,2023-12-31 22:00:00+00:00
H2.Z66,P1,1h,52584,0,0.00,2017-12-31 23:00:00+00:00,2023-12-31 22:00:00+00:00
H2.Z66,P2,1h,52584,0,0.00,2017-12-31 23:00:00+00:00,2023-12-31 22:00:00+00:00
H2.Z66,P3,1h,52584,0,0.00,2017-12-31 23:00:00+00:00,2023-12-31 22:00:00+00:00
H2.Z66,PF,1h,52584,0,0.00,2017-12-31 23:00:00+00:00,2023-12-31 22:00:00+00:00
H2.Z66,PF1,1h,52584,0,0.00,2017-12-31 23:00:00+00:00,2023-12-31 22:00:00+00:00
H2.Z66,PF2,1h,52584,0,0.00,2017-12-31 23:00:00+00:00,2023-12-31 22:00:00+00:00
H2.Z66,PF3,1h,52584,0,0.00,2017-12-31 23:00:00+00:00,2023-12-31 22:00:00+00:00
H2.Z66,Q,1h,52584,0,0.00,2017-12-31 23:00:00+00:00,2023-12-31 22:00:00+00:00
H2.Z66,U1,1h,52584,0,0.00,2017-12-31 23:00:00+00:00,2023-12-31 22:00:00+00:00
H2.Z66,U2,1h,52584,0,0.00,2017-12-31 23:00:00+00:00,2023-12-31 22:00:00+00:00
H2.Z66,U3,1h,52584,0,0.00,2017-12-31 23:00:00+00:00,2023-12-31 22:00:00+00:00
H2.Z66,W,1h,52585,0,0.00,2018-01-01 00:00:00+00:00,2024-01-01 00:00:00+00:00
H2.Z66,WQ,1h,52585,0,0.00,2018-01-01 00:00:00+00:00,2024-01-01 00:00:00+00:00
H2.Z66,WQ_in,1h,52583,0,0.00,2018-01-01 00:00:00+00:00,2023-12-31 22:00:00+00:00
H2.Z66,WQ_out,1h,45064,0,0.00,2018-11-10 07:00:00+00:00,2023-12-31 22:00:00+00:00
H2.Z66,W_in,1h,52583,0,0.00,2018-01-01 00:00:00+00:00,2023-12-31 22:00:00+00:00
H2.Z66,W_out,1h,45064,0,0.00,2018-11-10 07:00:00+00:00,2023-12-31 22:00:00+00:00
H2.Z66,f,1h,52584,0,0.00,2017-12-31 23:00:00+00:00,2023-12-31 22:00:00+00:00
H2.Z67,I1,1h,52584,0,0.00,2017-12-31 23:00:00+00:00,2023-12-31 22:00:00+00:00
H2.Z67,I2,1h,52584,0,0.00,2017-12-31 23:00:00+00:00,2023-12-31 22:00:00+00:00
H2.Z67,I3,1h,52547,0,0.00,2018-01-02 12:00:00+00:00,2023-12-31 22:00:00+00:00
H2.Z67,P,1h,52584,0,0.00,2017-12-31 23:00:00+00:00,2023-12-31 22:00:00+00:00
H2.Z67,P1,1h,52584,0,0.00,2017-12-31 23:00:00+00:00,2023-12-31 22:00:00+00:00
H2.Z67,P2,1h,52584,0,0.00,2017-12-31 23:00:00+00:00,2023-12-31 22:00:00+00:00
H2.Z67,P3,1h,52547,0,0.00,2018-01-02 12:00:00+00:00,2023-12-31 22:00:00+00:00
H2.Z67,PF,1h,52584,0,0.00,2017-12-31 23:00:00+00:00,2023-12-31 22:00:00+00:00
H2.Z67,PF1,1h,52584,0,0.00,2017-12-31 23:00:00+00:00,2023-12-31 22:00:00+00:00
H2.Z67,PF2,1h,52584,0,0.00,2017-12-31 23:00:00+00:00,2023-12-31 22:00:00+00:00
H2.Z67,PF3,1h,52547,0,0.00,2018-01-02 12:00:00+00:00,2023-12-31 22:00:00+00:00
H2.Z67,Q,1h,52584,0,0.00,2017-12-31 23:00:00+00:00,2023-12-31 22:00:00+00:00
H2.Z67,U1,1h,52584,0,0.00,2017-12-31 23:00:00+00:00,2023-12-31 22:00:00+00:00
H2.Z67,U2,1h,52584,0,0.00,2017-12-31 23:00:00+00:00,2023-12-31 22:00:00+00:00
H2.Z67,U3,1h,52584,0,0.00,2017-12-31 23:00:00+00:00,2023-12-31 22:00:00+00:00
H2.Z67,W,1h,52585,0,0.00,2018-01-01 00:00:00+00:00,2024-01-01 00:00:00+00:00
H2.Z67,WQ,1h,52585,0,0.00,2018-01-01 00:00:00+00:00,2024-01-01 00:00:00+00:00
H2.Z67,WQ_in,1h,52583,0,0.00,2018-01-01 00:00:00+00:00,2023-12-31 22:00:00+00:00
H2.Z67,WQ_out,1h,45064,0,0.00,2018-11-10 07:00:00+00:00,2023-12-31 22:00:00+00:00
H2.Z67,W_in,1h,52583,0,0.00,2018-01-01 00:00:00+00:00,2023-12-31 22:00:00+00:00
H2.Z67,W_out,1h,45064,0,0.00,2018-11-10 07:00:00+00:00,2023-12-31 22:00:00+00:00
H2.Z67,f,1h,52584,0,0.00,2017-12-31 23:00:00+00:00,2023-12-31 22:00:00+00:00
H2.Z68,I1,1h,52584,0,0.00,2017-12-31 23:00:00+00:00,2023-12-31 22:00:00+00:00
H2.Z68,I2,1h,52584,0,0.00,2017-12-31 23:00:00+00:00,2023-12-31 22:00:00+00:00
H2.Z68,I3,1h,52584,0,0.00,2017-12-31 23:00:00+00:00,2023-12-31 22:00:00+00:00
H2.Z68,P,1h,52584,0,0.00,2017-12-31 23:00:00+00:00,2023-12-31 22:00:00+00:00
H2.Z68,P1,1h,52584,0,0.00,2017-12-31 23:00:00+00:00,2023-12-31 22:00:00+00:00
H2.Z68,P2,1h,52584,0,0.00,2017-12-31 23:00:00+00:00,2023-12-31 22:00:00+00:00
H2.Z68,P3,1h,52584,0,0.00,2017-12-31 23:00:00+00:00,2023-12-31 22:00:00+00:00
H2.Z68,PF,1h,52584,0,0.00,2017-12-31 23:00:00+00:00,2023-12-31 22:00:00+00:00
H2.Z68,PF1,1h,52584,0,0.00,2017-12-31 23:00:00+00:00,2023-12-31 22:00:00+00:00
H2.Z68,PF2,1h,52584,0,0.00,2017-12-31 23:00:00+00:00,2023-12-31 22:00:00+00:00
H2.Z68,PF3,1h,52584,0,0.00,2017-12-31 23:00:00+00:00,2023-12-31 22:00:00+00:00
H2.Z68,Q,1h,52584,0,0.00,2017-12-31 23:00:00+00:00,2023-12-31 22:00:00+00:00
H2.Z68,U1,1h,52584,0,0.00,2017-12-31 23:00:00+00:00,2023-12-31 22:00:00+00:00
H2.Z68,U2,1h,52584,0,0.00,2017-12-31 23:00:00+00:00,2023-12-31 22:00:00+00:00
H2.Z68,U3,1h,52584,0,0.00,2017-12-31 23:00:00+00:00,2023-12-31 22:00:00+00:00
H2.Z68,W,1h,52585,0,0.00,2018-01-01 00:00:00+00:00,2024-01-01 00:00:00+00:00
H2.Z68,WQ,1h,52585,0,0.00,2018-01-01 00:00:00+00:00,2024-01-01 00:00:00+00:00
H2.Z68,WQ_in,1h,52584,0,0.00,2017-12-31 23:00:00+00:00,2023-12-31 22:00:00+00:00
H2.Z68,WQ_out,1h,45064,0,0.00,2018-11-10 07:00:00+00:00,2023-12-31 22:00:00+00:00
H2.Z68,W_in,1h,52584,0,0.00,2017-12-31 23:00:00+00:00,2023-12-31 22:00:00+00:00
H2.Z68,W_out,1h,45064,0,0.00,2018-11-10 07:00:00+00:00,2023-12-31 22:00:00+00:00
H2.Z68,f,1h,52584,0,0.00,2017-12-31 23:00:00+00:00,2023-12-31 22:00:00+00:00
H2.Z69,I1,1h,52584,0,0.00,2017-12-31 23:00:00+00:00,2023-12-31 22:00:00+00:00
H2.Z69,I2,1h,52584,0,0.00,2017-12-31 23:00:00+00:00,2023-12-31 22:00:00+00:00
H2.Z69,I3,1h,52584,0,0.00,2017-12-31 23:00:00+00:00,2023-12-31 22:00:00+00:00
H2.Z69,P,1h,52584,0,0.00,2017-12-31 23:00:00+00:00,2023-12-31 22:00:00+00:00
H2.Z69,P1,1h,52584,0,0.00,2017-12-31 23:00:00+00:00,2023-12-31 22:00:00+00:00
H2.Z69,P2,1h,52584,0,0.00,2017-12-31 23:00:00+00:00,2023-12-31 22:00:00+00:00
H2.Z69,P3,1h,52584,0,0.00,2017-12-31 23:00:00+00:00,2023-12-31 22:00:00+00:00
H2.Z69,PF,1h,52584,0,0.00,2017-12-31 23:00:00+00:00,2023-12-31 22:00:00+00:00
H2.Z69,PF1,1h,52584,0,0.00,2017-12-31 23:00:00+00:00,2023-12-31 22:00:00+00:00
H2.Z69,PF2,1h,52584,0,0.00,2017-12-31 23:00:00+00:00,2023-12-31 22:00:00+00:00
H2.Z69,PF3,1h,52584,0,0.00,2017-12-31 23:00:00+00:00,2023-12-31 22:00:00+00:00
H2.Z69,Q,1h,52584,0,0.00,2017-12-31 23:00:00+00:00,2023-12-31 22:00:00+00:00
H2.Z69,U1,1h,52584,0,0.00,2017-12-31 23:00:00+00:00,2023-12-31 22:00:00+00:00
H2.Z69,U2,1h,52584,0,0.00,2017-12-31 23:00:00+00:00,2023-12-31 22:00:00+00:00
H2.Z69,U3,1h,52584,0,0.00,2017-12-31 23:00:00+00:00,2023-12-31 22:00:00+00:00
H2.Z69,W,1h,52585,0,0.00,2018-01-01 00:00:00+00:00,2024-01-01 00:00:00+00:00
H2.Z69,WQ,1h,52585,0,0.00,2018-01-01 00:00:00+00:00,2024-01-01 00:00:00+00:00
H2.Z69,WQ_in,1h,52584,0,0.00,2017-12-31 23:00:00+00:00,2023-12-31 22:00:00+00:00
H2.Z69,WQ_out,1h,45064,0,0.00,2018-11-10 07:00:00+00:00,2023-12-31 22:00:00+00:00
H2.Z69,W_in,1h,52584,0,0.00,2017-12-31 23:00:00+00:00,2023-12-31 22:00:00+00:00
H2.Z69,W_out,1h,45064,0,0.00,2018-11-10 07:00:00+00:00,2023-12-31 22:00:00+00:00
H2.Z69,f,1h,52584,0,0.00,2017-12-31 23:00:00+00:00,2023-12-31 22:00:00+00:00
H2.Z70,I1,1h,52577,0,0.00,2018-01-01 06:00:00+00:00,2023-12-31 22:00:00+00:00
H2.Z70,I2,1h,52555,0,0.00,2018-01-02 04:00:00+00:00,2023-12-31 22:00:00+00:00
H2.Z70,I3,1h,52584,0,0.00,2017-12-31 23:00:00+00:00,2023-12-31 22:00:00+00:00
H2.Z70,P,1h,52584,0,0.00,2017-12-31 23:00:00+00:00,2023-12-31 22:00:00+00:00
H2.Z70,P1,1h,52584,0,0.00,2017-12-31 23:00:00+00:00,2023-12-31 22:00:00+00:00
H2.Z70,P2,1h,52555,0,0.00,2018-01-02 04:00:00+00:00,2023-12-31 22:00:00+00:00
H2.Z70,P3,1h,52584,0,0.00,2017-12-31 23:00:00+00:00,2023-12-31 22:00:00+00:00
H2.Z70,PF,1h,52584,0,0.00,2017-12-31 23:00:00+00:00,2023-12-31 22:00:00+00:00
H2.Z70,PF1,1h,52584,0,0.00,2017-12-31 23:00:00+00:00,2023-12-31 22:00:00+00:00
H2.Z70,PF2,1h,52555,0,0.00,2018-01-02 04:00:00+00:00,2023-12-31 22:00:00+00:00
H2.Z70,PF3,1h,52584,0,0.00,2017-12-31 23:00:00+00:00,2023-12-31 22:00:00+00:00
H2.Z70,Q,1h,52584,0,0.00,2017-12-31 23:00:00+00:00,2023-12-31 22:00:00+00:00
H2.Z70,U1,1h,52584,0,0.00,2017-12-31 23:00:00+00:00,2023-12-31 22:00:00+00:00
H2.Z70,U2,1h,52584,0,0.00,2017-12-31 23:00:00+00:00,2023-12-31 22:00:00+00:00
H2.Z70,U3,1h,52584,0,0.00,2017-12-31 23:00:00+00:00,2023-12-31 22:00:00+00:00
H2.Z70,W,1h,52585,0,0.00,2018-01-01 00:00:00+00:00,2024-01-01 00:00:00+00:00
H2.Z70,WQ,1h,52585,0,0.00,2018-01-01 00:00:00+00:00,2024-01-01 00:00:00+00:00
H2.Z70,WQ_in,1h,52583,0,0.00,2018-01-01 00:00:00+00:00,2023-12-31 22:00:00+00:00
H2.Z70,WQ_out,1h,52538,0,0.00,2018-01-02 21:00:00+00:00,2023-12-31 22:00:00+00:00
H2.Z70,W_in,1h,52584,0,0.00,2017-12-31 23:00:00+00:00,2023-12-31 22:00:00+00:00
H2.Z70,W_out,1h,45064,0,0.00,2018-11-10 07:00:00+00:00,2023-12-31 22:00:00+00:00
H2.Z70,f,1h,52584,0,0.00,2017-12-31 23:00:00+00:00,2023-12-31 22:00:00+00:00
H2.ZE64,I1,1h,15585,0,0.00,2022-03-22 14:00:00+00:00,2023-12-31 22:00:00+00:00
H2.ZE64,I2,1h,15585,0,0.00,2022-03-22 14:00:00+00:00,2023-12-31 22:00:00+00:00
H2.ZE64,I3,1h,15585,0,0.00,2022-03-22 14:00:00+00:00,2023-12-31 22:00:00+00:00
H2.ZE64,P,1h,15585,0,0.00,2022-03-22 14:00:00+00:00,2023-12-31 22:00:00+00:00
H2.ZE64,P1,1h,15585,0,0.00,2022-03-22 14:00:00+00:00,2023-12-31 22:00:00+00:00
H2.ZE64,P2,1h,15585,0,0.00,2022-03-22 14:00:00+00:00,2023-12-31 22:00:00+00:00
H2.ZE64,P3,1h,15585,0,0.00,2022-03-22 14:00:00+00:00,2023-12-31 22:00:00+00:00
H2.ZE64,PF,1h,15585,0,0.00,2022-03-22 14:00:00+00:00,2023-12-31 22:00:00+00:00
H2.ZE64,PF1,1h,15585,0,0.00,2022-03-22 14:00:00+00:00,2023-12-31 22:00:00+00:00
H2.ZE64,PF2,1h,15585,0,0.00,2022-03-22 14:00:00+00:00,2023-12-31 22:00:00+00:00
H2.ZE64,PF3,1h,15585,0,0.00,2022-03-22 14:00:00+00:00,2023-12-31 22:00:00+00:00
H2.ZE64,U1,1h,15585,0,0.00,2022-03-22 14:00:00+00:00,2023-12-31 22:00:00+00:00
H2.ZE64,U2,1h,15585,0,0.00,2022-03-22 14:00:00+00:00,2023-12-31 22:00:00+00:00
H2.ZE64,U3,1h,15585,0,0.00,2022-03-22 14:00:00+00:00,2023-12-31 22:00:00+00:00
H2.ZE64,W,1h,15584,0,0.00,2022-03-22 15:00:00+00:00,2023-12-31 22:00:00+00:00
H2.ZE64,W1,1h,15584,0,0.00,2022-03-22 15:00:00+00:00,2023-12-31 22:00:00+00:00
H2.ZE64,W2,1h,15584,0,0.00,2022-03-22 15:00:00+00:00,2023-12-31 22:00:00+00:00
H2.ZE64,W3,1h,15584,0,0.00,2022-03-22 15:00:00+00:00,2023-12-31 22:00:00+00:00
H2.ZE64,W_in,1h,15584,0,0.00,2022-03-22 15:00:00+00:00,2023-12-31 22:00:00+00:00
H2.ZE64,W_out,1h,11547,0,0.00,2022-03-22 15:00:00+00:00,2023-07-16 17:00:00+00:00
H2.ZE64,f,1h,15585,0,0.00,2022-03-22 14:00:00+00:00,2023-12-31 22:00:00+00:00
H2.ZE65,I1,1h,15056,0,0.00,2022-03-22 14:00:00+00:00,2023-12-09 21:00:00+00:00
H2.ZE65,I2,1h,15056,0,0.00,2022-03-22 14:00:00+00:00,2023-12-09 21:00:00+00:00
H2.ZE65,I3,1h,15056,0,0.00,2022-03-22 14:00:00+00:00,2023-12-09 21:00:00+00:00
H2.ZE65,P,1h,15056,0,0.00,2022-03-22 14:00:00+00:00,2023-12-09 21:00:00+00:00
H2.ZE65,P1,1h,15056,0,0.00,2022-03-22 14:00:00+00:00,2023-12-09 21:00:00+00:00
H2.ZE65,P2,1h,15056,0,0.00,2022-03-22 14:00:00+00:00,2023-12-09 21:00:00+00:00
H2.ZE65,P3,1h,15056,0,0.00,2022-03-22 14:00:00+00:00,2023-12-09 21:00:00+00:00
H2.ZE65,PF,1h,15056,0,0.00,2022-03-22 14:00:00+00:00,2023-12-09 21:00:00+00:00
H2.ZE65,PF1,1h,15056,0,0.00,2022-03-22 14:00:00+00:00,2023-12-09 21:00:00+00:00
H2.ZE65,PF2,1h,15056,0,0.00,2022-03-22 14:00:00+00:00,2023-12-09 21:00:00+00:00
H2.ZE65,PF3,1h,15056,0,0.00,2022-03-22 14:00:00+00:00,2023-12-09 21:00:00+00:00
H2.ZE65,U1,1h,15056,0,0.00,2022-03-22 14:00:00+00:00,2023-12-09 21:00:00+00:00
H2.ZE65,U2,1h,15056,0,0.00,2022-03-22 14:00:00+00:00,2023-12-09 21:00:00+00:00
H2.ZE65,U3,1h,15056,0,0.00,2022-03-22 14:00:00+00:00,2023-12-09 21:00:00+00:00
H2.ZE65,W,1h,15055,0,0.00,2022-03-22 15:00:00+00:00,2023-12-09 21:00:00+00:00
H2.ZE65,W1,1h,15055,0,0.00,2022-03-22 15:00:00+00:00,2023-12-09 21:00:00+00:00
H2.ZE65,W2,1h,15055,0,0.00,2022-03-22 15:00:00+00:00,2023-12-09 21:00:00+00:00
H2.ZE65,W3,1h,15055,0,0.00,2022-03-22 15:00:00+00:00,2023-12-09 21:00:00+00:00
H2.ZE65,W_in,1h,15055,0,0.00,2022-03-22 15:00:00+00:00,2023-12-09 21:00:00+00:00
H2.ZE65,W_out,1h,11547,0,0.00,2022-03-22 15:00:00+00:00,2023-07-16 17:00:00+00:00
H2.ZE65,f,1h,15056,0,0.00,2022-03-22 14:00:00+00:00,2023-12-09 21:00:00+00:00
H2.ZE66,I1,1h,15585,0,0.00,2022-03-22 14:00:00+00:00,2023-12-31 22:00:00+00:00
H2.ZE66,I2,1h,15585,0,0.00,2022-03-22 14:00:00+00:00,2023-12-31 22:00:00+00:00
H2.ZE66,I3,1h,15585,0,0.00,2022-03-22 14:00:00+00:00,2023-12-31 22:00:00+00:00
H2.ZE66,P,1h,15585,0,0.00,2022-03-22 14:00:00+00:00,2023-12-31 22:00:00+00:00
H2.ZE66,P1,1h,15585,0,0.00,2022-03-22 14:00:00+00:00,2023-12-31 22:00:00+00:00
H2.ZE66,P2,1h,15585,0,0.00,2022-03-22 14:00:00+00:00,2023-12-31 22:00:00+00:00
H2.ZE66,P3,1h,15585,0,0.00,2022-03-22 14:00:00+00:00,2023-12-31 22:00:00+00:00
H2.ZE66,PF,1h,15543,0,0.00,2022-03-24 08:00:00+00:00,2023-12-31 22:00:00+00:00
H2.ZE66,PF1,1h,15585,0,0.00,2022-03-22 14:00:00+00:00,2023-12-31 22:00:00+00:00
H2.ZE66,PF2,1h,15585,0,0.00,2022-03-22 14:00:00+00:00,2023-12-31 22:00:00+00:00
H2.ZE66,PF3,1h,15585,0,0.00,2022-03-22 14:00:00+00:00,2023-12-31 22:00:00+00:00
H2.ZE66,U1,1h,15585,0,0.00,2022-03-22 14:00:00+00:00,2023-12-31 22:00:00+00:00
H2.ZE66,U2,1h,15585,0,0.00,2022-03-22 14:00:00+00:00,2023-12-31 22:00:00+00:00
H2.ZE66,U3,1h,15585,0,0.00,2022-03-22 14:00:00+00:00,2023-12-31 22:00:00+00:00
H2.ZE66,W,1h,15584,0,0.00,2022-03-22 15:00:00+00:00,2023-12-31 22:00:00+00:00
H2.ZE66,W1,1h,15584,0,0.00,2022-03-22 15:00:00+00:00,2023-12-31 22:00:00+00:00
H2.ZE66,W2,1h,15584,0,0.00,2022-03-22 15:00:00+00:00,2023-12-31 22:00:00+00:00
H2.ZE66,W3,1h,15584,0,0.00,2022-03-22 15:00:00+00:00,2023-12-31 22:00:00+00:00
H2.ZE66,W_in,1h,15584,0,0.00,2022-03-22 15:00:00+00:00,2023-12-31 22:00:00+00:00
H2.ZE66,W_out,1h,14418,0,0.00,2022-03-22 15:00:00+00:00,2023-11-13 08:00:00+00:00
H2.ZE66,f,1h,15585,0,0.00,2022-03-22 14:00:00+00:00,2023-12-31 22:00:00+00:00
H2.ZE67,I1,1h,15585,0,0.00,2022-03-22 14:00:00+00:00,2023-12-31 22:00:00+00:00
H2.ZE67,I2,1h,15585,0,0.00,2022-03-22 14:00:00+00:00,2023-12-31 22:00:00+00:00
H2.ZE67,I3,1h,15503,0,0.00,2022-03-22 14:00:00+00:00,2023-12-28 12:00:00+00:00
H2.ZE67,P,1h,15585,0,0.00,2022-03-22 14:00:00+00:00,2023-12-31 22:00:00+00:00
H2.ZE67,P1,1h,15585,0,0.00,2022-03-22 14:00:00+00:00,2023-12-31 22:00:00+00:00
H2.ZE67,P2,1h,15585,0,0.00,2022-03-22 14:00:00+00:00,2023-12-31 22:00:00+00:00
H2.ZE67,P3,1h,15585,0,0.00,2022-03-22 14:00:00+00:00,2023-12-31 22:00:00+00:00
H2.ZE67,PF,1h,15585,0,0.00,2022-03-22 14:00:00+00:00,2023-12-31 22:00:00+00:00
H2.ZE67,PF1,1h,15585,0,0.00,2022-03-22 14:00:00+00:00,2023-12-31 22:00:00+00:00
H2.ZE67,PF2,1h,15585,0,0.00,2022-03-22 14:00:00+00:00,2023-12-31 22:00:00+00:00
H2.ZE67,PF3,1h,15503,0,0.00,2022-03-22 14:00:00+00:00,2023-12-28 12:00:00+00:00
H2.ZE67,U1,1h,15585,0,0.00,2022-03-22 14:00:00+00:00,2023-12-31 22:00:00+00:00
H2.ZE67,U2,1h,15585,0,0.00,2022-03-22 14:00:00+00:00,2023-12-31 22:00:00+00:00
H2.ZE67,U3,1h,15585,0,0.00,2022-03-22 14:00:00+00:00,2023-12-31 22:00:00+00:00
H2.ZE67,W,1h,15584,0,0.00,2022-03-22 15:00:00+00:00,2023-12-31 22:00:00+00:00
H2.ZE67,W1,1h,15584,0,0.00,2022-03-22 15:00:00+00:00,2023-12-31 22:00:00+00:00
H2.ZE67,W2,1h,15584,0,0.00,2022-03-22 15:00:00+00:00,2023-12-31 22:00:00+00:00
H2.ZE67,W3,1h,15582,0,0.00,2022-03-22 15:00:00+00:00,2023-12-31 20:00:00+00:00
H2.ZE67,W_in,1h,15584,0,0.00,2022-03-22 15:00:00+00:00,2023-12-31 22:00:00+00:00
H2.ZE67,W_out,1h,14417,0,0.00,2022-03-22 15:00:00+00:00,2023-11-13 07:00:00+00:00
H2.ZE67,f,1h,15585,0,0.00,2022-03-22 14:00:00+00:00,2023-12-31 22:00:00+00:00
H2.ZE74,I1,1h,15681,0,0.00,2022-03-18 14:00:00+00:00,2023-12-31 22:00:00+00:00
H2.ZE74,I2,1h,15681,0,0.00,2022-03-18 14:00:00+00:00,2023-12-31 22:00:00+00:00
H2.ZE74,I3,1h,15681,0,0.00,2022-03-18 14:00:00+00:00,2023-12-31 22:00:00+00:00
H2.ZE74,P,1h,15681,0,0.00,2022-03-18 14:00:00+00:00,2023-12-31 22:00:00+00:00
H2.ZE74,P1,1h,15681,0,0.00,2022-03-18 14:00:00+00:00,2023-12-31 22:00:00+00:00
H2.ZE74,P2,1h,15681,0,0.00,2022-03-18 14:00:00+00:00,2023-12-31 22:00:00+00:00
H2.ZE74,P3,1h,15681,0,0.00,2022-03-18 14:00:00+00:00,2023-12-31 22:00:00+00:00
H2.ZE74,PF,1h,15681,0,0.00,2022-03-18 14:00:00+00:00,2023-12-31 22:00:00+00:00
H2.ZE74,PF1,1h,15681,0,0.00,2022-03-18 14:00:00+00:00,2023-12-31 22:00:00+00:00
H2.ZE74,PF2,1h,15681,0,0.00,2022-03-18 14:00:00+00:00,2023-12-31 22:00:00+00:00
H2.ZE74,PF3,1h,15681,0,0.00,2022-03-18 14:00:00+00:00,2023-12-31 22:00:00+00:00
H2.ZE74,U1,1h,15681,0,0.00,2022-03-18 14:00:00+00:00,2023-12-31 22:00:00+00:00
H2.ZE74,U2,1h,15681,0,0.00,2022-03-18 14:00:00+00:00,2023-12-31 22:00:00+00:00
H2.ZE74,U3,1h,15681,0,0.00,2022-03-18 14:00:00+00:00,2023-12-31 22:00:00+00:00
H2.ZE74,W,1h,15680,0,0.00,2022-03-18 15:00:00+00:00,2023-12-31 22:00:00+00:00
H2.ZE74,W1,1h,15680,0,0.00,2022-03-18 15:00:00+00:00,2023-12-31 22:00:00+00:00
H2.ZE74,W2,1h,15680,0,0.00,2022-03-18 15:00:00+00:00,2023-12-31 22:00:00+00:00
H2.ZE74,W3,1h,15680,0,0.00,2022-03-18 15:00:00+00:00,2023-12-31 22:00:00+00:00
H2.ZE74,W_in,1h,15680,0,0.00,2022-03-18 15:00:00+00:00,2023-12-31 22:00:00+00:00
H2.ZE74,W_out,1h,7365,0,0.00,2022-03-18 15:00:00+00:00,2023-01-19 11:00:00+00:00
H2.ZE74,f,1h,15681,0,0.00,2022-03-18 14:00:00+00:00,2023-12-31 22:00:00+00:00
H3.Z312,I1,1h,30817,0,0.00,2020-06-25 22:00:00+00:00,2023-12-31 22:00:00+00:00
H3.Z312,I2,1h,30817,0,0.00,2020-06-25 22:00:00+00:00,2023-12-31 22:00:00+00:00
H3.Z312,I3,1h,30817,0,0.00,2020-06-25 22:00:00+00:00,2023-12-31 22:00:00+00:00
H3.Z312,P,1h,30817,0,0.00,2020-06-25 22:00:00+00:00,2023-12-31 22:00:00+00:00
H3.Z312,P1,1h,30817,0,0.00,2020-06-25 22:00:00+00:00,2023-12-31 22:00:00+00:00
H3.Z312,P2,1h,30817,0,0.00,2020-06-25 22:00:00+00:00,2023-12-31 22:00:00+00:00
H3.Z312,P3,1h,30817,0,0.00,2020-06-25 22:00:00+00:00,2023-12-31 22:00:00+00:00
H3.Z312,PF,1h,30817,0,0.00,2020-06-25 22:00:00+00:00,2023-12-31 22:00:00+00:00
H3.Z312,PF1,1h,30817,0,0.00,2020-06-25 22:00:00+00:00,2023-12-31 22:00:00+00:00
H3.Z312,PF2,1h,30817,0,0.00,2020-06-25 22:00:00+00:00,2023-12-31 22:00:00+00:00
H3.Z312,PF3,1h,30817,0,0.00,2020-06-25 22:00:00+00:00,2023-12-31 22:00:00+00:00
H3.Z312,U1,1h,30817,0,0.00,2020-06-25 22:00:00+00:00,2023-12-31 22:00:00+00:00
H3.Z312,U2,1h,30817,0,0.00,2020-06-25 22:00:00+00:00,2023-12-31 22:00:00+00:00
H3.Z312,U3,1h,30817,0,0.00,2020-06-25 22:00:00+00:00,2023-12-31 22:00:00+00:00
H3.Z312,W,1h,30810,0,0.00,2020-06-25 22:00:00+00:00,2023-12-31 15:00:00+00:00
H3.Z312,W1,1h,30810,0,0.00,2020-06-25 22:00:00+00:00,2023-12-31 15:00:00+00:00
H3.Z312,W2,1h,30817,0,0.00,2020-06-25 22:00:00+00:00,2023-12-31 22:00:00+00:00
H3.Z312,W3,1h,30817,0,0.00,2020-06-25 22:00:00+00:00,2023-12-31 22:00:00+00:00
H3.Z312,W_in,1h,30817,0,0.00,2020-06-25 22:00:00+00:00,2023-12-31 22:00:00+00:00
H3.Z312,W_out,1h,30804,0,0.00,2020-06-26 04:00:00+00:00,2023-12-31 15:00:00+00:00
H3.Z312,f,1h,30817,0,0.00,2020-06-25 22:00:00+00:00,2023-12-31 22:00:00+00:00
H3.Z40,I1,1h,51840,0,0.00,2018-01-31 23:00:00+00:00,2023-12-31 22:00:00+00:00
H3.Z40,I2,1h,51840,0,0.00,2018-01-31 23:00:00+00:00,2023-12-31 22:00:00+00:00
H3.Z40,I3,1h,51840,0,0.00,2018-01-31 23:00:00+00:00,2023-12-31 22:00:00+00:00
H3.Z40,P,1h,51840,0,0.00,2018-01-31 23:00:00+00:00,2023-12-31 22:00:00+00:00
H3.Z40,P1,1h,51840,0,0.00,2018-01-31 23:00:00+00:00,2023-12-31 22:00:00+00:00
H3.Z40,P2,1h,51840,0,0.00,2018-01-31 23:00:00+00:00,2023-12-31 22:00:00+00:00
H3.Z40,P3,1h,51840,0,0.00,2018-01-31 23:00:00+00:00,2023-12-31 22:00:00+00:00
H3.Z40,PF,1h,51840,0,0.00,2018-01-31 23:00:00+00:00,2023-12-31 22:00:00+00:00
H3.Z40,PF1,1h,51840,0,0.00,2018-01-31 23:00:00+00:00,2023-12-31 22:00:00+00:00
H3.Z40,PF2,1h,51840,0,0.00,2018-01-31 23:00:00+00:00,2023-12-31 22:00:00+00:00
H3.Z40,PF3,1h,51840,0,0.00,2018-01-31 23:00:00+00:00,2023-12-31 22:00:00+00:00
H3.Z40,Q,1h,51840,0,0.00,2018-01-31 23:00:00+00:00,2023-12-31 22:00:00+00:00
H3.Z40,U1,1h,51840,0,0.00,2018-01-31 23:00:00+00:00,2023-12-31 22:00:00+00:00
H3.Z40,U2,1h,51840,0,0.00,2018-01-31 23:00:00+00:00,2023-12-31 22:00:00+00:00
H3.Z40,U3,1h,51840,0,0.00,2018-01-31 23:00:00+00:00,2023-12-31 22:00:00+00:00
H3.Z40,W,1h,52585,0,0.00,2018-01-01 00:00:00+00:00,2024-01-01 00:00:00+00:00
H3.Z40,WQ,1h,52585,0,0.00,2018-01-01 00:00:00+00:00,2024-01-01 00:00:00+00:00
H3.Z40,WQ_in,1h,51568,0,0.00,2018-02-12 07:00:00+00:00,2023-12-31 22:00:00+00:00
H3.Z40,WQ_out,1h,51840,0,0.00,2018-01-31 23:00:00+00:00,2023-12-31 22:00:00+00:00
H3.Z40,W_in,1h,51840,0,0.00,2018-01-31 23:00:00+00:00,2023-12-31 22:00:00+00:00
H3.Z40,W_out,1h,49886,0,0.00,2018-04-23 09:00:00+00:00,2023-12-31 22:00:00+00:00
H3.Z40,f,1h,51840,0,0.00,2018-01-31 23:00:00+00:00,2023-12-31 22:00:00+00:00
H3.Z41,I1,1h,51840,0,0.00,2018-01-31 23:00:00+00:00,2023-12-31 22:00:00+00:00
H3.Z41,I2,1h,51840,0,0.00,2018-01-31 23:00:00+00:00,2023-12-31 22:00:00+00:00
H3.Z41,I3,1h,51840,0,0.00,2018-01-31 23:00:00+00:00,2023-12-31 22:00:00+00:00
H3.Z41,P,1h,51840,0,0.00,2018-01-31 23:00:00+00:00,2023-12-31 22:00:00+00:00
H3.Z41,P1,1h,51840,0,0.00,2018-01-31 23:00:00+00:00,2023-12-31 22:00:00+00:00
H3.Z41,P2,1h,51840,0,0.00,2018-01-31 23:00:00+00:00,2023-12-31 22:00:00+00:00
H3.Z41,P3,1h,51840,0,0.00,2018-01-31 23:00:00+00:00,2023-12-31 22:00:00+00:00
H3.Z41,PF,1h,51840,0,0.00,2018-01-31 23:00:00+00:00,2023-12-31 22:00:00+00:00
H3.Z41,PF1,1h,51840,0,0.00,2018-01-31 23:00:00+00:00,2023-12-31 22:00:00+00:00
H3.Z41,PF2,1h,51840,0,0.00,2018-01-31 23:00:00+00:00,2023-12-31 22:00:00+00:00
H3.Z41,PF3,1h,51840,0,0.00,2018-01-31 23:00:00+00:00,2023-12-31 22:00:00+00:00
H3.Z41,Q,1h,51840,0,0.00,2018-01-31 23:00:00+00:00,2023-12-31 22:00:00+00:00
H3.Z41,U1,1h,51840,0,0.00,2018-01-31 23:00:00+00:00,2023-12-31 22:00:00+00:00
H3.Z41,U2,1h,51840,0,0.00,2018-01-31 23:00:00+00:00,2023-12-31 22:00:00+00:00
H3.Z41,U3,1h,51840,0,0.00,2018-01-31 23:00:00+00:00,2023-12-31 22:00:00+00:00
H3.Z41,W,1h,52585,0,0.00,2018-01-01 00:00:00+00:00,2024-01-01 00:00:00+00:00
H3.Z41,WQ,1h,52585,0,0.00,2018-01-01 00:00:00+00:00,2024-01-01 00:00:00+00:00
H3.Z41,WQ_in,1h,49886,0,0.00,2018-04-23 09:00:00+00:00,2023-12-31 22:00:00+00:00
H3.Z41,WQ_out,1h,51840,0,0.00,2018-01-31 23:00:00+00:00,2023-12-31 22:00:00+00:00
H3.Z41,W_in,1h,51840,0,0.00,2018-01-31 23:00:00+00:00,2023-12-31 22:00:00+00:00
H3.Z41,W_out,1h,49886,0,0.00,2018-04-23 09:00:00+00:00,2023-12-31 22:00:00+00:00
H3.Z41,f,1h,51840,0,0.00,2018-01-31 23:00:00+00:00,2023-12-31 22:00:00+00:00
H3.Z42,I1,1h,51840,0,0.00,2018-01-31 23:00:00+00:00,2023-12-31 22:00:00+00:00
H3.Z42,I2,1h,51840,0,0.00,2018-01-31 23:00:00+00:00,2023-12-31 22:00:00+00:00
H3.Z42,I3,1h,51840,0,0.00,2018-01-31 23:00:00+00:00,2023-12-31 22:00:00+00:00
H3.Z42,P,1h,51840,0,0.00,2018-01-31 23:00:00+00:00,2023-12-31 22:00:00+00:00
H3.Z42,P1,1h,51840,0,0.00,2018-01-31 23:00:00+00:00,2023-12-31 22:00:00+00:00
H3.Z42,P2,1h,51840,0,0.00,2018-01-31 23:00:00+00:00,2023-12-31 22:00:00+00:00
H3.Z42,P3,1h,51840,0,0.00,2018-01-31 23:00:00+00:00,2023-12-31 22:00:00+00:00
H3.Z42,PF,1h,51840,0,0.00,2018-01-31 23:00:00+00:00,2023-12-31 22:00:00+00:00
H3.Z42,PF1,1h,51840,0,0.00,2018-01-31 23:00:00+00:00,2023-12-31 22:00:00+00:00
H3.Z42,PF2,1h,51840,0,0.00,2018-01-31 23:00:00+00:00,2023-12-31 22:00:00+00:00
H3.Z42,PF3,1h,51840,0,0.00,2018-01-31 23:00:00+00:00,2023-12-31 22:00:00+00:00
H3.Z42,Q,1h,51840,0,0.00,2018-01-31 23:00:00+00:00,2023-12-31 22:00:00+00:00
H3.Z42,U1,1h,51840,0,0.00,2018-01-31 23:00:00+00:00,2023-12-31 22:00:00+00:00
H3.Z42,U2,1h,51840,0,0.00,2018-01-31 23:00:00+00:00,2023-12-31 22:00:00+00:00
H3.Z42,U3,1h,51840,0,0.00,2018-01-31 23:00:00+00:00,2023-12-31 22:00:00+00:00
H3.Z42,W,1h,49886,0,0.00,2018-04-23 09:00:00+00:00,2023-12-31 22:00:00+00:00
H3.Z42,WQ,1h,51833,0,0.00,2018-02-01 06:00:00+00:00,2023-12-31 22:00:00+00:00
H3.Z42,WQ_in,1h,51833,0,0.00,2018-02-01 06:00:00+00:00,2023-12-31 22:00:00+00:00
H3.Z42,WQ_out,1h,51839,0,0.00,2018-02-01 00:00:00+00:00,2023-12-31 22:00:00+00:00
H3.Z42,W_in,1h,51840,0,0.00,2018-01-31 23:00:00+00:00,2023-12-31 22:00:00+00:00
H3.Z42,W_out,1h,49886,0,0.00,2018-04-23 09:00:00+00:00,2023-12-31 22:00:00+00:00
H3.Z42,f,1h,51840,0,0.00,2018-01-31 23:00:00+00:00,2023-12-31 22:00:00+00:00
H3.Z43,I1,1h,51840,0,0.00,2018-01-31 23:00:00+00:00,2023-12-31 22:00:00+00:00
H3.Z43,I2,1h,51840,0,0.00,2018-01-31 23:00:00+00:00,2023-12-31 22:00:00+00:00
H3.Z43,I3,1h,51840,0,0.00,2018-01-31 23:00:00+00:00,2023-12-31 22:00:00+00:00
H3.Z43,P,1h,51840,0,0.00,2018-01-31 23:00:00+00:00,2023-12-31 22:00:00+00:00
H3.Z43,P1,1h,51840,0,0.00,2018-01-31 23:00:00+00:00,2023-12-31 22:00:00+00:00
H3.Z43,P2,1h,51840,0,0.00,2018-01-31 23:00:00+00:00,2023-12-31 22:00:00+00:00
H3.Z43,P3,1h,51840,0,0.00,2018-01-31 23:00:00+00:00,2023-12-31 22:00:00+00:00
H3.Z43,PF,1h,51840,0,0.00,2018-01-31 23:00:00+00:00,2023-12-31 22:00:00+00:00
H3.Z43,PF1,1h,51840,0,0.00,2018-01-31 23:00:00+00:00,2023-12-31 22:00:00+00:00
H3.Z43,PF2,1h,51840,0,0.00,2018-01-31 23:00:00+00:00,2023-12-31 22:00:00+00:00
H3.Z43,PF3,1h,51840,0,0.00,2018-01-31 23:00:00+00:00,2023-12-31 22:00:00+00:00
H3.Z43,Q,1h,51840,0,0.00,2018-01-31 23:00:00+00:00,2023-12-31 22:00:00+00:00
H3.Z43,U1,1h,51840,0,0.00,2018-01-31 23:00:00+00:00,2023-12-31 22:00:00+00:00
H3.Z43,U2,1h,51840,0,0.00,2018-01-31 23:00:00+00:00,2023-12-31 22:00:00+00:00
H3.Z43,U3,1h,51840,0,0.00,2018-01-31 23:00:00+00:00,2023-12-31 22:00:00+00:00
H3.Z43,W,1h,52585,0,0.00,2018-01-01 00:00:00+00:00,2024-01-01 00:00:00+00:00
H3.Z43,WQ,1h,52585,0,0.00,2018-01-01 00:00:00+00:00,2024-01-01 00:00:00+00:00
H3.Z43,WQ_in,1h,51839,0,0.00,2018-02-01 00:00:00+00:00,2023-12-31 22:00:00+00:00
H3.Z43,WQ_out,1h,49886,0,0.00,2018-04-23 09:00:00+00:00,2023-12-31 22:00:00+00:00
H3.Z43,W_in,1h,51840,0,0.00,2018-01-31 23:00:00+00:00,2023-12-31 22:00:00+00:00
H3.Z43,W_out,1h,49886,0,0.00,2018-04-23 09:00:00+00:00,2023-12-31 22:00:00+00:00
H3.Z43,f,1h,51840,0,0.00,2018-01-31 23:00:00+00:00,2023-12-31 22:00:00+00:00
H3.Z44,I1,1h,51840,0,0.00,2018-01-31 23:00:00+00:00,2023-12-31 22:00:00+00:00
H3.Z44,I2,1h,51840,0,0.00,2018-01-31 23:00:00+00:00,2023-12-31 22:00:00+00:00
H3.Z44,I3,1h,51840,0,0.00,2018-01-31 23:00:00+00:00,2023-12-31 22:00:00+00:00
H3.Z44,P,1h,51840,0,0.00,2018-01-31 23:00:00+00:00,2023-12-31 22:00:00+00:00
H3.Z44,P1,1h,51840,0,0.00,2018-01-31 23:00:00+00:00,2023-12-31 22:00:00+00:00
H3.Z44,P2,1h,51840,0,0.00,2018-01-31 23:00:00+00:00,2023-12-31 22:00:00+00:00
H3.Z44,P3,1h,51840,0,0.00,2018-01-31 23:00:00+00:00,2023-12-31 22:00:00+00:00
H3.Z44,PF,1h,51840,0,0.00,2018-01-31 23:00:00+00:00,2023-12-31 22:00:00+00:00
H3.Z44,PF1,1h,51840,0,0.00,2018-01-31 23:00:00+00:00,2023-12-31 22:00:00+00:00
H3.Z44,PF2,1h,51840,0,0.00,2018-01-31 23:00:00+00:00,2023-12-31 22:00:00+00:00
H3.Z44,PF3,1h,51840,0,0.00,2018-01-31 23:00:00+00:00,2023-12-31 22:00:00+00:00
H3.Z44,Q,1h,51840,0,0.00,2018-01-31 23:00:00+00:00,2023-12-31 22:00:00+00:00
H3.Z44,U1,1h,51840,0,0.00,2018-01-31 23:00:00+00:00,2023-12-31 22:00:00+00:00
H3.Z44,U2,1h,51840,0,0.00,2018-01-31 23:00:00+00:00,2023-12-31 22:00:00+00:00
H3.Z44,U3,1h,51840,0,0.00,2018-01-31 23:00:00+00:00,2023-12-31 22:00:00+00:00
H3.Z44,W,1h,52585,0,0.00,2018-01-01 00:00:00+00:00,2024-01-01 00:00:00+00:00
H3.Z44,WQ,1h,52585,0,0.00,2018-01-01 00:00:00+00:00,2024-01-01 00:00:00+00:00
H3.Z44,WQ_in,1h,51839,0,0.00,2018-02-01 00:00:00+00:00,2023-12-31 22:00:00+00:00
H3.Z44,WQ_out,1h,49886,0,0.00,2018-04-23 09:00:00+00:00,2023-12-31 22:00:00+00:00
H3.Z44,W_in,1h,51839,0,0.00,2018-02-01 00:00:00+00:00,2023-12-31 22:00:00+00:00
H3.Z44,W_out,1h,49886,0,0.00,2018-04-23 09:00:00+00:00,2023-12-31 22:00:00+00:00
H3.Z44,f,1h,51840,0,0.00,2018-01-31 23:00:00+00:00,2023-12-31 22:00:00+00:00
H3.Z45,I1,1h,51839,0,0.00,2018-02-01 00:00:00+00:00,2023-12-31 22:00:00+00:00
H3.Z45,I2,1h,51837,0,0.00,2018-02-01 02:00:00+00:00,2023-12-31 22:00:00+00:00
H3.Z45,I3,1h,51840,0,0.00,2018-01-31 23:00:00+00:00,2023-12-31 22:00:00+00:00
H3.Z45,P,1h,51840,0,0.00,2018-01-31 23:00:00+00:00,2023-12-31 22:00:00+00:00
H3.Z45,P1,1h,51840,0,0.00,2018-01-31 23:00:00+00:00,2023-12-31 22:00:00+00:00
H3.Z45,P2,1h,51840,0,0.00,2018-01-31 23:00:00+00:00,2023-12-31 22:00:00+00:00
H3.Z45,P3,1h,51840,0,0.00,2018-01-31 23:00:00+00:00,2023-12-31 22:00:00+00:00
H3.Z45,PF,1h,51840,0,0.00,2018-01-31 23:00:00+00:00,2023-12-31 22:00:00+00:00
H3.Z45,PF1,1h,51840,0,0.00,2018-01-31 23:00:00+00:00,2023-12-31 22:00:00+00:00
H3.Z45,PF2,1h,51840,0,0.00,2018-01-31 23:00:00+00:00,2023-12-31 22:00:00+00:00
H3.Z45,PF3,1h,51840,0,0.00,2018-01-31 23:00:00+00:00,2023-12-31 22:00:00+00:00
H3.Z45,Q,1h,51840,0,0.00,2018-01-31 23:00:00+00:00,2023-12-31 22:00:00+00:00
H3.Z45,U1,1h,51840,0,0.00,2018-01-31 23:00:00+00:00,2023-12-31 22:00:00+00:00
H3.Z45,U2,1h,51840,0,0.00,2018-01-31 23:00:00+00:00,2023-12-31 22:00:00+00:00
H3.Z45,U3,1h,51840,0,0.00,2018-01-31 23:00:00+00:00,2023-12-31 22:00:00+00:00
H3.Z45,W,1h,52585,0,0.00,2018-01-01 00:00:00+00:00,2024-01-01 00:00:00+00:00
H3.Z45,WQ,1h,52585,0,0.00,2018-01-01 00:00:00+00:00,2024-01-01 00:00:00+00:00
H3.Z45,WQ_in,1h,51840,0,0.00,2018-01-31 23:00:00+00:00,2023-12-31 22:00:00+00:00
H3.Z45,WQ_out,1h,49886,0,0.00,2018-04-23 09:00:00+00:00,2023-12-31 22:00:00+00:00
H3.Z45,W_in,1h,51840,0,0.00,2018-01-31 23:00:00+00:00,2023-12-31 22:00:00+00:00
H3.Z45,W_out,1h,49886,0,0.00,2018-04-23 09:00:00+00:00,2023-12-31 22:00:00+00:00
H3.Z45,f,1h,51840,0,0.00,2018-01-31 23:00:00+00:00,2023-12-31 22:00:00+00:00
H3.Z46,I1,1h,52584,0,0.00,2017-12-31 23:00:00+00:00,2023-12-31 22:00:00+00:00
H3.Z46,I2,1h,52584,0,0.00,2017-12-31 23:00:00+00:00,2023-12-31 22:00:00+00:00
H3.Z46,I3,1h,52584,0,0.00,2017-12-31 23:00:00+00:00,2023-12-31 22:00:00+00:00
H3.Z46,P,1h,52584,0,0.00,2017-12-31 23:00:00+00:00,2023-12-31 22:00:00+00:00
H3.Z46,P1,1h,52584,0,0.00,2017-12-31 23:00:00+00:00,2023-12-31 22:00:00+00:00
H3.Z46,P2,1h,52584,0,0.00,2017-12-31 23:00:00+00:00,2023-12-31 22:00:00+00:00
H3.Z46,P3,1h,52584,0,0.00,2017-12-31 23:00:00+00:00,2023-12-31 22:00:00+00:00
H3.Z46,PF,1h,52584,0,0.00,2017-12-31 23:00:00+00:00,2023-12-31 22:00:00+00:00
H3.Z46,PF1,1h,52584,0,0.00,2017-12-31 23:00:00+00:00,2023-12-31 22:00:00+00:00
H3.Z46,PF2,1h,52584,0,0.00,2017-12-31 23:00:00+00:00,2023-12-31 22:00:00+00:00
H3.Z46,PF3,1h,52584,0,0.00,2017-12-31 23:00:00+00:00,2023-12-31 22:00:00+00:00
H3.Z46,Q,1h,52584,0,0.00,2017-12-31 23:00:00+00:00,2023-12-31 22:00:00+00:00
H3.Z46,U1,1h,52584,0,0.00,2017-12-31 23:00:00+00:00,2023-12-31 22:00:00+00:00
H3.Z46,U2,1h,52584,0,0.00,2017-12-31 23:00:00+00:00,2023-12-31 22:00:00+00:00
H3.Z46,U3,1h,52584,0,0.00,2017-12-31 23:00:00+00:00,2023-12-31 22:00:00+00:00
H3.Z46,W,1h,52585,0,0.00,2018-01-01 00:00:00+00:00,2024-01-01 00:00:00+00:00
H3.Z46,WQ,1h,52585,0,0.00,2018-01-01 00:00:00+00:00,2024-01-01 00:00:00+00:00
H3.Z46,WQ_in,1h,45077,0,0.00,2018-11-09 18:00:00+00:00,2023-12-31 22:00:00+00:00
H3.Z46,WQ_out,1h,52584,0,0.00,2017-12-31 23:00:00+00:00,2023-12-31 22:00:00+00:00
H3.Z46,W_in,1h,52584,0,0.00,2017-12-31 23:00:00+00:00,2023-12-31 22:00:00+00:00
H3.Z46,W_out,1h,45064,0,0.00,2018-11-10 07:00:00+00:00,2023-12-31 22:00:00+00:00
H3.Z46,f,1h,52584,0,0.00,2017-12-31 23:00:00+00:00,2023-12-31 22:00:00+00:00
H3.Z47,I1,1h,30697,0,0.00,2020-06-30 22:00:00+00:00,2023-12-31 22:00:00+00:00
H3.Z47,I2,1h,30697,0,0.00,2020-06-30 22:00:00+00:00,2023-12-31 22:00:00+00:00
H3.Z47,I3,1h,30697,0,0.00,2020-06-30 22:00:00+00:00,2023-12-31 22:00:00+00:00
H3.Z47,P,1h,30697,0,0.00,2020-06-30 22:00:00+00:00,2023-12-31 22:00:00+00:00
H3.Z47,P1,1h,30697,0,0.00,2020-06-30 22:00:00+00:00,2023-12-31 22:00:00+00:00
H3.Z47,P2,1h,30697,0,0.00,2020-06-30 22:00:00+00:00,2023-12-31 22:00:00+00:00
H3.Z47,P3,1h,30697,0,0.00,2020-06-30 22:00:00+00:00,2023-12-31 22:00:00+00:00
H3.Z47,PF,1h,30697,0,0.00,2020-06-30 22:00:00+00:00,2023-12-31 22:00:00+00:00
H3.Z47,PF1,1h,30697,0,0.00,2020-06-30 22:00:00+00:00,2023-12-31 22:00:00+00:00
H3.Z47,PF2,1h,30697,0,0.00,2020-06-30 22:00:00+00:00,2023-12-31 22:00:00+00:00
H3.Z47,PF3,1h,30697,0,0.00,2020-06-30 22:00:00+00:00,2023-12-31 22:00:00+00:00
H3.Z47,Q,1h,30697,0,0.00,2020-06-30 22:00:00+00:00,2023-12-31 22:00:00+00:00
H3.Z47,U1,1h,30697,0,0.00,2020-06-30 22:00:00+00:00,2023-12-31 22:00:00+00:00
H3.Z47,U2,1h,30697,0,0.00,2020-06-30 22:00:00+00:00,2023-12-31 22:00:00+00:00
H3.Z47,U3,1h,30697,0,0.00,2020-06-30 22:00:00+00:00,2023-12-31 22:00:00+00:00
H3.Z47,W,1h,52585,0,0.00,2018-01-01 00:00:00+00:00,2024-01-01 00:00:00+00:00
H3.Z47,WQ,1h,52585,0,0.00,2018-01-01 00:00:00+00:00,2024-01-01 00:00:00+00:00
H3.Z47,WQ_in,1h,30697,0,0.00,2020-06-30 22:00:00+00:00,2023-12-31 22:00:00+00:00
H3.Z47,WQ_out,1h,30697,0,0.00,2020-06-30 22:00:00+00:00,2023-12-31 22:00:00+00:00
H3.Z47,W_in,1h,30697,0,0.00,2020-06-30 22:00:00+00:00,2023-12-31 22:00:00+00:00
H3.Z47,W_out,1h,25575,0,0.00,2021-01-30 08:00:00+00:00,2023-12-31 22:00:00+00:00
H3.Z47,f,1h,30697,0,0.00,2020-06-30 22:00:00+00:00,2023-12-31 22:00:00+00:00
H3.Z48,I1,1h,30697,0,0.00,2020-06-30 22:00:00+00:00,2023-12-31 22:00:00+00:00
H3.Z48,I2,1h,30697,0,0.00,2020-06-30 22:00:00+00:00,2023-12-31 22:00:00+00:00
H3.Z48,I3,1h,30697,0,0.00,2020-06-30 22:00:00+00:00,2023-12-31 22:00:00+00:00
H3.Z48,P,1h,30697,0,0.00,2020-06-30 22:00:00+00:00,2023-12-31 22:00:00+00:00
H3.Z48,P1,1h,30697,0,0.00,2020-06-30 22:00:00+00:00,2023-12-31 22:00:00+00:00
H3.Z48,P2,1h,30697,0,0.00,2020-06-30 22:00:00+00:00,2023-12-31 22:00:00+00:00
H3.Z48,P3,1h,30697,0,0.00,2020-06-30 22:00:00+00:00,2023-12-31 22:00:00+00:00
H3.Z48,PF,1h,30697,0,0.00,2020-06-30 22:00:00+00:00,2023-12-31 22:00:00+00:00
H3.Z48,PF1,1h,30697,0,0.00,2020-06-30 22:00:00+00:00,2023-12-31 22:00:00+00:00
H3.Z48,PF2,1h,30697,0,0.00,2020-06-30 22:00:00+00:00,2023-12-31 22:00:00+00:00
H3.Z48,PF3,1h,30697,0,0.00,2020-06-30 22:00:00+00:00,2023-12-31 22:00:00+00:00
H3.Z48,Q,1h,30697,0,0.00,2020-06-30 22:00:00+00:00,2023-12-31 22:00:00+00:00
H3.Z48,U1,1h,30697,0,0.00,2020-06-30 22:00:00+00:00,2023-12-31 22:00:00+00:00
H3.Z48,U2,1h,30697,0,0.00,2020-06-30 22:00:00+00:00,2023-12-31 22:00:00+00:00
H3.Z48,U3,1h,30697,0,0.00,2020-06-30 22:00:00+00:00,2023-12-31 22:00:00+00:00
H3.Z48,W,1h,52585,0,0.00,2018-01-01 00:00:00+00:00,2024-01-01 00:00:00+00:00
H3.Z48,WQ,1h,52585,0,0.00,2018-01-01 00:00:00+00:00,2024-01-01 00:00:00+00:00
H3.Z48,WQ_in,1h,30697,0,0.00,2020-06-30 22:00:00+00:00,2023-12-31 22:00:00+00:00
H3.Z48,WQ_out,1h,30697,0,0.00,2020-06-30 22:00:00+00:00,2023-12-31 22:00:00+00:00
H3.Z48,W_in,1h,30697,0,0.00,2020-06-30 22:00:00+00:00,2023-12-31 22:00:00+00:00
H3.Z48,W_out,1h,30697,0,0.00,2020-06-30 22:00:00+00:00,2023-12-31 22:00:00+00:00
H3.Z48,f,1h,30697,0,0.00,2020-06-30 22:00:00+00:00,2023-12-31 22:00:00+00:00
H3.Z49,I1,1h,30697,0,0.00,2020-06-30 22:00:00+00:00,2023-12-31 22:00:00+00:00
H3.Z49,I2,1h,30697,0,0.00,2020-06-30 22:00:00+00:00,2023-12-31 22:00:00+00:00
H3.Z49,I3,1h,30697,0,0.00,2020-06-30 22:00:00+00:00,2023-12-31 22:00:00+00:00
H3.Z49,P,1h,30697,0,0.00,2020-06-30 22:00:00+00:00,2023-12-31 22:00:00+00:00
H3.Z49,P1,1h,30697,0,0.00,2020-06-30 22:00:00+00:00,2023-12-31 22:00:00+00:00
H3.Z49,P2,1h,30697,0,0.00,2020-06-30 22:00:00+00:00,2023-12-31 22:00:00+00:00
H3.Z49,P3,1h,30697,0,0.00,2020-06-30 22:00:00+00:00,2023-12-31 22:00:00+00:00
H3.Z49,PF,1h,30697,0,0.00,2020-06-30 22:00:00+00:00,2023-12-31 22:00:00+00:00
H3.Z49,PF1,1h,30697,0,0.00,2020-06-30 22:00:00+00:00,2023-12-31 22:00:00+00:00
H3.Z49,PF2,1h,30697,0,0.00,2020-06-30 22:00:00+00:00,2023-12-31 22:00:00+00:00
H3.Z49,PF3,1h,30697,0,0.00,2020-06-30 22:00:00+00:00,2023-12-31 22:00:00+00:00
H3.Z49,Q,1h,30697,0,0.00,2020-06-30 22:00:00+00:00,2023-12-31 22:00:00+00:00
H3.Z49,U1,1h,30697,0,0.00,2020-06-30 22:00:00+00:00,2023-12-31 22:00:00+00:00
H3.Z49,U2,1h,30697,0,0.00,2020-06-30 22:00:00+00:00,2023-12-31 22:00:00+00:00
H3.Z49,U3,1h,30697,0,0.00,2020-06-30 22:00:00+00:00,2023-12-31 22:00:00+00:00
H3.Z49,W,1h,52585,0,0.00,2018-01-01 00:00:00+00:00,2024-01-01 00:00:00+00:00
H3.Z49,WQ,1h,52585,0,0.00,2018-01-01 00:00:00+00:00,2024-01-01 00:00:00+00:00
H3.Z49,WQ_in,1h,30697,0,0.00,2020-06-30 22:00:00+00:00,2023-12-31 22:00:00+00:00
H3.Z49,WQ_out,1h,30697,0,0.00,2020-06-30 22:00:00+00:00,2023-12-31 22:00:00+00:00
H3.Z49,W_in,1h,30697,0,0.00,2020-06-30 22:00:00+00:00,2023-12-31 22:00:00+00:00
H3.Z49,W_out,1h,25575,0,0.00,2021-01-30 08:00:00+00:00,2023-12-31 22:00:00+00:00
H3.Z49,f,1h,30697,0,0.00,2020-06-30 22:00:00+00:00,2023-12-31 22:00:00+00:00
H3.Z71,I1,1h,52584,0,0.00,2017-12-31 23:00:00+00:00,2023-12-31 22:00:00+00:00
H3.Z71,I2,1h,52584,0,0.00,2017-12-31 23:00:00+00:00,2023-12-31 22:00:00+00:00
H3.Z71,I3,1h,52584,0,0.00,2017-12-31 23:00:00+00:00,2023-12-31 22:00:00+00:00
H3.Z71,P,1h,52584,0,0.00,2017-12-31 23:00:00+00:00,2023-12-31 22:00:00+00:00
H3.Z71,P1,1h,52584,0,0.00,2017-12-31 23:00:00+00:00,2023-12-31 22:00:00+00:00
H3.Z71,P2,1h,52584,0,0.00,2017-12-31 23:00:00+00:00,2023-12-31 22:00:00+00:00
H3.Z71,P3,1h,52584,0,0.00,2017-12-31 23:00:00+00:00,2023-12-31 22:00:00+00:00
H3.Z71,PF,1h,52584,0,0.00,2017-12-31 23:00:00+00:00,2023-12-31 22:00:00+00:00
H3.Z71,PF1,1h,52584,0,0.00,2017-12-31 23:00:00+00:00,2023-12-31 22:00:00+00:00
H3.Z71,PF2,1h,52584,0,0.00,2017-12-31 23:00:00+00:00,2023-12-31 22:00:00+00:00
H3.Z71,PF3,1h,52584,0,0.00,2017-12-31 23:00:00+00:00,2023-12-31 22:00:00+00:00
H3.Z71,Q,1h,52584,0,0.00,2017-12-31 23:00:00+00:00,2023-12-31 22:00:00+00:00
H3.Z71,U1,1h,52584,0,0.00,2017-12-31 23:00:00+00:00,2023-12-31 22:00:00+00:00
H3.Z71,U2,1h,52584,0,0.00,2017-12-31 23:00:00+00:00,2023-12-31 22:00:00+00:00
H3.Z71,U3,1h,52584,0,0.00,2017-12-31 23:00:00+00:00,2023-12-31 22:00:00+00:00
H3.Z71,W,1h,52585,0,0.00,2018-01-01 00:00:00+00:00,2024-01-01 00:00:00+00:00
H3.Z71,WQ,1h,52585,0,0.00,2018-01-01 00:00:00+00:00,2024-01-01 00:00:00+00:00
H3.Z71,WQ_in,1h,52554,0,0.00,2018-01-02 05:00:00+00:00,2023-12-31 22:00:00+00:00
H3.Z71,WQ_out,1h,52584,0,0.00,2017-12-31 23:00:00+00:00,2023-12-31 22:00:00+00:00
H3.Z71,W_in,1h,52584,0,0.00,2017-12-31 23:00:00+00:00,2023-12-31 22:00:00+00:00
H3.Z71,W_out,1h,52554,0,0.00,2018-01-02 05:00:00+00:00,2023-12-31 22:00:00+00:00
H3.Z71,f,1h,52584,0,0.00,2017-12-31 23:00:00+00:00,2023-12-31 22:00:00+00:00
H3.ZE40,I1,1h,15686,0,0.00,2022-03-18 09:00:00+00:00,2023-12-31 22:00:00+00:00
H3.ZE40,I2,1h,15686,0,0.00,2022-03-18 09:00:00+00:00,2023-12-31 22:00:00+00:00
H3.ZE40,I3,1h,15686,0,0.00,2022-03-18 09:00:00+00:00,2023-12-31 22:00:00+00:00
H3.ZE40,P,1h,15686,0,0.00,2022-03-18 09:00:00+00:00,2023-12-31 22:00:00+00:00
H3.ZE40,P1,1h,15686,0,0.00,2022-03-18 09:00:00+00:00,2023-12-31 22:00:00+00:00
H3.ZE40,P2,1h,15686,0,0.00,2022-03-18 09:00:00+00:00,2023-12-31 22:00:00+00:00
H3.ZE40,P3,1h,15686,0,0.00,2022-03-18 09:00:00+00:00,2023-12-31 22:00:00+00:00
H3.ZE40,PF,1h,15686,0,0.00,2022-03-18 09:00:00+00:00,2023-12-31 22:00:00+00:00
H3.ZE40,PF1,1h,15686,0,0.00,2022-03-18 09:00:00+00:00,2023-12-31 22:00:00+00:00
H3.ZE40,PF2,1h,15686,0,0.00,2022-03-18 09:00:00+00:00,2023-12-31 22:00:00+00:00
H3.ZE40,PF3,1h,15686,0,0.00,2022-03-18 09:00:00+00:00,2023-12-31 22:00:00+00:00
H3.ZE40,U1,1h,15686,0,0.00,2022-03-18 09:00:00+00:00,2023-12-31 22:00:00+00:00
H3.ZE40,U2,1h,15686,0,0.00,2022-03-18 09:00:00+00:00,2023-12-31 22:00:00+00:00
H3.ZE40,U3,1h,15686,0,0.00,2022-03-18 09:00:00+00:00,2023-12-31 22:00:00+00:00
H3.ZE40,W,1h,15685,0,0.00,2022-03-18 10:00:00+00:00,2023-12-31 22:00:00+00:00
H3.ZE40,W1,1h,15685,0,0.00,2022-03-18 10:00:00+00:00,2023-12-31 22:00:00+00:00
H3.ZE40,W2,1h,15685,0,0.00,2022-03-18 10:00:00+00:00,2023-12-31 22:00:00+00:00
H3.ZE40,W3,1h,15685,0,0.00,2022-03-18 10:00:00+00:00,2023-12-31 22:00:00+00:00
H3.ZE40,W_in,1h,15685,0,0.00,2022-03-18 10:00:00+00:00,2023-12-31 22:00:00+00:00
H3.ZE40,W_out,1h,10503,0,0.00,2022-03-18 10:00:00+00:00,2023-05-30 00:00:00+00:00
H3.ZE40,f,1h,15686,0,0.00,2022-03-18 09:00:00+00:00,2023-12-31 22:00:00+00:00
H3.ZE41,I1,1h,15686,0,0.00,2022-03-18 09:00:00+00:00,2023-12-31 22:00:00+00:00
H3.ZE41,I2,1h,15686,0,0.00,2022-03-18 09:00:00+00:00,2023-12-31 22:00:00+00:00
H3.ZE41,I3,1h,15686,0,0.00,2022-03-18 09:00:00+00:00,2023-12-31 22:00:00+00:00
H3.ZE41,P,1h,15686,0,0.00,2022-03-18 09:00:00+00:00,2023-12-31 22:00:00+00:00
H3.ZE41,P1,1h,15686,0,0.00,2022-03-18 09:00:00+00:00,2023-12-31 22:00:00+00:00
H3.ZE41,P2,1h,15686,0,0.00,2022-03-18 09:00:00+00:00,2023-12-31 22:00:00+00:00
H3.ZE41,P3,1h,15686,0,0.00,2022-03-18 09:00:00+00:00,2023-12-31 22:00:00+00:00
H3.ZE41,PF,1h,15686,0,0.00,2022-03-18 09:00:00+00:00,2023-12-31 22:00:00+00:00
H3.ZE41,PF1,1h,15686,0,0.00,2022-03-18 09:00:00+00:00,2023-12-31 22:00:00+00:00
H3.ZE41,PF2,1h,15686,0,0.00,2022-03-18 09:00:00+00:00,2023-12-31 22:00:00+00:00
H3.ZE41,PF3,1h,15686,0,0.00,2022-03-18 09:00:00+00:00,2023-12-31 22:00:00+00:00
H3.ZE41,U1,1h,15686,0,0.00,2022-03-18 09:00:00+00:00,2023-12-31 22:00:00+00:00
H3.ZE41,U2,1h,15686,0,0.00,2022-03-18 09:00:00+00:00,2023-12-31 22:00:00+00:00
H3.ZE41,U3,1h,15686,0,0.00,2022-03-18 09:00:00+00:00,2023-12-31 22:00:00+00:00
H3.ZE41,W,1h,15685,0,0.00,2022-03-18 10:00:00+00:00,2023-12-31 22:00:00+00:00
H3.ZE41,W1,1h,15685,0,0.00,2022-03-18 10:00:00+00:00,2023-12-31 22:00:00+00:00
H3.ZE41,W2,1h,15685,0,0.00,2022-03-18 10:00:00+00:00,2023-12-31 22:00:00+00:00
H3.ZE41,W3,1h,15685,0,0.00,2022-03-18 10:00:00+00:00,2023-12-31 22:00:00+00:00
H3.ZE41,W_in,1h,15685,0,0.00,2022-03-18 10:00:00+00:00,2023-12-31 22:00:00+00:00
H3.ZE41,W_out,1h,502,0,0.00,2022-03-18 10:00:00+00:00,2022-04-08 07:00:00+00:00
H3.ZE41,f,1h,15686,0,0.00,2022-03-18 09:00:00+00:00,2023-12-31 22:00:00+00:00
H3.ZE43,I1,1h,15686,0,0.00,2022-03-18 09:00:00+00:00,2023-12-31 22:00:00+00:00
H3.ZE43,I2,1h,15686,0,0.00,2022-03-18 09:00:00+00:00,2023-12-31 22:00:00+00:00
H3.ZE43,I3,1h,15686,0,0.00,2022-03-18 09:00:00+00:00,2023-12-31 22:00:00+00:00
H3.ZE43,P,1h,15686,0,0.00,2022-03-18 09:00:00+00:00,2023-12-31 22:00:00+00:00
H3.ZE43,P1,1h,15686,0,0.00,2022-03-18 09:00:00+00:00,2023-12-31 22:00:00+00:00
H3.ZE43,P2,1h,15686,0,0.00,2022-03-18 09:00:00+00:00,2023-12-31 22:00:00+00:00
H3.ZE43,P3,1h,15686,0,0.00,2022-03-18 09:00:00+00:00,2023-12-31 22:00:00+00:00
H3.ZE43,PF,1h,15686,0,0.00,2022-03-18 09:00:00+00:00,2023-12-31 22:00:00+00:00
H3.ZE43,PF1,1h,15686,0,0.00,2022-03-18 09:00:00+00:00,2023-12-31 22:00:00+00:00
H3.ZE43,PF2,1h,15686,0,0.00,2022-03-18 09:00:00+00:00,2023-12-31 22:00:00+00:00
H3.ZE43,PF3,1h,15686,0,0.00,2022-03-18 09:00:00+00:00,2023-12-31 22:00:00+00:00
H3.ZE43,U1,1h,15686,0,0.00,2022-03-18 09:00:00+00:00,2023-12-31 22:00:00+00:00
H3.ZE43,U2,1h,15686,0,0.00,2022-03-18 09:00:00+00:00,2023-12-31 22:00:00+00:00
H3.ZE43,U3,1h,15686,0,0.00,2022-03-18 09:00:00+00:00,2023-12-31 22:00:00+00:00
H3.ZE43,W,1h,15685,0,0.00,2022-03-18 10:00:00+00:00,2023-12-31 22:00:00+00:00
H3.ZE43,W1,1h,15685,0,0.00,2022-03-18 10:00:00+00:00,2023-12-31 22:00:00+00:00
H3.ZE43,W2,1h,15685,0,0.00,2022-03-18 10:00:00+00:00,2023-12-31 22:00:00+00:00
H3.ZE43,W3,1h,15685,0,0.00,2022-03-18 10:00:00+00:00,2023-12-31 22:00:00+00:00
H3.ZE43,W_in,1h,15685,0,0.00,2022-03-18 10:00:00+00:00,2023-12-31 22:00:00+00:00
H3.ZE43,W_out,1h,502,0,0.00,2022-03-18 10:00:00+00:00,2022-04-08 07:00:00+00:00
H3.ZE43,f,1h,15686,0,0.00,2022-03-18 09:00:00+00:00,2023-12-31 22:00:00+00:00
H3.ZE44,I1,1h,15686,0,0.00,2022-03-18 09:00:00+00:00,2023-12-31 22:00:00+00:00
H3.ZE44,I2,1h,15686,0,0.00,2022-03-18 09:00:00+00:00,2023-12-31 22:00:00+00:00
H3.ZE44,I3,1h,15686,0,0.00,2022-03-18 09:00:00+00:00,2023-12-31 22:00:00+00:00
H3.ZE44,P,1h,15686,0,0.00,2022-03-18 09:00:00+00:00,2023-12-31 22:00:00+00:00
H3.ZE44,P1,1h,15686,0,0.00,2022-03-18 09:00:00+00:00,2023-12-31 22:00:00+00:00
H3.ZE44,P2,1h,15686,0,0.00,2022-03-18 09:00:00+00:00,2023-12-31 22:00:00+00:00
H3.ZE44,P3,1h,15686,0,0.00,2022-03-18 09:00:00+00:00,2023-12-31 22:00:00+00:00
H3.ZE44,PF,1h,15686,0,0.00,2022-03-18 09:00:00+00:00,2023-12-31 22:00:00+00:00
H3.ZE44,PF1,1h,15686,0,0.00,2022-03-18 09:00:00+00:00,2023-12-31 22:00:00+00:00
H3.ZE44,PF2,1h,15686,0,0.00,2022-03-18 09:00:00+00:00,2023-12-31 22:00:00+00:00
H3.ZE44,PF3,1h,15686,0,0.00,2022-03-18 09:00:00+00:00,2023-12-31 22:00:00+00:00
H3.ZE44,U1,1h,15686,0,0.00,2022-03-18 09:00:00+00:00,2023-12-31 22:00:00+00:00
H3.ZE44,U2,1h,15686,0,0.00,2022-03-18 09:00:00+00:00,2023-12-31 22:00:00+00:00
H3.ZE44,U3,1h,15686,0,0.00,2022-03-18 09:00:00+00:00,2023-12-31 22:00:00+00:00
H3.ZE44,W,1h,15685,0,0.00,2022-03-18 10:00:00+00:00,2023-12-31 22:00:00+00:00
H3.ZE44,W1,1h,15685,0,0.00,2022-03-18 10:00:00+00:00,2023-12-31 22:00:00+00:00
H3.ZE44,W2,1h,15685,0,0.00,2022-03-18 10:00:00+00:00,2023-12-31 22:00:00+00:00
H3.ZE44,W3,1h,15685,0,0.00,2022-03-18 10:00:00+00:00,2023-12-31 22:00:00+00:00
H3.ZE44,W_in,1h,15685,0,0.00,2022-03-18 10:00:00+00:00,2023-12-31 22:00:00+00:00
H3.ZE44,W_out,1h,15518,0,0.00,2022-03-18 10:00:00+00:00,2023-12-24 23:00:00+00:00
H3.ZE44,f,1h,15686,0,0.00,2022-03-18 09:00:00+00:00,2023-12-31 22:00:00+00:00
H4.Z50,I1,1h,47991,0,0.00,2017-12-31 23:00:00+00:00,2023-06-23 13:00:00+00:00
H4.Z50,I2,1h,47991,0,0.00,2017-12-31 23:00:00+00:00,2023-06-23 13:00:00+00:00
H4.Z50,I3,1h,47991,0,0.00,2017-12-31 23:00:00+00:00,2023-06-23 13:00:00+00:00
H4.Z50,P,1h,47991,0,0.00,2017-12-31 23:00:00+00:00,2023-06-23 13:00:00+00:00
H4.Z50,P1,1h,47991,0,0.00,2017-12-31 23:00:00+00:00,2023-06-23 13:00:00+00:00
H4.Z50,P2,1h,47991,0,0.00,2017-12-31 23:00:00+00:00,2023-06-23 13:00:00+00:00
H4.Z50,P3,1h,47991,0,0.00,2017-12-31 23:00:00+00:00,2023-06-23 13:00:00+00:00
H4.Z50,PF,1h,47991,0,0.00,2017-12-31 23:00:00+00:00,2023-06-23 13:00:00+00:00
H4.Z50,PF1,1h,47991,0,0.00,2017-12-31 23:00:00+00:00,2023-06-23 13:00:00+00:00
H4.Z50,PF2,1h,47991,0,0.00,2017-12-31 23:00:00+00:00,2023-06-23 13:00:00+00:00
H4.Z50,PF3,1h,47991,0,0.00,2017-12-31 23:00:00+00:00,2023-06-23 13:00:00+00:00
H4.Z50,Q,1h,47991,0,0.00,2017-12-31 23:00:00+00:00,2023-06-23 13:00:00+00:00
H4.Z50,U1,1h,47991,0,0.00,2017-12-31 23:00:00+00:00,2023-06-23 13:00:00+00:00
H4.Z50,U2,1h,47991,0,0.00,2017-12-31 23:00:00+00:00,2023-06-23 13:00:00+00:00
H4.Z50,U3,1h,47991,0,0.00,2017-12-31 23:00:00+00:00,2023-06-23 13:00:00+00:00
H4.Z50,W,1h,52585,0,0.00,2018-01-01 00:00:00+00:00,2024-01-01 00:00:00+00:00
H4.Z50,WQ,1h,52585,0,0.00,2018-01-01 00:00:00+00:00,2024-01-01 00:00:00+00:00
H4.Z50,WQ_in,1h,47991,0,0.00,2017-12-31 23:00:00+00:00,2023-06-23 13:00:00+00:00
H4.Z50,WQ_out,1h,47990,0,0.00,2018-01-01 00:00:00+00:00,2023-06-23 13:00:00+00:00
H4.Z50,W_in,1h,47991,0,0.00,2017-12-31 23:00:00+00:00,2023-06-23 13:00:00+00:00
H4.Z50,W_out,1h,40471,0,0.00,2018-11-10 07:00:00+00:00,2023-06-23 13:00:00+00:00
H4.Z50,f,1h,47991,0,0.00,2017-12-31 23:00:00+00:00,2023-06-23 13:00:00+00:00
H4.Z51,I1,1h,47991,0,0.00,2017-12-31 23:00:00+00:00,2023-06-23 13:00:00+00:00
H4.Z51,I2,1h,47991,0,0.00,2017-12-31 23:00:00+00:00,2023-06-23 13:00:00+00:00
H4.Z51,I3,1h,47991,0,0.00,2017-12-31 23:00:00+00:00,2023-06-23 13:00:00+00:00
H4.Z51,P,1h,47991,0,0.00,2017-12-31 23:00:00+00:00,2023-06-23 13:00:00+00:00
H4.Z51,P1,1h,47991,0,0.00,2017-12-31 23:00:00+00:00,2023-06-23 13:00:00+00:00
H4.Z51,P2,1h,47991,0,0.00,2017-12-31 23:00:00+00:00,2023-06-23 13:00:00+00:00
H4.Z51,P3,1h,47991,0,0.00,2017-12-31 23:00:00+00:00,2023-06-23 13:00:00+00:00
H4.Z51,PF,1h,47991,0,0.00,2017-12-31 23:00:00+00:00,2023-06-23 13:00:00+00:00
H4.Z51,PF1,1h,47991,0,0.00,2017-12-31 23:00:00+00:00,2023-06-23 13:00:00+00:00
H4.Z51,PF2,1h,47991,0,0.00,2017-12-31 23:00:00+00:00,2023-06-23 13:00:00+00:00
H4.Z51,PF3,1h,47991,0,0.00,2017-12-31 23:00:00+00:00,2023-06-23 13:00:00+00:00
H4.Z51,Q,1h,47991,0,0.00,2017-12-31 23:00:00+00:00,2023-06-23 13:00:00+00:00
H4.Z51,U1,1h,47991,0,0.00,2017-12-31 23:00:00+00:00,2023-06-23 13:00:00+00:00
H4.Z51,U2,1h,47991,0,0.00,2017-12-31 23:00:00+00:00,2023-06-23 13:00:00+00:00
H4.Z51,U3,1h,47991,0,0.00,2017-12-31 23:00:00+00:00,2023-06-23 13:00:00+00:00
H4.Z51,W,1h,52585,0,0.00,2018-01-01 00:00:00+00:00,2024-01-01 00:00:00+00:00
H4.Z51,WQ,1h,52585,0,0.00,2018-01-01 00:00:00+00:00,2024-01-01 00:00:00+00:00
H4.Z51,WQ_in,1h,40471,0,0.00,2018-11-10 07:00:00+00:00,2023-06-23 13:00:00+00:00
H4.Z51,WQ_out,1h,47991,0,0.00,2017-12-31 23:00:00+00:00,2023-06-23 13:00:00+00:00
H4.Z51,W_in,1h,47991,0,0.00,2017-12-31 23:00:00+00:00,2023-06-23 13:00:00+00:00
H4.Z51,W_out,1h,40471,0,0.00,2018-11-10 07:00:00+00:00,2023-06-23 13:00:00+00:00
H4.Z51,f,1h,47991,0,0.00,2017-12-31 23:00:00+00:00,2023-06-23 13:00:00+00:00
H4.ZE50,I1,1h,15588,0,0.00,2022-03-22 11:00:00+00:00,2023-12-31 22:00:00+00:00
H4.ZE50,I2,1h,15588,0,0.00,2022-03-22 11:00:00+00:00,2023-12-31 22:00:00+00:00
H4.ZE50,I3,1h,15588,0,0.00,2022-03-22 11:00:00+00:00,2023-12-31 22:00:00+00:00
H4.ZE50,P,1h,15588,0,0.00,2022-03-22 11:00:00+00:00,2023-12-31 22:00:00+00:00
H4.ZE50,P1,1h,15588,0,0.00,2022-03-22 11:00:00+00:00,2023-12-31 22:00:00+00:00
H4.ZE50,P2,1h,15588,0,0.00,2022-03-22 11:00:00+00:00,2023-12-31 22:00:00+00:00
H4.ZE50,P3,1h,15588,0,0.00,2022-03-22 11:00:00+00:00,2023-12-31 22:00:00+00:00
H4.ZE50,PF,1h,15588,0,0.00,2022-03-22 11:00:00+00:00,2023-12-31 22:00:00+00:00
H4.ZE50,PF1,1h,15588,0,0.00,2022-03-22 11:00:00+00:00,2023-12-31 22:00:00+00:00
H4.ZE50,PF2,1h,15588,0,0.00,2022-03-22 11:00:00+00:00,2023-12-31 22:00:00+00:00
H4.ZE50,PF3,1h,15588,0,0.00,2022-03-22 11:00:00+00:00,2023-12-31 22:00:00+00:00
H4.ZE50,U1,1h,15588,0,0.00,2022-03-22 11:00:00+00:00,2023-12-31 22:00:00+00:00
H4.ZE50,U2,1h,15588,0,0.00,2022-03-22 11:00:00+00:00,2023-12-31 22:00:00+00:00
H4.ZE50,U3,1h,15588,0,0.00,2022-03-22 11:00:00+00:00,2023-12-31 22:00:00+00:00
H4.ZE50,W,1h,15587,0,0.00,2022-03-22 12:00:00+00:00,2023-12-31 22:00:00+00:00
H4.ZE50,W1,1h,15587,0,0.00,2022-03-22 12:00:00+00:00,2023-12-31 22:00:00+00:00
H4.ZE50,W2,1h,15587,0,0.00,2022-03-22 12:00:00+00:00,2023-12-31 22:00:00+00:00
H4.ZE50,W3,1h,15587,0,0.00,2022-03-22 12:00:00+00:00,2023-12-31 22:00:00+00:00
H4.ZE50,W_in,1h,15587,0,0.00,2022-03-22 12:00:00+00:00,2023-12-31 22:00:00+00:00
H4.ZE50,f,1h,15588,0,0.00,2022-03-22 11:00:00+00:00,2023-12-31 22:00:00+00:00
H4.ZE51,I1,1h,15588,0,0.00,2022-03-22 11:00:00+00:00,2023-12-31 22:00:00+00:00
H4.ZE51,I2,1h,15588,0,0.00,2022-03-22 11:00:00+00:00,2023-12-31 22:00:00+00:00
H4.ZE51,I3,1h,15588,0,0.00,2022-03-22 11:00:00+00:00,2023-12-31 22:00:00+00:00
H4.ZE51,P,1h,15588,0,0.00,2022-03-22 11:00:00+00:00,2023-12-31 22:00:00+00:00
H4.ZE51,P1,1h,15588,0,0.00,2022-03-22 11:00:00+00:00,2023-12-31 22:00:00+00:00
H4.ZE51,P2,1h,15588,0,0.00,2022-03-22 11:00:00+00:00,2023-12-31 22:00:00+00:00
H4.ZE51,P3,1h,15588,0,0.00,2022-03-22 11:00:00+00:00,2023-12-31 22:00:00+00:00
H4.ZE51,PF,1h,15588,0,0.00,2022-03-22 11:00:00+00:00,2023-12-31 22:00:00+00:00
H4.ZE51,PF1,1h,15588,0,0.00,2022-03-22 11:00:00+00:00,2023-12-31 22:00:00+00:00
H4.ZE51,PF2,1h,15588,0,0.00,2022-03-22 11:00:00+00:00,2023-12-31 22:00:00+00:00
H4.ZE51,PF3,1h,15588,0,0.00,2022-03-22 11:00:00+00:00,2023-12-31 22:00:00+00:00
H4.ZE51,U1,1h,15588,0,0.00,2022-03-22 11:00:00+00:00,2023-12-31 22:00:00+00:00
H4.ZE51,U2,1h,15588,0,0.00,2022-03-22 11:00:00+00:00,2023-12-31 22:00:00+00:00
H4.ZE51,U3,1h,15588,0,0.00,2022-03-22 11:00:00+00:00,2023-12-31 22:00:00+00:00
H4.ZE51,W,1h,15587,0,0.00,2022-03-22 12:00:00+00:00,2023-12-31 22:00:00+00:00
H4.ZE51,W1,1h,15587,0,0.00,2022-03-22 12:00:00+00:00,2023-12-31 22:00:00+00:00
H4.ZE51,W2,1h,15587,0,0.00,2022-03-22 12:00:00+00:00,2023-12-31 22:00:00+00:00
H4.ZE51,W3,1h,15587,0,0.00,2022-03-22 12:00:00+00:00,2023-12-31 22:00:00+00:00
H4.ZE51,W_in,1h,15587,0,0.00,2022-03-22 12:00:00+00:00,2023-12-31 22:00:00+00:00
H4.ZE51,W_out,1h,1,0,0.00,2022-03-22 11:37:11+00:00,2022-03-22 11:37:11+00:00
H4.ZE51,f,1h,15588,0,0.00,2022-03-22 11:00:00+00:00,2023-12-31 22:00:00+00:00
V.K21,P,1h,52584,0,0.00,2017-12-31 23:00:00+00:00,2023-12-31 22:00:00+00:00
V.K21,Tdiff,1h,52584,0,0.00,2017-12-31 23:00:00+00:00,2023-12-31 22:00:00+00:00
V.K21,Trl,1h,52539,0,0.00,2018-01-02 20:00:00+00:00,2023-12-31 22:00:00+00:00
V.K21,Tvl,1h,52550,0,0.00,2018-01-02 09:00:00+00:00,2023-12-31 22:00:00+00:00
V.K21,V,1h,52583,0,0.00,2018-01-01 00:00:00+00:00,2023-12-31 22:00:00+00:00
V.K21,W,1h,52523,0,0.00,2018-01-03 12:00:00+00:00,2023-12-31 22:00:00+00:00
V.K21,qv,1h,52584,0,0.00,2017-12-31 23:00:00+00:00,2023-12-31 22:00:00+00:00
V.Z81,I1,1h,52584,0,0.00,2017-12-31 23:00:00+00:00,2023-12-31 22:00:00+00:00
V.Z81,I2,1h,52584,0,0.00,2017-12-31 23:00:00+00:00,2023-12-31 22:00:00+00:00
V.Z81,I3,1h,52584,0,0.00,2017-12-31 23:00:00+00:00,2023-12-31 22:00:00+00:00
V.Z81,P,1h,52584,0,0.00,2017-12-31 23:00:00+00:00,2023-12-31 22:00:00+00:00
V.Z81,P1,1h,52584,0,0.00,2017-12-31 23:00:00+00:00,2023-12-31 22:00:00+00:00
V.Z81,P2,1h,52584,0,0.00,2017-12-31 23:00:00+00:00,2023-12-31 22:00:00+00:00
V.Z81,P3,1h,52584,0,0.00,2017-12-31 23:00:00+00:00,2023-12-31 22:00:00+00:00
V.Z81,PF,1h,52584,0,0.00,2017-12-31 23:00:00+00:00,2023-12-31 22:00:00+00:00
V.Z81,PF1,1h,52584,0,0.00,2017-12-31 23:00:00+00:00,2023-12-31 22:00:00+00:00
V.Z81,PF2,1h,52584,0,0.00,2017-12-31 23:00:00+00:00,2023-12-31 22:00:00+00:00
V.Z81,PF3,1h,52584,0,0.00,2017-12-31 23:00:00+00:00,2023-12-31 22:00:00+00:00
V.Z81,U1,1h,52584,0,0.00,2017-12-31 23:00:00+00:00,2023-12-31 22:00:00+00:00
V.Z81,U2,1h,52584,0,0.00,2017-12-31 23:00:00+00:00,2023-12-31 22:00:00+00:00
V.Z81,U3,1h,52584,0,0.00,2017-12-31 23:00:00+00:00,2023-12-31 22:00:00+00:00
V.Z81,W,1h,52583,0,0.00,2018-01-01 00:00:00+00:00,2023-12-31 22:00:00+00:00
V.Z81,W1,1h,52583,0,0.00,2018-01-01 00:00:00+00:00,2023-12-31 22:00:00+00:00
V.Z81,W2,1h,52583,0,0.00,2018-01-01 00:00:00+00:00,2023-12-31 22:00:00+00:00
V.Z81,W3,1h,52583,0,0.00,2018-01-01 00:00:00+00:00,2023-12-31 22:00:00+00:00
V.Z81,W_in,1h,52575,0,0.00,2018-01-01 00:00:00+00:00,2023-12-31 14:00:00+00:00
V.Z81,W_out,1h,52583,0,0.00,2018-01-01 00:00:00+00:00,2023-12-31 22:00:00+00:00
V.Z81,f,1h,52584,0,0.00,2017-12-31 23:00:00+00:00,2023-12-31 22:00:00+00:00
V.Z82,I1,1h,52584,0,0.00,2017-12-31 23:00:00+00:00,2023-12-31 22:00:00+00:00
V.Z82,I2,1h,52584,0,0.00,2017-12-31 23:00:00+00:00,2023-12-31 22:00:00+00:00
V.Z82,I3,1h,52584,0,0.00,2017-12-31 23:00:00+00:00,2023-12-31 22:00:00+00:00
V.Z82,P,1h,52584,0,0.00,2017-12-31 23:00:00+00:00,2023-12-31 22:00:00+00:00
V.Z82,P1,1h,52584,0,0.00,2017-12-31 23:00:00+00:00,2023-12-31 22:00:00+00:00
V.Z82,P2,1h,52584,0,0.00,2017-12-31 23:00:00+00:00,2023-12-31 22:00:00+00:00
V.Z82,P3,1h,52584,0,0.00,2017-12-31 23:00:00+00:00,2023-12-31 22:00:00+00:00
V.Z82,PF,1h,52584,0,0.00,2017-12-31 23:00:00+00:00,2023-12-31 22:00:00+00:00
V.Z82,PF1,1h,52584,0,0.00,2017-12-31 23:00:00+00:00,2023-12-31 22:00:00+00:00
V.Z82,PF2,1h,52584,0,0.00,2017-12-31 23:00:00+00:00,2023-12-31 22:00:00+00:00
V.Z82,PF3,1h,52584,0,0.00,2017-12-31 23:00:00+00:00,2023-12-31 22:00:00+00:00
V.Z82,U1,1h,52584,0,0.00,2017-12-31 23:00:00+00:00,2023-12-31 22:00:00+00:00
V.Z82,U2,1h,52584,0,0.00,2017-12-31 23:00:00+00:00,2023-12-31 22:00:00+00:00
V.Z82,U3,1h,52584,0,0.00,2017-12-31 23:00:00+00:00,2023-12-31 22:00:00+00:00
V.Z82,W,1h,52583,0,0.00,2018-01-01 00:00:00+00:00,2023-12-31 22:00:00+00:00
V.Z82,W1,1h,52583,0,0.00,2018-01-01 00:00:00+00:00,2023-12-31 22:00:00+00:00
V.Z82,W2,1h,52583,0,0.00,2018-01-01 00:00:00+00:00,2023-12-31 22:00:00+00:00
V.Z82,W3,1h,52583,0,0.00,2018-01-01 00:00:00+00:00,2023-12-31 22:00:00+00:00
V.Z82,W_in,1h,52180,0,0.00,2018-01-17 11:00:00+00:00,2023-12-31 14:00:00+00:00
V.Z82,W_out,1h,52583,0,0.00,2018-01-01 00:00:00+00:00,2023-12-31 22:00:00+00:00
V.Z82,f,1h,52584,0,0.00,2017-12-31 23:00:00+00:00,2023-12-31 22:00:00+00:00
V.Z84,I1,1h,39529,0,0.00,2019-06-28 22:00:00+00:00,2023-12-31 22:00:00+00:00
V.Z84,I2,1h,39529,0,0.00,2019-06-28 22:00:00+00:00,2023-12-31 22:00:00+00:00
V.Z84,I3,1h,39529,0,0.00,2019-06-28 22:00:00+00:00,2023-12-31 22:00:00+00:00
V.Z84,P,1h,39529,0,0.00,2019-06-28 22:00:00+00:00,2023-12-31 22:00:00+00:00
V.Z84,P1,1h,39529,0,0.00,2019-06-28 22:00:00+00:00,2023-12-31 22:00:00+00:00
V.Z84,P2,1h,39529,0,0.00,2019-06-28 22:00:00+00:00,2023-12-31 22:00:00+00:00
V.Z84,P3,1h,39529,0,0.00,2019-06-28 22:00:00+00:00,2023-12-31 22:00:00+00:00
V.Z84,PF1,1h,39529,0,0.00,2019-06-28 22:00:00+00:00,2023-12-31 22:00:00+00:00
V.Z84,PF2,1h,39529,0,0.00,2019-06-28 22:00:00+00:00,2023-12-31 22:00:00+00:00
V.Z84,PF3,1h,39529,0,0.00,2019-06-28 22:00:00+00:00,2023-12-31 22:00:00+00:00
V.Z84,U1,1h,39529,0,0.00,2019-06-28 22:00:00+00:00,2023-12-31 22:00:00+00:00
V.Z84,U2,1h,39529,0,0.00,2019-06-28 22:00:00+00:00,2023-12-31 22:00:00+00:00
V.Z84,U3,1h,39529,0,0.00,2019-06-28 22:00:00+00:00,2023-12-31 22:00:00+00:00
V.Z84,W,1h,39528,0,0.00,2019-06-28 23:00:00+00:00,2023-12-31 22:00:00+00:00
V.Z84,W_in,1h,39528,0,0.00,2019-06-28 23:00:00+00:00,2023-12-31 22:00:00+00:00
V.Z84,W_out,1h,39528,0,0.00,2019-06-28 23:00:00+00:00,2023-12-31 22:00:00+00:00
V.ZE84,I1,1h,9680,0,0.00,2022-11-23 15:00:00+00:00,2023-12-31 22:00:00+00:00
V.ZE84,I2,1h,9680,0,0.00,2022-11-23 15:00:00+00:00,2023-12-31 22:00:00+00:00
V.ZE84,I3,1h,9438,0,0.00,2022-11-23 15:00:00+00:00,2023-12-21 20:00:00+00:00
V.ZE84,P,1h,9680,0,0.00,2022-11-23 15:00:00+00:00,2023-12-31 22:00:00+00:00
V.ZE84,P1,1h,9680,0,0.00,2022-11-23 15:00:00+00:00,2023-12-31 22:00:00+00:00
V.ZE84,P2,1h,9680,0,0.00,2022-11-23 15:00:00+00:00,2023-12-31 22:00:00+00:00
V.ZE84,P3,1h,9680,0,0.00,2022-11-23 15:00:00+00:00,2023-12-31 22:00:00+00:00
V.ZE84,PF,1h,9680,0,0.00,2022-11-23 15:00:00+00:00,2023-12-31 22:00:00+00:00
V.ZE84,PF1,1h,9680,0,0.00,2022-11-23 15:00:00+00:00,2023-12-31 22:00:00+00:00
V.ZE84,PF2,1h,9680,0,0.00,2022-11-23 15:00:00+00:00,2023-12-31 22:00:00+00:00
V.ZE84,PF3,1h,9438,0,0.00,2022-11-23 15:00:00+00:00,2023-12-21 20:00:00+00:00
V.ZE84,U1,1h,9680,0,0.00,2022-11-23 15:00:00+00:00,2023-12-31 22:00:00+00:00
V.ZE84,U2,1h,9680,0,0.00,2022-11-23 15:00:00+00:00,2023-12-31 22:00:00+00:00
V.ZE84,U3,1h,9680,0,0.00,2022-11-23 15:00:00+00:00,2023-12-31 22:00:00+00:00
V.ZE84,W,1h,9678,0,0.00,2022-11-23 16:00:00+00:00,2023-12-31 21:00:00+00:00
V.ZE84,W1,1h,9678,0,0.00,2022-11-23 16:00:00+00:00,2023-12-31 21:00:00+00:00
V.ZE84,W2,1h,9676,0,0.00,2022-11-23 16:00:00+00:00,2023-12-31 19:00:00+00:00
V.ZE84,W3,1h,9437,0,0.00,2022-11-23 16:00:00+00:00,2023-12-21 20:00:00+00:00
V.ZE84,W_in,1h,9672,0,0.00,2022-11-23 16:00:00+00:00,2023-12-31 15:00:00+00:00
V.ZE84,W_out,1h,9679,0,0.00,2022-11-23 16:00:00+00:00,2023-12-31 22:00:00+00:00
V.ZE84,f,1h,9680,0,0.00,2022-11-23 15:00:00+00:00,2023-12-31 22:00:00+00:00
WeatherStation.Weather,Ah,1h,52608,1234,2.35,2017-12-30 23:00:00+00:00,2023-12-31 22:00:00+00:00
WeatherStation.Weather,Dc,1h,52608,1234,2.35,2017-12-30 23:00:00+00:00,2023-12-31 22:00:00+00:00
WeatherStation.Weather,Dp,1h,52608,1234,2.35,2017-12-30 23:00:00+00:00,2023-12-31 22:00:00+00:00
WeatherStation.Weather,H,1h,52608,1234,2.35,2017-12-30 23:00:00+00:00,2023-12-31 22:00:00+00:00
WeatherStation.Weather,Igc,1h,52608,1234,2.35,2017-12-30 23:00:00+00:00,2023-12-31 22:00:00+00:00
WeatherStation.Weather,Igm,1h,52608,1234,2.35,2017-12-30 23:00:00+00:00,2023-12-31 22:00:00+00:00
WeatherStation.Weather,Sc,1h,52608,1234,2.35,2017-12-30 23:00:00+00:00,2023-12-31 22:00:00+00:00
WeatherStation.Weather,Ta,1h,52608,1234,2.35,2017-12-30 23:00:00+00:00,2023-12-31 22:00:00+00:00
WeatherStation.Weather,Ua,1h,52608,1234,2.35,2017-12-30 23:00:00+00:00,2023-12-31 22:00:00+00:00
WeatherStation.Weather,rho,1h,52608,1234,2.35,2017-12-30 23:00:00+00:00,2023-12-31 22:00:00+00:00
