meter_urn,measurement,year,total_rows,null_rows,null_pct
H1.K11,P,2018,8703,0,0.00
H1.K11,P,2019,8760,0,0.00
H1.K11,P,2020,8784,0,0.00
H1.K11,P,2021,8760,0,0.00
H1.K11,P,2022,8760,0,0.00
H1.K11,P,2023,8759,0,0.00
H1.K11,Tdiff,2017,1,0,0.00
H1.K11,Tdiff,2018,8760,0,0.00
H1.K11,Tdiff,2019,8760,0,0.00
H1.K11,Tdiff,2020,8784,0,0.00
H1.K11,Tdiff,2021,8760,0,0.00
H1.K11,Tdiff,2022,8760,0,0.00
H1.K11,Tdiff,2023,8759,0,0.00
H1.K11,Trl,2018,8721,0,0.00
H1.K11,Trl,2019,8760,0,0.00
H1.K11,Trl,2020,8784,0,0.00
H1.K11,Trl,2021,8760,0,0.00
H1.K11,Trl,2022,8760,0,0.00
H1.K11,Trl,2023,8759,0,0.00
H1.K11,Tvl,2018,8715,0,0.00
H1.K11,Tvl,2019,8760,0,0.00
H1.K11,Tvl,2020,8784,0,0.00
H1.K11,Tvl,2021,8760,0,0.00
H1.K11,Tvl,2022,8760,0,0.00
H1.K11,Tvl,2023,8759,0,0.00
H1.K11,V,2018,8702,0,0.00
H1.K11,V,2019,8760,0,0.00
H1.K11,V,2020,8784,0,0.00
H1.K11,V,2021,8760,0,0.00
H1.K11,V,2022,8760,0,0.00
H1.K11,V,2023,8759,0,0.00
H1.K11,W,2018,8676,0,0.00
H1.K11,W,2019,8760,0,0.00
H1.K11,W,2020,8784,0,0.00
H1.K11,W,2021,8760,0,0.00
H1.K11,W,2022,8760,0,0.00
H1.K11,W,2023,8759,0,0.00
H1.K11,qv,2018,8703,0,0.00
H1.K11,qv,2019,8760,0,0.00
H1.K11,qv,2020,8784,0,0.00
H1.K11,qv,2021,8760,0,0.00
H1.K11,qv,2022,8760,0,0.00
H1.K11,qv,2023,8759,0,0.00
H1.K12,P,2018,8703,0,0.00
H1.K12,P,2019,8760,0,0.00
H1.K12,P,2020,8784,0,0.00
H1.K12,P,2021,8760,0,0.00
H1.K12,P,2022,8760,0,0.00
H1.K12,P,2023,8759,0,0.00
H1.K12,Tdiff,2017,1,0,0.00
H1.K12,Tdiff,2018,8760,0,0.00
H1.K12,Tdiff,2019,8760,0,0.00
H1.K12,Tdiff,2020,8784,0,0.00
H1.K12,Tdiff,2021,8760,0,0.00
H1.K12,Tdiff,2022,8760,0,0.00
H1.K12,Tdiff,2023,8759,0,0.00
H1.K12,Trl,2018,8703,0,0.00
H1.K12,Trl,2019,8760,0,0.00
H1.K12,Trl,2020,8784,0,0.00
H1.K12,Trl,2021,8760,0,0.00
H1.K12,Trl,2022,8760,0,0.00
H1.K12,Trl,2023,8759,0,0.00
H1.K12,Tvl,2018,8706,0,0.00
H1.K12,Tvl,2019,8760,0,0.00
H1.K12,Tvl,2020,8784,0,0.00
H1.K12,Tvl,2021,8760,0,0.00
H1.K12,Tvl,2022,8760,0,0.00
H1.K12,Tvl,2023,8759,0,0.00
H1.K12,V,2018,8702,0,0.00
H1.K12,V,2019,8760,0,0.00
H1.K12,V,2020,8784,0,0.00
H1.K12,V,2021,8760,0,0.00
H1.K12,V,2022,8760,0,0.00
H1.K12,V,2023,8759,0,0.00
H1.K12,W,2018,8690,0,0.00
H1.K12,W,2019,8760,0,0.00
H1.K12,W,2020,8784,0,0.00
H1.K12,W,2021,8760,0,0.00
H1.K12,W,2022,8760,0,0.00
H1.K12,W,2023,8759,0,0.00
H1.K12,qv,2018,8703,0,0.00
H1.K12,qv,2019,8760,0,0.00
H1.K12,qv,2020,8784,0,0.00
H1.K12,qv,2021,8760,0,0.00
H1.K12,qv,2022,8760,0,0.00
H1.K12,qv,2023,8759,0,0.00
H1.K14,P,2018,8702,0,0.00
H1.K14,P,2019,8760,0,0.00
H1.K14,P,2020,8784,0,0.00
H1.K14,P,2021,8760,0,0.00
H1.K14,P,2022,8760,0,0.00
H1.K14,P,2023,8759,0,0.00
H1.K14,Tdiff,2017,1,0,0.00
H1.K14,Tdiff,2018,8760,0,0.00
H1.K14,Tdiff,2019,8760,0,0.00
H1.K14,Tdiff,2020,8784,0,0.00
H1.K14,Tdiff,2021,8760,0,0.00
H1.K14,Tdiff,2022,8760,0,0.00
H1.K14,Tdiff,2023,8759,0,0.00
H1.K14,Trl,2018,8755,0,0.00
H1.K14,Trl,2019,8760,0,0.00
H1.K14,Trl,2020,8784,0,0.00
H1.K14,Trl,2021,8760,0,0.00
H1.K14,Trl,2022,8760,0,0.00
H1.K14,Trl,2023,8759,0,0.00
H1.K14,Tvl,2018,8703,0,0.00
H1.K14,Tvl,2019,8760,0,0.00
H1.K14,Tvl,2020,8784,0,0.00
H1.K14,Tvl,2021,8760,0,0.00
H1.K14,Tvl,2022,8760,0,0.00
H1.K14,Tvl,2023,8759,0,0.00
H1.K14,V,2018,8702,0,0.00
H1.K14,V,2019,8760,0,0.00
H1.K14,V,2020,8784,0,0.00
H1.K14,V,2021,8760,0,0.00
H1.K14,V,2022,8760,0,0.00
H1.K14,V,2023,8759,0,0.00
H1.K14,W,2018,8699,0,0.00
H1.K14,W,2019,8760,0,0.00
H1.K14,W,2020,8784,0,0.00
H1.K14,W,2021,8760,0,0.00
H1.K14,W,2022,8760,0,0.00
H1.K14,W,2023,8759,0,0.00
H1.K14,qv,2018,8703,0,0.00
H1.K14,qv,2019,8760,0,0.00
H1.K14,qv,2020,8784,0,0.00
H1.K14,qv,2021,8760,0,0.00
H1.K14,qv,2022,8760,0,0.00
H1.K14,qv,2023,8759,0,0.00
H1.K15,P,2018,8703,0,0.00
H1.K15,P,2019,8760,0,0.00
H1.K15,P,2020,8784,0,0.00
H1.K15,P,2021,8760,0,0.00
H1.K15,P,2022,8760,0,0.00
H1.K15,P,2023,8759,0,0.00
H1.K15,Tdiff,2017,1,0,0.00
H1.K15,Tdiff,2018,8760,0,0.00
H1.K15,Tdiff,2019,8760,0,0.00
H1.K15,Tdiff,2020,8784,0,0.00
H1.K15,Tdiff,2021,8760,0,0.00
H1.K15,Tdiff,2022,8760,0,0.00
H1.K15,Tdiff,2023,8759,0,0.00
H1.K15,Trl,2017,1,0,0.00
H1.K15,Trl,2018,8760,0,0.00
H1.K15,Trl,2019,8760,0,0.00
H1.K15,Trl,2020,8784,0,0.00
H1.K15,Trl,2021,8760,0,0.00
H1.K15,Trl,2022,8760,0,0.00
H1.K15,Trl,2023,8759,0,0.00
H1.K15,Tvl,2018,8759,0,0.00
H1.K15,Tvl,2019,8760,0,0.00
H1.K15,Tvl,2020,8784,0,0.00
H1.K15,Tvl,2021,8760,0,0.00
H1.K15,Tvl,2022,8760,0,0.00
H1.K15,Tvl,2023,8759,0,0.00
H1.K15,V,2018,8702,0,0.00
H1.K15,V,2019,8760,0,0.00
H1.K15,V,2020,8784,0,0.00
H1.K15,V,2021,8760,0,0.00
H1.K15,V,2022,8760,0,0.00
H1.K15,V,2023,8759,0,0.00
H1.K15,W,2018,8701,0,0.00
H1.K15,W,2019,8760,0,0.00
H1.K15,W,2020,8784,0,0.00
H1.K15,W,2021,8760,0,0.00
H1.K15,W,2022,8760,0,0.00
H1.K15,W,2023,8759,0,0.00
H1.K15,qv,2018,8703,0,0.00
H1.K15,qv,2019,8760,0,0.00
H1.K15,qv,2020,8784,0,0.00
H1.K15,qv,2021,8760,0,0.00
H1.K15,qv,2022,8760,0,0.00
H1.K15,qv,2023,8759,0,0.00
H1.K16,P,2018,854,0,0.00
H1.K16,P,2019,8760,0,0.00
H1.K16,P,2020,8784,0,0.00
H1.K16,P,2021,8760,0,0.00
H1.K16,P,2022,8760,0,0.00
H1.K16,P,2023,8759,0,0.00
H1.K16,Tdiff,2018,854,0,0.00
H1.K16,Tdiff,2019,8760,0,0.00
H1.K16,Tdiff,2020,8784,0,0.00
H1.K16,Tdiff,2021,8760,0,0.00
H1.K16,Tdiff,2022,8760,0,0.00
H1.K16,Tdiff,2023,8759,0,0.00
H1.K16,Trl,2018,854,0,0.00
H1.K16,Trl,2019,8760,0,0.00
H1.K16,Trl,2020,8784,0,0.00
H1.K16,Trl,2021,8760,0,0.00
H1.K16,Trl,2022,8760,0,0.00
H1.K16,Trl,2023,8759,0,0.00
H1.K16,Tvl,2018,854,0,0.00
H1.K16,Tvl,2019,8760,0,0.00
H1.K16,Tvl,2020,8784,0,0.00
H1.K16,Tvl,2021,8760,0,0.00
H1.K16,Tvl,2022,8760,0,0.00
H1.K16,Tvl,2023,8759,0,0.00
H1.K16,V,2018,853,0,0.00
H1.K16,V,2019,8760,0,0.00
H1.K16,V,2020,8784,0,0.00
H1.K16,V,2021,8760,0,0.00
H1.K16,V,2022,8760,0,0.00
H1.K16,V,2023,8759,0,0.00
H1.K16,W,2018,853,0,0.00
H1.K16,W,2019,8760,0,0.00
H1.K16,W,2020,8784,0,0.00
H1.K16,W,2021,8760,0,0.00
H1.K16,W,2022,8760,0,0.00
H1.K16,W,2023,8759,0,0.00
H1.K16,qv,2018,854,0,0.00
H1.K16,qv,2019,8760,0,0.00
H1.K16,qv,2020,8784,0,0.00
H1.K16,qv,2021,8760,0,0.00
H1.K16,qv,2022,8760,0,0.00
H1.K16,qv,2023,8759,0,0.00
H1.W11,P,2017,1,0,0.00
H1.W11,P,2018,8760,0,0.00
H1.W11,P,2019,8760,0,0.00
H1.W11,P,2020,8784,0,0.00
H1.W11,P,2021,8760,0,0.00
H1.W11,P,2022,8760,0,0.00
H1.W11,P,2023,8759,0,0.00
H1.W11,Tdiff,2017,1,0,0.00
H1.W11,Tdiff,2018,8760,0,0.00
H1.W11,Tdiff,2019,8760,0,0.00
H1.W11,Tdiff,2020,8784,0,0.00
H1.W11,Tdiff,2021,8760,0,0.00
H1.W11,Tdiff,2022,8760,0,0.00
H1.W11,Tdiff,2023,8759,0,0.00
H1.W11,Trl,2017,1,0,0.00
H1.W11,Trl,2018,8760,0,0.00
H1.W11,Trl,2019,8760,0,0.00
H1.W11,Trl,2020,8784,0,0.00
H1.W11,Trl,2021,8760,0,0.00
H1.W11,Trl,2022,8760,0,0.00
H1.W11,Trl,2023,8759,0,0.00
H1.W11,Tvl,2017,1,0,0.00
H1.W11,Tvl,2018,8760,0,0.00
H1.W11,Tvl,2019,8760,0,0.00
H1.W11,Tvl,2020,8784,0,0.00
H1.W11,Tvl,2021,8760,0,0.00
H1.W11,Tvl,2022,8760,0,0.00
H1.W11,Tvl,2023,8759,0,0.00
H1.W11,V,2017,1,0,0.00
H1.W11,V,2018,8760,0,0.00
H1.W11,V,2019,8760,0,0.00
H1.W11,V,2020,8784,0,0.00
H1.W11,V,2021,8760,0,0.00
H1.W11,V,2022,8760,0,0.00
H1.W11,V,2023,8759,0,0.00
H1.W11,W,2018,8760,0,0.00
H1.W11,W,2019,8760,0,0.00
H1.W11,W,2020,8784,0,0.00
H1.W11,W,2021,8760,0,0.00
H1.W11,W,2022,8760,0,0.00
H1.W11,W,2023,8759,0,0.00
H1.W11,qv,2017,1,0,0.00
H1.W11,qv,2018,8760,0,0.00
H1.W11,qv,2019,8760,0,0.00
H1.W11,qv,2020,8784,0,0.00
H1.W11,qv,2021,8760,0,0.00
H1.W11,qv,2022,8760,0,0.00
H1.W11,qv,2023,8759,0,0.00
H1.W12,P,2017,1,0,0.00
H1.W12,P,2018,8760,0,0.00
H1.W12,P,2019,8760,0,0.00
H1.W12,P,2020,8784,0,0.00
H1.W12,P,2021,8760,0,0.00
H1.W12,P,2022,8760,0,0.00
H1.W12,P,2023,8759,0,0.00
H1.W12,Tdiff,2017,1,0,0.00
H1.W12,Tdiff,2018,8760,0,0.00
H1.W12,Tdiff,2019,8760,0,0.00
H1.W12,Tdiff,2020,8784,0,0.00
H1.W12,Tdiff,2021,8760,0,0.00
H1.W12,Tdiff,2022,8760,0,0.00
H1.W12,Tdiff,2023,8759,0,0.00
H1.W12,Trl,2017,1,0,0.00
H1.W12,Trl,2018,8760,0,0.00
H1.W12,Trl,2019,8760,0,0.00
H1.W12,Trl,2020,8784,0,0.00
H1.W12,Trl,2021,8760,0,0.00
H1.W12,Trl,2022,8760,0,0.00
H1.W12,Trl,2023,8759,0,0.00
H1.W12,Tvl,2017,1,0,0.00
H1.W12,Tvl,2018,8760,0,0.00
H1.W12,Tvl,2019,8760,0,0.00
H1.W12,Tvl,2020,8784,0,0.00
H1.W12,Tvl,2021,8760,0,0.00
H1.W12,Tvl,2022,8760,0,0.00
H1.W12,Tvl,2023,8759,0,0.00
H1.W12,V,2017,1,0,0.00
H1.W12,V,2018,8760,0,0.00
H1.W12,V,2019,8760,0,0.00
H1.W12,V,2020,8784,0,0.00
H1.W12,V,2021,8760,0,0.00
H1.W12,V,2022,8760,0,0.00
H1.W12,V,2023,8759,0,0.00
H1.W12,W,2018,8760,0,0.00
H1.W12,W,2019,8760,0,0.00
H1.W12,W,2020,8784,0,0.00
H1.W12,W,2021,8760,0,0.00
H1.W12,W,2022,8760,0,0.00
H1.W12,W,2023,8759,0,0.00
H1.W12,qv,2017,1,0,0.00
H1.W12,qv,2018,8760,0,0.00
H1.W12,qv,2019,8760,0,0.00
H1.W12,qv,2020,8784,0,0.00
H1.W12,qv,2021,8760,0,0.00
H1.W12,qv,2022,8760,0,0.00
H1.W12,qv,2023,8759,0,0.00
H1.Z10,I1,2017,1,0,0.00
H1.Z10,I1,2018,8760,0,0.00
H1.Z10,I1,2019,8760,0,0.00
H1.Z10,I1,2020,8784,0,0.00
H1.Z10,I1,2021,8760,0,0.00
H1.Z10,I1,2022,8760,0,0.00
H1.Z10,I1,2023,8759,0,0.00
H1.Z10,I2,2017,1,0,0.00
H1.Z10,I2,2018,8760,0,0.00
H1.Z10,I2,2019,8760,0,0.00
H1.Z10,I2,2020,8784,0,0.00
H1.Z10,I2,2021,8760,0,0.00
H1.Z10,I2,2022,8760,0,0.00
H1.Z10,I2,2023,8759,0,0.00
H1.Z10,I3,2017,1,0,0.00
H1.Z10,I3,2018,8760,0,0.00
H1.Z10,I3,2019,8760,0,0.00
H1.Z10,I3,2020,8784,0,0.00
H1.Z10,I3,2021,8760,0,0.00
H1.Z10,I3,2022,8760,0,0.00
H1.Z10,I3,2023,8759,0,0.00
H1.Z10,P,2017,1,0,0.00
H1.Z10,P,2018,8760,0,0.00
H1.Z10,P,2019,8760,0,0.00
H1.Z10,P,2020,8784,0,0.00
H1.Z10,P,2021,8760,0,0.00
H1.Z10,P,2022,8760,0,0.00
H1.Z10,P,2023,8759,0,0.00
H1.Z10,P1,2017,1,0,0.00
H1.Z10,P1,2018,8760,0,0.00
H1.Z10,P1,2019,8760,0,0.00
H1.Z10,P1,2020,8784,0,0.00
H1.Z10,P1,2021,8760,0,0.00
H1.Z10,P1,2022,8760,0,0.00
H1.Z10,P1,2023,8759,0,0.00
H1.Z10,P2,2017,1,0,0.00
H1.Z10,P2,2018,8760,0,0.00
H1.Z10,P2,2019,8760,0,0.00
H1.Z10,P2,2020,8784,0,0.00
H1.Z10,P2,2021,8760,0,0.00
H1.Z10,P2,2022,8760,0,0.00
H1.Z10,P2,2023,8759,0,0.00
H1.Z10,P3,2017,1,0,0.00
H1.Z10,P3,2018,8760,0,0.00
H1.Z10,P3,2019,8760,0,0.00
H1.Z10,P3,2020,8784,0,0.00
H1.Z10,P3,2021,8760,0,0.00
H1.Z10,P3,2022,8760,0,0.00
H1.Z10,P3,2023,8759,0,0.00
H1.Z10,PF,2017,1,0,0.00
H1.Z10,PF,2018,8760,0,0.00
H1.Z10,PF,2019,8760,0,0.00
H1.Z10,PF,2020,8784,0,0.00
H1.Z10,PF,2021,8760,0,0.00
H1.Z10,PF,2022,8760,0,0.00
H1.Z10,PF,2023,8759,0,0.00
H1.Z10,PF1,2017,1,0,0.00
H1.Z10,PF1,2018,8760,0,0.00
H1.Z10,PF1,2019,8760,0,0.00
H1.Z10,PF1,2020,8784,0,0.00
H1.Z10,PF1,2021,8760,0,0.00
H1.Z10,PF1,2022,8760,0,0.00
H1.Z10,PF1,2023,8759,0,0.00
H1.Z10,PF2,2017,1,0,0.00
H1.Z10,PF2,2018,8760,0,0.00
H1.Z10,PF2,2019,8760,0,0.00
H1.Z10,PF2,2020,8784,0,0.00
H1.Z10,PF2,2021,8760,0,0.00
H1.Z10,PF2,2022,8760,0,0.00
H1.Z10,PF2,2023,8759,0,0.00
H1.Z10,PF3,2017,1,0,0.00
H1.Z10,PF3,2018,8760,0,0.00
H1.Z10,PF3,2019,8760,0,0.00
H1.Z10,PF3,2020,8784,0,0.00
H1.Z10,PF3,2021,8760,0,0.00
H1.Z10,PF3,2022,8760,0,0.00
H1.Z10,PF3,2023,8759,0,0.00
H1.Z10,Q,2017,1,0,0.00
H1.Z10,Q,2018,8760,0,0.00
H1.Z10,Q,2019,8760,0,0.00
H1.Z10,Q,2020,8784,0,0.00
H1.Z10,Q,2021,8760,0,0.00
H1.Z10,Q,2022,8760,0,0.00
H1.Z10,Q,2023,8759,0,0.00
H1.Z10,U1,2017,1,0,0.00
H1.Z10,U1,2018,8760,0,0.00
H1.Z10,U1,2019,8760,0,0.00
H1.Z10,U1,2020,8784,0,0.00
H1.Z10,U1,2021,8760,0,0.00
H1.Z10,U1,2022,8760,0,0.00
H1.Z10,U1,2023,8759,0,0.00
H1.Z10,U2,2017,1,0,0.00
H1.Z10,U2,2018,8760,0,0.00
H1.Z10,U2,2019,8760,0,0.00
H1.Z10,U2,2020,8784,0,0.00
H1.Z10,U2,2021,8760,0,0.00
H1.Z10,U2,2022,8760,0,0.00
H1.Z10,U2,2023,8759,0,0.00
H1.Z10,U3,2017,1,0,0.00
H1.Z10,U3,2018,8760,0,0.00
H1.Z10,U3,2019,8760,0,0.00
H1.Z10,U3,2020,8784,0,0.00
H1.Z10,U3,2021,8760,0,0.00
H1.Z10,U3,2022,8760,0,0.00
H1.Z10,U3,2023,8759,0,0.00
H1.Z10,W,2018,8760,0,0.00
H1.Z10,W,2019,8760,0,0.00
H1.Z10,W,2020,8784,0,0.00
H1.Z10,W,2021,8760,0,0.00
H1.Z10,W,2022,8760,0,0.00
H1.Z10,W,2023,8760,0,0.00
H1.Z10,W,2024,1,0,0.00
H1.Z10,WQ,2018,8760,0,0.00
H1.Z10,WQ,2019,8760,0,0.00
H1.Z10,WQ,2020,8784,0,0.00
H1.Z10,WQ,2021,8760,0,0.00
H1.Z10,WQ,2022,8760,0,0.00
H1.Z10,WQ,2023,8760,0,0.00
H1.Z10,WQ,2024,1,0,0.00
H1.Z10,WQ_in,2018,8557,0,0.00
H1.Z10,WQ_in,2019,8760,0,0.00
H1.Z10,WQ_in,2020,8784,0,0.00
H1.Z10,WQ_in,2021,8760,0,0.00
H1.Z10,WQ_in,2022,8760,0,0.00
H1.Z10,WQ_in,2023,8759,0,0.00
H1.Z10,WQ_out,2018,8760,0,0.00
H1.Z10,WQ_out,2019,8760,0,0.00
H1.Z10,WQ_out,2020,8784,0,0.00
H1.Z10,WQ_out,2021,8760,0,0.00
H1.Z10,WQ_out,2022,8760,0,0.00
H1.Z10,WQ_out,2023,8759,0,0.00
H1.Z10,W_in,2017,1,0,0.00
H1.Z10,W_in,2018,8760,0,0.00
H1.Z10,W_in,2019,8760,0,0.00
H1.Z10,W_in,2020,8784,0,0.00
H1.Z10,W_in,2021,8760,0,0.00
H1.Z10,W_in,2022,8760,0,0.00
H1.Z10,W_in,2023,8759,0,0.00
H1.Z10,W_out,2018,8239,0,0.00
H1.Z10,W_out,2019,8760,0,0.00
H1.Z10,W_out,2020,8784,0,0.00
H1.Z10,W_out,2021,8760,0,0.00
H1.Z10,W_out,2022,8760,0,0.00
H1.Z10,W_out,2023,8759,0,0.00
H1.Z10,f,2017,1,0,0.00
H1.Z10,f,2018,8760,0,0.00
H1.Z10,f,2019,8760,0,0.00
H1.Z10,f,2020,8784,0,0.00
H1.Z10,f,2021,8760,0,0.00
H1.Z10,f,2022,8760,0,0.00
H1.Z10,f,2023,8759,0,0.00
H1.Z11,I1,2017,1,0,0.00
H1.Z11,I1,2018,8760,0,0.00
H1.Z11,I1,2019,8760,0,0.00
H1.Z11,I1,2020,8784,0,0.00
H1.Z11,I1,2021,8760,0,0.00
H1.Z11,I1,2022,8760,0,0.00
H1.Z11,I1,2023,8759,0,0.00
H1.Z11,I2,2017,1,0,0.00
H1.Z11,I2,2018,8760,0,0.00
H1.Z11,I2,2019,8760,0,0.00
H1.Z11,I2,2020,8784,0,0.00
H1.Z11,I2,2021,8760,0,0.00
H1.Z11,I2,2022,8760,0,0.00
H1.Z11,I2,2023,8759,0,0.00
H1.Z11,I3,2018,8700,0,0.00
H1.Z11,I3,2019,8760,0,0.00
H1.Z11,I3,2020,8784,0,0.00
H1.Z11,I3,2021,8760,0,0.00
H1.Z11,I3,2022,8760,0,0.00
H1.Z11,I3,2023,8759,0,0.00
H1.Z11,P,2017,1,0,0.00
H1.Z11,P,2018,8760,0,0.00
H1.Z11,P,2019,8760,0,0.00
H1.Z11,P,2020,8784,0,0.00
H1.Z11,P,2021,8760,0,0.00
H1.Z11,P,2022,8760,0,0.00
H1.Z11,P,2023,8759,0,0.00
H1.Z11,P1,2017,1,0,0.00
H1.Z11,P1,2018,8760,0,0.00
H1.Z11,P1,2019,8760,0,0.00
H1.Z11,P1,2020,8784,0,0.00
H1.Z11,P1,2021,8760,0,0.00
H1.Z11,P1,2022,8760,0,0.00
H1.Z11,P1,2023,8759,0,0.00
H1.Z11,P2,2017,1,0,0.00
H1.Z11,P2,2018,8760,0,0.00
H1.Z11,P2,2019,8760,0,0.00
H1.Z11,P2,2020,8784,0,0.00
H1.Z11,P2,2021,8760,0,0.00
H1.Z11,P2,2022,8760,0,0.00
H1.Z11,P2,2023,8759,0,0.00
H1.Z11,P3,2018,8700,0,0.00
H1.Z11,P3,2019,8760,0,0.00
H1.Z11,P3,2020,8784,0,0.00
H1.Z11,P3,2021,8760,0,0.00
H1.Z11,P3,2022,8760,0,0.00
H1.Z11,P3,2023,8759,0,0.00
H1.Z11,PF,2017,1,0,0.00
H1.Z11,PF,2018,8760,0,0.00
H1.Z11,PF,2019,8760,0,0.00
H1.Z11,PF,2020,8784,0,0.00
H1.Z11,PF,2021,8760,0,0.00
H1.Z11,PF,2022,8760,0,0.00
H1.Z11,PF,2023,8759,0,0.00
H1.Z11,PF1,2017,1,0,0.00
H1.Z11,PF1,2018,8760,0,0.00
H1.Z11,PF1,2019,8760,0,0.00
H1.Z11,PF1,2020,8784,0,0.00
H1.Z11,PF1,2021,8760,0,0.00
H1.Z11,PF1,2022,8760,0,0.00
H1.Z11,PF1,2023,8759,0,0.00
H1.Z11,PF2,2017,1,0,0.00
H1.Z11,PF2,2018,8760,0,0.00
H1.Z11,PF2,2019,8760,0,0.00
H1.Z11,PF2,2020,8784,0,0.00
H1.Z11,PF2,2021,8760,0,0.00
H1.Z11,PF2,2022,8760,0,0.00
H1.Z11,PF2,2023,8759,0,0.00
H1.Z11,PF3,2018,8700,0,0.00
H1.Z11,PF3,2019,8760,0,0.00
H1.Z11,PF3,2020,8784,0,0.00
H1.Z11,PF3,2021,8760,0,0.00
H1.Z11,PF3,2022,8760,0,0.00
H1.Z11,PF3,2023,8759,0,0.00
H1.Z11,Q,2017,1,0,0.00
H1.Z11,Q,2018,8760,0,0.00
H1.Z11,Q,2019,8760,0,0.00
H1.Z11,Q,2020,8784,0,0.00
H1.Z11,Q,2021,8760,0,0.00
H1.Z11,Q,2022,8760,0,0.00
H1.Z11,Q,2023,8759,0,0.00
H1.Z11,U1,2017,1,0,0.00
H1.Z11,U1,2018,8760,0,0.00
H1.Z11,U1,2019,8760,0,0.00
H1.Z11,U1,2020,8784,0,0.00
H1.Z11,U1,2021,8760,0,0.00
H1.Z11,U1,2022,8760,0,0.00
H1.Z11,U1,2023,8759,0,0.00
H1.Z11,U2,2017,1,0,0.00
H1.Z11,U2,2018,8760,0,0.00
H1.Z11,U2,2019,8760,0,0.00
H1.Z11,U2,2020,8784,0,0.00
H1.Z11,U2,2021,8760,0,0.00
H1.Z11,U2,2022,8760,0,0.00
H1.Z11,U2,2023,8759,0,0.00
H1.Z11,U3,2017,1,0,0.00
H1.Z11,U3,2018,8760,0,0.00
H1.Z11,U3,2019,8760,0,0.00
H1.Z11,U3,2020,8784,0,0.00
H1.Z11,U3,2021,8760,0,0.00
H1.Z11,U3,2022,8760,0,0.00
H1.Z11,U3,2023,8759,0,0.00
H1.Z11,W,2018,8760,0,0.00
H1.Z11,W,2019,8760,0,0.00
H1.Z11,W,2020,8784,0,0.00
H1.Z11,W,2021,8760,0,0.00
H1.Z11,W,2022,8760,0,0.00
H1.Z11,W,2023,8760,0,0.00
H1.Z11,W,2024,1,0,0.00
H1.Z11,WQ,2018,8760,0,0.00
H1.Z11,WQ,2019,8760,0,0.00
H1.Z11,WQ,2020,8784,0,0.00
H1.Z11,WQ,2021,8760,0,0.00
H1.Z11,WQ,2022,8760,0,0.00
H1.Z11,WQ,2023,8760,0,0.00
H1.Z11,WQ,2024,1,0,0.00
H1.Z11,WQ_in,2018,8760,0,0.00
H1.Z11,WQ_in,2019,8760,0,0.00
H1.Z11,WQ_in,2020,8784,0,0.00
H1.Z11,WQ_in,2021,8760,0,0.00
H1.Z11,WQ_in,2022,8760,0,0.00
H1.Z11,WQ_in,2023,8759,0,0.00
H1.Z11,WQ_out,2018,8239,0,0.00
H1.Z11,WQ_out,2019,8760,0,0.00
H1.Z11,WQ_out,2020,8784,0,0.00
H1.Z11,WQ_out,2021,8760,0,0.00
H1.Z11,WQ_out,2022,8760,0,0.00
H1.Z11,WQ_out,2023,8759,0,0.00
H1.Z11,W_in,2018,8760,0,0.00
H1.Z11,W_in,2019,8760,0,0.00
H1.Z11,W_in,2020,8784,0,0.00
H1.Z11,W_in,2021,8760,0,0.00
H1.Z11,W_in,2022,8760,0,0.00
H1.Z11,W_in,2023,8759,0,0.00
H1.Z11,W_out,2018,8239,0,0.00
H1.Z11,W_out,2019,8760,0,0.00
H1.Z11,W_out,2020,8784,0,0.00
H1.Z11,W_out,2021,8760,0,0.00
H1.Z11,W_out,2022,8760,0,0.00
H1.Z11,W_out,2023,8759,0,0.00
H1.Z11,f,2017,1,0,0.00
H1.Z11,f,2018,8760,0,0.00
H1.Z11,f,2019,8760,0,0.00
H1.Z11,f,2020,8784,0,0.00
H1.Z11,f,2021,8760,0,0.00
H1.Z11,f,2022,8760,0,0.00
H1.Z11,f,2023,8759,0,0.00
H1.Z12,I1,2017,1,0,0.00
H1.Z12,I1,2018,8760,0,0.00
H1.Z12,I1,2019,8760,0,0.00
H1.Z12,I1,2020,8784,0,0.00
H1.Z12,I1,2021,8760,0,0.00
H1.Z12,I1,2022,8760,0,0.00
H1.Z12,I1,2023,8759,0,0.00
H1.Z12,I2,2017,1,0,0.00
H1.Z12,I2,2018,8760,0,0.00
H1.Z12,I2,2019,8760,0,0.00
H1.Z12,I2,2020,8784,0,0.00
H1.Z12,I2,2021,8760,0,0.00
H1.Z12,I2,2022,8760,0,0.00
H1.Z12,I2,2023,8759,0,0.00
H1.Z12,I3,2017,1,0,0.00
H1.Z12,I3,2018,8760,0,0.00
H1.Z12,I3,2019,8760,0,0.00
H1.Z12,I3,2020,8784,0,0.00
H1.Z12,I3,2021,8760,0,0.00
H1.Z12,I3,2022,8760,0,0.00
H1.Z12,I3,2023,8759,0,0.00
H1.Z12,P,2017,1,0,0.00
H1.Z12,P,2018,8760,0,0.00
H1.Z12,P,2019,8760,0,0.00
H1.Z12,P,2020,8784,0,0.00
H1.Z12,P,2021,8760,0,0.00
H1.Z12,P,2022,8760,0,0.00
H1.Z12,P,2023,8759,0,0.00
H1.Z12,P1,2017,1,0,0.00
H1.Z12,P1,2018,8760,0,0.00
H1.Z12,P1,2019,8760,0,0.00
H1.Z12,P1,2020,8784,0,0.00
H1.Z12,P1,2021,8760,0,0.00
H1.Z12,P1,2022,8760,0,0.00
H1.Z12,P1,2023,8759,0,0.00
H1.Z12,P2,2017,1,0,0.00
H1.Z12,P2,2018,8760,0,0.00
H1.Z12,P2,2019,8760,0,0.00
H1.Z12,P2,2020,8784,0,0.00
H1.Z12,P2,2021,8760,0,0.00
H1.Z12,P2,2022,8760,0,0.00
H1.Z12,P2,2023,8759,0,0.00
H1.Z12,P3,2017,1,0,0.00
H1.Z12,P3,2018,8760,0,0.00
H1.Z12,P3,2019,8760,0,0.00
H1.Z12,P3,2020,8784,0,0.00
H1.Z12,P3,2021,8760,0,0.00
H1.Z12,P3,2022,8760,0,0.00
H1.Z12,P3,2023,8759,0,0.00
H1.Z12,PF,2017,1,0,0.00
H1.Z12,PF,2018,8760,0,0.00
H1.Z12,PF,2019,8760,0,0.00
H1.Z12,PF,2020,8784,0,0.00
H1.Z12,PF,2021,8760,0,0.00
H1.Z12,PF,2022,8760,0,0.00
H1.Z12,PF,2023,8759,0,0.00
H1.Z12,PF1,2017,1,0,0.00
H1.Z12,PF1,2018,8760,0,0.00
H1.Z12,PF1,2019,8760,0,0.00
H1.Z12,PF1,2020,8784,0,0.00
H1.Z12,PF1,2021,8760,0,0.00
H1.Z12,PF1,2022,8760,0,0.00
H1.Z12,PF1,2023,8759,0,0.00
H1.Z12,PF2,2017,1,0,0.00
H1.Z12,PF2,2018,8760,0,0.00
H1.Z12,PF2,2019,8760,0,0.00
H1.Z12,PF2,2020,8784,0,0.00
H1.Z12,PF2,2021,8760,0,0.00
H1.Z12,PF2,2022,8760,0,0.00
H1.Z12,PF2,2023,8759,0,0.00
H1.Z12,PF3,2017,1,0,0.00
H1.Z12,PF3,2018,8760,0,0.00
H1.Z12,PF3,2019,8760,0,0.00
H1.Z12,PF3,2020,8784,0,0.00
H1.Z12,PF3,2021,8760,0,0.00
H1.Z12,PF3,2022,8760,0,0.00
H1.Z12,PF3,2023,8759,0,0.00
H1.Z12,Q,2017,1,0,0.00
H1.Z12,Q,2018,8760,0,0.00
H1.Z12,Q,2019,8760,0,0.00
H1.Z12,Q,2020,8784,0,0.00
H1.Z12,Q,2021,8760,0,0.00
H1.Z12,Q,2022,8760,0,0.00
H1.Z12,Q,2023,8759,0,0.00
H1.Z12,U1,2017,1,0,0.00
H1.Z12,U1,2018,8760,0,0.00
H1.Z12,U1,2019,8760,0,0.00
H1.Z12,U1,2020,8784,0,0.00
H1.Z12,U1,2021,8760,0,0.00
H1.Z12,U1,2022,8760,0,0.00
H1.Z12,U1,2023,8759,0,0.00
H1.Z12,U2,2017,1,0,0.00
H1.Z12,U2,2018,8760,0,0.00
H1.Z12,U2,2019,8760,0,0.00
H1.Z12,U2,2020,8784,0,0.00
H1.Z12,U2,2021,8760,0,0.00
H1.Z12,U2,2022,8760,0,0.00
H1.Z12,U2,2023,8759,0,0.00
H1.Z12,U3,2017,1,0,0.00
H1.Z12,U3,2018,8760,0,0.00
H1.Z12,U3,2019,8760,0,0.00
H1.Z12,U3,2020,8784,0,0.00
H1.Z12,U3,2021,8760,0,0.00
H1.Z12,U3,2022,8760,0,0.00
H1.Z12,U3,2023,8759,0,0.00
H1.Z12,W,2018,8760,0,0.00
H1.Z12,W,2019,8760,0,0.00
H1.Z12,W,2020,8784,0,0.00
H1.Z12,W,2021,8760,0,0.00
H1.Z12,W,2022,8760,0,0.00
H1.Z12,W,2023,8760,0,0.00
H1.Z12,W,2024,1,0,0.00
H1.Z12,WQ,2018,8760,0,0.00
H1.Z12,WQ,2019,8760,0,0.00
H1.Z12,WQ,2020,8784,0,0.00
H1.Z12,WQ,2021,8760,0,0.00
H1.Z12,WQ,2022,8760,0,0.00
H1.Z12,WQ,2023,8760,0,0.00
H1.Z12,WQ,2024,1,0,0.00
H1.Z12,WQ_in,2018,8760,0,0.00
H1.Z12,WQ_in,2019,8760,0,0.00
H1.Z12,WQ_in,2020,8784,0,0.00
H1.Z12,WQ_in,2021,8760,0,0.00
H1.Z12,WQ_in,2022,8760,0,0.00
H1.Z12,WQ_in,2023,8759,0,0.00
H1.Z12,WQ_out,2018,8336,0,0.00
H1.Z12,WQ_out,2019,8760,0,0.00
H1.Z12,WQ_out,2020,8784,0,0.00
H1.Z12,WQ_out,2021,8760,0,0.00
H1.Z12,WQ_out,2022,8760,0,0.00
H1.Z12,WQ_out,2023,8759,0,0.00
H1.Z12,W_in,2017,1,0,0.00
H1.Z12,W_in,2018,8760,0,0.00
H1.Z12,W_in,2019,8760,0,0.00
H1.Z12,W_in,2020,8784,0,0.00
H1.Z12,W_in,2021,8760,0,0.00
H1.Z12,W_in,2022,8760,0,0.00
H1.Z12,W_in,2023,8759,0,0.00
H1.Z12,W_out,2018,8239,0,0.00
H1.Z12,W_out,2019,8760,0,0.00
H1.Z12,W_out,2020,8784,0,0.00
H1.Z12,W_out,2021,8760,0,0.00
H1.Z12,W_out,2022,8760,0,0.00
H1.Z12,W_out,2023,8759,0,0.00
H1.Z12,f,2017,1,0,0.00
H1.Z12,f,2018,8760,0,0.00
H1.Z12,f,2019,8760,0,0.00
H1.Z12,f,2020,8784,0,0.00
H1.Z12,f,2021,8760,0,0.00
H1.Z12,f,2022,8760,0,0.00
H1.Z12,f,2023,8759,0,0.00
H1.Z13,I1,2017,1,0,0.00
H1.Z13,I1,2018,8760,0,0.00
H1.Z13,I1,2019,8760,0,0.00
H1.Z13,I1,2020,8784,0,0.00
H1.Z13,I1,2021,8760,0,0.00
H1.Z13,I1,2022,8760,0,0.00
H1.Z13,I1,2023,8759,0,0.00
H1.Z13,I2,2017,1,0,0.00
H1.Z13,I2,2018,8760,0,0.00
H1.Z13,I2,2019,8760,0,0.00
H1.Z13,I2,2020,8784,0,0.00
H1.Z13,I2,2021,8760,0,0.00
H1.Z13,I2,2022,8760,0,0.00
H1.Z13,I2,2023,8759,0,0.00
H1.Z13,I3,2017,1,0,0.00
H1.Z13,I3,2018,8760,0,0.00
H1.Z13,I3,2019,8760,0,0.00
H1.Z13,I3,2020,8784,0,0.00
H1.Z13,I3,2021,8760,0,0.00
H1.Z13,I3,2022,8760,0,0.00
H1.Z13,I3,2023,8759,0,0.00
H1.Z13,P,2017,1,0,0.00
H1.Z13,P,2018,8760,0,0.00
H1.Z13,P,2019,8760,0,0.00
H1.Z13,P,2020,8784,0,0.00
H1.Z13,P,2021,8760,0,0.00
H1.Z13,P,2022,8760,0,0.00
H1.Z13,P,2023,8759,0,0.00
H1.Z13,P1,2017,1,0,0.00
H1.Z13,P1,2018,8760,0,0.00
H1.Z13,P1,2019,8760,0,0.00
H1.Z13,P1,2020,8784,0,0.00
H1.Z13,P1,2021,8760,0,0.00
H1.Z13,P1,2022,8760,0,0.00
H1.Z13,P1,2023,8759,0,0.00
H1.Z13,P2,2017,1,0,0.00
H1.Z13,P2,2018,8760,0,0.00
H1.Z13,P2,2019,8760,0,0.00
H1.Z13,P2,2020,8784,0,0.00
H1.Z13,P2,2021,8760,0,0.00
H1.Z13,P2,2022,8760,0,0.00
H1.Z13,P2,2023,8759,0,0.00
H1.Z13,P3,2017,1,0,0.00
H1.Z13,P3,2018,8760,0,0.00
H1.Z13,P3,2019,8760,0,0.00
H1.Z13,P3,2020,8784,0,0.00
H1.Z13,P3,2021,8760,0,0.00
H1.Z13,P3,2022,8760,0,0.00
H1.Z13,P3,2023,8759,0,0.00
H1.Z13,PF,2017,1,0,0.00
H1.Z13,PF,2018,8760,0,0.00
H1.Z13,PF,2019,8760,0,0.00
H1.Z13,PF,2020,8784,0,0.00
H1.Z13,PF,2021,8760,0,0.00
H1.Z13,PF,2022,8760,0,0.00
H1.Z13,PF,2023,8759,0,0.00
H1.Z13,PF1,2017,1,0,0.00
H1.Z13,PF1,2018,8760,0,0.00
H1.Z13,PF1,2019,8760,0,0.00
H1.Z13,PF1,2020,8784,0,0.00
H1.Z13,PF1,2021,8760,0,0.00
H1.Z13,PF1,2022,8760,0,0.00
H1.Z13,PF1,2023,8759,0,0.00
H1.Z13,PF2,2017,1,0,0.00
H1.Z13,PF2,2018,8760,0,0.00
H1.Z13,PF2,2019,8760,0,0.00
H1.Z13,PF2,2020,8784,0,0.00
H1.Z13,PF2,2021,8760,0,0.00
H1.Z13,PF2,2022,8760,0,0.00
H1.Z13,PF2,2023,8759,0,0.00
H1.Z13,PF3,2017,1,0,0.00
H1.Z13,PF3,2018,8760,0,0.00
H1.Z13,PF3,2019,8760,0,0.00
H1.Z13,PF3,2020,8784,0,0.00
H1.Z13,PF3,2021,8760,0,0.00
H1.Z13,PF3,2022,8760,0,0.00
H1.Z13,PF3,2023,8759,0,0.00
H1.Z13,Q,2017,1,0,0.00
H1.Z13,Q,2018,8760,0,0.00
H1.Z13,Q,2019,8760,0,0.00
H1.Z13,Q,2020,8784,0,0.00
H1.Z13,Q,2021,8760,0,0.00
H1.Z13,Q,2022,8760,0,0.00
H1.Z13,Q,2023,8759,0,0.00
H1.Z13,U1,2017,1,0,0.00
H1.Z13,U1,2018,8760,0,0.00
H1.Z13,U1,2019,8760,0,0.00
H1.Z13,U1,2020,8784,0,0.00
H1.Z13,U1,2021,8760,0,0.00
H1.Z13,U1,2022,8760,0,0.00
H1.Z13,U1,2023,8759,0,0.00
H1.Z13,U2,2017,1,0,0.00
H1.Z13,U2,2018,8760,0,0.00
H1.Z13,U2,2019,8760,0,0.00
H1.Z13,U2,2020,8784,0,0.00
H1.Z13,U2,2021,8760,0,0.00
H1.Z13,U2,2022,8760,0,0.00
H1.Z13,U2,2023,8759,0,0.00
H1.Z13,U3,2017,1,0,0.00
H1.Z13,U3,2018,8760,0,0.00
H1.Z13,U3,2019,8760,0,0.00
H1.Z13,U3,2020,8784,0,0.00
H1.Z13,U3,2021,8760,0,0.00
H1.Z13,U3,2022,8760,0,0.00
H1.Z13,U3,2023,8759,0,0.00
H1.Z13,W,2018,8760,0,0.00
H1.Z13,W,2019,8760,0,0.00
H1.Z13,W,2020,8784,0,0.00
H1.Z13,W,2021,8760,0,0.00
H1.Z13,W,2022,8760,0,0.00
H1.Z13,W,2023,8760,0,0.00
H1.Z13,W,2024,1,0,0.00
H1.Z13,WQ,2018,8760,0,0.00
H1.Z13,WQ,2019,8760,0,0.00
H1.Z13,WQ,2020,8784,0,0.00
H1.Z13,WQ,2021,8760,0,0.00
H1.Z13,WQ,2022,8760,0,0.00
H1.Z13,WQ,2023,8760,0,0.00
H1.Z13,WQ,2024,1,0,0.00
H1.Z13,WQ_in,2017,1,0,0.00
H1.Z13,WQ_in,2018,8760,0,0.00
H1.Z13,WQ_in,2019,8760,0,0.00
H1.Z13,WQ_in,2020,8784,0,0.00
H1.Z13,WQ_in,2021,8760,0,0.00
H1.Z13,WQ_in,2022,8760,0,0.00
H1.Z13,WQ_in,2023,8759,0,0.00
H1.Z13,WQ_out,2018,8239,0,0.00
H1.Z13,WQ_out,2019,8760,0,0.00
H1.Z13,WQ_out,2020,8784,0,0.00
H1.Z13,WQ_out,2021,8760,0,0.00
H1.Z13,WQ_out,2022,8760,0,0.00
H1.Z13,WQ_out,2023,8759,0,0.00
H1.Z13,W_in,2017,1,0,0.00
H1.Z13,W_in,2018,8760,0,0.00
H1.Z13,W_in,2019,8760,0,0.00
H1.Z13,W_in,2020,8784,0,0.00
H1.Z13,W_in,2021,8760,0,0.00
H1.Z13,W_in,2022,8760,0,0.00
H1.Z13,W_in,2023,8759,0,0.00
H1.Z13,W_out,2018,8239,0,0.00
H1.Z13,W_out,2019,8760,0,0.00
H1.Z13,W_out,2020,8784,0,0.00
H1.Z13,W_out,2021,8760,0,0.00
H1.Z13,W_out,2022,8760,0,0.00
H1.Z13,W_out,2023,8759,0,0.00
H1.Z13,f,2017,1,0,0.00
H1.Z13,f,2018,8760,0,0.00
H1.Z13,f,2019,8760,0,0.00
H1.Z13,f,2020,8784,0,0.00
H1.Z13,f,2021,8760,0,0.00
H1.Z13,f,2022,8760,0,0.00
H1.Z13,f,2023,8759,0,0.00
H1.Z14,I1,2017,1,0,0.00
H1.Z14,I1,2018,8760,0,0.00
H1.Z14,I1,2019,8760,0,0.00
H1.Z14,I1,2020,8784,0,0.00
H1.Z14,I1,2021,8760,0,0.00
H1.Z14,I1,2022,8760,0,0.00
H1.Z14,I1,2023,8759,0,0.00
H1.Z14,I2,2017,1,0,0.00
H1.Z14,I2,2018,8760,0,0.00
H1.Z14,I2,2019,8760,0,0.00
H1.Z14,I2,2020,8784,0,0.00
H1.Z14,I2,2021,8760,0,0.00
H1.Z14,I2,2022,8760,0,0.00
H1.Z14,I2,2023,8759,0,0.00
H1.Z14,I3,2017,1,0,0.00
H1.Z14,I3,2018,8760,0,0.00
H1.Z14,I3,2019,8760,0,0.00
H1.Z14,I3,2020,8784,0,0.00
H1.Z14,I3,2021,8760,0,0.00
H1.Z14,I3,2022,8760,0,0.00
H1.Z14,I3,2023,8759,0,0.00
H1.Z14,P,2017,1,0,0.00
H1.Z14,P,2018,8760,0,0.00
H1.Z14,P,2019,8760,0,0.00
H1.Z14,P,2020,8784,0,0.00
H1.Z14,P,2021,8760,0,0.00
H1.Z14,P,2022,8760,0,0.00
H1.Z14,P,2023,8759,0,0.00
H1.Z14,P1,2017,1,0,0.00
H1.Z14,P1,2018,8760,0,0.00
H1.Z14,P1,2019,8760,0,0.00
H1.Z14,P1,2020,8784,0,0.00
H1.Z14,P1,2021,8760,0,0.00
H1.Z14,P1,2022,8760,0,0.00
H1.Z14,P1,2023,8759,0,0.00
H1.Z14,P2,2017,1,0,0.00
H1.Z14,P2,2018,8760,0,0.00
H1.Z14,P2,2019,8760,0,0.00
H1.Z14,P2,2020,8784,0,0.00
H1.Z14,P2,2021,8760,0,0.00
H1.Z14,P2,2022,8760,0,0.00
H1.Z14,P2,2023,8759,0,0.00
H1.Z14,P3,2017,1,0,0.00
H1.Z14,P3,2018,8760,0,0.00
H1.Z14,P3,2019,8760,0,0.00
H1.Z14,P3,2020,8784,0,0.00
H1.Z14,P3,2021,8760,0,0.00
H1.Z14,P3,2022,8760,0,0.00
H1.Z14,P3,2023,8759,0,0.00
H1.Z14,PF,2017,1,0,0.00
H1.Z14,PF,2018,8760,0,0.00
H1.Z14,PF,2019,8760,0,0.00
H1.Z14,PF,2020,8784,0,0.00
H1.Z14,PF,2021,8760,0,0.00
H1.Z14,PF,2022,8760,0,0.00
H1.Z14,PF,2023,8759,0,0.00
H1.Z14,PF1,2017,1,0,0.00
H1.Z14,PF1,2018,8760,0,0.00
H1.Z14,PF1,2019,8760,0,0.00
H1.Z14,PF1,2020,8784,0,0.00
H1.Z14,PF1,2021,8760,0,0.00
H1.Z14,PF1,2022,8760,0,0.00
H1.Z14,PF1,2023,8759,0,0.00
H1.Z14,PF2,2017,1,0,0.00
H1.Z14,PF2,2018,8760,0,0.00
H1.Z14,PF2,2019,8760,0,0.00
H1.Z14,PF2,2020,8784,0,0.00
H1.Z14,PF2,2021,8760,0,0.00
H1.Z14,PF2,2022,8760,0,0.00
H1.Z14,PF2,2023,8759,0,0.00
H1.Z14,PF3,2017,1,0,0.00
H1.Z14,PF3,2018,8760,0,0.00
H1.Z14,PF3,2019,8760,0,0.00
H1.Z14,PF3,2020,8784,0,0.00
H1.Z14,PF3,2021,8760,0,0.00
H1.Z14,PF3,2022,8760,0,0.00
H1.Z14,PF3,2023,8759,0,0.00
H1.Z14,Q,2017,1,0,0.00
H1.Z14,Q,2018,8760,0,0.00
H1.Z14,Q,2019,8760,0,0.00
H1.Z14,Q,2020,8784,0,0.00
H1.Z14,Q,2021,8760,0,0.00
H1.Z14,Q,2022,8760,0,0.00
H1.Z14,Q,2023,8759,0,0.00
H1.Z14,U1,2017,1,0,0.00
H1.Z14,U1,2018,8760,0,0.00
H1.Z14,U1,2019,8760,0,0.00
H1.Z14,U1,2020,8784,0,0.00
H1.Z14,U1,2021,8760,0,0.00
H1.Z14,U1,2022,8760,0,0.00
H1.Z14,U1,2023,8759,0,0.00
H1.Z14,U2,2017,1,0,0.00
H1.Z14,U2,2018,8760,0,0.00
H1.Z14,U2,2019,8760,0,0.00
H1.Z14,U2,2020,8784,0,0.00
H1.Z14,U2,2021,8760,0,0.00
H1.Z14,U2,2022,8760,0,0.00
H1.Z14,U2,2023,8759,0,0.00
H1.Z14,U3,2017,1,0,0.00
H1.Z14,U3,2018,8760,0,0.00
H1.Z14,U3,2019,8760,0,0.00
H1.Z14,U3,2020,8784,0,0.00
H1.Z14,U3,2021,8760,0,0.00
H1.Z14,U3,2022,8760,0,0.00
H1.Z14,U3,2023,8759,0,0.00
H1.Z14,W,2018,8760,0,0.00
H1.Z14,W,2019,8760,0,0.00
H1.Z14,W,2020,8784,0,0.00
H1.Z14,W,2021,8760,0,0.00
H1.Z14,W,2022,8760,0,0.00
H1.Z14,W,2023,8760,0,0.00
H1.Z14,W,2024,1,0,0.00
H1.Z14,WQ,2018,8760,0,0.00
H1.Z14,WQ,2019,8760,0,0.00
H1.Z14,WQ,2020,8784,0,0.00
H1.Z14,WQ,2021,8760,0,0.00
H1.Z14,WQ,2022,8760,0,0.00
H1.Z14,WQ,2023,8760,0,0.00
H1.Z14,WQ,2024,1,0,0.00
H1.Z14,WQ_in,2017,1,0,0.00
H1.Z14,WQ_in,2018,8760,0,0.00
H1.Z14,WQ_in,2019,8760,0,0.00
H1.Z14,WQ_in,2020,8784,0,0.00
H1.Z14,WQ_in,2021,8760,0,0.00
H1.Z14,WQ_in,2022,8760,0,0.00
H1.Z14,WQ_in,2023,8759,0,0.00
H1.Z14,WQ_out,2018,8239,0,0.00
H1.Z14,WQ_out,2019,8760,0,0.00
H1.Z14,WQ_out,2020,8784,0,0.00
H1.Z14,WQ_out,2021,8760,0,0.00
H1.Z14,WQ_out,2022,8760,0,0.00
H1.Z14,WQ_out,2023,8759,0,0.00
H1.Z14,W_in,2017,1,0,0.00
H1.Z14,W_in,2018,8760,0,0.00
H1.Z14,W_in,2019,8760,0,0.00
H1.Z14,W_in,2020,8784,0,0.00
H1.Z14,W_in,2021,8760,0,0.00
H1.Z14,W_in,2022,8760,0,0.00
H1.Z14,W_in,2023,8759,0,0.00
H1.Z14,W_out,2018,8239,0,0.00
H1.Z14,W_out,2019,8760,0,0.00
H1.Z14,W_out,2020,8784,0,0.00
H1.Z14,W_out,2021,8760,0,0.00
H1.Z14,W_out,2022,8760,0,0.00
H1.Z14,W_out,2023,8759,0,0.00
H1.Z14,f,2017,1,0,0.00
H1.Z14,f,2018,8760,0,0.00
H1.Z14,f,2019,8760,0,0.00
H1.Z14,f,2020,8784,0,0.00
H1.Z14,f,2021,8760,0,0.00
H1.Z14,f,2022,8760,0,0.00
H1.Z14,f,2023,8759,0,0.00
H1.Z15,I1,2017,1,0,0.00
H1.Z15,I1,2018,8760,0,0.00
H1.Z15,I1,2019,8760,0,0.00
H1.Z15,I1,2020,8784,0,0.00
H1.Z15,I1,2021,8760,0,0.00
H1.Z15,I1,2022,8760,0,0.00
H1.Z15,I1,2023,8759,0,0.00
H1.Z15,I2,2017,1,0,0.00
H1.Z15,I2,2018,8760,0,0.00
H1.Z15,I2,2019,8760,0,0.00
H1.Z15,I2,2020,8784,0,0.00
H1.Z15,I2,2021,8760,0,0.00
H1.Z15,I2,2022,8760,0,0.00
H1.Z15,I2,2023,8759,0,0.00
H1.Z15,I3,2017,1,0,0.00
H1.Z15,I3,2018,8760,0,0.00
H1.Z15,I3,2019,8760,0,0.00
H1.Z15,I3,2020,8784,0,0.00
H1.Z15,I3,2021,8760,0,0.00
H1.Z15,I3,2022,8760,0,0.00
H1.Z15,I3,2023,8759,0,0.00
H1.Z15,P,2017,1,0,0.00
H1.Z15,P,2018,8760,0,0.00
H1.Z15,P,2019,8760,0,0.00
H1.Z15,P,2020,8784,0,0.00
H1.Z15,P,2021,8760,0,0.00
H1.Z15,P,2022,8760,0,0.00
H1.Z15,P,2023,8759,0,0.00
H1.Z15,P1,2017,1,0,0.00
H1.Z15,P1,2018,8760,0,0.00
H1.Z15,P1,2019,8760,0,0.00
H1.Z15,P1,2020,8784,0,0.00
H1.Z15,P1,2021,8760,0,0.00
H1.Z15,P1,2022,8760,0,0.00
H1.Z15,P1,2023,8759,0,0.00
H1.Z15,P2,2017,1,0,0.00
H1.Z15,P2,2018,8760,0,0.00
H1.Z15,P2,2019,8760,0,0.00
H1.Z15,P2,2020,8784,0,0.00
H1.Z15,P2,2021,8760,0,0.00
H1.Z15,P2,2022,8760,0,0.00
H1.Z15,P2,2023,8759,0,0.00
H1.Z15,P3,2017,1,0,0.00
H1.Z15,P3,2018,8760,0,0.00
H1.Z15,P3,2019,8760,0,0.00
H1.Z15,P3,2020,8784,0,0.00
H1.Z15,P3,2021,8760,0,0.00
H1.Z15,P3,2022,8760,0,0.00
H1.Z15,P3,2023,8759,0,0.00
H1.Z15,PF,2017,1,0,0.00
H1.Z15,PF,2018,8760,0,0.00
H1.Z15,PF,2019,8760,0,0.00
H1.Z15,PF,2020,8784,0,0.00
H1.Z15,PF,2021,8760,0,0.00
H1.Z15,PF,2022,8760,0,0.00
H1.Z15,PF,2023,8759,0,0.00
H1.Z15,PF1,2017,1,0,0.00
H1.Z15,PF1,2018,8760,0,0.00
H1.Z15,PF1,2019,8760,0,0.00
H1.Z15,PF1,2020,8784,0,0.00
H1.Z15,PF1,2021,8760,0,0.00
H1.Z15,PF1,2022,8760,0,0.00
H1.Z15,PF1,2023,8759,0,0.00
H1.Z15,PF2,2017,1,0,0.00
H1.Z15,PF2,2018,8760,0,0.00
H1.Z15,PF2,2019,8760,0,0.00
H1.Z15,PF2,2020,8784,0,0.00
H1.Z15,PF2,2021,8760,0,0.00
H1.Z15,PF2,2022,8760,0,0.00
H1.Z15,PF2,2023,8759,0,0.00
H1.Z15,PF3,2017,1,0,0.00
H1.Z15,PF3,2018,8760,0,0.00
H1.Z15,PF3,2019,8760,0,0.00
H1.Z15,PF3,2020,8784,0,0.00
H1.Z15,PF3,2021,8760,0,0.00
H1.Z15,PF3,2022,8760,0,0.00
H1.Z15,PF3,2023,8759,0,0.00
H1.Z15,U1,2017,1,0,0.00
H1.Z15,U1,2018,8760,0,0.00
H1.Z15,U1,2019,8760,0,0.00
H1.Z15,U1,2020,8784,0,0.00
H1.Z15,U1,2021,8760,0,0.00
H1.Z15,U1,2022,8760,0,0.00
H1.Z15,U1,2023,8759,0,0.00
H1.Z15,U2,2017,1,0,0.00
H1.Z15,U2,2018,8760,0,0.00
H1.Z15,U2,2019,8760,0,0.00
H1.Z15,U2,2020,8784,0,0.00
H1.Z15,U2,2021,8760,0,0.00
H1.Z15,U2,2022,8760,0,0.00
H1.Z15,U2,2023,8759,0,0.00
H1.Z15,U3,2017,1,0,0.00
H1.Z15,U3,2018,8760,0,0.00
H1.Z15,U3,2019,8760,0,0.00
H1.Z15,U3,2020,8784,0,0.00
H1.Z15,U3,2021,8760,0,0.00
H1.Z15,U3,2022,8760,0,0.00
H1.Z15,U3,2023,8759,0,0.00
H1.Z15,W,2018,8760,0,0.00
H1.Z15,W,2019,8760,0,0.00
H1.Z15,W,2020,8784,0,0.00
H1.Z15,W,2021,8760,0,0.00
H1.Z15,W,2022,8760,0,0.00
H1.Z15,W,2023,8759,0,0.00
H1.Z15,W1,2018,8760,0,0.00
H1.Z15,W1,2019,8760,0,0.00
H1.Z15,W1,2020,8784,0,0.00
H1.Z15,W1,2021,8760,0,0.00
H1.Z15,W1,2022,8760,0,0.00
H1.Z15,W1,2023,8759,0,0.00
H1.Z15,W2,2018,8760,0,0.00
H1.Z15,W2,2019,8760,0,0.00
H1.Z15,W2,2020,8784,0,0.00
H1.Z15,W2,2021,8760,0,0.00
H1.Z15,W2,2022,8760,0,0.00
H1.Z15,W2,2023,8759,0,0.00
H1.Z15,W3,2018,8760,0,0.00
H1.Z15,W3,2019,8760,0,0.00
H1.Z15,W3,2020,8784,0,0.00
H1.Z15,W3,2021,8760,0,0.00
H1.Z15,W3,2022,8760,0,0.00
H1.Z15,W3,2023,8759,0,0.00
H1.Z15,W_in,2018,8760,0,0.00
H1.Z15,W_in,2019,8760,0,0.00
H1.Z15,W_in,2020,8784,0,0.00
H1.Z15,W_in,2021,8760,0,0.00
H1.Z15,W_in,2022,8760,0,0.00
H1.Z15,W_in,2023,8751,0,0.00
H1.Z15,W_out,2018,8760,0,0.00
H1.Z15,W_out,2019,8760,0,0.00
H1.Z15,W_out,2020,8784,0,0.00
H1.Z15,W_out,2021,8760,0,0.00
H1.Z15,W_out,2022,8760,0,0.00
H1.Z15,W_out,2023,8759,0,0.00
H1.Z15,f,2017,1,0,0.00
H1.Z15,f,2018,8760,0,0.00
H1.Z15,f,2019,8760,0,0.00
H1.Z15,f,2020,8784,0,0.00
H1.Z15,f,2021,8760,0,0.00
H1.Z15,f,2022,8760,0,0.00
H1.Z15,f,2023,8759,0,0.00
H1.Z16,I1,2017,1,0,0.00
H1.Z16,I1,2018,8760,0,0.00
H1.Z16,I1,2019,8760,0,0.00
H1.Z16,I1,2020,8784,0,0.00
H1.Z16,I1,2021,8760,0,0.00
H1.Z16,I1,2022,8760,0,0.00
H1.Z16,I1,2023,8759,0,0.00
H1.Z16,I2,2017,1,0,0.00
H1.Z16,I2,2018,8760,0,0.00
H1.Z16,I2,2019,8760,0,0.00
H1.Z16,I2,2020,8784,0,0.00
H1.Z16,I2,2021,8760,0,0.00
H1.Z16,I2,2022,8760,0,0.00
H1.Z16,I2,2023,8759,0,0.00
H1.Z16,I3,2018,8700,0,0.00
H1.Z16,I3,2019,8760,0,0.00
H1.Z16,I3,2020,8784,0,0.00
H1.Z16,I3,2021,8760,0,0.00
H1.Z16,I3,2022,8760,0,0.00
H1.Z16,I3,2023,8759,0,0.00
H1.Z16,P,2017,1,0,0.00
H1.Z16,P,2018,8760,0,0.00
H1.Z16,P,2019,8760,0,0.00
H1.Z16,P,2020,8784,0,0.00
H1.Z16,P,2021,8760,0,0.00
H1.Z16,P,2022,8760,0,0.00
H1.Z16,P,2023,8759,0,0.00
H1.Z16,P1,2017,1,0,0.00
H1.Z16,P1,2018,8760,0,0.00
H1.Z16,P1,2019,8760,0,0.00
H1.Z16,P1,2020,8784,0,0.00
H1.Z16,P1,2021,8760,0,0.00
H1.Z16,P1,2022,8760,0,0.00
H1.Z16,P1,2023,8759,0,0.00
H1.Z16,P2,2017,1,0,0.00
H1.Z16,P2,2018,8760,0,0.00
H1.Z16,P2,2019,8760,0,0.00
H1.Z16,P2,2020,8784,0,0.00
H1.Z16,P2,2021,8760,0,0.00
H1.Z16,P2,2022,8760,0,0.00
H1.Z16,P2,2023,8759,0,0.00
H1.Z16,P3,2018,8700,0,0.00
H1.Z16,P3,2019,8760,0,0.00
H1.Z16,P3,2020,8784,0,0.00
H1.Z16,P3,2021,8760,0,0.00
H1.Z16,P3,2022,8760,0,0.00
H1.Z16,P3,2023,8759,0,0.00
H1.Z16,PF,2018,8760,0,0.00
H1.Z16,PF,2019,8760,0,0.00
H1.Z16,PF,2020,8784,0,0.00
H1.Z16,PF,2021,8760,0,0.00
H1.Z16,PF,2022,8760,0,0.00
H1.Z16,PF,2023,8759,0,0.00
H1.Z16,PF1,2017,1,0,0.00
H1.Z16,PF1,2018,8760,0,0.00
H1.Z16,PF1,2019,8760,0,0.00
H1.Z16,PF1,2020,8784,0,0.00
H1.Z16,PF1,2021,8760,0,0.00
H1.Z16,PF1,2022,8760,0,0.00
H1.Z16,PF1,2023,8759,0,0.00
H1.Z16,PF2,2017,1,0,0.00
H1.Z16,PF2,2018,8760,0,0.00
H1.Z16,PF2,2019,8760,0,0.00
H1.Z16,PF2,2020,8784,0,0.00
H1.Z16,PF2,2021,8760,0,0.00
H1.Z16,PF2,2022,8760,0,0.00
H1.Z16,PF2,2023,8759,0,0.00
H1.Z16,PF3,2018,8700,0,0.00
H1.Z16,PF3,2019,8760,0,0.00
H1.Z16,PF3,2020,8784,0,0.00
H1.Z16,PF3,2021,8760,0,0.00
H1.Z16,PF3,2022,8760,0,0.00
H1.Z16,PF3,2023,8759,0,0.00
H1.Z16,Q,2017,1,0,0.00
H1.Z16,Q,2018,8760,0,0.00
H1.Z16,Q,2019,8760,0,0.00
H1.Z16,Q,2020,8784,0,0.00
H1.Z16,Q,2021,8760,0,0.00
H1.Z16,Q,2022,8760,0,0.00
H1.Z16,Q,2023,8759,0,0.00
H1.Z16,U1,2017,1,0,0.00
H1.Z16,U1,2018,8760,0,0.00
H1.Z16,U1,2019,8760,0,0.00
H1.Z16,U1,2020,8784,0,0.00
H1.Z16,U1,2021,8760,0,0.00
H1.Z16,U1,2022,8760,0,0.00
H1.Z16,U1,2023,8759,0,0.00
H1.Z16,U2,2017,1,0,0.00
H1.Z16,U2,2018,8760,0,0.00
H1.Z16,U2,2019,8760,0,0.00
H1.Z16,U2,2020,8784,0,0.00
H1.Z16,U2,2021,8760,0,0.00
H1.Z16,U2,2022,8760,0,0.00
H1.Z16,U2,2023,8759,0,0.00
H1.Z16,U3,2017,1,0,0.00
H1.Z16,U3,2018,8760,0,0.00
H1.Z16,U3,2019,8760,0,0.00
H1.Z16,U3,2020,8784,0,0.00
H1.Z16,U3,2021,8760,0,0.00
H1.Z16,U3,2022,8760,0,0.00
H1.Z16,U3,2023,8759,0,0.00
H1.Z16,W,2018,8760,0,0.00
H1.Z16,W,2019,8760,0,0.00
H1.Z16,W,2020,8784,0,0.00
H1.Z16,W,2021,8760,0,0.00
H1.Z16,W,2022,8760,0,0.00
H1.Z16,W,2023,8760,0,0.00
H1.Z16,W,2024,1,0,0.00
H1.Z16,WQ,2018,8760,0,0.00
H1.Z16,WQ,2019,8760,0,0.00
H1.Z16,WQ,2020,8784,0,0.00
H1.Z16,WQ,2021,8760,0,0.00
H1.Z16,WQ,2022,8760,0,0.00
H1.Z16,WQ,2023,8760,0,0.00
H1.Z16,WQ,2024,1,0,0.00
H1.Z16,WQ_in,2018,8760,0,0.00
H1.Z16,WQ_in,2019,8760,0,0.00
H1.Z16,WQ_in,2020,8784,0,0.00
H1.Z16,WQ_in,2021,8760,0,0.00
H1.Z16,WQ_in,2022,8760,0,0.00
H1.Z16,WQ_in,2023,8759,0,0.00
H1.Z16,WQ_out,2018,8072,0,0.00
H1.Z16,WQ_out,2019,8760,0,0.00
H1.Z16,WQ_out,2020,8784,0,0.00
H1.Z16,WQ_out,2021,8760,0,0.00
H1.Z16,WQ_out,2022,8760,0,0.00
H1.Z16,WQ_out,2023,8759,0,0.00
H1.Z16,W_in,2018,8760,0,0.00
H1.Z16,W_in,2019,8760,0,0.00
H1.Z16,W_in,2020,8784,0,0.00
H1.Z16,W_in,2021,8760,0,0.00
H1.Z16,W_in,2022,8760,0,0.00
H1.Z16,W_in,2023,8759,0,0.00
H1.Z16,W_out,2018,8072,0,0.00
H1.Z16,W_out,2019,8760,0,0.00
H1.Z16,W_out,2020,8784,0,0.00
H1.Z16,W_out,2021,8760,0,0.00
H1.Z16,W_out,2022,8760,0,0.00
H1.Z16,W_out,2023,8759,0,0.00
H1.Z16,f,2017,1,0,0.00
H1.Z16,f,2018,8760,0,0.00
H1.Z16,f,2019,8760,0,0.00
H1.Z16,f,2020,8784,0,0.00
H1.Z16,f,2021,8760,0,0.00
H1.Z16,f,2022,8760,0,0.00
H1.Z16,f,2023,8759,0,0.00
H1.Z17,I1,2017,1,0,0.00
H1.Z17,I1,2018,8760,0,0.00
H1.Z17,I1,2019,8760,0,0.00
H1.Z17,I1,2020,8784,0,0.00
H1.Z17,I1,2021,8760,0,0.00
H1.Z17,I1,2022,8760,0,0.00
H1.Z17,I1,2023,8759,0,0.00
H1.Z17,I2,2017,1,0,0.00
H1.Z17,I2,2018,8760,0,0.00
H1.Z17,I2,2019,8760,0,0.00
H1.Z17,I2,2020,8784,0,0.00
H1.Z17,I2,2021,8760,0,0.00
H1.Z17,I2,2022,8760,0,0.00
H1.Z17,I2,2023,8759,0,0.00
H1.Z17,I3,2017,1,0,0.00
H1.Z17,I3,2018,8760,0,0.00
H1.Z17,I3,2019,8760,0,0.00
H1.Z17,I3,2020,8784,0,0.00
H1.Z17,I3,2021,8760,0,0.00
H1.Z17,I3,2022,8760,0,0.00
H1.Z17,I3,2023,8759,0,0.00
H1.Z17,P,2017,1,0,0.00
H1.Z17,P,2018,8760,0,0.00
H1.Z17,P,2019,8760,0,0.00
H1.Z17,P,2020,8784,0,0.00
H1.Z17,P,2021,8760,0,0.00
H1.Z17,P,2022,8760,0,0.00
H1.Z17,P,2023,8759,0,0.00
H1.Z17,P1,2017,1,0,0.00
H1.Z17,P1,2018,8760,0,0.00
H1.Z17,P1,2019,8760,0,0.00
H1.Z17,P1,2020,8784,0,0.00
H1.Z17,P1,2021,8760,0,0.00
H1.Z17,P1,2022,8760,0,0.00
H1.Z17,P1,2023,8759,0,0.00
H1.Z17,P2,2017,1,0,0.00
H1.Z17,P2,2018,8760,0,0.00
H1.Z17,P2,2019,8760,0,0.00
H1.Z17,P2,2020,8784,0,0.00
H1.Z17,P2,2021,8760,0,0.00
H1.Z17,P2,2022,8760,0,0.00
H1.Z17,P2,2023,8759,0,0.00
H1.Z17,P3,2017,1,0,0.00
H1.Z17,P3,2018,8760,0,0.00
H1.Z17,P3,2019,8760,0,0.00
H1.Z17,P3,2020,8784,0,0.00
H1.Z17,P3,2021,8760,0,0.00
H1.Z17,P3,2022,8760,0,0.00
H1.Z17,P3,2023,8759,0,0.00
H1.Z17,PF,2017,1,0,0.00
H1.Z17,PF,2018,8760,0,0.00
H1.Z17,PF,2019,8760,0,0.00
H1.Z17,PF,2020,8784,0,0.00
H1.Z17,PF,2021,8760,0,0.00
H1.Z17,PF,2022,8760,0,0.00
H1.Z17,PF,2023,8759,0,0.00
H1.Z17,PF1,2017,1,0,0.00
H1.Z17,PF1,2018,8760,0,0.00
H1.Z17,PF1,2019,8760,0,0.00
H1.Z17,PF1,2020,8784,0,0.00
H1.Z17,PF1,2021,8760,0,0.00
H1.Z17,PF1,2022,8760,0,0.00
H1.Z17,PF1,2023,8759,0,0.00
H1.Z17,PF2,2017,1,0,0.00
H1.Z17,PF2,2018,8760,0,0.00
H1.Z17,PF2,2019,8760,0,0.00
H1.Z17,PF2,2020,8784,0,0.00
H1.Z17,PF2,2021,8760,0,0.00
H1.Z17,PF2,2022,8760,0,0.00
H1.Z17,PF2,2023,8759,0,0.00
H1.Z17,PF3,2017,1,0,0.00
H1.Z17,PF3,2018,8760,0,0.00
H1.Z17,PF3,2019,8760,0,0.00
H1.Z17,PF3,2020,8784,0,0.00
H1.Z17,PF3,2021,8760,0,0.00
H1.Z17,PF3,2022,8760,0,0.00
H1.Z17,PF3,2023,8759,0,0.00
H1.Z17,U1,2017,1,0,0.00
H1.Z17,U1,2018,8760,0,0.00
H1.Z17,U1,2019,8760,0,0.00
H1.Z17,U1,2020,8784,0,0.00
H1.Z17,U1,2021,8760,0,0.00
H1.Z17,U1,2022,8760,0,0.00
H1.Z17,U1,2023,8759,0,0.00
H1.Z17,U2,2017,1,0,0.00
H1.Z17,U2,2018,8760,0,0.00
H1.Z17,U2,2019,8760,0,0.00
H1.Z17,U2,2020,8784,0,0.00
H1.Z17,U2,2021,8760,0,0.00
H1.Z17,U2,2022,8760,0,0.00
H1.Z17,U2,2023,8759,0,0.00
H1.Z17,U3,2017,1,0,0.00
H1.Z17,U3,2018,8760,0,0.00
H1.Z17,U3,2019,8760,0,0.00
H1.Z17,U3,2020,8784,0,0.00
H1.Z17,U3,2021,8760,0,0.00
H1.Z17,U3,2022,8760,0,0.00
H1.Z17,U3,2023,8759,0,0.00
H1.Z17,W,2018,8760,0,0.00
H1.Z17,W,2019,8760,0,0.00
H1.Z17,W,2020,8784,0,0.00
H1.Z17,W,2021,8760,0,0.00
H1.Z17,W,2022,8760,0,0.00
H1.Z17,W,2023,8759,0,0.00
H1.Z17,W1,2018,8760,0,0.00
H1.Z17,W1,2019,8760,0,0.00
H1.Z17,W1,2020,8784,0,0.00
H1.Z17,W1,2021,8760,0,0.00
H1.Z17,W1,2022,8760,0,0.00
H1.Z17,W1,2023,8759,0,0.00
H1.Z17,W2,2018,8760,0,0.00
H1.Z17,W2,2019,8760,0,0.00
H1.Z17,W2,2020,8784,0,0.00
H1.Z17,W2,2021,8760,0,0.00
H1.Z17,W2,2022,8760,0,0.00
H1.Z17,W2,2023,8759,0,0.00
H1.Z17,W3,2018,8760,0,0.00
H1.Z17,W3,2019,8760,0,0.00
H1.Z17,W3,2020,8784,0,0.00
H1.Z17,W3,2021,8760,0,0.00
H1.Z17,W3,2022,8760,0,0.00
H1.Z17,W3,2023,8759,0,0.00
H1.Z17,W_in,2018,8760,0,0.00
H1.Z17,W_in,2019,8760,0,0.00
H1.Z17,W_in,2020,8784,0,0.00
H1.Z17,W_in,2021,8760,0,0.00
H1.Z17,W_in,2022,8760,0,0.00
H1.Z17,W_in,2023,8759,0,0.00
H1.Z17,W_out,2018,8760,0,0.00
H1.Z17,W_out,2019,8760,0,0.00
H1.Z17,W_out,2020,8784,0,0.00
H1.Z17,W_out,2021,3997,0,0.00
H1.Z17,f,2017,1,0,0.00
H1.Z17,f,2018,8760,0,0.00
H1.Z17,f,2019,8760,0,0.00
H1.Z17,f,2020,8784,0,0.00
H1.Z17,f,2021,8760,0,0.00
H1.Z17,f,2022,8760,0,0.00
H1.Z17,f,2023,8759,0,0.00
H1.Z18,I1,2017,1,0,0.00
H1.Z18,I1,2018,8760,0,0.00
H1.Z18,I1,2019,8760,0,0.00
H1.Z18,I1,2020,8784,0,0.00
H1.Z18,I1,2021,8760,0,0.00
H1.Z18,I1,2022,8760,0,0.00
H1.Z18,I1,2023,8759,0,0.00
H1.Z18,I2,2017,1,0,0.00
H1.Z18,I2,2018,8760,0,0.00
H1.Z18,I2,2019,8760,0,0.00
H1.Z18,I2,2020,8784,0,0.00
H1.Z18,I2,2021,8760,0,0.00
H1.Z18,I2,2022,8760,0,0.00
H1.Z18,I2,2023,8759,0,0.00
H1.Z18,I3,2017,1,0,0.00
H1.Z18,I3,2018,8760,0,0.00
H1.Z18,I3,2019,8760,0,0.00
H1.Z18,I3,2020,8784,0,0.00
H1.Z18,I3,2021,8760,0,0.00
H1.Z18,I3,2022,8760,0,0.00
H1.Z18,I3,2023,8759,0,0.00
H1.Z18,P,2017,1,0,0.00
H1.Z18,P,2018,8760,0,0.00
H1.Z18,P,2019,8760,0,0.00
H1.Z18,P,2020,8784,0,0.00
H1.Z18,P,2021,8760,0,0.00
H1.Z18,P,2022,8760,0,0.00
H1.Z18,P,2023,8759,0,0.00
H1.Z18,P1,2017,1,0,0.00
H1.Z18,P1,2018,8760,0,0.00
H1.Z18,P1,2019,8760,0,0.00
H1.Z18,P1,2020,8784,0,0.00
H1.Z18,P1,2021,8760,0,0.00
H1.Z18,P1,2022,8760,0,0.00
H1.Z18,P1,2023,8759,0,0.00
H1.Z18,P2,2017,1,0,0.00
H1.Z18,P2,2018,8760,0,0.00
H1.Z18,P2,2019,8760,0,0.00
H1.Z18,P2,2020,8784,0,0.00
H1.Z18,P2,2021,8760,0,0.00
H1.Z18,P2,2022,8760,0,0.00
H1.Z18,P2,2023,8759,0,0.00
H1.Z18,P3,2017,1,0,0.00
H1.Z18,P3,2018,8760,0,0.00
H1.Z18,P3,2019,8760,0,0.00
H1.Z18,P3,2020,8784,0,0.00
H1.Z18,P3,2021,8760,0,0.00
H1.Z18,P3,2022,8760,0,0.00
H1.Z18,P3,2023,8759,0,0.00
H1.Z18,PF,2017,1,0,0.00
H1.Z18,PF,2018,8760,0,0.00
H1.Z18,PF,2019,8760,0,0.00
H1.Z18,PF,2020,8784,0,0.00
H1.Z18,PF,2021,8760,0,0.00
H1.Z18,PF,2022,8760,0,0.00
H1.Z18,PF,2023,8759,0,0.00
H1.Z18,PF1,2017,1,0,0.00
H1.Z18,PF1,2018,8760,0,0.00
H1.Z18,PF1,2019,8760,0,0.00
H1.Z18,PF1,2020,8784,0,0.00
H1.Z18,PF1,2021,8760,0,0.00
H1.Z18,PF1,2022,8760,0,0.00
H1.Z18,PF1,2023,8759,0,0.00
H1.Z18,PF2,2017,1,0,0.00
H1.Z18,PF2,2018,8760,0,0.00
H1.Z18,PF2,2019,8760,0,0.00
H1.Z18,PF2,2020,8784,0,0.00
H1.Z18,PF2,2021,8760,0,0.00
H1.Z18,PF2,2022,8760,0,0.00
H1.Z18,PF2,2023,8759,0,0.00
H1.Z18,PF3,2017,1,0,0.00
H1.Z18,PF3,2018,8760,0,0.00
H1.Z18,PF3,2019,8760,0,0.00
H1.Z18,PF3,2020,8784,0,0.00
H1.Z18,PF3,2021,8760,0,0.00
H1.Z18,PF3,2022,8760,0,0.00
H1.Z18,PF3,2023,8759,0,0.00
H1.Z18,Q,2017,1,0,0.00
H1.Z18,Q,2018,8760,0,0.00
H1.Z18,Q,2019,8760,0,0.00
H1.Z18,Q,2020,8784,0,0.00
H1.Z18,Q,2021,8760,0,0.00
H1.Z18,Q,2022,8760,0,0.00
H1.Z18,Q,2023,8759,0,0.00
H1.Z18,U1,2017,1,0,0.00
H1.Z18,U1,2018,8760,0,0.00
H1.Z18,U1,2019,8760,0,0.00
H1.Z18,U1,2020,8784,0,0.00
H1.Z18,U1,2021,8760,0,0.00
H1.Z18,U1,2022,8760,0,0.00
H1.Z18,U1,2023,8759,0,0.00
H1.Z18,U2,2017,1,0,0.00
H1.Z18,U2,2018,8760,0,0.00
H1.Z18,U2,2019,8760,0,0.00
H1.Z18,U2,2020,8784,0,0.00
H1.Z18,U2,2021,8760,0,0.00
H1.Z18,U2,2022,8760,0,0.00
H1.Z18,U2,2023,8759,0,0.00
H1.Z18,U3,2017,1,0,0.00
H1.Z18,U3,2018,8760,0,0.00
H1.Z18,U3,2019,8760,0,0.00
H1.Z18,U3,2020,8784,0,0.00
H1.Z18,U3,2021,8760,0,0.00
H1.Z18,U3,2022,8760,0,0.00
H1.Z18,U3,2023,8759,0,0.00
H1.Z18,W,2018,8760,0,0.00
H1.Z18,W,2019,8760,0,0.00
H1.Z18,W,2020,8784,0,0.00
H1.Z18,W,2021,8760,0,0.00
H1.Z18,W,2022,8760,0,0.00
H1.Z18,W,2023,8760,0,0.00
H1.Z18,W,2024,1,0,0.00
H1.Z18,WQ,2018,8760,0,0.00
H1.Z18,WQ,2019,8760,0,0.00
H1.Z18,WQ,2020,8784,0,0.00
H1.Z18,WQ,2021,8760,0,0.00
H1.Z18,WQ,2022,8760,0,0.00
H1.Z18,WQ,2023,8760,0,0.00
H1.Z18,WQ,2024,1,0,0.00
H1.Z18,WQ_in,2018,8760,0,0.00
H1.Z18,WQ_in,2019,8760,0,0.00
H1.Z18,WQ_in,2020,8784,0,0.00
H1.Z18,WQ_in,2021,8760,0,0.00
H1.Z18,WQ_in,2022,8760,0,0.00
H1.Z18,WQ_in,2023,8759,0,0.00
H1.Z18,WQ_out,2018,8239,0,0.00
H1.Z18,WQ_out,2019,8760,0,0.00
H1.Z18,WQ_out,2020,8784,0,0.00
H1.Z18,WQ_out,2021,8760,0,0.00
H1.Z18,WQ_out,2022,8760,0,0.00
H1.Z18,WQ_out,2023,8759,0,0.00
H1.Z18,W_in,2018,8760,0,0.00
H1.Z18,W_in,2019,8760,0,0.00
H1.Z18,W_in,2020,8784,0,0.00
H1.Z18,W_in,2021,8760,0,0.00
H1.Z18,W_in,2022,8760,0,0.00
H1.Z18,W_in,2023,8759,0,0.00
H1.Z18,W_out,2018,8239,0,0.00
H1.Z18,W_out,2019,8760,0,0.00
H1.Z18,W_out,2020,8784,0,0.00
H1.Z18,W_out,2021,8760,0,0.00
H1.Z18,W_out,2022,8760,0,0.00
H1.Z18,W_out,2023,8759,0,0.00
H1.Z18,f,2017,1,0,0.00
H1.Z18,f,2018,8760,0,0.00
H1.Z18,f,2019,8760,0,0.00
H1.Z18,f,2020,8784,0,0.00
H1.Z18,f,2021,8760,0,0.00
H1.Z18,f,2022,8760,0,0.00
H1.Z18,f,2023,8759,0,0.00
H1.Z19,I1,2017,1,0,0.00
H1.Z19,I1,2018,8760,0,0.00
H1.Z19,I1,2019,8760,0,0.00
H1.Z19,I1,2020,8784,0,0.00
H1.Z19,I1,2021,8760,0,0.00
H1.Z19,I1,2022,8760,0,0.00
H1.Z19,I1,2023,8759,0,0.00
H1.Z19,I2,2017,1,0,0.00
H1.Z19,I2,2018,8760,0,0.00
H1.Z19,I2,2019,8760,0,0.00
H1.Z19,I2,2020,8784,0,0.00
H1.Z19,I2,2021,8760,0,0.00
H1.Z19,I2,2022,8760,0,0.00
H1.Z19,I2,2023,8759,0,0.00
H1.Z19,I3,2017,1,0,0.00
H1.Z19,I3,2018,8760,0,0.00
H1.Z19,I3,2019,8760,0,0.00
H1.Z19,I3,2020,8784,0,0.00
H1.Z19,I3,2021,8760,0,0.00
H1.Z19,I3,2022,8760,0,0.00
H1.Z19,I3,2023,8759,0,0.00
H1.Z19,P,2017,1,0,0.00
H1.Z19,P,2018,8760,0,0.00
H1.Z19,P,2019,8760,0,0.00
H1.Z19,P,2020,8784,0,0.00
H1.Z19,P,2021,8760,0,0.00
H1.Z19,P,2022,8760,0,0.00
H1.Z19,P,2023,8759,0,0.00
H1.Z19,P1,2017,1,0,0.00
H1.Z19,P1,2018,8760,0,0.00
H1.Z19,P1,2019,8760,0,0.00
H1.Z19,P1,2020,8784,0,0.00
H1.Z19,P1,2021,8760,0,0.00
H1.Z19,P1,2022,8760,0,0.00
H1.Z19,P1,2023,8759,0,0.00
H1.Z19,P2,2017,1,0,0.00
H1.Z19,P2,2018,8760,0,0.00
H1.Z19,P2,2019,8760,0,0.00
H1.Z19,P2,2020,8784,0,0.00
H1.Z19,P2,2021,8760,0,0.00
H1.Z19,P2,2022,8760,0,0.00
H1.Z19,P2,2023,8759,0,0.00
H1.Z19,P3,2017,1,0,0.00
H1.Z19,P3,2018,8760,0,0.00
H1.Z19,P3,2019,8760,0,0.00
H1.Z19,P3,2020,8784,0,0.00
H1.Z19,P3,2021,8760,0,0.00
H1.Z19,P3,2022,8760,0,0.00
H1.Z19,P3,2023,8759,0,0.00
H1.Z19,PF,2017,1,0,0.00
H1.Z19,PF,2018,8760,0,0.00
H1.Z19,PF,2019,8760,0,0.00
H1.Z19,PF,2020,8784,0,0.00
H1.Z19,PF,2021,8760,0,0.00
H1.Z19,PF,2022,8760,0,0.00
H1.Z19,PF,2023,8759,0,0.00
H1.Z19,PF1,2017,1,0,0.00
H1.Z19,PF1,2018,8760,0,0.00
H1.Z19,PF1,2019,8760,0,0.00
H1.Z19,PF1,2020,8784,0,0.00
H1.Z19,PF1,2021,8760,0,0.00
H1.Z19,PF1,2022,8760,0,0.00
H1.Z19,PF1,2023,8759,0,0.00
H1.Z19,PF2,2017,1,0,0.00
H1.Z19,PF2,2018,8760,0,0.00
H1.Z19,PF2,2019,8760,0,0.00
H1.Z19,PF2,2020,8784,0,0.00
H1.Z19,PF2,2021,8760,0,0.00
H1.Z19,PF2,2022,8760,0,0.00
H1.Z19,PF2,2023,8759,0,0.00
H1.Z19,PF3,2017,1,0,0.00
H1.Z19,PF3,2018,8760,0,0.00
H1.Z19,PF3,2019,8760,0,0.00
H1.Z19,PF3,2020,8784,0,0.00
H1.Z19,PF3,2021,8760,0,0.00
H1.Z19,PF3,2022,8760,0,0.00
H1.Z19,PF3,2023,8759,0,0.00
H1.Z19,Q,2017,1,0,0.00
H1.Z19,Q,2018,8760,0,0.00
H1.Z19,Q,2019,8760,0,0.00
H1.Z19,Q,2020,8784,0,0.00
H1.Z19,Q,2021,8760,0,0.00
H1.Z19,Q,2022,8760,0,0.00
H1.Z19,Q,2023,8759,0,0.00
H1.Z19,U1,2017,1,0,0.00
H1.Z19,U1,2018,8760,0,0.00
H1.Z19,U1,2019,8760,0,0.00
H1.Z19,U1,2020,8784,0,0.00
H1.Z19,U1,2021,8760,0,0.00
H1.Z19,U1,2022,8760,0,0.00
H1.Z19,U1,2023,8759,0,0.00
H1.Z19,U2,2017,1,0,0.00
H1.Z19,U2,2018,8760,0,0.00
H1.Z19,U2,2019,8760,0,0.00
H1.Z19,U2,2020,8784,0,0.00
H1.Z19,U2,2021,8760,0,0.00
H1.Z19,U2,2022,8760,0,0.00
H1.Z19,U2,2023,8759,0,0.00
H1.Z19,U3,2017,1,0,0.00
H1.Z19,U3,2018,8760,0,0.00
H1.Z19,U3,2019,8760,0,0.00
H1.Z19,U3,2020,8784,0,0.00
H1.Z19,U3,2021,8760,0,0.00
H1.Z19,U3,2022,8760,0,0.00
H1.Z19,U3,2023,8759,0,0.00
H1.Z19,W,2018,8760,0,0.00
H1.Z19,W,2019,8760,0,0.00
H1.Z19,W,2020,8784,0,0.00
H1.Z19,W,2021,8760,0,0.00
H1.Z19,W,2022,8760,0,0.00
H1.Z19,W,2023,8760,0,0.00
H1.Z19,W,2024,1,0,0.00
H1.Z19,WQ,2018,8760,0,0.00
H1.Z19,WQ,2019,8760,0,0.00
H1.Z19,WQ,2020,8784,0,0.00
H1.Z19,WQ,2021,8760,0,0.00
H1.Z19,WQ,2022,8760,0,0.00
H1.Z19,WQ,2023,8760,0,0.00
H1.Z19,WQ,2024,1,0,0.00
H1.Z19,WQ_in,2018,8760,0,0.00
H1.Z19,WQ_in,2019,8760,0,0.00
H1.Z19,WQ_in,2020,8784,0,0.00
H1.Z19,WQ_in,2021,8760,0,0.00
H1.Z19,WQ_in,2022,8760,0,0.00
H1.Z19,WQ_in,2023,8759,0,0.00
H1.Z19,WQ_out,2018,8239,0,0.00
H1.Z19,WQ_out,2019,8760,0,0.00
H1.Z19,WQ_out,2020,8784,0,0.00
H1.Z19,WQ_out,2021,8760,0,0.00
H1.Z19,WQ_out,2022,8760,0,0.00
H1.Z19,WQ_out,2023,8759,0,0.00
H1.Z19,W_in,2018,8760,0,0.00
H1.Z19,W_in,2019,8760,0,0.00
H1.Z19,W_in,2020,8784,0,0.00
H1.Z19,W_in,2021,8760,0,0.00
H1.Z19,W_in,2022,8760,0,0.00
H1.Z19,W_in,2023,8759,0,0.00
H1.Z19,W_out,2018,8239,0,0.00
H1.Z19,W_out,2019,8760,0,0.00
H1.Z19,W_out,2020,8784,0,0.00
H1.Z19,W_out,2021,8760,0,0.00
H1.Z19,W_out,2022,8760,0,0.00
H1.Z19,W_out,2023,8759,0,0.00
H1.Z19,f,2017,1,0,0.00
H1.Z19,f,2018,8760,0,0.00
H1.Z19,f,2019,8760,0,0.00
H1.Z19,f,2020,8784,0,0.00
H1.Z19,f,2021,8760,0,0.00
H1.Z19,f,2022,8760,0,0.00
H1.Z19,f,2023,8759,0,0.00
H1.Z20,I1,2017,1,0,0.00
H1.Z20,I1,2018,8760,0,0.00
H1.Z20,I1,2019,8760,0,0.00
H1.Z20,I1,2020,8784,0,0.00
H1.Z20,I1,2021,8760,0,0.00
H1.Z20,I1,2022,8760,0,0.00
H1.Z20,I1,2023,8759,0,0.00
H1.Z20,I2,2017,1,0,0.00
H1.Z20,I2,2018,8760,0,0.00
H1.Z20,I2,2019,8760,0,0.00
H1.Z20,I2,2020,8784,0,0.00
H1.Z20,I2,2021,8760,0,0.00
H1.Z20,I2,2022,8760,0,0.00
H1.Z20,I2,2023,8759,0,0.00
H1.Z20,I3,2017,1,0,0.00
H1.Z20,I3,2018,8760,0,0.00
H1.Z20,I3,2019,8760,0,0.00
H1.Z20,I3,2020,8784,0,0.00
H1.Z20,I3,2021,8760,0,0.00
H1.Z20,I3,2022,8760,0,0.00
H1.Z20,I3,2023,8759,0,0.00
H1.Z20,P,2017,1,0,0.00
H1.Z20,P,2018,8760,0,0.00
H1.Z20,P,2019,8760,0,0.00
H1.Z20,P,2020,8784,0,0.00
H1.Z20,P,2021,8760,0,0.00
H1.Z20,P,2022,8760,0,0.00
H1.Z20,P,2023,8759,0,0.00
H1.Z20,P1,2017,1,0,0.00
H1.Z20,P1,2018,8760,0,0.00
H1.Z20,P1,2019,8760,0,0.00
H1.Z20,P1,2020,8784,0,0.00
H1.Z20,P1,2021,8760,0,0.00
H1.Z20,P1,2022,8760,0,0.00
H1.Z20,P1,2023,8759,0,0.00
H1.Z20,P2,2017,1,0,0.00
H1.Z20,P2,2018,8760,0,0.00
H1.Z20,P2,2019,8760,0,0.00
H1.Z20,P2,2020,8784,0,0.00
H1.Z20,P2,2021,8760,0,0.00
H1.Z20,P2,2022,8760,0,0.00
H1.Z20,P2,2023,8759,0,0.00
H1.Z20,P3,2017,1,0,0.00
H1.Z20,P3,2018,8760,0,0.00
H1.Z20,P3,2019,8760,0,0.00
H1.Z20,P3,2020,8784,0,0.00
H1.Z20,P3,2021,8760,0,0.00
H1.Z20,P3,2022,8760,0,0.00
H1.Z20,P3,2023,8759,0,0.00
H1.Z20,PF,2017,1,0,0.00
H1.Z20,PF,2018,8760,0,0.00
H1.Z20,PF,2019,8760,0,0.00
H1.Z20,PF,2020,8784,0,0.00
H1.Z20,PF,2021,8760,0,0.00
H1.Z20,PF,2022,8760,0,0.00
H1.Z20,PF,2023,8759,0,0.00
H1.Z20,PF1,2017,1,0,0.00
H1.Z20,PF1,2018,8760,0,0.00
H1.Z20,PF1,2019,8760,0,0.00
H1.Z20,PF1,2020,8784,0,0.00
H1.Z20,PF1,2021,8760,0,0.00
H1.Z20,PF1,2022,8760,0,0.00
H1.Z20,PF1,2023,8759,0,0.00
H1.Z20,PF2,2017,1,0,0.00
H1.Z20,PF2,2018,8760,0,0.00
H1.Z20,PF2,2019,8760,0,0.00
H1.Z20,PF2,2020,8784,0,0.00
H1.Z20,PF2,2021,8760,0,0.00
H1.Z20,PF2,2022,8760,0,0.00
H1.Z20,PF2,2023,8759,0,0.00
H1.Z20,PF3,2017,1,0,0.00
H1.Z20,PF3,2018,8760,0,0.00
H1.Z20,PF3,2019,8760,0,0.00
H1.Z20,PF3,2020,8784,0,0.00
H1.Z20,PF3,2021,8760,0,0.00
H1.Z20,PF3,2022,8760,0,0.00
H1.Z20,PF3,2023,8759,0,0.00
H1.Z20,Q,2017,1,0,0.00
H1.Z20,Q,2018,8760,0,0.00
H1.Z20,Q,2019,8760,0,0.00
H1.Z20,Q,2020,8784,0,0.00
H1.Z20,Q,2021,8760,0,0.00
H1.Z20,Q,2022,8760,0,0.00
H1.Z20,Q,2023,8759,0,0.00
H1.Z20,U1,2017,1,0,0.00
H1.Z20,U1,2018,8760,0,0.00
H1.Z20,U1,2019,8760,0,0.00
H1.Z20,U1,2020,8784,0,0.00
H1.Z20,U1,2021,8760,0,0.00
H1.Z20,U1,2022,8760,0,0.00
H1.Z20,U1,2023,8759,0,0.00
H1.Z20,U2,2017,1,0,0.00
H1.Z20,U2,2018,8760,0,0.00
H1.Z20,U2,2019,8760,0,0.00
H1.Z20,U2,2020,8784,0,0.00
H1.Z20,U2,2021,8760,0,0.00
H1.Z20,U2,2022,8760,0,0.00
H1.Z20,U2,2023,8759,0,0.00
H1.Z20,U3,2017,1,0,0.00
H1.Z20,U3,2018,8760,0,0.00
H1.Z20,U3,2019,8760,0,0.00
H1.Z20,U3,2020,8784,0,0.00
H1.Z20,U3,2021,8760,0,0.00
H1.Z20,U3,2022,8760,0,0.00
H1.Z20,U3,2023,8759,0,0.00
H1.Z20,W,2018,8760,0,0.00
H1.Z20,W,2019,8760,0,0.00
H1.Z20,W,2020,8784,0,0.00
H1.Z20,W,2021,8760,0,0.00
H1.Z20,W,2022,8760,0,0.00
H1.Z20,W,2023,8760,0,0.00
H1.Z20,W,2024,1,0,0.00
H1.Z20,WQ,2018,8760,0,0.00
H1.Z20,WQ,2019,8760,0,0.00
H1.Z20,WQ,2020,8784,0,0.00
H1.Z20,WQ,2021,8760,0,0.00
H1.Z20,WQ,2022,8760,0,0.00
H1.Z20,WQ,2023,8760,0,0.00
H1.Z20,WQ,2024,1,0,0.00
H1.Z20,WQ_in,2017,1,0,0.00
H1.Z20,WQ_in,2018,8760,0,0.00
H1.Z20,WQ_in,2019,8760,0,0.00
H1.Z20,WQ_in,2020,8784,0,0.00
H1.Z20,WQ_in,2021,8760,0,0.00
H1.Z20,WQ_in,2022,8760,0,0.00
H1.Z20,WQ_in,2023,8759,0,0.00
H1.Z20,WQ_out,2018,8760,0,0.00
H1.Z20,WQ_out,2019,8760,0,0.00
H1.Z20,WQ_out,2020,8784,0,0.00
H1.Z20,WQ_out,2021,8760,0,0.00
H1.Z20,WQ_out,2022,8760,0,0.00
H1.Z20,WQ_out,2023,8759,0,0.00
H1.Z20,W_in,2017,1,0,0.00
H1.Z20,W_in,2018,8760,0,0.00
H1.Z20,W_in,2019,8760,0,0.00
H1.Z20,W_in,2020,8784,0,0.00
H1.Z20,W_in,2021,8760,0,0.00
H1.Z20,W_in,2022,8760,0,0.00
H1.Z20,W_in,2023,8759,0,0.00
H1.Z20,W_out,2018,8760,0,0.00
H1.Z20,W_out,2019,8760,0,0.00
H1.Z20,W_out,2020,8784,0,0.00
H1.Z20,W_out,2021,8760,0,0.00
H1.Z20,W_out,2022,8760,0,0.00
H1.Z20,W_out,2023,8759,0,0.00
H1.Z20,f,2017,1,0,0.00
H1.Z20,f,2018,8760,0,0.00
H1.Z20,f,2019,8760,0,0.00
H1.Z20,f,2020,8784,0,0.00
H1.Z20,f,2021,8760,0,0.00
H1.Z20,f,2022,8760,0,0.00
H1.Z20,f,2023,8759,0,0.00
H1.Z21,I1,2017,1,0,0.00
H1.Z21,I1,2018,8760,0,0.00
H1.Z21,I1,2019,8760,0,0.00
H1.Z21,I1,2020,8784,0,0.00
H1.Z21,I1,2021,8760,0,0.00
H1.Z21,I1,2022,8760,0,0.00
H1.Z21,I1,2023,8759,0,0.00
H1.Z21,I2,2017,1,0,0.00
H1.Z21,I2,2018,8760,0,0.00
H1.Z21,I2,2019,8760,0,0.00
H1.Z21,I2,2020,8784,0,0.00
H1.Z21,I2,2021,8760,0,0.00
H1.Z21,I2,2022,8760,0,0.00
H1.Z21,I2,2023,8759,0,0.00
H1.Z21,I3,2017,1,0,0.00
H1.Z21,I3,2018,8760,0,0.00
H1.Z21,I3,2019,8760,0,0.00
H1.Z21,I3,2020,8784,0,0.00
H1.Z21,I3,2021,8760,0,0.00
H1.Z21,I3,2022,8760,0,0.00
H1.Z21,I3,2023,8759,0,0.00
H1.Z21,P,2017,1,0,0.00
H1.Z21,P,2018,8760,0,0.00
H1.Z21,P,2019,8760,0,0.00
H1.Z21,P,2020,8784,0,0.00
H1.Z21,P,2021,8760,0,0.00
H1.Z21,P,2022,8760,0,0.00
H1.Z21,P,2023,8759,0,0.00
H1.Z21,P1,2017,1,0,0.00
H1.Z21,P1,2018,8760,0,0.00
H1.Z21,P1,2019,8760,0,0.00
H1.Z21,P1,2020,8784,0,0.00
H1.Z21,P1,2021,8760,0,0.00
H1.Z21,P1,2022,8760,0,0.00
H1.Z21,P1,2023,8759,0,0.00
H1.Z21,P2,2017,1,0,0.00
H1.Z21,P2,2018,8760,0,0.00
H1.Z21,P2,2019,8760,0,0.00
H1.Z21,P2,2020,8784,0,0.00
H1.Z21,P2,2021,8760,0,0.00
H1.Z21,P2,2022,8760,0,0.00
H1.Z21,P2,2023,8759,0,0.00
H1.Z21,P3,2017,1,0,0.00
H1.Z21,P3,2018,8760,0,0.00
H1.Z21,P3,2019,8760,0,0.00
H1.Z21,P3,2020,8784,0,0.00
H1.Z21,P3,2021,8760,0,0.00
H1.Z21,P3,2022,8760,0,0.00
H1.Z21,P3,2023,8759,0,0.00
H1.Z21,PF,2017,1,0,0.00
H1.Z21,PF,2018,8760,0,0.00
H1.Z21,PF,2019,8760,0,0.00
H1.Z21,PF,2020,8784,0,0.00
H1.Z21,PF,2021,8760,0,0.00
H1.Z21,PF,2022,8760,0,0.00
H1.Z21,PF,2023,8759,0,0.00
H1.Z21,PF1,2017,1,0,0.00
H1.Z21,PF1,2018,8760,0,0.00
H1.Z21,PF1,2019,8760,0,0.00
H1.Z21,PF1,2020,8784,0,0.00
H1.Z21,PF1,2021,8760,0,0.00
H1.Z21,PF1,2022,8760,0,0.00
H1.Z21,PF1,2023,8759,0,0.00
H1.Z21,PF2,2017,1,0,0.00
H1.Z21,PF2,2018,8760,0,0.00
H1.Z21,PF2,2019,8760,0,0.00
H1.Z21,PF2,2020,8784,0,0.00
H1.Z21,PF2,2021,8760,0,0.00
H1.Z21,PF2,2022,8760,0,0.00
H1.Z21,PF2,2023,8759,0,0.00
H1.Z21,PF3,2017,1,0,0.00
H1.Z21,PF3,2018,8760,0,0.00
H1.Z21,PF3,2019,8760,0,0.00
H1.Z21,PF3,2020,8784,0,0.00
H1.Z21,PF3,2021,8760,0,0.00
H1.Z21,PF3,2022,8760,0,0.00
H1.Z21,PF3,2023,8759,0,0.00
H1.Z21,Q,2017,1,0,0.00
H1.Z21,Q,2018,8760,0,0.00
H1.Z21,Q,2019,8760,0,0.00
H1.Z21,Q,2020,8784,0,0.00
H1.Z21,Q,2021,8760,0,0.00
H1.Z21,Q,2022,8760,0,0.00
H1.Z21,Q,2023,8759,0,0.00
H1.Z21,U1,2017,1,0,0.00
H1.Z21,U1,2018,8760,0,0.00
H1.Z21,U1,2019,8760,0,0.00
H1.Z21,U1,2020,8784,0,0.00
H1.Z21,U1,2021,8760,0,0.00
H1.Z21,U1,2022,8760,0,0.00
H1.Z21,U1,2023,8759,0,0.00
H1.Z21,U2,2017,1,0,0.00
H1.Z21,U2,2018,8760,0,0.00
H1.Z21,U2,2019,8760,0,0.00
H1.Z21,U2,2020,8784,0,0.00
H1.Z21,U2,2021,8760,0,0.00
H1.Z21,U2,2022,8760,0,0.00
H1.Z21,U2,2023,8759,0,0.00
H1.Z21,U3,2017,1,0,0.00
H1.Z21,U3,2018,8760,0,0.00
H1.Z21,U3,2019,8760,0,0.00
H1.Z21,U3,2020,8784,0,0.00
H1.Z21,U3,2021,8760,0,0.00
H1.Z21,U3,2022,8760,0,0.00
H1.Z21,U3,2023,8759,0,0.00
H1.Z21,W,2018,8760,0,0.00
H1.Z21,W,2019,8760,0,0.00
H1.Z21,W,2020,8784,0,0.00
H1.Z21,W,2021,8760,0,0.00
H1.Z21,W,2022,8760,0,0.00
H1.Z21,W,2023,8760,0,0.00
H1.Z21,W,2024,1,0,0.00
H1.Z21,WQ,2018,8760,0,0.00
H1.Z21,WQ,2019,8760,0,0.00
H1.Z21,WQ,2020,8784,0,0.00
H1.Z21,WQ,2021,8760,0,0.00
H1.Z21,WQ,2022,8760,0,0.00
H1.Z21,WQ,2023,8760,0,0.00
H1.Z21,WQ,2024,1,0,0.00
H1.Z21,WQ_in,2017,1,0,0.00
H1.Z21,WQ_in,2018,8760,0,0.00
H1.Z21,WQ_in,2019,8760,0,0.00
H1.Z21,WQ_in,2020,8784,0,0.00
H1.Z21,WQ_in,2021,8760,0,0.00
H1.Z21,WQ_in,2022,8760,0,0.00
H1.Z21,WQ_in,2023,8759,0,0.00
H1.Z21,WQ_out,2018,8699,0,0.00
H1.Z21,WQ_out,2019,8760,0,0.00
H1.Z21,WQ_out,2020,8784,0,0.00
H1.Z21,WQ_out,2021,8760,0,0.00
H1.Z21,WQ_out,2022,8760,0,0.00
H1.Z21,WQ_out,2023,8759,0,0.00
H1.Z21,W_in,2017,1,0,0.00
H1.Z21,W_in,2018,8760,0,0.00
H1.Z21,W_in,2019,8760,0,0.00
H1.Z21,W_in,2020,8784,0,0.00
H1.Z21,W_in,2021,8760,0,0.00
H1.Z21,W_in,2022,8760,0,0.00
H1.Z21,W_in,2023,8759,0,0.00
H1.Z21,W_out,2018,8678,0,0.00
H1.Z21,W_out,2019,8760,0,0.00
H1.Z21,W_out,2020,8784,0,0.00
H1.Z21,W_out,2021,8760,0,0.00
H1.Z21,W_out,2022,8760,0,0.00
H1.Z21,W_out,2023,8759,0,0.00
H1.Z21,f,2017,1,0,0.00
H1.Z21,f,2018,8760,0,0.00
H1.Z21,f,2019,8760,0,0.00
H1.Z21,f,2020,8784,0,0.00
H1.Z21,f,2021,8760,0,0.00
H1.Z21,f,2022,8760,0,0.00
H1.Z21,f,2023,8759,0,0.00
H1.Z22,I1,2017,1,0,0.00
H1.Z22,I1,2018,8760,0,0.00
H1.Z22,I1,2019,8760,0,0.00
H1.Z22,I1,2020,8784,0,0.00
H1.Z22,I1,2021,8760,0,0.00
H1.Z22,I1,2022,8760,0,0.00
H1.Z22,I1,2023,8759,0,0.00
H1.Z22,I2,2017,1,0,0.00
H1.Z22,I2,2018,8760,0,0.00
H1.Z22,I2,2019,8760,0,0.00
H1.Z22,I2,2020,8784,0,0.00
H1.Z22,I2,2021,8760,0,0.00
H1.Z22,I2,2022,8760,0,0.00
H1.Z22,I2,2023,8759,0,0.00
H1.Z22,I3,2017,1,0,0.00
H1.Z22,I3,2018,8760,0,0.00
H1.Z22,I3,2019,8760,0,0.00
H1.Z22,I3,2020,8784,0,0.00
H1.Z22,I3,2021,8760,0,0.00
H1.Z22,I3,2022,8760,0,0.00
H1.Z22,I3,2023,8759,0,0.00
H1.Z22,P,2017,1,0,0.00
H1.Z22,P,2018,8760,0,0.00
H1.Z22,P,2019,8760,0,0.00
H1.Z22,P,2020,8784,0,0.00
H1.Z22,P,2021,8760,0,0.00
H1.Z22,P,2022,8760,0,0.00
H1.Z22,P,2023,8759,0,0.00
H1.Z22,P1,2017,1,0,0.00
H1.Z22,P1,2018,8760,0,0.00
H1.Z22,P1,2019,8760,0,0.00
H1.Z22,P1,2020,8784,0,0.00
H1.Z22,P1,2021,8760,0,0.00
H1.Z22,P1,2022,8760,0,0.00
H1.Z22,P1,2023,8759,0,0.00
H1.Z22,P2,2017,1,0,0.00
H1.Z22,P2,2018,8760,0,0.00
H1.Z22,P2,2019,8760,0,0.00
H1.Z22,P2,2020,8784,0,0.00
H1.Z22,P2,2021,8760,0,0.00
H1.Z22,P2,2022,8760,0,0.00
H1.Z22,P2,2023,8759,0,0.00
H1.Z22,P3,2017,1,0,0.00
H1.Z22,P3,2018,8760,0,0.00
H1.Z22,P3,2019,8760,0,0.00
H1.Z22,P3,2020,8784,0,0.00
H1.Z22,P3,2021,8760,0,0.00
H1.Z22,P3,2022,8760,0,0.00
H1.Z22,P3,2023,8759,0,0.00
H1.Z22,PF,2017,1,0,0.00
H1.Z22,PF,2018,8760,0,0.00
H1.Z22,PF,2019,8760,0,0.00
H1.Z22,PF,2020,8784,0,0.00
H1.Z22,PF,2021,8760,0,0.00
H1.Z22,PF,2022,8760,0,0.00
H1.Z22,PF,2023,8759,0,0.00
H1.Z22,PF1,2017,1,0,0.00
H1.Z22,PF1,2018,8760,0,0.00
H1.Z22,PF1,2019,8760,0,0.00
H1.Z22,PF1,2020,8784,0,0.00
H1.Z22,PF1,2021,8760,0,0.00
H1.Z22,PF1,2022,8760,0,0.00
H1.Z22,PF1,2023,8759,0,0.00
H1.Z22,PF2,2017,1,0,0.00
H1.Z22,PF2,2018,8760,0,0.00
H1.Z22,PF2,2019,8760,0,0.00
H1.Z22,PF2,2020,8784,0,0.00
H1.Z22,PF2,2021,8760,0,0.00
H1.Z22,PF2,2022,8760,0,0.00
H1.Z22,PF2,2023,8759,0,0.00
H1.Z22,PF3,2017,1,0,0.00
H1.Z22,PF3,2018,8760,0,0.00
H1.Z22,PF3,2019,8760,0,0.00
H1.Z22,PF3,2020,8784,0,0.00
H1.Z22,PF3,2021,8760,0,0.00
H1.Z22,PF3,2022,8760,0,0.00
H1.Z22,PF3,2023,8759,0,0.00
H1.Z22,Q,2017,1,0,0.00
H1.Z22,Q,2018,8760,0,0.00
H1.Z22,Q,2019,8760,0,0.00
H1.Z22,Q,2020,8784,0,0.00
H1.Z22,Q,2021,8760,0,0.00
H1.Z22,Q,2022,8760,0,0.00
H1.Z22,Q,2023,8759,0,0.00
H1.Z22,U1,2017,1,0,0.00
H1.Z22,U1,2018,8760,0,0.00
H1.Z22,U1,2019,8760,0,0.00
H1.Z22,U1,2020,8784,0,0.00
H1.Z22,U1,2021,8760,0,0.00
H1.Z22,U1,2022,8760,0,0.00
H1.Z22,U1,2023,8759,0,0.00
H1.Z22,U2,2017,1,0,0.00
H1.Z22,U2,2018,8760,0,0.00
H1.Z22,U2,2019,8760,0,0.00
H1.Z22,U2,2020,8784,0,0.00
H1.Z22,U2,2021,8760,0,0.00
H1.Z22,U2,2022,8760,0,0.00
H1.Z22,U2,2023,8759,0,0.00
H1.Z22,U3,2017,1,0,0.00
H1.Z22,U3,2018,8760,0,0.00
H1.Z22,U3,2019,8760,0,0.00
H1.Z22,U3,2020,8784,0,0.00
H1.Z22,U3,2021,8760,0,0.00
H1.Z22,U3,2022,8760,0,0.00
H1.Z22,U3,2023,8759,0,0.00
H1.Z22,W,2018,8760,0,0.00
H1.Z22,W,2019,8760,0,0.00
H1.Z22,W,2020,8784,0,0.00
H1.Z22,W,2021,8760,0,0.00
H1.Z22,W,2022,8760,0,0.00
H1.Z22,W,2023,8760,0,0.00
H1.Z22,W,2024,1,0,0.00
H1.Z22,WQ,2018,8760,0,0.00
H1.Z22,WQ,2019,8760,0,0.00
H1.Z22,WQ,2020,8784,0,0.00
H1.Z22,WQ,2021,8760,0,0.00
H1.Z22,WQ,2022,8760,0,0.00
H1.Z22,WQ,2023,8760,0,0.00
H1.Z22,WQ,2024,1,0,0.00
H1.Z22,WQ_in,2018,8760,0,0.00
H1.Z22,WQ_in,2019,8760,0,0.00
H1.Z22,WQ_in,2020,8784,0,0.00
H1.Z22,WQ_in,2021,8760,0,0.00
H1.Z22,WQ_in,2022,8760,0,0.00
H1.Z22,WQ_in,2023,8759,0,0.00
H1.Z22,WQ_out,2018,8239,0,0.00
H1.Z22,WQ_out,2019,8760,0,0.00
H1.Z22,WQ_out,2020,8784,0,0.00
H1.Z22,WQ_out,2021,8760,0,0.00
H1.Z22,WQ_out,2022,8760,0,0.00
H1.Z22,WQ_out,2023,8759,0,0.00
H1.Z22,W_in,2018,8760,0,0.00
H1.Z22,W_in,2019,8760,0,0.00
H1.Z22,W_in,2020,8784,0,0.00
H1.Z22,W_in,2021,8760,0,0.00
H1.Z22,W_in,2022,8760,0,0.00
H1.Z22,W_in,2023,8759,0,0.00
H1.Z22,W_out,2018,8678,0,0.00
H1.Z22,W_out,2019,8760,0,0.00
H1.Z22,W_out,2020,8784,0,0.00
H1.Z22,W_out,2021,8760,0,0.00
H1.Z22,W_out,2022,8760,0,0.00
H1.Z22,W_out,2023,8759,0,0.00
H1.Z22,f,2017,1,0,0.00
H1.Z22,f,2018,8760,0,0.00
H1.Z22,f,2019,8760,0,0.00
H1.Z22,f,2020,8784,0,0.00
H1.Z22,f,2021,8760,0,0.00
H1.Z22,f,2022,8760,0,0.00
H1.Z22,f,2023,8759,0,0.00
H1.Z23,I1,2017,1,0,0.00
H1.Z23,I1,2018,8760,0,0.00
H1.Z23,I1,2019,8760,0,0.00
H1.Z23,I1,2020,8784,0,0.00
H1.Z23,I1,2021,8760,0,0.00
H1.Z23,I1,2022,8760,0,0.00
H1.Z23,I1,2023,8759,0,0.00
H1.Z23,I2,2017,1,0,0.00
H1.Z23,I2,2018,8760,0,0.00
H1.Z23,I2,2019,8760,0,0.00
H1.Z23,I2,2020,8784,0,0.00
H1.Z23,I2,2021,8760,0,0.00
H1.Z23,I2,2022,8760,0,0.00
H1.Z23,I2,2023,8759,0,0.00
H1.Z23,I3,2017,1,0,0.00
H1.Z23,I3,2018,8760,0,0.00
H1.Z23,I3,2019,8760,0,0.00
H1.Z23,I3,2020,8784,0,0.00
H1.Z23,I3,2021,8760,0,0.00
H1.Z23,I3,2022,8760,0,0.00
H1.Z23,I3,2023,8759,0,0.00
H1.Z23,P,2017,1,0,0.00
H1.Z23,P,2018,8760,0,0.00
H1.Z23,P,2019,8760,0,0.00
H1.Z23,P,2020,8784,0,0.00
H1.Z23,P,2021,8760,0,0.00
H1.Z23,P,2022,8760,0,0.00
H1.Z23,P,2023,8759,0,0.00
H1.Z23,P1,2017,1,0,0.00
H1.Z23,P1,2018,8760,0,0.00
H1.Z23,P1,2019,8760,0,0.00
H1.Z23,P1,2020,8784,0,0.00
H1.Z23,P1,2021,8760,0,0.00
H1.Z23,P1,2022,8760,0,0.00
H1.Z23,P1,2023,8759,0,0.00
H1.Z23,P2,2017,1,0,0.00
H1.Z23,P2,2018,8760,0,0.00
H1.Z23,P2,2019,8760,0,0.00
H1.Z23,P2,2020,8784,0,0.00
H1.Z23,P2,2021,8760,0,0.00
H1.Z23,P2,2022,8760,0,0.00
H1.Z23,P2,2023,8759,0,0.00
H1.Z23,P3,2017,1,0,0.00
H1.Z23,P3,2018,8760,0,0.00
H1.Z23,P3,2019,8760,0,0.00
H1.Z23,P3,2020,8784,0,0.00
H1.Z23,P3,2021,8760,0,0.00
H1.Z23,P3,2022,8760,0,0.00
H1.Z23,P3,2023,8759,0,0.00
H1.Z23,PF,2017,1,0,0.00
H1.Z23,PF,2018,8760,0,0.00
H1.Z23,PF,2019,8760,0,0.00
H1.Z23,PF,2020,8784,0,0.00
H1.Z23,PF,2021,8760,0,0.00
H1.Z23,PF,2022,8760,0,0.00
H1.Z23,PF,2023,8759,0,0.00
H1.Z23,PF1,2017,1,0,0.00
H1.Z23,PF1,2018,8760,0,0.00
H1.Z23,PF1,2019,8760,0,0.00
H1.Z23,PF1,2020,8784,0,0.00
H1.Z23,PF1,2021,8760,0,0.00
H1.Z23,PF1,2022,8760,0,0.00
H1.Z23,PF1,2023,8759,0,0.00
H1.Z23,PF2,2017,1,0,0.00
H1.Z23,PF2,2018,8760,0,0.00
H1.Z23,PF2,2019,8760,0,0.00
H1.Z23,PF2,2020,8784,0,0.00
H1.Z23,PF2,2021,8760,0,0.00
H1.Z23,PF2,2022,8760,0,0.00
H1.Z23,PF2,2023,8759,0,0.00
H1.Z23,PF3,2017,1,0,0.00
H1.Z23,PF3,2018,8760,0,0.00
H1.Z23,PF3,2019,8760,0,0.00
H1.Z23,PF3,2020,8784,0,0.00
H1.Z23,PF3,2021,8760,0,0.00
H1.Z23,PF3,2022,8760,0,0.00
H1.Z23,PF3,2023,8759,0,0.00
H1.Z23,Q,2017,1,0,0.00
H1.Z23,Q,2018,8760,0,0.00
H1.Z23,Q,2019,8760,0,0.00
H1.Z23,Q,2020,8784,0,0.00
H1.Z23,Q,2021,8760,0,0.00
H1.Z23,Q,2022,8760,0,0.00
H1.Z23,Q,2023,8759,0,0.00
H1.Z23,U1,2017,1,0,0.00
H1.Z23,U1,2018,8760,0,0.00
H1.Z23,U1,2019,8760,0,0.00
H1.Z23,U1,2020,8784,0,0.00
H1.Z23,U1,2021,8760,0,0.00
H1.Z23,U1,2022,8760,0,0.00
H1.Z23,U1,2023,8759,0,0.00
H1.Z23,U2,2017,1,0,0.00
H1.Z23,U2,2018,8760,0,0.00
H1.Z23,U2,2019,8760,0,0.00
H1.Z23,U2,2020,8784,0,0.00
H1.Z23,U2,2021,8760,0,0.00
H1.Z23,U2,2022,8760,0,0.00
H1.Z23,U2,2023,8759,0,0.00
H1.Z23,U3,2017,1,0,0.00
H1.Z23,U3,2018,8760,0,0.00
H1.Z23,U3,2019,8760,0,0.00
H1.Z23,U3,2020,8784,0,0.00
H1.Z23,U3,2021,8760,0,0.00
H1.Z23,U3,2022,8760,0,0.00
H1.Z23,U3,2023,8759,0,0.00
H1.Z23,W,2018,8239,0,0.00
H1.Z23,W,2019,8760,0,0.00
H1.Z23,W,2020,8784,0,0.00
H1.Z23,W,2021,8760,0,0.00
H1.Z23,W,2022,8760,0,0.00
H1.Z23,W,2023,8759,0,0.00
H1.Z23,WQ,2018,8444,0,0.00
H1.Z23,WQ,2019,8760,0,0.00
H1.Z23,WQ,2020,8784,0,0.00
H1.Z23,WQ,2021,8760,0,0.00
H1.Z23,WQ,2022,8760,0,0.00
H1.Z23,WQ,2023,8759,0,0.00
H1.Z23,WQ_in,2017,1,0,0.00
H1.Z23,WQ_in,2018,8760,0,0.00
H1.Z23,WQ_in,2019,8760,0,0.00
H1.Z23,WQ_in,2020,8784,0,0.00
H1.Z23,WQ_in,2021,8760,0,0.00
H1.Z23,WQ_in,2022,8760,0,0.00
H1.Z23,WQ_in,2023,8759,0,0.00
H1.Z23,WQ_out,2018,8444,0,0.00
H1.Z23,WQ_out,2019,8760,0,0.00
H1.Z23,WQ_out,2020,8784,0,0.00
H1.Z23,WQ_out,2021,8760,0,0.00
H1.Z23,WQ_out,2022,8760,0,0.00
H1.Z23,WQ_out,2023,8759,0,0.00
H1.Z23,W_in,2017,1,0,0.00
H1.Z23,W_in,2018,8760,0,0.00
H1.Z23,W_in,2019,8760,0,0.00
H1.Z23,W_in,2020,8784,0,0.00
H1.Z23,W_in,2021,8760,0,0.00
H1.Z23,W_in,2022,8760,0,0.00
H1.Z23,W_in,2023,8759,0,0.00
H1.Z23,W_out,2018,8239,0,0.00
H1.Z23,W_out,2019,8760,0,0.00
H1.Z23,W_out,2020,8784,0,0.00
H1.Z23,W_out,2021,8760,0,0.00
H1.Z23,W_out,2022,8760,0,0.00
H1.Z23,W_out,2023,8759,0,0.00
H1.Z23,f,2017,1,0,0.00
H1.Z23,f,2018,8760,0,0.00
H1.Z23,f,2019,8760,0,0.00
H1.Z23,f,2020,8784,0,0.00
H1.Z23,f,2021,8760,0,0.00
H1.Z23,f,2022,8760,0,0.00
H1.Z23,f,2023,8759,0,0.00
H1.Z24,I1,2017,1,0,0.00
H1.Z24,I1,2018,8760,0,0.00
H1.Z24,I1,2019,8760,0,0.00
H1.Z24,I1,2020,8784,0,0.00
H1.Z24,I1,2021,8760,0,0.00
H1.Z24,I1,2022,8760,0,0.00
H1.Z24,I1,2023,8759,0,0.00
H1.Z24,I2,2017,1,0,0.00
H1.Z24,I2,2018,8760,0,0.00
H1.Z24,I2,2019,8760,0,0.00
H1.Z24,I2,2020,8784,0,0.00
H1.Z24,I2,2021,8760,0,0.00
H1.Z24,I2,2022,8760,0,0.00
H1.Z24,I2,2023,8759,0,0.00
H1.Z24,I3,2017,1,0,0.00
H1.Z24,I3,2018,8760,0,0.00
H1.Z24,I3,2019,8760,0,0.00
H1.Z24,I3,2020,8784,0,0.00
H1.Z24,I3,2021,8760,0,0.00
H1.Z24,I3,2022,8760,0,0.00
H1.Z24,I3,2023,8759,0,0.00
H1.Z24,P,2017,1,0,0.00
H1.Z24,P,2018,8760,0,0.00
H1.Z24,P,2019,8760,0,0.00
H1.Z24,P,2020,8784,0,0.00
H1.Z24,P,2021,8760,0,0.00
H1.Z24,P,2022,8760,0,0.00
H1.Z24,P,2023,8759,0,0.00
H1.Z24,P1,2017,1,0,0.00
H1.Z24,P1,2018,8760,0,0.00
H1.Z24,P1,2019,8760,0,0.00
H1.Z24,P1,2020,8784,0,0.00
H1.Z24,P1,2021,8760,0,0.00
H1.Z24,P1,2022,8760,0,0.00
H1.Z24,P1,2023,8759,0,0.00
H1.Z24,P2,2017,1,0,0.00
H1.Z24,P2,2018,8760,0,0.00
H1.Z24,P2,2019,8760,0,0.00
H1.Z24,P2,2020,8784,0,0.00
H1.Z24,P2,2021,8760,0,0.00
H1.Z24,P2,2022,8760,0,0.00
H1.Z24,P2,2023,8759,0,0.00
H1.Z24,P3,2017,1,0,0.00
H1.Z24,P3,2018,8760,0,0.00
H1.Z24,P3,2019,8760,0,0.00
H1.Z24,P3,2020,8784,0,0.00
H1.Z24,P3,2021,8760,0,0.00
H1.Z24,P3,2022,8760,0,0.00
H1.Z24,P3,2023,8759,0,0.00
H1.Z24,PF,2017,1,0,0.00
H1.Z24,PF,2018,8760,0,0.00
H1.Z24,PF,2019,8760,0,0.00
H1.Z24,PF,2020,8784,0,0.00
H1.Z24,PF,2021,8760,0,0.00
H1.Z24,PF,2022,8760,0,0.00
H1.Z24,PF,2023,8759,0,0.00
H1.Z24,PF1,2017,1,0,0.00
H1.Z24,PF1,2018,8760,0,0.00
H1.Z24,PF1,2019,8760,0,0.00
H1.Z24,PF1,2020,8784,0,0.00
H1.Z24,PF1,2021,8760,0,0.00
H1.Z24,PF1,2022,8760,0,0.00
H1.Z24,PF1,2023,8759,0,0.00
H1.Z24,PF2,2017,1,0,0.00
H1.Z24,PF2,2018,8760,0,0.00
H1.Z24,PF2,2019,8760,0,0.00
H1.Z24,PF2,2020,8784,0,0.00
H1.Z24,PF2,2021,8760,0,0.00
H1.Z24,PF2,2022,8760,0,0.00
H1.Z24,PF2,2023,8759,0,0.00
H1.Z24,PF3,2017,1,0,0.00
H1.Z24,PF3,2018,8760,0,0.00
H1.Z24,PF3,2019,8760,0,0.00
H1.Z24,PF3,2020,8784,0,0.00
H1.Z24,PF3,2021,8760,0,0.00
H1.Z24,PF3,2022,8760,0,0.00
H1.Z24,PF3,2023,8759,0,0.00
H1.Z24,Q,2017,1,0,0.00
H1.Z24,Q,2018,8760,0,0.00
H1.Z24,Q,2019,8760,0,0.00
H1.Z24,Q,2020,8784,0,0.00
H1.Z24,Q,2021,8760,0,0.00
H1.Z24,Q,2022,8760,0,0.00
H1.Z24,Q,2023,8759,0,0.00
H1.Z24,U1,2017,1,0,0.00
H1.Z24,U1,2018,8760,0,0.00
H1.Z24,U1,2019,8760,0,0.00
H1.Z24,U1,2020,8784,0,0.00
H1.Z24,U1,2021,8760,0,0.00
H1.Z24,U1,2022,8760,0,0.00
H1.Z24,U1,2023,8759,0,0.00
H1.Z24,U2,2017,1,0,0.00
H1.Z24,U2,2018,8760,0,0.00
H1.Z24,U2,2019,8760,0,0.00
H1.Z24,U2,2020,8784,0,0.00
H1.Z24,U2,2021,8760,0,0.00
H1.Z24,U2,2022,8760,0,0.00
H1.Z24,U2,2023,8759,0,0.00
H1.Z24,U3,2017,1,0,0.00
H1.Z24,U3,2018,8760,0,0.00
H1.Z24,U3,2019,8760,0,0.00
H1.Z24,U3,2020,8784,0,0.00
H1.Z24,U3,2021,8760,0,0.00
H1.Z24,U3,2022,8760,0,0.00
H1.Z24,U3,2023,8759,0,0.00
H1.Z24,W,2018,8239,0,0.00
H1.Z24,W,2019,8760,0,0.00
H1.Z24,W,2020,8784,0,0.00
H1.Z24,W,2021,8760,0,0.00
H1.Z24,W,2022,8760,0,0.00
H1.Z24,W,2023,8759,0,0.00
H1.Z24,WQ,2018,8239,0,0.00
H1.Z24,WQ,2019,8760,0,0.00
H1.Z24,WQ,2020,8784,0,0.00
H1.Z24,WQ,2021,8760,0,0.00
H1.Z24,WQ,2022,8760,0,0.00
H1.Z24,WQ,2023,8759,0,0.00
H1.Z24,WQ_in,2018,8760,0,0.00
H1.Z24,WQ_in,2019,8760,0,0.00
H1.Z24,WQ_in,2020,8784,0,0.00
H1.Z24,WQ_in,2021,8760,0,0.00
H1.Z24,WQ_in,2022,8760,0,0.00
H1.Z24,WQ_in,2023,8759,0,0.00
H1.Z24,WQ_out,2018,8239,0,0.00
H1.Z24,WQ_out,2019,8760,0,0.00
H1.Z24,WQ_out,2020,8784,0,0.00
H1.Z24,WQ_out,2021,8760,0,0.00
H1.Z24,WQ_out,2022,8760,0,0.00
H1.Z24,WQ_out,2023,8759,0,0.00
H1.Z24,W_in,2018,8760,0,0.00
H1.Z24,W_in,2019,8760,0,0.00
H1.Z24,W_in,2020,8784,0,0.00
H1.Z24,W_in,2021,8760,0,0.00
H1.Z24,W_in,2022,8760,0,0.00
H1.Z24,W_in,2023,8759,0,0.00
H1.Z24,W_out,2018,8239,0,0.00
H1.Z24,W_out,2019,8760,0,0.00
H1.Z24,W_out,2020,8784,0,0.00
H1.Z24,W_out,2021,8760,0,0.00
H1.Z24,W_out,2022,8760,0,0.00
H1.Z24,W_out,2023,8759,0,0.00
H1.Z24,f,2017,1,0,0.00
H1.Z24,f,2018,8760,0,0.00
H1.Z24,f,2019,8760,0,0.00
H1.Z24,f,2020,8784,0,0.00
H1.Z24,f,2021,8760,0,0.00
H1.Z24,f,2022,8760,0,0.00
H1.Z24,f,2023,8759,0,0.00
H1.Z25,I1,2017,1,0,0.00
H1.Z25,I1,2018,8760,0,0.00
H1.Z25,I1,2019,8760,0,0.00
H1.Z25,I1,2020,8784,0,0.00
H1.Z25,I1,2021,8760,0,0.00
H1.Z25,I1,2022,8760,0,0.00
H1.Z25,I1,2023,8759,0,0.00
H1.Z25,I2,2017,1,0,0.00
H1.Z25,I2,2018,8760,0,0.00
H1.Z25,I2,2019,8760,0,0.00
H1.Z25,I2,2020,8784,0,0.00
H1.Z25,I2,2021,8760,0,0.00
H1.Z25,I2,2022,8760,0,0.00
H1.Z25,I2,2023,8759,0,0.00
H1.Z25,I3,2017,1,0,0.00
H1.Z25,I3,2018,8760,0,0.00
H1.Z25,I3,2019,8760,0,0.00
H1.Z25,I3,2020,8784,0,0.00
H1.Z25,I3,2021,8760,0,0.00
H1.Z25,I3,2022,8760,0,0.00
H1.Z25,I3,2023,8759,0,0.00
H1.Z25,P,2017,1,0,0.00
H1.Z25,P,2018,8760,0,0.00
H1.Z25,P,2019,8760,0,0.00
H1.Z25,P,2020,8784,0,0.00
H1.Z25,P,2021,8760,0,0.00
H1.Z25,P,2022,8760,0,0.00
H1.Z25,P,2023,8759,0,0.00
H1.Z25,P1,2017,1,0,0.00
H1.Z25,P1,2018,8760,0,0.00
H1.Z25,P1,2019,8760,0,0.00
H1.Z25,P1,2020,8784,0,0.00
H1.Z25,P1,2021,8760,0,0.00
H1.Z25,P1,2022,8760,0,0.00
H1.Z25,P1,2023,8759,0,0.00
H1.Z25,P2,2017,1,0,0.00
H1.Z25,P2,2018,8760,0,0.00
H1.Z25,P2,2019,8760,0,0.00
H1.Z25,P2,2020,8784,0,0.00
H1.Z25,P2,2021,8760,0,0.00
H1.Z25,P2,2022,8760,0,0.00
H1.Z25,P2,2023,8759,0,0.00
H1.Z25,P3,2017,1,0,0.00
H1.Z25,P3,2018,8760,0,0.00
H1.Z25,P3,2019,8760,0,0.00
H1.Z25,P3,2020,8784,0,0.00
H1.Z25,P3,2021,8760,0,0.00
H1.Z25,P3,2022,8760,0,0.00
H1.Z25,P3,2023,8759,0,0.00
H1.Z25,PF,2017,1,0,0.00
H1.Z25,PF,2018,8760,0,0.00
H1.Z25,PF,2019,8760,0,0.00
H1.Z25,PF,2020,8784,0,0.00
H1.Z25,PF,2021,8760,0,0.00
H1.Z25,PF,2022,8760,0,0.00
H1.Z25,PF,2023,8759,0,0.00
H1.Z25,PF1,2017,1,0,0.00
H1.Z25,PF1,2018,8760,0,0.00
H1.Z25,PF1,2019,8760,0,0.00
H1.Z25,PF1,2020,8784,0,0.00
H1.Z25,PF1,2021,8760,0,0.00
H1.Z25,PF1,2022,8760,0,0.00
H1.Z25,PF1,2023,8759,0,0.00
H1.Z25,PF2,2017,1,0,0.00
H1.Z25,PF2,2018,8760,0,0.00
H1.Z25,PF2,2019,8760,0,0.00
H1.Z25,PF2,2020,8784,0,0.00
H1.Z25,PF2,2021,8760,0,0.00
H1.Z25,PF2,2022,8760,0,0.00
H1.Z25,PF2,2023,8759,0,0.00
H1.Z25,PF3,2017,1,0,0.00
H1.Z25,PF3,2018,8760,0,0.00
H1.Z25,PF3,2019,8760,0,0.00
H1.Z25,PF3,2020,8784,0,0.00
H1.Z25,PF3,2021,8760,0,0.00
H1.Z25,PF3,2022,8760,0,0.00
H1.Z25,PF3,2023,8759,0,0.00
H1.Z25,Q,2017,1,0,0.00
H1.Z25,Q,2018,8760,0,0.00
H1.Z25,Q,2019,8760,0,0.00
H1.Z25,Q,2020,8784,0,0.00
H1.Z25,Q,2021,8760,0,0.00
H1.Z25,Q,2022,8760,0,0.00
H1.Z25,Q,2023,8759,0,0.00
H1.Z25,U1,2017,1,0,0.00
H1.Z25,U1,2018,8760,0,0.00
H1.Z25,U1,2019,8760,0,0.00
H1.Z25,U1,2020,8784,0,0.00
H1.Z25,U1,2021,8760,0,0.00
H1.Z25,U1,2022,8760,0,0.00
H1.Z25,U1,2023,8759,0,0.00
H1.Z25,U2,2017,1,0,0.00
H1.Z25,U2,2018,8760,0,0.00
H1.Z25,U2,2019,8760,0,0.00
H1.Z25,U2,2020,8784,0,0.00
H1.Z25,U2,2021,8760,0,0.00
H1.Z25,U2,2022,8760,0,0.00
H1.Z25,U2,2023,8759,0,0.00
H1.Z25,U3,2017,1,0,0.00
H1.Z25,U3,2018,8760,0,0.00
H1.Z25,U3,2019,8760,0,0.00
H1.Z25,U3,2020,8784,0,0.00
H1.Z25,U3,2021,8760,0,0.00
H1.Z25,U3,2022,8760,0,0.00
H1.Z25,U3,2023,8759,0,0.00
H1.Z25,W,2018,8239,0,0.00
H1.Z25,W,2019,8760,0,0.00
H1.Z25,W,2020,8784,0,0.00
H1.Z25,W,2021,8760,0,0.00
H1.Z25,W,2022,8760,0,0.00
H1.Z25,W,2023,8759,0,0.00
H1.Z25,WQ,2018,8759,0,0.00
H1.Z25,WQ,2019,8760,0,0.00
H1.Z25,WQ,2020,8784,0,0.00
H1.Z25,WQ,2021,8760,0,0.00
H1.Z25,WQ,2022,8760,0,0.00
H1.Z25,WQ,2023,8759,0,0.00
H1.Z25,WQ_in,2018,8759,0,0.00
H1.Z25,WQ_in,2019,8760,0,0.00
H1.Z25,WQ_in,2020,8784,0,0.00
H1.Z25,WQ_in,2021,8760,0,0.00
H1.Z25,WQ_in,2022,8760,0,0.00
H1.Z25,WQ_in,2023,8759,0,0.00
H1.Z25,WQ_out,2018,8760,0,0.00
H1.Z25,WQ_out,2019,8760,0,0.00
H1.Z25,WQ_out,2020,8784,0,0.00
H1.Z25,WQ_out,2021,8760,0,0.00
H1.Z25,WQ_out,2022,8760,0,0.00
H1.Z25,WQ_out,2023,8759,0,0.00
H1.Z25,W_in,2017,1,0,0.00
H1.Z25,W_in,2018,8760,0,0.00
H1.Z25,W_in,2019,8760,0,0.00
H1.Z25,W_in,2020,8784,0,0.00
H1.Z25,W_in,2021,8760,0,0.00
H1.Z25,W_in,2022,8760,0,0.00
H1.Z25,W_in,2023,8759,0,0.00
H1.Z25,W_out,2018,8239,0,0.00
H1.Z25,W_out,2019,8760,0,0.00
H1.Z25,W_out,2020,8784,0,0.00
H1.Z25,W_out,2021,8760,0,0.00
H1.Z25,W_out,2022,8760,0,0.00
H1.Z25,W_out,2023,8759,0,0.00
H1.Z25,f,2017,1,0,0.00
H1.Z25,f,2018,8760,0,0.00
H1.Z25,f,2019,8760,0,0.00
H1.Z25,f,2020,8784,0,0.00
H1.Z25,f,2021,8760,0,0.00
H1.Z25,f,2022,8760,0,0.00
H1.Z25,f,2023,8759,0,0.00
H1.Z26,I1,2017,1,0,0.00
H1.Z26,I1,2018,8760,0,0.00
H1.Z26,I1,2019,8760,0,0.00
H1.Z26,I1,2020,8784,0,0.00
H1.Z26,I1,2021,8760,0,0.00
H1.Z26,I1,2022,8760,0,0.00
H1.Z26,I1,2023,8759,0,0.00
H1.Z26,I2,2017,1,0,0.00
H1.Z26,I2,2018,8760,0,0.00
H1.Z26,I2,2019,8760,0,0.00
H1.Z26,I2,2020,8784,0,0.00
H1.Z26,I2,2021,8760,0,0.00
H1.Z26,I2,2022,8760,0,0.00
H1.Z26,I2,2023,8759,0,0.00
H1.Z26,I3,2017,1,0,0.00
H1.Z26,I3,2018,8760,0,0.00
H1.Z26,I3,2019,8760,0,0.00
H1.Z26,I3,2020,8784,0,0.00
H1.Z26,I3,2021,8760,0,0.00
H1.Z26,I3,2022,8760,0,0.00
H1.Z26,I3,2023,8759,0,0.00
H1.Z26,P,2017,1,0,0.00
H1.Z26,P,2018,8760,0,0.00
H1.Z26,P,2019,8760,0,0.00
H1.Z26,P,2020,8784,0,0.00
H1.Z26,P,2021,8760,0,0.00
H1.Z26,P,2022,8760,0,0.00
H1.Z26,P,2023,8759,0,0.00
H1.Z26,P1,2017,1,0,0.00
H1.Z26,P1,2018,8760,0,0.00
H1.Z26,P1,2019,8760,0,0.00
H1.Z26,P1,2020,8784,0,0.00
H1.Z26,P1,2021,8760,0,0.00
H1.Z26,P1,2022,8760,0,0.00
H1.Z26,P1,2023,8759,0,0.00
H1.Z26,P2,2017,1,0,0.00
H1.Z26,P2,2018,8760,0,0.00
H1.Z26,P2,2019,8760,0,0.00
H1.Z26,P2,2020,8784,0,0.00
H1.Z26,P2,2021,8760,0,0.00
H1.Z26,P2,2022,8760,0,0.00
H1.Z26,P2,2023,8759,0,0.00
H1.Z26,P3,2017,1,0,0.00
H1.Z26,P3,2018,8760,0,0.00
H1.Z26,P3,2019,8760,0,0.00
H1.Z26,P3,2020,8784,0,0.00
H1.Z26,P3,2021,8760,0,0.00
H1.Z26,P3,2022,8760,0,0.00
H1.Z26,P3,2023,8759,0,0.00
H1.Z26,PF,2017,1,0,0.00
H1.Z26,PF,2018,8760,0,0.00
H1.Z26,PF,2019,8760,0,0.00
H1.Z26,PF,2020,8784,0,0.00
H1.Z26,PF,2021,8760,0,0.00
H1.Z26,PF,2022,8760,0,0.00
H1.Z26,PF,2023,8759,0,0.00
H1.Z26,PF1,2017,1,0,0.00
H1.Z26,PF1,2018,8760,0,0.00
H1.Z26,PF1,2019,8760,0,0.00
H1.Z26,PF1,2020,8784,0,0.00
H1.Z26,PF1,2021,8760,0,0.00
H1.Z26,PF1,2022,8760,0,0.00
H1.Z26,PF1,2023,8759,0,0.00
H1.Z26,PF2,2017,1,0,0.00
H1.Z26,PF2,2018,8760,0,0.00
H1.Z26,PF2,2019,8760,0,0.00
H1.Z26,PF2,2020,8784,0,0.00
H1.Z26,PF2,2021,8760,0,0.00
H1.Z26,PF2,2022,8760,0,0.00
H1.Z26,PF2,2023,8759,0,0.00
H1.Z26,PF3,2017,1,0,0.00
H1.Z26,PF3,2018,8760,0,0.00
H1.Z26,PF3,2019,8760,0,0.00
H1.Z26,PF3,2020,8784,0,0.00
H1.Z26,PF3,2021,8760,0,0.00
H1.Z26,PF3,2022,8760,0,0.00
H1.Z26,PF3,2023,8759,0,0.00
H1.Z26,U1,2017,1,0,0.00
H1.Z26,U1,2018,8760,0,0.00
H1.Z26,U1,2019,8760,0,0.00
H1.Z26,U1,2020,8784,0,0.00
H1.Z26,U1,2021,8760,0,0.00
H1.Z26,U1,2022,8760,0,0.00
H1.Z26,U1,2023,8759,0,0.00
H1.Z26,U2,2017,1,0,0.00
H1.Z26,U2,2018,8760,0,0.00
H1.Z26,U2,2019,8760,0,0.00
H1.Z26,U2,2020,8784,0,0.00
H1.Z26,U2,2021,8760,0,0.00
H1.Z26,U2,2022,8760,0,0.00
H1.Z26,U2,2023,8759,0,0.00
H1.Z26,U3,2017,1,0,0.00
H1.Z26,U3,2018,8760,0,0.00
H1.Z26,U3,2019,8760,0,0.00
H1.Z26,U3,2020,8784,0,0.00
H1.Z26,U3,2021,8760,0,0.00
H1.Z26,U3,2022,8760,0,0.00
H1.Z26,U3,2023,8759,0,0.00
H1.Z26,W,2018,8760,0,0.00
H1.Z26,W,2019,8760,0,0.00
H1.Z26,W,2020,8784,0,0.00
H1.Z26,W,2021,8760,0,0.00
H1.Z26,W,2022,8760,0,0.00
H1.Z26,W,2023,8759,0,0.00
H1.Z26,W1,2018,8760,0,0.00
H1.Z26,W1,2019,8760,0,0.00
H1.Z26,W1,2020,8784,0,0.00
H1.Z26,W1,2021,8760,0,0.00
H1.Z26,W1,2022,8760,0,0.00
H1.Z26,W1,2023,8759,0,0.00
H1.Z26,W2,2018,8760,0,0.00
H1.Z26,W2,2019,8760,0,0.00
H1.Z26,W2,2020,8784,0,0.00
H1.Z26,W2,2021,8760,0,0.00
H1.Z26,W2,2022,8760,0,0.00
H1.Z26,W2,2023,8759,0,0.00
H1.Z26,W3,2018,8760,0,0.00
H1.Z26,W3,2019,8760,0,0.00
H1.Z26,W3,2020,8784,0,0.00
H1.Z26,W3,2021,8760,0,0.00
H1.Z26,W3,2022,8760,0,0.00
H1.Z26,W3,2023,8759,0,0.00
H1.Z26,W_in,2018,8760,0,0.00
H1.Z26,W_in,2019,8760,0,0.00
H1.Z26,W_in,2020,8784,0,0.00
H1.Z26,W_in,2021,8760,0,0.00
H1.Z26,W_in,2022,8760,0,0.00
H1.Z26,W_in,2023,8759,0,0.00
H1.Z26,W_out,2018,8760,0,0.00
H1.Z26,W_out,2019,8760,0,0.00
H1.Z26,W_out,2020,8784,0,0.00
H1.Z26,W_out,2021,8760,0,0.00
H1.Z26,W_out,2022,8760,0,0.00
H1.Z26,W_out,2023,8507,0,0.00
H1.Z26,f,2017,1,0,0.00
H1.Z26,f,2018,8760,0,0.00
H1.Z26,f,2019,8760,0,0.00
H1.Z26,f,2020,8784,0,0.00
H1.Z26,f,2021,8760,0,0.00
H1.Z26,f,2022,8760,0,0.00
H1.Z26,f,2023,8759,0,0.00
H1.Z27,I1,2017,1,0,0.00
H1.Z27,I1,2018,8760,0,0.00
H1.Z27,I1,2019,8760,0,0.00
H1.Z27,I1,2020,8784,0,0.00
H1.Z27,I1,2021,8760,0,0.00
H1.Z27,I1,2022,8760,0,0.00
H1.Z27,I1,2023,8759,0,0.00
H1.Z27,I2,2017,1,0,0.00
H1.Z27,I2,2018,8760,0,0.00
H1.Z27,I2,2019,8760,0,0.00
H1.Z27,I2,2020,8784,0,0.00
H1.Z27,I2,2021,8760,0,0.00
H1.Z27,I2,2022,8760,0,0.00
H1.Z27,I2,2023,8759,0,0.00
H1.Z27,I3,2017,1,0,0.00
H1.Z27,I3,2018,8760,0,0.00
H1.Z27,I3,2019,8760,0,0.00
H1.Z27,I3,2020,8784,0,0.00
H1.Z27,I3,2021,8760,0,0.00
H1.Z27,I3,2022,8760,0,0.00
H1.Z27,I3,2023,8759,0,0.00
H1.Z27,P,2017,1,0,0.00
H1.Z27,P,2018,8760,0,0.00
H1.Z27,P,2019,8760,0,0.00
H1.Z27,P,2020,8784,0,0.00
H1.Z27,P,2021,8760,0,0.00
H1.Z27,P,2022,8760,0,0.00
H1.Z27,P,2023,8759,0,0.00
H1.Z27,P1,2017,1,0,0.00
H1.Z27,P1,2018,8760,0,0.00
H1.Z27,P1,2019,8760,0,0.00
H1.Z27,P1,2020,8784,0,0.00
H1.Z27,P1,2021,8760,0,0.00
H1.Z27,P1,2022,8760,0,0.00
H1.Z27,P1,2023,8759,0,0.00
H1.Z27,P2,2017,1,0,0.00
H1.Z27,P2,2018,8760,0,0.00
H1.Z27,P2,2019,8760,0,0.00
H1.Z27,P2,2020,8784,0,0.00
H1.Z27,P2,2021,8760,0,0.00
H1.Z27,P2,2022,8760,0,0.00
H1.Z27,P2,2023,8759,0,0.00
H1.Z27,P3,2017,1,0,0.00
H1.Z27,P3,2018,8760,0,0.00
H1.Z27,P3,2019,8760,0,0.00
H1.Z27,P3,2020,8784,0,0.00
H1.Z27,P3,2021,8760,0,0.00
H1.Z27,P3,2022,8760,0,0.00
H1.Z27,P3,2023,8759,0,0.00
H1.Z27,PF,2017,1,0,0.00
H1.Z27,PF,2018,8760,0,0.00
H1.Z27,PF,2019,8760,0,0.00
H1.Z27,PF,2020,8784,0,0.00
H1.Z27,PF,2021,8760,0,0.00
H1.Z27,PF,2022,8760,0,0.00
H1.Z27,PF,2023,8759,0,0.00
H1.Z27,PF1,2017,1,0,0.00
H1.Z27,PF1,2018,8760,0,0.00
H1.Z27,PF1,2019,8760,0,0.00
H1.Z27,PF1,2020,8784,0,0.00
H1.Z27,PF1,2021,8760,0,0.00
H1.Z27,PF1,2022,8760,0,0.00
H1.Z27,PF1,2023,8759,0,0.00
H1.Z27,PF2,2017,1,0,0.00
H1.Z27,PF2,2018,8760,0,0.00
H1.Z27,PF2,2019,8760,0,0.00
H1.Z27,PF2,2020,8784,0,0.00
H1.Z27,PF2,2021,8760,0,0.00
H1.Z27,PF2,2022,8760,0,0.00
H1.Z27,PF2,2023,8759,0,0.00
H1.Z27,PF3,2017,1,0,0.00
H1.Z27,PF3,2018,8760,0,0.00
H1.Z27,PF3,2019,8760,0,0.00
H1.Z27,PF3,2020,8784,0,0.00
H1.Z27,PF3,2021,8760,0,0.00
H1.Z27,PF3,2022,8760,0,0.00
H1.Z27,PF3,2023,8759,0,0.00
H1.Z27,U1,2017,1,0,0.00
H1.Z27,U1,2018,8760,0,0.00
H1.Z27,U1,2019,8760,0,0.00
H1.Z27,U1,2020,8784,0,0.00
H1.Z27,U1,2021,8760,0,0.00
H1.Z27,U1,2022,8760,0,0.00
H1.Z27,U1,2023,8759,0,0.00
H1.Z27,U2,2017,1,0,0.00
H1.Z27,U2,2018,8760,0,0.00
H1.Z27,U2,2019,8760,0,0.00
H1.Z27,U2,2020,8784,0,0.00
H1.Z27,U2,2021,8760,0,0.00
H1.Z27,U2,2022,8760,0,0.00
H1.Z27,U2,2023,8759,0,0.00
H1.Z27,U3,2017,1,0,0.00
H1.Z27,U3,2018,8760,0,0.00
H1.Z27,U3,2019,8760,0,0.00
H1.Z27,U3,2020,8784,0,0.00
H1.Z27,U3,2021,8760,0,0.00
H1.Z27,U3,2022,8760,0,0.00
H1.Z27,U3,2023,8759,0,0.00
H1.Z27,W,2018,8760,0,0.00
H1.Z27,W,2019,8760,0,0.00
H1.Z27,W,2020,8784,0,0.00
H1.Z27,W,2021,8760,0,0.00
H1.Z27,W,2022,8760,0,0.00
H1.Z27,W,2023,8759,0,0.00
H1.Z27,W1,2018,8760,0,0.00
H1.Z27,W1,2019,8760,0,0.00
H1.Z27,W1,2020,8784,0,0.00
H1.Z27,W1,2021,8760,0,0.00
H1.Z27,W1,2022,8760,0,0.00
H1.Z27,W1,2023,8759,0,0.00
H1.Z27,W2,2018,8760,0,0.00
H1.Z27,W2,2019,8760,0,0.00
H1.Z27,W2,2020,8784,0,0.00
H1.Z27,W2,2021,8760,0,0.00
H1.Z27,W2,2022,8760,0,0.00
H1.Z27,W2,2023,8759,0,0.00
H1.Z27,W3,2018,8760,0,0.00
H1.Z27,W3,2019,8760,0,0.00
H1.Z27,W3,2020,8784,0,0.00
H1.Z27,W3,2021,8760,0,0.00
H1.Z27,W3,2022,8760,0,0.00
H1.Z27,W3,2023,8759,0,0.00
H1.Z27,W_in,2018,8760,0,0.00
H1.Z27,W_in,2019,8760,0,0.00
H1.Z27,W_in,2020,8784,0,0.00
H1.Z27,W_in,2021,8760,0,0.00
H1.Z27,W_in,2022,8760,0,0.00
H1.Z27,W_in,2023,8759,0,0.00
H1.Z27,W_out,2018,8760,0,0.00
H1.Z27,W_out,2019,8760,0,0.00
H1.Z27,W_out,2020,8784,0,0.00
H1.Z27,W_out,2021,8760,0,0.00
H1.Z27,W_out,2022,8760,0,0.00
H1.Z27,W_out,2023,4697,0,0.00
H1.Z27,f,2017,1,0,0.00
H1.Z27,f,2018,8760,0,0.00
H1.Z27,f,2019,8760,0,0.00
H1.Z27,f,2020,8784,0,0.00
H1.Z27,f,2021,8760,0,0.00
H1.Z27,f,2022,8760,0,0.00
H1.Z27,f,2023,8759,0,0.00
H1.Z28,I1,2017,1,0,0.00
H1.Z28,I1,2018,8760,0,0.00
H1.Z28,I1,2019,8760,0,0.00
H1.Z28,I1,2020,8784,0,0.00
H1.Z28,I1,2021,8760,0,0.00
H1.Z28,I1,2022,8760,0,0.00
H1.Z28,I1,2023,8759,0,0.00
H1.Z28,I2,2017,1,0,0.00
H1.Z28,I2,2018,8760,0,0.00
H1.Z28,I2,2019,8760,0,0.00
H1.Z28,I2,2020,8784,0,0.00
H1.Z28,I2,2021,8760,0,0.00
H1.Z28,I2,2022,8760,0,0.00
H1.Z28,I2,2023,8759,0,0.00
H1.Z28,I3,2017,1,0,0.00
H1.Z28,I3,2018,8760,0,0.00
H1.Z28,I3,2019,8760,0,0.00
H1.Z28,I3,2020,8784,0,0.00
H1.Z28,I3,2021,8760,0,0.00
H1.Z28,I3,2022,8760,0,0.00
H1.Z28,I3,2023,8759,0,0.00
H1.Z28,P,2017,1,0,0.00
H1.Z28,P,2018,8760,0,0.00
H1.Z28,P,2019,8760,0,0.00
H1.Z28,P,2020,8784,0,0.00
H1.Z28,P,2021,8760,0,0.00
H1.Z28,P,2022,8760,0,0.00
H1.Z28,P,2023,8759,0,0.00
H1.Z28,P1,2017,1,0,0.00
H1.Z28,P1,2018,8760,0,0.00
H1.Z28,P1,2019,8760,0,0.00
H1.Z28,P1,2020,8784,0,0.00
H1.Z28,P1,2021,8760,0,0.00
H1.Z28,P1,2022,8760,0,0.00
H1.Z28,P1,2023,8759,0,0.00
H1.Z28,P2,2017,1,0,0.00
H1.Z28,P2,2018,8760,0,0.00
H1.Z28,P2,2019,8760,0,0.00
H1.Z28,P2,2020,8784,0,0.00
H1.Z28,P2,2021,8760,0,0.00
H1.Z28,P2,2022,8760,0,0.00
H1.Z28,P2,2023,8759,0,0.00
H1.Z28,P3,2017,1,0,0.00
H1.Z28,P3,2018,8760,0,0.00
H1.Z28,P3,2019,8760,0,0.00
H1.Z28,P3,2020,8784,0,0.00
H1.Z28,P3,2021,8760,0,0.00
H1.Z28,P3,2022,8760,0,0.00
H1.Z28,P3,2023,8759,0,0.00
H1.Z28,PF,2017,1,0,0.00
H1.Z28,PF,2018,8760,0,0.00
H1.Z28,PF,2019,8760,0,0.00
H1.Z28,PF,2020,8784,0,0.00
H1.Z28,PF,2021,8760,0,0.00
H1.Z28,PF,2022,8760,0,0.00
H1.Z28,PF,2023,8759,0,0.00
H1.Z28,PF1,2017,1,0,0.00
H1.Z28,PF1,2018,8760,0,0.00
H1.Z28,PF1,2019,8760,0,0.00
H1.Z28,PF1,2020,8784,0,0.00
H1.Z28,PF1,2021,8760,0,0.00
H1.Z28,PF1,2022,8760,0,0.00
H1.Z28,PF1,2023,8759,0,0.00
H1.Z28,PF2,2017,1,0,0.00
H1.Z28,PF2,2018,8760,0,0.00
H1.Z28,PF2,2019,8760,0,0.00
H1.Z28,PF2,2020,8784,0,0.00
H1.Z28,PF2,2021,8760,0,0.00
H1.Z28,PF2,2022,8760,0,0.00
H1.Z28,PF2,2023,8759,0,0.00
H1.Z28,PF3,2017,1,0,0.00
H1.Z28,PF3,2018,8760,0,0.00
H1.Z28,PF3,2019,8760,0,0.00
H1.Z28,PF3,2020,8784,0,0.00
H1.Z28,PF3,2021,8760,0,0.00
H1.Z28,PF3,2022,8760,0,0.00
H1.Z28,PF3,2023,8759,0,0.00
H1.Z28,U1,2017,1,0,0.00
H1.Z28,U1,2018,8760,0,0.00
H1.Z28,U1,2019,8760,0,0.00
H1.Z28,U1,2020,8784,0,0.00
H1.Z28,U1,2021,8760,0,0.00
H1.Z28,U1,2022,8760,0,0.00
H1.Z28,U1,2023,8759,0,0.00
H1.Z28,U2,2017,1,0,0.00
H1.Z28,U2,2018,8760,0,0.00
H1.Z28,U2,2019,8760,0,0.00
H1.Z28,U2,2020,8784,0,0.00
H1.Z28,U2,2021,8760,0,0.00
H1.Z28,U2,2022,8760,0,0.00
H1.Z28,U2,2023,8759,0,0.00
H1.Z28,U3,2017,1,0,0.00
H1.Z28,U3,2018,8760,0,0.00
H1.Z28,U3,2019,8760,0,0.00
H1.Z28,U3,2020,8784,0,0.00
H1.Z28,U3,2021,8760,0,0.00
H1.Z28,U3,2022,8760,0,0.00
H1.Z28,U3,2023,8759,0,0.00
H1.Z28,W,2018,8760,0,0.00
H1.Z28,W,2019,8760,0,0.00
H1.Z28,W,2020,8784,0,0.00
H1.Z28,W,2021,8760,0,0.00
H1.Z28,W,2022,8760,0,0.00
H1.Z28,W,2023,8759,0,0.00
H1.Z28,W1,2018,8760,0,0.00
H1.Z28,W1,2019,8760,0,0.00
H1.Z28,W1,2020,8784,0,0.00
H1.Z28,W1,2021,8760,0,0.00
H1.Z28,W1,2022,8760,0,0.00
H1.Z28,W1,2023,8759,0,0.00
H1.Z28,W2,2018,8760,0,0.00
H1.Z28,W2,2019,8760,0,0.00
H1.Z28,W2,2020,8784,0,0.00
H1.Z28,W2,2021,8760,0,0.00
H1.Z28,W2,2022,8760,0,0.00
H1.Z28,W2,2023,8759,0,0.00
H1.Z28,W3,2018,8760,0,0.00
H1.Z28,W3,2019,8760,0,0.00
H1.Z28,W3,2020,8784,0,0.00
H1.Z28,W3,2021,8760,0,0.00
H1.Z28,W3,2022,8760,0,0.00
H1.Z28,W3,2023,8759,0,0.00
H1.Z28,W_in,2018,8760,0,0.00
H1.Z28,W_in,2019,8760,0,0.00
H1.Z28,W_in,2020,8784,0,0.00
H1.Z28,W_in,2021,8760,0,0.00
H1.Z28,W_in,2022,8760,0,0.00
H1.Z28,W_in,2023,8751,0,0.00
H1.Z28,W_out,2018,8760,0,0.00
H1.Z28,W_out,2019,8760,0,0.00
H1.Z28,W_out,2020,8784,0,0.00
H1.Z28,W_out,2021,8760,0,0.00
H1.Z28,W_out,2022,8760,0,0.00
H1.Z28,W_out,2023,8759,0,0.00
H1.Z28,f,2017,1,0,0.00
H1.Z28,f,2018,8760,0,0.00
H1.Z28,f,2019,8760,0,0.00
H1.Z28,f,2020,8784,0,0.00
H1.Z28,f,2021,8760,0,0.00
H1.Z28,f,2022,8760,0,0.00
H1.Z28,f,2023,8759,0,0.00
H1.Z29,I1,2017,1,0,0.00
H1.Z29,I1,2018,8760,0,0.00
H1.Z29,I1,2019,8760,0,0.00
H1.Z29,I1,2020,8784,0,0.00
H1.Z29,I1,2021,8760,0,0.00
H1.Z29,I1,2022,8760,0,0.00
H1.Z29,I1,2023,8759,0,0.00
H1.Z29,I2,2017,1,0,0.00
H1.Z29,I2,2018,8760,0,0.00
H1.Z29,I2,2019,8760,0,0.00
H1.Z29,I2,2020,8784,0,0.00
H1.Z29,I2,2021,8760,0,0.00
H1.Z29,I2,2022,8760,0,0.00
H1.Z29,I2,2023,8759,0,0.00
H1.Z29,I3,2017,1,0,0.00
H1.Z29,I3,2018,8760,0,0.00
H1.Z29,I3,2019,8760,0,0.00
H1.Z29,I3,2020,8784,0,0.00
H1.Z29,I3,2021,8760,0,0.00
H1.Z29,I3,2022,8760,0,0.00
H1.Z29,I3,2023,8759,0,0.00
H1.Z29,P,2017,1,0,0.00
H1.Z29,P,2018,8760,0,0.00
H1.Z29,P,2019,8760,0,0.00
H1.Z29,P,2020,8784,0,0.00
H1.Z29,P,2021,8760,0,0.00
H1.Z29,P,2022,8760,0,0.00
H1.Z29,P,2023,8759,0,0.00
H1.Z29,P1,2017,1,0,0.00
H1.Z29,P1,2018,8760,0,0.00
H1.Z29,P1,2019,8760,0,0.00
H1.Z29,P1,2020,8784,0,0.00
H1.Z29,P1,2021,8760,0,0.00
H1.Z29,P1,2022,8760,0,0.00
H1.Z29,P1,2023,8759,0,0.00
H1.Z29,P2,2017,1,0,0.00
H1.Z29,P2,2018,8760,0,0.00
H1.Z29,P2,2019,8760,0,0.00
H1.Z29,P2,2020,8784,0,0.00
H1.Z29,P2,2021,8760,0,0.00
H1.Z29,P2,2022,8760,0,0.00
H1.Z29,P2,2023,8759,0,0.00
H1.Z29,P3,2017,1,0,0.00
H1.Z29,P3,2018,8760,0,0.00
H1.Z29,P3,2019,8760,0,0.00
H1.Z29,P3,2020,8784,0,0.00
H1.Z29,P3,2021,8760,0,0.00
H1.Z29,P3,2022,8760,0,0.00
H1.Z29,P3,2023,8759,0,0.00
H1.Z29,PF,2017,1,0,0.00
H1.Z29,PF,2018,8760,0,0.00
H1.Z29,PF,2019,8760,0,0.00
H1.Z29,PF,2020,8784,0,0.00
H1.Z29,PF,2021,8760,0,0.00
H1.Z29,PF,2022,8760,0,0.00
H1.Z29,PF,2023,8759,0,0.00
H1.Z29,PF1,2017,1,0,0.00
H1.Z29,PF1,2018,8760,0,0.00
H1.Z29,PF1,2019,8760,0,0.00
H1.Z29,PF1,2020,8784,0,0.00
H1.Z29,PF1,2021,8760,0,0.00
H1.Z29,PF1,2022,8760,0,0.00
H1.Z29,PF1,2023,8759,0,0.00
H1.Z29,PF2,2017,1,0,0.00
H1.Z29,PF2,2018,8760,0,0.00
H1.Z29,PF2,2019,8760,0,0.00
H1.Z29,PF2,2020,8784,0,0.00
H1.Z29,PF2,2021,8760,0,0.00
H1.Z29,PF2,2022,8760,0,0.00
H1.Z29,PF2,2023,8759,0,0.00
H1.Z29,PF3,2017,1,0,0.00
H1.Z29,PF3,2018,8760,0,0.00
H1.Z29,PF3,2019,8760,0,0.00
H1.Z29,PF3,2020,8784,0,0.00
H1.Z29,PF3,2021,8760,0,0.00
H1.Z29,PF3,2022,8760,0,0.00
H1.Z29,PF3,2023,8759,0,0.00
H1.Z29,U1,2017,1,0,0.00
H1.Z29,U1,2018,8760,0,0.00
H1.Z29,U1,2019,8760,0,0.00
H1.Z29,U1,2020,8784,0,0.00
H1.Z29,U1,2021,8760,0,0.00
H1.Z29,U1,2022,8760,0,0.00
H1.Z29,U1,2023,8759,0,0.00
H1.Z29,U2,2017,1,0,0.00
H1.Z29,U2,2018,8760,0,0.00
H1.Z29,U2,2019,8760,0,0.00
H1.Z29,U2,2020,8784,0,0.00
H1.Z29,U2,2021,8760,0,0.00
H1.Z29,U2,2022,8760,0,0.00
H1.Z29,U2,2023,8759,0,0.00
H1.Z29,U3,2017,1,0,0.00
H1.Z29,U3,2018,8760,0,0.00
H1.Z29,U3,2019,8760,0,0.00
H1.Z29,U3,2020,8784,0,0.00
H1.Z29,U3,2021,8760,0,0.00
H1.Z29,U3,2022,8760,0,0.00
H1.Z29,U3,2023,8759,0,0.00
H1.Z29,W,2018,8760,0,0.00
H1.Z29,W,2019,8760,0,0.00
H1.Z29,W,2020,8784,0,0.00
H1.Z29,W,2021,8760,0,0.00
H1.Z29,W,2022,8760,0,0.00
H1.Z29,W,2023,8759,0,0.00
H1.Z29,W1,2018,8760,0,0.00
H1.Z29,W1,2019,8760,0,0.00
H1.Z29,W1,2020,8784,0,0.00
H1.Z29,W1,2021,8760,0,0.00
H1.Z29,W1,2022,8760,0,0.00
H1.Z29,W1,2023,8759,0,0.00
H1.Z29,W2,2018,8760,0,0.00
H1.Z29,W2,2019,8760,0,0.00
H1.Z29,W2,2020,8784,0,0.00
H1.Z29,W2,2021,8760,0,0.00
H1.Z29,W2,2022,8760,0,0.00
H1.Z29,W2,2023,8759,0,0.00
H1.Z29,W3,2018,8760,0,0.00
H1.Z29,W3,2019,8760,0,0.00
H1.Z29,W3,2020,8784,0,0.00
H1.Z29,W3,2021,8760,0,0.00
H1.Z29,W3,2022,8760,0,0.00
H1.Z29,W3,2023,8759,0,0.00
H1.Z29,W_in,2018,8760,0,0.00
H1.Z29,W_in,2019,8760,0,0.00
H1.Z29,W_in,2020,8784,0,0.00
H1.Z29,W_in,2021,8760,0,0.00
H1.Z29,W_in,2022,8760,0,0.00
H1.Z29,W_in,2023,8751,0,0.00
H1.Z29,W_out,2018,8760,0,0.00
H1.Z29,W_out,2019,8760,0,0.00
H1.Z29,W_out,2020,8784,0,0.00
H1.Z29,W_out,2021,8760,0,0.00
H1.Z29,W_out,2022,8760,0,0.00
H1.Z29,W_out,2023,8759,0,0.00
H1.Z29,f,2017,1,0,0.00
H1.Z29,f,2018,8760,0,0.00
H1.Z29,f,2019,8760,0,0.00
H1.Z29,f,2020,8784,0,0.00
H1.Z29,f,2021,8760,0,0.00
H1.Z29,f,2022,8760,0,0.00
H1.Z29,f,2023,8759,0,0.00
H1.Z310,I1,2020,4538,0,0.00
H1.Z310,I1,2021,8760,0,0.00
H1.Z310,I1,2022,8760,0,0.00
H1.Z310,I1,2023,8759,0,0.00
H1.Z310,I2,2020,4538,0,0.00
H1.Z310,I2,2021,8760,0,0.00
H1.Z310,I2,2022,8760,0,0.00
H1.Z310,I2,2023,8759,0,0.00
H1.Z310,I3,2020,4538,0,0.00
H1.Z310,I3,2021,8760,0,0.00
H1.Z310,I3,2022,8760,0,0.00
H1.Z310,I3,2023,8759,0,0.00
H1.Z310,P,2020,4538,0,0.00
H1.Z310,P,2021,8760,0,0.00
H1.Z310,P,2022,8760,0,0.00
H1.Z310,P,2023,8759,0,0.00
H1.Z310,P1,2020,4538,0,0.00
H1.Z310,P1,2021,8760,0,0.00
H1.Z310,P1,2022,8760,0,0.00
H1.Z310,P1,2023,8759,0,0.00
H1.Z310,P2,2020,4538,0,0.00
H1.Z310,P2,2021,8760,0,0.00
H1.Z310,P2,2022,8760,0,0.00
H1.Z310,P2,2023,8759,0,0.00
H1.Z310,P3,2020,4538,0,0.00
H1.Z310,P3,2021,8760,0,0.00
H1.Z310,P3,2022,8760,0,0.00
H1.Z310,P3,2023,8759,0,0.00
H1.Z310,PF,2020,4538,0,0.00
H1.Z310,PF,2021,8760,0,0.00
H1.Z310,PF,2022,8760,0,0.00
H1.Z310,PF,2023,8759,0,0.00
H1.Z310,PF1,2020,4538,0,0.00
H1.Z310,PF1,2021,8760,0,0.00
H1.Z310,PF1,2022,8760,0,0.00
H1.Z310,PF1,2023,8759,0,0.00
H1.Z310,PF2,2020,4538,0,0.00
H1.Z310,PF2,2021,8760,0,0.00
H1.Z310,PF2,2022,8760,0,0.00
H1.Z310,PF2,2023,8759,0,0.00
H1.Z310,PF3,2020,4538,0,0.00
H1.Z310,PF3,2021,8760,0,0.00
H1.Z310,PF3,2022,8760,0,0.00
H1.Z310,PF3,2023,8759,0,0.00
H1.Z310,U1,2020,4538,0,0.00
H1.Z310,U1,2021,8760,0,0.00
H1.Z310,U1,2022,8760,0,0.00
H1.Z310,U1,2023,8759,0,0.00
H1.Z310,U2,2020,4538,0,0.00
H1.Z310,U2,2021,8760,0,0.00
H1.Z310,U2,2022,8760,0,0.00
H1.Z310,U2,2023,8759,0,0.00
H1.Z310,U3,2020,4538,0,0.00
H1.Z310,U3,2021,8760,0,0.00
H1.Z310,U3,2022,8760,0,0.00
H1.Z310,U3,2023,8759,0,0.00
H1.Z310,W,2020,4537,0,0.00
H1.Z310,W,2021,8760,0,0.00
H1.Z310,W,2022,8760,0,0.00
H1.Z310,W,2023,8752,0,0.00
H1.Z310,W1,2020,4537,0,0.00
H1.Z310,W1,2021,8760,0,0.00
H1.Z310,W1,2022,8760,0,0.00
H1.Z310,W1,2023,8752,0,0.00
H1.Z310,W2,2020,4537,0,0.00
H1.Z310,W2,2021,8760,0,0.00
H1.Z310,W2,2022,8760,0,0.00
H1.Z310,W2,2023,8752,0,0.00
H1.Z310,W3,2020,4537,0,0.00
H1.Z310,W3,2021,8760,0,0.00
H1.Z310,W3,2022,8760,0,0.00
H1.Z310,W3,2023,8759,0,0.00
H1.Z310,W_in,2020,4537,0,0.00
H1.Z310,W_in,2021,8760,0,0.00
H1.Z310,W_in,2022,8760,0,0.00
H1.Z310,W_in,2023,8759,0,0.00
H1.Z310,W_out,2020,4532,0,0.00
H1.Z310,W_out,2021,8760,0,0.00
H1.Z310,W_out,2022,8760,0,0.00
H1.Z310,W_out,2023,8752,0,0.00
H1.Z310,f,2020,4538,0,0.00
H1.Z310,f,2021,8760,0,0.00
H1.Z310,f,2022,8760,0,0.00
H1.Z310,f,2023,8759,0,0.00
H1.ZE20,I1,2022,760,0,0.00
H1.ZE20,I1,2023,8759,0,0.00
H1.ZE20,I2,2022,760,0,0.00
H1.ZE20,I2,2023,8759,0,0.00
H1.ZE20,I3,2022,760,0,0.00
H1.ZE20,I3,2023,8759,0,0.00
H1.ZE20,P,2022,760,0,0.00
H1.ZE20,P,2023,8759,0,0.00
H1.ZE20,P1,2022,760,0,0.00
H1.ZE20,P1,2023,8759,0,0.00
H1.ZE20,P2,2022,760,0,0.00
H1.ZE20,P2,2023,8759,0,0.00
H1.ZE20,P3,2022,760,0,0.00
H1.ZE20,P3,2023,8759,0,0.00
H1.ZE20,PF,2022,760,0,0.00
H1.ZE20,PF,2023,8759,0,0.00
H1.ZE20,PF1,2022,760,0,0.00
H1.ZE20,PF1,2023,8759,0,0.00
H1.ZE20,PF2,2022,760,0,0.00
H1.ZE20,PF2,2023,8759,0,0.00
H1.ZE20,PF3,2022,760,0,0.00
H1.ZE20,PF3,2023,8759,0,0.00
H1.ZE20,U1,2022,760,0,0.00
H1.ZE20,U1,2023,8759,0,0.00
H1.ZE20,U2,2022,760,0,0.00
H1.ZE20,U2,2023,8759,0,0.00
H1.ZE20,U3,2022,760,0,0.00
H1.ZE20,U3,2023,8759,0,0.00
H1.ZE20,W,2022,759,0,0.00
H1.ZE20,W,2023,8759,0,0.00
H1.ZE20,W1,2022,759,0,0.00
H1.ZE20,W1,2023,8759,0,0.00
H1.ZE20,W2,2022,759,0,0.00
H1.ZE20,W2,2023,8759,0,0.00
H1.ZE20,W3,2022,759,0,0.00
H1.ZE20,W3,2023,8759,0,0.00
H1.ZE20,W_in,2022,759,0,0.00
H1.ZE20,W_in,2023,8751,0,0.00
H1.ZE20,W_out,2022,759,0,0.00
H1.ZE20,W_out,2023,8759,0,0.00
H1.ZE20,f,2022,760,0,0.00
H1.ZE20,f,2023,8759,0,0.00
H2.K21,P,2018,8703,0,0.00
H2.K21,P,2019,8760,0,0.00
H2.K21,P,2020,8784,0,0.00
H2.K21,P,2021,8760,0,0.00
H2.K21,P,2022,8760,0,0.00
H2.K21,P,2023,8759,0,0.00
H2.K21,Tdiff,2017,1,0,0.00
H2.K21,Tdiff,2018,8760,0,0.00
H2.K21,Tdiff,2019,8760,0,0.00
H2.K21,Tdiff,2020,8784,0,0.00
H2.K21,Tdiff,2021,8760,0,0.00
H2.K21,Tdiff,2022,8760,0,0.00
H2.K21,Tdiff,2023,8759,0,0.00
H2.K21,Trl,2018,8703,0,0.00
H2.K21,Trl,2019,8760,0,0.00
H2.K21,Trl,2020,8784,0,0.00
H2.K21,Trl,2021,8760,0,0.00
H2.K21,Trl,2022,8760,0,0.00
H2.K21,Trl,2023,8759,0,0.00
H2.K21,Tvl,2018,8703,0,0.00
H2.K21,Tvl,2019,8760,0,0.00
H2.K21,Tvl,2020,8784,0,0.00
H2.K21,Tvl,2021,8760,0,0.00
H2.K21,Tvl,2022,8760,0,0.00
H2.K21,Tvl,2023,8759,0,0.00
H2.K21,V,2018,8702,0,0.00
H2.K21,V,2019,8760,0,0.00
H2.K21,V,2020,8784,0,0.00
H2.K21,V,2021,8760,0,0.00
H2.K21,V,2022,8760,0,0.00
H2.K21,V,2023,8759,0,0.00
H2.K21,W,2018,8693,0,0.00
H2.K21,W,2019,8760,0,0.00
H2.K21,W,2020,8784,0,0.00
H2.K21,W,2021,8760,0,0.00
H2.K21,W,2022,8760,0,0.00
H2.K21,W,2023,8759,0,0.00
H2.K21,qv,2018,8703,0,0.00
H2.K21,qv,2019,8760,0,0.00
H2.K21,qv,2020,8784,0,0.00
H2.K21,qv,2021,8760,0,0.00
H2.K21,qv,2022,8760,0,0.00
H2.K21,qv,2023,8759,0,0.00
H2.T.Z30,I1,2017,1,0,0.00
H2.T.Z30,I1,2018,8760,0,0.00
H2.T.Z30,I1,2019,8760,0,0.00
H2.T.Z30,I1,2020,8784,0,0.00
H2.T.Z30,I1,2021,8760,0,0.00
H2.T.Z30,I1,2022,8760,0,0.00
H2.T.Z30,I1,2023,8759,0,0.00
H2.T.Z30,I2,2017,1,0,0.00
H2.T.Z30,I2,2018,8760,0,0.00
H2.T.Z30,I2,2019,8760,0,0.00
H2.T.Z30,I2,2020,8784,0,0.00
H2.T.Z30,I2,2021,8760,0,0.00
H2.T.Z30,I2,2022,8760,0,0.00
H2.T.Z30,I2,2023,8759,0,0.00
H2.T.Z30,I3,2017,1,0,0.00
H2.T.Z30,I3,2018,8760,0,0.00
H2.T.Z30,I3,2019,8760,0,0.00
H2.T.Z30,I3,2020,8784,0,0.00
H2.T.Z30,I3,2021,8760,0,0.00
H2.T.Z30,I3,2022,8760,0,0.00
H2.T.Z30,I3,2023,8759,0,0.00
H2.T.Z30,P,2017,1,0,0.00
H2.T.Z30,P,2018,8760,0,0.00
H2.T.Z30,P,2019,8760,0,0.00
H2.T.Z30,P,2020,8784,0,0.00
H2.T.Z30,P,2021,8760,0,0.00
H2.T.Z30,P,2022,8760,0,0.00
H2.T.Z30,P,2023,8759,0,0.00
H2.T.Z30,P1,2017,1,0,0.00
H2.T.Z30,P1,2018,8760,0,0.00
H2.T.Z30,P1,2019,8760,0,0.00
H2.T.Z30,P1,2020,8784,0,0.00
H2.T.Z30,P1,2021,8760,0,0.00
H2.T.Z30,P1,2022,8760,0,0.00
H2.T.Z30,P1,2023,8759,0,0.00
H2.T.Z30,P2,2017,1,0,0.00
H2.T.Z30,P2,2018,8760,0,0.00
H2.T.Z30,P2,2019,8760,0,0.00
H2.T.Z30,P2,2020,8784,0,0.00
H2.T.Z30,P2,2021,8760,0,0.00
H2.T.Z30,P2,2022,8760,0,0.00
H2.T.Z30,P2,2023,8759,0,0.00
H2.T.Z30,P3,2017,1,0,0.00
H2.T.Z30,P3,2018,8760,0,0.00
H2.T.Z30,P3,2019,8760,0,0.00
H2.T.Z30,P3,2020,8784,0,0.00
H2.T.Z30,P3,2021,8760,0,0.00
H2.T.Z30,P3,2022,8760,0,0.00
H2.T.Z30,P3,2023,8759,0,0.00
H2.T.Z30,PF,2017,1,0,0.00
H2.T.Z30,PF,2018,8760,0,0.00
H2.T.Z30,PF,2019,8760,0,0.00
H2.T.Z30,PF,2020,8784,0,0.00
H2.T.Z30,PF,2021,8760,0,0.00
H2.T.Z30,PF,2022,8760,0,0.00
H2.T.Z30,PF,2023,8759,0,0.00
H2.T.Z30,PF1,2017,1,0,0.00
H2.T.Z30,PF1,2018,8760,0,0.00
H2.T.Z30,PF1,2019,8760,0,0.00
H2.T.Z30,PF1,2020,8784,0,0.00
H2.T.Z30,PF1,2021,8760,0,0.00
H2.T.Z30,PF1,2022,8760,0,0.00
H2.T.Z30,PF1,2023,8759,0,0.00
H2.T.Z30,PF2,2017,1,0,0.00
H2.T.Z30,PF2,2018,8760,0,0.00
H2.T.Z30,PF2,2019,8760,0,0.00
H2.T.Z30,PF2,2020,8784,0,0.00
H2.T.Z30,PF2,2021,8760,0,0.00
H2.T.Z30,PF2,2022,8760,0,0.00
H2.T.Z30,PF2,2023,8759,0,0.00
H2.T.Z30,PF3,2017,1,0,0.00
H2.T.Z30,PF3,2018,8760,0,0.00
H2.T.Z30,PF3,2019,8760,0,0.00
H2.T.Z30,PF3,2020,8784,0,0.00
H2.T.Z30,PF3,2021,8760,0,0.00
H2.T.Z30,PF3,2022,8760,0,0.00
H2.T.Z30,PF3,2023,8759,0,0.00
H2.T.Z30,Q,2017,1,0,0.00
H2.T.Z30,Q,2018,8760,0,0.00
H2.T.Z30,Q,2019,8760,0,0.00
H2.T.Z30,Q,2020,8784,0,0.00
H2.T.Z30,Q,2021,8760,0,0.00
H2.T.Z30,Q,2022,8760,0,0.00
H2.T.Z30,Q,2023,8759,0,0.00
H2.T.Z30,U1,2017,1,0,0.00
H2.T.Z30,U1,2018,8760,0,0.00
H2.T.Z30,U1,2019,8760,0,0.00
H2.T.Z30,U1,2020,8784,0,0.00
H2.T.Z30,U1,2021,8760,0,0.00
H2.T.Z30,U1,2022,8760,0,0.00
H2.T.Z30,U1,2023,8759,0,0.00
H2.T.Z30,U2,2017,1,0,0.00
H2.T.Z30,U2,2018,8760,0,0.00
H2.T.Z30,U2,2019,8760,0,0.00
H2.T.Z30,U2,2020,8784,0,0.00
H2.T.Z30,U2,2021,8760,0,0.00
H2.T.Z30,U2,2022,8760,0,0.00
H2.T.Z30,U2,2023,8759,0,0.00
H2.T.Z30,U3,2017,1,0,0.00
H2.T.Z30,U3,2018,8760,0,0.00
H2.T.Z30,U3,2019,8760,0,0.00
H2.T.Z30,U3,2020,8784,0,0.00
H2.T.Z30,U3,2021,8760,0,0.00
H2.T.Z30,U3,2022,8760,0,0.00
H2.T.Z30,U3,2023,8759,0,0.00
H2.T.Z30,W,2018,1241,0,0.00
H2.T.Z30,W,2019,8760,0,0.00
H2.T.Z30,W,2020,8784,0,0.00
H2.T.Z30,W,2021,8760,0,0.00
H2.T.Z30,W,2022,8760,0,0.00
H2.T.Z30,W,2023,8759,0,0.00
H2.T.Z30,WQ,2018,8706,0,0.00
H2.T.Z30,WQ,2019,8760,0,0.00
H2.T.Z30,WQ,2020,8784,0,0.00
H2.T.Z30,WQ,2021,8760,0,0.00
H2.T.Z30,WQ,2022,8760,0,0.00
H2.T.Z30,WQ,2023,8759,0,0.00
H2.T.Z30,WQ_in,2018,8706,0,0.00
H2.T.Z30,WQ_in,2019,8760,0,0.00
H2.T.Z30,WQ_in,2020,8784,0,0.00
H2.T.Z30,WQ_in,2021,8760,0,0.00
H2.T.Z30,WQ_in,2022,8760,0,0.00
H2.T.Z30,WQ_in,2023,8759,0,0.00
H2.T.Z30,WQ_out,2017,1,0,0.00
H2.T.Z30,WQ_out,2018,8760,0,0.00
H2.T.Z30,WQ_out,2019,8760,0,0.00
H2.T.Z30,WQ_out,2020,8784,0,0.00
H2.T.Z30,WQ_out,2021,8760,0,0.00
H2.T.Z30,WQ_out,2022,8760,0,0.00
H2.T.Z30,WQ_out,2023,8759,0,0.00
H2.T.Z30,W_in,2017,1,0,0.00
H2.T.Z30,W_in,2018,8760,0,0.00
H2.T.Z30,W_in,2019,8760,0,0.00
H2.T.Z30,W_in,2020,8784,0,0.00
H2.T.Z30,W_in,2021,8760,0,0.00
H2.T.Z30,W_in,2022,8760,0,0.00
H2.T.Z30,W_in,2023,8759,0,0.00
H2.T.Z30,W_out,2018,1241,0,0.00
H2.T.Z30,W_out,2019,8760,0,0.00
H2.T.Z30,W_out,2020,8784,0,0.00
H2.T.Z30,W_out,2021,8760,0,0.00
H2.T.Z30,W_out,2022,8760,0,0.00
H2.T.Z30,W_out,2023,8759,0,0.00
H2.T.Z30,f,2017,1,0,0.00
H2.T.Z30,f,2018,8760,0,0.00
H2.T.Z30,f,2019,8760,0,0.00
H2.T.Z30,f,2020,8784,0,0.00
H2.T.Z30,f,2021,8760,0,0.00
H2.T.Z30,f,2022,8760,0,0.00
H2.T.Z30,f,2023,8759,0,0.00
H2.T.Z31,I1,2017,1,0,0.00
H2.T.Z31,I1,2018,8760,0,0.00
H2.T.Z31,I1,2019,8760,0,0.00
H2.T.Z31,I1,2020,8784,0,0.00
H2.T.Z31,I1,2021,8760,0,0.00
H2.T.Z31,I1,2022,8760,0,0.00
H2.T.Z31,I1,2023,8759,0,0.00
H2.T.Z31,I2,2017,1,0,0.00
H2.T.Z31,I2,2018,8760,0,0.00
H2.T.Z31,I2,2019,8760,0,0.00
H2.T.Z31,I2,2020,8784,0,0.00
H2.T.Z31,I2,2021,8760,0,0.00
H2.T.Z31,I2,2022,8760,0,0.00
H2.T.Z31,I2,2023,8759,0,0.00
H2.T.Z31,I3,2017,1,0,0.00
H2.T.Z31,I3,2018,8760,0,0.00
H2.T.Z31,I3,2019,8760,0,0.00
H2.T.Z31,I3,2020,8784,0,0.00
H2.T.Z31,I3,2021,8760,0,0.00
H2.T.Z31,I3,2022,8760,0,0.00
H2.T.Z31,I3,2023,8759,0,0.00
H2.T.Z31,P,2017,1,0,0.00
H2.T.Z31,P,2018,8760,0,0.00
H2.T.Z31,P,2019,8760,0,0.00
H2.T.Z31,P,2020,8784,0,0.00
H2.T.Z31,P,2021,8760,0,0.00
H2.T.Z31,P,2022,8760,0,0.00
H2.T.Z31,P,2023,8759,0,0.00
H2.T.Z31,P1,2017,1,0,0.00
H2.T.Z31,P1,2018,8760,0,0.00
H2.T.Z31,P1,2019,8760,0,0.00
H2.T.Z31,P1,2020,8784,0,0.00
H2.T.Z31,P1,2021,8760,0,0.00
H2.T.Z31,P1,2022,8760,0,0.00
H2.T.Z31,P1,2023,8759,0,0.00
H2.T.Z31,P2,2017,1,0,0.00
H2.T.Z31,P2,2018,8760,0,0.00
H2.T.Z31,P2,2019,8760,0,0.00
H2.T.Z31,P2,2020,8784,0,0.00
H2.T.Z31,P2,2021,8760,0,0.00
H2.T.Z31,P2,2022,8760,0,0.00
H2.T.Z31,P2,2023,8759,0,0.00
H2.T.Z31,P3,2017,1,0,0.00
H2.T.Z31,P3,2018,8760,0,0.00
H2.T.Z31,P3,2019,8760,0,0.00
H2.T.Z31,P3,2020,8784,0,0.00
H2.T.Z31,P3,2021,8760,0,0.00
H2.T.Z31,P3,2022,8760,0,0.00
H2.T.Z31,P3,2023,8759,0,0.00
H2.T.Z31,PF,2017,1,0,0.00
H2.T.Z31,PF,2018,8760,0,0.00
H2.T.Z31,PF,2019,8760,0,0.00
H2.T.Z31,PF,2020,8784,0,0.00
H2.T.Z31,PF,2021,8760,0,0.00
H2.T.Z31,PF,2022,8760,0,0.00
H2.T.Z31,PF,2023,8759,0,0.00
H2.T.Z31,PF1,2017,1,0,0.00
H2.T.Z31,PF1,2018,8760,0,0.00
H2.T.Z31,PF1,2019,8760,0,0.00
H2.T.Z31,PF1,2020,8784,0,0.00
H2.T.Z31,PF1,2021,8760,0,0.00
H2.T.Z31,PF1,2022,8760,0,0.00
H2.T.Z31,PF1,2023,8759,0,0.00
H2.T.Z31,PF2,2017,1,0,0.00
H2.T.Z31,PF2,2018,8760,0,0.00
H2.T.Z31,PF2,2019,8760,0,0.00
H2.T.Z31,PF2,2020,8784,0,0.00
H2.T.Z31,PF2,2021,8760,0,0.00
H2.T.Z31,PF2,2022,8760,0,0.00
H2.T.Z31,PF2,2023,8759,0,0.00
H2.T.Z31,PF3,2017,1,0,0.00
H2.T.Z31,PF3,2018,8760,0,0.00
H2.T.Z31,PF3,2019,8760,0,0.00
H2.T.Z31,PF3,2020,8784,0,0.00
H2.T.Z31,PF3,2021,8760,0,0.00
H2.T.Z31,PF3,2022,8760,0,0.00
H2.T.Z31,PF3,2023,8759,0,0.00
H2.T.Z31,Q,2017,1,0,0.00
H2.T.Z31,Q,2018,8760,0,0.00
H2.T.Z31,Q,2019,8760,0,0.00
H2.T.Z31,Q,2020,8784,0,0.00
H2.T.Z31,Q,2021,8760,0,0.00
H2.T.Z31,Q,2022,8760,0,0.00
H2.T.Z31,Q,2023,8759,0,0.00
H2.T.Z31,U1,2017,1,0,0.00
H2.T.Z31,U1,2018,8760,0,0.00
H2.T.Z31,U1,2019,8760,0,0.00
H2.T.Z31,U1,2020,8784,0,0.00
H2.T.Z31,U1,2021,8760,0,0.00
H2.T.Z31,U1,2022,8760,0,0.00
H2.T.Z31,U1,2023,8759,0,0.00
H2.T.Z31,U2,2017,1,0,0.00
H2.T.Z31,U2,2018,8760,0,0.00
H2.T.Z31,U2,2019,8760,0,0.00
H2.T.Z31,U2,2020,8784,0,0.00
H2.T.Z31,U2,2021,8760,0,0.00
H2.T.Z31,U2,2022,8760,0,0.00
H2.T.Z31,U2,2023,8759,0,0.00
H2.T.Z31,U3,2017,1,0,0.00
H2.T.Z31,U3,2018,8760,0,0.00
H2.T.Z31,U3,2019,8760,0,0.00
H2.T.Z31,U3,2020,8784,0,0.00
H2.T.Z31,U3,2021,8760,0,0.00
H2.T.Z31,U3,2022,8760,0,0.00
H2.T.Z31,U3,2023,8759,0,0.00
H2.T.Z31,W,2018,1241,0,0.00
H2.T.Z31,W,2019,8760,0,0.00
H2.T.Z31,W,2020,8784,0,0.00
H2.T.Z31,W,2021,8760,0,0.00
H2.T.Z31,W,2022,8760,0,0.00
H2.T.Z31,W,2023,8759,0,0.00
H2.T.Z31,WQ,2018,8716,0,0.00
H2.T.Z31,WQ,2019,8760,0,0.00
H2.T.Z31,WQ,2020,8784,0,0.00
H2.T.Z31,WQ,2021,8760,0,0.00
H2.T.Z31,WQ,2022,8760,0,0.00
H2.T.Z31,WQ,2023,8759,0,0.00
H2.T.Z31,WQ_in,2018,8760,0,0.00
H2.T.Z31,WQ_in,2019,8760,0,0.00
H2.T.Z31,WQ_in,2020,8784,0,0.00
H2.T.Z31,WQ_in,2021,8760,0,0.00
H2.T.Z31,WQ_in,2022,8760,0,0.00
H2.T.Z31,WQ_in,2023,8759,0,0.00
H2.T.Z31,WQ_out,2018,8716,0,0.00
H2.T.Z31,WQ_out,2019,8760,0,0.00
H2.T.Z31,WQ_out,2020,8784,0,0.00
H2.T.Z31,WQ_out,2021,8760,0,0.00
H2.T.Z31,WQ_out,2022,8760,0,0.00
H2.T.Z31,WQ_out,2023,8759,0,0.00
H2.T.Z31,W_in,2018,8760,0,0.00
H2.T.Z31,W_in,2019,8760,0,0.00
H2.T.Z31,W_in,2020,8784,0,0.00
H2.T.Z31,W_in,2021,8760,0,0.00
H2.T.Z31,W_in,2022,8760,0,0.00
H2.T.Z31,W_in,2023,8759,0,0.00
H2.T.Z31,W_out,2018,1241,0,0.00
H2.T.Z31,W_out,2019,8760,0,0.00
H2.T.Z31,W_out,2020,8784,0,0.00
H2.T.Z31,W_out,2021,8760,0,0.00
H2.T.Z31,W_out,2022,8760,0,0.00
H2.T.Z31,W_out,2023,8759,0,0.00
H2.T.Z31,f,2017,1,0,0.00
H2.T.Z31,f,2018,8760,0,0.00
H2.T.Z31,f,2019,8760,0,0.00
H2.T.Z31,f,2020,8784,0,0.00
H2.T.Z31,f,2021,8760,0,0.00
H2.T.Z31,f,2022,8760,0,0.00
H2.T.Z31,f,2023,8759,0,0.00
H2.T.Z32,I1,2017,1,0,0.00
H2.T.Z32,I1,2018,8760,0,0.00
H2.T.Z32,I1,2019,8760,0,0.00
H2.T.Z32,I1,2020,8784,0,0.00
H2.T.Z32,I1,2021,8760,0,0.00
H2.T.Z32,I1,2022,8760,0,0.00
H2.T.Z32,I1,2023,8759,0,0.00
H2.T.Z32,I2,2017,1,0,0.00
H2.T.Z32,I2,2018,8760,0,0.00
H2.T.Z32,I2,2019,8760,0,0.00
H2.T.Z32,I2,2020,8784,0,0.00
H2.T.Z32,I2,2021,8760,0,0.00
H2.T.Z32,I2,2022,8760,0,0.00
H2.T.Z32,I2,2023,8759,0,0.00
H2.T.Z32,I3,2017,1,0,0.00
H2.T.Z32,I3,2018,8760,0,0.00
H2.T.Z32,I3,2019,8760,0,0.00
H2.T.Z32,I3,2020,8784,0,0.00
H2.T.Z32,I3,2021,8760,0,0.00
H2.T.Z32,I3,2022,8760,0,0.00
H2.T.Z32,I3,2023,8759,0,0.00
H2.T.Z32,P,2017,1,0,0.00
H2.T.Z32,P,2018,8760,0,0.00
H2.T.Z32,P,2019,8760,0,0.00
H2.T.Z32,P,2020,8784,0,0.00
H2.T.Z32,P,2021,8760,0,0.00
H2.T.Z32,P,2022,8760,0,0.00
H2.T.Z32,P,2023,8759,0,0.00
H2.T.Z32,P1,2017,1,0,0.00
H2.T.Z32,P1,2018,8760,0,0.00
H2.T.Z32,P1,2019,8760,0,0.00
H2.T.Z32,P1,2020,8784,0,0.00
H2.T.Z32,P1,2021,8760,0,0.00
H2.T.Z32,P1,2022,8760,0,0.00
H2.T.Z32,P1,2023,8759,0,0.00
H2.T.Z32,P2,2017,1,0,0.00
H2.T.Z32,P2,2018,8760,0,0.00
H2.T.Z32,P2,2019,8760,0,0.00
H2.T.Z32,P2,2020,8784,0,0.00
H2.T.Z32,P2,2021,8760,0,0.00
H2.T.Z32,P2,2022,8760,0,0.00
H2.T.Z32,P2,2023,8759,0,0.00
H2.T.Z32,P3,2017,1,0,0.00
H2.T.Z32,P3,2018,8760,0,0.00
H2.T.Z32,P3,2019,8760,0,0.00
H2.T.Z32,P3,2020,8784,0,0.00
H2.T.Z32,P3,2021,8760,0,0.00
H2.T.Z32,P3,2022,8760,0,0.00
H2.T.Z32,P3,2023,8759,0,0.00
H2.T.Z32,PF,2017,1,0,0.00
H2.T.Z32,PF,2018,8760,0,0.00
H2.T.Z32,PF,2019,8760,0,0.00
H2.T.Z32,PF,2020,8784,0,0.00
H2.T.Z32,PF,2021,8760,0,0.00
H2.T.Z32,PF,2022,8760,0,0.00
H2.T.Z32,PF,2023,8759,0,0.00
H2.T.Z32,PF1,2017,1,0,0.00
H2.T.Z32,PF1,2018,8760,0,0.00
H2.T.Z32,PF1,2019,8760,0,0.00
H2.T.Z32,PF1,2020,8784,0,0.00
H2.T.Z32,PF1,2021,8760,0,0.00
H2.T.Z32,PF1,2022,8760,0,0.00
H2.T.Z32,PF1,2023,8759,0,0.00
H2.T.Z32,PF2,2017,1,0,0.00
H2.T.Z32,PF2,2018,8760,0,0.00
H2.T.Z32,PF2,2019,8760,0,0.00
H2.T.Z32,PF2,2020,8784,0,0.00
H2.T.Z32,PF2,2021,8760,0,0.00
H2.T.Z32,PF2,2022,8760,0,0.00
H2.T.Z32,PF2,2023,8759,0,0.00
H2.T.Z32,PF3,2017,1,0,0.00
H2.T.Z32,PF3,2018,8760,0,0.00
H2.T.Z32,PF3,2019,8760,0,0.00
H2.T.Z32,PF3,2020,8784,0,0.00
H2.T.Z32,PF3,2021,8760,0,0.00
H2.T.Z32,PF3,2022,8760,0,0.00
H2.T.Z32,PF3,2023,8759,0,0.00
H2.T.Z32,Q,2017,1,0,0.00
H2.T.Z32,Q,2018,8760,0,0.00
H2.T.Z32,Q,2019,8760,0,0.00
H2.T.Z32,Q,2020,8784,0,0.00
H2.T.Z32,Q,2021,8760,0,0.00
H2.T.Z32,Q,2022,8760,0,0.00
H2.T.Z32,Q,2023,8759,0,0.00
H2.T.Z32,U1,2017,1,0,0.00
H2.T.Z32,U1,2018,8760,0,0.00
H2.T.Z32,U1,2019,8760,0,0.00
H2.T.Z32,U1,2020,8784,0,0.00
H2.T.Z32,U1,2021,8760,0,0.00
H2.T.Z32,U1,2022,8760,0,0.00
H2.T.Z32,U1,2023,8759,0,0.00
H2.T.Z32,U2,2017,1,0,0.00
H2.T.Z32,U2,2018,8760,0,0.00
H2.T.Z32,U2,2019,8760,0,0.00
H2.T.Z32,U2,2020,8784,0,0.00
H2.T.Z32,U2,2021,8760,0,0.00
H2.T.Z32,U2,2022,8760,0,0.00
H2.T.Z32,U2,2023,8759,0,0.00
H2.T.Z32,U3,2017,1,0,0.00
H2.T.Z32,U3,2018,8760,0,0.00
H2.T.Z32,U3,2019,8760,0,0.00
H2.T.Z32,U3,2020,8784,0,0.00
H2.T.Z32,U3,2021,8760,0,0.00
H2.T.Z32,U3,2022,8760,0,0.00
H2.T.Z32,U3,2023,8759,0,0.00
H2.T.Z32,W,2018,1241,0,0.00
H2.T.Z32,W,2019,8760,0,0.00
H2.T.Z32,W,2020,8784,0,0.00
H2.T.Z32,W,2021,8760,0,0.00
H2.T.Z32,W,2022,8760,0,0.00
H2.T.Z32,W,2023,8759,0,0.00
H2.T.Z32,WQ,2018,8692,0,0.00
H2.T.Z32,WQ,2019,8760,0,0.00
H2.T.Z32,WQ,2020,8784,0,0.00
H2.T.Z32,WQ,2021,8760,0,0.00
H2.T.Z32,WQ,2022,8760,0,0.00
H2.T.Z32,WQ,2023,8759,0,0.00
H2.T.Z32,WQ_in,2017,1,0,0.00
H2.T.Z32,WQ_in,2018,8760,0,0.00
H2.T.Z32,WQ_in,2019,8760,0,0.00
H2.T.Z32,WQ_in,2020,8784,0,0.00
H2.T.Z32,WQ_in,2021,8760,0,0.00
H2.T.Z32,WQ_in,2022,8760,0,0.00
H2.T.Z32,WQ_in,2023,8759,0,0.00
H2.T.Z32,WQ_out,2018,8692,0,0.00
H2.T.Z32,WQ_out,2019,8760,0,0.00
H2.T.Z32,WQ_out,2020,8784,0,0.00
H2.T.Z32,WQ_out,2021,8760,0,0.00
H2.T.Z32,WQ_out,2022,8760,0,0.00
H2.T.Z32,WQ_out,2023,8759,0,0.00
H2.T.Z32,W_in,2017,1,0,0.00
H2.T.Z32,W_in,2018,8760,0,0.00
H2.T.Z32,W_in,2019,8760,0,0.00
H2.T.Z32,W_in,2020,8784,0,0.00
H2.T.Z32,W_in,2021,8760,0,0.00
H2.T.Z32,W_in,2022,8760,0,0.00
H2.T.Z32,W_in,2023,8759,0,0.00
H2.T.Z32,W_out,2018,1241,0,0.00
H2.T.Z32,W_out,2019,8760,0,0.00
H2.T.Z32,W_out,2020,8784,0,0.00
H2.T.Z32,W_out,2021,8760,0,0.00
H2.T.Z32,W_out,2022,8760,0,0.00
H2.T.Z32,W_out,2023,8759,0,0.00
H2.T.Z32,f,2017,1,0,0.00
H2.T.Z32,f,2018,8760,0,0.00
H2.T.Z32,f,2019,8760,0,0.00
H2.T.Z32,f,2020,8784,0,0.00
H2.T.Z32,f,2021,8760,0,0.00
H2.T.Z32,f,2022,8760,0,0.00
H2.T.Z32,f,2023,8759,0,0.00
H2.T.Z33,I1,2018,8017,0,0.00
H2.T.Z33,I1,2019,8760,0,0.00
H2.T.Z33,I1,2020,8784,0,0.00
H2.T.Z33,I1,2021,8760,0,0.00
H2.T.Z33,I1,2022,8760,0,0.00
H2.T.Z33,I1,2023,8759,0,0.00
H2.T.Z33,I2,2018,8017,0,0.00
H2.T.Z33,I2,2019,8760,0,0.00
H2.T.Z33,I2,2020,8784,0,0.00
H2.T.Z33,I2,2021,8760,0,0.00
H2.T.Z33,I2,2022,8760,0,0.00
H2.T.Z33,I2,2023,8759,0,0.00
H2.T.Z33,I3,2018,8017,0,0.00
H2.T.Z33,I3,2019,8760,0,0.00
H2.T.Z33,I3,2020,8784,0,0.00
H2.T.Z33,I3,2021,8760,0,0.00
H2.T.Z33,I3,2022,8760,0,0.00
H2.T.Z33,I3,2023,8759,0,0.00
H2.T.Z33,P,2018,8017,0,0.00
H2.T.Z33,P,2019,8760,0,0.00
H2.T.Z33,P,2020,8784,0,0.00
H2.T.Z33,P,2021,8760,0,0.00
H2.T.Z33,P,2022,8760,0,0.00
H2.T.Z33,P,2023,8759,0,0.00
H2.T.Z33,P1,2018,8017,0,0.00
H2.T.Z33,P1,2019,8760,0,0.00
H2.T.Z33,P1,2020,8784,0,0.00
H2.T.Z33,P1,2021,8760,0,0.00
H2.T.Z33,P1,2022,8760,0,0.00
H2.T.Z33,P1,2023,8759,0,0.00
H2.T.Z33,P2,2018,8017,0,0.00
H2.T.Z33,P2,2019,8760,0,0.00
H2.T.Z33,P2,2020,8784,0,0.00
H2.T.Z33,P2,2021,8760,0,0.00
H2.T.Z33,P2,2022,8760,0,0.00
H2.T.Z33,P2,2023,8759,0,0.00
H2.T.Z33,P3,2018,8017,0,0.00
H2.T.Z33,P3,2019,8760,0,0.00
H2.T.Z33,P3,2020,8784,0,0.00
H2.T.Z33,P3,2021,8760,0,0.00
H2.T.Z33,P3,2022,8760,0,0.00
H2.T.Z33,P3,2023,8759,0,0.00
H2.T.Z33,PF,2018,8017,0,0.00
H2.T.Z33,PF,2019,8760,0,0.00
H2.T.Z33,PF,2020,8784,0,0.00
H2.T.Z33,PF,2021,8760,0,0.00
H2.T.Z33,PF,2022,8760,0,0.00
H2.T.Z33,PF,2023,8759,0,0.00
H2.T.Z33,PF1,2018,8017,0,0.00
H2.T.Z33,PF1,2019,8760,0,0.00
H2.T.Z33,PF1,2020,8784,0,0.00
H2.T.Z33,PF1,2021,8760,0,0.00
H2.T.Z33,PF1,2022,8760,0,0.00
H2.T.Z33,PF1,2023,8735,0,0.00
H2.T.Z33,PF2,2018,8017,0,0.00
H2.T.Z33,PF2,2019,8760,0,0.00
H2.T.Z33,PF2,2020,8784,0,0.00
H2.T.Z33,PF2,2021,8760,0,0.00
H2.T.Z33,PF2,2022,8760,0,0.00
H2.T.Z33,PF2,2023,8734,0,0.00
H2.T.Z33,PF3,2018,8017,0,0.00
H2.T.Z33,PF3,2019,8760,0,0.00
H2.T.Z33,PF3,2020,8784,0,0.00
H2.T.Z33,PF3,2021,8760,0,0.00
H2.T.Z33,PF3,2022,8760,0,0.00
H2.T.Z33,PF3,2023,8734,0,0.00
H2.T.Z33,Q,2018,8017,0,0.00
H2.T.Z33,Q,2019,8760,0,0.00
H2.T.Z33,Q,2020,8784,0,0.00
H2.T.Z33,Q,2021,8760,0,0.00
H2.T.Z33,Q,2022,8760,0,0.00
H2.T.Z33,Q,2023,8759,0,0.00
H2.T.Z33,U1,2018,8017,0,0.00
H2.T.Z33,U1,2019,8760,0,0.00
H2.T.Z33,U1,2020,8784,0,0.00
H2.T.Z33,U1,2021,8760,0,0.00
H2.T.Z33,U1,2022,8760,0,0.00
H2.T.Z33,U1,2023,8759,0,0.00
H2.T.Z33,U2,2018,8017,0,0.00
H2.T.Z33,U2,2019,8760,0,0.00
H2.T.Z33,U2,2020,8784,0,0.00
H2.T.Z33,U2,2021,8760,0,0.00
H2.T.Z33,U2,2022,8760,0,0.00
H2.T.Z33,U2,2023,8759,0,0.00
H2.T.Z33,U3,2018,8017,0,0.00
H2.T.Z33,U3,2019,8760,0,0.00
H2.T.Z33,U3,2020,8784,0,0.00
H2.T.Z33,U3,2021,8760,0,0.00
H2.T.Z33,U3,2022,8760,0,0.00
H2.T.Z33,U3,2023,8759,0,0.00
H2.T.Z33,W,2018,8760,0,0.00
H2.T.Z33,W,2019,8760,0,0.00
H2.T.Z33,W,2020,8784,0,0.00
H2.T.Z33,W,2021,8760,0,0.00
H2.T.Z33,W,2022,8760,0,0.00
H2.T.Z33,W,2023,8760,0,0.00
H2.T.Z33,W,2024,1,0,0.00
H2.T.Z33,WQ,2018,8760,0,0.00
H2.T.Z33,WQ,2019,8760,0,0.00
H2.T.Z33,WQ,2020,8784,0,0.00
H2.T.Z33,WQ,2021,8760,0,0.00
H2.T.Z33,WQ,2022,8760,0,0.00
H2.T.Z33,WQ,2023,8760,0,0.00
H2.T.Z33,WQ,2024,1,0,0.00
H2.T.Z33,WQ_in,2018,8016,0,0.00
H2.T.Z33,WQ_in,2019,8760,0,0.00
H2.T.Z33,WQ_in,2020,8784,0,0.00
H2.T.Z33,WQ_in,2021,8760,0,0.00
H2.T.Z33,WQ_in,2022,8760,0,0.00
H2.T.Z33,WQ_in,2023,8759,0,0.00
H2.T.Z33,WQ_out,2018,8017,0,0.00
H2.T.Z33,WQ_out,2019,8760,0,0.00
H2.T.Z33,WQ_out,2020,8784,0,0.00
H2.T.Z33,WQ_out,2021,8760,0,0.00
H2.T.Z33,WQ_out,2022,8760,0,0.00
H2.T.Z33,WQ_out,2023,8759,0,0.00
H2.T.Z33,W_in,2018,8017,0,0.00
H2.T.Z33,W_in,2019,8760,0,0.00
H2.T.Z33,W_in,2020,8784,0,0.00
H2.T.Z33,W_in,2021,8760,0,0.00
H2.T.Z33,W_in,2022,8760,0,0.00
H2.T.Z33,W_in,2023,8759,0,0.00
H2.T.Z33,W_out,2018,6063,0,0.00
H2.T.Z33,W_out,2019,8760,0,0.00
H2.T.Z33,W_out,2020,8784,0,0.00
H2.T.Z33,W_out,2021,8760,0,0.00
H2.T.Z33,W_out,2022,8760,0,0.00
H2.T.Z33,W_out,2023,8759,0,0.00
H2.T.Z33,f,2018,8017,0,0.00
H2.T.Z33,f,2019,8760,0,0.00
H2.T.Z33,f,2020,8784,0,0.00
H2.T.Z33,f,2021,8760,0,0.00
H2.T.Z33,f,2022,8760,0,0.00
H2.T.Z33,f,2023,8759,0,0.00
H2.T.Z34,I1,2017,1,0,0.00
H2.T.Z34,I1,2018,8760,0,0.00
H2.T.Z34,I1,2019,8760,0,0.00
H2.T.Z34,I1,2020,8784,0,0.00
H2.T.Z34,I1,2021,8760,0,0.00
H2.T.Z34,I1,2022,8760,0,0.00
H2.T.Z34,I1,2023,8759,0,0.00
H2.T.Z34,I2,2017,1,0,0.00
H2.T.Z34,I2,2018,8760,0,0.00
H2.T.Z34,I2,2019,8760,0,0.00
H2.T.Z34,I2,2020,8784,0,0.00
H2.T.Z34,I2,2021,8760,0,0.00
H2.T.Z34,I2,2022,8760,0,0.00
H2.T.Z34,I2,2023,8759,0,0.00
H2.T.Z34,I3,2017,1,0,0.00
H2.T.Z34,I3,2018,8760,0,0.00
H2.T.Z34,I3,2019,8760,0,0.00
H2.T.Z34,I3,2020,8784,0,0.00
H2.T.Z34,I3,2021,8760,0,0.00
H2.T.Z34,I3,2022,8760,0,0.00
H2.T.Z34,I3,2023,8759,0,0.00
H2.T.Z34,P,2017,1,0,0.00
H2.T.Z34,P,2018,8760,0,0.00
H2.T.Z34,P,2019,8760,0,0.00
H2.T.Z34,P,2020,8784,0,0.00
H2.T.Z34,P,2021,8760,0,0.00
H2.T.Z34,P,2022,8760,0,0.00
H2.T.Z34,P,2023,8759,0,0.00
H2.T.Z34,P1,2017,1,0,0.00
H2.T.Z34,P1,2018,8760,0,0.00
H2.T.Z34,P1,2019,8760,0,0.00
H2.T.Z34,P1,2020,8784,0,0.00
H2.T.Z34,P1,2021,8760,0,0.00
H2.T.Z34,P1,2022,8760,0,0.00
H2.T.Z34,P1,2023,8759,0,0.00
H2.T.Z34,P2,2017,1,0,0.00
H2.T.Z34,P2,2018,8760,0,0.00
H2.T.Z34,P2,2019,8760,0,0.00
H2.T.Z34,P2,2020,8784,0,0.00
H2.T.Z34,P2,2021,8760,0,0.00
H2.T.Z34,P2,2022,8760,0,0.00
H2.T.Z34,P2,2023,8759,0,0.00
H2.T.Z34,P3,2017,1,0,0.00
H2.T.Z34,P3,2018,8760,0,0.00
H2.T.Z34,P3,2019,8760,0,0.00
H2.T.Z34,P3,2020,8784,0,0.00
H2.T.Z34,P3,2021,8760,0,0.00
H2.T.Z34,P3,2022,8760,0,0.00
H2.T.Z34,P3,2023,8759,0,0.00
H2.T.Z34,PF,2017,1,0,0.00
H2.T.Z34,PF,2018,8760,0,0.00
H2.T.Z34,PF,2019,8760,0,0.00
H2.T.Z34,PF,2020,8784,0,0.00
H2.T.Z34,PF,2021,8760,0,0.00
H2.T.Z34,PF,2022,8760,0,0.00
H2.T.Z34,PF,2023,8759,0,0.00
H2.T.Z34,PF1,2017,1,0,0.00
H2.T.Z34,PF1,2018,8760,0,0.00
H2.T.Z34,PF1,2019,8760,0,0.00
H2.T.Z34,PF1,2020,8784,0,0.00
H2.T.Z34,PF1,2021,8760,0,0.00
H2.T.Z34,PF1,2022,8760,0,0.00
H2.T.Z34,PF1,2023,8759,0,0.00
H2.T.Z34,PF2,2017,1,0,0.00
H2.T.Z34,PF2,2018,8760,0,0.00
H2.T.Z34,PF2,2019,8760,0,0.00
H2.T.Z34,PF2,2020,8784,0,0.00
H2.T.Z34,PF2,2021,8760,0,0.00
H2.T.Z34,PF2,2022,8760,0,0.00
H2.T.Z34,PF2,2023,8759,0,0.00
H2.T.Z34,PF3,2017,1,0,0.00
H2.T.Z34,PF3,2018,8760,0,0.00
H2.T.Z34,PF3,2019,8760,0,0.00
H2.T.Z34,PF3,2020,8784,0,0.00
H2.T.Z34,PF3,2021,8760,0,0.00
H2.T.Z34,PF3,2022,8760,0,0.00
H2.T.Z34,PF3,2023,8759,0,0.00
H2.T.Z34,Q,2017,1,0,0.00
H2.T.Z34,Q,2018,8760,0,0.00
H2.T.Z34,Q,2019,8760,0,0.00
H2.T.Z34,Q,2020,8784,0,0.00
H2.T.Z34,Q,2021,8760,0,0.00
H2.T.Z34,Q,2022,8760,0,0.00
H2.T.Z34,Q,2023,8759,0,0.00
H2.T.Z34,U1,2017,1,0,0.00
H2.T.Z34,U1,2018,8760,0,0.00
H2.T.Z34,U1,2019,8760,0,0.00
H2.T.Z34,U1,2020,8784,0,0.00
H2.T.Z34,U1,2021,8760,0,0.00
H2.T.Z34,U1,2022,8760,0,0.00
H2.T.Z34,U1,2023,8759,0,0.00
H2.T.Z34,U2,2017,1,0,0.00
H2.T.Z34,U2,2018,8760,0,0.00
H2.T.Z34,U2,2019,8760,0,0.00
H2.T.Z34,U2,2020,8784,0,0.00
H2.T.Z34,U2,2021,8760,0,0.00
H2.T.Z34,U2,2022,8760,0,0.00
H2.T.Z34,U2,2023,8759,0,0.00
H2.T.Z34,U3,2017,1,0,0.00
H2.T.Z34,U3,2018,8760,0,0.00
H2.T.Z34,U3,2019,8760,0,0.00
H2.T.Z34,U3,2020,8784,0,0.00
H2.T.Z34,U3,2021,8760,0,0.00
H2.T.Z34,U3,2022,8760,0,0.00
H2.T.Z34,U3,2023,8759,0,0.00
H2.T.Z34,W,2018,1241,0,0.00
H2.T.Z34,W,2019,8760,0,0.00
H2.T.Z34,W,2020,8784,0,0.00
H2.T.Z34,W,2021,8760,0,0.00
H2.T.Z34,W,2022,8760,0,0.00
H2.T.Z34,W,2023,8759,0,0.00
H2.T.Z34,WQ,2018,8760,0,0.00
H2.T.Z34,WQ,2019,8760,0,0.00
H2.T.Z34,WQ,2020,8784,0,0.00
H2.T.Z34,WQ,2021,8760,0,0.00
H2.T.Z34,WQ,2022,8760,0,0.00
H2.T.Z34,WQ,2023,8759,0,0.00
H2.T.Z34,WQ_in,2018,8760,0,0.00
H2.T.Z34,WQ_in,2019,8760,0,0.00
H2.T.Z34,WQ_in,2020,8784,0,0.00
H2.T.Z34,WQ_in,2021,8760,0,0.00
H2.T.Z34,WQ_in,2022,8760,0,0.00
H2.T.Z34,WQ_in,2023,8759,0,0.00
H2.T.Z34,WQ_out,2017,1,0,0.00
H2.T.Z34,WQ_out,2018,8760,0,0.00
H2.T.Z34,WQ_out,2019,8760,0,0.00
H2.T.Z34,WQ_out,2020,8784,0,0.00
H2.T.Z34,WQ_out,2021,8760,0,0.00
H2.T.Z34,WQ_out,2022,8760,0,0.00
H2.T.Z34,WQ_out,2023,8759,0,0.00
H2.T.Z34,W_in,2017,1,0,0.00
H2.T.Z34,W_in,2018,8760,0,0.00
H2.T.Z34,W_in,2019,8760,0,0.00
H2.T.Z34,W_in,2020,8784,0,0.00
H2.T.Z34,W_in,2021,8760,0,0.00
H2.T.Z34,W_in,2022,8760,0,0.00
H2.T.Z34,W_in,2023,8759,0,0.00
H2.T.Z34,W_out,2018,1241,0,0.00
H2.T.Z34,W_out,2019,8760,0,0.00
H2.T.Z34,W_out,2020,8784,0,0.00
H2.T.Z34,W_out,2021,8760,0,0.00
H2.T.Z34,W_out,2022,8760,0,0.00
H2.T.Z34,W_out,2023,8759,0,0.00
H2.T.Z34,f,2017,1,0,0.00
H2.T.Z34,f,2018,8760,0,0.00
H2.T.Z34,f,2019,8760,0,0.00
H2.T.Z34,f,2020,8784,0,0.00
H2.T.Z34,f,2021,8760,0,0.00
H2.T.Z34,f,2022,8760,0,0.00
H2.T.Z34,f,2023,8759,0,0.00
H2.Z311,I1,2020,4562,0,0.00
H2.Z311,I1,2021,8760,0,0.00
H2.Z311,I1,2022,8760,0,0.00
H2.Z311,I1,2023,8759,0,0.00
H2.Z311,I2,2020,4562,0,0.00
H2.Z311,I2,2021,8760,0,0.00
H2.Z311,I2,2022,8760,0,0.00
H2.Z311,I2,2023,8759,0,0.00
H2.Z311,I3,2020,4562,0,0.00
H2.Z311,I3,2021,8760,0,0.00
H2.Z311,I3,2022,8760,0,0.00
H2.Z311,I3,2023,8759,0,0.00
H2.Z311,P,2020,4562,0,0.00
H2.Z311,P,2021,8760,0,0.00
H2.Z311,P,2022,8760,0,0.00
H2.Z311,P,2023,8759,0,0.00
H2.Z311,P1,2020,4562,0,0.00
H2.Z311,P1,2021,8760,0,0.00
H2.Z311,P1,2022,8760,0,0.00
H2.Z311,P1,2023,8759,0,0.00
H2.Z311,P2,2020,4562,0,0.00
H2.Z311,P2,2021,8760,0,0.00
H2.Z311,P2,2022,8760,0,0.00
H2.Z311,P2,2023,8759,0,0.00
H2.Z311,P3,2020,4562,0,0.00
H2.Z311,P3,2021,8760,0,0.00
H2.Z311,P3,2022,8760,0,0.00
H2.Z311,P3,2023,8759,0,0.00
H2.Z311,PF,2020,4562,0,0.00
H2.Z311,PF,2021,8760,0,0.00
H2.Z311,PF,2022,8760,0,0.00
H2.Z311,PF,2023,8759,0,0.00
H2.Z311,PF1,2020,4562,0,0.00
H2.Z311,PF1,2021,8760,0,0.00
H2.Z311,PF1,2022,8760,0,0.00
H2.Z311,PF1,2023,8759,0,0.00
H2.Z311,PF2,2020,4562,0,0.00
H2.Z311,PF2,2021,8760,0,0.00
H2.Z311,PF2,2022,8760,0,0.00
H2.Z311,PF2,2023,8759,0,0.00
H2.Z311,PF3,2020,4562,0,0.00
H2.Z311,PF3,2021,8760,0,0.00
H2.Z311,PF3,2022,8760,0,0.00
H2.Z311,PF3,2023,8759,0,0.00
H2.Z311,U1,2020,4562,0,0.00
H2.Z311,U1,2021,8760,0,0.00
H2.Z311,U1,2022,8760,0,0.00
H2.Z311,U1,2023,8759,0,0.00
H2.Z311,U2,2020,4562,0,0.00
H2.Z311,U2,2021,8760,0,0.00
H2.Z311,U2,2022,8760,0,0.00
H2.Z311,U2,2023,8759,0,0.00
H2.Z311,U3,2020,4562,0,0.00
H2.Z311,U3,2021,8760,0,0.00
H2.Z311,U3,2022,8760,0,0.00
H2.Z311,U3,2023,8759,0,0.00
H2.Z311,W,2020,4561,0,0.00
H2.Z311,W,2021,8760,0,0.00
H2.Z311,W,2022,8760,0,0.00
H2.Z311,W,2023,8752,0,0.00
H2.Z311,W1,2020,4561,0,0.00
H2.Z311,W1,2021,8760,0,0.00
H2.Z311,W1,2022,8760,0,0.00
H2.Z311,W1,2023,8759,0,0.00
H2.Z311,W2,2020,4561,0,0.00
H2.Z311,W2,2021,8760,0,0.00
H2.Z311,W2,2022,8760,0,0.00
H2.Z311,W2,2023,8759,0,0.00
H2.Z311,W3,2020,4561,0,0.00
H2.Z311,W3,2021,8760,0,0.00
H2.Z311,W3,2022,8760,0,0.00
H2.Z311,W3,2023,8759,0,0.00
H2.Z311,W_in,2020,4561,0,0.00
H2.Z311,W_in,2021,8760,0,0.00
H2.Z311,W_in,2022,8760,0,0.00
H2.Z311,W_in,2023,8759,0,0.00
H2.Z311,W_out,2020,4557,0,0.00
H2.Z311,W_out,2021,8760,0,0.00
H2.Z311,W_out,2022,8760,0,0.00
H2.Z311,W_out,2023,8752,0,0.00
H2.Z311,f,2020,4562,0,0.00
H2.Z311,f,2021,8760,0,0.00
H2.Z311,f,2022,8760,0,0.00
H2.Z311,f,2023,8759,0,0.00
H2.Z35,I1,2017,1,0,0.00
H2.Z35,I1,2018,8760,0,0.00
H2.Z35,I1,2019,8760,0,0.00
H2.Z35,I1,2020,6060,0,0.00
H2.Z35,I2,2017,1,0,0.00
H2.Z35,I2,2018,8760,0,0.00
H2.Z35,I2,2019,8760,0,0.00
H2.Z35,I2,2020,6060,0,0.00
H2.Z35,I3,2017,1,0,0.00
H2.Z35,I3,2018,8760,0,0.00
H2.Z35,I3,2019,8760,0,0.00
H2.Z35,I3,2020,6060,0,0.00
H2.Z35,P,2017,1,0,0.00
H2.Z35,P,2018,8760,0,0.00
H2.Z35,P,2019,8760,0,0.00
H2.Z35,P,2020,6060,0,0.00
H2.Z35,P1,2017,1,0,0.00
H2.Z35,P1,2018,8760,0,0.00
H2.Z35,P1,2019,8760,0,0.00
H2.Z35,P1,2020,6060,0,0.00
H2.Z35,P2,2017,1,0,0.00
H2.Z35,P2,2018,8760,0,0.00
H2.Z35,P2,2019,8760,0,0.00
H2.Z35,P2,2020,6060,0,0.00
H2.Z35,P3,2017,1,0,0.00
H2.Z35,P3,2018,8760,0,0.00
H2.Z35,P3,2019,8760,0,0.00
H2.Z35,P3,2020,6060,0,0.00
H2.Z35,PF,2017,1,0,0.00
H2.Z35,PF,2018,8760,0,0.00
H2.Z35,PF,2019,8760,0,0.00
H2.Z35,PF,2020,6060,0,0.00
H2.Z35,PF1,2017,1,0,0.00
H2.Z35,PF1,2018,8760,0,0.00
H2.Z35,PF1,2019,8760,0,0.00
H2.Z35,PF1,2020,6060,0,0.00
H2.Z35,PF2,2017,1,0,0.00
H2.Z35,PF2,2018,8760,0,0.00
H2.Z35,PF2,2019,8760,0,0.00
H2.Z35,PF2,2020,6060,0,0.00
H2.Z35,PF3,2017,1,0,0.00
H2.Z35,PF3,2018,8760,0,0.00
H2.Z35,PF3,2019,8760,0,0.00
H2.Z35,PF3,2020,6060,0,0.00
H2.Z35,Q,2017,1,0,0.00
H2.Z35,Q,2018,8760,0,0.00
H2.Z35,Q,2019,8760,0,0.00
H2.Z35,Q,2020,6060,0,0.00
H2.Z35,U1,2017,1,0,0.00
H2.Z35,U1,2018,8760,0,0.00
H2.Z35,U1,2019,8760,0,0.00
H2.Z35,U1,2020,6060,0,0.00
H2.Z35,U2,2017,1,0,0.00
H2.Z35,U2,2018,8760,0,0.00
H2.Z35,U2,2019,8760,0,0.00
H2.Z35,U2,2020,6060,0,0.00
H2.Z35,U3,2017,1,0,0.00
H2.Z35,U3,2018,8760,0,0.00
H2.Z35,U3,2019,8760,0,0.00
H2.Z35,U3,2020,6060,0,0.00
H2.Z35,W,2018,8760,0,0.00
H2.Z35,W,2019,8760,0,0.00
H2.Z35,W,2020,8784,0,0.00
H2.Z35,W,2021,8760,0,0.00
H2.Z35,W,2022,8760,0,0.00
H2.Z35,W,2023,8760,0,0.00
H2.Z35,W,2024,1,0,0.00
H2.Z35,WQ,2018,8760,0,0.00
H2.Z35,WQ,2019,8760,0,0.00
H2.Z35,WQ,2020,8784,0,0.00
H2.Z35,WQ,2021,8760,0,0.00
H2.Z35,WQ,2022,8760,0,0.00
H2.Z35,WQ,2023,8760,0,0.00
H2.Z35,WQ,2024,1,0,0.00
H2.Z35,WQ_in,2018,8760,0,0.00
H2.Z35,WQ_in,2019,8760,0,0.00
H2.Z35,WQ_in,2020,6060,0,0.00
H2.Z35,WQ_out,2017,1,0,0.00
H2.Z35,WQ_out,2018,8760,0,0.00
H2.Z35,WQ_out,2019,8760,0,0.00
H2.Z35,WQ_out,2020,6060,0,0.00
H2.Z35,W_in,2017,1,0,0.00
H2.Z35,W_in,2018,8760,0,0.00
H2.Z35,W_in,2019,8760,0,0.00
H2.Z35,W_in,2020,6060,0,0.00
H2.Z35,W_out,2018,1241,0,0.00
H2.Z35,W_out,2019,8760,0,0.00
H2.Z35,W_out,2020,6060,0,0.00
H2.Z35,f,2017,1,0,0.00
H2.Z35,f,2018,8760,0,0.00
H2.Z35,f,2019,8760,0,0.00
H2.Z35,f,2020,6060,0,0.00
H2.Z351,I1,2020,2582,0,0.00
H2.Z351,I1,2021,8760,0,0.00
H2.Z351,I1,2022,8760,0,0.00
H2.Z351,I1,2023,8759,0,0.00
H2.Z351,I2,2020,2582,0,0.00
H2.Z351,I2,2021,8760,0,0.00
H2.Z351,I2,2022,8760,0,0.00
H2.Z351,I2,2023,8759,0,0.00
H2.Z351,I3,2020,2582,0,0.00
H2.Z351,I3,2021,8760,0,0.00
H2.Z351,I3,2022,8760,0,0.00
H2.Z351,I3,2023,8759,0,0.00
H2.Z351,P,2020,2582,0,0.00
H2.Z351,P,2021,8760,0,0.00
H2.Z351,P,2022,8760,0,0.00
H2.Z351,P,2023,8759,0,0.00
H2.Z351,P1,2020,2582,0,0.00
H2.Z351,P1,2021,8760,0,0.00
H2.Z351,P1,2022,8760,0,0.00
H2.Z351,P1,2023,8759,0,0.00
H2.Z351,P2,2020,2582,0,0.00
H2.Z351,P2,2021,8760,0,0.00
H2.Z351,P2,2022,8760,0,0.00
H2.Z351,P2,2023,8759,0,0.00
H2.Z351,P3,2020,2582,0,0.00
H2.Z351,P3,2021,8760,0,0.00
H2.Z351,P3,2022,8760,0,0.00
H2.Z351,P3,2023,8759,0,0.00
H2.Z351,PF,2020,2582,0,0.00
H2.Z351,PF,2021,8760,0,0.00
H2.Z351,PF,2022,8760,0,0.00
H2.Z351,PF,2023,8759,0,0.00
H2.Z351,PF1,2020,2582,0,0.00
H2.Z351,PF1,2021,8760,0,0.00
H2.Z351,PF1,2022,8760,0,0.00
H2.Z351,PF1,2023,8759,0,0.00
H2.Z351,PF2,2020,2582,0,0.00
H2.Z351,PF2,2021,8760,0,0.00
H2.Z351,PF2,2022,8760,0,0.00
H2.Z351,PF2,2023,8759,0,0.00
H2.Z351,PF3,2020,2582,0,0.00
H2.Z351,PF3,2021,8760,0,0.00
H2.Z351,PF3,2022,8760,0,0.00
H2.Z351,PF3,2023,8759,0,0.00
H2.Z351,U1,2020,2582,0,0.00
H2.Z351,U1,2021,8760,0,0.00
H2.Z351,U1,2022,8760,0,0.00
H2.Z351,U1,2023,8759,0,0.00
H2.Z351,U2,2020,2582,0,0.00
H2.Z351,U2,2021,8760,0,0.00
H2.Z351,U2,2022,8760,0,0.00
H2.Z351,U2,2023,8759,0,0.00
H2.Z351,U3,2020,2582,0,0.00
H2.Z351,U3,2021,8760,0,0.00
H2.Z351,U3,2022,8760,0,0.00
H2.Z351,U3,2023,8759,0,0.00
H2.Z351,W,2020,2581,0,0.00
H2.Z351,W,2021,8760,0,0.00
H2.Z351,W,2022,8760,0,0.00
H2.Z351,W,2023,8759,0,0.00
H2.Z351,W1,2020,2581,0,0.00
H2.Z351,W1,2021,8760,0,0.00
H2.Z351,W1,2022,8760,0,0.00
H2.Z351,W1,2023,8759,0,0.00
H2.Z351,W2,2020,2581,0,0.00
H2.Z351,W2,2021,8760,0,0.00
H2.Z351,W2,2022,8760,0,0.00
H2.Z351,W2,2023,8759,0,0.00
H2.Z351,W3,2020,2581,0,0.00
H2.Z351,W3,2021,8760,0,0.00
H2.Z351,W3,2022,8760,0,0.00
H2.Z351,W3,2023,8759,0,0.00
H2.Z351,W_in,2020,2581,0,0.00
H2.Z351,W_in,2021,8760,0,0.00
H2.Z351,W_in,2022,8760,0,0.00
H2.Z351,W_in,2023,8759,0,0.00
H2.Z351,W_out,2020,2581,0,0.00
H2.Z351,W_out,2021,8760,0,0.00
H2.Z351,W_out,2022,8760,0,0.00
H2.Z351,W_out,2023,7883,0,0.00
H2.Z351,f,2020,2582,0,0.00
H2.Z351,f,2021,8760,0,0.00
H2.Z351,f,2022,8760,0,0.00
H2.Z351,f,2023,8759,0,0.00
H2.Z36,I1,2017,1,0,0.00
H2.Z36,I1,2018,8760,0,0.00
H2.Z36,I1,2019,8760,0,0.00
H2.Z36,I1,2020,6060,0,0.00
H2.Z36,I2,2017,1,0,0.00
H2.Z36,I2,2018,8760,0,0.00
H2.Z36,I2,2019,8760,0,0.00
H2.Z36,I2,2020,6060,0,0.00
H2.Z36,I3,2017,1,0,0.00
H2.Z36,I3,2018,8760,0,0.00
H2.Z36,I3,2019,8760,0,0.00
H2.Z36,I3,2020,6060,0,0.00
H2.Z36,P,2017,1,0,0.00
H2.Z36,P,2018,8760,0,0.00
H2.Z36,P,2019,8760,0,0.00
H2.Z36,P,2020,6060,0,0.00
H2.Z36,P1,2017,1,0,0.00
H2.Z36,P1,2018,8760,0,0.00
H2.Z36,P1,2019,8760,0,0.00
H2.Z36,P1,2020,6060,0,0.00
H2.Z36,P2,2017,1,0,0.00
H2.Z36,P2,2018,8760,0,0.00
H2.Z36,P2,2019,8760,0,0.00
H2.Z36,P2,2020,6060,0,0.00
H2.Z36,P3,2017,1,0,0.00
H2.Z36,P3,2018,8760,0,0.00
H2.Z36,P3,2019,8760,0,0.00
H2.Z36,P3,2020,6060,0,0.00
H2.Z36,PF,2017,1,0,0.00
H2.Z36,PF,2018,8760,0,0.00
H2.Z36,PF,2019,8760,0,0.00
H2.Z36,PF,2020,6060,0,0.00
H2.Z36,PF1,2017,1,0,0.00
H2.Z36,PF1,2018,8760,0,0.00
H2.Z36,PF1,2019,8760,0,0.00
H2.Z36,PF1,2020,6060,0,0.00
H2.Z36,PF2,2017,1,0,0.00
H2.Z36,PF2,2018,8760,0,0.00
H2.Z36,PF2,2019,8760,0,0.00
H2.Z36,PF2,2020,6060,0,0.00
H2.Z36,PF3,2017,1,0,0.00
H2.Z36,PF3,2018,8760,0,0.00
H2.Z36,PF3,2019,8760,0,0.00
H2.Z36,PF3,2020,6060,0,0.00
H2.Z36,Q,2017,1,0,0.00
H2.Z36,Q,2018,8760,0,0.00
H2.Z36,Q,2019,8760,0,0.00
H2.Z36,Q,2020,6060,0,0.00
H2.Z36,U1,2017,1,0,0.00
H2.Z36,U1,2018,8760,0,0.00
H2.Z36,U1,2019,8760,0,0.00
H2.Z36,U1,2020,6060,0,0.00
H2.Z36,U2,2017,1,0,0.00
H2.Z36,U2,2018,8760,0,0.00
H2.Z36,U2,2019,8760,0,0.00
H2.Z36,U2,2020,6060,0,0.00
H2.Z36,U3,2017,1,0,0.00
H2.Z36,U3,2018,8760,0,0.00
H2.Z36,U3,2019,8760,0,0.00
H2.Z36,U3,2020,6060,0,0.00
H2.Z36,W,2018,8760,0,0.00
H2.Z36,W,2019,8760,0,0.00
H2.Z36,W,2020,8784,0,0.00
H2.Z36,W,2021,8760,0,0.00
H2.Z36,W,2022,8760,0,0.00
H2.Z36,W,2023,8760,0,0.00
H2.Z36,W,2024,1,0,0.00
H2.Z36,WQ,2018,8760,0,0.00
H2.Z36,WQ,2019,8760,0,0.00
H2.Z36,WQ,2020,8784,0,0.00
H2.Z36,WQ,2021,8760,0,0.00
H2.Z36,WQ,2022,8760,0,0.00
H2.Z36,WQ,2023,8760,0,0.00
H2.Z36,WQ,2024,1,0,0.00
H2.Z36,WQ_in,2018,8760,0,0.00
H2.Z36,WQ_in,2019,8760,0,0.00
H2.Z36,WQ_in,2020,6060,0,0.00
H2.Z36,WQ_out,2017,1,0,0.00
H2.Z36,WQ_out,2018,8760,0,0.00
H2.Z36,WQ_out,2019,8760,0,0.00
H2.Z36,WQ_out,2020,6060,0,0.00
H2.Z36,W_in,2017,1,0,0.00
H2.Z36,W_in,2018,8760,0,0.00
H2.Z36,W_in,2019,8760,0,0.00
H2.Z36,W_in,2020,6060,0,0.00
H2.Z36,W_out,2018,4916,0,0.00
H2.Z36,W_out,2019,8760,0,0.00
H2.Z36,W_out,2020,6060,0,0.00
H2.Z36,f,2017,1,0,0.00
H2.Z36,f,2018,8760,0,0.00
H2.Z36,f,2019,8760,0,0.00
H2.Z36,f,2020,6060,0,0.00
H2.Z361,I1,2020,2582,0,0.00
H2.Z361,I1,2021,8760,0,0.00
H2.Z361,I1,2022,8760,0,0.00
H2.Z361,I1,2023,8759,0,0.00
H2.Z361,I2,2020,2582,0,0.00
H2.Z361,I2,2021,8760,0,0.00
H2.Z361,I2,2022,8760,0,0.00
H2.Z361,I2,2023,8759,0,0.00
H2.Z361,I3,2020,2582,0,0.00
H2.Z361,I3,2021,8760,0,0.00
H2.Z361,I3,2022,8760,0,0.00
H2.Z361,I3,2023,8759,0,0.00
H2.Z361,P,2020,2582,0,0.00
H2.Z361,P,2021,8760,0,0.00
H2.Z361,P,2022,8760,0,0.00
H2.Z361,P,2023,8759,0,0.00
H2.Z361,P1,2020,2582,0,0.00
H2.Z361,P1,2021,8760,0,0.00
H2.Z361,P1,2022,8760,0,0.00
H2.Z361,P1,2023,8759,0,0.00
H2.Z361,P2,2020,2582,0,0.00
H2.Z361,P2,2021,8760,0,0.00
H2.Z361,P2,2022,8760,0,0.00
H2.Z361,P2,2023,8759,0,0.00
H2.Z361,P3,2020,2582,0,0.00
H2.Z361,P3,2021,8760,0,0.00
H2.Z361,P3,2022,8760,0,0.00
H2.Z361,P3,2023,8759,0,0.00
H2.Z361,PF,2020,2582,0,0.00
H2.Z361,PF,2021,8760,0,0.00
H2.Z361,PF,2022,8760,0,0.00
H2.Z361,PF,2023,8759,0,0.00
H2.Z361,PF1,2020,2582,0,0.00
H2.Z361,PF1,2021,8760,0,0.00
H2.Z361,PF1,2022,8760,0,0.00
H2.Z361,PF1,2023,8759,0,0.00
H2.Z361,PF2,2020,2582,0,0.00
H2.Z361,PF2,2021,8760,0,0.00
H2.Z361,PF2,2022,8760,0,0.00
H2.Z361,PF2,2023,8759,0,0.00
H2.Z361,PF3,2020,2582,0,0.00
H2.Z361,PF3,2021,8760,0,0.00
H2.Z361,PF3,2022,8760,0,0.00
H2.Z361,PF3,2023,8759,0,0.00
H2.Z361,U1,2020,2582,0,0.00
H2.Z361,U1,2021,8760,0,0.00
H2.Z361,U1,2022,8760,0,0.00
H2.Z361,U1,2023,8759,0,0.00
H2.Z361,U2,2020,2582,0,0.00
H2.Z361,U2,2021,8760,0,0.00
H2.Z361,U2,2022,8760,0,0.00
H2.Z361,U2,2023,8759,0,0.00
H2.Z361,U3,2020,2582,0,0.00
H2.Z361,U3,2021,8760,0,0.00
H2.Z361,U3,2022,8760,0,0.00
H2.Z361,U3,2023,8759,0,0.00
H2.Z361,W,2020,2581,0,0.00
H2.Z361,W,2021,8760,0,0.00
H2.Z361,W,2022,8760,0,0.00
H2.Z361,W,2023,8759,0,0.00
H2.Z361,W1,2020,2581,0,0.00
H2.Z361,W1,2021,8760,0,0.00
H2.Z361,W1,2022,8760,0,0.00
H2.Z361,W1,2023,8759,0,0.00
H2.Z361,W2,2020,2581,0,0.00
H2.Z361,W2,2021,8760,0,0.00
H2.Z361,W2,2022,8760,0,0.00
H2.Z361,W2,2023,8759,0,0.00
H2.Z361,W3,2020,2581,0,0.00
H2.Z361,W3,2021,8760,0,0.00
H2.Z361,W3,2022,8760,0,0.00
H2.Z361,W3,2023,8759,0,0.00
H2.Z361,W_in,2020,2581,0,0.00
H2.Z361,W_in,2021,8760,0,0.00
H2.Z361,W_in,2022,8760,0,0.00
H2.Z361,W_in,2023,8759,0,0.00
H2.Z361,W_out,2020,2581,0,0.00
H2.Z361,W_out,2021,8760,0,0.00
H2.Z361,W_out,2022,8760,0,0.00
H2.Z361,W_out,2023,7883,0,0.00
H2.Z361,f,2020,2582,0,0.00
H2.Z361,f,2021,8760,0,0.00
H2.Z361,f,2022,8760,0,0.00
H2.Z361,f,2023,8759,0,0.00
H2.Z61,I1,2017,1,0,0.00
H2.Z61,I1,2018,8760,0,0.00
H2.Z61,I1,2019,8760,0,0.00
H2.Z61,I1,2020,8784,0,0.00
H2.Z61,I1,2021,8760,0,0.00
H2.Z61,I1,2022,8760,0,0.00
H2.Z61,I1,2023,8759,0,0.00
H2.Z61,I2,2017,1,0,0.00
H2.Z61,I2,2018,8760,0,0.00
H2.Z61,I2,2019,8760,0,0.00
H2.Z61,I2,2020,8784,0,0.00
H2.Z61,I2,2021,8760,0,0.00
H2.Z61,I2,2022,8760,0,0.00
H2.Z61,I2,2023,8759,0,0.00
H2.Z61,I3,2017,1,0,0.00
H2.Z61,I3,2018,8760,0,0.00
H2.Z61,I3,2019,8760,0,0.00
H2.Z61,I3,2020,8784,0,0.00
H2.Z61,I3,2021,8760,0,0.00
H2.Z61,I3,2022,8760,0,0.00
H2.Z61,I3,2023,8759,0,0.00
H2.Z61,P,2017,1,0,0.00
H2.Z61,P,2018,8760,0,0.00
H2.Z61,P,2019,8760,0,0.00
H2.Z61,P,2020,8784,0,0.00
H2.Z61,P,2021,8760,0,0.00
H2.Z61,P,2022,8760,0,0.00
H2.Z61,P,2023,8759,0,0.00
H2.Z61,P1,2017,1,0,0.00
H2.Z61,P1,2018,8760,0,0.00
H2.Z61,P1,2019,8760,0,0.00
H2.Z61,P1,2020,8784,0,0.00
H2.Z61,P1,2021,8760,0,0.00
H2.Z61,P1,2022,8760,0,0.00
H2.Z61,P1,2023,8759,0,0.00
H2.Z61,P2,2017,1,0,0.00
H2.Z61,P2,2018,8760,0,0.00
H2.Z61,P2,2019,8760,0,0.00
H2.Z61,P2,2020,8784,0,0.00
H2.Z61,P2,2021,8760,0,0.00
H2.Z61,P2,2022,8760,0,0.00
H2.Z61,P2,2023,8759,0,0.00
H2.Z61,P3,2017,1,0,0.00
H2.Z61,P3,2018,8760,0,0.00
H2.Z61,P3,2019,8760,0,0.00
H2.Z61,P3,2020,8784,0,0.00
H2.Z61,P3,2021,8760,0,0.00
H2.Z61,P3,2022,8760,0,0.00
H2.Z61,P3,2023,8759,0,0.00
H2.Z61,PF,2017,1,0,0.00
H2.Z61,PF,2018,8760,0,0.00
H2.Z61,PF,2019,8760,0,0.00
H2.Z61,PF,2020,8784,0,0.00
H2.Z61,PF,2021,8760,0,0.00
H2.Z61,PF,2022,8760,0,0.00
H2.Z61,PF,2023,8759,0,0.00
H2.Z61,PF1,2017,1,0,0.00
H2.Z61,PF1,2018,8760,0,0.00
H2.Z61,PF1,2019,8760,0,0.00
H2.Z61,PF1,2020,8784,0,0.00
H2.Z61,PF1,2021,8760,0,0.00
H2.Z61,PF1,2022,8760,0,0.00
H2.Z61,PF1,2023,8759,0,0.00
H2.Z61,PF2,2017,1,0,0.00
H2.Z61,PF2,2018,8760,0,0.00
H2.Z61,PF2,2019,8760,0,0.00
H2.Z61,PF2,2020,8784,0,0.00
H2.Z61,PF2,2021,8760,0,0.00
H2.Z61,PF2,2022,8760,0,0.00
H2.Z61,PF2,2023,8759,0,0.00
H2.Z61,PF3,2017,1,0,0.00
H2.Z61,PF3,2018,8760,0,0.00
H2.Z61,PF3,2019,8760,0,0.00
H2.Z61,PF3,2020,8784,0,0.00
H2.Z61,PF3,2021,8760,0,0.00
H2.Z61,PF3,2022,8760,0,0.00
H2.Z61,PF3,2023,8759,0,0.00
H2.Z61,Q,2017,1,0,0.00
H2.Z61,Q,2018,8760,0,0.00
H2.Z61,Q,2019,8760,0,0.00
H2.Z61,Q,2020,8784,0,0.00
H2.Z61,Q,2021,8760,0,0.00
H2.Z61,Q,2022,8760,0,0.00
H2.Z61,Q,2023,8759,0,0.00
H2.Z61,U1,2017,1,0,0.00
H2.Z61,U1,2018,8760,0,0.00
H2.Z61,U1,2019,8760,0,0.00
H2.Z61,U1,2020,8784,0,0.00
H2.Z61,U1,2021,8760,0,0.00
H2.Z61,U1,2022,8760,0,0.00
H2.Z61,U1,2023,8759,0,0.00
H2.Z61,U2,2017,1,0,0.00
H2.Z61,U2,2018,8760,0,0.00
H2.Z61,U2,2019,8760,0,0.00
H2.Z61,U2,2020,8784,0,0.00
H2.Z61,U2,2021,8760,0,0.00
H2.Z61,U2,2022,8760,0,0.00
H2.Z61,U2,2023,8759,0,0.00
H2.Z61,U3,2017,1,0,0.00
H2.Z61,U3,2018,8760,0,0.00
H2.Z61,U3,2019,8760,0,0.00
H2.Z61,U3,2020,8784,0,0.00
H2.Z61,U3,2021,8760,0,0.00
H2.Z61,U3,2022,8760,0,0.00
H2.Z61,U3,2023,8759,0,0.00
H2.Z61,W,2018,8760,0,0.00
H2.Z61,W,2019,8760,0,0.00
H2.Z61,W,2020,8784,0,0.00
H2.Z61,W,2021,8760,0,0.00
H2.Z61,W,2022,8760,0,0.00
H2.Z61,W,2023,8760,0,0.00
H2.Z61,W,2024,1,0,0.00
H2.Z61,WQ,2018,8760,0,0.00
H2.Z61,WQ,2019,8760,0,0.00
H2.Z61,WQ,2020,8784,0,0.00
H2.Z61,WQ,2021,8760,0,0.00
H2.Z61,WQ,2022,8760,0,0.00
H2.Z61,WQ,2023,8760,0,0.00
H2.Z61,WQ,2024,1,0,0.00
H2.Z61,WQ_in,2017,1,0,0.00
H2.Z61,WQ_in,2018,8760,0,0.00
H2.Z61,WQ_in,2019,8760,0,0.00
H2.Z61,WQ_in,2020,8784,0,0.00
H2.Z61,WQ_in,2021,8760,0,0.00
H2.Z61,WQ_in,2022,8760,0,0.00
H2.Z61,WQ_in,2023,8759,0,0.00
H2.Z61,WQ_out,2018,1241,0,0.00
H2.Z61,WQ_out,2019,8760,0,0.00
H2.Z61,WQ_out,2020,8784,0,0.00
H2.Z61,WQ_out,2021,8760,0,0.00
H2.Z61,WQ_out,2022,8760,0,0.00
H2.Z61,WQ_out,2023,8759,0,0.00
H2.Z61,W_in,2017,1,0,0.00
H2.Z61,W_in,2018,8760,0,0.00
H2.Z61,W_in,2019,8760,0,0.00
H2.Z61,W_in,2020,8784,0,0.00
H2.Z61,W_in,2021,8760,0,0.00
H2.Z61,W_in,2022,8760,0,0.00
H2.Z61,W_in,2023,8759,0,0.00
H2.Z61,W_out,2018,1241,0,0.00
H2.Z61,W_out,2019,8760,0,0.00
H2.Z61,W_out,2020,8784,0,0.00
H2.Z61,W_out,2021,8760,0,0.00
H2.Z61,W_out,2022,8760,0,0.00
H2.Z61,W_out,2023,8759,0,0.00
H2.Z61,f,2017,1,0,0.00
H2.Z61,f,2018,8760,0,0.00
H2.Z61,f,2019,8760,0,0.00
H2.Z61,f,2020,8784,0,0.00
H2.Z61,f,2021,8760,0,0.00
H2.Z61,f,2022,8760,0,0.00
H2.Z61,f,2023,8759,0,0.00
H2.Z62,I1,2017,1,0,0.00
H2.Z62,I1,2018,8760,0,0.00
H2.Z62,I1,2019,8760,0,0.00
H2.Z62,I1,2020,8784,0,0.00
H2.Z62,I1,2021,8760,0,0.00
H2.Z62,I1,2022,8760,0,0.00
H2.Z62,I1,2023,8759,0,0.00
H2.Z62,I2,2017,1,0,0.00
H2.Z62,I2,2018,8760,0,0.00
H2.Z62,I2,2019,8760,0,0.00
H2.Z62,I2,2020,8784,0,0.00
H2.Z62,I2,2021,8760,0,0.00
H2.Z62,I2,2022,8760,0,0.00
H2.Z62,I2,2023,8759,0,0.00
H2.Z62,I3,2017,1,0,0.00
H2.Z62,I3,2018,8760,0,0.00
H2.Z62,I3,2019,8760,0,0.00
H2.Z62,I3,2020,8784,0,0.00
H2.Z62,I3,2021,8760,0,0.00
H2.Z62,I3,2022,8760,0,0.00
H2.Z62,I3,2023,8759,0,0.00
H2.Z62,P,2017,1,0,0.00
H2.Z62,P,2018,8760,0,0.00
H2.Z62,P,2019,8760,0,0.00
H2.Z62,P,2020,8784,0,0.00
H2.Z62,P,2021,8760,0,0.00
H2.Z62,P,2022,8760,0,0.00
H2.Z62,P,2023,8759,0,0.00
H2.Z62,P1,2017,1,0,0.00
H2.Z62,P1,2018,8760,0,0.00
H2.Z62,P1,2019,8760,0,0.00
H2.Z62,P1,2020,8784,0,0.00
H2.Z62,P1,2021,8760,0,0.00
H2.Z62,P1,2022,8760,0,0.00
H2.Z62,P1,2023,8759,0,0.00
H2.Z62,P2,2017,1,0,0.00
H2.Z62,P2,2018,8760,0,0.00
H2.Z62,P2,2019,8760,0,0.00
H2.Z62,P2,2020,8784,0,0.00
H2.Z62,P2,2021,8760,0,0.00
H2.Z62,P2,2022,8760,0,0.00
H2.Z62,P2,2023,8759,0,0.00
H2.Z62,P3,2017,1,0,0.00
H2.Z62,P3,2018,8760,0,0.00
H2.Z62,P3,2019,8760,0,0.00
H2.Z62,P3,2020,8784,0,0.00
H2.Z62,P3,2021,8760,0,0.00
H2.Z62,P3,2022,8760,0,0.00
H2.Z62,P3,2023,8759,0,0.00
H2.Z62,PF,2017,1,0,0.00
H2.Z62,PF,2018,8760,0,0.00
H2.Z62,PF,2019,8760,0,0.00
H2.Z62,PF,2020,8784,0,0.00
H2.Z62,PF,2021,8760,0,0.00
H2.Z62,PF,2022,8760,0,0.00
H2.Z62,PF,2023,8759,0,0.00
H2.Z62,PF1,2017,1,0,0.00
H2.Z62,PF1,2018,8760,0,0.00
H2.Z62,PF1,2019,8760,0,0.00
H2.Z62,PF1,2020,8784,0,0.00
H2.Z62,PF1,2021,8760,0,0.00
H2.Z62,PF1,2022,8760,0,0.00
H2.Z62,PF1,2023,8759,0,0.00
H2.Z62,PF2,2017,1,0,0.00
H2.Z62,PF2,2018,8760,0,0.00
H2.Z62,PF2,2019,8760,0,0.00
H2.Z62,PF2,2020,8784,0,0.00
H2.Z62,PF2,2021,8760,0,0.00
H2.Z62,PF2,2022,8760,0,0.00
H2.Z62,PF2,2023,8759,0,0.00
H2.Z62,PF3,2017,1,0,0.00
H2.Z62,PF3,2018,8760,0,0.00
H2.Z62,PF3,2019,8760,0,0.00
H2.Z62,PF3,2020,8784,0,0.00
H2.Z62,PF3,2021,8760,0,0.00
H2.Z62,PF3,2022,8760,0,0.00
H2.Z62,PF3,2023,8759,0,0.00
H2.Z62,Q,2017,1,0,0.00
H2.Z62,Q,2018,8760,0,0.00
H2.Z62,Q,2019,8760,0,0.00
H2.Z62,Q,2020,8784,0,0.00
H2.Z62,Q,2021,8760,0,0.00
H2.Z62,Q,2022,8760,0,0.00
H2.Z62,Q,2023,8759,0,0.00
H2.Z62,U1,2017,1,0,0.00
H2.Z62,U1,2018,8760,0,0.00
H2.Z62,U1,2019,8760,0,0.00
H2.Z62,U1,2020,8784,0,0.00
H2.Z62,U1,2021,8760,0,0.00
H2.Z62,U1,2022,8760,0,0.00
H2.Z62,U1,2023,8759,0,0.00
H2.Z62,U2,2017,1,0,0.00
H2.Z62,U2,2018,8760,0,0.00
H2.Z62,U2,2019,8760,0,0.00
H2.Z62,U2,2020,8784,0,0.00
H2.Z62,U2,2021,8760,0,0.00
H2.Z62,U2,2022,8760,0,0.00
H2.Z62,U2,2023,8759,0,0.00
H2.Z62,U3,2017,1,0,0.00
H2.Z62,U3,2018,8760,0,0.00
H2.Z62,U3,2019,8760,0,0.00
H2.Z62,U3,2020,8784,0,0.00
H2.Z62,U3,2021,8760,0,0.00
H2.Z62,U3,2022,8760,0,0.00
H2.Z62,U3,2023,8759,0,0.00
H2.Z62,W,2018,8760,0,0.00
H2.Z62,W,2019,8760,0,0.00
H2.Z62,W,2020,8784,0,0.00
H2.Z62,W,2021,8760,0,0.00
H2.Z62,W,2022,8760,0,0.00
H2.Z62,W,2023,8760,0,0.00
H2.Z62,W,2024,1,0,0.00
H2.Z62,WQ,2018,8760,0,0.00
H2.Z62,WQ,2019,8760,0,0.00
H2.Z62,WQ,2020,8784,0,0.00
H2.Z62,WQ,2021,8760,0,0.00
H2.Z62,WQ,2022,8760,0,0.00
H2.Z62,WQ,2023,8760,0,0.00
H2.Z62,WQ,2024,1,0,0.00
H2.Z62,WQ_in,2018,8760,0,0.00
H2.Z62,WQ_in,2019,8760,0,0.00
H2.Z62,WQ_in,2020,8784,0,0.00
H2.Z62,WQ_in,2021,8760,0,0.00
H2.Z62,WQ_in,2022,8760,0,0.00
H2.Z62,WQ_in,2023,8759,0,0.00
H2.Z62,WQ_out,2018,1241,0,0.00
H2.Z62,WQ_out,2019,8760,0,0.00
H2.Z62,WQ_out,2020,8784,0,0.00
H2.Z62,WQ_out,2021,8760,0,0.00
H2.Z62,WQ_out,2022,8760,0,0.00
H2.Z62,WQ_out,2023,8759,0,0.00
H2.Z62,W_in,2018,8760,0,0.00
H2.Z62,W_in,2019,8760,0,0.00
H2.Z62,W_in,2020,8784,0,0.00
H2.Z62,W_in,2021,8760,0,0.00
H2.Z62,W_in,2022,8760,0,0.00
H2.Z62,W_in,2023,8759,0,0.00
H2.Z62,W_out,2018,8221,0,0.00
H2.Z62,W_out,2019,8760,0,0.00
H2.Z62,W_out,2020,8784,0,0.00
H2.Z62,W_out,2021,8760,0,0.00
H2.Z62,W_out,2022,8760,0,0.00
H2.Z62,W_out,2023,8759,0,0.00
H2.Z62,f,2017,1,0,0.00
H2.Z62,f,2018,8760,0,0.00
H2.Z62,f,2019,8760,0,0.00
H2.Z62,f,2020,8784,0,0.00
H2.Z62,f,2021,8760,0,0.00
H2.Z62,f,2022,8760,0,0.00
H2.Z62,f,2023,8759,0,0.00
H2.Z63,I1,2017,1,0,0.00
H2.Z63,I1,2018,8760,0,0.00
H2.Z63,I1,2019,8760,0,0.00
H2.Z63,I1,2020,8784,0,0.00
H2.Z63,I1,2021,8760,0,0.00
H2.Z63,I1,2022,8760,0,0.00
H2.Z63,I1,2023,8759,0,0.00
H2.Z63,I2,2017,1,0,0.00
H2.Z63,I2,2018,8760,0,0.00
H2.Z63,I2,2019,8760,0,0.00
H2.Z63,I2,2020,8784,0,0.00
H2.Z63,I2,2021,8760,0,0.00
H2.Z63,I2,2022,8760,0,0.00
H2.Z63,I2,2023,8759,0,0.00
H2.Z63,I3,2017,1,0,0.00
H2.Z63,I3,2018,8760,0,0.00
H2.Z63,I3,2019,8760,0,0.00
H2.Z63,I3,2020,8784,0,0.00
H2.Z63,I3,2021,8760,0,0.00
H2.Z63,I3,2022,8760,0,0.00
H2.Z63,I3,2023,8759,0,0.00
H2.Z63,P,2017,1,0,0.00
H2.Z63,P,2018,8760,0,0.00
H2.Z63,P,2019,8760,0,0.00
H2.Z63,P,2020,8784,0,0.00
H2.Z63,P,2021,8760,0,0.00
H2.Z63,P,2022,8760,0,0.00
H2.Z63,P,2023,8759,0,0.00
H2.Z63,P1,2017,1,0,0.00
H2.Z63,P1,2018,8760,0,0.00
H2.Z63,P1,2019,8760,0,0.00
H2.Z63,P1,2020,8784,0,0.00
H2.Z63,P1,2021,8760,0,0.00
H2.Z63,P1,2022,8760,0,0.00
H2.Z63,P1,2023,8759,0,0.00
H2.Z63,P2,2017,1,0,0.00
H2.Z63,P2,2018,8760,0,0.00
H2.Z63,P2,2019,8760,0,0.00
H2.Z63,P2,2020,8784,0,0.00
H2.Z63,P2,2021,8760,0,0.00
H2.Z63,P2,2022,8760,0,0.00
H2.Z63,P2,2023,8759,0,0.00
H2.Z63,P3,2017,1,0,0.00
H2.Z63,P3,2018,8760,0,0.00
H2.Z63,P3,2019,8760,0,0.00
H2.Z63,P3,2020,8784,0,0.00
H2.Z63,P3,2021,8760,0,0.00
H2.Z63,P3,2022,8760,0,0.00
H2.Z63,P3,2023,8759,0,0.00
H2.Z63,PF,2017,1,0,0.00
H2.Z63,PF,2018,8760,0,0.00
H2.Z63,PF,2019,8760,0,0.00
H2.Z63,PF,2020,8784,0,0.00
H2.Z63,PF,2021,8760,0,0.00
H2.Z63,PF,2022,8760,0,0.00
H2.Z63,PF,2023,8759,0,0.00
H2.Z63,PF1,2017,1,0,0.00
H2.Z63,PF1,2018,8760,0,0.00
H2.Z63,PF1,2019,8760,0,0.00
H2.Z63,PF1,2020,8784,0,0.00
H2.Z63,PF1,2021,8760,0,0.00
H2.Z63,PF1,2022,8760,0,0.00
H2.Z63,PF1,2023,8759,0,0.00
H2.Z63,PF2,2017,1,0,0.00
H2.Z63,PF2,2018,8760,0,0.00
H2.Z63,PF2,2019,8760,0,0.00
H2.Z63,PF2,2020,8784,0,0.00
H2.Z63,PF2,2021,8760,0,0.00
H2.Z63,PF2,2022,8760,0,0.00
H2.Z63,PF2,2023,8759,0,0.00
H2.Z63,PF3,2017,1,0,0.00
H2.Z63,PF3,2018,8760,0,0.00
H2.Z63,PF3,2019,8760,0,0.00
H2.Z63,PF3,2020,8784,0,0.00
H2.Z63,PF3,2021,8760,0,0.00
H2.Z63,PF3,2022,8760,0,0.00
H2.Z63,PF3,2023,8759,0,0.00
H2.Z63,Q,2017,1,0,0.00
H2.Z63,Q,2018,8760,0,0.00
H2.Z63,Q,2019,8760,0,0.00
H2.Z63,Q,2020,8784,0,0.00
H2.Z63,Q,2021,8760,0,0.00
H2.Z63,Q,2022,8760,0,0.00
H2.Z63,Q,2023,8759,0,0.00
H2.Z63,U1,2017,1,0,0.00
H2.Z63,U1,2018,8760,0,0.00
H2.Z63,U1,2019,8760,0,0.00
H2.Z63,U1,2020,8784,0,0.00
H2.Z63,U1,2021,8760,0,0.00
H2.Z63,U1,2022,8760,0,0.00
H2.Z63,U1,2023,8759,0,0.00
H2.Z63,U2,2017,1,0,0.00
H2.Z63,U2,2018,8760,0,0.00
H2.Z63,U2,2019,8760,0,0.00
H2.Z63,U2,2020,8784,0,0.00
H2.Z63,U2,2021,8760,0,0.00
H2.Z63,U2,2022,8760,0,0.00
H2.Z63,U2,2023,8759,0,0.00
H2.Z63,U3,2017,1,0,0.00
H2.Z63,U3,2018,8760,0,0.00
H2.Z63,U3,2019,8760,0,0.00
H2.Z63,U3,2020,8784,0,0.00
H2.Z63,U3,2021,8760,0,0.00
H2.Z63,U3,2022,8760,0,0.00
H2.Z63,U3,2023,8759,0,0.00
H2.Z63,W,2018,8760,0,0.00
H2.Z63,W,2019,8760,0,0.00
H2.Z63,W,2020,8784,0,0.00
H2.Z63,W,2021,8760,0,0.00
H2.Z63,W,2022,8760,0,0.00
H2.Z63,W,2023,8760,0,0.00
H2.Z63,W,2024,1,0,0.00
H2.Z63,WQ,2018,8760,0,0.00
H2.Z63,WQ,2019,8760,0,0.00
H2.Z63,WQ,2020,8784,0,0.00
H2.Z63,WQ,2021,8760,0,0.00
H2.Z63,WQ,2022,8760,0,0.00
H2.Z63,WQ,2023,8760,0,0.00
H2.Z63,WQ,2024,1,0,0.00
H2.Z63,WQ_in,2018,8738,0,0.00
H2.Z63,WQ_in,2019,8760,0,0.00
H2.Z63,WQ_in,2020,8784,0,0.00
H2.Z63,WQ_in,2021,8760,0,0.00
H2.Z63,WQ_in,2022,8760,0,0.00
H2.Z63,WQ_in,2023,8759,0,0.00
H2.Z63,WQ_out,2017,1,0,0.00
H2.Z63,WQ_out,2018,8760,0,0.00
H2.Z63,WQ_out,2019,8760,0,0.00
H2.Z63,WQ_out,2020,8784,0,0.00
H2.Z63,WQ_out,2021,8760,0,0.00
H2.Z63,WQ_out,2022,8760,0,0.00
H2.Z63,WQ_out,2023,8759,0,0.00
H2.Z63,W_in,2017,1,0,0.00
H2.Z63,W_in,2018,8760,0,0.00
H2.Z63,W_in,2019,8760,0,0.00
H2.Z63,W_in,2020,8784,0,0.00
H2.Z63,W_in,2021,8760,0,0.00
H2.Z63,W_in,2022,8760,0,0.00
H2.Z63,W_in,2023,8759,0,0.00
H2.Z63,W_out,2018,8738,0,0.00
H2.Z63,W_out,2019,8760,0,0.00
H2.Z63,W_out,2020,8784,0,0.00
H2.Z63,W_out,2021,8760,0,0.00
H2.Z63,W_out,2022,8760,0,0.00
H2.Z63,W_out,2023,8759,0,0.00
H2.Z63,f,2017,1,0,0.00
H2.Z63,f,2018,8760,0,0.00
H2.Z63,f,2019,8760,0,0.00
H2.Z63,f,2020,8784,0,0.00
H2.Z63,f,2021,8760,0,0.00
H2.Z63,f,2022,8760,0,0.00
H2.Z63,f,2023,8759,0,0.00
H2.Z64,I1,2017,1,0,0.00
H2.Z64,I1,2018,8760,0,0.00
H2.Z64,I1,2019,8760,0,0.00
H2.Z64,I1,2020,8784,0,0.00
H2.Z64,I1,2021,8760,0,0.00
H2.Z64,I1,2022,8760,0,0.00
H2.Z64,I1,2023,8759,0,0.00
H2.Z64,I2,2017,1,0,0.00
H2.Z64,I2,2018,8760,0,0.00
H2.Z64,I2,2019,8760,0,0.00
H2.Z64,I2,2020,8784,0,0.00
H2.Z64,I2,2021,8760,0,0.00
H2.Z64,I2,2022,8760,0,0.00
H2.Z64,I2,2023,8759,0,0.00
H2.Z64,I3,2017,1,0,0.00
H2.Z64,I3,2018,8760,0,0.00
H2.Z64,I3,2019,8760,0,0.00
H2.Z64,I3,2020,8784,0,0.00
H2.Z64,I3,2021,8760,0,0.00
H2.Z64,I3,2022,8760,0,0.00
H2.Z64,I3,2023,8759,0,0.00
H2.Z64,P,2017,1,0,0.00
H2.Z64,P,2018,8760,0,0.00
H2.Z64,P,2019,8760,0,0.00
H2.Z64,P,2020,8784,0,0.00
H2.Z64,P,2021,8760,0,0.00
H2.Z64,P,2022,8760,0,0.00
H2.Z64,P,2023,8759,0,0.00
H2.Z64,P1,2017,1,0,0.00
H2.Z64,P1,2018,8760,0,0.00
H2.Z64,P1,2019,8760,0,0.00
H2.Z64,P1,2020,8784,0,0.00
H2.Z64,P1,2021,8760,0,0.00
H2.Z64,P1,2022,8760,0,0.00
H2.Z64,P1,2023,8759,0,0.00
H2.Z64,P2,2017,1,0,0.00
H2.Z64,P2,2018,8760,0,0.00
H2.Z64,P2,2019,8760,0,0.00
H2.Z64,P2,2020,8784,0,0.00
H2.Z64,P2,2021,8760,0,0.00
H2.Z64,P2,2022,8760,0,0.00
H2.Z64,P2,2023,8759,0,0.00
H2.Z64,P3,2017,1,0,0.00
H2.Z64,P3,2018,8760,0,0.00
H2.Z64,P3,2019,8760,0,0.00
H2.Z64,P3,2020,8784,0,0.00
H2.Z64,P3,2021,8760,0,0.00
H2.Z64,P3,2022,8760,0,0.00
H2.Z64,P3,2023,8759,0,0.00
H2.Z64,PF,2017,1,0,0.00
H2.Z64,PF,2018,8760,0,0.00
H2.Z64,PF,2019,8760,0,0.00
H2.Z64,PF,2020,8784,0,0.00
H2.Z64,PF,2021,8760,0,0.00
H2.Z64,PF,2022,8760,0,0.00
H2.Z64,PF,2023,8759,0,0.00
H2.Z64,PF1,2017,1,0,0.00
H2.Z64,PF1,2018,8760,0,0.00
H2.Z64,PF1,2019,8760,0,0.00
H2.Z64,PF1,2020,8784,0,0.00
H2.Z64,PF1,2021,8760,0,0.00
H2.Z64,PF1,2022,8760,0,0.00
H2.Z64,PF1,2023,8759,0,0.00
H2.Z64,PF2,2017,1,0,0.00
H2.Z64,PF2,2018,8760,0,0.00
H2.Z64,PF2,2019,8760,0,0.00
H2.Z64,PF2,2020,8784,0,0.00
H2.Z64,PF2,2021,8760,0,0.00
H2.Z64,PF2,2022,8760,0,0.00
H2.Z64,PF2,2023,8759,0,0.00
H2.Z64,PF3,2017,1,0,0.00
H2.Z64,PF3,2018,8760,0,0.00
H2.Z64,PF3,2019,8760,0,0.00
H2.Z64,PF3,2020,8784,0,0.00
H2.Z64,PF3,2021,8760,0,0.00
H2.Z64,PF3,2022,8760,0,0.00
H2.Z64,PF3,2023,8759,0,0.00
H2.Z64,Q,2017,1,0,0.00
H2.Z64,Q,2018,8760,0,0.00
H2.Z64,Q,2019,8760,0,0.00
H2.Z64,Q,2020,8784,0,0.00
H2.Z64,Q,2021,8760,0,0.00
H2.Z64,Q,2022,8760,0,0.00
H2.Z64,Q,2023,8759,0,0.00
H2.Z64,U1,2017,1,0,0.00
H2.Z64,U1,2018,8760,0,0.00
H2.Z64,U1,2019,8760,0,0.00
H2.Z64,U1,2020,8784,0,0.00
H2.Z64,U1,2021,8760,0,0.00
H2.Z64,U1,2022,8760,0,0.00
H2.Z64,U1,2023,8759,0,0.00
H2.Z64,U2,2017,1,0,0.00
H2.Z64,U2,2018,8760,0,0.00
H2.Z64,U2,2019,8760,0,0.00
H2.Z64,U2,2020,8784,0,0.00
H2.Z64,U2,2021,8760,0,0.00
H2.Z64,U2,2022,8760,0,0.00
H2.Z64,U2,2023,8759,0,0.00
H2.Z64,U3,2017,1,0,0.00
H2.Z64,U3,2018,8760,0,0.00
H2.Z64,U3,2019,8760,0,0.00
H2.Z64,U3,2020,8784,0,0.00
H2.Z64,U3,2021,8760,0,0.00
H2.Z64,U3,2022,8760,0,0.00
H2.Z64,U3,2023,8759,0,0.00
H2.Z64,W,2018,8760,0,0.00
H2.Z64,W,2019,8760,0,0.00
H2.Z64,W,2020,8784,0,0.00
H2.Z64,W,2021,8760,0,0.00
H2.Z64,W,2022,8760,0,0.00
H2.Z64,W,2023,8760,0,0.00
H2.Z64,W,2024,1,0,0.00
H2.Z64,WQ,2018,8760,0,0.00
H2.Z64,WQ,2019,8760,0,0.00
H2.Z64,WQ,2020,8784,0,0.00
H2.Z64,WQ,2021,8760,0,0.00
H2.Z64,WQ,2022,8760,0,0.00
H2.Z64,WQ,2023,8760,0,0.00
H2.Z64,WQ,2024,1,0,0.00
H2.Z64,WQ_in,2018,1241,0,0.00
H2.Z64,WQ_in,2019,8760,0,0.00
H2.Z64,WQ_in,2020,8784,0,0.00
H2.Z64,WQ_in,2021,8760,0,0.00
H2.Z64,WQ_in,2022,8760,0,0.00
H2.Z64,WQ_in,2023,8759,0,0.00
H2.Z64,WQ_out,2017,1,0,0.00
H2.Z64,WQ_out,2018,8760,0,0.00
H2.Z64,WQ_out,2019,8760,0,0.00
H2.Z64,WQ_out,2020,8784,0,0.00
H2.Z64,WQ_out,2021,8760,0,0.00
H2.Z64,WQ_out,2022,8760,0,0.00
H2.Z64,WQ_out,2023,8759,0,0.00
H2.Z64,W_in,2017,1,0,0.00
H2.Z64,W_in,2018,8760,0,0.00
H2.Z64,W_in,2019,8760,0,0.00
H2.Z64,W_in,2020,8784,0,0.00
H2.Z64,W_in,2021,8760,0,0.00
H2.Z64,W_in,2022,8760,0,0.00
H2.Z64,W_in,2023,8759,0,0.00
H2.Z64,W_out,2018,6471,0,0.00
H2.Z64,W_out,2019,8760,0,0.00
H2.Z64,W_out,2020,8784,0,0.00
H2.Z64,W_out,2021,8760,0,0.00
H2.Z64,W_out,2022,8760,0,0.00
H2.Z64,W_out,2023,8759,0,0.00
H2.Z64,f,2017,1,0,0.00
H2.Z64,f,2018,8760,0,0.00
H2.Z64,f,2019,8760,0,0.00
H2.Z64,f,2020,8784,0,0.00
H2.Z64,f,2021,8760,0,0.00
H2.Z64,f,2022,8760,0,0.00
H2.Z64,f,2023,8759,0,0.00
H2.Z65,I1,2017,1,0,0.00
H2.Z65,I1,2018,8760,0,0.00
H2.Z65,I1,2019,8760,0,0.00
H2.Z65,I1,2020,8784,0,0.00
H2.Z65,I1,2021,8760,0,0.00
H2.Z65,I1,2022,8760,0,0.00
H2.Z65,I1,2023,8759,0,0.00
H2.Z65,I2,2017,1,0,0.00
H2.Z65,I2,2018,8760,0,0.00
H2.Z65,I2,2019,8760,0,0.00
H2.Z65,I2,2020,8784,0,0.00
H2.Z65,I2,2021,8760,0,0.00
H2.Z65,I2,2022,8760,0,0.00
H2.Z65,I2,2023,8759,0,0.00
H2.Z65,I3,2017,1,0,0.00
H2.Z65,I3,2018,8760,0,0.00
H2.Z65,I3,2019,8760,0,0.00
H2.Z65,I3,2020,8784,0,0.00
H2.Z65,I3,2021,8760,0,0.00
H2.Z65,I3,2022,8760,0,0.00
H2.Z65,I3,2023,8759,0,0.00
H2.Z65,P,2017,1,0,0.00
H2.Z65,P,2018,8760,0,0.00
H2.Z65,P,2019,8760,0,0.00
H2.Z65,P,2020,8784,0,0.00
H2.Z65,P,2021,8760,0,0.00
H2.Z65,P,2022,8760,0,0.00
H2.Z65,P,2023,8759,0,0.00
H2.Z65,P1,2017,1,0,0.00
H2.Z65,P1,2018,8760,0,0.00
H2.Z65,P1,2019,8760,0,0.00
H2.Z65,P1,2020,8784,0,0.00
H2.Z65,P1,2021,8760,0,0.00
H2.Z65,P1,2022,8760,0,0.00
H2.Z65,P1,2023,8759,0,0.00
H2.Z65,P2,2017,1,0,0.00
H2.Z65,P2,2018,8760,0,0.00
H2.Z65,P2,2019,8760,0,0.00
H2.Z65,P2,2020,8784,0,0.00
H2.Z65,P2,2021,8760,0,0.00
H2.Z65,P2,2022,8760,0,0.00
H2.Z65,P2,2023,8759,0,0.00
H2.Z65,P3,2017,1,0,0.00
H2.Z65,P3,2018,8760,0,0.00
H2.Z65,P3,2019,8760,0,0.00
H2.Z65,P3,2020,8784,0,0.00
H2.Z65,P3,2021,8760,0,0.00
H2.Z65,P3,2022,8760,0,0.00
H2.Z65,P3,2023,8759,0,0.00
H2.Z65,PF,2017,1,0,0.00
H2.Z65,PF,2018,8760,0,0.00
H2.Z65,PF,2019,8760,0,0.00
H2.Z65,PF,2020,8784,0,0.00
H2.Z65,PF,2021,8760,0,0.00
H2.Z65,PF,2022,8760,0,0.00
H2.Z65,PF,2023,8759,0,0.00
H2.Z65,PF1,2017,1,0,0.00
H2.Z65,PF1,2018,8760,0,0.00
H2.Z65,PF1,2019,8760,0,0.00
H2.Z65,PF1,2020,8784,0,0.00
H2.Z65,PF1,2021,8760,0,0.00
H2.Z65,PF1,2022,8760,0,0.00
H2.Z65,PF1,2023,8759,0,0.00
H2.Z65,PF2,2017,1,0,0.00
H2.Z65,PF2,2018,8760,0,0.00
H2.Z65,PF2,2019,8760,0,0.00
H2.Z65,PF2,2020,8784,0,0.00
H2.Z65,PF2,2021,8760,0,0.00
H2.Z65,PF2,2022,8760,0,0.00
H2.Z65,PF2,2023,8759,0,0.00
H2.Z65,PF3,2017,1,0,0.00
H2.Z65,PF3,2018,8760,0,0.00
H2.Z65,PF3,2019,8760,0,0.00
H2.Z65,PF3,2020,8784,0,0.00
H2.Z65,PF3,2021,8760,0,0.00
H2.Z65,PF3,2022,8760,0,0.00
H2.Z65,PF3,2023,8759,0,0.00
H2.Z65,Q,2017,1,0,0.00
H2.Z65,Q,2018,8760,0,0.00
H2.Z65,Q,2019,8760,0,0.00
H2.Z65,Q,2020,8784,0,0.00
H2.Z65,Q,2021,8760,0,0.00
H2.Z65,Q,2022,8760,0,0.00
H2.Z65,Q,2023,8759,0,0.00
H2.Z65,U1,2017,1,0,0.00
H2.Z65,U1,2018,8760,0,0.00
H2.Z65,U1,2019,8760,0,0.00
H2.Z65,U1,2020,8784,0,0.00
H2.Z65,U1,2021,8760,0,0.00
H2.Z65,U1,2022,8760,0,0.00
H2.Z65,U1,2023,8759,0,0.00
H2.Z65,U2,2017,1,0,0.00
H2.Z65,U2,2018,8760,0,0.00
H2.Z65,U2,2019,8760,0,0.00
H2.Z65,U2,2020,8784,0,0.00
H2.Z65,U2,2021,8760,0,0.00
H2.Z65,U2,2022,8760,0,0.00
H2.Z65,U2,2023,8759,0,0.00
H2.Z65,U3,2017,1,0,0.00
H2.Z65,U3,2018,8760,0,0.00
H2.Z65,U3,2019,8760,0,0.00
H2.Z65,U3,2020,8784,0,0.00
H2.Z65,U3,2021,8760,0,0.00
H2.Z65,U3,2022,8760,0,0.00
H2.Z65,U3,2023,8759,0,0.00
H2.Z65,W,2018,8760,0,0.00
H2.Z65,W,2019,8760,0,0.00
H2.Z65,W,2020,8784,0,0.00
H2.Z65,W,2021,8760,0,0.00
H2.Z65,W,2022,8760,0,0.00
H2.Z65,W,2023,8760,0,0.00
H2.Z65,W,2024,1,0,0.00
H2.Z65,WQ,2018,8760,0,0.00
H2.Z65,WQ,2019,8760,0,0.00
H2.Z65,WQ,2020,8784,0,0.00
H2.Z65,WQ,2021,8760,0,0.00
H2.Z65,WQ,2022,8760,0,0.00
H2.Z65,WQ,2023,8760,0,0.00
H2.Z65,WQ,2024,1,0,0.00
H2.Z65,WQ_in,2018,8625,0,0.00
H2.Z65,WQ_in,2019,8760,0,0.00
H2.Z65,WQ_in,2020,8784,0,0.00
H2.Z65,WQ_in,2021,8760,0,0.00
H2.Z65,WQ_in,2022,8760,0,0.00
H2.Z65,WQ_in,2023,8759,0,0.00
H2.Z65,WQ_out,2017,1,0,0.00
H2.Z65,WQ_out,2018,8760,0,0.00
H2.Z65,WQ_out,2019,8760,0,0.00
H2.Z65,WQ_out,2020,8784,0,0.00
H2.Z65,WQ_out,2021,8760,0,0.00
H2.Z65,WQ_out,2022,8760,0,0.00
H2.Z65,WQ_out,2023,8759,0,0.00
H2.Z65,W_in,2017,1,0,0.00
H2.Z65,W_in,2018,8760,0,0.00
H2.Z65,W_in,2019,8760,0,0.00
H2.Z65,W_in,2020,8784,0,0.00
H2.Z65,W_in,2021,8760,0,0.00
H2.Z65,W_in,2022,8760,0,0.00
H2.Z65,W_in,2023,8759,0,0.00
H2.Z65,W_out,2018,8625,0,0.00
H2.Z65,W_out,2019,8760,0,0.00
H2.Z65,W_out,2020,8784,0,0.00
H2.Z65,W_out,2021,8760,0,0.00
H2.Z65,W_out,2022,8760,0,0.00
H2.Z65,W_out,2023,8759,0,0.00
H2.Z65,f,2017,1,0,0.00
H2.Z65,f,2018,8760,0,0.00
H2.Z65,f,2019,8760,0,0.00
H2.Z65,f,2020,8784,0,0.00
H2.Z65,f,2021,8760,0,0.00
H2.Z65,f,2022,8760,0,0.00
H2.Z65,f,2023,8759,0,0.00
H2.Z66,I1,2017,1,0,0.00
H2.Z66,I1,2018,8760,0,0.00
H2.Z66,I1,2019,8760,0,0.00
H2.Z66,I1,2020,8784,0,0.00
H2.Z66,I1,2021,8760,0,0.00
H2.Z66,I1,2022,8760,0,0.00
H2.Z66,I1,2023,8759,0,0.00
H2.Z66,I2,2017,1,0,0.00
H2.Z66,I2,2018,8760,0,0.00
H2.Z66,I2,2019,8760,0,0.00
H2.Z66,I2,2020,8784,0,0.00
H2.Z66,I2,2021,8760,0,0.00
H2.Z66,I2,2022,8760,0,0.00
H2.Z66,I2,2023,8759,0,0.00
H2.Z66,I3,2017,1,0,0.00
H2.Z66,I3,2018,8760,0,0.00
H2.Z66,I3,2019,8760,0,0.00
H2.Z66,I3,2020,8784,0,0.00
H2.Z66,I3,2021,8760,0,0.00
H2.Z66,I3,2022,8760,0,0.00
H2.Z66,I3,2023,8759,0,0.00
H2.Z66,P,2017,1,0,0.00
H2.Z66,P,2018,8760,0,0.00
H2.Z66,P,2019,8760,0,0.00
H2.Z66,P,2020,8784,0,0.00
H2.Z66,P,2021,8760,0,0.00
H2.Z66,P,2022,8760,0,0.00
H2.Z66,P,2023,8759,0,0.00
H2.Z66,P1,2017,1,0,0.00
H2.Z66,P1,2018,8760,0,0.00
H2.Z66,P1,2019,8760,0,0.00
H2.Z66,P1,2020,8784,0,0.00
H2.Z66,P1,2021,8760,0,0.00
H2.Z66,P1,2022,8760,0,0.00
H2.Z66,P1,2023,8759,0,0.00
H2.Z66,P2,2017,1,0,0.00
H2.Z66,P2,2018,8760,0,0.00
H2.Z66,P2,2019,8760,0,0.00
H2.Z66,P2,2020,8784,0,0.00
H2.Z66,P2,2021,8760,0,0.00
H2.Z66,P2,2022,8760,0,0.00
H2.Z66,P2,2023,8759,0,0.00
H2.Z66,P3,2017,1,0,0.00
H2.Z66,P3,2018,8760,0,0.00
H2.Z66,P3,2019,8760,0,0.00
H2.Z66,P3,2020,8784,0,0.00
H2.Z66,P3,2021,8760,0,0.00
H2.Z66,P3,2022,8760,0,0.00
H2.Z66,P3,2023,8759,0,0.00
H2.Z66,PF,2017,1,0,0.00
H2.Z66,PF,2018,8760,0,0.00
H2.Z66,PF,2019,8760,0,0.00
H2.Z66,PF,2020,8784,0,0.00
H2.Z66,PF,2021,8760,0,0.00
H2.Z66,PF,2022,8760,0,0.00
H2.Z66,PF,2023,8759,0,0.00
H2.Z66,PF1,2017,1,0,0.00
H2.Z66,PF1,2018,8760,0,0.00
H2.Z66,PF1,2019,8760,0,0.00
H2.Z66,PF1,2020,8784,0,0.00
H2.Z66,PF1,2021,8760,0,0.00
H2.Z66,PF1,2022,8760,0,0.00
H2.Z66,PF1,2023,8759,0,0.00
H2.Z66,PF2,2017,1,0,0.00
H2.Z66,PF2,2018,8760,0,0.00
H2.Z66,PF2,2019,8760,0,0.00
H2.Z66,PF2,2020,8784,0,0.00
H2.Z66,PF2,2021,8760,0,0.00
H2.Z66,PF2,2022,8760,0,0.00
H2.Z66,PF2,2023,8759,0,0.00
H2.Z66,PF3,2017,1,0,0.00
H2.Z66,PF3,2018,8760,0,0.00
H2.Z66,PF3,2019,8760,0,0.00
H2.Z66,PF3,2020,8784,0,0.00
H2.Z66,PF3,2021,8760,0,0.00
H2.Z66,PF3,2022,8760,0,0.00
H2.Z66,PF3,2023,8759,0,0.00
H2.Z66,Q,2017,1,0,0.00
H2.Z66,Q,2018,8760,0,0.00
H2.Z66,Q,2019,8760,0,0.00
H2.Z66,Q,2020,8784,0,0.00
H2.Z66,Q,2021,8760,0,0.00
H2.Z66,Q,2022,8760,0,0.00
H2.Z66,Q,2023,8759,0,0.00
H2.Z66,U1,2017,1,0,0.00
H2.Z66,U1,2018,8760,0,0.00
H2.Z66,U1,2019,8760,0,0.00
H2.Z66,U1,2020,8784,0,0.00
H2.Z66,U1,2021,8760,0,0.00
H2.Z66,U1,2022,8760,0,0.00
H2.Z66,U1,2023,8759,0,0.00
H2.Z66,U2,2017,1,0,0.00
H2.Z66,U2,2018,8760,0,0.00
H2.Z66,U2,2019,8760,0,0.00
H2.Z66,U2,2020,8784,0,0.00
H2.Z66,U2,2021,8760,0,0.00
H2.Z66,U2,2022,8760,0,0.00
H2.Z66,U2,2023,8759,0,0.00
H2.Z66,U3,2017,1,0,0.00
H2.Z66,U3,2018,8760,0,0.00
H2.Z66,U3,2019,8760,0,0.00
H2.Z66,U3,2020,8784,0,0.00
H2.Z66,U3,2021,8760,0,0.00
H2.Z66,U3,2022,8760,0,0.00
H2.Z66,U3,2023,8759,0,0.00
H2.Z66,W,2018,8760,0,0.00
H2.Z66,W,2019,8760,0,0.00
H2.Z66,W,2020,8784,0,0.00
H2.Z66,W,2021,8760,0,0.00
H2.Z66,W,2022,8760,0,0.00
H2.Z66,W,2023,8760,0,0.00
H2.Z66,W,2024,1,0,0.00
H2.Z66,WQ,2018,8760,0,0.00
H2.Z66,WQ,2019,8760,0,0.00
H2.Z66,WQ,2020,8784,0,0.00
H2.Z66,WQ,2021,8760,0,0.00
H2.Z66,WQ,2022,8760,0,0.00
H2.Z66,WQ,2023,8760,0,0.00
H2.Z66,WQ,2024,1,0,0.00
H2.Z66,WQ_in,2018,8760,0,0.00
H2.Z66,WQ_in,2019,8760,0,0.00
H2.Z66,WQ_in,2020,8784,0,0.00
H2.Z66,WQ_in,2021,8760,0,0.00
H2.Z66,WQ_in,2022,8760,0,0.00
H2.Z66,WQ_in,2023,8759,0,0.00
H2.Z66,WQ_out,2018,1241,0,0.00
H2.Z66,WQ_out,2019,8760,0,0.00
H2.Z66,WQ_out,2020,8784,0,0.00
H2.Z66,WQ_out,2021,8760,0,0.00
H2.Z66,WQ_out,2022,8760,0,0.00
H2.Z66,WQ_out,2023,8759,0,0.00
H2.Z66,W_in,2018,8760,0,0.00
H2.Z66,W_in,2019,8760,0,0.00
H2.Z66,W_in,2020,8784,0,0.00
H2.Z66,W_in,2021,8760,0,0.00
H2.Z66,W_in,2022,8760,0,0.00
H2.Z66,W_in,2023,8759,0,0.00
H2.Z66,W_out,2018,1241,0,0.00
H2.Z66,W_out,2019,8760,0,0.00
H2.Z66,W_out,2020,8784,0,0.00
H2.Z66,W_out,2021,8760,0,0.00
H2.Z66,W_out,2022,8760,0,0.00
H2.Z66,W_out,2023,8759,0,0.00
H2.Z66,f,2017,1,0,0.00
H2.Z66,f,2018,8760,0,0.00
H2.Z66,f,2019,8760,0,0.00
H2.Z66,f,2020,8784,0,0.00
H2.Z66,f,2021,8760,0,0.00
H2.Z66,f,2022,8760,0,0.00
H2.Z66,f,2023,8759,0,0.00
H2.Z67,I1,2017,1,0,0.00
H2.Z67,I1,2018,8760,0,0.00
H2.Z67,I1,2019,8760,0,0.00
H2.Z67,I1,2020,8784,0,0.00
H2.Z67,I1,2021,8760,0,0.00
H2.Z67,I1,2022,8760,0,0.00
H2.Z67,I1,2023,8759,0,0.00
H2.Z67,I2,2017,1,0,0.00
H2.Z67,I2,2018,8760,0,0.00
H2.Z67,I2,2019,8760,0,0.00
H2.Z67,I2,2020,8784,0,0.00
H2.Z67,I2,2021,8760,0,0.00
H2.Z67,I2,2022,8760,0,0.00
H2.Z67,I2,2023,8759,0,0.00
H2.Z67,I3,2018,8724,0,0.00
H2.Z67,I3,2019,8760,0,0.00
H2.Z67,I3,2020,8784,0,0.00
H2.Z67,I3,2021,8760,0,0.00
H2.Z67,I3,2022,8760,0,0.00
H2.Z67,I3,2023,8759,0,0.00
H2.Z67,P,2017,1,0,0.00
H2.Z67,P,2018,8760,0,0.00
H2.Z67,P,2019,8760,0,0.00
H2.Z67,P,2020,8784,0,0.00
H2.Z67,P,2021,8760,0,0.00
H2.Z67,P,2022,8760,0,0.00
H2.Z67,P,2023,8759,0,0.00
H2.Z67,P1,2017,1,0,0.00
H2.Z67,P1,2018,8760,0,0.00
H2.Z67,P1,2019,8760,0,0.00
H2.Z67,P1,2020,8784,0,0.00
H2.Z67,P1,2021,8760,0,0.00
H2.Z67,P1,2022,8760,0,0.00
H2.Z67,P1,2023,8759,0,0.00
H2.Z67,P2,2017,1,0,0.00
H2.Z67,P2,2018,8760,0,0.00
H2.Z67,P2,2019,8760,0,0.00
H2.Z67,P2,2020,8784,0,0.00
H2.Z67,P2,2021,8760,0,0.00
H2.Z67,P2,2022,8760,0,0.00
H2.Z67,P2,2023,8759,0,0.00
H2.Z67,P3,2018,8724,0,0.00
H2.Z67,P3,2019,8760,0,0.00
H2.Z67,P3,2020,8784,0,0.00
H2.Z67,P3,2021,8760,0,0.00
H2.Z67,P3,2022,8760,0,0.00
H2.Z67,P3,2023,8759,0,0.00
H2.Z67,PF,2017,1,0,0.00
H2.Z67,PF,2018,8760,0,0.00
H2.Z67,PF,2019,8760,0,0.00
H2.Z67,PF,2020,8784,0,0.00
H2.Z67,PF,2021,8760,0,0.00
H2.Z67,PF,2022,8760,0,0.00
H2.Z67,PF,2023,8759,0,0.00
H2.Z67,PF1,2017,1,0,0.00
H2.Z67,PF1,2018,8760,0,0.00
H2.Z67,PF1,2019,8760,0,0.00
H2.Z67,PF1,2020,8784,0,0.00
H2.Z67,PF1,2021,8760,0,0.00
H2.Z67,PF1,2022,8760,0,0.00
H2.Z67,PF1,2023,8759,0,0.00
H2.Z67,PF2,2017,1,0,0.00
H2.Z67,PF2,2018,8760,0,0.00
H2.Z67,PF2,2019,8760,0,0.00
H2.Z67,PF2,2020,8784,0,0.00
H2.Z67,PF2,2021,8760,0,0.00
H2.Z67,PF2,2022,8760,0,0.00
H2.Z67,PF2,2023,8759,0,0.00
H2.Z67,PF3,2018,8724,0,0.00
H2.Z67,PF3,2019,8760,0,0.00
H2.Z67,PF3,2020,8784,0,0.00
H2.Z67,PF3,2021,8760,0,0.00
H2.Z67,PF3,2022,8760,0,0.00
H2.Z67,PF3,2023,8759,0,0.00
H2.Z67,Q,2017,1,0,0.00
H2.Z67,Q,2018,8760,0,0.00
H2.Z67,Q,2019,8760,0,0.00
H2.Z67,Q,2020,8784,0,0.00
H2.Z67,Q,2021,8760,0,0.00
H2.Z67,Q,2022,8760,0,0.00
H2.Z67,Q,2023,8759,0,0.00
H2.Z67,U1,2017,1,0,0.00
H2.Z67,U1,2018,8760,0,0.00
H2.Z67,U1,2019,8760,0,0.00
H2.Z67,U1,2020,8784,0,0.00
H2.Z67,U1,2021,8760,0,0.00
H2.Z67,U1,2022,8760,0,0.00
H2.Z67,U1,2023,8759,0,0.00
H2.Z67,U2,2017,1,0,0.00
H2.Z67,U2,2018,8760,0,0.00
H2.Z67,U2,2019,8760,0,0.00
H2.Z67,U2,2020,8784,0,0.00
H2.Z67,U2,2021,8760,0,0.00
H2.Z67,U2,2022,8760,0,0.00
H2.Z67,U2,2023,8759,0,0.00
H2.Z67,U3,2017,1,0,0.00
H2.Z67,U3,2018,8760,0,0.00
H2.Z67,U3,2019,8760,0,0.00
H2.Z67,U3,2020,8784,0,0.00
H2.Z67,U3,2021,8760,0,0.00
H2.Z67,U3,2022,8760,0,0.00
H2.Z67,U3,2023,8759,0,0.00
H2.Z67,W,2018,8760,0,0.00
H2.Z67,W,2019,8760,0,0.00
H2.Z67,W,2020,8784,0,0.00
H2.Z67,W,2021,8760,0,0.00
H2.Z67,W,2022,8760,0,0.00
H2.Z67,W,2023,8760,0,0.00
H2.Z67,W,2024,1,0,0.00
H2.Z67,WQ,2018,8760,0,0.00
H2.Z67,WQ,2019,8760,0,0.00
H2.Z67,WQ,2020,8784,0,0.00
H2.Z67,WQ,2021,8760,0,0.00
H2.Z67,WQ,2022,8760,0,0.00
H2.Z67,WQ,2023,8760,0,0.00
H2.Z67,WQ,2024,1,0,0.00
H2.Z67,WQ_in,2018,8760,0,0.00
H2.Z67,WQ_in,2019,8760,0,0.00
H2.Z67,WQ_in,2020,8784,0,0.00
H2.Z67,WQ_in,2021,8760,0,0.00
H2.Z67,WQ_in,2022,8760,0,0.00
H2.Z67,WQ_in,2023,8759,0,0.00
H2.Z67,WQ_out,2018,1241,0,0.00
H2.Z67,WQ_out,2019,8760,0,0.00
H2.Z67,WQ_out,2020,8784,0,0.00
H2.Z67,WQ_out,2021,8760,0,0.00
H2.Z67,WQ_out,2022,8760,0,0.00
H2.Z67,WQ_out,2023,8759,0,0.00
H2.Z67,W_in,2018,8760,0,0.00
H2.Z67,W_in,2019,8760,0,0.00
H2.Z67,W_in,2020,8784,0,0.00
H2.Z67,W_in,2021,8760,0,0.00
H2.Z67,W_in,2022,8760,0,0.00
H2.Z67,W_in,2023,8759,0,0.00
H2.Z67,W_out,2018,1241,0,0.00
H2.Z67,W_out,2019,8760,0,0.00
H2.Z67,W_out,2020,8784,0,0.00
H2.Z67,W_out,2021,8760,0,0.00
H2.Z67,W_out,2022,8760,0,0.00
H2.Z67,W_out,2023,8759,0,0.00
H2.Z67,f,2017,1,0,0.00
H2.Z67,f,2018,8760,0,0.00
H2.Z67,f,2019,8760,0,0.00
H2.Z67,f,2020,8784,0,0.00
H2.Z67,f,2021,8760,0,0.00
H2.Z67,f,2022,8760,0,0.00
H2.Z67,f,2023,8759,0,0.00
H2.Z68,I1,2017,1,0,0.00
H2.Z68,I1,2018,8760,0,0.00
H2.Z68,I1,2019,8760,0,0.00
H2.Z68,I1,2020,8784,0,0.00
H2.Z68,I1,2021,8760,0,0.00
H2.Z68,I1,2022,8760,0,0.00
H2.Z68,I1,2023,8759,0,0.00
H2.Z68,I2,2017,1,0,0.00
H2.Z68,I2,2018,8760,0,0.00
H2.Z68,I2,2019,8760,0,0.00
H2.Z68,I2,2020,8784,0,0.00
H2.Z68,I2,2021,8760,0,0.00
H2.Z68,I2,2022,8760,0,0.00
H2.Z68,I2,2023,8759,0,0.00
H2.Z68,I3,2017,1,0,0.00
H2.Z68,I3,2018,8760,0,0.00
H2.Z68,I3,2019,8760,0,0.00
H2.Z68,I3,2020,8784,0,0.00
H2.Z68,I3,2021,8760,0,0.00
H2.Z68,I3,2022,8760,0,0.00
H2.Z68,I3,2023,8759,0,0.00
H2.Z68,P,2017,1,0,0.00
H2.Z68,P,2018,8760,0,0.00
H2.Z68,P,2019,8760,0,0.00
H2.Z68,P,2020,8784,0,0.00
H2.Z68,P,2021,8760,0,0.00
H2.Z68,P,2022,8760,0,0.00
H2.Z68,P,2023,8759,0,0.00
H2.Z68,P1,2017,1,0,0.00
H2.Z68,P1,2018,8760,0,0.00
H2.Z68,P1,2019,8760,0,0.00
H2.Z68,P1,2020,8784,0,0.00
H2.Z68,P1,2021,8760,0,0.00
H2.Z68,P1,2022,8760,0,0.00
H2.Z68,P1,2023,8759,0,0.00
H2.Z68,P2,2017,1,0,0.00
H2.Z68,P2,2018,8760,0,0.00
H2.Z68,P2,2019,8760,0,0.00
H2.Z68,P2,2020,8784,0,0.00
H2.Z68,P2,2021,8760,0,0.00
H2.Z68,P2,2022,8760,0,0.00
H2.Z68,P2,2023,8759,0,0.00
H2.Z68,P3,2017,1,0,0.00
H2.Z68,P3,2018,8760,0,0.00
H2.Z68,P3,2019,8760,0,0.00
H2.Z68,P3,2020,8784,0,0.00
H2.Z68,P3,2021,8760,0,0.00
H2.Z68,P3,2022,8760,0,0.00
H2.Z68,P3,2023,8759,0,0.00
H2.Z68,PF,2017,1,0,0.00
H2.Z68,PF,2018,8760,0,0.00
H2.Z68,PF,2019,8760,0,0.00
H2.Z68,PF,2020,8784,0,0.00
H2.Z68,PF,2021,8760,0,0.00
H2.Z68,PF,2022,8760,0,0.00
H2.Z68,PF,2023,8759,0,0.00
H2.Z68,PF1,2017,1,0,0.00
H2.Z68,PF1,2018,8760,0,0.00
H2.Z68,PF1,2019,8760,0,0.00
H2.Z68,PF1,2020,8784,0,0.00
H2.Z68,PF1,2021,8760,0,0.00
H2.Z68,PF1,2022,8760,0,0.00
H2.Z68,PF1,2023,8759,0,0.00
H2.Z68,PF2,2017,1,0,0.00
H2.Z68,PF2,2018,8760,0,0.00
H2.Z68,PF2,2019,8760,0,0.00
H2.Z68,PF2,2020,8784,0,0.00
H2.Z68,PF2,2021,8760,0,0.00
H2.Z68,PF2,2022,8760,0,0.00
H2.Z68,PF2,2023,8759,0,0.00
H2.Z68,PF3,2017,1,0,0.00
H2.Z68,PF3,2018,8760,0,0.00
H2.Z68,PF3,2019,8760,0,0.00
H2.Z68,PF3,2020,8784,0,0.00
H2.Z68,PF3,2021,8760,0,0.00
H2.Z68,PF3,2022,8760,0,0.00
H2.Z68,PF3,2023,8759,0,0.00
H2.Z68,Q,2017,1,0,0.00
H2.Z68,Q,2018,8760,0,0.00
H2.Z68,Q,2019,8760,0,0.00
H2.Z68,Q,2020,8784,0,0.00
H2.Z68,Q,2021,8760,0,0.00
H2.Z68,Q,2022,8760,0,0.00
H2.Z68,Q,2023,8759,0,0.00
H2.Z68,U1,2017,1,0,0.00
H2.Z68,U1,2018,8760,0,0.00
H2.Z68,U1,2019,8760,0,0.00
H2.Z68,U1,2020,8784,0,0.00
H2.Z68,U1,2021,8760,0,0.00
H2.Z68,U1,2022,8760,0,0.00
H2.Z68,U1,2023,8759,0,0.00
H2.Z68,U2,2017,1,0,0.00
H2.Z68,U2,2018,8760,0,0.00
H2.Z68,U2,2019,8760,0,0.00
H2.Z68,U2,2020,8784,0,0.00
H2.Z68,U2,2021,8760,0,0.00
H2.Z68,U2,2022,8760,0,0.00
H2.Z68,U2,2023,8759,0,0.00
H2.Z68,U3,2017,1,0,0.00
H2.Z68,U3,2018,8760,0,0.00
H2.Z68,U3,2019,8760,0,0.00
H2.Z68,U3,2020,8784,0,0.00
H2.Z68,U3,2021,8760,0,0.00
H2.Z68,U3,2022,8760,0,0.00
H2.Z68,U3,2023,8759,0,0.00
H2.Z68,W,2018,8760,0,0.00
H2.Z68,W,2019,8760,0,0.00
H2.Z68,W,2020,8784,0,0.00
H2.Z68,W,2021,8760,0,0.00
H2.Z68,W,2022,8760,0,0.00
H2.Z68,W,2023,8760,0,0.00
H2.Z68,W,2024,1,0,0.00
H2.Z68,WQ,2018,8760,0,0.00
H2.Z68,WQ,2019,8760,0,0.00
H2.Z68,WQ,2020,8784,0,0.00
H2.Z68,WQ,2021,8760,0,0.00
H2.Z68,WQ,2022,8760,0,0.00
H2.Z68,WQ,2023,8760,0,0.00
H2.Z68,WQ,2024,1,0,0.00
H2.Z68,WQ_in,2017,1,0,0.00
H2.Z68,WQ_in,2018,8760,0,0.00
H2.Z68,WQ_in,2019,8760,0,0.00
H2.Z68,WQ_in,2020,8784,0,0.00
H2.Z68,WQ_in,2021,8760,0,0.00
H2.Z68,WQ_in,2022,8760,0,0.00
H2.Z68,WQ_in,2023,8759,0,0.00
H2.Z68,WQ_out,2018,1241,0,0.00
H2.Z68,WQ_out,2019,8760,0,0.00
H2.Z68,WQ_out,2020,8784,0,0.00
H2.Z68,WQ_out,2021,8760,0,0.00
H2.Z68,WQ_out,2022,8760,0,0.00
H2.Z68,WQ_out,2023,8759,0,0.00
H2.Z68,W_in,2017,1,0,0.00
H2.Z68,W_in,2018,8760,0,0.00
H2.Z68,W_in,2019,8760,0,0.00
H2.Z68,W_in,2020,8784,0,0.00
H2.Z68,W_in,2021,8760,0,0.00
H2.Z68,W_in,2022,8760,0,0.00
H2.Z68,W_in,2023,8759,0,0.00
H2.Z68,W_out,2018,1241,0,0.00
H2.Z68,W_out,2019,8760,0,0.00
H2.Z68,W_out,2020,8784,0,0.00
H2.Z68,W_out,2021,8760,0,0.00
H2.Z68,W_out,2022,8760,0,0.00
H2.Z68,W_out,2023,8759,0,0.00
H2.Z68,f,2017,1,0,0.00
H2.Z68,f,2018,8760,0,0.00
H2.Z68,f,2019,8760,0,0.00
H2.Z68,f,2020,8784,0,0.00
H2.Z68,f,2021,8760,0,0.00
H2.Z68,f,2022,8760,0,0.00
H2.Z68,f,2023,8759,0,0.00
H2.Z69,I1,2017,1,0,0.00
H2.Z69,I1,2018,8760,0,0.00
H2.Z69,I1,2019,8760,0,0.00
H2.Z69,I1,2020,8784,0,0.00
H2.Z69,I1,2021,8760,0,0.00
H2.Z69,I1,2022,8760,0,0.00
H2.Z69,I1,2023,8759,0,0.00
H2.Z69,I2,2017,1,0,0.00
H2.Z69,I2,2018,8760,0,0.00
H2.Z69,I2,2019,8760,0,0.00
H2.Z69,I2,2020,8784,0,0.00
H2.Z69,I2,2021,8760,0,0.00
H2.Z69,I2,2022,8760,0,0.00
H2.Z69,I2,2023,8759,0,0.00
H2.Z69,I3,2017,1,0,0.00
H2.Z69,I3,2018,8760,0,0.00
H2.Z69,I3,2019,8760,0,0.00
H2.Z69,I3,2020,8784,0,0.00
H2.Z69,I3,2021,8760,0,0.00
H2.Z69,I3,2022,8760,0,0.00
H2.Z69,I3,2023,8759,0,0.00
H2.Z69,P,2017,1,0,0.00
H2.Z69,P,2018,8760,0,0.00
H2.Z69,P,2019,8760,0,0.00
H2.Z69,P,2020,8784,0,0.00
H2.Z69,P,2021,8760,0,0.00
H2.Z69,P,2022,8760,0,0.00
H2.Z69,P,2023,8759,0,0.00
H2.Z69,P1,2017,1,0,0.00
H2.Z69,P1,2018,8760,0,0.00
H2.Z69,P1,2019,8760,0,0.00
H2.Z69,P1,2020,8784,0,0.00
H2.Z69,P1,2021,8760,0,0.00
H2.Z69,P1,2022,8760,0,0.00
H2.Z69,P1,2023,8759,0,0.00
H2.Z69,P2,2017,1,0,0.00
H2.Z69,P2,2018,8760,0,0.00
H2.Z69,P2,2019,8760,0,0.00
H2.Z69,P2,2020,8784,0,0.00
H2.Z69,P2,2021,8760,0,0.00
H2.Z69,P2,2022,8760,0,0.00
H2.Z69,P2,2023,8759,0,0.00
H2.Z69,P3,2017,1,0,0.00
H2.Z69,P3,2018,8760,0,0.00
H2.Z69,P3,2019,8760,0,0.00
H2.Z69,P3,2020,8784,0,0.00
H2.Z69,P3,2021,8760,0,0.00
H2.Z69,P3,2022,8760,0,0.00
H2.Z69,P3,2023,8759,0,0.00
H2.Z69,PF,2017,1,0,0.00
H2.Z69,PF,2018,8760,0,0.00
H2.Z69,PF,2019,8760,0,0.00
H2.Z69,PF,2020,8784,0,0.00
H2.Z69,PF,2021,8760,0,0.00
H2.Z69,PF,2022,8760,0,0.00
H2.Z69,PF,2023,8759,0,0.00
H2.Z69,PF1,2017,1,0,0.00
H2.Z69,PF1,2018,8760,0,0.00
H2.Z69,PF1,2019,8760,0,0.00
H2.Z69,PF1,2020,8784,0,0.00
H2.Z69,PF1,2021,8760,0,0.00
H2.Z69,PF1,2022,8760,0,0.00
H2.Z69,PF1,2023,8759,0,0.00
H2.Z69,PF2,2017,1,0,0.00
H2.Z69,PF2,2018,8760,0,0.00
H2.Z69,PF2,2019,8760,0,0.00
H2.Z69,PF2,2020,8784,0,0.00
H2.Z69,PF2,2021,8760,0,0.00
H2.Z69,PF2,2022,8760,0,0.00
H2.Z69,PF2,2023,8759,0,0.00
H2.Z69,PF3,2017,1,0,0.00
H2.Z69,PF3,2018,8760,0,0.00
H2.Z69,PF3,2019,8760,0,0.00
H2.Z69,PF3,2020,8784,0,0.00
H2.Z69,PF3,2021,8760,0,0.00
H2.Z69,PF3,2022,8760,0,0.00
H2.Z69,PF3,2023,8759,0,0.00
H2.Z69,Q,2017,1,0,0.00
H2.Z69,Q,2018,8760,0,0.00
H2.Z69,Q,2019,8760,0,0.00
H2.Z69,Q,2020,8784,0,0.00
H2.Z69,Q,2021,8760,0,0.00
H2.Z69,Q,2022,8760,0,0.00
H2.Z69,Q,2023,8759,0,0.00
H2.Z69,U1,2017,1,0,0.00
H2.Z69,U1,2018,8760,0,0.00
H2.Z69,U1,2019,8760,0,0.00
H2.Z69,U1,2020,8784,0,0.00
H2.Z69,U1,2021,8760,0,0.00
H2.Z69,U1,2022,8760,0,0.00
H2.Z69,U1,2023,8759,0,0.00
H2.Z69,U2,2017,1,0,0.00
H2.Z69,U2,2018,8760,0,0.00
H2.Z69,U2,2019,8760,0,0.00
H2.Z69,U2,2020,8784,0,0.00
H2.Z69,U2,2021,8760,0,0.00
H2.Z69,U2,2022,8760,0,0.00
H2.Z69,U2,2023,8759,0,0.00
H2.Z69,U3,2017,1,0,0.00
H2.Z69,U3,2018,8760,0,0.00
H2.Z69,U3,2019,8760,0,0.00
H2.Z69,U3,2020,8784,0,0.00
H2.Z69,U3,2021,8760,0,0.00
H2.Z69,U3,2022,8760,0,0.00
H2.Z69,U3,2023,8759,0,0.00
H2.Z69,W,2018,8760,0,0.00
H2.Z69,W,2019,8760,0,0.00
H2.Z69,W,2020,8784,0,0.00
H2.Z69,W,2021,8760,0,0.00
H2.Z69,W,2022,8760,0,0.00
H2.Z69,W,2023,8760,0,0.00
H2.Z69,W,2024,1,0,0.00
H2.Z69,WQ,2018,8760,0,0.00
H2.Z69,WQ,2019,8760,0,0.00
H2.Z69,WQ,2020,8784,0,0.00
H2.Z69,WQ,2021,8760,0,0.00
H2.Z69,WQ,2022,8760,0,0.00
H2.Z69,WQ,2023,8760,0,0.00
H2.Z69,WQ,2024,1,0,0.00
H2.Z69,WQ_in,2017,1,0,0.00
H2.Z69,WQ_in,2018,8760,0,0.00
H2.Z69,WQ_in,2019,8760,0,0.00
H2.Z69,WQ_in,2020,8784,0,0.00
H2.Z69,WQ_in,2021,8760,0,0.00
H2.Z69,WQ_in,2022,8760,0,0.00
H2.Z69,WQ_in,2023,8759,0,0.00
H2.Z69,WQ_out,2018,1241,0,0.00
H2.Z69,WQ_out,2019,8760,0,0.00
H2.Z69,WQ_out,2020,8784,0,0.00
H2.Z69,WQ_out,2021,8760,0,0.00
H2.Z69,WQ_out,2022,8760,0,0.00
H2.Z69,WQ_out,2023,8759,0,0.00
H2.Z69,W_in,2017,1,0,0.00
H2.Z69,W_in,2018,8760,0,0.00
H2.Z69,W_in,2019,8760,0,0.00
H2.Z69,W_in,2020,8784,0,0.00
H2.Z69,W_in,2021,8760,0,0.00
H2.Z69,W_in,2022,8760,0,0.00
H2.Z69,W_in,2023,8759,0,0.00
H2.Z69,W_out,2018,1241,0,0.00
H2.Z69,W_out,2019,8760,0,0.00
H2.Z69,W_out,2020,8784,0,0.00
H2.Z69,W_out,2021,8760,0,0.00
H2.Z69,W_out,2022,8760,0,0.00
H2.Z69,W_out,2023,8759,0,0.00
H2.Z69,f,2017,1,0,0.00
H2.Z69,f,2018,8760,0,0.00
H2.Z69,f,2019,8760,0,0.00
H2.Z69,f,2020,8784,0,0.00
H2.Z69,f,2021,8760,0,0.00
H2.Z69,f,2022,8760,0,0.00
H2.Z69,f,2023,8759,0,0.00
H2.Z70,I1,2018,8754,0,0.00
H2.Z70,I1,2019,8760,0,0.00
H2.Z70,I1,2020,8784,0,0.00
H2.Z70,I1,2021,8760,0,0.00
H2.Z70,I1,2022,8760,0,0.00
H2.Z70,I1,2023,8759,0,0.00
H2.Z70,I2,2018,8732,0,0.00
H2.Z70,I2,2019,8760,0,0.00
H2.Z70,I2,2020,8784,0,0.00
H2.Z70,I2,2021,8760,0,0.00
H2.Z70,I2,2022,8760,0,0.00
H2.Z70,I2,2023,8759,0,0.00
H2.Z70,I3,2017,1,0,0.00
H2.Z70,I3,2018,8760,0,0.00
H2.Z70,I3,2019,8760,0,0.00
H2.Z70,I3,2020,8784,0,0.00
H2.Z70,I3,2021,8760,0,0.00
H2.Z70,I3,2022,8760,0,0.00
H2.Z70,I3,2023,8759,0,0.00
H2.Z70,P,2017,1,0,0.00
H2.Z70,P,2018,8760,0,0.00
H2.Z70,P,2019,8760,0,0.00
H2.Z70,P,2020,8784,0,0.00
H2.Z70,P,2021,8760,0,0.00
H2.Z70,P,2022,8760,0,0.00
H2.Z70,P,2023,8759,0,0.00
H2.Z70,P1,2017,1,0,0.00
H2.Z70,P1,2018,8760,0,0.00
H2.Z70,P1,2019,8760,0,0.00
H2.Z70,P1,2020,8784,0,0.00
H2.Z70,P1,2021,8760,0,0.00
H2.Z70,P1,2022,8760,0,0.00
H2.Z70,P1,2023,8759,0,0.00
H2.Z70,P2,2018,8732,0,0.00
H2.Z70,P2,2019,8760,0,0.00
H2.Z70,P2,2020,8784,0,0.00
H2.Z70,P2,2021,8760,0,0.00
H2.Z70,P2,2022,8760,0,0.00
H2.Z70,P2,2023,8759,0,0.00
H2.Z70,P3,2017,1,0,0.00
H2.Z70,P3,2018,8760,0,0.00
H2.Z70,P3,2019,8760,0,0.00
H2.Z70,P3,2020,8784,0,0.00
H2.Z70,P3,2021,8760,0,0.00
H2.Z70,P3,2022,8760,0,0.00
H2.Z70,P3,2023,8759,0,0.00
H2.Z70,PF,2017,1,0,0.00
H2.Z70,PF,2018,8760,0,0.00
H2.Z70,PF,2019,8760,0,0.00
H2.Z70,PF,2020,8784,0,0.00
H2.Z70,PF,2021,8760,0,0.00
H2.Z70,PF,2022,8760,0,0.00
H2.Z70,PF,2023,8759,0,0.00
H2.Z70,PF1,2017,1,0,0.00
H2.Z70,PF1,2018,8760,0,0.00
H2.Z70,PF1,2019,8760,0,0.00
H2.Z70,PF1,2020,8784,0,0.00
H2.Z70,PF1,2021,8760,0,0.00
H2.Z70,PF1,2022,8760,0,0.00
H2.Z70,PF1,2023,8759,0,0.00
H2.Z70,PF2,2018,8732,0,0.00
H2.Z70,PF2,2019,8760,0,0.00
H2.Z70,PF2,2020,8784,0,0.00
H2.Z70,PF2,2021,8760,0,0.00
H2.Z70,PF2,2022,8760,0,0.00
H2.Z70,PF2,2023,8759,0,0.00
H2.Z70,PF3,2017,1,0,0.00
H2.Z70,PF3,2018,8760,0,0.00
H2.Z70,PF3,2019,8760,0,0.00
H2.Z70,PF3,2020,8784,0,0.00
H2.Z70,PF3,2021,8760,0,0.00
H2.Z70,PF3,2022,8760,0,0.00
H2.Z70,PF3,2023,8759,0,0.00
H2.Z70,Q,2017,1,0,0.00
H2.Z70,Q,2018,8760,0,0.00
H2.Z70,Q,2019,8760,0,0.00
H2.Z70,Q,2020,8784,0,0.00
H2.Z70,Q,2021,8760,0,0.00
H2.Z70,Q,2022,8760,0,0.00
H2.Z70,Q,2023,8759,0,0.00
H2.Z70,U1,2017,1,0,0.00
H2.Z70,U1,2018,8760,0,0.00
H2.Z70,U1,2019,8760,0,0.00
H2.Z70,U1,2020,8784,0,0.00
H2.Z70,U1,2021,8760,0,0.00
H2.Z70,U1,2022,8760,0,0.00
H2.Z70,U1,2023,8759,0,0.00
H2.Z70,U2,2017,1,0,0.00
H2.Z70,U2,2018,8760,0,0.00
H2.Z70,U2,2019,8760,0,0.00
H2.Z70,U2,2020,8784,0,0.00
H2.Z70,U2,2021,8760,0,0.00
H2.Z70,U2,2022,8760,0,0.00
H2.Z70,U2,2023,8759,0,0.00
H2.Z70,U3,2017,1,0,0.00
H2.Z70,U3,2018,8760,0,0.00
H2.Z70,U3,2019,8760,0,0.00
H2.Z70,U3,2020,8784,0,0.00
H2.Z70,U3,2021,8760,0,0.00
H2.Z70,U3,2022,8760,0,0.00
H2.Z70,U3,2023,8759,0,0.00
H2.Z70,W,2018,8760,0,0.00
H2.Z70,W,2019,8760,0,0.00
H2.Z70,W,2020,8784,0,0.00
H2.Z70,W,2021,8760,0,0.00
H2.Z70,W,2022,8760,0,0.00
H2.Z70,W,2023,8760,0,0.00
H2.Z70,W,2024,1,0,0.00
H2.Z70,WQ,2018,8760,0,0.00
H2.Z70,WQ,2019,8760,0,0.00
H2.Z70,WQ,2020,8784,0,0.00
H2.Z70,WQ,2021,8760,0,0.00
H2.Z70,WQ,2022,8760,0,0.00
H2.Z70,WQ,2023,8760,0,0.00
H2.Z70,WQ,2024,1,0,0.00
H2.Z70,WQ_in,2018,8760,0,0.00
H2.Z70,WQ_in,2019,8760,0,0.00
H2.Z70,WQ_in,2020,8784,0,0.00
H2.Z70,WQ_in,2021,8760,0,0.00
H2.Z70,WQ_in,2022,8760,0,0.00
H2.Z70,WQ_in,2023,8759,0,0.00
H2.Z70,WQ_out,2018,8715,0,0.00
H2.Z70,WQ_out,2019,8760,0,0.00
H2.Z70,WQ_out,2020,8784,0,0.00
H2.Z70,WQ_out,2021,8760,0,0.00
H2.Z70,WQ_out,2022,8760,0,0.00
H2.Z70,WQ_out,2023,8759,0,0.00
H2.Z70,W_in,2017,1,0,0.00
H2.Z70,W_in,2018,8760,0,0.00
H2.Z70,W_in,2019,8760,0,0.00
H2.Z70,W_in,2020,8784,0,0.00
H2.Z70,W_in,2021,8760,0,0.00
H2.Z70,W_in,2022,8760,0,0.00
H2.Z70,W_in,2023,8759,0,0.00
H2.Z70,W_out,2018,1241,0,0.00
H2.Z70,W_out,2019,8760,0,0.00
H2.Z70,W_out,2020,8784,0,0.00
H2.Z70,W_out,2021,8760,0,0.00
H2.Z70,W_out,2022,8760,0,0.00
H2.Z70,W_out,2023,8759,0,0.00
H2.Z70,f,2017,1,0,0.00
H2.Z70,f,2018,8760,0,0.00
H2.Z70,f,2019,8760,0,0.00
H2.Z70,f,2020,8784,0,0.00
H2.Z70,f,2021,8760,0,0.00
H2.Z70,f,2022,8760,0,0.00
H2.Z70,f,2023,8759,0,0.00
H2.ZE64,I1,2022,6826,0,0.00
H2.ZE64,I1,2023,8759,0,0.00
H2.ZE64,I2,2022,6826,0,0.00
H2.ZE64,I2,2023,8759,0,0.00
H2.ZE64,I3,2022,6826,0,0.00
H2.ZE64,I3,2023,8759,0,0.00
H2.ZE64,P,2022,6826,0,0.00
H2.ZE64,P,2023,8759,0,0.00
H2.ZE64,P1,2022,6826,0,0.00
H2.ZE64,P1,2023,8759,0,0.00
H2.ZE64,P2,2022,6826,0,0.00
H2.ZE64,P2,2023,8759,0,0.00
H2.ZE64,P3,2022,6826,0,0.00
H2.ZE64,P3,2023,8759,0,0.00
H2.ZE64,PF,2022,6826,0,0.00
H2.ZE64,PF,2023,8759,0,0.00
H2.ZE64,PF1,2022,6826,0,0.00
H2.ZE64,PF1,2023,8759,0,0.00
H2.ZE64,PF2,2022,6826,0,0.00
H2.ZE64,PF2,2023,8759,0,0.00
H2.ZE64,PF3,2022,6826,0,0.00
H2.ZE64,PF3,2023,8759,0,0.00
H2.ZE64,U1,2022,6826,0,0.00
H2.ZE64,U1,2023,8759,0,0.00
H2.ZE64,U2,2022,6826,0,0.00
H2.ZE64,U2,2023,8759,0,0.00
H2.ZE64,U3,2022,6826,0,0.00
H2.ZE64,U3,2023,8759,0,0.00
H2.ZE64,W,2022,6825,0,0.00
H2.ZE64,W,2023,8759,0,0.00
H2.ZE64,W1,2022,6825,0,0.00
H2.ZE64,W1,2023,8759,0,0.00
H2.ZE64,W2,2022,6825,0,0.00
H2.ZE64,W2,2023,8759,0,0.00
H2.ZE64,W3,2022,6825,0,0.00
H2.ZE64,W3,2023,8759,0,0.00
H2.ZE64,W_in,2022,6825,0,0.00
H2.ZE64,W_in,2023,8759,0,0.00
H2.ZE64,W_out,2022,6825,0,0.00
H2.ZE64,W_out,2023,4722,0,0.00
H2.ZE64,f,2022,6826,0,0.00
H2.ZE64,f,2023,8759,0,0.00
H2.ZE65,I1,2022,6826,0,0.00
H2.ZE65,I1,2023,8230,0,0.00
H2.ZE65,I2,2022,6826,0,0.00
H2.ZE65,I2,2023,8230,0,0.00
H2.ZE65,I3,2022,6826,0,0.00
H2.ZE65,I3,2023,8230,0,0.00
H2.ZE65,P,2022,6826,0,0.00
H2.ZE65,P,2023,8230,0,0.00
H2.ZE65,P1,2022,6826,0,0.00
H2.ZE65,P1,2023,8230,0,0.00
H2.ZE65,P2,2022,6826,0,0.00
H2.ZE65,P2,2023,8230,0,0.00
H2.ZE65,P3,2022,6826,0,0.00
H2.ZE65,P3,2023,8230,0,0.00
H2.ZE65,PF,2022,6826,0,0.00
H2.ZE65,PF,2023,8230,0,0.00
H2.ZE65,PF1,2022,6826,0,0.00
H2.ZE65,PF1,2023,8230,0,0.00
H2.ZE65,PF2,2022,6826,0,0.00
H2.ZE65,PF2,2023,8230,0,0.00
H2.ZE65,PF3,2022,6826,0,0.00
H2.ZE65,PF3,2023,8230,0,0.00
H2.ZE65,U1,2022,6826,0,0.00
H2.ZE65,U1,2023,8230,0,0.00
H2.ZE65,U2,2022,6826,0,0.00
H2.ZE65,U2,2023,8230,0,0.00
H2.ZE65,U3,2022,6826,0,0.00
H2.ZE65,U3,2023,8230,0,0.00
H2.ZE65,W,2022,6825,0,0.00
H2.ZE65,W,2023,8230,0,0.00
H2.ZE65,W1,2022,6825,0,0.00
H2.ZE65,W1,2023,8230,0,0.00
H2.ZE65,W2,2022,6825,0,0.00
H2.ZE65,W2,2023,8230,0,0.00
H2.ZE65,W3,2022,6825,0,0.00
H2.ZE65,W3,2023,8230,0,0.00
H2.ZE65,W_in,2022,6825,0,0.00
H2.ZE65,W_in,2023,8230,0,0.00
H2.ZE65,W_out,2022,6825,0,0.00
H2.ZE65,W_out,2023,4722,0,0.00
H2.ZE65,f,2022,6826,0,0.00
H2.ZE65,f,2023,8230,0,0.00
H2.ZE66,I1,2022,6826,0,0.00
H2.ZE66,I1,2023,8759,0,0.00
H2.ZE66,I2,2022,6826,0,0.00
H2.ZE66,I2,2023,8759,0,0.00
H2.ZE66,I3,2022,6826,0,0.00
H2.ZE66,I3,2023,8759,0,0.00
H2.ZE66,P,2022,6826,0,0.00
H2.ZE66,P,2023,8759,0,0.00
H2.ZE66,P1,2022,6826,0,0.00
H2.ZE66,P1,2023,8759,0,0.00
H2.ZE66,P2,2022,6826,0,0.00
H2.ZE66,P2,2023,8759,0,0.00
H2.ZE66,P3,2022,6826,0,0.00
H2.ZE66,P3,2023,8759,0,0.00
H2.ZE66,PF,2022,6784,0,0.00
H2.ZE66,PF,2023,8759,0,0.00
H2.ZE66,PF1,2022,6826,0,0.00
H2.ZE66,PF1,2023,8759,0,0.00
H2.ZE66,PF2,2022,6826,0,0.00
H2.ZE66,PF2,2023,8759,0,0.00
H2.ZE66,PF3,2022,6826,0,0.00
H2.ZE66,PF3,2023,8759,0,0.00
H2.ZE66,U1,2022,6826,0,0.00
H2.ZE66,U1,2023,8759,0,0.00
H2.ZE66,U2,2022,6826,0,0.00
H2.ZE66,U2,2023,8759,0,0.00
H2.ZE66,U3,2022,6826,0,0.00
H2.ZE66,U3,2023,8759,0,0.00
H2.ZE66,W,2022,6825,0,0.00
H2.ZE66,W,2023,8759,0,0.00
H2.ZE66,W1,2022,6825,0,0.00
H2.ZE66,W1,2023,8759,0,0.00
H2.ZE66,W2,2022,6825,0,0.00
H2.ZE66,W2,2023,8759,0,0.00
H2.ZE66,W3,2022,6825,0,0.00
H2.ZE66,W3,2023,8759,0,0.00
H2.ZE66,W_in,2022,6825,0,0.00
H2.ZE66,W_in,2023,8759,0,0.00
H2.ZE66,W_out,2022,6825,0,0.00
H2.ZE66,W_out,2023,7593,0,0.00
H2.ZE66,f,2022,6826,0,0.00
H2.ZE66,f,2023,8759,0,0.00
H2.ZE67,I1,2022,6826,0,0.00
H2.ZE67,I1,2023,8759,0,0.00
H2.ZE67,I2,2022,6826,0,0.00
H2.ZE67,I2,2023,8759,0,0.00
H2.ZE67,I3,2022,6826,0,0.00
H2.ZE67,I3,2023,8677,0,0.00
H2.ZE67,P,2022,6826,0,0.00
H2.ZE67,P,2023,8759,0,0.00
H2.ZE67,P1,2022,6826,0,0.00
H2.ZE67,P1,2023,8759,0,0.00
H2.ZE67,P2,2022,6826,0,0.00
H2.ZE67,P2,2023,8759,0,0.00
H2.ZE67,P3,2022,6826,0,0.00
H2.ZE67,P3,2023,8759,0,0.00
H2.ZE67,PF,2022,6826,0,0.00
H2.ZE67,PF,2023,8759,0,0.00
H2.ZE67,PF1,2022,6826,0,0.00
H2.ZE67,PF1,2023,8759,0,0.00
H2.ZE67,PF2,2022,6826,0,0.00
H2.ZE67,PF2,2023,8759,0,0.00
H2.ZE67,PF3,2022,6826,0,0.00
H2.ZE67,PF3,2023,8677,0,0.00
H2.ZE67,U1,2022,6826,0,0.00
H2.ZE67,U1,2023,8759,0,0.00
H2.ZE67,U2,2022,6826,0,0.00
H2.ZE67,U2,2023,8759,0,0.00
H2.ZE67,U3,2022,6826,0,0.00
H2.ZE67,U3,2023,8759,0,0.00
H2.ZE67,W,2022,6825,0,0.00
H2.ZE67,W,2023,8759,0,0.00
H2.ZE67,W1,2022,6825,0,0.00
H2.ZE67,W1,2023,8759,0,0.00
H2.ZE67,W2,2022,6825,0,0.00
H2.ZE67,W2,2023,8759,0,0.00
H2.ZE67,W3,2022,6825,0,0.00
H2.ZE67,W3,2023,8757,0,0.00
H2.ZE67,W_in,2022,6825,0,0.00
H2.ZE67,W_in,2023,8759,0,0.00
H2.ZE67,W_out,2022,6825,0,0.00
H2.ZE67,W_out,2023,7592,0,0.00
H2.ZE67,f,2022,6826,0,0.00
H2.ZE67,f,2023,8759,0,0.00
H2.ZE74,I1,2022,6922,0,0.00
H2.ZE74,I1,2023,8759,0,0.00
H2.ZE74,I2,2022,6922,0,0.00
H2.ZE74,I2,2023,8759,0,0.00
H2.ZE74,I3,2022,6922,0,0.00
H2.ZE74,I3,2023,8759,0,0.00
H2.ZE74,P,2022,6922,0,0.00
H2.ZE74,P,2023,8759,0,0.00
H2.ZE74,P1,2022,6922,0,0.00
H2.ZE74,P1,2023,8759,0,0.00
H2.ZE74,P2,2022,6922,0,0.00
H2.ZE74,P2,2023,8759,0,0.00
H2.ZE74,P3,2022,6922,0,0.00
H2.ZE74,P3,2023,8759,0,0.00
H2.ZE74,PF,2022,6922,0,0.00
H2.ZE74,PF,2023,8759,0,0.00
H2.ZE74,PF1,2022,6922,0,0.00
H2.ZE74,PF1,2023,8759,0,0.00
H2.ZE74,PF2,2022,6922,0,0.00
H2.ZE74,PF2,2023,8759,0,0.00
H2.ZE74,PF3,2022,6922,0,0.00
H2.ZE74,PF3,2023,8759,0,0.00
H2.ZE74,U1,2022,6922,0,0.00
H2.ZE74,U1,2023,8759,0,0.00
H2.ZE74,U2,2022,6922,0,0.00
H2.ZE74,U2,2023,8759,0,0.00
H2.ZE74,U3,2022,6922,0,0.00
H2.ZE74,U3,2023,8759,0,0.00
H2.ZE74,W,2022,6921,0,0.00
H2.ZE74,W,2023,8759,0,0.00
H2.ZE74,W1,2022,6921,0,0.00
H2.ZE74,W1,2023,8759,0,0.00
H2.ZE74,W2,2022,6921,0,0.00
H2.ZE74,W2,2023,8759,0,0.00
H2.ZE74,W3,2022,6921,0,0.00
H2.ZE74,W3,2023,8759,0,0.00
H2.ZE74,W_in,2022,6921,0,0.00
H2.ZE74,W_in,2023,8759,0,0.00
H2.ZE74,W_out,2022,6921,0,0.00
H2.ZE74,W_out,2023,444,0,0.00
H2.ZE74,f,2022,6922,0,0.00
H2.ZE74,f,2023,8759,0,0.00
H3.Z312,I1,2020,4538,0,0.00
H3.Z312,I1,2021,8760,0,0.00
H3.Z312,I1,2022,8760,0,0.00
H3.Z312,I1,2023,8759,0,0.00
H3.Z312,I2,2020,4538,0,0.00
H3.Z312,I2,2021,8760,0,0.00
H3.Z312,I2,2022,8760,0,0.00
H3.Z312,I2,2023,8759,0,0.00
H3.Z312,I3,2020,4538,0,0.00
H3.Z312,I3,2021,8760,0,0.00
H3.Z312,I3,2022,8760,0,0.00
H3.Z312,I3,2023,8759,0,0.00
H3.Z312,P,2020,4538,0,0.00
H3.Z312,P,2021,8760,0,0.00
H3.Z312,P,2022,8760,0,0.00
H3.Z312,P,2023,8759,0,0.00
H3.Z312,P1,2020,4538,0,0.00
H3.Z312,P1,2021,8760,0,0.00
H3.Z312,P1,2022,8760,0,0.00
H3.Z312,P1,2023,8759,0,0.00
H3.Z312,P2,2020,4538,0,0.00
H3.Z312,P2,2021,8760,0,0.00
H3.Z312,P2,2022,8760,0,0.00
H3.Z312,P2,2023,8759,0,0.00
H3.Z312,P3,2020,4538,0,0.00
H3.Z312,P3,2021,8760,0,0.00
H3.Z312,P3,2022,8760,0,0.00
H3.Z312,P3,2023,8759,0,0.00
H3.Z312,PF,2020,4538,0,0.00
H3.Z312,PF,2021,8760,0,0.00
H3.Z312,PF,2022,8760,0,0.00
H3.Z312,PF,2023,8759,0,0.00
H3.Z312,PF1,2020,4538,0,0.00
H3.Z312,PF1,2021,8760,0,0.00
H3.Z312,PF1,2022,8760,0,0.00
H3.Z312,PF1,2023,8759,0,0.00
H3.Z312,PF2,2020,4538,0,0.00
H3.Z312,PF2,2021,8760,0,0.00
H3.Z312,PF2,2022,8760,0,0.00
H3.Z312,PF2,2023,8759,0,0.00
H3.Z312,PF3,2020,4538,0,0.00
H3.Z312,PF3,2021,8760,0,0.00
H3.Z312,PF3,2022,8760,0,0.00
H3.Z312,PF3,2023,8759,0,0.00
H3.Z312,U1,2020,4538,0,0.00
H3.Z312,U1,2021,8760,0,0.00
H3.Z312,U1,2022,8760,0,0.00
H3.Z312,U1,2023,8759,0,0.00
H3.Z312,U2,2020,4538,0,0.00
H3.Z312,U2,2021,8760,0,0.00
H3.Z312,U2,2022,8760,0,0.00
H3.Z312,U2,2023,8759,0,0.00
H3.Z312,U3,2020,4538,0,0.00
H3.Z312,U3,2021,8760,0,0.00
H3.Z312,U3,2022,8760,0,0.00
H3.Z312,U3,2023,8759,0,0.00
H3.Z312,W,2020,4538,0,0.00
H3.Z312,W,2021,8760,0,0.00
H3.Z312,W,2022,8760,0,0.00
H3.Z312,W,2023,8752,0,0.00
H3.Z312,W1,2020,4538,0,0.00
H3.Z312,W1,2021,8760,0,0.00
H3.Z312,W1,2022,8760,0,0.00
H3.Z312,W1,2023,8752,0,0.00
H3.Z312,W2,2020,4538,0,0.00
H3.Z312,W2,2021,8760,0,0.00
H3.Z312,W2,2022,8760,0,0.00
H3.Z312,W2,2023,8759,0,0.00
H3.Z312,W3,2020,4538,0,0.00
H3.Z312,W3,2021,8760,0,0.00
H3.Z312,W3,2022,8760,0,0.00
H3.Z312,W3,2023,8759,0,0.00
H3.Z312,W_in,2020,4538,0,0.00
H3.Z312,W_in,2021,8760,0,0.00
H3.Z312,W_in,2022,8760,0,0.00
H3.Z312,W_in,2023,8759,0,0.00
H3.Z312,W_out,2020,4532,0,0.00
H3.Z312,W_out,2021,8760,0,0.00
H3.Z312,W_out,2022,8760,0,0.00
H3.Z312,W_out,2023,8752,0,0.00
H3.Z312,f,2020,4538,0,0.00
H3.Z312,f,2021,8760,0,0.00
H3.Z312,f,2022,8760,0,0.00
H3.Z312,f,2023,8759,0,0.00
H3.Z40,I1,2018,8017,0,0.00
H3.Z40,I1,2019,8760,0,0.00
H3.Z40,I1,2020,8784,0,0.00
H3.Z40,I1,2021,8760,0,0.00
H3.Z40,I1,2022,8760,0,0.00
H3.Z40,I1,2023,8759,0,0.00
H3.Z40,I2,2018,8017,0,0.00
H3.Z40,I2,2019,8760,0,0.00
H3.Z40,I2,2020,8784,0,0.00
H3.Z40,I2,2021,8760,0,0.00
H3.Z40,I2,2022,8760,0,0.00
H3.Z40,I2,2023,8759,0,0.00
H3.Z40,I3,2018,8017,0,0.00
H3.Z40,I3,2019,8760,0,0.00
H3.Z40,I3,2020,8784,0,0.00
H3.Z40,I3,2021,8760,0,0.00
H3.Z40,I3,2022,8760,0,0.00
H3.Z40,I3,2023,8759,0,0.00
H3.Z40,P,2018,8017,0,0.00
H3.Z40,P,2019,8760,0,0.00
H3.Z40,P,2020,8784,0,0.00
H3.Z40,P,2021,8760,0,0.00
H3.Z40,P,2022,8760,0,0.00
H3.Z40,P,2023,8759,0,0.00
H3.Z40,P1,2018,8017,0,0.00
H3.Z40,P1,2019,8760,0,0.00
H3.Z40,P1,2020,8784,0,0.00
H3.Z40,P1,2021,8760,0,0.00
H3.Z40,P1,2022,8760,0,0.00
H3.Z40,P1,2023,8759,0,0.00
H3.Z40,P2,2018,8017,0,0.00
H3.Z40,P2,2019,8760,0,0.00
H3.Z40,P2,2020,8784,0,0.00
H3.Z40,P2,2021,8760,0,0.00
H3.Z40,P2,2022,8760,0,0.00
H3.Z40,P2,2023,8759,0,0.00
H3.Z40,P3,2018,8017,0,0.00
H3.Z40,P3,2019,8760,0,0.00
H3.Z40,P3,2020,8784,0,0.00
H3.Z40,P3,2021,8760,0,0.00
H3.Z40,P3,2022,8760,0,0.00
H3.Z40,P3,2023,8759,0,0.00
H3.Z40,PF,2018,8017,0,0.00
H3.Z40,PF,2019,8760,0,0.00
H3.Z40,PF,2020,8784,0,0.00
H3.Z40,PF,2021,8760,0,0.00
H3.Z40,PF,2022,8760,0,0.00
H3.Z40,PF,2023,8759,0,0.00
H3.Z40,PF1,2018,8017,0,0.00
H3.Z40,PF1,2019,8760,0,0.00
H3.Z40,PF1,2020,8784,0,0.00
H3.Z40,PF1,2021,8760,0,0.00
H3.Z40,PF1,2022,8760,0,0.00
H3.Z40,PF1,2023,8759,0,0.00
H3.Z40,PF2,2018,8017,0,0.00
H3.Z40,PF2,2019,8760,0,0.00
H3.Z40,PF2,2020,8784,0,0.00
H3.Z40,PF2,2021,8760,0,0.00
H3.Z40,PF2,2022,8760,0,0.00
H3.Z40,PF2,2023,8759,0,0.00
H3.Z40,PF3,2018,8017,0,0.00
H3.Z40,PF3,2019,8760,0,0.00
H3.Z40,PF3,2020,8784,0,0.00
H3.Z40,PF3,2021,8760,0,0.00
H3.Z40,PF3,2022,8760,0,0.00
H3.Z40,PF3,2023,8759,0,0.00
H3.Z40,Q,2018,8017,0,0.00
H3.Z40,Q,2019,8760,0,0.00
H3.Z40,Q,2020,8784,0,0.00
H3.Z40,Q,2021,8760,0,0.00
H3.Z40,Q,2022,8760,0,0.00
H3.Z40,Q,2023,8759,0,0.00
H3.Z40,U1,2018,8017,0,0.00
H3.Z40,U1,2019,8760,0,0.00
H3.Z40,U1,2020,8784,0,0.00
H3.Z40,U1,2021,8760,0,0.00
H3.Z40,U1,2022,8760,0,0.00
H3.Z40,U1,2023,8759,0,0.00
H3.Z40,U2,2018,8017,0,0.00
H3.Z40,U2,2019,8760,0,0.00
H3.Z40,U2,2020,8784,0,0.00
H3.Z40,U2,2021,8760,0,0.00
H3.Z40,U2,2022,8760,0,0.00
H3.Z40,U2,2023,8759,0,0.00
H3.Z40,U3,2018,8017,0,0.00
H3.Z40,U3,2019,8760,0,0.00
H3.Z40,U3,2020,8784,0,0.00
H3.Z40,U3,2021,8760,0,0.00
H3.Z40,U3,2022,8760,0,0.00
H3.Z40,U3,2023,8759,0,0.00
H3.Z40,W,2018,8760,0,0.00
H3.Z40,W,2019,8760,0,0.00
H3.Z40,W,2020,8784,0,0.00
H3.Z40,W,2021,8760,0,0.00
H3.Z40,W,2022,8760,0,0.00
H3.Z40,W,2023,8760,0,0.00
H3.Z40,W,2024,1,0,0.00
H3.Z40,WQ,2018,8760,0,0.00
H3.Z40,WQ,2019,8760,0,0.00
H3.Z40,WQ,2020,8784,0,0.00
H3.Z40,WQ,2021,8760,0,0.00
H3.Z40,WQ,2022,8760,0,0.00
H3.Z40,WQ,2023,8760,0,0.00
H3.Z40,WQ,2024,1,0,0.00
H3.Z40,WQ_in,2018,7745,0,0.00
H3.Z40,WQ_in,2019,8760,0,0.00
H3.Z40,WQ_in,2020,8784,0,0.00
H3.Z40,WQ_in,2021,8760,0,0.00
H3.Z40,WQ_in,2022,8760,0,0.00
H3.Z40,WQ_in,2023,8759,0,0.00
H3.Z40,WQ_out,2018,8017,0,0.00
H3.Z40,WQ_out,2019,8760,0,0.00
H3.Z40,WQ_out,2020,8784,0,0.00
H3.Z40,WQ_out,2021,8760,0,0.00
H3.Z40,WQ_out,2022,8760,0,0.00
H3.Z40,WQ_out,2023,8759,0,0.00
H3.Z40,W_in,2018,8017,0,0.00
H3.Z40,W_in,2019,8760,0,0.00
H3.Z40,W_in,2020,8784,0,0.00
H3.Z40,W_in,2021,8760,0,0.00
H3.Z40,W_in,2022,8760,0,0.00
H3.Z40,W_in,2023,8759,0,0.00
H3.Z40,W_out,2018,6063,0,0.00
H3.Z40,W_out,2019,8760,0,0.00
H3.Z40,W_out,2020,8784,0,0.00
H3.Z40,W_out,2021,8760,0,0.00
H3.Z40,W_out,2022,8760,0,0.00
H3.Z40,W_out,2023,8759,0,0.00
H3.Z40,f,2018,8017,0,0.00
H3.Z40,f,2019,8760,0,0.00
H3.Z40,f,2020,8784,0,0.00
H3.Z40,f,2021,8760,0,0.00
H3.Z40,f,2022,8760,0,0.00
H3.Z40,f,2023,8759,0,0.00
H3.Z41,I1,2018,8017,0,0.00
H3.Z41,I1,2019,8760,0,0.00
H3.Z41,I1,2020,8784,0,0.00
H3.Z41,I1,2021,8760,0,0.00
H3.Z41,I1,2022,8760,0,0.00
H3.Z41,I1,2023,8759,0,0.00
H3.Z41,I2,2018,8017,0,0.00
H3.Z41,I2,2019,8760,0,0.00
H3.Z41,I2,2020,8784,0,0.00
H3.Z41,I2,2021,8760,0,0.00
H3.Z41,I2,2022,8760,0,0.00
H3.Z41,I2,2023,8759,0,0.00
H3.Z41,I3,2018,8017,0,0.00
H3.Z41,I3,2019,8760,0,0.00
H3.Z41,I3,2020,8784,0,0.00
H3.Z41,I3,2021,8760,0,0.00
H3.Z41,I3,2022,8760,0,0.00
H3.Z41,I3,2023,8759,0,0.00
H3.Z41,P,2018,8017,0,0.00
H3.Z41,P,2019,8760,0,0.00
H3.Z41,P,2020,8784,0,0.00
H3.Z41,P,2021,8760,0,0.00
H3.Z41,P,2022,8760,0,0.00
H3.Z41,P,2023,8759,0,0.00
H3.Z41,P1,2018,8017,0,0.00
H3.Z41,P1,2019,8760,0,0.00
H3.Z41,P1,2020,8784,0,0.00
H3.Z41,P1,2021,8760,0,0.00
H3.Z41,P1,2022,8760,0,0.00
H3.Z41,P1,2023,8759,0,0.00
H3.Z41,P2,2018,8017,0,0.00
H3.Z41,P2,2019,8760,0,0.00
H3.Z41,P2,2020,8784,0,0.00
H3.Z41,P2,2021,8760,0,0.00
H3.Z41,P2,2022,8760,0,0.00
H3.Z41,P2,2023,8759,0,0.00
H3.Z41,P3,2018,8017,0,0.00
H3.Z41,P3,2019,8760,0,0.00
H3.Z41,P3,2020,8784,0,0.00
H3.Z41,P3,2021,8760,0,0.00
H3.Z41,P3,2022,8760,0,0.00
H3.Z41,P3,2023,8759,0,0.00
H3.Z41,PF,2018,8017,0,0.00
H3.Z41,PF,2019,8760,0,0.00
H3.Z41,PF,2020,8784,0,0.00
H3.Z41,PF,2021,8760,0,0.00
H3.Z41,PF,2022,8760,0,0.00
H3.Z41,PF,2023,8759,0,0.00
H3.Z41,PF1,2018,8017,0,0.00
H3.Z41,PF1,2019,8760,0,0.00
H3.Z41,PF1,2020,8784,0,0.00
H3.Z41,PF1,2021,8760,0,0.00
H3.Z41,PF1,2022,8760,0,0.00
H3.Z41,PF1,2023,8759,0,0.00
H3.Z41,PF2,2018,8017,0,0.00
H3.Z41,PF2,2019,8760,0,0.00
H3.Z41,PF2,2020,8784,0,0.00
H3.Z41,PF2,2021,8760,0,0.00
H3.Z41,PF2,2022,8760,0,0.00
H3.Z41,PF2,2023,8759,0,0.00
H3.Z41,PF3,2018,8017,0,0.00
H3.Z41,PF3,2019,8760,0,0.00
H3.Z41,PF3,2020,8784,0,0.00
H3.Z41,PF3,2021,8760,0,0.00
H3.Z41,PF3,2022,8760,0,0.00
H3.Z41,PF3,2023,8759,0,0.00
H3.Z41,Q,2018,8017,0,0.00
H3.Z41,Q,2019,8760,0,0.00
H3.Z41,Q,2020,8784,0,0.00
H3.Z41,Q,2021,8760,0,0.00
H3.Z41,Q,2022,8760,0,0.00
H3.Z41,Q,2023,8759,0,0.00
H3.Z41,U1,2018,8017,0,0.00
H3.Z41,U1,2019,8760,0,0.00
H3.Z41,U1,2020,8784,0,0.00
H3.Z41,U1,2021,8760,0,0.00
H3.Z41,U1,2022,8760,0,0.00
H3.Z41,U1,2023,8759,0,0.00
H3.Z41,U2,2018,8017,0,0.00
H3.Z41,U2,2019,8760,0,0.00
H3.Z41,U2,2020,8784,0,0.00
H3.Z41,U2,2021,8760,0,0.00
H3.Z41,U2,2022,8760,0,0.00
H3.Z41,U2,2023,8759,0,0.00
H3.Z41,U3,2018,8017,0,0.00
H3.Z41,U3,2019,8760,0,0.00
H3.Z41,U3,2020,8784,0,0.00
H3.Z41,U3,2021,8760,0,0.00
H3.Z41,U3,2022,8760,0,0.00
H3.Z41,U3,2023,8759,0,0.00
H3.Z41,W,2018,8760,0,0.00
H3.Z41,W,2019,8760,0,0.00
H3.Z41,W,2020,8784,0,0.00
H3.Z41,W,2021,8760,0,0.00
H3.Z41,W,2022,8760,0,0.00
H3.Z41,W,2023,8760,0,0.00
H3.Z41,W,2024,1,0,0.00
H3.Z41,WQ,2018,8760,0,0.00
H3.Z41,WQ,2019,8760,0,0.00
H3.Z41,WQ,2020,8784,0,0.00
H3.Z41,WQ,2021,8760,0,0.00
H3.Z41,WQ,2022,8760,0,0.00
H3.Z41,WQ,2023,8760,0,0.00
H3.Z41,WQ,2024,1,0,0.00
H3.Z41,WQ_in,2018,6063,0,0.00
H3.Z41,WQ_in,2019,8760,0,0.00
H3.Z41,WQ_in,2020,8784,0,0.00
H3.Z41,WQ_in,2021,8760,0,0.00
H3.Z41,WQ_in,2022,8760,0,0.00
H3.Z41,WQ_in,2023,8759,0,0.00
H3.Z41,WQ_out,2018,8017,0,0.00
H3.Z41,WQ_out,2019,8760,0,0.00
H3.Z41,WQ_out,2020,8784,0,0.00
H3.Z41,WQ_out,2021,8760,0,0.00
H3.Z41,WQ_out,2022,8760,0,0.00
H3.Z41,WQ_out,2023,8759,0,0.00
H3.Z41,W_in,2018,8017,0,0.00
H3.Z41,W_in,2019,8760,0,0.00
H3.Z41,W_in,2020,8784,0,0.00
H3.Z41,W_in,2021,8760,0,0.00
H3.Z41,W_in,2022,8760,0,0.00
H3.Z41,W_in,2023,8759,0,0.00
H3.Z41,W_out,2018,6063,0,0.00
H3.Z41,W_out,2019,8760,0,0.00
H3.Z41,W_out,2020,8784,0,0.00
H3.Z41,W_out,2021,8760,0,0.00
H3.Z41,W_out,2022,8760,0,0.00
H3.Z41,W_out,2023,8759,0,0.00
H3.Z41,f,2018,8017,0,0.00
H3.Z41,f,2019,8760,0,0.00
H3.Z41,f,2020,8784,0,0.00
H3.Z41,f,2021,8760,0,0.00
H3.Z41,f,2022,8760,0,0.00
H3.Z41,f,2023,8759,0,0.00
H3.Z42,I1,2018,8017,0,0.00
H3.Z42,I1,2019,8760,0,0.00
H3.Z42,I1,2020,8784,0,0.00
H3.Z42,I1,2021,8760,0,0.00
H3.Z42,I1,2022,8760,0,0.00
H3.Z42,I1,2023,8759,0,0.00
H3.Z42,I2,2018,8017,0,0.00
H3.Z42,I2,2019,8760,0,0.00
H3.Z42,I2,2020,8784,0,0.00
H3.Z42,I2,2021,8760,0,0.00
H3.Z42,I2,2022,8760,0,0.00
H3.Z42,I2,2023,8759,0,0.00
H3.Z42,I3,2018,8017,0,0.00
H3.Z42,I3,2019,8760,0,0.00
H3.Z42,I3,2020,8784,0,0.00
H3.Z42,I3,2021,8760,0,0.00
H3.Z42,I3,2022,8760,0,0.00
H3.Z42,I3,2023,8759,0,0.00
H3.Z42,P,2018,8017,0,0.00
H3.Z42,P,2019,8760,0,0.00
H3.Z42,P,2020,8784,0,0.00
H3.Z42,P,2021,8760,0,0.00
H3.Z42,P,2022,8760,0,0.00
H3.Z42,P,2023,8759,0,0.00
H3.Z42,P1,2018,8017,0,0.00
H3.Z42,P1,2019,8760,0,0.00
H3.Z42,P1,2020,8784,0,0.00
H3.Z42,P1,2021,8760,0,0.00
H3.Z42,P1,2022,8760,0,0.00
H3.Z42,P1,2023,8759,0,0.00
H3.Z42,P2,2018,8017,0,0.00
H3.Z42,P2,2019,8760,0,0.00
H3.Z42,P2,2020,8784,0,0.00
H3.Z42,P2,2021,8760,0,0.00
H3.Z42,P2,2022,8760,0,0.00
H3.Z42,P2,2023,8759,0,0.00
H3.Z42,P3,2018,8017,0,0.00
H3.Z42,P3,2019,8760,0,0.00
H3.Z42,P3,2020,8784,0,0.00
H3.Z42,P3,2021,8760,0,0.00
H3.Z42,P3,2022,8760,0,0.00
H3.Z42,P3,2023,8759,0,0.00
H3.Z42,PF,2018,8017,0,0.00
H3.Z42,PF,2019,8760,0,0.00
H3.Z42,PF,2020,8784,0,0.00
H3.Z42,PF,2021,8760,0,0.00
H3.Z42,PF,2022,8760,0,0.00
H3.Z42,PF,2023,8759,0,0.00
H3.Z42,PF1,2018,8017,0,0.00
H3.Z42,PF1,2019,8760,0,0.00
H3.Z42,PF1,2020,8784,0,0.00
H3.Z42,PF1,2021,8760,0,0.00
H3.Z42,PF1,2022,8760,0,0.00
H3.Z42,PF1,2023,8759,0,0.00
H3.Z42,PF2,2018,8017,0,0.00
H3.Z42,PF2,2019,8760,0,0.00
H3.Z42,PF2,2020,8784,0,0.00
H3.Z42,PF2,2021,8760,0,0.00
H3.Z42,PF2,2022,8760,0,0.00
H3.Z42,PF2,2023,8759,0,0.00
H3.Z42,PF3,2018,8017,0,0.00
H3.Z42,PF3,2019,8760,0,0.00
H3.Z42,PF3,2020,8784,0,0.00
H3.Z42,PF3,2021,8760,0,0.00
H3.Z42,PF3,2022,8760,0,0.00
H3.Z42,PF3,2023,8759,0,0.00
H3.Z42,Q,2018,8017,0,0.00
H3.Z42,Q,2019,8760,0,0.00
H3.Z42,Q,2020,8784,0,0.00
H3.Z42,Q,2021,8760,0,0.00
H3.Z42,Q,2022,8760,0,0.00
H3.Z42,Q,2023,8759,0,0.00
H3.Z42,U1,2018,8017,0,0.00
H3.Z42,U1,2019,8760,0,0.00
H3.Z42,U1,2020,8784,0,0.00
H3.Z42,U1,2021,8760,0,0.00
H3.Z42,U1,2022,8760,0,0.00
H3.Z42,U1,2023,8759,0,0.00
H3.Z42,U2,2018,8017,0,0.00
H3.Z42,U2,2019,8760,0,0.00
H3.Z42,U2,2020,8784,0,0.00
H3.Z42,U2,2021,8760,0,0.00
H3.Z42,U2,2022,8760,0,0.00
H3.Z42,U2,2023,8759,0,0.00
H3.Z42,U3,2018,8017,0,0.00
H3.Z42,U3,2019,8760,0,0.00
H3.Z42,U3,2020,8784,0,0.00
H3.Z42,U3,2021,8760,0,0.00
H3.Z42,U3,2022,8760,0,0.00
H3.Z42,U3,2023,8759,0,0.00
H3.Z42,W,2018,6063,0,0.00
H3.Z42,W,2019,8760,0,0.00
H3.Z42,W,2020,8784,0,0.00
H3.Z42,W,2021,8760,0,0.00
H3.Z42,W,2022,8760,0,0.00
H3.Z42,W,2023,8759,0,0.00
H3.Z42,WQ,2018,8010,0,0.00
H3.Z42,WQ,2019,8760,0,0.00
H3.Z42,WQ,2020,8784,0,0.00
H3.Z42,WQ,2021,8760,0,0.00
H3.Z42,WQ,2022,8760,0,0.00
H3.Z42,WQ,2023,8759,0,0.00
H3.Z42,WQ_in,2018,8010,0,0.00
H3.Z42,WQ_in,2019,8760,0,0.00
H3.Z42,WQ_in,2020,8784,0,0.00
H3.Z42,WQ_in,2021,8760,0,0.00
H3.Z42,WQ_in,2022,8760,0,0.00
H3.Z42,WQ_in,2023,8759,0,0.00
H3.Z42,WQ_out,2018,8016,0,0.00
H3.Z42,WQ_out,2019,8760,0,0.00
H3.Z42,WQ_out,2020,8784,0,0.00
H3.Z42,WQ_out,2021,8760,0,0.00
H3.Z42,WQ_out,2022,8760,0,0.00
H3.Z42,WQ_out,2023,8759,0,0.00
H3.Z42,W_in,2018,8017,0,0.00
H3.Z42,W_in,2019,8760,0,0.00
H3.Z42,W_in,2020,8784,0,0.00
H3.Z42,W_in,2021,8760,0,0.00
H3.Z42,W_in,2022,8760,0,0.00
H3.Z42,W_in,2023,8759,0,0.00
H3.Z42,W_out,2018,6063,0,0.00
H3.Z42,W_out,2019,8760,0,0.00
H3.Z42,W_out,2020,8784,0,0.00
H3.Z42,W_out,2021,8760,0,0.00
H3.Z42,W_out,2022,8760,0,0.00
H3.Z42,W_out,2023,8759,0,0.00
H3.Z42,f,2018,8017,0,0.00
H3.Z42,f,2019,8760,0,0.00
H3.Z42,f,2020,8784,0,0.00
H3.Z42,f,2021,8760,0,0.00
H3.Z42,f,2022,8760,0,0.00
H3.Z42,f,2023,8759,0,0.00
H3.Z43,I1,2018,8017,0,0.00
H3.Z43,I1,2019,8760,0,0.00
H3.Z43,I1,2020,8784,0,0.00
H3.Z43,I1,2021,8760,0,0.00
H3.Z43,I1,2022,8760,0,0.00
H3.Z43,I1,2023,8759,0,0.00
H3.Z43,I2,2018,8017,0,0.00
H3.Z43,I2,2019,8760,0,0.00
H3.Z43,I2,2020,8784,0,0.00
H3.Z43,I2,2021,8760,0,0.00
H3.Z43,I2,2022,8760,0,0.00
H3.Z43,I2,2023,8759,0,0.00
H3.Z43,I3,2018,8017,0,0.00
H3.Z43,I3,2019,8760,0,0.00
H3.Z43,I3,2020,8784,0,0.00
H3.Z43,I3,2021,8760,0,0.00
H3.Z43,I3,2022,8760,0,0.00
H3.Z43,I3,2023,8759,0,0.00
H3.Z43,P,2018,8017,0,0.00
H3.Z43,P,2019,8760,0,0.00
H3.Z43,P,2020,8784,0,0.00
H3.Z43,P,2021,8760,0,0.00
H3.Z43,P,2022,8760,0,0.00
H3.Z43,P,2023,8759,0,0.00
H3.Z43,P1,2018,8017,0,0.00
H3.Z43,P1,2019,8760,0,0.00
H3.Z43,P1,2020,8784,0,0.00
H3.Z43,P1,2021,8760,0,0.00
H3.Z43,P1,2022,8760,0,0.00
H3.Z43,P1,2023,8759,0,0.00
H3.Z43,P2,2018,8017,0,0.00
H3.Z43,P2,2019,8760,0,0.00
H3.Z43,P2,2020,8784,0,0.00
H3.Z43,P2,2021,8760,0,0.00
H3.Z43,P2,2022,8760,0,0.00
H3.Z43,P2,2023,8759,0,0.00
H3.Z43,P3,2018,8017,0,0.00
H3.Z43,P3,2019,8760,0,0.00
H3.Z43,P3,2020,8784,0,0.00
H3.Z43,P3,2021,8760,0,0.00
H3.Z43,P3,2022,8760,0,0.00
H3.Z43,P3,2023,8759,0,0.00
H3.Z43,PF,2018,8017,0,0.00
H3.Z43,PF,2019,8760,0,0.00
H3.Z43,PF,2020,8784,0,0.00
H3.Z43,PF,2021,8760,0,0.00
H3.Z43,PF,2022,8760,0,0.00
H3.Z43,PF,2023,8759,0,0.00
H3.Z43,PF1,2018,8017,0,0.00
H3.Z43,PF1,2019,8760,0,0.00
H3.Z43,PF1,2020,8784,0,0.00
H3.Z43,PF1,2021,8760,0,0.00
H3.Z43,PF1,2022,8760,0,0.00
H3.Z43,PF1,2023,8759,0,0.00
H3.Z43,PF2,2018,8017,0,0.00
H3.Z43,PF2,2019,8760,0,0.00
H3.Z43,PF2,2020,8784,0,0.00
H3.Z43,PF2,2021,8760,0,0.00
H3.Z43,PF2,2022,8760,0,0.00
H3.Z43,PF2,2023,8759,0,0.00
H3.Z43,PF3,2018,8017,0,0.00
H3.Z43,PF3,2019,8760,0,0.00
H3.Z43,PF3,2020,8784,0,0.00
H3.Z43,PF3,2021,8760,0,0.00
H3.Z43,PF3,2022,8760,0,0.00
H3.Z43,PF3,2023,8759,0,0.00
H3.Z43,Q,2018,8017,0,0.00
H3.Z43,Q,2019,8760,0,0.00
H3.Z43,Q,2020,8784,0,0.00
H3.Z43,Q,2021,8760,0,0.00
H3.Z43,Q,2022,8760,0,0.00
H3.Z43,Q,2023,8759,0,0.00
H3.Z43,U1,2018,8017,0,0.00
H3.Z43,U1,2019,8760,0,0.00
H3.Z43,U1,2020,8784,0,0.00
H3.Z43,U1,2021,8760,0,0.00
H3.Z43,U1,2022,8760,0,0.00
H3.Z43,U1,2023,8759,0,0.00
H3.Z43,U2,2018,8017,0,0.00
H3.Z43,U2,2019,8760,0,0.00
H3.Z43,U2,2020,8784,0,0.00
H3.Z43,U2,2021,8760,0,0.00
H3.Z43,U2,2022,8760,0,0.00
H3.Z43,U2,2023,8759,0,0.00
H3.Z43,U3,2018,8017,0,0.00
H3.Z43,U3,2019,8760,0,0.00
H3.Z43,U3,2020,8784,0,0.00
H3.Z43,U3,2021,8760,0,0.00
H3.Z43,U3,2022,8760,0,0.00
H3.Z43,U3,2023,8759,0,0.00
H3.Z43,W,2018,8760,0,0.00
H3.Z43,W,2019,8760,0,0.00
H3.Z43,W,2020,8784,0,0.00
H3.Z43,W,2021,8760,0,0.00
H3.Z43,W,2022,8760,0,0.00
H3.Z43,W,2023,8760,0,0.00
H3.Z43,W,2024,1,0,0.00
H3.Z43,WQ,2018,8760,0,0.00
H3.Z43,WQ,2019,8760,0,0.00
H3.Z43,WQ,2020,8784,0,0.00
H3.Z43,WQ,2021,8760,0,0.00
H3.Z43,WQ,2022,8760,0,0.00
H3.Z43,WQ,2023,8760,0,0.00
H3.Z43,WQ,2024,1,0,0.00
H3.Z43,WQ_in,2018,8016,0,0.00
H3.Z43,WQ_in,2019,8760,0,0.00
H3.Z43,WQ_in,2020,8784,0,0.00
H3.Z43,WQ_in,2021,8760,0,0.00
H3.Z43,WQ_in,2022,8760,0,0.00
H3.Z43,WQ_in,2023,8759,0,0.00
H3.Z43,WQ_out,2018,6063,0,0.00
H3.Z43,WQ_out,2019,8760,0,0.00
H3.Z43,WQ_out,2020,8784,0,0.00
H3.Z43,WQ_out,2021,8760,0,0.00
H3.Z43,WQ_out,2022,8760,0,0.00
H3.Z43,WQ_out,2023,8759,0,0.00
H3.Z43,W_in,2018,8017,0,0.00
H3.Z43,W_in,2019,8760,0,0.00
H3.Z43,W_in,2020,8784,0,0.00
H3.Z43,W_in,2021,8760,0,0.00
H3.Z43,W_in,2022,8760,0,0.00
H3.Z43,W_in,2023,8759,0,0.00
H3.Z43,W_out,2018,6063,0,0.00
H3.Z43,W_out,2019,8760,0,0.00
H3.Z43,W_out,2020,8784,0,0.00
H3.Z43,W_out,2021,8760,0,0.00
H3.Z43,W_out,2022,8760,0,0.00
H3.Z43,W_out,2023,8759,0,0.00
H3.Z43,f,2018,8017,0,0.00
H3.Z43,f,2019,8760,0,0.00
H3.Z43,f,2020,8784,0,0.00
H3.Z43,f,2021,8760,0,0.00
H3.Z43,f,2022,8760,0,0.00
H3.Z43,f,2023,8759,0,0.00
H3.Z44,I1,2018,8017,0,0.00
H3.Z44,I1,2019,8760,0,0.00
H3.Z44,I1,2020,8784,0,0.00
H3.Z44,I1,2021,8760,0,0.00
H3.Z44,I1,2022,8760,0,0.00
H3.Z44,I1,2023,8759,0,0.00
H3.Z44,I2,2018,8017,0,0.00
H3.Z44,I2,2019,8760,0,0.00
H3.Z44,I2,2020,8784,0,0.00
H3.Z44,I2,2021,8760,0,0.00
H3.Z44,I2,2022,8760,0,0.00
H3.Z44,I2,2023,8759,0,0.00
H3.Z44,I3,2018,8017,0,0.00
H3.Z44,I3,2019,8760,0,0.00
H3.Z44,I3,2020,8784,0,0.00
H3.Z44,I3,2021,8760,0,0.00
H3.Z44,I3,2022,8760,0,0.00
H3.Z44,I3,2023,8759,0,0.00
H3.Z44,P,2018,8017,0,0.00
H3.Z44,P,2019,8760,0,0.00
H3.Z44,P,2020,8784,0,0.00
H3.Z44,P,2021,8760,0,0.00
H3.Z44,P,2022,8760,0,0.00
H3.Z44,P,2023,8759,0,0.00
H3.Z44,P1,2018,8017,0,0.00
H3.Z44,P1,2019,8760,0,0.00
H3.Z44,P1,2020,8784,0,0.00
H3.Z44,P1,2021,8760,0,0.00
H3.Z44,P1,2022,8760,0,0.00
H3.Z44,P1,2023,8759,0,0.00
H3.Z44,P2,2018,8017,0,0.00
H3.Z44,P2,2019,8760,0,0.00
H3.Z44,P2,2020,8784,0,0.00
H3.Z44,P2,2021,8760,0,0.00
H3.Z44,P2,2022,8760,0,0.00
H3.Z44,P2,2023,8759,0,0.00
H3.Z44,P3,2018,8017,0,0.00
H3.Z44,P3,2019,8760,0,0.00
H3.Z44,P3,2020,8784,0,0.00
H3.Z44,P3,2021,8760,0,0.00
H3.Z44,P3,2022,8760,0,0.00
H3.Z44,P3,2023,8759,0,0.00
H3.Z44,PF,2018,8017,0,0.00
H3.Z44,PF,2019,8760,0,0.00
H3.Z44,PF,2020,8784,0,0.00
H3.Z44,PF,2021,8760,0,0.00
H3.Z44,PF,2022,8760,0,0.00
H3.Z44,PF,2023,8759,0,0.00
H3.Z44,PF1,2018,8017,0,0.00
H3.Z44,PF1,2019,8760,0,0.00
H3.Z44,PF1,2020,8784,0,0.00
H3.Z44,PF1,2021,8760,0,0.00
H3.Z44,PF1,2022,8760,0,0.00
H3.Z44,PF1,2023,8759,0,0.00
H3.Z44,PF2,2018,8017,0,0.00
H3.Z44,PF2,2019,8760,0,0.00
H3.Z44,PF2,2020,8784,0,0.00
H3.Z44,PF2,2021,8760,0,0.00
H3.Z44,PF2,2022,8760,0,0.00
H3.Z44,PF2,2023,8759,0,0.00
H3.Z44,PF3,2018,8017,0,0.00
H3.Z44,PF3,2019,8760,0,0.00
H3.Z44,PF3,2020,8784,0,0.00
H3.Z44,PF3,2021,8760,0,0.00
H3.Z44,PF3,2022,8760,0,0.00
H3.Z44,PF3,2023,8759,0,0.00
H3.Z44,Q,2018,8017,0,0.00
H3.Z44,Q,2019,8760,0,0.00
H3.Z44,Q,2020,8784,0,0.00
H3.Z44,Q,2021,8760,0,0.00
H3.Z44,Q,2022,8760,0,0.00
H3.Z44,Q,2023,8759,0,0.00
H3.Z44,U1,2018,8017,0,0.00
H3.Z44,U1,2019,8760,0,0.00
H3.Z44,U1,2020,8784,0,0.00
H3.Z44,U1,2021,8760,0,0.00
H3.Z44,U1,2022,8760,0,0.00
H3.Z44,U1,2023,8759,0,0.00
H3.Z44,U2,2018,8017,0,0.00
H3.Z44,U2,2019,8760,0,0.00
H3.Z44,U2,2020,8784,0,0.00
H3.Z44,U2,2021,8760,0,0.00
H3.Z44,U2,2022,8760,0,0.00
H3.Z44,U2,2023,8759,0,0.00
H3.Z44,U3,2018,8017,0,0.00
H3.Z44,U3,2019,8760,0,0.00
H3.Z44,U3,2020,8784,0,0.00
H3.Z44,U3,2021,8760,0,0.00
H3.Z44,U3,2022,8760,0,0.00
H3.Z44,U3,2023,8759,0,0.00
H3.Z44,W,2018,8760,0,0.00
H3.Z44,W,2019,8760,0,0.00
H3.Z44,W,2020,8784,0,0.00
H3.Z44,W,2021,8760,0,0.00
H3.Z44,W,2022,8760,0,0.00
H3.Z44,W,2023,8760,0,0.00
H3.Z44,W,2024,1,0,0.00
H3.Z44,WQ,2018,8760,0,0.00
H3.Z44,WQ,2019,8760,0,0.00
H3.Z44,WQ,2020,8784,0,0.00
H3.Z44,WQ,2021,8760,0,0.00
H3.Z44,WQ,2022,8760,0,0.00
H3.Z44,WQ,2023,8760,0,0.00
H3.Z44,WQ,2024,1,0,0.00
H3.Z44,WQ_in,2018,8016,0,0.00
H3.Z44,WQ_in,2019,8760,0,0.00
H3.Z44,WQ_in,2020,8784,0,0.00
H3.Z44,WQ_in,2021,8760,0,0.00
H3.Z44,WQ_in,2022,8760,0,0.00
H3.Z44,WQ_in,2023,8759,0,0.00
H3.Z44,WQ_out,2018,6063,0,0.00
H3.Z44,WQ_out,2019,8760,0,0.00
H3.Z44,WQ_out,2020,8784,0,0.00
H3.Z44,WQ_out,2021,8760,0,0.00
H3.Z44,WQ_out,2022,8760,0,0.00
H3.Z44,WQ_out,2023,8759,0,0.00
H3.Z44,W_in,2018,8016,0,0.00
H3.Z44,W_in,2019,8760,0,0.00
H3.Z44,W_in,2020,8784,0,0.00
H3.Z44,W_in,2021,8760,0,0.00
H3.Z44,W_in,2022,8760,0,0.00
H3.Z44,W_in,2023,8759,0,0.00
H3.Z44,W_out,2018,6063,0,0.00
H3.Z44,W_out,2019,8760,0,0.00
H3.Z44,W_out,2020,8784,0,0.00
H3.Z44,W_out,2021,8760,0,0.00
H3.Z44,W_out,2022,8760,0,0.00
H3.Z44,W_out,2023,8759,0,0.00
H3.Z44,f,2018,8017,0,0.00
H3.Z44,f,2019,8760,0,0.00
H3.Z44,f,2020,8784,0,0.00
H3.Z44,f,2021,8760,0,0.00
H3.Z44,f,2022,8760,0,0.00
H3.Z44,f,2023,8759,0,0.00
H3.Z45,I1,2018,8016,0,0.00
H3.Z45,I1,2019,8760,0,0.00
H3.Z45,I1,2020,8784,0,0.00
H3.Z45,I1,2021,8760,0,0.00
H3.Z45,I1,2022,8760,0,0.00
H3.Z45,I1,2023,8759,0,0.00
H3.Z45,I2,2018,8014,0,0.00
H3.Z45,I2,2019,8760,0,0.00
H3.Z45,I2,2020,8784,0,0.00
H3.Z45,I2,2021,8760,0,0.00
H3.Z45,I2,2022,8760,0,0.00
H3.Z45,I2,2023,8759,0,0.00
H3.Z45,I3,2018,8017,0,0.00
H3.Z45,I3,2019,8760,0,0.00
H3.Z45,I3,2020,8784,0,0.00
H3.Z45,I3,2021,8760,0,0.00
H3.Z45,I3,2022,8760,0,0.00
H3.Z45,I3,2023,8759,0,0.00
H3.Z45,P,2018,8017,0,0.00
H3.Z45,P,2019,8760,0,0.00
H3.Z45,P,2020,8784,0,0.00
H3.Z45,P,2021,8760,0,0.00
H3.Z45,P,2022,8760,0,0.00
H3.Z45,P,2023,8759,0,0.00
H3.Z45,P1,2018,8017,0,0.00
H3.Z45,P1,2019,8760,0,0.00
H3.Z45,P1,2020,8784,0,0.00
H3.Z45,P1,2021,8760,0,0.00
H3.Z45,P1,2022,8760,0,0.00
H3.Z45,P1,2023,8759,0,0.00
H3.Z45,P2,2018,8017,0,0.00
H3.Z45,P2,2019,8760,0,0.00
H3.Z45,P2,2020,8784,0,0.00
H3.Z45,P2,2021,8760,0,0.00
H3.Z45,P2,2022,8760,0,0.00
H3.Z45,P2,2023,8759,0,0.00
H3.Z45,P3,2018,8017,0,0.00
H3.Z45,P3,2019,8760,0,0.00
H3.Z45,P3,2020,8784,0,0.00
H3.Z45,P3,2021,8760,0,0.00
H3.Z45,P3,2022,8760,0,0.00
H3.Z45,P3,2023,8759,0,0.00
H3.Z45,PF,2018,8017,0,0.00
H3.Z45,PF,2019,8760,0,0.00
H3.Z45,PF,2020,8784,0,0.00
H3.Z45,PF,2021,8760,0,0.00
H3.Z45,PF,2022,8760,0,0.00
H3.Z45,PF,2023,8759,0,0.00
H3.Z45,PF1,2018,8017,0,0.00
H3.Z45,PF1,2019,8760,0,0.00
H3.Z45,PF1,2020,8784,0,0.00
H3.Z45,PF1,2021,8760,0,0.00
H3.Z45,PF1,2022,8760,0,0.00
H3.Z45,PF1,2023,8759,0,0.00
H3.Z45,PF2,2018,8017,0,0.00
H3.Z45,PF2,2019,8760,0,0.00
H3.Z45,PF2,2020,8784,0,0.00
H3.Z45,PF2,2021,8760,0,0.00
H3.Z45,PF2,2022,8760,0,0.00
H3.Z45,PF2,2023,8759,0,0.00
H3.Z45,PF3,2018,8017,0,0.00
H3.Z45,PF3,2019,8760,0,0.00
H3.Z45,PF3,2020,8784,0,0.00
H3.Z45,PF3,2021,8760,0,0.00
H3.Z45,PF3,2022,8760,0,0.00
H3.Z45,PF3,2023,8759,0,0.00
H3.Z45,Q,2018,8017,0,0.00
H3.Z45,Q,2019,8760,0,0.00
H3.Z45,Q,2020,8784,0,0.00
H3.Z45,Q,2021,8760,0,0.00
H3.Z45,Q,2022,8760,0,0.00
H3.Z45,Q,2023,8759,0,0.00
H3.Z45,U1,2018,8017,0,0.00
H3.Z45,U1,2019,8760,0,0.00
H3.Z45,U1,2020,8784,0,0.00
H3.Z45,U1,2021,8760,0,0.00
H3.Z45,U1,2022,8760,0,0.00
H3.Z45,U1,2023,8759,0,0.00
H3.Z45,U2,2018,8017,0,0.00
H3.Z45,U2,2019,8760,0,0.00
H3.Z45,U2,2020,8784,0,0.00
H3.Z45,U2,2021,8760,0,0.00
H3.Z45,U2,2022,8760,0,0.00
H3.Z45,U2,2023,8759,0,0.00
H3.Z45,U3,2018,8017,0,0.00
H3.Z45,U3,2019,8760,0,0.00
H3.Z45,U3,2020,8784,0,0.00
H3.Z45,U3,2021,8760,0,0.00
H3.Z45,U3,2022,8760,0,0.00
H3.Z45,U3,2023,8759,0,0.00
H3.Z45,W,2018,8760,0,0.00
H3.Z45,W,2019,8760,0,0.00
H3.Z45,W,2020,8784,0,0.00
H3.Z45,W,2021,8760,0,0.00
H3.Z45,W,2022,8760,0,0.00
H3.Z45,W,2023,8760,0,0.00
H3.Z45,W,2024,1,0,0.00
H3.Z45,WQ,2018,8760,0,0.00
H3.Z45,WQ,2019,8760,0,0.00
H3.Z45,WQ,2020,8784,0,0.00
H3.Z45,WQ,2021,8760,0,0.00
H3.Z45,WQ,2022,8760,0,0.00
H3.Z45,WQ,2023,8760,0,0.00
H3.Z45,WQ,2024,1,0,0.00
H3.Z45,WQ_in,2018,8017,0,0.00
H3.Z45,WQ_in,2019,8760,0,0.00
H3.Z45,WQ_in,2020,8784,0,0.00
H3.Z45,WQ_in,2021,8760,0,0.00
H3.Z45,WQ_in,2022,8760,0,0.00
H3.Z45,WQ_in,2023,8759,0,0.00
H3.Z45,WQ_out,2018,6063,0,0.00
H3.Z45,WQ_out,2019,8760,0,0.00
H3.Z45,WQ_out,2020,8784,0,0.00
H3.Z45,WQ_out,2021,8760,0,0.00
H3.Z45,WQ_out,2022,8760,0,0.00
H3.Z45,WQ_out,2023,8759,0,0.00
H3.Z45,W_in,2018,8017,0,0.00
H3.Z45,W_in,2019,8760,0,0.00
H3.Z45,W_in,2020,8784,0,0.00
H3.Z45,W_in,2021,8760,0,0.00
H3.Z45,W_in,2022,8760,0,0.00
H3.Z45,W_in,2023,8759,0,0.00
H3.Z45,W_out,2018,6063,0,0.00
H3.Z45,W_out,2019,8760,0,0.00
H3.Z45,W_out,2020,8784,0,0.00
H3.Z45,W_out,2021,8760,0,0.00
H3.Z45,W_out,2022,8760,0,0.00
H3.Z45,W_out,2023,8759,0,0.00
H3.Z45,f,2018,8017,0,0.00
H3.Z45,f,2019,8760,0,0.00
H3.Z45,f,2020,8784,0,0.00
H3.Z45,f,2021,8760,0,0.00
H3.Z45,f,2022,8760,0,0.00
H3.Z45,f,2023,8759,0,0.00
H3.Z46,I1,2017,1,0,0.00
H3.Z46,I1,2018,8760,0,0.00
H3.Z46,I1,2019,8760,0,0.00
H3.Z46,I1,2020,8784,0,0.00
H3.Z46,I1,2021,8760,0,0.00
H3.Z46,I1,2022,8760,0,0.00
H3.Z46,I1,2023,8759,0,0.00
H3.Z46,I2,2017,1,0,0.00
H3.Z46,I2,2018,8760,0,0.00
H3.Z46,I2,2019,8760,0,0.00
H3.Z46,I2,2020,8784,0,0.00
H3.Z46,I2,2021,8760,0,0.00
H3.Z46,I2,2022,8760,0,0.00
H3.Z46,I2,2023,8759,0,0.00
H3.Z46,I3,2017,1,0,0.00
H3.Z46,I3,2018,8760,0,0.00
H3.Z46,I3,2019,8760,0,0.00
H3.Z46,I3,2020,8784,0,0.00
H3.Z46,I3,2021,8760,0,0.00
H3.Z46,I3,2022,8760,0,0.00
H3.Z46,I3,2023,8759,0,0.00
H3.Z46,P,2017,1,0,0.00
H3.Z46,P,2018,8760,0,0.00
H3.Z46,P,2019,8760,0,0.00
H3.Z46,P,2020,8784,0,0.00
H3.Z46,P,2021,8760,0,0.00
H3.Z46,P,2022,8760,0,0.00
H3.Z46,P,2023,8759,0,0.00
H3.Z46,P1,2017,1,0,0.00
H3.Z46,P1,2018,8760,0,0.00
H3.Z46,P1,2019,8760,0,0.00
H3.Z46,P1,2020,8784,0,0.00
H3.Z46,P1,2021,8760,0,0.00
H3.Z46,P1,2022,8760,0,0.00
H3.Z46,P1,2023,8759,0,0.00
H3.Z46,P2,2017,1,0,0.00
H3.Z46,P2,2018,8760,0,0.00
H3.Z46,P2,2019,8760,0,0.00
H3.Z46,P2,2020,8784,0,0.00
H3.Z46,P2,2021,8760,0,0.00
H3.Z46,P2,2022,8760,0,0.00
H3.Z46,P2,2023,8759,0,0.00
H3.Z46,P3,2017,1,0,0.00
H3.Z46,P3,2018,8760,0,0.00
H3.Z46,P3,2019,8760,0,0.00
H3.Z46,P3,2020,8784,0,0.00
H3.Z46,P3,2021,8760,0,0.00
H3.Z46,P3,2022,8760,0,0.00
H3.Z46,P3,2023,8759,0,0.00
H3.Z46,PF,2017,1,0,0.00
H3.Z46,PF,2018,8760,0,0.00
H3.Z46,PF,2019,8760,0,0.00
H3.Z46,PF,2020,8784,0,0.00
H3.Z46,PF,2021,8760,0,0.00
H3.Z46,PF,2022,8760,0,0.00
H3.Z46,PF,2023,8759,0,0.00
H3.Z46,PF1,2017,1,0,0.00
H3.Z46,PF1,2018,8760,0,0.00
H3.Z46,PF1,2019,8760,0,0.00
H3.Z46,PF1,2020,8784,0,0.00
H3.Z46,PF1,2021,8760,0,0.00
H3.Z46,PF1,2022,8760,0,0.00
H3.Z46,PF1,2023,8759,0,0.00
H3.Z46,PF2,2017,1,0,0.00
H3.Z46,PF2,2018,8760,0,0.00
H3.Z46,PF2,2019,8760,0,0.00
H3.Z46,PF2,2020,8784,0,0.00
H3.Z46,PF2,2021,8760,0,0.00
H3.Z46,PF2,2022,8760,0,0.00
H3.Z46,PF2,2023,8759,0,0.00
H3.Z46,PF3,2017,1,0,0.00
H3.Z46,PF3,2018,8760,0,0.00
H3.Z46,PF3,2019,8760,0,0.00
H3.Z46,PF3,2020,8784,0,0.00
H3.Z46,PF3,2021,8760,0,0.00
H3.Z46,PF3,2022,8760,0,0.00
H3.Z46,PF3,2023,8759,0,0.00
H3.Z46,Q,2017,1,0,0.00
H3.Z46,Q,2018,8760,0,0.00
H3.Z46,Q,2019,8760,0,0.00
H3.Z46,Q,2020,8784,0,0.00
H3.Z46,Q,2021,8760,0,0.00
H3.Z46,Q,2022,8760,0,0.00
H3.Z46,Q,2023,8759,0,0.00
H3.Z46,U1,2017,1,0,0.00
H3.Z46,U1,2018,8760,0,0.00
H3.Z46,U1,2019,8760,0,0.00
H3.Z46,U1,2020,8784,0,0.00
H3.Z46,U1,2021,8760,0,0.00
H3.Z46,U1,2022,8760,0,0.00
H3.Z46,U1,2023,8759,0,0.00
H3.Z46,U2,2017,1,0,0.00
H3.Z46,U2,2018,8760,0,0.00
H3.Z46,U2,2019,8760,0,0.00
H3.Z46,U2,2020,8784,0,0.00
H3.Z46,U2,2021,8760,0,0.00
H3.Z46,U2,2022,8760,0,0.00
H3.Z46,U2,2023,8759,0,0.00
H3.Z46,U3,2017,1,0,0.00
H3.Z46,U3,2018,8760,0,0.00
H3.Z46,U3,2019,8760,0,0.00
H3.Z46,U3,2020,8784,0,0.00
H3.Z46,U3,2021,8760,0,0.00
H3.Z46,U3,2022,8760,0,0.00
H3.Z46,U3,2023,8759,0,0.00
H3.Z46,W,2018,8760,0,0.00
H3.Z46,W,2019,8760,0,0.00
H3.Z46,W,2020,8784,0,0.00
H3.Z46,W,2021,8760,0,0.00
H3.Z46,W,2022,8760,0,0.00
H3.Z46,W,2023,8760,0,0.00
H3.Z46,W,2024,1,0,0.00
H3.Z46,WQ,2018,8760,0,0.00
H3.Z46,WQ,2019,8760,0,0.00
H3.Z46,WQ,2020,8784,0,0.00
H3.Z46,WQ,2021,8760,0,0.00
H3.Z46,WQ,2022,8760,0,0.00
H3.Z46,WQ,2023,8760,0,0.00
H3.Z46,WQ,2024,1,0,0.00
H3.Z46,WQ_in,2018,1254,0,0.00
H3.Z46,WQ_in,2019,8760,0,0.00
H3.Z46,WQ_in,2020,8784,0,0.00
H3.Z46,WQ_in,2021,8760,0,0.00
H3.Z46,WQ_in,2022,8760,0,0.00
H3.Z46,WQ_in,2023,8759,0,0.00
H3.Z46,WQ_out,2017,1,0,0.00
H3.Z46,WQ_out,2018,8760,0,0.00
H3.Z46,WQ_out,2019,8760,0,0.00
H3.Z46,WQ_out,2020,8784,0,0.00
H3.Z46,WQ_out,2021,8760,0,0.00
H3.Z46,WQ_out,2022,8760,0,0.00
H3.Z46,WQ_out,2023,8759,0,0.00
H3.Z46,W_in,2017,1,0,0.00
H3.Z46,W_in,2018,8760,0,0.00
H3.Z46,W_in,2019,8760,0,0.00
H3.Z46,W_in,2020,8784,0,0.00
H3.Z46,W_in,2021,8760,0,0.00
H3.Z46,W_in,2022,8760,0,0.00
H3.Z46,W_in,2023,8759,0,0.00
H3.Z46,W_out,2018,1241,0,0.00
H3.Z46,W_out,2019,8760,0,0.00
H3.Z46,W_out,2020,8784,0,0.00
H3.Z46,W_out,2021,8760,0,0.00
H3.Z46,W_out,2022,8760,0,0.00
H3.Z46,W_out,2023,8759,0,0.00
H3.Z46,f,2017,1,0,0.00
H3.Z46,f,2018,8760,0,0.00
H3.Z46,f,2019,8760,0,0.00
H3.Z46,f,2020,8784,0,0.00
H3.Z46,f,2021,8760,0,0.00
H3.Z46,f,2022,8760,0,0.00
H3.Z46,f,2023,8759,0,0.00
H3.Z47,I1,2020,4418,0,0.00
H3.Z47,I1,2021,8760,0,0.00
H3.Z47,I1,2022,8760,0,0.00
H3.Z47,I1,2023,8759,0,0.00
H3.Z47,I2,2020,4418,0,0.00
H3.Z47,I2,2021,8760,0,0.00
H3.Z47,I2,2022,8760,0,0.00
H3.Z47,I2,2023,8759,0,0.00
H3.Z47,I3,2020,4418,0,0.00
H3.Z47,I3,2021,8760,0,0.00
H3.Z47,I3,2022,8760,0,0.00
H3.Z47,I3,2023,8759,0,0.00
H3.Z47,P,2020,4418,0,0.00
H3.Z47,P,2021,8760,0,0.00
H3.Z47,P,2022,8760,0,0.00
H3.Z47,P,2023,8759,0,0.00
H3.Z47,P1,2020,4418,0,0.00
H3.Z47,P1,2021,8760,0,0.00
H3.Z47,P1,2022,8760,0,0.00
H3.Z47,P1,2023,8759,0,0.00
H3.Z47,P2,2020,4418,0,0.00
H3.Z47,P2,2021,8760,0,0.00
H3.Z47,P2,2022,8760,0,0.00
H3.Z47,P2,2023,8759,0,0.00
H3.Z47,P3,2020,4418,0,0.00
H3.Z47,P3,2021,8760,0,0.00
H3.Z47,P3,2022,8760,0,0.00
H3.Z47,P3,2023,8759,0,0.00
H3.Z47,PF,2020,4418,0,0.00
H3.Z47,PF,2021,8760,0,0.00
H3.Z47,PF,2022,8760,0,0.00
H3.Z47,PF,2023,8759,0,0.00
H3.Z47,PF1,2020,4418,0,0.00
H3.Z47,PF1,2021,8760,0,0.00
H3.Z47,PF1,2022,8760,0,0.00
H3.Z47,PF1,2023,8759,0,0.00
H3.Z47,PF2,2020,4418,0,0.00
H3.Z47,PF2,2021,8760,0,0.00
H3.Z47,PF2,2022,8760,0,0.00
H3.Z47,PF2,2023,8759,0,0.00
H3.Z47,PF3,2020,4418,0,0.00
H3.Z47,PF3,2021,8760,0,0.00
H3.Z47,PF3,2022,8760,0,0.00
H3.Z47,PF3,2023,8759,0,0.00
H3.Z47,Q,2020,4418,0,0.00
H3.Z47,Q,2021,8760,0,0.00
H3.Z47,Q,2022,8760,0,0.00
H3.Z47,Q,2023,8759,0,0.00
H3.Z47,U1,2020,4418,0,0.00
H3.Z47,U1,2021,8760,0,0.00
H3.Z47,U1,2022,8760,0,0.00
H3.Z47,U1,2023,8759,0,0.00
H3.Z47,U2,2020,4418,0,0.00
H3.Z47,U2,2021,8760,0,0.00
H3.Z47,U2,2022,8760,0,0.00
H3.Z47,U2,2023,8759,0,0.00
H3.Z47,U3,2020,4418,0,0.00
H3.Z47,U3,2021,8760,0,0.00
H3.Z47,U3,2022,8760,0,0.00
H3.Z47,U3,2023,8759,0,0.00
H3.Z47,W,2018,8760,0,0.00
H3.Z47,W,2019,8760,0,0.00
H3.Z47,W,2020,8784,0,0.00
H3.Z47,W,2021,8760,0,0.00
H3.Z47,W,2022,8760,0,0.00
H3.Z47,W,2023,8760,0,0.00
H3.Z47,W,2024,1,0,0.00
H3.Z47,WQ,2018,8760,0,0.00
H3.Z47,WQ,2019,8760,0,0.00
H3.Z47,WQ,2020,8784,0,0.00
H3.Z47,WQ,2021,8760,0,0.00
H3.Z47,WQ,2022,8760,0,0.00
H3.Z47,WQ,2023,8760,0,0.00
H3.Z47,WQ,2024,1,0,0.00
H3.Z47,WQ_in,2020,4418,0,0.00
H3.Z47,WQ_in,2021,8760,0,0.00
H3.Z47,WQ_in,2022,8760,0,0.00
H3.Z47,WQ_in,2023,8759,0,0.00
H3.Z47,WQ_out,2020,4418,0,0.00
H3.Z47,WQ_out,2021,8760,0,0.00
H3.Z47,WQ_out,2022,8760,0,0.00
H3.Z47,WQ_out,2023,8759,0,0.00
H3.Z47,W_in,2020,4418,0,0.00
H3.Z47,W_in,2021,8760,0,0.00
H3.Z47,W_in,2022,8760,0,0.00
H3.Z47,W_in,2023,8759,0,0.00
H3.Z47,W_out,2021,8056,0,0.00
H3.Z47,W_out,2022,8760,0,0.00
H3.Z47,W_out,2023,8759,0,0.00
H3.Z47,f,2020,4418,0,0.00
H3.Z47,f,2021,8760,0,0.00
H3.Z47,f,2022,8760,0,0.00
H3.Z47,f,2023,8759,0,0.00
H3.Z48,I1,2020,4418,0,0.00
H3.Z48,I1,2021,8760,0,0.00
H3.Z48,I1,2022,8760,0,0.00
H3.Z48,I1,2023,8759,0,0.00
H3.Z48,I2,2020,4418,0,0.00
H3.Z48,I2,2021,8760,0,0.00
H3.Z48,I2,2022,8760,0,0.00
H3.Z48,I2,2023,8759,0,0.00
H3.Z48,I3,2020,4418,0,0.00
H3.Z48,I3,2021,8760,0,0.00
H3.Z48,I3,2022,8760,0,0.00
H3.Z48,I3,2023,8759,0,0.00
H3.Z48,P,2020,4418,0,0.00
H3.Z48,P,2021,8760,0,0.00
H3.Z48,P,2022,8760,0,0.00
H3.Z48,P,2023,8759,0,0.00
H3.Z48,P1,2020,4418,0,0.00
H3.Z48,P1,2021,8760,0,0.00
H3.Z48,P1,2022,8760,0,0.00
H3.Z48,P1,2023,8759,0,0.00
H3.Z48,P2,2020,4418,0,0.00
H3.Z48,P2,2021,8760,0,0.00
H3.Z48,P2,2022,8760,0,0.00
H3.Z48,P2,2023,8759,0,0.00
H3.Z48,P3,2020,4418,0,0.00
H3.Z48,P3,2021,8760,0,0.00
H3.Z48,P3,2022,8760,0,0.00
H3.Z48,P3,2023,8759,0,0.00
H3.Z48,PF,2020,4418,0,0.00
H3.Z48,PF,2021,8760,0,0.00
H3.Z48,PF,2022,8760,0,0.00
H3.Z48,PF,2023,8759,0,0.00
H3.Z48,PF1,2020,4418,0,0.00
H3.Z48,PF1,2021,8760,0,0.00
H3.Z48,PF1,2022,8760,0,0.00
H3.Z48,PF1,2023,8759,0,0.00
H3.Z48,PF2,2020,4418,0,0.00
H3.Z48,PF2,2021,8760,0,0.00
H3.Z48,PF2,2022,8760,0,0.00
H3.Z48,PF2,2023,8759,0,0.00
H3.Z48,PF3,2020,4418,0,0.00
H3.Z48,PF3,2021,8760,0,0.00
H3.Z48,PF3,2022,8760,0,0.00
H3.Z48,PF3,2023,8759,0,0.00
H3.Z48,Q,2020,4418,0,0.00
H3.Z48,Q,2021,8760,0,0.00
H3.Z48,Q,2022,8760,0,0.00
H3.Z48,Q,2023,8759,0,0.00
H3.Z48,U1,2020,4418,0,0.00
H3.Z48,U1,2021,8760,0,0.00
H3.Z48,U1,2022,8760,0,0.00
H3.Z48,U1,2023,8759,0,0.00
H3.Z48,U2,2020,4418,0,0.00
H3.Z48,U2,2021,8760,0,0.00
H3.Z48,U2,2022,8760,0,0.00
H3.Z48,U2,2023,8759,0,0.00
H3.Z48,U3,2020,4418,0,0.00
H3.Z48,U3,2021,8760,0,0.00
H3.Z48,U3,2022,8760,0,0.00
H3.Z48,U3,2023,8759,0,0.00
H3.Z48,W,2018,8760,0,0.00
H3.Z48,W,2019,8760,0,0.00
H3.Z48,W,2020,8784,0,0.00
H3.Z48,W,2021,8760,0,0.00
H3.Z48,W,2022,8760,0,0.00
H3.Z48,W,2023,8760,0,0.00
H3.Z48,W,2024,1,0,0.00
H3.Z48,WQ,2018,8760,0,0.00
H3.Z48,WQ,2019,8760,0,0.00
H3.Z48,WQ,2020,8784,0,0.00
H3.Z48,WQ,2021,8760,0,0.00
H3.Z48,WQ,2022,8760,0,0.00
H3.Z48,WQ,2023,8760,0,0.00
H3.Z48,WQ,2024,1,0,0.00
H3.Z48,WQ_in,2020,4418,0,0.00
H3.Z48,WQ_in,2021,8760,0,0.00
H3.Z48,WQ_in,2022,8760,0,0.00
H3.Z48,WQ_in,2023,8759,0,0.00
H3.Z48,WQ_out,2020,4418,0,0.00
H3.Z48,WQ_out,2021,8760,0,0.00
H3.Z48,WQ_out,2022,8760,0,0.00
H3.Z48,WQ_out,2023,8759,0,0.00
H3.Z48,W_in,2020,4418,0,0.00
H3.Z48,W_in,2021,8760,0,0.00
H3.Z48,W_in,2022,8760,0,0.00
H3.Z48,W_in,2023,8759,0,0.00
H3.Z48,W_out,2020,4418,0,0.00
H3.Z48,W_out,2021,8760,0,0.00
H3.Z48,W_out,2022,8760,0,0.00
H3.Z48,W_out,2023,8759,0,0.00
H3.Z48,f,2020,4418,0,0.00
H3.Z48,f,2021,8760,0,0.00
H3.Z48,f,2022,8760,0,0.00
H3.Z48,f,2023,8759,0,0.00
H3.Z49,I1,2020,4418,0,0.00
H3.Z49,I1,2021,8760,0,0.00
H3.Z49,I1,2022,8760,0,0.00
H3.Z49,I1,2023,8759,0,0.00
H3.Z49,I2,2020,4418,0,0.00
H3.Z49,I2,2021,8760,0,0.00
H3.Z49,I2,2022,8760,0,0.00
H3.Z49,I2,2023,8759,0,0.00
H3.Z49,I3,2020,4418,0,0.00
H3.Z49,I3,2021,8760,0,0.00
H3.Z49,I3,2022,8760,0,0.00
H3.Z49,I3,2023,8759,0,0.00
H3.Z49,P,2020,4418,0,0.00
H3.Z49,P,2021,8760,0,0.00
H3.Z49,P,2022,8760,0,0.00
H3.Z49,P,2023,8759,0,0.00
H3.Z49,P1,2020,4418,0,0.00
H3.Z49,P1,2021,8760,0,0.00
H3.Z49,P1,2022,8760,0,0.00
H3.Z49,P1,2023,8759,0,0.00
H3.Z49,P2,2020,4418,0,0.00
H3.Z49,P2,2021,8760,0,0.00
H3.Z49,P2,2022,8760,0,0.00
H3.Z49,P2,2023,8759,0,0.00
H3.Z49,P3,2020,4418,0,0.00
H3.Z49,P3,2021,8760,0,0.00
H3.Z49,P3,2022,8760,0,0.00
H3.Z49,P3,2023,8759,0,0.00
H3.Z49,PF,2020,4418,0,0.00
H3.Z49,PF,2021,8760,0,0.00
H3.Z49,PF,2022,8760,0,0.00
H3.Z49,PF,2023,8759,0,0.00
H3.Z49,PF1,2020,4418,0,0.00
H3.Z49,PF1,2021,8760,0,0.00
H3.Z49,PF1,2022,8760,0,0.00
H3.Z49,PF1,2023,8759,0,0.00
H3.Z49,PF2,2020,4418,0,0.00
H3.Z49,PF2,2021,8760,0,0.00
H3.Z49,PF2,2022,8760,0,0.00
H3.Z49,PF2,2023,8759,0,0.00
H3.Z49,PF3,2020,4418,0,0.00
H3.Z49,PF3,2021,8760,0,0.00
H3.Z49,PF3,2022,8760,0,0.00
H3.Z49,PF3,2023,8759,0,0.00
H3.Z49,Q,2020,4418,0,0.00
H3.Z49,Q,2021,8760,0,0.00
H3.Z49,Q,2022,8760,0,0.00
H3.Z49,Q,2023,8759,0,0.00
H3.Z49,U1,2020,4418,0,0.00
H3.Z49,U1,2021,8760,0,0.00
H3.Z49,U1,2022,8760,0,0.00
H3.Z49,U1,2023,8759,0,0.00
H3.Z49,U2,2020,4418,0,0.00
H3.Z49,U2,2021,8760,0,0.00
H3.Z49,U2,2022,8760,0,0.00
H3.Z49,U2,2023,8759,0,0.00
H3.Z49,U3,2020,4418,0,0.00
H3.Z49,U3,2021,8760,0,0.00
H3.Z49,U3,2022,8760,0,0.00
H3.Z49,U3,2023,8759,0,0.00
H3.Z49,W,2018,8760,0,0.00
H3.Z49,W,2019,8760,0,0.00
H3.Z49,W,2020,8784,0,0.00
H3.Z49,W,2021,8760,0,0.00
H3.Z49,W,2022,8760,0,0.00
H3.Z49,W,2023,8760,0,0.00
H3.Z49,W,2024,1,0,0.00
H3.Z49,WQ,2018,8760,0,0.00
H3.Z49,WQ,2019,8760,0,0.00
H3.Z49,WQ,2020,8784,0,0.00
H3.Z49,WQ,2021,8760,0,0.00
H3.Z49,WQ,2022,8760,0,0.00
H3.Z49,WQ,2023,8760,0,0.00
H3.Z49,WQ,2024,1,0,0.00
H3.Z49,WQ_in,2020,4418,0,0.00
H3.Z49,WQ_in,2021,8760,0,0.00
H3.Z49,WQ_in,2022,8760,0,0.00
H3.Z49,WQ_in,2023,8759,0,0.00
H3.Z49,WQ_out,2020,4418,0,0.00
H3.Z49,WQ_out,2021,8760,0,0.00
H3.Z49,WQ_out,2022,8760,0,0.00
H3.Z49,WQ_out,2023,8759,0,0.00
H3.Z49,W_in,2020,4418,0,0.00
H3.Z49,W_in,2021,8760,0,0.00
H3.Z49,W_in,2022,8760,0,0.00
H3.Z49,W_in,2023,8759,0,0.00
H3.Z49,W_out,2021,8056,0,0.00
H3.Z49,W_out,2022,8760,0,0.00
H3.Z49,W_out,2023,8759,0,0.00
H3.Z49,f,2020,4418,0,0.00
H3.Z49,f,2021,8760,0,0.00
H3.Z49,f,2022,8760,0,0.00
H3.Z49,f,2023,8759,0,0.00
H3.Z71,I1,2017,1,0,0.00
H3.Z71,I1,2018,8760,0,0.00
H3.Z71,I1,2019,8760,0,0.00
H3.Z71,I1,2020,8784,0,0.00
H3.Z71,I1,2021,8760,0,0.00
H3.Z71,I1,2022,8760,0,0.00
H3.Z71,I1,2023,8759,0,0.00
H3.Z71,I2,2017,1,0,0.00
H3.Z71,I2,2018,8760,0,0.00
H3.Z71,I2,2019,8760,0,0.00
H3.Z71,I2,2020,8784,0,0.00
H3.Z71,I2,2021,8760,0,0.00
H3.Z71,I2,2022,8760,0,0.00
H3.Z71,I2,2023,8759,0,0.00
H3.Z71,I3,2017,1,0,0.00
H3.Z71,I3,2018,8760,0,0.00
H3.Z71,I3,2019,8760,0,0.00
H3.Z71,I3,2020,8784,0,0.00
H3.Z71,I3,2021,8760,0,0.00
H3.Z71,I3,2022,8760,0,0.00
H3.Z71,I3,2023,8759,0,0.00
H3.Z71,P,2017,1,0,0.00
H3.Z71,P,2018,8760,0,0.00
H3.Z71,P,2019,8760,0,0.00
H3.Z71,P,2020,8784,0,0.00
H3.Z71,P,2021,8760,0,0.00
H3.Z71,P,2022,8760,0,0.00
H3.Z71,P,2023,8759,0,0.00
H3.Z71,P1,2017,1,0,0.00
H3.Z71,P1,2018,8760,0,0.00
H3.Z71,P1,2019,8760,0,0.00
H3.Z71,P1,2020,8784,0,0.00
H3.Z71,P1,2021,8760,0,0.00
H3.Z71,P1,2022,8760,0,0.00
H3.Z71,P1,2023,8759,0,0.00
H3.Z71,P2,2017,1,0,0.00
H3.Z71,P2,2018,8760,0,0.00
H3.Z71,P2,2019,8760,0,0.00
H3.Z71,P2,2020,8784,0,0.00
H3.Z71,P2,2021,8760,0,0.00
H3.Z71,P2,2022,8760,0,0.00
H3.Z71,P2,2023,8759,0,0.00
H3.Z71,P3,2017,1,0,0.00
H3.Z71,P3,2018,8760,0,0.00
H3.Z71,P3,2019,8760,0,0.00
H3.Z71,P3,2020,8784,0,0.00
H3.Z71,P3,2021,8760,0,0.00
H3.Z71,P3,2022,8760,0,0.00
H3.Z71,P3,2023,8759,0,0.00
H3.Z71,PF,2017,1,0,0.00
H3.Z71,PF,2018,8760,0,0.00
H3.Z71,PF,2019,8760,0,0.00
H3.Z71,PF,2020,8784,0,0.00
H3.Z71,PF,2021,8760,0,0.00
H3.Z71,PF,2022,8760,0,0.00
H3.Z71,PF,2023,8759,0,0.00
H3.Z71,PF1,2017,1,0,0.00
H3.Z71,PF1,2018,8760,0,0.00
H3.Z71,PF1,2019,8760,0,0.00
H3.Z71,PF1,2020,8784,0,0.00
H3.Z71,PF1,2021,8760,0,0.00
H3.Z71,PF1,2022,8760,0,0.00
H3.Z71,PF1,2023,8759,0,0.00
H3.Z71,PF2,2017,1,0,0.00
H3.Z71,PF2,2018,8760,0,0.00
H3.Z71,PF2,2019,8760,0,0.00
H3.Z71,PF2,2020,8784,0,0.00
H3.Z71,PF2,2021,8760,0,0.00
H3.Z71,PF2,2022,8760,0,0.00
H3.Z71,PF2,2023,8759,0,0.00
H3.Z71,PF3,2017,1,0,0.00
H3.Z71,PF3,2018,8760,0,0.00
H3.Z71,PF3,2019,8760,0,0.00
H3.Z71,PF3,2020,8784,0,0.00
H3.Z71,PF3,2021,8760,0,0.00
H3.Z71,PF3,2022,8760,0,0.00
H3.Z71,PF3,2023,8759,0,0.00
H3.Z71,Q,2017,1,0,0.00
H3.Z71,Q,2018,8760,0,0.00
H3.Z71,Q,2019,8760,0,0.00
H3.Z71,Q,2020,8784,0,0.00
H3.Z71,Q,2021,8760,0,0.00
H3.Z71,Q,2022,8760,0,0.00
H3.Z71,Q,2023,8759,0,0.00
H3.Z71,U1,2017,1,0,0.00
H3.Z71,U1,2018,8760,0,0.00
H3.Z71,U1,2019,8760,0,0.00
H3.Z71,U1,2020,8784,0,0.00
H3.Z71,U1,2021,8760,0,0.00
H3.Z71,U1,2022,8760,0,0.00
H3.Z71,U1,2023,8759,0,0.00
H3.Z71,U2,2017,1,0,0.00
H3.Z71,U2,2018,8760,0,0.00
H3.Z71,U2,2019,8760,0,0.00
H3.Z71,U2,2020,8784,0,0.00
H3.Z71,U2,2021,8760,0,0.00
H3.Z71,U2,2022,8760,0,0.00
H3.Z71,U2,2023,8759,0,0.00
H3.Z71,U3,2017,1,0,0.00
H3.Z71,U3,2018,8760,0,0.00
H3.Z71,U3,2019,8760,0,0.00
H3.Z71,U3,2020,8784,0,0.00
H3.Z71,U3,2021,8760,0,0.00
H3.Z71,U3,2022,8760,0,0.00
H3.Z71,U3,2023,8759,0,0.00
H3.Z71,W,2018,8760,0,0.00
H3.Z71,W,2019,8760,0,0.00
H3.Z71,W,2020,8784,0,0.00
H3.Z71,W,2021,8760,0,0.00
H3.Z71,W,2022,8760,0,0.00
H3.Z71,W,2023,8760,0,0.00
H3.Z71,W,2024,1,0,0.00
H3.Z71,WQ,2018,8760,0,0.00
H3.Z71,WQ,2019,8760,0,0.00
H3.Z71,WQ,2020,8784,0,0.00
H3.Z71,WQ,2021,8760,0,0.00
H3.Z71,WQ,2022,8760,0,0.00
H3.Z71,WQ,2023,8760,0,0.00
H3.Z71,WQ,2024,1,0,0.00
H3.Z71,WQ_in,2018,8731,0,0.00
H3.Z71,WQ_in,2019,8760,0,0.00
H3.Z71,WQ_in,2020,8784,0,0.00
H3.Z71,WQ_in,2021,8760,0,0.00
H3.Z71,WQ_in,2022,8760,0,0.00
H3.Z71,WQ_in,2023,8759,0,0.00
H3.Z71,WQ_out,2017,1,0,0.00
H3.Z71,WQ_out,2018,8760,0,0.00
H3.Z71,WQ_out,2019,8760,0,0.00
H3.Z71,WQ_out,2020,8784,0,0.00
H3.Z71,WQ_out,2021,8760,0,0.00
H3.Z71,WQ_out,2022,8760,0,0.00
H3.Z71,WQ_out,2023,8759,0,0.00
H3.Z71,W_in,2017,1,0,0.00
H3.Z71,W_in,2018,8760,0,0.00
H3.Z71,W_in,2019,8760,0,0.00
H3.Z71,W_in,2020,8784,0,0.00
H3.Z71,W_in,2021,8760,0,0.00
H3.Z71,W_in,2022,8760,0,0.00
H3.Z71,W_in,2023,8759,0,0.00
H3.Z71,W_out,2018,8731,0,0.00
H3.Z71,W_out,2019,8760,0,0.00
H3.Z71,W_out,2020,8784,0,0.00
H3.Z71,W_out,2021,8760,0,0.00
H3.Z71,W_out,2022,8760,0,0.00
H3.Z71,W_out,2023,8759,0,0.00
H3.Z71,f,2017,1,0,0.00
H3.Z71,f,2018,8760,0,0.00
H3.Z71,f,2019,8760,0,0.00
H3.Z71,f,2020,8784,0,0.00
H3.Z71,f,2021,8760,0,0.00
H3.Z71,f,2022,8760,0,0.00
H3.Z71,f,2023,8759,0,0.00
H3.ZE40,I1,2022,6927,0,0.00
H3.ZE40,I1,2023,8759,0,0.00
H3.ZE40,I2,2022,6927,0,0.00
H3.ZE40,I2,2023,8759,0,0.00
H3.ZE40,I3,2022,6927,0,0.00
H3.ZE40,I3,2023,8759,0,0.00
H3.ZE40,P,2022,6927,0,0.00
H3.ZE40,P,2023,8759,0,0.00
H3.ZE40,P1,2022,6927,0,0.00
H3.ZE40,P1,2023,8759,0,0.00
H3.ZE40,P2,2022,6927,0,0.00
H3.ZE40,P2,2023,8759,0,0.00
H3.ZE40,P3,2022,6927,0,0.00
H3.ZE40,P3,2023,8759,0,0.00
H3.ZE40,PF,2022,6927,0,0.00
H3.ZE40,PF,2023,8759,0,0.00
H3.ZE40,PF1,2022,6927,0,0.00
H3.ZE40,PF1,2023,8759,0,0.00
H3.ZE40,PF2,2022,6927,0,0.00
H3.ZE40,PF2,2023,8759,0,0.00
H3.ZE40,PF3,2022,6927,0,0.00
H3.ZE40,PF3,2023,8759,0,0.00
H3.ZE40,U1,2022,6927,0,0.00
H3.ZE40,U1,2023,8759,0,0.00
H3.ZE40,U2,2022,6927,0,0.00
H3.ZE40,U2,2023,8759,0,0.00
H3.ZE40,U3,2022,6927,0,0.00
H3.ZE40,U3,2023,8759,0,0.00
H3.ZE40,W,2022,6926,0,0.00
H3.ZE40,W,2023,8759,0,0.00
H3.ZE40,W1,2022,6926,0,0.00
H3.ZE40,W1,2023,8759,0,0.00
H3.ZE40,W2,2022,6926,0,0.00
H3.ZE40,W2,2023,8759,0,0.00
H3.ZE40,W3,2022,6926,0,0.00
H3.ZE40,W3,2023,8759,0,0.00
H3.ZE40,W_in,2022,6926,0,0.00
H3.ZE40,W_in,2023,8759,0,0.00
H3.ZE40,W_out,2022,6926,0,0.00
H3.ZE40,W_out,2023,3577,0,0.00
H3.ZE40,f,2022,6927,0,0.00
H3.ZE40,f,2023,8759,0,0.00
H3.ZE41,I1,2022,6927,0,0.00
H3.ZE41,I1,2023,8759,0,0.00
H3.ZE41,I2,2022,6927,0,0.00
H3.ZE41,I2,2023,8759,0,0.00
H3.ZE41,I3,2022,6927,0,0.00
H3.ZE41,I3,2023,8759,0,0.00
H3.ZE41,P,2022,6927,0,0.00
H3.ZE41,P,2023,8759,0,0.00
H3.ZE41,P1,2022,6927,0,0.00
H3.ZE41,P1,2023,8759,0,0.00
H3.ZE41,P2,2022,6927,0,0.00
H3.ZE41,P2,2023,8759,0,0.00
H3.ZE41,P3,2022,6927,0,0.00
H3.ZE41,P3,2023,8759,0,0.00
H3.ZE41,PF,2022,6927,0,0.00
H3.ZE41,PF,2023,8759,0,0.00
H3.ZE41,PF1,2022,6927,0,0.00
H3.ZE41,PF1,2023,8759,0,0.00
H3.ZE41,PF2,2022,6927,0,0.00
H3.ZE41,PF2,2023,8759,0,0.00
H3.ZE41,PF3,2022,6927,0,0.00
H3.ZE41,PF3,2023,8759,0,0.00
H3.ZE41,U1,2022,6927,0,0.00
H3.ZE41,U1,2023,8759,0,0.00
H3.ZE41,U2,2022,6927,0,0.00
H3.ZE41,U2,2023,8759,0,0.00
H3.ZE41,U3,2022,6927,0,0.00
H3.ZE41,U3,2023,8759,0,0.00
H3.ZE41,W,2022,6926,0,0.00
H3.ZE41,W,2023,8759,0,0.00
H3.ZE41,W1,2022,6926,0,0.00
H3.ZE41,W1,2023,8759,0,0.00
H3.ZE41,W2,2022,6926,0,0.00
H3.ZE41,W2,2023,8759,0,0.00
H3.ZE41,W3,2022,6926,0,0.00
H3.ZE41,W3,2023,8759,0,0.00
H3.ZE41,W_in,2022,6926,0,0.00
H3.ZE41,W_in,2023,8759,0,0.00
H3.ZE41,W_out,2022,502,0,0.00
H3.ZE41,f,2022,6927,0,0.00
H3.ZE41,f,2023,8759,0,0.00
H3.ZE43,I1,2022,6927,0,0.00
H3.ZE43,I1,2023,8759,0,0.00
H3.ZE43,I2,2022,6927,0,0.00
H3.ZE43,I2,2023,8759,0,0.00
H3.ZE43,I3,2022,6927,0,0.00
H3.ZE43,I3,2023,8759,0,0.00
H3.ZE43,P,2022,6927,0,0.00
H3.ZE43,P,2023,8759,0,0.00
H3.ZE43,P1,2022,6927,0,0.00
H3.ZE43,P1,2023,8759,0,0.00
H3.ZE43,P2,2022,6927,0,0.00
H3.ZE43,P2,2023,8759,0,0.00
H3.ZE43,P3,2022,6927,0,0.00
H3.ZE43,P3,2023,8759,0,0.00
H3.ZE43,PF,2022,6927,0,0.00
H3.ZE43,PF,2023,8759,0,0.00
H3.ZE43,PF1,2022,6927,0,0.00
H3.ZE43,PF1,2023,8759,0,0.00
H3.ZE43,PF2,2022,6927,0,0.00
H3.ZE43,PF2,2023,8759,0,0.00
H3.ZE43,PF3,2022,6927,0,0.00
H3.ZE43,PF3,2023,8759,0,0.00
H3.ZE43,U1,2022,6927,0,0.00
H3.ZE43,U1,2023,8759,0,0.00
H3.ZE43,U2,2022,6927,0,0.00
H3.ZE43,U2,2023,8759,0,0.00
H3.ZE43,U3,2022,6927,0,0.00
H3.ZE43,U3,2023,8759,0,0.00
H3.ZE43,W,2022,6926,0,0.00
H3.ZE43,W,2023,8759,0,0.00
H3.ZE43,W1,2022,6926,0,0.00
H3.ZE43,W1,2023,8759,0,0.00
H3.ZE43,W2,2022,6926,0,0.00
H3.ZE43,W2,2023,8759,0,0.00
H3.ZE43,W3,2022,6926,0,0.00
H3.ZE43,W3,2023,8759,0,0.00
H3.ZE43,W_in,2022,6926,0,0.00
H3.ZE43,W_in,2023,8759,0,0.00
H3.ZE43,W_out,2022,502,0,0.00
H3.ZE43,f,2022,6927,0,0.00
H3.ZE43,f,2023,8759,0,0.00
H3.ZE44,I1,2022,6927,0,0.00
H3.ZE44,I1,2023,8759,0,0.00
H3.ZE44,I2,2022,6927,0,0.00
H3.ZE44,I2,2023,8759,0,0.00
H3.ZE44,I3,2022,6927,0,0.00
H3.ZE44,I3,2023,8759,0,0.00
H3.ZE44,P,2022,6927,0,0.00
H3.ZE44,P,2023,8759,0,0.00
H3.ZE44,P1,2022,6927,0,0.00
H3.ZE44,P1,2023,8759,0,0.00
H3.ZE44,P2,2022,6927,0,0.00
H3.ZE44,P2,2023,8759,0,0.00
H3.ZE44,P3,2022,6927,0,0.00
H3.ZE44,P3,2023,8759,0,0.00
H3.ZE44,PF,2022,6927,0,0.00
H3.ZE44,PF,2023,8759,0,0.00
H3.ZE44,PF1,2022,6927,0,0.00
H3.ZE44,PF1,2023,8759,0,0.00
H3.ZE44,PF2,2022,6927,0,0.00
H3.ZE44,PF2,2023,8759,0,0.00
H3.ZE44,PF3,2022,6927,0,0.00
H3.ZE44,PF3,2023,8759,0,0.00
H3.ZE44,U1,2022,6927,0,0.00
H3.ZE44,U1,2023,8759,0,0.00
H3.ZE44,U2,2022,6927,0,0.00
H3.ZE44,U2,2023,8759,0,0.00
H3.ZE44,U3,2022,6927,0,0.00
H3.ZE44,U3,2023,8759,0,0.00
H3.ZE44,W,2022,6926,0,0.00
H3.ZE44,W,2023,8759,0,0.00
H3.ZE44,W1,2022,6926,0,0.00
H3.ZE44,W1,2023,8759,0,0.00
H3.ZE44,W2,2022,6926,0,0.00
H3.ZE44,W2,2023,8759,0,0.00
H3.ZE44,W3,2022,6926,0,0.00
H3.ZE44,W3,2023,8759,0,0.00
H3.ZE44,W_in,2022,6926,0,0.00
H3.ZE44,W_in,2023,8759,0,0.00
H3.ZE44,W_out,2022,6926,0,0.00
H3.ZE44,W_out,2023,8592,0,0.00
H3.ZE44,f,2022,6927,0,0.00
H3.ZE44,f,2023,8759,0,0.00
H4.Z50,I1,2017,1,0,0.00
H4.Z50,I1,2018,8760,0,0.00
H4.Z50,I1,2019,8760,0,0.00
H4.Z50,I1,2020,8784,0,0.00
H4.Z50,I1,2021,8760,0,0.00
H4.Z50,I1,2022,8760,0,0.00
H4.Z50,I1,2023,4166,0,0.00
H4.Z50,I2,2017,1,0,0.00
H4.Z50,I2,2018,8760,0,0.00
H4.Z50,I2,2019,8760,0,0.00
H4.Z50,I2,2020,8784,0,0.00
H4.Z50,I2,2021,8760,0,0.00
H4.Z50,I2,2022,8760,0,0.00
H4.Z50,I2,2023,4166,0,0.00
H4.Z50,I3,2017,1,0,0.00
H4.Z50,I3,2018,8760,0,0.00
H4.Z50,I3,2019,8760,0,0.00
H4.Z50,I3,2020,8784,0,0.00
H4.Z50,I3,2021,8760,0,0.00
H4.Z50,I3,2022,8760,0,0.00
H4.Z50,I3,2023,4166,0,0.00
H4.Z50,P,2017,1,0,0.00
H4.Z50,P,2018,8760,0,0.00
H4.Z50,P,2019,8760,0,0.00
H4.Z50,P,2020,8784,0,0.00
H4.Z50,P,2021,8760,0,0.00
H4.Z50,P,2022,8760,0,0.00
H4.Z50,P,2023,4166,0,0.00
H4.Z50,P1,2017,1,0,0.00
H4.Z50,P1,2018,8760,0,0.00
H4.Z50,P1,2019,8760,0,0.00
H4.Z50,P1,2020,8784,0,0.00
H4.Z50,P1,2021,8760,0,0.00
H4.Z50,P1,2022,8760,0,0.00
H4.Z50,P1,2023,4166,0,0.00
H4.Z50,P2,2017,1,0,0.00
H4.Z50,P2,2018,8760,0,0.00
H4.Z50,P2,2019,8760,0,0.00
H4.Z50,P2,2020,8784,0,0.00
H4.Z50,P2,2021,8760,0,0.00
H4.Z50,P2,2022,8760,0,0.00
H4.Z50,P2,2023,4166,0,0.00
H4.Z50,P3,2017,1,0,0.00
H4.Z50,P3,2018,8760,0,0.00
H4.Z50,P3,2019,8760,0,0.00
H4.Z50,P3,2020,8784,0,0.00
H4.Z50,P3,2021,8760,0,0.00
H4.Z50,P3,2022,8760,0,0.00
H4.Z50,P3,2023,4166,0,0.00
H4.Z50,PF,2017,1,0,0.00
H4.Z50,PF,2018,8760,0,0.00
H4.Z50,PF,2019,8760,0,0.00
H4.Z50,PF,2020,8784,0,0.00
H4.Z50,PF,2021,8760,0,0.00
H4.Z50,PF,2022,8760,0,0.00
H4.Z50,PF,2023,4166,0,0.00
H4.Z50,PF1,2017,1,0,0.00
H4.Z50,PF1,2018,8760,0,0.00
H4.Z50,PF1,2019,8760,0,0.00
H4.Z50,PF1,2020,8784,0,0.00
H4.Z50,PF1,2021,8760,0,0.00
H4.Z50,PF1,2022,8760,0,0.00
H4.Z50,PF1,2023,4166,0,0.00
H4.Z50,PF2,2017,1,0,0.00
H4.Z50,PF2,2018,8760,0,0.00
H4.Z50,PF2,2019,8760,0,0.00
H4.Z50,PF2,2020,8784,0,0.00
H4.Z50,PF2,2021,8760,0,0.00
H4.Z50,PF2,2022,8760,0,0.00
H4.Z50,PF2,2023,4166,0,0.00
H4.Z50,PF3,2017,1,0,0.00
H4.Z50,PF3,2018,8760,0,0.00
H4.Z50,PF3,2019,8760,0,0.00
H4.Z50,PF3,2020,8784,0,0.00
H4.Z50,PF3,2021,8760,0,0.00
H4.Z50,PF3,2022,8760,0,0.00
H4.Z50,PF3,2023,4166,0,0.00
H4.Z50,Q,2017,1,0,0.00
H4.Z50,Q,2018,8760,0,0.00
H4.Z50,Q,2019,8760,0,0.00
H4.Z50,Q,2020,8784,0,0.00
H4.Z50,Q,2021,8760,0,0.00
H4.Z50,Q,2022,8760,0,0.00
H4.Z50,Q,2023,4166,0,0.00
H4.Z50,U1,2017,1,0,0.00
H4.Z50,U1,2018,8760,0,0.00
H4.Z50,U1,2019,8760,0,0.00
H4.Z50,U1,2020,8784,0,0.00
H4.Z50,U1,2021,8760,0,0.00
H4.Z50,U1,2022,8760,0,0.00
H4.Z50,U1,2023,4166,0,0.00
H4.Z50,U2,2017,1,0,0.00
H4.Z50,U2,2018,8760,0,0.00
H4.Z50,U2,2019,8760,0,0.00
H4.Z50,U2,2020,8784,0,0.00
H4.Z50,U2,2021,8760,0,0.00
H4.Z50,U2,2022,8760,0,0.00
H4.Z50,U2,2023,4166,0,0.00
H4.Z50,U3,2017,1,0,0.00
H4.Z50,U3,2018,8760,0,0.00
H4.Z50,U3,2019,8760,0,0.00
H4.Z50,U3,2020,8784,0,0.00
H4.Z50,U3,2021,8760,0,0.00
H4.Z50,U3,2022,8760,0,0.00
H4.Z50,U3,2023,4166,0,0.00
H4.Z50,W,2018,8760,0,0.00
H4.Z50,W,2019,8760,0,0.00
H4.Z50,W,2020,8784,0,0.00
H4.Z50,W,2021,8760,0,0.00
H4.Z50,W,2022,8760,0,0.00
H4.Z50,W,2023,8760,0,0.00
H4.Z50,W,2024,1,0,0.00
H4.Z50,WQ,2018,8760,0,0.00
H4.Z50,WQ,2019,8760,0,0.00
H4.Z50,WQ,2020,8784,0,0.00
H4.Z50,WQ,2021,8760,0,0.00
H4.Z50,WQ,2022,8760,0,0.00
H4.Z50,WQ,2023,8760,0,0.00
H4.Z50,WQ,2024,1,0,0.00
H4.Z50,WQ_in,2017,1,0,0.00
H4.Z50,WQ_in,2018,8760,0,0.00
H4.Z50,WQ_in,2019,8760,0,0.00
H4.Z50,WQ_in,2020,8784,0,0.00
H4.Z50,WQ_in,2021,8760,0,0.00
H4.Z50,WQ_in,2022,8760,0,0.00
H4.Z50,WQ_in,2023,4166,0,0.00
H4.Z50,WQ_out,2018,8760,0,0.00
H4.Z50,WQ_out,2019,8760,0,0.00
H4.Z50,WQ_out,2020,8784,0,0.00
H4.Z50,WQ_out,2021,8760,0,0.00
H4.Z50,WQ_out,2022,8760,0,0.00
H4.Z50,WQ_out,2023,4166,0,0.00
H4.Z50,W_in,2017,1,0,0.00
H4.Z50,W_in,2018,8760,0,0.00
H4.Z50,W_in,2019,8760,0,0.00
H4.Z50,W_in,2020,8784,0,0.00
H4.Z50,W_in,2021,8760,0,0.00
H4.Z50,W_in,2022,8760,0,0.00
H4.Z50,W_in,2023,4166,0,0.00
H4.Z50,W_out,2018,1241,0,0.00
H4.Z50,W_out,2019,8760,0,0.00
H4.Z50,W_out,2020,8784,0,0.00
H4.Z50,W_out,2021,8760,0,0.00
H4.Z50,W_out,2022,8760,0,0.00
H4.Z50,W_out,2023,4166,0,0.00
H4.Z50,f,2017,1,0,0.00
H4.Z50,f,2018,8760,0,0.00
H4.Z50,f,2019,8760,0,0.00
H4.Z50,f,2020,8784,0,0.00
H4.Z50,f,2021,8760,0,0.00
H4.Z50,f,2022,8760,0,0.00
H4.Z50,f,2023,4166,0,0.00
H4.Z51,I1,2017,1,0,0.00
H4.Z51,I1,2018,8760,0,0.00
H4.Z51,I1,2019,8760,0,0.00
H4.Z51,I1,2020,8784,0,0.00
H4.Z51,I1,2021,8760,0,0.00
H4.Z51,I1,2022,8760,0,0.00
H4.Z51,I1,2023,4166,0,0.00
H4.Z51,I2,2017,1,0,0.00
H4.Z51,I2,2018,8760,0,0.00
H4.Z51,I2,2019,8760,0,0.00
H4.Z51,I2,2020,8784,0,0.00
H4.Z51,I2,2021,8760,0,0.00
H4.Z51,I2,2022,8760,0,0.00
H4.Z51,I2,2023,4166,0,0.00
H4.Z51,I3,2017,1,0,0.00
H4.Z51,I3,2018,8760,0,0.00
H4.Z51,I3,2019,8760,0,0.00
H4.Z51,I3,2020,8784,0,0.00
H4.Z51,I3,2021,8760,0,0.00
H4.Z51,I3,2022,8760,0,0.00
H4.Z51,I3,2023,4166,0,0.00
H4.Z51,P,2017,1,0,0.00
H4.Z51,P,2018,8760,0,0.00
H4.Z51,P,2019,8760,0,0.00
H4.Z51,P,2020,8784,0,0.00
H4.Z51,P,2021,8760,0,0.00
H4.Z51,P,2022,8760,0,0.00
H4.Z51,P,2023,4166,0,0.00
H4.Z51,P1,2017,1,0,0.00
H4.Z51,P1,2018,8760,0,0.00
H4.Z51,P1,2019,8760,0,0.00
H4.Z51,P1,2020,8784,0,0.00
H4.Z51,P1,2021,8760,0,0.00
H4.Z51,P1,2022,8760,0,0.00
H4.Z51,P1,2023,4166,0,0.00
H4.Z51,P2,2017,1,0,0.00
H4.Z51,P2,2018,8760,0,0.00
H4.Z51,P2,2019,8760,0,0.00
H4.Z51,P2,2020,8784,0,0.00
H4.Z51,P2,2021,8760,0,0.00
H4.Z51,P2,2022,8760,0,0.00
H4.Z51,P2,2023,4166,0,0.00
H4.Z51,P3,2017,1,0,0.00
H4.Z51,P3,2018,8760,0,0.00
H4.Z51,P3,2019,8760,0,0.00
H4.Z51,P3,2020,8784,0,0.00
H4.Z51,P3,2021,8760,0,0.00
H4.Z51,P3,2022,8760,0,0.00
H4.Z51,P3,2023,4166,0,0.00
H4.Z51,PF,2017,1,0,0.00
H4.Z51,PF,2018,8760,0,0.00
H4.Z51,PF,2019,8760,0,0.00
H4.Z51,PF,2020,8784,0,0.00
H4.Z51,PF,2021,8760,0,0.00
H4.Z51,PF,2022,8760,0,0.00
H4.Z51,PF,2023,4166,0,0.00
H4.Z51,PF1,2017,1,0,0.00
H4.Z51,PF1,2018,8760,0,0.00
H4.Z51,PF1,2019,8760,0,0.00
H4.Z51,PF1,2020,8784,0,0.00
H4.Z51,PF1,2021,8760,0,0.00
H4.Z51,PF1,2022,8760,0,0.00
H4.Z51,PF1,2023,4166,0,0.00
H4.Z51,PF2,2017,1,0,0.00
H4.Z51,PF2,2018,8760,0,0.00
H4.Z51,PF2,2019,8760,0,0.00
H4.Z51,PF2,2020,8784,0,0.00
H4.Z51,PF2,2021,8760,0,0.00
H4.Z51,PF2,2022,8760,0,0.00
H4.Z51,PF2,2023,4166,0,0.00
H4.Z51,PF3,2017,1,0,0.00
H4.Z51,PF3,2018,8760,0,0.00
H4.Z51,PF3,2019,8760,0,0.00
H4.Z51,PF3,2020,8784,0,0.00
H4.Z51,PF3,2021,8760,0,0.00
H4.Z51,PF3,2022,8760,0,0.00
H4.Z51,PF3,2023,4166,0,0.00
H4.Z51,Q,2017,1,0,0.00
H4.Z51,Q,2018,8760,0,0.00
H4.Z51,Q,2019,8760,0,0.00
H4.Z51,Q,2020,8784,0,0.00
H4.Z51,Q,2021,8760,0,0.00
H4.Z51,Q,2022,8760,0,0.00
H4.Z51,Q,2023,4166,0,0.00
H4.Z51,U1,2017,1,0,0.00
H4.Z51,U1,2018,8760,0,0.00
H4.Z51,U1,2019,8760,0,0.00
H4.Z51,U1,2020,8784,0,0.00
H4.Z51,U1,2021,8760,0,0.00
H4.Z51,U1,2022,8760,0,0.00
H4.Z51,U1,2023,4166,0,0.00
H4.Z51,U2,2017,1,0,0.00
H4.Z51,U2,2018,8760,0,0.00
H4.Z51,U2,2019,8760,0,0.00
H4.Z51,U2,2020,8784,0,0.00
H4.Z51,U2,2021,8760,0,0.00
H4.Z51,U2,2022,8760,0,0.00
H4.Z51,U2,2023,4166,0,0.00
H4.Z51,U3,2017,1,0,0.00
H4.Z51,U3,2018,8760,0,0.00
H4.Z51,U3,2019,8760,0,0.00
H4.Z51,U3,2020,8784,0,0.00
H4.Z51,U3,2021,8760,0,0.00
H4.Z51,U3,2022,8760,0,0.00
H4.Z51,U3,2023,4166,0,0.00
H4.Z51,W,2018,8760,0,0.00
H4.Z51,W,2019,8760,0,0.00
H4.Z51,W,2020,8784,0,0.00
H4.Z51,W,2021,8760,0,0.00
H4.Z51,W,2022,8760,0,0.00
H4.Z51,W,2023,8760,0,0.00
H4.Z51,W,2024,1,0,0.00
H4.Z51,WQ,2018,8760,0,0.00
H4.Z51,WQ,2019,8760,0,0.00
H4.Z51,WQ,2020,8784,0,0.00
H4.Z51,WQ,2021,8760,0,0.00
H4.Z51,WQ,2022,8760,0,0.00
H4.Z51,WQ,2023,8760,0,0.00
H4.Z51,WQ,2024,1,0,0.00
H4.Z51,WQ_in,2018,1241,0,0.00
H4.Z51,WQ_in,2019,8760,0,0.00
H4.Z51,WQ_in,2020,8784,0,0.00
H4.Z51,WQ_in,2021,8760,0,0.00
H4.Z51,WQ_in,2022,8760,0,0.00
H4.Z51,WQ_in,2023,4166,0,0.00
H4.Z51,WQ_out,2017,1,0,0.00
H4.Z51,WQ_out,2018,8760,0,0.00
H4.Z51,WQ_out,2019,8760,0,0.00
H4.Z51,WQ_out,2020,8784,0,0.00
H4.Z51,WQ_out,2021,8760,0,0.00
H4.Z51,WQ_out,2022,8760,0,0.00
H4.Z51,WQ_out,2023,4166,0,0.00
H4.Z51,W_in,2017,1,0,0.00
H4.Z51,W_in,2018,8760,0,0.00
H4.Z51,W_in,2019,8760,0,0.00
H4.Z51,W_in,2020,8784,0,0.00
H4.Z51,W_in,2021,8760,0,0.00
H4.Z51,W_in,2022,8760,0,0.00
H4.Z51,W_in,2023,4166,0,0.00
H4.Z51,W_out,2018,1241,0,0.00
H4.Z51,W_out,2019,8760,0,0.00
H4.Z51,W_out,2020,8784,0,0.00
H4.Z51,W_out,2021,8760,0,0.00
H4.Z51,W_out,2022,8760,0,0.00
H4.Z51,W_out,2023,4166,0,0.00
H4.Z51,f,2017,1,0,0.00
H4.Z51,f,2018,8760,0,0.00
H4.Z51,f,2019,8760,0,0.00
H4.Z51,f,2020,8784,0,0.00
H4.Z51,f,2021,8760,0,0.00
H4.Z51,f,2022,8760,0,0.00
H4.Z51,f,2023,4166,0,0.00
H4.ZE50,I1,2022,6829,0,0.00
H4.ZE50,I1,2023,8759,0,0.00
H4.ZE50,I2,2022,6829,0,0.00
H4.ZE50,I2,2023,8759,0,0.00
H4.ZE50,I3,2022,6829,0,0.00
H4.ZE50,I3,2023,8759,0,0.00
H4.ZE50,P,2022,6829,0,0.00
H4.ZE50,P,2023,8759,0,0.00
H4.ZE50,P1,2022,6829,0,0.00
H4.ZE50,P1,2023,8759,0,0.00
H4.ZE50,P2,2022,6829,0,0.00
H4.ZE50,P2,2023,8759,0,0.00
H4.ZE50,P3,2022,6829,0,0.00
H4.ZE50,P3,2023,8759,0,0.00
H4.ZE50,PF,2022,6829,0,0.00
H4.ZE50,PF,2023,8759,0,0.00
H4.ZE50,PF1,2022,6829,0,0.00
H4.ZE50,PF1,2023,8759,0,0.00
H4.ZE50,PF2,2022,6829,0,0.00
H4.ZE50,PF2,2023,8759,0,0.00
H4.ZE50,PF3,2022,6829,0,0.00
H4.ZE50,PF3,2023,8759,0,0.00
H4.ZE50,U1,2022,6829,0,0.00
H4.ZE50,U1,2023,8759,0,0.00
H4.ZE50,U2,2022,6829,0,0.00
H4.ZE50,U2,2023,8759,0,0.00
H4.ZE50,U3,2022,6829,0,0.00
H4.ZE50,U3,2023,8759,0,0.00
H4.ZE50,W,2022,6828,0,0.00
H4.ZE50,W,2023,8759,0,0.00
H4.ZE50,W1,2022,6828,0,0.00
H4.ZE50,W1,2023,8759,0,0.00
H4.ZE50,W2,2022,6828,0,0.00
H4.ZE50,W2,2023,8759,0,0.00
H4.ZE50,W3,2022,6828,0,0.00
H4.ZE50,W3,2023,8759,0,0.00
H4.ZE50,W_in,2022,6828,0,0.00
H4.ZE50,W_in,2023,8759,0,0.00
H4.ZE50,f,2022,6829,0,0.00
H4.ZE50,f,2023,8759,0,0.00
H4.ZE51,I1,2022,6829,0,0.00
H4.ZE51,I1,2023,8759,0,0.00
H4.ZE51,I2,2022,6829,0,0.00
H4.ZE51,I2,2023,8759,0,0.00
H4.ZE51,I3,2022,6829,0,0.00
H4.ZE51,I3,2023,8759,0,0.00
H4.ZE51,P,2022,6829,0,0.00
H4.ZE51,P,2023,8759,0,0.00
H4.ZE51,P1,2022,6829,0,0.00
H4.ZE51,P1,2023,8759,0,0.00
H4.ZE51,P2,2022,6829,0,0.00
H4.ZE51,P2,2023,8759,0,0.00
H4.ZE51,P3,2022,6829,0,0.00
H4.ZE51,P3,2023,8759,0,0.00
H4.ZE51,PF,2022,6829,0,0.00
H4.ZE51,PF,2023,8759,0,0.00
H4.ZE51,PF1,2022,6829,0,0.00
H4.ZE51,PF1,2023,8759,0,0.00
H4.ZE51,PF2,2022,6829,0,0.00
H4.ZE51,PF2,2023,8759,0,0.00
H4.ZE51,PF3,2022,6829,0,0.00
H4.ZE51,PF3,2023,8759,0,0.00
H4.ZE51,U1,2022,6829,0,0.00
H4.ZE51,U1,2023,8759,0,0.00
H4.ZE51,U2,2022,6829,0,0.00
H4.ZE51,U2,2023,8759,0,0.00
H4.ZE51,U3,2022,6829,0,0.00
H4.ZE51,U3,2023,8759,0,0.00
H4.ZE51,W,2022,6828,0,0.00
H4.ZE51,W,2023,8759,0,0.00
H4.ZE51,W1,2022,6828,0,0.00
H4.ZE51,W1,2023,8759,0,0.00
H4.ZE51,W2,2022,6828,0,0.00
H4.ZE51,W2,2023,8759,0,0.00
H4.ZE51,W3,2022,6828,0,0.00
H4.ZE51,W3,2023,8759,0,0.00
H4.ZE51,W_in,2022,6828,0,0.00
H4.ZE51,W_in,2023,8759,0,0.00
H4.ZE51,W_out,2022,1,0,0.00
H4.ZE51,f,2022,6829,0,0.00
H4.ZE51,f,2023,8759,0,0.00
V.K21,P,2017,1,0,0.00
V.K21,P,2018,8760,0,0.00
V.K21,P,2019,8760,0,0.00
V.K21,P,2020,8784,0,0.00
V.K21,P,2021,8760,0,0.00
V.K21,P,2022,8760,0,0.00
V.K21,P,2023,8759,0,0.00
V.K21,Tdiff,2017,1,0,0.00
V.K21,Tdiff,2018,8760,0,0.00
V.K21,Tdiff,2019,8760,0,0.00
V.K21,Tdiff,2020,8784,0,0.00
V.K21,Tdiff,2021,8760,0,0.00
V.K21,Tdiff,2022,8760,0,0.00
V.K21,Tdiff,2023,8759,0,0.00
V.K21,Trl,2018,8716,0,0.00
V.K21,Trl,2019,8760,0,0.00
V.K21,Trl,2020,8784,0,0.00
V.K21,Trl,2021,8760,0,0.00
V.K21,Trl,2022,8760,0,0.00
V.K21,Trl,2023,8759,0,0.00
V.K21,Tvl,2018,8727,0,0.00
V.K21,Tvl,2019,8760,0,0.00
V.K21,Tvl,2020,8784,0,0.00
V.K21,Tvl,2021,8760,0,0.00
V.K21,Tvl,2022,8760,0,0.00
V.K21,Tvl,2023,8759,0,0.00
V.K21,V,2018,8760,0,0.00
V.K21,V,2019,8760,0,0.00
V.K21,V,2020,8784,0,0.00
V.K21,V,2021,8760,0,0.00
V.K21,V,2022,8760,0,0.00
V.K21,V,2023,8759,0,0.00
V.K21,W,2018,8700,0,0.00
V.K21,W,2019,8760,0,0.00
V.K21,W,2020,8784,0,0.00
V.K21,W,2021,8760,0,0.00
V.K21,W,2022,8760,0,0.00
V.K21,W,2023,8759,0,0.00
V.K21,qv,2017,1,0,0.00
V.K21,qv,2018,8760,0,0.00
V.K21,qv,2019,8760,0,0.00
V.K21,qv,2020,8784,0,0.00
V.K21,qv,2021,8760,0,0.00
V.K21,qv,2022,8760,0,0.00
V.K21,qv,2023,8759,0,0.00
V.Z81,I1,2017,1,0,0.00
V.Z81,I1,2018,8760,0,0.00
V.Z81,I1,2019,8760,0,0.00
V.Z81,I1,2020,8784,0,0.00
V.Z81,I1,2021,8760,0,0.00
V.Z81,I1,2022,8760,0,0.00
V.Z81,I1,2023,8759,0,0.00
V.Z81,I2,2017,1,0,0.00
V.Z81,I2,2018,8760,0,0.00
V.Z81,I2,2019,8760,0,0.00
V.Z81,I2,2020,8784,0,0.00
V.Z81,I2,2021,8760,0,0.00
V.Z81,I2,2022,8760,0,0.00
V.Z81,I2,2023,8759,0,0.00
V.Z81,I3,2017,1,0,0.00
V.Z81,I3,2018,8760,0,0.00
V.Z81,I3,2019,8760,0,0.00
V.Z81,I3,2020,8784,0,0.00
V.Z81,I3,2021,8760,0,0.00
V.Z81,I3,2022,8760,0,0.00
V.Z81,I3,2023,8759,0,0.00
V.Z81,P,2017,1,0,0.00
V.Z81,P,2018,8760,0,0.00
V.Z81,P,2019,8760,0,0.00
V.Z81,P,2020,8784,0,0.00
V.Z81,P,2021,8760,0,0.00
V.Z81,P,2022,8760,0,0.00
V.Z81,P,2023,8759,0,0.00
V.Z81,P1,2017,1,0,0.00
V.Z81,P1,2018,8760,0,0.00
V.Z81,P1,2019,8760,0,0.00
V.Z81,P1,2020,8784,0,0.00
V.Z81,P1,2021,8760,0,0.00
V.Z81,P1,2022,8760,0,0.00
V.Z81,P1,2023,8759,0,0.00
V.Z81,P2,2017,1,0,0.00
V.Z81,P2,2018,8760,0,0.00
V.Z81,P2,2019,8760,0,0.00
V.Z81,P2,2020,8784,0,0.00
V.Z81,P2,2021,8760,0,0.00
V.Z81,P2,2022,8760,0,0.00
V.Z81,P2,2023,8759,0,0.00
V.Z81,P3,2017,1,0,0.00
V.Z81,P3,2018,8760,0,0.00
V.Z81,P3,2019,8760,0,0.00
V.Z81,P3,2020,8784,0,0.00
V.Z81,P3,2021,8760,0,0.00
V.Z81,P3,2022,8760,0,0.00
V.Z81,P3,2023,8759,0,0.00
V.Z81,PF,2017,1,0,0.00
V.Z81,PF,2018,8760,0,0.00
V.Z81,PF,2019,8760,0,0.00
V.Z81,PF,2020,8784,0,0.00
V.Z81,PF,2021,8760,0,0.00
V.Z81,PF,2022,8760,0,0.00
V.Z81,PF,2023,8759,0,0.00
V.Z81,PF1,2017,1,0,0.00
V.Z81,PF1,2018,8760,0,0.00
V.Z81,PF1,2019,8760,0,0.00
V.Z81,PF1,2020,8784,0,0.00
V.Z81,PF1,2021,8760,0,0.00
V.Z81,PF1,2022,8760,0,0.00
V.Z81,PF1,2023,8759,0,0.00
V.Z81,PF2,2017,1,0,0.00
V.Z81,PF2,2018,8760,0,0.00
V.Z81,PF2,2019,8760,0,0.00
V.Z81,PF2,2020,8784,0,0.00
V.Z81,PF2,2021,8760,0,0.00
V.Z81,PF2,2022,8760,0,0.00
V.Z81,PF2,2023,8759,0,0.00
V.Z81,PF3,2017,1,0,0.00
V.Z81,PF3,2018,8760,0,0.00
V.Z81,PF3,2019,8760,0,0.00
V.Z81,PF3,2020,8784,0,0.00
V.Z81,PF3,2021,8760,0,0.00
V.Z81,PF3,2022,8760,0,0.00
V.Z81,PF3,2023,8759,0,0.00
V.Z81,U1,2017,1,0,0.00
V.Z81,U1,2018,8760,0,0.00
V.Z81,U1,2019,8760,0,0.00
V.Z81,U1,2020,8784,0,0.00
V.Z81,U1,2021,8760,0,0.00
V.Z81,U1,2022,8760,0,0.00
V.Z81,U1,2023,8759,0,0.00
V.Z81,U2,2017,1,0,0.00
V.Z81,U2,2018,8760,0,0.00
V.Z81,U2,2019,8760,0,0.00
V.Z81,U2,2020,8784,0,0.00
V.Z81,U2,2021,8760,0,0.00
V.Z81,U2,2022,8760,0,0.00
V.Z81,U2,2023,8759,0,0.00
V.Z81,U3,2017,1,0,0.00
V.Z81,U3,2018,8760,0,0.00
V.Z81,U3,2019,8760,0,0.00
V.Z81,U3,2020,8784,0,0.00
V.Z81,U3,2021,8760,0,0.00
V.Z81,U3,2022,8760,0,0.00
V.Z81,U3,2023,8759,0,0.00
V.Z81,W,2018,8760,0,0.00
V.Z81,W,2019,8760,0,0.00
V.Z81,W,2020,8784,0,0.00
V.Z81,W,2021,8760,0,0.00
V.Z81,W,2022,8760,0,0.00
V.Z81,W,2023,8759,0,0.00
V.Z81,W1,2018,8760,0,0.00
V.Z81,W1,2019,8760,0,0.00
V.Z81,W1,2020,8784,0,0.00
V.Z81,W1,2021,8760,0,0.00
V.Z81,W1,2022,8760,0,0.00
V.Z81,W1,2023,8759,0,0.00
V.Z81,W2,2018,8760,0,0.00
V.Z81,W2,2019,8760,0,0.00
V.Z81,W2,2020,8784,0,0.00
V.Z81,W2,2021,8760,0,0.00
V.Z81,W2,2022,8760,0,0.00
V.Z81,W2,2023,8759,0,0.00
V.Z81,W3,2018,8760,0,0.00
V.Z81,W3,2019,8760,0,0.00
V.Z81,W3,2020,8784,0,0.00
V.Z81,W3,2021,8760,0,0.00
V.Z81,W3,2022,8760,0,0.00
V.Z81,W3,2023,8759,0,0.00
V.Z81,W_in,2018,8760,0,0.00
V.Z81,W_in,2019,8760,0,0.00
V.Z81,W_in,2020,8784,0,0.00
V.Z81,W_in,2021,8760,0,0.00
V.Z81,W_in,2022,8760,0,0.00
V.Z81,W_in,2023,8751,0,0.00
V.Z81,W_out,2018,8760,0,0.00
V.Z81,W_out,2019,8760,0,0.00
V.Z81,W_out,2020,8784,0,0.00
V.Z81,W_out,2021,8760,0,0.00
V.Z81,W_out,2022,8760,0,0.00
V.Z81,W_out,2023,8759,0,0.00
V.Z81,f,2017,1,0,0.00
V.Z81,f,2018,8760,0,0.00
V.Z81,f,2019,8760,0,0.00
V.Z81,f,2020,8784,0,0.00
V.Z81,f,2021,8760,0,0.00
V.Z81,f,2022,8760,0,0.00
V.Z81,f,2023,8759,0,0.00
V.Z82,I1,2017,1,0,0.00
V.Z82,I1,2018,8760,0,0.00
V.Z82,I1,2019,8760,0,0.00
V.Z82,I1,2020,8784,0,0.00
V.Z82,I1,2021,8760,0,0.00
V.Z82,I1,2022,8760,0,0.00
V.Z82,I1,2023,8759,0,0.00
V.Z82,I2,2017,1,0,0.00
V.Z82,I2,2018,8760,0,0.00
V.Z82,I2,2019,8760,0,0.00
V.Z82,I2,2020,8784,0,0.00
V.Z82,I2,2021,8760,0,0.00
V.Z82,I2,2022,8760,0,0.00
V.Z82,I2,2023,8759,0,0.00
V.Z82,I3,2017,1,0,0.00
V.Z82,I3,2018,8760,0,0.00
V.Z82,I3,2019,8760,0,0.00
V.Z82,I3,2020,8784,0,0.00
V.Z82,I3,2021,8760,0,0.00
V.Z82,I3,2022,8760,0,0.00
V.Z82,I3,2023,8759,0,0.00
V.Z82,P,2017,1,0,0.00
V.Z82,P,2018,8760,0,0.00
V.Z82,P,2019,8760,0,0.00
V.Z82,P,2020,8784,0,0.00
V.Z82,P,2021,8760,0,0.00
V.Z82,P,2022,8760,0,0.00
V.Z82,P,2023,8759,0,0.00
V.Z82,P1,2017,1,0,0.00
V.Z82,P1,2018,8760,0,0.00
V.Z82,P1,2019,8760,0,0.00
V.Z82,P1,2020,8784,0,0.00
V.Z82,P1,2021,8760,0,0.00
V.Z82,P1,2022,8760,0,0.00
V.Z82,P1,2023,8759,0,0.00
V.Z82,P2,2017,1,0,0.00
V.Z82,P2,2018,8760,0,0.00
V.Z82,P2,2019,8760,0,0.00
V.Z82,P2,2020,8784,0,0.00
V.Z82,P2,2021,8760,0,0.00
V.Z82,P2,2022,8760,0,0.00
V.Z82,P2,2023,8759,0,0.00
V.Z82,P3,2017,1,0,0.00
V.Z82,P3,2018,8760,0,0.00
V.Z82,P3,2019,8760,0,0.00
V.Z82,P3,2020,8784,0,0.00
V.Z82,P3,2021,8760,0,0.00
V.Z82,P3,2022,8760,0,0.00
V.Z82,P3,2023,8759,0,0.00
V.Z82,PF,2017,1,0,0.00
V.Z82,PF,2018,8760,0,0.00
V.Z82,PF,2019,8760,0,0.00
V.Z82,PF,2020,8784,0,0.00
V.Z82,PF,2021,8760,0,0.00
V.Z82,PF,2022,8760,0,0.00
V.Z82,PF,2023,8759,0,0.00
V.Z82,PF1,2017,1,0,0.00
V.Z82,PF1,2018,8760,0,0.00
V.Z82,PF1,2019,8760,0,0.00
V.Z82,PF1,2020,8784,0,0.00
V.Z82,PF1,2021,8760,0,0.00
V.Z82,PF1,2022,8760,0,0.00
V.Z82,PF1,2023,8759,0,0.00
V.Z82,PF2,2017,1,0,0.00
V.Z82,PF2,2018,8760,0,0.00
V.Z82,PF2,2019,8760,0,0.00
V.Z82,PF2,2020,8784,0,0.00
V.Z82,PF2,2021,8760,0,0.00
V.Z82,PF2,2022,8760,0,0.00
V.Z82,PF2,2023,8759,0,0.00
V.Z82,PF3,2017,1,0,0.00
V.Z82,PF3,2018,8760,0,0.00
V.Z82,PF3,2019,8760,0,0.00
V.Z82,PF3,2020,8784,0,0.00
V.Z82,PF3,2021,8760,0,0.00
V.Z82,PF3,2022,8760,0,0.00
V.Z82,PF3,2023,8759,0,0.00
V.Z82,U1,2017,1,0,0.00
V.Z82,U1,2018,8760,0,0.00
V.Z82,U1,2019,8760,0,0.00
V.Z82,U1,2020,8784,0,0.00
V.Z82,U1,2021,8760,0,0.00
V.Z82,U1,2022,8760,0,0.00
V.Z82,U1,2023,8759,0,0.00
V.Z82,U2,2017,1,0,0.00
V.Z82,U2,2018,8760,0,0.00
V.Z82,U2,2019,8760,0,0.00
V.Z82,U2,2020,8784,0,0.00
V.Z82,U2,2021,8760,0,0.00
V.Z82,U2,2022,8760,0,0.00
V.Z82,U2,2023,8759,0,0.00
V.Z82,U3,2017,1,0,0.00
V.Z82,U3,2018,8760,0,0.00
V.Z82,U3,2019,8760,0,0.00
V.Z82,U3,2020,8784,0,0.00
V.Z82,U3,2021,8760,0,0.00
V.Z82,U3,2022,8760,0,0.00
V.Z82,U3,2023,8759,0,0.00
V.Z82,W,2018,8760,0,0.00
V.Z82,W,2019,8760,0,0.00
V.Z82,W,2020,8784,0,0.00
V.Z82,W,2021,8760,0,0.00
V.Z82,W,2022,8760,0,0.00
V.Z82,W,2023,8759,0,0.00
V.Z82,W1,2018,8760,0,0.00
V.Z82,W1,2019,8760,0,0.00
V.Z82,W1,2020,8784,0,0.00
V.Z82,W1,2021,8760,0,0.00
V.Z82,W1,2022,8760,0,0.00
V.Z82,W1,2023,8759,0,0.00
V.Z82,W2,2018,8760,0,0.00
V.Z82,W2,2019,8760,0,0.00
V.Z82,W2,2020,8784,0,0.00
V.Z82,W2,2021,8760,0,0.00
V.Z82,W2,2022,8760,0,0.00
V.Z82,W2,2023,8759,0,0.00
V.Z82,W3,2018,8760,0,0.00
V.Z82,W3,2019,8760,0,0.00
V.Z82,W3,2020,8784,0,0.00
V.Z82,W3,2021,8760,0,0.00
V.Z82,W3,2022,8760,0,0.00
V.Z82,W3,2023,8759,0,0.00
V.Z82,W_in,2018,8365,0,0.00
V.Z82,W_in,2019,8760,0,0.00
V.Z82,W_in,2020,8784,0,0.00
V.Z82,W_in,2021,8760,0,0.00
V.Z82,W_in,2022,8760,0,0.00
V.Z82,W_in,2023,8751,0,0.00
V.Z82,W_out,2018,8760,0,0.00
V.Z82,W_out,2019,8760,0,0.00
V.Z82,W_out,2020,8784,0,0.00
V.Z82,W_out,2021,8760,0,0.00
V.Z82,W_out,2022,8760,0,0.00
V.Z82,W_out,2023,8759,0,0.00
V.Z82,f,2017,1,0,0.00
V.Z82,f,2018,8760,0,0.00
V.Z82,f,2019,8760,0,0.00
V.Z82,f,2020,8784,0,0.00
V.Z82,f,2021,8760,0,0.00
V.Z82,f,2022,8760,0,0.00
V.Z82,f,2023,8759,0,0.00
V.Z84,I1,2019,4466,0,0.00
V.Z84,I1,2020,8784,0,0.00
V.Z84,I1,2021,8760,0,0.00
V.Z84,I1,2022,8760,0,0.00
V.Z84,I1,2023,8759,0,0.00
V.Z84,I2,2019,4466,0,0.00
V.Z84,I2,2020,8784,0,0.00
V.Z84,I2,2021,8760,0,0.00
V.Z84,I2,2022,8760,0,0.00
V.Z84,I2,2023,8759,0,0.00
V.Z84,I3,2019,4466,0,0.00
V.Z84,I3,2020,8784,0,0.00
V.Z84,I3,2021,8760,0,0.00
V.Z84,I3,2022,8760,0,0.00
V.Z84,I3,2023,8759,0,0.00
V.Z84,P,2019,4466,0,0.00
V.Z84,P,2020,8784,0,0.00
V.Z84,P,2021,8760,0,0.00
V.Z84,P,2022,8760,0,0.00
V.Z84,P,2023,8759,0,0.00
V.Z84,P1,2019,4466,0,0.00
V.Z84,P1,2020,8784,0,0.00
V.Z84,P1,2021,8760,0,0.00
V.Z84,P1,2022,8760,0,0.00
V.Z84,P1,2023,8759,0,0.00
V.Z84,P2,2019,4466,0,0.00
V.Z84,P2,2020,8784,0,0.00
V.Z84,P2,2021,8760,0,0.00
V.Z84,P2,2022,8760,0,0.00
V.Z84,P2,2023,8759,0,0.00
V.Z84,P3,2019,4466,0,0.00
V.Z84,P3,2020,8784,0,0.00
V.Z84,P3,2021,8760,0,0.00
V.Z84,P3,2022,8760,0,0.00
V.Z84,P3,2023,8759,0,0.00
V.Z84,PF1,2019,4466,0,0.00
V.Z84,PF1,2020,8784,0,0.00
V.Z84,PF1,2021,8760,0,0.00
V.Z84,PF1,2022,8760,0,0.00
V.Z84,PF1,2023,8759,0,0.00
V.Z84,PF2,2019,4466,0,0.00
V.Z84,PF2,2020,8784,0,0.00
V.Z84,PF2,2021,8760,0,0.00
V.Z84,PF2,2022,8760,0,0.00
V.Z84,PF2,2023,8759,0,0.00
V.Z84,PF3,2019,4466,0,0.00
V.Z84,PF3,2020,8784,0,0.00
V.Z84,PF3,2021,8760,0,0.00
V.Z84,PF3,2022,8760,0,0.00
V.Z84,PF3,2023,8759,0,0.00
V.Z84,U1,2019,4466,0,0.00
V.Z84,U1,2020,8784,0,0.00
V.Z84,U1,2021,8760,0,0.00
V.Z84,U1,2022,8760,0,0.00
V.Z84,U1,2023,8759,0,0.00
V.Z84,U2,2019,4466,0,0.00
V.Z84,U2,2020,8784,0,0.00
V.Z84,U2,2021,8760,0,0.00
V.Z84,U2,2022,8760,0,0.00
V.Z84,U2,2023,8759,0,0.00
V.Z84,U3,2019,4466,0,0.00
V.Z84,U3,2020,8784,0,0.00
V.Z84,U3,2021,8760,0,0.00
V.Z84,U3,2022,8760,0,0.00
V.Z84,U3,2023,8759,0,0.00
V.Z84,W,2019,4465,0,0.00
V.Z84,W,2020,8784,0,0.00
V.Z84,W,2021,8760,0,0.00
V.Z84,W,2022,8760,0,0.00
V.Z84,W,2023,8759,0,0.00
V.Z84,W_in,2019,4465,0,0.00
V.Z84,W_in,2020,8784,0,0.00
V.Z84,W_in,2021,8760,0,0.00
V.Z84,W_in,2022,8760,0,0.00
V.Z84,W_in,2023,8759,0,0.00
V.Z84,W_out,2019,4465,0,0.00
V.Z84,W_out,2020,8784,0,0.00
V.Z84,W_out,2021,8760,0,0.00
V.Z84,W_out,2022,8760,0,0.00
V.Z84,W_out,2023,8759,0,0.00
V.ZE84,I1,2022,921,0,0.00
V.ZE84,I1,2023,8759,0,0.00
V.ZE84,I2,2022,921,0,0.00
V.ZE84,I2,2023,8759,0,0.00
V.ZE84,I3,2022,921,0,0.00
V.ZE84,I3,2023,8517,0,0.00
V.ZE84,P,2022,921,0,0.00
V.ZE84,P,2023,8759,0,0.00
V.ZE84,P1,2022,921,0,0.00
V.ZE84,P1,2023,8759,0,0.00
V.ZE84,P2,2022,921,0,0.00
V.ZE84,P2,2023,8759,0,0.00
V.ZE84,P3,2022,921,0,0.00
V.ZE84,P3,2023,8759,0,0.00
V.ZE84,PF,2022,921,0,0.00
V.ZE84,PF,2023,8759,0,0.00
V.ZE84,PF1,2022,921,0,0.00
V.ZE84,PF1,2023,8759,0,0.00
V.ZE84,PF2,2022,921,0,0.00
V.ZE84,PF2,2023,8759,0,0.00
V.ZE84,PF3,2022,921,0,0.00
V.ZE84,PF3,2023,8517,0,0.00
V.ZE84,U1,2022,921,0,0.00
V.ZE84,U1,2023,8759,0,0.00
V.ZE84,U2,2022,921,0,0.00
V.ZE84,U2,2023,8759,0,0.00
V.ZE84,U3,2022,921,0,0.00
V.ZE84,U3,2023,8759,0,0.00
V.ZE84,W,2022,920,0,0.00
V.ZE84,W,2023,8758,0,0.00
V.ZE84,W1,2022,920,0,0.00
V.ZE84,W1,2023,8758,0,0.00
V.ZE84,W2,2022,920,0,0.00
V.ZE84,W2,2023,8756,0,0.00
V.ZE84,W3,2022,920,0,0.00
V.ZE84,W3,2023,8517,0,0.00
V.ZE84,W_in,2022,920,0,0.00
V.ZE84,W_in,2023,8752,0,0.00
V.ZE84,W_out,2022,920,0,0.00
V.ZE84,W_out,2023,8759,0,0.00
V.ZE84,f,2022,921,0,0.00
V.ZE84,f,2023,8759,0,0.00
WeatherStation.Weather,Ah,2017,25,0,0.00
WeatherStation.Weather,Ah,2018,8760,623,7.11
WeatherStation.Weather,Ah,2019,8760,77,0.88
WeatherStation.Weather,Ah,2020,8784,181,2.06
WeatherStation.Weather,Ah,2021,8760,222,2.53
WeatherStation.Weather,Ah,2022,8760,131,1.50
WeatherStation.Weather,Ah,2023,8759,0,0.00
WeatherStation.Weather,Dc,2017,25,0,0.00
WeatherStation.Weather,Dc,2018,8760,623,7.11
WeatherStation.Weather,Dc,2019,8760,77,0.88
WeatherStation.Weather,Dc,2020,8784,181,2.06
WeatherStation.Weather,Dc,2021,8760,222,2.53
WeatherStation.Weather,Dc,2022,8760,131,1.50
WeatherStation.Weather,Dc,2023,8759,0,0.00
WeatherStation.Weather,Dp,2017,25,0,0.00
WeatherStation.Weather,Dp,2018,8760,623,7.11
WeatherStation.Weather,Dp,2019,8760,77,0.88
WeatherStation.Weather,Dp,2020,8784,181,2.06
WeatherStation.Weather,Dp,2021,8760,222,2.53
WeatherStation.Weather,Dp,2022,8760,131,1.50
WeatherStation.Weather,Dp,2023,8759,0,0.00
WeatherStation.Weather,H,2017,25,0,0.00
WeatherStation.Weather,H,2018,8760,623,7.11
WeatherStation.Weather,H,2019,8760,77,0.88
WeatherStation.Weather,H,2020,8784,181,2.06
WeatherStation.Weather,H,2021,8760,222,2.53
WeatherStation.Weather,H,2022,8760,131,1.50
WeatherStation.Weather,H,2023,8759,0,0.00
WeatherStation.Weather,Igc,2017,25,0,0.00
WeatherStation.Weather,Igc,2018,8760,623,7.11
WeatherStation.Weather,Igc,2019,8760,77,0.88
WeatherStation.Weather,Igc,2020,8784,181,2.06
WeatherStation.Weather,Igc,2021,8760,222,2.53
WeatherStation.Weather,Igc,2022,8760,131,1.50
WeatherStation.Weather,Igc,2023,8759,0,0.00
WeatherStation.Weather,Igm,2017,25,0,0.00
WeatherStation.Weather,Igm,2018,8760,623,7.11
WeatherStation.Weather,Igm,2019,8760,77,0.88
WeatherStation.Weather,Igm,2020,8784,181,2.06
WeatherStation.Weather,Igm,2021,8760,222,2.53
WeatherStation.Weather,Igm,2022,8760,131,1.50
WeatherStation.Weather,Igm,2023,8759,0,0.00
WeatherStation.Weather,Sc,2017,25,0,0.00
WeatherStation.Weather,Sc,2018,8760,623,7.11
WeatherStation.Weather,Sc,2019,8760,77,0.88
WeatherStation.Weather,Sc,2020,8784,181,2.06
WeatherStation.Weather,Sc,2021,8760,222,2.53
WeatherStation.Weather,Sc,2022,8760,131,1.50
WeatherStation.Weather,Sc,2023,8759,0,0.00
WeatherStation.Weather,Ta,2017,25,0,0.00
WeatherStation.Weather,Ta,2018,8760,623,7.11
WeatherStation.Weather,Ta,2019,8760,77,0.88
WeatherStation.Weather,Ta,2020,8784,181,2.06
WeatherStation.Weather,Ta,2021,8760,222,2.53
WeatherStation.Weather,Ta,2022,8760,131,1.50
WeatherStation.Weather,Ta,2023,8759,0,0.00
WeatherStation.Weather,Ua,2017,25,0,0.00
WeatherStation.Weather,Ua,2018,8760,623,7.11
WeatherStation.Weather,Ua,2019,8760,77,0.88
WeatherStation.Weather,Ua,2020,8784,181,2.06
WeatherStation.Weather,Ua,2021,8760,222,2.53
WeatherStation.Weather,Ua,2022,8760,131,1.50
WeatherStation.Weather,Ua,2023,8759,0,0.00
WeatherStation.Weather,rho,2017,25,0,0.00
WeatherStation.Weather,rho,2018,8760,623,7.11
WeatherStation.Weather,rho,2019,8760,77,0.88
WeatherStation.Weather,rho,2020,8784,181,2.06
WeatherStation.Weather,rho,2021,8760,222,2.53
WeatherStation.Weather,rho,2022,8760,131,1.50
WeatherStation.Weather,rho,2023,8759,0,0.00
