meter_urn,measurement,count,mean,std,min,max,zero_ratio
H3.Z49,PF2,30697,0.2578529380823965,0.162346778415271,0.117,0.8756166666666666,0.0
H2.Z69,PF3,52584,0.5425430010656539,0.039296553738687214,0.4545333333333333,0.7696416666666667,0.0
H3.ZE41,P2,15686,1606.9566109060663,856.5025548920531,641.0144524417708,5257.424301570707,0.0
H1.Z310,PF3,30817,-0.49489390443871756,0.47834414620225635,-1.0000000019690696,-0.001159707393502,0.0
H2.Z65,U2,52584,231.27095929333322,1.6550934707717835,224.11916666666667,237.58083333333332,0.0
H2.Z361,P3,28861,19696.02607453839,12614.685868393222,-41682.97371681788,48448.637910062615,0.0
H2.Z67,U3,52584,232.31833527605167,1.5812768238455228,226.04529846418936,237.6875,0.0
H2.ZE67,P2,15585,565.1296141757433,837.9159096427356,-0.7343946302722378,4636.805329173467,0.00012832852101379532
H1.Z25,PF,52584,0.9642322917336063,0.045574687240207815,-0.1902521811060089,1.0,0.0
H3.Z40,W_out,49886,158.6130265004239,78.41600766089525,0.0,197.38,0.1964078098063585
H1.Z19,f,52584,50.04056932388776,0.01514821000572283,49.46060658914728,50.12075,0.0
H2.Z67,PF1,52584,0.8039444855681281,0.1057185554166647,0.0,0.8979416666666666,0.013673360718089153
H3.ZE44,P,15686,3679.0763015199886,4337.283682692341,-36.35108697934829,21787.69744579399,0.0
H3.ZE43,W,15685,28311.472709057736,17436.99121420348,10.019184500558216,63206.16760856787,0.0
H3.ZE41,U3,15686,231.9388901033151,1.557920116755389,225.59265935190908,237.31538125043772,0.0
H1.Z16,P3,52523,215.64524952931814,981.3417599684673,0.0,12599.147666666666,0.919235382594292
H3.Z42,U3,51840,231.92617393851418,1.6389650762555554,225.4275,237.51916666666665,0.0
H4.Z50,I1,47991,7.036147208409199,10.078908397897694,0.5871111111111111,72.5685,0.0
H1.Z13,U1,52584,229.849822252279,1.6787299065361168,222.37166666666664,235.96189919565543,0.0
H3.Z71,PF3,52584,0.933669378203482,0.020175582013180468,0.5668666666666666,0.9767333333333332,0.0
H1.Z25,PF3,52584,-0.025988746197477874,0.5477504780645912,-0.8946833333333333,0.9988916666666668,0.1362201430092804
H1.Z29,W_out,52583,1793921.1802839665,897142.4640971546,227754.9408,3385109.546167286,0.0
H1.Z23,P1,52584,957.2769693918027,2791.6780630052594,-2.684,40479.564,0.17488209341244484
H1.Z10,I1,52584,6.015760620603142,3.8171013046517848,0.098,45.43983333333333,0.0
H2.ZE64,W,15584,83464.33129465602,46725.66769314256,3371.3269411764704,180986.83952092112,0.0
H1.W12,qv,52584,8.140529649318767,8.100228053663779,0.0,17.89791666666667,0.47807317815305034
H3.Z46,WQ_out,52584,66895.82782563855,30006.38854731177,9933.51,113705.35330875,0.0
H3.Z43,I2,51840,8.822885444647094,5.060078084838056,0.0069166666666666,24.067781846978026,0.0
H1.Z23,P,52584,2481.004283239344,8717.516337738436,-0.38125,122604.8306065493,0.17298037425832952
H1.Z24,P3,52584,1182.148235363673,2063.587879361753,-65.31616666666667,19160.457166666667,0.13393808002434202
H1.Z13,PF2,52584,0.7065381057987449,0.07261585107834397,0.4160333333333333,0.9071166666666668,0.0
H2.Z35,W,52585,1896509.6023938034,618797.6862035703,306935.11,2322042.64,0.0
H2.Z351,I1,28861,102.27022824866249,31.34752118893637,11.833633196859676,218.16742279873716,0.0
H2.Z62,I1,52584,3.4254122385075654,5.591632852176086,0.0,25.675416666666667,0.0012361174501749582
H1.ZE20,PF,9519,-0.09649233381495706,0.7068838865213256,-1.000325469021059,1.0108751285873891,0.0
H2.ZE65,P3,15056,3684.161899558492,1731.8438872344877,-5028.96016662724,7758.414273862803,0.0
H3.Z71,P,52584,7919.243590309688,874.2908016450797,11.695734974050572,17497.25927414885,0.0
H3.Z71,W_out,52554,0.0,0.0,0.0,0.0,1.0
H3.Z43,U3,51840,232.10268328829582,1.6473765325064826,225.59666666666664,237.72916666666663,0.0
H2.ZE67,f,15585,50.000067863112925,0.009516017669599464,49.94868676281321,50.06661833860609,0.0
H1.Z22,I2,52584,1.0362391391057633,2.1724157847193166,-1.1564823173178714e-19,57.20018314628818,0.042807698159135855
H3.Z43,PF2,51840,0.7044732558252561,0.0253200369740832,-0.1974666666666666,0.765825,0.0
H2.T.Z33,WQ_out,51840,34838.189830926254,20005.240811967138,4321.7,68714.17823733184,0.0
H3.Z312,W_in,30817,14.211362793078365,3.3294007884749344,0.10648065054417,16.697422511164763,0.0
H2.Z69,WQ_out,45064,0.0,0.0,0.0,0.0,1.0
H1.Z20,I3,52584,-91.34453693940719,105.45221423424482,-276.20966666666664,0.0,0.00030427506465845124
H1.Z26,PF2,52584,0.04187853406639984,0.08733827158186681,-0.175685412572247,0.9201535820508742,0.012037882245549978
H2.Z64,I1,52584,25.57755308700124,7.77809990449477,0.0,51.7915,0.0012361174501749582
H1.Z22,P,52584,390.1756569324131,830.5497712564547,-197.7075,17548.130050577678,0.02131827171763274
H2.T.Z30,WQ,52529,-76825.40309460816,52072.82648189412,-172618.85121487675,-5452.37,0.0
H3.Z49,I2,30697,1.1700259049277109,1.5869840564382613,0.5166666666666667,10.709333333333332,0.0
H2.Z70,WQ_in,52583,114359.1050163727,59666.22717918142,11009.92,219733.7698493108,0.0
H2.T.Z33,U2,51840,231.3967989831491,1.775272825164416,224.81833333333333,239.10583333333332,0.0
H2.T.Z32,I2,52584,13.314498322296608,8.250717888260489,1.5450000000000002,41.43901384530105,0.0
H1.Z20,P3,52584,-20490.43870131751,23856.413847735363,-60798.77590860216,6873.652,0.00030427506465845124
H1.Z17,U2,52584,229.63112149227604,1.6826135037816476,222.2645851975793,236.25503388345408,0.0
H1.Z25,W,52062,98567.86952109242,54258.710303367545,12826.589882623324,186263.2470046946,0.0
H1.Z23,I1,52584,5.026068564035887,15.390390580257712,0.0,193.30683333333332,0.174901110603986
V.Z81,U1,52584,229.804760136178,1.6008214717226572,222.95764625549285,235.3305081839497,0.0
H2.Z62,I3,52584,3.925682039527753,7.201703079940822,0.0,30.6145,0.0012361174501749582
H2.ZE67,PF,15585,0.46771083697450316,0.2120315863535781,0.37749767889779,8.452129171854029,0.0
H1.W11,W,52583,7650016.798323705,3900543.449081471,960200.0,13934700.0,0.0
H3.ZE43,I3,15686,8.333784053748305,5.595612221019255,0.0,64.255264282227,0.1474563304857835
H1.Z14,WQ_out,52062,0.09275325573354638,0.0539762819250453,0.0,0.14,0.23001421382198148
H2.Z70,U2,52584,231.38547211729067,1.6552937499329958,225.08,237.675,0.0
H1.Z24,P2,52584,1237.1059551322678,2102.9747611792086,34.12876628738528,19733.5915,0.0
H3.Z312,W,30810,-300511.08002628776,167885.8622718789,-586741.5347990077,-1487.6280312499998,0.0
H2.ZE67,I1,15585,3.134806804851732,4.472353476917519,0.0265632384241091,23.63611873969229,0.0
H2.Z351,W3,28860,285552.61293577915,157982.23437016568,-1740.4857333333332,570773.4991869953,0.0
H3.Z42,W_in,51840,294497.2766324242,175448.1696482119,18498.35,628305.6952013795,0.0
H1.Z16,P2,52584,417.86174974348774,967.7942476664932,38.36683333333334,12827.803000000002,0.0
H3.Z47,W_out,25575,0.0,0.0,0.0,0.0,1.0
H2.ZE64,W1,15584,27365.130301305202,15272.589564699934,1123.8607972117295,59316.25526699084,0.0
H1.Z20,I1,52584,-101.68151581109642,116.64198176547879,-300.7188333333333,0.0,0.00030427506465845124
H2.T.Z31,P2,52584,2508.8310155550507,2483.8838518850475,0.0,7357.089166666667,0.00022820629849383843
H2.Z62,WQ_out,45064,2472.282509541915,870.9372105811117,0.0,2779.09,0.11039854429256168
H1.Z10,U2,52584,229.71069509703537,1.7036253401686003,221.87583333333333,236.70529897958795,0.0
H2.Z65,WQ_in,52448,0.0,0.0,0.0,0.0,1.0
H3.Z46,P2,52584,1931.5112813915714,550.2932842613054,-1.194,3979.050166666667,0.00022820629849383843
H4.ZE50,U3,15588,231.86021591438993,1.560520867228991,225.23984750519836,237.1596223949176,0.0
H1.Z18,U2,52584,229.7267880053149,1.7012083689396886,221.9508333333333,236.7495379319884,0.0
H3.ZE41,I1,15686,9.32495690499027,4.361153468298732,4.259403704449055,33.89871308991006,0.0
H3.Z44,f,51840,50.06655866087054,0.01491728436378308,49.23516666666667,50.13275,0.0
H1.Z11,W_out,52062,0.34665402385615923,0.3027439227571114,0.0,0.64002375,0.23001421382198148
H1.Z22,U2,52584,229.6977689539958,1.7050860458194457,221.9125,236.7104329419749,0.0
H2.Z67,P3,52547,1359.148429058972,1658.8335502629918,-0.8855833333333333,6604.461166666666,0.5435895484042856
H1.Z18,PF2,52584,0.9190504138343796,0.02057187040333985,0.8487800546448088,0.9966694444444444,0.0
H2.T.Z32,W,45064,152688.2536001143,67548.77566374271,42875.322537537846,279852.354131545,0.0
H2.Z36,I3,23581,127.27260659179986,37.87442807162539,12.591833333333334,260.3910989863904,0.0
V.Z81,U2,52584,229.57372802719215,1.6131507819665696,222.75426673889163,235.8240688029041,0.0
H2.Z61,f,52584,50.086041568754474,1.7662824533406631,0.0,50.232,0.0012361174501749582
H1.Z10,P2,52584,1849.1015555753377,729.3656738794255,-1683.8198333333337,8661.988166666666,0.0
H1.Z17,f,52584,50.00033101385399,0.008809731869722164,49.94960012902906,50.067156026628254,0.0
H2.T.Z33,WQ_in,51839,238720.5782188953,109718.14505133583,26617.35,411767.5865997687,0.0
H2.Z35,U2,23581,231.585306315762,1.627996057917352,225.54140120165,235.77083333333331,0.0
V.ZE84,P,9680,-8310.88521152852,14533.830684806166,-61858.0559765625,1.0515265740288584,0.0
H4.ZE50,P,15588,2882.742571584811,3846.6088960280945,551.7295952962853,26045.89971843614,0.0
H1.Z24,P,52584,3446.7011097072423,5912.983755549879,3.8444517684087463,57372.90216666667,0.0
H3.Z41,PF3,51840,0.9471276437919806,0.024483171513999584,0.0,0.999175,1.9290123456790123e-05
H1.Z19,PF,52584,0.41372414720385836,0.31685342269051353,-0.9584583333333332,0.974275,0.03107409097824433
H3.ZE40,I1,15686,12.162061128918005,3.0234411857146064,2.8104449088821606,26.854106174951145,0.0
H2.Z361,PF1,28861,0.7939741661033172,0.48401659449923357,-0.9992515544924464,0.9994997653786238,0.0
H2.Z64,WQ_in,45064,0.0,0.0,0.0,0.0,1.0
H1.Z21,PF,52584,0.8636255698824551,0.3444962095568394,-0.996325,1.0,0.017800091282519397
H3.Z71,I3,52584,11.414153141398732,1.897238646701391,2.1554166666666665,22.05304016077905,0.0
H4.Z50,PF1,47991,0.8620068450255048,0.05667551795045693,0.4986916666666666,0.9993324352634404,0.0
H2.ZE65,P,15056,11153.368970612193,3353.039663550757,2301.562961227504,22821.97802445412,0.0
H4.ZE51,W,15587,41297.38496816101,23250.41214683229,1485.7152205882353,82025.86209862505,0.0
H3.ZE41,I2,15686,7.988576651702654,3.7368677831967867,4.59413343365851,23.798661794563664,0.0
WeatherStation.Weather,Igm,52608,133.58896651044597,214.9956998890881,0.0,990.3561360812724,0.32856219586374696
H2.Z65,P,52584,17322.668511455457,5897.390471615071,11.27744130977875,36994.8655,0.0
H2.Z70,PF,52584,0.6432349373548936,0.22119015741516043,0.3752083333333333,1.0,0.0
H1.ZE20,W_in,9510,2406.0441425080526,983.6242406536534,861.8281915322581,4009.396749999999,0.0
H2.ZE67,PF2,15585,0.10852399902027898,0.14287435171789972,-0.051283344626427,0.756515016427482,0.0
H3.Z47,f,30697,50.06849094698876,0.020729540878792776,48.38708333333333,50.14358333333333,0.0
H1.Z10,W,52585,129207.32807509885,68635.8904202663,9648.423333333334,244456.4876780295,0.0
H3.Z46,U1,52584,231.30406818459608,1.7262923729642712,224.50411350339536,238.62,0.0
H2.K21,Trl,52526,15.687713631342602,5.61609283865643,5.0,30.0,0.0
H2.Z68,W_out,45064,0.0,0.0,0.0,0.0,1.0
H4.ZE51,I2,15588,10.257414898425917,2.2907145338056796,5.460005581180446,25.72955924938744,0.0
H3.Z46,I2,52584,9.255961972262584,2.355315034421569,0.0,17.72825,0.00022820629849383843
H2.T.Z34,WQ_in,52583,194363.1394852024,81538.88645196744,30997.2,304888.8697088289,0.0
H3.Z42,I2,51840,20.7597821334236,17.420401535473673,0.0,49.95666666666667,0.0011959876543209877
H1.Z29,U2,52584,229.7063392747179,1.683154931216614,222.378238669502,236.316376592048,0.0
H4.Z50,W_in,47991,116288.11387144885,53124.279796479525,15748.74,205182.06493783332,0.0
H2.Z361,PF,28861,0.7879536709084772,0.4793053918449438,-0.9980608157456552,0.996755652545382,0.0
H3.ZE43,f,15686,50.00007186078482,0.009489643885912431,49.94868382987446,50.06658608671217,0.0
H1.Z13,I3,52584,25.484757124017797,9.355360393113218,0.0,76.30352732240436,0.00039936102236421724
H2.Z64,U1,52584,231.6311080636019,8.32389874544521,0.0,237.46916666666667,0.0012361174501749582
V.Z81,PF1,52584,0.09521098230899581,0.4983974523397814,-0.9652282802638318,0.9998094721033238,0.0
H1.Z13,P2,52584,4096.87242269117,1655.3544095461673,43.570166666666665,13247.399800546447,0.0
H2.Z67,W,52585,124684.74502179629,59707.10356499827,9911.01,205074.63235230453,0.0
H2.T.Z32,WQ,52515,162918.20580207516,95584.39770774618,13289.29,352784.48861077,0.0
H2.ZE67,W2,15584,5463.41872503588,2262.2280480266795,273.9836424129176,9079.66328215291,0.0
H2.Z64,f,52584,50.03824468974119,1.764529456166092,0.0,50.180416666666666,0.0012361174501749582
H3.Z47,U2,30697,231.50524319516254,1.744699814176514,224.86,239.03416666666664,0.0
H1.Z15,W_in,52575,1608407.3522412234,640162.2327079485,412229.92,2639211.5840000003,0.0
H1.Z22,f,52584,50.05743407824654,0.01663000412870109,49.47549031007752,50.13975,0.0
H2.T.Z32,Q,52584,6468.48051002033,5150.0617700870425,-634.9288333333334,19291.0795,0.0
H3.Z49,P2,30697,144.92215063789482,307.44156323968264,14.22,2101.9676666666664,0.0
H1.Z15,U2,52584,229.63290722126567,1.6808793790692793,222.29588326772057,236.25156069932552,0.0
V.Z81,P3,52584,2421.5721782531577,14879.477644401846,-52619.90246878949,79711.57867265606,0.0
H2.Z64,PF3,52584,0.9297858505330077,0.060768503351676696,0.0,0.9888333333333332,0.0012361174501749582
H3.Z47,P1,30697,1536.3896826808189,939.64114612483,355.67150000000004,7054.733833333333,0.0
H1.Z16,f,52584,50.06947435629256,0.020331310966051345,49.98591666666667,50.14675,0.0
H3.Z71,WQ_out,52584,79145.0274165704,39537.44191490225,10279.21,144507.13377308333,0.0
H1.Z13,PF,52584,0.7023308682751266,0.07451496693899781,0.3272,0.9367,0.0
H2.Z66,U2,52584,231.43153880581298,1.65541988174855,225.1975,237.74416666666667,0.0
H1.Z27,PF3,52584,0.6722721151868318,0.24030496461600287,0.0,0.9997385025686684,0.0368553172067549
H3.Z48,WQ_in,30697,19778.842977275348,5864.945049612129,10231.97,29522.41764017789,0.0
H3.Z42,WQ_out,51839,2282.930831513811,1835.7503768990716,113.0475,5152.876439317715,0.0
V.K21,W,52523,1231156.5323213872,663874.9947979508,75400.0,2345533.4562972225,0.0
H2.T.Z32,f,52584,50.09371575307685,0.035765508778677145,49.34911274509804,50.19241666666667,0.0
V.Z84,P,39529,-14557.550092795676,23910.43723791481,-113631.95871459694,11.236010508115772,0.0
H1.K11,Trl,52544,10.090475915281097,4.026371827836564,-1.5916666666666666,36.0,0.0
H2.T.Z31,W,45064,245553.349632289,100356.17625589145,75841.52030882667,424457.3326000136,0.0
H3.Z47,PF3,30697,0.7900318739929544,0.08720208026998372,0.4427333333333333,0.97295,0.0
H1.Z14,I2,52584,23.851547563969984,8.36122662479994,0.3199976563856171,71.29379918032787,0.0
H1.K12,V,52525,226618437.94979715,105725003.81067541,46052500.0,363378600.0,0.0
H3.Z41,WQ,52585,-59354.328189782005,30832.997300957642,-108921.71792549816,-2426.05,0.0
H2.Z64,P,52584,16604.807500043215,6028.248232431672,0.0,36069.463,0.011334246158527309
H2.Z351,W_in,28860,922675.9884863322,510481.7357714248,1285.1823625,1822361.6455609857,0.0
H4.Z51,PF,47991,0.7652230425705954,0.07365215109641403,0.3402333333333333,0.9586,0.0
V.Z82,U2,52584,229.6139845000335,1.5868593351796416,222.81609011697063,235.83895882816392,0.0
H1.Z15,W3,52583,399579.27341822576,135364.24357936913,112405.01820578652,599125.5110986013,0.0
H2.Z36,U2,23581,231.60462647021504,1.6302932074778427,225.5720133314113,235.8375,0.0
H1.Z10,U3,52584,230.30630709421445,1.7432735440917826,222.54166666666663,236.58419709515587,0.0
H2.ZE67,W3,15582,5585.279285706387,2316.6650917919033,281.5068622796935,9300.590922169476,0.0
H1.Z15,U1,52584,229.90044992191412,1.6565846338439527,222.69164391835528,235.6201502307348,0.0
H2.Z311,f,30841,49.99976785666567,0.00884714968375374,49.94830810411943,50.06629572076843,0.0
WeatherStation.Weather,Ua,52608,72.79845174042846,19.143324023146796,15.130492441389258,100.0,0.0
H3.Z47,I2,30697,6.325732735137189,3.8956266679444624,3.0356666666666663,25.32333333333333,0.0
V.Z84,U2,39529,229.67197070539012,1.5684131696600834,223.41164173150744,235.69894554096024,0.0
H1.K16,W,44676,109125.99997358341,63127.99936165802,590.0,215120.0,0.0
H1.Z22,U1,52584,229.8953083417987,1.6830039787405597,222.4175,236.02460042842745,0.0
H1.Z24,W_in,52583,101339.60731184603,56873.31790745487,12133.325,193498.06699401196,0.0
H3.Z46,PF,52584,0.9167053888597838,0.018607682928171818,0.3112166666666666,0.9931083350576588,0.0
H4.ZE51,W3,15587,12549.287279591459,6663.33948572471,461.0831222426471,23935.245520895263,0.0
H3.ZE41,PF1,15686,0.8495911473417967,0.19250684048985808,-0.3566326302202431,0.9998203189156992,0.0
H2.T.Z30,P2,52584,5569.790395648507,3750.138254910962,945.2606666666668,24532.753555745105,0.0
H2.Z62,WQ,52585,7537.007914734581,5045.278352202988,141.38,20714.29203678309,0.0
V.Z81,PF,52584,0.09607204865221397,0.4762446791770627,-0.9466502648825796,0.9970488094786804,0.0
H1.Z25,Q,52584,2130.9051138427662,3464.2346940067214,-74.60116666666666,28856.688660341075,0.0
H1.Z21,U2,52584,229.5920495035247,1.699290675036672,221.83916666666667,236.4935619082176,0.0
H1.Z21,PF1,52584,0.7405010598907886,0.22649615648267943,-0.6240166666666667,0.9960083333333334,0.019036208732694355
H1.Z18,P1,52584,403.78190125164525,471.5510560084062,0.0,4524.653666666666,0.03763502205994219
H2.K21,P,52526,8321.079216425038,16910.533926224198,0.0,127931.74726775957,0.589917374252751
H1.Z29,PF3,52584,0.09262290475216123,0.8609729938612776,-0.9991535459245958,0.9999818782787993,0.02962878442111669
H1.K14,Trl,52578,13.754358392621137,5.233995941136754,-1.475,34.0,1.9019361710221005e-05
H2.ZE67,U3,15585,232.10087460312826,1.5381648412978486,225.76206970891607,237.14905825914963,0.0
H3.Z46,W,52585,179165.5472150418,88254.43870116498,25596.49,327994.3929612499,0.0
H1.W12,Tvl,52584,58.96409033471488,23.66011394323062,5.0,87.0,0.0
H2.Z68,U1,52584,231.95346299994463,1.6165139198413303,224.8080555555556,237.52666666666667,0.0
H1.Z23,WQ_in,52584,65428.3605466957,25932.743800128825,14595.82,98924.83707235388,0.0
H3.Z71,PF,52584,0.9147377815444624,0.01386804379272596,0.525325,0.9951986111111112,0.0
H1.Z25,WQ_out,52583,-9.688487722472557,27.44366684944949,-76.37487724166674,48.598247424999926,0.0
H3.Z44,P,51840,2510.0306651601195,2813.4066825167884,-3.2743333333333333,21766.9945,0.0011381172839506173
H1.Z310,W_out,30804,167120.05948888147,96105.01572253654,642.9625916666666,328211.7427414476,0.0
H2.Z35,P,23581,85542.21180837153,30177.23233758667,-124923.92533333332,166860.42390878315,0.0
V.Z84,U3,39529,230.204549009419,1.5607124685866556,223.9111409064918,235.53385603568208,0.0
H2.K21,W,52516,255003.59036637412,119241.58811435076,17000.0,459600.0,0.0
H2.Z63,PF1,52584,0.7760332517946975,0.23177072979922453,-0.0051749999999999,0.928625,0.0012361174501749582
H3.Z45,I1,51839,4.596984535383069,10.314046843207135,0.0,105.46034406080447,5.78714867184938e-05
H2.T.Z31,PF1,52584,0.7879599621058304,0.13766975932331693,0.3161278504898145,1.0,0.0
H1.Z11,WQ_in,52583,145984.77856865423,76840.2301282547,9980.65,276371.79385836725,0.0
H2.ZE66,I3,15585,7.211150251839247,6.461820441314882,0.0,29.292491912842,0.331023419955085
H2.ZE64,W_out,11547,0.0181716321766137,0.004728833607851227,0.015560765266418,0.029499046325684,0.0
H3.Z47,WQ_in,30697,3.100000000000093,5.567004133289319e-14,3.1,3.1,0.0
H1.Z19,PF3,52584,0.5882135073340106,0.3595220998956843,-0.9588,0.9495333333333332,0.03111212536132664
H1.Z27,U1,52584,229.95419819396207,1.6610286421003426,222.77747274739875,235.65320688562784,0.0
H2.Z36,f,23581,50.09920976531597,0.03540730144536997,49.97133333333333,50.19808333333334,0.0
H1.K11,P,52526,7667.105674811127,11392.222711274926,-1.894780628693601e-15,440755.0,0.15104900430263107
H1.Z18,PF3,52584,0.8391473140401449,0.25774578000540377,-0.01805,0.966864480874317,0.0
H1.K11,qv,52526,7.728319078135117,3.166519639601453,0.0,18.200000000000003,0.11285839393824011
H4.Z51,W_in,47991,130602.7072622227,60245.20375252596,18710.44,228441.29890125,0.0
H3.Z312,P,30817,-18985.293031069334,31444.62242910289,-144831.37769965277,9.290359795888266,3.2449621961904146e-05
H2.T.Z30,W_in,52584,515717.68467160716,245488.5931635419,55224.87,929334.2391083614,0.0
V.ZE84,f,9680,50.00028809678249,0.01004729215200781,49.94999768881962,50.08166550080889,0.0
H3.Z46,f,52584,50.05403951173981,0.021802682897387533,49.97316666666666,50.14525,0.0
H3.ZE44,W1,15685,9019.972827944104,7466.429019260679,-444.30940107365,136897.89151225632,0.0
H3.ZE44,P2,15686,1182.6303838907613,1360.6863973787397,-0.041065586615616,7986.726051544156,0.0002550044625780951
H2.Z67,I3,52547,7.179270303938053,8.7354716375334,0.0,34.4685,0.5435895484042856
H3.Z44,U3,51840,231.83251565609442,1.6348417154904327,225.32166666666663,237.3733333333333,0.0
H2.Z68,WQ_out,45064,0.0,0.0,0.0,0.0,1.0
H2.Z67,P1,52584,1222.429666185776,1448.8723025165737,0.0,6128.648666666666,0.013673360718089153
H1.Z14,WQ,52585,342499.74552272505,170444.8441881128,36510.41,624415.4138735684,0.0
H3.ZE40,P3,15686,2411.623458179168,1087.9844783065034,-2931.608142195976,5958.492146424779,0.0
H2.ZE65,PF1,15056,0.8834390542196956,0.04445200797819638,0.3463765013799549,0.9747713097960716,0.0
H2.Z70,I3,52584,6.450725517010529,7.625162818908261,0.1815833333333333,28.17425,0.0
V.Z82,PF2,52584,0.2924004418098742,0.6991966147651927,-0.9871710470208314,0.999940287967523,1.9017191541153202e-05
H1.Z310,W,30809,-167071.9207814208,96121.57885484306,-328192.2751781112,-642.3230322916667,0.0
H1.Z17,W1,52583,805843.5961340643,346881.1677055433,188436.1984,1370783.7557684982,0.0
H3.Z48,I2,30697,1.7606490092687792,5.079893042234584,-5.782411586589357e-20,19.3645,0.690523503925465
H1.Z29,P3,52584,-15445.121204308423,25396.132170023593,-88301.91072682539,54828.929326867525,0.029172371824129014
V.Z82,I2,52584,71.6060911733867,48.481575645819525,-251.6072743481984,422.17735184161154,0.0
V.K21,Tdiff,52584,-1499.9988001451404,1298.932854592946,-9879.5,7454.416666666667,0.0
H2.T.Z34,I1,52584,122.853785567514,23.57671010763466,0.0,227.67216666666667,0.0012361174501749582
H4.ZE50,P3,15588,877.5155176238571,1132.7886535025054,156.14208373034882,9015.97681910826,0.0
H2.Z61,WQ_in,52584,290977.90437436564,150134.09573265043,28773.18,548389.1051589778,0.0
H3.Z40,W,52585,254178.29296049965,132575.12876788,28828.08,475900.5817756084,0.0
H1.Z24,U1,52584,229.76703013601858,1.674368585653237,207.87583333333333,235.84786538205103,0.0
H3.ZE40,U2,15686,231.3654297517096,1.6732677616864953,224.90488800438987,238.73681955702085,0.0
H2.Z68,U2,52584,231.52880163110595,1.6589023379969499,225.2425,237.85916666666665,0.0
H1.Z15,f,52584,50.00044132403775,0.008824608942989176,49.949767947726734,50.06725798288979,0.0
H1.Z27,PF1,52584,0.8853735392780717,0.11544486612860005,0.0,0.9991837861462912,0.0115814696485623
H3.ZE44,PF,15686,0.7341654698962404,0.12851146409362957,0.0080856552494907,0.858351825062453,0.0
H2.ZE65,P2,15056,3798.557857149316,1045.5904050423412,681.0172469139212,7616.9563242036065,0.0
H2.Z311,W3,30840,-178288.9105434048,96605.30841380924,-339109.92917090654,-458.3385126912433,0.0
H1.Z25,f,52584,50.05716134844617,0.027716686126402264,48.096732045720586,50.14108333333333,0.0
H4.ZE51,P1,15588,1827.4429088363681,699.8713060970873,184.1447665740681,6219.324412434887,0.0
H3.Z40,I1,51840,13.89916239260867,4.008343675905849,0.0,33.115,1.9290123456790123e-05
H1.Z13,I2,52584,25.07542663598375,8.885196545811612,0.2908333333333333,75.35552459016394,0.0
H2.Z61,PF3,52584,0.8162103550181047,0.031763036743156337,0.0,0.9291666666666668,0.0012361174501749582
H4.Z51,U3,47991,231.82863846421037,1.6238375617837792,225.42964626133667,236.44333333333333,0.0
H1.Z11,PF2,52584,0.776119701517308,0.09780674308858778,-0.42025,0.90175,0.003347025711242964
H3.Z42,WQ,51833,62370.5251728904,34572.97801612727,4983.46,128208.4207518902,0.0
H2.T.Z34,U2,52584,231.25354226695987,8.32054741623978,0.0,237.90166666666667,0.0012361174501749582
H1.Z22,W_out,52501,101.48315346358594,48.14211730472485,5.7,200.034593104782,0.0
H3.ZE41,PF2,15686,0.878689150315568,0.04039238326431769,0.8065515127229371,0.97249421000946,0.0
H1.Z19,P2,52584,1197.4008363959501,1748.9421404921598,-5746.708102150538,5893.9,0.1805492164917085
H1.Z14,P3,52584,3954.784801895752,1665.6571397581554,0.0,12630.3615,0.0006656017039403621
H2.Z68,PF2,52584,0.6374888689672471,0.07601938911342443,0.0,0.963375,0.0001711547238703788
H2.Z36,P3,23581,28177.827430856112,9680.071581307808,-39983.006,56179.60029614463,0.0
H1.K16,qv,44677,1.993062282026685,1.3314902805575808,0.0,3.873636083055276,0.01287015690399982
H2.Z361,I1,28861,100.71911259035382,30.737153639004827,11.65286001404557,210.5085649012859,0.0
H4.Z51,I3,47991,7.242206023542165,2.4676783205914714,2.1561666666666666,21.84876438231173,0.0
H1.Z29,U1,52584,229.98256289078017,1.6620312575772436,222.79452813042465,235.7056709451493,0.0
H1.ZE20,U3,9519,230.598298171804,1.6735550717337802,222.95672925233987,236.18125320097172,0.0
H3.Z46,I3,52584,8.045553878788409,2.692725268441368,0.4453333333333333,19.869833333333336,0.0
H2.T.Z34,W_in,52584,2833721.5892545115,1326648.9011659578,392450.97,5021610.443587731,0.0
H1.Z18,WQ_in,52583,9342.183444347962,4612.032086421961,1072.14,16089.453911993762,0.0
H2.ZE64,P1,15585,3734.8625387232864,1156.8594574729536,785.8062305750598,7615.043871823717,0.0
H2.Z311,P,30841,-31741.693630891925,52604.28797622735,-235951.63135974703,6.126409102268556,0.0
H2.Z70,W_in,52584,55299.71683945768,28177.2041770357,5252.04,104431.96255674948,0.0
H1.Z16,PF,52583,0.987090141971005,0.0309228536804869,0.1988,0.998,0.0
H2.Z62,U1,52584,231.70602173033436,8.32687192518026,0.0,237.4775,0.0012361174501749582
H2.Z35,PF2,23581,0.9508926085447221,0.2133090077534294,-0.9962833333333332,0.998136111111111,0.0
H2.ZE74,W3,15680,1832.8270472824127,1041.8029683451036,3.3484303598404166,3216.356390166666,0.0
H2.Z351,PF1,28861,0.7918959597413834,0.4864334572903915,-0.9991354603205528,0.9994973819015236,0.0
H3.Z48,W,52585,25497.87539093661,10421.178549467271,16542.329999999998,47434.928747465965,0.0
H1.Z310,W_in,30816,11.170718508708413,2.3502979161801445,0.1029016314253186,12.019290152745128,0.0
H2.Z311,U2,30841,231.64353410076265,1.6119463269269394,225.29639457624685,238.12831242452407,0.0
H2.Z351,I3,28861,101.5597743154203,31.163479090628613,13.247671719236832,214.9096811810718,0.0
H1.Z27,W3,52583,195071.6605319908,99587.85928175875,11894.852883333331,358433.9842826175,0.0
H3.ZE40,PF3,15686,0.8969360703810946,0.28079853356305695,-0.7934852004452907,0.99664589827478,0.0
H2.T.Z34,f,52584,50.040374869383086,1.7646278611225852,0.0,50.18708333333333,0.0012361174501749582
H3.Z46,P3,52584,1755.170191316568,568.9354819896608,35.10666860294144,4424.9385,0.0
H1.Z310,U1,30817,230.238234402223,1.5750844947528224,223.88166814288948,236.3807375639158,0.0
H4.ZE51,P2,15588,1834.1526882541011,620.7543277958339,182.5504147430317,5773.229216741175,0.0
H2.T.Z33,I2,51840,61.49998605355915,29.463318561591972,7.845333333333333,250.82969262235957,0.0
H1.Z21,P2,52584,172.12634176380683,303.3418896186464,-41.95016666666667,5959.772214166019,0.017838125665601706
H3.Z312,I1,30817,27.709417535386812,45.06190345901958,0.0,206.78144760131835,0.0016224810980952071
H2.Z35,PF1,23581,0.9492464203689515,0.2094704074177906,-0.9971666666666666,0.99785,0.0
H2.Z351,W,28860,857833.4180001342,472699.7067470696,-5054.147166666667,1696448.6372899844,0.0
H2.T.Z33,W,52585,1101671.2197674762,523355.8030356857,110296.49,1961416.048581644,0.0
H1.Z20,WQ_in,52584,9485.791546940587,4836.044479685898,1000.22,17746.205963580083,0.0
H1.Z19,WQ_out,52062,2704.632329540039,1146.0690799070055,0.0,3823.58,0.0032077138796050863
H2.T.Z31,U2,52584,231.85624789179712,1.6372587696948422,225.35083333333333,238.12583333333333,0.0
H4.ZE51,U2,15588,231.61299826693153,1.6417995038772621,224.57242431761568,237.60710589837083,0.0
H2.ZE65,I3,15056,19.031631871009967,4.125030860031499,11.779209088134095,34.359819421328766,0.0
H3.Z41,I3,51840,4.940576838654313,2.7998340457880304,0.0,20.895333333333333,1.9290123456790123e-05
H2.ZE67,P,15585,1716.6564329061946,2517.7601006493232,-0.2130200767514012,13969.104823806956,0.00012832852101379532
H3.Z49,P1,30697,116.88028178227493,291.0154684400357,-4.967666666666667,1911.488,0.0
V.ZE84,PF2,9680,-0.45657701678719503,0.4286482788653289,-0.9718151096854392,-0.0376408922486007,0.0
H4.Z50,W,52585,124057.92736339409,56618.10960400986,15749.85,205183.67493783333,0.0
H1.Z17,U1,52584,229.90784010966465,1.6547963790815974,222.70057960000088,235.6285952223581,0.0
H3.Z46,P,52584,5754.6320997303965,1446.171465905886,3.69769425534917,11461.053000000002,0.0
H3.Z40,U3,51840,231.98032297387573,1.640897564906071,225.46916666666667,237.5875,0.0
H3.Z71,W_in,52584,248616.90853624462,118815.13903864216,33282.95,448649.0465736667,0.0
H1.Z16,P1,52584,442.3706287287087,956.4243419787294,43.55566666666667,12742.700166666667,0.0
H1.Z24,I3,52584,6.87323225039483,11.497889005742945,-5.782411586589357e-20,100.932,0.13399513159896548
H3.Z45,U1,51840,231.54122983106132,1.713274833365706,225.07011859094067,238.4275,0.0
H2.ZE64,f,15585,50.00024478536904,0.009516269272777872,49.94944624714472,50.06721783347693,0.0
H2.Z361,P,28861,58607.786354311786,38005.631717289,-125622.15689152108,144059.53458363638,0.0
H1.Z17,P3,52584,20681.292001067493,9222.966183406943,3452.710380476411,82680.99375,0.0
H1.Z12,PF,52584,0.929268453555276,0.103384865993304,-0.1239333333333333,1.0,0.00019017191541153202
H3.Z71,P2,52584,2756.804302133553,245.882536072768,227.45758333333333,4567.190333333333,0.0
H3.Z47,P2,30697,1188.6560690071935,948.3652931092565,326.00416666666666,5630.67,0.0
H3.ZE40,PF,15686,0.8953126729695455,0.1547776299851419,-0.0528341094068339,0.9867386900657208,0.0
H1.Z27,W_in,52583,43804084.929066345,456570.64047903265,38248549.2,44343566.068948165,0.0
V.Z82,PF1,52584,0.2948935794786088,0.697212202696467,-0.9866764815824648,0.9999442906862028,1.9017191541153202e-05
H4.Z51,I2,47991,9.08218760976002,2.2496554476305235,1.7635833333333333,23.142666666666667,0.0
H1.Z24,PF2,52584,0.6398077412558842,0.20101747579827756,0.2409848360655737,0.9468833333333332,0.0
H1.W11,P,52584,245946.54539407082,184906.9180236674,0.0,1150231.6666666667,0.05001521375323292
H2.T.Z31,P1,52584,2719.7901524645613,2438.572620933978,33.384166666666665,7535.853309874344,0.0
H1.Z28,P1,52584,3348.228053867426,11855.253574677821,-22902.794256775367,53963.21664930556,1.9017191541153202e-05
H1.Z14,PF,52584,0.699131762239271,0.0748126071907119,0.3788333333333333,0.9446583333333332,0.0
H3.Z42,PF,51840,0.8176972650105199,0.105486379383248,0.40915,1.0,0.0
H2.T.Z30,U2,52584,231.57999759537694,1.6292044446762899,225.13666666666668,237.76416666666668,0.0
H1.Z16,PF1,52584,0.9102863684969089,0.02093100364253979,0.16785,0.9178833333333334,0.0
H1.Z16,WQ_out,51895,0.0,0.0,0.0,0.0,1.0
H2.Z62,W_out,52044,1175.8018282126664,3740.8960271177857,22.5,20016.96,0.0
WeatherStation.Weather,rho,52608,1.2184828655193651,0.03784588871981776,1.1072223442130569,1.353257888257503,0.0
H2.Z66,PF2,52584,0.3222786269910194,0.169912186665407,0.0,0.8455333333333334,0.004012627415183326
H3.Z42,P2,51840,3871.7377897874094,3331.901013341177,0.0,9639.895,0.0011959876543209877
H3.Z48,I3,30697,1.7714864364472216,5.110023451688629,-5.782411586589357e-20,18.76783333333333,0.7217317653190866
H2.T.Z31,PF,52584,0.80211993275527,0.1565297437422119,0.3055416349525321,1.0,0.0
H3.Z42,U1,51840,231.61967821494906,1.7173815930817453,225.1533333333333,238.54916666666668,0.0
H1.Z310,P3,30817,-3540.7057927051164,5812.236582290136,-26752.04166992185,-0.0593941105312359,0.0
H2.ZE74,W_in,15680,3597.4475492338916,2063.3761720369635,25.663186523437663,6417.001744322916,0.0
H2.Z67,U2,52584,231.23399242888337,1.6538968859416396,224.5697222222222,237.53416666666664,0.0
H2.Z65,WQ,52585,-153323.82821271053,79408.4894710052,-294152.7582695958,-14810.54,0.0
H2.T.Z31,P,52584,7700.82784353875,7267.92028771653,3.701958429244832,21902.90240334794,0.0
H2.Z68,WQ,52585,115315.29271779007,57000.413611445714,12785.4,213921.1567432176,0.0
H1.ZE20,P2,9519,-23594.91529326564,25481.89115583283,-61981.31587217518,863.5528197778868,0.0
H2.Z65,P2,52584,5764.011999440696,1933.362789075728,244.84733333333327,12309.114666666666,0.0
H3.Z71,I1,52584,12.733279862091436,2.588841497535699,1.6033333333333333,24.4395,0.0
H3.ZE44,U3,15686,231.92365540256438,1.5537346707145083,225.5883985385865,237.2877503934853,0.0
H1.K11,V,52525,227898734.52216735,112321545.64011748,25467000.0,435215100.0,0.0
H2.Z361,PF3,28861,0.7948234424176398,0.48030861962091315,-0.9991665065288536,0.9994586253599932,0.0
H3.Z47,W_in,30697,96632.69030745566,36275.2174966596,34758.82,158559.60185688987,0.0
H1.Z14,Q,52584,11191.569006970049,3754.1703310026755,-12.553166666666666,31944.694166666664,0.0
H1.Z24,W,52062,102226.60676935953,56458.260849749575,13172.95988228752,193498.066994012,0.0
H2.Z70,PF3,52584,0.5252159605587986,0.12973901837406282,0.3611416666666666,0.8148750670159076,0.0
H1.Z15,PF,52584,0.21172578729059746,0.5934729607209386,-0.9790237240892448,0.9964233458325562,0.0
H1.Z26,I2,52584,172.00078613165218,38.431520636419876,-3.663088745624108,213.02485304697615,0.005629088696181348
H1.Z17,P1,52584,22498.736634934423,9099.917765465398,5476.753057661668,86093.402135716,0.0
H1.ZE20,P3,9519,-22592.371088689793,24348.685211215146,-59953.73682385327,407.8439180491562,0.0
H1.Z13,P1,52584,3926.4050862159183,1630.8084668131385,-20.529333333333334,13002.9755,0.0
H2.Z68,I3,52584,6.9731813205887185,1.8149709517259134,0.2100833333333333,10.670127061446548,0.0
H4.ZE50,PF2,15588,0.8355096315640992,0.08611417807409388,0.5465314704000263,0.9946228800481748,0.0
H1.Z27,W2,52583,197403.63996219277,102505.60856026849,12021.30165,365860.36406041536,0.0
H1.Z20,P1,52584,-22826.63723250612,26731.947240647118,-67210.94316666666,6392.379333333333,0.00030427506465845124
H2.T.Z30,U3,52584,232.17924097485192,1.5701901352802057,225.9175,237.5016666666667,0.0
H1.Z310,W3,30816,-55764.256276985754,32076.999555990744,-109506.76090938416,-214.47161882904444,0.0
H3.ZE44,W_in,15685,26644.341416340812,20180.24044267532,92.42546464344736,58345.64684835151,0.0
H1.Z24,WQ_out,52062,0.046201452114787364,0.025249261273784202,0.0,0.06,0.2299757980868964
H3.Z41,W,52585,188582.6110614245,82677.63824720125,22745.76,316328.73954510136,0.0
H1.Z17,W,52583,2381591.4394119354,1000756.0398715605,564143.7311999999,3993859.375075561,0.0
H3.Z312,PF,30817,-0.4684335464632646,0.4740775252854734,-0.9999223005691268,0.0301561123008666,0.0
H2.T.Z34,WQ,52583,135268.41451044794,44249.459850323925,29253.74,191950.2125973775,0.0
H1.Z20,PF2,52584,-0.10887639370663711,0.6724926822744598,-0.9951583333333331,0.894775,0.00030427506465845124
H2.Z62,I2,52584,4.178464787207312,7.8275321521366505,0.0,29.740416666666665,0.0012361174501749582
H3.Z49,PF3,30697,0.1498563181961695,0.18982598434554887,-0.002,0.8627,0.0
H2.Z65,W_out,52448,-0.008480558095637579,0.022714912913923063,-0.0479775833333333,0.02,0.4024176327028676
H2.Z63,P3,52584,5250.719710335274,1638.8729457361444,-61.5855,7814.608833333334,0.0012361174501749582
H2.Z66,P,52584,4123.611668274593,4179.783914499849,-1249.5526021636658,17710.495166666668,0.004012627415183326
H2.Z65,Q,52584,-5312.87782610097,713.9948604225611,-7363.59,-141.05499999999998,0.0
H2.Z67,W_out,45064,-0.006374690455056435,0.010100354702702234,-0.0282347499999999,0.0004353333333333,0.6833614415054146
H3.Z42,U2,51840,231.40622594208628,1.7760193628509462,224.84666666666664,239.12833333333336,0.0
H3.Z47,PF1,30697,0.6929116799837997,0.14553824581996497,0.2863916666666666,0.9959416666666668,0.0
H1.Z24,WQ,52062,83741.26818488998,46318.6548036054,10176.468249657652,158515.27989428543,0.0
H3.ZE43,PF1,15686,0.7682312911472606,0.27713758169283864,-0.9603855167426834,0.980504855065768,0.0
H2.T.Z32,I1,52584,12.980611283456541,8.381678243780922,0.6525833333333334,45.26241198502544,0.0
H1.Z26,W3,52583,45566.99669200717,26708.019700692443,876.2384375,91546.68998666736,0.0
H2.T.Z31,PF3,52584,0.6205069267453356,0.19416936659027442,-0.1145,1.0,0.012323140118667275
H1.Z11,P2,52584,1966.6058640127558,3015.2356805127633,-6.188666666666666,27725.369,0.003004716263502206
H1.Z12,WQ,52585,147948.62513125187,77769.22694205295,10201.05,279779.994906272,0.0
H1.Z27,P2,52584,6706.663790535127,9875.567336660028,0.0,64409.18214901081,0.029476646888787462
H2.Z70,P1,52584,699.2259790573448,727.1819076373527,0.0,4365.891833333333,0.00019017191541153202
H3.ZE41,U2,15686,231.35270170070118,1.6746174209279105,224.9255094460438,238.73583301189944,0.0
H3.Z312,I3,30817,27.66793536028773,45.044038175447184,0.0,206.72793121337912,3.2449621961904146e-05
H3.Z42,PF2,51840,0.6749202036638596,0.2855846103480832,0.0,0.9944666666666666,0.0011959876543209877
H1.Z17,PF,52584,0.900438517972099,0.03596803457769617,0.7333245382667175,0.9897700549352711,0.0
H1.Z16,I2,52584,2.371460375484733,5.657120104995094,0.20575,67.65050000000001,0.0
H4.Z50,WQ_in,47991,43038.81514933202,19807.09933454323,6230.24,75645.55711908333,0.0
H2.ZE74,P1,15681,57.3767834362604,47.32183557976435,7.694694165083905,519.8046816507966,0.0
H3.Z47,W,52585,70882.99616262566,41214.677591733926,34758.82,158562.16185688987,0.0
H1.Z27,W_out,48521,0.6328915691813248,0.16799674238255788,0.54617797851562,0.95864294433594,0.0
H2.ZE65,U3,15056,232.13780416263526,1.5427440022110068,225.80154736592297,237.19970441214565,0.0
H2.Z311,U1,30841,231.9330332662121,1.5690537343044153,225.63892998796663,237.7399978334784,0.0
H4.ZE51,PF,15588,0.7600211457770663,0.06634167837204323,0.5842370628691291,0.9595188275176234,0.0
H3.Z41,U1,51840,231.46551066033828,1.7150960787125398,224.95,238.3658333333333,0.0
H2.T.Z30,f,52584,50.10392748597742,0.03339111751799182,48.06731182795699,50.200500000000005,0.0
H3.Z40,U2,51840,231.44624977453435,1.774614236341697,224.9775,239.1475,0.0
H2.ZE74,I2,15681,1.399410786521526,0.6425242033658612,0.6475330465369751,8.988656394746569,0.0
H1.Z16,W_out,51895,0.0,0.0,0.0,0.0,1.0
H3.Z45,WQ_out,49886,1147.8338270916433,2229.1405978391717,-0.0005534166666666,8792.534094083332,0.010544040412139678
H2.Z67,I1,52584,7.088991611431846,8.440907140488846,0.0,34.0675,0.013673360718089153
H1.Z11,W_in,52583,172608.87017178774,88503.91772621218,11968.09,319043.73547875124,0.0
H1.K12,Trl,52526,13.744965121524968,4.525021701475758,5.0,37.3,0.0
H1.Z26,I3,52584,169.12435247981938,50.58749354695011,-177.97630132039416,211.7796287790937,0.005857294994675187
H3.Z45,W_out,49886,14.320370043699441,7.0793361709136535,0.0,17.82,0.19638776410215292
H3.Z48,P,30697,1007.3219633636955,2939.064562420954,-13.367583333333332,15537.894005520517,0.6524741831449328
H1.Z27,PF,52584,0.7807053399322075,0.14390371453661976,0.0,0.9940584645549329,0.010915867944621939
H3.Z45,PF1,51840,0.676981927618991,0.12751689853806364,0.0,1.0,5.787037037037037e-05
H1.K16,Tvl,44677,8.40711725125711,3.811925262183258,-1.9,37.0,2.2382881572173602e-05
H1.Z21,I1,52584,1.0404777957984233,2.0328267269940987,-1.1564823173178714e-19,53.84899903952302,0.01899817434961205
H3.Z45,U2,51840,231.35128889901767,1.771982260022968,224.8925,239.015,0.0
H1.Z11,U2,52584,229.6376282562241,1.6972966465480632,221.94333333333333,236.55209044622728,0.0
H2.Z68,P1,52584,944.4773404101041,336.9750461627759,0.0,1737.7966666666666,0.0001711547238703788
H1.ZE20,I3,9519,-100.8439974008973,107.55044244558799,-266.2646574345253,-0.1559026817480721,0.0
H3.Z40,Q,51840,-2599.969390382461,1717.22552044687,-5018.267620053413,4994.580166666667,1.9290123456790123e-05
H2.ZE74,I3,15681,1.2397280363699679,0.3860328776330836,0.5770709147055946,2.4926423381989986,0.0
H2.Z65,PF2,52584,0.9243062570905617,0.05457829305974443,0.4046583333333333,0.9884166666666666,0.0
H2.Z66,W_out,45064,0.0,0.0,0.0,0.0,1.0
H1.Z19,I2,52584,7.406085912515118,9.788917063561449,0.0,31.59850349105117,0.1805492164917085
H2.Z66,W,52585,143281.45528320264,60279.55272166552,33867.92,250644.42004414232,0.0
H2.T.Z33,P2,51840,11386.34534002399,9205.933148196364,-39424.975666666665,53915.119155620094,0.0
H2.Z63,U3,52584,231.94277202080457,8.32865119630907,0.0,237.64083333333332,0.0012361174501749582
H1.Z19,U3,52584,230.36476168466552,1.7505994020848632,222.6483333333333,236.6952344581549,0.0
H1.Z23,U1,52584,229.88134581921477,1.6761911174969057,222.47666666666663,235.98045695658524,0.0
H3.Z71,WQ,52585,-72398.5164773505,38324.892821004,-136898.54377308334,-9550.88,0.0
H1.Z23,f,52584,50.0222123466067,0.014123709716500357,48.90032776678212,50.10408333333333,0.0
H2.ZE66,W_in,15584,25211.4018699542,16377.376736525832,789.262578125,60063.65765574744,0.0
H3.Z49,PF,30697,0.1817686051615246,0.195004792721787,0.028,0.9527333333333332,0.0
H2.Z70,P,52584,1886.1980355723238,2151.21672380221,3.702546375133765,12979.896166666667,0.0
H3.ZE43,I1,15686,8.591916697414113,5.327105325866381,0.6137445011362627,21.331975081788546,0.0
H2.T.Z31,W_out,45064,0.006128617077933756,0.0048710111890337,0.0,0.01,0.3871382922066394
H4.Z50,U1,47991,232.0928652448752,1.6286846116431384,225.57083333333333,237.20333333333332,0.0
H1.Z22,Q,52584,122.40749364673866,654.1496123080034,-45.1945,25981.69366659428,0.021280237334550433
H2.Z64,Q,52584,-5400.716556650517,900.1360228172899,-7302.773499999999,0.0,0.011334246158527309
H3.Z48,U2,30697,231.28073982406107,1.7427732249735424,224.56666666666663,238.75833333333333,0.0
H2.Z64,U3,52584,231.96793028178695,8.330044332895131,0.0,237.64416666666665,0.0012361174501749582
H2.Z68,P,52584,2905.169210007116,887.121453614822,3.6973581630504015,6298.670502267554,0.0
H2.Z67,WQ,52585,87819.29150173042,42358.616451257185,6865.66,145427.04610843648,0.0
H4.Z50,Q,47991,1447.1910777087915,662.4656595624438,9.384860606072989,4249.128207287226,0.0
H1.Z10,WQ_in,52380,1081.3372189419138,568.3342102458693,83.73,1940.0166131875,0.0
H1.Z10,P1,52584,1269.1009925684446,760.3887038220892,-2416.8163333333337,9035.88404918033,0.0
H1.Z28,W_out,52583,1185852.5658251364,9798075.947406841,127611.27533333332,117463048.0,0.0
H2.Z66,f,52584,50.13034371024783,0.029596980504348083,48.70159523809524,50.21825,0.0
H1.Z13,f,52584,50.05906233038763,0.03423668970743252,49.50605813953488,50.163916666666665,0.0
H1.Z14,PF3,52584,0.7056203345066155,0.08082612336813685,0.0,0.9455583333333332,0.0006656017039403621
H2.Z35,Q,23581,12228.18417193355,14842.095784254388,-10127.240662650787,70122.8134018075,0.0
H1.Z17,I3,52584,100.08660559397516,54.57355525955712,-42.92273631307815,424.6025601704917,0.0
H1.Z12,P,52584,5818.57944557947,9169.783623635301,-1.35475,82421.62400000001,0.00019017191541153202
H3.Z312,W2,30817,-100190.64141912028,55956.97694074075,-195527.92824187505,-496.00266168153,0.0
H3.Z42,W,49886,304573.6776262048,170215.68926304733,30928.9094983799,627703.1352013794,0.0
H1.Z18,P,52584,1668.8439803165597,1587.607132950488,3.798853644713412,15336.684235970706,0.0
H2.ZE65,PF,15056,0.8604037127985642,0.10471993964835555,0.2720358112505134,0.9724236809323944,0.0
H3.ZE40,W_out,10503,24.371372850591012,2.4452180510118464,4.179470703125,24.805712890625,0.0
H4.Z50,I3,47991,6.663386236193081,7.761985149587879,1.1728333333333334,57.25666666666667,0.0
H3.Z44,P2,51840,832.4723855141712,878.7059841590733,0.0,7148.7475,0.0024691358024691358
H2.Z67,WQ_in,52583,87817.10215373841,42357.93223539514,6865.66,145427.01610843648,0.0
V.Z82,W_out,52583,373114.9841710877,164845.95221429365,106477.6592,713005.2792755499,0.0
H1.Z18,WQ,52585,9338.652324728917,4608.179192670861,1072.14,16079.117788827096,0.0
H2.T.Z32,PF3,52584,0.6066591107942796,0.1555112826560736,0.33695,0.9898,0.0
H1.Z18,I2,52584,1.3419732920168979,2.397082320283199,0.21925,26.106670475037205,0.0
H1.Z23,WQ,52267,65169.35450043351,25406.250762005464,14643.3,97491.92044180642,0.0
H1.Z14,PF2,52584,0.6985146653966938,0.0737447790560358,0.3989333333333333,0.9104333333333334,0.0
H1.Z24,I1,52584,6.867513612955255,11.078644878934266,0.2142983334058846,97.15766666666669,0.0
H3.Z46,W_in,52584,179156.96602763294,88253.04561373402,25590.08,327990.41296124994,0.0
H3.Z46,WQ,52585,-60232.09053032251,23944.874965084866,-95157.6750155,-9936.07,0.0
H3.Z40,WQ,52585,-84794.37262283033,39271.127865476665,-146147.40448062192,-10586.55,0.0
H1.Z10,Q,52584,-1000.8778291348547,450.41611282147323,-2433.7081666666663,3289.336166666667,0.0
H2.T.Z32,PF,52584,0.6892412250018554,0.18208652665984953,0.3974583333333333,0.9999666666666668,0.0
H4.ZE50,PF,15588,0.8341619653659098,0.052100182500569296,0.6825219483720361,0.997848942551072,0.0
H2.Z311,W_in,30840,33.8117003758112,17.74359392151368,2.2754557169596263,64.91105705740092,0.0
V.Z84,U1,39529,229.8791335189971,1.550728398089852,223.5494569445349,235.1565865762844,0.0
H4.ZE51,PF1,15588,0.8028703916213459,0.06485228700533091,0.4494369450769767,0.9825145940619332,0.0
H3.Z48,U3,30697,231.8248899491071,1.6026212563684317,225.1133333333333,237.25833333333333,0.0
H1.ZE20,P1,9519,-25163.518758447874,27336.361264535324,-66431.305582541,1559.1819331293673,0.0
V.ZE84,P2,9680,-4532.289339339007,7690.906855382354,-32894.58429036458,0.0047720471515678,0.0
H1.K16,P,44677,4750.137161799532,4088.4705251498963,0.0,274459.9166666667,0.013273048772298946
H3.ZE43,W_out,502,2.7766040583232856,0.8692166645649333,1.1243338623047,3.7325134277344,0.0
H2.T.Z34,I2,52584,128.20486755147346,22.7562714240649,0.0,212.2038333333333,0.0012361174501749582
V.ZE84,PF1,9680,-0.296202159545036,0.6220434813237433,-0.978739132858422,0.9980585228072272,0.0
H2.Z70,WQ,52585,114357.12190947079,59665.74851603356,11009.15,219724.3360369027,0.0
H2.T.Z31,I2,52584,16.408258589350748,16.247552861399228,0.0,44.424,0.00022820629849383843
H3.ZE41,PF3,15686,0.9236839047976273,0.28806832186530673,-0.7247728273183544,0.9999954808488558,0.0
H2.Z68,Q,52584,3803.297718459673,1006.5985249962765,7.371660266280257,7738.714703357234,0.0
H2.Z67,W_in,52583,124681.68401994575,59706.17422246817,9911.01,205074.5841175545,0.0
V.Z84,I2,39529,-24.394805917283566,38.75235676935027,-183.15089340958605,0.0,2.5297882567229123e-05
H2.T.Z34,PF2,52584,0.9875957581551091,0.03575059220216828,0.0,0.9985583333333332,0.0012361174501749582
H3.Z41,P,51840,5671.632453137183,3048.6222944943866,-243.03447833756127,22399.720723722632,1.9290123456790123e-05
H1.Z11,PF1,52584,0.8534657464870183,0.12191054396200392,-0.5978,0.9458833333333332,0.013369085653430701
H2.Z68,f,52584,50.09138560636827,0.028344298776521882,49.09458333333334,50.18316666666667,0.0
H1.Z16,W,52585,23050.238142424405,15128.593066825817,1286.0100000000002,57772.4253278389,0.0
H1.Z27,f,52584,50.000261213035884,0.008805918627120487,49.94842748085986,50.0662769208457,0.0
H4.Z51,WQ_in,40471,0.0,0.0,0.0,0.0,1.0
H2.ZE66,W3,15584,8537.489803562014,5559.8944111275705,267.4178396322302,20386.064658830845,0.0
H2.Z63,PF2,52584,0.7797392181311905,0.24303889704645668,-0.0068416666666666,0.9353083333333334,0.0012361174501749582
H1.Z16,I1,52584,2.3452079798047767,5.558733015657452,0.22375,66.50083333333333,0.0
H2.Z63,I2,52584,27.338459492401253,2.9256419716211792,0.0,35.315666666666665,0.0012361174501749582
H3.ZE43,W1,15685,8519.284148741917,5943.904182929105,-1176.4035937325998,20373.02593240068,0.0
H2.ZE64,I3,15585,18.893319337284247,4.530307848809552,11.468785307176644,34.733869121645206,0.0
H2.T.Z31,Q,52584,8506.841609427875,8607.967821461554,-327.0875,22918.327833333333,0.0
H2.Z351,W_out,27984,62637.632872530565,37334.81927881391,6304.906366666667,125451.87299999998,0.0
H1.Z21,WQ,52585,3926.928710056017,1717.5736130959776,579.25,5880.719389218514,0.0
H1.Z17,P,52584,65261.28947443165,27494.79572760536,13956.469051649356,251694.76256510417,0.0
H3.Z45,WQ,52585,43836.95788060718,17967.52909980905,4066.33,60950.290346744805,0.0
H4.ZE51,W_in,15587,41297.807508583115,23250.587131269513,1485.7152426470589,82026.4191838313,0.0
H3.Z42,WQ_in,51833,64653.7075872278,36341.76750010084,5097.32,133361.2971912079,0.0
H1.Z18,W,52585,53425.810923249745,27078.12460739214,5470.41,93209.90654354249,0.0
H2.Z36,WQ_in,23580,196110.4268635128,85823.70694089789,43083.32,335955.88,0.0
H2.T.Z33,WQ,52585,201317.87533271508,92457.33999659427,22292.58,343059.32836243685,0.0
H2.Z311,PF3,30841,-0.48988033488054655,0.4877559791196104,-0.9999999155376544,0.0155251956571338,0.0
H1.Z23,U2,52584,229.70738781572658,1.7006341919698897,222.00083333333333,236.7129272997736,0.0
H4.ZE50,U2,15588,231.60105871143273,1.6407380420567717,224.5651506867037,237.5936892501625,0.0
H1.Z19,U1,52584,229.93627699684595,1.6864190773222634,222.3725,236.0810611848428,0.0
V.Z81,P1,52584,1955.272580068175,15879.2093505497,-56332.33691805342,77434.52494005828,0.0
H2.ZE66,U1,15585,231.84577828386782,1.5467162721979504,225.31964880141012,237.02392450263224,0.0
H1.Z11,U1,52584,229.9072142806076,1.674826175132802,222.45166666666668,235.96862440449,0.0
H1.Z12,Q,52584,5078.489540085894,7728.006771821692,-25.1795,57938.45246166922,0.00022820629849383843
H1.W11,Trl,52584,67.234719753512,7.747057160197983,18.90833333333333,83.19166666666666,0.0
H3.ZE41,W1,15685,13212.545438905709,8282.511457082735,-520.6008707386363,28040.439725296463,0.0
H4.ZE50,f,15588,50.00007474207354,0.009514347901681064,49.9492977037714,50.06714990403921,0.0
H2.Z36,W_in,23581,1368210.1807963045,594750.096547189,306999.75,2327347.12,0.0
H1.K15,qv,52526,0.9802026765991488,2.6015031016639534,-9.251858538542973e-19,122.5785843548347,0.6139435708030309
H2.T.Z33,P,51840,35917.00418770457,27598.108429780532,-115177.7035,167897.4950144991,0.0
H1.Z17,PF3,52584,0.8870481104988021,0.04084598675924178,0.7157450208288084,0.9997657667265994,0.0
H2.T.Z32,WQ_out,52515,1352.3290277466665,475.7365174492092,196.3725,1681.97,0.0
H2.T.Z34,P1,52584,28188.829650173488,5366.704116527592,0.0,51477.2375,0.0012361174501749582
H1.Z27,P,52584,20760.4235341647,29255.77205713549,0.0,190219.15620689173,0.0115814696485623
H3.Z43,f,51840,50.07112212768809,0.01753509098956882,48.40566666666667,50.154,0.0
H2.Z66,PF1,52584,0.8062975553215912,0.07770334692476563,0.0,0.8818666666666667,0.004012627415183326
H1.ZE20,f,9519,50.00015401128474,0.01000152804848295,49.949498293639415,50.06716074837574,0.0
H2.Z68,W_in,52584,87727.19688850695,43652.538757333656,9769.69,162366.35097317578,0.0
V.ZE84,W3,9437,10431.531034208238,24.162615042302473,10334.736575,10440.802516067271,0.0
H1.K15,W,52524,205733.58277251056,67703.46086490857,65460.0,324190.0,0.0
H4.Z50,U2,47991,231.52565774474857,1.7118330772073644,224.76833333333332,236.115,0.0
H2.Z35,P3,23581,28277.259776498464,9782.879320030606,-40590.26083333333,56838.0856006339,0.0
H3.Z46,Q,52584,-1607.276320282634,1613.9964751970263,-2878.9191666666666,4729.843,0.0
H4.ZE51,U3,15588,231.85775629008455,1.560874937955453,225.237590316461,237.15850363420287,0.0
H1.Z20,P,52584,-64429.84101075255,75274.62885509068,-239655.8090566838,21529.42783333333,0.00030427506465845124
H2.Z64,P1,52584,5589.276456639738,1920.500142409008,0.0,11888.6635,0.0012361174501749582
H4.Z50,W_out,40471,0.0,0.0,0.0,0.0,1.0
H4.Z51,PF3,47991,0.7005760645331193,0.09951296664705928,0.2919083333333334,0.9703,0.0
H1.Z18,f,52584,50.079866389220946,0.03896964808869606,49.00527770905492,50.186083333333336,0.0
H2.Z68,WQ_in,52584,115309.59240037853,56999.465114783765,12781.52,213917.5167432176,0.0
V.Z84,W_out,39528,294989.5491412582,167147.2028869999,850.7807725806452,573208.8457207601,0.0
H1.Z18,I1,52584,2.204477137397606,2.3208880770556117,-1.1564823173178714e-19,22.08975,0.03744485014453065
H1.Z18,I3,52584,4.593893755458209,3.018176515613172,0.2399999999999999,27.437,0.0
H2.Z311,I2,30841,48.01904831199982,78.53538350424894,0.6939096834918591,422.6439660976049,0.0
H3.Z45,U3,51840,231.80845949585145,1.63563656372422,225.2675,237.355,0.0
H1.Z25,P3,52584,964.8696916255321,1768.827448418658,-101.93597540983608,15826.2125,0.13582078198691616
H2.Z63,P2,52584,5093.04526913509,1642.8836981827358,-28.7,7682.829500000001,0.0012361174501749582
H3.Z42,I1,51840,20.472522518829365,17.30054553987018,0.0,49.39533333333334,0.0011959876543209877
H1.K14,V,52525,310550205.6197455,137088481.8707313,29753100.0,579499500.0,0.0
H2.T.Z31,WQ,52539,240752.59467103463,128917.09458854691,23722.34,470806.39581793663,0.0
H1.K15,P,52526,4912.113722169248,9428.889998567429,0.0,189893.75,0.6532764726040438
H2.ZE67,U2,15585,231.4012420295085,1.6009570346450068,224.90665375542932,237.29002398074635,0.0
H1.Z25,I3,52584,4.7373104910709465,7.914417975733449,0.0,69.69833333333332,0.1359729195192454
H1.Z14,I3,52584,24.09891113768688,8.76835521165249,0.0,71.92712431693988,0.0006465845123992089
H3.Z71,W,52585,248628.61173458272,118816.70266847133,33291.19,448656.2765736667,0.0
H3.Z41,PF2,51840,0.8580590364100368,0.05374809286206761,0.0,0.9978333333333332,1.9290123456790123e-05
H3.ZE41,I3,15686,3.952287535220968,1.9050505894534007,1.291251472633755,18.72978131443762,0.0
H1.Z29,W2,52583,-474982.58198881085,242201.43589906933,-913612.4608209144,-43580.6384,0.0
H3.Z41,WQ_out,51840,60541.60284671747,30376.224224664966,2426.05,109349.70792549818,0.0
H2.ZE74,P2,15681,145.13611975458562,151.84807862140553,-57.14147449493407,1963.8404654269764,0.0
H3.ZE44,W_out,15518,0.6724212628732101,0.07573242632472682,0.0002137794345617,0.683871187209102,0.0
H1.Z14,I1,52584,23.286759247113697,8.463497682511214,0.0026668210049578,70.72366666666667,0.0
H1.Z10,WQ,52585,-29247.625470646068,15144.471616911287,-53847.77926512951,-1812.795,0.0
H2.Z351,P3,28861,19840.94268541501,12778.779688856062,-42555.42507854502,49068.52864089737,0.0
H1.Z10,W_out,52062,9.809554569551722,17.34200519590724,0.0,42.02,0.23001421382198148
H2.Z311,W,30833,-499959.34776620974,286892.2060706952,-980592.123304024,-1374.8808416666668,0.0
H1.Z23,W_in,52584,94856.18612892306,39925.32642383677,19669.05,152220.26358972068,0.0
H1.Z21,WQ_in,52584,4341.643891888782,1924.701173362997,582.22,6563.880633042624,0.0
H2.Z62,U2,52584,230.68680191124187,8.298928301017149,0.0,237.245,0.0012361174501749582
H1.Z21,I3,52584,0.3276352413640762,1.2918260500007317,0.0,51.08374350984156,0.09225239616613419
H1.Z18,U3,52584,230.31300224806026,1.7393418502653057,222.69222222222223,236.64696805755952,0.0
H1.Z18,W_out,52062,0.0,0.0,0.0,0.0,1.0
H2.T.Z34,WQ_out,52584,59093.63493382799,41545.81495993714,1741.31,158318.09148761816,0.0
H2.Z351,PF3,28861,0.7947916853506715,0.48096502009024905,-0.998977113152176,0.9995012006032532,0.0
H3.Z44,P3,51840,777.9092672146475,1029.9938494306355,-5.376833333333334,12983.598999999998,0.0011959876543209877
H1.Z23,W,52062,95608.24346669915,39408.606454060304,20026.82298454575,152220.26358972068,0.0
H2.Z36,WQ_out,23581,16675.66048690242,10029.808779342522,1930.67,34269.67,0.0
H2.T.Z33,W_in,51840,1165159.2017578965,559754.3550759838,110296.49,2104828.191080138,0.0
H1.ZE20,I2,9519,-104.80219823012331,111.60420311588278,-273.36720984439575,-0.1089224497477213,0.0
H2.Z361,U3,28861,232.04080490558283,1.5614979259586061,225.86561962875936,237.20855860724475,0.0
H4.Z51,f,47991,50.06829449545674,0.017546564531592885,49.99158333333333,50.148583333333335,0.0
H1.Z25,U3,52584,230.24665181119502,1.740780931625541,222.52,236.55709073557168,0.0
H1.Z26,PF1,52584,0.06107845970299867,0.10358924298393557,-0.1759739659855076,0.9999839723488718,0.012494294842537654
H2.Z35,W_in,23581,1373955.1556647557,599122.0150761384,306863.25,2339881.03,0.0
H1.Z14,W_out,52062,0.007699857861780367,0.004208456690854223,0.0,0.01,0.23001421382198148
H2.Z70,I1,52577,6.564064516830029,7.406463945209564,0.0,27.966166666666663,0.0001901972345322099
H1.Z29,U3,52584,230.2848640451651,1.7482451127554774,222.6983629099529,236.23351986506225,0.0
H1.Z29,W1,52583,-508415.70189131127,261712.9151847427,-981837.4279094338,-44717.59786666666,0.0
H2.Z64,PF2,52584,0.914213852220623,0.0660057985307298,0.0,0.9845,0.0012361174501749582
H3.Z71,P1,52584,2679.365423197998,560.7079537968702,245.48975,5509.3133333333335,0.0
H2.Z61,PF1,52584,0.7607588431674617,0.03648265664599447,-0.3808916666666667,0.8136625790070436,0.0012361174501749582
H2.Z64,PF,52584,0.9241873335564422,0.06303418109852763,0.0,0.9875333333333334,0.0012361174501749582
H2.Z36,P,23581,85084.29694745557,29841.410354585256,-122892.73033333334,163734.03733004618,0.0
H2.T.Z32,U1,52584,231.7282511588618,1.610854378151056,224.76200280112045,237.4033333333333,0.0
H3.Z46,I1,52584,9.889470149121673,3.115897091042368,0.0,18.52583333333333,0.0004944469800699832
H2.T.Z34,PF,52584,0.9897327754712536,0.035460545641348255,0.0,1.0,0.0012361174501749582
H1.Z25,PF2,52584,0.7041171302487421,0.09868609671328757,-0.5037985532387192,0.9675583333333332,0.0
H2.T.Z30,P,52584,16645.285168084138,11791.773808219663,178.13146770240516,71716.065,0.0
H2.T.Z31,I3,52584,16.557798282875194,16.00653609834798,-5.782411586589357e-20,46.79333333333333,0.012304122927126121
H2.Z66,P2,52584,1370.1794388656717,1388.7461590687385,0.0,5859.105500000001,0.004012627415183326
H1.Z16,WQ,52585,10485.233946561444,8426.804062512161,135.81,32825.32771833333,0.0
H2.Z351,PF2,28861,0.7901883013409106,0.4961987343599628,-0.9993974890019052,0.9995187528986662,0.0
H3.Z49,WQ_in,30697,940.0452148524905,209.2042307800008,582.05,1292.6238978528609,0.0
H2.Z68,W,52585,87731.51828519914,43653.226822979654,9772.39,162368.77097317576,0.0
H3.ZE40,I2,15686,14.149319188319836,3.1809018286307205,5.379757322480233,34.22502105850053,0.0
H3.Z312,PF3,30817,-0.49363131854510733,0.48242739882581515,-0.9999999503871776,1.0,0.0
H3.Z47,U1,30697,231.78119355058337,1.6594857476572045,225.10666666666663,238.49666666666664,0.0
H1.Z22,PF3,52584,-0.24402352848304773,0.42503550270664414,-0.9717935792349728,0.9603083333333332,0.3215426745778183
V.Z84,PF2,39529,-0.4462071831021373,0.453271437822855,-0.9747516688796424,0.4987197857060436,0.0
H4.Z50,U3,47991,231.7706066208533,1.624938143461683,225.4067351747789,236.38916666666668,0.0
H2.ZE66,P3,15585,1367.0661033587464,1082.7661155197416,-0.053370791557111,5150.472803804752,0.00012832852101379532
H3.Z44,I1,51840,5.018018513359391,5.733973596470309,0.0,57.66233333333333,0.0015239197530864197
V.Z84,I1,39529,-21.35879019473151,34.043374218523105,-163.77636083877996,0.0,2.5297882567229123e-05
V.Z82,P3,52584,7172.9723177950345,14832.049055524367,-50168.83284931212,84428.86395292098,1.9017191541153202e-05
H2.T.Z30,PF2,52584,0.8775507774183492,0.08392682720247172,0.6127333333333332,0.996575,0.0
H1.Z15,I3,52584,-144.6435329159211,44.436452919576034,-522.5714849086901,-11.573038835833668,0.0
H3.ZE40,PF2,15686,0.9250170522485791,0.02199524645903834,0.8570583354061327,0.998119362933633,0.0
H2.Z67,U1,52584,231.95676518360415,1.6122573111656984,225.69135466855244,237.465,0.0
H1.Z29,P1,52584,-17815.057621706004,28094.268629130045,-98479.59634923388,53961.66474210829,0.0
H2.Z69,P1,52584,602.779954934871,108.77655209604234,0.0,1599.8543333333332,0.0008177392362695877
H1.Z11,I1,52584,11.449825272046114,16.92448004992014,0.0,139.64183333333332,0.013445154419595314
H3.Z40,PF1,51840,0.8986799951626624,0.03812490330533478,0.0,0.9913,1.9290123456790123e-05
H4.ZE50,W_in,15587,22894.681795413584,12976.828700884367,887.3966011029412,45794.16832256992,0.0
H2.T.Z32,U3,52584,232.12658638794446,1.5755797550045822,225.78833333333333,237.51916666666665,0.0
H3.Z312,U2,30817,231.3696908603745,1.7274332189394217,225.1091698184724,239.355266972874,0.0
H3.Z43,PF3,51840,0.4436604276212037,0.3297128760068061,-0.7961750000000001,0.7603333333333333,0.07544367283950618
H1.Z16,PF3,52523,0.019365589386887004,0.08657632992413104,0.0,0.8255583333333333,0.9192163433162615
H1.Z20,PF,52584,0.10365479096206015,0.8579286664124873,-0.999175,0.9725416666666666,0.00030427506465845124
H2.Z62,W,52585,-713.352604948169,3635.976598592186,-19260.25698396733,711.2968611993307,0.0
H2.T.Z30,PF3,52584,0.905000514997039,0.06746950749631345,0.5647583333333334,0.997375,0.0
H3.ZE43,PF3,15686,0.7850677443844948,0.14189510569262576,0.220961999365697,1.0,0.0
H1.ZE20,I1,9519,-112.5390985638193,119.01200319630755,-291.9717201139266,-0.1982542316615581,0.0
H2.Z63,W,52585,492779.2736268265,252367.05058616257,48088.88,865386.9250896551,0.0
H1.Z29,P,52584,-49798.195466815945,79709.4903254184,-278708.052003483,163249.2403248185,0.0
H2.T.Z31,WQ_in,52583,241130.6863454197,129251.56509479163,23462.7,471673.8784904502,0.0
H1.ZE20,PF1,9519,0.07960619723956133,0.8760682900270002,-0.9999649526994808,0.986313433106438,0.0
H1.Z23,WQ_out,52267,567.150786601264,308.32366257449837,5.11,1851.0466305474656,0.0
H4.Z50,P,47991,3952.192329444283,5633.878657269375,76.1443589465014,41804.53235710866,0.0
H2.T.Z32,P2,52584,1989.058775730852,1083.3916216946952,337.1835,8104.812115835976,0.0
H2.Z70,PF1,52584,0.6929788429260649,0.23275031456856674,0.0,0.9933833333333334,0.00019017191541153202
H1.Z10,PF2,52584,0.8967858756925462,0.1465720178372513,-0.8496833333333333,0.9952777610388314,0.0
H1.Z21,P1,52584,194.14276736419112,373.5092235100652,-10.628166666666669,6439.619901977677,0.01899817434961205
H1.Z17,U3,52584,230.200476734213,1.7423714918392592,222.61054672908895,236.14842287061052,0.0
H3.Z41,I1,51840,12.663849645068955,6.620783590657857,0.0,67.43216421534176,1.9290123456790123e-05
H1.Z23,W_out,52062,0.0,0.0,0.0,0.0,1.0
H2.Z62,WQ_in,52583,9655.270175194348,5804.924196830935,141.38,23492.15203678309,0.0
H1.K14,Tdiff,52584,-1130.7900337985186,1710.344937049006,-13808.25,8325.0,1.9017191541153202e-05
H2.Z61,I2,52584,22.41229127039284,1.338716150765735,0.0,28.408166666666663,0.0012361174501749582
H3.ZE44,I1,15686,8.107480091768211,9.387605848964238,0.0,57.84776226784824,0.000573760040800714
H1.Z13,Q,52584,11705.542023218677,3979.4936522372323,2.007075349672472,33554.809166666666,0.0
H1.Z22,I1,52584,1.0103015551570418,2.0610914668166456,-1.1564823173178714e-19,54.119312660447896,0.024608245854252243
H2.ZE67,PF3,15503,0.9733868157575534,0.04283108413256882,0.81585115194321,1.0,0.0
H2.ZE67,W_out,14417,0.0815127151315249,0.0620150402463022,0.0003658504784107,0.130831214904794,0.0
H2.Z35,P1,23581,29089.172758312434,10369.320396269253,-42540.809,57776.99416666666,0.0
H1.Z23,Q,52584,1538.5299660127894,6526.772136897598,-1985.246666666667,58114.78178349273,0.17261904761904762
H2.Z361,W1,28860,288095.18835704285,158948.6427544245,-1704.63604375,565321.9420606234,0.0
H3.ZE40,W1,15685,18327.20844492436,11726.379237064775,-681.4609885819,38604.10410143655,0.0
H3.Z48,WQ_out,30697,2358.366044310564,0.21124374812804905,2358.08,2358.699063791658,0.0
H1.Z10,WQ_out,52583,30324.175614620133,15712.136962027225,1896.495,55786.81587831701,0.0
H2.ZE65,U1,15056,231.8096924500115,1.549904042598055,225.32695462555927,236.99048933131684,0.0
H3.Z41,I2,51840,9.468512942553138,5.37768524013669,0.0,30.1355,1.9290123456790123e-05
H4.ZE50,W2,15587,6535.536898919108,3600.6731524083298,264.9973198529412,12778.602071615343,0.0
H2.ZE67,W,15584,16558.315833165,6874.788347567087,830.4844264705882,27578.274959456223,0.0
H1.Z24,U3,52584,230.19500796296802,1.7397757689780586,195.87916666666663,236.51939094960483,0.0
H4.Z51,I1,47991,7.990691712204186,2.414533168646212,2.103666666666667,24.283920005666907,0.0
H1.Z27,W,52583,614684.1841498435,315644.9898393161,38248.004733333335,1133262.0126980103,0.0
H4.Z51,PF2,47991,0.7821270383999238,0.09691313375125772,0.1190166666666666,0.9921333333333332,0.0
WeatherStation.Weather,Dp,52608,6.920634048719956,6.1296456555432535,-18.07458281622994,22.13174826727972,0.0
H2.ZE65,I2,15056,18.809119057418382,4.058624326905276,13.039347728641536,34.040260266060585,0.0
H3.Z43,U1,51840,231.74413742744846,1.725621018537711,225.2491172767603,238.6858333333333,0.0
H2.Z63,WQ,52585,-292377.0067355813,153132.62724358187,-572162.6788437564,-29723.9,0.0
H3.Z49,U1,30697,231.72535536358325,1.656863835369078,224.9283333333333,238.4233333333333,0.0
H2.ZE74,W2,15680,1218.5966712468407,733.1932268486036,-1.9022846150716268,2276.810944599333,0.0
H1.Z25,WQ_in,52582,63751.69242559294,35066.94666300273,8110.39,120385.67770649612,0.0
H3.Z45,I2,51837,4.2308102470606315,10.159808149645086,0.0,105.26215525746473,0.15137835908713854
H2.T.Z34,P3,52584,30641.97545682266,4992.424566089032,0.0,48595.71966666667,0.0012361174501749582
H2.T.Z30,P1,52584,5598.809906853025,3696.2612956796825,1684.8053333333337,23321.93940355344,0.0
V.Z84,P1,39529,-4646.3022132788565,7647.186262760966,-36602.62505446623,21.078756854941066,2.5297882567229123e-05
H4.ZE51,PF3,15588,0.7254755560606331,0.0997199510086182,0.510081724449725,0.9618120315358616,0.0
H3.Z312,P2,30817,-6326.735216513862,10489.991225341457,-48369.92731987847,0.2323281205281898,0.0016224810980952071
H1.Z12,U3,52584,230.42214322675432,1.7467339797105395,222.6825,236.69619572564068,0.0
H3.Z45,P1,51840,869.8986221643873,2030.1600888422968,0.0,21226.760419647908,5.787037037037037e-05
H1.Z19,I3,52584,6.901495885852544,8.735700637005817,0.0,31.85112581029748,0.03092195344591511
H1.Z29,W_in,52575,106413002.80324942,194868.56510847656,104692600.0,106684445.18200006,0.0
H3.Z71,Q,52584,-2437.2221222424864,1069.193088174028,-3577.749446333088,3870.450515964893,3.8034383082306405e-05
H1.K15,V,52525,48744408.57235683,11913330.653912742,17404320.0,67661710.0,0.0
V.K21,qv,52584,24.953751502030965,15.492456038334417,0.0,87.25750000000001,0.03231020842841929
H1.ZE20,U2,9519,229.91924759479753,1.619017987825675,222.80302768880648,236.2808117520366,0.0
H2.T.Z30,I2,52584,26.303708532581584,15.532984410131663,6.539916666666667,107.0008664809746,0.0
H2.Z66,I2,52584,7.942742602166381,8.02232739583069,0.0,30.2515,0.004012627415183326
V.ZE84,PF,9680,-0.4068496016970295,0.4274766587170613,-0.973523213870804,0.0031935070002622,0.0
H2.Z64,P2,52584,5579.177550286542,1903.5165395853273,0.0,11956.724833333334,0.0012361174501749582
V.Z82,W_in,52180,1214004.030498047,495297.11867855274,217257.44,2027515.9987918292,0.0
H1.Z22,WQ_in,52583,4754.518160197495,2117.2050196702576,679.92,7309.1470711528145,0.0
H2.Z70,WQ_out,52538,5.994897759454298,2.9317066762763897,0.77,10.193812408104986,0.0
H2.Z35,U3,23581,232.04105824089365,1.5665221249587786,225.8576266576944,235.99166666666667,0.0
H4.Z50,P1,47991,1482.6556436493652,2344.6031767360614,69.2425,16663.654,0.0
H1.Z19,WQ_in,52583,7284.98007893632,4308.962896380243,176.34,11991.857378226618,0.0
H4.ZE50,U1,15588,231.99377566793095,1.592740561180681,225.3215038018,237.05528091611697,0.0
H2.ZE64,PF2,15585,0.8644298339823766,0.04765673402939633,0.6892604387579737,0.968533927129178,0.0
H1.Z24,f,52584,50.0613454500053,0.017124056888751755,49.49339147286822,50.146,0.0
H4.Z50,WQ_out,47990,20.506444686445075,14.588103380287281,1.19,49.61238491666666,0.0
H2.T.Z30,PF1,52584,0.9146299312543122,0.062008839280225506,0.7157166666666667,0.994675,0.0
H3.Z41,P3,51840,1095.2570863923036,639.6471923298371,0.0,4721.5855,1.9290123456790123e-05
H1.Z18,U1,52584,229.85041527562564,1.6756688211599593,222.435,235.9352309860225,0.0
V.ZE84,P3,9680,10.778763507035203,190.05078475816734,-476.525078175863,3073.5721396891227,0.025
H1.Z22,U3,52584,230.28925313977106,1.7452949791330203,222.59666666666664,236.57293077207265,0.0
H3.ZE44,P3,15686,1283.8771646654557,8628.22671633043,-9.58531678147914,850248.5615700936,0.0002550044625780951
H2.Z351,W2,28860,281192.0382407013,153972.10913077818,-1612.60839375,553648.2391869953,0.0
H2.ZE67,I2,15585,3.1325454000553727,4.467913205061665,0.0269833663767441,23.58970994745611,0.0
H1.Z13,PF3,52584,0.7053929906255967,0.08124144951839184,-0.0274182532454122,0.9348083333333334,0.00039936102236421724
H2.Z311,PF,30841,-0.46486627633099387,0.4779854626074106,-0.9999369141480128,0.0121666169921726,0.0
H4.ZE50,P2,15588,803.3419520557088,1065.3234742000952,71.74477264492253,7873.1266558706575,0.0
H2.T.Z32,PF1,52584,0.658030032822795,0.1804209185159631,0.2322583333333333,0.9820916666666668,0.0
H2.Z63,W_out,52561,1.3948639799568145,0.9826073774334041,0.0,4.234259166666667,0.0035197199444455016
WeatherStation.Weather,Ah,52608,9.227174009230378,3.4825310647539784,1.3626228144433736,21.990734457439853,0.0
H3.Z49,Q,30697,-273.5916655851014,151.49544648267664,-504.4554998952788,504.5418333333334,0.0
H3.Z40,I3,51840,12.608771452638708,3.6954887472751943,0.0,28.41565848105793,1.9290123456790123e-05
H1.Z19,Q,52584,152.44918405461826,410.3369736445657,-278.43672292723414,1240.700277072766,0.3062718697702723
H1.Z29,I1,52584,101.49826299927803,108.98671579211185,-294.73212933858287,294.3771519830835,0.0
H2.ZE67,P1,15585,572.6900560751006,821.7351176349005,-0.029522243863599,4614.637884620157,0.00012832852101379532
V.ZE84,W_out,9679,82190.00027602189,31027.66458748697,43343.329565116,124950.6185625,0.0
H3.Z40,PF,51840,0.9171026706322207,0.027912529436275226,0.0,0.9997083333333332,1.9290123456790123e-05
H3.Z48,f,30697,50.07976826347801,0.013964613136331534,49.24433333333333,50.14533333333333,0.0
H3.Z45,W,52585,77188.16951639016,36823.19483363388,6709.41,142195.05638784877,0.0
H1.Z23,PF2,52584,0.27530396402715573,0.39464771337677135,-0.5038916666666666,0.9865194444444444,0.17345580404685837
H1.Z18,WQ_out,52062,3.8247812964621932,4.74217994392242,0.0,10.586123166666669,0.22999500595443895
H2.T.Z32,I3,52584,11.051518214154088,7.755184935814255,0.4331666666666666,39.113166666666665,0.0
H2.Z65,I1,52584,25.988314762749006,7.922727094332301,2.219666666666667,52.8855,0.0
H2.Z35,PF3,23581,0.9479601878602734,0.2085124835765323,-0.9954333333333332,0.9967166666666666,0.0
H1.Z28,U1,52584,229.97708175510874,1.6640247071688414,222.7733593470343,235.67868822695897,0.0
H4.Z51,U2,47991,231.57073596925719,1.7106473128871842,224.80666666666667,236.1833333333333,0.0
H2.ZE74,P,15681,407.5638446199821,240.4123230506346,82.25142219543459,2727.375639105901,0.0
H1.Z28,W1,52583,145398.82599447927,54240.82713960073,34506.8376,230919.6494059224,0.0
H2.ZE65,W_in,15055,79745.30862303964,45299.57869443998,2337.329475938694,172061.25923523676,0.0
H1.Z16,I3,52523,1.2747639361206342,5.7345503613799975,-1.1842378929335003e-16,66.6205,0.9192163433162615
H1.Z15,W1,52583,376920.3611953451,142148.68753514878,97153.78524670412,598730.8590189333,0.0
H2.T.Z30,I3,52584,25.011357977625984,18.880779115879022,5.887666666666666,121.602,0.0
H2.Z62,W_in,52583,451.33142575107036,213.49295453031334,78.64,759.7430160326641,0.0
H1.Z12,f,52584,50.044093982761574,0.03136021918362889,49.05412557077626,50.13975000000001,0.0
H2.Z35,I1,23581,131.3623508396606,40.962398976225295,13.650666666666666,270.1066978816577,0.0
H2.Z65,I3,52584,26.772319608101725,7.845042105636452,1.7931666666666668,54.47791666666667,0.0
H2.Z361,P2,28861,19259.292538108195,12722.949110459957,-42155.62742614527,47807.63400429392,0.0
H2.Z69,PF1,52584,0.5164387152436004,0.0384819867368212,0.0,0.8897916666666668,0.0008177392362695877
H3.Z47,U3,30697,232.02031286398085,1.6072438038375236,225.34416666666667,237.47083333333333,0.0
H2.Z62,PF1,52584,-0.06885122010011631,0.27606788620676176,-0.9138166666666668,0.0302583333333333,0.0012361174501749582
H2.T.Z30,W_out,45064,0.0,0.0,0.0,0.0,1.0
H1.Z29,PF2,52584,0.12642790910144627,0.8725468279291172,-0.9999546362444376,0.9996341214440332,0.0
H3.ZE40,P1,15686,2473.311340949217,958.8423150650298,-3244.9946508120124,6168.988870372555,0.0
H1.Z15,PF3,52584,0.23055836130114826,0.5770850303953247,-0.9944027338759772,0.9999353742893814,0.0
H2.Z63,Q,52584,-10219.473495297632,1573.961553254312,-14080.513833333333,0.0,0.011334246158527309
H2.T.Z33,f,51840,50.09401086036786,0.020159007922629403,49.25408333333333,50.16933333333333,0.0
H1.Z25,U1,52584,229.8118785632464,1.6770012595239663,222.27416666666667,235.87946415148,0.0
H3.Z44,I2,51840,5.006869206968656,5.331809293896909,0.0,53.519666666666666,0.0024691358024691358
H2.Z61,P2,52584,4189.939894603911,226.8016734559644,-2.966916666666666,5480.3236628977575,0.0012361174501749582
H2.ZE64,I1,15585,18.200788358175878,4.4616075578178425,9.929436156613184,33.69850053282699,0.0
H1.Z22,W_in,52583,14000.972813416001,6417.422297630025,1554.42,22270.82662120129,0.0
H2.ZE67,PF1,15585,0.8826984971837809,0.01741806767852677,0.8160011119654276,0.977245146436651,0.0
V.Z82,f,52584,50.00023480776658,0.008809367031503552,49.948458682673206,50.0665152001002,0.0
H3.Z41,WQ_in,49886,387.87920999881044,126.92556854055763,0.0,429.52,0.09672052279196568
H2.T.Z32,WQ_in,52584,164072.41641349584,96052.86095299204,13209.25,354466.45861076994,0.0
H3.Z42,Q,51840,2371.200518661907,2470.5017586200065,-667.3880349499469,15047.973,0.0
H1.Z26,P3,52584,1720.991710696028,2064.0807714435928,-4462.740185212378,20793.280403306755,0.0157272174045337
H1.Z10,P3,52584,1407.9625972365186,756.6965757861673,-1805.9385,8459.222166666666,0.0
H2.Z36,I1,23581,129.40167266123754,39.91701937154767,13.551833333333333,259.5056856835006,0.0
H3.ZE41,P,15686,4231.059919639524,2083.825205969792,-2162.2282056627514,13766.84023825772,0.0
H1.Z14,P1,52584,3722.563605340531,1535.3292287345432,0.4491693410535755,12278.155166666667,0.0
H1.Z27,P1,52584,7474.401860028163,9601.737215503275,0.0,63232.3127934857,0.0115814696485623
H2.Z65,U1,52584,231.82194415933503,1.6121588318786915,224.4833333333333,237.34,0.0
H2.Z61,Q,52584,9777.216285663806,1281.4648899131623,-125.42433333333334,13455.28487824077,0.011353263350068463
H3.ZE40,U3,15686,231.95588977608375,1.557346234169955,225.6208316869408,237.31949509281355,0.0
H2.Z67,I2,52584,7.061064061697855,8.390553695595813,0.0,33.20441666666667,0.013673360718089153
V.Z81,P2,52584,1191.8035170378232,15209.029880556545,-55438.17362765173,75776.95412884667,0.0
H1.Z18,P3,52584,976.6088712361637,638.6886563545454,-1.4701666666666668,5765.267666666667,0.0
H2.T.Z30,U1,52584,231.73782297137487,1.6009754353159815,224.7451400560224,237.3325,0.0
H1.Z19,P1,52584,1167.1580670650928,1720.0011756244662,-25.674299584926693,5913.719,0.08217328464932298
H1.Z23,PF,52584,0.7925312689413744,0.3731732332771686,-0.0308999999999999,1.0,0.1721436178305188
H3.Z45,P2,51840,793.3037188781111,2018.4007745382278,0.0,21430.64170228971,0.15138888888888888
H1.Z26,f,52584,50.00030292273913,0.008819662899241283,49.94833967398085,50.06631521236324,0.0
H3.Z45,PF,51840,0.7232748898417236,0.14809277176319052,0.236475,1.0,0.0
H1.Z27,I3,52584,31.691430582388477,47.083705452520476,-39.81633886496224,294.80586021738776,0.0016354784725391754
H4.Z50,I2,47991,5.777709550165388,7.365167031823648,1.237083333333333,59.5035,0.0
H3.Z48,W_out,30697,2.123660251305676,1.2152012867583888,0.8179556666666666,4.1004215,0.0
H1.Z24,W_out,52062,0.0,0.0,0.0,0.0,1.0
H2.Z61,I1,52584,24.00860405650578,1.4165599561446602,0.0,30.592166666666667,0.0012361174501749582
H1.Z22,PF,52584,0.7685947300085467,0.5525867746981811,-0.9988166666666668,1.0,0.021166134185303515
H4.Z51,WQ_out,47991,85555.87381981545,43456.00527368655,10812.7,158434.02812366668,0.0
H1.Z19,U2,52584,229.81422401539592,1.7099522471990605,222.03083333333333,236.85093734945315,0.0
H2.ZE65,I1,15056,17.95844375274779,4.0317870431331535,10.125695386882931,33.12015179494099,0.0
H1.K12,P,52526,14480.139273699911,25303.31452659542,0.0,114834.16074725243,0.5474241328104177
H1.Z28,W,52583,493361.63736804435,202485.44793294976,98631.9,812139.6451897434,0.0
H3.Z42,I3,51840,21.798718054662437,18.30821544143406,0.4028333333333334,55.0275,0.0
H2.Z68,P3,52584,924.349324490504,278.41134239689865,30.521583333333336,1589.4248333333337,0.0
H3.Z44,I3,51840,4.507156776248773,5.444442287942818,0.0,55.964000000000006,0.0011959876543209877
H1.Z20,I2,52584,-94.06611423366675,108.47222973891736,-278.6166666666667,0.0,0.00030427506465845124
H2.Z36,WQ,52585,246877.8946749119,79282.87234212174,41098.15,301707.19,0.0
H3.Z43,WQ,52585,100956.62139513648,66109.86440078037,306.48,217162.46586847288,0.0
H1.Z11,PF3,52523,0.1549686130125807,0.23702831552762016,-0.8849,0.8845833333333334,0.43367667498048473
H3.ZE40,PF1,15686,0.8866987246569914,0.21536433123406437,-0.7081678523303102,0.995089344199416,0.0
H3.Z44,U1,51840,231.48790286605524,1.71300866716587,225.04666666666665,238.3525,0.0
H3.Z43,WQ_in,51839,103310.03968154313,65817.87826755857,310.37,218335.98586847287,0.0
H2.Z66,WQ,52585,98717.93040346935,41928.85919190042,22725.13,173122.96559671446,0.0
H1.Z310,f,30817,49.99965491680919,0.008872571298170732,49.94960828781127,50.0692025055967,0.0
H3.Z48,WQ,52585,13447.535682622936,6498.4274336136505,7873.889999999999,27163.770553636237,0.0
H1.Z23,I2,52584,3.8488083126706494,15.837519298733863,0.0,195.4406666666667,0.17343678685531722
H2.Z36,PF,23581,0.951632783449545,0.20963314457893098,-0.9966666666666666,0.9998666666666666,0.0
H1.Z21,Q,52584,100.43285264122915,631.1223497108737,-135.35316666666665,25475.957245376467,0.017800091282519397
H2.ZE65,W3,15055,22496.75739722985,15579.219793601862,-3081.3061122966,54213.68641174559,0.0
H1.Z27,PF2,52584,0.6524421119566525,0.2969316027990933,0.0,0.9999926743870126,0.028849079567929408
H3.Z45,Q,51840,1005.8985104623356,3451.782607900645,-1742.7687485397023,35408.14443667114,0.0
H4.Z51,W_out,40471,0.0,0.0,0.0,0.0,1.0
H3.Z47,I1,30697,8.964002133217699,3.3884690623380425,3.9484166666666662,31.394333333333336,0.0
H3.ZE43,PF2,15686,0.6968445123028008,0.015043400455570007,0.6452435410751811,0.7529905273485986,0.0
H1.Z14,PF1,52584,0.6913198280976351,0.07460180450674198,0.0268833372397739,0.9958833333333332,0.0
H3.Z49,WQ_out,30697,7900.009928251377,2595.6851427147276,3399.19,12408.627781417648,0.0
H2.Z65,f,52584,50.12611989292113,0.022914205292002332,48.44925,50.210166666666666,0.0
H3.Z40,P,51840,8637.245548165562,2179.792865724898,0.0,19845.31889011553,1.9290123456790123e-05
H3.ZE43,U2,15686,231.38252365894903,1.674275685086761,224.9188667059633,238.76623412160785,0.0
H3.Z43,PF1,51840,0.8245440741648226,0.08144504110939649,-0.1023916666666666,0.9650916666666666,3.8580246913580246e-05
H4.ZE51,W1,15587,13496.46631887158,8378.807993788914,426.8477601102941,28909.41939789477,0.0
V.K21,P,52584,43053.605789141526,47911.01539312384,0.0,1547997.5,0.03539099345808611
H2.ZE67,U1,15585,231.83867805264333,1.5475961401403486,225.3549879032693,237.02167600615456,0.0
H3.Z44,W_in,51839,60944.44900958026,33331.16474407274,2559.45,132577.74252773897,0.0
H2.ZE66,PF,15543,0.5771018461169121,0.2846179736679796,0.4638423622277942,11.334009508399134,0.0
H3.Z42,f,51840,50.04954043286812,0.01734427415028109,48.81495833333334,50.13208333333333,0.0
WeatherStation.Weather,Igc,52608,133.6263259492169,215.11419288091992,0.0,990.5215166219108,0.3491294099756691
H2.Z65,P3,52584,5892.858321275596,1938.200814769369,325.6238333333333,12541.6365,0.0
H3.ZE44,PF1,15686,0.7671143492292105,0.29149218308955877,-0.9378703762858612,1.0,0.0
H3.Z312,W1,30810,-100269.99944308902,56030.616799537725,-195811.67450519776,-496.03593321228,0.0
H1.W12,Trl,52584,51.01581210279943,20.016230442540618,3.0,81.45416666666667,0.0
H1.Z12,P1,52584,1902.9621457336186,2905.595731186745,-0.5051666666666667,27253.52,0.014396013996652975
H1.ZE20,W,9518,-564139.2432638993,154088.65394592,-918697.179506528,-239641.648,0.0
H2.Z311,P1,30841,-10585.268326152718,17531.050497610202,-78600.19533193826,1.931290321626244,0.0
H2.Z66,P1,52584,1361.0728022452358,1363.5510061070318,0.0,5802.649333333334,0.004012627415183326
H4.ZE51,W_out,1,1.7462777057719998e-13,,1.7462777057719998e-13,1.7462777057719998e-13,0.0
H3.Z312,PF1,30817,-0.4924108839024403,0.4870860016760869,-1.0000000018874835,1.0,0.0
H1.Z21,I2,52584,1.0339093193315936,2.1324360874071577,0.0,56.244517069806506,0.017781074090978243
H2.Z361,U1,28861,231.77256416125752,1.5780952623353752,225.4194189728848,237.2079523338619,0.0
H1.Z13,WQ,52585,358332.37134584825,178362.22303783603,38129.48,653265.3654674105,0.0
H2.T.Z33,W_out,49886,51243.73670937154,51109.61825717661,0.0,143461.22249849414,0.1964078098063585
H1.Z26,P2,52584,1221.10976425897,1039.7936674071877,-7842.779970099857,16968.31385064018,0.012684466757949186
H1.Z28,I3,52584,-44.894581687747525,24.366349736714014,-176.396031867133,116.36335021972654,0.0
H2.T.Z30,WQ_out,52584,84531.00116638081,53345.118087504496,6879.17,181528.38593215484,0.0
H1.Z28,U2,52584,229.69229413131544,1.6828191762333642,222.36154352531037,236.2918376444541,0.0
H1.Z29,PF,52584,0.1323294740560476,0.8726996958972182,-0.9944247609174064,0.9943431782492964,0.0
H2.Z61,PF,52584,0.7956553102655678,0.0313319476449154,0.0,0.8413709264578066,0.0012361174501749582
H3.ZE44,I2,15686,7.658766538804828,8.389397758973304,0.0,39.13246536254899,0.000573760040800714
H2.Z361,W3,28860,284096.778371251,156897.5828347771,-1738.8400375,566575.7460606234,0.0
H1.Z11,WQ,52585,145989.71254526326,76842.96712983501,9980.65,276371.7838583672,0.0
H3.ZE44,W3,15685,8521.683031904548,12775.197740278953,18.03670013427688,1385027.5020211297,0.0
H2.Z35,P2,23581,28184.137343118873,10095.628140147897,-41789.043333333335,53327.4300566654,0.0
H1.Z15,W2,52583,305499.58340608206,92468.91199738138,100015.62107314036,437491.891781872,0.0
H2.T.Z34,W,45064,3170143.535882326,1119139.4560734981,1214338.921753923,5021610.443587731,0.0
H3.ZE43,W2,15685,10409.448777784179,5900.99348287932,258.5388426309386,22165.700756018705,0.0
H4.ZE50,W1,15587,9511.261694855693,5483.324284323309,346.06120772050826,19070.588143230685,0.0
H3.Z48,P1,30697,331.42527786137845,957.1151822366546,-8.442666666666666,3458.6445000000003,0.866827377268137
H3.Z41,P2,51840,1932.7009139011132,1215.281767958247,0.0,6602.108333333334,1.9290123456790123e-05
H1.Z17,P2,52584,22079.806828032684,9287.53602272516,4781.246488523128,85295.76079644097,0.0
H1.Z14,P,52584,11518.247934218083,4743.070452008347,3.868230378509262,37283.315,0.0
H1.Z11,P,52584,5806.441223503727,9152.16077496538,-27.2485,82207.26483333333,0.0029666818804198994
H3.Z49,U2,30697,231.4352124864291,1.7402477004970696,224.76833333333332,238.93416666666664,0.0
H3.Z43,P1,51840,1439.0101250607017,795.1264014944181,-0.8523333333333334,3992.1656666666663,7.716049382716049e-05
H1.Z11,WQ_out,52062,0.02309957358534113,0.01262537007256267,0.0,0.03,0.23001421382198148
H2.ZE65,W,15055,76688.33914456067,45258.806605052036,1087.6848088235297,168979.88723523676,0.0
H2.T.Z32,PF2,52584,0.723458148397288,0.1618928984180286,0.4376333333333333,0.9954166666666668,0.0
H2.Z67,PF,52584,0.5353128642451289,0.14837975437657455,-0.0506999999999999,0.8235821119273634,0.01359729195192454
H2.Z69,U1,52584,231.91022338634426,1.6145847843504038,225.5456989415497,237.4525,0.0
H1.Z15,PF2,52584,0.150622297986721,0.6158576360852136,-0.9750976783767604,0.9999124090207944,0.0
H2.Z70,f,52584,50.05355218335709,0.019246710448168523,49.22375,50.14666666666667,0.0
H3.Z71,I2,52584,13.199061465874756,1.0208784397746824,2.0043333333333333,20.264333333333333,0.0
H2.Z65,PF,52584,0.9312977257301069,0.05181920359937348,0.4014083333333333,0.9900666666666668,0.0
H2.Z70,P2,52555,597.3127192298213,726.1890452400124,0.0,4283.846833333333,0.30459518599562363
H1.Z27,I2,52584,31.242871455887474,48.15990144852796,-141.89717249870216,299.80903291558224,0.0016354784725391754
H2.Z67,PF3,52547,0.2063725010706613,0.2508090618535272,-0.0737833333333333,0.8242727750756301,0.5435514872399947
H2.Z351,W1,28860,291088.7719591658,160757.81062189903,-1701.5068166666667,572026.8871869954,0.0
H1.Z10,I2,52584,8.764978963272704,3.5927958669533018,0.1474587697525236,44.16566666666667,0.0
H3.ZE44,U2,15686,231.3403558550019,1.6697581600536404,224.89040060120408,238.71334692704545,0.0
H2.Z68,PF3,52584,0.5695706314761473,0.06657892806251448,0.4836916666666667,0.8647439759948288,0.0
H1.Z21,P3,52584,48.94413558756024,155.81547139724196,-540.4075,5046.437414835711,0.09173893199452304
V.ZE84,PF3,9438,0.11548292816460026,0.3274993004300956,-0.8494783634609652,0.2866630543768399,0.0
H3.ZE40,W3,15685,17789.19664930873,11779.34446668829,-1314.12658331295,37522.16498946591,0.0
H1.Z20,P2,52584,-21219.500468071943,24763.067498777975,-62705.73307597391,8261.3025,0.00030427506465845124
H1.Z12,W,52585,173015.63088878975,88681.06427118773,12025.780000000002,319665.9170024989,0.0
H2.T.Z31,W_in,52583,217062.33846752014,116341.95824975283,19509.59,424457.3426000136,0.0
H2.Z311,PF1,30841,-0.49347129873607,0.4853742918436288,-1.0000000004193248,0.0115421080152251,0.0
H2.Z61,P3,52584,4681.899183484922,246.76544223917972,0.0,6001.319,0.0012361174501749582
H1.Z25,P1,52584,1232.2834240629795,1987.0417088912004,7.754947402132552,18584.251333333334,0.0
H1.ZE20,W2,9518,-185895.05338778786,51009.42573445035,-303189.642347089,-78632.77879375,0.0
H2.ZE74,PF,15681,0.456200363479826,0.14251755141215022,0.2293849899419947,0.899916636524054,0.0
H1.Z12,PF3,52584,0.22789291129944608,0.22889451652246945,-0.3015713148848949,0.8819750000000001,0.042940818499923934
H1.Z13,PF1,52584,0.6931415877485217,0.08283102102352077,-0.8821,0.992575,0.0
V.Z82,W,52583,836250.4902533194,341505.7828378397,99073.444,1360189.8743634496,0.0
H1.Z26,I1,52584,167.81928872189684,40.813010168854966,-0.3652098189606135,197.13208862728507,0.0054579339723109695
H2.T.Z33,PF1,51816,0.807719176397522,0.42661837401090086,-0.9971583333333334,0.9958666666666668,0.0
H2.Z66,Q,52584,2861.961240964288,2867.865440433346,0.0,11780.968,0.004012627415183326
H1.Z26,PF,52584,0.05346889738949222,0.09981453884320626,-0.1479221619252831,0.9670214916600118,0.011828693138597291
H2.ZE65,U2,15056,231.4216695609949,1.6035276944110444,224.88650377012087,237.3051306050851,0.0
WeatherStation.Weather,H,52608,29.52257534776186,14.121907711215373,-7.909677100181581,73.49937561247087,0.0
H1.Z310,W1,30809,-55789.600794100894,32102.398103892694,-109604.2913119046,-214.3470758483913,0.0
H1.Z26,W1,52583,46931.82437077932,29002.45734990055,725.361875,98357.91597709437,0.0
H2.ZE66,W_out,14418,0.0026880362408510244,5.136933988156362e-05,0.0010543710643595,0.0026908571720123,0.0
H3.Z312,I2,30817,27.677310183037406,45.0721790739769,0.0,206.85472842746304,0.0016224810980952071
V.Z82,U3,52584,230.06578865170644,1.5808826233672326,223.1435903498422,235.60877705463503,0.0
H1.Z26,W_in,52583,142409.7544351929,212004.66267106123,2757.34231875,2732899.5,0.0
H2.T.Z34,I3,52584,133.26264892883492,21.934053425976956,0.0,211.08966666666663,0.0012361174501749582
H2.Z69,P3,52584,675.1527658984788,107.89834290473439,29.136666666666667,1596.7458333333334,0.0
H3.ZE40,U1,15686,231.77195810830534,1.58655660053495,225.3172672052344,238.16942258693527,0.0
H1.Z21,f,52584,50.07766832991314,0.02538747413917719,48.99138409203365,50.16066666666666,0.0
H2.Z68,U3,52584,232.2499172252011,1.5819233298448558,225.0305555555556,237.6375,0.0
H3.ZE43,P2,15686,1396.5419654944492,860.0547380919711,-0.0131434410361704,3817.501504500323,0.0
H3.Z47,I3,30697,6.8885246441328505,2.824504398862174,3.45775,29.73933333333333,0.0
H2.T.Z33,PF,51840,0.8116288810959115,0.433634777235729,-0.9987,0.999975,0.0
H1.Z21,W_in,52584,14621.583347875647,6735.530172082869,1659.79,23441.61781580679,0.0
H2.Z351,U3,28861,232.07714414543344,1.5625277606972912,225.89149199038155,237.25667837839276,0.0
H2.Z65,W_in,52584,615047.0110180173,260277.98637291844,109138.8,1018875.5857983676,0.0
H1.Z17,W_out,30301,6874.00149999977,1.2667884845305722e-10,6874.0015,6874.0015,0.0
H2.Z70,I2,52555,6.363977240160964,7.651907085443315,-1.8503717077085942e-18,27.30675,0.3040624108077252
H1.Z28,I2,52584,-71.11438873112607,21.664154270079525,-258.00297311570904,60.68082940154604,0.0
H2.K21,V,52525,397735453.1629261,172866701.0918742,39500593.333333336,668229000.0,0.0
H2.T.Z32,P1,52584,1709.6042282274664,966.0090450751212,124.13066666666668,7505.874138901738,0.0
H3.ZE44,PF2,15686,0.7014567976457794,0.0893766088718453,0.1647445702094522,1.0,0.0
H1.Z26,W2,52583,31137.35542734209,19158.902307401506,596.726625,64848.5447324331,0.0
H1.W11,qv,52584,47.29398249338739,12.157316980421838,0.0,66.15833333333335,9.508595770576601e-05
H1.Z310,U3,30817,230.55299767407365,1.6403287534453397,223.88412218944944,236.88113306591237,0.0
H2.Z311,P2,30841,-10573.228755627477,17535.25488413612,-78656.9641486235,1.999350370355632,0.0
H4.Z50,PF2,47991,0.8466139984607525,0.08610330332433581,0.5525749999999999,0.9954,0.0
V.ZE84,I1,9680,-18.44776179296076,30.25119252040406,-129.01931912583754,-0.4558843219492183,0.0
H3.Z42,PF3,51840,0.8330368494107931,0.09143184341666452,0.3947916666666666,0.9950962322556955,0.0
H1.Z19,PF2,52584,0.2872661979442961,0.32152691021630947,-0.855525,0.8642745495306947,0.18053019930016734
H2.Z61,U2,52584,231.06303715082242,8.313424816005854,0.0,237.6775,0.0012361174501749582
H1.Z29,P2,52584,-16538.72037132663,26233.26833675753,-91926.5447291852,54458.6473343379,0.0
H1.Z19,W_in,52583,81394.24836146853,53463.85357706466,155.4,140143.88443745216,0.0
H3.Z44,PF2,51840,0.7274079189827994,0.07037911544082404,0.0,0.8409833333333333,0.0024691358024691358
H2.T.Z31,U3,52584,232.41219888120324,1.5765408618644692,225.50181022408964,237.8008333333333,0.0
H2.Z68,I2,52584,6.814493872887696,1.7430089515675982,0.0,10.535047827154552,0.0001711547238703788
H1.Z21,PF3,52584,0.606028718254778,0.3927100906798155,-0.8139147782853854,0.976,0.09219534459151073
H2.Z66,PF3,52584,0.2306776808523982,0.23943369994285696,0.0,0.8414083333333333,0.45158223033622397
H2.Z361,f,28861,49.999724128047546,0.008941066585200734,49.94950827280679,50.06698171289573,0.0
H2.Z63,W_in,52584,492758.0389154903,252367.26732469018,48072.72,865389.9793488218,0.0
H3.Z48,PF2,30697,0.07177124132478786,0.2556919727315302,-0.55345,0.8685166666666666,0.6915985275434081
H2.T.Z33,U1,51840,231.62969134669575,1.717081292854627,225.1,238.5508333333333,0.0
H2.Z311,W_out,30829,534868.2405292308,289648.1731678079,1377.172591666667,1017256.2548028822,0.0
H1.K12,qv,52526,6.021799682869307,9.62780028924617,0.0,27.993893119326664,0.5426645851578266
H4.ZE50,I1,15588,5.732259823718663,7.290759029610408,1.078932899718526,46.94779856575858,0.0
H1.Z27,I1,52584,36.08542559637228,45.90285937247913,2.0328790734103e-20,291.9494535883411,0.0
H2.T.Z30,Q,52584,-3162.7705421804185,1886.4223548236719,-6194.837,5763.084333333333,0.0
H3.ZE44,U1,15686,231.71327849023837,1.5832172662840565,225.2564237107027,238.10484647919412,0.0
H3.Z42,P3,51840,4111.972195937595,3504.1239958250094,71.45700000000001,10896.718,0.0
H1.Z27,U3,52584,230.2309315011683,1.7476168698202237,222.6682540308695,236.1571615360856,0.0
V.Z82,W1,52583,289202.46135117003,121093.34844304732,34772.10366666667,478819.39867323753,0.0
H2.ZE66,U2,15585,231.4577958295074,1.6014794417683875,224.91561739737213,237.35270786724337,0.0
H3.Z312,U1,30817,231.75289187834784,1.6416162159185772,225.4503948935601,238.84316323589064,0.0
H3.Z42,P1,51840,3758.3449811962187,3225.7890985470835,0.0,9340.321166666668,0.0011959876543209877
H1.Z10,PF,52584,0.9184674333891142,0.0747257889907856,-0.8856416666666667,0.9997916666666666,0.0
H1.Z13,U2,52584,229.76383788930613,1.7058975624465829,221.98083333333332,236.7903298744483,0.0
H3.ZE41,W3,15685,5826.800674920527,3917.4171558734924,-340.09773767882393,12954.247838046636,0.0
H3.Z40,f,51840,50.09803120955101,0.016986118480596404,49.26616666666667,50.165083333333335,0.0
H1.Z24,U2,52584,229.53928716003276,1.6962245394842952,221.6375,236.562866250223,0.0
H2.Z69,P2,52584,609.5971767879918,114.86901354937804,0.0,1610.3946666666666,0.0008177392362695877
H3.ZE43,PF,15686,0.7272709860547094,0.12342633524670266,0.0018399565155342,1.5439730126696531,0.0
H2.Z69,PF2,52584,0.5295143716098142,0.04491717790432842,0.0,0.91705,0.0008177392362695877
H1.Z10,U1,52584,229.88758706835543,1.6783846553822732,222.3658333333333,235.94696227067212,0.0
H3.Z48,P2,30697,342.64069485704755,989.8811727881065,-5.331333333333333,3582.647166666666,0.6915985275434081
V.Z84,P3,39529,-4647.231600795111,7640.347659425544,-36451.2378540305,12.085951702108432,0.0
H2.T.Z33,U3,51840,232.01068450336663,1.639743174077772,225.3733333333333,237.61,0.0
H1.Z14,U3,52584,230.1536177713286,1.7359952826965184,222.5283333333333,236.38536176551028,0.0
H2.Z63,WQ_out,52584,292361.3701404012,153128.6449592368,29713.63,572149.6788437564,0.0
H1.Z22,P1,52584,191.4815703257688,378.34861521312916,-77.80543715846994,6358.960711924751,0.02470333181195801
H1.Z17,PF1,52584,0.9197767978737195,0.03947662129012046,0.7401268613614597,0.9997837344134498,0.0
V.Z84,W,39528,-294989.5491412585,167147.20288700037,-573208.8457207601,-850.7807725806452,0.0
H2.T.Z34,P2,52584,29376.95265578564,5252.771993483826,0.0,48717.0195,0.0012361174501749582
H1.Z18,W_in,52583,53424.297833824654,27077.528000502218,5470.41,93209.82654354248,0.0
H2.K21,Tvl,52526,15.247019440398159,5.75095246889824,4.350931900682111,30.0,0.0
H1.Z310,I3,30817,15.64927506169692,25.188510018113263,0.2855036890506742,115.62236366271964,0.0
H2.ZE74,W,15680,3594.6313796480513,2063.3248683481247,24.5955712890625,6414.14535455,0.0
H1.Z25,U2,52584,229.65319803256253,1.7009260839296563,221.79666666666665,236.6102295392729,0.0
H1.Z310,PF1,30817,-0.49204549995476804,0.48311797098530534,-0.999999988566214,0.1241283000012238,0.0
H3.Z43,I1,51840,8.691761628338245,5.032691982412342,0.0,22.83333333333333,9.645061728395061e-05
H2.Z351,I2,28861,99.09740407845406,30.898918912606998,11.273559891982304,211.62654693771083,0.0
H2.Z64,I2,52584,25.91498851015398,7.666687127548736,0.0,52.47441666666667,0.0012361174501749582
H2.Z64,I3,52584,26.075181020176956,7.749964899563057,0.0,53.12433333333333,0.0012361174501749582
H1.K15,Tvl,52582,12.675312100025103,5.383662848361162,-43.75833333333333,37.0,0.0
H1.Z10,f,52584,50.091488624062144,0.03001131061657577,49.531292635658914,50.18991666666667,0.0
H3.Z43,PF,51840,0.8069838060108513,0.09763436053032765,-0.3285333333333333,0.9728083333333332,0.0
H2.ZE66,PF2,15585,0.29725217774706353,0.13936716734728793,0.0872636600863559,1.0,0.0
H1.Z26,P,52584,4801.533626127313,3872.5453235519344,-18955.55886612115,54735.24017279731,0.012494294842537654
H2.Z65,P1,52584,5697.264259064487,1956.3799746359678,264.7195,12144.5425,0.0
H1.Z28,U3,52584,230.2686774185206,1.7507426594141777,222.6689146920732,236.20179430813144,0.0
H3.ZE44,f,15686,50.000146960070886,0.009486840315462484,49.94874299591142,50.06673827171661,0.0
H1.Z28,PF,52584,0.28530294051651317,0.5836294033173236,-0.9827312530073284,0.9919617822791832,1.9017191541153202e-05
H4.Z50,WQ,52585,45865.79979052151,21027.868444633074,6229.820000000001,75596.87473416666,0.0
H2.ZE65,W2,15055,27621.931391948045,15105.818570118807,1203.3542093446235,58380.49839334759,0.0
H1.Z15,P2,52584,5433.2780360303595,21012.88713822901,-46390.086066468255,100002.41111955994,0.0
H1.Z14,WQ_in,52584,342483.29565675434,170442.86938316806,36502.41,624411.3838735685,0.0
H2.ZE74,f,15681,50.000201501525176,0.009512409070043273,49.95009335199992,50.067626200781866,0.0
H1.Z13,W_in,52584,407576.5866712984,185564.42849102383,55941.41,696811.0714416072,0.0
H3.Z48,W_in,30697,31883.593311496148,9385.931989213914,16543.19,47438.96714763263,0.0
H3.Z44,U2,51840,231.23832162361128,1.7700534755564885,224.78166666666667,238.9025,0.0
H2.Z35,f,23581,50.06104337181353,0.022204121197259823,49.97425,50.13816666666666,0.0
H3.Z40,PF3,51840,0.93750325231162,0.017443693559514313,0.0,0.9904083333333332,1.9290123456790123e-05
H1.Z12,P2,52584,1977.2397043588855,3022.6886182250996,0.0,27750.549166666668,0.0014453065571276434
H2.Z61,WQ_out,45064,0.8566864903248572,0.5164637522801295,0.0,1.47,6.65719865080774e-05
H2.Z69,U3,52584,232.1935097472538,1.5816783518103312,224.95222222222225,237.54416666666663,0.0
H4.Z51,WQ,52585,-91925.69731035498,46334.61901762411,-158435.61812366667,-10815.68,0.0
V.Z81,P,52584,5567.58554653494,45906.02169496085,-162558.20605059605,232923.0579737643,0.0
H1.Z10,I3,52584,6.62956251102474,3.756439402204637,0.1789999999999999,43.309333333333335,0.0
H3.Z49,WQ,52585,-5235.869456783701,2738.818004718542,-11116.303883564786,-2817.1400000000003,0.0
H1.Z13,W_out,52062,0.013114939879374624,0.013101291719369948,0.0,0.05,0.23003342168952404
V.Z81,W3,52583,229111.14270103004,41335.18608854444,121751.24312033266,289231.4489742053,0.0
V.Z81,W,52583,618939.0239975415,104117.27510592008,341380.1802829164,781463.0639286472,0.0
H1.Z14,f,52584,50.080705661146084,0.02021905346188963,48.98800037110342,50.1665,0.0
H3.ZE43,I2,15686,8.727544462413482,5.374924213716714,0.6166142462574934,21.54828101909233,0.0
H1.Z15,I2,52584,-117.84721013343523,51.43167831859297,-444.2485986852025,154.26334126790354,0.0
H2.Z68,PF1,52584,0.5893946570217972,0.07325264359918042,0.0,0.9005416666666667,0.0001711547238703788
V.ZE84,I2,9680,-21.120121986938916,34.58987471325226,-148.16578943627184,-0.4590876258818703,0.0
H2.T.Z31,WQ_out,52539,560.3386229223827,243.59730148219256,23.98,867.4826725135646,0.0
H1.Z18,P2,52584,284.94453951621585,510.22721200506226,43.93716666666667,5758.4736094354685,0.0
H2.ZE66,W,15584,25212.081633881546,16378.177146585253,789.2595,60063.72458163621,0.0
H3.Z48,I1,30697,1.7227619874588544,4.974436674068402,0.0,18.697,0.866827377268137
H3.ZE41,W_out,502,147.11625518801515,69.88378430268489,49.93295703125,277.2589782196969,0.0
H3.Z44,W_out,49886,85.09956220182289,42.06933702967699,0.0,106.0,0.19638776410215292
H3.Z312,U3,30817,231.96824380713508,1.5808404049560238,225.70318065239465,237.85317153294235,0.0
H3.ZE43,W3,15685,9385.961318967316,5597.775106573941,103.52828398857572,20678.87848845565,0.0
H2.Z70,Q,52584,3968.875538661276,4843.180641931324,-15.159333333333333,14364.673166666667,0.0
H1.K15,Tdiff,52584,-6488.027658788653,5448.423566662228,-22126.0,16914.5,0.0
H3.Z43,P,51840,4238.768875718729,2450.9673365054755,-6.322666666666667,12826.28711790675,0.0
H3.Z312,P3,30817,-6322.684161267413,10467.232463344475,-48195.20808159722,0.6206740985500326,3.2449621961904146e-05
H2.Z361,I2,28861,98.62158842447977,30.68105807628865,11.160160235845934,209.4772321678157,0.0
H1.Z21,WQ_out,52522,415.3394400739228,209.49313997547438,3.01,683.1812438241108,0.0
H2.ZE65,W1,15055,26569.65001557557,14576.222979788537,1133.969638510771,56385.70331111959,0.0
H1.Z19,W_out,52062,1348.4676405055507,181.66209327351015,0.0,1373.22,0.017824901079482158
H1.W12,W,52583,2918666.966145051,1613433.0169370067,153516.66666666666,5736030.0,0.0
H1.W12,P,52584,106099.26961424455,121763.43330136665,0.0,355942.531526023,0.4905294386125057
H3.Z312,P1,30817,-6335.905688536227,10487.642608828904,-48266.241673177086,8.80890443907843,0.0016224810980952071
V.ZE84,W2,9676,-64042.89735040316,16530.347290474587,-86817.930861289,-42943.963463912,0.0
H1.K12,W,52513,503632.73456649727,253366.17372993985,84100.0,848800.0,0.0
H1.Z18,Q,52584,285.3413077282526,734.6130130940983,-59.09930351024243,9002.717281081275,0.0
H3.Z41,U3,51840,231.909145476123,1.639548286177339,225.24916666666667,237.4958333333333,0.0
H3.Z49,P,30697,386.41349270750356,899.7655010431858,2.6044295783401683,6000.041333333333,0.0
H2.ZE64,W_in,15584,83464.35349271713,46725.67330369856,3371.34381617647,180986.86859005396,0.0
H1.Z310,W2,30809,-55530.99233343352,31948.794435102485,-109081.98078652236,-213.49405493999333,0.0
H3.Z41,Q,51840,-2058.332871824344,560.6887876811866,-4414.2865,28.91433333333333,1.9290123456790123e-05
H2.Z311,W2,30840,-166579.14042623463,95590.68704839966,-326636.0583067251,-458.1877689168333,0.0
H3.ZE43,P,15686,4028.384525218838,2660.3375815288205,-53.43533514095724,11458.43967938902,0.0
H2.ZE74,PF3,15681,0.7256460389314525,0.17608214546697268,0.0165292706568207,0.959022651792149,0.0
H2.ZE66,W1,15584,8343.142394959401,5410.236420022894,261.2473591877412,19838.954834943408,0.0
H2.Z70,U3,52584,232.20729337082093,1.5812937068914557,225.8054307530818,237.5366666666667,0.0
H2.Z36,Q,23581,11067.73769185589,14496.93521077471,-10651.570259559643,65617.86211784014,0.0
H1.Z11,Q,52584,5018.890549900842,7623.363137403208,0.0,57866.433470174605,0.0029856990719610526
H2.Z35,I3,23581,127.66852747703597,38.2063258666259,13.424,266.1481395523309,0.0
H3.Z45,I3,51840,4.841958520367298,10.460643194323376,0.3256666666666666,107.67303471654525,0.0
H2.ZE74,U2,15681,226.77591581594032,27.14840511494484,76.04096875585688,237.1417344900887,0.0
H2.Z67,Q,52584,2634.314688101215,3101.1298854668867,0.0,12520.403166666663,0.01359729195192454
H3.Z71,PF2,52584,0.8993898987397932,0.019125900980857445,0.1495083333333333,0.9781551354354188,0.0
H2.Z61,WQ,52585,290991.9471094793,150136.1771500263,28783.09,548397.0251589778,0.0
H4.Z51,P2,47991,1681.7890732821922,603.2534129330288,65.4455,5083.603166666667,0.0
H1.K15,Trl,52584,19.161726628193076,3.835875212510477,-151.80833333333334,42.28333333333333,0.0
H2.Z351,PF,28861,0.7858644561319837,0.4810791597209569,-0.9978085594309488,0.9970132934161484,0.0
H3.Z46,U3,52584,231.75489467153582,1.653824800945753,224.8804398513704,237.4883333333333,0.0
H2.Z69,U2,52584,231.52752484365456,1.6590971762298348,225.26666666666668,237.8733333333333,0.0
H3.Z46,PF2,52584,0.8971202409772248,0.033498089416414925,-0.0653416666666666,0.9745,0.00022820629849383843
H1.Z28,W_in,52575,813167.1658449328,319633.28865527874,209707.168,1336020.1919999998,0.0
H2.T.Z33,I3,51840,63.138659813213614,29.68622383275711,8.157666666666666,260.9282948255984,0.0
H2.Z36,P2,23581,28219.88523605918,10087.064392403818,-41258.588833333335,52873.59959054198,0.0
H2.Z361,U2,28861,231.56918516048702,1.617750413496301,225.1746202431768,237.6186793494809,0.0
H2.ZE74,W_out,7365,0.0589799571245654,7.404171913353274e-05,0.05876838684082,0.0630461105346679,0.0
H1.Z11,P3,52523,1861.141149218687,2999.5074017044435,-20.7815,27089.520166666665,0.43369571425851533
H2.ZE65,PF2,15056,0.8720041893715661,0.043449412057660584,0.7011206875050452,0.9717300566601796,0.0
H2.Z64,P3,52584,5712.196338892541,1913.9132740185298,0.0,12224.6415,0.0012361174501749582
H2.Z61,U3,52584,231.76463366323657,8.322348336698305,0.0,237.4425,0.0012361174501749582
H1.Z13,W,52585,407594.2615842245,185564.89069733716,55958.82,696818.0414416072,0.0
V.Z84,P2,39529,-5264.291058914707,8623.735391050084,-40578.08043572985,1.7293512179736237,2.5297882567229123e-05
H3.Z46,PF1,52584,0.9041670338959762,0.04621508340087893,-0.0112166666666666,0.977475,0.0004944469800699832
H1.Z22,PF1,52584,0.7110908412133056,0.38080046635469955,-0.99205,0.9870083333333334,0.02464628023733455
H1.Z24,PF1,52584,0.5441726214358483,0.4183039572221439,-0.2917333333333333,0.998125,1.9017191541153202e-05
H1.Z24,I2,52584,7.383168613445177,11.544851036055778,0.1783656230814999,102.28166666666668,0.0
V.ZE84,W1,9678,10433.564125526802,14401.635821389029,-9482.452,28114.0903943264,0.0
V.Z84,W_in,39528,4.77897756943567,4.996346433571595,0.0095,15.073666131062,0.0
H3.Z48,PF3,30697,0.08738266256515087,0.24347909352167652,-0.3452833333333333,0.8511666666666666,0.7233605889826368
V.ZE84,U1,9680,230.35311840661285,1.5214868953515324,223.7879317218268,235.6968617946755,0.0
H1.Z14,U2,52584,229.61286610159308,1.6981753040573508,221.9325,236.5951589415248,0.0
H1.Z28,P,52584,12776.173420027279,29939.882653990848,-57163.25635809082,145150.33745659722,1.9017191541153202e-05
V.ZE84,U3,9680,230.35185638459083,1.5266518817101482,223.9687524009194,235.78717825921592,0.0
H2.Z62,Q,52584,439.202749459397,283.27372089074044,0.0,1830.3131022001585,0.011353263350068463
H1.Z16,P,52584,1073.4559257864112,2899.2062953223035,1.8130540232669368,38167.57983333334,0.0
H4.Z51,P1,47991,1472.1443462480422,567.7915507553768,165.0,5232.4785404570575,0.0
H1.Z13,WQ_out,52062,0.0858368867888327,0.04701584164106956,0.0,0.12,0.22999500595443895
H1.Z22,W,52585,13899.949839914867,6373.206090038963,1548.72,22071.012028096506,0.0
H4.ZE50,P1,15588,1201.8841911106751,1698.266079884734,175.8862113647424,10767.249227430577,0.0
H2.ZE64,U1,15585,231.8740038502927,1.5475290038099232,225.33193227809684,237.0685472102824,0.0
H2.Z61,U1,52584,231.3851680864187,8.315896508517811,0.0,237.19,0.0012361174501749582
H1.Z15,U3,52584,230.19779684574496,1.7435586521301774,222.61474848429404,236.13227645414267,0.0
H3.Z48,P3,30697,339.8913069907439,981.5045090193812,-3.4716666666666667,3552.5281666666665,0.7220901065250676
H2.Z66,P3,52584,1561.4587449664932,1624.9273838534002,0.0,6049.007,0.45158223033622397
H1.Z28,W3,52583,139385.50535642574,53611.7761232782,32884.2796,222527.12477190548,0.0
H1.Z19,P3,52584,1068.2008345716122,1524.1980122244272,-74.98316666666666,6052.9485,0.031036056595162027
H2.Z70,W_out,45064,0.0,0.0,0.0,0.0,1.0
H1.Z13,P3,52584,4183.928589205857,1774.4973564903833,-2.333482723035872,13395.9615,0.00043739540544652367
H1.Z20,W_in,52584,8890.304827359709,4027.6432964559394,1219.42,15922.025246147969,0.0
H1.Z12,WQ_in,52583,147942.71329677524,77769.84249064616,10201.41,279783.42024683865,0.0
H2.Z69,WQ_in,52584,87946.26957217825,45511.22017106231,9103.73,165959.9099673735,0.0
H3.ZE41,U1,15686,231.7293731986599,1.586731003197739,225.255766199782,238.1306237119176,0.0
H2.Z351,P2,28861,19243.27846297857,12841.941369223787,-42943.26726303483,48022.704116274814,0.0
H1.Z310,P,30817,-10611.47136345881,17418.690636661253,-80127.39069010416,6.862957782745357,0.0
H2.Z36,I2,23581,126.72142274020626,38.806927671028305,14.819333333333333,241.11101227211665,0.0
H1.Z11,f,52584,50.04649476454305,0.022975044696765368,49.48609108527132,50.13375,0.0
H2.Z35,WQ_in,23580,210382.20268654608,92466.97690581276,46064.64,360817.87,0.0
H2.ZE66,P,15585,3795.4913774076417,3009.6348073091335,-0.0713950300376647,14301.18341885848,0.0
H3.Z43,WQ_out,49886,949.1142673295457,469.1986968585677,0.0,1181.06,0.19638776410215292
H1.Z310,I2,30817,15.605282780865597,25.13340800054515,0.2837514619009701,115.33122893015532,0.0
H3.Z43,W,52585,107276.53014518552,66471.51347835806,2662.98,223027.86497078405,0.0
H3.Z44,PF3,51840,0.5184522982208798,0.2973570911641367,-0.2905833333333333,0.998475,0.0011959876543209877
H1.Z21,U1,52584,229.74952786093112,1.6737612974497451,222.2325,235.72703084317632,0.0
H1.Z20,PF1,52584,0.014540263603239009,0.778859281041898,-0.9948416666666666,0.950225,0.00030427506465845124
H1.Z29,W,52583,-1419422.680856338,729547.9358436035,-2742657.075276959,-123062.3408,0.0
H2.ZE74,I1,15681,0.9478221901238214,0.24168213796165208,0.7087721668951823,3.9470196255048102,0.0
H1.Z20,W_out,52583,1855021.8031530916,978534.9300520744,152100.85,3556811.283744591,0.0
H2.ZE64,PF3,15585,0.8895573384583467,0.042057532910285744,0.5577305368582407,0.9780251633700088,0.0
H2.ZE66,I2,15585,6.648271858005367,5.208246619683251,0.0,23.0717755299831,0.002694898941289702
H2.Z63,U2,52584,231.2463103911357,8.319923802579348,0.0,237.8775,0.0012361174501749582
H2.Z69,I3,52584,5.335994227901965,0.5435609287323081,0.2263333333333333,9.823333333333332,0.0
H1.Z25,I1,52584,7.079086966108466,11.083664428369746,0.1997453272592848,96.79433333333331,0.0
H3.ZE43,W_in,15685,29475.430005665232,17460.673619542744,362.06735044663856,64384.12123099166,0.0
H2.Z311,W1,30840,-166759.57026245137,95687.82254710534,-327007.66746330686,-458.3546132771833,0.0
H3.Z45,WQ_in,51840,45511.07078459247,18416.12211654697,4066.33,64849.03247320069,0.0
V.Z82,U1,52584,229.8718221024269,1.5745740478751438,223.1119572789897,235.4109593862788,0.0
H1.K12,Tdiff,52584,-877.2812496045858,4015.71780612337,-15597.166666666666,17580.35718573569,0.00019017191541153202
H2.Z64,PF1,52584,0.927694406116482,0.0649414365421055,0.0,0.9887666666666668,0.0012361174501749582
H2.ZE74,U1,15681,230.53305984466664,5.005267492318944,201.06842927258452,237.13932322749775,0.0
H1.W11,Tdiff,52584,4964.310306304565,4626.003630387688,-7851.583333333333,38713.41666666666,0.0
H1.Z15,PF1,52584,0.24975161562125572,0.6076003766381491,-0.9944540972588326,0.999956783338996,0.0
H3.Z42,PF1,51840,0.7943388876178711,0.09624803789497148,0.0,0.9869166666666666,0.0011959876543209877
H1.K11,Tvl,52538,9.330453658490754,4.035016973884701,-2.0,37.0,1.9033842171380714e-05
H1.Z19,P,52584,2610.091014115843,4853.207333734612,-15.707833333333332,25292.51451151785,0.30623383538719
H1.Z12,I1,52584,11.391754434678738,16.964635679225722,0.0,139.86683333333335,0.014396013996652975
H2.Z36,PF3,23581,0.9469196319994371,0.20780841826117386,-0.994625,0.9968416666666666,0.0
H1.Z24,Q,52584,2836.418323785642,4620.9490909705455,1.2806666666666666,38773.747833333335,0.0
H1.Z14,U1,52584,229.76566173537714,1.673721858224292,222.315,235.8461288893972,0.0
V.K21,Trl,52539,10.077848147879688,3.569712583549071,-1.575,37.0,1.9033479891128496e-05
H1.ZE20,PF3,9519,0.08531501600840329,0.8906088527971561,-0.9994911592205368,0.9997534051043424,0.0
H1.Z19,WQ,52585,4607.281077017315,3169.766206583802,-148.8218317439007,8168.277378226618,0.0
H2.Z66,WQ_in,52583,98715.10238835006,41927.14614209084,22725.13,173115.67559671449,0.0
H1.Z26,W,52583,123651.93091658775,74864.62705392727,2198.327,254771.4786684394,0.0
V.Z81,U3,52584,230.03087180334876,1.6140215468012777,223.06374764336485,235.61786582394035,0.0
H1.Z28,W2,52583,209356.44310034215,95056.70514003125,31240.7812,359605.525166888,0.0
H1.Z20,U3,52584,230.20000817399273,1.740454810297137,222.6125,236.44796544385795,0.0
H1.K16,Tdiff,44677,-3849.4997609631455,3197.0030960542003,-24456.08333333333,13347.166666666666,0.0
H2.Z61,P,52584,12956.43394903303,1542.5680524680274,-0.24225,16882.77927793855,0.011353263350068463
H1.Z11,I2,52584,11.664564663453158,17.2249562402477,0.0,141.89341666666667,0.0030427506465845124
H1.Z16,Q,52584,620.5437756989838,2557.8806530536726,0.0,25688.23683333333,5.705157462345961e-05
H2.ZE67,I3,15503,3.9630544255866584,7.5245525708201955,0.0,55.360870361328,0.6478746049151777
H2.Z70,W,52585,55302.53685292681,28177.72013979891,5252.13,104432.57255674948,0.0
H3.Z47,P3,30697,1308.2090413501319,680.3666415534524,377.92083333333335,6590.259,0.0
H2.Z62,U3,52584,232.07444527945444,8.332976420070533,0.0,237.69833333333327,0.0012361174501749582
H4.ZE51,PF2,15588,0.7827489450831487,0.09554893571971594,0.6231533471888212,0.9978217053211148,0.0
H2.Z351,U1,28861,231.79283691653714,1.5792914561807314,225.44574083326123,237.24252068470736,0.0
H2.Z67,PF2,52584,0.21802141553561066,0.2555663699334394,-0.1575166666666666,0.8266305851709826,0.013692377909630305
H3.ZE43,P1,15686,1321.0008659472785,1010.5044341068285,-3935.690904370037,3816.611708689582,0.0003825066938671427
H3.ZE40,f,15686,50.00014381541552,0.00948626672448278,49.94886267450906,50.06679520606988,0.0
H1.Z25,W_in,52584,97712.18263350781,54660.90567772834,11813.98,186263.2770046946,0.0
H1.Z16,W_in,52583,23048.917480340253,15127.365094894241,1286.01,57769.395327838894,0.0
H1.Z29,f,52584,50.00040835395745,0.008825235895528204,49.94845763098926,50.066488263375,0.0
H1.Z310,P2,30817,-3526.9541651179225,5793.780662993213,-26654.06649414061,-0.5219660149379206,0.0
H3.Z44,PF1,51840,0.8370050374474384,0.08248283593058418,0.0,0.9985833333333332,0.0015239197530864197
H1.Z17,W3,52583,770494.9306120257,315419.436215257,187922.9344,1274935.6276171263,0.0
H4.ZE51,U1,15588,232.00158624930475,1.5934449724121253,225.32660597942348,237.06902551709737,0.0
H3.Z71,P3,52584,2478.0285058071286,416.3065811937792,326.49916666666667,4891.863696079002,0.0
H2.Z61,I3,52584,24.711666008565693,1.4101063663098348,0.0,31.404666666666667,0.0012361174501749582
H3.Z49,I3,30697,1.1041781491241351,1.6026114025236236,0.45,10.370833333333334,0.0
H2.ZE74,P3,15681,204.964402078773,96.48729919472375,1.3905072402291827,504.52111460367854,0.0
H1.Z17,W_in,52583,595994750.2920852,1683622.6755599251,571017715.2,597701114.6550754,0.0
H3.Z44,WQ_out,49886,814.3971655374,402.60072227371006,0.0,1013.57,0.19638776410215292
H3.Z312,W3,30817,-100093.7534924722,55922.47813192023,-195402.0745758429,-495.58837935972,0.0
H2.T.Z32,W_out,45064,0.0,0.0,0.0,0.0,1.0
H2.Z62,PF3,52584,-0.08827228181086358,0.27897192100292934,-0.9439833333333332,0.0165666666666666,0.0012361174501749582
H1.K16,Trl,44677,12.27107039881033,3.218221904350665,4.541666666666667,37.0,0.0
H2.Z66,U1,52584,231.86161778675145,1.6118207657176689,225.55512442824372,237.395,0.0
H3.Z46,U2,52584,231.1274683847118,1.7661031251172736,224.71416666666667,238.8633333333333,0.0
H1.Z310,PF2,30817,-0.503323057404028,0.47114608402334274,-0.9999999717811348,-0.0134415574291754,0.0
H2.Z66,I3,52584,8.213117994253546,8.527677195769193,0.0,31.314833333333333,0.45158223033622397
H3.Z42,W_out,49886,484.2245888626312,239.37849624837287,0.0,602.56,0.19638776410215292
H2.Z63,I3,52584,27.939416656832023,3.0347591535747647,0.0,35.872499999999995,0.0012361174501749582
H1.Z10,W_in,52584,129210.38314836667,68647.4082490807,9648.26,244494.84767802947,0.0
H2.ZE74,PF2,15681,0.4146708129192697,0.17156491045191205,-0.8295111527045568,0.945474210547076,0.0
H1.K16,V,44676,61315360.55732014,27191167.692498263,1348980.0,90928350.0,0.0
H2.Z63,U1,52584,231.68770915263454,8.327170282826312,0.0,237.5283333333333,0.0012361174501749582
H1.Z15,I1,52584,-125.13721067227294,46.40146310639107,-446.5788481855839,259.20384939656526,0.0
H1.Z13,U3,52584,230.35018853852173,1.7456854269171997,222.63,236.61836573893035,0.0
H1.Z13,WQ_in,52584,358315.1492157406,178360.1466147158,38121.14,653261.1454674104,0.0
H2.ZE64,I2,15585,18.73685033340749,4.440589091171818,12.772874232873145,34.6312421786174,0.0
H1.ZE20,W_out,9518,566552.0216769316,155033.06187061258,240505.992,922716.2298363976,0.0
H4.Z51,U1,47991,232.0719044205429,1.6272523193259327,225.57333333333327,237.19916666666668,0.0
H2.ZE64,PF,15585,0.8747789415710969,0.0461933621376719,0.58590563802546,0.9715393263844022,0.0
H2.Z66,PF,52584,0.6123282024404417,0.09551198757465447,0.0,0.8583166666666667,0.004012627415183326
V.Z81,W_in,52575,-5522728100.752115,318470666.0612921,-5547013552.0,421588743.8644068,0.0
H3.Z47,P,30697,4033.823456331467,2446.553152038215,-1163.5701338860351,19244.19283333333,0.0
H1.Z23,P2,52584,664.3561990749092,2880.6483878658496,-8.624833333333333,40673.778333333335,0.17343678685531722
H1.Z16,U1,52584,229.83612120253804,1.676937098333347,222.37583333333333,235.0458333333333,0.0
V.Z82,P,52584,23157.407899914277,45990.58862671901,-151618.89964590772,249927.76581133372,1.9017191541153202e-05
H2.Z69,P,52584,1884.2687863674835,329.3238459998697,3.6964832690667815,4806.152,0.0
V.Z81,W_out,52583,491363.45853013516,266025.4668892801,47840.65013333333,1013491.5420692384,0.0
H3.Z46,W_out,45064,0.0,0.0,0.0,0.0,1.0
H1.Z10,PF3,52584,0.901893210292444,0.07795368243277634,-0.8584833333333334,0.9896166666666668,0.0
H3.ZE41,W,15685,31290.623405625513,19463.05046133507,-20.6955205078125,66429.23954039303,0.0
H2.Z361,W_in,28860,917127.0364426489,506791.82064441516,1241.7816125,1808846.2301818705,0.0
H2.Z64,U2,52584,231.31023411556643,8.321899173155733,0.0,237.945,0.0012361174501749582
H3.Z49,I1,30697,1.0793940107566653,1.52155855145668,0.45,9.9745,0.0
H2.T.Z33,PF2,51815,0.7959634112250158,0.43597980918582285,-0.9965416666666668,0.99575,0.0
H2.T.Z33,I1,51840,67.04437201114548,30.575619700848744,8.19075,275.463546129536,0.0
H1.Z15,P1,52584,8674.039446159191,21247.123931842838,-45086.85990510804,98806.5736218918,0.0
H3.Z40,WQ_out,51840,90834.13029384344,43056.415502152864,10612.72,160409.7097960614,0.0
H3.Z47,Q,30697,-2579.451043581942,366.3814918676609,-3470.9055,-859.4639999999999,0.0
H3.Z43,I3,51840,8.431565814578681,5.22847948361051,-5.9211894646675e-17,24.13552656000055,0.07552083333333333
H3.Z45,P,51840,2581.2432117220146,6127.566529789154,0.223179946203088,64647.3173827593,0.0
H2.ZE65,P1,15056,3670.6486163885993,1051.4308136767047,793.4345349704153,7463.642251873306,0.0
H1.Z12,U1,52584,229.97877076467682,1.6818228744160513,222.445,236.104529541085,0.0
H1.Z24,PF3,52584,0.35208192990531084,0.5366317681784134,-0.997575,0.9588666666666666,0.13376692530047163
H2.T.Z34,U3,52584,231.86950636573826,8.326073829935165,0.0,237.54666666666665,0.0012361174501749582
H2.T.Z32,P,52584,5093.278234615573,2887.5115613867883,29.694495226237425,17633.126500000002,0.0
H1.Z20,f,52584,50.04699923831519,0.014153563589184707,49.46282364341085,50.1205,0.0
H1.Z26,W_out,52331,554.1010701971068,305.89329246561863,37.8589140625,1085.2675078125,0.0
H3.Z46,WQ_in,45077,7776.1261842270305,6434.366943752096,0.01,19348.66829325,0.0
H2.Z64,W_out,50294,0.05903168640394452,0.02609524990303541,0.02,0.11,0.0
H2.T.Z33,P1,51840,12745.90967037474,9473.380469618432,-37828.55383333333,59796.04266187069,0.0
H3.Z43,W_in,51840,108860.34926262806,65779.48740831784,2662.98,223135.9049707841,0.0
H2.T.Z31,f,52584,50.0456627095588,0.018805457900588497,48.870354166666665,50.12375,0.0
H3.Z49,PF1,30697,0.11161544988858081,0.20425913952889976,-0.047,0.857,0.0
H3.Z48,Q,30697,628.9305510059363,1835.4892741169872,-8.001083333333334,9945.612684885304,0.6534189008697918
H2.Z69,Q,52584,2984.018274069249,271.3849946093357,7.363586548797371,4988.662666666667,0.0
H2.ZE66,PF3,15585,0.9553224889999854,0.041279079612999,0.8246863263025523,1.0,0.0
H2.Z61,W,52585,384872.5574985319,198816.6085468763,39186.19,727515.8453283575,0.0
H1.Z27,U2,52584,229.64484999604326,1.681528654260101,222.33455639484225,236.2375166072623,0.0
H2.Z36,W,52585,1887315.9077072397,614532.237104034,307071.5,2310021.46,0.0
H4.Z51,Q,47991,-3084.8729266586315,345.91642981802227,-4749.797343243231,-635.4306666666666,0.0
H1.Z17,PF2,52584,0.9093156490148157,0.036992856957135375,0.7412104649000287,0.999394158153765,0.0
H3.Z49,U3,30697,231.9457477813776,1.6028834811084423,225.3083333333333,237.395,0.0
H1.Z12,W_in,52584,173007.00964109952,88680.08592472893,12025.6,319665.78694191563,0.0
V.Z81,I3,52584,119.34743575821459,45.47693519771948,-172.53598579346223,379.9256938552753,0.0
H3.Z47,PF,30697,0.7525817738837579,0.10493795548032356,0.3818916666666666,0.9945166666666666,0.0
V.ZE84,U2,9680,229.77883542621308,1.5480630107151307,223.2775353495765,235.8233245499712,0.0
V.ZE84,W_in,9672,0.31857537008971165,0.03213082711511697,0.23580477905273,0.36007595825196,0.0
H4.Z50,f,47991,50.05794672452789,0.017297670578671914,49.98425,50.1265,0.0
H1.Z16,U2,52584,229.6641801411545,1.7032265558766073,222.02916666666667,234.94583333333333,0.0
H2.Z63,PF3,52584,0.7849705469429378,0.23265215145855447,-0.0163999999999999,0.9351166666666668,0.0012361174501749582
H2.Z35,U1,23581,231.60314737182688,1.610063111484187,225.4414012014649,235.585,0.0
H1.Z12,I3,52584,11.41727516249131,17.577455797332977,0.0,141.7374166666667,0.04330214513920584
H4.Z51,W,52585,139154.46691894284,63840.0240028673,18713.73,228444.35890125,0.0
H1.Z27,P3,52584,6566.967273184142,9798.991008769275,0.0,62852.871092532165,0.037330746995283735
H3.ZE44,I3,15686,7.3019112061638625,8.974951557680836,0.0,56.21980741597498,0.13394109396914447
H1.Z18,PF,52584,0.8917547623162476,0.13353184800123905,0.3568416666666666,0.99735,0.0
H2.Z65,W,52585,615072.0001332563,260278.08951150574,109165.78,1018896.8237759512,0.0
H1.Z15,W,52583,1081957.9078609024,369471.0075592661,309574.45532540395,1635257.3511337673,0.0
H1.Z25,I2,52584,7.133288132745495,11.541809339230186,0.1660887101221964,102.78333333333332,0.0
H3.Z49,f,30697,50.04844243344927,0.012369333537629095,49.21683333333333,50.11583333333333,0.0
H1.W11,V,52584,1422106271.6263514,768435819.3029839,124369100.0,2626128900.0,0.0
H3.Z42,P,51840,11756.041084398408,10137.805765209398,3.701384474854018,42492.6332272768,0.0
H1.Z18,PF1,52584,0.7006728141876286,0.16639013530599742,0.0,0.9144,0.03763502205994219
V.ZE84,P1,9680,-3789.368133556819,6894.719166690156,-28963.47705078125,7418.666753743489,0.0
H1.Z12,WQ_out,52159,-0.9102686543108665,3.8813735449748017,-5.974636350000001,3.425340566666665,0.0
H2.Z65,PF3,52584,0.9364431404299428,0.04863057343088152,0.4007666666666666,0.9908583333333334,0.0
H4.Z50,PF,47991,0.8634875563813669,0.061820609022396444,0.6155416666666667,0.9986916666666666,0.0
H2.Z63,f,52584,50.04740729867656,1.7647774387514923,0.0,50.184583333333336,0.0012361174501749582
V.K21,V,52583,740595508.6377319,364370793.0750373,71615300.0,1386073197.0722826,0.0
H2.Z63,WQ_in,52561,0.0,0.0,0.0,0.0,1.0
H2.ZE64,W3,15584,28636.358189152572,16031.53522213876,1161.5983726474412,61987.21128379823,0.0
WeatherStation.Weather,Dc,52608,175.31845058013405,63.02208191775951,13.663818359375,330.48913574219,0.0
H3.ZE43,U1,15686,231.69749741891187,1.5853537173169596,225.2239490923498,238.09775125129565,0.0
H1.Z25,W_out,52062,0.016172256156121924,0.009222692191697064,0.0,0.03,0.2299757980868964
H1.Z26,U3,52584,230.26519137149018,1.7492428186575861,222.66271514892517,236.2033728299168,0.0
H2.Z311,I3,30841,48.0372602277875,78.54750487601585,0.6941597064363767,422.7210997903914,0.0
H2.ZE74,U3,15681,230.98359138514664,5.033333125112534,201.29155309041272,236.8164058246611,0.0
V.Z82,W2,52583,281401.71942227957,115573.98936007738,31810.089666666667,457600.8316213184,0.0
H1.Z28,P3,52584,3420.479158919206,7355.407512500719,-17106.682621382006,37352.50566840277,1.9017191541153202e-05
H3.Z44,WQ,52585,50764.07791052101,28845.21841251892,444.69,112543.0780450786,0.0
H3.Z44,W,52585,60040.37305187193,33776.09646995427,2559.22,132473.80252773897,0.0
H2.ZE66,I1,15585,6.6919703009894205,5.245534838455735,0.0,23.319092049584373,0.002694898941289702
H4.ZE50,PF1,15588,0.8828142636424741,0.046861443877649525,0.7212681926911071,0.9993492072441496,0.0
H1.Z17,I2,52584,102.09565649194519,60.959079529645,-164.43328697448158,427.6888640509707,0.0
H3.Z41,P1,51840,2644.214912774609,1552.565486781338,0.0,15106.799592727531,1.9290123456790123e-05
H2.Z70,PF2,52555,0.3154114927659267,0.24095417278363782,0.0,0.8890897540983607,0.30457615831034157
H1.Z16,PF2,52584,0.8039289909933095,0.010021115694370543,0.161025,0.8318249999999999,0.0
H2.T.Z32,U2,52584,231.63153254439197,1.6359914823434176,225.0825,237.89333333333332,0.0
H1.K14,P,52525,14781.951429424622,27514.70654110927,0.0,725101.6666666666,0.45009043312708236
H1.Z12,PF2,52584,0.7983737973557069,0.06137237044863883,0.0,0.90305,0.0013692377909630307
H3.Z312,W_out,30804,300719.4635197535,167845.03409013702,1488.926625,586887.478,0.0
H2.T.Z30,P3,52584,5472.150754181641,4463.618776893407,1026.4716666666668,27925.75333333333,0.0
H3.Z47,PF2,30697,0.7493039672499562,0.11583189360319256,0.4343666666666667,0.9810433060109288,0.0
H1.Z29,PF1,52584,0.14322031226740822,0.8881934406410733,-0.99996509059256,0.9999831747364302,0.0
H2.ZE74,W1,15680,543.2048912057408,291.2287632777069,21.5219984474185,920.9781666856068,0.0
H1.Z28,I1,52584,-66.91537100923078,26.8569057471636,-241.80374186197935,179.58956951565182,0.0
H2.Z63,P,52584,15356.578830455317,5169.6417284131085,-101.49766666666666,23240.528166666667,0.011334246158527309
V.Z84,PF1,39529,-0.45375908844092094,0.4559232126073616,-1.0,0.0798364591948248,0.0
H1.Z15,W_out,52583,1014101.0011813334,5557125.753260287,71454.29000000001,72035748.0,0.0
H1.Z28,PF2,52584,0.3520095972499057,0.56652074426521,-0.9935346651973236,0.9999128469467704,1.9017191541153202e-05
H2.ZE66,U3,15585,232.14149375944507,1.5391592975324933,225.75499853816265,237.19305812675745,0.0
H1.Z26,U1,52584,230.00199346953883,1.6640518785284846,222.79472045898416,235.7244952994472,0.0
H2.Z67,WQ_out,45064,0.0,0.0,0.0,0.0,1.0
H3.Z47,WQ,52585,-45419.630497140424,26064.945644321862,-102068.9172911329,-22505.76,0.0
H1.K14,W,52522,437089.8264127563,210038.28478795325,28800.0,810800.0,0.0
H3.Z44,P1,51840,896.9953307530847,1022.0525497304351,0.0,12009.702,0.0015239197530864197
H2.T.Z30,I1,52584,25.682437834925793,15.671571247339593,8.598416666666667,101.63862545682127,0.0
H2.Z35,W_out,16061,1191.2969793288069,3729.4380894145597,0.0,17901.95,0.883506630969429
H1.Z22,P3,52584,22.972568020009586,154.61845427613588,-604.9751666666667,5118.045446098274,0.32146660581165376
H3.ZE40,P,15686,7889.187399932985,2395.6630076544866,-590.94276371934,18015.256162484075,0.0
H3.Z40,W_in,51840,257552.21913897214,130783.82458967723,28828.08,476092.75177560834,0.0
V.Z82,PF3,52584,0.3005419827126064,0.6604126854104936,-0.989754427948792,0.9999307177133032,1.9017191541153202e-05
H2.ZE65,PF3,15056,0.841045269669272,0.2954454209277702,-0.941205377369674,0.9755653819006777,0.0
H2.Z311,U3,30841,232.12215282078057,1.552525966422362,225.95649142564827,237.62942227154207,0.0
H1.Z28,P2,52584,6010.757153661851,10771.082934491069,-19902.926506270825,53834.61540798611,1.9017191541153202e-05
H2.T.Z34,PF1,52584,0.9885697449488776,0.03558364535450475,0.0,0.9979041666666668,0.0012361174501749582
H2.Z67,f,52584,50.058380383120785,0.018897904792893987,49.05768333333334,50.12991666666667,0.0
H2.Z69,WQ,52585,87950.7361579035,45512.03178164859,9106.8,165962.7199673735,0.0
V.Z81,f,52584,50.00037104727543,0.00882281883893513,49.948931270906336,50.06685696601871,0.0
H1.Z20,W,52585,-1846195.8172831465,974553.85863417,-3541065.408498443,-150880.91,0.0
H2.Z63,P1,52584,5199.166011608052,1627.298642750455,-19.851333333333333,7741.888666666667,0.0012361174501749582
H1.Z22,PF2,52584,0.7351239094078569,0.28648799503581035,-0.8700166666666667,0.940699726775956,0.042845732542218164
H1.K11,W,52499,214027.30401905745,109478.55834889595,10700.0,420300.0,0.0
H1.Z11,I3,52523,11.081040925675806,17.362547049573266,0.0,139.66333333333333,0.4335243607562401
H2.Z62,P1,52584,-410.6858799923801,1254.1773941424444,-5437.716166666667,10.702833333333333,0.0012361174501749582
H1.Z20,PF3,52584,-0.10980521895188809,0.6736151658803506,-0.9880666666666666,0.8618916666666667,0.00030427506465845124
H1.Z23,P3,52584,847.8508600475054,3036.4038584226982,-0.1162499999999999,41212.8365,0.17406435417617527
H1.Z15,P,52584,22476.78468322167,65691.29546414108,-137383.01247891865,315070.4206852811,0.0
H2.Z66,WQ_out,45064,0.0,0.0,0.0,0.0,1.0
H2.Z361,W,28860,853972.8736790455,469928.63713593234,-5075.9573,1685969.8141818703,0.0
H1.Z310,U2,30817,229.9232100530681,1.6082102811820669,223.4690168051279,237.0305228393564,0.0
H2.Z61,P1,52584,4235.454252098017,229.8050585062443,-8.6075,5454.1450308867925,0.0012361174501749582
H3.Z40,U1,51840,231.66994266049775,1.7173774385008607,225.19162419361143,238.58083333333332,0.0
V.ZE84,I3,9438,-16.195909048602193,5.71599184813178,-47.09883127848311,-0.4651160513195725,0.0
H2.Z361,W_out,27984,60996.147052951696,36426.30536258211,6285.2073,122427.009,0.0
H2.ZE65,W_out,11547,0.00537216873768558,0.0006083041530411045,0.0050711522102356,0.0072559757232666,0.0
H1.Z14,W_in,52584,384495.8317432874,175190.23256190377,52663.94,657679.3804214447,0.0
H2.T.Z31,U1,52584,231.91779443913444,1.6075406678012845,225.52083333333331,237.58916666666667,0.0
H3.Z40,PF2,51840,0.9013265355933117,0.036235211064831144,0.0,0.993025,1.9290123456790123e-05
H4.Z50,P3,47991,1324.359858330579,1738.5833231407378,189.5148333333333,13059.041333333333,0.0
H2.ZE64,P2,15585,3760.838379050962,1142.940377044613,657.127972556884,7709.416449435911,0.0
H1.Z21,W,52585,14546.668808225599,6707.52363432677,1655.4466666666667,23336.150264868586,0.0
H3.Z41,W_in,51840,191135.48358093968,80906.611814721,22745.76,316559.9495451014,0.0
H3.Z46,PF3,52584,0.9431150736039217,0.03456252982441184,0.2975610581999371,0.9813666666666666,0.0
H2.Z351,P1,28861,19884.25629017531,13010.743755327441,-43044.8797281726,49047.889896934204,0.0
H3.Z48,PF1,30697,0.08393495607934019,0.2452958662692098,-0.7817333333333334,0.855725,0.8665016125354269
H1.W12,Tdiff,52584,7936.716655356956,5147.238732245962,-5205.0,31554.83333333333,0.0
H1.ZE20,W1,9518,-199448.00538974616,54243.631010881756,-324377.4361422195,-84888.60074375001,0.0
H3.ZE44,W2,15685,8752.092190540643,6268.743157115644,73.5288417793675,18635.480278582243,0.0
H3.ZE41,W_in,15685,32180.665806357567,19482.8875517824,238.86144678791,67331.19215103459,0.0
H3.ZE40,W2,15685,24358.065676486345,13658.409232981217,586.65562109319,47697.92473298791,0.0
H2.Z65,PF1,52584,0.9324118145555841,0.05536018930204923,0.3273833333333333,0.9904666666666666,0.0
H1.Z21,W_out,52501,75.6060801637937,28.986357662126075,4.59,105.6974682935814,0.0
H3.Z45,f,51840,50.123049838577856,0.01594373364892385,48.45041666666667,50.18875,0.0
H3.Z40,I2,51840,14.130270451306055,3.1987714761452923,0.0,34.90076341625057,1.9290123456790123e-05
H3.Z44,PF,51840,0.842086859765773,0.11788845405930908,-0.29075,1.0,0.0011381172839506173
V.Z82,I3,52584,76.78107800522088,35.12116413830461,-50.11237037185956,434.2353930156488,0.0
H2.Z361,P1,28861,19652.10308014214,12732.454136298991,-41783.55551845318,47804.33461737701,0.0
H1.Z20,U2,52584,229.64254896159198,1.6984080947677327,221.88666666666668,236.60279883509628,0.0
H4.ZE51,P3,15588,1506.2406929897402,769.4765445942056,358.87598319885245,6310.718391291607,0.0
H2.ZE66,P1,15585,1253.654081625611,985.4620261614486,-2.845258513797776e-06,4688.371902960648,6.416426050689766e-05
H1.Z20,WQ,52585,-154524.48582660905,76371.38287962516,-285776.2419914636,-14707.43,0.0
H1.Z24,P1,52584,1149.6151150076637,2013.3070589039307,-43.622166666666665,18590.5455,0.0
H3.ZE44,P1,15686,1315.729664354936,1785.5223788065452,-2731.6732621811875,73831.506352067,0.00019125334693357134
H2.ZE67,W1,15584,5509.287876192813,2295.853423007684,274.9939337139024,9198.051385371044,0.0
H3.Z40,P1,51840,2906.4821911695253,881.4441329565987,0.0,7130.9635,1.9290123456790123e-05
H2.Z65,I2,52584,26.581667259145423,7.790000070936603,1.7726666666666666,53.872416666666666,0.0
H2.Z61,PF2,52584,0.8075439298649867,0.0366223685775814,-0.0687083333333333,0.8570083333333333,0.0012361174501749582
H3.Z49,P3,30697,127.32474590981805,304.5143889857539,0.25,1986.39,0.0
H1.Z28,f,52584,50.000495197292146,0.008809261835980043,49.94853888271693,50.06652090153335,0.0
H2.ZE66,W2,15584,8332.887413944618,5409.609897413873,260.5942945587401,19842.524344330857,0.0
V.Z81,PF3,52584,0.12091710982676548,0.4647116634000857,-0.937345099747652,0.9998084881013398,0.0
H1.Z26,P1,52584,1856.8071518723843,1069.0132183248243,-7018.351950122348,16973.64603542748,0.012494294842537654
H4.Z50,PF3,47991,0.8053571078885671,0.07872823100652719,0.517125,0.9975833333333332,0.0
H3.Z45,PF3,51840,0.7134920022238774,0.16152845801156127,0.1653166666666666,0.9950583333333332,0.0
H1.Z20,WQ_out,52583,164005.44630779073,81198.55815739562,15708.34,303515.7579550437,0.0
H1.Z24,PF,52584,0.9407456775964849,0.060732902463072835,0.7237333333333333,1.0,0.0
H2.Z66,W_in,52583,143277.37419314406,60277.063296337634,33867.92,250633.92004414232,0.0
H2.Z311,PF2,30841,-0.4925774754159588,0.4860763303430305,-1.0000000017994348,0.0121745086448134,0.0
H3.ZE41,P3,15686,831.0265674704078,493.39253261959027,-1693.4697253236402,4268.670727082744,0.0
H1.Z24,WQ_in,52583,83008.33592401679,46667.44873272992,9268.48,158515.34989428546,0.0
H4.ZE51,I1,15588,9.86264574546593,2.8892927822359185,2.538335684627832,28.76075029188584,0.0
H3.Z41,PF1,51840,0.8626995089455506,0.07815321990750111,0.0,0.996,1.9290123456790123e-05
H2.T.Z34,P,52584,87007.55677077013,18073.946883214427,0.0,146988.7603333333,0.011353263350068463
H3.ZE40,W_in,15685,62448.12755336535,37198.549678722295,586.6789608676401,125820.81986083787,0.0
H2.Z63,I1,52584,28.052218398234302,2.91042051189595,0.0,35.81875,0.0012361174501749582
H2.T.Z34,W_out,45064,0.0,0.0,0.0,0.0,1.0
H2.Z64,W_in,52584,597628.491979378,252791.68006893035,106311.1,990425.261358432,0.0
H2.ZE64,P3,15585,3903.8476009358596,1169.2891035298233,797.7751227692074,7849.776522787752,0.0
H3.Z40,WQ_in,51568,5004.658212850486,4826.85545568371,26.17,14264.61531543948,0.0
H3.Z71,PF1,52584,0.9076403650988861,0.022180936517775487,0.4852,0.9831333333333332,0.0
H3.Z49,W_out,25575,-0.0029667982763115644,0.0007602770360239107,-0.0031874166666666,0.0,7.820136852394917e-05
H2.K21,Tdiff,52584,-383.56754784315365,510.17844049356256,-6850.853591160221,2929.0,7.606876616461281e-05
H1.Z14,W,52585,384512.5249327729,175190.68774781184,52680.28,657686.0104214447,0.0
H2.Z67,P,52584,3711.4400013328536,4436.808495187409,-0.88775,18632.356000000003,0.01359729195192454
H2.Z361,PF2,28861,0.793491747212307,0.4926341548325918,-0.9993067168007728,0.9995479230523956,0.0
H2.T.Z32,P3,52584,1395.055873400994,1024.7862693662776,76.13883333333334,7317.808999999999,0.0
H2.Z67,P2,52584,1223.2924328983197,1469.722349380779,-3.8935,6187.062,0.013673360718089153
H4.ZE50,W,15587,22894.538499938928,12976.769962062732,887.3966323529412,45793.97714513981,0.0
H3.ZE44,W,15685,26198.720113425366,20168.5748216501,12.592414001465125,57761.87125097623,0.0
H3.Z45,P3,51840,922.6116532626046,2088.285359109522,47.98066666666667,21990.60715207346,0.0
H3.Z43,P3,51840,1355.005105402284,834.2059417063482,-6.418666666666667,4113.537730790237,0.07532793209876543
H2.T.Z30,PF,52584,0.9098132457479313,0.06843685206642894,0.7226416666666666,0.9999166666666668,0.0
H2.T.Z34,U1,52584,231.54125389841377,8.321497344889075,0.0,237.35333333333332,0.0012361174501749582
H2.Z35,PF,23581,0.9506527276772461,0.21077074230657122,-0.9969833333333332,0.99985,0.0
H2.T.Z31,P3,52584,2468.8765012490903,2364.784519497577,-1.0066666666666668,7973.286735845907,0.012494294842537654
H4.ZE51,f,15588,50.000143544194046,0.00951534070994017,49.949470495903554,50.0671869447496,0.0
V.Z82,P2,52584,7821.5375801261525,15306.332957420898,-53170.82531310302,82244.89843460823,1.9017191541153202e-05
H3.Z45,W_in,51840,78209.58358866895,36103.80603045307,6709.41,142212.4563878488,0.0
H1.Z12,P3,52584,1882.9777050040357,3019.7993690648473,-3.99491853844594,27419.20083333333,0.04257949186064202
H2.T.Z33,PF3,51815,0.8030754038567341,0.4271210824082502,-0.9963416666666668,0.9959083333333332,0.0
H2.Z311,P3,30841,-10583.382326486257,17538.270778704536,-78694.47133240328,2.644540232934339,0.0
H1.Z23,PF3,52584,0.5036404225831336,0.32281663207390476,-0.0315666666666666,0.9983634807862976,0.1739692682184695
H3.ZE41,f,15686,50.0001297968946,0.009486362387240028,49.94891297954696,50.066853857267496,0.0
H1.Z19,PF1,52584,0.2090356876595702,0.4798375284182821,-0.5529083333333333,0.9419166666666666,0.08219230184086414
V.Z81,I1,52584,120.74346444009646,38.67484804304868,-129.2579141277739,369.1615661613053,0.0
H1.Z19,I1,52584,7.30952361276897,9.878410196007446,-2.3129646346357432e-19,31.12124268344566,0.08223033622394645
H1.Z14,P2,52584,3851.045613388045,1550.916346449831,54.62383333333333,12406.433846994536,0.0
H2.T.Z33,Q,51840,6179.776191459081,8831.359707987715,-13735.068666666666,87165.93934470935,0.0
H1.ZE20,W3,9518,-178796.18704160707,48835.931386843105,-291130.088847089,-76118.5838453125,0.0
H1.Z29,W3,52583,-436024.8510833548,225640.36351357322,-847207.9590645571,-34764.10826666667,0.0
H2.T.Z34,PF3,52584,0.9896019351086869,0.03536382027849934,0.0,0.99745,0.0012361174501749582
H2.ZE66,P2,15585,1253.8767762773646,997.0688437844492,-0.0641571322359544,4733.925500283591,0.0
H1.Z11,W,52585,172614.09639862424,88506.57084364581,11968.090000000002,319043.26545500127,0.0
H3.ZE41,PF,15686,0.8506809055681824,0.15689933737324263,-0.222262284237672,0.9762758549501506,0.0
H1.Z13,P,52584,12195.532124055131,5049.087853670839,3.86729165141904,39603.83266666667,0.0
H2.ZE64,W2,15584,27462.842583094567,15421.652143678157,1085.8678300357,59683.37105543084,0.0
H3.Z45,PF2,51840,0.685516524187547,0.35180656555165796,-0.0338083333333333,0.99796930098367,0.15138888888888888
H2.T.Z31,PF2,52584,0.7549127802749392,0.13366111710582296,0.0,1.0,0.00022820629849383843
H3.ZE44,PF3,15686,0.789644435563078,0.15620958262895177,0.1973879435138464,1.0,0.0
H2.Z69,I2,52584,4.934021014508971,0.582175831151125,0.0,9.746,0.0008177392362695877
H1.ZE20,PF2,9519,0.09655604890100114,0.8900627375381434,-0.9999631262551067,0.9996264093950222,0.0
H1.Z21,U3,52584,230.1435166952867,1.7437696422086388,222.4725,236.3337618388149,0.0
H2.T.Z33,P3,51840,11814.766392830506,9027.913631282014,-37920.61033333334,54178.8000771039,0.0
H2.Z69,PF,52584,0.5303976630346404,0.03663808451667688,0.4588666666666666,0.7947500000000001,0.0
V.ZE84,W,9678,-43182.27695330549,30919.871136532816,-85859.592,-5406.9765,0.0
V.Z81,W2,52583,187771.74574709876,26905.506701312792,110763.3830989626,230430.19623885685,0.0
H3.Z43,P2,51840,1426.6416947766515,811.5114310108231,-2.354833333333333,4183.258130857202,0.0
H2.Z351,U2,28861,231.5748345216558,1.6182752911922873,225.1765013278647,237.62689066361148,0.0
H3.Z43,W_out,49886,92.38700156356127,45.67192617425712,0.0,115.02,0.19638776410215292
H1.Z310,I1,30817,15.66986758241903,25.197728930941686,0.2879061611210355,115.58176593780516,0.0
H2.Z68,I1,52584,6.8663255491112976,2.0598556556034398,0.0,11.11680410146205,0.0001711547238703788
H3.Z41,PF,51840,0.8916888825926557,0.05140596665654832,0.0,1.0,1.9290123456790123e-05
H1.Z12,W_out,52062,0.018263504702725825,0.012855479509025828,0.0,0.0299394166666666,0.23001421382198148
H1.Z12,U2,52584,229.7662439383752,1.7051294974079834,221.97166666666664,236.784229066653,0.0
H4.ZE51,W2,15587,15251.630611506573,8239.557883325557,597.7843602941177,29181.199370342263,0.0
H2.Z69,f,52584,50.04593676752966,0.015317752451277153,49.208,50.128166666666665,0.0
V.Z82,PF,52584,0.2961071185489427,0.6730411810691056,-0.9765983886833964,0.9959278198102148,1.9017191541153202e-05
H1.Z25,P,52584,3315.406741393115,5617.427944234377,3.966677934326205,54263.55833333333,0.0
H1.Z29,I2,52584,100.83517099274083,92.26713491229337,-103.47591950310608,275.77509421521,0.0
H1.K11,Tdiff,52584,-765.4798812109897,1484.6976998989487,-9366.333333333334,10539.583333333334,0.00011410314924691921
H2.Z36,PF2,23581,0.9515891283993998,0.21102269802731108,-0.9954833333333332,0.9967166666666666,0.0
H2.ZE66,PF1,15585,0.8981071917003042,0.0210972560622853,0.8318995477676936,1.0,0.0
V.Z82,I1,52584,80.8470343067109,38.956014514334456,-88.84336795383032,428.4676819148181,0.0
H1.Z23,U3,52584,230.25130856390976,1.7396669574461758,222.6183333333333,236.55699482110805,0.0
H3.ZE41,P1,15686,1791.3439154838218,1114.6181777515349,-2060.83210755243,7913.565832108708,0.0
H4.ZE50,I2,15588,4.134562014793469,4.8273805341501905,0.5356197492796332,34.833597067359,0.0
WeatherStation.Weather,Sc,52608,1.6589065733346011,1.1876248684548594,0.1652251849522191,10.293364292780582,0.0
H2.Z66,U3,52584,232.20070041719796,1.5797509644833074,225.8934629443702,237.57833333333332,0.0
H3.Z47,WQ_out,30697,61755.911952228234,22857.719240211944,22508.86,102069.3272911329,0.0
H2.ZE65,f,15056,50.00006103877732,0.009507587179746547,49.94900775927695,50.06691521969629,0.0
H1.Z28,PF1,52584,0.1989039577362482,0.6299175561634561,-0.9940004416890268,0.9999455236649728,0.0
H1.Z12,PF1,52584,0.850772403108,0.11889700769773891,-0.0339666666666666,0.9306833333333332,0.014415031188194127
H3.ZE40,W,15685,60474.473924965736,37159.71455921695,91.6400400390625,123824.19061197774,0.0
H2.Z351,P,28861,58969.15411352066,38564.418028360364,-128543.57187219984,146139.12337904517,0.0
H1.ZE20,P,9519,-71350.80734998814,77163.47935142647,-186628.4922991204,2830.578679618201,0.0
H1.ZE20,U1,9519,230.224415472701,1.5981910018191607,222.77771923686345,235.64832571498945,0.0
H2.Z65,WQ_out,52584,153315.8376380428,79406.79196511365,14805.31,294147.4582695958,0.0
H2.Z64,W,52585,597652.7186672575,252791.77791394724,106337.36,990445.901895432,0.0
H3.Z40,P3,51840,2751.4596288697685,836.0887524536511,0.0,6477.647110539531,1.9290123456790123e-05
H1.Z16,U3,52584,230.20068934331363,1.7503751305932138,222.41583333333332,235.78,0.0
H2.Z61,W_in,52584,384852.95103928266,198812.9835786691,39173.04,727503.5653283575,0.0
H1.Z25,PF1,52584,0.8837676082676863,0.07583289752566263,-0.2189994695187527,0.9909833333333334,0.0
H2.T.Z34,Q,52584,2117.1428440416544,7793.8197397873455,-24509.28323939508,29033.880666666668,0.011353263350068463
H3.Z43,Q,51840,4188.227036578697,2569.868889243932,1.017,13440.835266436994,0.0
H3.Z312,PF2,30817,-0.4960806812434026,0.4834039887001973,-0.999999986511693,1.0,0.0
V.Z84,PF3,39529,-0.4441624953223624,0.4575378869035835,-0.9789813392909372,0.5038683682846075,0.0
H1.Z10,PF1,52584,0.9129857239722546,0.08404570081698624,-0.8933166666666666,0.9961583333333334,0.0
H2.Z361,W2,28860,281780.91200922907,154093.83537484574,-1632.74865625,554072.0940606234,0.0
H3.Z71,U1,52584,231.61950650174524,0.6182563439565374,225.07666666666668,234.9125,0.0
H3.Z71,f,52584,50.0861749648858,0.015605232113276643,50.01316666666666,50.1705,0.0
WeatherStation.Weather,Ta,52608,12.404490051994442,7.966125690167608,-11.2002320925394,39.34957111676532,0.0
H4.ZE51,I3,15588,8.756756268956481,3.1220165799679718,4.100983336407547,28.415278775762623,0.0
H4.Z50,P2,47991,1146.5253830286788,1642.8932327971877,241.35266666666664,13412.4375,0.0
H2.Z64,WQ_out,52584,159219.9778957129,81501.5198129366,16144.26,303015.3050856069,0.0
H2.Z64,WQ,52585,-159228.1680136605,81503.18122167283,-303020.7950856069,-16149.8,0.0
H2.Z351,f,28861,49.9995391561439,0.00893778409093967,49.94804817382557,50.06603749625268,0.0
H2.Z68,P2,52584,1000.513318820371,273.9641092507609,0.0,1682.1298333333332,0.0001711547238703788
H2.Z311,I1,30841,48.03616883044319,78.48653902597583,0.7014619087231804,422.2222486473267,0.0
H2.Z35,I2,23581,126.82779386274967,39.18315439237413,15.007666666666667,244.2413098411772,0.0
H2.Z66,I1,52584,8.035297804797619,8.142816646782855,0.0,30.58333333333333,0.004012627415183326
H1.Z29,I3,52584,97.98124003162947,87.0912085722823,-13.27200275739031,270.95649600022256,0.0
H3.Z40,P2,51840,2968.196092991506,762.9587619583449,0.0,7256.331627234446,1.9290123456790123e-05
H3.Z48,U1,30697,231.5909385285059,1.6551996971783138,224.90666666666667,238.26666666666668,0.0
H2.Z61,W_out,45064,0.0,0.0,0.0,0.0,1.0
H3.Z41,W_out,49886,188.02115483300958,92.94906194773309,0.0,233.97,0.19638776410215292
H4.Z51,P3,47991,1227.4943275245566,606.3978909099942,231.4225,4774.993833333333,0.0
V.K21,Tvl,52550,8.532132926580903,3.568889569742397,-2.0,37.0,1.9029495718363463e-05
V.Z82,P1,52584,8162.94640105396,15915.731760672936,-50054.164187658505,83254.00337954069,1.9017191541153202e-05
H2.Z70,P3,52584,593.2903308915768,703.5841842262311,22.083366120218574,4364.594166666667,0.0
H3.Z71,U2,52584,232.0143704605152,0.7277413762582695,224.65916666666664,234.85083333333333,0.0
V.Z81,PF2,52584,0.07229814116748039,0.4745600002020378,-0.9621663873934224,0.9993183681723496,0.0
H1.Z15,P3,52584,8370.546162073268,23506.719301671536,-48164.2959421503,116261.4357918955,0.0
H3.Z44,Q,51840,2183.3775566745094,2357.485150613709,-4.231416666666666,13804.001166666669,0.0011381172839506173
H4.ZE50,PF3,15588,0.8425337756148952,0.055107812756170466,0.6371345973614883,0.9997094595626222,0.0
H2.ZE64,U2,15585,231.4727592762825,1.6016806882386796,224.9055388976161,237.38664963324436,0.0
H1.Z26,U2,52584,229.69547577688047,1.683928630073221,222.34376809438132,236.30975914574344,0.0
H2.Z62,P3,52584,-547.3177657521368,1631.3559876316444,-6600.335,5.897833333333334,0.0012361174501749582
H1.Z10,P,52584,4468.4236294191505,2170.8074384621113,-5664.686333333333,25976.326833333336,0.0
H2.Z361,I3,28861,100.66747481966952,30.832585303785883,11.925401444170197,212.0643674034391,0.0
H2.ZE64,PF1,15585,0.8848294297890859,0.04627771160217707,0.34829531245013,0.9757675081905972,0.0
H2.Z62,P,52584,-367.46429848272163,1150.8485038724707,-5904.347833333333,17.847166759755662,0.011353263350068463
H1.Z20,U1,52584,229.8521140138548,1.6744945259061559,222.375,235.90036687710335,0.0
H1.K14,qv,52526,10.371613333821498,13.499471384925993,0.0,52.32666666666668,0.436050717739786
H1.Z21,P,52584,412.45777915565156,821.4507807837691,-12.261333333333331,17417.81517074668,0.017895177240225164
H4.ZE50,W3,15587,6847.735503680019,3894.523473351958,276.33807352941176,13944.788572524909,0.0
H2.Z36,U3,23581,232.10532343502632,1.5686632070155633,225.89390234320385,236.1508333333333,0.0
H1.Z13,I1,52584,24.466426183253333,8.990229047041375,0.0549142635779476,74.5145,0.0
H1.Z22,P2,52584,177.98885553221143,307.9361872874379,-17.11733333333333,6051.706287853409,0.042769663776053554
H2.Z70,U1,52584,231.82591845514472,1.612346834960123,225.40770893341931,237.33,0.0
H2.Z36,W_out,19736,942.6535252837497,3302.224646497326,0.0,17384.68,0.9051986218078638
H2.ZE64,P,15585,11399.548938505743,3463.8200237027536,2243.0559105108487,23106.23014411728,0.0
H3.Z49,W,52585,12024.061468893315,4035.136774538062,8471.97,20426.29620492795,0.0
H2.Z69,I1,52584,4.997223540972903,0.5865655664573368,0.0,9.754666666666669,0.0008177392362695877
H2.T.Z32,W_in,52584,134711.1381284116,76533.08541349169,12373.05,279852.354131545,0.0
H3.Z41,f,51840,50.03186740564558,0.019416496500962985,48.78066666666667,50.11208333333333,0.0
H1.Z26,PF3,52584,0.05168020192102645,0.08914166572321075,-0.1076719129109097,0.942507210897254,0.015061615700593337
H1.Z11,U3,52584,230.3710152196339,1.7393769043321672,222.7675,236.6161910963252,0.0
H3.ZE41,W2,15685,12251.226907986136,7267.449765461516,231.08866395443,25434.552229279365,0.0
H1.Z22,I3,52584,0.3041876940340645,1.3129092987926347,-1.1564823173178714e-19,52.24652678965886,0.32169481211014755
V.Z81,I2,52584,126.67254029461932,24.85352602746668,-2.164457399845083,358.91778301517724,0.0
H3.Z48,PF,30697,0.07015028181210235,0.26040297135529594,-0.9925,0.9339166666666666,0.6522135713587647
H3.Z44,WQ_in,51839,52267.600640997276,28702.888508355965,444.72,113554.6280450786,0.0
H4.Z51,PF1,47991,0.7755985405520469,0.06381075342238461,0.31285,0.9748333333333332,0.0
H2.Z62,P2,52584,590.705354351955,1742.7627723403746,0.0,6327.118730158731,0.0012361174501749582
H3.Z71,U3,52584,232.5003519257598,0.6373457984948561,225.73,235.3025,0.0
H2.Z36,PF1,23581,0.9500143397560212,0.2084973730372584,-0.9967666666666666,0.9977416666666666,0.0
H1.Z310,P1,30817,-3543.8731588400483,5812.839681859813,-26721.28254231772,8.57773058096568,0.0
H1.Z23,I3,52584,4.690097463250622,16.374166628303552,0.0,197.283,0.17406435417617527
H2.Z36,P1,23581,28694.628483909928,10138.708279875456,-41573.14366666667,56670.91216666667,0.0
H1.Z12,I2,52584,11.654326314644756,17.230024595455227,0.0,141.86833333333334,0.001407272174045337
H2.Z62,PF,52584,-0.05478588899577361,0.2830033238770454,-0.9283166666666668,0.048506693989071,0.0012361174501749582
H2.Z35,WQ_out,23581,13499.825446432022,8311.494786938229,1411.33,28128.18,0.0
V.Z82,W3,52583,265645.5710966307,104912.53284678402,32491.25083333333,423769.4704927314,0.0
H1.Z27,W1,52583,222271.94759784956,113632.94446471702,14331.8502,408532.8563612205,0.0
H3.ZE40,I3,15686,11.837064189468885,3.286913388021782,1.4421256919657952,26.0734771831534,0.0
H4.ZE51,P,15588,5167.834623927582,1786.1088520171797,1005.3785960548518,14768.232497945117,0.0
H2.Z69,W_in,52584,56351.024003103965,28918.62546609858,6090.32,105128.68799080478,0.0
H3.Z312,f,30817,49.9997239760064,0.008849448990721022,49.94919526805364,50.066873926578296,0.0
H1.Z22,WQ_out,52062,132.3495153982223,48.52358148319542,0.0,179.82298906934432,0.006338596289039991
H4.ZE50,I3,15588,4.286984422067784,5.102192127497679,0.9848007011887532,39.95029189205043,0.0
H3.Z49,W_in,30697,14556.0420980381,3532.8085272877843,8471.97,20426.26301751128,0.0
V.Z84,I3,39529,-21.418095451613038,34.040601657537266,-163.27177421101774,0.0,2.5297882567229123e-05
H3.ZE43,P3,15686,1316.6638771738383,886.6559477741257,-0.0128705588734088,3824.326464719808,0.0012750223128904757
H3.Z41,U2,51840,231.255365060409,1.7723029324096449,224.73,238.94083333333336,0.0
H1.Z22,WQ,52585,4623.575190912452,2069.447504809472,679.92,7129.34408208347,0.0
H1.Z19,W,52585,80061.37414662055,53407.112021808534,-161.20000000000005,138770.66443745216,0.0
H1.Z11,PF,52584,0.9190939379496903,0.13694246934887203,-0.7582333333333333,1.0,0.0031758709873725846
H1.W12,V,52584,232819080.78700748,126484656.40857041,19063270.0,448349840.0,0.0
H1.Z21,PF2,52584,0.6590465430832078,0.40742568089318615,-0.9579,0.9436333333333332,0.017838125665601706
H2.ZE67,W_in,15584,16561.170168445165,6876.7242481500125,830.4911626838235,27580.85016961795,0.0
H3.ZE40,P2,15686,3004.250029941404,736.6872768612265,1110.3618878684822,7286.251406738093,0.0
H1.K12,Tvl,52529,12.877625344574362,5.4974724770890715,4.0,37.0,0.0
H2.Z69,W_out,45064,0.0,0.0,0.0,0.0,1.0
H1.Z17,I1,52584,109.28640847201842,48.884646306072675,24.983732414245583,429.0722912083184,0.0
H1.Z11,P1,52584,1923.2020368024148,2930.6774831242396,-14.309666666666669,27391.201500000003,0.013407120036513008
H3.Z43,U2,51840,231.59370545972857,1.7838802716704547,223.26166666666668,239.3383333333333,0.0
H2.Z68,PF,52584,0.6002074014359456,0.06777210342012197,0.4844572020913631,0.9029573062399296,0.0
H3.Z46,P1,52584,2071.197193783044,655.2676928631244,-0.2778333333333334,3956.985,0.0004944469800699832
H2.Z69,W,52585,56353.83506294952,28919.08448385985,6092.31,105130.46799080478,0.0
H2.ZE66,f,15585,50.00002792955264,0.009514813225150926,49.949123171342606,50.06688323963256,0.0
V.Z81,W1,52583,202096.73834817423,36770.132116681896,108865.04339784186,261851.02906511823,0.0
H2.T.Z30,WQ_in,52529,7786.783994294454,1831.09118281403,1627.76,8909.5347172781,0.0
H1.Z25,WQ,52582,63761.37948751358,35056.187907354295,8105.44,120340.42945907112,0.0
H1.Z23,PF1,52584,0.8058904244349,0.37819918821873666,-0.1505999999999999,1.0,0.17482504183782138
H2.Z35,WQ,52585,271802.7837342711,88033.78254323624,44621.89,332710.74,0.0
H2.Z62,f,52584,49.970307671826845,1.7620271258663605,0.0,50.10825,0.0012361174501749582
H1.Z16,WQ_in,52583,10484.38502471325,8425.838188349931,135.81,32822.92771833333,0.0
H3.ZE43,U3,15686,231.93425392485426,1.557092106573614,225.58202032951243,237.3110640946568,0.0
H1.W11,Tvl,52584,72.20083126439437,8.260573639492268,19.0,88.75833333333334,0.0
H2.Z65,U3,52584,232.20886175987687,1.582152159373239,225.1183333333333,237.56166666666667,0.0
H2.T.Z30,W,45064,580519.3654184191,201651.6577020968,201976.7731453712,929334.2391083614,0.0
H2.ZE64,U3,15585,232.17626847973807,1.5403737842717897,225.77439584011296,237.2462099993564,0.0
H1.Z310,PF,30817,-0.4670188470767318,0.46828429138811367,-0.999921580023588,0.0335148344444848,0.0
H2.Z62,PF2,52584,0.10220856909502174,0.2723022124272758,0.0,0.9222972222222222,0.0012361174501749582
H1.Z20,Q,52584,-5139.8511942811465,7429.301553259295,-29165.728166666664,20467.196333333333,0.00030427506465845124
H1.K14,Tvl,52526,12.61954452574266,5.3081353681112295,-1.5416666666666667,33.0,0.0
H2.K21,qv,52526,11.919966104968985,14.977899897160652,0.0,50.477500000000006,0.570479381639569
H1.Z25,P2,52584,1234.4260874628656,2107.6131267453907,3.660931890785698,19813.195,0.0
H1.Z17,W2,52583,805252.8224920747,338516.0601234194,187784.5984,1348139.9157684983,0.0
H3.Z71,WQ_in,52554,6753.998786752965,1728.3638140103292,0.0,7610.88,0.00319671195341934
H2.ZE67,P3,15585,664.8917048443116,2206.0427638532974,-0.0090313608736971,248380.2113298624,0.0034648700673724736
H4.Z51,P,47991,4375.489066262877,1590.0872902150725,7.409180082076929,13311.09388438875,0.0
H2.T.Z31,I1,52584,17.253900400480518,15.989546596382798,0.2273680982234644,45.2079485195147,0.0
H2.Z36,U1,23581,231.64658655602562,1.6123914276172275,225.4503461933456,235.665,0.0
H1.Z28,PF3,52584,0.31807600087375854,0.5574492200611795,-0.9916725496210234,0.9998219187555611,1.9017191541153202e-05
H2.ZE74,PF1,15681,0.253523637929609,0.14727477086305743,0.0490871248703367,0.8931460739175484,0.0
H2.Z63,PF,52584,0.7802892912832625,0.23576635670890778,-0.0088416666666666,0.9331583333333332,0.0012361174501749582
