meter_urn,period_type,period_label,column_a,column_b,corr,abs_corr,rank
V.K21,yearly,2018,Igc,Igm,0.999171,0.999171,1
V.K21,yearly,2018,V,W,0.974721,0.974721,2
V.K21,yearly,2018,Ah,Dp,0.96932,0.96932,3
V.K21,yearly,2018,Ta,rho,-0.966631,0.966631,4
V.K21,yearly,2018,H,Ta,0.959319,0.959319,5
V.K21,yearly,2018,H,rho,-0.941897,0.941897,6
V.K21,yearly,2018,Dp,H,0.925419,0.925419,7
V.K21,yearly,2018,Ah,H,0.915519,0.915519,8
V.K21,yearly,2018,Trl,Tvl,0.860097,0.860097,9
V.K21,yearly,2018,Dp,rho,-0.814303,0.814303,10
V.K21,yearly,2018,Dp,Ta,0.808386,0.808386,11
V.K21,yearly,2018,Ah,rho,-0.770833,0.770833,12
V.K21,yearly,2018,Ah,Ta,0.765441,0.765441,13
V.K21,yearly,2018,Igm,Ua,-0.624524,0.624524,14
V.K21,yearly,2018,Igc,Ua,-0.615457,0.615457,15
V.K21,yearly,2018,Ta,Ua,-0.593472,0.593472,16
V.K21,yearly,2018,P,Ta,0.576157,0.576157,17
V.K21,yearly,2018,P,rho,-0.540944,0.540944,18
V.K21,yearly,2018,P,Tdiff,-0.540185,0.540185,19
V.K21,yearly,2018,Igm,Ta,0.538315,0.538315,20
V.K21,yearly,2018,Ua,rho,0.533642,0.533642,21
V.K21,yearly,2018,Igc,Ta,0.533294,0.533294,22
V.K21,yearly,2018,P,Igm,0.532306,0.532306,23
V.K21,yearly,2018,Tdiff,H,-0.530984,0.530984,24
V.K21,yearly,2018,Tdiff,Ta,-0.529467,0.529467,25
V.K21,yearly,2018,P,Igc,0.5289,0.5289,26
V.K21,yearly,2018,P,H,0.527836,0.527836,27
V.K21,yearly,2018,Tdiff,rho,0.505015,0.505015,28
V.K21,yearly,2018,Igm,rho,-0.489496,0.489496,29
V.K21,yearly,2018,Igc,rho,-0.484774,0.484774,30
V.K21,yearly,2018,Tdiff,Ah,-0.452898,0.452898,31
V.K21,yearly,2018,P,Ua,-0.452569,0.452569,32
V.K21,yearly,2018,Tdiff,Dp,-0.435891,0.435891,33
V.K21,yearly,2018,H,Igm,0.419252,0.419252,34
V.K21,yearly,2018,H,Igc,0.41707,0.41707,35
V.K21,yearly,2018,Tdiff,Igm,-0.401425,0.401425,36
V.K21,yearly,2018,Tdiff,Igc,-0.39851,0.39851,37
V.K21,yearly,2018,H,Ua,-0.377658,0.377658,38
V.K21,yearly,2018,P,Ah,0.373618,0.373618,39
V.K21,yearly,2018,P,Dp,0.370416,0.370416,40
V.K21,yearly,2018,V,qv,0.360162,0.360162,41
V.K21,yearly,2018,Dc,Sc,0.343783,0.343783,42
V.K21,yearly,2018,Tdiff,Ua,0.326859,0.326859,43
V.K21,yearly,2018,Igm,Sc,0.313819,0.313819,44
V.K21,yearly,2018,W,qv,0.313796,0.313796,45
V.K21,yearly,2018,Sc,Ua,-0.312832,0.312832,46
V.K21,yearly,2018,Igc,Sc,0.309467,0.309467,47
V.K21,yearly,2018,Tdiff,Trl,-0.300404,0.300404,48
V.K21,yearly,2018,P,qv,0.283242,0.283242,49
V.K21,yearly,2018,qv,rho,0.271134,0.271134,50
V.K21,yearly,2018,qv,H,-0.270993,0.270993,51
V.K21,yearly,2018,qv,Ta,-0.26079,0.26079,52
V.K21,yearly,2018,qv,Ah,-0.243943,0.243943,53
V.K21,yearly,2018,Trl,H,0.242918,0.242918,54
V.K21,yearly,2018,W,Dp,0.237552,0.237552,55
V.K21,yearly,2018,Trl,Ta,0.229151,0.229151,56
V.K21,yearly,2018,Trl,Dp,0.228967,0.228967,57
V.K21,yearly,2018,Trl,Ah,0.228819,0.228819,58
V.K21,yearly,2018,qv,Dp,-0.225379,0.225379,59
V.K21,yearly,2018,Trl,rho,-0.214859,0.214859,60
V.K21,yearly,2018,Dc,Dp,0.212072,0.212072,61
V.K21,yearly,2018,P,Tvl,-0.205601,0.205601,62
V.K21,yearly,2018,Dp,Igc,0.205473,0.205473,63
V.K21,yearly,2018,Dp,Igm,0.204109,0.204109,64
V.K21,yearly,2018,W,Ah,0.202733,0.202733,65
V.K21,yearly,2018,Tdiff,Tvl,0.19562,0.19562,66
V.K21,yearly,2018,V,Dp,0.187566,0.187566,67
V.K21,yearly,2018,Dc,rho,-0.18665,0.18665,68
V.K21,yearly,2018,Ah,Igc,0.18527,0.18527,69
V.K21,yearly,2018,Ah,Igm,0.182997,0.182997,70
V.K21,yearly,2018,Dc,Ta,0.176572,0.176572,71
V.K21,yearly,2018,Dc,H,0.175893,0.175893,72
V.K21,yearly,2018,W,H,0.173942,0.173942,73
V.K21,yearly,2018,Ah,Sc,-0.16197,0.16197,74
V.K21,yearly,2018,qv,Ua,0.160338,0.160338,75
V.K21,yearly,2018,Ah,Dc,0.156832,0.156832,76
V.K21,yearly,2018,V,Ah,0.155992,0.155992,77
V.K21,yearly,2018,W,Ta,0.14453,0.14453,78
V.K21,yearly,2018,Dp,Sc,-0.143094,0.143094,79
V.K21,yearly,2018,Trl,qv,-0.140206,0.140206,80
V.K21,yearly,2018,P,Sc,0.137715,0.137715,81
V.K21,yearly,2018,Trl,Igm,0.126971,0.126971,82
V.K21,yearly,2018,Trl,Igc,0.125861,0.125861,83
V.K21,yearly,2018,V,H,0.125391,0.125391,84
V.K21,yearly,2018,qv,Sc,0.125354,0.125354,85
V.K21,yearly,2018,Trl,Dc,0.116325,0.116325,86
V.K21,yearly,2018,Tvl,Dc,0.1074,0.1074,87
V.K21,yearly,2018,Tvl,qv,-0.105031,0.105031,88
V.K21,yearly,2018,P,Trl,0.101922,0.101922,89
V.K21,yearly,2018,V,Ua,0.099774,0.099774,90
V.K21,yearly,2018,V,Ta,0.099191,0.099191,91
V.K21,yearly,2018,Sc,rho,-0.098609,0.098609,92
V.K21,yearly,2018,Tvl,Ua,0.09796,0.09796,93
V.K21,yearly,2018,W,Sc,-0.095263,0.095263,94
V.K21,yearly,2018,V,Sc,-0.094238,0.094238,95
V.K21,yearly,2018,W,Ua,0.089262,0.089262,96
V.K21,yearly,2018,Tvl,Igm,-0.081312,0.081312,97
V.K21,yearly,2018,Tvl,Igc,-0.081081,0.081081,98
V.K21,yearly,2018,Trl,Ua,-0.080083,0.080083,99
V.K21,yearly,2018,Dc,Igm,0.076061,0.076061,100
V.K21,yearly,2018,Dc,Igc,0.0745,0.0745,101
V.K21,yearly,2018,Trl,W,0.071657,0.071657,102
V.K21,yearly,2018,P,Dc,0.067571,0.067571,103
V.K21,yearly,2018,W,rho,-0.067115,0.067115,104
V.K21,yearly,2018,Tvl,W,0.066172,0.066172,105
V.K21,yearly,2018,Tvl,rho,0.066005,0.066005,106
V.K21,yearly,2018,Tvl,Ta,-0.064761,0.064761,107
V.K21,yearly,2018,Tdiff,qv,0.062774,0.062774,108
V.K21,yearly,2018,W,Igm,-0.061168,0.061168,109
V.K21,yearly,2018,W,Igc,-0.061086,0.061086,110
V.K21,yearly,2018,Sc,Ta,0.058441,0.058441,111
V.K21,yearly,2018,V,Igm,-0.057857,0.057857,112
V.K21,yearly,2018,V,Igc,-0.057795,0.057795,113
V.K21,yearly,2018,Tvl,H,-0.052361,0.052361,114
V.K21,yearly,2018,Tvl,Sc,0.048066,0.048066,115
V.K21,yearly,2018,Trl,Sc,0.047484,0.047484,116
V.K21,yearly,2018,qv,Igc,-0.043723,0.043723,117
V.K21,yearly,2018,qv,Igm,-0.04332,0.04332,118
V.K21,yearly,2018,Trl,V,0.039544,0.039544,119
V.K21,yearly,2018,V,Dc,0.038784,0.038784,120
V.K21,yearly,2018,W,Dc,0.035831,0.035831,121
V.K21,yearly,2018,H,Sc,-0.032065,0.032065,122
V.K21,yearly,2018,Tdiff,W,-0.029993,0.029993,123
V.K21,yearly,2018,Tvl,V,0.027312,0.027312,124
V.K21,yearly,2018,P,W,0.02486,0.02486,125
V.K21,yearly,2018,Tvl,Ah,-0.023623,0.023623,126
V.K21,yearly,2018,Dp,Ua,-0.021671,0.021671,127
V.K21,yearly,2018,V,rho,-0.020985,0.020985,128
V.K21,yearly,2018,qv,Dc,-0.019685,0.019685,129
V.K21,yearly,2018,Dc,Ua,-0.018222,0.018222,130
V.K21,yearly,2018,Tvl,Dp,-0.01376,0.01376,131
V.K21,yearly,2018,Tdiff,Sc,0.01104,0.01104,132
V.K21,yearly,2018,P,V,0.01001,0.01001,133
V.K21,yearly,2018,Tdiff,V,-0.006848,0.006848,134
V.K21,yearly,2018,Ah,Ua,-0.004135,0.004135,135
V.K21,yearly,2018,Tdiff,Dc,-0.001465,0.001465,136
V.K21,yearly,2019,Igc,Igm,0.999227,0.999227,1
V.K21,yearly,2019,V,W,0.984803,0.984803,2
V.K21,yearly,2019,Ah,Dp,0.982017,0.982017,3
V.K21,yearly,2019,H,Ta,0.946742,0.946742,4
V.K21,yearly,2019,Trl,Tvl,0.942924,0.942924,5
V.K21,yearly,2019,Ta,rho,-0.941822,0.941822,6
V.K21,yearly,2019,H,rho,-0.928951,0.928951,7
V.K21,yearly,2019,Dp,H,0.926717,0.926717,8
V.K21,yearly,2019,Ah,H,0.909866,0.909866,9
V.K21,yearly,2019,Dp,rho,-0.811417,0.811417,10
V.K21,yearly,2019,Dp,Ta,0.773904,0.773904,11
V.K21,yearly,2019,Ah,rho,-0.762449,0.762449,12
V.K21,yearly,2019,Ah,Ta,0.728501,0.728501,13
V.K21,yearly,2019,Igm,Ua,-0.645785,0.645785,14
V.K21,yearly,2019,Igc,Ua,-0.636499,0.636499,15
V.K21,yearly,2019,Ta,Ua,-0.614788,0.614788,16
V.K21,yearly,2019,P,Ta,0.593571,0.593571,17
V.K21,yearly,2019,P,H,0.568345,0.568345,18
V.K21,yearly,2019,P,rho,-0.562484,0.562484,19
V.K21,yearly,2019,Tdiff,V,-0.546484,0.546484,20
V.K21,yearly,2019,Tdiff,W,-0.54467,0.54467,21
V.K21,yearly,2019,Igm,Ta,0.538483,0.538483,22
V.K21,yearly,2019,Igc,Ta,0.532929,0.532929,23
V.K21,yearly,2019,Dc,Sc,0.48533,0.48533,24
V.K21,yearly,2019,Ua,rho,0.47409,0.47409,25
V.K21,yearly,2019,P,Tdiff,-0.47127,0.47127,26
V.K21,yearly,2019,Tdiff,H,-0.44431,0.44431,27
V.K21,yearly,2019,Igm,rho,-0.439571,0.439571,28
V.K21,yearly,2019,P,Dp,0.438309,0.438309,29
V.K21,yearly,2019,P,Ah,0.435224,0.435224,30
V.K21,yearly,2019,Igc,rho,-0.434516,0.434516,31
V.K21,yearly,2019,P,Igm,0.430564,0.430564,32
V.K21,yearly,2019,P,Igc,0.426401,0.426401,33
V.K21,yearly,2019,Tdiff,Ta,-0.424104,0.424104,34
V.K21,yearly,2019,Tdiff,Dp,-0.417705,0.417705,35
V.K21,yearly,2019,P,qv,0.411406,0.411406,36
V.K21,yearly,2019,Tdiff,rho,0.409125,0.409125,37
V.K21,yearly,2019,Tdiff,Ah,-0.399176,0.399176,38
V.K21,yearly,2019,H,Igm,0.385288,0.385288,39
V.K21,yearly,2019,H,Igc,0.382804,0.382804,40
V.K21,yearly,2019,V,Dp,0.37489,0.37489,41
V.K21,yearly,2019,P,Ua,-0.364633,0.364633,42
V.K21,yearly,2019,H,Ua,-0.349449,0.349449,43
V.K21,yearly,2019,V,Ah,0.349004,0.349004,44
V.K21,yearly,2019,Igm,Sc,0.296984,0.296984,45
V.K21,yearly,2019,Igc,Sc,0.292833,0.292833,46
V.K21,yearly,2019,W,Dp,0.285106,0.285106,47
V.K21,yearly,2019,V,H,0.273449,0.273449,48
V.K21,yearly,2019,Sc,Ua,-0.272901,0.272901,49
V.K21,yearly,2019,W,Ah,0.261944,0.261944,50
V.K21,yearly,2019,W,Ua,0.256549,0.256549,51
V.K21,yearly,2019,P,Tvl,-0.246828,0.246828,52
V.K21,yearly,2019,V,rho,-0.238857,0.238857,53
V.K21,yearly,2019,Trl,qv,-0.225066,0.225066,54
V.K21,yearly,2019,P,V,0.221297,0.221297,55
V.K21,yearly,2019,Tvl,qv,-0.214972,0.214972,56
V.K21,yearly,2019,Tdiff,Igm,-0.212974,0.212974,57
V.K21,yearly,2019,Tdiff,Igc,-0.210607,0.210607,58
V.K21,yearly,2019,V,Ua,0.206478,0.206478,59
V.K21,yearly,2019,Tvl,rho,0.206179,0.206179,60
V.K21,yearly,2019,V,Sc,-0.203932,0.203932,61
V.K21,yearly,2019,Tvl,Dp,-0.187416,0.187416,62
V.K21,yearly,2019,W,Sc,-0.187016,0.187016,63
V.K21,yearly,2019,Sc,rho,-0.186921,0.186921,64
V.K21,yearly,2019,V,Ta,0.184963,0.184963,65
V.K21,yearly,2019,qv,Igm,0.175928,0.175928,66
V.K21,yearly,2019,qv,Igc,0.174527,0.174527,67
V.K21,yearly,2019,W,H,0.171141,0.171141,68
V.K21,yearly,2019,Tvl,Ah,-0.168455,0.168455,69
V.K21,yearly,2019,P,W,0.163754,0.163754,70
V.K21,yearly,2019,Dp,Igc,0.163095,0.163095,71
V.K21,yearly,2019,Dp,Igm,0.161794,0.161794,72
V.K21,yearly,2019,Tvl,H,-0.159905,0.159905,73
V.K21,yearly,2019,Tdiff,Tvl,0.144339,0.144339,74
V.K21,yearly,2019,Trl,Sc,-0.1437,0.1437,75
V.K21,yearly,2019,W,rho,-0.142833,0.142833,76
V.K21,yearly,2019,Trl,W,0.142357,0.142357,77
V.K21,yearly,2019,Tdiff,Ua,0.138217,0.138217,78
V.K21,yearly,2019,Tvl,Ta,-0.132167,0.132167,79
V.K21,yearly,2019,Tvl,Sc,-0.128496,0.128496,80
V.K21,yearly,2019,Ah,Igc,0.125997,0.125997,81
V.K21,yearly,2019,W,qv,-0.124424,0.124424,82
V.K21,yearly,2019,Ah,Igm,0.124003,0.124003,83
V.K21,yearly,2019,qv,rho,-0.123602,0.123602,84
V.K21,yearly,2019,Sc,Ta,0.11817,0.11817,85
V.K21,yearly,2019,Trl,V,0.11685,0.11685,86
V.K21,yearly,2019,qv,Ta,0.114728,0.114728,87
V.K21,yearly,2019,qv,Ua,-0.113651,0.113651,88
V.K21,yearly,2019,W,Igc,-0.102323,0.102323,89
V.K21,yearly,2019,W,Igm,-0.102286,0.102286,90
V.K21,yearly,2019,V,Dc,-0.099097,0.099097,91
V.K21,yearly,2019,qv,H,0.097978,0.097978,92
V.K21,yearly,2019,P,Trl,-0.097455,0.097455,93
V.K21,yearly,2019,Ah,Sc,-0.097108,0.097108,94
V.K21,yearly,2019,Tdiff,Trl,-0.086401,0.086401,95
V.K21,yearly,2019,W,Ta,0.083239,0.083239,96
V.K21,yearly,2019,V,qv,-0.082581,0.082581,97
V.K21,yearly,2019,W,Dc,-0.080934,0.080934,98
V.K21,yearly,2019,Dc,rho,-0.079576,0.079576,99
V.K21,yearly,2019,Trl,rho,0.074452,0.074452,100
V.K21,yearly,2019,Trl,Dc,-0.066591,0.066591,101
V.K21,yearly,2019,Trl,Ua,-0.064352,0.064352,102
V.K21,yearly,2019,Tdiff,Sc,0.064221,0.064221,103
V.K21,yearly,2019,Tvl,Dc,-0.062073,0.062073,104
V.K21,yearly,2019,Tdiff,qv,0.059004,0.059004,105
V.K21,yearly,2019,qv,Ah,0.058193,0.058193,106
V.K21,yearly,2019,Dc,Ta,0.054758,0.054758,107
V.K21,yearly,2019,qv,Dc,0.054502,0.054502,108
V.K21,yearly,2019,Dc,Igm,0.054162,0.054162,109
V.K21,yearly,2019,Dp,Sc,-0.054154,0.054154,110
V.K21,yearly,2019,Tvl,Igm,-0.053857,0.053857,111
V.K21,yearly,2019,Tvl,Igc,-0.053439,0.053439,112
V.K21,yearly,2019,Ah,Ua,0.053409,0.053409,113
V.K21,yearly,2019,Trl,Dp,-0.053104,0.053104,114
V.K21,yearly,2019,Dc,Dp,0.052682,0.052682,115
V.K21,yearly,2019,Dc,Igc,0.051992,0.051992,116
V.K21,yearly,2019,Dc,Ua,-0.05088,0.05088,117
V.K21,yearly,2019,qv,Dp,0.050307,0.050307,118
V.K21,yearly,2019,qv,Sc,0.044992,0.044992,119
V.K21,yearly,2019,V,Igc,-0.044382,0.044382,120
V.K21,yearly,2019,V,Igm,-0.044341,0.044341,121
V.K21,yearly,2019,Dc,H,0.043702,0.043702,122
V.K21,yearly,2019,Trl,Ah,-0.03978,0.03978,123
V.K21,yearly,2019,P,Sc,0.034511,0.034511,124
V.K21,yearly,2019,H,Sc,0.027132,0.027132,125
V.K21,yearly,2019,Ah,Dc,0.02434,0.02434,126
V.K21,yearly,2019,Tvl,V,-0.023753,0.023753,127
V.K21,yearly,2019,Tvl,Ua,-0.017405,0.017405,128
V.K21,yearly,2019,Trl,Igm,0.016102,0.016102,129
V.K21,yearly,2019,Trl,Igc,0.015839,0.015839,130
V.K21,yearly,2019,Trl,H,-0.014973,0.014973,131
V.K21,yearly,2019,P,Dc,0.013233,0.013233,132
V.K21,yearly,2019,Tdiff,Dc,-0.008709,0.008709,133
V.K21,yearly,2019,Trl,Ta,0.007156,0.007156,134
V.K21,yearly,2019,Tvl,W,0.006664,0.006664,135
V.K21,yearly,2019,Dp,Ua,0.006579,0.006579,136
V.K21,yearly,2020,Igc,Igm,0.999193,0.999193,1
V.K21,yearly,2020,V,W,0.989259,0.989259,2
V.K21,yearly,2020,Ah,Dp,0.977155,0.977155,3
V.K21,yearly,2020,Ta,rho,-0.945224,0.945224,4
V.K21,yearly,2020,H,Ta,0.938979,0.938979,5
V.K21,yearly,2020,Trl,Tvl,0.926101,0.926101,6
V.K21,yearly,2020,H,rho,-0.923633,0.923633,7
V.K21,yearly,2020,Dp,H,0.900835,0.900835,8
V.K21,yearly,2020,Ah,H,0.891492,0.891492,9
V.K21,yearly,2020,Dp,rho,-0.756824,0.756824,10
V.K21,yearly,2020,P,qv,0.739218,0.739218,11
V.K21,yearly,2020,Dp,Ta,0.718312,0.718312,12
V.K21,yearly,2020,Ah,rho,-0.717632,0.717632,13
V.K21,yearly,2020,Ah,Ta,0.681928,0.681928,14
V.K21,yearly,2020,Tdiff,Ta,-0.65202,0.65202,15
V.K21,yearly,2020,Ta,Ua,-0.62985,0.62985,16
V.K21,yearly,2020,Tdiff,H,-0.625205,0.625205,17
V.K21,yearly,2020,Igm,Ua,-0.621652,0.621652,18
V.K21,yearly,2020,P,Tdiff,-0.616603,0.616603,19
V.K21,yearly,2020,Igc,Ua,-0.613041,0.613041,20
V.K21,yearly,2020,P,Ta,0.58281,0.58281,21
V.K21,yearly,2020,Tdiff,rho,0.570713,0.570713,22
V.K21,yearly,2020,P,H,0.554518,0.554518,23
V.K21,yearly,2020,P,rho,-0.530262,0.530262,24
V.K21,yearly,2020,Ua,rho,0.510223,0.510223,25
V.K21,yearly,2020,Igm,Ta,0.499238,0.499238,26
V.K21,yearly,2020,Igc,Ta,0.493467,0.493467,27
V.K21,yearly,2020,Tdiff,Dp,-0.474063,0.474063,28
V.K21,yearly,2020,Tdiff,Ah,-0.467382,0.467382,29
V.K21,yearly,2020,W,qv,0.46449,0.46449,30
V.K21,yearly,2020,V,qv,0.459596,0.459596,31
V.K21,yearly,2020,Igm,rho,-0.412373,0.412373,32
V.K21,yearly,2020,Igc,rho,-0.407199,0.407199,33
V.K21,yearly,2020,Dc,Sc,0.40669,0.40669,34
V.K21,yearly,2020,P,Ah,0.405591,0.405591,35
V.K21,yearly,2020,P,Dp,0.404597,0.404597,36
V.K21,yearly,2020,P,Igm,0.386919,0.386919,37
V.K21,yearly,2020,Tdiff,Ua,0.38612,0.38612,38
V.K21,yearly,2020,P,Igc,0.383813,0.383813,39
V.K21,yearly,2020,Tdiff,Igm,-0.356833,0.356833,40
V.K21,yearly,2020,P,Ua,-0.356332,0.356332,41
V.K21,yearly,2020,Tdiff,Igc,-0.353222,0.353222,42
V.K21,yearly,2020,H,Ua,-0.346098,0.346098,43
V.K21,yearly,2020,H,Igm,0.331536,0.331536,44
V.K21,yearly,2020,H,Igc,0.328922,0.328922,45
V.K21,yearly,2020,Trl,W,-0.316128,0.316128,46
V.K21,yearly,2020,Igm,Sc,0.315729,0.315729,47
V.K21,yearly,2020,Igc,Sc,0.31166,0.31166,48
V.K21,yearly,2020,Sc,Ua,-0.310939,0.310939,49
V.K21,yearly,2020,Trl,V,-0.301696,0.301696,50
V.K21,yearly,2020,W,Ua,0.298196,0.298196,51
V.K21,yearly,2020,V,Ua,0.272488,0.272488,52
V.K21,yearly,2020,Tvl,W,-0.271682,0.271682,53
V.K21,yearly,2020,Trl,Ua,-0.255632,0.255632,54
V.K21,yearly,2020,Tvl,V,-0.247571,0.247571,55
V.K21,yearly,2020,Trl,Ta,0.227555,0.227555,56
V.K21,yearly,2020,Sc,rho,-0.223154,0.223154,57
V.K21,yearly,2020,qv,H,0.20505,0.20505,58
V.K21,yearly,2020,qv,Ta,0.204203,0.204203,59
V.K21,yearly,2020,W,Dp,0.19634,0.19634,60
V.K21,yearly,2020,P,W,0.191899,0.191899,61
V.K21,yearly,2020,V,Dp,0.189329,0.189329,62
V.K21,yearly,2020,W,Ah,0.181788,0.181788,63
V.K21,yearly,2020,P,V,0.181603,0.181603,64
V.K21,yearly,2020,Trl,H,0.180511,0.180511,65
V.K21,yearly,2020,Trl,Igm,0.180047,0.180047,66
V.K21,yearly,2020,Trl,Igc,0.178286,0.178286,67
V.K21,yearly,2020,qv,rho,-0.177685,0.177685,68
V.K21,yearly,2020,V,Ah,0.175633,0.175633,69
V.K21,yearly,2020,Tdiff,Tvl,0.173326,0.173326,70
V.K21,yearly,2020,W,Sc,-0.17237,0.17237,71
V.K21,yearly,2020,V,Sc,-0.171108,0.171108,72
V.K21,yearly,2020,Tdiff,qv,-0.170297,0.170297,73
V.K21,yearly,2020,qv,Igm,0.167387,0.167387,74
V.K21,yearly,2020,qv,Igc,0.165403,0.165403,75
V.K21,yearly,2020,Sc,Ta,0.161986,0.161986,76
V.K21,yearly,2020,qv,Ah,0.16194,0.16194,77
V.K21,yearly,2020,P,Tvl,-0.16087,0.16087,78
V.K21,yearly,2020,qv,Dp,0.15871,0.15871,79
V.K21,yearly,2020,W,Igm,-0.158631,0.158631,80
V.K21,yearly,2020,W,Igc,-0.15851,0.15851,81
V.K21,yearly,2020,Tvl,Ua,-0.153718,0.153718,82
V.K21,yearly,2020,Trl,rho,-0.153679,0.153679,83
V.K21,yearly,2020,V,Dc,-0.149189,0.149189,84
V.K21,yearly,2020,W,Dc,-0.139561,0.139561,85
V.K21,yearly,2020,V,Igm,-0.1338,0.1338,86
V.K21,yearly,2020,V,Igc,-0.133681,0.133681,87
V.K21,yearly,2020,Tdiff,Trl,-0.117355,0.117355,88
V.K21,yearly,2020,Dc,rho,-0.107468,0.107468,89
V.K21,yearly,2020,Ah,Ua,0.098929,0.098929,90
V.K21,yearly,2020,qv,Dc,-0.09128,0.09128,91
V.K21,yearly,2020,Tvl,Igm,0.089772,0.089772,92
V.K21,yearly,2020,Tvl,Igc,0.089062,0.089062,93
V.K21,yearly,2020,Dc,Dp,0.088245,0.088245,94
V.K21,yearly,2020,qv,Ua,-0.081328,0.081328,95
V.K21,yearly,2020,Tdiff,Sc,-0.081281,0.081281,96
V.K21,yearly,2020,Trl,Ah,0.077474,0.077474,97
V.K21,yearly,2020,Dc,Ta,0.077018,0.077018,98
V.K21,yearly,2020,Tvl,Ta,0.076221,0.076221,99
V.K21,yearly,2020,Ah,Sc,-0.073381,0.073381,100
V.K21,yearly,2020,Dp,Ua,0.071767,0.071767,101
V.K21,yearly,2020,Dp,Igc,0.071046,0.071046,102
V.K21,yearly,2020,Dp,Igm,0.069563,0.069563,103
V.K21,yearly,2020,Dc,H,0.068452,0.068452,104
V.K21,yearly,2020,H,Sc,0.068237,0.068237,105
V.K21,yearly,2020,Tdiff,V,0.067394,0.067394,106
V.K21,yearly,2020,V,H,0.067321,0.067321,107
V.K21,yearly,2020,W,H,0.06165,0.06165,108
V.K21,yearly,2020,Trl,Dp,0.056735,0.056735,109
V.K21,yearly,2020,Dp,Sc,-0.052412,0.052412,110
V.K21,yearly,2020,Dc,Igm,0.051202,0.051202,111
V.K21,yearly,2020,Tdiff,Dc,-0.051068,0.051068,112
V.K21,yearly,2020,Dc,Igc,0.049628,0.049628,113
V.K21,yearly,2020,Ah,Igc,0.047842,0.047842,114
V.K21,yearly,2020,Tvl,Sc,-0.047651,0.047651,115
V.K21,yearly,2020,Ah,Dc,0.047156,0.047156,116
V.K21,yearly,2020,P,Sc,0.046466,0.046466,117
V.K21,yearly,2020,Ah,Igm,0.045711,0.045711,118
V.K21,yearly,2020,P,Dc,-0.045292,0.045292,119
V.K21,yearly,2020,Trl,Dc,0.045211,0.045211,120
V.K21,yearly,2020,V,rho,-0.044607,0.044607,121
V.K21,yearly,2020,Tvl,Dp,-0.042139,0.042139,122
V.K21,yearly,2020,Tdiff,W,0.041319,0.041319,123
V.K21,yearly,2020,Dc,Ua,-0.039611,0.039611,124
V.K21,yearly,2020,W,Ta,-0.036574,0.036574,125
V.K21,yearly,2020,Tvl,H,0.036335,0.036335,126
V.K21,yearly,2020,Tvl,qv,-0.032536,0.032536,127
V.K21,yearly,2020,Tvl,Dc,0.031876,0.031876,128
V.K21,yearly,2020,qv,Sc,-0.031195,0.031195,129
V.K21,yearly,2020,Tvl,Ah,-0.027111,0.027111,130
V.K21,yearly,2020,Trl,qv,0.026944,0.026944,131
V.K21,yearly,2020,W,rho,-0.026258,0.026258,132
V.K21,yearly,2020,Tvl,rho,-0.025075,0.025075,133
V.K21,yearly,2020,V,Ta,-0.023275,0.023275,134
V.K21,yearly,2020,P,Trl,0.006561,0.006561,135
V.K21,yearly,2020,Trl,Sc,-0.006498,0.006498,136
V.K21,yearly,2021,Igc,Igm,0.998941,0.998941,1
V.K21,yearly,2021,V,W,0.988357,0.988357,2
V.K21,yearly,2021,Ah,Dp,0.980037,0.980037,3
V.K21,yearly,2021,H,Ta,0.961572,0.961572,4
V.K21,yearly,2021,Ta,rho,-0.953678,0.953678,5
V.K21,yearly,2021,Dp,H,0.951805,0.951805,6
V.K21,yearly,2021,Ah,H,0.948063,0.948063,7
V.K21,yearly,2021,H,rho,-0.93815,0.93815,8
V.K21,yearly,2021,Trl,Tvl,0.897776,0.897776,9
V.K21,yearly,2021,Dp,rho,-0.859501,0.859501,10
V.K21,yearly,2021,Dp,Ta,0.853681,0.853681,11
V.K21,yearly,2021,Ah,rho,-0.827213,0.827213,12
V.K21,yearly,2021,Ah,Ta,0.825029,0.825029,13
V.K21,yearly,2021,P,qv,0.772683,0.772683,14
V.K21,yearly,2021,Igm,Ua,-0.633527,0.633527,15
V.K21,yearly,2021,Igc,Ua,-0.623329,0.623329,16
V.K21,yearly,2021,Igm,Ta,0.492516,0.492516,17
V.K21,yearly,2021,Igc,Ta,0.487044,0.487044,18
V.K21,yearly,2021,P,Ta,0.486878,0.486878,19
V.K21,yearly,2021,P,H,0.481578,0.481578,20
V.K21,yearly,2021,Ta,Ua,-0.457285,0.457285,21
V.K21,yearly,2021,Tdiff,Tvl,0.446053,0.446053,22
V.K21,yearly,2021,P,rho,-0.445705,0.445705,23
V.K21,yearly,2021,P,Ah,0.416897,0.416897,24
V.K21,yearly,2021,Igm,rho,-0.414993,0.414993,25
V.K21,yearly,2021,Igc,rho,-0.409969,0.409969,26
V.K21,yearly,2021,Dc,Sc,0.408799,0.408799,27
V.K21,yearly,2021,V,Dp,0.403126,0.403126,28
V.K21,yearly,2021,P,Igm,0.392645,0.392645,29
V.K21,yearly,2021,P,Igc,0.390202,0.390202,30
V.K21,yearly,2021,Tdiff,W,-0.386494,0.386494,31
V.K21,yearly,2021,Tdiff,V,-0.383302,0.383302,32
V.K21,yearly,2021,P,Dp,0.381072,0.381072,33
V.K21,yearly,2021,V,Ah,0.366491,0.366491,34
V.K21,yearly,2021,Sc,Ua,-0.365393,0.365393,35
V.K21,yearly,2021,H,Igm,0.357425,0.357425,36
V.K21,yearly,2021,Ua,rho,0.355762,0.355762,37
V.K21,yearly,2021,H,Igc,0.354692,0.354692,38
V.K21,yearly,2021,Igm,Sc,0.349411,0.349411,39
V.K21,yearly,2021,W,Dp,0.348045,0.348045,40
V.K21,yearly,2021,Tdiff,Dp,-0.347087,0.347087,41
V.K21,yearly,2021,Tdiff,H,-0.34697,0.34697,42
V.K21,yearly,2021,Igc,Sc,0.345073,0.345073,43
V.K21,yearly,2021,Tdiff,Ah,-0.342258,0.342258,44
V.K21,yearly,2021,Tdiff,Ta,-0.322585,0.322585,45
V.K21,yearly,2021,V,H,0.317218,0.317218,46
V.K21,yearly,2021,W,Ah,0.312966,0.312966,47
V.K21,yearly,2021,V,qv,-0.298883,0.298883,48
V.K21,yearly,2021,W,qv,-0.295615,0.295615,49
V.K21,yearly,2021,Tdiff,rho,0.292643,0.292643,50
V.K21,yearly,2021,Tvl,H,-0.278545,0.278545,51
V.K21,yearly,2021,Tvl,Dp,-0.275918,0.275918,52
V.K21,yearly,2021,Tvl,Ah,-0.273586,0.273586,53
V.K21,yearly,2021,P,Ua,-0.271701,0.271701,54
V.K21,yearly,2021,Tvl,Ta,-0.265223,0.265223,55
V.K21,yearly,2021,V,Ta,0.257766,0.257766,56
V.K21,yearly,2021,W,Ua,0.255363,0.255363,57
V.K21,yearly,2021,V,rho,-0.249972,0.249972,58
V.K21,yearly,2021,W,H,0.249268,0.249268,59
V.K21,yearly,2021,H,Ua,-0.223539,0.223539,60
V.K21,yearly,2021,P,Tvl,-0.212037,0.212037,61
V.K21,yearly,2021,V,Ua,0.204395,0.204395,62
V.K21,yearly,2021,Tvl,rho,0.192949,0.192949,63
V.K21,yearly,2021,Sc,rho,-0.190807,0.190807,64
V.K21,yearly,2021,qv,Igm,0.188208,0.188208,65
V.K21,yearly,2021,qv,Igc,0.187091,0.187091,66
V.K21,yearly,2021,W,Ta,0.182782,0.182782,67
V.K21,yearly,2021,W,rho,-0.181974,0.181974,68
V.K21,yearly,2021,Dp,Igc,0.180752,0.180752,69
V.K21,yearly,2021,Dp,Igm,0.180393,0.180393,70
V.K21,yearly,2021,P,Tdiff,-0.167967,0.167967,71
V.K21,yearly,2021,Tdiff,qv,0.164238,0.164238,72
V.K21,yearly,2021,P,Trl,-0.162981,0.162981,73
V.K21,yearly,2021,Ah,Igc,0.162107,0.162107,74
V.K21,yearly,2021,Ah,Igm,0.161254,0.161254,75
V.K21,yearly,2021,Trl,qv,-0.156802,0.156802,76
V.K21,yearly,2021,qv,Ua,-0.149547,0.149547,77
V.K21,yearly,2021,Trl,H,-0.145636,0.145636,78
V.K21,yearly,2021,Trl,V,0.145395,0.145395,79
V.K21,yearly,2021,Trl,Ta,-0.142335,0.142335,80
V.K21,yearly,2021,Trl,Ah,-0.142145,0.142145,81
V.K21,yearly,2021,Trl,Dp,-0.141481,0.141481,82
V.K21,yearly,2021,W,Sc,-0.140351,0.140351,83
V.K21,yearly,2021,Trl,W,0.129732,0.129732,84
V.K21,yearly,2021,Tdiff,Igm,-0.12917,0.12917,85
V.K21,yearly,2021,Tdiff,Igc,-0.127109,0.127109,86
V.K21,yearly,2021,V,Sc,-0.127029,0.127029,87
V.K21,yearly,2021,Tvl,Sc,0.117794,0.117794,88
V.K21,yearly,2021,Sc,Ta,0.117575,0.117575,89
V.K21,yearly,2021,Dc,rho,-0.115475,0.115475,90
V.K21,yearly,2021,qv,Ta,0.11149,0.11149,91
V.K21,yearly,2021,qv,rho,-0.106294,0.106294,92
V.K21,yearly,2021,Dc,Ua,-0.105175,0.105175,93
V.K21,yearly,2021,Trl,Sc,0.102671,0.102671,94
V.K21,yearly,2021,qv,H,0.101528,0.101528,95
V.K21,yearly,2021,Dc,Ta,0.093986,0.093986,96
V.K21,yearly,2021,Ah,Sc,-0.092227,0.092227,97
V.K21,yearly,2021,Dc,Igm,0.09122,0.09122,98
V.K21,yearly,2021,Dc,Igc,0.089586,0.089586,99
V.K21,yearly,2021,Tvl,Igm,-0.082782,0.082782,100
V.K21,yearly,2021,Tvl,Igc,-0.082767,0.082767,101
V.K21,yearly,2021,Ah,Ua,0.078701,0.078701,102
V.K21,yearly,2021,W,Igc,-0.077837,0.077837,103
V.K21,yearly,2021,W,Igm,-0.077764,0.077764,104
V.K21,yearly,2021,Trl,rho,0.076899,0.076899,105
V.K21,yearly,2021,Dc,H,0.072522,0.072522,106
V.K21,yearly,2021,qv,Ah,0.069495,0.069495,107
V.K21,yearly,2021,Dp,Sc,-0.068582,0.068582,108
V.K21,yearly,2021,W,Dc,-0.068095,0.068095,109
V.K21,yearly,2021,Dp,Ua,0.063611,0.063611,110
V.K21,yearly,2021,P,Sc,0.063484,0.063484,111
V.K21,yearly,2021,Tvl,qv,-0.062383,0.062383,112
V.K21,yearly,2021,Tdiff,Sc,0.055372,0.055372,113
V.K21,yearly,2021,Dc,Dp,0.055217,0.055217,114
V.K21,yearly,2021,Trl,Ua,0.054617,0.054617,115
V.K21,yearly,2021,Tvl,Ua,0.053802,0.053802,116
V.K21,yearly,2021,qv,Sc,0.053551,0.053551,117
V.K21,yearly,2021,Tdiff,Dc,0.052762,0.052762,118
V.K21,yearly,2021,V,Dc,-0.052103,0.052103,119
V.K21,yearly,2021,Tvl,W,-0.051637,0.051637,120
V.K21,yearly,2021,Ah,Dc,0.041606,0.041606,121
V.K21,yearly,2021,Tvl,V,-0.035779,0.035779,122
V.K21,yearly,2021,qv,Dp,0.034309,0.034309,123
V.K21,yearly,2021,Trl,Igc,-0.032967,0.032967,124
V.K21,yearly,2021,P,Dc,0.032327,0.032327,125
V.K21,yearly,2021,Trl,Igm,-0.032052,0.032052,126
V.K21,yearly,2021,V,Igc,-0.031013,0.031013,127
V.K21,yearly,2021,V,Igm,-0.030941,0.030941,128
V.K21,yearly,2021,H,Sc,0.024415,0.024415,129
V.K21,yearly,2021,P,W,-0.017481,0.017481,130
V.K21,yearly,2021,Tdiff,Ua,0.01556,0.01556,131
V.K21,yearly,2021,Trl,Dc,-0.015443,0.015443,132
V.K21,yearly,2021,qv,Dc,0.012809,0.012809,133
V.K21,yearly,2021,Tvl,Dc,0.009811,0.009811,134
V.K21,yearly,2021,Tdiff,Trl,0.008179,0.008179,135
V.K21,yearly,2021,P,V,0.005901,0.005901,136
V.K21,yearly,2022,Igc,Igm,0.999111,0.999111,1
V.K21,yearly,2022,V,W,0.992857,0.992857,2
V.K21,yearly,2022,Ah,Dp,0.97901,0.97901,3
V.K21,yearly,2022,Ta,rho,-0.960625,0.960625,4
V.K21,yearly,2022,H,Ta,0.947623,0.947623,5
V.K21,yearly,2022,H,rho,-0.941202,0.941202,6
V.K21,yearly,2022,Dp,H,0.911456,0.911456,7
V.K21,yearly,2022,Ah,H,0.88909,0.88909,8
V.K21,yearly,2022,Trl,Tvl,0.873177,0.873177,9
V.K21,yearly,2022,P,qv,0.808533,0.808533,10
V.K21,yearly,2022,Dp,rho,-0.786279,0.786279,11
V.K21,yearly,2022,Dp,Ta,0.750422,0.750422,12
V.K21,yearly,2022,Ah,rho,-0.735752,0.735752,13
V.K21,yearly,2022,Ah,Ta,0.696999,0.696999,14
V.K21,yearly,2022,P,Ta,0.66852,0.66852,15
V.K21,yearly,2022,Ta,Ua,-0.644234,0.644234,16
V.K21,yearly,2022,Trl,V,-0.628826,0.628826,17
V.K21,yearly,2022,Trl,W,-0.622823,0.622823,18
V.K21,yearly,2022,P,rho,-0.609004,0.609004,19
V.K21,yearly,2022,Igm,Ua,-0.608181,0.608181,20
V.K21,yearly,2022,P,H,0.606879,0.606879,21
V.K21,yearly,2022,Igc,Ua,-0.599645,0.599645,22
V.K21,yearly,2022,Tvl,V,-0.578489,0.578489,23
V.K21,yearly,2022,Tvl,W,-0.558189,0.558189,24
V.K21,yearly,2022,Ua,rho,0.547399,0.547399,25
V.K21,yearly,2022,Igm,Ta,0.518042,0.518042,26
V.K21,yearly,2022,Tdiff,Ta,-0.514261,0.514261,27
V.K21,yearly,2022,Igc,Ta,0.512387,0.512387,28
V.K21,yearly,2022,P,Igm,0.504264,0.504264,29
V.K21,yearly,2022,P,Ua,-0.503745,0.503745,30
V.K21,yearly,2022,P,Igc,0.501027,0.501027,31
V.K21,yearly,2022,Tdiff,H,-0.482721,0.482721,32
V.K21,yearly,2022,Tdiff,rho,0.478288,0.478288,33
V.K21,yearly,2022,Igm,rho,-0.446394,0.446394,34
V.K21,yearly,2022,qv,Ta,0.44637,0.44637,35
V.K21,yearly,2022,Igc,rho,-0.441216,0.441216,36
V.K21,yearly,2022,Dc,Sc,0.425368,0.425368,37
V.K21,yearly,2022,P,Dp,0.416498,0.416498,38
V.K21,yearly,2022,qv,rho,-0.403875,0.403875,39
V.K21,yearly,2022,P,Ah,0.398005,0.398005,40
V.K21,yearly,2022,qv,H,0.390896,0.390896,41
V.K21,yearly,2022,H,Ua,-0.388321,0.388321,42
V.K21,yearly,2022,qv,Igm,0.382133,0.382133,43
V.K21,yearly,2022,qv,Igc,0.380122,0.380122,44
V.K21,yearly,2022,H,Igm,0.378564,0.378564,45
V.K21,yearly,2022,H,Igc,0.37573,0.37573,46
V.K21,yearly,2022,P,Tdiff,-0.372964,0.372964,47
V.K21,yearly,2022,Tdiff,Ua,0.369432,0.369432,48
V.K21,yearly,2022,qv,Ua,-0.369055,0.369055,49
V.K21,yearly,2022,Tdiff,Dp,-0.366334,0.366334,50
V.K21,yearly,2022,V,Ah,0.361591,0.361591,51
V.K21,yearly,2022,V,Dp,0.360714,0.360714,52
V.K21,yearly,2022,W,Ah,0.356109,0.356109,53
V.K21,yearly,2022,Tvl,Dp,-0.356055,0.356055,54
V.K21,yearly,2022,W,Dp,0.351761,0.351761,55
V.K21,yearly,2022,Tvl,Ah,-0.351316,0.351316,56
V.K21,yearly,2022,Tdiff,Ah,-0.345645,0.345645,57
V.K21,yearly,2022,Tdiff,Trl,-0.342554,0.342554,58
V.K21,yearly,2022,Tvl,H,-0.330794,0.330794,59
V.K21,yearly,2022,Tvl,rho,0.325146,0.325146,60
V.K21,yearly,2022,Tdiff,Igm,-0.295887,0.295887,61
V.K21,yearly,2022,Tdiff,Igc,-0.294911,0.294911,62
V.K21,yearly,2022,Igm,Sc,0.282528,0.282528,63
V.K21,yearly,2022,Igc,Sc,0.278203,0.278203,64
V.K21,yearly,2022,Tvl,Ta,-0.273265,0.273265,65
V.K21,yearly,2022,V,H,0.257284,0.257284,66
V.K21,yearly,2022,qv,Dp,0.25253,0.25253,67
V.K21,yearly,2022,Sc,Ua,-0.250269,0.250269,68
V.K21,yearly,2022,W,H,0.242882,0.242882,69
V.K21,yearly,2022,W,Ua,0.241497,0.241497,70
V.K21,yearly,2022,V,Sc,-0.238224,0.238224,71
V.K21,yearly,2022,qv,Ah,0.237004,0.237004,72
V.K21,yearly,2022,W,Sc,-0.232994,0.232994,73
V.K21,yearly,2022,V,Ua,0.222852,0.222852,74
V.K21,yearly,2022,V,rho,-0.222555,0.222555,75
V.K21,yearly,2022,P,Tvl,-0.202049,0.202049,76
V.K21,yearly,2022,W,rho,-0.201919,0.201919,77
V.K21,yearly,2022,Tdiff,W,0.195437,0.195437,78
V.K21,yearly,2022,Trl,Ua,-0.178795,0.178795,79
V.K21,yearly,2022,Tvl,qv,-0.175986,0.175986,80
V.K21,yearly,2022,Trl,qv,-0.175023,0.175023,81
V.K21,yearly,2022,Sc,rho,-0.173429,0.173429,82
V.K21,yearly,2022,Tdiff,V,0.167357,0.167357,83
V.K21,yearly,2022,Trl,Ah,-0.158656,0.158656,84
V.K21,yearly,2022,Tdiff,Tvl,0.157105,0.157105,85
V.K21,yearly,2022,Trl,Dp,-0.15287,0.15287,86
V.K21,yearly,2022,V,Ta,0.152,0.152,87
V.K21,yearly,2022,Dp,Igc,0.143694,0.143694,88
V.K21,yearly,2022,Dp,Igm,0.14263,0.14263,89
V.K21,yearly,2022,Trl,Sc,0.139682,0.139682,90
V.K21,yearly,2022,W,Ta,0.133149,0.133149,91
V.K21,yearly,2022,Tdiff,Dc,-0.124092,0.124092,92
V.K21,yearly,2022,Sc,Ta,0.121983,0.121983,93
V.K21,yearly,2022,Dc,rho,-0.120156,0.120156,94
V.K21,yearly,2022,Dc,Dp,0.117326,0.117326,95
V.K21,yearly,2022,Dc,H,0.112106,0.112106,96
V.K21,yearly,2022,Dc,Ta,0.110176,0.110176,97
V.K21,yearly,2022,Tvl,Sc,0.109735,0.109735,98
V.K21,yearly,2022,Ah,Igc,0.10724,0.10724,99
V.K21,yearly,2022,Ah,Igm,0.105413,0.105413,100
V.K21,yearly,2022,V,Dc,-0.099604,0.099604,101
V.K21,yearly,2022,W,Dc,-0.098747,0.098747,102
V.K21,yearly,2022,Trl,Igm,0.098742,0.098742,103
V.K21,yearly,2022,Trl,Igc,0.097902,0.097902,104
V.K21,yearly,2022,Ah,Dc,0.094048,0.094048,105
V.K21,yearly,2022,Trl,Dc,0.086656,0.086656,106
V.K21,yearly,2022,W,Igc,-0.086237,0.086237,107
V.K21,yearly,2022,W,Igm,-0.08613,0.08613,108
V.K21,yearly,2022,Tdiff,Sc,-0.072267,0.072267,109
V.K21,yearly,2022,Trl,H,-0.071252,0.071252,110
V.K21,yearly,2022,Ah,Sc,-0.070976,0.070976,111
V.K21,yearly,2022,Trl,rho,0.068482,0.068482,112
V.K21,yearly,2022,P,Sc,0.068304,0.068304,113
V.K21,yearly,2022,V,qv,0.066652,0.066652,114
V.K21,yearly,2022,V,Igc,-0.064728,0.064728,115
V.K21,yearly,2022,V,Igm,-0.064631,0.064631,116
V.K21,yearly,2022,qv,Dc,-0.05971,0.05971,117
V.K21,yearly,2022,Dc,Igm,0.05866,0.05866,118
V.K21,yearly,2022,Ah,Ua,0.057039,0.057039,119
V.K21,yearly,2022,Dc,Igc,0.056251,0.056251,120
V.K21,yearly,2022,Dc,Ua,-0.054794,0.054794,121
V.K21,yearly,2022,Tvl,Igc,-0.052302,0.052302,122
V.K21,yearly,2022,Tvl,Igm,-0.051986,0.051986,123
V.K21,yearly,2022,W,qv,0.051028,0.051028,124
V.K21,yearly,2022,H,Sc,0.048129,0.048129,125
V.K21,yearly,2022,P,Dc,0.043807,0.043807,126
V.K21,yearly,2022,qv,Sc,-0.043715,0.043715,127
V.K21,yearly,2022,Dp,Sc,-0.038425,0.038425,128
V.K21,yearly,2022,P,V,0.031059,0.031059,129
V.K21,yearly,2022,Tvl,Dc,0.025675,0.025675,130
V.K21,yearly,2022,P,W,0.022339,0.022339,131
V.K21,yearly,2022,P,Trl,-0.009726,0.009726,132
V.K21,yearly,2022,Tdiff,qv,0.006434,0.006434,133
V.K21,yearly,2022,Tvl,Ua,0.004543,0.004543,134
V.K21,yearly,2022,Dp,Ua,0.003813,0.003813,135
V.K21,yearly,2022,Trl,Ta,-0.001467,0.001467,136
V.K21,yearly,2023,Igc,Igm,0.999076,0.999076,1
V.K21,yearly,2023,V,W,0.986398,0.986398,2
V.K21,yearly,2023,Ah,Dp,0.978028,0.978028,3
V.K21,yearly,2023,Trl,Tvl,0.977314,0.977314,4
V.K21,yearly,2023,H,Ta,0.948166,0.948166,5
V.K21,yearly,2023,Ta,rho,-0.943444,0.943444,6
V.K21,yearly,2023,Dp,H,0.941159,0.941159,7
V.K21,yearly,2023,Ah,H,0.92545,0.92545,8
V.K21,yearly,2023,H,rho,-0.924199,0.924199,9
V.K21,yearly,2023,Dp,rho,-0.828248,0.828248,10
V.K21,yearly,2023,Dp,Ta,0.80791,0.80791,11
V.K21,yearly,2023,Ah,rho,-0.77315,0.77315,12
V.K21,yearly,2023,Ah,Ta,0.757801,0.757801,13
V.K21,yearly,2023,W,qv,0.738953,0.738953,14
V.K21,yearly,2023,V,qv,0.727745,0.727745,15
V.K21,yearly,2023,Igm,Ua,-0.628264,0.628264,16
V.K21,yearly,2023,Igc,Ua,-0.619241,0.619241,17
V.K21,yearly,2023,Ta,Ua,-0.561855,0.561855,18
V.K21,yearly,2023,P,Ta,0.546543,0.546543,19
V.K21,yearly,2023,Igm,Ta,0.501012,0.501012,20
V.K21,yearly,2023,Tdiff,Ta,-0.496091,0.496091,21
V.K21,yearly,2023,Igc,Ta,0.495641,0.495641,22
V.K21,yearly,2023,P,H,0.494245,0.494245,23
V.K21,yearly,2023,P,rho,-0.487986,0.487986,24
V.K21,yearly,2023,Trl,qv,-0.48239,0.48239,25
V.K21,yearly,2023,Tvl,qv,-0.465635,0.465635,26
V.K21,yearly,2023,P,Tdiff,-0.445661,0.445661,27
V.K21,yearly,2023,Tdiff,Ua,0.441288,0.441288,28
V.K21,yearly,2023,Ua,rho,0.438973,0.438973,29
V.K21,yearly,2023,Tdiff,H,-0.421945,0.421945,30
V.K21,yearly,2023,Dc,Sc,0.415874,0.415874,31
V.K21,yearly,2023,P,Ua,-0.406974,0.406974,32
V.K21,yearly,2023,Tdiff,rho,0.404952,0.404952,33
V.K21,yearly,2023,Igm,rho,-0.404063,0.404063,34
V.K21,yearly,2023,Igc,rho,-0.399131,0.399131,35
V.K21,yearly,2023,Tdiff,Igm,-0.398275,0.398275,36
V.K21,yearly,2023,qv,Dp,0.398172,0.398172,37
V.K21,yearly,2023,Tdiff,Igc,-0.393254,0.393254,38
V.K21,yearly,2023,qv,rho,-0.390779,0.390779,39
V.K21,yearly,2023,qv,H,0.383578,0.383578,40
V.K21,yearly,2023,qv,Ah,0.381433,0.381433,41
V.K21,yearly,2023,Tdiff,Trl,-0.381396,0.381396,42
V.K21,yearly,2023,P,Igm,0.370557,0.370557,43
V.K21,yearly,2023,P,Igc,0.366795,0.366795,44
V.K21,yearly,2023,P,Dp,0.362916,0.362916,45
V.K21,yearly,2023,P,Ah,0.356997,0.356997,46
V.K21,yearly,2023,H,Igm,0.352129,0.352129,47
V.K21,yearly,2023,H,Igc,0.349482,0.349482,48
V.K21,yearly,2023,qv,Ta,0.343246,0.343246,49
V.K21,yearly,2023,W,Dp,0.337495,0.337495,50
V.K21,yearly,2023,W,Ah,0.332457,0.332457,51
V.K21,yearly,2023,H,Ua,-0.295355,0.295355,52
V.K21,yearly,2023,Tdiff,Dp,-0.276485,0.276485,53
V.K21,yearly,2023,P,qv,0.272099,0.272099,54
V.K21,yearly,2023,Tdiff,Ah,-0.268353,0.268353,55
V.K21,yearly,2023,Tdiff,V,0.265384,0.265384,56
V.K21,yearly,2023,V,Dp,0.257041,0.257041,57
V.K21,yearly,2023,W,H,0.253787,0.253787,58
V.K21,yearly,2023,V,Ah,0.246847,0.246847,59
V.K21,yearly,2023,Tdiff,W,0.240187,0.240187,60
V.K21,yearly,2023,Sc,Ua,-0.240099,0.240099,61
V.K21,yearly,2023,Tvl,rho,0.239139,0.239139,62
V.K21,yearly,2023,Igm,Sc,0.239085,0.239085,63
V.K21,yearly,2023,Igc,Sc,0.2354,0.2354,64
V.K21,yearly,2023,W,rho,-0.234959,0.234959,65
V.K21,yearly,2023,V,Ua,0.226509,0.226509,66
V.K21,yearly,2023,Tdiff,qv,0.222925,0.222925,67
V.K21,yearly,2023,W,Ua,0.220048,0.220048,68
V.K21,yearly,2023,P,Tvl,-0.219211,0.219211,69
V.K21,yearly,2023,Tvl,H,-0.218688,0.218688,70
V.K21,yearly,2023,Tvl,Ta,-0.21104,0.21104,71
V.K21,yearly,2023,Tvl,Ah,-0.195312,0.195312,72
V.K21,yearly,2023,Trl,W,-0.191131,0.191131,73
V.K21,yearly,2023,Trl,V,-0.186904,0.186904,74
V.K21,yearly,2023,Tvl,Dp,-0.184653,0.184653,75
V.K21,yearly,2023,Tdiff,Tvl,-0.178947,0.178947,76
V.K21,yearly,2023,V,H,0.172125,0.172125,77
V.K21,yearly,2023,V,rho,-0.170867,0.170867,78
V.K21,yearly,2023,W,Ta,0.15946,0.15946,79
V.K21,yearly,2023,Dp,Igc,0.151924,0.151924,80
V.K21,yearly,2023,Dp,Igm,0.151301,0.151301,81
V.K21,yearly,2023,Tvl,W,-0.149182,0.149182,82
V.K21,yearly,2023,Tvl,V,-0.13913,0.13913,83
V.K21,yearly,2023,Trl,rho,0.138037,0.138037,84
V.K21,yearly,2023,Sc,rho,-0.134426,0.134426,85
V.K21,yearly,2023,Ah,Sc,-0.134369,0.134369,86
V.K21,yearly,2023,Trl,Ah,-0.127007,0.127007,87
V.K21,yearly,2023,Ah,Igc,0.122984,0.122984,88
V.K21,yearly,2023,Ah,Igm,0.12185,0.12185,89
V.K21,yearly,2023,Trl,H,-0.115864,0.115864,90
V.K21,yearly,2023,Trl,Dp,-0.115019,0.115019,91
V.K21,yearly,2023,P,Trl,-0.110589,0.110589,92
V.K21,yearly,2023,Tvl,Ua,0.107017,0.107017,93
V.K21,yearly,2023,Trl,Sc,0.102488,0.102488,94
V.K21,yearly,2023,V,Igc,-0.101142,0.101142,95
V.K21,yearly,2023,V,Igm,-0.100783,0.100783,96
V.K21,yearly,2023,qv,Sc,-0.100061,0.100061,97
V.K21,yearly,2023,Tvl,Igm,-0.100007,0.100007,98
V.K21,yearly,2023,Tvl,Igc,-0.099934,0.099934,99
V.K21,yearly,2023,Trl,Ta,-0.092492,0.092492,100
V.K21,yearly,2023,Tvl,Sc,0.0918,0.0918,101
V.K21,yearly,2023,V,Ta,0.090646,0.090646,102
V.K21,yearly,2023,Dp,Sc,-0.086909,0.086909,103
V.K21,yearly,2023,W,Igc,-0.085115,0.085115,104
V.K21,yearly,2023,W,Igm,-0.084745,0.084745,105
V.K21,yearly,2023,qv,Igm,0.073247,0.073247,106
V.K21,yearly,2023,qv,Igc,0.072967,0.072967,107
V.K21,yearly,2023,Tdiff,Sc,-0.072653,0.072653,108
V.K21,yearly,2023,P,W,0.071999,0.071999,109
V.K21,yearly,2023,Ah,Ua,0.07073,0.07073,110
V.K21,yearly,2023,Sc,Ta,0.057457,0.057457,111
V.K21,yearly,2023,Trl,Dc,0.055956,0.055956,112
V.K21,yearly,2023,Tvl,Dc,0.053851,0.053851,113
V.K21,yearly,2023,V,Dc,0.049667,0.049667,114
V.K21,yearly,2023,Dc,rho,-0.048647,0.048647,115
V.K21,yearly,2023,W,Sc,-0.043519,0.043519,116
V.K21,yearly,2023,W,Dc,0.038217,0.038217,117
V.K21,yearly,2023,P,V,0.038191,0.038191,118
V.K21,yearly,2023,H,Sc,-0.030548,0.030548,119
V.K21,yearly,2023,Tdiff,Dc,-0.025971,0.025971,120
V.K21,yearly,2023,qv,Dc,-0.022662,0.022662,121
V.K21,yearly,2023,Dc,Igc,-0.022453,0.022453,122
V.K21,yearly,2023,Dp,Ua,0.021533,0.021533,123
V.K21,yearly,2023,Dc,Igm,-0.019051,0.019051,124
V.K21,yearly,2023,Dc,Dp,0.012539,0.012539,125
V.K21,yearly,2023,V,Sc,-0.01027,0.01027,126
V.K21,yearly,2023,qv,Ua,-0.009765,0.009765,127
V.K21,yearly,2023,Trl,Igc,-0.009151,0.009151,128
V.K21,yearly,2023,Trl,Igm,-0.008126,0.008126,129
V.K21,yearly,2023,Ah,Dc,-0.007114,0.007114,130
V.K21,yearly,2023,Dc,H,-0.006075,0.006075,131
V.K21,yearly,2023,Trl,Ua,0.005844,0.005844,132
V.K21,yearly,2023,Dc,Ta,-0.005251,0.005251,133
V.K21,yearly,2023,Dc,Ua,0.003068,0.003068,134
V.K21,yearly,2023,P,Dc,-0.002053,0.002053,135
V.K21,yearly,2023,P,Sc,0.000673,0.000673,136
H1.K11,yearly,2018,Igc,Igm,0.999171,0.999171,1
H1.K11,yearly,2018,P,Tdiff,-0.990756,0.990756,2
H1.K11,yearly,2018,Ah,Dp,0.96932,0.96932,3
H1.K11,yearly,2018,V,W,0.968198,0.968198,4
H1.K11,yearly,2018,Ta,rho,-0.966631,0.966631,5
H1.K11,yearly,2018,H,Ta,0.959319,0.959319,6
H1.K11,yearly,2018,H,rho,-0.941897,0.941897,7
H1.K11,yearly,2018,Dp,H,0.925419,0.925419,8
H1.K11,yearly,2018,Ah,H,0.915519,0.915519,9
H1.K11,yearly,2018,Dp,rho,-0.814303,0.814303,10
H1.K11,yearly,2018,Dp,Ta,0.808386,0.808386,11
H1.K11,yearly,2018,P,Ta,0.800803,0.800803,12
H1.K11,yearly,2018,Tdiff,Ta,-0.793997,0.793997,13
H1.K11,yearly,2018,Ah,rho,-0.770833,0.770833,14
H1.K11,yearly,2018,Ah,Ta,0.765441,0.765441,15
H1.K11,yearly,2018,P,H,0.758625,0.758625,16
H1.K11,yearly,2018,Tdiff,H,-0.756037,0.756037,17
H1.K11,yearly,2018,Tdiff,rho,0.754388,0.754388,18
H1.K11,yearly,2018,P,rho,-0.753169,0.753169,19
H1.K11,yearly,2018,Trl,Tvl,0.731613,0.731613,20
H1.K11,yearly,2018,Tdiff,Trl,-0.633126,0.633126,21
H1.K11,yearly,2018,Igm,Ua,-0.624524,0.624524,22
H1.K11,yearly,2018,Igc,Ua,-0.615457,0.615457,23
H1.K11,yearly,2018,P,Trl,0.61232,0.61232,24
H1.K11,yearly,2018,P,Igm,0.601973,0.601973,25
H1.K11,yearly,2018,P,Igc,0.597917,0.597917,26
H1.K11,yearly,2018,Ta,Ua,-0.593472,0.593472,27
H1.K11,yearly,2018,P,Ua,-0.586082,0.586082,28
H1.K11,yearly,2018,Tdiff,Ah,-0.581597,0.581597,29
H1.K11,yearly,2018,P,Ah,0.576522,0.576522,30
H1.K11,yearly,2018,Tdiff,Igm,-0.574706,0.574706,31
H1.K11,yearly,2018,Tdiff,Igc,-0.570713,0.570713,32
H1.K11,yearly,2018,Tdiff,Ua,0.569382,0.569382,33
H1.K11,yearly,2018,Tdiff,Dp,-0.565704,0.565704,34
H1.K11,yearly,2018,Tdiff,qv,0.561023,0.561023,35
H1.K11,yearly,2018,P,Dp,0.558061,0.558061,36
H1.K11,yearly,2018,Igm,Ta,0.538315,0.538315,37
H1.K11,yearly,2018,Ua,rho,0.533642,0.533642,38
H1.K11,yearly,2018,Igc,Ta,0.533294,0.533294,39
H1.K11,yearly,2018,P,qv,-0.509603,0.509603,40
H1.K11,yearly,2018,Trl,Ta,0.506848,0.506848,41
H1.K11,yearly,2018,Trl,H,0.494064,0.494064,42
H1.K11,yearly,2018,Igm,rho,-0.489496,0.489496,43
H1.K11,yearly,2018,Igc,rho,-0.484774,0.484774,44
H1.K11,yearly,2018,Trl,rho,-0.470088,0.470088,45
H1.K11,yearly,2018,H,Igm,0.419252,0.419252,46
H1.K11,yearly,2018,H,Igc,0.41707,0.41707,47
H1.K11,yearly,2018,Trl,Ah,0.400235,0.400235,48
H1.K11,yearly,2018,Trl,Dp,0.394442,0.394442,49
H1.K11,yearly,2018,qv,Ta,-0.386336,0.386336,50
H1.K11,yearly,2018,H,Ua,-0.377658,0.377658,51
H1.K11,yearly,2018,qv,rho,0.367513,0.367513,52
H1.K11,yearly,2018,qv,H,-0.361168,0.361168,53
H1.K11,yearly,2018,Dc,Sc,0.343783,0.343783,54
H1.K11,yearly,2018,qv,Ua,0.327069,0.327069,55
H1.K11,yearly,2018,Trl,Igm,0.325641,0.325641,56
H1.K11,yearly,2018,Trl,Igc,0.323266,0.323266,57
H1.K11,yearly,2018,Trl,Ua,-0.314232,0.314232,58
H1.K11,yearly,2018,Igm,Sc,0.313819,0.313819,59
H1.K11,yearly,2018,Sc,Ua,-0.312832,0.312832,60
H1.K11,yearly,2018,Igc,Sc,0.309467,0.309467,61
H1.K11,yearly,2018,Trl,qv,-0.285205,0.285205,62
H1.K11,yearly,2018,qv,Igm,-0.280435,0.280435,63
H1.K11,yearly,2018,qv,Igc,-0.277978,0.277978,64
H1.K11,yearly,2018,qv,Ah,-0.265458,0.265458,65
H1.K11,yearly,2018,W,Dp,0.251984,0.251984,66
H1.K11,yearly,2018,qv,Dp,-0.243663,0.243663,67
H1.K11,yearly,2018,V,Dp,0.232271,0.232271,68
H1.K11,yearly,2018,W,Ah,0.218472,0.218472,69
H1.K11,yearly,2018,Dc,Dp,0.212072,0.212072,70
H1.K11,yearly,2018,Dp,Igc,0.205473,0.205473,71
H1.K11,yearly,2018,Dp,Igm,0.204109,0.204109,72
H1.K11,yearly,2018,V,Ah,0.197477,0.197477,73
H1.K11,yearly,2018,W,H,0.19243,0.19243,74
H1.K11,yearly,2018,Dc,rho,-0.18665,0.18665,75
H1.K11,yearly,2018,Ah,Igc,0.18527,0.18527,76
H1.K11,yearly,2018,Ah,Igm,0.182997,0.182997,77
H1.K11,yearly,2018,Dc,Ta,0.176572,0.176572,78
H1.K11,yearly,2018,Dc,H,0.175893,0.175893,79
H1.K11,yearly,2018,V,H,0.172396,0.172396,80
H1.K11,yearly,2018,W,Ta,0.16264,0.16264,81
H1.K11,yearly,2018,W,qv,0.162354,0.162354,82
H1.K11,yearly,2018,Ah,Sc,-0.16197,0.16197,83
H1.K11,yearly,2018,Ah,Dc,0.156832,0.156832,84
H1.K11,yearly,2018,Trl,Dc,0.151484,0.151484,85
H1.K11,yearly,2018,V,Ta,0.145582,0.145582,86
H1.K11,yearly,2018,Dp,Sc,-0.143094,0.143094,87
H1.K11,yearly,2018,V,qv,0.141095,0.141095,88
H1.K11,yearly,2018,Tvl,qv,0.140121,0.140121,89
H1.K11,yearly,2018,Tvl,Dc,0.10834,0.10834,90
H1.K11,yearly,2018,Tdiff,Dc,-0.106259,0.106259,91
H1.K11,yearly,2018,Tdiff,Sc,-0.104621,0.104621,92
H1.K11,yearly,2018,P,Tvl,-0.09989,0.09989,93
H1.K11,yearly,2018,Sc,rho,-0.098609,0.098609,94
H1.K11,yearly,2018,P,Sc,0.097161,0.097161,95
H1.K11,yearly,2018,Tvl,W,0.094746,0.094746,96
H1.K11,yearly,2018,P,Dc,0.092732,0.092732,97
H1.K11,yearly,2018,V,Sc,-0.092504,0.092504,98
H1.K11,yearly,2018,W,Sc,-0.092337,0.092337,99
H1.K11,yearly,2018,Tvl,V,0.090038,0.090038,100
H1.K11,yearly,2018,Tvl,Ua,0.087206,0.087206,101
H1.K11,yearly,2018,W,rho,-0.086405,0.086405,102
H1.K11,yearly,2018,V,Ua,0.080289,0.080289,103
H1.K11,yearly,2018,W,Ua,0.078744,0.078744,104
H1.K11,yearly,2018,Trl,Sc,0.077829,0.077829,105
H1.K11,yearly,2018,Dc,Igm,0.076061,0.076061,106
H1.K11,yearly,2018,Dc,Igc,0.0745,0.0745,107
H1.K11,yearly,2018,Tvl,Igm,-0.071725,0.071725,108
H1.K11,yearly,2018,Tvl,Igc,-0.071349,0.071349,109
H1.K11,yearly,2018,V,rho,-0.070298,0.070298,110
H1.K11,yearly,2018,Trl,W,0.065779,0.065779,111
H1.K11,yearly,2018,Trl,V,0.063372,0.063372,112
H1.K11,yearly,2018,W,Igm,-0.062621,0.062621,113
H1.K11,yearly,2018,W,Igc,-0.062546,0.062546,114
H1.K11,yearly,2018,Tdiff,Tvl,0.061891,0.061891,115
H1.K11,yearly,2018,Sc,Ta,0.058441,0.058441,116
H1.K11,yearly,2018,V,Igm,-0.047994,0.047994,117
H1.K11,yearly,2018,V,Igc,-0.04792,0.04792,118
H1.K11,yearly,2018,Tvl,rho,0.044984,0.044984,119
H1.K11,yearly,2018,V,Dc,0.04047,0.04047,120
H1.K11,yearly,2018,W,Dc,0.036179,0.036179,121
H1.K11,yearly,2018,Tvl,Ta,-0.034077,0.034077,122
H1.K11,yearly,2018,H,Sc,-0.032065,0.032065,123
H1.K11,yearly,2018,Tvl,Sc,0.024124,0.024124,124
H1.K11,yearly,2018,Dp,Ua,-0.021671,0.021671,125
H1.K11,yearly,2018,Tvl,H,-0.018606,0.018606,126
H1.K11,yearly,2018,Dc,Ua,-0.018222,0.018222,127
H1.K11,yearly,2018,Tvl,Dp,0.018065,0.018065,128
H1.K11,yearly,2018,qv,Sc,-0.017996,0.017996,129
H1.K11,yearly,2018,qv,Dc,-0.011612,0.011612,130
H1.K11,yearly,2018,Tdiff,W,0.010859,0.010859,131
H1.K11,yearly,2018,Tvl,Ah,0.010436,0.010436,132
H1.K11,yearly,2018,Tdiff,V,0.009446,0.009446,133
H1.K11,yearly,2018,P,W,0.007189,0.007189,134
H1.K11,yearly,2018,Ah,Ua,-0.004135,0.004135,135
H1.K11,yearly,2018,P,V,0.003064,0.003064,136
H1.K11,yearly,2019,Igc,Igm,0.999227,0.999227,1
H1.K11,yearly,2019,P,Tdiff,-0.982549,0.982549,2
H1.K11,yearly,2019,Ah,Dp,0.982017,0.982017,3
H1.K11,yearly,2019,V,W,0.9673,0.9673,4
H1.K11,yearly,2019,H,Ta,0.946742,0.946742,5
H1.K11,yearly,2019,Ta,rho,-0.941822,0.941822,6
H1.K11,yearly,2019,H,rho,-0.928951,0.928951,7
H1.K11,yearly,2019,Dp,H,0.926717,0.926717,8
H1.K11,yearly,2019,Ah,H,0.909866,0.909866,9
H1.K11,yearly,2019,Trl,Tvl,0.857199,0.857199,10
H1.K11,yearly,2019,Dp,rho,-0.811417,0.811417,11
H1.K11,yearly,2019,Dp,Ta,0.773904,0.773904,12
H1.K11,yearly,2019,Ah,rho,-0.762449,0.762449,13
H1.K11,yearly,2019,Ah,Ta,0.728501,0.728501,14
H1.K11,yearly,2019,Tdiff,Ta,-0.712218,0.712218,15
H1.K11,yearly,2019,Tdiff,qv,0.703237,0.703237,16
H1.K11,yearly,2019,P,Ta,0.703113,0.703113,17
H1.K11,yearly,2019,P,qv,-0.650832,0.650832,18
H1.K11,yearly,2019,Tdiff,H,-0.647507,0.647507,19
H1.K11,yearly,2019,P,H,0.645973,0.645973,20
H1.K11,yearly,2019,Igm,Ua,-0.645785,0.645785,21
H1.K11,yearly,2019,Igc,Ua,-0.636499,0.636499,22
H1.K11,yearly,2019,Tdiff,rho,0.635481,0.635481,23
H1.K11,yearly,2019,P,rho,-0.633073,0.633073,24
H1.K11,yearly,2019,Ta,Ua,-0.614788,0.614788,25
H1.K11,yearly,2019,Igm,Ta,0.538483,0.538483,26
H1.K11,yearly,2019,Tdiff,Ua,0.535865,0.535865,27
H1.K11,yearly,2019,Igc,Ta,0.532929,0.532929,28
H1.K11,yearly,2019,qv,Ta,-0.516249,0.516249,29
H1.K11,yearly,2019,Tdiff,Igm,-0.50567,0.50567,30
H1.K11,yearly,2019,P,Ua,-0.503224,0.503224,31
H1.K11,yearly,2019,P,Igm,0.501995,0.501995,32
H1.K11,yearly,2019,Tdiff,Igc,-0.500138,0.500138,33
H1.K11,yearly,2019,P,Igc,0.496749,0.496749,34
H1.K11,yearly,2019,Dc,Sc,0.48533,0.48533,35
H1.K11,yearly,2019,Ua,rho,0.47409,0.47409,36
H1.K11,yearly,2019,qv,rho,0.471829,0.471829,37
H1.K11,yearly,2019,qv,H,-0.460599,0.460599,38
H1.K11,yearly,2019,P,Dp,0.459788,0.459788,39
H1.K11,yearly,2019,P,Ah,0.455515,0.455515,40
H1.K11,yearly,2019,Tdiff,Dp,-0.449415,0.449415,41
H1.K11,yearly,2019,qv,Ua,0.448246,0.448246,42
H1.K11,yearly,2019,Tdiff,Ah,-0.44676,0.44676,43
H1.K11,yearly,2019,Igm,rho,-0.439571,0.439571,44
H1.K11,yearly,2019,Igc,rho,-0.434516,0.434516,45
H1.K11,yearly,2019,H,Igm,0.385288,0.385288,46
H1.K11,yearly,2019,H,Igc,0.382804,0.382804,47
H1.K11,yearly,2019,qv,Igm,-0.377974,0.377974,48
H1.K11,yearly,2019,qv,Igc,-0.372812,0.372812,49
H1.K11,yearly,2019,Tdiff,Trl,-0.371697,0.371697,50
H1.K11,yearly,2019,H,Ua,-0.349449,0.349449,51
H1.K11,yearly,2019,P,Trl,0.340206,0.340206,52
H1.K11,yearly,2019,V,Dp,0.337918,0.337918,53
H1.K11,yearly,2019,W,Dp,0.317307,0.317307,54
H1.K11,yearly,2019,V,Ah,0.307403,0.307403,55
H1.K11,yearly,2019,qv,Ah,-0.302913,0.302913,56
H1.K11,yearly,2019,Igm,Sc,0.296984,0.296984,57
H1.K11,yearly,2019,W,Ah,0.296133,0.296133,58
H1.K11,yearly,2019,Igc,Sc,0.292833,0.292833,59
H1.K11,yearly,2019,qv,Dp,-0.287845,0.287845,60
H1.K11,yearly,2019,Sc,Ua,-0.272901,0.272901,61
H1.K11,yearly,2019,Trl,Ua,-0.251333,0.251333,62
H1.K11,yearly,2019,W,Ua,0.24252,0.24252,63
H1.K11,yearly,2019,V,H,0.234772,0.234772,64
H1.K11,yearly,2019,Tvl,qv,0.231565,0.231565,65
H1.K11,yearly,2019,Tvl,rho,0.227632,0.227632,66
H1.K11,yearly,2019,Trl,Ta,0.223412,0.223412,67
H1.K11,yearly,2019,V,rho,-0.210515,0.210515,68
H1.K11,yearly,2019,V,Ua,0.210307,0.210307,69
H1.K11,yearly,2019,W,H,0.207262,0.207262,70
H1.K11,yearly,2019,V,Sc,-0.197562,0.197562,71
H1.K11,yearly,2019,W,Sc,-0.188753,0.188753,72
H1.K11,yearly,2019,Sc,rho,-0.186921,0.186921,73
H1.K11,yearly,2019,Tvl,Dp,-0.182978,0.182978,74
H1.K11,yearly,2019,P,Tvl,-0.1824,0.1824,75
H1.K11,yearly,2019,Trl,Igm,0.180988,0.180988,76
H1.K11,yearly,2019,Trl,Igc,0.178699,0.178699,77
H1.K11,yearly,2019,Tvl,H,-0.176332,0.176332,78
H1.K11,yearly,2019,Trl,H,0.172948,0.172948,79
H1.K11,yearly,2019,W,rho,-0.170242,0.170242,80
H1.K11,yearly,2019,Tvl,Ah,-0.167705,0.167705,81
H1.K11,yearly,2019,Dp,Igc,0.163095,0.163095,82
H1.K11,yearly,2019,Dp,Igm,0.161794,0.161794,83
H1.K11,yearly,2019,Tvl,Ta,-0.158888,0.158888,84
H1.K11,yearly,2019,Tdiff,Tvl,0.157964,0.157964,85
H1.K11,yearly,2019,V,Ta,0.153951,0.153951,86
H1.K11,yearly,2019,Trl,qv,-0.149696,0.149696,87
H1.K11,yearly,2019,Tvl,Sc,-0.136542,0.136542,88
H1.K11,yearly,2019,Ah,Igc,0.125997,0.125997,89
H1.K11,yearly,2019,Ah,Igm,0.124003,0.124003,90
H1.K11,yearly,2019,qv,Sc,-0.119267,0.119267,91
H1.K11,yearly,2019,Trl,rho,-0.118427,0.118427,92
H1.K11,yearly,2019,Sc,Ta,0.11817,0.11817,93
H1.K11,yearly,2019,W,Ta,0.116442,0.116442,94
H1.K11,yearly,2019,V,Dc,-0.103794,0.103794,95
H1.K11,yearly,2019,Trl,W,0.099257,0.099257,96
H1.K11,yearly,2019,P,V,0.098249,0.098249,97
H1.K11,yearly,2019,Ah,Sc,-0.097108,0.097108,98
H1.K11,yearly,2019,W,Igc,-0.0946,0.0946,99
H1.K11,yearly,2019,W,Igm,-0.094549,0.094549,100
H1.K11,yearly,2019,Tvl,W,0.091944,0.091944,101
H1.K11,yearly,2019,W,qv,0.091762,0.091762,102
H1.K11,yearly,2019,Tvl,Igm,-0.088906,0.088906,103
H1.K11,yearly,2019,Tvl,Igc,-0.088255,0.088255,104
H1.K11,yearly,2019,Trl,Sc,-0.08706,0.08706,105
H1.K11,yearly,2019,Dc,rho,-0.079576,0.079576,106
H1.K11,yearly,2019,P,W,0.079506,0.079506,107
H1.K11,yearly,2019,Tdiff,Sc,-0.077623,0.077623,108
H1.K11,yearly,2019,Trl,Ah,0.07589,0.07589,109
H1.K11,yearly,2019,W,Dc,-0.075209,0.075209,110
H1.K11,yearly,2019,V,qv,0.072522,0.072522,111
H1.K11,yearly,2019,P,Sc,0.067417,0.067417,112
H1.K11,yearly,2019,Trl,V,0.065514,0.065514,113
H1.K11,yearly,2019,Trl,Dp,0.063189,0.063189,114
H1.K11,yearly,2019,Dc,Ta,0.054758,0.054758,115
H1.K11,yearly,2019,Dc,Igm,0.054162,0.054162,116
H1.K11,yearly,2019,Dp,Sc,-0.054154,0.054154,117
H1.K11,yearly,2019,Ah,Ua,0.053409,0.053409,118
H1.K11,yearly,2019,Dc,Dp,0.052682,0.052682,119
H1.K11,yearly,2019,Dc,Igc,0.051992,0.051992,120
H1.K11,yearly,2019,Tvl,Dc,-0.051863,0.051863,121
H1.K11,yearly,2019,V,Igc,-0.051587,0.051587,122
H1.K11,yearly,2019,V,Igm,-0.051554,0.051554,123
H1.K11,yearly,2019,Dc,Ua,-0.05088,0.05088,124
H1.K11,yearly,2019,Tdiff,V,-0.047845,0.047845,125
H1.K11,yearly,2019,Tvl,V,0.044951,0.044951,126
H1.K11,yearly,2019,qv,Dc,-0.044453,0.044453,127
H1.K11,yearly,2019,Dc,H,0.043702,0.043702,128
H1.K11,yearly,2019,Trl,Dc,-0.042115,0.042115,129
H1.K11,yearly,2019,Tvl,Ua,0.030519,0.030519,130
H1.K11,yearly,2019,Tdiff,W,-0.027916,0.027916,131
H1.K11,yearly,2019,H,Sc,0.027132,0.027132,132
H1.K11,yearly,2019,Ah,Dc,0.02434,0.02434,133
H1.K11,yearly,2019,Tdiff,Dc,-0.013739,0.013739,134
H1.K11,yearly,2019,P,Dc,0.008641,0.008641,135
H1.K11,yearly,2019,Dp,Ua,0.006579,0.006579,136
H1.K11,yearly,2020,Igc,Igm,0.999193,0.999193,1
H1.K11,yearly,2020,Ah,Dp,0.977155,0.977155,2
H1.K11,yearly,2020,P,Tdiff,-0.976266,0.976266,3
H1.K11,yearly,2020,V,W,0.950195,0.950195,4
H1.K11,yearly,2020,Ta,rho,-0.945224,0.945224,5
H1.K11,yearly,2020,H,Ta,0.938979,0.938979,6
H1.K11,yearly,2020,H,rho,-0.923633,0.923633,7
H1.K11,yearly,2020,Trl,Tvl,0.907956,0.907956,8
H1.K11,yearly,2020,Dp,H,0.900835,0.900835,9
H1.K11,yearly,2020,Ah,H,0.891492,0.891492,10
H1.K11,yearly,2020,Dp,rho,-0.756824,0.756824,11
H1.K11,yearly,2020,Dp,Ta,0.718312,0.718312,12
H1.K11,yearly,2020,Ah,rho,-0.717632,0.717632,13
H1.K11,yearly,2020,Tdiff,Ta,-0.697374,0.697374,14
H1.K11,yearly,2020,P,Ta,0.696582,0.696582,15
H1.K11,yearly,2020,Ah,Ta,0.681928,0.681928,16
H1.K11,yearly,2020,Tdiff,H,-0.664352,0.664352,17
H1.K11,yearly,2020,P,H,0.651551,0.651551,18
H1.K11,yearly,2020,Tdiff,rho,0.631817,0.631817,19
H1.K11,yearly,2020,Ta,Ua,-0.62985,0.62985,20
H1.K11,yearly,2020,qv,H,-0.629261,0.629261,21
H1.K11,yearly,2020,P,rho,-0.628001,0.628001,22
H1.K11,yearly,2020,Igm,Ua,-0.621652,0.621652,23
H1.K11,yearly,2020,Tdiff,qv,0.617822,0.617822,24
H1.K11,yearly,2020,Igc,Ua,-0.613041,0.613041,25
H1.K11,yearly,2020,qv,Ta,-0.584153,0.584153,26
H1.K11,yearly,2020,qv,Dp,-0.567205,0.567205,27
H1.K11,yearly,2020,qv,Ah,-0.566926,0.566926,28
H1.K11,yearly,2020,P,qv,-0.553462,0.553462,29
H1.K11,yearly,2020,qv,rho,0.553098,0.553098,30
H1.K11,yearly,2020,Ua,rho,0.510223,0.510223,31
H1.K11,yearly,2020,Igm,Ta,0.499238,0.499238,32
H1.K11,yearly,2020,Igc,Ta,0.493467,0.493467,33
H1.K11,yearly,2020,Tdiff,Ah,-0.484423,0.484423,34
H1.K11,yearly,2020,Tdiff,Dp,-0.477904,0.477904,35
H1.K11,yearly,2020,P,Igm,0.470983,0.470983,36
H1.K11,yearly,2020,P,Ua,-0.467634,0.467634,37
H1.K11,yearly,2020,P,Igc,0.466316,0.466316,38
H1.K11,yearly,2020,P,Ah,0.458331,0.458331,39
H1.K11,yearly,2020,P,Dp,0.456888,0.456888,40
H1.K11,yearly,2020,V,qv,-0.456358,0.456358,41
H1.K11,yearly,2020,Tdiff,Ua,0.451944,0.451944,42
H1.K11,yearly,2020,Tdiff,Igm,-0.443091,0.443091,43
H1.K11,yearly,2020,Tdiff,Igc,-0.43879,0.43879,44
H1.K11,yearly,2020,W,qv,-0.424825,0.424825,45
H1.K11,yearly,2020,Igm,rho,-0.412373,0.412373,46
H1.K11,yearly,2020,Igc,rho,-0.407199,0.407199,47
H1.K11,yearly,2020,Dc,Sc,0.40669,0.40669,48
H1.K11,yearly,2020,H,Ua,-0.346098,0.346098,49
H1.K11,yearly,2020,Tvl,W,-0.340587,0.340587,50
H1.K11,yearly,2020,H,Igm,0.331536,0.331536,51
H1.K11,yearly,2020,Tvl,V,-0.330734,0.330734,52
H1.K11,yearly,2020,H,Igc,0.328922,0.328922,53
H1.K11,yearly,2020,P,Trl,0.325789,0.325789,54
H1.K11,yearly,2020,Igm,Sc,0.315729,0.315729,55
H1.K11,yearly,2020,Igc,Sc,0.31166,0.31166,56
H1.K11,yearly,2020,Sc,Ua,-0.310939,0.310939,57
H1.K11,yearly,2020,V,Dp,0.307784,0.307784,58
H1.K11,yearly,2020,Trl,W,-0.296641,0.296641,59
H1.K11,yearly,2020,W,Dp,0.295906,0.295906,60
H1.K11,yearly,2020,V,Ah,0.293886,0.293886,61
H1.K11,yearly,2020,Tdiff,Trl,-0.286191,0.286191,62
H1.K11,yearly,2020,W,Ah,0.28498,0.28498,63
H1.K11,yearly,2020,Trl,Ua,-0.28117,0.28117,64
H1.K11,yearly,2020,Trl,V,-0.268403,0.268403,65
H1.K11,yearly,2020,Trl,Ta,0.265973,0.265973,66
H1.K11,yearly,2020,W,Ua,0.246939,0.246939,67
H1.K11,yearly,2020,Trl,Igm,0.225986,0.225986,68
H1.K11,yearly,2020,V,H,0.224013,0.224013,69
H1.K11,yearly,2020,Trl,Igc,0.223604,0.223604,70
H1.K11,yearly,2020,Sc,rho,-0.223154,0.223154,71
H1.K11,yearly,2020,Trl,H,0.219568,0.219568,72
H1.K11,yearly,2020,qv,Igm,-0.203248,0.203248,73
H1.K11,yearly,2020,qv,Igc,-0.201223,0.201223,74
H1.K11,yearly,2020,qv,Ua,0.196527,0.196527,75
H1.K11,yearly,2020,V,rho,-0.1954,0.1954,76
H1.K11,yearly,2020,V,Sc,-0.187241,0.187241,77
H1.K11,yearly,2020,Trl,rho,-0.182104,0.182104,78
H1.K11,yearly,2020,W,Sc,-0.180027,0.180027,79
H1.K11,yearly,2020,W,H,0.179457,0.179457,80
H1.K11,yearly,2020,V,Ua,0.165744,0.165744,81
H1.K11,yearly,2020,Sc,Ta,0.161986,0.161986,82
H1.K11,yearly,2020,V,Dc,-0.159966,0.159966,83
H1.K11,yearly,2020,Tvl,qv,0.153295,0.153295,84
H1.K11,yearly,2020,Tdiff,Tvl,0.14073,0.14073,85
H1.K11,yearly,2020,V,Ta,0.140447,0.140447,86
H1.K11,yearly,2020,P,V,0.137162,0.137162,87
H1.K11,yearly,2020,W,Dc,-0.135587,0.135587,88
H1.K11,yearly,2020,W,rho,-0.128119,0.128119,89
H1.K11,yearly,2020,Tvl,Dp,-0.12698,0.12698,90
H1.K11,yearly,2020,W,Igm,-0.12635,0.12635,91
H1.K11,yearly,2020,W,Igc,-0.126231,0.126231,92
H1.K11,yearly,2020,Tdiff,V,-0.125204,0.125204,93
H1.K11,yearly,2020,Trl,qv,-0.112973,0.112973,94
H1.K11,yearly,2020,Dc,rho,-0.107468,0.107468,95
H1.K11,yearly,2020,Trl,Ah,0.10715,0.10715,96
H1.K11,yearly,2020,P,Sc,0.107102,0.107102,97
H1.K11,yearly,2020,Tdiff,Sc,-0.104499,0.104499,98
H1.K11,yearly,2020,Tvl,Ah,-0.103286,0.103286,99
H1.K11,yearly,2020,Ah,Ua,0.098929,0.098929,100
H1.K11,yearly,2020,Tvl,Ua,-0.093644,0.093644,101
H1.K11,yearly,2020,Tvl,rho,0.088951,0.088951,102
H1.K11,yearly,2020,P,Tvl,-0.08894,0.08894,103
H1.K11,yearly,2020,Dc,Dp,0.088245,0.088245,104
H1.K11,yearly,2020,P,W,0.085164,0.085164,105
H1.K11,yearly,2020,Trl,Dp,0.081096,0.081096,106
H1.K11,yearly,2020,Tdiff,W,-0.079478,0.079478,107
H1.K11,yearly,2020,Dc,Ta,0.077018,0.077018,108
H1.K11,yearly,2020,qv,Sc,0.076132,0.076132,109
H1.K11,yearly,2020,W,Ta,0.074732,0.074732,110
H1.K11,yearly,2020,Ah,Sc,-0.073381,0.073381,111
H1.K11,yearly,2020,Dp,Ua,0.071767,0.071767,112
H1.K11,yearly,2020,Dp,Igc,0.071046,0.071046,113
H1.K11,yearly,2020,Dp,Igm,0.069563,0.069563,114
H1.K11,yearly,2020,Dc,H,0.068452,0.068452,115
H1.K11,yearly,2020,H,Sc,0.068237,0.068237,116
H1.K11,yearly,2020,Tvl,H,-0.065159,0.065159,117
H1.K11,yearly,2020,Trl,Dc,0.05243,0.05243,118
H1.K11,yearly,2020,Dp,Sc,-0.052412,0.052412,119
H1.K11,yearly,2020,Dc,Igm,0.051202,0.051202,120
H1.K11,yearly,2020,Dc,Igc,0.049628,0.049628,121
H1.K11,yearly,2020,V,Igm,-0.049007,0.049007,122
H1.K11,yearly,2020,V,Igc,-0.048894,0.048894,123
H1.K11,yearly,2020,Ah,Igc,0.047842,0.047842,124
H1.K11,yearly,2020,Ah,Dc,0.047156,0.047156,125
H1.K11,yearly,2020,Ah,Igm,0.045711,0.045711,126
H1.K11,yearly,2020,Tvl,Igm,0.040433,0.040433,127
H1.K11,yearly,2020,Tvl,Sc,-0.040216,0.040216,128
H1.K11,yearly,2020,Tvl,Igc,0.039842,0.039842,129
H1.K11,yearly,2020,Dc,Ua,-0.039611,0.039611,130
H1.K11,yearly,2020,Tvl,Dc,0.038895,0.038895,131
H1.K11,yearly,2020,qv,Dc,0.03851,0.03851,132
H1.K11,yearly,2020,P,Dc,0.036594,0.036594,133
H1.K11,yearly,2020,Tdiff,Dc,-0.035407,0.035407,134
H1.K11,yearly,2020,Tvl,Ta,-0.03095,0.03095,135
H1.K11,yearly,2020,Trl,Sc,0.004902,0.004902,136
H1.K11,yearly,2021,Igc,Igm,0.998941,0.998941,1
H1.K11,yearly,2021,Ah,Dp,0.980037,0.980037,2
H1.K11,yearly,2021,V,W,0.96592,0.96592,3
H1.K11,yearly,2021,H,Ta,0.961572,0.961572,4
H1.K11,yearly,2021,Ta,rho,-0.953678,0.953678,5
H1.K11,yearly,2021,Dp,H,0.951805,0.951805,6
H1.K11,yearly,2021,Ah,H,0.948063,0.948063,7
H1.K11,yearly,2021,H,rho,-0.93815,0.93815,8
H1.K11,yearly,2021,Trl,Tvl,0.896394,0.896394,9
H1.K11,yearly,2021,Dp,rho,-0.859501,0.859501,10
H1.K11,yearly,2021,Dp,Ta,0.853681,0.853681,11
H1.K11,yearly,2021,Tvl,qv,-0.841713,0.841713,12
H1.K11,yearly,2021,Ah,rho,-0.827213,0.827213,13
H1.K11,yearly,2021,Ah,Ta,0.825029,0.825029,14
H1.K11,yearly,2021,Trl,qv,-0.804737,0.804737,15
H1.K11,yearly,2021,P,Ta,0.742946,0.742946,16
H1.K11,yearly,2021,P,H,0.727984,0.727984,17
H1.K11,yearly,2021,P,rho,-0.695675,0.695675,18
H1.K11,yearly,2021,P,Tdiff,-0.64532,0.64532,19
H1.K11,yearly,2021,Igm,Ua,-0.633527,0.633527,20
H1.K11,yearly,2021,P,Ah,0.627081,0.627081,21
H1.K11,yearly,2021,Igc,Ua,-0.623329,0.623329,22
H1.K11,yearly,2021,W,qv,-0.594361,0.594361,23
H1.K11,yearly,2021,P,Dp,0.592571,0.592571,24
H1.K11,yearly,2021,V,qv,-0.568381,0.568381,25
H1.K11,yearly,2021,Tdiff,rho,0.514477,0.514477,26
H1.K11,yearly,2021,Tdiff,Ta,-0.507516,0.507516,27
H1.K11,yearly,2021,Tdiff,H,-0.50329,0.50329,28
H1.K11,yearly,2021,Igm,Ta,0.492516,0.492516,29
H1.K11,yearly,2021,Igc,Ta,0.487044,0.487044,30
H1.K11,yearly,2021,P,Igm,0.482695,0.482695,31
H1.K11,yearly,2021,P,Igc,0.478063,0.478063,32
H1.K11,yearly,2021,Ta,Ua,-0.457285,0.457285,33
H1.K11,yearly,2021,Tdiff,Ah,-0.439696,0.439696,34
H1.K11,yearly,2021,V,Dp,0.435577,0.435577,35
H1.K11,yearly,2021,Tdiff,Dp,-0.419061,0.419061,36
H1.K11,yearly,2021,Igm,rho,-0.414993,0.414993,37
H1.K11,yearly,2021,P,Ua,-0.410986,0.410986,38
H1.K11,yearly,2021,Igc,rho,-0.409969,0.409969,39
H1.K11,yearly,2021,P,Tvl,-0.409463,0.409463,40
H1.K11,yearly,2021,Dc,Sc,0.408799,0.408799,41
H1.K11,yearly,2021,V,Ah,0.397295,0.397295,42
H1.K11,yearly,2021,Tvl,H,-0.389976,0.389976,43
H1.K11,yearly,2021,Tvl,Ta,-0.385532,0.385532,44
H1.K11,yearly,2021,Sc,Ua,-0.365393,0.365393,45
H1.K11,yearly,2021,H,Igm,0.357425,0.357425,46
H1.K11,yearly,2021,Tvl,Ah,-0.357186,0.357186,47
H1.K11,yearly,2021,Ua,rho,0.355762,0.355762,48
H1.K11,yearly,2021,H,Igc,0.354692,0.354692,49
H1.K11,yearly,2021,W,Dp,0.354219,0.354219,50
H1.K11,yearly,2021,V,H,0.351047,0.351047,51
H1.K11,yearly,2021,Igm,Sc,0.349411,0.349411,52
H1.K11,yearly,2021,Igc,Sc,0.345073,0.345073,53
H1.K11,yearly,2021,Tvl,rho,0.334895,0.334895,54
H1.K11,yearly,2021,Tvl,Dp,-0.332759,0.332759,55
H1.K11,yearly,2021,W,Ah,0.320584,0.320584,56
H1.K11,yearly,2021,Tdiff,Igm,-0.308471,0.308471,57
H1.K11,yearly,2021,Tdiff,Igc,-0.305259,0.305259,58
H1.K11,yearly,2021,V,Ta,0.291739,0.291739,59
H1.K11,yearly,2021,Trl,V,0.285121,0.285121,60
H1.K11,yearly,2021,Tdiff,Tvl,0.283351,0.283351,61
H1.K11,yearly,2021,V,rho,-0.2831,0.2831,62
H1.K11,yearly,2021,W,Ua,0.273545,0.273545,63
H1.K11,yearly,2021,Tdiff,Ua,0.251493,0.251493,64
H1.K11,yearly,2021,W,H,0.250548,0.250548,65
H1.K11,yearly,2021,qv,Ua,-0.249247,0.249247,66
H1.K11,yearly,2021,P,qv,0.246066,0.246066,67
H1.K11,yearly,2021,Tvl,V,0.24426,0.24426,68
H1.K11,yearly,2021,Trl,W,0.242822,0.242822,69
H1.K11,yearly,2021,qv,Ta,0.238349,0.238349,70
H1.K11,yearly,2021,H,Ua,-0.223539,0.223539,71
H1.K11,yearly,2021,Tvl,W,0.223413,0.223413,72
H1.K11,yearly,2021,qv,H,0.215233,0.215233,73
H1.K11,yearly,2021,Tvl,Ua,0.197544,0.197544,74
H1.K11,yearly,2021,V,Ua,0.194845,0.194845,75
H1.K11,yearly,2021,Sc,rho,-0.190807,0.190807,76
H1.K11,yearly,2021,qv,rho,-0.185603,0.185603,77
H1.K11,yearly,2021,Dp,Igc,0.180752,0.180752,78
H1.K11,yearly,2021,Dp,Igm,0.180393,0.180393,79
H1.K11,yearly,2021,W,rho,-0.178628,0.178628,80
H1.K11,yearly,2021,W,Ta,0.178619,0.178619,81
H1.K11,yearly,2021,Tvl,Igm,-0.178118,0.178118,82
H1.K11,yearly,2021,Tvl,Igc,-0.178042,0.178042,83
H1.K11,yearly,2021,Tdiff,Trl,-0.168158,0.168158,84
H1.K11,yearly,2021,Trl,H,-0.167755,0.167755,85
H1.K11,yearly,2021,qv,Ah,0.166486,0.166486,86
H1.K11,yearly,2021,Trl,Ah,-0.163101,0.163101,87
H1.K11,yearly,2021,Ah,Igc,0.162107,0.162107,88
H1.K11,yearly,2021,Trl,Ta,-0.161505,0.161505,89
H1.K11,yearly,2021,Ah,Igm,0.161254,0.161254,90
H1.K11,yearly,2021,qv,Igc,0.159154,0.159154,91
H1.K11,yearly,2021,qv,Igm,0.158382,0.158382,92
H1.K11,yearly,2021,W,Sc,-0.15476,0.15476,93
H1.K11,yearly,2021,Trl,Dp,-0.14764,0.14764,94
H1.K11,yearly,2021,qv,Dp,0.138328,0.138328,95
H1.K11,yearly,2021,Tdiff,qv,-0.129735,0.129735,96
H1.K11,yearly,2021,V,Sc,-0.129027,0.129027,97
H1.K11,yearly,2021,P,Trl,-0.122977,0.122977,98
H1.K11,yearly,2021,Tdiff,Sc,-0.118558,0.118558,99
H1.K11,yearly,2021,Sc,Ta,0.117575,0.117575,100
H1.K11,yearly,2021,Dc,rho,-0.115475,0.115475,101
H1.K11,yearly,2021,Trl,rho,0.106398,0.106398,102
H1.K11,yearly,2021,Dc,Ua,-0.105175,0.105175,103
H1.K11,yearly,2021,Dc,Ta,0.093986,0.093986,104
H1.K11,yearly,2021,Ah,Sc,-0.092227,0.092227,105
H1.K11,yearly,2021,Dc,Igm,0.09122,0.09122,106
H1.K11,yearly,2021,Dc,Igc,0.089586,0.089586,107
H1.K11,yearly,2021,W,Igc,-0.088221,0.088221,108
H1.K11,yearly,2021,W,Igm,-0.088144,0.088144,109
H1.K11,yearly,2021,Trl,Ua,0.087223,0.087223,110
H1.K11,yearly,2021,P,Sc,0.082265,0.082265,111
H1.K11,yearly,2021,Trl,Sc,0.081371,0.081371,112
H1.K11,yearly,2021,Ah,Ua,0.078701,0.078701,113
H1.K11,yearly,2021,W,Dc,-0.07765,0.07765,114
H1.K11,yearly,2021,Tdiff,V,-0.07257,0.07257,115
H1.K11,yearly,2021,Dc,H,0.072522,0.072522,116
H1.K11,yearly,2021,Dp,Sc,-0.068582,0.068582,117
H1.K11,yearly,2021,P,V,0.06832,0.06832,118
H1.K11,yearly,2021,Dp,Ua,0.063611,0.063611,119
H1.K11,yearly,2021,P,Dc,0.058269,0.058269,120
H1.K11,yearly,2021,Dc,Dp,0.055217,0.055217,121
H1.K11,yearly,2021,V,Dc,-0.049411,0.049411,122
H1.K11,yearly,2021,Trl,Igc,-0.042881,0.042881,123
H1.K11,yearly,2021,Ah,Dc,0.041606,0.041606,124
H1.K11,yearly,2021,Trl,Igm,-0.041501,0.041501,125
H1.K11,yearly,2021,qv,Dc,0.033485,0.033485,126
H1.K11,yearly,2021,Tdiff,W,-0.027026,0.027026,127
H1.K11,yearly,2021,Tvl,Sc,0.026152,0.026152,128
H1.K11,yearly,2021,H,Sc,0.024415,0.024415,129
H1.K11,yearly,2021,Tvl,Dc,-0.022566,0.022566,130
H1.K11,yearly,2021,Tdiff,Dc,-0.017957,0.017957,131
H1.K11,yearly,2021,Trl,Dc,-0.015978,0.015978,132
H1.K11,yearly,2021,V,Igc,-0.015197,0.015197,133
H1.K11,yearly,2021,V,Igm,-0.015125,0.015125,134
H1.K11,yearly,2021,P,W,0.009012,0.009012,135
H1.K11,yearly,2021,qv,Sc,0.001382,0.001382,136
H1.K11,yearly,2022,Igc,Igm,0.999111,0.999111,1
H1.K11,yearly,2022,Ah,Dp,0.97901,0.97901,2
H1.K11,yearly,2022,Trl,Tvl,0.968019,0.968019,3
H1.K11,yearly,2022,Ta,rho,-0.960625,0.960625,4
H1.K11,yearly,2022,V,W,0.959786,0.959786,5
H1.K11,yearly,2022,H,Ta,0.947623,0.947623,6
H1.K11,yearly,2022,H,rho,-0.941202,0.941202,7
H1.K11,yearly,2022,Tvl,qv,-0.92796,0.92796,8
H1.K11,yearly,2022,Trl,qv,-0.91479,0.91479,9
H1.K11,yearly,2022,Dp,H,0.911456,0.911456,10
H1.K11,yearly,2022,Ah,H,0.88909,0.88909,11
H1.K11,yearly,2022,W,qv,0.829477,0.829477,12
H1.K11,yearly,2022,P,Tdiff,-0.828484,0.828484,13
H1.K11,yearly,2022,V,qv,0.786632,0.786632,14
H1.K11,yearly,2022,Dp,rho,-0.786279,0.786279,15
H1.K11,yearly,2022,Trl,W,-0.774578,0.774578,16
H1.K11,yearly,2022,Dp,Ta,0.750422,0.750422,17
H1.K11,yearly,2022,Tvl,W,-0.749919,0.749919,18
H1.K11,yearly,2022,Trl,V,-0.739522,0.739522,19
H1.K11,yearly,2022,Ah,rho,-0.735752,0.735752,20
H1.K11,yearly,2022,Ah,Ta,0.696999,0.696999,21
H1.K11,yearly,2022,P,Ta,0.695731,0.695731,22
H1.K11,yearly,2022,Tvl,V,-0.695452,0.695452,23
H1.K11,yearly,2022,P,H,0.661479,0.661479,24
H1.K11,yearly,2022,P,rho,-0.65524,0.65524,25
H1.K11,yearly,2022,Ta,Ua,-0.644234,0.644234,26
H1.K11,yearly,2022,Igm,Ua,-0.608181,0.608181,27
H1.K11,yearly,2022,Igc,Ua,-0.599645,0.599645,28
H1.K11,yearly,2022,Ua,rho,0.547399,0.547399,29
H1.K11,yearly,2022,Igm,Ta,0.518042,0.518042,30
H1.K11,yearly,2022,Igc,Ta,0.512387,0.512387,31
H1.K11,yearly,2022,Tdiff,Ta,-0.49427,0.49427,32
H1.K11,yearly,2022,Tdiff,H,-0.493802,0.493802,33
H1.K11,yearly,2022,P,Dp,0.481437,0.481437,34
H1.K11,yearly,2022,P,Ah,0.475498,0.475498,35
H1.K11,yearly,2022,qv,Ah,0.464118,0.464118,36
H1.K11,yearly,2022,qv,Dp,0.463272,0.463272,37
H1.K11,yearly,2022,P,Ua,-0.45734,0.45734,38
H1.K11,yearly,2022,Tdiff,rho,0.456049,0.456049,39
H1.K11,yearly,2022,Tdiff,Tvl,0.449193,0.449193,40
H1.K11,yearly,2022,Igm,rho,-0.446394,0.446394,41
H1.K11,yearly,2022,Igc,rho,-0.441216,0.441216,42
H1.K11,yearly,2022,Dc,Sc,0.425368,0.425368,43
H1.K11,yearly,2022,P,Tvl,-0.419164,0.419164,44
H1.K11,yearly,2022,P,Igm,0.412514,0.412514,45
H1.K11,yearly,2022,P,Igc,0.408697,0.408697,46
H1.K11,yearly,2022,Tdiff,Dp,-0.398634,0.398634,47
H1.K11,yearly,2022,Tdiff,Ah,-0.391852,0.391852,48
H1.K11,yearly,2022,H,Ua,-0.388321,0.388321,49
H1.K11,yearly,2022,qv,H,0.383694,0.383694,50
H1.K11,yearly,2022,H,Igm,0.378564,0.378564,51
H1.K11,yearly,2022,H,Igc,0.37573,0.37573,52
H1.K11,yearly,2022,Tvl,Ah,-0.375141,0.375141,53
H1.K11,yearly,2022,V,Ua,0.374408,0.374408,54
H1.K11,yearly,2022,P,qv,0.36333,0.36333,55
H1.K11,yearly,2022,Tvl,Dp,-0.360779,0.360779,56
H1.K11,yearly,2022,Tdiff,qv,-0.358241,0.358241,57
H1.K11,yearly,2022,W,Ua,0.329004,0.329004,58
H1.K11,yearly,2022,qv,rho,-0.322026,0.322026,59
H1.K11,yearly,2022,Trl,Ah,-0.30216,0.30216,60
H1.K11,yearly,2022,Tvl,H,-0.297448,0.297448,61
H1.K11,yearly,2022,Trl,Dp,-0.284705,0.284705,62
H1.K11,yearly,2022,Igm,Sc,0.282528,0.282528,63
H1.K11,yearly,2022,qv,Ta,0.278439,0.278439,64
H1.K11,yearly,2022,Igc,Sc,0.278203,0.278203,65
H1.K11,yearly,2022,W,Ah,0.261907,0.261907,66
H1.K11,yearly,2022,Tdiff,Igm,-0.25841,0.25841,67
H1.K11,yearly,2022,Tdiff,Igc,-0.256079,0.256079,68
H1.K11,yearly,2022,W,Dp,0.251272,0.251272,69
H1.K11,yearly,2022,Sc,Ua,-0.250269,0.250269,70
H1.K11,yearly,2022,Tdiff,Ua,0.246195,0.246195,71
H1.K11,yearly,2022,Tvl,rho,0.231939,0.231939,72
H1.K11,yearly,2022,qv,Sc,-0.229856,0.229856,73
H1.K11,yearly,2022,P,Trl,-0.229348,0.229348,74
H1.K11,yearly,2022,Trl,Ua,-0.217186,0.217186,75
H1.K11,yearly,2022,Tdiff,Trl,0.214947,0.214947,76
H1.K11,yearly,2022,W,Sc,-0.208351,0.208351,77
H1.K11,yearly,2022,Tvl,Ta,-0.202947,0.202947,78
H1.K11,yearly,2022,V,Igc,-0.194542,0.194542,79
H1.K11,yearly,2022,V,Igm,-0.194469,0.194469,80
H1.K11,yearly,2022,Trl,H,-0.189833,0.189833,81
H1.K11,yearly,2022,V,Sc,-0.188543,0.188543,82
H1.K11,yearly,2022,Trl,Sc,0.182722,0.182722,83
H1.K11,yearly,2022,Sc,rho,-0.173429,0.173429,84
H1.K11,yearly,2022,W,Igc,-0.161067,0.161067,85
H1.K11,yearly,2022,Tdiff,W,-0.160956,0.160956,86
H1.K11,yearly,2022,W,Igm,-0.160953,0.160953,87
H1.K11,yearly,2022,Tvl,Sc,0.158231,0.158231,88
H1.K11,yearly,2022,qv,Ua,0.147594,0.147594,89
H1.K11,yearly,2022,Dp,Igc,0.143694,0.143694,90
H1.K11,yearly,2022,Dp,Igm,0.14263,0.14263,91
H1.K11,yearly,2022,V,Ah,0.138714,0.138714,92
H1.K11,yearly,2022,Tvl,Ua,-0.138035,0.138035,93
H1.K11,yearly,2022,P,W,0.131284,0.131284,94
H1.K11,yearly,2022,Trl,rho,0.128787,0.128787,95
H1.K11,yearly,2022,V,Dp,0.12576,0.12576,96
H1.K11,yearly,2022,V,Ta,-0.122863,0.122863,97
H1.K11,yearly,2022,Sc,Ta,0.121983,0.121983,98
H1.K11,yearly,2022,Dc,rho,-0.120156,0.120156,99
H1.K11,yearly,2022,Dc,Dp,0.117326,0.117326,100
H1.K11,yearly,2022,Trl,Igm,0.116296,0.116296,101
H1.K11,yearly,2022,W,H,0.11563,0.11563,102
H1.K11,yearly,2022,Trl,Igc,0.115099,0.115099,103
H1.K11,yearly,2022,Dc,H,0.112106,0.112106,104
H1.K11,yearly,2022,Dc,Ta,0.110176,0.110176,105
H1.K11,yearly,2022,Ah,Igc,0.10724,0.10724,106
H1.K11,yearly,2022,Ah,Igm,0.105413,0.105413,107
H1.K11,yearly,2022,V,Dc,-0.104954,0.104954,108
H1.K11,yearly,2022,Tdiff,Dc,-0.102607,0.102607,109
H1.K11,yearly,2022,W,Dc,-0.101394,0.101394,110
H1.K11,yearly,2022,Ah,Dc,0.094048,0.094048,111
H1.K11,yearly,2022,Trl,Ta,-0.086746,0.086746,112
H1.K11,yearly,2022,Tdiff,V,-0.07246,0.07246,113
H1.K11,yearly,2022,W,rho,-0.071262,0.071262,114
H1.K11,yearly,2022,Ah,Sc,-0.070976,0.070976,115
H1.K11,yearly,2022,P,Dc,0.066603,0.066603,116
H1.K11,yearly,2022,Dc,Igm,0.05866,0.05866,117
H1.K11,yearly,2022,Ah,Ua,0.057039,0.057039,118
H1.K11,yearly,2022,Dc,Igc,0.056251,0.056251,119
H1.K11,yearly,2022,Dc,Ua,-0.054794,0.054794,120
H1.K11,yearly,2022,qv,Dc,-0.052382,0.052382,121
H1.K11,yearly,2022,H,Sc,0.048129,0.048129,122
H1.K11,yearly,2022,Trl,Dc,0.046404,0.046404,123
H1.K11,yearly,2022,V,rho,0.046185,0.046185,124
H1.K11,yearly,2022,Tvl,Igm,0.042045,0.042045,125
H1.K11,yearly,2022,Tdiff,Sc,-0.041945,0.041945,126
H1.K11,yearly,2022,Tvl,Igc,0.041522,0.041522,127
H1.K11,yearly,2022,P,Sc,0.041413,0.041413,128
H1.K11,yearly,2022,Dp,Sc,-0.038425,0.038425,129
H1.K11,yearly,2022,P,V,0.026305,0.026305,130
H1.K11,yearly,2022,qv,Igm,-0.021138,0.021138,131
H1.K11,yearly,2022,qv,Igc,-0.020718,0.020718,132
H1.K11,yearly,2022,Tvl,Dc,0.017643,0.017643,133
H1.K11,yearly,2022,V,H,-0.016719,0.016719,134
H1.K11,yearly,2022,Dp,Ua,0.003813,0.003813,135
H1.K11,yearly,2022,W,Ta,-0.000563,0.000563,136
H1.K11,yearly,2023,Igc,Igm,0.999076,0.999076,1
H1.K11,yearly,2023,V,W,0.980627,0.980627,2
H1.K11,yearly,2023,Ah,Dp,0.978028,0.978028,3
H1.K11,yearly,2023,Trl,Tvl,0.95762,0.95762,4
H1.K11,yearly,2023,H,Ta,0.948166,0.948166,5
H1.K11,yearly,2023,Ta,rho,-0.943444,0.943444,6
H1.K11,yearly,2023,Dp,H,0.941159,0.941159,7
H1.K11,yearly,2023,Ah,H,0.92545,0.92545,8
H1.K11,yearly,2023,H,rho,-0.924199,0.924199,9
H1.K11,yearly,2023,Dp,rho,-0.828248,0.828248,10
H1.K11,yearly,2023,Dp,Ta,0.80791,0.80791,11
H1.K11,yearly,2023,Ah,rho,-0.77315,0.77315,12
H1.K11,yearly,2023,Ah,Ta,0.757801,0.757801,13
H1.K11,yearly,2023,Trl,qv,-0.751746,0.751746,14
H1.K11,yearly,2023,Tvl,qv,-0.702527,0.702527,15
H1.K11,yearly,2023,Tdiff,Trl,-0.663996,0.663996,16
H1.K11,yearly,2023,Igm,Ua,-0.628264,0.628264,17
H1.K11,yearly,2023,Igc,Ua,-0.619241,0.619241,18
H1.K11,yearly,2023,Ta,Ua,-0.561855,0.561855,19
H1.K11,yearly,2023,Tdiff,qv,0.549819,0.549819,20
H1.K11,yearly,2023,Igm,Ta,0.501012,0.501012,21
H1.K11,yearly,2023,Igc,Ta,0.495641,0.495641,22
H1.K11,yearly,2023,P,Ta,0.477159,0.477159,23
H1.K11,yearly,2023,P,H,0.444207,0.444207,24
H1.K11,yearly,2023,Ua,rho,0.438973,0.438973,25
H1.K11,yearly,2023,P,rho,-0.432491,0.432491,26
H1.K11,yearly,2023,Tdiff,Tvl,-0.422344,0.422344,27
H1.K11,yearly,2023,Tdiff,Ta,-0.418122,0.418122,28
H1.K11,yearly,2023,Dc,Sc,0.415874,0.415874,29
H1.K11,yearly,2023,Igm,rho,-0.404063,0.404063,30
H1.K11,yearly,2023,Igc,rho,-0.399131,0.399131,31
H1.K11,yearly,2023,Tdiff,H,-0.377257,0.377257,32
H1.K11,yearly,2023,P,Tdiff,-0.360791,0.360791,33
H1.K11,yearly,2023,H,Igm,0.352129,0.352129,34
H1.K11,yearly,2023,H,Igc,0.349482,0.349482,35
H1.K11,yearly,2023,P,Ah,0.335382,0.335382,36
H1.K11,yearly,2023,Tdiff,rho,0.331967,0.331967,37
H1.K11,yearly,2023,P,Dp,0.331065,0.331065,38
H1.K11,yearly,2023,P,Ua,-0.329426,0.329426,39
H1.K11,yearly,2023,P,Igm,0.304178,0.304178,40
H1.K11,yearly,2023,Tdiff,Ua,0.303807,0.303807,41
H1.K11,yearly,2023,V,Dp,0.303704,0.303704,42
H1.K11,yearly,2023,Tdiff,Igm,-0.30171,0.30171,43
H1.K11,yearly,2023,P,Igc,0.300183,0.300183,44
H1.K11,yearly,2023,Tdiff,Igc,-0.29643,0.29643,45
H1.K11,yearly,2023,W,Dp,0.296004,0.296004,46
H1.K11,yearly,2023,H,Ua,-0.295355,0.295355,47
H1.K11,yearly,2023,V,qv,0.292524,0.292524,48
H1.K11,yearly,2023,W,Ah,0.290643,0.290643,49
H1.K11,yearly,2023,V,Ah,0.289593,0.289593,50
H1.K11,yearly,2023,W,qv,0.273383,0.273383,51
H1.K11,yearly,2023,Tdiff,Ah,-0.269456,0.269456,52
H1.K11,yearly,2023,Tdiff,Dp,-0.268838,0.268838,53
H1.K11,yearly,2023,Sc,Ua,-0.240099,0.240099,54
H1.K11,yearly,2023,W,Ua,0.239968,0.239968,55
H1.K11,yearly,2023,Igm,Sc,0.239085,0.239085,56
H1.K11,yearly,2023,Igc,Sc,0.2354,0.2354,57
H1.K11,yearly,2023,V,rho,-0.233399,0.233399,58
H1.K11,yearly,2023,Tvl,rho,0.232306,0.232306,59
H1.K11,yearly,2023,V,H,0.232179,0.232179,60
H1.K11,yearly,2023,Tvl,H,-0.224047,0.224047,61
H1.K11,yearly,2023,P,Tvl,-0.221966,0.221966,62
H1.K11,yearly,2023,Tvl,Ta,-0.210824,0.210824,63
H1.K11,yearly,2023,W,H,0.206811,0.206811,64
H1.K11,yearly,2023,Tvl,Ah,-0.206256,0.206256,65
H1.K11,yearly,2023,W,rho,-0.192973,0.192973,66
H1.K11,yearly,2023,Tvl,Dp,-0.19028,0.19028,67
H1.K11,yearly,2023,V,Ua,0.176017,0.176017,68
H1.K11,yearly,2023,V,Ta,0.158664,0.158664,69
H1.K11,yearly,2023,Dp,Igc,0.151924,0.151924,70
H1.K11,yearly,2023,Dp,Igm,0.151301,0.151301,71
H1.K11,yearly,2023,Sc,rho,-0.134426,0.134426,72
H1.K11,yearly,2023,Ah,Sc,-0.134369,0.134369,73
H1.K11,yearly,2023,P,V,0.132257,0.132257,74
H1.K11,yearly,2023,Trl,V,-0.124533,0.124533,75
H1.K11,yearly,2023,Ah,Igc,0.122984,0.122984,76
H1.K11,yearly,2023,Ah,Igm,0.12185,0.12185,77
H1.K11,yearly,2023,Tvl,V,-0.119991,0.119991,78
H1.K11,yearly,2023,W,Ta,0.113577,0.113577,79
H1.K11,yearly,2023,P,W,0.113145,0.113145,80
H1.K11,yearly,2023,W,Igc,-0.104397,0.104397,81
H1.K11,yearly,2023,W,Igm,-0.104026,0.104026,82
H1.K11,yearly,2023,Trl,W,-0.102375,0.102375,83
H1.K11,yearly,2023,Tvl,Ua,0.099464,0.099464,84
H1.K11,yearly,2023,Tvl,Igm,-0.099359,0.099359,85
H1.K11,yearly,2023,Tvl,Igc,-0.099211,0.099211,86
H1.K11,yearly,2023,Trl,Sc,0.095877,0.095877,87
H1.K11,yearly,2023,Tvl,W,-0.093113,0.093113,88
H1.K11,yearly,2023,Tdiff,V,0.088522,0.088522,89
H1.K11,yearly,2023,Tdiff,W,0.087878,0.087878,90
H1.K11,yearly,2023,Dp,Sc,-0.086909,0.086909,91
H1.K11,yearly,2023,qv,Ta,-0.085856,0.085856,92
H1.K11,yearly,2023,Trl,rho,0.085744,0.085744,93
H1.K11,yearly,2023,Tdiff,Sc,-0.085307,0.085307,94
H1.K11,yearly,2023,Trl,Ah,-0.085062,0.085062,95
H1.K11,yearly,2023,Tvl,Sc,0.082954,0.082954,96
H1.K11,yearly,2023,qv,Ua,0.082799,0.082799,97
H1.K11,yearly,2023,qv,H,-0.075062,0.075062,98
H1.K11,yearly,2023,Trl,Dp,-0.071752,0.071752,99
H1.K11,yearly,2023,Ah,Ua,0.07073,0.07073,100
H1.K11,yearly,2023,P,Trl,-0.068435,0.068435,101
H1.K11,yearly,2023,Trl,H,-0.065406,0.065406,102
H1.K11,yearly,2023,V,Igc,-0.059372,0.059372,103
H1.K11,yearly,2023,V,Igm,-0.059018,0.059018,104
H1.K11,yearly,2023,Sc,Ta,0.057457,0.057457,105
H1.K11,yearly,2023,Trl,Dc,0.054503,0.054503,106
H1.K11,yearly,2023,P,qv,0.051223,0.051223,107
H1.K11,yearly,2023,qv,Ah,-0.050209,0.050209,108
H1.K11,yearly,2023,Dc,rho,-0.048647,0.048647,109
H1.K11,yearly,2023,Tdiff,Dc,-0.047938,0.047938,110
H1.K11,yearly,2023,Tvl,Dc,0.047434,0.047434,111
H1.K11,yearly,2023,W,Dc,0.043062,0.043062,112
H1.K11,yearly,2023,Trl,Ta,-0.041346,0.041346,113
H1.K11,yearly,2023,qv,Dp,-0.040524,0.040524,114
H1.K11,yearly,2023,V,Dc,0.038184,0.038184,115
H1.K11,yearly,2023,qv,Igm,-0.037279,0.037279,116
H1.K11,yearly,2023,qv,Igc,-0.0371,0.0371,117
H1.K11,yearly,2023,W,Sc,-0.032585,0.032585,118
H1.K11,yearly,2023,H,Sc,-0.030548,0.030548,119
H1.K11,yearly,2023,V,Sc,-0.025778,0.025778,120
H1.K11,yearly,2023,Dc,Igc,-0.022453,0.022453,121
H1.K11,yearly,2023,Dp,Ua,0.021533,0.021533,122
H1.K11,yearly,2023,Dc,Igm,-0.019051,0.019051,123
H1.K11,yearly,2023,qv,Sc,-0.01821,0.01821,124
H1.K11,yearly,2023,qv,rho,0.016498,0.016498,125
H1.K11,yearly,2023,Trl,Ua,-0.01419,0.01419,126
H1.K11,yearly,2023,Trl,Igm,0.013751,0.013751,127
H1.K11,yearly,2023,Dc,Dp,0.012539,0.012539,128
H1.K11,yearly,2023,Trl,Igc,0.012184,0.012184,129
H1.K11,yearly,2023,Ah,Dc,-0.007114,0.007114,130
H1.K11,yearly,2023,Dc,H,-0.006075,0.006075,131
H1.K11,yearly,2023,Dc,Ta,-0.005251,0.005251,132
H1.K11,yearly,2023,qv,Dc,0.005061,0.005061,133
H1.K11,yearly,2023,Dc,Ua,0.003068,0.003068,134
H1.K11,yearly,2023,P,Sc,-0.001677,0.001677,135
H1.K11,yearly,2023,P,Dc,9.2e-05,9.2e-05,136
H1.K12,yearly,2018,Igc,Igm,0.999171,0.999171,1
H1.K12,yearly,2018,V,W,0.996586,0.996586,2
H1.K12,yearly,2018,Ah,Dp,0.96932,0.96932,3
H1.K12,yearly,2018,Ta,rho,-0.966631,0.966631,4
H1.K12,yearly,2018,H,Ta,0.959319,0.959319,5
H1.K12,yearly,2018,H,rho,-0.941897,0.941897,6
H1.K12,yearly,2018,Dp,H,0.925419,0.925419,7
H1.K12,yearly,2018,Ah,H,0.915519,0.915519,8
H1.K12,yearly,2018,P,qv,0.905434,0.905434,9
H1.K12,yearly,2018,Dp,rho,-0.814303,0.814303,10
H1.K12,yearly,2018,Dp,Ta,0.808386,0.808386,11
H1.K12,yearly,2018,Ah,rho,-0.770833,0.770833,12
H1.K12,yearly,2018,Ah,Ta,0.765441,0.765441,13
H1.K12,yearly,2018,Igm,Ua,-0.624524,0.624524,14
H1.K12,yearly,2018,Igc,Ua,-0.615457,0.615457,15
H1.K12,yearly,2018,Ta,Ua,-0.593472,0.593472,16
H1.K12,yearly,2018,Tdiff,Tvl,0.592168,0.592168,17
H1.K12,yearly,2018,Igm,Ta,0.538315,0.538315,18
H1.K12,yearly,2018,Ua,rho,0.533642,0.533642,19
H1.K12,yearly,2018,Igc,Ta,0.533294,0.533294,20
H1.K12,yearly,2018,Tdiff,Trl,-0.513118,0.513118,21
H1.K12,yearly,2018,Igm,rho,-0.489496,0.489496,22
H1.K12,yearly,2018,Igc,rho,-0.484774,0.484774,23
H1.K12,yearly,2018,H,Igm,0.419252,0.419252,24
H1.K12,yearly,2018,H,Igc,0.41707,0.41707,25
H1.K12,yearly,2018,H,Ua,-0.377658,0.377658,26
H1.K12,yearly,2018,Tvl,W,0.347873,0.347873,27
H1.K12,yearly,2018,Trl,Tvl,0.344783,0.344783,28
H1.K12,yearly,2018,Dc,Sc,0.343783,0.343783,29
H1.K12,yearly,2018,Tvl,V,0.341576,0.341576,30
H1.K12,yearly,2018,Tdiff,W,0.331884,0.331884,31
H1.K12,yearly,2018,Tdiff,V,0.323672,0.323672,32
H1.K12,yearly,2018,Igm,Sc,0.313819,0.313819,33
H1.K12,yearly,2018,Sc,Ua,-0.312832,0.312832,34
H1.K12,yearly,2018,Igc,Sc,0.309467,0.309467,35
H1.K12,yearly,2018,W,Dp,0.300222,0.300222,36
H1.K12,yearly,2018,V,Dp,0.300175,0.300175,37
H1.K12,yearly,2018,Tvl,qv,-0.28689,0.28689,38
H1.K12,yearly,2018,Tdiff,rho,0.276398,0.276398,39
H1.K12,yearly,2018,V,Ah,0.26674,0.26674,40
H1.K12,yearly,2018,P,Tvl,-0.264685,0.264685,41
H1.K12,yearly,2018,W,Ah,0.263827,0.263827,42
H1.K12,yearly,2018,V,H,0.251761,0.251761,43
H1.K12,yearly,2018,P,Tdiff,-0.24841,0.24841,44
H1.K12,yearly,2018,Tdiff,H,-0.247979,0.247979,45
H1.K12,yearly,2018,W,H,0.243051,0.243051,46
H1.K12,yearly,2018,Tvl,rho,0.242552,0.242552,47
H1.K12,yearly,2018,Tdiff,Ta,-0.238709,0.238709,48
H1.K12,yearly,2018,V,Ta,0.224337,0.224337,49
H1.K12,yearly,2018,Tdiff,Ah,-0.223838,0.223838,50
H1.K12,yearly,2018,Tdiff,Dp,-0.214542,0.214542,51
H1.K12,yearly,2018,W,Ta,0.212927,0.212927,52
H1.K12,yearly,2018,Dc,Dp,0.212072,0.212072,53
H1.K12,yearly,2018,Dp,Igc,0.205473,0.205473,54
H1.K12,yearly,2018,Dp,Igm,0.204109,0.204109,55
H1.K12,yearly,2018,W,qv,-0.202883,0.202883,56
H1.K12,yearly,2018,V,qv,-0.201255,0.201255,57
H1.K12,yearly,2018,Tvl,Ta,-0.199139,0.199139,58
H1.K12,yearly,2018,Tvl,H,-0.191213,0.191213,59
H1.K12,yearly,2018,Dc,rho,-0.18665,0.18665,60
H1.K12,yearly,2018,Ah,Igc,0.18527,0.18527,61
H1.K12,yearly,2018,Ah,Igm,0.182997,0.182997,62
H1.K12,yearly,2018,Dc,Ta,0.176572,0.176572,63
H1.K12,yearly,2018,Dc,H,0.175893,0.175893,64
H1.K12,yearly,2018,Tdiff,qv,-0.168652,0.168652,65
H1.K12,yearly,2018,Tvl,Ua,0.163611,0.163611,66
H1.K12,yearly,2018,Ah,Sc,-0.16197,0.16197,67
H1.K12,yearly,2018,Ah,Dc,0.156832,0.156832,68
H1.K12,yearly,2018,Tvl,Ah,-0.149077,0.149077,69
H1.K12,yearly,2018,V,rho,-0.147196,0.147196,70
H1.K12,yearly,2018,Dp,Sc,-0.143094,0.143094,71
H1.K12,yearly,2018,Tvl,Dp,-0.138855,0.138855,72
H1.K12,yearly,2018,W,rho,-0.135259,0.135259,73
H1.K12,yearly,2018,Tdiff,Ua,0.131069,0.131069,74
H1.K12,yearly,2018,Tvl,Igc,-0.130634,0.130634,75
H1.K12,yearly,2018,Tvl,Igm,-0.130391,0.130391,76
H1.K12,yearly,2018,Trl,Ah,0.123194,0.123194,77
H1.K12,yearly,2018,P,rho,-0.121463,0.121463,78
H1.K12,yearly,2018,Trl,Dp,0.120389,0.120389,79
H1.K12,yearly,2018,Trl,qv,-0.109972,0.109972,80
H1.K12,yearly,2018,P,Ta,0.108276,0.108276,81
H1.K12,yearly,2018,V,Sc,-0.106491,0.106491,82
H1.K12,yearly,2018,Tdiff,Igm,-0.104835,0.104835,83
H1.K12,yearly,2018,Tdiff,Igc,-0.104758,0.104758,84
H1.K12,yearly,2018,Trl,H,0.10423,0.10423,85
H1.K12,yearly,2018,P,H,0.102584,0.102584,86
H1.K12,yearly,2018,Sc,rho,-0.098609,0.098609,87
H1.K12,yearly,2018,W,Sc,-0.094611,0.094611,88
H1.K12,yearly,2018,Trl,Dc,0.087425,0.087425,89
H1.K12,yearly,2018,Trl,Ta,0.082014,0.082014,90
H1.K12,yearly,2018,P,Dp,0.081443,0.081443,91
H1.K12,yearly,2018,P,W,-0.080618,0.080618,92
H1.K12,yearly,2018,P,Ah,0.080198,0.080198,93
H1.K12,yearly,2018,P,Igm,0.078664,0.078664,94
H1.K12,yearly,2018,P,Igc,0.078034,0.078034,95
H1.K12,yearly,2018,P,Ua,-0.077771,0.077771,96
H1.K12,yearly,2018,qv,Sc,0.076436,0.076436,97
H1.K12,yearly,2018,Dc,Igm,0.076061,0.076061,98
H1.K12,yearly,2018,Dc,Igc,0.0745,0.0745,99
H1.K12,yearly,2018,Tvl,Dc,0.069708,0.069708,100
H1.K12,yearly,2018,P,V,-0.069435,0.069435,101
H1.K12,yearly,2018,Trl,rho,-0.0686,0.0686,102
H1.K12,yearly,2018,Sc,Ta,0.058441,0.058441,103
H1.K12,yearly,2018,W,Ua,0.053015,0.053015,104
H1.K12,yearly,2018,W,Dc,0.046943,0.046943,105
H1.K12,yearly,2018,V,Dc,0.04229,0.04229,106
H1.K12,yearly,2018,Tdiff,Dc,-0.036694,0.036694,107
H1.K12,yearly,2018,Tvl,Sc,0.036536,0.036536,108
H1.K12,yearly,2018,V,Ua,0.032951,0.032951,109
H1.K12,yearly,2018,H,Sc,-0.032065,0.032065,110
H1.K12,yearly,2018,Trl,Sc,-0.032039,0.032039,111
H1.K12,yearly,2018,qv,H,-0.030545,0.030545,112
H1.K12,yearly,2018,qv,Ah,-0.030127,0.030127,113
H1.K12,yearly,2018,P,Sc,0.027124,0.027124,114
H1.K12,yearly,2018,qv,Ta,-0.02697,0.02697,115
H1.K12,yearly,2018,qv,Dp,-0.026302,0.026302,116
H1.K12,yearly,2018,Dp,Ua,-0.021671,0.021671,117
H1.K12,yearly,2018,Trl,Ua,0.018612,0.018612,118
H1.K12,yearly,2018,Dc,Ua,-0.018222,0.018222,119
H1.K12,yearly,2018,qv,Igc,0.017238,0.017238,120
H1.K12,yearly,2018,qv,Igm,0.017217,0.017217,121
H1.K12,yearly,2018,Trl,Igc,-0.015843,0.015843,122
H1.K12,yearly,2018,Trl,Igm,-0.015545,0.015545,123
H1.K12,yearly,2018,W,Igm,-0.015135,0.015135,124
H1.K12,yearly,2018,W,Igc,-0.015073,0.015073,125
H1.K12,yearly,2018,Tdiff,Sc,0.011737,0.011737,126
H1.K12,yearly,2018,Trl,V,0.009633,0.009633,127
H1.K12,yearly,2018,Trl,W,0.007737,0.007737,128
H1.K12,yearly,2018,qv,rho,-0.005128,0.005128,129
H1.K12,yearly,2018,qv,Ua,0.004949,0.004949,130
H1.K12,yearly,2018,P,Dc,-0.004857,0.004857,131
H1.K12,yearly,2018,Ah,Ua,-0.004135,0.004135,132
H1.K12,yearly,2018,qv,Dc,0.00193,0.00193,133
H1.K12,yearly,2018,P,Trl,0.001022,0.001022,134
H1.K12,yearly,2018,V,Igc,0.000825,0.000825,135
H1.K12,yearly,2018,V,Igm,0.000762,0.000762,136
H1.K12,yearly,2019,Igc,Igm,0.999227,0.999227,1
H1.K12,yearly,2019,V,W,0.994627,0.994627,2
H1.K12,yearly,2019,Ah,Dp,0.982017,0.982017,3
H1.K12,yearly,2019,H,Ta,0.946742,0.946742,4
H1.K12,yearly,2019,Ta,rho,-0.941822,0.941822,5
H1.K12,yearly,2019,H,rho,-0.928951,0.928951,6
H1.K12,yearly,2019,Dp,H,0.926717,0.926717,7
H1.K12,yearly,2019,P,qv,0.925453,0.925453,8
H1.K12,yearly,2019,Ah,H,0.909866,0.909866,9
H1.K12,yearly,2019,Tdiff,Tvl,0.824547,0.824547,10
H1.K12,yearly,2019,Dp,rho,-0.811417,0.811417,11
H1.K12,yearly,2019,Dp,Ta,0.773904,0.773904,12
H1.K12,yearly,2019,Ah,rho,-0.762449,0.762449,13
H1.K12,yearly,2019,Ah,Ta,0.728501,0.728501,14
H1.K12,yearly,2019,Igm,Ua,-0.645785,0.645785,15
H1.K12,yearly,2019,Igc,Ua,-0.636499,0.636499,16
H1.K12,yearly,2019,Ta,Ua,-0.614788,0.614788,17
H1.K12,yearly,2019,Igm,Ta,0.538483,0.538483,18
H1.K12,yearly,2019,Igc,Ta,0.532929,0.532929,19
H1.K12,yearly,2019,Dc,Sc,0.48533,0.48533,20
H1.K12,yearly,2019,Ua,rho,0.47409,0.47409,21
H1.K12,yearly,2019,Tdiff,Trl,-0.447791,0.447791,22
H1.K12,yearly,2019,Igm,rho,-0.439571,0.439571,23
H1.K12,yearly,2019,Tvl,qv,-0.438692,0.438692,24
H1.K12,yearly,2019,P,Tvl,-0.436225,0.436225,25
H1.K12,yearly,2019,Igc,rho,-0.434516,0.434516,26
H1.K12,yearly,2019,H,Igm,0.385288,0.385288,27
H1.K12,yearly,2019,H,Igc,0.382804,0.382804,28
H1.K12,yearly,2019,Tvl,H,0.378816,0.378816,29
H1.K12,yearly,2019,Tvl,Ta,0.358129,0.358129,30
H1.K12,yearly,2019,H,Ua,-0.349449,0.349449,31
H1.K12,yearly,2019,Tdiff,H,0.347758,0.347758,32
H1.K12,yearly,2019,Tvl,Ah,0.343082,0.343082,33
H1.K12,yearly,2019,W,qv,0.339935,0.339935,34
H1.K12,yearly,2019,Tdiff,Ah,0.326117,0.326117,35
H1.K12,yearly,2019,V,qv,0.322379,0.322379,36
H1.K12,yearly,2019,Tdiff,Ta,0.318958,0.318958,37
H1.K12,yearly,2019,Tvl,Dp,0.314124,0.314124,38
H1.K12,yearly,2019,Tdiff,Dp,0.297804,0.297804,39
H1.K12,yearly,2019,Igm,Sc,0.296984,0.296984,40
H1.K12,yearly,2019,Igc,Sc,0.292833,0.292833,41
H1.K12,yearly,2019,Tdiff,rho,-0.290163,0.290163,42
H1.K12,yearly,2019,W,Ua,0.289957,0.289957,43
H1.K12,yearly,2019,V,Ua,0.279375,0.279375,44
H1.K12,yearly,2019,Tvl,rho,-0.277904,0.277904,45
H1.K12,yearly,2019,Sc,Ua,-0.272901,0.272901,46
H1.K12,yearly,2019,P,Tdiff,-0.270182,0.270182,47
H1.K12,yearly,2019,Tdiff,qv,-0.257209,0.257209,48
H1.K12,yearly,2019,P,W,0.246021,0.246021,49
H1.K12,yearly,2019,Trl,qv,-0.245643,0.245643,50
H1.K12,yearly,2019,P,V,0.225329,0.225329,51
H1.K12,yearly,2019,P,Trl,-0.2169,0.2169,52
H1.K12,yearly,2019,Sc,rho,-0.186921,0.186921,53
H1.K12,yearly,2019,Tvl,Ua,-0.179945,0.179945,54
H1.K12,yearly,2019,W,Sc,-0.165738,0.165738,55
H1.K12,yearly,2019,Dp,Igc,0.163095,0.163095,56
H1.K12,yearly,2019,Dp,Igm,0.161794,0.161794,57
H1.K12,yearly,2019,Tdiff,W,-0.161164,0.161164,58
H1.K12,yearly,2019,V,Sc,-0.158148,0.158148,59
H1.K12,yearly,2019,W,Dp,0.158032,0.158032,60
H1.K12,yearly,2019,Tvl,Igc,0.157238,0.157238,61
H1.K12,yearly,2019,Tvl,Igm,0.156358,0.156358,62
H1.K12,yearly,2019,Tdiff,Igc,0.152429,0.152429,63
H1.K12,yearly,2019,Tdiff,Igm,0.15153,0.15153,64
H1.K12,yearly,2019,Tdiff,V,-0.149698,0.149698,65
H1.K12,yearly,2019,Tvl,W,-0.147194,0.147194,66
H1.K12,yearly,2019,qv,Ua,0.14575,0.14575,67
H1.K12,yearly,2019,Tvl,V,-0.142626,0.142626,68
H1.K12,yearly,2019,Tdiff,Ua,-0.142469,0.142469,69
H1.K12,yearly,2019,W,Igc,-0.136623,0.136623,70
H1.K12,yearly,2019,W,Igm,-0.136618,0.136618,71
H1.K12,yearly,2019,V,Dp,0.134202,0.134202,72
H1.K12,yearly,2019,W,Ah,0.132168,0.132168,73
H1.K12,yearly,2019,V,Igc,-0.130457,0.130457,74
H1.K12,yearly,2019,V,Igm,-0.130455,0.130455,75
H1.K12,yearly,2019,Trl,Tvl,0.130044,0.130044,76
H1.K12,yearly,2019,Ah,Igc,0.125997,0.125997,77
H1.K12,yearly,2019,Ah,Igm,0.124003,0.124003,78
H1.K12,yearly,2019,Sc,Ta,0.11817,0.11817,79
H1.K12,yearly,2019,Tvl,Sc,-0.109368,0.109368,80
H1.K12,yearly,2019,V,Ah,0.107697,0.107697,81
H1.K12,yearly,2019,P,rho,-0.101876,0.101876,82
H1.K12,yearly,2019,P,Dp,0.098475,0.098475,83
H1.K12,yearly,2019,P,Ah,0.098392,0.098392,84
H1.K12,yearly,2019,Ah,Sc,-0.097108,0.097108,85
H1.K12,yearly,2019,V,Dc,-0.083084,0.083084,86
H1.K12,yearly,2019,W,Dc,-0.082909,0.082909,87
H1.K12,yearly,2019,Dc,rho,-0.079576,0.079576,88
H1.K12,yearly,2019,qv,Ta,-0.079152,0.079152,89
H1.K12,yearly,2019,P,H,0.078414,0.078414,90
H1.K12,yearly,2019,Tdiff,Sc,-0.071776,0.071776,91
H1.K12,yearly,2019,qv,Igc,-0.062931,0.062931,92
H1.K12,yearly,2019,qv,Igm,-0.062346,0.062346,93
H1.K12,yearly,2019,Trl,rho,0.061935,0.061935,94
H1.K12,yearly,2019,P,Sc,-0.057478,0.057478,95
H1.K12,yearly,2019,Trl,W,0.055626,0.055626,96
H1.K12,yearly,2019,Dc,Ta,0.054758,0.054758,97
H1.K12,yearly,2019,Dc,Igm,0.054162,0.054162,98
H1.K12,yearly,2019,Dp,Sc,-0.054154,0.054154,99
H1.K12,yearly,2019,Ah,Ua,0.053409,0.053409,100
H1.K12,yearly,2019,P,Ua,0.052746,0.052746,101
H1.K12,yearly,2019,Dc,Dp,0.052682,0.052682,102
H1.K12,yearly,2019,Trl,Sc,-0.052411,0.052411,103
H1.K12,yearly,2019,Dc,Igc,0.051992,0.051992,104
H1.K12,yearly,2019,P,Ta,0.0514,0.0514,105
H1.K12,yearly,2019,Dc,Ua,-0.05088,0.05088,106
H1.K12,yearly,2019,qv,Sc,-0.050754,0.050754,107
H1.K12,yearly,2019,qv,H,-0.049393,0.049393,108
H1.K12,yearly,2019,V,Ta,-0.048024,0.048024,109
H1.K12,yearly,2019,Dc,H,0.043702,0.043702,110
H1.K12,yearly,2019,Trl,V,0.041549,0.041549,111
H1.K12,yearly,2019,W,H,0.038297,0.038297,112
H1.K12,yearly,2019,W,Ta,-0.036105,0.036105,113
H1.K12,yearly,2019,W,rho,-0.035496,0.035496,114
H1.K12,yearly,2019,Trl,Ua,-0.035325,0.035325,115
H1.K12,yearly,2019,H,Sc,0.027132,0.027132,116
H1.K12,yearly,2019,Ah,Dc,0.02434,0.02434,117
H1.K12,yearly,2019,V,rho,-0.02428,0.02428,118
H1.K12,yearly,2019,P,Dc,-0.023883,0.023883,119
H1.K12,yearly,2019,Trl,Dc,-0.022537,0.022537,120
H1.K12,yearly,2019,qv,Dc,-0.020581,0.020581,121
H1.K12,yearly,2019,Trl,Ah,-0.020018,0.020018,122
H1.K12,yearly,2019,V,H,0.019828,0.019828,123
H1.K12,yearly,2019,Trl,Dp,-0.016711,0.016711,124
H1.K12,yearly,2019,Trl,Ta,0.014946,0.014946,125
H1.K12,yearly,2019,Trl,Igc,-0.013855,0.013855,126
H1.K12,yearly,2019,Trl,Igm,-0.013568,0.013568,127
H1.K12,yearly,2019,Tvl,Dc,-0.011121,0.011121,128
H1.K12,yearly,2019,Dp,Ua,0.006579,0.006579,129
H1.K12,yearly,2019,qv,rho,0.005551,0.005551,130
H1.K12,yearly,2019,qv,Ah,-0.005078,0.005078,131
H1.K12,yearly,2019,Tdiff,Dc,-0.002588,0.002588,132
H1.K12,yearly,2019,P,Igm,0.001969,0.001969,133
H1.K12,yearly,2019,Trl,H,-0.001655,0.001655,134
H1.K12,yearly,2019,qv,Dp,0.001356,0.001356,135
H1.K12,yearly,2019,P,Igc,0.000891,0.000891,136
H1.K12,yearly,2020,Igc,Igm,0.999193,0.999193,1
H1.K12,yearly,2020,V,W,0.995643,0.995643,2
H1.K12,yearly,2020,Ah,Dp,0.977155,0.977155,3
H1.K12,yearly,2020,Ta,rho,-0.945224,0.945224,4
H1.K12,yearly,2020,H,Ta,0.938979,0.938979,5
H1.K12,yearly,2020,H,rho,-0.923633,0.923633,6
H1.K12,yearly,2020,Dp,H,0.900835,0.900835,7
H1.K12,yearly,2020,Ah,H,0.891492,0.891492,8
H1.K12,yearly,2020,P,qv,0.86133,0.86133,9
H1.K12,yearly,2020,Dp,rho,-0.756824,0.756824,10
H1.K12,yearly,2020,Dp,Ta,0.718312,0.718312,11
H1.K12,yearly,2020,Ah,rho,-0.717632,0.717632,12
H1.K12,yearly,2020,Tdiff,Tvl,0.709223,0.709223,13
H1.K12,yearly,2020,Ah,Ta,0.681928,0.681928,14
H1.K12,yearly,2020,Ta,Ua,-0.62985,0.62985,15
H1.K12,yearly,2020,Igm,Ua,-0.621652,0.621652,16
H1.K12,yearly,2020,Igc,Ua,-0.613041,0.613041,17
H1.K12,yearly,2020,Ua,rho,0.510223,0.510223,18
H1.K12,yearly,2020,Igm,Ta,0.499238,0.499238,19
H1.K12,yearly,2020,Igc,Ta,0.493467,0.493467,20
H1.K12,yearly,2020,P,Tvl,-0.437725,0.437725,21
H1.K12,yearly,2020,Trl,Tvl,0.413478,0.413478,22
H1.K12,yearly,2020,Igm,rho,-0.412373,0.412373,23
H1.K12,yearly,2020,Igc,rho,-0.407199,0.407199,24
H1.K12,yearly,2020,Dc,Sc,0.40669,0.40669,25
H1.K12,yearly,2020,Tdiff,Trl,-0.346915,0.346915,26
H1.K12,yearly,2020,Trl,W,-0.34648,0.34648,27
H1.K12,yearly,2020,H,Ua,-0.346098,0.346098,28
H1.K12,yearly,2020,W,Ua,0.337513,0.337513,29
H1.K12,yearly,2020,Trl,V,-0.335989,0.335989,30
H1.K12,yearly,2020,H,Igm,0.331536,0.331536,31
H1.K12,yearly,2020,H,Igc,0.328922,0.328922,32
H1.K12,yearly,2020,P,H,0.327428,0.327428,33
H1.K12,yearly,2020,Tvl,qv,-0.319861,0.319861,34
H1.K12,yearly,2020,Igm,Sc,0.315729,0.315729,35
H1.K12,yearly,2020,Igc,Sc,0.31166,0.31166,36
H1.K12,yearly,2020,Sc,Ua,-0.310939,0.310939,37
H1.K12,yearly,2020,P,Ta,0.310035,0.310035,38
H1.K12,yearly,2020,V,Ua,0.306428,0.306428,39
H1.K12,yearly,2020,P,rho,-0.287712,0.287712,40
H1.K12,yearly,2020,P,Ah,0.286128,0.286128,41
H1.K12,yearly,2020,Trl,H,0.275538,0.275538,42
H1.K12,yearly,2020,Tvl,W,-0.272215,0.272215,43
H1.K12,yearly,2020,P,Dp,0.271491,0.271491,44
H1.K12,yearly,2020,Trl,Ta,0.264293,0.264293,45
H1.K12,yearly,2020,P,Tdiff,-0.25729,0.25729,46
H1.K12,yearly,2020,P,Trl,-0.255601,0.255601,47
H1.K12,yearly,2020,qv,H,0.241363,0.241363,48
H1.K12,yearly,2020,Tdiff,qv,-0.238209,0.238209,49
H1.K12,yearly,2020,Tvl,V,-0.237648,0.237648,50
H1.K12,yearly,2020,Trl,Ah,0.235559,0.235559,51
H1.K12,yearly,2020,qv,Ta,0.226735,0.226735,52
H1.K12,yearly,2020,Sc,rho,-0.223154,0.223154,53
H1.K12,yearly,2020,Trl,Dp,0.222759,0.222759,54
H1.K12,yearly,2020,Trl,rho,-0.219175,0.219175,55
H1.K12,yearly,2020,qv,Ah,0.214905,0.214905,56
H1.K12,yearly,2020,qv,Dp,0.209798,0.209798,57
H1.K12,yearly,2020,qv,rho,-0.199979,0.199979,58
H1.K12,yearly,2020,W,Igm,-0.188068,0.188068,59
H1.K12,yearly,2020,W,Igc,-0.187945,0.187945,60
H1.K12,yearly,2020,Tvl,Ua,-0.169074,0.169074,61
H1.K12,yearly,2020,Tvl,Igc,0.163493,0.163493,62
H1.K12,yearly,2020,Tvl,Igm,0.163294,0.163294,63
H1.K12,yearly,2020,V,Igm,-0.162867,0.162867,64
H1.K12,yearly,2020,V,Igc,-0.162742,0.162742,65
H1.K12,yearly,2020,Sc,Ta,0.161986,0.161986,66
H1.K12,yearly,2020,V,Sc,-0.157637,0.157637,67
H1.K12,yearly,2020,W,Sc,-0.157172,0.157172,68
H1.K12,yearly,2020,Tvl,Ta,0.154315,0.154315,69
H1.K12,yearly,2020,P,V,0.15061,0.15061,70
H1.K12,yearly,2020,P,W,0.150594,0.150594,71
H1.K12,yearly,2020,V,Dc,-0.143098,0.143098,72
H1.K12,yearly,2020,W,Ta,-0.142999,0.142999,73
H1.K12,yearly,2020,W,Dc,-0.137502,0.137502,74
H1.K12,yearly,2020,Tdiff,Dp,-0.133768,0.133768,75
H1.K12,yearly,2020,P,Ua,-0.132722,0.132722,76
H1.K12,yearly,2020,Tdiff,Ah,-0.132109,0.132109,77
H1.K12,yearly,2020,Trl,Ua,-0.132031,0.132031,78
H1.K12,yearly,2020,V,Dp,0.128587,0.128587,79
H1.K12,yearly,2020,Trl,qv,-0.123173,0.123173,80
H1.K12,yearly,2020,Tvl,H,0.122313,0.122313,81
H1.K12,yearly,2020,Tdiff,Igc,0.118538,0.118538,82
H1.K12,yearly,2020,Tdiff,Igm,0.118051,0.118051,83
H1.K12,yearly,2020,W,qv,0.11721,0.11721,84
H1.K12,yearly,2020,V,Ah,0.111884,0.111884,85
H1.K12,yearly,2020,V,qv,0.111389,0.111389,86
H1.K12,yearly,2020,Tvl,rho,-0.109727,0.109727,87
H1.K12,yearly,2020,Dc,rho,-0.107468,0.107468,88
H1.K12,yearly,2020,Ah,Ua,0.098929,0.098929,89
H1.K12,yearly,2020,V,Ta,-0.0954,0.0954,90
H1.K12,yearly,2020,Tdiff,H,-0.095392,0.095392,91
H1.K12,yearly,2020,W,Dp,0.094483,0.094483,92
H1.K12,yearly,2020,P,Igm,0.089293,0.089293,93
H1.K12,yearly,2020,P,Igc,0.088283,0.088283,94
H1.K12,yearly,2020,Dc,Dp,0.088245,0.088245,95
H1.K12,yearly,2020,qv,Ua,-0.082995,0.082995,96
H1.K12,yearly,2020,Tvl,Sc,-0.082539,0.082539,97
H1.K12,yearly,2020,Dc,Ta,0.077018,0.077018,98
H1.K12,yearly,2020,W,Ah,0.076767,0.076767,99
H1.K12,yearly,2020,P,Dc,-0.075535,0.075535,100
H1.K12,yearly,2020,Tdiff,Dc,-0.075316,0.075316,101
H1.K12,yearly,2020,W,rho,0.074881,0.074881,102
H1.K12,yearly,2020,Ah,Sc,-0.073381,0.073381,103
H1.K12,yearly,2020,Dp,Ua,0.071767,0.071767,104
H1.K12,yearly,2020,Dp,Igc,0.071046,0.071046,105
H1.K12,yearly,2020,Dp,Igm,0.069563,0.069563,106
H1.K12,yearly,2020,Dc,H,0.068452,0.068452,107
H1.K12,yearly,2020,H,Sc,0.068237,0.068237,108
H1.K12,yearly,2020,Tdiff,Sc,-0.065066,0.065066,109
H1.K12,yearly,2020,Tdiff,Ua,-0.06474,0.06474,110
H1.K12,yearly,2020,Trl,Dc,0.064631,0.064631,111
H1.K12,yearly,2020,Tdiff,rho,0.063899,0.063899,112
H1.K12,yearly,2020,Trl,Igm,0.060005,0.060005,113
H1.K12,yearly,2020,Trl,Igc,0.059659,0.059659,114
H1.K12,yearly,2020,Tdiff,Ta,-0.054709,0.054709,115
H1.K12,yearly,2020,W,H,-0.054107,0.054107,116
H1.K12,yearly,2020,Tvl,Ah,0.054067,0.054067,117
H1.K12,yearly,2020,qv,Igm,0.053114,0.053114,118
H1.K12,yearly,2020,qv,Igc,0.052533,0.052533,119
H1.K12,yearly,2020,Dp,Sc,-0.052412,0.052412,120
H1.K12,yearly,2020,Dc,Igm,0.051202,0.051202,121
H1.K12,yearly,2020,Dc,Igc,0.049628,0.049628,122
H1.K12,yearly,2020,Ah,Igc,0.047842,0.047842,123
H1.K12,yearly,2020,Ah,Dc,0.047156,0.047156,124
H1.K12,yearly,2020,Ah,Igm,0.045711,0.045711,125
H1.K12,yearly,2020,Tvl,Dp,0.043184,0.043184,126
H1.K12,yearly,2020,qv,Dc,-0.04171,0.04171,127
H1.K12,yearly,2020,Dc,Ua,-0.039611,0.039611,128
H1.K12,yearly,2020,P,Sc,-0.035083,0.035083,129
H1.K12,yearly,2020,qv,Sc,-0.033319,0.033319,130
H1.K12,yearly,2020,V,rho,0.02709,0.02709,131
H1.K12,yearly,2020,Trl,Sc,-0.026981,0.026981,132
H1.K12,yearly,2020,Tdiff,V,0.023751,0.023751,133
H1.K12,yearly,2020,Tvl,Dc,-0.021994,0.021994,134
H1.K12,yearly,2020,V,H,-0.007915,0.007915,135
H1.K12,yearly,2020,Tdiff,W,-0.003727,0.003727,136
H1.K12,yearly,2021,Igc,Igm,0.998941,0.998941,1
H1.K12,yearly,2021,V,W,0.994963,0.994963,2
H1.K12,yearly,2021,Ah,Dp,0.980037,0.980037,3
H1.K12,yearly,2021,H,Ta,0.961572,0.961572,4
H1.K12,yearly,2021,Ta,rho,-0.953678,0.953678,5
H1.K12,yearly,2021,Dp,H,0.951805,0.951805,6
H1.K12,yearly,2021,Ah,H,0.948063,0.948063,7
H1.K12,yearly,2021,P,qv,0.944373,0.944373,8
H1.K12,yearly,2021,H,rho,-0.93815,0.93815,9
H1.K12,yearly,2021,Dp,rho,-0.859501,0.859501,10
H1.K12,yearly,2021,Dp,Ta,0.853681,0.853681,11
H1.K12,yearly,2021,Ah,rho,-0.827213,0.827213,12
H1.K12,yearly,2021,Ah,Ta,0.825029,0.825029,13
H1.K12,yearly,2021,Igm,Ua,-0.633527,0.633527,14
H1.K12,yearly,2021,P,Trl,-0.626115,0.626115,15
H1.K12,yearly,2021,Igc,Ua,-0.623329,0.623329,16
H1.K12,yearly,2021,Trl,qv,-0.61452,0.61452,17
H1.K12,yearly,2021,Trl,Tvl,0.533105,0.533105,18
H1.K12,yearly,2021,Tdiff,Tvl,0.513621,0.513621,19
H1.K12,yearly,2021,Igm,Ta,0.492516,0.492516,20
H1.K12,yearly,2021,Igc,Ta,0.487044,0.487044,21
H1.K12,yearly,2021,P,Tvl,-0.461266,0.461266,22
H1.K12,yearly,2021,Ta,Ua,-0.457285,0.457285,23
H1.K12,yearly,2021,Tdiff,Trl,-0.450121,0.450121,24
H1.K12,yearly,2021,Tvl,qv,-0.419174,0.419174,25
H1.K12,yearly,2021,Igm,rho,-0.414993,0.414993,26
H1.K12,yearly,2021,Igc,rho,-0.409969,0.409969,27
H1.K12,yearly,2021,Dc,Sc,0.408799,0.408799,28
H1.K12,yearly,2021,Sc,Ua,-0.365393,0.365393,29
H1.K12,yearly,2021,H,Igm,0.357425,0.357425,30
H1.K12,yearly,2021,Ua,rho,0.355762,0.355762,31
H1.K12,yearly,2021,H,Igc,0.354692,0.354692,32
H1.K12,yearly,2021,Igm,Sc,0.349411,0.349411,33
H1.K12,yearly,2021,Igc,Sc,0.345073,0.345073,34
H1.K12,yearly,2021,V,Dp,0.335783,0.335783,35
H1.K12,yearly,2021,W,Dp,0.299479,0.299479,36
H1.K12,yearly,2021,V,Ah,0.296779,0.296779,37
H1.K12,yearly,2021,W,Ah,0.260141,0.260141,38
H1.K12,yearly,2021,V,H,0.252365,0.252365,39
H1.K12,yearly,2021,W,Ua,0.232913,0.232913,40
H1.K12,yearly,2021,H,Ua,-0.223539,0.223539,41
H1.K12,yearly,2021,W,H,0.205836,0.205836,42
H1.K12,yearly,2021,V,Ta,0.202719,0.202719,43
H1.K12,yearly,2021,Tvl,W,0.196233,0.196233,44
H1.K12,yearly,2021,V,Ua,0.194659,0.194659,45
H1.K12,yearly,2021,Tvl,V,0.19403,0.19403,46
H1.K12,yearly,2021,V,rho,-0.193112,0.193112,47
H1.K12,yearly,2021,Sc,rho,-0.190807,0.190807,48
H1.K12,yearly,2021,Tdiff,qv,0.181468,0.181468,49
H1.K12,yearly,2021,Dp,Igc,0.180752,0.180752,50
H1.K12,yearly,2021,Dp,Igm,0.180393,0.180393,51
H1.K12,yearly,2021,Ah,Igc,0.162107,0.162107,52
H1.K12,yearly,2021,Ah,Igm,0.161254,0.161254,53
H1.K12,yearly,2021,V,qv,-0.16016,0.16016,54
H1.K12,yearly,2021,W,Ta,0.151434,0.151434,55
H1.K12,yearly,2021,W,rho,-0.148518,0.148518,56
H1.K12,yearly,2021,P,Tdiff,0.148412,0.148412,57
H1.K12,yearly,2021,W,qv,-0.142475,0.142475,58
H1.K12,yearly,2021,Trl,V,0.140371,0.140371,59
H1.K12,yearly,2021,W,Sc,-0.120935,0.120935,60
H1.K12,yearly,2021,Trl,W,0.118711,0.118711,61
H1.K12,yearly,2021,Sc,Ta,0.117575,0.117575,62
H1.K12,yearly,2021,Dc,rho,-0.115475,0.115475,63
H1.K12,yearly,2021,V,Sc,-0.113548,0.113548,64
H1.K12,yearly,2021,Tvl,Dp,0.105808,0.105808,65
H1.K12,yearly,2021,Dc,Ua,-0.105175,0.105175,66
H1.K12,yearly,2021,qv,Ta,-0.104438,0.104438,67
H1.K12,yearly,2021,Tvl,Ah,0.103927,0.103927,68
H1.K12,yearly,2021,P,Ah,0.103176,0.103176,69
H1.K12,yearly,2021,Trl,rho,-0.101594,0.101594,70
H1.K12,yearly,2021,qv,rho,0.098723,0.098723,71
H1.K12,yearly,2021,Tvl,H,0.095545,0.095545,72
H1.K12,yearly,2021,Tvl,rho,-0.095445,0.095445,73
H1.K12,yearly,2021,Dc,Ta,0.093986,0.093986,74
H1.K12,yearly,2021,Ah,Sc,-0.092227,0.092227,75
H1.K12,yearly,2021,Dc,Igm,0.09122,0.09122,76
H1.K12,yearly,2021,Dc,Igc,0.089586,0.089586,77
H1.K12,yearly,2021,Tdiff,W,0.08865,0.08865,78
H1.K12,yearly,2021,Trl,Dp,0.08843,0.08843,79
H1.K12,yearly,2021,Trl,H,0.087042,0.087042,80
H1.K12,yearly,2021,Trl,Ah,0.084298,0.084298,81
H1.K12,yearly,2021,Trl,Ta,0.082887,0.082887,82
H1.K12,yearly,2021,qv,Dp,-0.082301,0.082301,83
H1.K12,yearly,2021,Tvl,Ta,0.081066,0.081066,84
H1.K12,yearly,2021,Ah,Ua,0.078701,0.078701,85
H1.K12,yearly,2021,qv,H,-0.075954,0.075954,86
H1.K12,yearly,2021,W,Igc,-0.075297,0.075297,87
H1.K12,yearly,2021,W,Igm,-0.075242,0.075242,88
H1.K12,yearly,2021,P,H,0.074108,0.074108,89
H1.K12,yearly,2021,Dc,H,0.072522,0.072522,90
H1.K12,yearly,2021,Dp,Sc,-0.068582,0.068582,91
H1.K12,yearly,2021,Tdiff,Sc,-0.064608,0.064608,92
H1.K12,yearly,2021,Dp,Ua,0.063611,0.063611,93
H1.K12,yearly,2021,Tdiff,V,0.062891,0.062891,94
H1.K12,yearly,2021,P,Dp,0.059,0.059,95
H1.K12,yearly,2021,W,Dc,-0.058707,0.058707,96
H1.K12,yearly,2021,qv,Ua,0.056291,0.056291,97
H1.K12,yearly,2021,Tdiff,Ua,0.056196,0.056196,98
H1.K12,yearly,2021,Dc,Dp,0.055217,0.055217,99
H1.K12,yearly,2021,Tvl,Sc,-0.053743,0.053743,100
H1.K12,yearly,2021,V,Dc,-0.049505,0.049505,101
H1.K12,yearly,2021,V,Igc,-0.043378,0.043378,102
H1.K12,yearly,2021,V,Igm,-0.043317,0.043317,103
H1.K12,yearly,2021,qv,Ah,-0.043261,0.043261,104
H1.K12,yearly,2021,Ah,Dc,0.041606,0.041606,105
H1.K12,yearly,2021,P,V,-0.040131,0.040131,106
H1.K12,yearly,2021,P,Ta,0.036765,0.036765,107
H1.K12,yearly,2021,Tvl,Ua,0.035663,0.035663,108
H1.K12,yearly,2021,qv,Igm,-0.034944,0.034944,109
H1.K12,yearly,2021,qv,Igc,-0.034717,0.034717,110
H1.K12,yearly,2021,Tvl,Dc,-0.034038,0.034038,111
H1.K12,yearly,2021,Tdiff,Dc,-0.032363,0.032363,112
H1.K12,yearly,2021,P,W,-0.032023,0.032023,113
H1.K12,yearly,2021,Tdiff,Ah,0.027192,0.027192,114
H1.K12,yearly,2021,P,Ua,0.025442,0.025442,115
H1.K12,yearly,2021,Tdiff,Dp,0.024911,0.024911,116
H1.K12,yearly,2021,H,Sc,0.024415,0.024415,117
H1.K12,yearly,2021,P,rho,-0.022761,0.022761,118
H1.K12,yearly,2021,P,Igm,0.022009,0.022009,119
H1.K12,yearly,2021,P,Igc,0.021986,0.021986,120
H1.K12,yearly,2021,P,Sc,-0.016648,0.016648,121
H1.K12,yearly,2021,qv,Dc,-0.01492,0.01492,122
H1.K12,yearly,2021,P,Dc,-0.013461,0.013461,123
H1.K12,yearly,2021,Tdiff,H,0.013276,0.013276,124
H1.K12,yearly,2021,Tvl,Igm,0.010781,0.010781,125
H1.K12,yearly,2021,Trl,Ua,-0.010143,0.010143,126
H1.K12,yearly,2021,Tvl,Igc,0.010092,0.010092,127
H1.K12,yearly,2021,qv,Sc,0.007745,0.007745,128
H1.K12,yearly,2021,Trl,Dc,-0.006916,0.006916,129
H1.K12,yearly,2021,Trl,Sc,0.005285,0.005285,130
H1.K12,yearly,2021,Trl,Igc,0.004997,0.004997,131
H1.K12,yearly,2021,Trl,Igm,0.004342,0.004342,132
H1.K12,yearly,2021,Tdiff,Igm,0.00387,0.00387,133
H1.K12,yearly,2021,Tdiff,rho,0.003531,0.003531,134
H1.K12,yearly,2021,Tdiff,Igc,0.00247,0.00247,135
H1.K12,yearly,2021,Tdiff,Ta,0.00013,0.00013,136
H1.K12,yearly,2022,V,W,0.999559,0.999559,1
H1.K12,yearly,2022,Igc,Igm,0.999111,0.999111,2
H1.K12,yearly,2022,Ah,Dp,0.97901,0.97901,3
H1.K12,yearly,2022,P,qv,0.977203,0.977203,4
H1.K12,yearly,2022,Ta,rho,-0.960625,0.960625,5
H1.K12,yearly,2022,H,Ta,0.947623,0.947623,6
H1.K12,yearly,2022,H,rho,-0.941202,0.941202,7
H1.K12,yearly,2022,Dp,H,0.911456,0.911456,8
H1.K12,yearly,2022,Ah,H,0.88909,0.88909,9
H1.K12,yearly,2022,Trl,Tvl,0.855969,0.855969,10
H1.K12,yearly,2022,Dp,rho,-0.786279,0.786279,11
H1.K12,yearly,2022,Dp,Ta,0.750422,0.750422,12
H1.K12,yearly,2022,Tvl,qv,-0.743023,0.743023,13
H1.K12,yearly,2022,P,Tvl,-0.740933,0.740933,14
H1.K12,yearly,2022,Ah,rho,-0.735752,0.735752,15
H1.K12,yearly,2022,Trl,qv,-0.724901,0.724901,16
H1.K12,yearly,2022,P,Trl,-0.715267,0.715267,17
H1.K12,yearly,2022,Ah,Ta,0.696999,0.696999,18
H1.K12,yearly,2022,Tdiff,Tvl,0.686677,0.686677,19
H1.K12,yearly,2022,Ta,Ua,-0.644234,0.644234,20
H1.K12,yearly,2022,Igm,Ua,-0.608181,0.608181,21
H1.K12,yearly,2022,Igc,Ua,-0.599645,0.599645,22
H1.K12,yearly,2022,Ua,rho,0.547399,0.547399,23
H1.K12,yearly,2022,Igm,Ta,0.518042,0.518042,24
H1.K12,yearly,2022,Igc,Ta,0.512387,0.512387,25
H1.K12,yearly,2022,Igm,rho,-0.446394,0.446394,26
H1.K12,yearly,2022,Igc,rho,-0.441216,0.441216,27
H1.K12,yearly,2022,Dc,Sc,0.425368,0.425368,28
H1.K12,yearly,2022,P,Tdiff,-0.395092,0.395092,29
H1.K12,yearly,2022,H,Ua,-0.388321,0.388321,30
H1.K12,yearly,2022,Tdiff,qv,-0.38542,0.38542,31
H1.K12,yearly,2022,H,Igm,0.378564,0.378564,32
H1.K12,yearly,2022,H,Igc,0.37573,0.37573,33
H1.K12,yearly,2022,W,Ah,0.356095,0.356095,34
H1.K12,yearly,2022,W,Dp,0.352977,0.352977,35
H1.K12,yearly,2022,V,Ah,0.352635,0.352635,36
H1.K12,yearly,2022,V,Dp,0.350093,0.350093,37
H1.K12,yearly,2022,Tdiff,V,0.319796,0.319796,38
H1.K12,yearly,2022,Tdiff,W,0.312857,0.312857,39
H1.K12,yearly,2022,Igm,Sc,0.282528,0.282528,40
H1.K12,yearly,2022,Igc,Sc,0.278203,0.278203,41
H1.K12,yearly,2022,W,H,0.25897,0.25897,42
H1.K12,yearly,2022,V,H,0.257381,0.257381,43
H1.K12,yearly,2022,P,Ta,0.255144,0.255144,44
H1.K12,yearly,2022,P,H,0.250746,0.250746,45
H1.K12,yearly,2022,Sc,Ua,-0.250269,0.250269,46
H1.K12,yearly,2022,V,Sc,-0.240668,0.240668,47
H1.K12,yearly,2022,W,Sc,-0.239019,0.239019,48
H1.K12,yearly,2022,V,rho,-0.227194,0.227194,49
H1.K12,yearly,2022,W,rho,-0.226175,0.226175,50
H1.K12,yearly,2022,P,rho,-0.218798,0.218798,51
H1.K12,yearly,2022,Tdiff,Trl,0.214298,0.214298,52
H1.K12,yearly,2022,P,Dp,0.206649,0.206649,53
H1.K12,yearly,2022,W,Ua,0.204742,0.204742,54
H1.K12,yearly,2022,V,Ua,0.201164,0.201164,55
H1.K12,yearly,2022,P,Ah,0.200826,0.200826,56
H1.K12,yearly,2022,qv,Ta,0.190885,0.190885,57
H1.K12,yearly,2022,qv,H,0.185598,0.185598,58
H1.K12,yearly,2022,Sc,rho,-0.173429,0.173429,59
H1.K12,yearly,2022,W,Ta,0.15816,0.15816,60
H1.K12,yearly,2022,V,Ta,0.158104,0.158104,61
H1.K12,yearly,2022,qv,rho,-0.154424,0.154424,62
H1.K12,yearly,2022,qv,Dp,0.153374,0.153374,63
H1.K12,yearly,2022,P,Ua,-0.149827,0.149827,64
H1.K12,yearly,2022,qv,Ah,0.147283,0.147283,65
H1.K12,yearly,2022,Trl,V,-0.146097,0.146097,66
H1.K12,yearly,2022,Trl,W,-0.14517,0.14517,67
H1.K12,yearly,2022,Dp,Igc,0.143694,0.143694,68
H1.K12,yearly,2022,Dp,Igm,0.14263,0.14263,69
H1.K12,yearly,2022,P,Igm,0.131284,0.131284,70
H1.K12,yearly,2022,P,Igc,0.130571,0.130571,71
H1.K12,yearly,2022,Sc,Ta,0.121983,0.121983,72
H1.K12,yearly,2022,Dc,rho,-0.120156,0.120156,73
H1.K12,yearly,2022,Dc,Dp,0.117326,0.117326,74
H1.K12,yearly,2022,Tdiff,Sc,-0.115292,0.115292,75
H1.K12,yearly,2022,qv,Ua,-0.11256,0.11256,76
H1.K12,yearly,2022,Dc,H,0.112106,0.112106,77
H1.K12,yearly,2022,Dc,Ta,0.110176,0.110176,78
H1.K12,yearly,2022,V,Dc,-0.109143,0.109143,79
H1.K12,yearly,2022,Ah,Igc,0.10724,0.10724,80
H1.K12,yearly,2022,W,Dc,-0.106268,0.106268,81
H1.K12,yearly,2022,Ah,Igm,0.105413,0.105413,82
H1.K12,yearly,2022,qv,Igm,0.101316,0.101316,83
H1.K12,yearly,2022,qv,Igc,0.101037,0.101037,84
H1.K12,yearly,2022,Ah,Dc,0.094048,0.094048,85
H1.K12,yearly,2022,Tdiff,Dc,-0.082849,0.082849,86
H1.K12,yearly,2022,Trl,Dc,0.076419,0.076419,87
H1.K12,yearly,2022,Ah,Sc,-0.070976,0.070976,88
H1.K12,yearly,2022,Tdiff,rho,-0.067559,0.067559,89
H1.K12,yearly,2022,V,qv,-0.063449,0.063449,90
H1.K12,yearly,2022,Tvl,V,0.061485,0.061485,91
H1.K12,yearly,2022,W,qv,-0.061307,0.061307,92
H1.K12,yearly,2022,W,Igc,-0.06019,0.06019,93
H1.K12,yearly,2022,W,Igm,-0.060092,0.060092,94
H1.K12,yearly,2022,Trl,Ta,-0.059762,0.059762,95
H1.K12,yearly,2022,Trl,Ua,0.059415,0.059415,96
H1.K12,yearly,2022,Dc,Igm,0.05866,0.05866,97
H1.K12,yearly,2022,Tvl,W,0.058471,0.058471,98
H1.K12,yearly,2022,Trl,Igm,-0.057624,0.057624,99
H1.K12,yearly,2022,Ah,Ua,0.057039,0.057039,100
H1.K12,yearly,2022,Trl,Igc,-0.056946,0.056946,101
H1.K12,yearly,2022,V,Igc,-0.056459,0.056459,102
H1.K12,yearly,2022,V,Igm,-0.056361,0.056361,103
H1.K12,yearly,2022,Dc,Igc,0.056251,0.056251,104
H1.K12,yearly,2022,Dc,Ua,-0.054794,0.054794,105
H1.K12,yearly,2022,P,V,-0.053087,0.053087,106
H1.K12,yearly,2022,P,W,-0.051192,0.051192,107
H1.K12,yearly,2022,Trl,rho,0.049943,0.049943,108
H1.K12,yearly,2022,Trl,Sc,0.048177,0.048177,109
H1.K12,yearly,2022,H,Sc,0.048129,0.048129,110
H1.K12,yearly,2022,Tdiff,H,0.047379,0.047379,111
H1.K12,yearly,2022,Tdiff,Ah,0.046408,0.046408,112
H1.K12,yearly,2022,Trl,H,-0.046243,0.046243,113
H1.K12,yearly,2022,Tdiff,Igm,0.046112,0.046112,114
H1.K12,yearly,2022,Tdiff,Igc,0.045931,0.045931,115
H1.K12,yearly,2022,qv,Sc,-0.043318,0.043318,116
H1.K12,yearly,2022,Tdiff,Ta,0.039489,0.039489,117
H1.K12,yearly,2022,Dp,Sc,-0.038425,0.038425,118
H1.K12,yearly,2022,Tvl,Ua,0.037455,0.037455,119
H1.K12,yearly,2022,Tdiff,Dp,0.033898,0.033898,120
H1.K12,yearly,2022,P,Sc,-0.031583,0.031583,121
H1.K12,yearly,2022,Tvl,Sc,-0.024949,0.024949,122
H1.K12,yearly,2022,Tvl,Ta,-0.023197,0.023197,123
H1.K12,yearly,2022,Trl,Dp,-0.019915,0.019915,124
H1.K12,yearly,2022,Tvl,Igm,-0.018221,0.018221,125
H1.K12,yearly,2022,Tvl,Igc,-0.017814,0.017814,126
H1.K12,yearly,2022,Trl,Ah,-0.017409,0.017409,127
H1.K12,yearly,2022,P,Dc,0.014624,0.014624,128
H1.K12,yearly,2022,Tdiff,Ua,-0.013324,0.013324,129
H1.K12,yearly,2022,Tvl,Dc,0.01285,0.01285,130
H1.K12,yearly,2022,Tvl,Ah,0.012352,0.012352,131
H1.K12,yearly,2022,Tvl,H,-0.008762,0.008762,132
H1.K12,yearly,2022,qv,Dc,-0.008519,0.008519,133
H1.K12,yearly,2022,Tvl,Dp,0.003908,0.003908,134
H1.K12,yearly,2022,Dp,Ua,0.003813,0.003813,135
H1.K12,yearly,2022,Tvl,rho,0.000606,0.000606,136
H1.K12,yearly,2023,Igc,Igm,0.999076,0.999076,1
H1.K12,yearly,2023,Ah,Dp,0.978028,0.978028,2
H1.K12,yearly,2023,Trl,Tvl,0.957787,0.957787,3
H1.K12,yearly,2023,H,Ta,0.948166,0.948166,4
H1.K12,yearly,2023,Ta,rho,-0.943444,0.943444,5
H1.K12,yearly,2023,Dp,H,0.941159,0.941159,6
H1.K12,yearly,2023,Ah,H,0.92545,0.92545,7
H1.K12,yearly,2023,H,rho,-0.924199,0.924199,8
H1.K12,yearly,2023,Dp,rho,-0.828248,0.828248,9
H1.K12,yearly,2023,Dp,Ta,0.80791,0.80791,10
H1.K12,yearly,2023,Ah,rho,-0.77315,0.77315,11
H1.K12,yearly,2023,Ah,Ta,0.757801,0.757801,12
H1.K12,yearly,2023,Tvl,Ta,0.682038,0.682038,13
H1.K12,yearly,2023,Tvl,H,0.662171,0.662171,14
H1.K12,yearly,2023,Trl,Ta,0.640916,0.640916,15
H1.K12,yearly,2023,Trl,H,0.62856,0.62856,16
H1.K12,yearly,2023,Igm,Ua,-0.628264,0.628264,17
H1.K12,yearly,2023,Igc,Ua,-0.619241,0.619241,18
H1.K12,yearly,2023,Ta,Ua,-0.561855,0.561855,19
H1.K12,yearly,2023,Tvl,rho,-0.556622,0.556622,20
H1.K12,yearly,2023,Tdiff,Trl,-0.556565,0.556565,21
H1.K12,yearly,2023,Tvl,Ah,0.546739,0.546739,22
H1.K12,yearly,2023,Tvl,Dp,0.542212,0.542212,23
H1.K12,yearly,2023,Trl,Dp,0.530249,0.530249,24
H1.K12,yearly,2023,Trl,Ah,0.528096,0.528096,25
H1.K12,yearly,2023,Trl,rho,-0.523803,0.523803,26
H1.K12,yearly,2023,Igm,Ta,0.501012,0.501012,27
H1.K12,yearly,2023,Igc,Ta,0.495641,0.495641,28
H1.K12,yearly,2023,Ua,rho,0.438973,0.438973,29
H1.K12,yearly,2023,Dc,Sc,0.415874,0.415874,30
H1.K12,yearly,2023,Tvl,Ua,-0.408807,0.408807,31
H1.K12,yearly,2023,Igm,rho,-0.404063,0.404063,32
H1.K12,yearly,2023,Igc,rho,-0.399131,0.399131,33
H1.K12,yearly,2023,V,rho,-0.366174,0.366174,34
H1.K12,yearly,2023,V,Dp,0.362237,0.362237,35
H1.K12,yearly,2023,Trl,Ua,-0.353751,0.353751,36
H1.K12,yearly,2023,H,Igm,0.352129,0.352129,37
H1.K12,yearly,2023,H,Igc,0.349482,0.349482,38
H1.K12,yearly,2023,V,H,0.332685,0.332685,39
H1.K12,yearly,2023,P,qv,0.330107,0.330107,40
H1.K12,yearly,2023,V,Ah,0.326841,0.326841,41
H1.K12,yearly,2023,Tdiff,Tvl,-0.308485,0.308485,42
H1.K12,yearly,2023,V,Ta,0.303307,0.303307,43
H1.K12,yearly,2023,H,Ua,-0.295355,0.295355,44
H1.K12,yearly,2023,Tvl,Igm,0.267198,0.267198,45
H1.K12,yearly,2023,Tvl,Igc,0.265178,0.265178,46
H1.K12,yearly,2023,Sc,Ua,-0.240099,0.240099,47
H1.K12,yearly,2023,Igm,Sc,0.239085,0.239085,48
H1.K12,yearly,2023,Trl,Igm,0.237092,0.237092,49
H1.K12,yearly,2023,Igc,Sc,0.2354,0.2354,50
H1.K12,yearly,2023,Trl,Igc,0.234822,0.234822,51
H1.K12,yearly,2023,Tdiff,Dp,-0.193699,0.193699,52
H1.K12,yearly,2023,Tvl,V,-0.178189,0.178189,53
H1.K12,yearly,2023,Tdiff,H,-0.174561,0.174561,54
H1.K12,yearly,2023,Tdiff,Ah,-0.172325,0.172325,55
H1.K12,yearly,2023,Tdiff,Ta,-0.159981,0.159981,56
H1.K12,yearly,2023,Dp,Igc,0.151924,0.151924,57
H1.K12,yearly,2023,Dp,Igm,0.151301,0.151301,58
H1.K12,yearly,2023,Trl,V,-0.147801,0.147801,59
H1.K12,yearly,2023,Sc,rho,-0.134426,0.134426,60
H1.K12,yearly,2023,Ah,Sc,-0.134369,0.134369,61
H1.K12,yearly,2023,Tdiff,rho,0.133606,0.133606,62
H1.K12,yearly,2023,Tvl,Sc,-0.132297,0.132297,63
H1.K12,yearly,2023,Ah,Igc,0.122984,0.122984,64
H1.K12,yearly,2023,Ah,Igm,0.12185,0.12185,65
H1.K12,yearly,2023,Trl,Sc,-0.112347,0.112347,66
H1.K12,yearly,2023,Dp,Sc,-0.086909,0.086909,67
H1.K12,yearly,2023,V,Sc,-0.073177,0.073177,68
H1.K12,yearly,2023,Ah,Ua,0.07073,0.07073,69
H1.K12,yearly,2023,V,Igm,0.069687,0.069687,70
H1.K12,yearly,2023,V,Igc,0.069172,0.069172,71
H1.K12,yearly,2023,Tvl,Dc,-0.065319,0.065319,72
H1.K12,yearly,2023,Sc,Ta,0.057457,0.057457,73
H1.K12,yearly,2023,Tdiff,Dc,-0.050275,0.050275,74
H1.K12,yearly,2023,V,qv,-0.050024,0.050024,75
H1.K12,yearly,2023,Dc,rho,-0.048647,0.048647,76
H1.K12,yearly,2023,P,Tdiff,-0.045439,0.045439,77
H1.K12,yearly,2023,Trl,Dc,-0.042411,0.042411,78
H1.K12,yearly,2023,qv,Sc,0.032052,0.032052,79
H1.K12,yearly,2023,H,Sc,-0.030548,0.030548,80
H1.K12,yearly,2023,Tdiff,V,-0.026538,0.026538,81
H1.K12,yearly,2023,P,V,-0.02478,0.02478,82
H1.K12,yearly,2023,Dc,Igc,-0.022453,0.022453,83
H1.K12,yearly,2023,Dp,Ua,0.021533,0.021533,84
H1.K12,yearly,2023,P,Trl,0.021276,0.021276,85
H1.K12,yearly,2023,qv,Dp,-0.020567,0.020567,86
H1.K12,yearly,2023,Tdiff,Igm,-0.019685,0.019685,87
H1.K12,yearly,2023,qv,Ah,-0.019445,0.019445,88
H1.K12,yearly,2023,qv,H,-0.019137,0.019137,89
H1.K12,yearly,2023,Dc,Igm,-0.019051,0.019051,90
H1.K12,yearly,2023,Tdiff,Igc,-0.017723,0.017723,91
H1.K12,yearly,2023,Tdiff,Sc,-0.01754,0.01754,92
H1.K12,yearly,2023,qv,Ta,-0.016868,0.016868,93
H1.K12,yearly,2023,Tdiff,qv,0.016086,0.016086,94
H1.K12,yearly,2023,qv,Dc,0.014483,0.014483,95
H1.K12,yearly,2023,Trl,qv,-0.013414,0.013414,96
H1.K12,yearly,2023,V,Dc,-0.013349,0.013349,97
H1.K12,yearly,2023,P,Ua,0.012763,0.012763,98
H1.K12,yearly,2023,Dc,Dp,0.012539,0.012539,99
H1.K12,yearly,2023,qv,rho,0.011975,0.011975,100
H1.K12,yearly,2023,Tvl,qv,-0.009493,0.009493,101
H1.K12,yearly,2023,P,Tvl,0.00843,0.00843,102
H1.K12,yearly,2023,P,Dc,0.008025,0.008025,103
H1.K12,yearly,2023,Ah,Dc,-0.007114,0.007114,104
H1.K12,yearly,2023,P,Sc,0.006625,0.006625,105
H1.K12,yearly,2023,Dc,H,-0.006075,0.006075,106
H1.K12,yearly,2023,Dc,Ta,-0.005251,0.005251,107
H1.K12,yearly,2023,P,Ta,-0.004577,0.004577,108
H1.K12,yearly,2023,qv,Igm,-0.004103,0.004103,109
H1.K12,yearly,2023,P,Igm,-0.004061,0.004061,110
H1.K12,yearly,2023,qv,Igc,-0.004034,0.004034,111
H1.K12,yearly,2023,P,Igc,-0.003888,0.003888,112
H1.K12,yearly,2023,Dc,Ua,0.003068,0.003068,113
H1.K12,yearly,2023,P,rho,0.002778,0.002778,114
H1.K12,yearly,2023,P,H,-0.002371,0.002371,115
H1.K12,yearly,2023,P,Dp,0.002159,0.002159,116
H1.K12,yearly,2023,V,Ua,0.002101,0.002101,117
H1.K12,yearly,2023,qv,Ua,-0.001918,0.001918,118
H1.K12,yearly,2023,Tdiff,Ua,-0.001172,0.001172,119
H1.K12,yearly,2023,P,Ah,0.000991,0.000991,120
H1.K14,yearly,2018,Igc,Igm,0.999171,0.999171,1
H1.K14,yearly,2018,Ah,Dp,0.96932,0.96932,2
H1.K14,yearly,2018,Ta,rho,-0.966631,0.966631,3
H1.K14,yearly,2018,H,Ta,0.959319,0.959319,4
H1.K14,yearly,2018,V,W,0.949156,0.949156,5
H1.K14,yearly,2018,H,rho,-0.941897,0.941897,6
H1.K14,yearly,2018,Dp,H,0.925419,0.925419,7
H1.K14,yearly,2018,Ah,H,0.915519,0.915519,8
H1.K14,yearly,2018,Dp,rho,-0.814303,0.814303,9
H1.K14,yearly,2018,Dp,Ta,0.808386,0.808386,10
H1.K14,yearly,2018,Ah,rho,-0.770833,0.770833,11
H1.K14,yearly,2018,Ah,Ta,0.765441,0.765441,12
H1.K14,yearly,2018,Tdiff,Trl,-0.761219,0.761219,13
H1.K14,yearly,2018,V,qv,0.718823,0.718823,14
H1.K14,yearly,2018,W,qv,0.685108,0.685108,15
H1.K14,yearly,2018,Igm,Ua,-0.624524,0.624524,16
H1.K14,yearly,2018,Igc,Ua,-0.615457,0.615457,17
H1.K14,yearly,2018,Ta,Ua,-0.593472,0.593472,18
H1.K14,yearly,2018,Tdiff,Ta,-0.573981,0.573981,19
H1.K14,yearly,2018,Tdiff,rho,0.549125,0.549125,20
H1.K14,yearly,2018,P,Igm,0.546326,0.546326,21
H1.K14,yearly,2018,P,Igc,0.543175,0.543175,22
H1.K14,yearly,2018,P,Ta,0.54206,0.54206,23
H1.K14,yearly,2018,Igm,Ta,0.538315,0.538315,24
H1.K14,yearly,2018,Ua,rho,0.533642,0.533642,25
H1.K14,yearly,2018,Igc,Ta,0.533294,0.533294,26
H1.K14,yearly,2018,Trl,Tvl,0.526453,0.526453,27
H1.K14,yearly,2018,Tdiff,H,-0.523348,0.523348,28
H1.K14,yearly,2018,Tdiff,Igm,-0.505824,0.505824,29
H1.K14,yearly,2018,Tdiff,Igc,-0.503009,0.503009,30
H1.K14,yearly,2018,P,rho,-0.490387,0.490387,31
H1.K14,yearly,2018,Igm,rho,-0.489496,0.489496,32
H1.K14,yearly,2018,P,H,0.487411,0.487411,33
H1.K14,yearly,2018,Igc,rho,-0.484774,0.484774,34
H1.K14,yearly,2018,Tdiff,Ua,0.467331,0.467331,35
H1.K14,yearly,2018,Trl,Ta,0.436908,0.436908,36
H1.K14,yearly,2018,P,Ua,-0.432961,0.432961,37
H1.K14,yearly,2018,Trl,rho,-0.42231,0.42231,38
H1.K14,yearly,2018,H,Igm,0.419252,0.419252,39
H1.K14,yearly,2018,H,Igc,0.41707,0.41707,40
H1.K14,yearly,2018,Trl,H,0.407445,0.407445,41
H1.K14,yearly,2018,H,Ua,-0.377658,0.377658,42
H1.K14,yearly,2018,Tdiff,Dp,-0.370407,0.370407,43
H1.K14,yearly,2018,Tdiff,Ah,-0.368463,0.368463,44
H1.K14,yearly,2018,P,Tdiff,-0.36431,0.36431,45
H1.K14,yearly,2018,Trl,Igm,0.347818,0.347818,46
H1.K14,yearly,2018,Trl,Igc,0.345972,0.345972,47
H1.K14,yearly,2018,Dc,Sc,0.343783,0.343783,48
H1.K14,yearly,2018,P,Dp,0.331784,0.331784,49
H1.K14,yearly,2018,P,Ah,0.329129,0.329129,50
H1.K14,yearly,2018,Igm,Sc,0.313819,0.313819,51
H1.K14,yearly,2018,Trl,Ua,-0.313748,0.313748,52
H1.K14,yearly,2018,Trl,Dp,0.313259,0.313259,53
H1.K14,yearly,2018,P,qv,0.313012,0.313012,54
H1.K14,yearly,2018,Sc,Ua,-0.312832,0.312832,55
H1.K14,yearly,2018,Igc,Sc,0.309467,0.309467,56
H1.K14,yearly,2018,Trl,Ah,0.303757,0.303757,57
H1.K14,yearly,2018,V,Ua,0.220115,0.220115,58
H1.K14,yearly,2018,Trl,qv,-0.217767,0.217767,59
H1.K14,yearly,2018,Tdiff,qv,0.213337,0.213337,60
H1.K14,yearly,2018,Dc,Dp,0.212072,0.212072,61
H1.K14,yearly,2018,Tdiff,V,0.207359,0.207359,62
H1.K14,yearly,2018,P,Trl,0.206379,0.206379,63
H1.K14,yearly,2018,Dp,Igc,0.205473,0.205473,64
H1.K14,yearly,2018,Dp,Igm,0.204109,0.204109,65
H1.K14,yearly,2018,Dc,rho,-0.18665,0.18665,66
H1.K14,yearly,2018,Ah,Igc,0.18527,0.18527,67
H1.K14,yearly,2018,V,rho,0.183277,0.183277,68
H1.K14,yearly,2018,Ah,Igm,0.182997,0.182997,69
H1.K14,yearly,2018,Dc,Ta,0.176572,0.176572,70
H1.K14,yearly,2018,Dc,H,0.175893,0.175893,71
H1.K14,yearly,2018,V,Igm,-0.16485,0.16485,72
H1.K14,yearly,2018,V,Igc,-0.164768,0.164768,73
H1.K14,yearly,2018,Tdiff,W,0.164704,0.164704,74
H1.K14,yearly,2018,P,Tvl,-0.162564,0.162564,75
H1.K14,yearly,2018,P,Sc,0.162158,0.162158,76
H1.K14,yearly,2018,Ah,Sc,-0.16197,0.16197,77
H1.K14,yearly,2018,qv,rho,0.157718,0.157718,78
H1.K14,yearly,2018,Ah,Dc,0.156832,0.156832,79
H1.K14,yearly,2018,W,Dp,0.146252,0.146252,80
H1.K14,yearly,2018,Dp,Sc,-0.143094,0.143094,81
H1.K14,yearly,2018,W,Ua,0.14139,0.14139,82
H1.K14,yearly,2018,P,W,0.136124,0.136124,83
H1.K14,yearly,2018,Trl,Sc,0.134188,0.134188,84
H1.K14,yearly,2018,Trl,Dc,0.132882,0.132882,85
H1.K14,yearly,2018,Tvl,V,0.128923,0.128923,86
H1.K14,yearly,2018,Trl,V,-0.127167,0.127167,87
H1.K14,yearly,2018,V,Ta,-0.118685,0.118685,88
H1.K14,yearly,2018,Tdiff,Sc,-0.116199,0.116199,89
H1.K14,yearly,2018,Trl,W,-0.1134,0.1134,90
H1.K14,yearly,2018,W,Igm,-0.112603,0.112603,91
H1.K14,yearly,2018,W,Igc,-0.112523,0.112523,92
H1.K14,yearly,2018,W,Ah,0.110575,0.110575,93
H1.K14,yearly,2018,Tvl,Dc,0.109782,0.109782,94
H1.K14,yearly,2018,qv,H,-0.108032,0.108032,95
H1.K14,yearly,2018,qv,Ua,0.107103,0.107103,96
H1.K14,yearly,2018,qv,Ta,-0.105707,0.105707,97
H1.K14,yearly,2018,Tvl,W,0.099517,0.099517,98
H1.K14,yearly,2018,Sc,rho,-0.098609,0.098609,99
H1.K14,yearly,2018,Tdiff,Tvl,0.097726,0.097726,100
H1.K14,yearly,2018,Tvl,Ua,0.095274,0.095274,101
H1.K14,yearly,2018,V,H,-0.094883,0.094883,102
H1.K14,yearly,2018,qv,Ah,-0.092894,0.092894,103
H1.K14,yearly,2018,Tvl,Igm,-0.091646,0.091646,104
H1.K14,yearly,2018,Tvl,Igc,-0.090844,0.090844,105
H1.K14,yearly,2018,P,Dc,0.084164,0.084164,106
H1.K14,yearly,2018,W,Sc,-0.080918,0.080918,107
H1.K14,yearly,2018,Dc,Igm,0.076061,0.076061,108
H1.K14,yearly,2018,qv,Dp,-0.075653,0.075653,109
H1.K14,yearly,2018,Dc,Igc,0.0745,0.0745,110
H1.K14,yearly,2018,qv,Sc,0.073309,0.073309,111
H1.K14,yearly,2018,Tdiff,Dc,-0.07222,0.07222,112
H1.K14,yearly,2018,W,H,0.07003,0.07003,113
H1.K14,yearly,2018,Sc,Ta,0.058441,0.058441,114
H1.K14,yearly,2018,W,Ta,0.042633,0.042633,115
H1.K14,yearly,2018,V,Sc,-0.037497,0.037497,116
H1.K14,yearly,2018,P,V,0.036996,0.036996,117
H1.K14,yearly,2018,V,Ah,-0.036323,0.036323,118
H1.K14,yearly,2018,Tvl,rho,0.03516,0.03516,119
H1.K14,yearly,2018,Tvl,Dp,0.035126,0.035126,120
H1.K14,yearly,2018,V,Dc,0.033209,0.033209,121
H1.K14,yearly,2018,H,Sc,-0.032065,0.032065,122
H1.K14,yearly,2018,W,rho,0.02931,0.02931,123
H1.K14,yearly,2018,Tvl,qv,-0.029017,0.029017,124
H1.K14,yearly,2018,Tvl,Ta,-0.027879,0.027879,125
H1.K14,yearly,2018,Tvl,Ah,0.024496,0.024496,126
H1.K14,yearly,2018,W,Dc,0.023297,0.023297,127
H1.K14,yearly,2018,Dp,Ua,-0.021671,0.021671,128
H1.K14,yearly,2018,Dc,Ua,-0.018222,0.018222,129
H1.K14,yearly,2018,Tvl,H,-0.008981,0.008981,130
H1.K14,yearly,2018,Tvl,Sc,0.007753,0.007753,131
H1.K14,yearly,2018,qv,Dc,-0.004715,0.004715,132
H1.K14,yearly,2018,Ah,Ua,-0.004135,0.004135,133
H1.K14,yearly,2018,qv,Igc,-0.001267,0.001267,134
H1.K14,yearly,2018,V,Dp,-0.000931,0.000931,135
H1.K14,yearly,2018,qv,Igm,-0.000582,0.000582,136
H1.K14,yearly,2019,Igc,Igm,0.999227,0.999227,1
H1.K14,yearly,2019,Ah,Dp,0.982017,0.982017,2
H1.K14,yearly,2019,V,W,0.96981,0.96981,3
H1.K14,yearly,2019,H,Ta,0.946742,0.946742,4
H1.K14,yearly,2019,Ta,rho,-0.941822,0.941822,5
H1.K14,yearly,2019,H,rho,-0.928951,0.928951,6
H1.K14,yearly,2019,Dp,H,0.926717,0.926717,7
H1.K14,yearly,2019,Ah,H,0.909866,0.909866,8
H1.K14,yearly,2019,Trl,Tvl,0.852644,0.852644,9
H1.K14,yearly,2019,Dp,rho,-0.811417,0.811417,10
H1.K14,yearly,2019,Dp,Ta,0.773904,0.773904,11
H1.K14,yearly,2019,Ah,rho,-0.762449,0.762449,12
H1.K14,yearly,2019,Ah,Ta,0.728501,0.728501,13
H1.K14,yearly,2019,P,Ta,0.68894,0.68894,14
H1.K14,yearly,2019,Igm,Ua,-0.645785,0.645785,15
H1.K14,yearly,2019,Igc,Ua,-0.636499,0.636499,16
H1.K14,yearly,2019,P,H,0.625792,0.625792,17
H1.K14,yearly,2019,Ta,Ua,-0.614788,0.614788,18
H1.K14,yearly,2019,P,rho,-0.607276,0.607276,19
H1.K14,yearly,2019,P,Igm,0.56118,0.56118,20
H1.K14,yearly,2019,P,Igc,0.556773,0.556773,21
H1.K14,yearly,2019,Igm,Ta,0.538483,0.538483,22
H1.K14,yearly,2019,Igc,Ta,0.532929,0.532929,23
H1.K14,yearly,2019,P,Tdiff,-0.523416,0.523416,24
H1.K14,yearly,2019,P,Ua,-0.521664,0.521664,25
H1.K14,yearly,2019,V,Dp,0.510711,0.510711,26
H1.K14,yearly,2019,Tdiff,Ta,-0.506543,0.506543,27
H1.K14,yearly,2019,V,Ah,0.486225,0.486225,28
H1.K14,yearly,2019,Dc,Sc,0.48533,0.48533,29
H1.K14,yearly,2019,Tdiff,H,-0.477343,0.477343,30
H1.K14,yearly,2019,Ua,rho,0.47409,0.47409,31
H1.K14,yearly,2019,Tdiff,rho,0.467775,0.467775,32
H1.K14,yearly,2019,Igm,rho,-0.439571,0.439571,33
H1.K14,yearly,2019,P,Dp,0.436059,0.436059,34
H1.K14,yearly,2019,Igc,rho,-0.434516,0.434516,35
H1.K14,yearly,2019,P,Ah,0.433593,0.433593,36
H1.K14,yearly,2019,V,H,0.425213,0.425213,37
H1.K14,yearly,2019,P,qv,0.422292,0.422292,38
H1.K14,yearly,2019,W,qv,-0.417974,0.417974,39
H1.K14,yearly,2019,Trl,W,0.387769,0.387769,40
H1.K14,yearly,2019,H,Igm,0.385288,0.385288,41
H1.K14,yearly,2019,W,Dp,0.383146,0.383146,42
H1.K14,yearly,2019,H,Igc,0.382804,0.382804,43
H1.K14,yearly,2019,Tdiff,Dp,-0.376143,0.376143,44
H1.K14,yearly,2019,Trl,qv,-0.37592,0.37592,45
H1.K14,yearly,2019,Tvl,qv,-0.369771,0.369771,46
H1.K14,yearly,2019,V,rho,-0.367339,0.367339,47
H1.K14,yearly,2019,W,Ah,0.362117,0.362117,48
H1.K14,yearly,2019,Tdiff,Ah,-0.360509,0.360509,49
H1.K14,yearly,2019,Tdiff,Igm,-0.356782,0.356782,50
H1.K14,yearly,2019,Tdiff,Igc,-0.353286,0.353286,51
H1.K14,yearly,2019,H,Ua,-0.349449,0.349449,52
H1.K14,yearly,2019,Trl,V,0.344551,0.344551,53
H1.K14,yearly,2019,P,Tvl,-0.341954,0.341954,54
H1.K14,yearly,2019,Tdiff,Trl,-0.332172,0.332172,55
H1.K14,yearly,2019,V,Ta,0.329845,0.329845,56
H1.K14,yearly,2019,Tdiff,Ua,0.325809,0.325809,57
H1.K14,yearly,2019,V,qv,-0.32395,0.32395,58
H1.K14,yearly,2019,Tvl,W,0.302707,0.302707,59
H1.K14,yearly,2019,Igm,Sc,0.296984,0.296984,60
H1.K14,yearly,2019,Igc,Sc,0.292833,0.292833,61
H1.K14,yearly,2019,W,H,0.278908,0.278908,62
H1.K14,yearly,2019,Sc,Ua,-0.272901,0.272901,63
H1.K14,yearly,2019,qv,Ua,-0.255283,0.255283,64
H1.K14,yearly,2019,qv,Igm,0.249149,0.249149,65
H1.K14,yearly,2019,qv,Igc,0.247677,0.247677,66
H1.K14,yearly,2019,W,rho,-0.231267,0.231267,67
H1.K14,yearly,2019,Tvl,V,0.231094,0.231094,68
H1.K14,yearly,2019,Tdiff,V,-0.225838,0.225838,69
H1.K14,yearly,2019,V,Sc,-0.221338,0.221338,70
H1.K14,yearly,2019,W,Ua,0.215717,0.215717,71
H1.K14,yearly,2019,W,Sc,-0.199237,0.199237,72
H1.K14,yearly,2019,Tdiff,Tvl,0.197044,0.197044,73
H1.K14,yearly,2019,qv,Ta,0.192069,0.192069,74
H1.K14,yearly,2019,Sc,rho,-0.186921,0.186921,75
H1.K14,yearly,2019,W,Ta,0.183985,0.183985,76
H1.K14,yearly,2019,Tdiff,W,-0.179665,0.179665,77
H1.K14,yearly,2019,Tvl,rho,0.175201,0.175201,78
H1.K14,yearly,2019,Tvl,Ta,-0.167439,0.167439,79
H1.K14,yearly,2019,Dp,Igc,0.163095,0.163095,80
H1.K14,yearly,2019,Dp,Igm,0.161794,0.161794,81
H1.K14,yearly,2019,Tvl,H,-0.161065,0.161065,82
H1.K14,yearly,2019,qv,rho,-0.159947,0.159947,83
H1.K14,yearly,2019,qv,H,0.147633,0.147633,84
H1.K14,yearly,2019,V,Ua,0.141306,0.141306,85
H1.K14,yearly,2019,Tvl,Igm,-0.140445,0.140445,86
H1.K14,yearly,2019,Tvl,Igc,-0.139615,0.139615,87
H1.K14,yearly,2019,Tvl,Ua,0.139562,0.139562,88
H1.K14,yearly,2019,Ah,Igc,0.125997,0.125997,89
H1.K14,yearly,2019,Tvl,Sc,-0.125908,0.125908,90
H1.K14,yearly,2019,Ah,Igm,0.124003,0.124003,91
H1.K14,yearly,2019,Tvl,Ah,-0.120924,0.120924,92
H1.K14,yearly,2019,Sc,Ta,0.11817,0.11817,93
H1.K14,yearly,2019,Tvl,Dp,-0.11093,0.11093,94
H1.K14,yearly,2019,Tdiff,Sc,-0.10586,0.10586,95
H1.K14,yearly,2019,V,Dc,-0.103168,0.103168,96
H1.K14,yearly,2019,Trl,Ta,0.10316,0.10316,97
H1.K14,yearly,2019,P,Sc,0.10086,0.10086,98
H1.K14,yearly,2019,qv,Sc,0.099023,0.099023,99
H1.K14,yearly,2019,Ah,Sc,-0.097108,0.097108,100
H1.K14,yearly,2019,Trl,H,0.095236,0.095236,101
H1.K14,yearly,2019,Trl,Dp,0.09136,0.09136,102
H1.K14,yearly,2019,qv,Dc,0.080514,0.080514,103
H1.K14,yearly,2019,Dc,rho,-0.079576,0.079576,104
H1.K14,yearly,2019,W,Dc,-0.079058,0.079058,105
H1.K14,yearly,2019,P,V,0.077684,0.077684,106
H1.K14,yearly,2019,Trl,rho,-0.076657,0.076657,107
H1.K14,yearly,2019,Trl,Sc,-0.074805,0.074805,108
H1.K14,yearly,2019,Trl,Ah,0.074196,0.074196,109
H1.K14,yearly,2019,W,Igc,-0.065454,0.065454,110
H1.K14,yearly,2019,W,Igm,-0.065394,0.065394,111
H1.K14,yearly,2019,qv,Ah,0.063638,0.063638,112
H1.K14,yearly,2019,Tvl,Dc,-0.058368,0.058368,113
H1.K14,yearly,2019,Dc,Ta,0.054758,0.054758,114
H1.K14,yearly,2019,P,Trl,-0.054494,0.054494,115
H1.K14,yearly,2019,Dc,Igm,0.054162,0.054162,116
H1.K14,yearly,2019,Dp,Sc,-0.054154,0.054154,117
H1.K14,yearly,2019,Ah,Ua,0.053409,0.053409,118
H1.K14,yearly,2019,Dc,Dp,0.052682,0.052682,119
H1.K14,yearly,2019,Dc,Igc,0.051992,0.051992,120
H1.K14,yearly,2019,Dc,Ua,-0.05088,0.05088,121
H1.K14,yearly,2019,Trl,Igm,0.04912,0.04912,122
H1.K14,yearly,2019,Trl,Dc,-0.049085,0.049085,123
H1.K14,yearly,2019,Trl,Igc,0.048174,0.048174,124
H1.K14,yearly,2019,qv,Dp,0.047623,0.047623,125
H1.K14,yearly,2019,P,W,-0.044266,0.044266,126
H1.K14,yearly,2019,Dc,H,0.043702,0.043702,127
H1.K14,yearly,2019,P,Dc,0.038501,0.038501,128
H1.K14,yearly,2019,Trl,Ua,-0.033515,0.033515,129
H1.K14,yearly,2019,Tdiff,Dc,-0.028955,0.028955,130
H1.K14,yearly,2019,H,Sc,0.027132,0.027132,131
H1.K14,yearly,2019,Tdiff,qv,0.02672,0.02672,132
H1.K14,yearly,2019,Ah,Dc,0.02434,0.02434,133
H1.K14,yearly,2019,V,Igm,0.018739,0.018739,134
H1.K14,yearly,2019,V,Igc,0.018676,0.018676,135
H1.K14,yearly,2019,Dp,Ua,0.006579,0.006579,136
H1.K14,yearly,2020,Igc,Igm,0.999193,0.999193,1
H1.K14,yearly,2020,Ah,Dp,0.977155,0.977155,2
H1.K14,yearly,2020,Trl,Tvl,0.964785,0.964785,3
H1.K14,yearly,2020,V,W,0.956832,0.956832,4
H1.K14,yearly,2020,Ta,rho,-0.945224,0.945224,5
H1.K14,yearly,2020,H,Ta,0.938979,0.938979,6
H1.K14,yearly,2020,H,rho,-0.923633,0.923633,7
H1.K14,yearly,2020,Dp,H,0.900835,0.900835,8
H1.K14,yearly,2020,Ah,H,0.891492,0.891492,9
H1.K14,yearly,2020,Dp,rho,-0.756824,0.756824,10
H1.K14,yearly,2020,Dp,Ta,0.718312,0.718312,11
H1.K14,yearly,2020,Ah,rho,-0.717632,0.717632,12
H1.K14,yearly,2020,Ah,Ta,0.681928,0.681928,13
H1.K14,yearly,2020,P,qv,0.678574,0.678574,14
H1.K14,yearly,2020,Ta,Ua,-0.62985,0.62985,15
H1.K14,yearly,2020,Igm,Ua,-0.621652,0.621652,16
H1.K14,yearly,2020,Igc,Ua,-0.613041,0.613041,17
H1.K14,yearly,2020,V,qv,0.582383,0.582383,18
H1.K14,yearly,2020,Tvl,qv,-0.550597,0.550597,19
H1.K14,yearly,2020,W,qv,0.534535,0.534535,20
H1.K14,yearly,2020,Trl,qv,-0.518792,0.518792,21
H1.K14,yearly,2020,Ua,rho,0.510223,0.510223,22
H1.K14,yearly,2020,Igm,Ta,0.499238,0.499238,23
H1.K14,yearly,2020,Igc,Ta,0.493467,0.493467,24
H1.K14,yearly,2020,P,Tdiff,-0.490163,0.490163,25
H1.K14,yearly,2020,P,Ta,0.476586,0.476586,26
H1.K14,yearly,2020,P,Igm,0.468435,0.468435,27
H1.K14,yearly,2020,P,Igc,0.465238,0.465238,28
H1.K14,yearly,2020,Tdiff,Ta,-0.456312,0.456312,29
H1.K14,yearly,2020,Tdiff,rho,0.426933,0.426933,30
H1.K14,yearly,2020,P,rho,-0.420325,0.420325,31
H1.K14,yearly,2020,Igm,rho,-0.412373,0.412373,32
H1.K14,yearly,2020,P,H,0.409898,0.409898,33
H1.K14,yearly,2020,Igc,rho,-0.407199,0.407199,34
H1.K14,yearly,2020,Dc,Sc,0.40669,0.40669,35
H1.K14,yearly,2020,Tdiff,H,-0.400175,0.400175,36
H1.K14,yearly,2020,P,Ua,-0.369142,0.369142,37
H1.K14,yearly,2020,P,Tvl,-0.352471,0.352471,38
H1.K14,yearly,2020,H,Ua,-0.346098,0.346098,39
H1.K14,yearly,2020,Tdiff,Igm,-0.343508,0.343508,40
H1.K14,yearly,2020,Tdiff,Igc,-0.341009,0.341009,41
H1.K14,yearly,2020,V,Ua,0.337388,0.337388,42
H1.K14,yearly,2020,H,Igm,0.331536,0.331536,43
H1.K14,yearly,2020,H,Igc,0.328922,0.328922,44
H1.K14,yearly,2020,Tdiff,Ua,0.326828,0.326828,45
H1.K14,yearly,2020,Igm,Sc,0.315729,0.315729,46
H1.K14,yearly,2020,Igc,Sc,0.31166,0.31166,47
H1.K14,yearly,2020,Sc,Ua,-0.310939,0.310939,48
H1.K14,yearly,2020,Trl,H,0.310596,0.310596,49
H1.K14,yearly,2020,Trl,Ta,0.301197,0.301197,50
H1.K14,yearly,2020,Tdiff,Dp,-0.283343,0.283343,51
H1.K14,yearly,2020,W,Ua,0.279821,0.279821,52
H1.K14,yearly,2020,Trl,V,-0.272719,0.272719,53
H1.K14,yearly,2020,Trl,rho,-0.272702,0.272702,54
H1.K14,yearly,2020,Trl,Ah,0.268251,0.268251,55
H1.K14,yearly,2020,Trl,Dp,0.262923,0.262923,56
H1.K14,yearly,2020,Tdiff,Ah,-0.25258,0.25258,57
H1.K14,yearly,2020,W,Dp,0.252201,0.252201,58
H1.K14,yearly,2020,Tvl,V,-0.250523,0.250523,59
H1.K14,yearly,2020,P,Dp,0.248677,0.248677,60
H1.K14,yearly,2020,W,Ah,0.240172,0.240172,61
H1.K14,yearly,2020,P,Ah,0.236881,0.236881,62
H1.K14,yearly,2020,Sc,rho,-0.223154,0.223154,63
H1.K14,yearly,2020,P,Trl,-0.221446,0.221446,64
H1.K14,yearly,2020,Tdiff,Trl,-0.215512,0.215512,65
H1.K14,yearly,2020,Tvl,H,0.21225,0.21225,66
H1.K14,yearly,2020,Tvl,Ah,0.209277,0.209277,67
H1.K14,yearly,2020,Tvl,Dp,0.195736,0.195736,68
H1.K14,yearly,2020,V,Igm,-0.189677,0.189677,69
H1.K14,yearly,2020,V,Igc,-0.18957,0.18957,70
H1.K14,yearly,2020,qv,Igm,0.187152,0.187152,71
H1.K14,yearly,2020,Tvl,Ta,0.186727,0.186727,72
H1.K14,yearly,2020,qv,Igc,0.184704,0.184704,73
H1.K14,yearly,2020,W,Sc,-0.177313,0.177313,74
H1.K14,yearly,2020,Tvl,rho,-0.165501,0.165501,75
H1.K14,yearly,2020,Trl,W,-0.165421,0.165421,76
H1.K14,yearly,2020,Sc,Ta,0.161986,0.161986,77
H1.K14,yearly,2020,Tvl,W,-0.161342,0.161342,78
H1.K14,yearly,2020,V,Sc,-0.152947,0.152947,79
H1.K14,yearly,2020,Trl,Ua,-0.150346,0.150346,80
H1.K14,yearly,2020,W,Igm,-0.147009,0.147009,81
H1.K14,yearly,2020,W,Igc,-0.146896,0.146896,82
H1.K14,yearly,2020,V,Ta,-0.143954,0.143954,83
H1.K14,yearly,2020,P,W,0.142787,0.142787,84
H1.K14,yearly,2020,V,Dc,-0.136933,0.136933,85
H1.K14,yearly,2020,W,Dc,-0.136062,0.136062,86
H1.K14,yearly,2020,W,H,0.124138,0.124138,87
H1.K14,yearly,2020,P,Sc,0.114516,0.114516,88
H1.K14,yearly,2020,qv,Ta,0.112488,0.112488,89
H1.K14,yearly,2020,Tdiff,qv,-0.111645,0.111645,90
H1.K14,yearly,2020,Tdiff,Sc,-0.109366,0.109366,91
H1.K14,yearly,2020,Trl,Igc,0.109178,0.109178,92
H1.K14,yearly,2020,Trl,Igm,0.10882,0.10882,93
H1.K14,yearly,2020,Dc,rho,-0.107468,0.107468,94
H1.K14,yearly,2020,qv,H,0.103779,0.103779,95
H1.K14,yearly,2020,qv,rho,-0.102698,0.102698,96
H1.K14,yearly,2020,Ah,Ua,0.098929,0.098929,97
H1.K14,yearly,2020,P,V,0.095968,0.095968,98
H1.K14,yearly,2020,V,Dp,0.088498,0.088498,99
H1.K14,yearly,2020,Dc,Dp,0.088245,0.088245,100
H1.K14,yearly,2020,Tvl,Sc,-0.086883,0.086883,101
H1.K14,yearly,2020,W,rho,-0.079532,0.079532,102
H1.K14,yearly,2020,V,Ah,0.078945,0.078945,103
H1.K14,yearly,2020,qv,Dc,-0.077856,0.077856,104
H1.K14,yearly,2020,Dc,Ta,0.077018,0.077018,105
H1.K14,yearly,2020,Ah,Sc,-0.073381,0.073381,106
H1.K14,yearly,2020,Dp,Ua,0.071767,0.071767,107
H1.K14,yearly,2020,Dp,Igc,0.071046,0.071046,108
H1.K14,yearly,2020,Dp,Igm,0.069563,0.069563,109
H1.K14,yearly,2020,Dc,H,0.068452,0.068452,110
H1.K14,yearly,2020,H,Sc,0.068237,0.068237,111
H1.K14,yearly,2020,qv,Dp,0.065737,0.065737,112
H1.K14,yearly,2020,qv,Ah,0.064649,0.064649,113
H1.K14,yearly,2020,V,rho,0.064561,0.064561,114
H1.K14,yearly,2020,Tvl,Ua,-0.063371,0.063371,115
H1.K14,yearly,2020,Tdiff,V,0.05621,0.05621,116
H1.K14,yearly,2020,Dp,Sc,-0.052412,0.052412,117
H1.K14,yearly,2020,V,H,-0.051893,0.051893,118
H1.K14,yearly,2020,Trl,Sc,-0.05172,0.05172,119
H1.K14,yearly,2020,Dc,Igm,0.051202,0.051202,120
H1.K14,yearly,2020,Dc,Igc,0.049628,0.049628,121
H1.K14,yearly,2020,Ah,Igc,0.047842,0.047842,122
H1.K14,yearly,2020,qv,Ua,-0.047664,0.047664,123
H1.K14,yearly,2020,Ah,Dc,0.047156,0.047156,124
H1.K14,yearly,2020,Ah,Igm,0.045711,0.045711,125
H1.K14,yearly,2020,Tdiff,Dc,-0.04218,0.04218,126
H1.K14,yearly,2020,Dc,Ua,-0.039611,0.039611,127
H1.K14,yearly,2020,Tdiff,Tvl,0.038111,0.038111,128
H1.K14,yearly,2020,Tvl,Igc,0.021888,0.021888,129
H1.K14,yearly,2020,Tvl,Igm,0.020831,0.020831,130
H1.K14,yearly,2020,Trl,Dc,0.01956,0.01956,131
H1.K14,yearly,2020,W,Ta,0.019358,0.019358,132
H1.K14,yearly,2020,Tdiff,W,-0.01769,0.01769,133
H1.K14,yearly,2020,qv,Sc,0.003753,0.003753,134
H1.K14,yearly,2020,Tvl,Dc,0.003595,0.003595,135
H1.K14,yearly,2020,P,Dc,0.002819,0.002819,136
H1.K14,yearly,2021,Igc,Igm,0.998941,0.998941,1
H1.K14,yearly,2021,V,W,0.992548,0.992548,2
H1.K14,yearly,2021,Ah,Dp,0.980037,0.980037,3
H1.K14,yearly,2021,Trl,Tvl,0.963658,0.963658,4
H1.K14,yearly,2021,H,Ta,0.961572,0.961572,5
H1.K14,yearly,2021,Ta,rho,-0.953678,0.953678,6
H1.K14,yearly,2021,Dp,H,0.951805,0.951805,7
H1.K14,yearly,2021,Ah,H,0.948063,0.948063,8
H1.K14,yearly,2021,H,rho,-0.93815,0.93815,9
H1.K14,yearly,2021,Dp,rho,-0.859501,0.859501,10
H1.K14,yearly,2021,Dp,Ta,0.853681,0.853681,11
H1.K14,yearly,2021,Ah,rho,-0.827213,0.827213,12
H1.K14,yearly,2021,Ah,Ta,0.825029,0.825029,13
H1.K14,yearly,2021,P,qv,0.685099,0.685099,14
H1.K14,yearly,2021,Igm,Ua,-0.633527,0.633527,15
H1.K14,yearly,2021,Igc,Ua,-0.623329,0.623329,16
H1.K14,yearly,2021,P,Tdiff,-0.565372,0.565372,17
H1.K14,yearly,2021,Igm,Ta,0.492516,0.492516,18
H1.K14,yearly,2021,Igc,Ta,0.487044,0.487044,19
H1.K14,yearly,2021,P,Tvl,-0.461045,0.461045,20
H1.K14,yearly,2021,Ta,Ua,-0.457285,0.457285,21
H1.K14,yearly,2021,Tvl,qv,-0.455908,0.455908,22
H1.K14,yearly,2021,P,Igm,0.441097,0.441097,23
H1.K14,yearly,2021,P,Igc,0.439093,0.439093,24
H1.K14,yearly,2021,W,Dp,0.43713,0.43713,25
H1.K14,yearly,2021,Igm,rho,-0.414993,0.414993,26
H1.K14,yearly,2021,W,Ah,0.412713,0.412713,27
H1.K14,yearly,2021,V,Dp,0.411335,0.411335,28
H1.K14,yearly,2021,Igc,rho,-0.409969,0.409969,29
H1.K14,yearly,2021,P,Ta,0.409625,0.409625,30
H1.K14,yearly,2021,Dc,Sc,0.408799,0.408799,31
H1.K14,yearly,2021,Trl,qv,-0.397156,0.397156,32
H1.K14,yearly,2021,V,Ah,0.38541,0.38541,33
H1.K14,yearly,2021,P,rho,-0.379205,0.379205,34
H1.K14,yearly,2021,Sc,Ua,-0.365393,0.365393,35
H1.K14,yearly,2021,P,H,0.358227,0.358227,36
H1.K14,yearly,2021,H,Igm,0.357425,0.357425,37
H1.K14,yearly,2021,Ua,rho,0.355762,0.355762,38
H1.K14,yearly,2021,H,Igc,0.354692,0.354692,39
H1.K14,yearly,2021,Igm,Sc,0.349411,0.349411,40
H1.K14,yearly,2021,Igc,Sc,0.345073,0.345073,41
H1.K14,yearly,2021,W,H,0.341323,0.341323,42
H1.K14,yearly,2021,P,Trl,-0.329673,0.329673,43
H1.K14,yearly,2021,Tdiff,Igm,-0.323475,0.323475,44
H1.K14,yearly,2021,Tdiff,Igc,-0.321806,0.321806,45
H1.K14,yearly,2021,P,Ua,-0.316077,0.316077,46
H1.K14,yearly,2021,Tdiff,Ta,-0.315542,0.315542,47
H1.K14,yearly,2021,Tdiff,rho,0.315038,0.315038,48
H1.K14,yearly,2021,V,H,0.314964,0.314964,49
H1.K14,yearly,2021,qv,Igm,0.314882,0.314882,50
H1.K14,yearly,2021,qv,Igc,0.312191,0.312191,51
H1.K14,yearly,2021,Tvl,W,0.308838,0.308838,52
H1.K14,yearly,2021,Tvl,V,0.299932,0.299932,53
H1.K14,yearly,2021,Tdiff,qv,-0.29771,0.29771,54
H1.K14,yearly,2021,Trl,W,0.288886,0.288886,55
H1.K14,yearly,2021,Tdiff,Tvl,0.288003,0.288003,56
H1.K14,yearly,2021,Trl,V,0.286596,0.286596,57
H1.K14,yearly,2021,Tdiff,Ua,0.276723,0.276723,58
H1.K14,yearly,2021,V,Ua,0.261638,0.261638,59
H1.K14,yearly,2021,Tdiff,H,-0.260922,0.260922,60
H1.K14,yearly,2021,W,rho,-0.259525,0.259525,61
H1.K14,yearly,2021,W,Ta,0.25895,0.25895,62
H1.K14,yearly,2021,W,Ua,0.258868,0.258868,63
H1.K14,yearly,2021,P,Dp,0.25842,0.25842,64
H1.K14,yearly,2021,qv,rho,-0.257993,0.257993,65
H1.K14,yearly,2021,P,Ah,0.255918,0.255918,66
H1.K14,yearly,2021,qv,Ta,0.248601,0.248601,67
H1.K14,yearly,2021,V,rho,-0.23752,0.23752,68
H1.K14,yearly,2021,V,Ta,0.235589,0.235589,69
H1.K14,yearly,2021,H,Ua,-0.223539,0.223539,70
H1.K14,yearly,2021,qv,Ua,-0.221205,0.221205,71
H1.K14,yearly,2021,qv,H,0.205907,0.205907,72
H1.K14,yearly,2021,Sc,rho,-0.190807,0.190807,73
H1.K14,yearly,2021,Tdiff,Sc,-0.187884,0.187884,74
H1.K14,yearly,2021,Tdiff,Dp,-0.184247,0.184247,75
H1.K14,yearly,2021,Dp,Igc,0.180752,0.180752,76
H1.K14,yearly,2021,Dp,Igm,0.180393,0.180393,77
H1.K14,yearly,2021,Trl,Dp,0.179426,0.179426,78
H1.K14,yearly,2021,Tdiff,Ah,-0.168838,0.168838,79
H1.K14,yearly,2021,Tvl,Ua,0.167277,0.167277,80
H1.K14,yearly,2021,Ah,Igc,0.162107,0.162107,81
H1.K14,yearly,2021,Ah,Igm,0.161254,0.161254,82
H1.K14,yearly,2021,W,Sc,-0.15589,0.15589,83
H1.K14,yearly,2021,Trl,Ah,0.152856,0.152856,84
H1.K14,yearly,2021,V,Sc,-0.148666,0.148666,85
H1.K14,yearly,2021,Tvl,Igm,-0.139001,0.139001,86
H1.K14,yearly,2021,Tvl,Igc,-0.137583,0.137583,87
H1.K14,yearly,2021,qv,Dp,0.13287,0.13287,88
H1.K14,yearly,2021,qv,Ah,0.128537,0.128537,89
H1.K14,yearly,2021,Tvl,Dp,0.127528,0.127528,90
H1.K14,yearly,2021,Trl,H,0.126972,0.126972,91
H1.K14,yearly,2021,Tdiff,W,0.126513,0.126513,92
H1.K14,yearly,2021,Sc,Ta,0.117575,0.117575,93
H1.K14,yearly,2021,Dc,rho,-0.115475,0.115475,94
H1.K14,yearly,2021,Tvl,Ah,0.106206,0.106206,95
H1.K14,yearly,2021,Dc,Ua,-0.105175,0.105175,96
H1.K14,yearly,2021,P,Sc,0.104655,0.104655,97
H1.K14,yearly,2021,Trl,Ta,0.103325,0.103325,98
H1.K14,yearly,2021,Tdiff,V,0.100444,0.100444,99
H1.K14,yearly,2021,Trl,Ua,0.100355,0.100355,100
H1.K14,yearly,2021,Trl,rho,-0.099524,0.099524,101
H1.K14,yearly,2021,Tvl,Sc,-0.094273,0.094273,102
H1.K14,yearly,2021,Dc,Ta,0.093986,0.093986,103
H1.K14,yearly,2021,Ah,Sc,-0.092227,0.092227,104
H1.K14,yearly,2021,Dc,Igm,0.09122,0.09122,105
H1.K14,yearly,2021,Dc,Igc,0.089586,0.089586,106
H1.K14,yearly,2021,Ah,Ua,0.078701,0.078701,107
H1.K14,yearly,2021,qv,Sc,0.075814,0.075814,108
H1.K14,yearly,2021,Dc,H,0.072522,0.072522,109
H1.K14,yearly,2021,W,Dc,-0.070496,0.070496,110
H1.K14,yearly,2021,Dp,Sc,-0.068582,0.068582,111
H1.K14,yearly,2021,V,Dc,-0.067885,0.067885,112
H1.K14,yearly,2021,Tdiff,Dc,-0.067059,0.067059,113
H1.K14,yearly,2021,V,Igc,-0.065329,0.065329,114
H1.K14,yearly,2021,V,Igm,-0.065237,0.065237,115
H1.K14,yearly,2021,Dp,Ua,0.063611,0.063611,116
H1.K14,yearly,2021,W,Igc,-0.060665,0.060665,117
H1.K14,yearly,2021,W,Igm,-0.060556,0.060556,118
H1.K14,yearly,2021,Trl,Igm,-0.059474,0.059474,119
H1.K14,yearly,2021,Trl,Igc,-0.058472,0.058472,120
H1.K14,yearly,2021,Tvl,H,0.05756,0.05756,121
H1.K14,yearly,2021,Dc,Dp,0.055217,0.055217,122
H1.K14,yearly,2021,Trl,Sc,-0.047812,0.047812,123
H1.K14,yearly,2021,Ah,Dc,0.041606,0.041606,124
H1.K14,yearly,2021,P,Dc,0.037215,0.037215,125
H1.K14,yearly,2021,Tdiff,Trl,0.036256,0.036256,126
H1.K14,yearly,2021,H,Sc,0.024415,0.024415,127
H1.K14,yearly,2021,qv,Dc,0.020606,0.020606,128
H1.K14,yearly,2021,Tvl,Ta,0.020411,0.020411,129
H1.K14,yearly,2021,Tvl,rho,-0.017395,0.017395,130
H1.K14,yearly,2021,Trl,Dc,0.016521,0.016521,131
H1.K14,yearly,2021,P,V,-0.01216,0.01216,132
H1.K14,yearly,2021,P,W,-0.010975,0.010975,133
H1.K14,yearly,2021,W,qv,-0.004106,0.004106,134
H1.K14,yearly,2021,V,qv,-0.003078,0.003078,135
H1.K14,yearly,2021,Tvl,Dc,-0.002182,0.002182,136
H1.K14,yearly,2022,Igc,Igm,0.999111,0.999111,1
H1.K14,yearly,2022,Ah,Dp,0.97901,0.97901,2
H1.K14,yearly,2022,Trl,Tvl,0.967535,0.967535,3
H1.K14,yearly,2022,Ta,rho,-0.960625,0.960625,4
H1.K14,yearly,2022,V,W,0.955143,0.955143,5
H1.K14,yearly,2022,H,Ta,0.947623,0.947623,6
H1.K14,yearly,2022,H,rho,-0.941202,0.941202,7
H1.K14,yearly,2022,Dp,H,0.911456,0.911456,8
H1.K14,yearly,2022,Ah,H,0.88909,0.88909,9
H1.K14,yearly,2022,Dp,rho,-0.786279,0.786279,10
H1.K14,yearly,2022,P,Tdiff,-0.75896,0.75896,11
H1.K14,yearly,2022,Dp,Ta,0.750422,0.750422,12
H1.K14,yearly,2022,Ah,rho,-0.735752,0.735752,13
H1.K14,yearly,2022,P,qv,0.698467,0.698467,14
H1.K14,yearly,2022,Ah,Ta,0.696999,0.696999,15
H1.K14,yearly,2022,Tvl,qv,-0.669987,0.669987,16
H1.K14,yearly,2022,Ta,Ua,-0.644234,0.644234,17
H1.K14,yearly,2022,Trl,qv,-0.634545,0.634545,18
H1.K14,yearly,2022,Igm,Ua,-0.608181,0.608181,19
H1.K14,yearly,2022,Igc,Ua,-0.599645,0.599645,20
H1.K14,yearly,2022,P,Tvl,-0.569011,0.569011,21
H1.K14,yearly,2022,P,Ta,0.557874,0.557874,22
H1.K14,yearly,2022,Ua,rho,0.547399,0.547399,23
H1.K14,yearly,2022,Tdiff,Tvl,0.531551,0.531551,24
H1.K14,yearly,2022,Tdiff,Ta,-0.527055,0.527055,25
H1.K14,yearly,2022,P,Igm,0.524312,0.524312,26
H1.K14,yearly,2022,P,Igc,0.521273,0.521273,27
H1.K14,yearly,2022,Igm,Ta,0.518042,0.518042,28
H1.K14,yearly,2022,V,Dp,0.515455,0.515455,29
H1.K14,yearly,2022,Tdiff,rho,0.512595,0.512595,30
H1.K14,yearly,2022,Igc,Ta,0.512387,0.512387,31
H1.K14,yearly,2022,P,rho,-0.508777,0.508777,32
H1.K14,yearly,2022,V,Ah,0.505501,0.505501,33
H1.K14,yearly,2022,P,Ua,-0.485218,0.485218,34
H1.K14,yearly,2022,qv,Ua,-0.482899,0.482899,35
H1.K14,yearly,2022,Tdiff,H,-0.479823,0.479823,36
H1.K14,yearly,2022,P,H,0.476463,0.476463,37
H1.K14,yearly,2022,qv,Igm,0.449468,0.449468,38
H1.K14,yearly,2022,qv,Igc,0.446801,0.446801,39
H1.K14,yearly,2022,Igm,rho,-0.446394,0.446394,40
H1.K14,yearly,2022,Igc,rho,-0.441216,0.441216,41
H1.K14,yearly,2022,V,H,0.435583,0.435583,42
H1.K14,yearly,2022,Dc,Sc,0.425368,0.425368,43
H1.K14,yearly,2022,P,Trl,-0.422478,0.422478,44
H1.K14,yearly,2022,Tdiff,qv,-0.418681,0.418681,45
H1.K14,yearly,2022,Tdiff,Ua,0.39824,0.39824,46
H1.K14,yearly,2022,Trl,W,0.395763,0.395763,47
H1.K14,yearly,2022,W,Ah,0.394379,0.394379,48
H1.K14,yearly,2022,V,rho,-0.39337,0.39337,49
H1.K14,yearly,2022,W,Dp,0.391404,0.391404,50
H1.K14,yearly,2022,H,Ua,-0.388321,0.388321,51
H1.K14,yearly,2022,H,Igm,0.378564,0.378564,52
H1.K14,yearly,2022,H,Igc,0.37573,0.37573,53
H1.K14,yearly,2022,Tvl,Ua,0.373451,0.373451,54
H1.K14,yearly,2022,Tdiff,Igm,-0.367913,0.367913,55
H1.K14,yearly,2022,Tdiff,Igc,-0.365551,0.365551,56
H1.K14,yearly,2022,Trl,V,0.346639,0.346639,57
H1.K14,yearly,2022,Tvl,W,0.342276,0.342276,58
H1.K14,yearly,2022,qv,Ta,0.341746,0.341746,59
H1.K14,yearly,2022,Tdiff,Dp,-0.3376,0.3376,60
H1.K14,yearly,2022,V,Ta,0.331956,0.331956,61
H1.K14,yearly,2022,Tdiff,Ah,-0.316524,0.316524,62
H1.K14,yearly,2022,Tdiff,Trl,0.311492,0.311492,63
H1.K14,yearly,2022,Trl,Ua,0.307883,0.307883,64
H1.K14,yearly,2022,qv,rho,-0.296503,0.296503,65
H1.K14,yearly,2022,P,Dp,0.284015,0.284015,66
H1.K14,yearly,2022,Igm,Sc,0.282528,0.282528,67
H1.K14,yearly,2022,W,H,0.281233,0.281233,68
H1.K14,yearly,2022,Igc,Sc,0.278203,0.278203,69
H1.K14,yearly,2022,Tvl,V,0.276111,0.276111,70
H1.K14,yearly,2022,Tvl,Igm,-0.271317,0.271317,71
H1.K14,yearly,2022,W,qv,-0.269864,0.269864,72
H1.K14,yearly,2022,Tvl,Igc,-0.269438,0.269438,73
H1.K14,yearly,2022,P,Ah,0.261925,0.261925,74
H1.K14,yearly,2022,V,Sc,-0.251711,0.251711,75
H1.K14,yearly,2022,Sc,Ua,-0.250269,0.250269,76
H1.K14,yearly,2022,W,Ua,0.235221,0.235221,77
H1.K14,yearly,2022,W,rho,-0.232318,0.232318,78
H1.K14,yearly,2022,W,Sc,-0.230841,0.230841,79
H1.K14,yearly,2022,qv,H,0.224358,0.224358,80
H1.K14,yearly,2022,Tvl,Ta,-0.204384,0.204384,81
H1.K14,yearly,2022,Trl,Igm,-0.201528,0.201528,82
H1.K14,yearly,2022,Trl,Igc,-0.200067,0.200067,83
H1.K14,yearly,2022,Sc,rho,-0.173429,0.173429,84
H1.K14,yearly,2022,W,Ta,0.16677,0.16677,85
H1.K14,yearly,2022,V,qv,-0.161599,0.161599,86
H1.K14,yearly,2022,Tvl,rho,0.15663,0.15663,87
H1.K14,yearly,2022,Tvl,Sc,-0.14732,0.14732,88
H1.K14,yearly,2022,Dp,Igc,0.143694,0.143694,89
H1.K14,yearly,2022,Dp,Igm,0.14263,0.14263,90
H1.K14,yearly,2022,Tdiff,V,-0.136939,0.136939,91
H1.K14,yearly,2022,Trl,Dp,0.135069,0.135069,92
H1.K14,yearly,2022,Trl,Ah,0.130686,0.130686,93
H1.K14,yearly,2022,Trl,Sc,-0.130043,0.130043,94
H1.K14,yearly,2022,V,Ua,0.122269,0.122269,95
H1.K14,yearly,2022,Sc,Ta,0.121983,0.121983,96
H1.K14,yearly,2022,P,Sc,0.121386,0.121386,97
H1.K14,yearly,2022,Dc,rho,-0.120156,0.120156,98
H1.K14,yearly,2022,Dc,Dp,0.117326,0.117326,99
H1.K14,yearly,2022,Tvl,H,-0.116425,0.116425,100
H1.K14,yearly,2022,Tdiff,Sc,-0.116391,0.116391,101
H1.K14,yearly,2022,Dc,H,0.112106,0.112106,102
H1.K14,yearly,2022,Dc,Ta,0.110176,0.110176,103
H1.K14,yearly,2022,Ah,Igc,0.10724,0.10724,104
H1.K14,yearly,2022,Ah,Igm,0.105413,0.105413,105
H1.K14,yearly,2022,P,V,0.098338,0.098338,106
H1.K14,yearly,2022,Ah,Dc,0.094048,0.094048,107
H1.K14,yearly,2022,W,Dc,-0.085551,0.085551,108
H1.K14,yearly,2022,Trl,Ta,-0.081538,0.081538,109
H1.K14,yearly,2022,W,Igc,-0.079705,0.079705,110
H1.K14,yearly,2022,W,Igm,-0.079591,0.079591,111
H1.K14,yearly,2022,V,Dc,-0.075004,0.075004,112
H1.K14,yearly,2022,qv,Sc,0.073275,0.073275,113
H1.K14,yearly,2022,Ah,Sc,-0.070976,0.070976,114
H1.K14,yearly,2022,Dc,Igm,0.05866,0.05866,115
H1.K14,yearly,2022,Ah,Ua,0.057039,0.057039,116
H1.K14,yearly,2022,Dc,Igc,0.056251,0.056251,117
H1.K14,yearly,2022,Dc,Ua,-0.054794,0.054794,118
H1.K14,yearly,2022,qv,Dc,-0.051559,0.051559,119
H1.K14,yearly,2022,H,Sc,0.048129,0.048129,120
H1.K14,yearly,2022,Tdiff,W,-0.045114,0.045114,121
H1.K14,yearly,2022,Dp,Sc,-0.038425,0.038425,122
H1.K14,yearly,2022,Tvl,Ah,0.03725,0.03725,123
H1.K14,yearly,2022,Tvl,Dp,0.035941,0.035941,124
H1.K14,yearly,2022,Tdiff,Dc,-0.0345,0.0345,125
H1.K14,yearly,2022,P,Dc,0.033754,0.033754,126
H1.K14,yearly,2022,Trl,rho,0.031272,0.031272,127
H1.K14,yearly,2022,qv,Dp,0.026073,0.026073,128
H1.K14,yearly,2022,V,Igm,0.022775,0.022775,129
H1.K14,yearly,2022,V,Igc,0.02267,0.02267,130
H1.K14,yearly,2022,Tvl,Dc,-0.015622,0.015622,131
H1.K14,yearly,2022,qv,Ah,0.008785,0.008785,132
H1.K14,yearly,2022,Trl,Dc,-0.006546,0.006546,133
H1.K14,yearly,2022,Trl,H,0.004046,0.004046,134
H1.K14,yearly,2022,Dp,Ua,0.003813,0.003813,135
H1.K14,yearly,2022,P,W,0.002299,0.002299,136
H1.K14,yearly,2023,Igc,Igm,0.999076,0.999076,1
H1.K14,yearly,2023,Ah,Dp,0.978028,0.978028,2
H1.K14,yearly,2023,V,W,0.970353,0.970353,3
H1.K14,yearly,2023,Trl,Tvl,0.965035,0.965035,4
H1.K14,yearly,2023,H,Ta,0.948166,0.948166,5
H1.K14,yearly,2023,Ta,rho,-0.943444,0.943444,6
H1.K14,yearly,2023,Dp,H,0.941159,0.941159,7
H1.K14,yearly,2023,Ah,H,0.92545,0.92545,8
H1.K14,yearly,2023,H,rho,-0.924199,0.924199,9
H1.K14,yearly,2023,Trl,qv,-0.890525,0.890525,10
H1.K14,yearly,2023,Tvl,qv,-0.829923,0.829923,11
H1.K14,yearly,2023,Dp,rho,-0.828248,0.828248,12
H1.K14,yearly,2023,Dp,Ta,0.80791,0.80791,13
H1.K14,yearly,2023,Ah,rho,-0.77315,0.77315,14
H1.K14,yearly,2023,Ah,Ta,0.757801,0.757801,15
H1.K14,yearly,2023,W,qv,0.729705,0.729705,16
H1.K14,yearly,2023,V,qv,0.689337,0.689337,17
H1.K14,yearly,2023,Trl,W,-0.658387,0.658387,18
H1.K14,yearly,2023,P,Ta,0.652694,0.652694,19
H1.K14,yearly,2023,Igm,Ua,-0.628264,0.628264,20
H1.K14,yearly,2023,Igc,Ua,-0.619241,0.619241,21
H1.K14,yearly,2023,Trl,V,-0.604046,0.604046,22
H1.K14,yearly,2023,Tvl,W,-0.588435,0.588435,23
H1.K14,yearly,2023,P,H,0.579766,0.579766,24
H1.K14,yearly,2023,P,rho,-0.569335,0.569335,25
H1.K14,yearly,2023,Ta,Ua,-0.561855,0.561855,26
H1.K14,yearly,2023,Tvl,H,-0.529764,0.529764,27
H1.K14,yearly,2023,Tvl,V,-0.526773,0.526773,28
H1.K14,yearly,2023,P,Ua,-0.520098,0.520098,29
H1.K14,yearly,2023,Tvl,rho,0.517195,0.517195,30
H1.K14,yearly,2023,Tvl,Dp,-0.512713,0.512713,31
H1.K14,yearly,2023,Tvl,Ta,-0.505326,0.505326,32
H1.K14,yearly,2023,Igm,Ta,0.501012,0.501012,33
H1.K14,yearly,2023,Igc,Ta,0.495641,0.495641,34
H1.K14,yearly,2023,Tvl,Ah,-0.490459,0.490459,35
H1.K14,yearly,2023,P,Igm,0.481789,0.481789,36
H1.K14,yearly,2023,P,Igc,0.477116,0.477116,37
H1.K14,yearly,2023,Trl,Dp,-0.463516,0.463516,38
H1.K14,yearly,2023,Trl,H,-0.451199,0.451199,39
H1.K14,yearly,2023,Trl,Ah,-0.446854,0.446854,40
H1.K14,yearly,2023,Trl,rho,0.442926,0.442926,41
H1.K14,yearly,2023,P,Tdiff,-0.440937,0.440937,42
H1.K14,yearly,2023,Ua,rho,0.438973,0.438973,43
H1.K14,yearly,2023,Dc,Sc,0.415874,0.415874,44
H1.K14,yearly,2023,P,Dp,0.409077,0.409077,45
H1.K14,yearly,2023,qv,Dp,0.406922,0.406922,46
H1.K14,yearly,2023,Trl,Ta,-0.406705,0.406705,47
H1.K14,yearly,2023,qv,rho,-0.404449,0.404449,48
H1.K14,yearly,2023,Igm,rho,-0.404063,0.404063,49
H1.K14,yearly,2023,P,Ah,0.403404,0.403404,50
H1.K14,yearly,2023,Igc,rho,-0.399131,0.399131,51
H1.K14,yearly,2023,qv,H,0.398583,0.398583,52
H1.K14,yearly,2023,P,Tvl,-0.390027,0.390027,53
H1.K14,yearly,2023,qv,Ah,0.385587,0.385587,54
H1.K14,yearly,2023,W,Dp,0.376402,0.376402,55
H1.K14,yearly,2023,W,Ah,0.37385,0.37385,56
H1.K14,yearly,2023,Tdiff,Ua,0.367426,0.367426,57
H1.K14,yearly,2023,qv,Ta,0.365511,0.365511,58
H1.K14,yearly,2023,H,Igm,0.352129,0.352129,59
H1.K14,yearly,2023,Tdiff,V,0.350167,0.350167,60
H1.K14,yearly,2023,H,Igc,0.349482,0.349482,61
H1.K14,yearly,2023,Tdiff,Igm,-0.339239,0.339239,62
H1.K14,yearly,2023,Tdiff,Igc,-0.33555,0.33555,63
H1.K14,yearly,2023,Tdiff,Ta,-0.329253,0.329253,64
H1.K14,yearly,2023,Tdiff,W,0.327966,0.327966,65
H1.K14,yearly,2023,Tdiff,qv,0.325078,0.325078,66
H1.K14,yearly,2023,P,qv,0.297304,0.297304,67
H1.K14,yearly,2023,W,H,0.295997,0.295997,68
H1.K14,yearly,2023,H,Ua,-0.295355,0.295355,69
H1.K14,yearly,2023,W,rho,-0.26881,0.26881,70
H1.K14,yearly,2023,P,Trl,-0.264938,0.264938,71
H1.K14,yearly,2023,V,Ua,0.254338,0.254338,72
H1.K14,yearly,2023,Tdiff,H,-0.249124,0.249124,73
H1.K14,yearly,2023,Sc,Ua,-0.240099,0.240099,74
H1.K14,yearly,2023,Tdiff,Trl,-0.239942,0.239942,75
H1.K14,yearly,2023,Igm,Sc,0.239085,0.239085,76
H1.K14,yearly,2023,Igc,Sc,0.2354,0.2354,77
H1.K14,yearly,2023,Tdiff,rho,0.234561,0.234561,78
H1.K14,yearly,2023,V,Dp,0.227027,0.227027,79
H1.K14,yearly,2023,V,Ah,0.219124,0.219124,80
H1.K14,yearly,2023,W,Ua,0.209657,0.209657,81
H1.K14,yearly,2023,W,Ta,0.197312,0.197312,82
H1.K14,yearly,2023,Tvl,Igm,-0.187529,0.187529,83
H1.K14,yearly,2023,Tvl,Igc,-0.186789,0.186789,84
H1.K14,yearly,2023,Dp,Igc,0.151924,0.151924,85
H1.K14,yearly,2023,Dp,Igm,0.151301,0.151301,86
H1.K14,yearly,2023,Trl,Sc,0.142509,0.142509,87
H1.K14,yearly,2023,Tdiff,Dp,-0.13812,0.13812,88
H1.K14,yearly,2023,V,H,0.134932,0.134932,89
H1.K14,yearly,2023,Sc,rho,-0.134426,0.134426,90
H1.K14,yearly,2023,Ah,Sc,-0.134369,0.134369,91
H1.K14,yearly,2023,Tvl,Sc,0.133226,0.133226,92
H1.K14,yearly,2023,V,rho,-0.132452,0.132452,93
H1.K14,yearly,2023,Tvl,Ua,0.130076,0.130076,94
H1.K14,yearly,2023,V,Igc,-0.124961,0.124961,95
H1.K14,yearly,2023,V,Igm,-0.124602,0.124602,96
H1.K14,yearly,2023,Ah,Igc,0.122984,0.122984,97
H1.K14,yearly,2023,Ah,Igm,0.12185,0.12185,98
H1.K14,yearly,2023,Tdiff,Ah,-0.118114,0.118114,99
H1.K14,yearly,2023,Trl,Igc,-0.093855,0.093855,100
H1.K14,yearly,2023,Trl,Igm,-0.09361,0.09361,101
H1.K14,yearly,2023,Dp,Sc,-0.086909,0.086909,102
H1.K14,yearly,2023,qv,Sc,-0.084824,0.084824,103
H1.K14,yearly,2023,qv,Igm,0.080099,0.080099,104
H1.K14,yearly,2023,qv,Igc,0.079381,0.079381,105
H1.K14,yearly,2023,W,Igc,-0.073034,0.073034,106
H1.K14,yearly,2023,W,Igm,-0.072664,0.072664,107
H1.K14,yearly,2023,Ah,Ua,0.07073,0.07073,108
H1.K14,yearly,2023,Sc,Ta,0.057457,0.057457,109
H1.K14,yearly,2023,V,Dc,0.056291,0.056291,110
H1.K14,yearly,2023,W,Sc,-0.055383,0.055383,111
H1.K14,yearly,2023,P,V,-0.054418,0.054418,112
H1.K14,yearly,2023,Trl,Dc,0.050248,0.050248,113
H1.K14,yearly,2023,V,Ta,0.049573,0.049573,114
H1.K14,yearly,2023,Tdiff,Sc,-0.049115,0.049115,115
H1.K14,yearly,2023,Dc,rho,-0.048647,0.048647,116
H1.K14,yearly,2023,Tvl,Dc,0.044893,0.044893,117
H1.K14,yearly,2023,W,Dc,0.034592,0.034592,118
H1.K14,yearly,2023,P,W,0.032814,0.032814,119
H1.K14,yearly,2023,Trl,Ua,0.031368,0.031368,120
H1.K14,yearly,2023,qv,Ua,-0.031124,0.031124,121
H1.K14,yearly,2023,H,Sc,-0.030548,0.030548,122
H1.K14,yearly,2023,Dc,Igc,-0.022453,0.022453,123
H1.K14,yearly,2023,Tdiff,Dc,-0.021875,0.021875,124
H1.K14,yearly,2023,Dp,Ua,0.021533,0.021533,125
H1.K14,yearly,2023,Dc,Igm,-0.019051,0.019051,126
H1.K14,yearly,2023,Tdiff,Tvl,0.018771,0.018771,127
H1.K14,yearly,2023,qv,Dc,-0.016618,0.016618,128
H1.K14,yearly,2023,P,Sc,0.01478,0.01478,129
H1.K14,yearly,2023,Dc,Dp,0.012539,0.012539,130
H1.K14,yearly,2023,Ah,Dc,-0.007114,0.007114,131
H1.K14,yearly,2023,Dc,H,-0.006075,0.006075,132
H1.K14,yearly,2023,Dc,Ta,-0.005251,0.005251,133
H1.K14,yearly,2023,Dc,Ua,0.003068,0.003068,134
H1.K14,yearly,2023,P,Dc,-0.001157,0.001157,135
H1.K14,yearly,2023,V,Sc,-0.000654,0.000654,136
H1.K15,yearly,2018,Igc,Igm,0.999171,0.999171,1
H1.K15,yearly,2018,V,W,0.971692,0.971692,2
H1.K15,yearly,2018,Ah,Dp,0.96932,0.96932,3
H1.K15,yearly,2018,Ta,rho,-0.966631,0.966631,4
H1.K15,yearly,2018,H,Ta,0.959319,0.959319,5
H1.K15,yearly,2018,H,rho,-0.941897,0.941897,6
H1.K15,yearly,2018,Dp,H,0.925419,0.925419,7
H1.K15,yearly,2018,Ah,H,0.915519,0.915519,8
H1.K15,yearly,2018,P,qv,0.822253,0.822253,9
H1.K15,yearly,2018,Tdiff,Tvl,0.817897,0.817897,10
H1.K15,yearly,2018,Dp,rho,-0.814303,0.814303,11
H1.K15,yearly,2018,Dp,Ta,0.808386,0.808386,12
H1.K15,yearly,2018,Ah,rho,-0.770833,0.770833,13
H1.K15,yearly,2018,Ah,Ta,0.765441,0.765441,14
H1.K15,yearly,2018,Tdiff,Trl,-0.763653,0.763653,15
H1.K15,yearly,2018,Trl,W,0.748083,0.748083,16
H1.K15,yearly,2018,Trl,V,0.710268,0.710268,17
H1.K15,yearly,2018,P,Tvl,-0.638457,0.638457,18
H1.K15,yearly,2018,W,qv,-0.626786,0.626786,19
H1.K15,yearly,2018,Igm,Ua,-0.624524,0.624524,20
H1.K15,yearly,2018,Igc,Ua,-0.615457,0.615457,21
H1.K15,yearly,2018,Tdiff,W,-0.602444,0.602444,22
H1.K15,yearly,2018,Ta,Ua,-0.593472,0.593472,23
H1.K15,yearly,2018,V,qv,-0.592243,0.592243,24
H1.K15,yearly,2018,Tdiff,V,-0.590086,0.590086,25
H1.K15,yearly,2018,Igm,Ta,0.538315,0.538315,26
H1.K15,yearly,2018,Ua,rho,0.533642,0.533642,27
H1.K15,yearly,2018,Igc,Ta,0.533294,0.533294,28
H1.K15,yearly,2018,Igm,rho,-0.489496,0.489496,29
H1.K15,yearly,2018,Tvl,qv,-0.484855,0.484855,30
H1.K15,yearly,2018,Igc,rho,-0.484774,0.484774,31
H1.K15,yearly,2018,H,Igm,0.419252,0.419252,32
H1.K15,yearly,2018,H,Igc,0.41707,0.41707,33
H1.K15,yearly,2018,P,W,-0.384128,0.384128,34
H1.K15,yearly,2018,H,Ua,-0.377658,0.377658,35
H1.K15,yearly,2018,Trl,qv,-0.361735,0.361735,36
H1.K15,yearly,2018,P,Tdiff,-0.358286,0.358286,37
H1.K15,yearly,2018,P,V,-0.355491,0.355491,38
H1.K15,yearly,2018,Dc,Sc,0.343783,0.343783,39
H1.K15,yearly,2018,Igm,Sc,0.313819,0.313819,40
H1.K15,yearly,2018,Sc,Ua,-0.312832,0.312832,41
H1.K15,yearly,2018,Igc,Sc,0.309467,0.309467,42
H1.K15,yearly,2018,Trl,Tvl,-0.289658,0.289658,43
H1.K15,yearly,2018,V,Dp,0.282701,0.282701,44
H1.K15,yearly,2018,V,Ah,0.266172,0.266172,45
H1.K15,yearly,2018,V,H,0.264344,0.264344,46
H1.K15,yearly,2018,V,Ta,0.242194,0.242194,47
H1.K15,yearly,2018,Tvl,V,-0.219534,0.219534,48
H1.K15,yearly,2018,Dc,Dp,0.212072,0.212072,49
H1.K15,yearly,2018,Dp,Igc,0.205473,0.205473,50
H1.K15,yearly,2018,Dp,Igm,0.204109,0.204109,51
H1.K15,yearly,2018,Trl,Igm,-0.2014,0.2014,52
H1.K15,yearly,2018,Trl,Igc,-0.201071,0.201071,53
H1.K15,yearly,2018,Tvl,W,-0.197615,0.197615,54
H1.K15,yearly,2018,Dc,rho,-0.18665,0.18665,55
H1.K15,yearly,2018,Ah,Igc,0.18527,0.18527,56
H1.K15,yearly,2018,Ah,Igm,0.182997,0.182997,57
H1.K15,yearly,2018,Dc,Ta,0.176572,0.176572,58
H1.K15,yearly,2018,Dc,H,0.175893,0.175893,59
H1.K15,yearly,2018,Trl,Ua,0.168801,0.168801,60
H1.K15,yearly,2018,V,rho,-0.166988,0.166988,61
H1.K15,yearly,2018,Ah,Sc,-0.16197,0.16197,62
H1.K15,yearly,2018,qv,Igm,0.157231,0.157231,63
H1.K15,yearly,2018,Ah,Dc,0.156832,0.156832,64
H1.K15,yearly,2018,qv,Igc,0.155387,0.155387,65
H1.K15,yearly,2018,P,Ua,-0.144576,0.144576,66
H1.K15,yearly,2018,Dp,Sc,-0.143094,0.143094,67
H1.K15,yearly,2018,Tvl,Dp,-0.140033,0.140033,68
H1.K15,yearly,2018,W,Dp,0.134793,0.134793,69
H1.K15,yearly,2018,Tvl,H,-0.134565,0.134565,70
H1.K15,yearly,2018,Tvl,Ta,-0.131203,0.131203,71
H1.K15,yearly,2018,V,Sc,-0.12862,0.12862,72
H1.K15,yearly,2018,qv,Sc,0.124283,0.124283,73
H1.K15,yearly,2018,P,Ta,0.122818,0.122818,74
H1.K15,yearly,2018,Tvl,Ah,-0.121453,0.121453,75
H1.K15,yearly,2018,Tdiff,Igm,0.11888,0.11888,76
H1.K15,yearly,2018,Tdiff,Igc,0.118842,0.118842,77
H1.K15,yearly,2018,Tdiff,Dp,-0.118477,0.118477,78
H1.K15,yearly,2018,W,Sc,-0.111938,0.111938,79
H1.K15,yearly,2018,W,Ah,0.111608,0.111608,80
H1.K15,yearly,2018,Tdiff,Ua,-0.106034,0.106034,81
H1.K15,yearly,2018,qv,Ua,-0.105495,0.105495,82
H1.K15,yearly,2018,P,rho,-0.104211,0.104211,83
H1.K15,yearly,2018,P,Igm,0.103603,0.103603,84
H1.K15,yearly,2018,P,Sc,0.102397,0.102397,85
H1.K15,yearly,2018,P,Igc,0.10225,0.10225,86
H1.K15,yearly,2018,Sc,rho,-0.098609,0.098609,87
H1.K15,yearly,2018,qv,Ta,0.096369,0.096369,88
H1.K15,yearly,2018,W,H,0.09115,0.09115,89
H1.K15,yearly,2018,P,H,0.088049,0.088049,90
H1.K15,yearly,2018,Tdiff,Ah,-0.087164,0.087164,91
H1.K15,yearly,2018,Trl,Sc,-0.084628,0.084628,92
H1.K15,yearly,2018,qv,rho,-0.084217,0.084217,93
H1.K15,yearly,2018,Trl,rho,0.08084,0.08084,94
H1.K15,yearly,2018,qv,H,0.079775,0.079775,95
H1.K15,yearly,2018,Dc,Igm,0.076061,0.076061,96
H1.K15,yearly,2018,Dc,Igc,0.0745,0.0745,97
H1.K15,yearly,2018,W,Ta,0.073966,0.073966,98
H1.K15,yearly,2018,W,Igm,-0.067307,0.067307,99
H1.K15,yearly,2018,W,Igc,-0.067218,0.067218,100
H1.K15,yearly,2018,Tdiff,Sc,0.06602,0.06602,101
H1.K15,yearly,2018,Tdiff,H,-0.064004,0.064004,102
H1.K15,yearly,2018,P,Dc,0.063765,0.063765,103
H1.K15,yearly,2018,W,Ua,0.062724,0.062724,104
H1.K15,yearly,2018,Trl,Dp,0.061407,0.061407,105
H1.K15,yearly,2018,Tvl,rho,0.060008,0.060008,106
H1.K15,yearly,2018,Sc,Ta,0.058441,0.058441,107
H1.K15,yearly,2018,qv,Dc,0.057537,0.057537,108
H1.K15,yearly,2018,Tdiff,qv,-0.055151,0.055151,109
H1.K15,yearly,2018,Tdiff,Ta,-0.046327,0.046327,110
H1.K15,yearly,2018,Trl,Ta,-0.043578,0.043578,111
H1.K15,yearly,2018,P,Trl,-0.038423,0.038423,112
H1.K15,yearly,2018,qv,Ah,0.034576,0.034576,113
H1.K15,yearly,2018,H,Sc,-0.032065,0.032065,114
H1.K15,yearly,2018,Trl,Ah,0.028934,0.028934,115
H1.K15,yearly,2018,qv,Dp,0.025273,0.025273,116
H1.K15,yearly,2018,V,Ua,-0.024049,0.024049,117
H1.K15,yearly,2018,Tvl,Dc,-0.023932,0.023932,118
H1.K15,yearly,2018,Tvl,Sc,0.023136,0.023136,119
H1.K15,yearly,2018,P,Dp,0.022319,0.022319,120
H1.K15,yearly,2018,Dp,Ua,-0.021671,0.021671,121
H1.K15,yearly,2018,Tdiff,rho,-0.021201,0.021201,122
H1.K15,yearly,2018,Trl,H,-0.018908,0.018908,123
H1.K15,yearly,2018,V,Dc,0.0185,0.0185,124
H1.K15,yearly,2018,Dc,Ua,-0.018222,0.018222,125
H1.K15,yearly,2018,P,Ah,0.017519,0.017519,126
H1.K15,yearly,2018,Tvl,Igm,-0.017495,0.017495,127
H1.K15,yearly,2018,Tvl,Igc,-0.017129,0.017129,128
H1.K15,yearly,2018,V,Igc,0.01205,0.01205,129
H1.K15,yearly,2018,V,Igm,0.011995,0.011995,130
H1.K15,yearly,2018,W,rho,-0.009181,0.009181,131
H1.K15,yearly,2018,Trl,Dc,-0.008607,0.008607,132
H1.K15,yearly,2018,W,Dc,-0.006776,0.006776,133
H1.K15,yearly,2018,Tdiff,Dc,-0.005385,0.005385,134
H1.K15,yearly,2018,Tvl,Ua,0.005264,0.005264,135
H1.K15,yearly,2018,Ah,Ua,-0.004135,0.004135,136
H1.K15,yearly,2019,Igc,Igm,0.999227,0.999227,1
H1.K15,yearly,2019,V,W,0.999047,0.999047,2
H1.K15,yearly,2019,Ah,Dp,0.982017,0.982017,3
H1.K15,yearly,2019,H,Ta,0.946742,0.946742,4
H1.K15,yearly,2019,Ta,rho,-0.941822,0.941822,5
H1.K15,yearly,2019,H,rho,-0.928951,0.928951,6
H1.K15,yearly,2019,Dp,H,0.926717,0.926717,7
H1.K15,yearly,2019,Ah,H,0.909866,0.909866,8
H1.K15,yearly,2019,P,qv,0.884427,0.884427,9
H1.K15,yearly,2019,Dp,rho,-0.811417,0.811417,10
H1.K15,yearly,2019,Dp,Ta,0.773904,0.773904,11
H1.K15,yearly,2019,Ah,rho,-0.762449,0.762449,12
H1.K15,yearly,2019,Tdiff,Tvl,0.75343,0.75343,13
H1.K15,yearly,2019,Ah,Ta,0.728501,0.728501,14
H1.K15,yearly,2019,P,Ta,0.697588,0.697588,15
H1.K15,yearly,2019,Igm,Ua,-0.645785,0.645785,16
H1.K15,yearly,2019,P,Tvl,-0.642504,0.642504,17
H1.K15,yearly,2019,P,H,0.639295,0.639295,18
H1.K15,yearly,2019,Igc,Ua,-0.636499,0.636499,19
H1.K15,yearly,2019,P,rho,-0.622095,0.622095,20
H1.K15,yearly,2019,Ta,Ua,-0.614788,0.614788,21
H1.K15,yearly,2019,qv,Ta,0.60622,0.60622,22
H1.K15,yearly,2019,qv,H,0.541736,0.541736,23
H1.K15,yearly,2019,Tdiff,rho,0.538804,0.538804,24
H1.K15,yearly,2019,Igm,Ta,0.538483,0.538483,25
H1.K15,yearly,2019,Tdiff,H,-0.53587,0.53587,26
H1.K15,yearly,2019,Igc,Ta,0.532929,0.532929,27
H1.K15,yearly,2019,Tvl,Ta,-0.532515,0.532515,28
H1.K15,yearly,2019,qv,rho,-0.527376,0.527376,29
H1.K15,yearly,2019,Tdiff,Ta,-0.526489,0.526489,30
H1.K15,yearly,2019,Tvl,rho,0.523943,0.523943,31
H1.K15,yearly,2019,Tdiff,Trl,-0.520551,0.520551,32
H1.K15,yearly,2019,P,Ua,-0.51706,0.51706,33
H1.K15,yearly,2019,Tvl,H,-0.514296,0.514296,34
H1.K15,yearly,2019,Dc,Sc,0.48533,0.48533,35
H1.K15,yearly,2019,qv,Ua,-0.482366,0.482366,36
H1.K15,yearly,2019,Ua,rho,0.47409,0.47409,37
H1.K15,yearly,2019,Tdiff,Dp,-0.466479,0.466479,38
H1.K15,yearly,2019,P,Igm,0.461797,0.461797,39
H1.K15,yearly,2019,Tdiff,Ah,-0.458468,0.458468,40
H1.K15,yearly,2019,P,Igc,0.456473,0.456473,41
H1.K15,yearly,2019,P,Ah,0.447661,0.447661,42
H1.K15,yearly,2019,P,Dp,0.445656,0.445656,43
H1.K15,yearly,2019,Igm,rho,-0.439571,0.439571,44
H1.K15,yearly,2019,Igc,rho,-0.434516,0.434516,45
H1.K15,yearly,2019,Trl,V,0.416705,0.416705,46
H1.K15,yearly,2019,Tvl,qv,-0.413913,0.413913,47
H1.K15,yearly,2019,Trl,W,0.408274,0.408274,48
H1.K15,yearly,2019,qv,Igm,0.405015,0.405015,49
H1.K15,yearly,2019,qv,Igc,0.400316,0.400316,50
H1.K15,yearly,2019,Tvl,Ah,-0.397864,0.397864,51
H1.K15,yearly,2019,Tvl,Dp,-0.393695,0.393695,52
H1.K15,yearly,2019,H,Igm,0.385288,0.385288,53
H1.K15,yearly,2019,H,Igc,0.382804,0.382804,54
H1.K15,yearly,2019,P,Tdiff,-0.36065,0.36065,55
H1.K15,yearly,2019,qv,Ah,0.359094,0.359094,56
H1.K15,yearly,2019,Trl,qv,-0.357398,0.357398,57
H1.K15,yearly,2019,qv,Dp,0.351758,0.351758,58
H1.K15,yearly,2019,Tvl,Ua,0.350904,0.350904,59
H1.K15,yearly,2019,H,Ua,-0.349449,0.349449,60
H1.K15,yearly,2019,V,Dp,0.342771,0.342771,61
H1.K15,yearly,2019,W,Dp,0.326677,0.326677,62
H1.K15,yearly,2019,Tvl,Igm,-0.326259,0.326259,63
H1.K15,yearly,2019,V,Ah,0.323153,0.323153,64
H1.K15,yearly,2019,Tvl,Igc,-0.322381,0.322381,65
H1.K15,yearly,2019,W,Ah,0.308831,0.308831,66
H1.K15,yearly,2019,Igm,Sc,0.296984,0.296984,67
H1.K15,yearly,2019,P,Trl,-0.293889,0.293889,68
H1.K15,yearly,2019,Igc,Sc,0.292833,0.292833,69
H1.K15,yearly,2019,Sc,Ua,-0.272901,0.272901,70
H1.K15,yearly,2019,Tdiff,Igm,-0.252714,0.252714,71
H1.K15,yearly,2019,Tdiff,Ua,0.250414,0.250414,72
H1.K15,yearly,2019,Tdiff,Igc,-0.249198,0.249198,73
H1.K15,yearly,2019,W,Ua,0.23967,0.23967,74
H1.K15,yearly,2019,V,H,0.236336,0.236336,75
H1.K15,yearly,2019,V,Ua,0.228648,0.228648,76
H1.K15,yearly,2019,W,H,0.21804,0.21804,77
H1.K15,yearly,2019,Tdiff,V,-0.194552,0.194552,78
H1.K15,yearly,2019,V,rho,-0.192386,0.192386,79
H1.K15,yearly,2019,Sc,rho,-0.186921,0.186921,80
H1.K15,yearly,2019,W,Sc,-0.184719,0.184719,81
H1.K15,yearly,2019,V,Sc,-0.184286,0.184286,82
H1.K15,yearly,2019,Trl,Dp,0.180258,0.180258,83
H1.K15,yearly,2019,Tdiff,W,-0.180255,0.180255,84
H1.K15,yearly,2019,W,rho,-0.173214,0.173214,85
H1.K15,yearly,2019,Trl,Sc,-0.168914,0.168914,86
H1.K15,yearly,2019,Trl,Ah,0.164271,0.164271,87
H1.K15,yearly,2019,Dp,Igc,0.163095,0.163095,88
H1.K15,yearly,2019,Dp,Igm,0.161794,0.161794,89
H1.K15,yearly,2019,Trl,Tvl,0.15565,0.15565,90
H1.K15,yearly,2019,Tvl,Sc,-0.145333,0.145333,91
H1.K15,yearly,2019,V,Ta,0.14369,0.14369,92
H1.K15,yearly,2019,Trl,H,0.129174,0.129174,93
H1.K15,yearly,2019,Ah,Igc,0.125997,0.125997,94
H1.K15,yearly,2019,W,Ta,0.124338,0.124338,95
H1.K15,yearly,2019,Ah,Igm,0.124003,0.124003,96
H1.K15,yearly,2019,Tdiff,qv,-0.121362,0.121362,97
H1.K15,yearly,2019,Trl,rho,-0.121051,0.121051,98
H1.K15,yearly,2019,Sc,Ta,0.11817,0.11817,99
H1.K15,yearly,2019,Tvl,W,0.1042,0.1042,100
H1.K15,yearly,2019,W,Igc,-0.099616,0.099616,101
H1.K15,yearly,2019,W,Igm,-0.099557,0.099557,102
H1.K15,yearly,2019,Trl,Dc,-0.099106,0.099106,103
H1.K15,yearly,2019,Ah,Sc,-0.097108,0.097108,104
H1.K15,yearly,2019,Tvl,V,0.094431,0.094431,105
H1.K15,yearly,2019,Trl,Ta,0.091905,0.091905,106
H1.K15,yearly,2019,V,Igc,-0.089456,0.089456,107
H1.K15,yearly,2019,V,Igm,-0.089396,0.089396,108
H1.K15,yearly,2019,Trl,Ua,0.080238,0.080238,109
H1.K15,yearly,2019,Dc,rho,-0.079576,0.079576,110
H1.K15,yearly,2019,V,Dc,-0.067048,0.067048,111
H1.K15,yearly,2019,W,Dc,-0.064458,0.064458,112
H1.K15,yearly,2019,Tvl,Dc,-0.063658,0.063658,113
H1.K15,yearly,2019,P,Sc,0.058866,0.058866,114
H1.K15,yearly,2019,Dc,Ta,0.054758,0.054758,115
H1.K15,yearly,2019,Dc,Igm,0.054162,0.054162,116
H1.K15,yearly,2019,Dp,Sc,-0.054154,0.054154,117
H1.K15,yearly,2019,Ah,Ua,0.053409,0.053409,118
H1.K15,yearly,2019,Dc,Dp,0.052682,0.052682,119
H1.K15,yearly,2019,Dc,Igc,0.051992,0.051992,120
H1.K15,yearly,2019,Dc,Ua,-0.05088,0.05088,121
H1.K15,yearly,2019,Trl,Igc,-0.046191,0.046191,122
H1.K15,yearly,2019,Trl,Igm,-0.045935,0.045935,123
H1.K15,yearly,2019,Dc,H,0.043702,0.043702,124
H1.K15,yearly,2019,P,V,0.04129,0.04129,125
H1.K15,yearly,2019,P,W,0.032264,0.032264,126
H1.K15,yearly,2019,qv,Sc,0.03062,0.03062,127
H1.K15,yearly,2019,H,Sc,0.027132,0.027132,128
H1.K15,yearly,2019,Ah,Dc,0.02434,0.02434,129
H1.K15,yearly,2019,Tdiff,Sc,-0.0155,0.0155,130
H1.K15,yearly,2019,Tdiff,Dc,0.010965,0.010965,131
H1.K15,yearly,2019,V,qv,0.009704,0.009704,132
H1.K15,yearly,2019,Dp,Ua,0.006579,0.006579,133
H1.K15,yearly,2019,P,Dc,0.004481,0.004481,134
H1.K15,yearly,2019,W,qv,0.00259,0.00259,135
H1.K15,yearly,2019,qv,Dc,0.001222,0.001222,136
H1.K15,yearly,2020,V,W,0.999529,0.999529,1
H1.K15,yearly,2020,Igc,Igm,0.999193,0.999193,2
H1.K15,yearly,2020,Ah,Dp,0.977155,0.977155,3
H1.K15,yearly,2020,Ta,rho,-0.945224,0.945224,4
H1.K15,yearly,2020,H,Ta,0.938979,0.938979,5
H1.K15,yearly,2020,H,rho,-0.923633,0.923633,6
H1.K15,yearly,2020,Dp,H,0.900835,0.900835,7
H1.K15,yearly,2020,Ah,H,0.891492,0.891492,8
H1.K15,yearly,2020,P,qv,0.84219,0.84219,9
H1.K15,yearly,2020,Dp,rho,-0.756824,0.756824,10
H1.K15,yearly,2020,Dp,Ta,0.718312,0.718312,11
H1.K15,yearly,2020,Ah,rho,-0.717632,0.717632,12
H1.K15,yearly,2020,Tdiff,Tvl,0.711602,0.711602,13
H1.K15,yearly,2020,P,Ta,0.703943,0.703943,14
H1.K15,yearly,2020,Ah,Ta,0.681928,0.681928,15
H1.K15,yearly,2020,P,H,0.669951,0.669951,16
H1.K15,yearly,2020,qv,Ta,0.642557,0.642557,17
H1.K15,yearly,2020,P,rho,-0.636661,0.636661,18
H1.K15,yearly,2020,Ta,Ua,-0.62985,0.62985,19
H1.K15,yearly,2020,Igm,Ua,-0.621652,0.621652,20
H1.K15,yearly,2020,qv,H,0.613732,0.613732,21
H1.K15,yearly,2020,Igc,Ua,-0.613041,0.613041,22
H1.K15,yearly,2020,qv,rho,-0.581909,0.581909,23
H1.K15,yearly,2020,Trl,Tvl,0.558518,0.558518,24
H1.K15,yearly,2020,Ua,rho,0.510223,0.510223,25
H1.K15,yearly,2020,Igm,Ta,0.499238,0.499238,26
H1.K15,yearly,2020,Igc,Ta,0.493467,0.493467,27
H1.K15,yearly,2020,P,Ah,0.488084,0.488084,28
H1.K15,yearly,2020,P,Dp,0.481884,0.481884,29
H1.K15,yearly,2020,P,Ua,-0.456228,0.456228,30
H1.K15,yearly,2020,qv,Ah,0.450134,0.450134,31
H1.K15,yearly,2020,qv,Dp,0.444314,0.444314,32
H1.K15,yearly,2020,P,Igm,0.428566,0.428566,33
H1.K15,yearly,2020,P,Tvl,-0.424895,0.424895,34
H1.K15,yearly,2020,P,Igc,0.42413,0.42413,35
H1.K15,yearly,2020,Igm,rho,-0.412373,0.412373,36
H1.K15,yearly,2020,Igc,rho,-0.407199,0.407199,37
H1.K15,yearly,2020,qv,Ua,-0.407082,0.407082,38
H1.K15,yearly,2020,Dc,Sc,0.40669,0.40669,39
H1.K15,yearly,2020,Tdiff,rho,0.402654,0.402654,40
H1.K15,yearly,2020,Tdiff,Ta,-0.401739,0.401739,41
H1.K15,yearly,2020,Tdiff,H,-0.377812,0.377812,42
H1.K15,yearly,2020,Tvl,W,-0.37201,0.37201,43
H1.K15,yearly,2020,Tvl,V,-0.369785,0.369785,44
H1.K15,yearly,2020,qv,Igm,0.366657,0.366657,45
H1.K15,yearly,2020,qv,Igc,0.362631,0.362631,46
H1.K15,yearly,2020,P,Trl,-0.352357,0.352357,47
H1.K15,yearly,2020,Tvl,H,-0.346565,0.346565,48
H1.K15,yearly,2020,H,Ua,-0.346098,0.346098,49
H1.K15,yearly,2020,Tvl,rho,0.340523,0.340523,50
H1.K15,yearly,2020,Tvl,Dp,-0.335082,0.335082,51
H1.K15,yearly,2020,Trl,W,-0.334427,0.334427,52
H1.K15,yearly,2020,Trl,V,-0.3325,0.3325,53
H1.K15,yearly,2020,H,Igm,0.331536,0.331536,54
H1.K15,yearly,2020,H,Igc,0.328922,0.328922,55
H1.K15,yearly,2020,Tvl,Ah,-0.320234,0.320234,56
H1.K15,yearly,2020,Tvl,Ta,-0.318377,0.318377,57
H1.K15,yearly,2020,Igm,Sc,0.315729,0.315729,58
H1.K15,yearly,2020,Igc,Sc,0.31166,0.31166,59
H1.K15,yearly,2020,Sc,Ua,-0.310939,0.310939,60
H1.K15,yearly,2020,Tdiff,Dp,-0.304211,0.304211,61
H1.K15,yearly,2020,W,Dp,0.296455,0.296455,62
H1.K15,yearly,2020,V,Dp,0.292514,0.292514,63
H1.K15,yearly,2020,W,Ah,0.286459,0.286459,64
H1.K15,yearly,2020,V,Ah,0.283866,0.283866,65
H1.K15,yearly,2020,Tdiff,Ah,-0.278267,0.278267,66
H1.K15,yearly,2020,V,Ua,0.258552,0.258552,67
H1.K15,yearly,2020,W,Ua,0.256326,0.256326,68
H1.K15,yearly,2020,Tdiff,Ua,0.245059,0.245059,69
H1.K15,yearly,2020,Sc,rho,-0.223154,0.223154,70
H1.K15,yearly,2020,P,Tdiff,-0.203474,0.203474,71
H1.K15,yearly,2020,Trl,qv,-0.197238,0.197238,72
H1.K15,yearly,2020,Tdiff,Trl,-0.181666,0.181666,73
H1.K15,yearly,2020,V,Sc,-0.176984,0.176984,74
H1.K15,yearly,2020,W,Sc,-0.176919,0.176919,75
H1.K15,yearly,2020,W,H,0.176139,0.176139,76
H1.K15,yearly,2020,Trl,Ua,-0.176024,0.176024,77
H1.K15,yearly,2020,V,H,0.172177,0.172177,78
H1.K15,yearly,2020,Tdiff,W,-0.167268,0.167268,79
H1.K15,yearly,2020,Tdiff,V,-0.166346,0.166346,80
H1.K15,yearly,2020,Sc,Ta,0.161986,0.161986,81
H1.K15,yearly,2020,Tdiff,Igm,-0.141401,0.141401,82
H1.K15,yearly,2020,V,Igm,-0.140866,0.140866,83
H1.K15,yearly,2020,V,Igc,-0.140739,0.140739,84
H1.K15,yearly,2020,Tdiff,Igc,-0.138841,0.138841,85
H1.K15,yearly,2020,W,Igm,-0.137981,0.137981,86
H1.K15,yearly,2020,W,Igc,-0.13786,0.13786,87
H1.K15,yearly,2020,V,Dc,-0.130404,0.130404,88
H1.K15,yearly,2020,W,Dc,-0.12845,0.12845,89
H1.K15,yearly,2020,W,rho,-0.119142,0.119142,90
H1.K15,yearly,2020,Trl,Ah,-0.116679,0.116679,91
H1.K15,yearly,2020,V,rho,-0.114453,0.114453,92
H1.K15,yearly,2020,Tvl,Igm,-0.112382,0.112382,93
H1.K15,yearly,2020,Tvl,Igc,-0.111074,0.111074,94
H1.K15,yearly,2020,Dc,rho,-0.107468,0.107468,95
H1.K15,yearly,2020,Trl,Dp,-0.107163,0.107163,96
H1.K15,yearly,2020,Tdiff,qv,0.103908,0.103908,97
H1.K15,yearly,2020,Ah,Ua,0.098929,0.098929,98
H1.K15,yearly,2020,P,Sc,0.092865,0.092865,99
H1.K15,yearly,2020,Dc,Dp,0.088245,0.088245,100
H1.K15,yearly,2020,Tvl,Ua,0.080733,0.080733,101
H1.K15,yearly,2020,Dc,Ta,0.077018,0.077018,102
H1.K15,yearly,2020,Ah,Sc,-0.073381,0.073381,103
H1.K15,yearly,2020,Dp,Ua,0.071767,0.071767,104
H1.K15,yearly,2020,Dp,Igc,0.071046,0.071046,105
H1.K15,yearly,2020,Dp,Igm,0.069563,0.069563,106
H1.K15,yearly,2020,P,W,0.069085,0.069085,107
H1.K15,yearly,2020,Dc,H,0.068452,0.068452,108
H1.K15,yearly,2020,H,Sc,0.068237,0.068237,109
H1.K15,yearly,2020,W,Ta,0.068158,0.068158,110
H1.K15,yearly,2020,W,qv,0.067709,0.067709,111
H1.K15,yearly,2020,P,V,0.066013,0.066013,112
H1.K15,yearly,2020,qv,Dc,0.065584,0.065584,113
H1.K15,yearly,2020,V,qv,0.064776,0.064776,114
H1.K15,yearly,2020,V,Ta,0.063507,0.063507,115
H1.K15,yearly,2020,Tdiff,Sc,-0.062033,0.062033,116
H1.K15,yearly,2020,qv,Sc,0.058778,0.058778,117
H1.K15,yearly,2020,Tvl,qv,-0.053923,0.053923,118
H1.K15,yearly,2020,Dp,Sc,-0.052412,0.052412,119
H1.K15,yearly,2020,Dc,Igm,0.051202,0.051202,120
H1.K15,yearly,2020,Dc,Igc,0.049628,0.049628,121
H1.K15,yearly,2020,Ah,Igc,0.047842,0.047842,122
H1.K15,yearly,2020,Ah,Dc,0.047156,0.047156,123
H1.K15,yearly,2020,Ah,Igm,0.045711,0.045711,124
H1.K15,yearly,2020,Tvl,Sc,-0.04417,0.04417,125
H1.K15,yearly,2020,Dc,Ua,-0.039611,0.039611,126
H1.K15,yearly,2020,P,Dc,0.037967,0.037967,127
H1.K15,yearly,2020,Trl,H,-0.036331,0.036331,128
H1.K15,yearly,2020,Trl,Dc,0.034516,0.034516,129
H1.K15,yearly,2020,Tvl,Dc,0.031435,0.031435,130
H1.K15,yearly,2020,Trl,Ta,0.030761,0.030761,131
H1.K15,yearly,2020,Trl,Sc,0.014468,0.014468,132
H1.K15,yearly,2020,Trl,Igm,0.010063,0.010063,133
H1.K15,yearly,2020,Trl,Igc,0.008836,0.008836,134
H1.K15,yearly,2020,Tdiff,Dc,0.008698,0.008698,135
H1.K15,yearly,2020,Trl,rho,-0.000778,0.000778,136
H1.K15,yearly,2021,V,W,0.999739,0.999739,1
H1.K15,yearly,2021,Igc,Igm,0.998941,0.998941,2
H1.K15,yearly,2021,Ah,Dp,0.980037,0.980037,3
H1.K15,yearly,2021,P,qv,0.972113,0.972113,4
H1.K15,yearly,2021,H,Ta,0.961572,0.961572,5
H1.K15,yearly,2021,Ta,rho,-0.953678,0.953678,6
H1.K15,yearly,2021,Dp,H,0.951805,0.951805,7
H1.K15,yearly,2021,Ah,H,0.948063,0.948063,8
H1.K15,yearly,2021,H,rho,-0.93815,0.93815,9
H1.K15,yearly,2021,Dp,rho,-0.859501,0.859501,10
H1.K15,yearly,2021,Dp,Ta,0.853681,0.853681,11
H1.K15,yearly,2021,Ah,rho,-0.827213,0.827213,12
H1.K15,yearly,2021,Ah,Ta,0.825029,0.825029,13
H1.K15,yearly,2021,Tdiff,Tvl,0.769982,0.769982,14
H1.K15,yearly,2021,P,Ta,0.752456,0.752456,15
H1.K15,yearly,2021,Trl,qv,-0.750216,0.750216,16
H1.K15,yearly,2021,P,H,0.746584,0.746584,17
H1.K15,yearly,2021,P,rho,-0.710008,0.710008,18
H1.K15,yearly,2021,P,Trl,-0.69062,0.69062,19
H1.K15,yearly,2021,qv,H,0.680454,0.680454,20
H1.K15,yearly,2021,qv,Ta,0.679171,0.679171,21
H1.K15,yearly,2021,P,Ah,0.655807,0.655807,22
H1.K15,yearly,2021,Trl,Tvl,0.645012,0.645012,23
H1.K15,yearly,2021,qv,rho,-0.640728,0.640728,24
H1.K15,yearly,2021,Igm,Ua,-0.633527,0.633527,25
H1.K15,yearly,2021,P,Dp,0.623329,0.623329,26
H1.K15,yearly,2021,Igc,Ua,-0.623329,0.623329,27
H1.K15,yearly,2021,qv,Ah,0.606245,0.606245,28
H1.K15,yearly,2021,qv,Dp,0.575605,0.575605,29
H1.K15,yearly,2021,Tvl,Ta,-0.544616,0.544616,30
H1.K15,yearly,2021,Tvl,H,-0.539833,0.539833,31
H1.K15,yearly,2021,P,Tvl,-0.508781,0.508781,32
H1.K15,yearly,2021,Tvl,rho,0.497242,0.497242,33
H1.K15,yearly,2021,Igm,Ta,0.492516,0.492516,34
H1.K15,yearly,2021,Igc,Ta,0.487044,0.487044,35
H1.K15,yearly,2021,Trl,H,-0.483639,0.483639,36
H1.K15,yearly,2021,Trl,Ta,-0.480912,0.480912,37
H1.K15,yearly,2021,Tvl,Ah,-0.480145,0.480145,38
H1.K15,yearly,2021,Tvl,qv,-0.474986,0.474986,39
H1.K15,yearly,2021,Trl,rho,0.459658,0.459658,40
H1.K15,yearly,2021,Ta,Ua,-0.457285,0.457285,41
H1.K15,yearly,2021,Tvl,Dp,-0.453687,0.453687,42
H1.K15,yearly,2021,P,Igm,0.440396,0.440396,43
H1.K15,yearly,2021,Trl,Ah,-0.440073,0.440073,44
H1.K15,yearly,2021,Trl,Dp,-0.437801,0.437801,45
H1.K15,yearly,2021,P,Igc,0.436063,0.436063,46
H1.K15,yearly,2021,Tdiff,V,0.420297,0.420297,47
H1.K15,yearly,2021,Igm,rho,-0.414993,0.414993,48
H1.K15,yearly,2021,Tdiff,W,0.414816,0.414816,49
H1.K15,yearly,2021,Igc,rho,-0.409969,0.409969,50
H1.K15,yearly,2021,Dc,Sc,0.408799,0.408799,51
H1.K15,yearly,2021,qv,Igm,0.37829,0.37829,52
H1.K15,yearly,2021,P,Ua,-0.377809,0.377809,53
H1.K15,yearly,2021,qv,Igc,0.374763,0.374763,54
H1.K15,yearly,2021,Sc,Ua,-0.365393,0.365393,55
H1.K15,yearly,2021,H,Igm,0.357425,0.357425,56
H1.K15,yearly,2021,Ua,rho,0.355762,0.355762,57
H1.K15,yearly,2021,H,Igc,0.354692,0.354692,58
H1.K15,yearly,2021,Igm,Sc,0.349411,0.349411,59
H1.K15,yearly,2021,Igc,Sc,0.345073,0.345073,60
H1.K15,yearly,2021,W,Dp,0.340426,0.340426,61
H1.K15,yearly,2021,V,Dp,0.328003,0.328003,62
H1.K15,yearly,2021,qv,Ua,-0.321689,0.321689,63
H1.K15,yearly,2021,W,Ah,0.308386,0.308386,64
H1.K15,yearly,2021,Tvl,V,0.308316,0.308316,65
H1.K15,yearly,2021,Tdiff,Ta,-0.302969,0.302969,66
H1.K15,yearly,2021,Tvl,W,0.29707,0.29707,67
H1.K15,yearly,2021,V,Ah,0.295203,0.295203,68
H1.K15,yearly,2021,Tdiff,H,-0.294858,0.294858,69
H1.K15,yearly,2021,Tvl,Ua,0.293628,0.293628,70
H1.K15,yearly,2021,V,Ua,0.292583,0.292583,71
H1.K15,yearly,2021,W,Ua,0.289125,0.289125,72
H1.K15,yearly,2021,Tvl,Igm,-0.274961,0.274961,73
H1.K15,yearly,2021,Tvl,Igc,-0.27394,0.27394,74
H1.K15,yearly,2021,Tdiff,rho,0.25938,0.25938,75
H1.K15,yearly,2021,Tdiff,Ah,-0.254437,0.254437,76
H1.K15,yearly,2021,Trl,Igm,-0.236837,0.236837,77
H1.K15,yearly,2021,Trl,Igc,-0.236109,0.236109,78
H1.K15,yearly,2021,W,H,0.23336,0.23336,79
H1.K15,yearly,2021,H,Ua,-0.223539,0.223539,80
H1.K15,yearly,2021,Tdiff,Dp,-0.221889,0.221889,81
H1.K15,yearly,2021,V,H,0.219764,0.219764,82
H1.K15,yearly,2021,Tdiff,Ua,0.219201,0.219201,83
H1.K15,yearly,2021,Trl,Ua,0.19139,0.19139,84
H1.K15,yearly,2021,Sc,rho,-0.190807,0.190807,85
H1.K15,yearly,2021,Dp,Igc,0.180752,0.180752,86
H1.K15,yearly,2021,Dp,Igm,0.180393,0.180393,87
H1.K15,yearly,2021,Ah,Igc,0.162107,0.162107,88
H1.K15,yearly,2021,Ah,Igm,0.161254,0.161254,89
H1.K15,yearly,2021,W,rho,-0.160648,0.160648,90
H1.K15,yearly,2021,V,Sc,-0.159786,0.159786,91
H1.K15,yearly,2021,W,Sc,-0.159712,0.159712,92
H1.K15,yearly,2021,W,Ta,0.158315,0.158315,93
H1.K15,yearly,2021,Tdiff,Igm,-0.156825,0.156825,94
H1.K15,yearly,2021,Tdiff,Igc,-0.156092,0.156092,95
H1.K15,yearly,2021,V,rho,-0.148273,0.148273,96
H1.K15,yearly,2021,V,Ta,0.145628,0.145628,97
H1.K15,yearly,2021,Sc,Ta,0.117575,0.117575,98
H1.K15,yearly,2021,Dc,rho,-0.115475,0.115475,99
H1.K15,yearly,2021,V,Igc,-0.106311,0.106311,100
H1.K15,yearly,2021,V,Igm,-0.106237,0.106237,101
H1.K15,yearly,2021,Dc,Ua,-0.105175,0.105175,102
H1.K15,yearly,2021,W,Igc,-0.101547,0.101547,103
H1.K15,yearly,2021,W,Igm,-0.10147,0.10147,104
H1.K15,yearly,2021,Dc,Ta,0.093986,0.093986,105
H1.K15,yearly,2021,Ah,Sc,-0.092227,0.092227,106
H1.K15,yearly,2021,Dc,Igm,0.09122,0.09122,107
H1.K15,yearly,2021,Dc,Igc,0.089586,0.089586,108
H1.K15,yearly,2021,P,Tdiff,-0.088455,0.088455,109
H1.K15,yearly,2021,V,Dc,-0.084341,0.084341,110
H1.K15,yearly,2021,W,Dc,-0.082773,0.082773,111
H1.K15,yearly,2021,Ah,Ua,0.078701,0.078701,112
H1.K15,yearly,2021,Dc,H,0.072522,0.072522,113
H1.K15,yearly,2021,W,qv,0.071048,0.071048,114
H1.K15,yearly,2021,Dp,Sc,-0.068582,0.068582,115
H1.K15,yearly,2021,P,Sc,0.065601,0.065601,116
H1.K15,yearly,2021,Dp,Ua,0.063611,0.063611,117
H1.K15,yearly,2021,V,qv,0.058286,0.058286,118
H1.K15,yearly,2021,P,Dc,0.057432,0.057432,119
H1.K15,yearly,2021,P,W,0.055694,0.055694,120
H1.K15,yearly,2021,Dc,Dp,0.055217,0.055217,121
H1.K15,yearly,2021,qv,Dc,0.049934,0.049934,122
H1.K15,yearly,2021,qv,Sc,0.043163,0.043163,123
H1.K15,yearly,2021,Tvl,Dc,-0.0423,0.0423,124
H1.K15,yearly,2021,P,V,0.041841,0.041841,125
H1.K15,yearly,2021,Ah,Dc,0.041606,0.041606,126
H1.K15,yearly,2021,Trl,W,-0.034724,0.034724,127
H1.K15,yearly,2021,Tdiff,Dc,-0.031091,0.031091,128
H1.K15,yearly,2021,Trl,Dc,-0.028088,0.028088,129
H1.K15,yearly,2021,H,Sc,0.024415,0.024415,130
H1.K15,yearly,2021,Trl,V,-0.023701,0.023701,131
H1.K15,yearly,2021,Tdiff,Trl,0.010938,0.010938,132
H1.K15,yearly,2021,Tvl,Sc,-0.007681,0.007681,133
H1.K15,yearly,2021,Tdiff,qv,0.005629,0.005629,134
H1.K15,yearly,2021,Trl,Sc,-0.005344,0.005344,135
H1.K15,yearly,2021,Tdiff,Sc,-0.004192,0.004192,136
H1.K15,yearly,2022,V,W,0.999317,0.999317,1
H1.K15,yearly,2022,Igc,Igm,0.999111,0.999111,2
H1.K15,yearly,2022,Ah,Dp,0.97901,0.97901,3
H1.K15,yearly,2022,P,qv,0.96801,0.96801,4
H1.K15,yearly,2022,Ta,rho,-0.960625,0.960625,5
H1.K15,yearly,2022,H,Ta,0.947623,0.947623,6
H1.K15,yearly,2022,H,rho,-0.941202,0.941202,7
H1.K15,yearly,2022,Dp,H,0.911456,0.911456,8
H1.K15,yearly,2022,Tdiff,Tvl,0.907658,0.907658,9
H1.K15,yearly,2022,Ah,H,0.88909,0.88909,10
H1.K15,yearly,2022,Trl,Tvl,0.80646,0.80646,11
H1.K15,yearly,2022,Dp,rho,-0.786279,0.786279,12
H1.K15,yearly,2022,Dp,Ta,0.750422,0.750422,13
H1.K15,yearly,2022,Trl,qv,-0.742415,0.742415,14
H1.K15,yearly,2022,Ah,rho,-0.735752,0.735752,15
H1.K15,yearly,2022,P,Trl,-0.735029,0.735029,16
H1.K15,yearly,2022,Tvl,W,-0.72457,0.72457,17
H1.K15,yearly,2022,Tvl,V,-0.706614,0.706614,18
H1.K15,yearly,2022,Tdiff,W,-0.698929,0.698929,19
H1.K15,yearly,2022,Ah,Ta,0.696999,0.696999,20
H1.K15,yearly,2022,P,Ta,0.695392,0.695392,21
H1.K15,yearly,2022,Tdiff,V,-0.684239,0.684239,22
H1.K15,yearly,2022,P,H,0.663079,0.663079,23
H1.K15,yearly,2022,P,rho,-0.655714,0.655714,24
H1.K15,yearly,2022,Ta,Ua,-0.644234,0.644234,25
H1.K15,yearly,2022,qv,Ta,0.621411,0.621411,26
H1.K15,yearly,2022,Igm,Ua,-0.608181,0.608181,27
H1.K15,yearly,2022,qv,H,0.605279,0.605279,28
H1.K15,yearly,2022,Igc,Ua,-0.599645,0.599645,29
H1.K15,yearly,2022,qv,rho,-0.590358,0.590358,30
H1.K15,yearly,2022,Ua,rho,0.547399,0.547399,31
H1.K15,yearly,2022,P,Tvl,-0.534292,0.534292,32
H1.K15,yearly,2022,Trl,W,-0.527113,0.527113,33
H1.K15,yearly,2022,Igm,Ta,0.518042,0.518042,34
H1.K15,yearly,2022,Igc,Ta,0.512387,0.512387,35
H1.K15,yearly,2022,Trl,V,-0.510303,0.510303,36
H1.K15,yearly,2022,Tvl,Ah,-0.502711,0.502711,37
H1.K15,yearly,2022,Tvl,Dp,-0.498196,0.498196,38
H1.K15,yearly,2022,Tdiff,Trl,0.485502,0.485502,39
H1.K15,yearly,2022,P,Dp,0.480616,0.480616,40
H1.K15,yearly,2022,Tvl,qv,-0.479308,0.479308,41
H1.K15,yearly,2022,P,Ah,0.478928,0.478928,42
H1.K15,yearly,2022,Tvl,H,-0.468519,0.468519,43
H1.K15,yearly,2022,P,Ua,-0.463349,0.463349,44
H1.K15,yearly,2022,qv,Ah,0.455822,0.455822,45
H1.K15,yearly,2022,qv,Dp,0.449791,0.449791,46
H1.K15,yearly,2022,Igm,rho,-0.446394,0.446394,47
H1.K15,yearly,2022,Tdiff,Ah,-0.441775,0.441775,48
H1.K15,yearly,2022,Igc,rho,-0.441216,0.441216,49
H1.K15,yearly,2022,Tdiff,Dp,-0.440884,0.440884,50
H1.K15,yearly,2022,Trl,Ah,-0.428368,0.428368,51
H1.K15,yearly,2022,Dc,Sc,0.425368,0.425368,52
H1.K15,yearly,2022,Trl,Dp,-0.420504,0.420504,53
H1.K15,yearly,2022,Trl,H,-0.417299,0.417299,54
H1.K15,yearly,2022,Tvl,rho,0.409867,0.409867,55
H1.K15,yearly,2022,Tdiff,H,-0.399127,0.399127,56
H1.K15,yearly,2022,qv,Ua,-0.391596,0.391596,57
H1.K15,yearly,2022,H,Ua,-0.388321,0.388321,58
H1.K15,yearly,2022,P,Igm,0.383438,0.383438,59
H1.K15,yearly,2022,Tvl,Ta,-0.381647,0.381647,60
H1.K15,yearly,2022,P,Igc,0.379416,0.379416,61
H1.K15,yearly,2022,H,Igm,0.378564,0.378564,62
H1.K15,yearly,2022,Trl,rho,0.378119,0.378119,63
H1.K15,yearly,2022,H,Igc,0.37573,0.37573,64
H1.K15,yearly,2022,Trl,Ta,-0.350517,0.350517,65
H1.K15,yearly,2022,Tdiff,rho,0.339993,0.339993,66
H1.K15,yearly,2022,V,Ua,0.339279,0.339279,67
H1.K15,yearly,2022,W,Ua,0.326786,0.326786,68
H1.K15,yearly,2022,qv,Igm,0.320369,0.320369,69
H1.K15,yearly,2022,Tdiff,Ta,-0.317787,0.317787,70
H1.K15,yearly,2022,qv,Igc,0.317081,0.317081,71
H1.K15,yearly,2022,Igm,Sc,0.282528,0.282528,72
H1.K15,yearly,2022,Igc,Sc,0.278203,0.278203,73
H1.K15,yearly,2022,P,Tdiff,-0.268985,0.268985,74
H1.K15,yearly,2022,W,Ah,0.2688,0.2688,75
H1.K15,yearly,2022,W,Dp,0.258324,0.258324,76
H1.K15,yearly,2022,V,Ah,0.255811,0.255811,77
H1.K15,yearly,2022,Sc,Ua,-0.250269,0.250269,78
H1.K15,yearly,2022,V,Dp,0.244727,0.244727,79
H1.K15,yearly,2022,W,Sc,-0.208831,0.208831,80
H1.K15,yearly,2022,V,Sc,-0.206986,0.206986,81
H1.K15,yearly,2022,Tdiff,qv,-0.182296,0.182296,82
H1.K15,yearly,2022,Tdiff,Sc,0.180653,0.180653,83
H1.K15,yearly,2022,Sc,rho,-0.173429,0.173429,84
H1.K15,yearly,2022,V,Igc,-0.166881,0.166881,85
H1.K15,yearly,2022,V,Igm,-0.166769,0.166769,86
H1.K15,yearly,2022,Tvl,Sc,0.161733,0.161733,87
H1.K15,yearly,2022,W,Igc,-0.159137,0.159137,88
H1.K15,yearly,2022,W,Igm,-0.159022,0.159022,89
H1.K15,yearly,2022,Dp,Igc,0.143694,0.143694,90
H1.K15,yearly,2022,Dp,Igm,0.14263,0.14263,91
H1.K15,yearly,2022,W,H,0.122733,0.122733,92
H1.K15,yearly,2022,Sc,Ta,0.121983,0.121983,93
H1.K15,yearly,2022,W,qv,0.121726,0.121726,94
H1.K15,yearly,2022,Dc,rho,-0.120156,0.120156,95
H1.K15,yearly,2022,Dc,Dp,0.117326,0.117326,96
H1.K15,yearly,2022,Dc,H,0.112106,0.112106,97
H1.K15,yearly,2022,Dc,Ta,0.110176,0.110176,98
H1.K15,yearly,2022,Ah,Igc,0.10724,0.10724,99
H1.K15,yearly,2022,Ah,Igm,0.105413,0.105413,100
H1.K15,yearly,2022,P,W,0.104857,0.104857,101
H1.K15,yearly,2022,V,H,0.104839,0.104839,102
H1.K15,yearly,2022,V,Dc,-0.103928,0.103928,103
H1.K15,yearly,2022,V,qv,0.102341,0.102341,104
H1.K15,yearly,2022,W,Dc,-0.100804,0.100804,105
H1.K15,yearly,2022,Ah,Dc,0.094048,0.094048,106
H1.K15,yearly,2022,P,V,0.083622,0.083622,107
H1.K15,yearly,2022,Trl,Sc,0.083574,0.083574,108
H1.K15,yearly,2022,W,rho,-0.07737,0.07737,109
H1.K15,yearly,2022,Trl,Igm,-0.077331,0.077331,110
H1.K15,yearly,2022,Trl,Igc,-0.077315,0.077315,111
H1.K15,yearly,2022,P,Dc,0.072511,0.072511,112
H1.K15,yearly,2022,Ah,Sc,-0.070976,0.070976,113
H1.K15,yearly,2022,V,rho,-0.060388,0.060388,114
H1.K15,yearly,2022,Dc,Igm,0.05866,0.05866,115
H1.K15,yearly,2022,Ah,Ua,0.057039,0.057039,116
H1.K15,yearly,2022,Dc,Igc,0.056251,0.056251,117
H1.K15,yearly,2022,Dc,Ua,-0.054794,0.054794,118
H1.K15,yearly,2022,qv,Dc,0.052653,0.052653,119
H1.K15,yearly,2022,Tvl,Igm,-0.049157,0.049157,120
H1.K15,yearly,2022,Tvl,Igc,-0.048822,0.048822,121
H1.K15,yearly,2022,H,Sc,0.048129,0.048129,122
H1.K15,yearly,2022,Tdiff,Ua,-0.047613,0.047613,123
H1.K15,yearly,2022,P,Sc,0.043323,0.043323,124
H1.K15,yearly,2022,Dp,Sc,-0.038425,0.038425,125
H1.K15,yearly,2022,qv,Sc,0.031165,0.031165,126
H1.K15,yearly,2022,Tvl,Ua,-0.026416,0.026416,127
H1.K15,yearly,2022,Trl,Dc,-0.022731,0.022731,128
H1.K15,yearly,2022,Tdiff,Igm,-0.01838,0.01838,129
H1.K15,yearly,2022,Tdiff,Igc,-0.017894,0.017894,130
H1.K15,yearly,2022,Tdiff,Dc,0.01471,0.01471,131
H1.K15,yearly,2022,V,Ta,-0.013043,0.013043,132
H1.K15,yearly,2022,Trl,Ua,0.012144,0.012144,133
H1.K15,yearly,2022,W,Ta,0.005861,0.005861,134
H1.K15,yearly,2022,Dp,Ua,0.003813,0.003813,135
H1.K15,yearly,2022,Tvl,Dc,-0.001144,0.001144,136
H1.K15,yearly,2023,V,W,0.999591,0.999591,1
H1.K15,yearly,2023,Igc,Igm,0.999076,0.999076,2
H1.K15,yearly,2023,Ah,Dp,0.978028,0.978028,3
H1.K15,yearly,2023,H,Ta,0.948166,0.948166,4
H1.K15,yearly,2023,Ta,rho,-0.943444,0.943444,5
H1.K15,yearly,2023,Dp,H,0.941159,0.941159,6
H1.K15,yearly,2023,Ah,H,0.92545,0.92545,7
H1.K15,yearly,2023,H,rho,-0.924199,0.924199,8
H1.K15,yearly,2023,Dp,rho,-0.828248,0.828248,9
H1.K15,yearly,2023,Dp,Ta,0.80791,0.80791,10
H1.K15,yearly,2023,Tdiff,Tvl,0.778254,0.778254,11
H1.K15,yearly,2023,Ah,rho,-0.77315,0.77315,12
H1.K15,yearly,2023,Ah,Ta,0.757801,0.757801,13
H1.K15,yearly,2023,P,Ta,0.631993,0.631993,14
H1.K15,yearly,2023,Igm,Ua,-0.628264,0.628264,15
H1.K15,yearly,2023,Igc,Ua,-0.619241,0.619241,16
H1.K15,yearly,2023,P,H,0.592156,0.592156,17
H1.K15,yearly,2023,Ta,Ua,-0.561855,0.561855,18
H1.K15,yearly,2023,P,rho,-0.559335,0.559335,19
H1.K15,yearly,2023,P,Trl,-0.54007,0.54007,20
H1.K15,yearly,2023,Igm,Ta,0.501012,0.501012,21
H1.K15,yearly,2023,Igc,Ta,0.495641,0.495641,22
H1.K15,yearly,2023,Tvl,H,-0.480816,0.480816,23
H1.K15,yearly,2023,Tvl,Ta,-0.473887,0.473887,24
H1.K15,yearly,2023,Tvl,rho,0.457101,0.457101,25
H1.K15,yearly,2023,P,Ah,0.449116,0.449116,26
H1.K15,yearly,2023,P,Tvl,-0.440279,0.440279,27
H1.K15,yearly,2023,Ua,rho,0.438973,0.438973,28
H1.K15,yearly,2023,P,Ua,-0.437446,0.437446,29
H1.K15,yearly,2023,P,Dp,0.430792,0.430792,30
H1.K15,yearly,2023,Trl,Tvl,0.420282,0.420282,31
H1.K15,yearly,2023,Dc,Sc,0.415874,0.415874,32
H1.K15,yearly,2023,Tvl,Ah,-0.415731,0.415731,33
H1.K15,yearly,2023,Igm,rho,-0.404063,0.404063,34
H1.K15,yearly,2023,Igc,rho,-0.399131,0.399131,35
H1.K15,yearly,2023,Tvl,Dp,-0.391379,0.391379,36
H1.K15,yearly,2023,P,Igm,0.383327,0.383327,37
H1.K15,yearly,2023,P,Igc,0.377137,0.377137,38
H1.K15,yearly,2023,H,Igm,0.352129,0.352129,39
H1.K15,yearly,2023,H,Igc,0.349482,0.349482,40
H1.K15,yearly,2023,Tdiff,rho,0.348519,0.348519,41
H1.K15,yearly,2023,Tdiff,H,-0.343636,0.343636,42
H1.K15,yearly,2023,Tdiff,Ta,-0.329206,0.329206,43
H1.K15,yearly,2023,Tdiff,Dp,-0.322567,0.322567,44
H1.K15,yearly,2023,Tdiff,Ah,-0.315713,0.315713,45
H1.K15,yearly,2023,V,Ah,0.304475,0.304475,46
H1.K15,yearly,2023,W,Ah,0.303424,0.303424,47
H1.K15,yearly,2023,V,Dp,0.299433,0.299433,48
H1.K15,yearly,2023,W,Dp,0.299069,0.299069,49
H1.K15,yearly,2023,H,Ua,-0.295355,0.295355,50
H1.K15,yearly,2023,V,Ua,0.2791,0.2791,51
H1.K15,yearly,2023,W,Ua,0.276798,0.276798,52
H1.K15,yearly,2023,Trl,Ta,-0.260437,0.260437,53
H1.K15,yearly,2023,Tvl,Ua,0.25359,0.25359,54
H1.K15,yearly,2023,Trl,H,-0.249393,0.249393,55
H1.K15,yearly,2023,Sc,Ua,-0.240099,0.240099,56
H1.K15,yearly,2023,Igm,Sc,0.239085,0.239085,57
H1.K15,yearly,2023,Tdiff,Trl,-0.237385,0.237385,58
H1.K15,yearly,2023,Tvl,Igm,-0.236376,0.236376,59
H1.K15,yearly,2023,Igc,Sc,0.2354,0.2354,60
H1.K15,yearly,2023,Tvl,Igc,-0.234065,0.234065,61
H1.K15,yearly,2023,Trl,Ua,0.215145,0.215145,62
H1.K15,yearly,2023,Tdiff,W,-0.211026,0.211026,63
H1.K15,yearly,2023,qv,Ta,0.209103,0.209103,64
H1.K15,yearly,2023,Tdiff,V,-0.209015,0.209015,65
H1.K15,yearly,2023,Trl,rho,0.204706,0.204706,66
H1.K15,yearly,2023,Trl,qv,-0.202632,0.202632,67
H1.K15,yearly,2023,W,H,0.201077,0.201077,68
H1.K15,yearly,2023,V,H,0.200743,0.200743,69
H1.K15,yearly,2023,qv,H,0.20045,0.20045,70
H1.K15,yearly,2023,P,qv,0.195983,0.195983,71
H1.K15,yearly,2023,Trl,Igm,-0.188981,0.188981,72
H1.K15,yearly,2023,Trl,Ah,-0.187584,0.187584,73
H1.K15,yearly,2023,Trl,Igc,-0.184899,0.184899,74
H1.K15,yearly,2023,qv,rho,-0.180672,0.180672,75
H1.K15,yearly,2023,W,rho,-0.172323,0.172323,76
H1.K15,yearly,2023,V,rho,-0.170198,0.170198,77
H1.K15,yearly,2023,qv,Ah,0.157764,0.157764,78
H1.K15,yearly,2023,Dp,Igc,0.151924,0.151924,79
H1.K15,yearly,2023,Dp,Igm,0.151301,0.151301,80
H1.K15,yearly,2023,qv,Dp,0.149893,0.149893,81
H1.K15,yearly,2023,Tvl,V,-0.144995,0.144995,82
H1.K15,yearly,2023,Tvl,W,-0.144746,0.144746,83
H1.K15,yearly,2023,Trl,Dp,-0.139425,0.139425,84
H1.K15,yearly,2023,qv,Ua,-0.13516,0.13516,85
H1.K15,yearly,2023,Tvl,qv,-0.134987,0.134987,86
H1.K15,yearly,2023,Sc,rho,-0.134426,0.134426,87
H1.K15,yearly,2023,Ah,Sc,-0.134369,0.134369,88
H1.K15,yearly,2023,V,Igc,-0.128705,0.128705,89
H1.K15,yearly,2023,V,Igm,-0.128325,0.128325,90
H1.K15,yearly,2023,W,Igc,-0.127868,0.127868,91
H1.K15,yearly,2023,W,Igm,-0.127494,0.127494,92
H1.K15,yearly,2023,Tdiff,Ua,0.126121,0.126121,93
H1.K15,yearly,2023,Tdiff,Igc,-0.123708,0.123708,94
H1.K15,yearly,2023,Tdiff,Igm,-0.123381,0.123381,95
H1.K15,yearly,2023,Ah,Igc,0.122984,0.122984,96
H1.K15,yearly,2023,Ah,Igm,0.12185,0.12185,97
H1.K15,yearly,2023,qv,Igm,0.118722,0.118722,98
H1.K15,yearly,2023,qv,Igc,0.116418,0.116418,99
H1.K15,yearly,2023,P,Tdiff,-0.101719,0.101719,100
H1.K15,yearly,2023,Tvl,Sc,0.096953,0.096953,101
H1.K15,yearly,2023,W,Ta,0.092333,0.092333,102
H1.K15,yearly,2023,V,Ta,0.090905,0.090905,103
H1.K15,yearly,2023,Dp,Sc,-0.086909,0.086909,104
H1.K15,yearly,2023,Trl,W,0.085812,0.085812,105
H1.K15,yearly,2023,Trl,V,0.082328,0.082328,106
H1.K15,yearly,2023,Tdiff,Sc,0.081469,0.081469,107
H1.K15,yearly,2023,Ah,Ua,0.07073,0.07073,108
H1.K15,yearly,2023,Tvl,Dc,0.066487,0.066487,109
H1.K15,yearly,2023,P,W,0.060405,0.060405,110
H1.K15,yearly,2023,P,V,0.059748,0.059748,111
H1.K15,yearly,2023,Sc,Ta,0.057457,0.057457,112
H1.K15,yearly,2023,Trl,Dc,0.04908,0.04908,113
H1.K15,yearly,2023,V,qv,0.048907,0.048907,114
H1.K15,yearly,2023,Dc,rho,-0.048647,0.048647,115
H1.K15,yearly,2023,qv,Dc,-0.046964,0.046964,116
H1.K15,yearly,2023,W,qv,0.04628,0.04628,117
H1.K15,yearly,2023,V,Sc,-0.045604,0.045604,118
H1.K15,yearly,2023,W,Sc,-0.042897,0.042897,119
H1.K15,yearly,2023,W,Dc,0.041686,0.041686,120
H1.K15,yearly,2023,V,Dc,0.040239,0.040239,121
H1.K15,yearly,2023,Tdiff,Dc,0.039421,0.039421,122
H1.K15,yearly,2023,Trl,Sc,0.034618,0.034618,123
H1.K15,yearly,2023,H,Sc,-0.030548,0.030548,124
H1.K15,yearly,2023,Dc,Igc,-0.022453,0.022453,125
H1.K15,yearly,2023,Dp,Ua,0.021533,0.021533,126
H1.K15,yearly,2023,Dc,Igm,-0.019051,0.019051,127
H1.K15,yearly,2023,qv,Sc,-0.018375,0.018375,128
H1.K15,yearly,2023,P,Dc,-0.014965,0.014965,129
H1.K15,yearly,2023,Dc,Dp,0.012539,0.012539,130
H1.K15,yearly,2023,Tdiff,qv,-0.010498,0.010498,131
H1.K15,yearly,2023,P,Sc,-0.007415,0.007415,132
H1.K15,yearly,2023,Ah,Dc,-0.007114,0.007114,133
H1.K15,yearly,2023,Dc,H,-0.006075,0.006075,134
H1.K15,yearly,2023,Dc,Ta,-0.005251,0.005251,135
H1.K15,yearly,2023,Dc,Ua,0.003068,0.003068,136
H1.K16,yearly,2018,V,W,0.998973,0.998973,1
H1.K16,yearly,2018,Trl,Tvl,0.998932,0.998932,2
H1.K16,yearly,2018,Igc,Igm,0.997918,0.997918,3
H1.K16,yearly,2018,P,Tdiff,-0.989376,0.989376,4
H1.K16,yearly,2018,Ah,Dp,0.988362,0.988362,5
H1.K16,yearly,2018,H,Ta,0.978297,0.978297,6
H1.K16,yearly,2018,Ah,H,0.971037,0.971037,7
H1.K16,yearly,2018,Dp,H,0.96558,0.96558,8
H1.K16,yearly,2018,Ta,rho,-0.944155,0.944155,9
H1.K16,yearly,2018,Tdiff,Tvl,0.938719,0.938719,10
H1.K16,yearly,2018,P,Tvl,-0.931891,0.931891,11
H1.K16,yearly,2018,H,rho,-0.931317,0.931317,12
H1.K16,yearly,2018,Tdiff,Trl,0.928738,0.928738,13
H1.K16,yearly,2018,P,Trl,-0.923282,0.923282,14
H1.K16,yearly,2018,Dp,Ta,0.905098,0.905098,15
H1.K16,yearly,2018,Ah,Ta,0.901158,0.901158,16
H1.K16,yearly,2018,Ah,rho,-0.857281,0.857281,17
H1.K16,yearly,2018,Dp,rho,-0.85121,0.85121,18
H1.K16,yearly,2018,Sc,rho,-0.614108,0.614108,19
H1.K16,yearly,2018,Sc,Ta,0.584793,0.584793,20
H1.K16,yearly,2018,Tdiff,V,0.580985,0.580985,21
H1.K16,yearly,2018,Tdiff,W,0.5618,0.5618,22
H1.K16,yearly,2018,P,V,-0.542696,0.542696,23
H1.K16,yearly,2018,P,W,-0.522927,0.522927,24
H1.K16,yearly,2018,H,Sc,0.521671,0.521671,25
H1.K16,yearly,2018,Tvl,V,0.498548,0.498548,26
H1.K16,yearly,2018,Trl,V,0.483993,0.483993,27
H1.K16,yearly,2018,Tvl,W,0.474092,0.474092,28
H1.K16,yearly,2018,Dc,Dp,0.462094,0.462094,29
H1.K16,yearly,2018,Trl,W,0.459116,0.459116,30
H1.K16,yearly,2018,qv,Dc,0.430103,0.430103,31
H1.K16,yearly,2018,Dc,H,0.425428,0.425428,32
H1.K16,yearly,2018,Ah,Dc,0.421744,0.421744,33
H1.K16,yearly,2018,Dc,Ta,0.419477,0.419477,34
H1.K16,yearly,2018,V,qv,0.414217,0.414217,35
H1.K16,yearly,2018,Dp,Sc,0.413412,0.413412,36
H1.K16,yearly,2018,Ah,Sc,0.411943,0.411943,37
H1.K16,yearly,2018,W,qv,0.408395,0.408395,38
H1.K16,yearly,2018,V,rho,0.405406,0.405406,39
H1.K16,yearly,2018,W,rho,0.403155,0.403155,40
H1.K16,yearly,2018,Dp,Ua,0.401473,0.401473,41
H1.K16,yearly,2018,Dc,Sc,0.396895,0.396895,42
H1.K16,yearly,2018,Tdiff,Dc,0.388495,0.388495,43
H1.K16,yearly,2018,Ah,Ua,0.384501,0.384501,44
H1.K16,yearly,2018,Trl,Dc,0.374631,0.374631,45
H1.K16,yearly,2018,Tvl,Dc,0.374229,0.374229,46
H1.K16,yearly,2018,P,Dc,-0.350257,0.350257,47
H1.K16,yearly,2018,Dc,rho,-0.294325,0.294325,48
H1.K16,yearly,2018,Sc,Ua,-0.287738,0.287738,49
H1.K16,yearly,2018,V,Dc,0.287262,0.287262,50
H1.K16,yearly,2018,Tdiff,qv,0.280604,0.280604,51
H1.K16,yearly,2018,W,Dc,0.278117,0.278117,52
H1.K16,yearly,2018,W,Ta,-0.254349,0.254349,53
H1.K16,yearly,2018,V,Ta,-0.250465,0.250465,54
H1.K16,yearly,2018,P,Ua,-0.242437,0.242437,55
H1.K16,yearly,2018,W,H,-0.235518,0.235518,56
H1.K16,yearly,2018,qv,Sc,0.231185,0.231185,57
H1.K16,yearly,2018,V,H,-0.231108,0.231108,58
H1.K16,yearly,2018,Tdiff,Ua,0.225187,0.225187,59
H1.K16,yearly,2018,Tdiff,rho,0.219685,0.219685,60
H1.K16,yearly,2018,P,rho,-0.218867,0.218867,61
H1.K16,yearly,2018,Tvl,qv,0.21073,0.21073,62
H1.K16,yearly,2018,Tvl,Ua,0.203456,0.203456,63
H1.K16,yearly,2018,Trl,Ua,0.200673,0.200673,64
H1.K16,yearly,2018,Trl,qv,0.198397,0.198397,65
H1.K16,yearly,2018,W,Ah,-0.188911,0.188911,66
H1.K16,yearly,2018,Igm,Ua,-0.187811,0.187811,67
H1.K16,yearly,2018,W,Dp,-0.187318,0.187318,68
H1.K16,yearly,2018,V,Ah,-0.183337,0.183337,69
H1.K16,yearly,2018,Dc,Ua,0.183123,0.183123,70
H1.K16,yearly,2018,V,Dp,-0.180679,0.180679,71
H1.K16,yearly,2018,Igc,Ua,-0.18055,0.18055,72
H1.K16,yearly,2018,P,qv,-0.173379,0.173379,73
H1.K16,yearly,2018,H,Ua,0.164276,0.164276,74
H1.K16,yearly,2018,Igm,Sc,0.158945,0.158945,75
H1.K16,yearly,2018,Igc,Sc,0.157219,0.157219,76
H1.K16,yearly,2018,Tvl,rho,0.157024,0.157024,77
H1.K16,yearly,2018,Trl,rho,0.144042,0.144042,78
H1.K16,yearly,2018,V,Ua,0.1255,0.1255,79
H1.K16,yearly,2018,W,Ua,0.118137,0.118137,80
H1.K16,yearly,2018,Igm,Ta,0.100003,0.100003,81
H1.K16,yearly,2018,Igc,Ta,0.09593,0.09593,82
H1.K16,yearly,2018,P,Ta,0.088718,0.088718,83
H1.K16,yearly,2018,Tdiff,Ta,-0.087527,0.087527,84
H1.K16,yearly,2018,qv,Ua,-0.086797,0.086797,85
H1.K16,yearly,2018,V,Sc,-0.072345,0.072345,86
H1.K16,yearly,2018,W,Sc,-0.072245,0.072245,87
H1.K16,yearly,2018,Dc,Igm,0.070989,0.070989,88
H1.K16,yearly,2018,Dc,Igc,0.070856,0.070856,89
H1.K16,yearly,2018,qv,Ta,0.06532,0.06532,90
H1.K16,yearly,2018,Trl,Dp,0.062523,0.062523,91
H1.K16,yearly,2018,Trl,Ah,0.056273,0.056273,92
H1.K16,yearly,2018,Tvl,Dp,0.052993,0.052993,93
H1.K16,yearly,2018,Igm,rho,-0.051756,0.051756,94
H1.K16,yearly,2018,Tdiff,H,-0.051648,0.051648,95
H1.K16,yearly,2018,H,Igm,0.050513,0.050513,96
H1.K16,yearly,2018,Igc,rho,-0.048715,0.048715,97
H1.K16,yearly,2018,H,Igc,0.048109,0.048109,98
H1.K16,yearly,2018,V,Igm,-0.047936,0.047936,99
H1.K16,yearly,2018,W,Igm,-0.047785,0.047785,100
H1.K16,yearly,2018,V,Igc,-0.047459,0.047459,101
H1.K16,yearly,2018,W,Igc,-0.047281,0.047281,102
H1.K16,yearly,2018,P,H,0.04704,0.04704,103
H1.K16,yearly,2018,Tvl,Ah,0.046355,0.046355,104
H1.K16,yearly,2018,P,Sc,0.034653,0.034653,105
H1.K16,yearly,2018,Ua,rho,0.033381,0.033381,106
H1.K16,yearly,2018,qv,rho,0.032111,0.032111,107
H1.K16,yearly,2018,Tvl,Ta,-0.029691,0.029691,108
H1.K16,yearly,2018,qv,Ah,-0.0288,0.0288,109
H1.K16,yearly,2018,Ta,Ua,-0.025319,0.025319,110
H1.K16,yearly,2018,qv,Igm,0.023661,0.023661,111
H1.K16,yearly,2018,qv,Dp,0.023605,0.023605,112
H1.K16,yearly,2018,qv,Igc,0.022922,0.022922,113
H1.K16,yearly,2018,Trl,Ta,-0.017994,0.017994,114
H1.K16,yearly,2018,P,Dp,-0.015869,0.015869,115
H1.K16,yearly,2018,qv,H,0.015261,0.015261,116
H1.K16,yearly,2018,P,Ah,-0.01411,0.01411,117
H1.K16,yearly,2018,Trl,Igc,0.012575,0.012575,118
H1.K16,yearly,2018,Tdiff,Sc,-0.012439,0.012439,119
H1.K16,yearly,2018,Trl,Igm,0.01178,0.01178,120
H1.K16,yearly,2018,Trl,Sc,0.011695,0.011695,121
H1.K16,yearly,2018,Trl,H,0.011385,0.011385,122
H1.K16,yearly,2018,Dp,Igm,0.011239,0.011239,123
H1.K16,yearly,2018,Dp,Igc,0.010712,0.010712,124
H1.K16,yearly,2018,Tvl,Igc,0.010075,0.010075,125
H1.K16,yearly,2018,Tdiff,Dp,0.009543,0.009543,126
H1.K16,yearly,2018,Tvl,Igm,0.00925,0.00925,127
H1.K16,yearly,2018,Tdiff,Igm,-0.006344,0.006344,128
H1.K16,yearly,2018,P,Igm,0.005953,0.005953,129
H1.K16,yearly,2018,Ah,Igc,-0.005604,0.005604,130
H1.K16,yearly,2018,Tdiff,Igc,-0.005302,0.005302,131
H1.K16,yearly,2018,Ah,Igm,-0.005251,0.005251,132
H1.K16,yearly,2018,P,Igc,0.004639,0.004639,133
H1.K16,yearly,2018,Tvl,Sc,0.004363,0.004363,134
H1.K16,yearly,2018,Tdiff,Ah,0.003707,0.003707,135
H1.K16,yearly,2018,Tvl,H,0.000169,0.000169,136
H1.K16,yearly,2019,Igc,Igm,0.999227,0.999227,1
H1.K16,yearly,2019,V,W,0.995561,0.995561,2
H1.K16,yearly,2019,Trl,Tvl,0.985527,0.985527,3
H1.K16,yearly,2019,Ah,Dp,0.982017,0.982017,4
H1.K16,yearly,2019,P,Tdiff,-0.974505,0.974505,5
H1.K16,yearly,2019,H,Ta,0.946742,0.946742,6
H1.K16,yearly,2019,Ta,rho,-0.941822,0.941822,7
H1.K16,yearly,2019,H,rho,-0.928951,0.928951,8
H1.K16,yearly,2019,Dp,H,0.926717,0.926717,9
H1.K16,yearly,2019,Ah,H,0.909866,0.909866,10
H1.K16,yearly,2019,Dp,rho,-0.811417,0.811417,11
H1.K16,yearly,2019,Dp,Ta,0.773904,0.773904,12
H1.K16,yearly,2019,Ah,rho,-0.762449,0.762449,13
H1.K16,yearly,2019,Ah,Ta,0.728501,0.728501,14
H1.K16,yearly,2019,Igm,Ua,-0.645785,0.645785,15
H1.K16,yearly,2019,Igc,Ua,-0.636499,0.636499,16
H1.K16,yearly,2019,Ta,Ua,-0.614788,0.614788,17
H1.K16,yearly,2019,Igm,Ta,0.538483,0.538483,18
H1.K16,yearly,2019,Igc,Ta,0.532929,0.532929,19
H1.K16,yearly,2019,P,Dp,0.486407,0.486407,20
H1.K16,yearly,2019,Dc,Sc,0.48533,0.48533,21
H1.K16,yearly,2019,P,Ah,0.479696,0.479696,22
H1.K16,yearly,2019,Ua,rho,0.47409,0.47409,23
H1.K16,yearly,2019,Tdiff,Dp,-0.461428,0.461428,24
H1.K16,yearly,2019,Tdiff,Ah,-0.455924,0.455924,25
H1.K16,yearly,2019,P,H,0.446916,0.446916,26
H1.K16,yearly,2019,Igm,rho,-0.439571,0.439571,27
H1.K16,yearly,2019,Igc,rho,-0.434516,0.434516,28
H1.K16,yearly,2019,P,V,0.430267,0.430267,29
H1.K16,yearly,2019,Tdiff,H,-0.427215,0.427215,30
H1.K16,yearly,2019,P,W,0.418145,0.418145,31
H1.K16,yearly,2019,Tdiff,V,-0.401431,0.401431,32
H1.K16,yearly,2019,Tdiff,W,-0.390436,0.390436,33
H1.K16,yearly,2019,P,rho,-0.389508,0.389508,34
H1.K16,yearly,2019,H,Igm,0.385288,0.385288,35
H1.K16,yearly,2019,H,Igc,0.382804,0.382804,36
H1.K16,yearly,2019,Tdiff,rho,0.376667,0.376667,37
H1.K16,yearly,2019,P,Ta,0.368059,0.368059,38
H1.K16,yearly,2019,Tdiff,Ta,-0.35345,0.35345,39
H1.K16,yearly,2019,H,Ua,-0.349449,0.349449,40
H1.K16,yearly,2019,V,Dp,0.336884,0.336884,41
H1.K16,yearly,2019,P,qv,0.325813,0.325813,42
H1.K16,yearly,2019,V,Ah,0.306878,0.306878,43
H1.K16,yearly,2019,Igm,Sc,0.296984,0.296984,44
H1.K16,yearly,2019,Igc,Sc,0.292833,0.292833,45
H1.K16,yearly,2019,Tdiff,qv,-0.274821,0.274821,46
H1.K16,yearly,2019,W,Dp,0.27431,0.27431,47
H1.K16,yearly,2019,Sc,Ua,-0.272901,0.272901,48
H1.K16,yearly,2019,Tdiff,Tvl,0.263748,0.263748,49
H1.K16,yearly,2019,Trl,qv,0.263176,0.263176,50
H1.K16,yearly,2019,W,Ua,0.248402,0.248402,51
H1.K16,yearly,2019,W,Ah,0.245998,0.245998,52
H1.K16,yearly,2019,P,Tvl,-0.238913,0.238913,53
H1.K16,yearly,2019,V,H,0.232871,0.232871,54
H1.K16,yearly,2019,W,qv,0.2283,0.2283,55
H1.K16,yearly,2019,Tvl,rho,0.22436,0.22436,56
H1.K16,yearly,2019,V,qv,0.217864,0.217864,57
H1.K16,yearly,2019,V,Ua,0.213318,0.213318,58
H1.K16,yearly,2019,Tvl,qv,0.209392,0.209392,59
H1.K16,yearly,2019,V,rho,-0.207758,0.207758,60
H1.K16,yearly,2019,V,Sc,-0.197388,0.197388,61
H1.K16,yearly,2019,W,Sc,-0.188393,0.188393,62
H1.K16,yearly,2019,Sc,rho,-0.186921,0.186921,63
H1.K16,yearly,2019,Tvl,Dp,-0.180989,0.180989,64
H1.K16,yearly,2019,Tvl,H,-0.173613,0.173613,65
H1.K16,yearly,2019,Trl,rho,0.168693,0.168693,66
H1.K16,yearly,2019,Tvl,Ah,-0.165614,0.165614,67
H1.K16,yearly,2019,Dp,Igc,0.163095,0.163095,68
H1.K16,yearly,2019,Dp,Igm,0.161794,0.161794,69
H1.K16,yearly,2019,W,H,0.161744,0.161744,70
H1.K16,yearly,2019,Tvl,Ta,-0.156046,0.156046,71
H1.K16,yearly,2019,V,Ta,0.151195,0.151195,72
H1.K16,yearly,2019,Trl,Sc,-0.148441,0.148441,73
H1.K16,yearly,2019,qv,Igm,-0.144396,0.144396,74
H1.K16,yearly,2019,W,rho,-0.143691,0.143691,75
H1.K16,yearly,2019,qv,Igc,-0.143357,0.143357,76
H1.K16,yearly,2019,Tvl,Sc,-0.133725,0.133725,77
H1.K16,yearly,2019,Trl,W,0.128944,0.128944,78
H1.K16,yearly,2019,Ah,Igc,0.125997,0.125997,79
H1.K16,yearly,2019,Ah,Igm,0.124003,0.124003,80
H1.K16,yearly,2019,Sc,Ta,0.11817,0.11817,81
H1.K16,yearly,2019,qv,Ua,0.116913,0.116913,82
H1.K16,yearly,2019,Trl,V,0.11325,0.11325,83
H1.K16,yearly,2019,Tdiff,Trl,0.108274,0.108274,84
H1.K16,yearly,2019,Trl,Dp,-0.10799,0.10799,85
H1.K16,yearly,2019,Trl,H,-0.107607,0.107607,86
H1.K16,yearly,2019,qv,Sc,-0.104856,0.104856,87
H1.K16,yearly,2019,V,Dc,-0.102288,0.102288,88
H1.K16,yearly,2019,Trl,Ta,-0.101743,0.101743,89
H1.K16,yearly,2019,Ah,Sc,-0.097108,0.097108,90
H1.K16,yearly,2019,W,Dc,-0.096496,0.096496,91
H1.K16,yearly,2019,Trl,Ah,-0.094286,0.094286,92
H1.K16,yearly,2019,W,Igc,-0.090688,0.090688,93
H1.K16,yearly,2019,W,Igm,-0.090662,0.090662,94
H1.K16,yearly,2019,Tvl,Igm,-0.086769,0.086769,95
H1.K16,yearly,2019,P,Trl,-0.086285,0.086285,96
H1.K16,yearly,2019,P,Sc,-0.086246,0.086246,97
H1.K16,yearly,2019,Tvl,Igc,-0.086112,0.086112,98
H1.K16,yearly,2019,Trl,Igm,-0.082787,0.082787,99
H1.K16,yearly,2019,Trl,Igc,-0.082196,0.082196,100
H1.K16,yearly,2019,Tdiff,Sc,0.081872,0.081872,101
H1.K16,yearly,2019,W,Ta,0.080556,0.080556,102
H1.K16,yearly,2019,Dc,rho,-0.079576,0.079576,103
H1.K16,yearly,2019,qv,Dp,0.069608,0.069608,104
H1.K16,yearly,2019,qv,Ah,0.067709,0.067709,105
H1.K16,yearly,2019,Tvl,W,0.064894,0.064894,106
H1.K16,yearly,2019,V,Igc,-0.054898,0.054898,107
H1.K16,yearly,2019,V,Igm,-0.054865,0.054865,108
H1.K16,yearly,2019,Dc,Ta,0.054758,0.054758,109
H1.K16,yearly,2019,Dc,Igm,0.054162,0.054162,110
H1.K16,yearly,2019,Dp,Sc,-0.054154,0.054154,111
H1.K16,yearly,2019,Ah,Ua,0.053409,0.053409,112
H1.K16,yearly,2019,Dc,Dp,0.052682,0.052682,113
H1.K16,yearly,2019,Dc,Igc,0.051992,0.051992,114
H1.K16,yearly,2019,Tvl,Dc,-0.051942,0.051942,115
H1.K16,yearly,2019,Trl,Dc,-0.051082,0.051082,116
H1.K16,yearly,2019,Dc,Ua,-0.05088,0.05088,117
H1.K16,yearly,2019,Tvl,V,0.047792,0.047792,118
H1.K16,yearly,2019,Tdiff,Igm,-0.044107,0.044107,119
H1.K16,yearly,2019,qv,rho,0.043892,0.043892,120
H1.K16,yearly,2019,Dc,H,0.043702,0.043702,121
H1.K16,yearly,2019,Tdiff,Igc,-0.04335,0.04335,122
H1.K16,yearly,2019,P,Igm,0.040225,0.040225,123
H1.K16,yearly,2019,qv,Dc,-0.040165,0.040165,124
H1.K16,yearly,2019,P,Igc,0.039604,0.039604,125
H1.K16,yearly,2019,Trl,Ua,0.034163,0.034163,126
H1.K16,yearly,2019,Tvl,Ua,0.028365,0.028365,127
H1.K16,yearly,2019,P,Ua,0.027564,0.027564,128
H1.K16,yearly,2019,H,Sc,0.027132,0.027132,129
H1.K16,yearly,2019,Ah,Dc,0.02434,0.02434,130
H1.K16,yearly,2019,Tdiff,Ua,-0.019553,0.019553,131
H1.K16,yearly,2019,qv,H,0.01929,0.01929,132
H1.K16,yearly,2019,qv,Ta,-0.01771,0.01771,133
H1.K16,yearly,2019,Dp,Ua,0.006579,0.006579,134
H1.K16,yearly,2019,P,Dc,-0.005574,0.005574,135
H1.K16,yearly,2019,Tdiff,Dc,0.00083,0.00083,136
H1.K16,yearly,2020,Igc,Igm,0.999193,0.999193,1
H1.K16,yearly,2020,V,W,0.98569,0.98569,2
H1.K16,yearly,2020,Ah,Dp,0.977155,0.977155,3
H1.K16,yearly,2020,Trl,Tvl,0.97643,0.97643,4
H1.K16,yearly,2020,Ta,rho,-0.945224,0.945224,5
H1.K16,yearly,2020,H,Ta,0.938979,0.938979,6
H1.K16,yearly,2020,H,rho,-0.923633,0.923633,7
H1.K16,yearly,2020,Dp,H,0.900835,0.900835,8
H1.K16,yearly,2020,Ah,H,0.891492,0.891492,9
H1.K16,yearly,2020,P,Tdiff,-0.874862,0.874862,10
H1.K16,yearly,2020,Dp,rho,-0.756824,0.756824,11
H1.K16,yearly,2020,Dp,Ta,0.718312,0.718312,12
H1.K16,yearly,2020,Ah,rho,-0.717632,0.717632,13
H1.K16,yearly,2020,P,V,0.705359,0.705359,14
H1.K16,yearly,2020,Ah,Ta,0.681928,0.681928,15
H1.K16,yearly,2020,P,W,0.679466,0.679466,16
H1.K16,yearly,2020,V,qv,-0.677645,0.677645,17
H1.K16,yearly,2020,Tdiff,V,-0.671305,0.671305,18
H1.K16,yearly,2020,Tdiff,W,-0.64954,0.64954,19
H1.K16,yearly,2020,W,qv,-0.640219,0.640219,20
H1.K16,yearly,2020,Ta,Ua,-0.62985,0.62985,21
H1.K16,yearly,2020,Igm,Ua,-0.621652,0.621652,22
H1.K16,yearly,2020,P,Tvl,-0.616222,0.616222,23
H1.K16,yearly,2020,Igc,Ua,-0.613041,0.613041,24
H1.K16,yearly,2020,Tdiff,Tvl,0.517939,0.517939,25
H1.K16,yearly,2020,Ua,rho,0.510223,0.510223,26
H1.K16,yearly,2020,P,qv,-0.503178,0.503178,27
H1.K16,yearly,2020,Igm,Ta,0.499238,0.499238,28
H1.K16,yearly,2020,Igc,Ta,0.493467,0.493467,29
H1.K16,yearly,2020,P,Trl,-0.463146,0.463146,30
H1.K16,yearly,2020,Tdiff,qv,0.448755,0.448755,31
H1.K16,yearly,2020,qv,Dp,-0.42711,0.42711,32
H1.K16,yearly,2020,qv,Ah,-0.421823,0.421823,33
H1.K16,yearly,2020,P,Dp,0.417037,0.417037,34
H1.K16,yearly,2020,Igm,rho,-0.412373,0.412373,35
H1.K16,yearly,2020,Igc,rho,-0.407199,0.407199,36
H1.K16,yearly,2020,Dc,Sc,0.40669,0.40669,37
H1.K16,yearly,2020,P,Ah,0.401176,0.401176,38
H1.K16,yearly,2020,Tdiff,Ah,-0.398231,0.398231,39
H1.K16,yearly,2020,Tdiff,Dp,-0.397916,0.397916,40
H1.K16,yearly,2020,qv,H,-0.392037,0.392037,41
H1.K16,yearly,2020,P,H,0.351123,0.351123,42
H1.K16,yearly,2020,H,Ua,-0.346098,0.346098,43
H1.K16,yearly,2020,Tvl,W,-0.345367,0.345367,44
H1.K16,yearly,2020,Tvl,V,-0.341816,0.341816,45
H1.K16,yearly,2020,Tdiff,H,-0.339273,0.339273,46
H1.K16,yearly,2020,H,Igm,0.331536,0.331536,47
H1.K16,yearly,2020,qv,rho,0.329499,0.329499,48
H1.K16,yearly,2020,H,Igc,0.328922,0.328922,49
H1.K16,yearly,2020,Tdiff,Trl,0.325719,0.325719,50
H1.K16,yearly,2020,V,Dp,0.317741,0.317741,51
H1.K16,yearly,2020,Igm,Sc,0.315729,0.315729,52
H1.K16,yearly,2020,qv,Ta,-0.314163,0.314163,53
H1.K16,yearly,2020,Igc,Sc,0.31166,0.31166,54
H1.K16,yearly,2020,Sc,Ua,-0.310939,0.310939,55
H1.K16,yearly,2020,V,Ah,0.304476,0.304476,56
H1.K16,yearly,2020,P,rho,-0.296038,0.296038,57
H1.K16,yearly,2020,Tdiff,rho,0.273658,0.273658,58
H1.K16,yearly,2020,P,Ta,0.266554,0.266554,59
H1.K16,yearly,2020,Tvl,qv,0.252301,0.252301,60
H1.K16,yearly,2020,Tdiff,Ta,-0.246791,0.246791,61
H1.K16,yearly,2020,W,Ua,0.246169,0.246169,62
H1.K16,yearly,2020,V,H,0.234987,0.234987,63
H1.K16,yearly,2020,W,Dp,0.228098,0.228098,64
H1.K16,yearly,2020,Sc,rho,-0.223154,0.223154,65
H1.K16,yearly,2020,Trl,W,-0.219352,0.219352,66
H1.K16,yearly,2020,W,Ah,0.214455,0.214455,67
H1.K16,yearly,2020,Trl,V,-0.210047,0.210047,68
H1.K16,yearly,2020,V,rho,-0.203977,0.203977,69
H1.K16,yearly,2020,V,Sc,-0.188287,0.188287,70
H1.K16,yearly,2020,W,Sc,-0.180018,0.180018,71
H1.K16,yearly,2020,qv,Sc,0.170962,0.170962,72
H1.K16,yearly,2020,Trl,qv,0.163603,0.163603,73
H1.K16,yearly,2020,V,Ua,0.162798,0.162798,74
H1.K16,yearly,2020,Sc,Ta,0.161986,0.161986,75
H1.K16,yearly,2020,V,Dc,-0.15939,0.15939,76
H1.K16,yearly,2020,W,Dc,-0.152278,0.152278,77
H1.K16,yearly,2020,V,Ta,0.15002,0.15002,78
H1.K16,yearly,2020,qv,Dc,0.133792,0.133792,79
H1.K16,yearly,2020,Tvl,Dp,-0.126006,0.126006,80
H1.K16,yearly,2020,Tdiff,Sc,0.115797,0.115797,81
H1.K16,yearly,2020,W,H,0.115129,0.115129,82
H1.K16,yearly,2020,W,Igm,-0.11321,0.11321,83
H1.K16,yearly,2020,W,Igc,-0.11309,0.11309,84
H1.K16,yearly,2020,P,Sc,-0.107517,0.107517,85
H1.K16,yearly,2020,Dc,rho,-0.107468,0.107468,86
H1.K16,yearly,2020,Tvl,Ah,-0.103428,0.103428,87
H1.K16,yearly,2020,Ah,Ua,0.098929,0.098929,88
H1.K16,yearly,2020,Tvl,Ua,-0.098776,0.098776,89
H1.K16,yearly,2020,Tdiff,Ua,-0.098678,0.098678,90
H1.K16,yearly,2020,Tdiff,Dc,0.090006,0.090006,91
H1.K16,yearly,2020,Dc,Dp,0.088245,0.088245,92
H1.K16,yearly,2020,P,Ua,0.087775,0.087775,93
H1.K16,yearly,2020,Tvl,rho,0.086561,0.086561,94
H1.K16,yearly,2020,W,rho,-0.085404,0.085404,95
H1.K16,yearly,2020,Trl,Ua,-0.08319,0.08319,96
H1.K16,yearly,2020,Dc,Ta,0.077018,0.077018,97
H1.K16,yearly,2020,P,Dc,-0.075308,0.075308,98
H1.K16,yearly,2020,Trl,Sc,-0.073747,0.073747,99
H1.K16,yearly,2020,Ah,Sc,-0.073381,0.073381,100
H1.K16,yearly,2020,Dp,Ua,0.071767,0.071767,101
H1.K16,yearly,2020,Dp,Igc,0.071046,0.071046,102
H1.K16,yearly,2020,Dp,Igm,0.069563,0.069563,103
H1.K16,yearly,2020,Dc,H,0.068452,0.068452,104
H1.K16,yearly,2020,H,Sc,0.068237,0.068237,105
H1.K16,yearly,2020,Tvl,H,-0.06323,0.06323,106
H1.K16,yearly,2020,Dp,Sc,-0.052412,0.052412,107
H1.K16,yearly,2020,Dc,Igm,0.051202,0.051202,108
H1.K16,yearly,2020,Dc,Igc,0.049628,0.049628,109
H1.K16,yearly,2020,V,Igm,-0.049098,0.049098,110
H1.K16,yearly,2020,V,Igc,-0.048985,0.048985,111
H1.K16,yearly,2020,Ah,Igc,0.047842,0.047842,112
H1.K16,yearly,2020,Ah,Dc,0.047156,0.047156,113
H1.K16,yearly,2020,qv,Igm,-0.04623,0.04623,114
H1.K16,yearly,2020,qv,Igc,-0.045779,0.045779,115
H1.K16,yearly,2020,Ah,Igm,0.045711,0.045711,116
H1.K16,yearly,2020,Tvl,Igm,0.044263,0.044263,117
H1.K16,yearly,2020,Tvl,Igc,0.043639,0.043639,118
H1.K16,yearly,2020,Tvl,Dc,0.041685,0.041685,119
H1.K16,yearly,2020,Dc,Ua,-0.039611,0.039611,120
H1.K16,yearly,2020,Trl,Dp,-0.038963,0.038963,121
H1.K16,yearly,2020,qv,Ua,-0.038957,0.038957,122
H1.K16,yearly,2020,Trl,Igm,0.038947,0.038947,123
H1.K16,yearly,2020,Tvl,Sc,-0.038544,0.038544,124
H1.K16,yearly,2020,Trl,Igc,0.038349,0.038349,125
H1.K16,yearly,2020,Tdiff,Igm,0.031971,0.031971,126
H1.K16,yearly,2020,Tdiff,Igc,0.031673,0.031673,127
H1.K16,yearly,2020,Trl,Ta,0.03076,0.03076,128
H1.K16,yearly,2020,Tvl,Ta,-0.027534,0.027534,129
H1.K16,yearly,2020,Trl,rho,0.027007,0.027007,130
H1.K16,yearly,2020,W,Ta,0.024709,0.024709,131
H1.K16,yearly,2020,P,Igm,-0.022848,0.022848,132
H1.K16,yearly,2020,P,Igc,-0.0225,0.0225,133
H1.K16,yearly,2020,Trl,Dc,0.022496,0.022496,134
H1.K16,yearly,2020,Trl,H,0.015181,0.015181,135
H1.K16,yearly,2020,Trl,Ah,-0.013535,0.013535,136
H1.K16,yearly,2021,Igc,Igm,0.998941,0.998941,1
H1.K16,yearly,2021,Ah,Dp,0.980037,0.980037,2
H1.K16,yearly,2021,H,Ta,0.961572,0.961572,3
H1.K16,yearly,2021,Ta,rho,-0.953678,0.953678,4
H1.K16,yearly,2021,Dp,H,0.951805,0.951805,5
H1.K16,yearly,2021,V,W,0.950177,0.950177,6
H1.K16,yearly,2021,Ah,H,0.948063,0.948063,7
H1.K16,yearly,2021,H,rho,-0.93815,0.93815,8
H1.K16,yearly,2021,Dp,rho,-0.859501,0.859501,9
H1.K16,yearly,2021,Dp,Ta,0.853681,0.853681,10
H1.K16,yearly,2021,Ah,rho,-0.827213,0.827213,11
H1.K16,yearly,2021,Ah,Ta,0.825029,0.825029,12
H1.K16,yearly,2021,W,qv,-0.741559,0.741559,13
H1.K16,yearly,2021,V,qv,-0.687395,0.687395,14
H1.K16,yearly,2021,P,Tvl,-0.668785,0.668785,15
H1.K16,yearly,2021,P,Ah,0.658482,0.658482,16
H1.K16,yearly,2021,P,H,0.643872,0.643872,17
H1.K16,yearly,2021,Tdiff,qv,0.641381,0.641381,18
H1.K16,yearly,2021,P,Dp,0.640261,0.640261,19
H1.K16,yearly,2021,Igm,Ua,-0.633527,0.633527,20
H1.K16,yearly,2021,Igc,Ua,-0.623329,0.623329,21
H1.K16,yearly,2021,Trl,Tvl,0.619492,0.619492,22
H1.K16,yearly,2021,P,Tdiff,-0.607366,0.607366,23
H1.K16,yearly,2021,Tdiff,Tvl,0.587817,0.587817,24
H1.K16,yearly,2021,P,Ta,0.579663,0.579663,25
H1.K16,yearly,2021,P,rho,-0.527319,0.527319,26
H1.K16,yearly,2021,V,Dp,0.525736,0.525736,27
H1.K16,yearly,2021,Tdiff,Dp,-0.502853,0.502853,28
H1.K16,yearly,2021,Tdiff,Ah,-0.495445,0.495445,29
H1.K16,yearly,2021,V,Ah,0.493304,0.493304,30
H1.K16,yearly,2021,Igm,Ta,0.492516,0.492516,31
H1.K16,yearly,2021,Igc,Ta,0.487044,0.487044,32
H1.K16,yearly,2021,Tdiff,V,-0.474765,0.474765,33
H1.K16,yearly,2021,Tdiff,H,-0.463494,0.463494,34
H1.K16,yearly,2021,Ta,Ua,-0.457285,0.457285,35
H1.K16,yearly,2021,V,H,0.456899,0.456899,36
H1.K16,yearly,2021,Trl,W,0.431292,0.431292,37
H1.K16,yearly,2021,Tdiff,W,-0.424483,0.424483,38
H1.K16,yearly,2021,Igm,rho,-0.414993,0.414993,39
H1.K16,yearly,2021,Igc,rho,-0.409969,0.409969,40
H1.K16,yearly,2021,Dc,Sc,0.408799,0.408799,41
H1.K16,yearly,2021,Trl,V,0.406195,0.406195,42
H1.K16,yearly,2021,Tdiff,Ta,-0.402655,0.402655,43
H1.K16,yearly,2021,V,Ta,0.39634,0.39634,44
H1.K16,yearly,2021,V,rho,-0.382266,0.382266,45
H1.K16,yearly,2021,Tdiff,rho,0.374217,0.374217,46
H1.K16,yearly,2021,Sc,Ua,-0.365393,0.365393,47
H1.K16,yearly,2021,H,Igm,0.357425,0.357425,48
H1.K16,yearly,2021,Ua,rho,0.355762,0.355762,49
H1.K16,yearly,2021,H,Igc,0.354692,0.354692,50
H1.K16,yearly,2021,Igm,Sc,0.349411,0.349411,51
H1.K16,yearly,2021,Igc,Sc,0.345073,0.345073,52
H1.K16,yearly,2021,W,Dp,0.326926,0.326926,53
H1.K16,yearly,2021,Tvl,qv,0.320485,0.320485,54
H1.K16,yearly,2021,W,Ah,0.288667,0.288667,55
H1.K16,yearly,2021,qv,Dp,-0.286999,0.286999,56
H1.K16,yearly,2021,Tvl,H,-0.271724,0.271724,57
H1.K16,yearly,2021,Tdiff,Trl,-0.268977,0.268977,58
H1.K16,yearly,2021,Tvl,Dp,-0.266136,0.266136,59
H1.K16,yearly,2021,Tvl,Ah,-0.264374,0.264374,60
H1.K16,yearly,2021,qv,Ah,-0.263562,0.263562,61
H1.K16,yearly,2021,Tvl,Ta,-0.261006,0.261006,62
H1.K16,yearly,2021,W,Ua,0.254594,0.254594,63
H1.K16,yearly,2021,Trl,qv,-0.237216,0.237216,64
H1.K16,yearly,2021,W,H,0.227689,0.227689,65
H1.K16,yearly,2021,H,Ua,-0.223539,0.223539,66
H1.K16,yearly,2021,qv,H,-0.214986,0.214986,67
H1.K16,yearly,2021,P,Trl,-0.208055,0.208055,68
H1.K16,yearly,2021,Sc,rho,-0.190807,0.190807,69
H1.K16,yearly,2021,Tvl,rho,0.185323,0.185323,70
H1.K16,yearly,2021,qv,Ua,-0.183399,0.183399,71
H1.K16,yearly,2021,qv,rho,0.182145,0.182145,72
H1.K16,yearly,2021,Dp,Igc,0.180752,0.180752,73
H1.K16,yearly,2021,Dp,Igm,0.180393,0.180393,74
H1.K16,yearly,2021,Trl,Dp,0.167749,0.167749,75
H1.K16,yearly,2021,W,rho,-0.167228,0.167228,76
H1.K16,yearly,2021,W,Ta,0.165566,0.165566,77
H1.K16,yearly,2021,Ah,Igc,0.162107,0.162107,78
H1.K16,yearly,2021,Trl,Ah,0.16203,0.16203,79
H1.K16,yearly,2021,Ah,Igm,0.161254,0.161254,80
H1.K16,yearly,2021,qv,Ta,-0.160475,0.160475,81
H1.K16,yearly,2021,Trl,Ua,0.153185,0.153185,82
H1.K16,yearly,2021,P,Igm,0.152873,0.152873,83
H1.K16,yearly,2021,P,Igc,0.152668,0.152668,84
H1.K16,yearly,2021,V,Ua,0.145183,0.145183,85
H1.K16,yearly,2021,Trl,rho,-0.139145,0.139145,86
H1.K16,yearly,2021,P,V,0.134759,0.134759,87
H1.K16,yearly,2021,Tdiff,Sc,0.133256,0.133256,88
H1.K16,yearly,2021,W,Sc,-0.133133,0.133133,89
H1.K16,yearly,2021,Trl,H,0.122377,0.122377,90
H1.K16,yearly,2021,V,Sc,-0.120083,0.120083,91
H1.K16,yearly,2021,P,Sc,-0.11844,0.11844,92
H1.K16,yearly,2021,Sc,Ta,0.117575,0.117575,93
H1.K16,yearly,2021,qv,Sc,0.11617,0.11617,94
H1.K16,yearly,2021,Dc,rho,-0.115475,0.115475,95
H1.K16,yearly,2021,Tvl,Sc,0.115246,0.115246,96
H1.K16,yearly,2021,Dc,Ua,-0.105175,0.105175,97
H1.K16,yearly,2021,Dc,Ta,0.093986,0.093986,98
H1.K16,yearly,2021,Ah,Sc,-0.092227,0.092227,99
H1.K16,yearly,2021,Dc,Igm,0.09122,0.09122,100
H1.K16,yearly,2021,Dc,Igc,0.089586,0.089586,101
H1.K16,yearly,2021,Tvl,Igm,-0.085235,0.085235,102
H1.K16,yearly,2021,Tvl,Igc,-0.085214,0.085214,103
H1.K16,yearly,2021,P,qv,-0.083351,0.083351,104
H1.K16,yearly,2021,Tdiff,Ua,-0.079216,0.079216,105
H1.K16,yearly,2021,Ah,Ua,0.078701,0.078701,106
H1.K16,yearly,2021,W,Igc,-0.078442,0.078442,107
H1.K16,yearly,2021,W,Igm,-0.078384,0.078384,108
H1.K16,yearly,2021,Trl,Ta,0.076583,0.076583,109
H1.K16,yearly,2021,Dc,H,0.072522,0.072522,110
H1.K16,yearly,2021,Dp,Sc,-0.068582,0.068582,111
H1.K16,yearly,2021,qv,Dc,0.068429,0.068429,112
H1.K16,yearly,2021,W,Dc,-0.06527,0.06527,113
H1.K16,yearly,2021,Dp,Ua,0.063611,0.063611,114
H1.K16,yearly,2021,Tvl,Ua,0.063341,0.063341,115
H1.K16,yearly,2021,Tdiff,Dc,0.060331,0.060331,116
H1.K16,yearly,2021,qv,Igc,0.056969,0.056969,117
H1.K16,yearly,2021,Trl,Igc,-0.056874,0.056874,118
H1.K16,yearly,2021,qv,Igm,0.056763,0.056763,119
H1.K16,yearly,2021,Trl,Igm,-0.056729,0.056729,120
H1.K16,yearly,2021,Dc,Dp,0.055217,0.055217,121
H1.K16,yearly,2021,Tdiff,Igm,-0.047755,0.047755,122
H1.K16,yearly,2021,Tdiff,Igc,-0.047531,0.047531,123
H1.K16,yearly,2021,Tvl,V,-0.04399,0.04399,124
H1.K16,yearly,2021,Trl,Dc,-0.043271,0.043271,125
H1.K16,yearly,2021,Ah,Dc,0.041606,0.041606,126
H1.K16,yearly,2021,V,Igm,0.037744,0.037744,127
H1.K16,yearly,2021,V,Igc,0.037661,0.037661,128
H1.K16,yearly,2021,V,Dc,-0.034829,0.034829,129
H1.K16,yearly,2021,P,Ua,-0.029287,0.029287,130
H1.K16,yearly,2021,H,Sc,0.024415,0.024415,131
H1.K16,yearly,2021,Tvl,W,0.017871,0.017871,132
H1.K16,yearly,2021,P,W,-0.01425,0.01425,133
H1.K16,yearly,2021,Tvl,Dc,0.0133,0.0133,134
H1.K16,yearly,2021,Trl,Sc,0.007961,0.007961,135
H1.K16,yearly,2021,P,Dc,0.006899,0.006899,136
H1.K16,yearly,2022,Igc,Igm,0.999111,0.999111,1
H1.K16,yearly,2022,Ah,Dp,0.97901,0.97901,2
H1.K16,yearly,2022,Ta,rho,-0.960625,0.960625,3
H1.K16,yearly,2022,H,Ta,0.947623,0.947623,4
H1.K16,yearly,2022,H,rho,-0.941202,0.941202,5
H1.K16,yearly,2022,V,W,0.919141,0.919141,6
H1.K16,yearly,2022,Dp,H,0.911456,0.911456,7
H1.K16,yearly,2022,V,qv,-0.88918,0.88918,8
H1.K16,yearly,2022,Ah,H,0.88909,0.88909,9
H1.K16,yearly,2022,Tdiff,qv,0.85196,0.85196,10
H1.K16,yearly,2022,Dp,rho,-0.786279,0.786279,11
H1.K16,yearly,2022,Tdiff,V,-0.76927,0.76927,12
H1.K16,yearly,2022,Dp,Ta,0.750422,0.750422,13
H1.K16,yearly,2022,Ah,rho,-0.735752,0.735752,14
H1.K16,yearly,2022,Tdiff,H,-0.71752,0.71752,15
H1.K16,yearly,2022,Ah,Ta,0.696999,0.696999,16
H1.K16,yearly,2022,Tdiff,rho,0.687895,0.687895,17
H1.K16,yearly,2022,W,qv,-0.686567,0.686567,18
H1.K16,yearly,2022,P,Tdiff,-0.686083,0.686083,19
H1.K16,yearly,2022,Tdiff,Ta,-0.6775,0.6775,20
H1.K16,yearly,2022,Tdiff,Dp,-0.667008,0.667008,21
H1.K16,yearly,2022,Ta,Ua,-0.644234,0.644234,22
H1.K16,yearly,2022,Tdiff,Ah,-0.642594,0.642594,23
H1.K16,yearly,2022,P,Ta,0.638882,0.638882,24
H1.K16,yearly,2022,Tvl,V,-0.637836,0.637836,25
H1.K16,yearly,2022,Tdiff,W,-0.635674,0.635674,26
H1.K16,yearly,2022,P,H,0.625989,0.625989,27
H1.K16,yearly,2022,P,rho,-0.613978,0.613978,28
H1.K16,yearly,2022,Igm,Ua,-0.608181,0.608181,29
H1.K16,yearly,2022,Tdiff,Tvl,0.600358,0.600358,30
H1.K16,yearly,2022,Igc,Ua,-0.599645,0.599645,31
H1.K16,yearly,2022,Tvl,W,-0.572932,0.572932,32
H1.K16,yearly,2022,Tvl,qv,0.565136,0.565136,33
H1.K16,yearly,2022,Ua,rho,0.547399,0.547399,34
H1.K16,yearly,2022,Igm,Ta,0.518042,0.518042,35
H1.K16,yearly,2022,P,Dp,0.515677,0.515677,36
H1.K16,yearly,2022,Igc,Ta,0.512387,0.512387,37
H1.K16,yearly,2022,P,Ah,0.489887,0.489887,38
H1.K16,yearly,2022,qv,rho,0.483902,0.483902,39
H1.K16,yearly,2022,Trl,Tvl,0.481335,0.481335,40
H1.K16,yearly,2022,qv,H,-0.474135,0.474135,41
H1.K16,yearly,2022,P,Tvl,-0.470071,0.470071,42
H1.K16,yearly,2022,qv,Dp,-0.448676,0.448676,43
H1.K16,yearly,2022,Igm,rho,-0.446394,0.446394,44
H1.K16,yearly,2022,Trl,Ta,0.445503,0.445503,45
H1.K16,yearly,2022,qv,Ta,-0.441839,0.441839,46
H1.K16,yearly,2022,Igc,rho,-0.441216,0.441216,47
H1.K16,yearly,2022,qv,Ah,-0.43447,0.43447,48
H1.K16,yearly,2022,Dc,Sc,0.425368,0.425368,49
H1.K16,yearly,2022,Trl,H,0.425347,0.425347,50
H1.K16,yearly,2022,Tdiff,Trl,-0.4103,0.4103,51
H1.K16,yearly,2022,Trl,rho,-0.397832,0.397832,52
H1.K16,yearly,2022,H,Ua,-0.388321,0.388321,53
H1.K16,yearly,2022,P,Ua,-0.385796,0.385796,54
H1.K16,yearly,2022,V,Ah,0.384345,0.384345,55
H1.K16,yearly,2022,V,Dp,0.383026,0.383026,56
H1.K16,yearly,2022,H,Igm,0.378564,0.378564,57
H1.K16,yearly,2022,H,Igc,0.37573,0.37573,58
H1.K16,yearly,2022,P,qv,-0.374712,0.374712,59
H1.K16,yearly,2022,Tvl,Dp,-0.347435,0.347435,60
H1.K16,yearly,2022,V,H,0.347085,0.347085,61
H1.K16,yearly,2022,W,Ah,0.343431,0.343431,62
H1.K16,yearly,2022,Tvl,Ah,-0.343091,0.343091,63
H1.K16,yearly,2022,Trl,Dp,0.341416,0.341416,64
H1.K16,yearly,2022,W,Dp,0.339876,0.339876,65
H1.K16,yearly,2022,V,rho,-0.337333,0.337333,66
H1.K16,yearly,2022,Trl,Ah,0.319497,0.319497,67
H1.K16,yearly,2022,Tvl,H,-0.319052,0.319052,68
H1.K16,yearly,2022,Tvl,rho,0.31364,0.31364,69
H1.K16,yearly,2022,Trl,qv,-0.289267,0.289267,70
H1.K16,yearly,2022,Igm,Sc,0.282528,0.282528,71
H1.K16,yearly,2022,Igc,Sc,0.278203,0.278203,72
H1.K16,yearly,2022,P,V,0.276575,0.276575,73
H1.K16,yearly,2022,V,Ta,0.276505,0.276505,74
H1.K16,yearly,2022,Trl,Ua,-0.270327,0.270327,75
H1.K16,yearly,2022,Tvl,Ta,-0.260577,0.260577,76
H1.K16,yearly,2022,Sc,Ua,-0.250269,0.250269,77
H1.K16,yearly,2022,P,Igm,0.248889,0.248889,78
H1.K16,yearly,2022,P,Igc,0.248867,0.248867,79
H1.K16,yearly,2022,Tdiff,Ua,0.248453,0.248453,80
H1.K16,yearly,2022,V,Sc,-0.240027,0.240027,81
H1.K16,yearly,2022,Tdiff,Igm,-0.236727,0.236727,82
H1.K16,yearly,2022,Tdiff,Igc,-0.236486,0.236486,83
H1.K16,yearly,2022,W,H,0.234847,0.234847,84
H1.K16,yearly,2022,W,Sc,-0.234269,0.234269,85
H1.K16,yearly,2022,qv,Sc,0.232797,0.232797,86
H1.K16,yearly,2022,W,Ua,0.232305,0.232305,87
H1.K16,yearly,2022,Tdiff,Sc,0.219024,0.219024,88
H1.K16,yearly,2022,P,Trl,0.213125,0.213125,89
H1.K16,yearly,2022,Trl,Igm,0.204046,0.204046,90
H1.K16,yearly,2022,Trl,Igc,0.203444,0.203444,91
H1.K16,yearly,2022,W,rho,-0.2004,0.2004,92
H1.K16,yearly,2022,qv,Igm,-0.180076,0.180076,93
H1.K16,yearly,2022,qv,Igc,-0.179913,0.179913,94
H1.K16,yearly,2022,Sc,rho,-0.173429,0.173429,95
H1.K16,yearly,2022,qv,Ua,0.144353,0.144353,96
H1.K16,yearly,2022,Dp,Igc,0.143694,0.143694,97
H1.K16,yearly,2022,Dp,Igm,0.14263,0.14263,98
H1.K16,yearly,2022,P,W,0.137581,0.137581,99
H1.K16,yearly,2022,W,Ta,0.129339,0.129339,100
H1.K16,yearly,2022,V,Dc,-0.125848,0.125848,101
H1.K16,yearly,2022,Trl,Sc,-0.122898,0.122898,102
H1.K16,yearly,2022,Sc,Ta,0.121983,0.121983,103
H1.K16,yearly,2022,Dc,rho,-0.120156,0.120156,104
H1.K16,yearly,2022,Dc,Dp,0.117326,0.117326,105
H1.K16,yearly,2022,Trl,V,0.115679,0.115679,106
H1.K16,yearly,2022,qv,Dc,0.114105,0.114105,107
H1.K16,yearly,2022,Dc,H,0.112106,0.112106,108
H1.K16,yearly,2022,Dc,Ta,0.110176,0.110176,109
H1.K16,yearly,2022,Ah,Igc,0.10724,0.10724,110
H1.K16,yearly,2022,Tvl,Sc,0.106392,0.106392,111
H1.K16,yearly,2022,Ah,Igm,0.105413,0.105413,112
H1.K16,yearly,2022,W,Dc,-0.102387,0.102387,113
H1.K16,yearly,2022,Ah,Dc,0.094048,0.094048,114
H1.K16,yearly,2022,W,Igc,-0.073923,0.073923,115
H1.K16,yearly,2022,W,Igm,-0.073831,0.073831,116
H1.K16,yearly,2022,Ah,Sc,-0.070976,0.070976,117
H1.K16,yearly,2022,Dc,Igm,0.05866,0.05866,118
H1.K16,yearly,2022,P,Dc,0.057136,0.057136,119
H1.K16,yearly,2022,Ah,Ua,0.057039,0.057039,120
H1.K16,yearly,2022,Dc,Igc,0.056251,0.056251,121
H1.K16,yearly,2022,Dc,Ua,-0.054794,0.054794,122
H1.K16,yearly,2022,V,Igm,0.049151,0.049151,123
H1.K16,yearly,2022,V,Igc,0.049036,0.049036,124
H1.K16,yearly,2022,H,Sc,0.048129,0.048129,125
H1.K16,yearly,2022,P,Sc,-0.047287,0.047287,126
H1.K16,yearly,2022,Tvl,Igc,-0.044702,0.044702,127
H1.K16,yearly,2022,Tvl,Igm,-0.044338,0.044338,128
H1.K16,yearly,2022,Trl,W,0.043963,0.043963,129
H1.K16,yearly,2022,V,Ua,0.042529,0.042529,130
H1.K16,yearly,2022,Dp,Sc,-0.038425,0.038425,131
H1.K16,yearly,2022,Tdiff,Dc,0.034171,0.034171,132
H1.K16,yearly,2022,Tvl,Dc,0.024399,0.024399,133
H1.K16,yearly,2022,Trl,Dc,-0.012282,0.012282,134
H1.K16,yearly,2022,Tvl,Ua,-0.004391,0.004391,135
H1.K16,yearly,2022,Dp,Ua,0.003813,0.003813,136
H1.K16,yearly,2023,Igc,Igm,0.999076,0.999076,1
H1.K16,yearly,2023,V,W,0.997432,0.997432,2
H1.K16,yearly,2023,Trl,Tvl,0.982646,0.982646,3
H1.K16,yearly,2023,Ah,Dp,0.978028,0.978028,4
H1.K16,yearly,2023,H,Ta,0.948166,0.948166,5
H1.K16,yearly,2023,Ta,rho,-0.943444,0.943444,6
H1.K16,yearly,2023,Dp,H,0.941159,0.941159,7
H1.K16,yearly,2023,Ah,H,0.92545,0.92545,8
H1.K16,yearly,2023,H,rho,-0.924199,0.924199,9
H1.K16,yearly,2023,Dp,rho,-0.828248,0.828248,10
H1.K16,yearly,2023,Tdiff,Tvl,0.815127,0.815127,11
H1.K16,yearly,2023,Dp,Ta,0.80791,0.80791,12
H1.K16,yearly,2023,Ah,rho,-0.77315,0.77315,13
H1.K16,yearly,2023,Ah,Ta,0.757801,0.757801,14
H1.K16,yearly,2023,Tdiff,Trl,0.697561,0.697561,15
H1.K16,yearly,2023,Igm,Ua,-0.628264,0.628264,16
H1.K16,yearly,2023,Igc,Ua,-0.619241,0.619241,17
H1.K16,yearly,2023,Ta,Ua,-0.561855,0.561855,18
H1.K16,yearly,2023,Igm,Ta,0.501012,0.501012,19
H1.K16,yearly,2023,Igc,Ta,0.495641,0.495641,20
H1.K16,yearly,2023,Ua,rho,0.438973,0.438973,21
H1.K16,yearly,2023,Dc,Sc,0.415874,0.415874,22
H1.K16,yearly,2023,Igm,rho,-0.404063,0.404063,23
H1.K16,yearly,2023,Igc,rho,-0.399131,0.399131,24
H1.K16,yearly,2023,H,Igm,0.352129,0.352129,25
H1.K16,yearly,2023,H,Igc,0.349482,0.349482,26
H1.K16,yearly,2023,V,Dp,0.323181,0.323181,27
H1.K16,yearly,2023,V,Ah,0.310889,0.310889,28
H1.K16,yearly,2023,H,Ua,-0.295355,0.295355,29
H1.K16,yearly,2023,W,Dp,0.28603,0.28603,30
H1.K16,yearly,2023,W,Ah,0.272798,0.272798,31
H1.K16,yearly,2023,V,H,0.25312,0.25312,32
H1.K16,yearly,2023,V,rho,-0.25091,0.25091,33
H1.K16,yearly,2023,Sc,Ua,-0.240099,0.240099,34
H1.K16,yearly,2023,Igm,Sc,0.239085,0.239085,35
H1.K16,yearly,2023,Igc,Sc,0.2354,0.2354,36
H1.K16,yearly,2023,Tvl,rho,0.228612,0.228612,37
H1.K16,yearly,2023,Tdiff,H,-0.226737,0.226737,38
H1.K16,yearly,2023,Tdiff,Ta,-0.221748,0.221748,39
H1.K16,yearly,2023,Trl,rho,0.21992,0.21992,40
H1.K16,yearly,2023,Tdiff,rho,0.217078,0.217078,41
H1.K16,yearly,2023,W,rho,-0.210105,0.210105,42
H1.K16,yearly,2023,Tvl,H,-0.209767,0.209767,43
H1.K16,yearly,2023,W,H,0.208357,0.208357,44
H1.K16,yearly,2023,Tvl,Ta,-0.200034,0.200034,45
H1.K16,yearly,2023,Tdiff,Ah,-0.198539,0.198539,46
H1.K16,yearly,2023,Trl,V,-0.19717,0.19717,47
H1.K16,yearly,2023,W,Ua,0.196406,0.196406,48
H1.K16,yearly,2023,Trl,H,-0.193723,0.193723,49
H1.K16,yearly,2023,Tvl,Ah,-0.189938,0.189938,50
H1.K16,yearly,2023,Trl,Ta,-0.183515,0.183515,51
H1.K16,yearly,2023,Tdiff,Dp,-0.181508,0.181508,52
H1.K16,yearly,2023,Trl,W,-0.178313,0.178313,53
H1.K16,yearly,2023,Tvl,Dp,-0.177405,0.177405,54
H1.K16,yearly,2023,Trl,Ah,-0.17734,0.17734,55
H1.K16,yearly,2023,V,Ta,0.176774,0.176774,56
H1.K16,yearly,2023,qv,H,0.176538,0.176538,57
H1.K16,yearly,2023,qv,Ta,0.171826,0.171826,58
H1.K16,yearly,2023,V,Ua,0.171637,0.171637,59
H1.K16,yearly,2023,Trl,Dp,-0.168962,0.168962,60
H1.K16,yearly,2023,qv,Dp,0.166585,0.166585,61
H1.K16,yearly,2023,Tvl,V,-0.165968,0.165968,62
H1.K16,yearly,2023,qv,Ah,0.159151,0.159151,63
H1.K16,yearly,2023,qv,rho,-0.15725,0.15725,64
H1.K16,yearly,2023,Dp,Igc,0.151924,0.151924,65
H1.K16,yearly,2023,Dp,Igm,0.151301,0.151301,66
H1.K16,yearly,2023,Tvl,W,-0.147505,0.147505,67
H1.K16,yearly,2023,P,Trl,-0.143285,0.143285,68
H1.K16,yearly,2023,P,Tvl,-0.136686,0.136686,69
H1.K16,yearly,2023,Sc,rho,-0.134426,0.134426,70
H1.K16,yearly,2023,Ah,Sc,-0.134369,0.134369,71
H1.K16,yearly,2023,W,Ta,0.131719,0.131719,72
H1.K16,yearly,2023,V,qv,0.130901,0.130901,73
H1.K16,yearly,2023,Tdiff,Ua,0.128032,0.128032,74
H1.K16,yearly,2023,Ah,Igc,0.122984,0.122984,75
H1.K16,yearly,2023,Ah,Igm,0.12185,0.12185,76
H1.K16,yearly,2023,W,qv,0.118644,0.118644,77
H1.K16,yearly,2023,P,Tdiff,-0.111659,0.111659,78
H1.K16,yearly,2023,Trl,qv,-0.102676,0.102676,79
H1.K16,yearly,2023,Tvl,Ua,0.099515,0.099515,80
H1.K16,yearly,2023,Tvl,Igc,-0.095985,0.095985,81
H1.K16,yearly,2023,Tvl,Igm,-0.095949,0.095949,82
H1.K16,yearly,2023,Trl,Sc,0.095361,0.095361,83
H1.K16,yearly,2023,Trl,Igc,-0.092349,0.092349,84
H1.K16,yearly,2023,Trl,Igm,-0.092176,0.092176,85
H1.K16,yearly,2023,Tvl,Sc,0.09081,0.09081,86
H1.K16,yearly,2023,Tdiff,Igm,-0.088476,0.088476,87
H1.K16,yearly,2023,Tdiff,Igc,-0.088052,0.088052,88
H1.K16,yearly,2023,Dp,Sc,-0.086909,0.086909,89
H1.K16,yearly,2023,Trl,Ua,0.082554,0.082554,90
H1.K16,yearly,2023,qv,Igm,0.078032,0.078032,91
H1.K16,yearly,2023,qv,Igc,0.077404,0.077404,92
H1.K16,yearly,2023,W,Igc,-0.07547,0.07547,93
H1.K16,yearly,2023,W,Igm,-0.075119,0.075119,94
H1.K16,yearly,2023,Ah,Ua,0.07073,0.07073,95
H1.K16,yearly,2023,Tdiff,Sc,0.068105,0.068105,96
H1.K16,yearly,2023,Tvl,qv,-0.066119,0.066119,97
H1.K16,yearly,2023,Tdiff,qv,0.06324,0.06324,98
H1.K16,yearly,2023,Sc,Ta,0.057457,0.057457,99
H1.K16,yearly,2023,Trl,Dc,0.05701,0.05701,100
H1.K16,yearly,2023,P,H,0.054941,0.054941,101
H1.K16,yearly,2023,qv,Ua,-0.054698,0.054698,102
H1.K16,yearly,2023,Tvl,Dc,0.054105,0.054105,103
H1.K16,yearly,2023,P,Ta,0.053528,0.053528,104
H1.K16,yearly,2023,P,rho,-0.052642,0.052642,105
H1.K16,yearly,2023,P,Dp,0.052609,0.052609,106
H1.K16,yearly,2023,V,Igc,-0.052564,0.052564,107
H1.K16,yearly,2023,V,Igm,-0.052216,0.052216,108
H1.K16,yearly,2023,qv,Sc,-0.051469,0.051469,109
H1.K16,yearly,2023,P,V,0.050468,0.050468,110
H1.K16,yearly,2023,Tdiff,V,-0.05009,0.05009,111
H1.K16,yearly,2023,P,Ah,0.04965,0.04965,112
H1.K16,yearly,2023,Dc,rho,-0.048647,0.048647,113
H1.K16,yearly,2023,P,W,0.047505,0.047505,114
H1.K16,yearly,2023,P,qv,0.041296,0.041296,115
H1.K16,yearly,2023,W,Dc,0.039686,0.039686,116
H1.K16,yearly,2023,Tdiff,Dc,0.03836,0.03836,117
H1.K16,yearly,2023,Tdiff,W,-0.037068,0.037068,118
H1.K16,yearly,2023,V,Dc,0.035529,0.035529,119
H1.K16,yearly,2023,V,Sc,-0.033029,0.033029,120
H1.K16,yearly,2023,H,Sc,-0.030548,0.030548,121
H1.K16,yearly,2023,P,Sc,-0.026212,0.026212,122
H1.K16,yearly,2023,W,Sc,-0.025058,0.025058,123
H1.K16,yearly,2023,Dc,Igc,-0.022453,0.022453,124
H1.K16,yearly,2023,P,Ua,-0.022385,0.022385,125
H1.K16,yearly,2023,Dp,Ua,0.021533,0.021533,126
H1.K16,yearly,2023,Dc,Igm,-0.019051,0.019051,127
H1.K16,yearly,2023,qv,Dc,-0.016971,0.016971,128
H1.K16,yearly,2023,Dc,Dp,0.012539,0.012539,129
H1.K16,yearly,2023,Ah,Dc,-0.007114,0.007114,130
H1.K16,yearly,2023,Dc,H,-0.006075,0.006075,131
H1.K16,yearly,2023,P,Igm,-0.005473,0.005473,132
H1.K16,yearly,2023,P,Igc,-0.005371,0.005371,133
H1.K16,yearly,2023,Dc,Ta,-0.005251,0.005251,134
H1.K16,yearly,2023,P,Dc,-0.004637,0.004637,135
H1.K16,yearly,2023,Dc,Ua,0.003068,0.003068,136
H2.K21,yearly,2018,Igc,Igm,0.999171,0.999171,1
H2.K21,yearly,2018,V,W,0.983601,0.983601,2
H2.K21,yearly,2018,Trl,Tvl,0.970717,0.970717,3
H2.K21,yearly,2018,Ah,Dp,0.96932,0.96932,4
H2.K21,yearly,2018,Ta,rho,-0.966631,0.966631,5
H2.K21,yearly,2018,H,Ta,0.959319,0.959319,6
H2.K21,yearly,2018,H,rho,-0.941897,0.941897,7
H2.K21,yearly,2018,Dp,H,0.925419,0.925419,8
H2.K21,yearly,2018,Ah,H,0.915519,0.915519,9
H2.K21,yearly,2018,P,Tdiff,-0.895226,0.895226,10
H2.K21,yearly,2018,Dp,rho,-0.814303,0.814303,11
H2.K21,yearly,2018,Dp,Ta,0.808386,0.808386,12
H2.K21,yearly,2018,Ah,rho,-0.770833,0.770833,13
H2.K21,yearly,2018,Ah,Ta,0.765441,0.765441,14
H2.K21,yearly,2018,P,qv,0.634163,0.634163,15
H2.K21,yearly,2018,Igm,Ua,-0.624524,0.624524,16
H2.K21,yearly,2018,Igc,Ua,-0.615457,0.615457,17
H2.K21,yearly,2018,Ta,Ua,-0.593472,0.593472,18
H2.K21,yearly,2018,Tvl,qv,-0.567411,0.567411,19
H2.K21,yearly,2018,W,qv,0.566202,0.566202,20
H2.K21,yearly,2018,P,Igm,0.55029,0.55029,21
H2.K21,yearly,2018,P,Igc,0.546645,0.546645,22
H2.K21,yearly,2018,P,Ta,0.542907,0.542907,23
H2.K21,yearly,2018,Igm,Ta,0.538315,0.538315,24
H2.K21,yearly,2018,Ua,rho,0.533642,0.533642,25
H2.K21,yearly,2018,Igc,Ta,0.533294,0.533294,26
H2.K21,yearly,2018,Trl,qv,-0.519097,0.519097,27
H2.K21,yearly,2018,V,qv,0.511625,0.511625,28
H2.K21,yearly,2018,Tdiff,qv,-0.50897,0.50897,29
H2.K21,yearly,2018,Tdiff,Igm,-0.498061,0.498061,30
H2.K21,yearly,2018,Tdiff,Igc,-0.494612,0.494612,31
H2.K21,yearly,2018,P,rho,-0.490875,0.490875,32
H2.K21,yearly,2018,Igm,rho,-0.489496,0.489496,33
H2.K21,yearly,2018,P,H,0.48557,0.48557,34
H2.K21,yearly,2018,Igc,rho,-0.484774,0.484774,35
H2.K21,yearly,2018,Tdiff,Ta,-0.457196,0.457196,36
H2.K21,yearly,2018,P,Ua,-0.442028,0.442028,37
H2.K21,yearly,2018,Tvl,W,-0.432057,0.432057,38
H2.K21,yearly,2018,Trl,W,-0.428434,0.428434,39
H2.K21,yearly,2018,Tdiff,rho,0.426208,0.426208,40
H2.K21,yearly,2018,H,Igm,0.419252,0.419252,41
H2.K21,yearly,2018,H,Igc,0.41707,0.41707,42
H2.K21,yearly,2018,Trl,V,-0.405112,0.405112,43
H2.K21,yearly,2018,Tvl,V,-0.403673,0.403673,44
H2.K21,yearly,2018,Tdiff,H,-0.4013,0.4013,45
H2.K21,yearly,2018,Tdiff,Ua,0.390787,0.390787,46
H2.K21,yearly,2018,qv,Igm,0.381543,0.381543,47
H2.K21,yearly,2018,qv,Igc,0.378809,0.378809,48
H2.K21,yearly,2018,H,Ua,-0.377658,0.377658,49
H2.K21,yearly,2018,qv,Ta,0.363969,0.363969,50
H2.K21,yearly,2018,Dc,Sc,0.343783,0.343783,51
H2.K21,yearly,2018,P,Dp,0.322295,0.322295,52
H2.K21,yearly,2018,P,Ah,0.321993,0.321993,53
H2.K21,yearly,2018,qv,H,0.319545,0.319545,54
H2.K21,yearly,2018,Igm,Sc,0.313819,0.313819,55
H2.K21,yearly,2018,Sc,Ua,-0.312832,0.312832,56
H2.K21,yearly,2018,Igc,Sc,0.309467,0.309467,57
H2.K21,yearly,2018,qv,rho,-0.287774,0.287774,58
H2.K21,yearly,2018,qv,Ua,-0.287589,0.287589,59
H2.K21,yearly,2018,Tdiff,Dp,-0.256755,0.256755,60
H2.K21,yearly,2018,Tdiff,Ah,-0.253034,0.253034,61
H2.K21,yearly,2018,Trl,rho,-0.232625,0.232625,62
H2.K21,yearly,2018,qv,Dp,0.226876,0.226876,63
H2.K21,yearly,2018,P,Tvl,-0.226177,0.226177,64
H2.K21,yearly,2018,Dc,Dp,0.212072,0.212072,65
H2.K21,yearly,2018,qv,Ah,0.208715,0.208715,66
H2.K21,yearly,2018,Trl,H,0.206813,0.206813,67
H2.K21,yearly,2018,Trl,Ta,0.206435,0.206435,68
H2.K21,yearly,2018,Dp,Igc,0.205473,0.205473,69
H2.K21,yearly,2018,Dp,Igm,0.204109,0.204109,70
H2.K21,yearly,2018,Dc,rho,-0.18665,0.18665,71
H2.K21,yearly,2018,Ah,Igc,0.18527,0.18527,72
H2.K21,yearly,2018,V,Ua,0.183766,0.183766,73
H2.K21,yearly,2018,Ah,Igm,0.182997,0.182997,74
H2.K21,yearly,2018,Dc,Ta,0.176572,0.176572,75
H2.K21,yearly,2018,Trl,Ah,0.176525,0.176525,76
H2.K21,yearly,2018,Trl,Dp,0.176193,0.176193,77
H2.K21,yearly,2018,Dc,H,0.175893,0.175893,78
H2.K21,yearly,2018,Tvl,rho,-0.167999,0.167999,79
H2.K21,yearly,2018,P,Sc,0.162286,0.162286,80
H2.K21,yearly,2018,Ah,Sc,-0.16197,0.16197,81
H2.K21,yearly,2018,Ah,Dc,0.156832,0.156832,82
H2.K21,yearly,2018,Tdiff,Tvl,0.155962,0.155962,83
H2.K21,yearly,2018,qv,Sc,0.154251,0.154251,84
H2.K21,yearly,2018,Tdiff,Sc,-0.153083,0.153083,85
H2.K21,yearly,2018,Tvl,H,0.1471,0.1471,86
H2.K21,yearly,2018,Dp,Sc,-0.143094,0.143094,87
H2.K21,yearly,2018,W,Dp,0.143082,0.143082,88
H2.K21,yearly,2018,W,Ua,0.141167,0.141167,89
H2.K21,yearly,2018,Tvl,Ta,0.140556,0.140556,90
H2.K21,yearly,2018,V,Igm,-0.139488,0.139488,91
H2.K21,yearly,2018,V,Igc,-0.139407,0.139407,92
H2.K21,yearly,2018,Tvl,Ah,0.134514,0.134514,93
H2.K21,yearly,2018,Tvl,Dp,0.128897,0.128897,94
H2.K21,yearly,2018,P,Trl,-0.128867,0.128867,95
H2.K21,yearly,2018,P,W,0.12102,0.12102,96
H2.K21,yearly,2018,Trl,Ua,-0.11926,0.11926,97
H2.K21,yearly,2018,Trl,Igc,0.116323,0.116323,98
H2.K21,yearly,2018,Trl,Igm,0.115575,0.115575,99
H2.K21,yearly,2018,W,Igm,-0.115448,0.115448,100
H2.K21,yearly,2018,W,Igc,-0.115376,0.115376,101
H2.K21,yearly,2018,W,Ah,0.107319,0.107319,102
H2.K21,yearly,2018,V,rho,0.106776,0.106776,103
H2.K21,yearly,2018,Sc,rho,-0.098609,0.098609,104
H2.K21,yearly,2018,Tdiff,Dc,-0.081973,0.081973,105
H2.K21,yearly,2018,P,Dc,0.081701,0.081701,106
H2.K21,yearly,2018,Tvl,Sc,-0.080687,0.080687,107
H2.K21,yearly,2018,W,Sc,-0.07747,0.07747,108
H2.K21,yearly,2018,Tvl,Ua,-0.076495,0.076495,109
H2.K21,yearly,2018,Dc,Igm,0.076061,0.076061,110
H2.K21,yearly,2018,Dc,Igc,0.0745,0.0745,111
H2.K21,yearly,2018,V,Dp,0.07399,0.07399,112
H2.K21,yearly,2018,P,V,0.069337,0.069337,113
H2.K21,yearly,2018,W,H,0.067109,0.067109,114
H2.K21,yearly,2018,V,Sc,-0.064664,0.064664,115
H2.K21,yearly,2018,Trl,Dc,0.061878,0.061878,116
H2.K21,yearly,2018,Sc,Ta,0.058441,0.058441,117
H2.K21,yearly,2018,qv,Dc,0.057477,0.057477,118
H2.K21,yearly,2018,Tvl,Igc,0.056595,0.056595,119
H2.K21,yearly,2018,Tvl,Igm,0.055383,0.055383,120
H2.K21,yearly,2018,Trl,Sc,-0.054847,0.054847,121
H2.K21,yearly,2018,Tdiff,W,-0.052365,0.052365,122
H2.K21,yearly,2018,Tdiff,Trl,0.045625,0.045625,123
H2.K21,yearly,2018,W,Ta,0.04019,0.04019,124
H2.K21,yearly,2018,Tvl,Dc,0.03919,0.03919,125
H2.K21,yearly,2018,V,Ta,-0.039025,0.039025,126
H2.K21,yearly,2018,V,Ah,0.037868,0.037868,127
H2.K21,yearly,2018,H,Sc,-0.032065,0.032065,128
H2.K21,yearly,2018,W,rho,0.031052,0.031052,129
H2.K21,yearly,2018,W,Dc,0.023468,0.023468,130
H2.K21,yearly,2018,Dp,Ua,-0.021671,0.021671,131
H2.K21,yearly,2018,V,Dc,0.02094,0.02094,132
H2.K21,yearly,2018,Dc,Ua,-0.018222,0.018222,133
H2.K21,yearly,2018,V,H,-0.012836,0.012836,134
H2.K21,yearly,2018,Tdiff,V,-0.010971,0.010971,135
H2.K21,yearly,2018,Ah,Ua,-0.004135,0.004135,136
H2.K21,yearly,2019,Igc,Igm,0.999227,0.999227,1
H2.K21,yearly,2019,V,W,0.996762,0.996762,2
H2.K21,yearly,2019,Ah,Dp,0.982017,0.982017,3
H2.K21,yearly,2019,H,Ta,0.946742,0.946742,4
H2.K21,yearly,2019,Ta,rho,-0.941822,0.941822,5
H2.K21,yearly,2019,Trl,Tvl,0.939833,0.939833,6
H2.K21,yearly,2019,H,rho,-0.928951,0.928951,7
H2.K21,yearly,2019,Dp,H,0.926717,0.926717,8
H2.K21,yearly,2019,Ah,H,0.909866,0.909866,9
H2.K21,yearly,2019,Dp,rho,-0.811417,0.811417,10
H2.K21,yearly,2019,Dp,Ta,0.773904,0.773904,11
H2.K21,yearly,2019,Ah,rho,-0.762449,0.762449,12
H2.K21,yearly,2019,Trl,qv,-0.756465,0.756465,13
H2.K21,yearly,2019,P,qv,0.73537,0.73537,14
H2.K21,yearly,2019,Ah,Ta,0.728501,0.728501,15
H2.K21,yearly,2019,Tvl,qv,-0.716033,0.716033,16
H2.K21,yearly,2019,P,Ta,0.684471,0.684471,17
H2.K21,yearly,2019,Igm,Ua,-0.645785,0.645785,18
H2.K21,yearly,2019,Igc,Ua,-0.636499,0.636499,19
H2.K21,yearly,2019,P,H,0.628035,0.628035,20
H2.K21,yearly,2019,qv,Ta,0.618835,0.618835,21
H2.K21,yearly,2019,Ta,Ua,-0.614788,0.614788,22
H2.K21,yearly,2019,P,Tdiff,-0.611866,0.611866,23
H2.K21,yearly,2019,P,rho,-0.605083,0.605083,24
H2.K21,yearly,2019,qv,H,0.584937,0.584937,25
H2.K21,yearly,2019,Igm,Ta,0.538483,0.538483,26
H2.K21,yearly,2019,qv,rho,-0.538193,0.538193,27
H2.K21,yearly,2019,Igc,Ta,0.532929,0.532929,28
H2.K21,yearly,2019,P,Igm,0.529849,0.529849,29
H2.K21,yearly,2019,P,Igc,0.525467,0.525467,30
H2.K21,yearly,2019,Tvl,W,0.516083,0.516083,31
H2.K21,yearly,2019,P,Ua,-0.501307,0.501307,32
H2.K21,yearly,2019,Tvl,V,0.496081,0.496081,33
H2.K21,yearly,2019,Dc,Sc,0.48533,0.48533,34
H2.K21,yearly,2019,qv,Igm,0.474689,0.474689,35
H2.K21,yearly,2019,Ua,rho,0.47409,0.47409,36
H2.K21,yearly,2019,qv,Igc,0.471985,0.471985,37
H2.K21,yearly,2019,Trl,W,0.471731,0.471731,38
H2.K21,yearly,2019,Trl,V,0.449718,0.449718,39
H2.K21,yearly,2019,qv,Ua,-0.449147,0.449147,40
H2.K21,yearly,2019,qv,Ah,0.441684,0.441684,41
H2.K21,yearly,2019,P,Ah,0.44145,0.44145,42
H2.K21,yearly,2019,Igm,rho,-0.439571,0.439571,43
H2.K21,yearly,2019,P,Dp,0.438953,0.438953,44
H2.K21,yearly,2019,Igc,rho,-0.434516,0.434516,45
H2.K21,yearly,2019,qv,Dp,0.429697,0.429697,46
H2.K21,yearly,2019,P,Tvl,-0.420434,0.420434,47
H2.K21,yearly,2019,V,Dp,0.413182,0.413182,48
H2.K21,yearly,2019,P,Trl,-0.411288,0.411288,49
H2.K21,yearly,2019,V,Ah,0.391775,0.391775,50
H2.K21,yearly,2019,H,Igm,0.385288,0.385288,51
H2.K21,yearly,2019,H,Igc,0.382804,0.382804,52
H2.K21,yearly,2019,W,Dp,0.378187,0.378187,53
H2.K21,yearly,2019,W,Ah,0.358418,0.358418,54
H2.K21,yearly,2019,H,Ua,-0.349449,0.349449,55
H2.K21,yearly,2019,Trl,Ta,-0.327448,0.327448,56
H2.K21,yearly,2019,Tdiff,Ta,-0.32059,0.32059,57
H2.K21,yearly,2019,V,H,0.312003,0.312003,58
H2.K21,yearly,2019,Trl,H,-0.308469,0.308469,59
H2.K21,yearly,2019,Tvl,Ta,-0.301253,0.301253,60
H2.K21,yearly,2019,Tdiff,qv,-0.297258,0.297258,61
H2.K21,yearly,2019,Igm,Sc,0.296984,0.296984,62
H2.K21,yearly,2019,Tvl,Ua,0.294283,0.294283,63
H2.K21,yearly,2019,Tdiff,H,-0.293723,0.293723,64
H2.K21,yearly,2019,Tdiff,rho,0.293582,0.293582,65
H2.K21,yearly,2019,Igc,Sc,0.292833,0.292833,66
H2.K21,yearly,2019,Tdiff,Igm,-0.288692,0.288692,67
H2.K21,yearly,2019,Trl,Ua,0.287423,0.287423,68
H2.K21,yearly,2019,Tdiff,Igc,-0.285471,0.285471,69
H2.K21,yearly,2019,Trl,rho,0.280901,0.280901,70
H2.K21,yearly,2019,Tvl,H,-0.276178,0.276178,71
H2.K21,yearly,2019,W,H,0.274419,0.274419,72
H2.K21,yearly,2019,Sc,Ua,-0.272901,0.272901,73
H2.K21,yearly,2019,V,rho,-0.261184,0.261184,74
H2.K21,yearly,2019,Tvl,rho,0.251439,0.251439,75
H2.K21,yearly,2019,Trl,Ah,-0.231799,0.231799,76
H2.K21,yearly,2019,Tdiff,Ua,0.231597,0.231597,77
H2.K21,yearly,2019,W,rho,-0.225669,0.225669,78
H2.K21,yearly,2019,Tvl,Igm,-0.219002,0.219002,79
H2.K21,yearly,2019,Tvl,Igc,-0.218336,0.218336,80
H2.K21,yearly,2019,W,Ua,0.216612,0.216612,81
H2.K21,yearly,2019,V,Ta,0.21572,0.21572,82
H2.K21,yearly,2019,Trl,Igm,-0.215693,0.215693,83
H2.K21,yearly,2019,Trl,Igc,-0.215347,0.215347,84
H2.K21,yearly,2019,Trl,Dp,-0.209239,0.209239,85
H2.K21,yearly,2019,V,Sc,-0.205458,0.205458,86
H2.K21,yearly,2019,V,Ua,0.202262,0.202262,87
H2.K21,yearly,2019,Tdiff,Ah,-0.200669,0.200669,88
H2.K21,yearly,2019,W,qv,-0.19882,0.19882,89
H2.K21,yearly,2019,W,Sc,-0.197567,0.197567,90
H2.K21,yearly,2019,Tvl,Ah,-0.195174,0.195174,91
H2.K21,yearly,2019,Tdiff,Dp,-0.195031,0.195031,92
H2.K21,yearly,2019,Sc,rho,-0.186921,0.186921,93
H2.K21,yearly,2019,W,Ta,0.179285,0.179285,94
H2.K21,yearly,2019,Tvl,Dp,-0.169497,0.169497,95
H2.K21,yearly,2019,V,qv,-0.167771,0.167771,96
H2.K21,yearly,2019,Dp,Igc,0.163095,0.163095,97
H2.K21,yearly,2019,Dp,Igm,0.161794,0.161794,98
H2.K21,yearly,2019,Tdiff,Tvl,0.146229,0.146229,99
H2.K21,yearly,2019,Ah,Igc,0.125997,0.125997,100
H2.K21,yearly,2019,Ah,Igm,0.124003,0.124003,101
H2.K21,yearly,2019,Sc,Ta,0.11817,0.11817,102
H2.K21,yearly,2019,Tdiff,V,-0.111803,0.111803,103
H2.K21,yearly,2019,Tdiff,W,-0.097274,0.097274,104
H2.K21,yearly,2019,Ah,Sc,-0.097108,0.097108,105
H2.K21,yearly,2019,Tvl,Sc,-0.092048,0.092048,106
H2.K21,yearly,2019,Tvl,Dc,-0.090002,0.090002,107
H2.K21,yearly,2019,qv,Dc,0.089976,0.089976,108
H2.K21,yearly,2019,qv,Sc,0.087269,0.087269,109
H2.K21,yearly,2019,Trl,Dc,-0.086658,0.086658,110
H2.K21,yearly,2019,V,Dc,-0.085507,0.085507,111
H2.K21,yearly,2019,Dc,rho,-0.079576,0.079576,112
H2.K21,yearly,2019,W,Dc,-0.075666,0.075666,113
H2.K21,yearly,2019,P,Sc,0.073619,0.073619,114
H2.K21,yearly,2019,Trl,Sc,-0.070768,0.070768,115
H2.K21,yearly,2019,Tdiff,Trl,0.070321,0.070321,116
H2.K21,yearly,2019,W,Igc,-0.0697,0.0697,117
H2.K21,yearly,2019,W,Igm,-0.069639,0.069639,118
H2.K21,yearly,2019,Dc,Ta,0.054758,0.054758,119
H2.K21,yearly,2019,Dc,Igm,0.054162,0.054162,120
H2.K21,yearly,2019,Dp,Sc,-0.054154,0.054154,121
H2.K21,yearly,2019,Ah,Ua,0.053409,0.053409,122
H2.K21,yearly,2019,Dc,Dp,0.052682,0.052682,123
H2.K21,yearly,2019,Dc,Igc,0.051992,0.051992,124
H2.K21,yearly,2019,Dc,Ua,-0.05088,0.05088,125
H2.K21,yearly,2019,V,Igc,-0.048118,0.048118,126
H2.K21,yearly,2019,V,Igm,-0.048062,0.048062,127
H2.K21,yearly,2019,Dc,H,0.043702,0.043702,128
H2.K21,yearly,2019,Tdiff,Dc,0.037059,0.037059,129
H2.K21,yearly,2019,P,W,-0.036705,0.036705,130
H2.K21,yearly,2019,Tdiff,Sc,-0.035825,0.035825,131
H2.K21,yearly,2019,H,Sc,0.027132,0.027132,132
H2.K21,yearly,2019,Ah,Dc,0.02434,0.02434,133
H2.K21,yearly,2019,P,Dc,0.019215,0.019215,134
H2.K21,yearly,2019,P,V,-0.009011,0.009011,135
H2.K21,yearly,2019,Dp,Ua,0.006579,0.006579,136
H2.K21,yearly,2020,Igc,Igm,0.999193,0.999193,1
H2.K21,yearly,2020,Trl,Tvl,0.994138,0.994138,2
H2.K21,yearly,2020,V,W,0.989808,0.989808,3
H2.K21,yearly,2020,Ah,Dp,0.977155,0.977155,4
H2.K21,yearly,2020,Ta,rho,-0.945224,0.945224,5
H2.K21,yearly,2020,H,Ta,0.938979,0.938979,6
H2.K21,yearly,2020,H,rho,-0.923633,0.923633,7
H2.K21,yearly,2020,Dp,H,0.900835,0.900835,8
H2.K21,yearly,2020,Ah,H,0.891492,0.891492,9
H2.K21,yearly,2020,Dp,rho,-0.756824,0.756824,10
H2.K21,yearly,2020,P,qv,0.72899,0.72899,11
H2.K21,yearly,2020,Dp,Ta,0.718312,0.718312,12
H2.K21,yearly,2020,Ah,rho,-0.717632,0.717632,13
H2.K21,yearly,2020,Ah,Ta,0.681928,0.681928,14
H2.K21,yearly,2020,Tvl,qv,-0.637512,0.637512,15
H2.K21,yearly,2020,Ta,Ua,-0.62985,0.62985,16
H2.K21,yearly,2020,Igm,Ua,-0.621652,0.621652,17
H2.K21,yearly,2020,Trl,qv,-0.619783,0.619783,18
H2.K21,yearly,2020,Igc,Ua,-0.613041,0.613041,19
H2.K21,yearly,2020,P,Tdiff,-0.575171,0.575171,20
H2.K21,yearly,2020,P,Ta,0.5217,0.5217,21
H2.K21,yearly,2020,Ua,rho,0.510223,0.510223,22
H2.K21,yearly,2020,Igm,Ta,0.499238,0.499238,23
H2.K21,yearly,2020,Trl,V,-0.494419,0.494419,24
H2.K21,yearly,2020,Igc,Ta,0.493467,0.493467,25
H2.K21,yearly,2020,P,Igm,0.492335,0.492335,26
H2.K21,yearly,2020,P,Igc,0.487812,0.487812,27
H2.K21,yearly,2020,Tvl,V,-0.484843,0.484843,28
H2.K21,yearly,2020,P,rho,-0.460174,0.460174,29
H2.K21,yearly,2020,Trl,W,-0.456577,0.456577,30
H2.K21,yearly,2020,Tvl,W,-0.447249,0.447249,31
H2.K21,yearly,2020,P,H,0.445988,0.445988,32
H2.K21,yearly,2020,P,Tvl,-0.431717,0.431717,33
H2.K21,yearly,2020,V,qv,0.431606,0.431606,34
H2.K21,yearly,2020,qv,Igm,0.428754,0.428754,35
H2.K21,yearly,2020,qv,Igc,0.42426,0.42426,36
H2.K21,yearly,2020,Igm,rho,-0.412373,0.412373,37
H2.K21,yearly,2020,P,Ua,-0.408327,0.408327,38
H2.K21,yearly,2020,Igc,rho,-0.407199,0.407199,39
H2.K21,yearly,2020,Dc,Sc,0.40669,0.40669,40
H2.K21,yearly,2020,qv,Ta,0.394731,0.394731,41
H2.K21,yearly,2020,W,qv,0.393594,0.393594,42
H2.K21,yearly,2020,P,Trl,-0.389385,0.389385,43
H2.K21,yearly,2020,qv,rho,-0.348576,0.348576,44
H2.K21,yearly,2020,H,Ua,-0.346098,0.346098,45
H2.K21,yearly,2020,H,Igm,0.331536,0.331536,46
H2.K21,yearly,2020,H,Igc,0.328922,0.328922,47
H2.K21,yearly,2020,qv,H,0.327829,0.327829,48
H2.K21,yearly,2020,Igm,Sc,0.315729,0.315729,49
H2.K21,yearly,2020,Igc,Sc,0.31166,0.31166,50
H2.K21,yearly,2020,Sc,Ua,-0.310939,0.310939,51
H2.K21,yearly,2020,qv,Ua,-0.307101,0.307101,52
H2.K21,yearly,2020,Tdiff,Igm,-0.30293,0.30293,53
H2.K21,yearly,2020,Tdiff,qv,-0.300503,0.300503,54
H2.K21,yearly,2020,Tdiff,Igc,-0.300124,0.300124,55
H2.K21,yearly,2020,V,Ua,0.293294,0.293294,56
H2.K21,yearly,2020,W,Ua,0.282296,0.282296,57
H2.K21,yearly,2020,P,Dp,0.264867,0.264867,58
H2.K21,yearly,2020,P,Ah,0.251838,0.251838,59
H2.K21,yearly,2020,W,Dp,0.249906,0.249906,60
H2.K21,yearly,2020,W,Ah,0.238393,0.238393,61
H2.K21,yearly,2020,Sc,rho,-0.223154,0.223154,62
H2.K21,yearly,2020,Tdiff,Sc,-0.214351,0.214351,63
H2.K21,yearly,2020,V,Dp,0.212463,0.212463,64
H2.K21,yearly,2020,V,Ah,0.202307,0.202307,65
H2.K21,yearly,2020,Tdiff,Ua,0.20201,0.20201,66
H2.K21,yearly,2020,Tdiff,Tvl,0.194764,0.194764,67
H2.K21,yearly,2020,qv,Dp,0.188263,0.188263,68
H2.K21,yearly,2020,W,Sc,-0.175823,0.175823,69
H2.K21,yearly,2020,V,Sc,-0.172549,0.172549,70
H2.K21,yearly,2020,qv,Ah,0.169543,0.169543,71
H2.K21,yearly,2020,Sc,Ta,0.161986,0.161986,72
H2.K21,yearly,2020,Tdiff,Ta,-0.156286,0.156286,73
H2.K21,yearly,2020,V,Igm,-0.154871,0.154871,74
H2.K21,yearly,2020,V,Igc,-0.154758,0.154758,75
H2.K21,yearly,2020,W,Igm,-0.150993,0.150993,76
H2.K21,yearly,2020,W,Igc,-0.15088,0.15088,77
H2.K21,yearly,2020,V,Dc,-0.137814,0.137814,78
H2.K21,yearly,2020,W,Dc,-0.134925,0.134925,79
H2.K21,yearly,2020,Tdiff,rho,0.133794,0.133794,80
H2.K21,yearly,2020,P,V,0.133093,0.133093,81
H2.K21,yearly,2020,P,W,0.130922,0.130922,82
H2.K21,yearly,2020,Trl,Dc,0.124219,0.124219,83
H2.K21,yearly,2020,W,H,0.121,0.121,84
H2.K21,yearly,2020,P,Sc,0.117454,0.117454,85
H2.K21,yearly,2020,Tvl,Dc,0.116513,0.116513,86
H2.K21,yearly,2020,Tdiff,Trl,0.111079,0.111079,87
H2.K21,yearly,2020,Dc,rho,-0.107468,0.107468,88
H2.K21,yearly,2020,Trl,Sc,0.104385,0.104385,89
H2.K21,yearly,2020,Tdiff,H,-0.099134,0.099134,90
H2.K21,yearly,2020,Ah,Ua,0.098929,0.098929,91
H2.K21,yearly,2020,qv,Sc,0.08995,0.08995,92
H2.K21,yearly,2020,Dc,Dp,0.088245,0.088245,93
H2.K21,yearly,2020,Tdiff,Dc,-0.088091,0.088091,94
H2.K21,yearly,2020,Tvl,Sc,0.084939,0.084939,95
H2.K21,yearly,2020,V,H,0.083379,0.083379,96
H2.K21,yearly,2020,Dc,Ta,0.077018,0.077018,97
H2.K21,yearly,2020,W,rho,-0.075686,0.075686,98
H2.K21,yearly,2020,Ah,Sc,-0.073381,0.073381,99
H2.K21,yearly,2020,Dp,Ua,0.071767,0.071767,100
H2.K21,yearly,2020,Dp,Igc,0.071046,0.071046,101
H2.K21,yearly,2020,Dp,Igm,0.069563,0.069563,102
H2.K21,yearly,2020,Dc,H,0.068452,0.068452,103
H2.K21,yearly,2020,H,Sc,0.068237,0.068237,104
H2.K21,yearly,2020,Dp,Sc,-0.052412,0.052412,105
H2.K21,yearly,2020,Dc,Igm,0.051202,0.051202,106
H2.K21,yearly,2020,Dc,Igc,0.049628,0.049628,107
H2.K21,yearly,2020,Tdiff,V,0.048988,0.048988,108
H2.K21,yearly,2020,V,rho,-0.048686,0.048686,109
H2.K21,yearly,2020,Ah,Igc,0.047842,0.047842,110
H2.K21,yearly,2020,Ah,Dc,0.047156,0.047156,111
H2.K21,yearly,2020,Ah,Igm,0.045711,0.045711,112
H2.K21,yearly,2020,Tvl,Igm,-0.043573,0.043573,113
H2.K21,yearly,2020,Tvl,Igc,-0.04211,0.04211,114
H2.K21,yearly,2020,Tdiff,W,0.040139,0.040139,115
H2.K21,yearly,2020,Dc,Ua,-0.039611,0.039611,116
H2.K21,yearly,2020,Trl,Ua,-0.029881,0.029881,117
H2.K21,yearly,2020,qv,Dc,-0.029607,0.029607,118
H2.K21,yearly,2020,V,Ta,-0.018647,0.018647,119
H2.K21,yearly,2020,Trl,Igm,-0.018322,0.018322,120
H2.K21,yearly,2020,Trl,Igc,-0.017111,0.017111,121
H2.K21,yearly,2020,W,Ta,0.015587,0.015587,122
H2.K21,yearly,2020,Tvl,Ua,-0.01417,0.01417,123
H2.K21,yearly,2020,Tvl,Ta,-0.009381,0.009381,124
H2.K21,yearly,2020,Tvl,rho,0.009266,0.009266,125
H2.K21,yearly,2020,Tvl,Ah,0.00909,0.00909,126
H2.K21,yearly,2020,P,Dc,-0.008158,0.008158,127
H2.K21,yearly,2020,Trl,Dp,-0.007357,0.007357,128
H2.K21,yearly,2020,Trl,Ah,0.004408,0.004408,129
H2.K21,yearly,2020,Tdiff,Dp,0.003198,0.003198,130
H2.K21,yearly,2020,Tdiff,Ah,0.002634,0.002634,131
H2.K21,yearly,2020,Trl,rho,0.002583,0.002583,132
H2.K21,yearly,2020,Tvl,H,-0.002374,0.002374,133
H2.K21,yearly,2020,Tvl,Dp,-0.002131,0.002131,134
H2.K21,yearly,2020,Trl,H,0.001045,0.001045,135
H2.K21,yearly,2020,Trl,Ta,-0.000904,0.000904,136
H2.K21,yearly,2021,Igc,Igm,0.998941,0.998941,1
H2.K21,yearly,2021,Trl,Tvl,0.990151,0.990151,2
H2.K21,yearly,2021,V,W,0.985729,0.985729,3
H2.K21,yearly,2021,Ah,Dp,0.980037,0.980037,4
H2.K21,yearly,2021,H,Ta,0.961572,0.961572,5
H2.K21,yearly,2021,Ta,rho,-0.953678,0.953678,6
H2.K21,yearly,2021,Dp,H,0.951805,0.951805,7
H2.K21,yearly,2021,Ah,H,0.948063,0.948063,8
H2.K21,yearly,2021,H,rho,-0.93815,0.93815,9
H2.K21,yearly,2021,Dp,rho,-0.859501,0.859501,10
H2.K21,yearly,2021,Dp,Ta,0.853681,0.853681,11
H2.K21,yearly,2021,Ah,rho,-0.827213,0.827213,12
H2.K21,yearly,2021,Ah,Ta,0.825029,0.825029,13
H2.K21,yearly,2021,P,qv,0.694656,0.694656,14
H2.K21,yearly,2021,Igm,Ua,-0.633527,0.633527,15
H2.K21,yearly,2021,Igc,Ua,-0.623329,0.623329,16
H2.K21,yearly,2021,Igm,Ta,0.492516,0.492516,17
H2.K21,yearly,2021,Igc,Ta,0.487044,0.487044,18
H2.K21,yearly,2021,P,Tvl,-0.480869,0.480869,19
H2.K21,yearly,2021,qv,Igm,0.473032,0.473032,20
H2.K21,yearly,2021,qv,Igc,0.469025,0.469025,21
H2.K21,yearly,2021,qv,Ta,0.467116,0.467116,22
H2.K21,yearly,2021,P,Igm,0.458974,0.458974,23
H2.K21,yearly,2021,Ta,Ua,-0.457285,0.457285,24
H2.K21,yearly,2021,P,Igc,0.454858,0.454858,25
H2.K21,yearly,2021,P,Trl,-0.448076,0.448076,26
H2.K21,yearly,2021,W,Dp,0.443874,0.443874,27
H2.K21,yearly,2021,P,Ta,0.435834,0.435834,28
H2.K21,yearly,2021,qv,rho,-0.434426,0.434426,29
H2.K21,yearly,2021,P,Tdiff,-0.431361,0.431361,30
H2.K21,yearly,2021,Tvl,qv,-0.422479,0.422479,31
H2.K21,yearly,2021,W,Ah,0.421114,0.421114,32
H2.K21,yearly,2021,qv,H,0.419835,0.419835,33
H2.K21,yearly,2021,Trl,qv,-0.418848,0.418848,34
H2.K21,yearly,2021,Igm,rho,-0.414993,0.414993,35
H2.K21,yearly,2021,Igc,rho,-0.409969,0.409969,36
H2.K21,yearly,2021,Dc,Sc,0.408799,0.408799,37
H2.K21,yearly,2021,P,rho,-0.400685,0.400685,38
H2.K21,yearly,2021,P,H,0.371061,0.371061,39
H2.K21,yearly,2021,Sc,Ua,-0.365393,0.365393,40
H2.K21,yearly,2021,P,Ua,-0.36087,0.36087,41
H2.K21,yearly,2021,H,Igm,0.357425,0.357425,42
H2.K21,yearly,2021,Ua,rho,0.355762,0.355762,43
H2.K21,yearly,2021,H,Igc,0.354692,0.354692,44
H2.K21,yearly,2021,V,Dp,0.353409,0.353409,45
H2.K21,yearly,2021,Igm,Sc,0.349411,0.349411,46
H2.K21,yearly,2021,W,H,0.348974,0.348974,47
H2.K21,yearly,2021,qv,Ua,-0.345777,0.345777,48
H2.K21,yearly,2021,Tdiff,Tvl,0.345289,0.345289,49
H2.K21,yearly,2021,Igc,Sc,0.345073,0.345073,50
H2.K21,yearly,2021,V,Ah,0.321794,0.321794,51
H2.K21,yearly,2021,qv,Ah,0.314598,0.314598,52
H2.K21,yearly,2021,qv,Dp,0.311116,0.311116,53
H2.K21,yearly,2021,V,Ua,0.281581,0.281581,54
H2.K21,yearly,2021,W,rho,-0.265675,0.265675,55
H2.K21,yearly,2021,W,Ta,0.265049,0.265049,56
H2.K21,yearly,2021,Tvl,V,0.262744,0.262744,57
H2.K21,yearly,2021,W,Ua,0.258124,0.258124,58
H2.K21,yearly,2021,Trl,V,0.25557,0.25557,59
H2.K21,yearly,2021,P,Dp,0.254831,0.254831,60
H2.K21,yearly,2021,P,Ah,0.249698,0.249698,61
H2.K21,yearly,2021,V,H,0.2487,0.2487,62
H2.K21,yearly,2021,Tdiff,Trl,0.238613,0.238613,63
H2.K21,yearly,2021,Tvl,W,0.232445,0.232445,64
H2.K21,yearly,2021,H,Ua,-0.223539,0.223539,65
H2.K21,yearly,2021,Trl,W,0.221712,0.221712,66
H2.K21,yearly,2021,Sc,rho,-0.190807,0.190807,67
H2.K21,yearly,2021,Dp,Igc,0.180752,0.180752,68
H2.K21,yearly,2021,Dp,Igm,0.180393,0.180393,69
H2.K21,yearly,2021,Tdiff,Sc,-0.176887,0.176887,70
H2.K21,yearly,2021,V,rho,-0.176479,0.176479,71
H2.K21,yearly,2021,Tdiff,Igm,-0.17637,0.17637,72
H2.K21,yearly,2021,Tdiff,Igc,-0.173888,0.173888,73
H2.K21,yearly,2021,V,Ta,0.173805,0.173805,74
H2.K21,yearly,2021,Tdiff,qv,-0.1724,0.1724,75
H2.K21,yearly,2021,Ah,Igc,0.162107,0.162107,76
H2.K21,yearly,2021,Ah,Igm,0.161254,0.161254,77
H2.K21,yearly,2021,W,Sc,-0.157252,0.157252,78
H2.K21,yearly,2021,V,Sc,-0.156376,0.156376,79
H2.K21,yearly,2021,Tvl,Ua,0.15515,0.15515,80
H2.K21,yearly,2021,Tdiff,Ua,0.155109,0.155109,81
H2.K21,yearly,2021,Trl,Ua,0.144807,0.144807,82
H2.K21,yearly,2021,Tvl,Igm,-0.140691,0.140691,83
H2.K21,yearly,2021,Tvl,Igc,-0.138892,0.138892,84
H2.K21,yearly,2021,Trl,Ta,-0.133037,0.133037,85
H2.K21,yearly,2021,Trl,rho,0.132835,0.132835,86
H2.K21,yearly,2021,Trl,Igm,-0.129411,0.129411,87
H2.K21,yearly,2021,Trl,Igc,-0.127946,0.127946,88
H2.K21,yearly,2021,Tdiff,Ah,0.123946,0.123946,89
H2.K21,yearly,2021,Tvl,rho,0.121906,0.121906,90
H2.K21,yearly,2021,Tvl,Ta,-0.1197,0.1197,91
H2.K21,yearly,2021,Sc,Ta,0.117575,0.117575,92
H2.K21,yearly,2021,Dc,rho,-0.115475,0.115475,93
H2.K21,yearly,2021,Trl,H,-0.109236,0.109236,94
H2.K21,yearly,2021,Tdiff,Dp,0.109001,0.109001,95
H2.K21,yearly,2021,Dc,Ua,-0.105175,0.105175,96
H2.K21,yearly,2021,Tdiff,W,0.104688,0.104688,97
H2.K21,yearly,2021,P,Sc,0.103139,0.103139,98
H2.K21,yearly,2021,qv,Sc,0.102094,0.102094,99
H2.K21,yearly,2021,V,Igc,-0.09429,0.09429,100
H2.K21,yearly,2021,V,Igm,-0.094198,0.094198,101
H2.K21,yearly,2021,Dc,Ta,0.093986,0.093986,102
H2.K21,yearly,2021,Ah,Sc,-0.092227,0.092227,103
H2.K21,yearly,2021,Dc,Igm,0.09122,0.09122,104
H2.K21,yearly,2021,Tvl,H,-0.090649,0.090649,105
H2.K21,yearly,2021,Dc,Igc,0.089586,0.089586,106
H2.K21,yearly,2021,Tdiff,V,0.086511,0.086511,107
H2.K21,yearly,2021,V,Dc,-0.08102,0.08102,108
H2.K21,yearly,2021,Ah,Ua,0.078701,0.078701,109
H2.K21,yearly,2021,Dc,H,0.072522,0.072522,110
H2.K21,yearly,2021,W,Dc,-0.071063,0.071063,111
H2.K21,yearly,2021,Tdiff,Dc,-0.069892,0.069892,112
H2.K21,yearly,2021,Dp,Sc,-0.068582,0.068582,113
H2.K21,yearly,2021,Trl,Ah,-0.065911,0.065911,114
H2.K21,yearly,2021,Dp,Ua,0.063611,0.063611,115
H2.K21,yearly,2021,Tdiff,H,0.062577,0.062577,116
H2.K21,yearly,2021,W,Igc,-0.059673,0.059673,117
H2.K21,yearly,2021,W,Igm,-0.059563,0.059563,118
H2.K21,yearly,2021,Trl,Dp,-0.059533,0.059533,119
H2.K21,yearly,2021,P,V,-0.057432,0.057432,120
H2.K21,yearly,2021,Dc,Dp,0.055217,0.055217,121
H2.K21,yearly,2021,Tvl,Sc,-0.054578,0.054578,122
H2.K21,yearly,2021,qv,Dc,0.049016,0.049016,123
H2.K21,yearly,2021,Tvl,Ah,-0.042354,0.042354,124
H2.K21,yearly,2021,Ah,Dc,0.041606,0.041606,125
H2.K21,yearly,2021,W,qv,0.040577,0.040577,126
H2.K21,yearly,2021,Tvl,Dp,-0.037624,0.037624,127
H2.K21,yearly,2021,Trl,Sc,-0.035039,0.035039,128
H2.K21,yearly,2021,P,Dc,0.030801,0.030801,129
H2.K21,yearly,2021,H,Sc,0.024415,0.024415,130
H2.K21,yearly,2021,V,qv,-0.01733,0.01733,131
H2.K21,yearly,2021,P,W,-0.011825,0.011825,132
H2.K21,yearly,2021,Tdiff,Ta,0.00947,0.00947,133
H2.K21,yearly,2021,Tvl,Dc,-0.006125,0.006125,134
H2.K21,yearly,2021,Tdiff,rho,0.001318,0.001318,135
H2.K21,yearly,2021,Trl,Dc,0.001215,0.001215,136
H2.K21,yearly,2022,Igc,Igm,0.999111,0.999111,1
H2.K21,yearly,2022,Trl,Tvl,0.994264,0.994264,2
H2.K21,yearly,2022,V,W,0.981576,0.981576,3
H2.K21,yearly,2022,Ah,Dp,0.97901,0.97901,4
H2.K21,yearly,2022,Ta,rho,-0.960625,0.960625,5
H2.K21,yearly,2022,H,Ta,0.947623,0.947623,6
H2.K21,yearly,2022,H,rho,-0.941202,0.941202,7
H2.K21,yearly,2022,Dp,H,0.911456,0.911456,8
H2.K21,yearly,2022,Ah,H,0.88909,0.88909,9
H2.K21,yearly,2022,Dp,rho,-0.786279,0.786279,10
H2.K21,yearly,2022,P,qv,0.757224,0.757224,11
H2.K21,yearly,2022,Dp,Ta,0.750422,0.750422,12
H2.K21,yearly,2022,Ah,rho,-0.735752,0.735752,13
H2.K21,yearly,2022,Ah,Ta,0.696999,0.696999,14
H2.K21,yearly,2022,P,Tdiff,-0.677394,0.677394,15
H2.K21,yearly,2022,Tvl,qv,-0.665007,0.665007,16
H2.K21,yearly,2022,Trl,qv,-0.64478,0.64478,17
H2.K21,yearly,2022,Ta,Ua,-0.644234,0.644234,18
H2.K21,yearly,2022,qv,Ua,-0.616439,0.616439,19
H2.K21,yearly,2022,Igm,Ua,-0.608181,0.608181,20
H2.K21,yearly,2022,Igc,Ua,-0.599645,0.599645,21
H2.K21,yearly,2022,qv,Igm,0.592028,0.592028,22
H2.K21,yearly,2022,qv,Igc,0.588399,0.588399,23
H2.K21,yearly,2022,P,Ta,0.5846,0.5846,24
H2.K21,yearly,2022,qv,Ta,0.575822,0.575822,25
H2.K21,yearly,2022,Ua,rho,0.547399,0.547399,26
H2.K21,yearly,2022,P,Igm,0.546037,0.546037,27
H2.K21,yearly,2022,P,Igc,0.541617,0.541617,28
H2.K21,yearly,2022,P,rho,-0.531687,0.531687,29
H2.K21,yearly,2022,P,Tvl,-0.522235,0.522235,30
H2.K21,yearly,2022,Igm,Ta,0.518042,0.518042,31
H2.K21,yearly,2022,qv,rho,-0.516878,0.516878,32
H2.K21,yearly,2022,Igc,Ta,0.512387,0.512387,33
H2.K21,yearly,2022,P,Ua,-0.510269,0.510269,34
H2.K21,yearly,2022,P,H,0.492354,0.492354,35
H2.K21,yearly,2022,P,Trl,-0.472483,0.472483,36
H2.K21,yearly,2022,V,Dp,0.466943,0.466943,37
H2.K21,yearly,2022,V,Ah,0.46288,0.46288,38
H2.K21,yearly,2022,qv,H,0.455761,0.455761,39
H2.K21,yearly,2022,Igm,rho,-0.446394,0.446394,40
H2.K21,yearly,2022,Igc,rho,-0.441216,0.441216,41
H2.K21,yearly,2022,Dc,Sc,0.425368,0.425368,42
H2.K21,yearly,2022,Tdiff,qv,-0.404462,0.404462,43
H2.K21,yearly,2022,H,Ua,-0.388321,0.388321,44
H2.K21,yearly,2022,W,Ah,0.384052,0.384052,45
H2.K21,yearly,2022,W,Dp,0.379876,0.379876,46
H2.K21,yearly,2022,H,Igm,0.378564,0.378564,47
H2.K21,yearly,2022,H,Igc,0.37573,0.37573,48
H2.K21,yearly,2022,V,H,0.373013,0.373013,49
H2.K21,yearly,2022,Tvl,Ua,0.351929,0.351929,50
H2.K21,yearly,2022,Trl,Ua,0.337292,0.337292,51
H2.K21,yearly,2022,Tdiff,Igm,-0.337079,0.337079,52
H2.K21,yearly,2022,Tdiff,Igc,-0.33354,0.33354,53
H2.K21,yearly,2022,V,rho,-0.326623,0.326623,54
H2.K21,yearly,2022,Tdiff,Tvl,0.31947,0.31947,55
H2.K21,yearly,2022,Tvl,Ta,-0.28683,0.28683,56
H2.K21,yearly,2022,P,Dp,0.283113,0.283113,57
H2.K21,yearly,2022,Igm,Sc,0.282528,0.282528,58
H2.K21,yearly,2022,Igc,Sc,0.278203,0.278203,59
H2.K21,yearly,2022,Tvl,Igm,-0.277779,0.277779,60
H2.K21,yearly,2022,Tvl,Igc,-0.276244,0.276244,61
H2.K21,yearly,2022,Trl,Ta,-0.272971,0.272971,62
H2.K21,yearly,2022,W,H,0.267457,0.267457,63
H2.K21,yearly,2022,V,Ta,0.263242,0.263242,64
H2.K21,yearly,2022,Tdiff,Ua,0.259188,0.259188,65
H2.K21,yearly,2022,P,Ah,0.257188,0.257188,66
H2.K21,yearly,2022,Tvl,rho,0.254638,0.254638,67
H2.K21,yearly,2022,Trl,Igm,-0.253063,0.253063,68
H2.K21,yearly,2022,Trl,Igc,-0.251817,0.251817,69
H2.K21,yearly,2022,Sc,Ua,-0.250269,0.250269,70
H2.K21,yearly,2022,V,Sc,-0.244492,0.244492,71
H2.K21,yearly,2022,W,Ua,0.243818,0.243818,72
H2.K21,yearly,2022,Trl,rho,0.241509,0.241509,73
H2.K21,yearly,2022,Tdiff,Trl,0.23422,0.23422,74
H2.K21,yearly,2022,Tdiff,Sc,-0.233801,0.233801,75
H2.K21,yearly,2022,W,Sc,-0.227832,0.227832,76
H2.K21,yearly,2022,W,rho,-0.218234,0.218234,77
H2.K21,yearly,2022,Tdiff,Ta,-0.217298,0.217298,78
H2.K21,yearly,2022,Tvl,H,-0.21694,0.21694,79
H2.K21,yearly,2022,qv,Dp,0.212276,0.212276,80
H2.K21,yearly,2022,Trl,H,-0.207981,0.207981,81
H2.K21,yearly,2022,Trl,W,0.203209,0.203209,82
H2.K21,yearly,2022,Tvl,W,0.202714,0.202714,83
H2.K21,yearly,2022,Tdiff,rho,0.201255,0.201255,84
H2.K21,yearly,2022,qv,Ah,0.189394,0.189394,85
H2.K21,yearly,2022,W,qv,-0.18693,0.18693,86
H2.K21,yearly,2022,V,Ua,0.173473,0.173473,87
H2.K21,yearly,2022,Sc,rho,-0.173429,0.173429,88
H2.K21,yearly,2022,W,Ta,0.152313,0.152313,89
H2.K21,yearly,2022,Tdiff,H,-0.145329,0.145329,90
H2.K21,yearly,2022,Dp,Igc,0.143694,0.143694,91
H2.K21,yearly,2022,Dp,Igm,0.14263,0.14263,92
H2.K21,yearly,2022,Tvl,V,0.137582,0.137582,93
H2.K21,yearly,2022,Trl,V,0.135873,0.135873,94
H2.K21,yearly,2022,P,Sc,0.13229,0.13229,95
H2.K21,yearly,2022,Sc,Ta,0.121983,0.121983,96
H2.K21,yearly,2022,Dc,rho,-0.120156,0.120156,97
H2.K21,yearly,2022,Dc,Dp,0.117326,0.117326,98
H2.K21,yearly,2022,qv,Sc,0.113682,0.113682,99
H2.K21,yearly,2022,Dc,H,0.112106,0.112106,100
H2.K21,yearly,2022,Dc,Ta,0.110176,0.110176,101
H2.K21,yearly,2022,Ah,Igc,0.10724,0.10724,102
H2.K21,yearly,2022,Ah,Igm,0.105413,0.105413,103
H2.K21,yearly,2022,V,qv,-0.101642,0.101642,104
H2.K21,yearly,2022,Ah,Dc,0.094048,0.094048,105
H2.K21,yearly,2022,W,Igc,-0.088577,0.088577,106
H2.K21,yearly,2022,W,Igm,-0.088459,0.088459,107
H2.K21,yearly,2022,W,Dc,-0.086732,0.086732,108
H2.K21,yearly,2022,Tvl,Dp,-0.085108,0.085108,109
H2.K21,yearly,2022,Trl,Dp,-0.08334,0.08334,110
H2.K21,yearly,2022,V,Dc,-0.079138,0.079138,111
H2.K21,yearly,2022,Tdiff,Dc,-0.078967,0.078967,112
H2.K21,yearly,2022,Trl,Ah,-0.07498,0.07498,113
H2.K21,yearly,2022,Tvl,Ah,-0.074496,0.074496,114
H2.K21,yearly,2022,Ah,Sc,-0.070976,0.070976,115
H2.K21,yearly,2022,P,V,0.070353,0.070353,116
H2.K21,yearly,2022,Dc,Igm,0.05866,0.05866,117
H2.K21,yearly,2022,Ah,Ua,0.057039,0.057039,118
H2.K21,yearly,2022,Dc,Igc,0.056251,0.056251,119
H2.K21,yearly,2022,Dc,Ua,-0.054794,0.054794,120
H2.K21,yearly,2022,H,Sc,0.048129,0.048129,121
H2.K21,yearly,2022,Trl,Dc,0.043557,0.043557,122
H2.K21,yearly,2022,Dp,Sc,-0.038425,0.038425,123
H2.K21,yearly,2022,Tvl,Dc,0.034502,0.034502,124
H2.K21,yearly,2022,P,Dc,0.033998,0.033998,125
H2.K21,yearly,2022,Tdiff,V,0.029657,0.029657,126
H2.K21,yearly,2022,Tdiff,Dp,-0.025762,0.025762,127
H2.K21,yearly,2022,Tvl,Sc,-0.024777,0.024777,128
H2.K21,yearly,2022,Tdiff,W,0.023666,0.023666,129
H2.K21,yearly,2022,V,Igc,-0.02311,0.02311,130
H2.K21,yearly,2022,V,Igm,-0.023001,0.023001,131
H2.K21,yearly,2022,qv,Dc,0.015527,0.015527,132
H2.K21,yearly,2022,P,W,0.009979,0.009979,133
H2.K21,yearly,2022,Tdiff,Ah,-0.005354,0.005354,134
H2.K21,yearly,2022,Dp,Ua,0.003813,0.003813,135
H2.K21,yearly,2022,Trl,Sc,-0.00329,0.00329,136
H2.K21,yearly,2023,Igc,Igm,0.999076,0.999076,1
H2.K21,yearly,2023,Trl,Tvl,0.994599,0.994599,2
H2.K21,yearly,2023,V,W,0.979457,0.979457,3
H2.K21,yearly,2023,Ah,Dp,0.978028,0.978028,4
H2.K21,yearly,2023,H,Ta,0.948166,0.948166,5
H2.K21,yearly,2023,Ta,rho,-0.943444,0.943444,6
H2.K21,yearly,2023,Dp,H,0.941159,0.941159,7
H2.K21,yearly,2023,Ah,H,0.92545,0.92545,8
H2.K21,yearly,2023,H,rho,-0.924199,0.924199,9
H2.K21,yearly,2023,Dp,rho,-0.828248,0.828248,10
H2.K21,yearly,2023,Dp,Ta,0.80791,0.80791,11
H2.K21,yearly,2023,Ah,rho,-0.77315,0.77315,12
H2.K21,yearly,2023,Ah,Ta,0.757801,0.757801,13
H2.K21,yearly,2023,Tvl,qv,-0.736068,0.736068,14
H2.K21,yearly,2023,Trl,qv,-0.722151,0.722151,15
H2.K21,yearly,2023,P,Tdiff,-0.712292,0.712292,16
H2.K21,yearly,2023,P,qv,0.671885,0.671885,17
H2.K21,yearly,2023,P,Ta,0.656749,0.656749,18
H2.K21,yearly,2023,Igm,Ua,-0.628264,0.628264,19
H2.K21,yearly,2023,Tvl,Ta,-0.622001,0.622001,20
H2.K21,yearly,2023,Igc,Ua,-0.619241,0.619241,21
H2.K21,yearly,2023,Trl,Ta,-0.60605,0.60605,22
H2.K21,yearly,2023,qv,Ua,-0.600542,0.600542,23
H2.K21,yearly,2023,Tvl,H,-0.598642,0.598642,24
H2.K21,yearly,2023,qv,Ta,0.589681,0.589681,25
H2.K21,yearly,2023,Trl,H,-0.586838,0.586838,26
H2.K21,yearly,2023,P,H,0.57777,0.57777,27
H2.K21,yearly,2023,P,rho,-0.568783,0.568783,28
H2.K21,yearly,2023,Ta,Ua,-0.561855,0.561855,29
H2.K21,yearly,2023,Tvl,rho,0.541719,0.541719,30
H2.K21,yearly,2023,P,Ua,-0.538235,0.538235,31
H2.K21,yearly,2023,Trl,rho,0.530088,0.530088,32
H2.K21,yearly,2023,P,Tvl,-0.529414,0.529414,33
H2.K21,yearly,2023,P,Igm,0.523709,0.523709,34
H2.K21,yearly,2023,P,Igc,0.518555,0.518555,35
H2.K21,yearly,2023,Igm,Ta,0.501012,0.501012,36
H2.K21,yearly,2023,qv,Igm,0.498332,0.498332,37
H2.K21,yearly,2023,Igc,Ta,0.495641,0.495641,38
H2.K21,yearly,2023,qv,Igc,0.495379,0.495379,39
H2.K21,yearly,2023,qv,rho,-0.494818,0.494818,40
H2.K21,yearly,2023,Tvl,Ah,-0.489097,0.489097,41
H2.K21,yearly,2023,Tvl,Dp,-0.488401,0.488401,42
H2.K21,yearly,2023,Trl,Dp,-0.486139,0.486139,43
H2.K21,yearly,2023,Trl,Ah,-0.485071,0.485071,44
H2.K21,yearly,2023,V,Dp,0.479385,0.479385,45
H2.K21,yearly,2023,P,Trl,-0.477875,0.477875,46
H2.K21,yearly,2023,V,Ah,0.471914,0.471914,47
H2.K21,yearly,2023,qv,H,0.45939,0.45939,48
H2.K21,yearly,2023,Ua,rho,0.438973,0.438973,49
H2.K21,yearly,2023,V,H,0.423849,0.423849,50
H2.K21,yearly,2023,Dc,Sc,0.415874,0.415874,51
H2.K21,yearly,2023,Igm,rho,-0.404063,0.404063,52
H2.K21,yearly,2023,Igc,rho,-0.399131,0.399131,53
H2.K21,yearly,2023,P,Dp,0.395754,0.395754,54
H2.K21,yearly,2023,P,Ah,0.392225,0.392225,55
H2.K21,yearly,2023,V,rho,-0.39056,0.39056,56
H2.K21,yearly,2023,W,Dp,0.384196,0.384196,57
H2.K21,yearly,2023,Tvl,Ua,0.383773,0.383773,58
H2.K21,yearly,2023,W,Ah,0.383758,0.383758,59
H2.K21,yearly,2023,Tdiff,Igm,-0.370903,0.370903,60
H2.K21,yearly,2023,Tdiff,Igc,-0.366845,0.366845,61
H2.K21,yearly,2023,Tdiff,Ta,-0.364455,0.364455,62
H2.K21,yearly,2023,Tdiff,Ua,0.360856,0.360856,63
H2.K21,yearly,2023,Trl,Ua,0.360622,0.360622,64
H2.K21,yearly,2023,H,Igm,0.352129,0.352129,65
H2.K21,yearly,2023,H,Igc,0.349482,0.349482,66
H2.K21,yearly,2023,Tdiff,qv,-0.347898,0.347898,67
H2.K21,yearly,2023,V,Ta,0.335802,0.335802,68
H2.K21,yearly,2023,Tvl,Igm,-0.330657,0.330657,69
H2.K21,yearly,2023,Tvl,Igc,-0.329411,0.329411,70
H2.K21,yearly,2023,Tdiff,Tvl,0.328206,0.328206,71
H2.K21,yearly,2023,Tdiff,H,-0.316266,0.316266,72
H2.K21,yearly,2023,Trl,Igm,-0.306044,0.306044,73
H2.K21,yearly,2023,Trl,Igc,-0.30512,0.30512,74
H2.K21,yearly,2023,W,H,0.302963,0.302963,75
H2.K21,yearly,2023,H,Ua,-0.295355,0.295355,76
H2.K21,yearly,2023,Tdiff,rho,0.289362,0.289362,77
H2.K21,yearly,2023,qv,Dp,0.281591,0.281591,78
H2.K21,yearly,2023,W,rho,-0.271574,0.271574,79
H2.K21,yearly,2023,W,qv,-0.257893,0.257893,80
H2.K21,yearly,2023,Tdiff,Trl,0.244387,0.244387,81
H2.K21,yearly,2023,Sc,Ua,-0.240099,0.240099,82
H2.K21,yearly,2023,qv,Ah,0.239732,0.239732,83
H2.K21,yearly,2023,Igm,Sc,0.239085,0.239085,84
H2.K21,yearly,2023,Igc,Sc,0.2354,0.2354,85
H2.K21,yearly,2023,W,Ua,0.213689,0.213689,86
H2.K21,yearly,2023,Tdiff,Ah,-0.202293,0.202293,87
H2.K21,yearly,2023,W,Ta,0.20089,0.20089,88
H2.K21,yearly,2023,Trl,Sc,0.181818,0.181818,89
H2.K21,yearly,2023,Tdiff,Dp,-0.181371,0.181371,90
H2.K21,yearly,2023,Tvl,Sc,0.170327,0.170327,91
H2.K21,yearly,2023,Dp,Igc,0.151924,0.151924,92
H2.K21,yearly,2023,Dp,Igm,0.151301,0.151301,93
H2.K21,yearly,2023,Trl,V,-0.141661,0.141661,94
H2.K21,yearly,2023,Tvl,V,-0.13602,0.13602,95
H2.K21,yearly,2023,Sc,rho,-0.134426,0.134426,96
H2.K21,yearly,2023,Ah,Sc,-0.134369,0.134369,97
H2.K21,yearly,2023,Ah,Igc,0.122984,0.122984,98
H2.K21,yearly,2023,P,V,0.12271,0.12271,99
H2.K21,yearly,2023,Ah,Igm,0.12185,0.12185,100
H2.K21,yearly,2023,V,Ua,0.120248,0.120248,101
H2.K21,yearly,2023,V,qv,-0.10572,0.10572,102
H2.K21,yearly,2023,Trl,Dc,0.097983,0.097983,103
H2.K21,yearly,2023,Tvl,Dc,0.091767,0.091767,104
H2.K21,yearly,2023,Dp,Sc,-0.086909,0.086909,105
H2.K21,yearly,2023,V,Sc,-0.079963,0.079963,106
H2.K21,yearly,2023,W,Igc,-0.074378,0.074378,107
H2.K21,yearly,2023,W,Igm,-0.074006,0.074006,108
H2.K21,yearly,2023,Tdiff,Sc,-0.07297,0.07297,109
H2.K21,yearly,2023,Ah,Ua,0.07073,0.07073,110
H2.K21,yearly,2023,W,Sc,-0.059769,0.059769,111
H2.K21,yearly,2023,Sc,Ta,0.057457,0.057457,112
H2.K21,yearly,2023,Tdiff,W,0.05727,0.05727,113
H2.K21,yearly,2023,Tdiff,Dc,-0.049663,0.049663,114
H2.K21,yearly,2023,Dc,rho,-0.048647,0.048647,115
H2.K21,yearly,2023,qv,Dc,-0.044906,0.044906,116
H2.K21,yearly,2023,W,Dc,0.033377,0.033377,117
H2.K21,yearly,2023,P,Sc,0.033115,0.033115,118
H2.K21,yearly,2023,H,Sc,-0.030548,0.030548,119
H2.K21,yearly,2023,Dc,Igc,-0.022453,0.022453,120
H2.K21,yearly,2023,Dp,Ua,0.021533,0.021533,121
H2.K21,yearly,2023,V,Dc,0.019525,0.019525,122
H2.K21,yearly,2023,Dc,Igm,-0.019051,0.019051,123
H2.K21,yearly,2023,P,W,0.014332,0.014332,124
H2.K21,yearly,2023,Dc,Dp,0.012539,0.012539,125
H2.K21,yearly,2023,Tdiff,V,0.010397,0.010397,126
H2.K21,yearly,2023,qv,Sc,-0.010012,0.010012,127
H2.K21,yearly,2023,P,Dc,0.008975,0.008975,128
H2.K21,yearly,2023,Trl,W,-0.008086,0.008086,129
H2.K21,yearly,2023,Ah,Dc,-0.007114,0.007114,130
H2.K21,yearly,2023,Dc,H,-0.006075,0.006075,131
H2.K21,yearly,2023,Dc,Ta,-0.005251,0.005251,132
H2.K21,yearly,2023,Dc,Ua,0.003068,0.003068,133
H2.K21,yearly,2023,Tvl,W,-0.001753,0.001753,134
H2.K21,yearly,2023,V,Igc,-0.000428,0.000428,135
H2.K21,yearly,2023,V,Igm,-9.3e-05,9.3e-05,136
H1.W11,yearly,2018,Igc,Igm,0.999171,0.999171,1
H1.W11,yearly,2018,Ah,Dp,0.96932,0.96932,2
H1.W11,yearly,2018,Ta,rho,-0.966631,0.966631,3
H1.W11,yearly,2018,V,W,0.964477,0.964477,4
H1.W11,yearly,2018,H,Ta,0.959319,0.959319,5
H1.W11,yearly,2018,P,Tdiff,0.956539,0.956539,6
H1.W11,yearly,2018,H,rho,-0.941897,0.941897,7
H1.W11,yearly,2018,Dp,H,0.925419,0.925419,8
H1.W11,yearly,2018,Ah,H,0.915519,0.915519,9
H1.W11,yearly,2018,Dp,rho,-0.814303,0.814303,10
H1.W11,yearly,2018,Dp,Ta,0.808386,0.808386,11
H1.W11,yearly,2018,Tvl,Ta,-0.787186,0.787186,12
H1.W11,yearly,2018,Tvl,rho,0.770886,0.770886,13
H1.W11,yearly,2018,Ah,rho,-0.770833,0.770833,14
H1.W11,yearly,2018,Tdiff,H,-0.766103,0.766103,15
H1.W11,yearly,2018,Ah,Ta,0.765441,0.765441,16
H1.W11,yearly,2018,Tdiff,Ta,-0.76406,0.76406,17
H1.W11,yearly,2018,P,Ta,-0.754676,0.754676,18
H1.W11,yearly,2018,P,H,-0.751989,0.751989,19
H1.W11,yearly,2018,Tvl,H,-0.73843,0.73843,20
H1.W11,yearly,2018,P,rho,0.72593,0.72593,21
H1.W11,yearly,2018,Tdiff,rho,0.719082,0.719082,22
H1.W11,yearly,2018,Tdiff,Dp,-0.678859,0.678859,23
H1.W11,yearly,2018,Tdiff,Ah,-0.663329,0.663329,24
H1.W11,yearly,2018,P,Ah,-0.640697,0.640697,25
H1.W11,yearly,2018,P,Dp,-0.637954,0.637954,26
H1.W11,yearly,2018,Igm,Ua,-0.624524,0.624524,27
H1.W11,yearly,2018,Igc,Ua,-0.615457,0.615457,28
H1.W11,yearly,2018,P,Tvl,0.608604,0.608604,29
H1.W11,yearly,2018,Ta,Ua,-0.593472,0.593472,30
H1.W11,yearly,2018,Trl,Tvl,0.588057,0.588057,31
H1.W11,yearly,2018,Tdiff,Tvl,0.571859,0.571859,32
H1.W11,yearly,2018,Tvl,Ua,0.569675,0.569675,33
H1.W11,yearly,2018,Tvl,Igm,-0.563331,0.563331,34
H1.W11,yearly,2018,Tvl,Dp,-0.562098,0.562098,35
H1.W11,yearly,2018,Tvl,Igc,-0.559429,0.559429,36
H1.W11,yearly,2018,Tvl,Ah,-0.555973,0.555973,37
H1.W11,yearly,2018,Igm,Ta,0.538315,0.538315,38
H1.W11,yearly,2018,Ua,rho,0.533642,0.533642,39
H1.W11,yearly,2018,Igc,Ta,0.533294,0.533294,40
H1.W11,yearly,2018,Igm,rho,-0.489496,0.489496,41
H1.W11,yearly,2018,Igc,rho,-0.484774,0.484774,42
H1.W11,yearly,2018,V,qv,0.480797,0.480797,43
H1.W11,yearly,2018,Tvl,qv,0.471554,0.471554,44
H1.W11,yearly,2018,W,qv,0.4709,0.4709,45
H1.W11,yearly,2018,P,Ua,0.432837,0.432837,46
H1.W11,yearly,2018,P,qv,0.425585,0.425585,47
H1.W11,yearly,2018,H,Igm,0.419252,0.419252,48
H1.W11,yearly,2018,H,Igc,0.41707,0.41707,49
H1.W11,yearly,2018,qv,Ua,0.411148,0.411148,50
H1.W11,yearly,2018,qv,rho,0.3962,0.3962,51
H1.W11,yearly,2018,P,Igm,-0.394714,0.394714,52
H1.W11,yearly,2018,P,Igc,-0.393501,0.393501,53
H1.W11,yearly,2018,Tdiff,Ua,0.386481,0.386481,54
H1.W11,yearly,2018,H,Ua,-0.377658,0.377658,55
H1.W11,yearly,2018,Tdiff,Igm,-0.370089,0.370089,56
H1.W11,yearly,2018,Tdiff,Igc,-0.368873,0.368873,57
H1.W11,yearly,2018,qv,Ta,-0.36273,0.36273,58
H1.W11,yearly,2018,Dc,Sc,0.343783,0.343783,59
H1.W11,yearly,2018,Tdiff,Trl,-0.326716,0.326716,60
H1.W11,yearly,2018,qv,H,-0.322621,0.322621,61
H1.W11,yearly,2018,qv,Igm,-0.321899,0.321899,62
H1.W11,yearly,2018,qv,Igc,-0.319959,0.319959,63
H1.W11,yearly,2018,Igm,Sc,0.313819,0.313819,64
H1.W11,yearly,2018,Sc,Ua,-0.312832,0.312832,65
H1.W11,yearly,2018,Trl,qv,0.310929,0.310929,66
H1.W11,yearly,2018,Igc,Sc,0.309467,0.309467,67
H1.W11,yearly,2018,Trl,Sc,-0.292185,0.292185,68
H1.W11,yearly,2018,Trl,Igm,-0.285921,0.285921,69
H1.W11,yearly,2018,Trl,Igc,-0.282615,0.282615,70
H1.W11,yearly,2018,Trl,Ua,0.276214,0.276214,71
H1.W11,yearly,2018,P,Trl,-0.241803,0.241803,72
H1.W11,yearly,2018,Tdiff,qv,0.235585,0.235585,73
H1.W11,yearly,2018,Tdiff,W,-0.231305,0.231305,74
H1.W11,yearly,2018,V,Dp,0.225376,0.225376,75
H1.W11,yearly,2018,Dc,Dp,0.212072,0.212072,76
H1.W11,yearly,2018,W,Dp,0.207857,0.207857,77
H1.W11,yearly,2018,Dp,Igc,0.205473,0.205473,78
H1.W11,yearly,2018,Dp,Igm,0.204109,0.204109,79
H1.W11,yearly,2018,qv,Ah,-0.203986,0.203986,80
H1.W11,yearly,2018,Tdiff,V,-0.203611,0.203611,81
H1.W11,yearly,2018,V,Ah,0.192799,0.192799,82
H1.W11,yearly,2018,Dc,rho,-0.18665,0.18665,83
H1.W11,yearly,2018,Ah,Igc,0.18527,0.18527,84
H1.W11,yearly,2018,Ah,Igm,0.182997,0.182997,85
H1.W11,yearly,2018,W,Ah,0.180499,0.180499,86
H1.W11,yearly,2018,Trl,rho,0.17945,0.17945,87
H1.W11,yearly,2018,Dc,Ta,0.176572,0.176572,88
H1.W11,yearly,2018,Dc,H,0.175893,0.175893,89
H1.W11,yearly,2018,Tvl,Sc,-0.167843,0.167843,90
H1.W11,yearly,2018,V,H,0.166593,0.166593,91
H1.W11,yearly,2018,W,H,0.163664,0.163664,92
H1.W11,yearly,2018,Trl,W,0.162023,0.162023,93
H1.W11,yearly,2018,Ah,Sc,-0.16197,0.16197,94
H1.W11,yearly,2018,Trl,V,0.159139,0.159139,95
H1.W11,yearly,2018,qv,Dp,-0.158763,0.158763,96
H1.W11,yearly,2018,Ah,Dc,0.156832,0.156832,97
H1.W11,yearly,2018,Trl,Ta,-0.153664,0.153664,98
H1.W11,yearly,2018,Dp,Sc,-0.143094,0.143094,99
H1.W11,yearly,2018,W,Ta,0.142505,0.142505,100
H1.W11,yearly,2018,V,Ta,0.139468,0.139468,101
H1.W11,yearly,2018,Tvl,Dc,-0.138555,0.138555,102
H1.W11,yearly,2018,qv,Sc,-0.12513,0.12513,103
H1.W11,yearly,2018,Tdiff,Dc,-0.108211,0.108211,104
H1.W11,yearly,2018,V,Sc,-0.106653,0.106653,105
H1.W11,yearly,2018,P,Dc,-0.10186,0.10186,106
H1.W11,yearly,2018,W,Sc,-0.101401,0.101401,107
H1.W11,yearly,2018,Sc,rho,-0.098609,0.098609,108
H1.W11,yearly,2018,Tdiff,Sc,0.098479,0.098479,109
H1.W11,yearly,2018,Trl,H,-0.095058,0.095058,110
H1.W11,yearly,2018,V,Ua,0.082087,0.082087,111
H1.W11,yearly,2018,Dc,Igm,0.076061,0.076061,112
H1.W11,yearly,2018,Dc,Igc,0.0745,0.0745,113
H1.W11,yearly,2018,W,rho,-0.068616,0.068616,114
H1.W11,yearly,2018,V,rho,-0.060454,0.060454,115
H1.W11,yearly,2018,P,Sc,0.059243,0.059243,116
H1.W11,yearly,2018,Sc,Ta,0.058441,0.058441,117
H1.W11,yearly,2018,Tvl,W,-0.058094,0.058094,118
H1.W11,yearly,2018,P,W,-0.056839,0.056839,119
H1.W11,yearly,2018,Trl,Dc,-0.053225,0.053225,120
H1.W11,yearly,2018,W,Ua,0.050306,0.050306,121
H1.W11,yearly,2018,V,Igm,-0.046841,0.046841,122
H1.W11,yearly,2018,V,Igc,-0.046774,0.046774,123
H1.W11,yearly,2018,W,Dc,0.041897,0.041897,124
H1.W11,yearly,2018,Tvl,V,-0.036709,0.036709,125
H1.W11,yearly,2018,V,Dc,0.033168,0.033168,126
H1.W11,yearly,2018,H,Sc,-0.032065,0.032065,127
H1.W11,yearly,2018,P,V,-0.025558,0.025558,128
H1.W11,yearly,2018,Trl,Dp,0.022453,0.022453,129
H1.W11,yearly,2018,Dp,Ua,-0.021671,0.021671,130
H1.W11,yearly,2018,Dc,Ua,-0.018222,0.018222,131
H1.W11,yearly,2018,Trl,Ah,0.014407,0.014407,132
H1.W11,yearly,2018,W,Igm,-0.01217,0.01217,133
H1.W11,yearly,2018,W,Igc,-0.012122,0.012122,134
H1.W11,yearly,2018,Ah,Ua,-0.004135,0.004135,135
H1.W11,yearly,2018,qv,Dc,0.001127,0.001127,136
H1.W11,yearly,2019,Igc,Igm,0.999227,0.999227,1
H1.W11,yearly,2019,P,Tdiff,0.99112,0.99112,2
H1.W11,yearly,2019,Ah,Dp,0.982017,0.982017,3
H1.W11,yearly,2019,V,W,0.973731,0.973731,4
H1.W11,yearly,2019,H,Ta,0.946742,0.946742,5
H1.W11,yearly,2019,Ta,rho,-0.941822,0.941822,6
H1.W11,yearly,2019,H,rho,-0.928951,0.928951,7
H1.W11,yearly,2019,Dp,H,0.926717,0.926717,8
H1.W11,yearly,2019,Ah,H,0.909866,0.909866,9
H1.W11,yearly,2019,Dp,rho,-0.811417,0.811417,10
H1.W11,yearly,2019,Dp,Ta,0.773904,0.773904,11
H1.W11,yearly,2019,P,Ta,-0.771847,0.771847,12
H1.W11,yearly,2019,Tdiff,Ta,-0.76783,0.76783,13
H1.W11,yearly,2019,Ah,rho,-0.762449,0.762449,14
H1.W11,yearly,2019,P,H,-0.762203,0.762203,15
H1.W11,yearly,2019,Tdiff,H,-0.757767,0.757767,16
H1.W11,yearly,2019,Tvl,Ta,-0.754371,0.754371,17
H1.W11,yearly,2019,Ah,Ta,0.728501,0.728501,18
H1.W11,yearly,2019,Tvl,rho,0.71334,0.71334,19
H1.W11,yearly,2019,P,rho,0.702167,0.702167,20
H1.W11,yearly,2019,Tvl,H,-0.697917,0.697917,21
H1.W11,yearly,2019,Tdiff,rho,0.697136,0.697136,22
H1.W11,yearly,2019,qv,Ta,-0.689657,0.689657,23
H1.W11,yearly,2019,Trl,Tvl,0.679158,0.679158,24
H1.W11,yearly,2019,P,Dp,-0.667311,0.667311,25
H1.W11,yearly,2019,qv,H,-0.665967,0.665967,26
H1.W11,yearly,2019,Tdiff,Dp,-0.659973,0.659973,27
H1.W11,yearly,2019,P,qv,0.648771,0.648771,28
H1.W11,yearly,2019,Igm,Ua,-0.645785,0.645785,29
H1.W11,yearly,2019,P,Ah,-0.636591,0.636591,30
H1.W11,yearly,2019,Igc,Ua,-0.636499,0.636499,31
H1.W11,yearly,2019,Tdiff,Ah,-0.631699,0.631699,32
H1.W11,yearly,2019,qv,rho,0.627869,0.627869,33
H1.W11,yearly,2019,Ta,Ua,-0.614788,0.614788,34
H1.W11,yearly,2019,Tdiff,qv,0.577684,0.577684,35
H1.W11,yearly,2019,qv,Dp,-0.546711,0.546711,36
H1.W11,yearly,2019,Tvl,Ua,0.543252,0.543252,37
H1.W11,yearly,2019,Tvl,qv,0.542818,0.542818,38
H1.W11,yearly,2019,Igm,Ta,0.538483,0.538483,39
H1.W11,yearly,2019,Tdiff,Tvl,0.533918,0.533918,40
H1.W11,yearly,2019,Igc,Ta,0.532929,0.532929,41
H1.W11,yearly,2019,P,Tvl,0.528941,0.528941,42
H1.W11,yearly,2019,qv,Ah,-0.528274,0.528274,43
H1.W11,yearly,2019,Tvl,Dp,-0.527893,0.527893,44
H1.W11,yearly,2019,Tvl,Igm,-0.514991,0.514991,45
H1.W11,yearly,2019,Tvl,Igc,-0.510464,0.510464,46
H1.W11,yearly,2019,Tvl,Ah,-0.508681,0.508681,47
H1.W11,yearly,2019,Dc,Sc,0.48533,0.48533,48
H1.W11,yearly,2019,Ua,rho,0.47409,0.47409,49
H1.W11,yearly,2019,Igm,rho,-0.439571,0.439571,50
H1.W11,yearly,2019,Igc,rho,-0.434516,0.434516,51
H1.W11,yearly,2019,qv,Igm,-0.418433,0.418433,52
H1.W11,yearly,2019,qv,Igc,-0.415182,0.415182,53
H1.W11,yearly,2019,Tdiff,Ua,0.406124,0.406124,54
H1.W11,yearly,2019,P,Ua,0.402298,0.402298,55
H1.W11,yearly,2019,qv,Ua,0.399108,0.399108,56
H1.W11,yearly,2019,P,Igm,-0.393734,0.393734,57
H1.W11,yearly,2019,Tdiff,Igm,-0.392667,0.392667,58
H1.W11,yearly,2019,P,Igc,-0.391661,0.391661,59
H1.W11,yearly,2019,Tdiff,Igc,-0.390655,0.390655,60
H1.W11,yearly,2019,H,Igm,0.385288,0.385288,61
H1.W11,yearly,2019,H,Igc,0.382804,0.382804,62
H1.W11,yearly,2019,H,Ua,-0.349449,0.349449,63
H1.W11,yearly,2019,V,Dp,0.344814,0.344814,64
H1.W11,yearly,2019,W,Dp,0.338232,0.338232,65
H1.W11,yearly,2019,W,qv,-0.319076,0.319076,66
H1.W11,yearly,2019,V,Ah,0.313843,0.313843,67
H1.W11,yearly,2019,W,Ah,0.301099,0.301099,68
H1.W11,yearly,2019,Igm,Sc,0.296984,0.296984,69
H1.W11,yearly,2019,Igc,Sc,0.292833,0.292833,70
H1.W11,yearly,2019,V,qv,-0.282437,0.282437,71
H1.W11,yearly,2019,Sc,Ua,-0.272901,0.272901,72
H1.W11,yearly,2019,Trl,Ua,0.269325,0.269325,73
H1.W11,yearly,2019,Trl,W,0.266026,0.266026,74
H1.W11,yearly,2019,Tdiff,Trl,-0.257485,0.257485,75
H1.W11,yearly,2019,P,Trl,-0.25541,0.25541,76
H1.W11,yearly,2019,W,H,0.254087,0.254087,77
H1.W11,yearly,2019,Trl,Igm,-0.248813,0.248813,78
H1.W11,yearly,2019,Trl,Igc,-0.245371,0.245371,79
H1.W11,yearly,2019,V,H,0.242977,0.242977,80
H1.W11,yearly,2019,W,rho,-0.242437,0.242437,81
H1.W11,yearly,2019,Trl,V,0.241177,0.241177,82
H1.W11,yearly,2019,Tvl,Sc,-0.229002,0.229002,83
H1.W11,yearly,2019,Trl,Sc,-0.218613,0.218613,84
H1.W11,yearly,2019,V,rho,-0.218344,0.218344,85
H1.W11,yearly,2019,Trl,rho,0.211681,0.211681,86
H1.W11,yearly,2019,V,Ua,0.204917,0.204917,87
H1.W11,yearly,2019,V,Sc,-0.198907,0.198907,88
H1.W11,yearly,2019,W,Sc,-0.198423,0.198423,89
H1.W11,yearly,2019,P,W,-0.197452,0.197452,90
H1.W11,yearly,2019,Trl,Ta,-0.197059,0.197059,91
H1.W11,yearly,2019,W,Ta,0.191156,0.191156,92
H1.W11,yearly,2019,Sc,rho,-0.186921,0.186921,93
H1.W11,yearly,2019,P,V,-0.166807,0.166807,94
H1.W11,yearly,2019,Dp,Igc,0.163095,0.163095,95
H1.W11,yearly,2019,V,Ta,0.162601,0.162601,96
H1.W11,yearly,2019,Dp,Igm,0.161794,0.161794,97
H1.W11,yearly,2019,Tdiff,W,-0.151522,0.151522,98
H1.W11,yearly,2019,W,Ua,0.149704,0.149704,99
H1.W11,yearly,2019,Trl,H,-0.141226,0.141226,100
H1.W11,yearly,2019,Trl,Dc,-0.136307,0.136307,101
H1.W11,yearly,2019,Tvl,Dc,-0.133919,0.133919,102
H1.W11,yearly,2019,Ah,Igc,0.125997,0.125997,103
H1.W11,yearly,2019,Tdiff,V,-0.124008,0.124008,104
H1.W11,yearly,2019,Ah,Igm,0.124003,0.124003,105
H1.W11,yearly,2019,W,Dc,-0.123814,0.123814,106
H1.W11,yearly,2019,Trl,qv,0.119401,0.119401,107
H1.W11,yearly,2019,Sc,Ta,0.11817,0.11817,108
H1.W11,yearly,2019,Tvl,W,0.118147,0.118147,109
H1.W11,yearly,2019,Tvl,V,0.11745,0.11745,110
H1.W11,yearly,2019,V,Dc,-0.105207,0.105207,111
H1.W11,yearly,2019,Ah,Sc,-0.097108,0.097108,112
H1.W11,yearly,2019,Dc,rho,-0.079576,0.079576,113
H1.W11,yearly,2019,Dc,Ta,0.054758,0.054758,114
H1.W11,yearly,2019,Dc,Igm,0.054162,0.054162,115
H1.W11,yearly,2019,Dp,Sc,-0.054154,0.054154,116
H1.W11,yearly,2019,Ah,Ua,0.053409,0.053409,117
H1.W11,yearly,2019,Dc,Dp,0.052682,0.052682,118
H1.W11,yearly,2019,Dc,Igc,0.051992,0.051992,119
H1.W11,yearly,2019,Dc,Ua,-0.05088,0.05088,120
H1.W11,yearly,2019,Tdiff,Sc,-0.050379,0.050379,121
H1.W11,yearly,2019,P,Sc,-0.050085,0.050085,122
H1.W11,yearly,2019,V,Igc,-0.046599,0.046599,123
H1.W11,yearly,2019,V,Igm,-0.046566,0.046566,124
H1.W11,yearly,2019,Dc,H,0.043702,0.043702,125
H1.W11,yearly,2019,Trl,Ah,-0.034091,0.034091,126
H1.W11,yearly,2019,Trl,Dp,-0.03151,0.03151,127
H1.W11,yearly,2019,H,Sc,0.027132,0.027132,128
H1.W11,yearly,2019,qv,Sc,-0.025809,0.025809,129
H1.W11,yearly,2019,Ah,Dc,0.02434,0.02434,130
H1.W11,yearly,2019,Tdiff,Dc,-0.019271,0.019271,131
H1.W11,yearly,2019,qv,Dc,0.016653,0.016653,132
H1.W11,yearly,2019,P,Dc,-0.015825,0.015825,133
H1.W11,yearly,2019,Dp,Ua,0.006579,0.006579,134
H1.W11,yearly,2019,W,Igc,-0.002739,0.002739,135
H1.W11,yearly,2019,W,Igm,-0.002711,0.002711,136
H1.W11,yearly,2020,Igc,Igm,0.999193,0.999193,1
H1.W11,yearly,2020,V,W,0.978741,0.978741,2
H1.W11,yearly,2020,Ah,Dp,0.977155,0.977155,3
H1.W11,yearly,2020,P,Tdiff,0.974037,0.974037,4
H1.W11,yearly,2020,Ta,rho,-0.945224,0.945224,5
H1.W11,yearly,2020,H,Ta,0.938979,0.938979,6
H1.W11,yearly,2020,H,rho,-0.923633,0.923633,7
H1.W11,yearly,2020,Dp,H,0.900835,0.900835,8
H1.W11,yearly,2020,Ah,H,0.891492,0.891492,9
H1.W11,yearly,2020,Tvl,Ta,-0.821567,0.821567,10
H1.W11,yearly,2020,Tvl,rho,0.772675,0.772675,11
H1.W11,yearly,2020,Trl,Tvl,0.77111,0.77111,12
H1.W11,yearly,2020,Dp,rho,-0.756824,0.756824,13
H1.W11,yearly,2020,Tvl,H,-0.753461,0.753461,14
H1.W11,yearly,2020,Tdiff,Ta,-0.733724,0.733724,15
H1.W11,yearly,2020,Dp,Ta,0.718312,0.718312,16
H1.W11,yearly,2020,P,Ta,-0.718212,0.718212,17
H1.W11,yearly,2020,Ah,rho,-0.717632,0.717632,18
H1.W11,yearly,2020,Tdiff,H,-0.711047,0.711047,19
H1.W11,yearly,2020,Tdiff,rho,0.705998,0.705998,20
H1.W11,yearly,2020,P,H,-0.688993,0.688993,21
H1.W11,yearly,2020,Ah,Ta,0.681928,0.681928,22
H1.W11,yearly,2020,P,rho,0.676083,0.676083,23
H1.W11,yearly,2020,Ta,Ua,-0.62985,0.62985,24
H1.W11,yearly,2020,Igm,Ua,-0.621652,0.621652,25
H1.W11,yearly,2020,Igc,Ua,-0.613041,0.613041,26
H1.W11,yearly,2020,Tdiff,Tvl,0.591539,0.591539,27
H1.W11,yearly,2020,Tdiff,Dp,-0.58758,0.58758,28
H1.W11,yearly,2020,P,Tvl,0.570225,0.570225,29
H1.W11,yearly,2020,Tvl,Ua,0.565178,0.565178,30
H1.W11,yearly,2020,Tdiff,Ah,-0.552557,0.552557,31
H1.W11,yearly,2020,P,Dp,-0.549892,0.549892,32
H1.W11,yearly,2020,Tvl,Dp,-0.547301,0.547301,33
H1.W11,yearly,2020,Tvl,Igm,-0.528147,0.528147,34
H1.W11,yearly,2020,P,Ah,-0.525028,0.525028,35
H1.W11,yearly,2020,Tvl,Igc,-0.523915,0.523915,36
H1.W11,yearly,2020,Tvl,Ah,-0.519996,0.519996,37
H1.W11,yearly,2020,Ua,rho,0.510223,0.510223,38
H1.W11,yearly,2020,Igm,Ta,0.499238,0.499238,39
H1.W11,yearly,2020,Igc,Ta,0.493467,0.493467,40
H1.W11,yearly,2020,Trl,Ta,-0.435503,0.435503,41
H1.W11,yearly,2020,P,Ua,0.430392,0.430392,42
H1.W11,yearly,2020,Igm,rho,-0.412373,0.412373,43
H1.W11,yearly,2020,Igc,rho,-0.407199,0.407199,44
H1.W11,yearly,2020,Tdiff,Ua,0.407026,0.407026,45
H1.W11,yearly,2020,Dc,Sc,0.40669,0.40669,46
H1.W11,yearly,2020,Trl,rho,0.397206,0.397206,47
H1.W11,yearly,2020,Trl,Ua,0.376738,0.376738,48
H1.W11,yearly,2020,Tdiff,Igm,-0.37098,0.37098,49
H1.W11,yearly,2020,P,Igm,-0.370665,0.370665,50
H1.W11,yearly,2020,Trl,H,-0.36929,0.36929,51
H1.W11,yearly,2020,P,Igc,-0.368606,0.368606,52
H1.W11,yearly,2020,Tdiff,Igc,-0.368536,0.368536,53
H1.W11,yearly,2020,P,qv,0.36755,0.36755,54
H1.W11,yearly,2020,V,qv,0.363608,0.363608,55
H1.W11,yearly,2020,Trl,Igm,-0.359387,0.359387,56
H1.W11,yearly,2020,Trl,Igc,-0.356078,0.356078,57
H1.W11,yearly,2020,H,Ua,-0.346098,0.346098,58
H1.W11,yearly,2020,W,qv,0.339131,0.339131,59
H1.W11,yearly,2020,H,Igm,0.331536,0.331536,60
H1.W11,yearly,2020,H,Igc,0.328922,0.328922,61
H1.W11,yearly,2020,Igm,Sc,0.315729,0.315729,62
H1.W11,yearly,2020,Igc,Sc,0.31166,0.31166,63
H1.W11,yearly,2020,Sc,Ua,-0.310939,0.310939,64
H1.W11,yearly,2020,V,Dp,0.270833,0.270833,65
H1.W11,yearly,2020,V,Ah,0.257743,0.257743,66
H1.W11,yearly,2020,qv,Ua,0.246981,0.246981,67
H1.W11,yearly,2020,Sc,rho,-0.223154,0.223154,68
H1.W11,yearly,2020,Tdiff,qv,0.222724,0.222724,69
H1.W11,yearly,2020,qv,Ta,-0.222678,0.222678,70
H1.W11,yearly,2020,Tvl,Sc,-0.214642,0.214642,71
H1.W11,yearly,2020,Trl,Dp,-0.212147,0.212147,72
H1.W11,yearly,2020,Trl,Ah,-0.206054,0.206054,73
H1.W11,yearly,2020,W,Dp,0.201495,0.201495,74
H1.W11,yearly,2020,V,Ua,0.199959,0.199959,75
H1.W11,yearly,2020,Trl,Sc,-0.195464,0.195464,76
H1.W11,yearly,2020,W,Ah,0.18851,0.18851,77
H1.W11,yearly,2020,qv,H,-0.186718,0.186718,78
H1.W11,yearly,2020,Tvl,qv,0.185431,0.185431,79
H1.W11,yearly,2020,V,Sc,-0.184466,0.184466,80
H1.W11,yearly,2020,V,H,0.175298,0.175298,81
H1.W11,yearly,2020,W,Dc,-0.167733,0.167733,82
H1.W11,yearly,2020,W,Ua,0.167037,0.167037,83
H1.W11,yearly,2020,W,Sc,-0.166144,0.166144,84
H1.W11,yearly,2020,Sc,Ta,0.161986,0.161986,85
H1.W11,yearly,2020,V,Dc,-0.158252,0.158252,86
H1.W11,yearly,2020,qv,rho,0.157426,0.157426,87
H1.W11,yearly,2020,qv,Igc,-0.153591,0.153591,88
H1.W11,yearly,2020,qv,Igm,-0.153242,0.153242,89
H1.W11,yearly,2020,V,rho,-0.147032,0.147032,90
H1.W11,yearly,2020,W,rho,-0.124985,0.124985,91
H1.W11,yearly,2020,W,H,0.12356,0.12356,92
H1.W11,yearly,2020,Dc,rho,-0.107468,0.107468,93
H1.W11,yearly,2020,Tvl,Dc,-0.106644,0.106644,94
H1.W11,yearly,2020,qv,Ah,-0.100553,0.100553,95
H1.W11,yearly,2020,Ah,Ua,0.098929,0.098929,96
H1.W11,yearly,2020,V,Ta,0.088974,0.088974,97
H1.W11,yearly,2020,Tdiff,Sc,-0.088693,0.088693,98
H1.W11,yearly,2020,Dc,Dp,0.088245,0.088245,99
H1.W11,yearly,2020,V,Igm,-0.077904,0.077904,100
H1.W11,yearly,2020,V,Igc,-0.077789,0.077789,101
H1.W11,yearly,2020,P,Sc,-0.077216,0.077216,102
H1.W11,yearly,2020,Dc,Ta,0.077018,0.077018,103
H1.W11,yearly,2020,qv,Dp,-0.076349,0.076349,104
H1.W11,yearly,2020,Tdiff,Dc,-0.074886,0.074886,105
H1.W11,yearly,2020,Ah,Sc,-0.073381,0.073381,106
H1.W11,yearly,2020,Trl,Dc,-0.072981,0.072981,107
H1.W11,yearly,2020,Dp,Ua,0.071767,0.071767,108
H1.W11,yearly,2020,Dp,Igc,0.071046,0.071046,109
H1.W11,yearly,2020,Dp,Igm,0.069563,0.069563,110
H1.W11,yearly,2020,Dc,H,0.068452,0.068452,111
H1.W11,yearly,2020,H,Sc,0.068237,0.068237,112
H1.W11,yearly,2020,P,Dc,-0.065682,0.065682,113
H1.W11,yearly,2020,P,Trl,-0.062589,0.062589,114
H1.W11,yearly,2020,Tdiff,W,-0.060527,0.060527,115
H1.W11,yearly,2020,W,Ta,0.057641,0.057641,116
H1.W11,yearly,2020,Tdiff,V,-0.057084,0.057084,117
H1.W11,yearly,2020,Tdiff,Trl,-0.056618,0.056618,118
H1.W11,yearly,2020,P,V,0.055991,0.055991,119
H1.W11,yearly,2020,W,Igm,-0.053961,0.053961,120
H1.W11,yearly,2020,W,Igc,-0.053862,0.053862,121
H1.W11,yearly,2020,Trl,qv,0.053649,0.053649,122
H1.W11,yearly,2020,Dp,Sc,-0.052412,0.052412,123
H1.W11,yearly,2020,Trl,W,0.052033,0.052033,124
H1.W11,yearly,2020,Dc,Igm,0.051202,0.051202,125
H1.W11,yearly,2020,P,W,0.050975,0.050975,126
H1.W11,yearly,2020,Dc,Igc,0.049628,0.049628,127
H1.W11,yearly,2020,Ah,Igc,0.047842,0.047842,128
H1.W11,yearly,2020,Ah,Dc,0.047156,0.047156,129
H1.W11,yearly,2020,Ah,Igm,0.045711,0.045711,130
H1.W11,yearly,2020,qv,Sc,0.04555,0.04555,131
H1.W11,yearly,2020,Trl,V,0.043393,0.043393,132
H1.W11,yearly,2020,Dc,Ua,-0.039611,0.039611,133
H1.W11,yearly,2020,qv,Dc,0.023042,0.023042,134
H1.W11,yearly,2020,Tvl,W,0.003362,0.003362,135
H1.W11,yearly,2020,Tvl,V,-0.001427,0.001427,136
H1.W11,yearly,2021,Igc,Igm,0.998941,0.998941,1
H1.W11,yearly,2021,P,Tdiff,0.980621,0.980621,2
H1.W11,yearly,2021,Ah,Dp,0.980037,0.980037,3
H1.W11,yearly,2021,V,W,0.968113,0.968113,4
H1.W11,yearly,2021,H,Ta,0.961572,0.961572,5
H1.W11,yearly,2021,Ta,rho,-0.953678,0.953678,6
H1.W11,yearly,2021,Dp,H,0.951805,0.951805,7
H1.W11,yearly,2021,Ah,H,0.948063,0.948063,8
H1.W11,yearly,2021,H,rho,-0.93815,0.93815,9
H1.W11,yearly,2021,Dp,rho,-0.859501,0.859501,10
H1.W11,yearly,2021,Dp,Ta,0.853681,0.853681,11
H1.W11,yearly,2021,Ah,rho,-0.827213,0.827213,12
H1.W11,yearly,2021,Ah,Ta,0.825029,0.825029,13
H1.W11,yearly,2021,P,Ta,-0.814917,0.814917,14
H1.W11,yearly,2021,P,H,-0.797335,0.797335,15
H1.W11,yearly,2021,Tdiff,Ta,-0.796549,0.796549,16
H1.W11,yearly,2021,Tvl,Ta,-0.787526,0.787526,17
H1.W11,yearly,2021,P,rho,0.78277,0.78277,18
H1.W11,yearly,2021,Tdiff,H,-0.774257,0.774257,19
H1.W11,yearly,2021,Tdiff,rho,0.75001,0.75001,20
H1.W11,yearly,2021,P,Dp,-0.748867,0.748867,21
H1.W11,yearly,2021,Tvl,H,-0.738882,0.738882,22
H1.W11,yearly,2021,Tvl,rho,0.732821,0.732821,23
H1.W11,yearly,2021,Tdiff,Dp,-0.726741,0.726741,24
H1.W11,yearly,2021,P,Ah,-0.707969,0.707969,25
H1.W11,yearly,2021,Tdiff,Ah,-0.682487,0.682487,26
H1.W11,yearly,2021,Igm,Ua,-0.633527,0.633527,27
H1.W11,yearly,2021,Tvl,Dp,-0.630779,0.630779,28
H1.W11,yearly,2021,Igc,Ua,-0.623329,0.623329,29
H1.W11,yearly,2021,Tvl,Ah,-0.609271,0.609271,30
H1.W11,yearly,2021,P,Tvl,0.605819,0.605819,31
H1.W11,yearly,2021,Tdiff,Tvl,0.595507,0.595507,32
H1.W11,yearly,2021,Trl,Tvl,0.533363,0.533363,33
H1.W11,yearly,2021,Tvl,Igm,-0.504172,0.504172,34
H1.W11,yearly,2021,Tvl,Igc,-0.49996,0.49996,35
H1.W11,yearly,2021,Igm,Ta,0.492516,0.492516,36
H1.W11,yearly,2021,Igc,Ta,0.487044,0.487044,37
H1.W11,yearly,2021,Ta,Ua,-0.457285,0.457285,38
H1.W11,yearly,2021,Tvl,Ua,0.43678,0.43678,39
H1.W11,yearly,2021,qv,rho,0.419536,0.419536,40
H1.W11,yearly,2021,Igm,rho,-0.414993,0.414993,41
H1.W11,yearly,2021,Igc,rho,-0.409969,0.409969,42
H1.W11,yearly,2021,Dc,Sc,0.408799,0.408799,43
H1.W11,yearly,2021,qv,H,-0.38491,0.38491,44
H1.W11,yearly,2021,W,Dp,0.367079,0.367079,45
H1.W11,yearly,2021,qv,Ta,-0.366563,0.366563,46
H1.W11,yearly,2021,P,Igm,-0.365884,0.365884,47
H1.W11,yearly,2021,V,Dp,0.365564,0.365564,48
H1.W11,yearly,2021,Sc,Ua,-0.365393,0.365393,49
H1.W11,yearly,2021,P,Igc,-0.363174,0.363174,50
H1.W11,yearly,2021,qv,Ah,-0.362351,0.362351,51
H1.W11,yearly,2021,Tdiff,Trl,-0.36146,0.36146,52
H1.W11,yearly,2021,P,W,-0.360977,0.360977,53
H1.W11,yearly,2021,H,Igm,0.357425,0.357425,54
H1.W11,yearly,2021,Tdiff,Igm,-0.356677,0.356677,55
H1.W11,yearly,2021,Ua,rho,0.355762,0.355762,56
H1.W11,yearly,2021,H,Igc,0.354692,0.354692,57
H1.W11,yearly,2021,Tdiff,Igc,-0.354098,0.354098,58
H1.W11,yearly,2021,Igm,Sc,0.349411,0.349411,59
H1.W11,yearly,2021,Igc,Sc,0.345073,0.345073,60
H1.W11,yearly,2021,qv,Dp,-0.344024,0.344024,61
H1.W11,yearly,2021,Tdiff,W,-0.336331,0.336331,62
H1.W11,yearly,2021,P,Trl,-0.32913,0.32913,63
H1.W11,yearly,2021,W,Ah,0.327529,0.327529,64
H1.W11,yearly,2021,V,Ah,0.327424,0.327424,65
H1.W11,yearly,2021,P,qv,0.31007,0.31007,66
H1.W11,yearly,2021,W,H,0.303034,0.303034,67
H1.W11,yearly,2021,P,V,-0.296014,0.296014,68
H1.W11,yearly,2021,Tdiff,Ua,0.288415,0.288415,69
H1.W11,yearly,2021,P,Ua,0.283829,0.283829,70
H1.W11,yearly,2021,Tvl,qv,0.280284,0.280284,71
H1.W11,yearly,2021,V,H,0.276209,0.276209,72
H1.W11,yearly,2021,Tdiff,V,-0.270802,0.270802,73
H1.W11,yearly,2021,W,Ta,0.265876,0.265876,74
H1.W11,yearly,2021,W,rho,-0.253225,0.253225,75
H1.W11,yearly,2021,H,Ua,-0.223539,0.223539,76
H1.W11,yearly,2021,V,Ua,0.218965,0.218965,77
H1.W11,yearly,2021,V,Ta,0.218233,0.218233,78
H1.W11,yearly,2021,V,rho,-0.217425,0.217425,79
H1.W11,yearly,2021,qv,Igm,-0.211735,0.211735,80
H1.W11,yearly,2021,qv,Igc,-0.210017,0.210017,81
H1.W11,yearly,2021,Trl,Igm,-0.209357,0.209357,82
H1.W11,yearly,2021,Trl,Igc,-0.207189,0.207189,83
H1.W11,yearly,2021,Tvl,W,-0.20442,0.20442,84
H1.W11,yearly,2021,Trl,Ua,0.203061,0.203061,85
H1.W11,yearly,2021,Sc,rho,-0.190807,0.190807,86
H1.W11,yearly,2021,Dp,Igc,0.180752,0.180752,87
H1.W11,yearly,2021,Dp,Igm,0.180393,0.180393,88
H1.W11,yearly,2021,Trl,qv,0.177665,0.177665,89
H1.W11,yearly,2021,Tvl,Sc,-0.171786,0.171786,90
H1.W11,yearly,2021,Trl,Sc,-0.163474,0.163474,91
H1.W11,yearly,2021,Ah,Igc,0.162107,0.162107,92
H1.W11,yearly,2021,Ah,Igm,0.161254,0.161254,93
H1.W11,yearly,2021,W,qv,-0.161244,0.161244,94
H1.W11,yearly,2021,V,qv,-0.158871,0.158871,95
H1.W11,yearly,2021,Tvl,V,-0.149803,0.149803,96
H1.W11,yearly,2021,Tdiff,qv,0.139833,0.139833,97
H1.W11,yearly,2021,W,Ua,0.126794,0.126794,98
H1.W11,yearly,2021,V,Sc,-0.120388,0.120388,99
H1.W11,yearly,2021,Sc,Ta,0.117575,0.117575,100
H1.W11,yearly,2021,Trl,W,0.116669,0.116669,101
H1.W11,yearly,2021,Dc,rho,-0.115475,0.115475,102
H1.W11,yearly,2021,Tvl,Dc,-0.114421,0.114421,103
H1.W11,yearly,2021,Trl,V,0.1112,0.1112,104
H1.W11,yearly,2021,Dc,Ua,-0.105175,0.105175,105
H1.W11,yearly,2021,qv,Ua,0.102175,0.102175,106
H1.W11,yearly,2021,Dc,Ta,0.093986,0.093986,107
H1.W11,yearly,2021,Ah,Sc,-0.092227,0.092227,108
H1.W11,yearly,2021,Dc,Igm,0.09122,0.09122,109
H1.W11,yearly,2021,Dc,Igc,0.089586,0.089586,110
H1.W11,yearly,2021,W,Sc,-0.08479,0.08479,111
H1.W11,yearly,2021,Ah,Ua,0.078701,0.078701,112
H1.W11,yearly,2021,Tdiff,Dc,-0.074239,0.074239,113
H1.W11,yearly,2021,Trl,Ta,-0.073921,0.073921,114
H1.W11,yearly,2021,Dc,H,0.072522,0.072522,115
H1.W11,yearly,2021,P,Dc,-0.068737,0.068737,116
H1.W11,yearly,2021,Dp,Sc,-0.068582,0.068582,117
H1.W11,yearly,2021,qv,Sc,-0.066532,0.066532,118
H1.W11,yearly,2021,Dp,Ua,0.063611,0.063611,119
H1.W11,yearly,2021,Trl,rho,0.05945,0.05945,120
H1.W11,yearly,2021,Dc,Dp,0.055217,0.055217,121
H1.W11,yearly,2021,Trl,Dc,-0.054629,0.054629,122
H1.W11,yearly,2021,V,Dc,-0.049191,0.049191,123
H1.W11,yearly,2021,V,Igc,-0.045395,0.045395,124
H1.W11,yearly,2021,V,Igm,-0.045338,0.045338,125
H1.W11,yearly,2021,Ah,Dc,0.041606,0.041606,126
H1.W11,yearly,2021,Trl,H,-0.040857,0.040857,127
H1.W11,yearly,2021,P,Sc,-0.039784,0.039784,128
H1.W11,yearly,2021,Trl,Dp,0.034588,0.034588,129
H1.W11,yearly,2021,Tdiff,Sc,-0.034435,0.034435,130
H1.W11,yearly,2021,H,Sc,0.024415,0.024415,131
H1.W11,yearly,2021,W,Dc,-0.020002,0.020002,132
H1.W11,yearly,2021,qv,Dc,0.013741,0.013741,133
H1.W11,yearly,2021,Trl,Ah,0.012902,0.012902,134
H1.W11,yearly,2021,W,Igm,0.011812,0.011812,135
H1.W11,yearly,2021,W,Igc,0.011764,0.011764,136
H1.W11,yearly,2022,Igc,Igm,0.999111,0.999111,1
H1.W11,yearly,2022,Ah,Dp,0.97901,0.97901,2
H1.W11,yearly,2022,V,W,0.974232,0.974232,3
H1.W11,yearly,2022,P,Tdiff,0.974067,0.974067,4
H1.W11,yearly,2022,Ta,rho,-0.960625,0.960625,5
H1.W11,yearly,2022,H,Ta,0.947623,0.947623,6
H1.W11,yearly,2022,H,rho,-0.941202,0.941202,7
H1.W11,yearly,2022,Dp,H,0.911456,0.911456,8
H1.W11,yearly,2022,Ah,H,0.88909,0.88909,9
H1.W11,yearly,2022,Trl,Tvl,0.824927,0.824927,10
H1.W11,yearly,2022,Dp,rho,-0.786279,0.786279,11
H1.W11,yearly,2022,Tdiff,Ta,-0.779528,0.779528,12
H1.W11,yearly,2022,Tdiff,H,-0.774219,0.774219,13
H1.W11,yearly,2022,Tdiff,rho,0.768004,0.768004,14
H1.W11,yearly,2022,P,Ta,-0.767696,0.767696,15
H1.W11,yearly,2022,P,H,-0.75992,0.75992,16
H1.W11,yearly,2022,Dp,Ta,0.750422,0.750422,17
H1.W11,yearly,2022,P,rho,0.747248,0.747248,18
H1.W11,yearly,2022,Ah,rho,-0.735752,0.735752,19
H1.W11,yearly,2022,Ah,Ta,0.696999,0.696999,20
H1.W11,yearly,2022,Tdiff,Dp,-0.660245,0.660245,21
H1.W11,yearly,2022,Tvl,Ta,-0.653475,0.653475,22
H1.W11,yearly,2022,Tvl,rho,0.645899,0.645899,23
H1.W11,yearly,2022,Ta,Ua,-0.644234,0.644234,24
H1.W11,yearly,2022,P,Dp,-0.637667,0.637667,25
H1.W11,yearly,2022,Tdiff,Ah,-0.625576,0.625576,26
H1.W11,yearly,2022,Tvl,H,-0.619304,0.619304,27
H1.W11,yearly,2022,P,Ah,-0.609195,0.609195,28
H1.W11,yearly,2022,Igm,Ua,-0.608181,0.608181,29
H1.W11,yearly,2022,Igc,Ua,-0.599645,0.599645,30
H1.W11,yearly,2022,Tdiff,Tvl,0.559529,0.559529,31
H1.W11,yearly,2022,Ua,rho,0.547399,0.547399,32
H1.W11,yearly,2022,P,Tvl,0.541261,0.541261,33
H1.W11,yearly,2022,Igm,Ta,0.518042,0.518042,34
H1.W11,yearly,2022,Igc,Ta,0.512387,0.512387,35
H1.W11,yearly,2022,Tvl,Dp,-0.489071,0.489071,36
H1.W11,yearly,2022,Tvl,Ah,-0.452502,0.452502,37
H1.W11,yearly,2022,Igm,rho,-0.446394,0.446394,38
H1.W11,yearly,2022,P,Ua,0.442926,0.442926,39
H1.W11,yearly,2022,Igc,rho,-0.441216,0.441216,40
H1.W11,yearly,2022,Tdiff,Ua,0.434459,0.434459,41
H1.W11,yearly,2022,Dc,Sc,0.425368,0.425368,42
H1.W11,yearly,2022,Tvl,Ua,0.418428,0.418428,43
H1.W11,yearly,2022,Tvl,Igm,-0.397732,0.397732,44
H1.W11,yearly,2022,Tvl,Igc,-0.394889,0.394889,45
H1.W11,yearly,2022,H,Ua,-0.388321,0.388321,46
H1.W11,yearly,2022,P,Igm,-0.383793,0.383793,47
H1.W11,yearly,2022,P,Igc,-0.381058,0.381058,48
H1.W11,yearly,2022,Tdiff,Igm,-0.380155,0.380155,49
H1.W11,yearly,2022,H,Igm,0.378564,0.378564,50
H1.W11,yearly,2022,Tdiff,Igc,-0.377317,0.377317,51
H1.W11,yearly,2022,H,Igc,0.37573,0.37573,52
H1.W11,yearly,2022,P,qv,0.344212,0.344212,53
H1.W11,yearly,2022,V,Ah,0.342136,0.342136,54
H1.W11,yearly,2022,V,Dp,0.33963,0.33963,55
H1.W11,yearly,2022,W,Ah,0.328376,0.328376,56
H1.W11,yearly,2022,W,Dp,0.328018,0.328018,57
H1.W11,yearly,2022,Igm,Sc,0.282528,0.282528,58
H1.W11,yearly,2022,Igc,Sc,0.278203,0.278203,59
H1.W11,yearly,2022,Tdiff,W,-0.274717,0.274717,60
H1.W11,yearly,2022,P,W,-0.27029,0.27029,61
H1.W11,yearly,2022,W,H,0.263784,0.263784,62
H1.W11,yearly,2022,Trl,Ta,-0.257958,0.257958,63
H1.W11,yearly,2022,Trl,rho,0.256619,0.256619,64
H1.W11,yearly,2022,W,rho,-0.254499,0.254499,65
H1.W11,yearly,2022,Sc,Ua,-0.250269,0.250269,66
H1.W11,yearly,2022,V,H,0.243291,0.243291,67
H1.W11,yearly,2022,V,Sc,-0.236497,0.236497,68
H1.W11,yearly,2022,W,Sc,-0.236069,0.236069,69
H1.W11,yearly,2022,Tdiff,V,-0.231852,0.231852,70
H1.W11,yearly,2022,P,V,-0.225686,0.225686,71
H1.W11,yearly,2022,Trl,H,-0.220323,0.220323,72
H1.W11,yearly,2022,Trl,Igm,-0.220278,0.220278,73
H1.W11,yearly,2022,Trl,Igc,-0.218779,0.218779,74
H1.W11,yearly,2022,V,rho,-0.214577,0.214577,75
H1.W11,yearly,2022,V,Ua,0.209456,0.209456,76
H1.W11,yearly,2022,Trl,Ua,0.209011,0.209011,77
H1.W11,yearly,2022,qv,Ta,-0.197059,0.197059,78
H1.W11,yearly,2022,qv,Ua,0.187158,0.187158,79
H1.W11,yearly,2022,W,Ta,0.184785,0.184785,80
H1.W11,yearly,2022,qv,H,-0.183255,0.183255,81
H1.W11,yearly,2022,Sc,rho,-0.173429,0.173429,82
H1.W11,yearly,2022,Tvl,W,-0.161897,0.161897,83
H1.W11,yearly,2022,qv,Igm,-0.154378,0.154378,84
H1.W11,yearly,2022,qv,Igc,-0.153704,0.153704,85
H1.W11,yearly,2022,qv,rho,0.147563,0.147563,86
H1.W11,yearly,2022,Tdiff,qv,0.145242,0.145242,87
H1.W11,yearly,2022,Dp,Igc,0.143694,0.143694,88
H1.W11,yearly,2022,V,Ta,0.143371,0.143371,89
H1.W11,yearly,2022,Dp,Igm,0.14263,0.14263,90
H1.W11,yearly,2022,Trl,Dp,-0.140735,0.140735,91
H1.W11,yearly,2022,Tvl,V,-0.131835,0.131835,92
H1.W11,yearly,2022,Trl,Sc,-0.131592,0.131592,93
H1.W11,yearly,2022,W,Ua,0.127026,0.127026,94
H1.W11,yearly,2022,Tvl,Sc,-0.125326,0.125326,95
H1.W11,yearly,2022,qv,Ah,-0.122104,0.122104,96
H1.W11,yearly,2022,Sc,Ta,0.121983,0.121983,97
H1.W11,yearly,2022,W,Dc,-0.120275,0.120275,98
H1.W11,yearly,2022,Trl,Ah,-0.120204,0.120204,99
H1.W11,yearly,2022,Dc,rho,-0.120156,0.120156,100
H1.W11,yearly,2022,Dc,Dp,0.117326,0.117326,101
H1.W11,yearly,2022,Dc,H,0.112106,0.112106,102
H1.W11,yearly,2022,Dc,Ta,0.110176,0.110176,103
H1.W11,yearly,2022,Ah,Igc,0.10724,0.10724,104
H1.W11,yearly,2022,V,Dc,-0.106041,0.106041,105
H1.W11,yearly,2022,Ah,Igm,0.105413,0.105413,106
H1.W11,yearly,2022,qv,Dp,-0.100442,0.100442,107
H1.W11,yearly,2022,Tvl,Dc,-0.096678,0.096678,108
H1.W11,yearly,2022,Ah,Dc,0.094048,0.094048,109
H1.W11,yearly,2022,Tvl,qv,0.082519,0.082519,110
H1.W11,yearly,2022,Trl,Dc,-0.071997,0.071997,111
H1.W11,yearly,2022,Ah,Sc,-0.070976,0.070976,112
H1.W11,yearly,2022,qv,Sc,0.067495,0.067495,113
H1.W11,yearly,2022,P,Dc,-0.065321,0.065321,114
H1.W11,yearly,2022,Tdiff,Dc,-0.064479,0.064479,115
H1.W11,yearly,2022,Dc,Igm,0.05866,0.05866,116
H1.W11,yearly,2022,Ah,Ua,0.057039,0.057039,117
H1.W11,yearly,2022,Dc,Igc,0.056251,0.056251,118
H1.W11,yearly,2022,V,Igc,-0.056184,0.056184,119
H1.W11,yearly,2022,V,Igm,-0.056096,0.056096,120
H1.W11,yearly,2022,Dc,Ua,-0.054794,0.054794,121
H1.W11,yearly,2022,H,Sc,0.048129,0.048129,122
H1.W11,yearly,2022,qv,Dc,-0.047665,0.047665,123
H1.W11,yearly,2022,Dp,Sc,-0.038425,0.038425,124
H1.W11,yearly,2022,Tdiff,Sc,-0.028056,0.028056,125
H1.W11,yearly,2022,W,qv,-0.021674,0.021674,126
H1.W11,yearly,2022,P,Trl,-0.010874,0.010874,127
H1.W11,yearly,2022,P,Sc,-0.0087,0.0087,128
H1.W11,yearly,2022,Trl,W,-0.007897,0.007897,129
H1.W11,yearly,2022,Tdiff,Trl,-0.006342,0.006342,130
H1.W11,yearly,2022,Dp,Ua,0.003813,0.003813,131
H1.W11,yearly,2022,V,qv,-0.00335,0.00335,132
H1.W11,yearly,2022,W,Igc,-0.001469,0.001469,133
H1.W11,yearly,2022,W,Igm,-0.001378,0.001378,134
H1.W11,yearly,2022,Trl,V,-0.000952,0.000952,135
H1.W11,yearly,2022,Trl,qv,-0.000627,0.000627,136
H1.W11,yearly,2023,Igc,Igm,0.999076,0.999076,1
H1.W11,yearly,2023,Ah,Dp,0.978028,0.978028,2
H1.W11,yearly,2023,H,Ta,0.948166,0.948166,3
H1.W11,yearly,2023,V,W,0.946339,0.946339,4
H1.W11,yearly,2023,Ta,rho,-0.943444,0.943444,5
H1.W11,yearly,2023,Dp,H,0.941159,0.941159,6
H1.W11,yearly,2023,Ah,H,0.92545,0.92545,7
H1.W11,yearly,2023,H,rho,-0.924199,0.924199,8
H1.W11,yearly,2023,Trl,Tvl,0.854601,0.854601,9
H1.W11,yearly,2023,P,Ta,-0.851198,0.851198,10
H1.W11,yearly,2023,P,H,-0.843331,0.843331,11
H1.W11,yearly,2023,Dp,rho,-0.828248,0.828248,12
H1.W11,yearly,2023,P,rho,0.813276,0.813276,13
H1.W11,yearly,2023,Dp,Ta,0.80791,0.80791,14
H1.W11,yearly,2023,Ah,rho,-0.77315,0.77315,15
H1.W11,yearly,2023,P,Dp,-0.763011,0.763011,16
H1.W11,yearly,2023,Ah,Ta,0.757801,0.757801,17
H1.W11,yearly,2023,P,Ah,-0.724881,0.724881,18
H1.W11,yearly,2023,Tdiff,Tvl,0.639561,0.639561,19
H1.W11,yearly,2023,Igm,Ua,-0.628264,0.628264,20
H1.W11,yearly,2023,Igc,Ua,-0.619241,0.619241,21
H1.W11,yearly,2023,Tvl,Ah,-0.580132,0.580132,22
H1.W11,yearly,2023,Tvl,Dp,-0.562067,0.562067,23
H1.W11,yearly,2023,Ta,Ua,-0.561855,0.561855,24
H1.W11,yearly,2023,Tvl,H,-0.560928,0.560928,25
H1.W11,yearly,2023,Tdiff,qv,-0.557401,0.557401,26
H1.W11,yearly,2023,Trl,V,-0.556134,0.556134,27
H1.W11,yearly,2023,Trl,W,-0.518836,0.518836,28
H1.W11,yearly,2023,Igm,Ta,0.501012,0.501012,29
H1.W11,yearly,2023,Trl,Ah,-0.497284,0.497284,30
H1.W11,yearly,2023,Trl,Dp,-0.495809,0.495809,31
H1.W11,yearly,2023,Igc,Ta,0.495641,0.495641,32
H1.W11,yearly,2023,Tvl,rho,0.481845,0.481845,33
H1.W11,yearly,2023,Tvl,Ta,-0.47816,0.47816,34
H1.W11,yearly,2023,Trl,H,-0.468452,0.468452,35
H1.W11,yearly,2023,P,Tvl,0.467225,0.467225,36
H1.W11,yearly,2023,Ua,rho,0.438973,0.438973,37
H1.W11,yearly,2023,Tvl,V,-0.418149,0.418149,38
H1.W11,yearly,2023,Dc,Sc,0.415874,0.415874,39
H1.W11,yearly,2023,Trl,rho,0.407273,0.407273,40
H1.W11,yearly,2023,Igm,rho,-0.404063,0.404063,41
H1.W11,yearly,2023,Igc,rho,-0.399131,0.399131,42
H1.W11,yearly,2023,P,qv,0.394757,0.394757,43
H1.W11,yearly,2023,P,Ua,0.391585,0.391585,44
H1.W11,yearly,2023,Trl,Ta,-0.391371,0.391371,45
H1.W11,yearly,2023,P,Trl,0.390892,0.390892,46
H1.W11,yearly,2023,Tdiff,H,-0.374491,0.374491,47
H1.W11,yearly,2023,Tdiff,Ah,-0.368459,0.368459,48
H1.W11,yearly,2023,P,Igm,-0.364651,0.364651,49
H1.W11,yearly,2023,P,Igc,-0.362224,0.362224,50
H1.W11,yearly,2023,H,Igm,0.352129,0.352129,51
H1.W11,yearly,2023,H,Igc,0.349482,0.349482,52
H1.W11,yearly,2023,Tvl,W,-0.34567,0.34567,53
H1.W11,yearly,2023,W,qv,-0.337247,0.337247,54
H1.W11,yearly,2023,Tdiff,Dp,-0.336233,0.336233,55
H1.W11,yearly,2023,Tdiff,Ta,-0.330929,0.330929,56
H1.W11,yearly,2023,Tdiff,rho,0.314581,0.314581,57
H1.W11,yearly,2023,P,Tdiff,0.310504,0.310504,58
H1.W11,yearly,2023,qv,rho,0.298001,0.298001,59
H1.W11,yearly,2023,H,Ua,-0.295355,0.295355,60
H1.W11,yearly,2023,Tvl,qv,-0.290993,0.290993,61
H1.W11,yearly,2023,W,Dp,0.289841,0.289841,62
H1.W11,yearly,2023,qv,Ta,-0.285339,0.285339,63
H1.W11,yearly,2023,V,Dp,0.283329,0.283329,64
H1.W11,yearly,2023,W,rho,-0.283133,0.283133,65
H1.W11,yearly,2023,V,Ah,0.269282,0.269282,66
H1.W11,yearly,2023,W,Ah,0.26264,0.26264,67
H1.W11,yearly,2023,W,H,0.257285,0.257285,68
H1.W11,yearly,2023,qv,H,-0.24503,0.24503,69
H1.W11,yearly,2023,Sc,Ua,-0.240099,0.240099,70
H1.W11,yearly,2023,Igm,Sc,0.239085,0.239085,71
H1.W11,yearly,2023,Igc,Sc,0.2354,0.2354,72
H1.W11,yearly,2023,W,Ta,0.225466,0.225466,73
H1.W11,yearly,2023,V,rho,-0.220934,0.220934,74
H1.W11,yearly,2023,qv,Dp,-0.22091,0.22091,75
H1.W11,yearly,2023,V,qv,-0.218256,0.218256,76
H1.W11,yearly,2023,V,H,0.212022,0.212022,77
H1.W11,yearly,2023,qv,Igc,-0.178934,0.178934,78
H1.W11,yearly,2023,qv,Igm,-0.177591,0.177591,79
H1.W11,yearly,2023,V,Ua,0.172809,0.172809,80
H1.W11,yearly,2023,qv,Ah,-0.171401,0.171401,81
H1.W11,yearly,2023,qv,Ua,0.169738,0.169738,82
H1.W11,yearly,2023,Dp,Igc,0.151924,0.151924,83
H1.W11,yearly,2023,Dp,Igm,0.151301,0.151301,84
H1.W11,yearly,2023,Tdiff,Trl,0.147612,0.147612,85
H1.W11,yearly,2023,P,W,-0.144655,0.144655,86
H1.W11,yearly,2023,V,Ta,0.141254,0.141254,87
H1.W11,yearly,2023,Sc,rho,-0.134426,0.134426,88
H1.W11,yearly,2023,Ah,Sc,-0.134369,0.134369,89
H1.W11,yearly,2023,Ah,Igc,0.122984,0.122984,90
H1.W11,yearly,2023,Ah,Igm,0.12185,0.12185,91
H1.W11,yearly,2023,Tdiff,Igm,-0.112662,0.112662,92
H1.W11,yearly,2023,Tvl,Igm,-0.111362,0.111362,93
H1.W11,yearly,2023,Tdiff,W,0.109273,0.109273,94
H1.W11,yearly,2023,Trl,Sc,0.109157,0.109157,95
H1.W11,yearly,2023,Tdiff,Igc,-0.108816,0.108816,96
H1.W11,yearly,2023,Tvl,Igc,-0.108562,0.108562,97
H1.W11,yearly,2023,qv,Sc,0.09938,0.09938,98
H1.W11,yearly,2023,qv,Dc,0.09603,0.09603,99
H1.W11,yearly,2023,Tdiff,Ua,0.09391,0.09391,100
H1.W11,yearly,2023,Dp,Sc,-0.086909,0.086909,101
H1.W11,yearly,2023,Tvl,Dc,-0.076994,0.076994,102
H1.W11,yearly,2023,P,V,-0.076512,0.076512,103
H1.W11,yearly,2023,Ah,Ua,0.07073,0.07073,104
H1.W11,yearly,2023,Tdiff,Sc,-0.069005,0.069005,105
H1.W11,yearly,2023,Trl,Igm,-0.066959,0.066959,106
H1.W11,yearly,2023,Trl,Dc,-0.066376,0.066376,107
H1.W11,yearly,2023,Trl,Igc,-0.065941,0.065941,108
H1.W11,yearly,2023,P,Sc,0.059682,0.059682,109
H1.W11,yearly,2023,Sc,Ta,0.057457,0.057457,110
H1.W11,yearly,2023,V,Igc,-0.053132,0.053132,111
H1.W11,yearly,2023,V,Igm,-0.052718,0.052718,112
H1.W11,yearly,2023,Tvl,Sc,0.048675,0.048675,113
H1.W11,yearly,2023,Dc,rho,-0.048647,0.048647,114
H1.W11,yearly,2023,Tdiff,Dc,-0.048386,0.048386,115
H1.W11,yearly,2023,W,Ua,0.041228,0.041228,116
H1.W11,yearly,2023,Tvl,Ua,0.031805,0.031805,117
H1.W11,yearly,2023,V,Sc,-0.031537,0.031537,118
H1.W11,yearly,2023,W,Igm,0.03085,0.03085,119
H1.W11,yearly,2023,V,Dc,0.030822,0.030822,120
H1.W11,yearly,2023,W,Igc,0.030588,0.030588,121
H1.W11,yearly,2023,H,Sc,-0.030548,0.030548,122
H1.W11,yearly,2023,Tdiff,V,0.026298,0.026298,123
H1.W11,yearly,2023,W,Dc,0.025081,0.025081,124
H1.W11,yearly,2023,P,Dc,0.023713,0.023713,125
H1.W11,yearly,2023,Trl,Ua,-0.02276,0.02276,126
H1.W11,yearly,2023,Dc,Igc,-0.022453,0.022453,127
H1.W11,yearly,2023,Dp,Ua,0.021533,0.021533,128
H1.W11,yearly,2023,Dc,Igm,-0.019051,0.019051,129
H1.W11,yearly,2023,W,Sc,-0.01574,0.01574,130
H1.W11,yearly,2023,Dc,Dp,0.012539,0.012539,131
H1.W11,yearly,2023,Ah,Dc,-0.007114,0.007114,132
H1.W11,yearly,2023,Dc,H,-0.006075,0.006075,133
H1.W11,yearly,2023,Dc,Ta,-0.005251,0.005251,134
H1.W11,yearly,2023,Dc,Ua,0.003068,0.003068,135
H1.W11,yearly,2023,Trl,qv,0.001827,0.001827,136
H1.W12,yearly,2018,V,W,0.999209,0.999209,1
H1.W12,yearly,2018,Igc,Igm,0.999171,0.999171,2
H1.W12,yearly,2018,Trl,Tvl,0.975983,0.975983,3
H1.W12,yearly,2018,Ah,Dp,0.96932,0.96932,4
H1.W12,yearly,2018,Ta,rho,-0.966631,0.966631,5
H1.W12,yearly,2018,H,Ta,0.959319,0.959319,6
H1.W12,yearly,2018,H,rho,-0.941897,0.941897,7
H1.W12,yearly,2018,P,Tdiff,0.926582,0.926582,8
H1.W12,yearly,2018,Dp,H,0.925419,0.925419,9
H1.W12,yearly,2018,Tvl,qv,0.915987,0.915987,10
H1.W12,yearly,2018,Ah,H,0.915519,0.915519,11
H1.W12,yearly,2018,Trl,qv,0.907994,0.907994,12
H1.W12,yearly,2018,P,qv,0.861084,0.861084,13
H1.W12,yearly,2018,P,Tvl,0.846127,0.846127,14
H1.W12,yearly,2018,Dp,rho,-0.814303,0.814303,15
H1.W12,yearly,2018,Dp,Ta,0.808386,0.808386,16
H1.W12,yearly,2018,Tdiff,Tvl,0.798184,0.798184,17
H1.W12,yearly,2018,Ah,rho,-0.770833,0.770833,18
H1.W12,yearly,2018,Ah,Ta,0.765441,0.765441,19
H1.W12,yearly,2018,P,Trl,0.759689,0.759689,20
H1.W12,yearly,2018,Tdiff,qv,0.717426,0.717426,21
H1.W12,yearly,2018,Tdiff,Trl,0.67891,0.67891,22
H1.W12,yearly,2018,qv,H,-0.671138,0.671138,23
H1.W12,yearly,2018,qv,rho,0.669688,0.669688,24
H1.W12,yearly,2018,qv,Ta,-0.665692,0.665692,25
H1.W12,yearly,2018,Igm,Ua,-0.624524,0.624524,26
H1.W12,yearly,2018,Igc,Ua,-0.615457,0.615457,27
H1.W12,yearly,2018,Ta,Ua,-0.593472,0.593472,28
H1.W12,yearly,2018,P,H,-0.583945,0.583945,29
H1.W12,yearly,2018,qv,Ah,-0.579687,0.579687,30
H1.W12,yearly,2018,P,Ta,-0.579492,0.579492,31
H1.W12,yearly,2018,P,rho,0.574637,0.574637,32
H1.W12,yearly,2018,Tvl,rho,0.572406,0.572406,33
H1.W12,yearly,2018,Tvl,H,-0.563265,0.563265,34
H1.W12,yearly,2018,qv,Dp,-0.557929,0.557929,35
H1.W12,yearly,2018,Tvl,Ta,-0.553564,0.553564,36
H1.W12,yearly,2018,Trl,rho,0.550287,0.550287,37
H1.W12,yearly,2018,Igm,Ta,0.538315,0.538315,38
H1.W12,yearly,2018,Ua,rho,0.533642,0.533642,39
H1.W12,yearly,2018,Igc,Ta,0.533294,0.533294,40
H1.W12,yearly,2018,Trl,H,-0.533168,0.533168,41
H1.W12,yearly,2018,Trl,Ta,-0.527073,0.527073,42
H1.W12,yearly,2018,Tdiff,H,-0.516332,0.516332,43
H1.W12,yearly,2018,P,Ah,-0.504503,0.504503,44
H1.W12,yearly,2018,Tdiff,rho,0.503197,0.503197,45
H1.W12,yearly,2018,Tdiff,Ta,-0.498735,0.498735,46
H1.W12,yearly,2018,Igm,rho,-0.489496,0.489496,47
H1.W12,yearly,2018,Tvl,Ah,-0.488676,0.488676,48
H1.W12,yearly,2018,P,Dp,-0.486304,0.486304,49
H1.W12,yearly,2018,Igc,rho,-0.484774,0.484774,50
H1.W12,yearly,2018,Tdiff,Ah,-0.461976,0.461976,51
H1.W12,yearly,2018,Trl,Ah,-0.457872,0.457872,52
H1.W12,yearly,2018,Tvl,Dp,-0.447422,0.447422,53
H1.W12,yearly,2018,Tdiff,Dp,-0.433281,0.433281,54
H1.W12,yearly,2018,H,Igm,0.419252,0.419252,55
H1.W12,yearly,2018,Trl,Dp,-0.417858,0.417858,56
H1.W12,yearly,2018,H,Igc,0.41707,0.41707,57
H1.W12,yearly,2018,qv,Ua,0.394199,0.394199,58
H1.W12,yearly,2018,H,Ua,-0.377658,0.377658,59
H1.W12,yearly,2018,Tvl,Ua,0.350807,0.350807,60
H1.W12,yearly,2018,Trl,Ua,0.347725,0.347725,61
H1.W12,yearly,2018,Dc,Sc,0.343783,0.343783,62
H1.W12,yearly,2018,P,Ua,0.338374,0.338374,63
H1.W12,yearly,2018,qv,Igm,-0.31544,0.31544,64
H1.W12,yearly,2018,qv,Igc,-0.314786,0.314786,65
H1.W12,yearly,2018,Igm,Sc,0.313819,0.313819,66
H1.W12,yearly,2018,Sc,Ua,-0.312832,0.312832,67
H1.W12,yearly,2018,Igc,Sc,0.309467,0.309467,68
H1.W12,yearly,2018,P,Igm,-0.287424,0.287424,69
H1.W12,yearly,2018,P,Igc,-0.286644,0.286644,70
H1.W12,yearly,2018,Tdiff,Ua,0.265446,0.265446,71
H1.W12,yearly,2018,Tvl,Igm,-0.255549,0.255549,72
H1.W12,yearly,2018,Tvl,Igc,-0.25447,0.25447,73
H1.W12,yearly,2018,Trl,Igm,-0.248821,0.248821,74
H1.W12,yearly,2018,Trl,Igc,-0.24797,0.24797,75
H1.W12,yearly,2018,Dc,Dp,0.212072,0.212072,76
H1.W12,yearly,2018,Dp,Igc,0.205473,0.205473,77
H1.W12,yearly,2018,Dp,Igm,0.204109,0.204109,78
H1.W12,yearly,2018,Tdiff,Igm,-0.203643,0.203643,79
H1.W12,yearly,2018,Tdiff,Igc,-0.202513,0.202513,80
H1.W12,yearly,2018,Dc,rho,-0.18665,0.18665,81
H1.W12,yearly,2018,Ah,Igc,0.18527,0.18527,82
H1.W12,yearly,2018,Ah,Igm,0.182997,0.182997,83
H1.W12,yearly,2018,Dc,Ta,0.176572,0.176572,84
H1.W12,yearly,2018,Dc,H,0.175893,0.175893,85
H1.W12,yearly,2018,Ah,Sc,-0.16197,0.16197,86
H1.W12,yearly,2018,Ah,Dc,0.156832,0.156832,87
H1.W12,yearly,2018,Tvl,W,0.151324,0.151324,88
H1.W12,yearly,2018,P,W,0.149493,0.149493,89
H1.W12,yearly,2018,Trl,W,0.146649,0.146649,90
H1.W12,yearly,2018,Tvl,V,0.144578,0.144578,91
H1.W12,yearly,2018,Dp,Sc,-0.143094,0.143094,92
H1.W12,yearly,2018,Trl,V,0.140595,0.140595,93
H1.W12,yearly,2018,P,V,0.140228,0.140228,94
H1.W12,yearly,2018,Tdiff,W,0.13377,0.13377,95
H1.W12,yearly,2018,W,qv,0.132214,0.132214,96
H1.W12,yearly,2018,Tdiff,V,0.126885,0.126885,97
H1.W12,yearly,2018,V,qv,0.12117,0.12117,98
H1.W12,yearly,2018,Tdiff,Sc,0.120946,0.120946,99
H1.W12,yearly,2018,P,Sc,0.120915,0.120915,100
H1.W12,yearly,2018,qv,Sc,0.104275,0.104275,101
H1.W12,yearly,2018,V,Dp,0.100932,0.100932,102
H1.W12,yearly,2018,Sc,rho,-0.098609,0.098609,103
H1.W12,yearly,2018,Tvl,Sc,0.085764,0.085764,104
H1.W12,yearly,2018,W,Ua,0.084563,0.084563,105
H1.W12,yearly,2018,W,Dp,0.081469,0.081469,106
H1.W12,yearly,2018,V,Ah,0.079722,0.079722,107
H1.W12,yearly,2018,V,Ua,0.077429,0.077429,108
H1.W12,yearly,2018,Dc,Igm,0.076061,0.076061,109
H1.W12,yearly,2018,V,Sc,-0.07561,0.07561,110
H1.W12,yearly,2018,Dc,Igc,0.0745,0.0745,111
H1.W12,yearly,2018,W,Sc,-0.068469,0.068469,112
H1.W12,yearly,2018,Trl,Sc,0.062844,0.062844,113
H1.W12,yearly,2018,W,Ah,0.061366,0.061366,114
H1.W12,yearly,2018,Sc,Ta,0.058441,0.058441,115
H1.W12,yearly,2018,V,H,0.057538,0.057538,116
H1.W12,yearly,2018,W,Igm,-0.044248,0.044248,117
H1.W12,yearly,2018,W,Igc,-0.044209,0.044209,118
H1.W12,yearly,2018,W,rho,0.043301,0.043301,119
H1.W12,yearly,2018,V,Ta,0.042064,0.042064,120
H1.W12,yearly,2018,V,Igm,-0.037763,0.037763,121
H1.W12,yearly,2018,V,Igc,-0.037725,0.037725,122
H1.W12,yearly,2018,W,H,0.037585,0.037585,123
H1.W12,yearly,2018,W,Dc,0.03695,0.03695,124
H1.W12,yearly,2018,V,Dc,0.035135,0.035135,125
H1.W12,yearly,2018,H,Sc,-0.032065,0.032065,126
H1.W12,yearly,2018,V,rho,0.025443,0.025443,127
H1.W12,yearly,2018,Tvl,Dc,0.023683,0.023683,128
H1.W12,yearly,2018,Trl,Dc,0.023554,0.023554,129
H1.W12,yearly,2018,W,Ta,0.022719,0.022719,130
H1.W12,yearly,2018,Dp,Ua,-0.021671,0.021671,131
H1.W12,yearly,2018,Dc,Ua,-0.018222,0.018222,132
H1.W12,yearly,2018,qv,Dc,-0.006771,0.006771,133
H1.W12,yearly,2018,Tdiff,Dc,0.00546,0.00546,134
H1.W12,yearly,2018,Ah,Ua,-0.004135,0.004135,135
H1.W12,yearly,2018,P,Dc,-0.000971,0.000971,136
H1.W12,yearly,2019,V,W,0.99957,0.99957,1
H1.W12,yearly,2019,Igc,Igm,0.999227,0.999227,2
H1.W12,yearly,2019,Trl,Tvl,0.984525,0.984525,3
H1.W12,yearly,2019,Ah,Dp,0.982017,0.982017,4
H1.W12,yearly,2019,Tvl,qv,0.949915,0.949915,5
H1.W12,yearly,2019,H,Ta,0.946742,0.946742,6
H1.W12,yearly,2019,Trl,qv,0.943482,0.943482,7
H1.W12,yearly,2019,Ta,rho,-0.941822,0.941822,8
H1.W12,yearly,2019,H,rho,-0.928951,0.928951,9
H1.W12,yearly,2019,Dp,H,0.926717,0.926717,10
H1.W12,yearly,2019,P,Tdiff,0.913635,0.913635,11
H1.W12,yearly,2019,Ah,H,0.909866,0.909866,12
H1.W12,yearly,2019,P,qv,0.886935,0.886935,13
H1.W12,yearly,2019,P,Tvl,0.862957,0.862957,14
H1.W12,yearly,2019,Dp,rho,-0.811417,0.811417,15
H1.W12,yearly,2019,P,Trl,0.78664,0.78664,16
H1.W12,yearly,2019,Tvl,H,-0.779365,0.779365,17
H1.W12,yearly,2019,Tdiff,Tvl,0.77616,0.77616,18
H1.W12,yearly,2019,Dp,Ta,0.773904,0.773904,19
H1.W12,yearly,2019,qv,H,-0.765015,0.765015,20
H1.W12,yearly,2019,Ah,rho,-0.762449,0.762449,21
H1.W12,yearly,2019,Trl,H,-0.753217,0.753217,22
H1.W12,yearly,2019,qv,Ta,-0.751992,0.751992,23
H1.W12,yearly,2019,Tvl,Ta,-0.751396,0.751396,24
H1.W12,yearly,2019,Ah,Ta,0.728501,0.728501,25
H1.W12,yearly,2019,Trl,Ta,-0.728411,0.728411,26
H1.W12,yearly,2019,Tdiff,qv,0.712078,0.712078,27
H1.W12,yearly,2019,P,H,-0.70254,0.70254,28
H1.W12,yearly,2019,Tvl,Dp,-0.695344,0.695344,29
H1.W12,yearly,2019,Tvl,rho,0.693181,0.693181,30
H1.W12,yearly,2019,Tvl,Ah,-0.692999,0.692999,31
H1.W12,yearly,2019,P,Ta,-0.690642,0.690642,32
H1.W12,yearly,2019,qv,rho,0.688884,0.688884,33
H1.W12,yearly,2019,Trl,rho,0.672676,0.672676,34
H1.W12,yearly,2019,qv,Dp,-0.672391,0.672391,35
H1.W12,yearly,2019,Trl,Dp,-0.668837,0.668837,36
H1.W12,yearly,2019,Trl,Ah,-0.666742,0.666742,37
H1.W12,yearly,2019,qv,Ah,-0.663304,0.663304,38
H1.W12,yearly,2019,Tdiff,H,-0.660946,0.660946,39
H1.W12,yearly,2019,Tdiff,Trl,0.66088,0.66088,40
H1.W12,yearly,2019,Igm,Ua,-0.645785,0.645785,41
H1.W12,yearly,2019,Igc,Ua,-0.636499,0.636499,42
H1.W12,yearly,2019,Tdiff,Ta,-0.629636,0.629636,43
H1.W12,yearly,2019,P,rho,0.62957,0.62957,44
H1.W12,yearly,2019,P,Dp,-0.623423,0.623423,45
H1.W12,yearly,2019,Ta,Ua,-0.614788,0.614788,46
H1.W12,yearly,2019,P,Ah,-0.610667,0.610667,47
H1.W12,yearly,2019,Tdiff,Dp,-0.601539,0.601539,48
H1.W12,yearly,2019,Tdiff,Ah,-0.598249,0.598249,49
H1.W12,yearly,2019,Tdiff,rho,0.576051,0.576051,50
H1.W12,yearly,2019,Igm,Ta,0.538483,0.538483,51
H1.W12,yearly,2019,Igc,Ta,0.532929,0.532929,52
H1.W12,yearly,2019,Dc,Sc,0.48533,0.48533,53
H1.W12,yearly,2019,Ua,rho,0.47409,0.47409,54
H1.W12,yearly,2019,Igm,rho,-0.439571,0.439571,55
H1.W12,yearly,2019,Igc,rho,-0.434516,0.434516,56
H1.W12,yearly,2019,H,Igm,0.385288,0.385288,57
H1.W12,yearly,2019,H,Igc,0.382804,0.382804,58
H1.W12,yearly,2019,qv,Ua,0.35996,0.35996,59
H1.W12,yearly,2019,H,Ua,-0.349449,0.349449,60
H1.W12,yearly,2019,W,Dp,0.345455,0.345455,61
H1.W12,yearly,2019,V,Dp,0.338047,0.338047,62
H1.W12,yearly,2019,Tvl,Ua,0.329815,0.329815,63
H1.W12,yearly,2019,Trl,Ua,0.328281,0.328281,64
H1.W12,yearly,2019,P,Ua,0.320241,0.320241,65
H1.W12,yearly,2019,P,Igm,-0.309543,0.309543,66
H1.W12,yearly,2019,qv,Igm,-0.308824,0.308824,67
H1.W12,yearly,2019,P,Igc,-0.308033,0.308033,68
H1.W12,yearly,2019,qv,Igc,-0.30695,0.30695,69
H1.W12,yearly,2019,W,Ah,0.305661,0.305661,70
H1.W12,yearly,2019,V,Ah,0.298948,0.298948,71
H1.W12,yearly,2019,Igm,Sc,0.296984,0.296984,72
H1.W12,yearly,2019,Igc,Sc,0.292833,0.292833,73
H1.W12,yearly,2019,W,H,0.273373,0.273373,74
H1.W12,yearly,2019,Sc,Ua,-0.272901,0.272901,75
H1.W12,yearly,2019,W,rho,-0.266566,0.266566,76
H1.W12,yearly,2019,Tvl,Igm,-0.266097,0.266097,77
H1.W12,yearly,2019,Tvl,Igc,-0.264502,0.264502,78
H1.W12,yearly,2019,V,H,0.262645,0.262645,79
H1.W12,yearly,2019,V,rho,-0.255597,0.255597,80
H1.W12,yearly,2019,Trl,Igm,-0.254982,0.254982,81
H1.W12,yearly,2019,Trl,Igc,-0.253313,0.253313,82
H1.W12,yearly,2019,Tdiff,Ua,0.245988,0.245988,83
H1.W12,yearly,2019,Tdiff,Igm,-0.241531,0.241531,84
H1.W12,yearly,2019,Tdiff,Igc,-0.240673,0.240673,85
H1.W12,yearly,2019,Tdiff,W,-0.222321,0.222321,86
H1.W12,yearly,2019,W,Ta,0.219598,0.219598,87
H1.W12,yearly,2019,Tdiff,V,-0.212457,0.212457,88
H1.W12,yearly,2019,V,Ta,0.206997,0.206997,89
H1.W12,yearly,2019,P,W,-0.196372,0.196372,90
H1.W12,yearly,2019,W,Sc,-0.192907,0.192907,91
H1.W12,yearly,2019,V,Sc,-0.192268,0.192268,92
H1.W12,yearly,2019,Sc,rho,-0.186921,0.186921,93
H1.W12,yearly,2019,P,V,-0.185924,0.185924,94
H1.W12,yearly,2019,Dp,Igc,0.163095,0.163095,95
H1.W12,yearly,2019,Dp,Igm,0.161794,0.161794,96
H1.W12,yearly,2019,W,qv,-0.145663,0.145663,97
H1.W12,yearly,2019,Tvl,W,-0.141283,0.141283,98
H1.W12,yearly,2019,V,qv,-0.134428,0.134428,99
H1.W12,yearly,2019,Tvl,V,-0.129842,0.129842,100
H1.W12,yearly,2019,W,Dc,-0.129093,0.129093,101
H1.W12,yearly,2019,V,Dc,-0.127132,0.127132,102
H1.W12,yearly,2019,Ah,Igc,0.125997,0.125997,103
H1.W12,yearly,2019,Ah,Igm,0.124003,0.124003,104
H1.W12,yearly,2019,V,Ua,0.123548,0.123548,105
H1.W12,yearly,2019,Sc,Ta,0.11817,0.11817,106
H1.W12,yearly,2019,Tvl,Sc,0.115976,0.115976,107
H1.W12,yearly,2019,qv,Sc,0.113629,0.113629,108
H1.W12,yearly,2019,W,Ua,0.112061,0.112061,109
H1.W12,yearly,2019,Tdiff,Sc,0.109314,0.109314,110
H1.W12,yearly,2019,Trl,W,-0.109033,0.109033,111
H1.W12,yearly,2019,Trl,Sc,0.108245,0.108245,112
H1.W12,yearly,2019,P,Sc,0.105782,0.105782,113
H1.W12,yearly,2019,Trl,V,-0.097989,0.097989,114
H1.W12,yearly,2019,Ah,Sc,-0.097108,0.097108,115
H1.W12,yearly,2019,Dc,rho,-0.079576,0.079576,116
H1.W12,yearly,2019,P,Dc,0.059593,0.059593,117
H1.W12,yearly,2019,Dc,Ta,0.054758,0.054758,118
H1.W12,yearly,2019,Dc,Igm,0.054162,0.054162,119
H1.W12,yearly,2019,Dp,Sc,-0.054154,0.054154,120
H1.W12,yearly,2019,qv,Dc,0.053475,0.053475,121
H1.W12,yearly,2019,Ah,Ua,0.053409,0.053409,122
H1.W12,yearly,2019,Dc,Dp,0.052682,0.052682,123
H1.W12,yearly,2019,Dc,Igc,0.051992,0.051992,124
H1.W12,yearly,2019,Dc,Ua,-0.05088,0.05088,125
H1.W12,yearly,2019,Tdiff,Dc,0.049223,0.049223,126
H1.W12,yearly,2019,Dc,H,0.043702,0.043702,127
H1.W12,yearly,2019,Tvl,Dc,0.038227,0.038227,128
H1.W12,yearly,2019,Trl,Dc,0.032556,0.032556,129
H1.W12,yearly,2019,W,Igm,0.02911,0.02911,130
H1.W12,yearly,2019,W,Igc,0.029081,0.029081,131
H1.W12,yearly,2019,H,Sc,0.027132,0.027132,132
H1.W12,yearly,2019,Ah,Dc,0.02434,0.02434,133
H1.W12,yearly,2019,V,Igm,0.020389,0.020389,134
H1.W12,yearly,2019,V,Igc,0.020361,0.020361,135
H1.W12,yearly,2019,Dp,Ua,0.006579,0.006579,136
H1.W12,yearly,2020,Igc,Igm,0.999193,0.999193,1
H1.W12,yearly,2020,V,W,0.999013,0.999013,2
H1.W12,yearly,2020,Trl,Tvl,0.987189,0.987189,3
H1.W12,yearly,2020,Ah,Dp,0.977155,0.977155,4
H1.W12,yearly,2020,Tvl,qv,0.956318,0.956318,5
H1.W12,yearly,2020,Trl,qv,0.956145,0.956145,6
H1.W12,yearly,2020,Ta,rho,-0.945224,0.945224,7
H1.W12,yearly,2020,H,Ta,0.938979,0.938979,8
H1.W12,yearly,2020,H,rho,-0.923633,0.923633,9
H1.W12,yearly,2020,Dp,H,0.900835,0.900835,10
H1.W12,yearly,2020,Ah,H,0.891492,0.891492,11
H1.W12,yearly,2020,P,qv,0.874284,0.874284,12
H1.W12,yearly,2020,P,Tvl,0.852041,0.852041,13
H1.W12,yearly,2020,P,Tdiff,0.843279,0.843279,14
H1.W12,yearly,2020,P,Trl,0.785856,0.785856,15
H1.W12,yearly,2020,Dp,rho,-0.756824,0.756824,16
H1.W12,yearly,2020,qv,H,-0.735481,0.735481,17
H1.W12,yearly,2020,qv,Ta,-0.732017,0.732017,18
H1.W12,yearly,2020,Dp,Ta,0.718312,0.718312,19
H1.W12,yearly,2020,Ah,rho,-0.717632,0.717632,20
H1.W12,yearly,2020,Tvl,H,-0.717351,0.717351,21
H1.W12,yearly,2020,Trl,H,-0.709532,0.709532,22
H1.W12,yearly,2020,qv,rho,0.699742,0.699742,23
H1.W12,yearly,2020,Tdiff,Tvl,0.698396,0.698396,24
H1.W12,yearly,2020,Trl,Ta,-0.695487,0.695487,25
H1.W12,yearly,2020,Tvl,Ta,-0.694087,0.694087,26
H1.W12,yearly,2020,Ah,Ta,0.681928,0.681928,27
H1.W12,yearly,2020,Trl,rho,0.671382,0.671382,28
H1.W12,yearly,2020,Tvl,rho,0.669819,0.669819,29
H1.W12,yearly,2020,Tvl,Dp,-0.639528,0.639528,30
H1.W12,yearly,2020,Ta,Ua,-0.62985,0.62985,31
H1.W12,yearly,2020,qv,Dp,-0.629226,0.629226,32
H1.W12,yearly,2020,Trl,Dp,-0.624394,0.624394,33
H1.W12,yearly,2020,P,H,-0.623081,0.623081,34
H1.W12,yearly,2020,Igm,Ua,-0.621652,0.621652,35
H1.W12,yearly,2020,Tvl,Ah,-0.617538,0.617538,36
H1.W12,yearly,2020,P,Ta,-0.616444,0.616444,37
H1.W12,yearly,2020,Tdiff,qv,0.613396,0.613396,38
H1.W12,yearly,2020,Igc,Ua,-0.613041,0.613041,39
H1.W12,yearly,2020,qv,Ah,-0.606028,0.606028,40
H1.W12,yearly,2020,Trl,Ah,-0.5996,0.5996,41
H1.W12,yearly,2020,P,rho,0.586407,0.586407,42
H1.W12,yearly,2020,Tdiff,Trl,0.575644,0.575644,43
H1.W12,yearly,2020,P,Dp,-0.538267,0.538267,44
H1.W12,yearly,2020,P,Ah,-0.517967,0.517967,45
H1.W12,yearly,2020,Ua,rho,0.510223,0.510223,46
H1.W12,yearly,2020,Igm,Ta,0.499238,0.499238,47
H1.W12,yearly,2020,Tdiff,H,-0.498745,0.498745,48
H1.W12,yearly,2020,Igc,Ta,0.493467,0.493467,49
H1.W12,yearly,2020,Tdiff,Dp,-0.481006,0.481006,50
H1.W12,yearly,2020,Tdiff,Ah,-0.479786,0.479786,51
H1.W12,yearly,2020,Tdiff,Ta,-0.442189,0.442189,52
H1.W12,yearly,2020,Tdiff,rho,0.425705,0.425705,53
H1.W12,yearly,2020,Igm,rho,-0.412373,0.412373,54
H1.W12,yearly,2020,Igc,rho,-0.407199,0.407199,55
H1.W12,yearly,2020,Dc,Sc,0.40669,0.40669,56
H1.W12,yearly,2020,qv,Ua,0.352164,0.352164,57
H1.W12,yearly,2020,H,Ua,-0.346098,0.346098,58
H1.W12,yearly,2020,H,Igm,0.331536,0.331536,59
H1.W12,yearly,2020,H,Igc,0.328922,0.328922,60
H1.W12,yearly,2020,Igm,Sc,0.315729,0.315729,61
H1.W12,yearly,2020,Igc,Sc,0.31166,0.31166,62
H1.W12,yearly,2020,Sc,Ua,-0.310939,0.310939,63
H1.W12,yearly,2020,Trl,Ua,0.308189,0.308189,64
H1.W12,yearly,2020,Tvl,Ua,0.288196,0.288196,65
H1.W12,yearly,2020,P,Ua,0.280671,0.280671,66
H1.W12,yearly,2020,P,W,-0.259711,0.259711,67
H1.W12,yearly,2020,qv,Igm,-0.259625,0.259625,68
H1.W12,yearly,2020,qv,Igc,-0.258263,0.258263,69
H1.W12,yearly,2020,Tvl,W,-0.249542,0.249542,70
H1.W12,yearly,2020,W,rho,-0.247081,0.247081,71
H1.W12,yearly,2020,W,Dp,0.245715,0.245715,72
H1.W12,yearly,2020,W,qv,-0.23858,0.23858,73
H1.W12,yearly,2020,P,V,-0.236619,0.236619,74
H1.W12,yearly,2020,W,Ah,0.236353,0.236353,75
H1.W12,yearly,2020,Trl,W,-0.233306,0.233306,76
H1.W12,yearly,2020,Tdiff,W,-0.232456,0.232456,77
H1.W12,yearly,2020,W,H,0.229531,0.229531,78
H1.W12,yearly,2020,Trl,Igm,-0.229233,0.229233,79
H1.W12,yearly,2020,Trl,Igc,-0.228097,0.228097,80
H1.W12,yearly,2020,V,Dp,0.227633,0.227633,81
H1.W12,yearly,2020,P,Igm,-0.223389,0.223389,82
H1.W12,yearly,2020,Sc,rho,-0.223154,0.223154,83
H1.W12,yearly,2020,V,rho,-0.222598,0.222598,84
H1.W12,yearly,2020,Tvl,V,-0.222385,0.222385,85
H1.W12,yearly,2020,P,Igc,-0.222137,0.222137,86
H1.W12,yearly,2020,V,Ah,0.21844,0.21844,87
H1.W12,yearly,2020,Tvl,Igm,-0.218165,0.218165,88
H1.W12,yearly,2020,Tdiff,V,-0.217255,0.217255,89
H1.W12,yearly,2020,Tvl,Igc,-0.217113,0.217113,90
H1.W12,yearly,2020,V,qv,-0.210156,0.210156,91
H1.W12,yearly,2020,Trl,V,-0.205661,0.205661,92
H1.W12,yearly,2020,V,H,0.204414,0.204414,93
H1.W12,yearly,2020,W,Ta,0.192101,0.192101,94
H1.W12,yearly,2020,W,Dc,-0.181111,0.181111,95
H1.W12,yearly,2020,V,Dc,-0.180694,0.180694,96
H1.W12,yearly,2020,V,Ta,0.164977,0.164977,97
H1.W12,yearly,2020,W,Sc,-0.163152,0.163152,98
H1.W12,yearly,2020,V,Sc,-0.16285,0.16285,99
H1.W12,yearly,2020,Sc,Ta,0.161986,0.161986,100
H1.W12,yearly,2020,P,Sc,0.111037,0.111037,101
H1.W12,yearly,2020,Dc,rho,-0.107468,0.107468,102
H1.W12,yearly,2020,Tdiff,Sc,0.103482,0.103482,103
H1.W12,yearly,2020,Ah,Ua,0.098929,0.098929,104
H1.W12,yearly,2020,Tdiff,Ua,0.096745,0.096745,105
H1.W12,yearly,2020,Tdiff,Igm,-0.091242,0.091242,106
H1.W12,yearly,2020,Tdiff,Igc,-0.090912,0.090912,107
H1.W12,yearly,2020,Dc,Dp,0.088245,0.088245,108
H1.W12,yearly,2020,qv,Sc,0.08012,0.08012,109
H1.W12,yearly,2020,Dc,Ta,0.077018,0.077018,110
H1.W12,yearly,2020,Ah,Sc,-0.073381,0.073381,111
H1.W12,yearly,2020,Tvl,Sc,0.072787,0.072787,112
H1.W12,yearly,2020,Dp,Ua,0.071767,0.071767,113
H1.W12,yearly,2020,Dp,Igc,0.071046,0.071046,114
H1.W12,yearly,2020,Dp,Igm,0.069563,0.069563,115
H1.W12,yearly,2020,Dc,H,0.068452,0.068452,116
H1.W12,yearly,2020,H,Sc,0.068237,0.068237,117
H1.W12,yearly,2020,Trl,Sc,0.059879,0.059879,118
H1.W12,yearly,2020,W,Igc,0.053418,0.053418,119
H1.W12,yearly,2020,W,Igm,0.053347,0.053347,120
H1.W12,yearly,2020,Dp,Sc,-0.052412,0.052412,121
H1.W12,yearly,2020,Dc,Igm,0.051202,0.051202,122
H1.W12,yearly,2020,Dc,Igc,0.049628,0.049628,123
H1.W12,yearly,2020,Ah,Igc,0.047842,0.047842,124
H1.W12,yearly,2020,Ah,Dc,0.047156,0.047156,125
H1.W12,yearly,2020,Ah,Igm,0.045711,0.045711,126
H1.W12,yearly,2020,Dc,Ua,-0.039611,0.039611,127
H1.W12,yearly,2020,V,Igc,0.039227,0.039227,128
H1.W12,yearly,2020,V,Igm,0.039154,0.039154,129
H1.W12,yearly,2020,V,Ua,0.037671,0.037671,130
H1.W12,yearly,2020,P,Dc,0.030517,0.030517,131
H1.W12,yearly,2020,Tdiff,Dc,0.023467,0.023467,132
H1.W12,yearly,2020,W,Ua,0.017462,0.017462,133
H1.W12,yearly,2020,qv,Dc,0.00665,0.00665,134
H1.W12,yearly,2020,Tvl,Dc,0.004499,0.004499,135
H1.W12,yearly,2020,Trl,Dc,-0.000273,0.000273,136
H1.W12,yearly,2021,V,W,0.999634,0.999634,1
H1.W12,yearly,2021,Igc,Igm,0.998941,0.998941,2
H1.W12,yearly,2021,Trl,Tvl,0.983574,0.983574,3
H1.W12,yearly,2021,Ah,Dp,0.980037,0.980037,4
H1.W12,yearly,2021,H,Ta,0.961572,0.961572,5
H1.W12,yearly,2021,Ta,rho,-0.953678,0.953678,6
H1.W12,yearly,2021,Dp,H,0.951805,0.951805,7
H1.W12,yearly,2021,Tvl,qv,0.949206,0.949206,8
H1.W12,yearly,2021,Ah,H,0.948063,0.948063,9
H1.W12,yearly,2021,Trl,qv,0.944162,0.944162,10
H1.W12,yearly,2021,H,rho,-0.93815,0.93815,11
H1.W12,yearly,2021,P,Tdiff,0.904202,0.904202,12
H1.W12,yearly,2021,Dp,rho,-0.859501,0.859501,13
H1.W12,yearly,2021,Dp,Ta,0.853681,0.853681,14
H1.W12,yearly,2021,P,qv,0.847149,0.847149,15
H1.W12,yearly,2021,P,Tvl,0.83558,0.83558,16
H1.W12,yearly,2021,Ah,rho,-0.827213,0.827213,17
H1.W12,yearly,2021,Ah,Ta,0.825029,0.825029,18
H1.W12,yearly,2021,Tvl,H,-0.798908,0.798908,19
H1.W12,yearly,2021,qv,H,-0.793667,0.793667,20
H1.W12,yearly,2021,Trl,H,-0.784697,0.784697,21
H1.W12,yearly,2021,Tvl,Ah,-0.766559,0.766559,22
H1.W12,yearly,2021,qv,Ta,-0.764097,0.764097,23
H1.W12,yearly,2021,Tvl,Ta,-0.757367,0.757367,24
H1.W12,yearly,2021,qv,Ah,-0.749138,0.749138,25
H1.W12,yearly,2021,Trl,Ah,-0.748919,0.748919,26
H1.W12,yearly,2021,Trl,Ta,-0.747544,0.747544,27
H1.W12,yearly,2021,P,Trl,0.741446,0.741446,28
H1.W12,yearly,2021,Tvl,Dp,-0.740328,0.740328,29
H1.W12,yearly,2021,qv,rho,0.733097,0.733097,30
H1.W12,yearly,2021,Tvl,rho,0.729382,0.729382,31
H1.W12,yearly,2021,qv,Dp,-0.728706,0.728706,32
H1.W12,yearly,2021,Trl,Dp,-0.723671,0.723671,33
H1.W12,yearly,2021,Trl,rho,0.714641,0.714641,34
H1.W12,yearly,2021,Tdiff,Tvl,0.701753,0.701753,35
H1.W12,yearly,2021,P,H,-0.677727,0.677727,36
H1.W12,yearly,2021,P,Ta,-0.653421,0.653421,37
H1.W12,yearly,2021,P,rho,0.641268,0.641268,38
H1.W12,yearly,2021,P,Ah,-0.638926,0.638926,39
H1.W12,yearly,2021,Igm,Ua,-0.633527,0.633527,40
H1.W12,yearly,2021,P,Dp,-0.626287,0.626287,41
H1.W12,yearly,2021,Tdiff,qv,0.624536,0.624536,42
H1.W12,yearly,2021,Igc,Ua,-0.623329,0.623329,43
H1.W12,yearly,2021,Tdiff,H,-0.569323,0.569323,44
H1.W12,yearly,2021,Tdiff,Ah,-0.562004,0.562004,45
H1.W12,yearly,2021,Tdiff,Trl,0.56184,0.56184,46
H1.W12,yearly,2021,Tdiff,Dp,-0.54128,0.54128,47
H1.W12,yearly,2021,Tdiff,rho,0.52677,0.52677,48
H1.W12,yearly,2021,Tdiff,Ta,-0.525383,0.525383,49
H1.W12,yearly,2021,Igm,Ta,0.492516,0.492516,50
H1.W12,yearly,2021,Igc,Ta,0.487044,0.487044,51
H1.W12,yearly,2021,Ta,Ua,-0.457285,0.457285,52
H1.W12,yearly,2021,Igm,rho,-0.414993,0.414993,53
H1.W12,yearly,2021,Igc,rho,-0.409969,0.409969,54
H1.W12,yearly,2021,Dc,Sc,0.408799,0.408799,55
H1.W12,yearly,2021,W,Dp,0.368052,0.368052,56
H1.W12,yearly,2021,Sc,Ua,-0.365393,0.365393,57
H1.W12,yearly,2021,H,Igm,0.357425,0.357425,58
H1.W12,yearly,2021,Ua,rho,0.355762,0.355762,59
H1.W12,yearly,2021,V,Dp,0.355116,0.355116,60
H1.W12,yearly,2021,H,Igc,0.354692,0.354692,61
H1.W12,yearly,2021,Igm,Sc,0.349411,0.349411,62
H1.W12,yearly,2021,Igc,Sc,0.345073,0.345073,63
H1.W12,yearly,2021,W,Ah,0.328874,0.328874,64
H1.W12,yearly,2021,V,Ah,0.316004,0.316004,65
H1.W12,yearly,2021,W,H,0.311641,0.311641,66
H1.W12,yearly,2021,V,H,0.296395,0.296395,67
H1.W12,yearly,2021,W,Ta,0.279247,0.279247,68
H1.W12,yearly,2021,qv,Igm,-0.272762,0.272762,69
H1.W12,yearly,2021,qv,Igc,-0.271479,0.271479,70
H1.W12,yearly,2021,W,rho,-0.271294,0.271294,71
H1.W12,yearly,2021,V,Ta,0.26315,0.26315,72
H1.W12,yearly,2021,V,rho,-0.256592,0.256592,73
H1.W12,yearly,2021,P,Igm,-0.250546,0.250546,74
H1.W12,yearly,2021,P,Igc,-0.249163,0.249163,75
H1.W12,yearly,2021,Trl,Igm,-0.24497,0.24497,76
H1.W12,yearly,2021,Tvl,Igm,-0.244134,0.244134,77
H1.W12,yearly,2021,Trl,Igc,-0.243708,0.243708,78
H1.W12,yearly,2021,Tvl,Igc,-0.242808,0.242808,79
H1.W12,yearly,2021,qv,Ua,0.223797,0.223797,80
H1.W12,yearly,2021,H,Ua,-0.223539,0.223539,81
H1.W12,yearly,2021,Trl,Ua,0.206671,0.206671,82
H1.W12,yearly,2021,Tvl,Ua,0.195227,0.195227,83
H1.W12,yearly,2021,Sc,rho,-0.190807,0.190807,84
H1.W12,yearly,2021,Tvl,W,-0.183833,0.183833,85
H1.W12,yearly,2021,P,W,-0.183458,0.183458,86
H1.W12,yearly,2021,Dp,Igc,0.180752,0.180752,87
H1.W12,yearly,2021,Dp,Igm,0.180393,0.180393,88
H1.W12,yearly,2021,P,Ua,0.177971,0.177971,89
H1.W12,yearly,2021,W,qv,-0.173606,0.173606,90
H1.W12,yearly,2021,Tdiff,W,-0.173051,0.173051,91
H1.W12,yearly,2021,P,V,-0.171152,0.171152,92
H1.W12,yearly,2021,Trl,W,-0.169707,0.169707,93
H1.W12,yearly,2021,Tvl,V,-0.16928,0.16928,94
H1.W12,yearly,2021,Tdiff,V,-0.163653,0.163653,95
H1.W12,yearly,2021,Ah,Igc,0.162107,0.162107,96
H1.W12,yearly,2021,Ah,Igm,0.161254,0.161254,97
H1.W12,yearly,2021,V,qv,-0.158874,0.158874,98
H1.W12,yearly,2021,Trl,V,-0.155187,0.155187,99
H1.W12,yearly,2021,Tdiff,Igm,-0.153724,0.153724,100
H1.W12,yearly,2021,Tdiff,Igc,-0.15258,0.15258,101
H1.W12,yearly,2021,Sc,Ta,0.117575,0.117575,102
H1.W12,yearly,2021,Dc,rho,-0.115475,0.115475,103
H1.W12,yearly,2021,V,Ua,0.113679,0.113679,104
H1.W12,yearly,2021,Dc,Ua,-0.105175,0.105175,105
H1.W12,yearly,2021,W,Ua,0.104214,0.104214,106
H1.W12,yearly,2021,Dc,Ta,0.093986,0.093986,107
H1.W12,yearly,2021,Ah,Sc,-0.092227,0.092227,108
H1.W12,yearly,2021,Dc,Igm,0.09122,0.09122,109
H1.W12,yearly,2021,Dc,Igc,0.089586,0.089586,110
H1.W12,yearly,2021,Tdiff,Sc,0.085702,0.085702,111
H1.W12,yearly,2021,Tdiff,Ua,0.080473,0.080473,112
H1.W12,yearly,2021,Ah,Ua,0.078701,0.078701,113
H1.W12,yearly,2021,Dc,H,0.072522,0.072522,114
H1.W12,yearly,2021,Dp,Sc,-0.068582,0.068582,115
H1.W12,yearly,2021,V,Sc,-0.067013,0.067013,116
H1.W12,yearly,2021,W,Sc,-0.06592,0.06592,117
H1.W12,yearly,2021,P,Sc,0.065548,0.065548,118
H1.W12,yearly,2021,Tvl,Sc,0.065338,0.065338,119
H1.W12,yearly,2021,Dp,Ua,0.063611,0.063611,120
H1.W12,yearly,2021,qv,Sc,0.055347,0.055347,121
H1.W12,yearly,2021,Dc,Dp,0.055217,0.055217,122
H1.W12,yearly,2021,Trl,Sc,0.054351,0.054351,123
H1.W12,yearly,2021,Ah,Dc,0.041606,0.041606,124
H1.W12,yearly,2021,W,Igm,0.030848,0.030848,125
H1.W12,yearly,2021,W,Igc,0.030808,0.030808,126
H1.W12,yearly,2021,H,Sc,0.024415,0.024415,127
H1.W12,yearly,2021,Trl,Dc,-0.023169,0.023169,128
H1.W12,yearly,2021,Tdiff,Dc,0.022435,0.022435,129
H1.W12,yearly,2021,V,Igm,0.022138,0.022138,130
H1.W12,yearly,2021,V,Igc,0.022099,0.022099,131
H1.W12,yearly,2021,qv,Dc,-0.017864,0.017864,132
H1.W12,yearly,2021,Tvl,Dc,-0.015123,0.015123,133
H1.W12,yearly,2021,P,Dc,0.011266,0.011266,134
H1.W12,yearly,2021,V,Dc,-0.005538,0.005538,135
H1.W12,yearly,2021,W,Dc,-0.004089,0.004089,136
H1.W12,yearly,2022,V,W,0.999761,0.999761,1
H1.W12,yearly,2022,Igc,Igm,0.999111,0.999111,2
H1.W12,yearly,2022,Trl,Tvl,0.992249,0.992249,3
H1.W12,yearly,2022,Ah,Dp,0.97901,0.97901,4
H1.W12,yearly,2022,Ta,rho,-0.960625,0.960625,5
H1.W12,yearly,2022,H,Ta,0.947623,0.947623,6
H1.W12,yearly,2022,P,qv,0.941685,0.941685,7
H1.W12,yearly,2022,H,rho,-0.941202,0.941202,8
H1.W12,yearly,2022,Tvl,qv,0.924038,0.924038,9
H1.W12,yearly,2022,Trl,qv,0.915286,0.915286,10
H1.W12,yearly,2022,Dp,H,0.911456,0.911456,11
H1.W12,yearly,2022,P,Tdiff,0.896252,0.896252,12
H1.W12,yearly,2022,Ah,H,0.88909,0.88909,13
H1.W12,yearly,2022,P,Tvl,0.87316,0.87316,14
H1.W12,yearly,2022,Tdiff,Tvl,0.856437,0.856437,15
H1.W12,yearly,2022,P,Trl,0.830911,0.830911,16
H1.W12,yearly,2022,Tdiff,qv,0.798707,0.798707,17
H1.W12,yearly,2022,Dp,rho,-0.786279,0.786279,18
H1.W12,yearly,2022,Tdiff,Trl,0.7862,0.7862,19
H1.W12,yearly,2022,Dp,Ta,0.750422,0.750422,20
H1.W12,yearly,2022,Ah,rho,-0.735752,0.735752,21
H1.W12,yearly,2022,Ah,Ta,0.696999,0.696999,22
H1.W12,yearly,2022,Ta,Ua,-0.644234,0.644234,23
H1.W12,yearly,2022,Igm,Ua,-0.608181,0.608181,24
H1.W12,yearly,2022,Igc,Ua,-0.599645,0.599645,25
H1.W12,yearly,2022,Ua,rho,0.547399,0.547399,26
H1.W12,yearly,2022,qv,H,-0.545357,0.545357,27
H1.W12,yearly,2022,qv,Ta,-0.539676,0.539676,28
H1.W12,yearly,2022,P,H,-0.534645,0.534645,29
H1.W12,yearly,2022,P,Ta,-0.530412,0.530412,30
H1.W12,yearly,2022,Igm,Ta,0.518042,0.518042,31
H1.W12,yearly,2022,Igc,Ta,0.512387,0.512387,32
H1.W12,yearly,2022,qv,rho,0.509676,0.509676,33
H1.W12,yearly,2022,P,rho,0.492178,0.492178,34
H1.W12,yearly,2022,qv,Dp,-0.477085,0.477085,35
H1.W12,yearly,2022,P,Dp,-0.466591,0.466591,36
H1.W12,yearly,2022,qv,Ah,-0.453674,0.453674,37
H1.W12,yearly,2022,Tdiff,H,-0.452593,0.452593,38
H1.W12,yearly,2022,Igm,rho,-0.446394,0.446394,39
H1.W12,yearly,2022,Tdiff,Ta,-0.445948,0.445948,40
H1.W12,yearly,2022,P,Ah,-0.443946,0.443946,41
H1.W12,yearly,2022,Igc,rho,-0.441216,0.441216,42
H1.W12,yearly,2022,Dc,Sc,0.425368,0.425368,43
H1.W12,yearly,2022,Tdiff,rho,0.408239,0.408239,44
H1.W12,yearly,2022,Tdiff,Dp,-0.395725,0.395725,45
H1.W12,yearly,2022,Tvl,Ta,-0.391198,0.391198,46
H1.W12,yearly,2022,Tvl,H,-0.391115,0.391115,47
H1.W12,yearly,2022,H,Ua,-0.388321,0.388321,48
H1.W12,yearly,2022,Tdiff,Ah,-0.378981,0.378981,49
H1.W12,yearly,2022,H,Igm,0.378564,0.378564,50
H1.W12,yearly,2022,H,Igc,0.37573,0.37573,51
H1.W12,yearly,2022,Tvl,rho,0.366352,0.366352,52
H1.W12,yearly,2022,Trl,Ta,-0.361944,0.361944,53
H1.W12,yearly,2022,Trl,H,-0.360217,0.360217,54
H1.W12,yearly,2022,Tvl,Dp,-0.343353,0.343353,55
H1.W12,yearly,2022,Trl,rho,0.341231,0.341231,56
H1.W12,yearly,2022,Tvl,Ah,-0.319047,0.319047,57
H1.W12,yearly,2022,Trl,Dp,-0.316482,0.316482,58
H1.W12,yearly,2022,Trl,Ah,-0.291434,0.291434,59
H1.W12,yearly,2022,Igm,Sc,0.282528,0.282528,60
H1.W12,yearly,2022,Igc,Sc,0.278203,0.278203,61
H1.W12,yearly,2022,P,Ua,0.269798,0.269798,62
H1.W12,yearly,2022,qv,Ua,0.268957,0.268957,63
H1.W12,yearly,2022,Sc,Ua,-0.250269,0.250269,64
H1.W12,yearly,2022,V,Dp,0.239746,0.239746,65
H1.W12,yearly,2022,V,Ah,0.239699,0.239699,66
H1.W12,yearly,2022,W,Dp,0.23637,0.23637,67
H1.W12,yearly,2022,W,Ah,0.236307,0.236307,68
H1.W12,yearly,2022,P,Igm,-0.231743,0.231743,69
H1.W12,yearly,2022,P,Igc,-0.230726,0.230726,70
H1.W12,yearly,2022,Tdiff,Ua,0.2213,0.2213,71
H1.W12,yearly,2022,W,rho,-0.219794,0.219794,72
H1.W12,yearly,2022,qv,Igm,-0.219332,0.219332,73
H1.W12,yearly,2022,V,Sc,-0.21909,0.21909,74
H1.W12,yearly,2022,qv,Igc,-0.218527,0.218527,75
H1.W12,yearly,2022,V,rho,-0.217277,0.217277,76
H1.W12,yearly,2022,W,Sc,-0.216294,0.216294,77
H1.W12,yearly,2022,W,H,0.19893,0.19893,78
H1.W12,yearly,2022,V,H,0.198679,0.198679,79
H1.W12,yearly,2022,Tvl,Ua,0.192048,0.192048,80
H1.W12,yearly,2022,Trl,Ua,0.177269,0.177269,81
H1.W12,yearly,2022,Sc,rho,-0.173429,0.173429,82
H1.W12,yearly,2022,Tvl,Igm,-0.147224,0.147224,83
H1.W12,yearly,2022,W,Ta,0.146671,0.146671,84
H1.W12,yearly,2022,Tvl,Igc,-0.146362,0.146362,85
H1.W12,yearly,2022,Tdiff,Igm,-0.145517,0.145517,86
H1.W12,yearly,2022,Tdiff,Igc,-0.144232,0.144232,87
H1.W12,yearly,2022,V,Ta,0.144,0.144,88
H1.W12,yearly,2022,Dp,Igc,0.143694,0.143694,89
H1.W12,yearly,2022,Dp,Igm,0.14263,0.14263,90
H1.W12,yearly,2022,Trl,Igm,-0.141561,0.141561,91
H1.W12,yearly,2022,Trl,Igc,-0.140843,0.140843,92
H1.W12,yearly,2022,W,Dc,-0.138206,0.138206,93
H1.W12,yearly,2022,V,Dc,-0.138104,0.138104,94
H1.W12,yearly,2022,Sc,Ta,0.121983,0.121983,95
H1.W12,yearly,2022,Dc,rho,-0.120156,0.120156,96
H1.W12,yearly,2022,Dc,Dp,0.117326,0.117326,97
H1.W12,yearly,2022,Dc,H,0.112106,0.112106,98
H1.W12,yearly,2022,Dc,Ta,0.110176,0.110176,99
H1.W12,yearly,2022,Ah,Igc,0.10724,0.10724,100
H1.W12,yearly,2022,Ah,Igm,0.105413,0.105413,101
H1.W12,yearly,2022,Ah,Dc,0.094048,0.094048,102
H1.W12,yearly,2022,P,Sc,0.090874,0.090874,103
H1.W12,yearly,2022,Tdiff,Sc,0.088555,0.088555,104
H1.W12,yearly,2022,qv,Sc,0.088408,0.088408,105
H1.W12,yearly,2022,V,Ua,0.081192,0.081192,106
H1.W12,yearly,2022,W,qv,-0.080451,0.080451,107
H1.W12,yearly,2022,V,qv,-0.077325,0.077325,108
H1.W12,yearly,2022,P,W,-0.075614,0.075614,109
H1.W12,yearly,2022,P,V,-0.072682,0.072682,110
H1.W12,yearly,2022,W,Ua,0.072335,0.072335,111
H1.W12,yearly,2022,Ah,Sc,-0.070976,0.070976,112
H1.W12,yearly,2022,Tvl,Sc,0.067645,0.067645,113
H1.W12,yearly,2022,qv,Dc,-0.060483,0.060483,114
H1.W12,yearly,2022,Trl,Sc,0.059693,0.059693,115
H1.W12,yearly,2022,Dc,Igm,0.05866,0.05866,116
H1.W12,yearly,2022,Ah,Ua,0.057039,0.057039,117
H1.W12,yearly,2022,Dc,Igc,0.056251,0.056251,118
H1.W12,yearly,2022,Dc,Ua,-0.054794,0.054794,119
H1.W12,yearly,2022,P,Dc,-0.051269,0.051269,120
H1.W12,yearly,2022,Trl,Dc,-0.049418,0.049418,121
H1.W12,yearly,2022,Tvl,Dc,-0.048837,0.048837,122
H1.W12,yearly,2022,H,Sc,0.048129,0.048129,123
H1.W12,yearly,2022,Dp,Sc,-0.038425,0.038425,124
H1.W12,yearly,2022,Tdiff,Dc,-0.037813,0.037813,125
H1.W12,yearly,2022,W,Igm,0.023882,0.023882,126
H1.W12,yearly,2022,W,Igc,0.023786,0.023786,127
H1.W12,yearly,2022,V,Igm,0.019157,0.019157,128
H1.W12,yearly,2022,V,Igc,0.019062,0.019062,129
H1.W12,yearly,2022,Tdiff,W,-0.004722,0.004722,130
H1.W12,yearly,2022,Dp,Ua,0.003813,0.003813,131
H1.W12,yearly,2022,Tvl,W,-0.003757,0.003757,132
H1.W12,yearly,2022,Trl,W,-0.003486,0.003486,133
H1.W12,yearly,2022,Tdiff,V,-0.002499,0.002499,134
H1.W12,yearly,2022,Tvl,V,-0.001432,0.001432,135
H1.W12,yearly,2022,Trl,V,-0.001232,0.001232,136
H1.W12,yearly,2023,Igc,Igm,0.999076,0.999076,1
H1.W12,yearly,2023,V,W,0.997398,0.997398,2
H1.W12,yearly,2023,Trl,Tvl,0.979921,0.979921,3
H1.W12,yearly,2023,Ah,Dp,0.978028,0.978028,4
H1.W12,yearly,2023,H,Ta,0.948166,0.948166,5
H1.W12,yearly,2023,Ta,rho,-0.943444,0.943444,6
H1.W12,yearly,2023,Dp,H,0.941159,0.941159,7
H1.W12,yearly,2023,Ah,H,0.92545,0.92545,8
H1.W12,yearly,2023,H,rho,-0.924199,0.924199,9
H1.W12,yearly,2023,P,qv,0.894706,0.894706,10
H1.W12,yearly,2023,Tvl,qv,0.891783,0.891783,11
H1.W12,yearly,2023,Trl,qv,0.890588,0.890588,12
H1.W12,yearly,2023,Dp,rho,-0.828248,0.828248,13
H1.W12,yearly,2023,P,Tvl,0.824136,0.824136,14
H1.W12,yearly,2023,Dp,Ta,0.80791,0.80791,15
H1.W12,yearly,2023,P,Tdiff,0.79565,0.79565,16
H1.W12,yearly,2023,Ah,rho,-0.77315,0.77315,17
H1.W12,yearly,2023,Ah,Ta,0.757801,0.757801,18
H1.W12,yearly,2023,P,Trl,0.749712,0.749712,19
H1.W12,yearly,2023,Tdiff,Tvl,0.725539,0.725539,20
H1.W12,yearly,2023,qv,Ta,-0.635779,0.635779,21
H1.W12,yearly,2023,Igm,Ua,-0.628264,0.628264,22
H1.W12,yearly,2023,Igc,Ua,-0.619241,0.619241,23
H1.W12,yearly,2023,P,Ta,-0.613783,0.613783,24
H1.W12,yearly,2023,qv,H,-0.612539,0.612539,25
H1.W12,yearly,2023,P,H,-0.590862,0.590862,26
H1.W12,yearly,2023,qv,rho,0.588579,0.588579,27
H1.W12,yearly,2023,Tdiff,qv,0.587459,0.587459,28
H1.W12,yearly,2023,P,rho,0.583093,0.583093,29
H1.W12,yearly,2023,Tdiff,Trl,0.574035,0.574035,30
H1.W12,yearly,2023,Ta,Ua,-0.561855,0.561855,31
H1.W12,yearly,2023,Tvl,Ta,-0.550016,0.550016,32
H1.W12,yearly,2023,Tvl,H,-0.531991,0.531991,33
H1.W12,yearly,2023,Tvl,rho,0.530348,0.530348,34
H1.W12,yearly,2023,Trl,Ta,-0.518333,0.518333,35
H1.W12,yearly,2023,qv,Dp,-0.50214,0.50214,36
H1.W12,yearly,2023,Trl,H,-0.501363,0.501363,37
H1.W12,yearly,2023,Igm,Ta,0.501012,0.501012,38
H1.W12,yearly,2023,qv,Ah,-0.498911,0.498911,39
H1.W12,yearly,2023,Trl,rho,0.498535,0.498535,40
H1.W12,yearly,2023,Igc,Ta,0.495641,0.495641,41
H1.W12,yearly,2023,P,Dp,-0.494409,0.494409,42
H1.W12,yearly,2023,P,Ah,-0.482396,0.482396,43
H1.W12,yearly,2023,Tdiff,Ta,-0.469114,0.469114,44
H1.W12,yearly,2023,Tdiff,rho,0.457028,0.457028,45
H1.W12,yearly,2023,Tdiff,H,-0.45346,0.45346,46
H1.W12,yearly,2023,Ua,rho,0.438973,0.438973,47
H1.W12,yearly,2023,Tvl,Ah,-0.431954,0.431954,48
H1.W12,yearly,2023,Tvl,Dp,-0.424676,0.424676,49
H1.W12,yearly,2023,Dc,Sc,0.415874,0.415874,50
H1.W12,yearly,2023,Trl,Ah,-0.407021,0.407021,51
H1.W12,yearly,2023,Igm,rho,-0.404063,0.404063,52
H1.W12,yearly,2023,Trl,Dp,-0.399455,0.399455,53
H1.W12,yearly,2023,Igc,rho,-0.399131,0.399131,54
H1.W12,yearly,2023,qv,Ua,0.387005,0.387005,55
H1.W12,yearly,2023,Tdiff,Ah,-0.368093,0.368093,56
H1.W12,yearly,2023,P,Ua,0.366549,0.366549,57
H1.W12,yearly,2023,Tdiff,Dp,-0.364541,0.364541,58
H1.W12,yearly,2023,H,Igm,0.352129,0.352129,59
H1.W12,yearly,2023,H,Igc,0.349482,0.349482,60
H1.W12,yearly,2023,Tvl,Ua,0.348571,0.348571,61
H1.W12,yearly,2023,qv,Igm,-0.33282,0.33282,62
H1.W12,yearly,2023,qv,Igc,-0.331253,0.331253,63
H1.W12,yearly,2023,Trl,Ua,0.328297,0.328297,64
H1.W12,yearly,2023,P,Igm,-0.307067,0.307067,65
H1.W12,yearly,2023,P,Igc,-0.30526,0.30526,66
H1.W12,yearly,2023,Tdiff,Ua,0.298036,0.298036,67
H1.W12,yearly,2023,H,Ua,-0.295355,0.295355,68
H1.W12,yearly,2023,Trl,Igm,-0.258171,0.258171,69
H1.W12,yearly,2023,Trl,Igc,-0.256323,0.256323,70
H1.W12,yearly,2023,Tvl,Igm,-0.254826,0.254826,71
H1.W12,yearly,2023,V,Dp,0.252431,0.252431,72
H1.W12,yearly,2023,Tvl,Igc,-0.252249,0.252249,73
H1.W12,yearly,2023,Sc,Ua,-0.240099,0.240099,74
H1.W12,yearly,2023,Igm,Sc,0.239085,0.239085,75
H1.W12,yearly,2023,Igc,Sc,0.2354,0.2354,76
H1.W12,yearly,2023,V,Ah,0.227993,0.227993,77
H1.W12,yearly,2023,V,rho,-0.225054,0.225054,78
H1.W12,yearly,2023,W,Dp,0.211901,0.211901,79
H1.W12,yearly,2023,V,H,0.203033,0.203033,80
H1.W12,yearly,2023,W,rho,-0.189578,0.189578,81
H1.W12,yearly,2023,W,Ah,0.187722,0.187722,82
H1.W12,yearly,2023,W,H,0.161625,0.161625,83
H1.W12,yearly,2023,V,Ta,0.160646,0.160646,84
H1.W12,yearly,2023,Tdiff,Igm,-0.154533,0.154533,85
H1.W12,yearly,2023,Dp,Igc,0.151924,0.151924,86
H1.W12,yearly,2023,Dp,Igm,0.151301,0.151301,87
H1.W12,yearly,2023,Tdiff,Igc,-0.150297,0.150297,88
H1.W12,yearly,2023,Sc,rho,-0.134426,0.134426,89
H1.W12,yearly,2023,Ah,Sc,-0.134369,0.134369,90
H1.W12,yearly,2023,Tdiff,W,0.132708,0.132708,91
H1.W12,yearly,2023,Ah,Igc,0.122984,0.122984,92
H1.W12,yearly,2023,W,Ta,0.122882,0.122882,93
H1.W12,yearly,2023,Ah,Igm,0.12185,0.12185,94
H1.W12,yearly,2023,Tdiff,V,0.120574,0.120574,95
H1.W12,yearly,2023,P,W,0.111083,0.111083,96
H1.W12,yearly,2023,W,Ua,0.108699,0.108699,97
H1.W12,yearly,2023,V,Ua,0.101817,0.101817,98
H1.W12,yearly,2023,P,V,0.088698,0.088698,99
H1.W12,yearly,2023,Dp,Sc,-0.086909,0.086909,100
H1.W12,yearly,2023,Ah,Ua,0.07073,0.07073,101
H1.W12,yearly,2023,W,qv,0.06576,0.06576,102
H1.W12,yearly,2023,Sc,Ta,0.057457,0.057457,103
H1.W12,yearly,2023,Dc,rho,-0.048647,0.048647,104
H1.W12,yearly,2023,W,Dc,0.044464,0.044464,105
H1.W12,yearly,2023,V,qv,0.043088,0.043088,106
H1.W12,yearly,2023,Tvl,W,0.038885,0.038885,107
H1.W12,yearly,2023,V,Dc,0.038591,0.038591,108
H1.W12,yearly,2023,H,Sc,-0.030548,0.030548,109
H1.W12,yearly,2023,qv,Sc,0.027876,0.027876,110
H1.W12,yearly,2023,W,Igc,-0.027563,0.027563,111
H1.W12,yearly,2023,W,Igm,-0.027295,0.027295,112
H1.W12,yearly,2023,Tdiff,Dc,-0.026997,0.026997,113
H1.W12,yearly,2023,Tvl,V,0.024097,0.024097,114
H1.W12,yearly,2023,Dc,Igc,-0.022453,0.022453,115
H1.W12,yearly,2023,Dp,Ua,0.021533,0.021533,116
H1.W12,yearly,2023,P,Sc,0.019964,0.019964,117
H1.W12,yearly,2023,Dc,Igm,-0.019051,0.019051,118
H1.W12,yearly,2023,V,Igc,-0.016881,0.016881,119
H1.W12,yearly,2023,V,Igm,-0.016594,0.016594,120
H1.W12,yearly,2023,Tvl,Dc,-0.016414,0.016414,121
H1.W12,yearly,2023,Dc,Dp,0.012539,0.012539,122
H1.W12,yearly,2023,qv,Dc,0.012312,0.012312,123
H1.W12,yearly,2023,Trl,Dc,-0.011762,0.011762,124
H1.W12,yearly,2023,W,Sc,0.011749,0.011749,125
H1.W12,yearly,2023,Tdiff,Sc,-0.011087,0.011087,126
H1.W12,yearly,2023,Trl,V,-0.008299,0.008299,127
H1.W12,yearly,2023,Ah,Dc,-0.007114,0.007114,128
H1.W12,yearly,2023,Tvl,Sc,-0.006427,0.006427,129
H1.W12,yearly,2023,Dc,H,-0.006075,0.006075,130
H1.W12,yearly,2023,Trl,W,0.005715,0.005715,131
H1.W12,yearly,2023,P,Dc,0.005554,0.005554,132
H1.W12,yearly,2023,Dc,Ta,-0.005251,0.005251,133
H1.W12,yearly,2023,Trl,Sc,-0.00456,0.00456,134
H1.W12,yearly,2023,V,Sc,-0.004154,0.004154,135
H1.W12,yearly,2023,Dc,Ua,0.003068,0.003068,136
